time_s,leader_x_m,leader_y_m,leader_vx_map_ms,leader_vy_map_ms,leader_v_ms,leader_yaw_rad,leader_omega_rads,follower_x_m,follower_y_m,follower_vx_map_ms,follower_vy_map_ms,follower_v_ms,follower_yaw_rad,follower_omega_rads,distance_m
0.0000,0.1166,1.7323,-0.2937,-0.1861,0.3477,0.0969,-0.0076,-2.1884,1.9189,0.3279,-0.0228,0.3287,-0.0846,0.0103,2.3125
0.0197,0.1166,1.7323,-0.2937,-0.1861,0.3477,0.0969,-0.0076,-2.1853,1.9186,0.3306,-0.0246,0.3315,-0.0844,0.0120,2.3094
0.0294,0.1140,1.7308,-0.2941,-0.1865,0.3483,0.0952,-0.0086,-2.1819,1.9182,0.3328,-0.0257,0.3338,-0.0835,-0.0034,2.3036
0.0299,0.1118,1.7295,-0.2941,-0.1865,0.3483,0.0937,-0.0086,-2.1791,1.9179,0.3328,-0.0257,0.3338,-0.0830,-0.0034,2.2986
0.0494,0.1097,1.7283,-0.2937,-0.1860,0.3476,0.0925,-0.0075,-2.1760,1.9176,0.3374,-0.0278,0.3385,-0.0825,-0.0015,2.2935
0.0497,0.1071,1.7268,-0.2937,-0.1860,0.3476,0.0908,-0.0075,-2.1726,1.9171,0.3374,-0.0278,0.3385,-0.0811,-0.0015,2.2876
0.0594,0.1049,1.7255,-0.2933,-0.1854,0.3470,0.0895,-0.0074,-2.1696,1.9168,0.3417,-0.0298,0.3430,-0.0798,0.0135,2.2825
0.0597,0.1024,1.7240,-0.2933,-0.1854,0.3470,0.0881,-0.0074,-2.1663,1.9164,0.3438,-0.0306,0.3451,-0.0781,0.0150,2.2769
0.0798,0.0998,1.7223,-0.2930,-0.1852,0.3466,0.0863,-0.0070,-2.1628,1.9159,0.3450,-0.0317,0.3464,-0.0769,0.0123,2.2709
0.0803,0.0975,1.7211,-0.2930,-0.1852,0.3466,0.0851,-0.0070,-2.1597,1.9156,0.3450,-0.0317,0.3464,-0.0766,0.0123,2.2656
0.0895,0.0955,1.7199,-0.2933,-0.1849,0.3467,0.0840,-0.0066,-2.1567,1.9152,0.3489,-0.0337,0.3505,-0.0763,0.0114,2.2606
0.0898,0.0930,1.7184,-0.2933,-0.1849,0.3467,0.0824,-0.0066,-2.1534,1.9147,0.3494,-0.0345,0.3511,-0.0758,0.0141,2.2550
0.1096,0.0906,1.7168,-0.2922,-0.1836,0.3450,0.0806,-0.0094,-2.1501,1.9142,0.3504,-0.0355,0.3522,-0.0737,0.0108,2.2494
0.1099,0.0882,1.7153,-0.2922,-0.1836,0.3450,0.0783,-0.0094,-2.1467,1.9136,0.3504,-0.0355,0.3522,-0.0724,0.0108,2.2437
0.1296,0.0859,1.7139,-0.2941,-0.1845,0.3472,0.0765,-0.0105,-2.1436,1.9132,0.3559,-0.0376,0.3579,-0.0713,0.0156,2.2384
0.1299,0.0836,1.7126,-0.2941,-0.1845,0.3472,0.0747,-0.0105,-2.1403,1.9128,0.3559,-0.0376,0.3579,-0.0707,0.0156,2.2330
0.1498,0.0813,1.7112,-0.2916,-0.1816,0.3435,0.0731,-0.0129,-2.1370,1.9124,0.3570,-0.0392,0.3592,-0.0701,0.0161,2.2274
0.1502,0.0790,1.7097,-0.2919,-0.1814,0.3437,0.0712,-0.0149,-2.1336,1.9121,0.3586,-0.0398,0.3608,-0.0686,0.0148,2.2218
0.1599,0.0765,1.7081,-0.2918,-0.1814,0.3436,0.0694,-0.0147,-2.1297,1.9116,0.3604,-0.0405,0.3627,-0.0671,0.0150,2.2156
0.1605,0.0746,1.7069,-0.2918,-0.1814,0.3436,0.0679,-0.0147,-2.1269,1.9113,0.3629,-0.0414,0.3653,-0.0665,0.0205,2.2109
0.1797,0.0720,1.7053,-0.2904,-0.1805,0.3419,0.0660,-0.0124,-2.1231,1.9108,0.3629,-0.0415,0.3653,-0.0651,0.0170,2.2046
0.1800,0.0700,1.7042,-0.2904,-0.1805,0.3419,0.0643,-0.0124,-2.1202,1.9104,0.3629,-0.0415,0.3653,-0.0650,0.0170,2.1998
0.1895,0.0676,1.7029,-0.2899,-0.1798,0.3411,0.0621,-0.0121,-2.1168,1.9100,0.3664,-0.0424,0.3688,-0.0644,0.0209,2.1942
0.1898,0.0655,1.7018,-0.2899,-0.1798,0.3411,0.0606,-0.0121,-2.1138,1.9096,0.3664,-0.0424,0.3688,-0.0638,0.0209,2.1893
0.2098,0.0631,1.7004,-0.2894,-0.1785,0.3401,0.0588,-0.0157,-2.1103,1.9092,0.3686,-0.0432,0.3711,-0.0633,0.0126,2.1834
0.2101,0.0609,1.6991,-0.2894,-0.1785,0.3401,0.0571,-0.0157,-2.1068,1.9088,0.3686,-0.0432,0.3711,-0.0626,0.0126,2.1779
0.2194,0.0586,1.6977,-0.2892,-0.1777,0.3394,0.0557,-0.0192,-2.1036,1.9083,0.3718,-0.0440,0.3744,-0.0613,0.0053,2.1725
0.2196,0.0562,1.6961,-0.2892,-0.1777,0.3394,0.0539,-0.0192,-2.1000,1.9078,0.3718,-0.0440,0.3744,-0.0602,0.0053,2.1666
0.2395,0.0541,1.6948,-0.2891,-0.1777,0.3394,0.0527,-0.0180,-2.0969,1.9075,0.3748,-0.0452,0.3775,-0.0589,0.0011,2.1615
0.2399,0.0518,1.6934,-0.2891,-0.1777,0.3394,0.0513,-0.0180,-2.0933,1.9071,0.3748,-0.0452,0.3775,-0.0570,0.0011,2.1557
0.2598,0.0498,1.6922,-0.2880,-0.1770,0.3380,0.0503,-0.0128,-2.0902,1.9068,0.3770,-0.0456,0.3797,-0.0556,0.0018,2.1507
0.2601,0.0477,1.6909,-0.2880,-0.1770,0.3380,0.0488,-0.0128,-2.0867,1.9065,0.3770,-0.0456,0.3797,-0.0546,0.0018,2.1452
0.2797,0.0454,1.6895,-0.2856,-0.1750,0.3349,0.0475,-0.0115,-2.0832,1.9060,0.3780,-0.0456,0.3808,-0.0539,0.0013,2.1397
0.2801,0.0435,1.6882,-0.2856,-0.1750,0.3349,0.0467,-0.0115,-2.0801,1.9056,0.3802,-0.0460,0.3830,-0.0527,0.0017,2.1347
0.2894,0.0414,1.6869,-0.2843,-0.1740,0.3333,0.0455,-0.0107,-2.0769,1.9053,0.3792,-0.0458,0.3820,-0.0520,0.0017,2.1296
0.2897,0.0394,1.6855,-0.2843,-0.1740,0.3333,0.0446,-0.0107,-2.0737,1.9049,0.3792,-0.0458,0.3820,-0.0503,0.0017,2.1245
0.3096,0.0373,1.6841,-0.2834,-0.1742,0.3326,0.0435,-0.0071,-2.0705,1.9045,0.3819,-0.0461,0.3847,-0.0491,0.0038,2.1193
0.3098,0.0349,1.6826,-0.2834,-0.1742,0.3326,0.0418,-0.0071,-2.0668,1.9042,0.3819,-0.0461,0.3847,-0.0456,0.0038,2.1134
0.3294,0.0328,1.6812,-0.2817,-0.1737,0.3309,0.0400,0.0068,-2.0634,1.9039,0.3836,-0.0462,0.3863,-0.0433,0.0077,2.1080
0.3297,0.0308,1.6800,-0.2817,-0.1737,0.3309,0.0384,0.0068,-2.0602,1.9036,0.3836,-0.0462,0.3863,-0.0412,0.0077,2.1030
0.3396,0.0284,1.6785,-0.2799,-0.1724,0.3287,0.0367,0.0090,-2.0566,1.9032,0.3857,-0.0463,0.3885,-0.0397,0.0017,2.0971
0.3401,0.0263,1.6772,-0.2799,-0.1724,0.3287,0.0350,0.0090,-2.0532,1.9028,0.3857,-0.0463,0.3885,-0.0378,0.0017,2.0917
0.3596,0.0243,1.6759,-0.2786,-0.1709,0.3269,0.0335,0.0041,-2.0500,1.9024,0.3875,-0.0465,0.3903,-0.0362,-0.0021,2.0866
0.3599,0.0224,1.6748,-0.2786,-0.1709,0.3269,0.0328,0.0041,-2.0468,1.9022,0.3875,-0.0465,0.3903,-0.0343,-0.0021,2.0817
0.3697,0.0203,1.6735,-0.2770,-0.1698,0.3249,0.0318,0.0019,-2.0434,1.9018,0.3888,-0.0468,0.3916,-0.0332,-0.0019,2.0763
0.3701,0.0180,1.6721,-0.2770,-0.1698,0.3249,0.0307,0.0019,-2.0397,1.9015,0.3888,-0.0468,0.3916,-0.0311,-0.0019,2.0705
0.3899,0.0160,1.6707,-0.2762,-0.1697,0.3242,0.0299,0.0023,-2.0364,1.9012,0.3912,-0.0470,0.3940,-0.0301,-0.0005,2.0653
0.3902,0.0141,1.6694,-0.2752,-0.1694,0.3231,0.0291,0.0038,-2.0331,1.9010,0.3918,-0.0470,0.3946,-0.0293,-0.0004,2.0603
0.4098,0.0121,1.6680,-0.2738,-0.1690,0.3218,0.0281,0.0056,-2.0297,1.9007,0.3928,-0.0468,0.3956,-0.0284,0.0002,2.0550
0.4102,0.0101,1.6667,-0.2738,-0.1690,0.3218,0.0269,0.0056,-2.0264,1.9004,0.3928,-0.0468,0.3956,-0.0285,0.0002,2.0499
0.4196,0.0085,1.6657,-0.2719,-0.1684,0.3198,0.0255,0.0126,-2.0234,1.9002,0.3937,-0.0467,0.3965,-0.0274,0.0024,2.0454
0.4202,0.0063,1.6643,-0.2719,-0.1684,0.3198,0.0236,0.0126,-2.0199,1.8998,0.3937,-0.0467,0.3965,-0.0258,0.0024,2.0398
0.4403,0.0044,1.6632,-0.2694,-0.1666,0.3168,0.0226,0.0159,-2.0166,1.8995,0.3935,-0.0458,0.3962,-0.0247,0.0006,2.0347
0.4494,0.0024,1.6619,-0.2694,-0.1664,0.3166,0.0215,0.0162,-2.0132,1.8990,0.3950,-0.0458,0.3977,-0.0233,-0.0003,2.0295
0.4497,0.0007,1.6609,-0.2694,-0.1664,0.3166,0.0210,0.0162,-2.0100,1.8987,0.3945,-0.0457,0.3972,-0.0220,-0.0001,2.0247
0.4697,-0.0014,1.6595,-0.2670,-0.1648,0.3137,0.0207,0.0172,-2.0065,1.8983,0.3953,-0.0456,0.3980,-0.0214,-0.0018,2.0193
0.4702,-0.0033,1.6584,-0.2670,-0.1648,0.3137,0.0204,0.0172,-2.0032,1.8981,0.3953,-0.0456,0.3980,-0.0206,-0.0018,2.0142
0.4899,-0.0054,1.6570,-0.2645,-0.1634,0.3109,0.0201,0.0185,-1.9998,1.8977,0.3960,-0.0451,0.3986,-0.0194,-0.0022,2.0089
0.4903,-0.0071,1.6559,-0.2643,-0.1635,0.3108,0.0196,0.0189,-1.9965,1.8974,0.3960,-0.0451,0.3986,-0.0181,-0.0022,2.0039
0.5097,-0.0092,1.6547,-0.2631,-0.1627,0.3094,0.0194,0.0194,-1.9931,1.8969,0.3975,-0.0450,0.4001,-0.0163,-0.0032,1.9986
0.5102,-0.0114,1.6533,-0.2631,-0.1627,0.3094,0.0189,0.0194,-1.9894,1.8965,0.3975,-0.0450,0.4001,-0.0137,-0.0032,1.9929
0.5198,-0.0132,1.6522,-0.2607,-0.1610,0.3064,0.0185,0.0189,-1.9863,1.8961,0.3980,-0.0450,0.4005,-0.0120,-0.0032,1.9882
0.5296,-0.0153,1.6509,-0.2595,-0.1602,0.3050,0.0178,0.0190,-1.9828,1.8957,0.3979,-0.0449,0.4004,-0.0104,0.0117,1.9827
0.5298,-0.0170,1.6498,-0.2595,-0.1602,0.3050,0.0172,0.0190,-1.9800,1.8954,0.3979,-0.0449,0.4004,-0.0091,0.0117,1.9783
0.5495,-0.0188,1.6487,-0.2576,-0.1594,0.3029,0.0166,0.0190,-1.9768,1.8951,0.3982,-0.0450,0.4007,-0.0082,0.0110,1.9734
0.5499,-0.0209,1.6473,-0.2576,-0.1594,0.3029,0.0158,0.0190,-1.9732,1.8947,0.3982,-0.0450,0.4007,-0.0074,0.0110,1.9680
0.5596,-0.0230,1.6459,-0.2559,-0.1590,0.3013,0.0151,0.0194,-1.9699,1.8942,0.3987,-0.0449,0.4013,-0.0056,0.0076,1.9626
0.5598,-0.0249,1.6447,-0.2558,-0.1591,0.3012,0.0145,0.0195,-1.9666,1.8938,0.3987,-0.0449,0.4013,-0.0046,0.0076,1.9576
0.5696,-0.0268,1.6436,-0.2546,-0.1585,0.2999,0.0139,0.0201,-1.9635,1.8934,0.3994,-0.0452,0.4019,-0.0033,0.0042,1.9528
0.5701,-0.0289,1.6422,-0.2546,-0.1585,0.2999,0.0131,0.0201,-1.9599,1.8929,0.3987,-0.0451,0.4012,-0.0017,0.0058,1.9471
0.5896,-0.0310,1.6409,-0.2529,-0.1577,0.2981,0.0122,0.0225,-1.9563,1.8924,0.3996,-0.0454,0.4022,0.0003,0.0058,1.9417
0.5899,-0.0328,1.6396,-0.2529,-0.1577,0.2981,0.0111,0.0225,-1.9528,1.8919,0.4007,-0.0457,0.4033,0.0028,0.0047,1.9365
0.6096,-0.0346,1.6385,-0.2517,-0.1575,0.2969,0.0107,0.0271,-1.9497,1.8916,0.4012,-0.0456,0.4038,0.0043,-0.0008,1.9318
0.6198,-0.0365,1.6372,-0.2504,-0.1566,0.2953,0.0098,0.0281,-1.9461,1.8912,0.4008,-0.0451,0.4034,0.0065,-0.0049,1.9264
0.6201,-0.0379,1.6363,-0.2504,-0.1566,0.2953,0.0093,0.0281,-1.9434,1.8909,0.4008,-0.0451,0.4034,0.0078,-0.0049,1.9224
0.6295,-0.0397,1.6350,-0.2476,-0.1553,0.2923,0.0090,0.0283,-1.9399,1.8904,0.4005,-0.0445,0.4030,0.0091,-0.0060,1.9173
0.6298,-0.0415,1.6338,-0.2476,-0.1553,0.2923,0.0085,0.0283,-1.9364,1.8899,0.4005,-0.0445,0.4030,0.0103,-0.0060,1.9122
0.6493,-0.0435,1.6323,-0.2455,-0.1548,0.2902,0.0078,0.0282,-1.9325,1.8892,0.4013,-0.0450,0.4038,0.0122,-0.0043,1.9064
0.6495,-0.0452,1.6309,-0.2455,-0.1548,0.2902,0.0076,0.0282,-1.9292,1.8887,0.4013,-0.0450,0.4038,0.0128,-0.0043,1.9015
0.6596,-0.0466,1.6299,-0.2433,-0.1543,0.2881,0.0073,0.0244,-1.9262,1.8883,0.4011,-0.0458,0.4037,0.0139,0.0044,1.8972
0.6599,-0.0485,1.6285,-0.2423,-0.1540,0.2871,0.0072,0.0220,-1.9224,1.8876,0.4014,-0.0461,0.4041,0.0145,0.0105,1.8917
0.6796,-0.0501,1.6273,-0.2410,-0.1537,0.2859,0.0073,0.0200,-1.9194,1.8872,0.4013,-0.0463,0.4039,0.0160,0.0068,1.8873
0.6799,-0.0519,1.6259,-0.2403,-0.1538,0.2853,0.0069,0.0203,-1.9158,1.8866,0.4015,-0.0466,0.4042,0.0174,0.0084,1.8820
0.6998,-0.0535,1.6248,-0.2390,-0.1540,0.2843,0.0067,0.0232,-1.9127,1.8861,0.4021,-0.0467,0.4048,0.0190,0.0081,1.8775
0.7001,-0.0550,1.6238,-0.2390,-0.1540,0.2843,0.0067,0.0232,-1.9096,1.8857,0.4021,-0.0467,0.4048,0.0204,0.0081,1.8730
0.7197,-0.0566,1.6225,-0.2363,-0.1533,0.2817,0.0065,0.0279,-1.9060,1.8851,0.4014,-0.0471,0.4041,0.0224,0.0087,1.8679
0.7199,-0.0582,1.6214,-0.2363,-0.1533,0.2817,0.0062,0.0279,-1.9024,1.8847,0.4014,-0.0471,0.4041,0.0239,0.0087,1.8629
0.7295,-0.0597,1.6201,-0.2336,-0.1526,0.2791,0.0055,0.0275,-1.8988,1.8841,0.4025,-0.0473,0.4053,0.0260,0.0060,1.8579
0.7298,-0.0615,1.6188,-0.2336,-0.1526,0.2791,0.0048,0.0275,-1.8952,1.8835,0.4025,-0.0473,0.4053,0.0273,0.0060,1.8527
0.7498,-0.0641,1.6167,-0.2299,-0.1517,0.2755,0.0043,0.0099,-1.8920,1.8830,0.4033,-0.0479,0.4062,0.0281,0.0005,1.8471
0.7501,-0.0641,1.6167,-0.2299,-0.1517,0.2755,0.0043,0.0099,-1.8897,1.8828,0.4033,-0.0479,0.4062,0.0286,0.0005,1.8449
0.7598,-0.0660,1.6152,-0.2279,-0.1509,0.2734,0.0039,0.0078,-1.8860,1.8823,0.4008,-0.0482,0.4037,0.0288,-0.0002,1.8395
0.7601,-0.0675,1.6140,-0.2279,-0.1509,0.2734,0.0037,0.0078,-1.8833,1.8818,0.4008,-0.0482,0.4037,0.0299,-0.0002,1.8355
0.7795,-0.0691,1.6126,-0.2258,-0.1510,0.2716,0.0035,0.0067,-1.8800,1.8813,0.3998,-0.0484,0.4028,0.0317,0.0003,1.8307
0.7798,-0.0705,1.6114,-0.2258,-0.1510,0.2716,0.0031,0.0067,-1.8770,1.8807,0.3998,-0.0484,0.4028,0.0328,0.0003,1.8264
0.7996,-0.0722,1.6099,-0.2239,-0.1509,0.2700,0.0025,0.0036,-1.8733,1.8801,0.4000,-0.0491,0.4030,0.0344,0.0011,1.8213
0.7999,-0.0735,1.6088,-0.2239,-0.1509,0.2700,0.0021,0.0036,-1.8702,1.8796,0.4008,-0.0497,0.4039,0.0352,0.0031,1.8171
0.8098,-0.0748,1.6075,-0.2215,-0.1507,0.2679,0.0018,0.0001,-1.8670,1.8791,0.4006,-0.0499,0.4037,0.0360,0.0038,1.8126
0.8102,-0.0763,1.6061,-0.2194,-0.1501,0.2659,0.0014,-0.0043,-1.8636,1.8785,0.3998,-0.0502,0.4029,0.0374,0.0085,1.8079
0.8299,-0.0792,1.6032,-0.2168,-0.1503,0.2638,0.0002,-0.0057,-1.8603,1.8780,0.3997,-0.0508,0.4030,0.0392,0.0127,1.8021
0.8302,-0.0792,1.6032,-0.2168,-0.1503,0.2638,0.0002,-0.0057,-1.8567,1.8773,0.3999,-0.0513,0.4032,0.0411,0.0154,1.7985
0.8496,-0.0806,1.6019,-0.2153,-0.1505,0.2627,-0.0008,-0.0054,-1.8535,1.8768,0.3998,-0.0517,0.4032,0.0445,0.0185,1.7941
0.8500,-0.0818,1.6008,-0.2153,-0.1505,0.2627,-0.0016,-0.0054,-1.8503,1.8764,0.3998,-0.0517,0.4032,0.0454,0.0185,1.7898
0.8595,-0.0829,1.5996,-0.2122,-0.1503,0.2600,-0.0020,-0.0043,-1.8475,1.8761,0.3995,-0.0520,0.4028,0.0473,0.0207,1.7861
0.8600,-0.0844,1.5981,-0.2122,-0.1503,0.2600,-0.0025,-0.0043,-1.8438,1.8755,0.3995,-0.0520,0.4028,0.0490,0.0207,1.7811
0.8794,-0.0858,1.5966,-0.2094,-0.1509,0.2581,-0.0029,-0.0051,-1.8406,1.8749,0.3992,-0.0527,0.4026,0.0510,0.0203,1.7767
0.8797,-0.0873,1.5951,-0.2094,-0.1509,0.2581,-0.0030,-0.0051,-1.8371,1.8743,0.3992,-0.0527,0.4026,0.0530,0.0203,1.7719
0.8999,-0.0885,1.5938,-0.2067,-0.1513,0.2561,-0.0035,-0.0064,-1.8339,1.8739,0.3986,-0.0538,0.4022,0.0544,0.0235,1.7678
0.9003,-0.0897,1.5923,-0.2053,-0.1513,0.2550,-0.0041,-0.0079,-1.8306,1.8735,0.3983,-0.0541,0.4020,0.0567,0.0225,1.7634
0.9198,-0.0912,1.5907,-0.2037,-0.1513,0.2537,-0.0047,-0.0108,-1.8269,1.8730,0.3983,-0.0545,0.4020,0.0584,0.0175,1.7585
0.9202,-0.0923,1.5895,-0.2037,-0.1513,0.2537,-0.0055,-0.0108,-1.8242,1.8726,0.3990,-0.0549,0.4027,0.0603,0.0138,1.7549
0.9297,-0.0938,1.5877,-0.2015,-0.1524,0.2526,-0.0068,-0.0143,-1.8204,1.8721,0.3985,-0.0552,0.4023,0.0614,0.0138,1.7498
0.9299,-0.0951,1.5862,-0.2002,-0.1532,0.2521,-0.0077,-0.0121,-1.8171,1.8716,0.3985,-0.0552,0.4023,0.0641,0.0138,1.7455
0.9495,-0.0964,1.5845,-0.1989,-0.1540,0.2516,-0.0083,-0.0093,-1.8136,1.8711,0.3989,-0.0557,0.4028,0.0657,0.0108,1.7409
0.9499,-0.0974,1.5832,-0.1989,-0.1540,0.2516,-0.0086,-0.0093,-1.8107,1.8708,0.3992,-0.0559,0.4031,0.0670,0.0064,1.7373
0.9598,-0.0988,1.5816,-0.1961,-0.1553,0.2501,-0.0090,-0.0093,-1.8071,1.8703,0.3985,-0.0559,0.4024,0.0682,0.0075,1.7325
0.9602,-0.1000,1.5799,-0.1946,-0.1559,0.2494,-0.0094,-0.0096,-1.8036,1.8698,0.3985,-0.0559,0.4024,0.0701,0.0075,1.7280
0.9796,-0.1011,1.5784,-0.1935,-0.1569,0.2491,-0.0098,-0.0097,-1.8003,1.8693,0.3992,-0.0565,0.4032,0.0716,0.0091,1.7239
0.9895,-0.1024,1.5765,-0.1916,-0.1573,0.2479,-0.0105,-0.0093,-1.7966,1.8687,0.3988,-0.0568,0.4028,0.0732,0.0075,1.7192
0.9897,-0.1032,1.5753,-0.1906,-0.1588,0.2481,-0.0109,-0.0074,-1.7938,1.8683,0.3988,-0.0568,0.4028,0.0736,0.0075,1.7158
0.9998,-0.1045,1.5733,-0.1880,-0.1589,0.2462,-0.0118,-0.0060,-1.7899,1.8676,0.3986,-0.0573,0.4027,0.0752,0.0075,1.7109
1.0004,-0.1055,1.5719,-0.1880,-0.1589,0.2462,-0.0124,-0.0060,-1.7868,1.8671,0.3986,-0.0573,0.4027,0.0762,0.0075,1.7071
1.0197,-0.1066,1.5703,-0.1846,-0.1608,0.2448,-0.0128,-0.0060,-1.7834,1.8665,0.3991,-0.0580,0.4032,0.0784,0.0095,1.7028
1.0204,-0.1079,1.5686,-0.1846,-0.1608,0.2448,-0.0130,-0.0060,-1.7800,1.8659,0.3988,-0.0584,0.4030,0.0804,0.0095,1.6983
1.0396,-0.1093,1.5666,-0.1817,-0.1623,0.2436,-0.0132,-0.0071,-1.7761,1.8651,0.4000,-0.0591,0.4043,0.0819,0.0062,1.6933
1.0400,-0.1103,1.5652,-0.1817,-0.1623,0.2436,-0.0132,-0.0071,-1.7732,1.8646,0.4013,-0.0600,0.4058,0.0826,0.0021,1.6896
1.0495,-0.1113,1.5635,-0.1788,-0.1642,0.2428,-0.0133,-0.0100,-1.7697,1.8641,0.4001,-0.0602,0.4046,0.0830,0.0041,1.6853
1.0497,-0.1126,1.5616,-0.1766,-0.1647,0.2415,-0.0135,-0.0104,-1.7660,1.8634,0.4001,-0.0602,0.4046,0.0838,0.0041,1.6807
1.0698,-0.1138,1.5599,-0.1755,-0.1663,0.2418,-0.0139,-0.0104,-1.7625,1.8628,0.4012,-0.0608,0.4058,0.0847,0.0077,1.6763
1.0701,-0.1150,1.5580,-0.1740,-0.1675,0.2415,-0.0142,-0.0104,-1.7589,1.8620,0.4020,-0.0612,0.4066,0.0858,0.0071,1.6718
1.0797,-0.1159,1.5565,-0.1721,-0.1684,0.2408,-0.0147,-0.0108,-1.7557,1.8615,0.4020,-0.0617,0.4067,0.0862,0.0086,1.6679
1.0803,-0.1172,1.5546,-0.1721,-0.1684,0.2408,-0.0152,-0.0108,-1.7521,1.8607,0.4012,-0.0617,0.4059,0.0868,0.0065,1.6633
1.0996,-0.1182,1.5532,-0.1688,-0.1700,0.2395,-0.0156,-0.0120,-1.7488,1.8602,0.4015,-0.0624,0.4064,0.0869,0.0072,1.6593
1.0999,-0.1194,1.5514,-0.1688,-0.1700,0.2395,-0.0167,-0.0120,-1.7452,1.8596,0.4018,-0.0628,0.4066,0.0874,0.0070,1.6548
1.1202,-0.1214,1.5481,-0.1649,-0.1730,0.2390,-0.0180,-0.0136,-1.7420,1.8591,0.4018,-0.0633,0.4067,0.0873,0.0053,1.6502
1.1206,-0.1214,1.5481,-0.1649,-0.1730,0.2390,-0.0180,-0.0136,-1.7387,1.8586,0.4027,-0.0636,0.4077,0.0873,0.0050,1.6469
1.1399,-0.1228,1.5460,-0.1634,-0.1739,0.2387,-0.0184,-0.0149,-1.7347,1.8578,0.4024,-0.0637,0.4074,0.0871,0.0032,1.6418
1.1403,-0.1238,1.5443,-0.1634,-0.1739,0.2387,-0.0187,-0.0149,-1.7315,1.8573,0.4033,-0.0642,0.4084,0.0871,0.0008,1.6378
1.1496,-0.1250,1.5426,-0.1607,-0.1759,0.2383,-0.0193,-0.0145,-1.7280,1.8566,0.4020,-0.0639,0.4070,0.0870,-0.0082,1.6335
1.1499,-0.1260,1.5408,-0.1607,-0.1759,0.2383,-0.0201,-0.0145,-1.7246,1.8560,0.4020,-0.0639,0.4070,0.0870,-0.0082,1.6294
1.1697,-0.1271,1.5388,-0.1588,-0.1782,0.2387,-0.0211,-0.0103,-1.7210,1.8553,0.4032,-0.0645,0.4083,0.0862,-0.0157,1.6249
1.1700,-0.1281,1.5372,-0.1572,-0.1792,0.2384,-0.0215,-0.0084,-1.7177,1.8546,0.4029,-0.0648,0.4081,0.0861,-0.0153,1.6210
1.1897,-0.1291,1.5356,-0.1559,-0.1802,0.2383,-0.0217,-0.0077,-1.7144,1.8539,0.4034,-0.0652,0.4086,0.0859,-0.0156,1.6170
1.1900,-0.1299,1.5340,-0.1559,-0.1802,0.2383,-0.0220,-0.0077,-1.7112,1.8533,0.4027,-0.0654,0.4080,0.0860,-0.0154,1.6131
1.1998,-0.1311,1.5321,-0.1528,-0.1816,0.2373,-0.0223,-0.0108,-1.7075,1.8525,0.4032,-0.0656,0.4085,0.0859,-0.0165,1.6087
1.2002,-0.1322,1.5302,-0.1528,-0.1816,0.2373,-0.0225,-0.0108,-1.7039,1.8517,0.4032,-0.0656,0.4085,0.0859,-0.0165,1.6043
1.2198,-0.1333,1.5283,-0.1511,-0.1847,0.2386,-0.0229,-0.0183,-1.7005,1.8510,0.4041,-0.0668,0.4096,0.0856,-0.0176,1.6000
1.2298,-0.1354,1.5248,-0.1495,-0.1877,0.2400,-0.0237,-0.0113,-1.6968,1.8501,0.4038,-0.0673,0.4094,0.0855,-0.0169,1.5949
1.2300,-0.1354,1.5248,-0.1495,-0.1877,0.2400,-0.0237,-0.0113,-1.6938,1.8495,0.4038,-0.0673,0.4094,0.0853,-0.0169,1.5919
1.2497,-0.1366,1.5227,-0.1477,-0.1879,0.2390,-0.0250,-0.0051,-1.6899,1.8486,0.4028,-0.0680,0.4085,0.0854,-0.0111,1.5871
1.2499,-0.1377,1.5210,-0.1477,-0.1879,0.2390,-0.0258,-0.0051,-1.6867,1.8478,0.4028,-0.0680,0.4085,0.0853,-0.0111,1.5831
1.2596,-0.1389,1.5191,-0.1470,-0.1914,0.2414,-0.0267,-0.0013,-1.6830,1.8470,0.4061,-0.0698,0.4121,0.0852,-0.0073,1.5786
1.2600,-0.1399,1.5175,-0.1470,-0.1914,0.2414,-0.0274,-0.0013,-1.6800,1.8463,0.4060,-0.0706,0.4121,0.0851,-0.0078,1.5748
1.2800,-0.1410,1.5157,-0.1449,-0.1930,0.2413,-0.0281,0.0002,-1.6766,1.8456,0.4067,-0.0711,0.4129,0.0852,-0.0082,1.5706
1.2803,-0.1421,1.5140,-0.1449,-0.1930,0.2413,-0.0289,0.0002,-1.6732,1.8448,0.4067,-0.0711,0.4129,0.0852,-0.0082,1.5664
1.2896,-0.1433,1.5121,-0.1433,-0.1949,0.2419,-0.0297,0.0007,-1.6694,1.8439,0.4076,-0.0718,0.4139,0.0852,-0.0098,1.5618
1.2898,-0.1444,1.5103,-0.1433,-0.1949,0.2419,-0.0301,0.0007,-1.6659,1.8431,0.4076,-0.0718,0.4139,0.0853,-0.0098,1.5574
1.3096,-0.1453,1.5087,-0.1418,-0.1970,0.2427,-0.0304,0.0007,-1.6625,1.8425,0.4088,-0.0730,0.4152,0.0853,-0.0124,1.5535
1.3195,-0.1467,1.5064,-0.1409,-0.1976,0.2427,-0.0310,0.0004,-1.6585,1.8414,0.4088,-0.0733,0.4153,0.0855,-0.0130,1.5485
1.3199,-0.1476,1.5047,-0.1409,-0.1976,0.2427,-0.0316,0.0004,-1.6550,1.8406,0.4100,-0.0742,0.4167,0.0855,-0.0155,1.5443
1.3298,-0.1487,1.5030,-0.1400,-0.2001,0.2443,-0.0326,-0.0014,-1.6516,1.8399,0.4106,-0.0748,0.4174,0.0855,-0.0175,1.5402
1.3302,-0.1497,1.5012,-0.1400,-0.2001,0.2443,-0.0338,-0.0014,-1.6480,1.8391,0.4102,-0.0749,0.4170,0.0851,-0.0197,1.5360
1.3497,-0.1507,1.4993,-0.1381,-0.2015,0.2443,-0.0350,-0.0009,-1.6447,1.8382,0.4110,-0.0754,0.4178,0.0850,-0.0223,1.5320
1.3500,-0.1516,1.4976,-0.1378,-0.2030,0.2453,-0.0358,-0.0005,-1.6413,1.8375,0.4111,-0.0764,0.4181,0.0846,-0.0221,1.5280
1.3697,-0.1529,1.4956,-0.1374,-0.2042,0.2461,-0.0367,-0.0002,-1.6378,1.8365,0.4124,-0.0772,0.4196,0.0842,-0.0220,1.5235
1.3701,-0.1541,1.4938,-0.1374,-0.2042,0.2461,-0.0376,-0.0002,-1.6343,1.8356,0.4120,-0.0779,0.4194,0.0828,-0.0201,1.5191
1.3796,-0.1551,1.4921,-0.1366,-0.2055,0.2468,-0.0388,-0.0002,-1.6312,1.8347,0.4125,-0.0786,0.4200,0.0817,-0.0205,1.5153
1.3801,-0.1562,1.4903,-0.1366,-0.2055,0.2468,-0.0406,-0.0002,-1.6276,1.8338,0.4125,-0.0786,0.4200,0.0806,-0.0205,1.5110
1.3997,-0.1574,1.4882,-0.1354,-0.2070,0.2473,-0.0423,-0.0001,-1.6240,1.8326,0.4127,-0.0803,0.4204,0.0795,-0.0199,1.5065
1.3999,-0.1584,1.4864,-0.1354,-0.2070,0.2473,-0.0434,-0.0001,-1.6204,1.8316,0.4127,-0.0803,0.4204,0.0778,-0.0199,1.5022
1.4200,-0.1596,1.4844,-0.1343,-0.2086,0.2481,-0.0451,0.0001,-1.6168,1.8305,0.4131,-0.0827,0.4213,0.0760,-0.0113,1.4978
1.4203,-0.1604,1.4827,-0.1346,-0.2102,0.2496,-0.0459,-0.0007,-1.6136,1.8297,0.4148,-0.0841,0.4232,0.0747,-0.0087,1.4940
1.4296,-0.1615,1.4809,-0.1333,-0.2100,0.2487,-0.0462,-0.0021,-1.6102,1.8288,0.4136,-0.0847,0.4222,0.0734,-0.0053,1.4899
1.4301,-0.1624,1.4790,-0.1333,-0.2100,0.2487,-0.0468,-0.0021,-1.6073,1.8280,0.4136,-0.0847,0.4222,0.0715,-0.0053,1.4865
1.4495,-0.1632,1.4773,-0.1319,-0.2110,0.2488,-0.0476,-0.0060,-1.6047,1.8271,0.4125,-0.0863,0.4214,0.0683,-0.0064,1.4834
1.4498,-0.1641,1.4754,-0.1319,-0.2110,0.2488,-0.0485,-0.0060,-1.6023,1.8261,0.4125,-0.0863,0.4214,0.0640,-0.0064,1.4804
1.4698,-0.1649,1.4736,-0.1307,-0.2125,0.2495,-0.0488,-0.0116,-1.6005,1.8253,0.4096,-0.0883,0.4190,0.0597,-0.0048,1.4780
1.4702,-0.1657,1.4718,-0.1307,-0.2125,0.2495,-0.0491,-0.0116,-1.5985,1.8244,0.4062,-0.0890,0.4158,0.0545,-0.0036,1.4756
1.4796,-0.1668,1.4695,-0.1292,-0.2132,0.2493,-0.0496,-0.0180,-1.5964,1.8234,0.4036,-0.0898,0.4135,0.0492,-0.0006,1.4728
1.4801,-0.1674,1.4679,-0.1292,-0.2132,0.2493,-0.0501,-0.0180,-1.5945,1.8226,0.4036,-0.0898,0.4135,0.0458,-0.0006,1.4705
1.4998,-0.1682,1.4658,-0.1285,-0.2148,0.2503,-0.0502,-0.0199,-1.5919,1.8216,0.3986,-0.0915,0.4090,0.0441,0.0102,1.4674
1.5003,-0.1690,1.4640,-0.1285,-0.2148,0.2503,-0.0504,-0.0199,-1.5891,1.8207,0.3986,-0.0915,0.4090,0.0430,0.0102,1.4643
1.5197,-0.1696,1.4623,-0.1270,-0.2158,0.2504,-0.0506,-0.0182,-1.5863,1.8198,0.3954,-0.0927,0.4061,0.0424,0.0072,1.4611
1.5203,-0.1704,1.4602,-0.1270,-0.2158,0.2504,-0.0508,-0.0182,-1.5827,1.8186,0.3954,-0.0927,0.4061,0.0418,0.0072,1.4570
1.5300,-0.1717,1.4567,-0.1252,-0.2170,0.2505,-0.0510,-0.0178,-1.5794,1.8176,0.3946,-0.0945,0.4058,0.0409,0.0061,1.4532
1.5303,-0.1717,1.4567,-0.1252,-0.2170,0.2505,-0.0510,-0.0178,-1.5764,1.8167,0.3934,-0.0950,0.4047,0.0396,0.0028,1.4501
1.5493,-0.1723,1.4547,-0.1228,-0.2170,0.2493,-0.0512,-0.0153,-1.5732,1.8156,0.3936,-0.0957,0.4050,0.0386,0.0026,1.4466
1.5593,-0.1732,1.4525,-0.1220,-0.2176,0.2495,-0.0517,-0.0157,-1.5697,1.8142,0.3929,-0.0969,0.4047,0.0368,0.0021,1.4426
1.5595,-0.1738,1.4508,-0.1220,-0.2176,0.2495,-0.0518,-0.0157,-1.5673,1.8132,0.3925,-0.0984,0.4047,0.0360,0.0010,1.4398
1.5799,-0.1747,1.4484,-0.1201,-0.2181,0.2490,-0.0523,-0.0168,-1.5641,1.8118,0.3904,-0.0991,0.4028,0.0344,0.0016,1.4361
1.5802,-0.1752,1.4467,-0.1194,-0.2192,0.2496,-0.0527,-0.0164,-1.5617,1.8108,0.3904,-0.0991,0.4028,0.0327,0.0016,1.4335
1.5894,-0.1760,1.4445,-0.1186,-0.2196,0.2496,-0.0536,-0.0158,-1.5587,1.8095,0.3880,-0.1014,0.4010,0.0308,-0.0001,1.4301
1.5896,-0.1766,1.4427,-0.1186,-0.2196,0.2496,-0.0543,-0.0158,-1.5558,1.8084,0.3880,-0.1014,0.4010,0.0294,-0.0001,1.4268
1.6098,-0.1772,1.4408,-0.1168,-0.2211,0.2501,-0.0550,-0.0099,-1.5528,1.8073,0.3861,-0.1036,0.3998,0.0286,-0.0038,1.4236
1.6103,-0.1777,1.4389,-0.1168,-0.2211,0.2501,-0.0559,-0.0099,-1.5496,1.8061,0.3861,-0.1036,0.3998,0.0272,-0.0038,1.4201
1.6195,-0.1783,1.4370,-0.1148,-0.2218,0.2498,-0.0568,-0.0061,-1.5464,1.8049,0.3848,-0.1059,0.3991,0.0258,-0.0031,1.4167
1.6198,-0.1790,1.4347,-0.1148,-0.2218,0.2498,-0.0577,-0.0061,-1.5429,1.8036,0.3848,-0.1059,0.3991,0.0232,-0.0031,1.4129
1.6296,-0.1796,1.4329,-0.1125,-0.2225,0.2493,-0.0581,-0.0066,-1.5400,1.8025,0.3836,-0.1085,0.3987,0.0222,-0.0002,1.4097
1.6497,-0.1803,1.4306,-0.1115,-0.2229,0.2493,-0.0584,-0.0074,-1.5367,1.8011,0.3831,-0.1095,0.3984,0.0205,-0.0009,1.4061
1.6500,-0.1807,1.4290,-0.1115,-0.2229,0.2493,-0.0586,-0.0074,-1.5341,1.8002,0.3831,-0.1095,0.3984,0.0195,-0.0009,1.4033
1.6696,-0.1814,1.4268,-0.1095,-0.2236,0.2490,-0.0589,-0.0117,-1.5306,1.7987,0.3809,-0.1116,0.3969,0.0167,-0.0120,1.3996
1.6699,-0.1819,1.4249,-0.1095,-0.2236,0.2490,-0.0591,-0.0117,-1.5280,1.7977,0.3806,-0.1130,0.3971,0.0149,-0.0149,1.3967
1.6795,-0.1825,1.4226,-0.1076,-0.2246,0.2490,-0.0593,-0.0141,-1.5246,1.7962,0.3796,-0.1138,0.3963,0.0118,-0.0140,1.3932
1.6798,-0.1830,1.4205,-0.1076,-0.2246,0.2490,-0.0598,-0.0141,-1.5216,1.7950,0.3796,-0.1154,0.3968,0.0100,-0.0151,1.3900
1.6994,-0.1837,1.4182,-0.1061,-0.2269,0.2505,-0.0601,-0.0094,-1.5183,1.7934,0.3790,-0.1165,0.3965,0.0083,-0.0144,1.3864
1.6996,-0.1842,1.4160,-0.1061,-0.2269,0.2505,-0.0607,-0.0094,-1.5152,1.7919,0.3790,-0.1165,0.3965,0.0072,-0.0144,1.3831
1.7092,-0.1846,1.4141,-0.1039,-0.2284,0.2509,-0.0615,0.0037,-1.5122,1.7906,0.3774,-0.1196,0.3959,0.0058,-0.0136,1.3800
1.7094,-0.1846,1.4141,-0.1039,-0.2284,0.2509,-0.0615,0.0037,-1.5087,1.7891,0.3774,-0.1196,0.3959,0.0055,-0.0136,1.3762
1.7295,-0.1855,1.4099,-0.1012,-0.2289,0.2503,-0.0624,0.0031,-1.5055,1.7877,0.3761,-0.1221,0.3954,0.0051,-0.0144,1.3730
1.7298,-0.1860,1.4077,-0.1012,-0.2289,0.2503,-0.0630,0.0031,-1.5019,1.7862,0.3767,-0.1236,0.3964,0.0043,-0.0148,1.3692
1.7495,-0.1864,1.4057,-0.0987,-0.2299,0.2502,-0.0633,0.0011,-1.4986,1.7847,0.3760,-0.1248,0.3962,0.0030,-0.0166,1.3658
1.7498,-0.1867,1.4038,-0.0987,-0.2299,0.2502,-0.0637,0.0011,-1.4953,1.7832,0.3760,-0.1248,0.3962,0.0007,-0.0166,1.3625
1.7595,-0.1871,1.4015,-0.0956,-0.2306,0.2496,-0.0642,-0.0002,-1.4921,1.7817,0.3754,-0.1275,0.3965,-0.0011,-0.0166,1.3592
1.7598,-0.1875,1.3995,-0.0956,-0.2306,0.2496,-0.0644,-0.0002,-1.4891,1.7801,0.3758,-0.1292,0.3974,-0.0035,-0.0161,1.3562
1.7797,-0.1879,1.3972,-0.0929,-0.2325,0.2504,-0.0647,-0.0017,-1.4861,1.7784,0.3749,-0.1308,0.3971,-0.0059,-0.0163,1.3530
1.7800,-0.1883,1.3951,-0.0929,-0.2325,0.2504,-0.0649,-0.0017,-1.4832,1.7768,0.3741,-0.1328,0.3970,-0.0086,-0.0100,1.3500
1.7995,-0.1888,1.3926,-0.0900,-0.2340,0.2507,-0.0649,-0.0038,-1.4799,1.7748,0.3724,-0.1344,0.3959,-0.0117,-0.0051,1.3465
1.7998,-0.1891,1.3908,-0.0900,-0.2340,0.2507,-0.0649,-0.0038,-1.4773,1.7735,0.3719,-0.1365,0.3962,-0.0127,0.0023,1.3438
1.8094,-0.1896,1.3883,-0.0876,-0.2359,0.2516,-0.0650,-0.0036,-1.4736,1.7715,0.3705,-0.1379,0.3954,-0.0143,0.0031,1.3400
1.8097,-0.1899,1.3863,-0.0876,-0.2359,0.2516,-0.0651,-0.0036,-1.4706,1.7699,0.3705,-0.1379,0.3954,-0.0146,0.0031,1.3369
1.8298,-0.1905,1.3821,-0.0831,-0.2378,0.2519,-0.0656,-0.0030,-1.4672,1.7681,0.3688,-0.1415,0.3950,-0.0161,0.0150,1.3337
1.8301,-0.1905,1.3821,-0.0831,-0.2378,0.2519,-0.0656,-0.0030,-1.4642,1.7665,0.3688,-0.1415,0.3950,-0.0162,0.0150,1.3304
1.8497,-0.1910,1.3798,-0.0818,-0.2382,0.2519,-0.0662,-0.0035,-1.4609,1.7648,0.3676,-0.1451,0.3952,-0.0173,0.0161,1.3271
1.8499,-0.1913,1.3778,-0.0805,-0.2390,0.2522,-0.0664,-0.0044,-1.4581,1.7634,0.3675,-0.1468,0.3958,-0.0179,0.0132,1.3242
1.8599,-0.1917,1.3756,-0.0793,-0.2396,0.2523,-0.0666,-0.0040,-1.4552,1.7617,0.3664,-0.1482,0.3953,-0.0190,0.0120,1.3212
1.8602,-0.1921,1.3733,-0.0775,-0.2401,0.2523,-0.0668,-0.0036,-1.4519,1.7599,0.3652,-0.1497,0.3947,-0.0198,0.0102,1.3178
1.8797,-0.1924,1.3711,-0.0759,-0.2411,0.2528,-0.0668,-0.0025,-1.4489,1.7583,0.3648,-0.1513,0.3949,-0.0215,0.0110,1.3148
1.8801,-0.1927,1.3689,-0.0759,-0.2411,0.2528,-0.0669,-0.0025,-1.4457,1.7565,0.3646,-0.1529,0.3953,-0.0233,0.0117,1.3116
1.8995,-0.1930,1.3665,-0.0730,-0.2428,0.2536,-0.0669,-0.0007,-1.4425,1.7547,0.3638,-0.1546,0.3953,-0.0245,0.0147,1.3084
1.8997,-0.1932,1.3643,-0.0730,-0.2428,0.2536,-0.0668,-0.0007,-1.4395,1.7530,0.3638,-0.1546,0.3953,-0.0261,0.0147,1.3055
1.9095,-0.1934,1.3621,-0.0696,-0.2441,0.2538,-0.0667,-0.0003,-1.4365,1.7513,0.3618,-0.1572,0.3945,-0.0274,0.0169,1.3025
1.9098,-0.1937,1.3596,-0.0696,-0.2441,0.2538,-0.0667,-0.0003,-1.4332,1.7494,0.3607,-0.1585,0.3940,-0.0285,0.0123,1.2994
1.9297,-0.1940,1.3576,-0.0666,-0.2462,0.2550,-0.0664,0.0006,-1.4302,1.7477,0.3607,-0.1606,0.3948,-0.0293,0.0119,1.2963
1.9302,-0.1942,1.3552,-0.0666,-0.2462,0.2550,-0.0660,0.0006,-1.4269,1.7460,0.3601,-0.1621,0.3949,-0.0314,0.0108,1.2931
1.9496,-0.1944,1.3531,-0.0637,-0.2475,0.2556,-0.0656,0.0026,-1.4237,1.7442,0.3609,-0.1639,0.3964,-0.0333,0.0145,1.2900
1.9498,-0.1946,1.3509,-0.0637,-0.2475,0.2556,-0.0653,0.0026,-1.4206,1.7424,0.3609,-0.1639,0.3964,-0.0355,0.0145,1.2871
1.9593,-0.1948,1.3485,-0.0610,-0.2490,0.2564,-0.0649,0.0099,-1.4171,1.7405,0.3633,-0.1674,0.4000,-0.0367,0.0160,1.2836
1.9595,-0.1950,1.3462,-0.0610,-0.2490,0.2564,-0.0645,0.0099,-1.4138,1.7386,0.3633,-0.1674,0.4000,-0.0385,0.0160,1.2804
1.9797,-0.1952,1.3438,-0.0584,-0.2511,0.2578,-0.0642,0.0173,-1.4103,1.7366,0.3696,-0.1716,0.4075,-0.0394,0.0216,1.2770
1.9801,-0.1954,1.3416,-0.0584,-0.2511,0.2578,-0.0637,0.0173,-1.4071,1.7347,0.3696,-0.1716,0.4075,-0.0415,0.0216,1.2739
1.9896,-0.1957,1.3393,-0.0560,-0.2526,0.2588,-0.0631,0.0172,-1.4041,1.7328,0.3748,-0.1757,0.4139,-0.0433,0.0217,1.2709
1.9899,-0.1959,1.3369,-0.0549,-0.2530,0.2589,-0.0618,0.0178,-1.4011,1.7308,0.3748,-0.1757,0.4139,-0.0454,0.0217,1.2679
2.0098,-0.1961,1.3347,-0.0539,-0.2541,0.2597,-0.0610,0.0190,-1.3984,1.7291,0.3762,-0.1798,0.4169,-0.0465,0.0241,1.2653
2.0102,-0.1964,1.3324,-0.0539,-0.2541,0.2597,-0.0602,0.0190,-1.3954,1.7269,0.3762,-0.1798,0.4169,-0.0478,0.0241,1.2623
2.0295,-0.1965,1.3304,-0.0518,-0.2555,0.2607,-0.0596,0.0202,-1.3926,1.7252,0.3746,-0.1834,0.4171,-0.0489,0.0191,1.2596
2.0398,-0.1967,1.3278,-0.0508,-0.2560,0.2610,-0.0586,0.0206,-1.3891,1.7230,0.3735,-0.1848,0.4168,-0.0499,0.0172,1.2561
2.0404,-0.1969,1.3259,-0.0508,-0.2560,0.2610,-0.0583,0.0206,-1.3860,1.7212,0.3747,-0.1874,0.4189,-0.0503,0.0162,1.2532
2.0496,-0.1970,1.3233,-0.0490,-0.2577,0.2623,-0.0576,0.0221,-1.3823,1.7190,0.3744,-0.1888,0.4193,-0.0513,0.0120,1.2496
2.0498,-0.1972,1.3212,-0.0477,-0.2584,0.2628,-0.0572,0.0221,-1.3794,1.7173,0.3748,-0.1903,0.4204,-0.0522,0.0126,1.2468
2.0700,-0.1974,1.3188,-0.0467,-0.2592,0.2634,-0.0569,0.0221,-1.3759,1.7152,0.3757,-0.1919,0.4219,-0.0536,0.0105,1.2434
2.0704,-0.1976,1.3166,-0.0454,-0.2592,0.2631,-0.0566,0.0214,-1.3731,1.7134,0.3763,-0.1932,0.4230,-0.0544,0.0093,1.2407
2.0897,-0.1977,1.3143,-0.0447,-0.2602,0.2640,-0.0564,0.0211,-1.3700,1.7114,0.3772,-0.1947,0.4245,-0.0553,0.0056,1.2377
2.0900,-0.1979,1.3121,-0.0447,-0.2602,0.2640,-0.0563,0.0211,-1.3670,1.7093,0.3773,-0.1963,0.4253,-0.0567,0.0048,1.2347
2.0996,-0.1982,1.3098,-0.0426,-0.2611,0.2645,-0.0562,0.0186,-1.3638,1.7072,0.3775,-0.1981,0.4264,-0.0581,0.0079,1.2315
2.1002,-0.1984,1.3076,-0.0426,-0.2611,0.2645,-0.0559,0.0186,-1.3607,1.7051,0.3775,-0.1981,0.4264,-0.0592,0.0079,1.2284
2.1195,-0.1987,1.3054,-0.0413,-0.2625,0.2658,-0.0555,0.0155,-1.3574,1.7029,0.3778,-0.2021,0.4285,-0.0595,0.0085,1.2250
2.1198,-0.1989,1.3030,-0.0413,-0.2625,0.2658,-0.0548,0.0155,-1.3543,1.7007,0.3778,-0.2021,0.4285,-0.0600,0.0085,1.2219
2.1297,-0.1991,1.3009,-0.0399,-0.2634,0.2664,-0.0543,0.0162,-1.3513,1.6987,0.3772,-0.2058,0.4297,-0.0606,0.0062,1.2189
2.1299,-0.1993,1.2984,-0.0399,-0.2634,0.2664,-0.0537,0.0162,-1.3481,1.6965,0.3772,-0.2058,0.4297,-0.0612,0.0062,1.2158
2.1496,-0.1994,1.2963,-0.0381,-0.2643,0.2670,-0.0530,0.0193,-1.3453,1.6946,0.3771,-0.2093,0.4313,-0.0620,0.0099,1.2131
2.1499,-0.1995,1.2940,-0.0381,-0.2643,0.2670,-0.0520,0.0193,-1.3420,1.6924,0.3771,-0.2093,0.4313,-0.0633,0.0099,1.2100
2.1697,-0.1996,1.2918,-0.0362,-0.2656,0.2681,-0.0512,0.0236,-1.3391,1.6903,0.3772,-0.2128,0.4330,-0.0638,0.0097,1.2072
2.1700,-0.1998,1.2895,-0.0362,-0.2656,0.2681,-0.0504,0.0236,-1.3359,1.6879,0.3772,-0.2128,0.4330,-0.0649,0.0097,1.2040
2.1896,-0.1999,1.2874,-0.0346,-0.2661,0.2684,-0.0494,0.0267,-1.3330,1.6857,0.3774,-0.2167,0.4352,-0.0653,0.0095,1.2011
2.1899,-0.2000,1.2853,-0.0346,-0.2661,0.2684,-0.0484,0.0267,-1.3298,1.6834,0.3774,-0.2187,0.4362,-0.0654,0.0100,1.1979
2.1995,-0.2002,1.2829,-0.0327,-0.2659,0.2679,-0.0472,0.0214,-1.3265,1.6810,0.3770,-0.2201,0.4365,-0.0659,0.0102,1.1946
2.1998,-0.2003,1.2809,-0.0327,-0.2659,0.2679,-0.0464,0.0214,-1.3234,1.6789,0.3770,-0.2201,0.4365,-0.0661,0.0102,1.1915
2.2199,-0.2005,1.2785,-0.0315,-0.2664,0.2683,-0.0456,0.0166,-1.3201,1.6764,0.3777,-0.2235,0.4388,-0.0665,0.0107,1.1882
2.2202,-0.2006,1.2764,-0.0315,-0.2664,0.2683,-0.0450,0.0166,-1.3170,1.6743,0.3777,-0.2235,0.4388,-0.0674,0.0107,1.1852
2.2397,-0.2007,1.2744,-0.0302,-0.2671,0.2688,-0.0446,0.0140,-1.3143,1.6724,0.3769,-0.2268,0.4399,-0.0677,0.0126,1.1826
2.2401,-0.2009,1.2722,-0.0295,-0.2667,0.2683,-0.0438,0.0149,-1.3111,1.6701,0.3751,-0.2276,0.4388,-0.0683,0.0125,1.1794
2.2493,-0.2011,1.2697,-0.0290,-0.2671,0.2687,-0.0431,0.0154,-1.3077,1.6676,0.3749,-0.2292,0.4394,-0.0690,0.0107,1.1760
2.2496,-0.2012,1.2676,-0.0290,-0.2671,0.2687,-0.0424,0.0154,-1.3046,1.6653,0.3749,-0.2292,0.4394,-0.0695,0.0107,1.1729
2.2696,-0.2014,1.2653,-0.0282,-0.2679,0.2694,-0.0417,0.0161,-1.3014,1.6629,0.3749,-0.2327,0.4412,-0.0700,0.0106,1.1697
2.2699,-0.2015,1.2631,-0.0282,-0.2679,0.2694,-0.0411,0.0161,-1.2982,1.6606,0.3749,-0.2327,0.4412,-0.0705,0.0106,1.1665
2.2794,-0.2015,1.2612,-0.0272,-0.2682,0.2696,-0.0406,0.0185,-1.2955,1.6585,0.3758,-0.2356,0.4435,-0.0708,0.0060,1.1639
2.2898,-0.2016,1.2586,-0.0265,-0.2678,0.2691,-0.0397,0.0196,-1.2920,1.6557,0.3753,-0.2364,0.4436,-0.0723,0.0005,1.1605
2.2901,-0.2016,1.2566,-0.0256,-0.2678,0.2691,-0.0392,0.0190,-1.2894,1.6535,0.3758,-0.2382,0.4449,-0.0725,-0.0061,1.1579
2.3094,-0.2017,1.2543,-0.0251,-0.2684,0.2695,-0.0387,0.0190,-1.2862,1.6510,0.3759,-0.2401,0.4460,-0.0727,-0.0074,1.1548
2.3096,-0.2017,1.2522,-0.0251,-0.2684,0.2695,-0.0384,0.0190,-1.2833,1.6490,0.3759,-0.2401,0.4460,-0.0730,-0.0074,1.1521
2.3298,-0.2018,1.2498,-0.0237,-0.2681,0.2691,-0.0381,0.0201,-1.2798,1.6464,0.3745,-0.2418,0.4457,-0.0730,-0.0231,1.1486
2.3301,-0.2018,1.2481,-0.0231,-0.2685,0.2695,-0.0379,0.0217,-1.2771,1.6445,0.3747,-0.2433,0.4468,-0.0731,-0.0268,1.1460
2.3397,-0.2019,1.2462,-0.0226,-0.2680,0.2689,-0.0378,0.0223,-1.2741,1.6424,0.3742,-0.2441,0.4468,-0.0735,-0.0281,1.1431
2.3401,-0.2020,1.2436,-0.0226,-0.2680,0.2689,-0.0378,0.0223,-1.2705,1.6396,0.3737,-0.2449,0.4467,-0.0740,-0.0264,1.1395
2.3596,-0.2021,1.2414,-0.0214,-0.2684,0.2693,-0.0376,0.0235,-1.2675,1.6373,0.3752,-0.2476,0.4495,-0.0753,-0.0256,1.1366
2.3599,-0.2022,1.2392,-0.0214,-0.2684,0.2693,-0.0375,0.0235,-1.2647,1.6349,0.3752,-0.2476,0.4495,-0.0765,-0.0256,1.1338
2.3696,-0.2023,1.2371,-0.0202,-0.2683,0.2690,-0.0375,0.0235,-1.2621,1.6328,0.3745,-0.2501,0.4503,-0.0787,-0.0255,1.1313
2.3700,-0.2024,1.2348,-0.0202,-0.2683,0.2690,-0.0375,0.0235,-1.2594,1.6304,0.3735,-0.2509,0.4500,-0.0805,-0.0260,1.1286
2.3896,-0.2025,1.2326,-0.0194,-0.2680,0.2687,-0.0375,0.0251,-1.2566,1.6281,0.3727,-0.2522,0.4500,-0.0817,-0.0305,1.1259
2.3899,-0.2027,1.2304,-0.0194,-0.2680,0.2687,-0.0372,0.0251,-1.2536,1.6258,0.3727,-0.2522,0.4500,-0.0824,-0.0305,1.1229
2.4095,-0.2028,1.2283,-0.0189,-0.2678,0.2685,-0.0369,0.0302,-1.2506,1.6234,0.3717,-0.2544,0.4504,-0.0828,-0.0383,1.1199
2.4098,-0.2028,1.2261,-0.0189,-0.2678,0.2685,-0.0365,0.0302,-1.2476,1.6211,0.3717,-0.2544,0.4504,-0.0833,-0.0383,1.1169
2.4299,-0.2028,1.2241,-0.0182,-0.2670,0.2677,-0.0356,0.0322,-1.2447,1.6189,0.3713,-0.2567,0.4514,-0.0846,-0.0379,1.1141
2.4303,-0.2028,1.2220,-0.0182,-0.2670,0.2677,-0.0349,0.0322,-1.2418,1.6166,0.3711,-0.2578,0.4518,-0.0870,-0.0383,1.1114
2.4397,-0.2028,1.2198,-0.0173,-0.2665,0.2670,-0.0343,0.0307,-1.2390,1.6141,0.3701,-0.2589,0.4516,-0.0886,-0.0415,1.1087
2.4402,-0.2028,1.2178,-0.0173,-0.2665,0.2670,-0.0340,0.0307,-1.2365,1.6120,0.3701,-0.2589,0.4516,-0.0906,-0.0415,1.1063
2.4597,-0.2028,1.2156,-0.0164,-0.2660,0.2665,-0.0336,0.0277,-1.2337,1.6095,0.3683,-0.2608,0.4512,-0.0915,-0.0512,1.1037
2.4602,-0.2028,1.2135,-0.0164,-0.2660,0.2665,-0.0334,0.0277,-1.2310,1.6070,0.3683,-0.2608,0.4512,-0.0924,-0.0512,1.1010
2.4795,-0.2028,1.2113,-0.0156,-0.2655,0.2659,-0.0331,0.0243,-1.2282,1.6045,0.3655,-0.2631,0.4504,-0.0930,-0.0543,1.0982
2.4798,-0.2028,1.2093,-0.0156,-0.2655,0.2659,-0.0329,0.0243,-1.2256,1.6021,0.3655,-0.2631,0.4504,-0.0934,-0.0543,1.0956
2.4893,-0.2028,1.2073,-0.0147,-0.2646,0.2650,-0.0326,0.0233,-1.2230,1.5998,0.3631,-0.2652,0.4496,-0.0944,-0.0571,1.0931
2.4897,-0.2028,1.2051,-0.0147,-0.2646,0.2650,-0.0319,0.0233,-1.2202,1.5972,0.3621,-0.2660,0.4493,-0.0954,-0.0575,1.0903
2.5096,-0.2028,1.2029,-0.0138,-0.2637,0.2640,-0.0312,0.0213,-1.2175,1.5946,0.3617,-0.2673,0.4497,-0.0958,-0.0561,1.0876
2.5099,-0.2028,1.2009,-0.0138,-0.2637,0.2640,-0.0307,0.0213,-1.2148,1.5922,0.3618,-0.2690,0.4508,-0.0960,-0.0543,1.0850
2.5197,-0.2028,1.1987,-0.0129,-0.2631,0.2634,-0.0304,0.0241,-1.2119,1.5895,0.3611,-0.2695,0.4506,-0.0963,-0.0548,1.0821
2.5202,-0.2028,1.1967,-0.0129,-0.2631,0.2634,-0.0301,0.0241,-1.2091,1.5870,0.3611,-0.2695,0.4506,-0.0965,-0.0548,1.0794
2.5398,-0.2028,1.1948,-0.0121,-0.2623,0.2626,-0.0300,0.0226,-1.2066,1.5846,0.3598,-0.2720,0.4511,-0.0975,-0.0558,1.0769
2.5496,-0.2028,1.1923,-0.0119,-0.2621,0.2624,-0.0297,0.0223,-1.2039,1.5818,0.3588,-0.2732,0.4510,-0.0996,-0.0538,1.0743
2.5500,-0.2027,1.1905,-0.0119,-0.2621,0.2624,-0.0297,0.0223,-1.2019,1.5795,0.3588,-0.2732,0.4510,-0.1023,-0.0538,1.0722
2.5694,-0.2027,1.1883,-0.0111,-0.2615,0.2617,-0.0297,0.0222,-1.1997,1.5769,0.3550,-0.2755,0.4494,-0.1052,-0.0495,1.0701
2.5696,-0.2026,1.1862,-0.0111,-0.2615,0.2617,-0.0298,0.0222,-1.1977,1.5743,0.3550,-0.2755,0.4494,-0.1076,-0.0495,1.0681
2.5797,-0.2025,1.1842,-0.0101,-0.2609,0.2611,-0.0298,0.0217,-1.1956,1.5718,0.3509,-0.2782,0.4478,-0.1095,-0.0420,1.0661
2.5803,-0.2024,1.1819,-0.0101,-0.2609,0.2611,-0.0300,0.0217,-1.1932,1.5691,0.3509,-0.2782,0.4478,-0.1109,-0.0420,1.0638
2.5998,-0.2024,1.1799,-0.0090,-0.2604,0.2605,-0.0300,0.0195,-1.1909,1.5666,0.3475,-0.2804,0.4465,-0.1123,-0.0411,1.0615
2.6003,-0.2023,1.1777,-0.0084,-0.2598,0.2599,-0.0301,0.0192,-1.1882,1.5637,0.3457,-0.2812,0.4456,-0.1145,-0.0422,1.0588
2.6095,-0.2022,1.1759,-0.0078,-0.2599,0.2600,-0.0303,0.0191,-1.1861,1.5615,0.3449,-0.2826,0.4459,-0.1158,-0.0435,1.0568
2.6100,-0.2021,1.1735,-0.0078,-0.2599,0.2600,-0.0307,0.0191,-1.1833,1.5585,0.3449,-0.2826,0.4459,-0.1184,-0.0435,1.0540
2.6296,-0.2020,1.1717,-0.0063,-0.2590,0.2591,-0.0312,0.0198,-1.1811,1.5560,0.3420,-0.2843,0.4447,-0.1206,-0.0403,1.0518
2.6395,-0.2018,1.1692,-0.0058,-0.2584,0.2585,-0.0315,0.0200,-1.1785,1.5531,0.3404,-0.2854,0.4442,-0.1231,-0.0368,1.0494
2.6398,-0.2017,1.1674,-0.0058,-0.2584,0.2585,-0.0318,0.0200,-1.1765,1.5506,0.3404,-0.2854,0.4442,-0.1255,-0.0368,1.0475
2.6595,-0.2014,1.1652,-0.0045,-0.2578,0.2578,-0.0321,0.0184,-1.1743,1.5476,0.3375,-0.2879,0.4436,-0.1272,-0.0292,1.0453
2.6600,-0.2013,1.1633,-0.0045,-0.2578,0.2578,-0.0323,0.0184,-1.1722,1.5450,0.3355,-0.2895,0.4431,-0.1279,-0.0257,1.0433
2.6693,-0.2011,1.1616,-0.0032,-0.2569,0.2570,-0.0326,0.0139,-1.1704,1.5424,0.3338,-0.2906,0.4426,-0.1279,-0.0217,1.0414
2.6797,-0.2009,1.1595,-0.0027,-0.2559,0.2560,-0.0330,0.0121,-1.1680,1.5393,0.3311,-0.2910,0.4408,-0.1274,-0.0217,1.0391
2.6802,-0.2007,1.1575,-0.0021,-0.2559,0.2559,-0.0332,0.0120,-1.1656,1.5365,0.3299,-0.2927,0.4410,-0.1273,-0.0237,1.0367
2.6994,-0.2004,1.1551,-0.0013,-0.2556,0.2556,-0.0334,0.0128,-1.1627,1.5335,0.3285,-0.2937,0.4407,-0.1260,-0.0244,1.0341
2.6997,-0.2002,1.1534,-0.0013,-0.2556,0.2556,-0.0334,0.0128,-1.1603,1.5312,0.3276,-0.2949,0.4407,-0.1256,-0.0237,1.0318
2.7196,-0.1998,1.1510,0.0003,-0.2550,0.2550,-0.0336,0.0139,-1.1574,1.5281,0.3261,-0.2954,0.4400,-0.1253,-0.0229,1.0292
2.7199,-0.1995,1.1491,0.0003,-0.2550,0.2550,-0.0337,0.0139,-1.1553,1.5255,0.3254,-0.2967,0.4404,-0.1254,-0.0228,1.0272
2.7294,-0.1992,1.1469,0.0022,-0.2545,0.2545,-0.0337,0.0176,-1.1530,1.5226,0.3235,-0.2976,0.4395,-0.1266,-0.0230,1.0251
2.7297,-0.1989,1.1450,0.0022,-0.2545,0.2545,-0.0337,0.0176,-1.1514,1.5201,0.3235,-0.2976,0.4395,-0.1280,-0.0230,1.0236
2.7497,-0.1986,1.1429,0.0039,-0.2542,0.2543,-0.0336,0.0179,-1.1495,1.5169,0.3194,-0.3001,0.4383,-0.1301,-0.0218,1.0219
2.7500,-0.1983,1.1408,0.0039,-0.2542,0.2543,-0.0335,0.0179,-1.1478,1.5141,0.3194,-0.3001,0.4383,-0.1323,-0.0218,1.0203
2.7592,-0.1980,1.1388,0.0059,-0.2535,0.2535,-0.0334,0.0190,-1.1461,1.5113,0.3136,-0.3024,0.4356,-0.1342,-0.0203,1.0187
2.7596,-0.1975,1.1367,0.0059,-0.2535,0.2535,-0.0331,0.0190,-1.1441,1.5084,0.3107,-0.3033,0.4342,-0.1353,-0.0200,1.0169
2.7795,-0.1972,1.1347,0.0079,-0.2530,0.2531,-0.0328,0.0200,-1.1421,1.5055,0.3082,-0.3044,0.4332,-0.1355,-0.0194,1.0150
2.7798,-0.1968,1.1328,0.0079,-0.2530,0.2531,-0.0327,0.0200,-1.1400,1.5027,0.3082,-0.3044,0.4332,-0.1359,-0.0194,1.0131
2.7997,-0.1958,1.1288,0.0107,-0.2514,0.2516,-0.0325,0.0206,-1.1377,1.4998,0.3041,-0.3061,0.4315,-0.1357,-0.0145,1.0124
2.7999,-0.1958,1.1288,0.0107,-0.2514,0.2516,-0.0325,0.0206,-1.1353,1.4967,0.3033,-0.3073,0.4317,-0.1357,-0.0131,1.0090
2.8097,-0.1954,1.1270,0.0118,-0.2508,0.2511,-0.0325,0.0200,-1.1334,1.4940,0.3017,-0.3087,0.4317,-0.1357,-0.0096,1.0072
2.8099,-0.1949,1.1251,0.0118,-0.2508,0.2511,-0.0325,0.0200,-1.1315,1.4911,0.3017,-0.3087,0.4317,-0.1354,-0.0096,1.0055
2.8297,-0.1945,1.1231,0.0137,-0.2494,0.2498,-0.0325,0.0183,-1.1296,1.4883,0.2966,-0.3106,0.4295,-0.1353,-0.0045,1.0039
2.8300,-0.1942,1.1213,0.0137,-0.2494,0.2498,-0.0325,0.0183,-1.1280,1.4856,0.2966,-0.3106,0.4295,-0.1354,-0.0045,1.0024
2.8498,-0.1936,1.1190,0.0155,-0.2497,0.2502,-0.0325,0.0186,-1.1260,1.4823,0.2923,-0.3137,0.4287,-0.1356,-0.0036,1.0007
2.8501,-0.1932,1.1173,0.0155,-0.2497,0.2502,-0.0324,0.0186,-1.1244,1.4797,0.2923,-0.3137,0.4287,-0.1357,-0.0036,0.9992
2.8597,-0.1927,1.1152,0.0177,-0.2483,0.2489,-0.0322,0.0177,-1.1224,1.4765,0.2862,-0.3152,0.4257,-0.1357,-0.0012,0.9974
2.8600,-0.1923,1.1134,0.0188,-0.2479,0.2486,-0.0318,0.0168,-1.1204,1.4736,0.2846,-0.3167,0.4258,-0.1356,-0.0059,0.9956
2.8798,-0.1919,1.1113,0.0198,-0.2475,0.2483,-0.0313,0.0156,-1.1183,1.4706,0.2833,-0.3183,0.4262,-0.1354,-0.0078,0.9937
2.8801,-0.1915,1.1093,0.0198,-0.2475,0.2483,-0.0306,0.0156,-1.1164,1.4677,0.2833,-0.3183,0.4262,-0.1354,-0.0078,0.9919
2.8995,-0.1910,1.1074,0.0221,-0.2466,0.2476,-0.0300,0.0120,-1.1144,1.4647,0.2805,-0.3208,0.4261,-0.1352,-0.0033,0.9901
2.8999,-0.1906,1.1054,0.0221,-0.2466,0.2476,-0.0295,0.0120,-1.1128,1.4618,0.2805,-0.3208,0.4261,-0.1351,-0.0033,0.9886
2.9097,-0.1902,1.1035,0.0243,-0.2456,0.2468,-0.0290,0.0087,-1.1111,1.4588,0.2756,-0.3232,0.4248,-0.1352,-0.0020,0.9871
2.9100,-0.1897,1.1014,0.0253,-0.2452,0.2465,-0.0286,0.0105,-1.1094,1.4556,0.2729,-0.3246,0.4241,-0.1364,-0.0030,0.9856
2.9296,-0.1892,1.0996,0.0263,-0.2454,0.2468,-0.0283,0.0143,-1.1080,1.4527,0.2704,-0.3265,0.4240,-0.1369,-0.0032,0.9842
2.9301,-0.1887,1.0976,0.0263,-0.2454,0.2468,-0.0279,0.0143,-1.1063,1.4496,0.2677,-0.3278,0.4232,-0.1372,-0.0016,0.9828
2.9497,-0.1881,1.0958,0.0282,-0.2443,0.2459,-0.0275,0.0210,-1.1046,1.4465,0.2655,-0.3291,0.4228,-0.1373,-0.0003,0.9813
2.9500,-0.1876,1.0940,0.0282,-0.2443,0.2459,-0.0272,0.0210,-1.1029,1.4435,0.2655,-0.3291,0.4228,-0.1371,-0.0003,0.9798
2.9595,-0.1870,1.0923,0.0304,-0.2431,0.2450,-0.0270,0.0253,-1.1011,1.4405,0.2618,-0.3320,0.4228,-0.1370,0.0088,0.9782
2.9694,-0.1862,1.0904,0.0316,-0.2424,0.2444,-0.0270,0.0251,-1.0988,1.4371,0.2599,-0.3331,0.4225,-0.1367,0.0099,0.9763
2.9696,-0.1857,1.0888,0.0316,-0.2424,0.2444,-0.0270,0.0251,-1.0971,1.4344,0.2599,-0.3331,0.4225,-0.1360,0.0099,0.9748
2.9896,-0.1850,1.0869,0.0343,-0.2409,0.2433,-0.0270,0.0238,-1.0951,1.4311,0.2569,-0.3354,0.4225,-0.1355,0.0081,0.9730
2.9899,-0.1844,1.0850,0.0343,-0.2409,0.2433,-0.0270,0.0238,-1.0933,1.4278,0.2569,-0.3354,0.4225,-0.1354,0.0081,0.9714
2.9996,-0.1839,1.0833,0.0369,-0.2402,0.2430,-0.0270,0.0226,-1.0917,1.4248,0.2539,-0.3387,0.4233,-0.1354,0.0081,0.9700
3.0001,-0.1832,1.0814,0.0369,-0.2402,0.2430,-0.0271,0.0226,-1.0899,1.4215,0.2539,-0.3387,0.4233,-0.1352,0.0081,0.9684
3.0196,-0.1827,1.0797,0.0391,-0.2391,0.2423,-0.0272,0.0323,-1.0883,1.4183,0.2498,-0.3415,0.4231,-0.1354,0.0178,0.9669
3.0201,-0.1820,1.0777,0.0391,-0.2391,0.2423,-0.0272,0.0323,-1.0865,1.4149,0.2498,-0.3415,0.4231,-0.1355,0.0178,0.9654
3.0399,-0.1813,1.0757,0.0417,-0.2380,0.2416,-0.0272,0.0361,-1.0847,1.4117,0.2452,-0.3442,0.4226,-0.1355,0.0191,0.9638
3.0402,-0.1808,1.0742,0.0431,-0.2381,0.2420,-0.0271,0.0357,-1.0831,1.4088,0.2452,-0.3442,0.4226,-0.1355,0.0191,0.9623
3.0495,-0.1802,1.0724,0.0440,-0.2362,0.2403,-0.0270,0.0359,-1.0812,1.4055,0.2417,-0.3460,0.4221,-0.1355,0.0169,0.9607
3.0498,-0.1794,1.0704,0.0440,-0.2362,0.2403,-0.0269,0.0359,-1.0792,1.4020,0.2414,-0.3479,0.4234,-0.1355,0.0158,0.9589
3.0698,-0.1789,1.0687,0.0465,-0.2359,0.2404,-0.0268,0.0361,-1.0776,1.3990,0.2411,-0.3498,0.4248,-0.1355,0.0173,0.9575
3.0701,-0.1783,1.0667,0.0474,-0.2349,0.2396,-0.0268,0.0386,-1.0761,1.3959,0.2402,-0.3506,0.4250,-0.1357,0.0202,0.9562
3.0898,-0.1775,1.0645,0.0484,-0.2349,0.2398,-0.0268,0.0374,-1.0744,1.3924,0.2390,-0.3518,0.4253,-0.1359,0.0226,0.9550
3.0902,-0.1767,1.0627,0.0484,-0.2349,0.2398,-0.0267,0.0374,-1.0731,1.3893,0.2390,-0.3518,0.4253,-0.1359,0.0226,0.9540
3.0995,-0.1756,1.0607,0.0514,-0.2343,0.2399,-0.0267,0.0376,-1.0713,1.3858,0.2357,-0.3545,0.4257,-0.1358,0.0255,0.9529
3.0998,-0.1747,1.0590,0.0514,-0.2343,0.2399,-0.0268,0.0376,-1.0699,1.3828,0.2357,-0.3545,0.4257,-0.1358,0.0255,0.9519
3.1198,-0.1737,1.0572,0.0551,-0.2339,0.2403,-0.0268,0.0368,-1.0682,1.3795,0.2326,-0.3575,0.4265,-0.1352,0.0265,0.9508
3.1201,-0.1729,1.0557,0.0568,-0.2327,0.2395,-0.0270,0.0363,-1.0666,1.3764,0.2302,-0.3582,0.4258,-0.1345,0.0239,0.9495
3.1395,-0.1718,1.0538,0.0583,-0.2320,0.2392,-0.0278,0.0353,-1.0645,1.3727,0.2290,-0.3593,0.4261,-0.1333,0.0232,0.9480
3.1398,-0.1710,1.0522,0.0583,-0.2320,0.2392,-0.0289,0.0353,-1.0629,1.3697,0.2279,-0.3607,0.4267,-0.1324,0.0231,0.9467
3.1498,-0.1702,1.0506,0.0613,-0.2304,0.2384,-0.0295,0.0309,-1.0611,1.3665,0.2273,-0.3618,0.4272,-0.1315,0.0231,0.9453
3.1503,-0.1693,1.0487,0.0625,-0.2293,0.2376,-0.0307,0.0287,-1.0594,1.3631,0.2273,-0.3618,0.4272,-0.1304,0.0231,0.9440
3.1696,-0.1687,1.0469,0.0639,-0.2293,0.2380,-0.0319,0.0270,-1.0579,1.3599,0.2257,-0.3637,0.4280,-0.1295,0.0164,0.9427
3.1698,-0.1680,1.0450,0.0639,-0.2293,0.2380,-0.0335,0.0270,-1.0563,1.3564,0.2257,-0.3637,0.4280,-0.1276,0.0164,0.9413
3.1795,-0.1675,1.0434,0.0658,-0.2290,0.2382,-0.0347,0.0287,-1.0550,1.3532,0.2235,-0.3659,0.4288,-0.1261,0.0094,0.9401
3.1797,-0.1668,1.0413,0.0664,-0.2281,0.2376,-0.0358,0.0291,-1.0536,1.3495,0.2210,-0.3666,0.4281,-0.1243,0.0104,0.9388
3.1997,-0.1662,1.0396,0.0671,-0.2275,0.2372,-0.0361,0.0305,-1.0523,1.3462,0.2182,-0.3680,0.4278,-0.1224,0.0096,0.9376
3.2001,-0.1655,1.0377,0.0671,-0.2275,0.2372,-0.0360,0.0305,-1.0507,1.3428,0.2182,-0.3680,0.4278,-0.1210,0.0096,0.9363
3.2195,-0.1647,1.0359,0.0687,-0.2267,0.2369,-0.0360,0.0321,-1.0493,1.3397,0.2134,-0.3706,0.4276,-0.1194,0.0139,0.9353
3.2198,-0.1637,1.0339,0.0687,-0.2267,0.2369,-0.0363,0.0321,-1.0475,1.3362,0.2134,-0.3706,0.4276,-0.1161,0.0139,0.9340
3.2397,-0.1629,1.0325,0.0710,-0.2260,0.2369,-0.0366,0.0301,-1.0461,1.3333,0.2111,-0.3728,0.4284,-0.1145,0.0127,0.9330
3.2403,-0.1618,1.0305,0.0710,-0.2260,0.2369,-0.0369,0.0301,-1.0441,1.3298,0.2111,-0.3728,0.4284,-0.1127,0.0127,0.9317
3.2497,-0.1594,1.0267,0.0753,-0.2244,0.2367,-0.0373,0.0308,-1.0422,1.3263,0.2108,-0.3742,0.4295,-0.1108,0.0062,0.9323
3.2499,-0.1594,1.0267,0.0753,-0.2244,0.2367,-0.0373,0.0308,-1.0406,1.3229,0.2112,-0.3756,0.4309,-0.1100,0.0017,0.9297
3.2696,-0.1581,1.0247,0.0771,-0.2243,0.2372,-0.0375,0.0317,-1.0391,1.3196,0.2109,-0.3767,0.4317,-0.1101,0.0002,0.9291
3.2699,-0.1570,1.0229,0.0771,-0.2243,0.2372,-0.0381,0.0317,-1.0379,1.3163,0.2109,-0.3767,0.4317,-0.1100,0.0002,0.9285
3.2796,-0.1546,1.0193,0.0817,-0.2231,0.2376,-0.0395,0.0371,-1.0369,1.3135,0.2084,-0.3782,0.4318,-0.1095,-0.0042,0.9300
3.2798,-0.1546,1.0193,0.0817,-0.2231,0.2376,-0.0395,0.0371,-1.0356,1.3101,0.2084,-0.3782,0.4318,-0.1076,-0.0042,0.9278
3.2997,-0.1519,1.0154,0.0853,-0.2231,0.2389,-0.0414,0.0411,-1.0340,1.3066,0.2042,-0.3794,0.4309,-0.1047,-0.0130,0.9289
3.3000,-0.1519,1.0154,0.0853,-0.2231,0.2389,-0.0414,0.0411,-1.0325,1.3035,0.2042,-0.3794,0.4309,-0.1019,-0.0130,0.9265
3.3197,-0.1507,1.0135,0.0870,-0.2232,0.2395,-0.0421,0.0423,-1.0308,1.3004,0.2018,-0.3810,0.4311,-0.1005,-0.0199,0.9257
3.3200,-0.1496,1.0112,0.0870,-0.2232,0.2395,-0.0429,0.0423,-1.0290,1.2970,0.2018,-0.3810,0.4311,-0.0995,-0.0199,0.9247
3.3396,-0.1489,1.0095,0.0898,-0.2239,0.2412,-0.0432,0.0433,-1.0277,1.2943,0.2012,-0.3825,0.4322,-0.0996,-0.0232,0.9237
3.3400,-0.1482,1.0073,0.0898,-0.2239,0.2412,-0.0433,0.0433,-1.0260,1.2910,0.2006,-0.3825,0.4319,-0.0997,-0.0244,0.9225
3.3492,-0.1475,1.0052,0.0908,-0.2235,0.2412,-0.0434,0.0481,-1.0245,1.2877,0.2000,-0.3827,0.4318,-0.1000,-0.0236,0.9215
3.3494,-0.1467,1.0031,0.0908,-0.2235,0.2412,-0.0435,0.0481,-1.0232,1.2843,0.2000,-0.3827,0.4318,-0.1016,-0.0236,0.9205
3.3698,-0.1461,1.0012,0.0921,-0.2242,0.2424,-0.0434,0.0522,-1.0221,1.2813,0.1984,-0.3844,0.4326,-0.1028,-0.0152,0.9197
3.3701,-0.1453,0.9993,0.0921,-0.2242,0.2424,-0.0432,0.0522,-1.0208,1.2781,0.1984,-0.3844,0.4326,-0.1031,-0.0152,0.9188
3.3795,-0.1444,0.9974,0.0931,-0.2240,0.2425,-0.0431,0.0493,-1.0195,1.2748,0.1949,-0.3850,0.4315,-0.1027,-0.0044,0.9180
3.3799,-0.1432,0.9952,0.0931,-0.2240,0.2425,-0.0431,0.0493,-1.0178,1.2711,0.1949,-0.3850,0.4315,-0.1014,-0.0044,0.9171
3.3995,-0.1421,0.9934,0.0957,-0.2243,0.2438,-0.0427,0.0489,-1.0162,1.2680,0.1933,-0.3871,0.4327,-0.0997,0.0021,0.9162
3.4000,-0.1412,0.9917,0.0957,-0.2243,0.2438,-0.0422,0.0489,-1.0147,1.2651,0.1933,-0.3871,0.4327,-0.0987,0.0021,0.9153
3.4197,-0.1400,0.9895,0.0979,-0.2237,0.2442,-0.0413,0.0462,-1.0131,1.2616,0.1928,-0.3874,0.4328,-0.0982,0.0031,0.9145
3.4201,-0.1390,0.9878,0.0979,-0.2237,0.2442,-0.0408,0.0462,-1.0117,1.2586,0.1928,-0.3874,0.4328,-0.0980,0.0031,0.9137
3.4296,-0.1381,0.9858,0.1004,-0.2237,0.2452,-0.0401,0.0402,-1.0103,1.2552,0.1925,-0.3882,0.4333,-0.0982,-0.0002,0.9129
3.4299,-0.1372,0.9839,0.1004,-0.2237,0.2452,-0.0397,0.0402,-1.0090,1.2520,0.1925,-0.3882,0.4333,-0.0985,-0.0002,0.9121
3.4496,-0.1364,0.9819,0.1019,-0.2239,0.2460,-0.0395,0.0371,-1.0077,1.2488,0.1914,-0.3891,0.4336,-0.0989,0.0012,0.9113
3.4500,-0.1355,0.9799,0.1019,-0.2239,0.2460,-0.0390,0.0371,-1.0065,1.2456,0.1903,-0.3895,0.4335,-0.0999,0.0022,0.9107
3.4696,-0.1345,0.9778,0.1030,-0.2248,0.2472,-0.0385,0.0391,-1.0053,1.2422,0.1891,-0.3897,0.4332,-0.1008,0.0044,0.9101
3.4699,-0.1339,0.9760,0.1033,-0.2252,0.2478,-0.0380,0.0431,-1.0043,1.2394,0.1871,-0.3898,0.4324,-0.1010,0.0057,0.9094
3.4796,-0.1328,0.9738,0.1036,-0.2257,0.2483,-0.0370,0.0451,-1.0029,1.2358,0.1856,-0.3900,0.4320,-0.1007,0.0069,0.9087
3.4801,-0.1318,0.9718,0.1036,-0.2257,0.2483,-0.0357,0.0451,-1.0015,1.2326,0.1856,-0.3900,0.4320,-0.1005,0.0069,0.9079
3.4896,-0.1308,0.9699,0.1051,-0.2263,0.2496,-0.0349,0.0489,-0.9999,1.2294,0.1835,-0.3905,0.4315,-0.1004,0.0097,0.9070
3.5098,-0.1295,0.9679,0.1061,-0.2268,0.2504,-0.0338,0.0462,-0.9981,1.2262,0.1837,-0.3907,0.4317,-0.0996,0.0109,0.9062
3.5102,-0.1285,0.9661,0.1074,-0.2270,0.2511,-0.0334,0.0394,-0.9966,1.2232,0.1836,-0.3905,0.4315,-0.0995,0.0083,0.9054
3.5197,-0.1272,0.9642,0.1084,-0.2271,0.2517,-0.0325,0.0360,-0.9948,1.2199,0.1835,-0.3902,0.4312,-0.0997,0.0076,0.9045
3.5199,-0.1262,0.9624,0.1084,-0.2271,0.2517,-0.0316,0.0360,-0.9934,1.2169,0.1835,-0.3902,0.4312,-0.1000,0.0076,0.9039
3.5399,-0.1252,0.9603,0.1102,-0.2267,0.2520,-0.0308,0.0377,-0.9921,1.2138,0.1824,-0.3895,0.4301,-0.1016,0.0041,0.9032
3.5403,-0.1244,0.9586,0.1102,-0.2267,0.2520,-0.0304,0.0377,-0.9910,1.2108,0.1824,-0.3895,0.4301,-0.1028,0.0041,0.9025
3.5596,-0.1236,0.9566,0.1115,-0.2275,0.2534,-0.0296,0.0406,-0.9898,1.2075,0.1804,-0.3895,0.4293,-0.1035,-0.0024,0.9018
3.5599,-0.1227,0.9546,0.1115,-0.2275,0.2534,-0.0287,0.0406,-0.9887,1.2043,0.1804,-0.3895,0.4293,-0.1039,-0.0024,0.9012
3.5697,-0.1218,0.9527,0.1123,-0.2282,0.2543,-0.0273,0.0405,-0.9874,1.2009,0.1778,-0.3896,0.4282,-0.1041,-0.0046,0.9005
3.5702,-0.1209,0.9510,0.1131,-0.2281,0.2545,-0.0261,0.0449,-0.9861,1.1978,0.1773,-0.3900,0.4284,-0.1045,-0.0052,0.8998
3.5896,-0.1198,0.9492,0.1132,-0.2271,0.2538,-0.0254,0.0455,-0.9849,1.1949,0.1765,-0.3892,0.4274,-0.1048,-0.0064,0.8992
3.5996,-0.1185,0.9472,0.1137,-0.2270,0.2539,-0.0240,0.0454,-0.9831,1.1913,0.1764,-0.3890,0.4271,-0.1052,-0.0077,0.8984
3.6001,-0.1173,0.9455,0.1137,-0.2270,0.2539,-0.0231,0.0454,-0.9817,1.1882,0.1764,-0.3890,0.4271,-0.1056,-0.0077,0.8978
3.6097,-0.1161,0.9436,0.1147,-0.2270,0.2543,-0.0219,0.0463,-0.9802,1.1850,0.1764,-0.3891,0.4272,-0.1063,-0.0102,0.8972
3.6101,-0.1150,0.9419,0.1152,-0.2271,0.2547,-0.0203,0.0466,-0.9788,1.1819,0.1764,-0.3891,0.4272,-0.1070,-0.0102,0.8965
3.6295,-0.1138,0.9401,0.1158,-0.2275,0.2553,-0.0188,0.0465,-0.9773,1.1788,0.1756,-0.3890,0.4268,-0.1078,-0.0084,0.8959
3.6297,-0.1127,0.9383,0.1158,-0.2275,0.2553,-0.0173,0.0465,-0.9758,1.1756,0.1756,-0.3890,0.4268,-0.1088,-0.0084,0.8951
3.6498,-0.1116,0.9365,0.1166,-0.2278,0.2559,-0.0151,0.0493,-0.9744,1.1725,0.1741,-0.3882,0.4255,-0.1098,-0.0081,0.8945
3.6501,-0.1104,0.9344,0.1172,-0.2283,0.2566,-0.0127,0.0508,-0.9730,1.1692,0.1734,-0.3880,0.4250,-0.1108,-0.0107,0.8940
3.6597,-0.1095,0.9330,0.1180,-0.2285,0.2571,-0.0112,0.0519,-0.9719,1.1665,0.1729,-0.3879,0.4247,-0.1110,-0.0127,0.8934
3.6602,-0.1081,0.9309,0.1180,-0.2285,0.2571,-0.0086,0.0519,-0.9703,1.1628,0.1729,-0.3879,0.4247,-0.1114,-0.0127,0.8929
3.6794,-0.1070,0.9292,0.1198,-0.2282,0.2577,-0.0064,0.0472,-0.9691,1.1598,0.1719,-0.3872,0.4236,-0.1117,-0.0125,0.8925
3.6894,-0.1058,0.9274,0.1210,-0.2284,0.2585,-0.0045,0.0428,-0.9678,1.1564,0.1719,-0.3869,0.4233,-0.1119,-0.0180,0.8919
3.6896,-0.1046,0.9257,0.1210,-0.2284,0.2585,-0.0030,0.0428,-0.9665,1.1532,0.1719,-0.3869,0.4233,-0.1124,-0.0180,0.8914
3.7096,-0.1034,0.9240,0.1233,-0.2277,0.2589,-0.0018,0.0374,-0.9651,1.1497,0.1716,-0.3861,0.4225,-0.1129,-0.0231,0.8908
3.7100,-0.1024,0.9224,0.1233,-0.2277,0.2589,-0.0004,0.0374,-0.9639,1.1466,0.1716,-0.3861,0.4225,-0.1131,-0.0231,0.8902
3.7196,-0.1014,0.9206,0.1245,-0.2269,0.2589,0.0016,0.0345,-0.9627,1.1433,0.1707,-0.3862,0.4222,-0.1133,-0.0226,0.8896
3.7198,-0.1004,0.9190,0.1245,-0.2269,0.2589,0.0037,0.0345,-0.9615,1.1401,0.1707,-0.3862,0.4222,-0.1133,-0.0226,0.8890
3.7396,-0.0993,0.9175,0.1250,-0.2269,0.2591,0.0052,0.0280,-0.9603,1.1367,0.1691,-0.3865,0.4219,-0.1132,-0.0211,0.8885
3.7399,-0.0982,0.9158,0.1249,-0.2261,0.2583,0.0071,0.0218,-0.9592,1.1334,0.1676,-0.3862,0.4210,-0.1131,-0.0195,0.8881
3.7595,-0.0971,0.9143,0.1248,-0.2257,0.2579,0.0081,0.0143,-0.9582,1.1300,0.1661,-0.3859,0.4202,-0.1131,-0.0215,0.8877
3.7597,-0.0959,0.9127,0.1248,-0.2257,0.2579,0.0084,0.0143,-0.9573,1.1265,0.1661,-0.3859,0.4202,-0.1130,-0.0215,0.8876
3.7695,-0.0949,0.9111,0.1245,-0.2240,0.2563,0.0088,0.0135,-0.9566,1.1231,0.1636,-0.3860,0.4193,-0.1128,-0.0228,0.8874
3.7699,-0.0938,0.9095,0.1245,-0.2240,0.2563,0.0098,0.0135,-0.9557,1.1195,0.1636,-0.3860,0.4193,-0.1124,-0.0228,0.8871
3.7898,-0.0929,0.9082,0.1242,-0.2236,0.2558,0.0103,0.0123,-0.9550,1.1162,0.1623,-0.3880,0.4206,-0.1115,-0.0142,0.8868
3.7902,-0.0919,0.9066,0.1242,-0.2236,0.2558,0.0112,0.0123,-0.9539,1.1126,0.1613,-0.3877,0.4199,-0.1096,-0.0109,0.8863
3.8094,-0.0908,0.9051,0.1225,-0.2213,0.2529,0.0122,0.0075,-0.9530,1.1092,0.1601,-0.3880,0.4197,-0.1083,-0.0032,0.8860
3.8097,-0.0896,0.9037,0.1225,-0.2213,0.2529,0.0136,0.0075,-0.9520,1.1057,0.1601,-0.3880,0.4197,-0.1059,-0.0032,0.8857
3.8197,-0.0881,0.9020,0.1222,-0.2196,0.2513,0.0159,0.0041,-0.9507,1.1018,0.1577,-0.3893,0.4201,-0.1038,0.0007,0.8855
3.8200,-0.0868,0.9006,0.1222,-0.2196,0.2513,0.0166,0.0041,-0.9499,1.0985,0.1577,-0.3893,0.4201,-0.1025,0.0007,0.8855
3.8396,-0.0855,0.8990,0.1243,-0.2178,0.2508,0.0173,0.0037,-0.9490,1.0947,0.1556,-0.3916,0.4214,-0.1017,0.0044,0.8854
3.8400,-0.0842,0.8975,0.1243,-0.2178,0.2508,0.0183,0.0037,-0.9482,1.0909,0.1556,-0.3916,0.4214,-0.1009,0.0044,0.8854
3.8595,-0.0830,0.8961,0.1266,-0.2154,0.2499,0.0189,-0.0011,-0.9477,1.0873,0.1527,-0.3936,0.4222,-0.1005,0.0139,0.8856
3.8597,-0.0817,0.8946,0.1266,-0.2154,0.2499,0.0198,-0.0011,-0.9473,1.0836,0.1527,-0.3936,0.4222,-0.1000,0.0139,0.8860
3.8695,-0.0804,0.8932,0.1288,-0.2133,0.2492,0.0210,-0.0030,-0.9470,1.0798,0.1495,-0.3955,0.4228,-0.0995,0.0322,0.8864
3.8698,-0.0791,0.8919,0.1288,-0.2133,0.2492,0.0222,-0.0030,-0.9466,1.0759,0.1495,-0.3955,0.4228,-0.0991,0.0322,0.8868
3.8895,-0.0776,0.8904,0.1307,-0.2111,0.2483,0.0234,-0.0036,-0.9462,1.0719,0.1458,-0.3979,0.4237,-0.0978,0.0634,0.8874
3.8897,-0.0760,0.8889,0.1311,-0.2097,0.2473,0.0244,-0.0037,-0.9456,1.0677,0.1431,-0.3985,0.4234,-0.0951,0.0780,0.8878
3.8992,-0.0746,0.8877,0.1323,-0.2090,0.2474,0.0252,-0.0033,-0.9449,1.0641,0.1411,-0.4005,0.4246,-0.0923,0.0917,0.8880
3.8994,-0.0731,0.8861,0.1323,-0.2090,0.2474,0.0264,-0.0033,-0.9438,1.0603,0.1411,-0.4005,0.4246,-0.0891,0.0917,0.8879
3.9196,-0.0717,0.8847,0.1338,-0.2069,0.2464,0.0273,-0.0036,-0.9427,1.0568,0.1386,-0.4027,0.4259,-0.0875,0.1041,0.8878
3.9199,-0.0703,0.8833,0.1338,-0.2069,0.2464,0.0282,-0.0036,-0.9417,1.0534,0.1386,-0.4027,0.4259,-0.0863,0.1041,0.8878
3.9397,-0.0688,0.8819,0.1355,-0.2048,0.2456,0.0288,-0.0037,-0.9407,1.0500,0.1372,-0.4035,0.4262,-0.0848,0.0992,0.8879
3.9401,-0.0674,0.8806,0.1355,-0.2048,0.2456,0.0293,-0.0037,-0.9398,1.0466,0.1365,-0.4040,0.4265,-0.0839,0.0917,0.8881
3.9496,-0.0659,0.8791,0.1379,-0.2028,0.2452,0.0300,-0.0043,-0.9390,1.0430,0.1358,-0.4044,0.4266,-0.0836,0.0850,0.8883
3.9499,-0.0644,0.8776,0.1379,-0.2028,0.2452,0.0311,-0.0043,-0.9382,1.0393,0.1358,-0.4044,0.4266,-0.0838,0.0850,0.8887
3.9700,-0.0613,0.8748,0.1402,-0.2004,0.2446,0.0331,-0.0103,-0.9376,1.0358,0.1341,-0.4058,0.4274,-0.0840,0.0826,0.8910
3.9703,-0.0613,0.8748,0.1402,-0.2004,0.2446,0.0331,-0.0103,-0.9370,1.0322,0.1341,-0.4058,0.4274,-0.0839,0.0826,0.8897
3.9900,-0.0581,0.8721,0.1442,-0.1968,0.2440,0.0344,-0.0117,-0.9364,1.0286,0.1318,-0.4073,0.4281,-0.0831,0.0893,0.8922
3.9903,-0.0581,0.8721,0.1442,-0.1968,0.2440,0.0344,-0.0117,-0.9356,1.0251,0.1302,-0.4080,0.4282,-0.0815,0.0902,0.8908
3.9994,-0.0564,0.8709,0.1455,-0.1955,0.2437,0.0347,-0.0153,-0.9345,1.0215,0.1286,-0.4086,0.4284,-0.0787,0.0885,0.8909
3.9997,-0.0551,0.8698,0.1455,-0.1955,0.2437,0.0347,-0.0153,-0.9336,1.0185,0.1271,-0.4094,0.4287,-0.0772,0.0866,0.8910
4.0197,-0.0534,0.8684,0.1468,-0.1927,0.2422,0.0348,-0.0184,-0.9322,1.0148,0.1260,-0.4095,0.4284,-0.0759,0.0877,0.8909
4.0202,-0.0520,0.8672,0.1476,-0.1916,0.2419,0.0348,-0.0185,-0.9313,1.0116,0.1253,-0.4102,0.4289,-0.0755,0.0873,0.8911
4.0395,-0.0502,0.8658,0.1484,-0.1903,0.2413,0.0348,-0.0201,-0.9306,1.0079,0.1242,-0.4106,0.4290,-0.0757,0.0879,0.8918
4.0399,-0.0489,0.8648,0.1484,-0.1903,0.2413,0.0350,-0.0201,-0.9303,1.0050,0.1242,-0.4106,0.4290,-0.0761,0.0879,0.8925
4.0497,-0.0472,0.8635,0.1510,-0.1878,0.2410,0.0350,-0.0238,-0.9301,1.0016,0.1214,-0.4116,0.4291,-0.0768,0.0948,0.8936
4.0501,-0.0455,0.8623,0.1510,-0.1878,0.2410,0.0350,-0.0238,-0.9299,0.9981,0.1195,-0.4119,0.4288,-0.0783,0.0953,0.8948
4.0696,-0.0437,0.8610,0.1545,-0.1847,0.2408,0.0348,-0.0309,-0.9298,0.9947,0.1175,-0.4122,0.4287,-0.0792,0.0946,0.8961
4.0698,-0.0421,0.8599,0.1545,-0.1847,0.2408,0.0348,-0.0309,-0.9296,0.9913,0.1175,-0.4122,0.4287,-0.0792,0.0946,0.8972
4.0796,-0.0403,0.8587,0.1576,-0.1822,0.2409,0.0349,-0.0380,-0.9293,0.9879,0.1131,-0.4131,0.4283,-0.0790,0.0952,0.8983
4.0803,-0.0384,0.8574,0.1576,-0.1822,0.2409,0.0348,-0.0380,-0.9287,0.9843,0.1131,-0.4131,0.4283,-0.0777,0.0952,0.8993
4.0996,-0.0367,0.8563,0.1602,-0.1797,0.2407,0.0347,-0.0406,-0.9281,0.9811,0.1088,-0.4141,0.4281,-0.0763,0.0951,0.9001
4.0999,-0.0348,0.8550,0.1602,-0.1797,0.2407,0.0347,-0.0406,-0.9275,0.9777,0.1070,-0.4142,0.4279,-0.0750,0.0942,0.9011
4.1201,-0.0330,0.8538,0.1625,-0.1772,0.2404,0.0347,-0.0392,-0.9270,0.9744,0.1053,-0.4146,0.4277,-0.0737,0.0884,0.9021
4.1205,-0.0311,0.8525,0.1639,-0.1762,0.2406,0.0346,-0.0392,-0.9265,0.9709,0.1036,-0.4149,0.4277,-0.0726,0.0837,0.9031
4.1399,-0.0295,0.8514,0.1654,-0.1750,0.2408,0.0337,-0.0399,-0.9260,0.9677,0.1018,-0.4158,0.4281,-0.0715,0.0778,0.9040
4.1404,-0.0278,0.8502,0.1665,-0.1737,0.2406,0.0329,-0.0400,-0.9255,0.9640,0.0996,-0.4159,0.4277,-0.0697,0.0761,0.9049
4.1499,-0.0245,0.8478,0.1677,-0.1725,0.2406,0.0310,-0.0400,-0.9249,0.9603,0.0979,-0.4169,0.4283,-0.0674,0.0765,0.9073
4.1503,-0.0245,0.8478,0.1677,-0.1725,0.2406,0.0310,-0.0400,-0.9244,0.9571,0.0962,-0.4177,0.4286,-0.0655,0.0780,0.9064
4.1699,-0.0229,0.8466,0.1700,-0.1704,0.2407,0.0301,-0.0410,-0.9238,0.9536,0.0951,-0.4188,0.4295,-0.0633,0.0775,0.9072
4.1704,-0.0212,0.8454,0.1700,-0.1704,0.2407,0.0296,-0.0410,-0.9233,0.9501,0.0951,-0.4188,0.4295,-0.0613,0.0775,0.9081
4.1898,-0.0193,0.8440,0.1715,-0.1677,0.2398,0.0292,-0.0333,-0.9228,0.9464,0.0916,-0.4194,0.4293,-0.0589,0.0737,0.9092
4.1901,-0.0176,0.8429,0.1715,-0.1677,0.2398,0.0292,-0.0333,-0.9223,0.9429,0.0900,-0.4202,0.4297,-0.0567,0.0679,0.9102
4.1997,-0.0156,0.8417,0.1739,-0.1657,0.2402,0.0292,-0.0309,-0.9217,0.9393,0.0884,-0.4206,0.4297,-0.0531,0.0651,0.9113
4.2002,-0.0139,0.8408,0.1739,-0.1657,0.2402,0.0289,-0.0309,-0.9212,0.9361,0.0868,-0.4209,0.4298,-0.0512,0.0630,0.9122
4.2198,-0.0120,0.8397,0.1770,-0.1633,0.2408,0.0286,-0.0288,-0.9205,0.9327,0.0855,-0.4211,0.4297,-0.0496,0.0603,0.9132
4.2204,-0.0101,0.8384,0.1770,-0.1633,0.2408,0.0276,-0.0288,-0.9197,0.9292,0.0844,-0.4212,0.4296,-0.0480,0.0544,0.9141
4.2296,-0.0086,0.8374,0.1805,-0.1612,0.2420,0.0273,-0.0234,-0.9192,0.9262,0.0836,-0.4217,0.4299,-0.0461,0.0407,0.9149
4.2299,-0.0068,0.8362,0.1814,-0.1602,0.2420,0.0268,-0.0174,-0.9187,0.9227,0.0822,-0.4210,0.4289,-0.0436,0.0331,0.9160
4.2496,-0.0050,0.8350,0.1828,-0.1592,0.2424,0.0262,-0.0110,-0.9183,0.9193,0.0810,-0.4213,0.4291,-0.0410,0.0306,0.9171
4.2499,-0.0030,0.8338,0.1828,-0.1592,0.2424,0.0256,-0.0110,-0.9178,0.9156,0.0799,-0.4214,0.4289,-0.0387,0.0287,0.9185
4.2699,0.0010,0.8314,0.1857,-0.1578,0.2437,0.0247,-0.0110,-0.9175,0.9123,0.0791,-0.4219,0.4292,-0.0367,0.0296,0.9221
4.2701,0.0010,0.8314,0.1857,-0.1578,0.2437,0.0247,-0.0110,-0.9172,0.9085,0.0782,-0.4216,0.4288,-0.0337,0.0270,0.9214
4.2796,0.0026,0.8305,0.1897,-0.1562,0.2457,0.0245,-0.0094,-0.9169,0.9055,0.0771,-0.4219,0.4289,-0.0314,0.0218,0.9226
4.2799,0.0047,0.8293,0.1897,-0.1562,0.2457,0.0241,-0.0094,-0.9166,0.9017,0.0771,-0.4219,0.4289,-0.0278,0.0218,0.9241
4.2997,0.0066,0.8281,0.1931,-0.1547,0.2474,0.0239,-0.0041,-0.9162,0.8982,0.0747,-0.4218,0.4283,-0.0246,0.0184,0.9254
4.3000,0.0084,0.8268,0.1947,-0.1541,0.2483,0.0236,0.0004,-0.9156,0.8945,0.0736,-0.4221,0.4284,-0.0205,0.0185,0.9265
4.3198,0.0101,0.8255,0.1961,-0.1538,0.2492,0.0235,0.0017,-0.9150,0.8910,0.0728,-0.4225,0.4287,-0.0167,0.0170,0.9274
4.3202,0.0117,0.8244,0.1961,-0.1538,0.2492,0.0236,0.0017,-0.9145,0.8878,0.0716,-0.4217,0.4277,-0.0133,0.0176,0.9283
4.3296,0.0137,0.8232,0.1971,-0.1523,0.2491,0.0237,0.0005,-0.9139,0.8842,0.0708,-0.4215,0.4274,-0.0097,0.0165,0.9295
4.3299,0.0155,0.8221,0.1971,-0.1523,0.2491,0.0238,0.0005,-0.9134,0.8809,0.0702,-0.4210,0.4268,-0.0071,0.0110,0.9308
4.3498,0.0177,0.8208,0.1993,-0.1507,0.2499,0.0238,0.0008,-0.9130,0.8771,0.0695,-0.4200,0.4257,-0.0044,0.0021,0.9323
4.3502,0.0194,0.8198,0.2012,-0.1505,0.2513,0.0238,-0.0002,-0.9127,0.8739,0.0695,-0.4204,0.4261,-0.0019,-0.0104,0.9337
4.3698,0.0215,0.8185,0.2022,-0.1496,0.2515,0.0239,-0.0004,-0.9122,0.8701,0.0693,-0.4194,0.4250,0.0011,-0.0287,0.9351
4.3701,0.0231,0.8175,0.2022,-0.1496,0.2515,0.0238,-0.0004,-0.9119,0.8669,0.0695,-0.4194,0.4251,0.0031,-0.0445,0.9363
4.3797,0.0250,0.8164,0.2043,-0.1487,0.2527,0.0238,-0.0002,-0.9114,0.8634,0.0695,-0.4179,0.4236,0.0063,-0.0668,0.9375
4.3799,0.0269,0.8153,0.2043,-0.1487,0.2527,0.0237,-0.0002,-0.9109,0.8598,0.0695,-0.4179,0.4236,0.0090,-0.0668,0.9388
4.3994,0.0288,0.8142,0.2058,-0.1472,0.2530,0.0237,-0.0021,-0.9103,0.8561,0.0695,-0.4159,0.4216,0.0114,-0.1001,0.9401
4.3997,0.0310,0.8130,0.2069,-0.1469,0.2538,0.0235,-0.0035,-0.9098,0.8523,0.0695,-0.4159,0.4216,0.0138,-0.1001,0.9416
4.4197,0.0329,0.8119,0.2082,-0.1462,0.2544,0.0235,-0.0046,-0.9093,0.8487,0.0680,-0.4158,0.4214,0.0166,-0.1036,0.9429
4.4201,0.0348,0.8108,0.2082,-0.1462,0.2544,0.0236,-0.0046,-0.9089,0.8453,0.0668,-0.4162,0.4215,0.0196,-0.0986,0.9443
4.4295,0.0367,0.8098,0.2103,-0.1451,0.2555,0.0235,-0.0067,-0.9084,0.8419,0.0656,-0.4163,0.4214,0.0228,-0.0884,0.9456
4.4299,0.0389,0.8085,0.2103,-0.1451,0.2555,0.0236,-0.0067,-0.9078,0.8382,0.0656,-0.4163,0.4214,0.0265,-0.0884,0.9472
4.4496,0.0408,0.8074,0.2127,-0.1442,0.2570,0.0236,-0.0071,-0.9073,0.8349,0.0641,-0.4167,0.4216,0.0292,-0.0736,0.9485
4.4499,0.0427,0.8063,0.2127,-0.1442,0.2570,0.0236,-0.0071,-0.9068,0.8316,0.0641,-0.4167,0.4216,0.0316,-0.0736,0.9498
4.4699,0.0446,0.8052,0.2142,-0.1425,0.2573,0.0239,-0.0118,-0.9062,0.8280,0.0630,-0.4155,0.4202,0.0349,-0.0739,0.9511
4.4702,0.0462,0.8044,0.2142,-0.1425,0.2573,0.0239,-0.0118,-0.9058,0.8249,0.0630,-0.4155,0.4202,0.0377,-0.0739,0.9523
4.4798,0.0485,0.8030,0.2152,-0.1409,0.2572,0.0242,-0.0214,-0.9051,0.8208,0.0624,-0.4146,0.4193,0.0414,-0.0829,0.9538
4.4804,0.0504,0.8019,0.2165,-0.1408,0.2582,0.0243,-0.0251,-0.9046,0.8174,0.0626,-0.4155,0.4202,0.0442,-0.0846,0.9550
4.4999,0.0524,0.8006,0.2168,-0.1404,0.2583,0.0244,-0.0253,-0.9039,0.8136,0.0621,-0.4154,0.4200,0.0473,-0.0831,0.9564
4.5003,0.0540,0.7996,0.2177,-0.1405,0.2591,0.0245,-0.0246,-0.9033,0.8104,0.0621,-0.4154,0.4200,0.0496,-0.0831,0.9574
4.5198,0.0560,0.7984,0.2182,-0.1404,0.2595,0.0245,-0.0234,-0.9026,0.8067,0.0605,-0.4161,0.4205,0.0530,-0.0707,0.9586
4.5202,0.0578,0.7973,0.2182,-0.1404,0.2595,0.0245,-0.0234,-0.9019,0.8034,0.0605,-0.4161,0.4205,0.0558,-0.0707,0.9598
4.5294,0.0597,0.7961,0.2196,-0.1399,0.2603,0.0244,-0.0203,-0.9013,0.7999,0.0588,-0.4165,0.4207,0.0589,-0.0603,0.9609
4.5296,0.0617,0.7950,0.2196,-0.1399,0.2603,0.0244,-0.0203,-0.9005,0.7964,0.0588,-0.4165,0.4207,0.0622,-0.0603,0.9623
4.5501,0.0637,0.7939,0.2213,-0.1396,0.2617,0.0244,-0.0165,-0.8998,0.7930,0.0595,-0.4173,0.4215,0.0661,-0.0574,0.9635
4.5504,0.0657,0.7928,0.2213,-0.1396,0.2617,0.0242,-0.0165,-0.8990,0.7897,0.0595,-0.4173,0.4215,0.0687,-0.0574,0.9648
4.5699,0.0676,0.7918,0.2224,-0.1390,0.2623,0.0242,-0.0133,-0.8984,0.7864,0.0617,-0.4169,0.4214,0.0707,-0.0659,0.9660
4.5703,0.0697,0.7906,0.2224,-0.1390,0.2623,0.0240,-0.0133,-0.8978,0.7828,0.0617,-0.4169,0.4214,0.0729,-0.0659,0.9675
4.5794,0.0714,0.7896,0.2235,-0.1387,0.2630,0.0239,-0.0108,-0.8974,0.7795,0.0636,-0.4171,0.4219,0.0746,-0.0715,0.9688
4.5797,0.0736,0.7882,0.2235,-0.1383,0.2628,0.0238,-0.0097,-0.8967,0.7756,0.0639,-0.4168,0.4217,0.0779,-0.0712,0.9704
4.5995,0.0756,0.7872,0.2241,-0.1383,0.2633,0.0238,-0.0094,-0.8961,0.7724,0.0640,-0.4172,0.4221,0.0811,-0.0677,0.9718
4.5998,0.0775,0.7862,0.2241,-0.1383,0.2633,0.0236,-0.0094,-0.8954,0.7690,0.0640,-0.4172,0.4221,0.0842,-0.0677,0.9730
4.6198,0.0793,0.7854,0.2246,-0.1377,0.2635,0.0237,-0.0098,-0.8948,0.7660,0.0643,-0.4174,0.4223,0.0871,-0.0567,0.9743
4.6203,0.0810,0.7846,0.2246,-0.1377,0.2635,0.0237,-0.0098,-0.8942,0.7631,0.0643,-0.4174,0.4223,0.0891,-0.0567,0.9755
4.6295,0.0832,0.7834,0.2243,-0.1359,0.2623,0.0238,-0.0116,-0.8934,0.7595,0.0644,-0.4155,0.4205,0.0919,-0.0466,0.9770
4.6301,0.0852,0.7823,0.2243,-0.1359,0.2623,0.0238,-0.0116,-0.8928,0.7563,0.0651,-0.4163,0.4214,0.0942,-0.0459,0.9784
4.6496,0.0872,0.7811,0.2260,-0.1358,0.2637,0.0238,-0.0155,-0.8921,0.7528,0.0654,-0.4154,0.4206,0.0972,-0.0440,0.9797
4.6501,0.0892,0.7800,0.2264,-0.1355,0.2638,0.0237,-0.0158,-0.8914,0.7496,0.0654,-0.4154,0.4206,0.0999,-0.0440,0.9811
4.6697,0.0910,0.7790,0.2274,-0.1355,0.2648,0.0236,-0.0165,-0.8907,0.7465,0.0659,-0.4149,0.4202,0.1029,-0.0409,0.9823
4.6702,0.0927,0.7781,0.2274,-0.1355,0.2648,0.0236,-0.0165,-0.8901,0.7435,0.0662,-0.4142,0.4195,0.1058,-0.0353,0.9834
4.6797,0.0966,0.7761,0.2279,-0.1346,0.2647,0.0232,-0.0182,-0.8892,0.7401,0.0665,-0.4132,0.4185,0.1090,-0.0276,0.9864
4.6799,0.0966,0.7761,0.2279,-0.1346,0.2647,0.0232,-0.0182,-0.8886,0.7374,0.0672,-0.4125,0.4179,0.1110,-0.0212,0.9859
4.6997,0.0989,0.7748,0.2285,-0.1336,0.2647,0.0230,-0.0184,-0.8877,0.7340,0.0674,-0.4109,0.4164,0.1143,-0.0210,0.9874
4.7001,0.1007,0.7739,0.2285,-0.1336,0.2647,0.0229,-0.0184,-0.8871,0.7311,0.0674,-0.4109,0.4164,0.1166,-0.0210,0.9887
4.7095,0.1025,0.7729,0.2292,-0.1337,0.2654,0.0227,-0.0179,-0.8864,0.7281,0.0682,-0.4100,0.4156,0.1195,-0.0219,0.9900
4.7097,0.1045,0.7719,0.2291,-0.1336,0.2652,0.0224,-0.0180,-0.8857,0.7250,0.0681,-0.4092,0.4148,0.1228,-0.0157,0.9913
4.7296,0.1064,0.7710,0.2293,-0.1331,0.2652,0.0221,-0.0184,-0.8849,0.7220,0.0681,-0.4083,0.4140,0.1266,-0.0026,0.9925
4.7299,0.1083,0.7701,0.2293,-0.1331,0.2652,0.0220,-0.0184,-0.8842,0.7192,0.0681,-0.4083,0.4140,0.1298,-0.0026,0.9938
4.7495,0.1102,0.7692,0.2303,-0.1322,0.2655,0.0218,-0.0261,-0.8835,0.7163,0.0690,-0.4071,0.4129,0.1331,0.0119,0.9950
4.7498,0.1123,0.7682,0.2303,-0.1322,0.2655,0.0216,-0.0261,-0.8826,0.7131,0.0690,-0.4071,0.4129,0.1370,0.0119,0.9965
4.7598,0.1141,0.7673,0.2307,-0.1311,0.2653,0.0216,-0.0299,-0.8819,0.7102,0.0704,-0.4050,0.4111,0.1397,0.0111,0.9977
4.7602,0.1163,0.7660,0.2306,-0.1308,0.2651,0.0212,-0.0303,-0.8811,0.7068,0.0712,-0.4042,0.4104,0.1423,0.0110,0.9991
4.7796,0.1181,0.7650,0.2305,-0.1308,0.2650,0.0210,-0.0307,-0.8805,0.7040,0.0721,-0.4033,0.4097,0.1445,0.0134,1.0004
4.7897,0.1200,0.7638,0.2310,-0.1311,0.2656,0.0208,-0.0291,-0.8796,0.7008,0.0730,-0.4030,0.4096,0.1486,0.0133,1.0016
4.7900,0.1219,0.7628,0.2307,-0.1310,0.2653,0.0207,-0.0266,-0.8789,0.6981,0.0740,-0.4017,0.4084,0.1520,0.0133,1.0029
4.8098,0.1236,0.7621,0.2307,-0.1305,0.2650,0.0205,-0.0255,-0.8783,0.6956,0.0745,-0.4002,0.4071,0.1548,0.0121,1.0041
4.8101,0.1258,0.7611,0.2304,-0.1294,0.2643,0.0201,-0.0247,-0.8775,0.6926,0.0746,-0.3978,0.4047,0.1574,0.0117,1.0056
4.8196,0.1278,0.7601,0.2313,-0.1289,0.2648,0.0193,-0.0250,-0.8768,0.6898,0.0749,-0.3968,0.4038,0.1602,0.0114,1.0070
4.8199,0.1296,0.7591,0.2313,-0.1289,0.2648,0.0186,-0.0250,-0.8760,0.6871,0.0749,-0.3968,0.4038,0.1628,0.0114,1.0082
4.8397,0.1315,0.7581,0.2319,-0.1282,0.2649,0.0179,-0.0284,-0.8753,0.6844,0.0757,-0.3942,0.4014,0.1650,0.0115,1.0094
4.8399,0.1334,0.7570,0.2319,-0.1282,0.2649,0.0173,-0.0284,-0.8744,0.6816,0.0757,-0.3942,0.4014,0.1678,0.0115,1.0106
4.8497,0.1349,0.7562,0.2314,-0.1276,0.2643,0.0167,-0.0314,-0.8737,0.6793,0.0772,-0.3911,0.3986,0.1695,0.0150,1.0115
4.8499,0.1370,0.7550,0.2309,-0.1272,0.2637,0.0161,-0.0311,-0.8727,0.6762,0.0779,-0.3893,0.3970,0.1720,0.0151,1.0128
4.8696,0.1386,0.7542,0.2311,-0.1270,0.2637,0.0157,-0.0307,-0.8719,0.6738,0.0791,-0.3877,0.3957,0.1737,0.0119,1.0138
4.8699,0.1404,0.7533,0.2311,-0.1270,0.2637,0.0152,-0.0307,-0.8712,0.6713,0.0799,-0.3863,0.3945,0.1758,0.0107,1.0150
4.8898,0.1444,0.7513,0.2313,-0.1262,0.2635,0.0144,-0.0282,-0.8704,0.6684,0.0803,-0.3841,0.3924,0.1785,0.0102,1.0181
4.8901,0.1444,0.7513,0.2313,-0.1262,0.2635,0.0144,-0.0282,-0.8696,0.6659,0.0810,-0.3829,0.3913,0.1801,0.0103,1.0176
4.9098,0.1464,0.7502,0.2311,-0.1258,0.2631,0.0139,-0.0266,-0.8688,0.6631,0.0814,-0.3805,0.3891,0.1822,0.0100,1.0190
4.9100,0.1481,0.7493,0.2311,-0.1258,0.2631,0.0137,-0.0266,-0.8682,0.6607,0.0814,-0.3805,0.3891,0.1833,0.0100,1.0201
4.9198,0.1501,0.7482,0.2304,-0.1251,0.2621,0.0134,-0.0241,-0.8672,0.6577,0.0823,-0.3760,0.3849,0.1849,0.0094,1.0214
4.9203,0.1517,0.7473,0.2304,-0.1251,0.2621,0.0133,-0.0241,-0.8665,0.6555,0.0823,-0.3760,0.3849,0.1865,0.0094,1.0223
4.9397,0.1536,0.7463,0.2300,-0.1248,0.2617,0.0131,-0.0230,-0.8654,0.6528,0.0839,-0.3729,0.3822,0.1889,0.0064,1.0233
4.9401,0.1554,0.7455,0.2294,-0.1244,0.2610,0.0131,-0.0229,-0.8646,0.6507,0.0847,-0.3709,0.3804,0.1904,0.0065,1.0243
4.9598,0.1571,0.7447,0.2291,-0.1238,0.2604,0.0131,-0.0214,-0.8637,0.6485,0.0854,-0.3684,0.3782,0.1916,0.0073,1.0253
4.9601,0.1590,0.7438,0.2291,-0.1238,0.2604,0.0130,-0.0214,-0.8627,0.6461,0.0862,-0.3662,0.3762,0.1925,0.0076,1.0263
4.9698,0.1608,0.7429,0.2287,-0.1229,0.2596,0.0131,-0.0166,-0.8618,0.6438,0.0870,-0.3637,0.3740,0.1935,0.0067,1.0274
4.9701,0.1626,0.7419,0.2287,-0.1229,0.2596,0.0132,-0.0166,-0.8608,0.6414,0.0880,-0.3620,0.3726,0.1948,0.0042,1.0283
4.9896,0.1645,0.7410,0.2282,-0.1222,0.2588,0.0132,-0.0125,-0.8598,0.6389,0.0886,-0.3589,0.3697,0.1958,0.0022,1.0294
4.9900,0.1661,0.7402,0.2282,-0.1222,0.2588,0.0133,-0.0125,-0.8590,0.6365,0.0894,-0.3571,0.3681,0.1968,-0.0003,1.0304
4.9995,0.1679,0.7393,0.2274,-0.1209,0.2576,0.0133,-0.0123,-0.8581,0.6341,0.0897,-0.3542,0.3654,0.1979,-0.0019,1.0314
4.9999,0.1700,0.7383,0.2274,-0.1209,0.2576,0.0133,-0.0123,-0.8570,0.6314,0.0897,-0.3542,0.3654,0.2000,-0.0019,1.0326
5.0199,0.1715,0.7376,0.2279,-0.1201,0.2577,0.0133,-0.0157,-0.8562,0.6292,0.0911,-0.3507,0.3623,0.2020,-0.0029,1.0334
5.0203,0.1733,0.7368,0.2275,-0.1194,0.2569,0.0134,-0.0168,-0.8553,0.6269,0.0915,-0.3483,0.3601,0.2039,-0.0023,1.0344
5.0398,0.1752,0.7359,0.2272,-0.1187,0.2563,0.0138,-0.0179,-0.8544,0.6245,0.0919,-0.3458,0.3578,0.2058,-0.0012,1.0356
5.0402,0.1770,0.7351,0.2269,-0.1181,0.2558,0.0144,-0.0192,-0.8536,0.6222,0.0922,-0.3438,0.3560,0.2068,-0.0007,1.0367
5.0496,0.1790,0.7341,0.2265,-0.1177,0.2552,0.0149,-0.0198,-0.8526,0.6198,0.0924,-0.3416,0.3539,0.2077,0.0029,1.0379
5.0499,0.1806,0.7333,0.2265,-0.1177,0.2552,0.0154,-0.0198,-0.8518,0.6177,0.0924,-0.3416,0.3539,0.2082,0.0029,1.0388
5.0698,0.1825,0.7323,0.2261,-0.1170,0.2546,0.0165,-0.0194,-0.8507,0.6153,0.0933,-0.3374,0.3501,0.2089,0.0107,1.0398
5.0700,0.1842,0.7315,0.2257,-0.1166,0.2541,0.0170,-0.0183,-0.8498,0.6133,0.0942,-0.3350,0.3480,0.2093,0.0142,1.0407
5.0899,0.1863,0.7306,0.2256,-0.1161,0.2537,0.0173,-0.0168,-0.8486,0.6111,0.0951,-0.3323,0.3457,0.2104,0.0150,1.0418
5.0902,0.1880,0.7298,0.2254,-0.1153,0.2532,0.0173,-0.0174,-0.8475,0.6092,0.0962,-0.3291,0.3429,0.2112,0.0136,1.0425
5.0996,0.1900,0.7289,0.2250,-0.1148,0.2525,0.0174,-0.0186,-0.8462,0.6071,0.0972,-0.3262,0.3404,0.2121,0.0122,1.0433
5.1000,0.1917,0.7282,0.2251,-0.1145,0.2525,0.0175,-0.0187,-0.8451,0.6052,0.0985,-0.3239,0.3386,0.2124,0.0079,1.0441
5.1199,0.1936,0.7274,0.2247,-0.1144,0.2521,0.0175,-0.0184,-0.8440,0.6031,0.0994,-0.3216,0.3367,0.2130,0.0047,1.0450
5.1204,0.1952,0.7267,0.2247,-0.1144,0.2521,0.0174,-0.0184,-0.8430,0.6012,0.1006,-0.3201,0.3355,0.2134,0.0051,1.0458
5.1401,0.1970,0.7259,0.2240,-0.1134,0.2510,0.0174,-0.0150,-0.8420,0.5991,0.1008,-0.3167,0.3323,0.2137,0.0061,1.0468
5.1404,0.1989,0.7251,0.2240,-0.1134,0.2510,0.0174,-0.0150,-0.8411,0.5970,0.1015,-0.3145,0.3305,0.2140,0.0068,1.0478
5.1494,0.2006,0.7244,0.2233,-0.1121,0.2498,0.0174,-0.0127,-0.8402,0.5951,0.1020,-0.3116,0.3278,0.2143,0.0075,1.0488
5.1497,0.2026,0.7235,0.2233,-0.1121,0.2498,0.0174,-0.0127,-0.8391,0.5930,0.1024,-0.3091,0.3256,0.2149,0.0086,1.0499
5.1700,0.2043,0.7229,0.2233,-0.1109,0.2493,0.0174,-0.0117,-0.8382,0.5913,0.1033,-0.3069,0.3238,0.2151,0.0094,1.0507
5.1705,0.2064,0.7220,0.2232,-0.1104,0.2490,0.0180,-0.0125,-0.8369,0.5892,0.1038,-0.3043,0.3216,0.2154,0.0092,1.0517
5.1896,0.2081,0.7214,0.2230,-0.1099,0.2486,0.0181,-0.0144,-0.8359,0.5877,0.1046,-0.3018,0.3194,0.2155,0.0082,1.0525
5.1900,0.2100,0.7207,0.2230,-0.1099,0.2486,0.0184,-0.0144,-0.8348,0.5858,0.1046,-0.3018,0.3194,0.2155,0.0082,1.0534
5.1995,0.2118,0.7200,0.2222,-0.1083,0.2471,0.0189,-0.0177,-0.8336,0.5840,0.1058,-0.2964,0.3147,0.2153,0.0074,1.0542
5.2001,0.2135,0.7193,0.2222,-0.1083,0.2471,0.0191,-0.0177,-0.8326,0.5823,0.1069,-0.2941,0.3130,0.2151,0.0063,1.0551
5.2199,0.2153,0.7186,0.2219,-0.1072,0.2465,0.0197,-0.0175,-0.8315,0.5804,0.1076,-0.2916,0.3109,0.2146,0.0050,1.0559
5.2204,0.2172,0.7179,0.2216,-0.1066,0.2459,0.0199,-0.0175,-0.8304,0.5787,0.1084,-0.2893,0.3089,0.2142,0.0046,1.0568
5.2394,0.2191,0.7173,0.2215,-0.1061,0.2456,0.0200,-0.0168,-0.8292,0.5768,0.1090,-0.2868,0.3068,0.2136,0.0048,1.0577
5.2397,0.2208,0.7168,0.2215,-0.1061,0.2456,0.0203,-0.0168,-0.8282,0.5751,0.1090,-0.2868,0.3068,0.2130,0.0048,1.0584
5.2498,0.2228,0.7161,0.2212,-0.1050,0.2448,0.0202,-0.0105,-0.8270,0.5732,0.1106,-0.2824,0.3033,0.2125,0.0036,1.0595
5.2503,0.2245,0.7156,0.2212,-0.1050,0.2448,0.0203,-0.0105,-0.8261,0.5715,0.1112,-0.2798,0.3011,0.2119,0.0025,1.0604
5.2695,0.2265,0.7149,0.2207,-0.1033,0.2437,0.0204,-0.0110,-0.8249,0.5694,0.1117,-0.2774,0.2991,0.2112,0.0021,1.0614
5.2698,0.2284,0.7143,0.2207,-0.1033,0.2437,0.0204,-0.0110,-0.8240,0.5676,0.1123,-0.2749,0.2970,0.2102,-0.0013,1.0626
5.2795,0.2299,0.7138,0.2206,-0.1014,0.2427,0.0205,-0.0135,-0.8232,0.5661,0.1129,-0.2728,0.2953,0.2097,-0.0017,1.0634
5.2798,0.2321,0.7131,0.2206,-0.1014,0.2427,0.0207,-0.0135,-0.8218,0.5641,0.1129,-0.2695,0.2922,0.2091,-0.0021,1.0644
5.2994,0.2342,0.7126,0.2204,-0.0996,0.2418,0.0211,-0.0167,-0.8207,0.5626,0.1143,-0.2679,0.2913,0.2086,-0.0002,1.0654
5.2997,0.2360,0.7121,0.2211,-0.0990,0.2422,0.0216,-0.0172,-0.8195,0.5610,0.1153,-0.2660,0.2899,0.2080,0.0007,1.0663
5.3197,0.2380,0.7116,0.2206,-0.0980,0.2414,0.0216,-0.0169,-0.8183,0.5594,0.1160,-0.2633,0.2877,0.2070,0.0009,1.0673
5.3200,0.2400,0.7112,0.2206,-0.0980,0.2414,0.0214,-0.0169,-0.8171,0.5576,0.1169,-0.2608,0.2858,0.2055,0.0028,1.0682
5.3398,0.2419,0.7107,0.2209,-0.0958,0.2408,0.0213,-0.0181,-0.8160,0.5561,0.1179,-0.2589,0.2845,0.2040,0.0027,1.0692
5.3402,0.2437,0.7103,0.2209,-0.0958,0.2408,0.0213,-0.0181,-0.8151,0.5546,0.1179,-0.2589,0.2845,0.2030,0.0027,1.0702
5.3497,0.2457,0.7098,0.2207,-0.0935,0.2397,0.0213,-0.0168,-0.8141,0.5530,0.1185,-0.2539,0.2802,0.2019,0.0026,1.0713
5.3499,0.2476,0.7093,0.2207,-0.0935,0.2397,0.0209,-0.0168,-0.8131,0.5516,0.1185,-0.2539,0.2802,0.2008,0.0026,1.0723
5.3698,0.2497,0.7087,0.2212,-0.0915,0.2394,0.0204,-0.0181,-0.8119,0.5501,0.1192,-0.2493,0.2763,0.1993,0.0045,1.0734
5.3701,0.2516,0.7083,0.2212,-0.0915,0.2394,0.0198,-0.0181,-0.8109,0.5486,0.1200,-0.2474,0.2750,0.1978,0.0042,1.0744
5.3798,0.2539,0.7078,0.2224,-0.0901,0.2399,0.0182,-0.0184,-0.8096,0.5470,0.1207,-0.2454,0.2734,0.1963,0.0026,1.0757
5.3800,0.2558,0.7074,0.2228,-0.0890,0.2399,0.0173,-0.0193,-0.8086,0.5456,0.1215,-0.2427,0.2714,0.1953,-0.0009,1.0766
5.3996,0.2598,0.7065,0.2230,-0.0866,0.2393,0.0155,-0.0200,-0.8074,0.5441,0.1220,-0.2405,0.2697,0.1937,-0.0014,1.0795
5.3999,0.2598,0.7065,0.2230,-0.0866,0.2393,0.0155,-0.0200,-0.8063,0.5427,0.1220,-0.2405,0.2697,0.1923,-0.0014,1.0786
5.4198,0.2617,0.7061,0.2235,-0.0857,0.2393,0.0153,-0.0201,-0.8053,0.5413,0.1237,-0.2360,0.2665,0.1908,-0.0054,1.0796
5.4201,0.2636,0.7057,0.2235,-0.0857,0.2393,0.0149,-0.0201,-0.8043,0.5399,0.1237,-0.2360,0.2665,0.1892,-0.0054,1.0807
5.4295,0.2656,0.7052,0.2239,-0.0833,0.2389,0.0148,-0.0198,-0.8032,0.5384,0.1244,-0.2311,0.2625,0.1876,-0.0085,1.0818
5.4299,0.2675,0.7048,0.2239,-0.0833,0.2389,0.0148,-0.0198,-0.8023,0.5370,0.1244,-0.2311,0.2625,0.1864,-0.0085,1.0829
5.4495,0.2695,0.7044,0.2243,-0.0813,0.2385,0.0151,-0.0196,-0.8013,0.5355,0.1246,-0.2275,0.2593,0.1853,-0.0079,1.0841
5.4499,0.2716,0.7040,0.2243,-0.0813,0.2385,0.0152,-0.0196,-0.8002,0.5339,0.1246,-0.2275,0.2593,0.1843,-0.0079,1.0853
5.4697,0.2738,0.7036,0.2253,-0.0795,0.2389,0.0150,-0.0192,-0.7991,0.5324,0.1249,-0.2244,0.2568,0.1834,-0.0049,1.0864
5.4701,0.2757,0.7033,0.2253,-0.0795,0.2389,0.0148,-0.0192,-0.7981,0.5311,0.1254,-0.2229,0.2557,0.1825,-0.0017,1.0875
5.4796,0.2777,0.7030,0.2262,-0.0773,0.2390,0.0143,-0.0185,-0.7970,0.5298,0.1255,-0.2205,0.2537,0.1815,-0.0001,1.0886
5.4800,0.2799,0.7025,0.2266,-0.0761,0.2390,0.0140,-0.0185,-0.7958,0.5282,0.1255,-0.2205,0.2537,0.1800,-0.0001,1.0897
5.4998,0.2815,0.7023,0.2275,-0.0753,0.2396,0.0140,-0.0183,-0.7948,0.5270,0.1265,-0.2166,0.2508,0.1789,-0.0010,1.0905
5.5002,0.2835,0.7019,0.2273,-0.0741,0.2391,0.0141,-0.0173,-0.7936,0.5255,0.1267,-0.2143,0.2490,0.1776,-0.0013,1.0915
5.5094,0.2853,0.7017,0.2270,-0.0727,0.2384,0.0141,-0.0155,-0.7927,0.5242,0.1268,-0.2118,0.2469,0.1767,-0.0031,1.0924
5.5099,0.2872,0.7014,0.2270,-0.0727,0.2384,0.0140,-0.0155,-0.7916,0.5226,0.1268,-0.2118,0.2469,0.1757,-0.0031,1.0936
5.5301,0.2890,0.7011,0.2280,-0.0708,0.2387,0.0138,-0.0125,-0.7908,0.5213,0.1274,-0.2086,0.2444,0.1754,-0.0073,1.0947
5.5304,0.2910,0.7009,0.2280,-0.0708,0.2387,0.0136,-0.0125,-0.7898,0.5199,0.1272,-0.2063,0.2423,0.1749,-0.0084,1.0958
5.5493,0.2930,0.7007,0.2281,-0.0683,0.2381,0.0130,-0.0110,-0.7887,0.5184,0.1276,-0.2046,0.2411,0.1741,-0.0093,1.0970
5.5496,0.2952,0.7003,0.2281,-0.0683,0.2381,0.0126,-0.0110,-0.7876,0.5169,0.1276,-0.2046,0.2411,0.1731,-0.0093,1.0982
5.5694,0.2971,0.7001,0.2292,-0.0659,0.2385,0.0124,-0.0113,-0.7866,0.5156,0.1284,-0.2017,0.2391,0.1719,-0.0129,1.0993
5.5696,0.2991,0.6999,0.2292,-0.0659,0.2385,0.0124,-0.0113,-0.7855,0.5142,0.1284,-0.2017,0.2391,0.1700,-0.0129,1.1004
5.5793,0.3010,0.6997,0.2299,-0.0633,0.2384,0.0125,-0.0117,-0.7846,0.5130,0.1286,-0.1982,0.2362,0.1684,-0.0190,1.1015
5.5795,0.3029,0.6996,0.2299,-0.0633,0.2384,0.0125,-0.0117,-0.7836,0.5116,0.1286,-0.1982,0.2362,0.1671,-0.0190,1.1027
5.5997,0.3049,0.6995,0.2297,-0.0604,0.2375,0.0125,-0.0088,-0.7827,0.5102,0.1277,-0.1952,0.2333,0.1658,-0.0216,1.1039
5.6002,0.3069,0.6994,0.2297,-0.0604,0.2375,0.0125,-0.0088,-0.7818,0.5087,0.1277,-0.1952,0.2333,0.1649,-0.0216,1.1052
5.6197,0.3091,0.6993,0.2304,-0.0577,0.2376,0.0124,-0.0089,-0.7809,0.5071,0.1267,-0.1931,0.2310,0.1637,-0.0188,1.1068
5.6202,0.3112,0.6992,0.2304,-0.0577,0.2376,0.0121,-0.0089,-0.7799,0.5055,0.1267,-0.1931,0.2310,0.1628,-0.0188,1.1082
5.6296,0.3130,0.6992,0.2320,-0.0549,0.2384,0.0120,-0.0123,-0.7791,0.5042,0.1262,-0.1913,0.2292,0.1624,-0.0164,1.1094
5.6300,0.3153,0.6991,0.2320,-0.0549,0.2384,0.0119,-0.0123,-0.7781,0.5027,0.1262,-0.1913,0.2292,0.1615,-0.0164,1.1109
5.6496,0.3173,0.6991,0.2329,-0.0519,0.2386,0.0120,-0.0133,-0.7770,0.5013,0.1260,-0.1887,0.2269,0.1606,-0.0134,1.1121
5.6595,0.3195,0.6990,0.2333,-0.0506,0.2387,0.0120,-0.0130,-0.7758,0.4998,0.1263,-0.1876,0.2261,0.1599,-0.0135,1.1132
5.6602,0.3213,0.6990,0.2333,-0.0506,0.2387,0.0120,-0.0130,-0.7748,0.4986,0.1267,-0.1864,0.2254,0.1589,-0.0124,1.1143
5.6798,0.3232,0.6989,0.2340,-0.0478,0.2389,0.0123,-0.0110,-0.7738,0.4974,0.1267,-0.1854,0.2245,0.1575,-0.0119,1.1154
5.6803,0.3253,0.6988,0.2340,-0.0478,0.2389,0.0125,-0.0110,-0.7727,0.4961,0.1267,-0.1854,0.2245,0.1561,-0.0119,1.1166
5.6893,0.3275,0.6988,0.2345,-0.0452,0.2388,0.0130,-0.0073,-0.7716,0.4947,0.1265,-0.1833,0.2227,0.1548,-0.0109,1.1179
5.6897,0.3294,0.6987,0.2345,-0.0452,0.2388,0.0132,-0.0073,-0.7708,0.4936,0.1265,-0.1833,0.2227,0.1537,-0.0109,1.1192
5.7094,0.3316,0.6987,0.2352,-0.0425,0.2390,0.0134,0.0019,-0.7698,0.4924,0.1256,-0.1807,0.2201,0.1521,-0.0095,1.1205
5.7097,0.3339,0.6986,0.2352,-0.0425,0.2390,0.0135,0.0019,-0.7687,0.4911,0.1256,-0.1807,0.2201,0.1505,-0.0095,1.1220
5.7195,0.3363,0.6986,0.2371,-0.0399,0.2404,0.0137,0.0052,-0.7675,0.4898,0.1255,-0.1785,0.2182,0.1486,-0.0084,1.1235
5.7198,0.3385,0.6985,0.2371,-0.0399,0.2404,0.0139,0.0052,-0.7665,0.4887,0.1255,-0.1785,0.2182,0.1467,-0.0084,1.1247
5.7399,0.3407,0.6985,0.2389,-0.0375,0.2418,0.0143,0.0145,-0.7653,0.4875,0.1256,-0.1763,0.2165,0.1441,-0.0084,1.1259
5.7404,0.3430,0.6985,0.2400,-0.0366,0.2427,0.0144,0.0185,-0.7641,0.4863,0.1258,-0.1754,0.2158,0.1412,-0.0076,1.1272
5.7596,0.3451,0.6984,0.2404,-0.0354,0.2430,0.0143,0.0210,-0.7631,0.4853,0.1259,-0.1739,0.2147,0.1386,-0.0072,1.1285
5.7600,0.3472,0.6984,0.2404,-0.0354,0.2430,0.0142,0.0210,-0.7621,0.4844,0.1259,-0.1739,0.2147,0.1364,-0.0072,1.1297
5.7693,0.3492,0.6984,0.2414,-0.0330,0.2436,0.0141,0.0201,-0.7611,0.4835,0.1257,-0.1700,0.2114,0.1342,-0.0075,1.1309
5.7696,0.3517,0.6985,0.2414,-0.0330,0.2436,0.0139,0.0201,-0.7599,0.4824,0.1258,-0.1683,0.2101,0.1316,-0.0089,1.1324
5.7894,0.3535,0.6985,0.2435,-0.0307,0.2454,0.0132,0.0189,-0.7589,0.4815,0.1264,-0.1674,0.2097,0.1293,-0.0101,1.1334
5.7896,0.3554,0.6985,0.2435,-0.0307,0.2454,0.0122,0.0189,-0.7576,0.4805,0.1264,-0.1674,0.2097,0.1265,-0.0101,1.1342
5.8096,0.3570,0.6986,0.2425,-0.0281,0.2441,0.0116,0.0096,-0.7564,0.4795,0.1261,-0.1642,0.2070,0.1240,-0.0130,1.1348
5.8099,0.3582,0.6987,0.2425,-0.0281,0.2441,0.0116,0.0096,-0.7554,0.4786,0.1261,-0.1642,0.2070,0.1219,-0.0130,1.1351
5.8196,0.3597,0.6988,0.2404,-0.0258,0.2418,0.0116,0.0059,-0.7541,0.4775,0.1259,-0.1615,0.2048,0.1197,-0.0128,1.1356
5.8200,0.3612,0.6990,0.2404,-0.0258,0.2418,0.0118,0.0059,-0.7529,0.4765,0.1259,-0.1603,0.2038,0.1175,-0.0127,1.1362
5.8396,0.3628,0.6991,0.2386,-0.0236,0.2398,0.0117,0.0055,-0.7519,0.4755,0.1262,-0.1593,0.2032,0.1154,-0.0118,1.1369
5.8399,0.3647,0.6992,0.2386,-0.0236,0.2398,0.0114,0.0055,-0.7507,0.4746,0.1262,-0.1593,0.2032,0.1127,-0.0118,1.1379
5.8494,0.3670,0.6994,0.2380,-0.0211,0.2390,0.0112,0.0047,-0.7494,0.4736,0.1266,-0.1569,0.2016,0.1102,-0.0087,1.1390
5.8497,0.3693,0.6995,0.2380,-0.0211,0.2390,0.0110,0.0047,-0.7482,0.4727,0.1272,-0.1560,0.2013,0.1079,-0.0052,1.1403
5.8696,0.3714,0.6996,0.2392,-0.0185,0.2399,0.0110,0.0055,-0.7470,0.4718,0.1274,-0.1548,0.2005,0.1051,-0.0027,1.1414
5.8699,0.3733,0.6997,0.2392,-0.0185,0.2399,0.0109,0.0055,-0.7458,0.4710,0.1274,-0.1548,0.2005,0.1024,-0.0027,1.1422
5.8894,0.3750,0.6999,0.2386,-0.0160,0.2392,0.0106,0.0062,-0.7444,0.4701,0.1277,-0.1519,0.1985,0.0998,0.0038,1.1428
5.8897,0.3765,0.7001,0.2386,-0.0160,0.2392,0.0102,0.0062,-0.7431,0.4693,0.1284,-0.1510,0.1982,0.0973,0.0047,1.1431
5.8992,0.3777,0.7003,0.2371,-0.0136,0.2375,0.0099,0.0075,-0.7419,0.4686,0.1287,-0.1495,0.1972,0.0947,0.0047,1.1432
5.8997,0.3790,0.7006,0.2357,-0.0124,0.2360,0.0097,0.0079,-0.7405,0.4678,0.1287,-0.1495,0.1972,0.0906,0.0047,1.1434
5.9198,0.3802,0.7009,0.2346,-0.0110,0.2348,0.0095,0.0085,-0.7392,0.4671,0.1297,-0.1470,0.1960,0.0874,0.0056,1.1436
5.9297,0.3819,0.7013,0.2332,-0.0096,0.2334,0.0088,0.0093,-0.7378,0.4663,0.1303,-0.1458,0.1955,0.0848,0.0063,1.1441
5.9299,0.3836,0.7016,0.2332,-0.0096,0.2334,0.0081,0.0093,-0.7366,0.4656,0.1303,-0.1458,0.1955,0.0825,0.0063,1.1448
5.9498,0.3857,0.7020,0.2322,-0.0064,0.2323,0.0069,0.0080,-0.7352,0.4647,0.1313,-0.1428,0.1940,0.0794,0.0068,1.1457
5.9501,0.3877,0.7023,0.2322,-0.0064,0.2323,0.0054,0.0080,-0.7339,0.4641,0.1323,-0.1415,0.1937,0.0766,0.0079,1.1465
5.9595,0.3898,0.7026,0.2321,-0.0035,0.2321,0.0029,0.0022,-0.7324,0.4633,0.1328,-0.1397,0.1927,0.0734,0.0078,1.1474
5.9599,0.3915,0.7028,0.2321,-0.0035,0.2321,0.0010,0.0022,-0.7310,0.4627,0.1328,-0.1397,0.1927,0.0705,0.0078,1.1479
5.9796,0.3932,0.7030,0.2317,-0.0010,0.2317,-0.0011,0.0000,-0.7296,0.4621,0.1341,-0.1368,0.1916,0.0676,0.0081,1.1484
5.9895,0.3947,0.7032,0.2309,0.0001,0.2309,-0.0041,0.0005,-0.7281,0.4614,0.1347,-0.1353,0.1910,0.0640,0.0080,1.1486
5.9899,0.3958,0.7033,0.2309,0.0001,0.2309,-0.0067,0.0005,-0.7269,0.4609,0.1354,-0.1337,0.1903,0.0611,0.0080,1.1486
5.9993,0.3973,0.7035,0.2286,0.0022,0.2286,-0.0105,0.0042,-0.7254,0.4601,0.1358,-0.1322,0.1895,0.0580,0.0082,1.1488
5.9995,0.3973,0.7035,0.2286,0.0022,0.2286,-0.0105,0.0042,-0.7241,0.4596,0.1358,-0.1322,0.1895,0.0557,0.0082,1.1477
6.0196,0.4001,0.7039,0.2268,0.0040,0.2268,-0.0162,0.0070,-0.7229,0.4590,0.1371,-0.1292,0.1884,0.0530,0.0105,1.1493
6.0200,0.4017,0.7040,0.2268,0.0040,0.2268,-0.0184,0.0070,-0.7216,0.4583,0.1371,-0.1292,0.1884,0.0507,0.0105,1.1499
6.0394,0.4037,0.7042,0.2254,0.0058,0.2254,-0.0207,0.0033,-0.7201,0.4576,0.1385,-0.1261,0.1873,0.0482,0.0139,1.1506
6.0399,0.4056,0.7044,0.2254,0.0058,0.2254,-0.0223,0.0033,-0.7186,0.4569,0.1385,-0.1261,0.1873,0.0457,0.0139,1.1512
6.0496,0.4077,0.7046,0.2253,0.0076,0.2254,-0.0239,0.0016,-0.7172,0.4561,0.1402,-0.1231,0.1866,0.0437,0.0170,1.1520
6.0498,0.4094,0.7047,0.2249,0.0086,0.2251,-0.0251,0.0017,-0.7160,0.4555,0.1402,-0.1231,0.1866,0.0419,0.0170,1.1526
6.0699,0.4112,0.7048,0.2246,0.0092,0.2248,-0.0265,0.0003,-0.7146,0.4548,0.1414,-0.1203,0.1856,0.0397,0.0200,1.1532
6.0702,0.4130,0.7049,0.2246,0.0092,0.2248,-0.0280,0.0003,-0.7133,0.4542,0.1414,-0.1203,0.1856,0.0377,0.0200,1.1539
6.0900,0.4151,0.7051,0.2240,0.0104,0.2242,-0.0296,-0.0050,-0.7118,0.4534,0.1424,-0.1176,0.1847,0.0354,0.0230,1.1546
6.0903,0.4167,0.7052,0.2240,0.0104,0.2242,-0.0307,-0.0050,-0.7105,0.4528,0.1424,-0.1176,0.1847,0.0331,0.0230,1.1552
6.0996,0.4187,0.7054,0.2237,0.0115,0.2240,-0.0321,-0.0065,-0.7092,0.4521,0.1443,-0.1148,0.1844,0.0306,0.0257,1.1560
6.1001,0.4206,0.7055,0.2237,0.0115,0.2240,-0.0331,-0.0065,-0.7079,0.4516,0.1443,-0.1148,0.1844,0.0284,0.0257,1.1566
6.1196,0.4229,0.7057,0.2230,0.0125,0.2234,-0.0340,-0.0067,-0.7062,0.4509,0.1460,-0.1110,0.1834,0.0257,0.0261,1.1575
6.1198,0.4251,0.7058,0.2230,0.0125,0.2234,-0.0350,-0.0067,-0.7049,0.4503,0.1460,-0.1110,0.1834,0.0232,0.0261,1.1585
6.1396,0.4270,0.7059,0.2242,0.0133,0.2245,-0.0358,-0.0044,-0.7037,0.4498,0.1485,-0.1079,0.1836,0.0207,0.0242,1.1593
6.1399,0.4292,0.7061,0.2234,0.0136,0.2238,-0.0375,-0.0038,-0.7022,0.4491,0.1488,-0.1058,0.1826,0.0179,0.0237,1.1603
6.1497,0.4313,0.7063,0.2239,0.0140,0.2243,-0.0391,-0.0034,-0.7009,0.4485,0.1496,-0.1043,0.1823,0.0161,0.0228,1.1611
6.1501,0.4334,0.7065,0.2239,0.0140,0.2243,-0.0408,-0.0034,-0.6995,0.4478,0.1496,-0.1043,0.1823,0.0133,0.0228,1.1621
6.1699,0.4353,0.7067,0.2242,0.0150,0.2247,-0.0419,-0.0059,-0.6982,0.4473,0.1506,-0.1016,0.1817,0.0108,0.0201,1.1628
6.1703,0.4375,0.7069,0.2241,0.0156,0.2246,-0.0438,-0.0062,-0.6967,0.4466,0.1511,-0.1002,0.1813,0.0083,0.0182,1.1637
6.1898,0.4391,0.7070,0.2244,0.0161,0.2249,-0.0448,-0.0072,-0.6956,0.4461,0.1521,-0.0990,0.1815,0.0064,0.0189,1.1643
6.1903,0.4412,0.7071,0.2244,0.0161,0.2249,-0.0463,-0.0072,-0.6942,0.4455,0.1522,-0.0973,0.1806,0.0039,0.0193,1.1651
6.1997,0.4436,0.7072,0.2236,0.0168,0.2242,-0.0480,-0.0139,-0.6927,0.4449,0.1533,-0.0962,0.1810,0.0015,0.0197,1.1662
6.2003,0.4459,0.7074,0.2236,0.0168,0.2242,-0.0501,-0.0139,-0.6912,0.4442,0.1543,-0.0950,0.1812,-0.0009,0.0204,1.1672
6.2198,0.4479,0.7076,0.2240,0.0176,0.2247,-0.0516,-0.0148,-0.6900,0.4436,0.1551,-0.0939,0.1813,-0.0030,0.0215,1.1681
6.2203,0.4501,0.7079,0.2231,0.0180,0.2238,-0.0532,-0.0181,-0.6886,0.4430,0.1551,-0.0939,0.1813,-0.0054,0.0215,1.1692
6.2396,0.4521,0.7083,0.2232,0.0188,0.2240,-0.0548,-0.0225,-0.6874,0.4425,0.1557,-0.0914,0.1805,-0.0079,0.0227,1.1701
6.2399,0.4541,0.7086,0.2232,0.0188,0.2240,-0.0559,-0.0225,-0.6862,0.4420,0.1557,-0.0914,0.1805,-0.0098,0.0227,1.1710
6.2493,0.4561,0.7090,0.2221,0.0203,0.2230,-0.0572,-0.0333,-0.6850,0.4416,0.1557,-0.0885,0.1791,-0.0116,0.0225,1.1720
6.2496,0.4585,0.7093,0.2221,0.0203,0.2230,-0.0583,-0.0333,-0.6835,0.4410,0.1561,-0.0874,0.1789,-0.0142,0.0222,1.1731
6.2698,0.4608,0.7097,0.2226,0.0218,0.2236,-0.0592,-0.0361,-0.6822,0.4405,0.1571,-0.0867,0.1795,-0.0169,0.0220,1.1742
6.2703,0.4632,0.7100,0.2231,0.0225,0.2242,-0.0602,-0.0349,-0.6808,0.4400,0.1578,-0.0858,0.1796,-0.0195,0.0223,1.1754
6.2795,0.4651,0.7103,0.2230,0.0231,0.2242,-0.0612,-0.0346,-0.6796,0.4395,0.1583,-0.0849,0.1796,-0.0214,0.0233,1.1764
6.2798,0.4673,0.7106,0.2230,0.0231,0.2242,-0.0621,-0.0346,-0.6784,0.4390,0.1586,-0.0841,0.1795,-0.0237,0.0238,1.1774
6.2997,0.4694,0.7108,0.2239,0.0241,0.2252,-0.0632,-0.0255,-0.6772,0.4385,0.1585,-0.0830,0.1789,-0.0256,0.0239,1.1785
6.3002,0.4716,0.7111,0.2239,0.0241,0.2252,-0.0640,-0.0255,-0.6758,0.4380,0.1585,-0.0830,0.1789,-0.0276,0.0239,1.1795
6.3196,0.4739,0.7115,0.2268,0.0249,0.2282,-0.0652,-0.0144,-0.6745,0.4375,0.1591,-0.0812,0.1786,-0.0296,0.0258,1.1806
6.3198,0.4759,0.7117,0.2268,0.0249,0.2282,-0.0661,-0.0144,-0.6734,0.4370,0.1591,-0.0812,0.1786,-0.0309,0.0258,1.1817
6.3397,0.4782,0.7120,0.2294,0.0256,0.2309,-0.0669,-0.0029,-0.6721,0.4365,0.1592,-0.0789,0.1776,-0.0323,0.0283,1.1829
6.3400,0.4805,0.7124,0.2308,0.0259,0.2322,-0.0678,-0.0008,-0.6707,0.4361,0.1592,-0.0789,0.1776,-0.0341,0.0283,1.1838
6.3496,0.4826,0.7127,0.2314,0.0263,0.2329,-0.0684,-0.0010,-0.6693,0.4357,0.1601,-0.0770,0.1777,-0.0362,0.0279,1.1848
6.3498,0.4848,0.7130,0.2314,0.0263,0.2329,-0.0692,-0.0010,-0.6681,0.4354,0.1601,-0.0770,0.1777,-0.0381,0.0279,1.1859
6.3697,0.4870,0.7134,0.2311,0.0270,0.2326,-0.0701,-0.0052,-0.6666,0.4350,0.1602,-0.0746,0.1768,-0.0408,0.0231,1.1868
6.3700,0.4888,0.7137,0.2311,0.0270,0.2326,-0.0708,-0.0052,-0.6656,0.4348,0.1602,-0.0746,0.1768,-0.0424,0.0231,1.1876
6.3794,0.4911,0.7141,0.2310,0.0279,0.2326,-0.0715,-0.0080,-0.6641,0.4345,0.1604,-0.0724,0.1760,-0.0446,0.0214,1.1886
6.3896,0.4936,0.7146,0.2322,0.0283,0.2339,-0.0721,-0.0079,-0.6626,0.4341,0.1606,-0.0712,0.1757,-0.0471,0.0206,1.1897
6.3899,0.4956,0.7150,0.2322,0.0283,0.2339,-0.0724,-0.0079,-0.6614,0.4338,0.1606,-0.0712,0.1757,-0.0490,0.0206,1.1907
6.4093,0.4979,0.7154,0.2360,0.0293,0.2378,-0.0731,-0.0042,-0.6601,0.4335,0.1610,-0.0696,0.1753,-0.0509,0.0178,1.1918
6.4096,0.5001,0.7159,0.2360,0.0293,0.2378,-0.0735,-0.0042,-0.6586,0.4332,0.1610,-0.0696,0.1753,-0.0530,0.0178,1.1927
6.4195,0.5024,0.7164,0.2397,0.0300,0.2416,-0.0744,0.0005,-0.6573,0.4328,0.1610,-0.0678,0.1747,-0.0550,0.0177,1.1939
6.4198,0.5046,0.7169,0.2397,0.0300,0.2416,-0.0750,0.0005,-0.6560,0.4325,0.1610,-0.0678,0.1747,-0.0565,0.0177,1.1950
6.4394,0.5066,0.7173,0.2420,0.0305,0.2439,-0.0758,0.0012,-0.6548,0.4322,0.1612,-0.0662,0.1743,-0.0577,0.0173,1.1959
6.4397,0.5089,0.7176,0.2420,0.0305,0.2439,-0.0765,0.0012,-0.6535,0.4320,0.1612,-0.0662,0.1743,-0.0592,0.0173,1.1970
6.4598,0.5112,0.7180,0.2425,0.0306,0.2445,-0.0770,0.0017,-0.6521,0.4318,0.1607,-0.0642,0.1731,-0.0612,0.0155,1.1980
6.4601,0.5134,0.7184,0.2425,0.0306,0.2445,-0.0776,0.0017,-0.6508,0.4316,0.1607,-0.0642,0.1731,-0.0632,0.0155,1.1990
6.4798,0.5155,0.7187,0.2438,0.0311,0.2457,-0.0777,0.0018,-0.6495,0.4314,0.1605,-0.0623,0.1722,-0.0647,0.0138,1.1999
6.4801,0.5177,0.7191,0.2438,0.0311,0.2457,-0.0779,0.0018,-0.6480,0.4312,0.1605,-0.0623,0.1722,-0.0664,0.0138,1.2007
6.4897,0.5199,0.7194,0.2459,0.0317,0.2479,-0.0782,0.0207,-0.6466,0.4311,0.1601,-0.0603,0.1710,-0.0685,0.0116,1.2016
6.4901,0.5221,0.7196,0.2459,0.0317,0.2479,-0.0782,0.0207,-0.6453,0.4310,0.1606,-0.0595,0.1713,-0.0701,0.0092,1.2025
6.5098,0.5244,0.7200,0.2495,0.0322,0.2516,-0.0780,0.0402,-0.6437,0.4309,0.1602,-0.0583,0.1705,-0.0717,0.0069,1.2033
6.5101,0.5265,0.7204,0.2495,0.0322,0.2516,-0.0779,0.0402,-0.6422,0.4308,0.1609,-0.0574,0.1709,-0.0732,0.0057,1.2041
6.5300,0.5286,0.7209,0.2528,0.0331,0.2549,-0.0778,0.0467,-0.6408,0.4306,0.1612,-0.0564,0.1708,-0.0745,0.0048,1.2048
6.5302,0.5307,0.7216,0.2537,0.0337,0.2559,-0.0777,0.0478,-0.6392,0.4305,0.1616,-0.0553,0.1708,-0.0754,0.0043,1.2055
6.5396,0.5327,0.7223,0.2540,0.0346,0.2563,-0.0777,0.0477,-0.6376,0.4304,0.1619,-0.0542,0.1708,-0.0760,0.0044,1.2061
6.5399,0.5348,0.7231,0.2540,0.0346,0.2563,-0.0777,0.0477,-0.6360,0.4302,0.1619,-0.0542,0.1708,-0.0766,0.0044,1.2069
6.5598,0.5366,0.7239,0.2542,0.0371,0.2569,-0.0777,0.0444,-0.6345,0.4301,0.1623,-0.0518,0.1703,-0.0770,0.0055,1.2074
6.5602,0.5388,0.7249,0.2542,0.0371,0.2569,-0.0781,0.0444,-0.6329,0.4300,0.1623,-0.0518,0.1703,-0.0773,0.0055,1.2083
6.5796,0.5411,0.7260,0.2553,0.0403,0.2585,-0.0797,0.0058,-0.6312,0.4299,0.1634,-0.0496,0.1708,-0.0782,0.0052,1.2091
6.5799,0.5429,0.7268,0.2553,0.0403,0.2585,-0.0817,0.0058,-0.6297,0.4299,0.1634,-0.0496,0.1708,-0.0793,0.0052,1.2096
6.5898,0.5472,0.7284,0.2557,0.0433,0.2593,-0.0849,-0.0048,-0.6278,0.4299,0.1642,-0.0470,0.1708,-0.0812,0.0034,1.2123
6.5901,0.5472,0.7284,0.2557,0.0433,0.2593,-0.0849,-0.0048,-0.6260,0.4299,0.1653,-0.0458,0.1716,-0.0840,0.0029,1.2105
6.6096,0.5491,0.7291,0.2569,0.0459,0.2610,-0.0857,0.0006,-0.6243,0.4299,0.1664,-0.0445,0.1722,-0.0861,0.0018,1.2108
6.6099,0.5510,0.7297,0.2569,0.0459,0.2610,-0.0862,0.0006,-0.6225,0.4299,0.1672,-0.0434,0.1727,-0.0891,0.0008,1.2112
6.6197,0.5529,0.7303,0.2561,0.0480,0.2606,-0.0866,0.0010,-0.6210,0.4299,0.1674,-0.0419,0.1725,-0.0918,0.0008,1.2117
6.6294,0.5553,0.7312,0.2555,0.0489,0.2601,-0.0870,0.0013,-0.6192,0.4299,0.1677,-0.0407,0.1725,-0.0944,0.0015,1.2125
6.6296,0.5569,0.7317,0.2555,0.0489,0.2601,-0.0874,0.0013,-0.6181,0.4299,0.1677,-0.0407,0.1725,-0.0953,0.0015,1.2131
6.6496,0.5594,0.7326,0.2554,0.0512,0.2604,-0.0875,0.0006,-0.6163,0.4300,0.1682,-0.0384,0.1726,-0.0974,0.0030,1.2141
6.6499,0.5617,0.7335,0.2554,0.0512,0.2604,-0.0877,0.0006,-0.6146,0.4300,0.1691,-0.0370,0.1731,-0.0991,0.0028,1.2148
6.6595,0.5636,0.7341,0.2566,0.0540,0.2622,-0.0877,0.0007,-0.6131,0.4300,0.1698,-0.0357,0.1735,-0.1000,0.0034,1.2153
6.6599,0.5658,0.7350,0.2566,0.0540,0.2622,-0.0876,0.0007,-0.6110,0.4302,0.1698,-0.0357,0.1735,-0.1018,0.0034,1.2156
6.6795,0.5680,0.7358,0.2565,0.0562,0.2626,-0.0874,-0.0010,-0.6089,0.4304,0.1712,-0.0327,0.1743,-0.1032,0.0040,1.2158
6.6797,0.5698,0.7364,0.2565,0.0562,0.2626,-0.0873,-0.0010,-0.6072,0.4306,0.1712,-0.0327,0.1743,-0.1044,0.0040,1.2161
6.6999,0.5721,0.7372,0.2572,0.0585,0.2638,-0.0873,-0.0026,-0.6051,0.4309,0.1739,-0.0299,0.1765,-0.1068,0.0060,1.2165
6.7003,0.5742,0.7379,0.2572,0.0585,0.2638,-0.0870,-0.0026,-0.6034,0.4311,0.1739,-0.0299,0.1765,-0.1089,0.0060,1.2169
6.7097,0.5763,0.7387,0.2565,0.0610,0.2636,-0.0865,-0.0055,-0.6017,0.4312,0.1756,-0.0262,0.1775,-0.1108,0.0067,1.2175
6.7102,0.5786,0.7395,0.2565,0.0610,0.2636,-0.0855,-0.0055,-0.6001,0.4314,0.1756,-0.0262,0.1775,-0.1137,0.0067,1.2182
6.7297,0.5806,0.7401,0.2569,0.0631,0.2645,-0.0846,-0.0053,-0.5986,0.4315,0.1771,-0.0231,0.1787,-0.1153,0.0034,1.2190
6.7301,0.5829,0.7409,0.2570,0.0636,0.2648,-0.0837,-0.0054,-0.5968,0.4317,0.1775,-0.0218,0.1789,-0.1170,0.0023,1.2196
6.7496,0.5849,0.7416,0.2576,0.0645,0.2656,-0.0829,-0.0041,-0.5952,0.4317,0.1788,-0.0207,0.1800,-0.1188,0.0003,1.2201
6.7502,0.5869,0.7424,0.2576,0.0645,0.2656,-0.0823,-0.0041,-0.5935,0.4318,0.1796,-0.0196,0.1807,-0.1207,-0.0011,1.2205
6.7695,0.5889,0.7432,0.2568,0.0661,0.2652,-0.0815,-0.0023,-0.5915,0.4319,0.1801,-0.0183,0.1810,-0.1228,-0.0014,1.2207
6.7698,0.5908,0.7439,0.2568,0.0661,0.2652,-0.0810,-0.0023,-0.5898,0.4320,0.1801,-0.0183,0.1810,-0.1250,-0.0014,1.2211
6.7797,0.5930,0.7449,0.2552,0.0678,0.2641,-0.0804,-0.0045,-0.5877,0.4321,0.1821,-0.0160,0.1828,-0.1280,-0.0018,1.2214
6.7803,0.5952,0.7459,0.2552,0.0678,0.2641,-0.0793,-0.0045,-0.5856,0.4322,0.1839,-0.0148,0.1845,-0.1307,-0.0010,1.2218
6.7996,0.5974,0.7468,0.2558,0.0706,0.2654,-0.0786,-0.0065,-0.5838,0.4323,0.1855,-0.0136,0.1860,-0.1331,0.0003,1.2223
6.8001,0.5992,0.7475,0.2558,0.0706,0.2654,-0.0780,-0.0065,-0.5823,0.4323,0.1868,-0.0125,0.1872,-0.1353,0.0005,1.2228
6.8095,0.6017,0.7485,0.2551,0.0727,0.2652,-0.0773,-0.0080,-0.5803,0.4324,0.1871,-0.0114,0.1874,-0.1381,-0.0002,1.2235
6.8099,0.6038,0.7494,0.2551,0.0727,0.2652,-0.0766,-0.0080,-0.5784,0.4325,0.1886,-0.0101,0.1888,-0.1410,-0.0013,1.2240
6.8296,0.6058,0.7503,0.2558,0.0754,0.2667,-0.0761,-0.0088,-0.5768,0.4326,0.1900,-0.0090,0.1902,-0.1438,-0.0028,1.2244
6.8299,0.6078,0.7512,0.2558,0.0754,0.2667,-0.0759,-0.0088,-0.5750,0.4327,0.1906,-0.0078,0.1908,-0.1464,-0.0047,1.2249
6.8497,0.6099,0.7522,0.2547,0.0776,0.2662,-0.0755,-0.0088,-0.5731,0.4328,0.1914,-0.0067,0.1916,-0.1494,-0.0053,1.2253
6.8499,0.6119,0.7531,0.2547,0.0776,0.2662,-0.0753,-0.0088,-0.5712,0.4329,0.1914,-0.0067,0.1916,-0.1519,-0.0053,1.2257
6.8697,0.6140,0.7541,0.2542,0.0802,0.2665,-0.0751,-0.0091,-0.5691,0.4330,0.1937,-0.0048,0.1938,-0.1549,-0.0046,1.2259
6.8700,0.6158,0.7548,0.2542,0.0802,0.2665,-0.0750,-0.0091,-0.5674,0.4331,0.1950,-0.0040,0.1950,-0.1566,-0.0041,1.2262
6.8798,0.6180,0.7558,0.2541,0.0823,0.2671,-0.0749,-0.0097,-0.5653,0.4332,0.1964,-0.0034,0.1964,-0.1585,-0.0003,1.2265
6.8802,0.6204,0.7568,0.2541,0.0823,0.2671,-0.0747,-0.0097,-0.5631,0.4333,0.1978,-0.0026,0.1978,-0.1610,0.0077,1.2269
6.8995,0.6222,0.7576,0.2536,0.0845,0.2673,-0.0744,-0.0094,-0.5615,0.4333,0.1989,-0.0016,0.1989,-0.1635,0.0158,1.2272
6.8998,0.6243,0.7585,0.2536,0.0845,0.2673,-0.0739,-0.0094,-0.5594,0.4334,0.1989,-0.0016,0.1989,-0.1658,0.0158,1.2276
6.9097,0.6285,0.7605,0.2529,0.0862,0.2672,-0.0727,-0.0096,-0.5575,0.4335,0.2013,-0.0002,0.2013,-0.1678,0.0193,1.2303
6.9099,0.6285,0.7605,0.2529,0.0862,0.2672,-0.0727,-0.0096,-0.5555,0.4336,0.2022,0.0007,0.2022,-0.1704,0.0208,1.2283
6.9296,0.6307,0.7615,0.2521,0.0881,0.2671,-0.0718,-0.0132,-0.5537,0.4337,0.2034,0.0016,0.2034,-0.1719,0.0207,1.2289
6.9298,0.6329,0.7624,0.2521,0.0891,0.2674,-0.0711,-0.0137,-0.5517,0.4339,0.2047,0.0025,0.2047,-0.1743,0.0210,1.2293
6.9497,0.6372,0.7642,0.2524,0.0903,0.2681,-0.0695,-0.0134,-0.5500,0.4341,0.2062,0.0034,0.2062,-0.1761,0.0226,1.2322
6.9500,0.6372,0.7642,0.2524,0.0903,0.2681,-0.0695,-0.0134,-0.5479,0.4343,0.2062,0.0034,0.2062,-0.1778,0.0226,1.2302
6.9597,0.6408,0.7658,0.2515,0.0934,0.2683,-0.0679,-0.0157,-0.5460,0.4345,0.2084,0.0050,0.2085,-0.1796,0.0258,1.2322
6.9600,0.6408,0.7658,0.2515,0.0934,0.2683,-0.0679,-0.0157,-0.5445,0.4346,0.2094,0.0059,0.2095,-0.1807,0.0265,1.2307
6.9798,0.6434,0.7671,0.2507,0.0941,0.2678,-0.0666,-0.0230,-0.5422,0.4350,0.2099,0.0065,0.2100,-0.1831,0.0271,1.2312
6.9894,0.6457,0.7682,0.2514,0.0960,0.2691,-0.0656,-0.0367,-0.5402,0.4354,0.2117,0.0075,0.2119,-0.1853,0.0289,1.2317
6.9899,0.6457,0.7682,0.2514,0.0960,0.2691,-0.0656,-0.0367,-0.5386,0.4357,0.2117,0.0075,0.2119,-0.1866,0.0289,1.2301
6.9996,0.6497,0.7699,0.2508,0.0988,0.2696,-0.0641,-0.0594,-0.5366,0.4359,0.2134,0.0093,0.2136,-0.1878,0.0372,1.2324
6.9999,0.6520,0.7709,0.2508,0.0988,0.2696,-0.0632,-0.0594,-0.5345,0.4363,0.2134,0.0093,0.2136,-0.1892,0.0372,1.2328
7.0196,0.6541,0.7718,0.2510,0.1010,0.2706,-0.0618,-0.0634,-0.5326,0.4366,0.2154,0.0110,0.2157,-0.1907,0.0465,1.2331
7.0199,0.6562,0.7728,0.2510,0.1010,0.2706,-0.0610,-0.0634,-0.5306,0.4370,0.2154,0.0110,0.2157,-0.1919,0.0465,1.2334
7.0395,0.6582,0.7739,0.2510,0.1025,0.2712,-0.0604,-0.0608,-0.5288,0.4373,0.2171,0.0129,0.2175,-0.1929,0.0471,1.2337
7.0398,0.6604,0.7751,0.2510,0.1025,0.2712,-0.0601,-0.0608,-0.5267,0.4378,0.2176,0.0140,0.2181,-0.1940,0.0453,1.2341
7.0494,0.6623,0.7761,0.2511,0.1040,0.2718,-0.0594,-0.0596,-0.5247,0.4383,0.2186,0.0152,0.2191,-0.1953,0.0439,1.2341
7.0499,0.6643,0.7770,0.2511,0.1040,0.2718,-0.0589,-0.0596,-0.5225,0.4388,0.2186,0.0152,0.2191,-0.1969,0.0439,1.2340
7.0700,0.6664,0.7781,0.2509,0.1042,0.2716,-0.0581,-0.0194,-0.5205,0.4394,0.2208,0.0177,0.2215,-0.1987,0.0428,1.2342
7.0703,0.6681,0.7789,0.2506,0.1042,0.2714,-0.0573,-0.0087,-0.5186,0.4399,0.2214,0.0189,0.2222,-0.2006,0.0400,1.2342
7.0898,0.6701,0.7799,0.2503,0.1043,0.2712,-0.0565,-0.0048,-0.5166,0.4405,0.2221,0.0200,0.2230,-0.2023,0.0376,1.2343
7.0901,0.6718,0.7807,0.2503,0.1043,0.2712,-0.0560,-0.0048,-0.5150,0.4410,0.2221,0.0200,0.2230,-0.2036,0.0376,1.2344
7.0996,0.6740,0.7819,0.2493,0.1048,0.2704,-0.0558,-0.0040,-0.5129,0.4417,0.2220,0.0222,0.2231,-0.2055,0.0319,1.2346
7.0998,0.6761,0.7830,0.2493,0.1048,0.2704,-0.0554,-0.0040,-0.5108,0.4426,0.2220,0.0222,0.2231,-0.2073,0.0319,1.2348
7.1197,0.6780,0.7840,0.2502,0.1067,0.2720,-0.0551,-0.0037,-0.5089,0.4434,0.2234,0.0253,0.2248,-0.2092,0.0035,1.2348
7.1201,0.6802,0.7851,0.2502,0.1067,0.2720,-0.0547,-0.0037,-0.5069,0.4444,0.2234,0.0253,0.2248,-0.2113,0.0035,1.2350
7.1400,0.6840,0.7868,0.2505,0.1087,0.2731,-0.0541,-0.0029,-0.5048,0.4453,0.2246,0.0289,0.2264,-0.2143,-0.0227,1.2369
7.1403,0.6840,0.7868,0.2505,0.1087,0.2731,-0.0541,-0.0029,-0.5030,0.4460,0.2266,0.0308,0.2287,-0.2160,-0.0349,1.2349
7.1498,0.6861,0.7878,0.2491,0.1086,0.2717,-0.0538,-0.0007,-0.5008,0.4468,0.2267,0.0321,0.2290,-0.2184,-0.0427,1.2349
7.1503,0.6881,0.7888,0.2487,0.1087,0.2714,-0.0533,0.0014,-0.4987,0.4473,0.2276,0.0337,0.2300,-0.2209,-0.0453,1.2349
7.1698,0.6901,0.7898,0.2492,0.1094,0.2721,-0.0528,0.0029,-0.4966,0.4478,0.2289,0.0346,0.2315,-0.2226,-0.0459,1.2350
7.1796,0.6924,0.7912,0.2487,0.1098,0.2719,-0.0517,0.0035,-0.4943,0.4484,0.2290,0.0352,0.2316,-0.2244,-0.0462,1.2352
7.1800,0.6940,0.7921,0.2487,0.1098,0.2719,-0.0513,0.0035,-0.4927,0.4487,0.2290,0.0352,0.2316,-0.2254,-0.0462,1.2354
7.1996,0.6962,0.7934,0.2484,0.1115,0.2723,-0.0507,0.0036,-0.4904,0.4492,0.2290,0.0362,0.2318,-0.2266,-0.0498,1.2355
7.1998,0.6983,0.7944,0.2484,0.1115,0.2723,-0.0499,0.0036,-0.4884,0.4498,0.2290,0.0362,0.2318,-0.2282,-0.0498,1.2357
7.2094,0.7004,0.7955,0.2482,0.1130,0.2727,-0.0486,-0.0004,-0.4861,0.4504,0.2300,0.0375,0.2330,-0.2299,-0.0535,1.2357
7.2097,0.7022,0.7963,0.2482,0.1130,0.2727,-0.0478,-0.0004,-0.4842,0.4508,0.2300,0.0375,0.2330,-0.2307,-0.0535,1.2357
7.2298,0.7040,0.7972,0.2473,0.1136,0.2721,-0.0470,-0.0005,-0.4820,0.4513,0.2317,0.0388,0.2350,-0.2313,-0.0532,1.2355
7.2302,0.7058,0.7982,0.2467,0.1143,0.2719,-0.0460,0.0019,-0.4800,0.4516,0.2317,0.0388,0.2350,-0.2316,-0.0532,1.2354
7.2496,0.7080,0.7994,0.2459,0.1145,0.2712,-0.0448,0.0042,-0.4775,0.4522,0.2336,0.0400,0.2370,-0.2320,-0.0471,1.2353
7.2500,0.7099,0.8004,0.2459,0.1145,0.2712,-0.0439,0.0042,-0.4754,0.4525,0.2355,0.0409,0.2390,-0.2322,-0.0392,1.2353
7.2597,0.7138,0.8024,0.2460,0.1160,0.2720,-0.0417,0.0068,-0.4731,0.4529,0.2361,0.0413,0.2397,-0.2321,-0.0330,1.2373
7.2599,0.7138,0.8024,0.2460,0.1160,0.2720,-0.0417,0.0068,-0.4711,0.4532,0.2368,0.0419,0.2405,-0.2320,-0.0265,1.2353
7.2795,0.7159,0.8035,0.2461,0.1168,0.2724,-0.0404,0.0078,-0.4686,0.4535,0.2374,0.0424,0.2412,-0.2318,-0.0209,1.2351
7.2798,0.7179,0.8046,0.2458,0.1172,0.2723,-0.0392,0.0082,-0.4663,0.4540,0.2382,0.0429,0.2420,-0.2317,-0.0166,1.2349
7.2896,0.7198,0.8056,0.2452,0.1174,0.2719,-0.0377,0.0081,-0.4639,0.4545,0.2387,0.0436,0.2427,-0.2313,-0.0167,1.2347
7.2899,0.7216,0.8066,0.2449,0.1177,0.2717,-0.0365,0.0080,-0.4617,0.4551,0.2398,0.0445,0.2438,-0.2301,-0.0187,1.2344
7.3095,0.7236,0.8079,0.2449,0.1183,0.2720,-0.0352,0.0079,-0.4592,0.4558,0.2413,0.0455,0.2455,-0.2283,-0.0206,1.2341
7.3097,0.7253,0.8090,0.2449,0.1183,0.2720,-0.0342,0.0079,-0.4570,0.4563,0.2413,0.0455,0.2455,-0.2272,-0.0206,1.2338
7.3296,0.7273,0.8102,0.2430,0.1192,0.2707,-0.0331,0.0072,-0.4546,0.4570,0.2427,0.0476,0.2474,-0.2262,-0.0210,1.2335
7.3301,0.7291,0.8113,0.2430,0.1192,0.2707,-0.0323,0.0072,-0.4523,0.4576,0.2427,0.0476,0.2474,-0.2257,-0.0210,1.2332
7.3497,0.7308,0.8122,0.2426,0.1202,0.2707,-0.0318,0.0072,-0.4501,0.4581,0.2453,0.0497,0.2503,-0.2250,-0.0205,1.2329
7.3499,0.7327,0.8132,0.2419,0.1200,0.2700,-0.0313,0.0072,-0.4478,0.4587,0.2453,0.0497,0.2503,-0.2241,-0.0205,1.2326
7.3597,0.7345,0.8140,0.2417,0.1201,0.2699,-0.0307,0.0080,-0.4456,0.4593,0.2469,0.0516,0.2522,-0.2234,-0.0180,1.2322
7.3601,0.7367,0.8153,0.2417,0.1201,0.2699,-0.0299,0.0080,-0.4427,0.4602,0.2471,0.0525,0.2526,-0.2219,-0.0163,1.2317
7.3696,0.7385,0.8164,0.2417,0.1210,0.2703,-0.0289,0.0117,-0.4403,0.4610,0.2493,0.0541,0.2551,-0.2203,-0.0186,1.2312
7.3699,0.7404,0.8176,0.2417,0.1210,0.2703,-0.0280,0.0117,-0.4379,0.4619,0.2500,0.0555,0.2561,-0.2191,-0.0253,1.2308
7.3898,0.7421,0.8188,0.2399,0.1216,0.2690,-0.0275,0.0111,-0.4355,0.4627,0.2505,0.0572,0.2569,-0.2184,-0.0303,1.2303
7.3901,0.7439,0.8199,0.2399,0.1216,0.2690,-0.0270,0.0111,-0.4333,0.4635,0.2505,0.0572,0.2569,-0.2179,-0.0303,1.2300
7.4097,0.7457,0.8211,0.2393,0.1229,0.2690,-0.0265,0.0093,-0.4311,0.4643,0.2523,0.0602,0.2594,-0.2172,-0.0320,1.2297
7.4100,0.7476,0.8222,0.2387,0.1232,0.2686,-0.0257,0.0114,-0.4287,0.4651,0.2530,0.0616,0.2603,-0.2170,-0.0331,1.2292
7.4296,0.7490,0.8231,0.2382,0.1235,0.2682,-0.0251,0.0135,-0.4266,0.4658,0.2538,0.0631,0.2615,-0.2168,-0.0337,1.2287
7.4299,0.7507,0.8241,0.2382,0.1235,0.2682,-0.0244,0.0135,-0.4242,0.4666,0.2542,0.0641,0.2621,-0.2165,-0.0343,1.2281
7.4394,0.7524,0.8252,0.2358,0.1234,0.2661,-0.0233,0.0170,-0.4217,0.4673,0.2551,0.0653,0.2634,-0.2162,-0.0351,1.2275
7.4397,0.7542,0.8263,0.2358,0.1234,0.2661,-0.0224,0.0170,-0.4192,0.4680,0.2551,0.0653,0.2634,-0.2152,-0.0351,1.2268
7.4596,0.7558,0.8273,0.2339,0.1243,0.2649,-0.0216,0.0220,-0.4168,0.4686,0.2575,0.0675,0.2662,-0.2143,-0.0296,1.2262
7.4599,0.7577,0.8285,0.2339,0.1243,0.2649,-0.0209,0.0220,-0.4144,0.4693,0.2575,0.0675,0.2662,-0.2132,-0.0296,1.2259
7.4796,0.7593,0.8295,0.2337,0.1255,0.2653,-0.0203,0.0219,-0.4123,0.4700,0.2602,0.0694,0.2693,-0.2123,-0.0224,1.2255
7.4799,0.7614,0.8307,0.2337,0.1255,0.2653,-0.0190,0.0219,-0.4097,0.4711,0.2602,0.0694,0.2693,-0.2108,-0.0224,1.2250
7.4895,0.7633,0.8319,0.2314,0.1249,0.2629,-0.0179,0.0216,-0.4071,0.4721,0.2611,0.0714,0.2706,-0.2097,-0.0228,1.2244
7.4898,0.7651,0.8331,0.2317,0.1257,0.2636,-0.0168,0.0214,-0.4045,0.4731,0.2630,0.0730,0.2729,-0.2085,-0.0253,1.2238
7.5097,0.7667,0.8341,0.2308,0.1263,0.2631,-0.0158,0.0214,-0.4022,0.4738,0.2642,0.0743,0.2744,-0.2072,-0.0275,1.2231
7.5101,0.7685,0.8355,0.2308,0.1263,0.2631,-0.0149,0.0214,-0.3992,0.4749,0.2648,0.0752,0.2752,-0.2060,-0.0324,1.2221
7.5194,0.7700,0.8366,0.2288,0.1273,0.2618,-0.0145,0.0212,-0.3968,0.4757,0.2667,0.0766,0.2774,-0.2052,-0.0320,1.2213
7.5197,0.7716,0.8379,0.2288,0.1273,0.2618,-0.0139,0.0212,-0.3941,0.4766,0.2677,0.0774,0.2787,-0.2041,-0.0300,1.2204
7.5395,0.7732,0.8392,0.2268,0.1280,0.2604,-0.0135,0.0206,-0.3915,0.4775,0.2693,0.0786,0.2805,-0.2025,-0.0263,1.2196
7.5397,0.7748,0.8404,0.2268,0.1280,0.2604,-0.0132,0.0206,-0.3890,0.4784,0.2693,0.0786,0.2805,-0.2013,-0.0263,1.2188
7.5597,0.7763,0.8415,0.2249,0.1286,0.2591,-0.0130,0.0206,-0.3866,0.4794,0.2713,0.0802,0.2829,-0.2001,-0.0216,1.2179
7.5602,0.7763,0.8415,0.2249,0.1286,0.2591,-0.0130,0.0206,-0.3843,0.4802,0.2713,0.0802,0.2829,-0.1987,-0.0216,1.2156
7.5696,0.7794,0.8437,0.2227,0.1289,0.2573,-0.0127,0.0209,-0.3818,0.4813,0.2723,0.0817,0.2843,-0.1969,-0.0156,1.2164
7.5700,0.7810,0.8448,0.2227,0.1289,0.2573,-0.0126,0.0209,-0.3795,0.4824,0.2723,0.0817,0.2843,-0.1954,-0.0156,1.2158
7.5896,0.7827,0.8459,0.2217,0.1299,0.2569,-0.0123,0.0210,-0.3770,0.4835,0.2741,0.0838,0.2866,-0.1937,-0.0113,1.2151
7.5900,0.7845,0.8472,0.2217,0.1299,0.2569,-0.0119,0.0210,-0.3745,0.4846,0.2741,0.0838,0.2866,-0.1919,-0.0113,1.2144
7.6095,0.7861,0.8484,0.2210,0.1306,0.2567,-0.0115,0.0281,-0.3720,0.4856,0.2768,0.0858,0.2897,-0.1904,-0.0017,1.2136
7.6098,0.7877,0.8496,0.2210,0.1306,0.2567,-0.0110,0.0281,-0.3695,0.4865,0.2777,0.0860,0.2907,-0.1891,0.0153,1.2129
7.6198,0.7909,0.8522,0.2184,0.1317,0.2551,-0.0097,0.0297,-0.3668,0.4874,0.2787,0.0862,0.2918,-0.1875,0.0290,1.2138
7.6202,0.7909,0.8522,0.2184,0.1317,0.2551,-0.0097,0.0297,-0.3644,0.4882,0.2787,0.0862,0.2918,-0.1863,0.0290,1.2113
7.6397,0.7927,0.8536,0.2174,0.1322,0.2545,-0.0089,0.0271,-0.3617,0.4892,0.2807,0.0857,0.2935,-0.1844,0.0543,1.2105
7.6401,0.7942,0.8547,0.2174,0.1322,0.2545,-0.0082,0.0271,-0.3592,0.4902,0.2807,0.0857,0.2935,-0.1827,0.0543,1.2096
7.6597,0.7959,0.8560,0.2162,0.1338,0.2543,-0.0079,0.0226,-0.3566,0.4913,0.2833,0.0867,0.2962,-0.1805,0.0734,1.2089
7.6601,0.7975,0.8572,0.2162,0.1338,0.2543,-0.0074,0.0226,-0.3541,0.4924,0.2833,0.0867,0.2962,-0.1789,0.0734,1.2080
7.6799,0.7992,0.8586,0.2148,0.1347,0.2535,-0.0067,0.0217,-0.3513,0.4937,0.2850,0.0892,0.2986,-0.1767,0.0767,1.2070
7.6803,0.8005,0.8597,0.2136,0.1348,0.2526,-0.0065,0.0222,-0.3491,0.4946,0.2859,0.0906,0.2999,-0.1747,0.0763,1.2062
7.6894,0.8021,0.8611,0.2130,0.1351,0.2522,-0.0061,0.0222,-0.3464,0.4957,0.2873,0.0917,0.3016,-0.1724,0.0773,1.2053
7.6995,0.8038,0.8624,0.2118,0.1353,0.2513,-0.0055,0.0253,-0.3437,0.4969,0.2880,0.0929,0.3026,-0.1701,0.0770,1.2042
7.6999,0.8051,0.8635,0.2118,0.1353,0.2513,-0.0054,0.0253,-0.3415,0.4978,0.2880,0.0929,0.3026,-0.1688,0.0770,1.2034
7.7196,0.8068,0.8649,0.2094,0.1360,0.2497,-0.0051,0.0262,-0.3386,0.4993,0.2893,0.0949,0.3045,-0.1665,0.0767,1.2024
7.7199,0.8082,0.8662,0.2094,0.1360,0.2497,-0.0047,0.0262,-0.3361,0.5004,0.2893,0.0949,0.3045,-0.1654,0.0767,1.2013
7.7298,0.8096,0.8677,0.2083,0.1379,0.2498,-0.0044,0.0264,-0.3333,0.5017,0.2918,0.0983,0.3079,-0.1632,0.0761,1.2001
7.7303,0.8108,0.8691,0.2076,0.1391,0.2499,-0.0043,0.0253,-0.3308,0.5029,0.2918,0.0983,0.3079,-0.1617,0.0761,1.1989
7.7494,0.8121,0.8704,0.2056,0.1393,0.2484,-0.0042,0.0245,-0.3283,0.5040,0.2933,0.1014,0.3103,-0.1598,0.0589,1.1978
7.7497,0.8121,0.8704,0.2056,0.1393,0.2484,-0.0042,0.0245,-0.3258,0.5052,0.2933,0.1014,0.3103,-0.1580,0.0589,1.1951
7.7595,0.8148,0.8730,0.2028,0.1405,0.2467,-0.0043,0.0227,-0.3234,0.5064,0.2946,0.1047,0.3126,-0.1559,0.0428,1.1957
7.7597,0.8163,0.8745,0.2018,0.1414,0.2464,-0.0044,0.0222,-0.3207,0.5078,0.2954,0.1066,0.3140,-0.1540,0.0357,1.1946
7.7801,0.8192,0.8770,0.2009,0.1420,0.2460,-0.0044,0.0217,-0.3181,0.5090,0.2958,0.1086,0.3151,-0.1524,0.0294,1.1954
7.7804,0.8192,0.8770,0.2009,0.1420,0.2460,-0.0044,0.0217,-0.3155,0.5102,0.2963,0.1100,0.3160,-0.1508,0.0268,1.1925
7.7995,0.8208,0.8783,0.1988,0.1427,0.2447,-0.0044,0.0218,-0.3127,0.5115,0.2968,0.1114,0.3170,-0.1481,0.0276,1.1913
7.7998,0.8223,0.8798,0.1988,0.1427,0.2447,-0.0044,0.0218,-0.3099,0.5129,0.2980,0.1128,0.3186,-0.1454,0.0298,1.1902
7.8096,0.8236,0.8812,0.1974,0.1437,0.2442,-0.0044,0.0218,-0.3075,0.5141,0.2986,0.1142,0.3197,-0.1430,0.0298,1.1892
7.8098,0.8249,0.8825,0.1974,0.1437,0.2442,-0.0044,0.0218,-0.3051,0.5155,0.2986,0.1142,0.3197,-0.1402,0.0298,1.1882
7.8299,0.8263,0.8838,0.1953,0.1446,0.2430,-0.0043,0.0219,-0.3027,0.5169,0.2988,0.1170,0.3209,-0.1381,0.0294,1.1870
7.8305,0.8279,0.8853,0.1953,0.1446,0.2430,-0.0038,0.0219,-0.2999,0.5185,0.2993,0.1186,0.3219,-0.1355,0.0263,1.1859
7.8497,0.8292,0.8866,0.1942,0.1463,0.2431,-0.0037,0.0222,-0.2976,0.5196,0.3006,0.1207,0.3239,-0.1334,0.0234,1.1851
7.8501,0.8306,0.8879,0.1942,0.1463,0.2431,-0.0037,0.0222,-0.2951,0.5209,0.3006,0.1207,0.3239,-0.1313,0.0234,1.1841
7.8596,0.8320,0.8894,0.1923,0.1477,0.2425,-0.0035,0.0225,-0.2924,0.5222,0.3009,0.1231,0.3251,-0.1290,0.0191,1.1828
7.8598,0.8334,0.8911,0.1906,0.1482,0.2415,-0.0036,0.0230,-0.2894,0.5235,0.3007,0.1240,0.3253,-0.1247,0.0191,1.1814
7.8798,0.8345,0.8925,0.1897,0.1494,0.2415,-0.0036,0.0243,-0.2870,0.5247,0.3016,0.1252,0.3266,-0.1220,0.0198,1.1802
7.8802,0.8355,0.8938,0.1897,0.1494,0.2415,-0.0036,0.0243,-0.2843,0.5260,0.3016,0.1252,0.3266,-0.1200,0.0198,1.1787
7.8997,0.8370,0.8957,0.1867,0.1500,0.2395,-0.0037,0.0263,-0.2815,0.5277,0.3024,0.1266,0.3278,-0.1172,0.0228,1.1774
7.9000,0.8382,0.8972,0.1861,0.1515,0.2400,-0.0037,0.0271,-0.2789,0.5292,0.3024,0.1266,0.3278,-0.1146,0.0228,1.1761
7.9094,0.8394,0.8986,0.1848,0.1522,0.2395,-0.0037,0.0272,-0.2765,0.5307,0.3043,0.1298,0.3308,-0.1128,0.0225,1.1750
7.9097,0.8410,0.9004,0.1848,0.1522,0.2395,-0.0037,0.0272,-0.2738,0.5324,0.3043,0.1298,0.3308,-0.1106,0.0225,1.1739
7.9297,0.8422,0.9020,0.1838,0.1547,0.2402,-0.0037,0.0260,-0.2712,0.5339,0.3057,0.1332,0.3334,-0.1085,0.0182,1.1727
7.9394,0.8433,0.9034,0.1830,0.1557,0.2403,-0.0036,0.0242,-0.2687,0.5353,0.3060,0.1348,0.3343,-0.1062,0.0140,1.1713
7.9397,0.8443,0.9050,0.1830,0.1557,0.2403,-0.0034,0.0242,-0.2661,0.5367,0.3060,0.1348,0.3343,-0.1041,0.0140,1.1699
7.9493,0.8454,0.9068,0.1803,0.1573,0.2393,-0.0034,0.0165,-0.2632,0.5382,0.3060,0.1374,0.3355,-0.1015,0.0042,1.1683
7.9495,0.8463,0.9082,0.1803,0.1573,0.2393,-0.0035,0.0165,-0.2610,0.5395,0.3060,0.1374,0.3355,-0.0993,0.0042,1.1671
7.9696,0.8473,0.9097,0.1772,0.1593,0.2383,-0.0035,0.0142,-0.2584,0.5409,0.3068,0.1402,0.3373,-0.0965,-0.0011,1.1656
7.9699,0.8484,0.9114,0.1758,0.1604,0.2380,-0.0035,0.0142,-0.2557,0.5425,0.3077,0.1417,0.3388,-0.0945,-0.0017,1.1641
7.9895,0.8494,0.9128,0.1741,0.1614,0.2374,-0.0036,0.0146,-0.2532,0.5441,0.3079,0.1428,0.3394,-0.0927,-0.0003,1.1626
7.9899,0.8505,0.9145,0.1723,0.1619,0.2364,-0.0036,0.0152,-0.2505,0.5457,0.3079,0.1428,0.3394,-0.0905,-0.0003,1.1611
8.0097,0.8518,0.9164,0.1709,0.1628,0.2361,-0.0036,0.0169,-0.2475,0.5475,0.3081,0.1453,0.3407,-0.0873,-0.0010,1.1596
8.0100,0.8525,0.9176,0.1703,0.1645,0.2367,-0.0037,0.0198,-0.2454,0.5486,0.3093,0.1473,0.3426,-0.0857,-0.0008,1.1583
8.0196,0.8537,0.9195,0.1682,0.1643,0.2351,-0.0037,0.0201,-0.2423,0.5503,0.3077,0.1475,0.3412,-0.0823,-0.0023,1.1566
8.0199,0.8548,0.9212,0.1682,0.1643,0.2351,-0.0037,0.0201,-0.2398,0.5519,0.3077,0.1475,0.3412,-0.0794,-0.0023,1.1552
8.0393,0.8558,0.9228,0.1665,0.1665,0.2355,-0.0037,0.0221,-0.2372,0.5535,0.3087,0.1505,0.3434,-0.0769,-0.0042,1.1537
8.0395,0.8568,0.9243,0.1665,0.1665,0.2355,-0.0037,0.0221,-0.2347,0.5551,0.3087,0.1505,0.3434,-0.0746,-0.0042,1.1523
8.0495,0.8591,0.9276,0.1642,0.1678,0.2348,-0.0034,0.0261,-0.2320,0.5569,0.3086,0.1534,0.3446,-0.0724,-0.0058,1.1524
8.0497,0.8591,0.9276,0.1642,0.1678,0.2348,-0.0034,0.0261,-0.2293,0.5586,0.3091,0.1551,0.3458,-0.0703,-0.0060,1.1493
8.0699,0.8603,0.9292,0.1629,0.1701,0.2355,-0.0030,0.0300,-0.2266,0.5604,0.3100,0.1568,0.3474,-0.0689,-0.0054,1.1478
8.0702,0.8614,0.9308,0.1618,0.1709,0.2354,-0.0024,0.0315,-0.2240,0.5622,0.3104,0.1581,0.3483,-0.0670,-0.0052,1.1463
8.0897,0.8624,0.9323,0.1609,0.1719,0.2355,-0.0017,0.0315,-0.2215,0.5637,0.3112,0.1596,0.3497,-0.0649,-0.0045,1.1449
8.0901,0.8635,0.9338,0.1609,0.1719,0.2355,-0.0013,0.0315,-0.2189,0.5654,0.3112,0.1596,0.3497,-0.0626,-0.0045,1.1433
8.0993,0.8646,0.9354,0.1580,0.1732,0.2344,-0.0006,0.0299,-0.2163,0.5670,0.3113,0.1615,0.3507,-0.0598,0.0039,1.1419
8.0995,0.8657,0.9371,0.1580,0.1732,0.2344,0.0001,0.0299,-0.2137,0.5688,0.3113,0.1615,0.3507,-0.0573,0.0039,1.1404
8.1197,0.8667,0.9389,0.1559,0.1749,0.2343,0.0008,0.0316,-0.2108,0.5711,0.3118,0.1646,0.3525,-0.0545,0.0090,1.1385
8.1199,0.8676,0.9406,0.1559,0.1749,0.2343,0.0012,0.0316,-0.2082,0.5730,0.3118,0.1646,0.3525,-0.0525,0.0090,1.1369
8.1398,0.8684,0.9422,0.1535,0.1769,0.2342,0.0016,0.0341,-0.2058,0.5749,0.3125,0.1697,0.3556,-0.0505,0.0037,1.1352
8.1401,0.8692,0.9438,0.1514,0.1772,0.2330,0.0019,0.0359,-0.2033,0.5769,0.3118,0.1714,0.3558,-0.0481,-0.0027,1.1334
8.1497,0.8701,0.9456,0.1499,0.1782,0.2329,0.0025,0.0376,-0.2006,0.5791,0.3118,0.1735,0.3568,-0.0460,-0.0086,1.1317
8.1500,0.8709,0.9472,0.1499,0.1782,0.2329,0.0029,0.0376,-0.1983,0.5809,0.3118,0.1735,0.3568,-0.0439,-0.0086,1.1302
8.1697,0.8719,0.9490,0.1469,0.1801,0.2324,0.0036,0.0410,-0.1957,0.5829,0.3116,0.1771,0.3584,-0.0420,-0.0131,1.1286
8.1701,0.8728,0.9507,0.1469,0.1801,0.2324,0.0042,0.0410,-0.1935,0.5847,0.3112,0.1784,0.3587,-0.0405,-0.0121,1.1274
8.1898,0.8739,0.9526,0.1447,0.1820,0.2325,0.0055,0.0418,-0.1908,0.5868,0.3111,0.1803,0.3596,-0.0381,-0.0111,1.1259
8.1903,0.8750,0.9544,0.1447,0.1820,0.2325,0.0061,0.0418,-0.1884,0.5888,0.3111,0.1822,0.3606,-0.0364,-0.0076,1.1245
8.1995,0.8760,0.9562,0.1424,0.1841,0.2328,0.0068,0.0408,-0.1858,0.5908,0.3106,0.1838,0.3609,-0.0343,-0.0035,1.1229
8.1997,0.8769,0.9577,0.1424,0.1841,0.2328,0.0077,0.0408,-0.1835,0.5927,0.3114,0.1859,0.3626,-0.0325,-0.0033,1.1214
8.2199,0.8779,0.9594,0.1401,0.1855,0.2325,0.0088,0.0405,-0.1810,0.5950,0.3101,0.1870,0.3622,-0.0292,-0.0027,1.1199
8.2203,0.8789,0.9613,0.1394,0.1865,0.2329,0.0099,0.0411,-0.1786,0.5972,0.3102,0.1891,0.3633,-0.0265,-0.0007,1.1184
8.2395,0.8799,0.9629,0.1386,0.1871,0.2328,0.0111,0.0417,-0.1764,0.5992,0.3094,0.1910,0.3636,-0.0240,0.0028,1.1171
8.2399,0.8810,0.9649,0.1380,0.1877,0.2330,0.0127,0.0418,-0.1738,0.6015,0.3089,0.1926,0.3640,-0.0210,0.0036,1.1156
8.2493,0.8820,0.9666,0.1378,0.1890,0.2339,0.0141,0.0424,-0.1716,0.6036,0.3090,0.1950,0.3654,-0.0187,0.0037,1.1143
8.2496,0.8831,0.9684,0.1378,0.1890,0.2339,0.0153,0.0424,-0.1691,0.6058,0.3085,0.1968,0.3659,-0.0158,0.0038,1.1129
8.2697,0.8840,0.9703,0.1366,0.1908,0.2347,0.0163,0.0418,-0.1666,0.6080,0.3086,0.1988,0.3671,-0.0136,0.0035,1.1114
8.2702,0.8850,0.9722,0.1366,0.1908,0.2347,0.0174,0.0418,-0.1641,0.6104,0.3081,0.2004,0.3675,-0.0106,0.0032,1.1098
8.2896,0.8859,0.9741,0.1347,0.1931,0.2355,0.0182,0.0412,-0.1618,0.6127,0.3081,0.2028,0.3688,-0.0083,0.0052,1.1083
8.2902,0.8868,0.9758,0.1347,0.1931,0.2355,0.0186,0.0412,-0.1597,0.6150,0.3075,0.2051,0.3696,-0.0059,0.0049,1.1069
8.2996,0.8878,0.9778,0.1320,0.1950,0.2354,0.0190,0.0409,-0.1574,0.6175,0.3060,0.2071,0.3695,-0.0033,0.0043,1.1055
8.3002,0.8889,0.9795,0.1320,0.1950,0.2354,0.0198,0.0409,-0.1553,0.6199,0.3060,0.2071,0.3695,-0.0010,0.0043,1.1044
8.3196,0.8900,0.9813,0.1306,0.1967,0.2361,0.0206,0.0408,-0.1531,0.6222,0.3044,0.2115,0.3706,0.0012,0.0034,1.1032
8.3199,0.8912,0.9831,0.1306,0.1967,0.2361,0.0214,0.0408,-0.1510,0.6245,0.3040,0.2134,0.3714,0.0034,0.0048,1.1021
8.3294,0.8921,0.9849,0.1298,0.1987,0.2373,0.0221,0.0398,-0.1488,0.6268,0.3034,0.2153,0.3720,0.0061,0.0081,1.1008
8.3296,0.8932,0.9870,0.1298,0.1987,0.2373,0.0232,0.0398,-0.1462,0.6293,0.3034,0.2153,0.3720,0.0087,0.0081,1.0992
8.3496,0.8940,0.9888,0.1278,0.2008,0.2381,0.0238,0.0387,-0.1439,0.6316,0.3028,0.2195,0.3740,0.0109,0.0103,1.0977
8.3499,0.8949,0.9908,0.1278,0.2008,0.2381,0.0242,0.0387,-0.1412,0.6342,0.3028,0.2195,0.3740,0.0140,0.0103,1.0958
8.3697,0.8966,0.9945,0.1259,0.2027,0.2386,0.0248,0.0349,-0.1387,0.6366,0.3023,0.2241,0.3763,0.0164,0.0089,1.0955
8.3699,0.8966,0.9945,0.1259,0.2027,0.2386,0.0248,0.0349,-0.1362,0.6390,0.3014,0.2261,0.3768,0.0190,0.0094,1.0923
8.3797,0.8976,0.9965,0.1243,0.2040,0.2389,0.0253,0.0358,-0.1338,0.6415,0.3015,0.2285,0.3783,0.0215,0.0080,1.0908
8.3803,0.8987,0.9982,0.1243,0.2040,0.2389,0.0259,0.0358,-0.1316,0.6441,0.3012,0.2311,0.3796,0.0241,0.0071,1.0895
8.3996,0.8998,0.9999,0.1234,0.2050,0.2392,0.0266,0.0367,-0.1294,0.6465,0.2997,0.2327,0.3794,0.0262,0.0093,1.0882
8.3998,0.9010,1.0017,0.1233,0.2055,0.2397,0.0272,0.0368,-0.1273,0.6491,0.2997,0.2327,0.3794,0.0275,0.0093,1.0870
8.4197,0.9021,1.0036,0.1232,0.2062,0.2402,0.0279,0.0365,-0.1249,0.6516,0.2985,0.2368,0.3810,0.0293,0.0096,1.0856
8.4199,0.9030,1.0054,0.1232,0.2062,0.2402,0.0283,0.0365,-0.1228,0.6539,0.2985,0.2368,0.3810,0.0304,0.0096,1.0844
8.4295,0.9040,1.0073,0.1216,0.2068,0.2399,0.0288,0.0373,-0.1204,0.6565,0.2968,0.2400,0.3817,0.0322,0.0167,1.0827
8.4298,0.9050,1.0094,0.1216,0.2068,0.2399,0.0294,0.0373,-0.1178,0.6592,0.2966,0.2423,0.3830,0.0346,0.0177,1.0811
8.4497,0.9059,1.0115,0.1213,0.2088,0.2415,0.0296,0.0347,-0.1154,0.6616,0.2966,0.2448,0.3846,0.0366,0.0185,1.0796
8.4500,0.9068,1.0133,0.1209,0.2092,0.2417,0.0299,0.0343,-0.1131,0.6641,0.2966,0.2448,0.3846,0.0384,0.0185,1.0780
8.4698,0.9078,1.0151,0.1210,0.2102,0.2425,0.0304,0.0348,-0.1107,0.6666,0.2959,0.2492,0.3869,0.0405,0.0186,1.0765
8.4700,0.9088,1.0167,0.1210,0.2102,0.2425,0.0307,0.0348,-0.1089,0.6690,0.2959,0.2492,0.3869,0.0425,0.0186,1.0754
8.4796,0.9099,1.0185,0.1207,0.2106,0.2428,0.0313,0.0350,-0.1068,0.6717,0.2936,0.2529,0.3875,0.0446,0.0213,1.0743
8.4798,0.9110,1.0204,0.1207,0.2106,0.2428,0.0321,0.0350,-0.1046,0.6744,0.2936,0.2529,0.3875,0.0457,0.0213,1.0729
8.4996,0.9120,1.0222,0.1209,0.2117,0.2438,0.0328,0.0337,-0.1024,0.6771,0.2918,0.2573,0.3890,0.0466,0.0258,1.0715
8.4999,0.9129,1.0242,0.1209,0.2117,0.2438,0.0335,0.0337,-0.1002,0.6799,0.2918,0.2573,0.3890,0.0471,0.0258,1.0701
8.5097,0.9137,1.0261,0.1208,0.2131,0.2449,0.0341,0.0309,-0.0979,0.6825,0.2904,0.2625,0.3915,0.0476,0.0276,1.0685
8.5100,0.9145,1.0282,0.1208,0.2131,0.2449,0.0345,0.0309,-0.0957,0.6852,0.2904,0.2625,0.3915,0.0483,0.0276,1.0669
8.5297,0.9153,1.0302,0.1193,0.2140,0.2450,0.0347,0.0262,-0.0936,0.6880,0.2880,0.2668,0.3926,0.0495,0.0260,1.0654
8.5300,0.9161,1.0321,0.1193,0.2140,0.2450,0.0350,0.0262,-0.0914,0.6907,0.2873,0.2689,0.3935,0.0503,0.0262,1.0638
8.5496,0.9170,1.0341,0.1186,0.2157,0.2461,0.0355,0.0155,-0.0892,0.6934,0.2868,0.2711,0.3946,0.0515,0.0262,1.0623
8.5500,0.9181,1.0362,0.1186,0.2157,0.2461,0.0369,0.0155,-0.0868,0.6963,0.2856,0.2730,0.3951,0.0532,0.0252,1.0609
8.5698,0.9190,1.0378,0.1180,0.2173,0.2472,0.0379,0.0036,-0.0850,0.6988,0.2850,0.2753,0.3963,0.0544,0.0251,1.0596
8.5702,0.9201,1.0398,0.1180,0.2173,0.2472,0.0392,0.0036,-0.0827,0.7017,0.2834,0.2768,0.3961,0.0558,0.0249,1.0582
8.5795,0.9211,1.0416,0.1173,0.2180,0.2475,0.0399,0.0025,-0.0807,0.7044,0.2826,0.2791,0.3972,0.0565,0.0255,1.0570
8.5799,0.9220,1.0434,0.1173,0.2180,0.2475,0.0406,0.0025,-0.0787,0.7072,0.2816,0.2815,0.3982,0.0568,0.0282,1.0557
8.5998,0.9230,1.0452,0.1171,0.2191,0.2485,0.0413,-0.0020,-0.0768,0.7100,0.2802,0.2836,0.3987,0.0572,0.0274,1.0545
8.6002,0.9240,1.0473,0.1171,0.2191,0.2485,0.0419,-0.0020,-0.0748,0.7131,0.2790,0.2860,0.3995,0.0574,0.0249,1.0533
8.6095,0.9249,1.0492,0.1167,0.2206,0.2496,0.0426,-0.0054,-0.0731,0.7160,0.2777,0.2885,0.4005,0.0574,0.0218,1.0521
8.6099,0.9258,1.0511,0.1162,0.2205,0.2492,0.0436,-0.0051,-0.0712,0.7190,0.2777,0.2885,0.4005,0.0576,0.0218,1.0509
8.6298,0.9267,1.0532,0.1163,0.2210,0.2498,0.0450,-0.0061,-0.0692,0.7219,0.2739,0.2920,0.4003,0.0578,0.0200,1.0496
8.6302,0.9276,1.0551,0.1163,0.2210,0.2498,0.0460,-0.0061,-0.0672,0.7247,0.2731,0.2941,0.4013,0.0582,0.0237,1.0482
8.6493,0.9285,1.0570,0.1168,0.2225,0.2513,0.0467,-0.0085,-0.0652,0.7274,0.2721,0.2955,0.4016,0.0589,0.0297,1.0469
8.6495,0.9294,1.0591,0.1168,0.2225,0.2513,0.0483,-0.0085,-0.0632,0.7302,0.2709,0.2966,0.4017,0.0600,0.0416,1.0456
8.6597,0.9302,1.0609,0.1169,0.2237,0.2524,0.0492,-0.0115,-0.0614,0.7330,0.2701,0.2986,0.4027,0.0609,0.0484,1.0444
8.6601,0.9312,1.0629,0.1169,0.2237,0.2524,0.0501,-0.0115,-0.0595,0.7360,0.2686,0.3002,0.4029,0.0614,0.0521,1.0432
8.6796,0.9322,1.0648,0.1167,0.2244,0.2529,0.0508,-0.0119,-0.0576,0.7390,0.2680,0.3026,0.4042,0.0622,0.0511,1.0421
8.6799,0.9332,1.0668,0.1167,0.2244,0.2529,0.0517,-0.0119,-0.0558,0.7421,0.2680,0.3026,0.4042,0.0628,0.0511,1.0409
8.6997,0.9341,1.0688,0.1164,0.2248,0.2532,0.0526,-0.0120,-0.0540,0.7451,0.2652,0.3066,0.4054,0.0632,0.0424,1.0398
8.7002,0.9350,1.0708,0.1164,0.2248,0.2532,0.0530,-0.0120,-0.0523,0.7482,0.2652,0.3066,0.4054,0.0636,0.0424,1.0387
8.7096,0.9358,1.0729,0.1162,0.2263,0.2544,0.0537,-0.0136,-0.0506,0.7514,0.2624,0.3110,0.4069,0.0640,0.0422,1.0375
8.7101,0.9365,1.0748,0.1159,0.2268,0.2547,0.0540,-0.0149,-0.0489,0.7543,0.2608,0.3128,0.4072,0.0643,0.0398,1.0362
8.7300,0.9377,1.0788,0.1147,0.2280,0.2552,0.0543,-0.0161,-0.0468,0.7573,0.2594,0.3142,0.4075,0.0648,0.0401,1.0357
8.7304,0.9377,1.0788,0.1147,0.2280,0.2552,0.0543,-0.0161,-0.0450,0.7600,0.2594,0.3142,0.4075,0.0661,0.0401,1.0331
8.7497,0.9386,1.0830,0.1133,0.2280,0.2546,0.0545,-0.0161,-0.0431,0.7631,0.2575,0.3170,0.4084,0.0673,0.0466,1.0325
8.7499,0.9386,1.0830,0.1133,0.2280,0.2546,0.0545,-0.0161,-0.0413,0.7659,0.2569,0.3189,0.4095,0.0685,0.0574,1.0300
8.7594,0.9391,1.0852,0.1111,0.2291,0.2546,0.0548,-0.0143,-0.0395,0.7692,0.2554,0.3202,0.4096,0.0703,0.0619,1.0284
8.7599,0.9397,1.0872,0.1111,0.2291,0.2546,0.0550,-0.0143,-0.0377,0.7723,0.2554,0.3202,0.4096,0.0716,0.0619,1.0269
8.7798,0.9403,1.0893,0.1093,0.2300,0.2546,0.0553,-0.0153,-0.0360,0.7755,0.2527,0.3238,0.4107,0.0724,0.0593,1.0255
8.7804,0.9407,1.0912,0.1093,0.2300,0.2546,0.0555,-0.0153,-0.0344,0.7785,0.2527,0.3238,0.4107,0.0733,0.0593,1.0241
8.7999,0.9414,1.0935,0.1080,0.2308,0.2548,0.0564,-0.0174,-0.0324,0.7820,0.2505,0.3269,0.4119,0.0742,0.0569,1.0224
8.8005,0.9419,1.0953,0.1080,0.2308,0.2548,0.0572,-0.0174,-0.0308,0.7850,0.2499,0.3290,0.4131,0.0751,0.0555,1.0210
8.8097,0.9424,1.0974,0.1059,0.2317,0.2547,0.0583,-0.0224,-0.0290,0.7882,0.2490,0.3302,0.4136,0.0757,0.0553,1.0195
8.8101,0.9430,1.0994,0.1049,0.2324,0.2549,0.0593,-0.0246,-0.0272,0.7914,0.2490,0.3302,0.4136,0.0764,0.0553,1.0180
8.8299,0.9435,1.1014,0.1037,0.2326,0.2547,0.0603,-0.0260,-0.0254,0.7945,0.2475,0.3337,0.4155,0.0773,0.0555,1.0164
8.8304,0.9441,1.1035,0.1037,0.2326,0.2547,0.0616,-0.0260,-0.0235,0.7977,0.2475,0.3337,0.4155,0.0783,0.0555,1.0148
8.8497,0.9447,1.1055,0.1020,0.2330,0.2543,0.0627,-0.0287,-0.0218,0.8008,0.2455,0.3367,0.4167,0.0794,0.0571,1.0133
8.8598,0.9452,1.1076,0.1013,0.2333,0.2544,0.0637,-0.0320,-0.0198,0.8042,0.2443,0.3383,0.4173,0.0799,0.0593,1.0116
8.8601,0.9456,1.1095,0.1013,0.2333,0.2544,0.0643,-0.0320,-0.0182,0.8073,0.2443,0.3383,0.4173,0.0806,0.0593,1.0101
8.8698,0.9464,1.1137,0.0990,0.2345,0.2545,0.0655,-0.0584,-0.0162,0.8108,0.2411,0.3413,0.4178,0.0811,0.0597,1.0091
8.8700,0.9464,1.1137,0.0990,0.2345,0.2545,0.0655,-0.0584,-0.0147,0.8139,0.2400,0.3437,0.4192,0.0817,0.0598,1.0067
8.8899,0.9467,1.1157,0.0975,0.2344,0.2539,0.0658,-0.0613,-0.0129,0.8172,0.2382,0.3447,0.4190,0.0821,0.0611,1.0050
8.8904,0.9472,1.1177,0.0975,0.2344,0.2539,0.0661,-0.0613,-0.0110,0.8207,0.2382,0.3447,0.4190,0.0825,0.0611,1.0032
8.9097,0.9475,1.1195,0.0947,0.2355,0.2538,0.0664,-0.0634,-0.0093,0.8239,0.2368,0.3482,0.4211,0.0830,0.0576,1.0015
8.9099,0.9479,1.1215,0.0947,0.2355,0.2538,0.0669,-0.0634,-0.0075,0.8273,0.2368,0.3482,0.4211,0.0835,0.0576,0.9997
8.9197,0.9483,1.1236,0.0916,0.2357,0.2529,0.0676,-0.0606,-0.0057,0.8308,0.2348,0.3513,0.4225,0.0841,0.0551,0.9979
8.9201,0.9486,1.1255,0.0916,0.2357,0.2529,0.0683,-0.0606,-0.0043,0.8341,0.2341,0.3538,0.4242,0.0845,0.0543,0.9964
8.9396,0.9489,1.1277,0.0893,0.2364,0.2527,0.0689,-0.0580,-0.0027,0.8376,0.2322,0.3552,0.4244,0.0847,0.0546,0.9949
8.9399,0.9492,1.1297,0.0893,0.2364,0.2527,0.0693,-0.0580,-0.0010,0.8410,0.2301,0.3568,0.4246,0.0846,0.0559,0.9931
8.9496,0.9495,1.1318,0.0866,0.2365,0.2519,0.0695,-0.0548,0.0006,0.8444,0.2288,0.3588,0.4256,0.0839,0.0569,0.9915
8.9499,0.9498,1.1338,0.0866,0.2365,0.2519,0.0699,-0.0548,0.0022,0.8478,0.2288,0.3588,0.4256,0.0833,0.0569,0.9898
8.9697,0.9501,1.1360,0.0840,0.2375,0.2519,0.0704,-0.0614,0.0039,0.8512,0.2259,0.3623,0.4270,0.0826,0.0530,0.9881
8.9699,0.9505,1.1381,0.0827,0.2387,0.2526,0.0707,-0.0627,0.0056,0.8544,0.2257,0.3644,0.4286,0.0826,0.0497,0.9865
8.9897,0.9508,1.1402,0.0811,0.2392,0.2526,0.0709,-0.0641,0.0073,0.8577,0.2250,0.3655,0.4292,0.0824,0.0465,0.9849
8.9900,0.9512,1.1423,0.0811,0.2392,0.2526,0.0711,-0.0641,0.0090,0.8610,0.2238,0.3667,0.4296,0.0823,0.0474,0.9832
8.9996,0.9515,1.1445,0.0783,0.2401,0.2526,0.0712,-0.0691,0.0109,0.8642,0.2228,0.3677,0.4299,0.0822,0.0526,0.9815
8.9998,0.9517,1.1466,0.0783,0.2401,0.2526,0.0716,-0.0691,0.0126,0.8675,0.2228,0.3677,0.4299,0.0822,0.0526,0.9797
9.0197,0.9520,1.1486,0.0760,0.2410,0.2527,0.0719,-0.0711,0.0142,0.8708,0.2211,0.3701,0.4311,0.0823,0.0614,0.9780
9.0200,0.9522,1.1507,0.0760,0.2410,0.2527,0.0724,-0.0711,0.0159,0.8742,0.2211,0.3701,0.4311,0.0822,0.0614,0.9763
9.0298,0.9527,1.1549,0.0726,0.2412,0.2519,0.0726,-0.0618,0.0174,0.8777,0.2189,0.3725,0.4321,0.0821,0.0590,0.9755
9.0300,0.9527,1.1549,0.0726,0.2412,0.2519,0.0726,-0.0618,0.0189,0.8812,0.2189,0.3725,0.4321,0.0820,0.0590,0.9730
9.0497,0.9529,1.1570,0.0713,0.2416,0.2519,0.0727,-0.0541,0.0204,0.8844,0.2163,0.3755,0.4333,0.0817,0.0553,0.9716
9.0500,0.9532,1.1592,0.0696,0.2416,0.2514,0.0727,-0.0480,0.0219,0.8878,0.2144,0.3762,0.4330,0.0816,0.0552,0.9701
9.0697,0.9536,1.1614,0.0685,0.2428,0.2523,0.0726,-0.0480,0.0235,0.8910,0.2136,0.3779,0.4341,0.0811,0.0567,0.9686
9.0700,0.9539,1.1637,0.0685,0.2428,0.2523,0.0729,-0.0480,0.0252,0.8944,0.2136,0.3779,0.4341,0.0809,0.0567,0.9669
9.0798,0.9542,1.1660,0.0655,0.2441,0.2528,0.0730,-0.0502,0.0269,0.8977,0.2118,0.3799,0.4349,0.0809,0.0585,0.9653
9.0801,0.9544,1.1682,0.0642,0.2453,0.2536,0.0731,-0.0511,0.0287,0.9010,0.2114,0.3810,0.4357,0.0808,0.0544,0.9635
9.0997,0.9547,1.1705,0.0629,0.2460,0.2539,0.0730,-0.0528,0.0304,0.9044,0.2110,0.3820,0.4364,0.0808,0.0531,0.9618
9.1002,0.9547,1.1705,0.0629,0.2460,0.2539,0.0730,-0.0528,0.0320,0.9075,0.2104,0.3826,0.4367,0.0809,0.0536,0.9594
9.1197,0.9554,1.1748,0.0604,0.2471,0.2543,0.0729,-0.0570,0.0337,0.9107,0.2102,0.3831,0.4369,0.0809,0.0589,0.9587
9.1201,0.9556,1.1770,0.0604,0.2471,0.2543,0.0729,-0.0570,0.0354,0.9138,0.2102,0.3831,0.4369,0.0809,0.0589,0.9571
9.1294,0.9559,1.1791,0.0578,0.2475,0.2541,0.0729,-0.0568,0.0375,0.9169,0.2093,0.3837,0.4371,0.0824,0.0755,0.9551
9.1297,0.9561,1.1812,0.0578,0.2475,0.2541,0.0729,-0.0568,0.0392,0.9199,0.2093,0.3837,0.4371,0.0838,0.0755,0.9534
9.1496,0.9563,1.1834,0.0553,0.2484,0.2545,0.0730,-0.0570,0.0410,0.9231,0.2088,0.3850,0.4380,0.0853,0.0782,0.9516
9.1499,0.9566,1.1857,0.0553,0.2484,0.2545,0.0731,-0.0570,0.0425,0.9262,0.2088,0.3850,0.4380,0.0862,0.0782,0.9503
9.1695,0.9569,1.1879,0.0529,0.2496,0.2551,0.0731,-0.0567,0.0439,0.9294,0.2078,0.3864,0.4387,0.0865,0.0755,0.9489
9.1698,0.9569,1.1879,0.0529,0.2496,0.2551,0.0731,-0.0567,0.0453,0.9328,0.2067,0.3868,0.4386,0.0865,0.0775,0.9466
9.1797,0.9575,1.1922,0.0501,0.2506,0.2555,0.0730,-0.0566,0.0465,0.9359,0.2058,0.3876,0.4388,0.0863,0.0800,0.9464
9.1801,0.9578,1.1944,0.0501,0.2506,0.2555,0.0728,-0.0566,0.0480,0.9395,0.2046,0.3876,0.4383,0.0863,0.0824,0.9449
9.1996,0.9581,1.1967,0.0474,0.2511,0.2556,0.0723,-0.0547,0.0494,0.9429,0.2038,0.3886,0.4388,0.0863,0.0825,0.9434
9.2001,0.9583,1.1988,0.0474,0.2511,0.2556,0.0722,-0.0547,0.0510,0.9462,0.2038,0.3886,0.4388,0.0863,0.0825,0.9418
9.2196,0.9584,1.2010,0.0448,0.2519,0.2558,0.0719,-0.0530,0.0526,0.9495,0.2033,0.3896,0.4395,0.0865,0.0767,0.9400
9.2199,0.9585,1.2032,0.0448,0.2519,0.2558,0.0716,-0.0530,0.0543,0.9527,0.2033,0.3896,0.4395,0.0866,0.0767,0.9382
9.2295,0.9585,1.2054,0.0426,0.2526,0.2562,0.0711,-0.0502,0.0558,0.9559,0.2023,0.3907,0.4400,0.0868,0.0762,0.9365
9.2300,0.9586,1.2076,0.0426,0.2526,0.2562,0.0707,-0.0502,0.0573,0.9591,0.2017,0.3917,0.4406,0.0873,0.0724,0.9349
9.2496,0.9588,1.2099,0.0410,0.2534,0.2567,0.0703,-0.0501,0.0589,0.9625,0.2009,0.3922,0.4407,0.0883,0.0620,0.9333
9.2499,0.9589,1.2120,0.0410,0.2534,0.2567,0.0698,-0.0501,0.0604,0.9659,0.2009,0.3922,0.4407,0.0887,0.0620,0.9316
9.2698,0.9592,1.2143,0.0395,0.2537,0.2568,0.0691,-0.0510,0.0619,0.9692,0.1998,0.3935,0.4413,0.0891,0.0567,0.9301
9.2702,0.9594,1.2166,0.0395,0.2537,0.2568,0.0685,-0.0510,0.0635,0.9728,0.1994,0.3939,0.4415,0.0899,0.0578,0.9285
9.2792,0.9595,1.2188,0.0383,0.2547,0.2575,0.0680,-0.0489,0.0650,0.9762,0.1990,0.3946,0.4420,0.0910,0.0557,0.9269
9.2794,0.9595,1.2188,0.0383,0.2547,0.2575,0.0680,-0.0489,0.0665,0.9796,0.1990,0.3946,0.4420,0.0912,0.0557,0.9246
9.3000,0.9597,1.2233,0.0366,0.2552,0.2578,0.0661,-0.0461,0.0678,0.9829,0.1977,0.3952,0.4420,0.0913,0.0421,0.9237
9.3004,0.9599,1.2255,0.0357,0.2559,0.2584,0.0644,-0.0441,0.0693,0.9862,0.1973,0.3959,0.4423,0.0911,0.0305,0.9221
9.3196,0.9600,1.2277,0.0348,0.2562,0.2585,0.0627,-0.0423,0.0707,0.9893,0.1967,0.3960,0.4422,0.0910,0.0316,0.9207
9.3199,0.9602,1.2298,0.0348,0.2562,0.2585,0.0614,-0.0423,0.0722,0.9926,0.1967,0.3960,0.4422,0.0912,0.0316,0.9191
9.3294,0.9604,1.2319,0.0334,0.2567,0.2589,0.0608,-0.0373,0.0737,0.9958,0.1953,0.3962,0.4417,0.0914,0.0349,0.9176
9.3296,0.9606,1.2341,0.0334,0.2567,0.2589,0.0600,-0.0373,0.0753,0.9993,0.1953,0.3962,0.4417,0.0915,0.0349,0.9159
9.3499,0.9607,1.2362,0.0318,0.2572,0.2591,0.0589,-0.0318,0.0772,1.0026,0.1941,0.3970,0.4419,0.0915,0.0302,0.9139
9.3503,0.9608,1.2384,0.0318,0.2572,0.2591,0.0577,-0.0318,0.0791,1.0060,0.1941,0.3970,0.4419,0.0915,0.0302,0.9118
9.3696,0.9609,1.2406,0.0304,0.2578,0.2596,0.0571,-0.0271,0.0807,1.0092,0.1946,0.3975,0.4425,0.0916,0.0243,0.9101
9.3698,0.9610,1.2428,0.0304,0.2578,0.2596,0.0562,-0.0271,0.0819,1.0124,0.1946,0.3975,0.4425,0.0918,0.0243,0.9088
9.3797,0.9612,1.2450,0.0293,0.2582,0.2599,0.0549,-0.0266,0.0830,1.0157,0.1932,0.3972,0.4416,0.0922,0.0165,0.9076
9.3800,0.9613,1.2471,0.0293,0.2582,0.2599,0.0535,-0.0266,0.0839,1.0190,0.1932,0.3972,0.4416,0.0923,0.0165,0.9066
9.3998,0.9615,1.2491,0.0283,0.2588,0.2603,0.0523,-0.0273,0.0848,1.0223,0.1898,0.3966,0.4397,0.0923,0.0148,0.9056
9.4002,0.9617,1.2512,0.0283,0.2588,0.2603,0.0508,-0.0273,0.0859,1.0255,0.1883,0.3969,0.4392,0.0922,0.0147,0.9044
9.4200,0.9619,1.2534,0.0277,0.2595,0.2610,0.0496,-0.0275,0.0873,1.0289,0.1868,0.3965,0.4383,0.0912,0.0159,0.9030
9.4204,0.9621,1.2554,0.0274,0.2596,0.2610,0.0485,-0.0274,0.0889,1.0319,0.1868,0.3965,0.4383,0.0895,0.0159,0.9013
9.4298,0.9623,1.2576,0.0270,0.2598,0.2612,0.0476,-0.0252,0.0908,1.0351,0.1864,0.3957,0.4374,0.0891,0.0164,0.8995
9.4303,0.9625,1.2597,0.0270,0.2598,0.2612,0.0466,-0.0252,0.0926,1.0382,0.1870,0.3951,0.4371,0.0894,0.0143,0.8976
9.4496,0.9626,1.2617,0.0265,0.2600,0.2613,0.0461,-0.0190,0.0942,1.0412,0.1873,0.3943,0.4366,0.0901,0.0174,0.8960
9.4499,0.9627,1.2640,0.0265,0.2600,0.2613,0.0451,-0.0190,0.0956,1.0445,0.1873,0.3943,0.4366,0.0927,0.0174,0.8944
9.4698,0.9629,1.2663,0.0258,0.2603,0.2616,0.0440,-0.0119,0.0970,1.0479,0.1868,0.3934,0.4355,0.0949,0.0222,0.8930
9.4701,0.9629,1.2683,0.0258,0.2603,0.2616,0.0434,-0.0119,0.0982,1.0511,0.1868,0.3934,0.4355,0.0970,0.0222,0.8916
9.4796,0.9630,1.2706,0.0250,0.2605,0.2617,0.0425,-0.0098,0.0995,1.0546,0.1852,0.3933,0.4347,0.0983,0.0206,0.8901
9.4799,0.9631,1.2728,0.0250,0.2605,0.2617,0.0417,-0.0098,0.1006,1.0580,0.1843,0.3938,0.4348,0.0990,0.0189,0.8889
9.4996,0.9631,1.2750,0.0238,0.2610,0.2621,0.0408,-0.0087,0.1018,1.0612,0.1831,0.3940,0.4345,0.0996,0.0114,0.8874
9.4999,0.9631,1.2772,0.0238,0.2610,0.2621,0.0399,-0.0087,0.1032,1.0645,0.1831,0.3940,0.4345,0.1000,0.0114,0.8859
9.5096,0.9631,1.2793,0.0228,0.2612,0.2622,0.0388,-0.0086,0.1043,1.0675,0.1811,0.3940,0.4336,0.1006,0.0034,0.8845
9.5099,0.9631,1.2816,0.0228,0.2612,0.2622,0.0379,-0.0086,0.1056,1.0709,0.1811,0.3940,0.4336,0.1018,0.0034,0.8830
9.5297,0.9632,1.2837,0.0218,0.2617,0.2627,0.0368,-0.0088,0.1069,1.0741,0.1796,0.3933,0.4324,0.1029,0.0120,0.8815
9.5300,0.9632,1.2859,0.0218,0.2617,0.2627,0.0356,-0.0088,0.1082,1.0774,0.1790,0.3928,0.4316,0.1045,0.0177,0.8800
9.5498,0.9632,1.2880,0.0210,0.2619,0.2628,0.0342,-0.0123,0.1095,1.0808,0.1785,0.3926,0.4312,0.1063,0.0191,0.8785
9.5501,0.9633,1.2902,0.0210,0.2619,0.2628,0.0336,-0.0123,0.1108,1.0842,0.1785,0.3926,0.4312,0.1084,0.0191,0.8770
9.5596,0.9634,1.2924,0.0201,0.2620,0.2628,0.0326,-0.0149,0.1122,1.0877,0.1779,0.3929,0.4313,0.1107,-0.0133,0.8755
9.5600,0.9635,1.2946,0.0201,0.2620,0.2628,0.0316,-0.0149,0.1135,1.0911,0.1779,0.3929,0.4313,0.1125,-0.0133,0.8740
9.5798,0.9636,1.2969,0.0192,0.2619,0.2626,0.0308,-0.0150,0.1148,1.0947,0.1765,0.3936,0.4313,0.1147,-0.0556,0.8726
9.5802,0.9638,1.2990,0.0192,0.2619,0.2626,0.0301,-0.0150,0.1161,1.0980,0.1765,0.3936,0.4313,0.1160,-0.0556,0.8712
9.5996,0.9639,1.3012,0.0187,0.2616,0.2622,0.0293,-0.0144,0.1172,1.1014,0.1747,0.3940,0.4310,0.1175,-0.0677,0.8699
9.5999,0.9640,1.3034,0.0187,0.2616,0.2622,0.0284,-0.0144,0.1182,1.1047,0.1747,0.3940,0.4310,0.1189,-0.0677,0.8688
9.6097,0.9641,1.3055,0.0179,0.2614,0.2621,0.0277,-0.0113,0.1191,1.1078,0.1724,0.3942,0.4303,0.1197,-0.0616,0.8678
9.6100,0.9642,1.3077,0.0179,0.2614,0.2621,0.0271,-0.0113,0.1199,1.1112,0.1724,0.3942,0.4303,0.1206,-0.0616,0.8668
9.6296,0.9642,1.3098,0.0171,0.2615,0.2621,0.0267,-0.0124,0.1209,1.1146,0.1690,0.3948,0.4294,0.1213,-0.0688,0.8657
9.6299,0.9643,1.3120,0.0171,0.2615,0.2621,0.0262,-0.0124,0.1219,1.1179,0.1690,0.3948,0.4294,0.1216,-0.0688,0.8644
9.6399,0.9644,1.3164,0.0164,0.2616,0.2621,0.0255,-0.0127,0.1230,1.1213,0.1654,0.3960,0.4292,0.1220,-0.0823,0.8638
9.6401,0.9644,1.3164,0.0164,0.2616,0.2621,0.0255,-0.0127,0.1243,1.1247,0.1654,0.3960,0.4292,0.1224,-0.0823,0.8618
9.6596,0.9645,1.3184,0.0156,0.2614,0.2619,0.0255,-0.0122,0.1253,1.1281,0.1635,0.3970,0.4294,0.1229,-0.0899,0.8605
9.6600,0.9645,1.3206,0.0156,0.2614,0.2619,0.0255,-0.0122,0.1263,1.1317,0.1635,0.3970,0.4294,0.1235,-0.0899,0.8593
9.6798,0.9645,1.3228,0.0145,0.2610,0.2614,0.0254,-0.0111,0.1272,1.1353,0.1620,0.3978,0.4295,0.1247,-0.0978,0.8581
9.6801,0.9646,1.3250,0.0145,0.2610,0.2614,0.0253,-0.0111,0.1279,1.1390,0.1620,0.3978,0.4295,0.1253,-0.0978,0.8571
9.6995,0.9647,1.3270,0.0135,0.2612,0.2615,0.0250,-0.0106,0.1287,1.1428,0.1599,0.3992,0.4300,0.1258,-0.1089,0.8560
9.7001,0.9647,1.3290,0.0135,0.2612,0.2615,0.0248,-0.0106,0.1293,1.1463,0.1584,0.3999,0.4302,0.1257,-0.1108,0.8552
9.7097,0.9649,1.3312,0.0130,0.2605,0.2608,0.0245,-0.0120,0.1300,1.1501,0.1565,0.4003,0.4298,0.1256,-0.1087,0.8543
9.7101,0.9650,1.3334,0.0130,0.2605,0.2608,0.0242,-0.0120,0.1308,1.1537,0.1565,0.4003,0.4298,0.1257,-0.1087,0.8533
9.7295,0.9651,1.3354,0.0130,0.2604,0.2607,0.0240,-0.0141,0.1316,1.1570,0.1531,0.4020,0.4301,0.1258,-0.1085,0.8524
9.7300,0.9652,1.3376,0.0131,0.2602,0.2605,0.0235,-0.0142,0.1324,1.1606,0.1531,0.4020,0.4301,0.1261,-0.1085,0.8513
9.7499,0.9652,1.3397,0.0131,0.2600,0.2603,0.0229,-0.0140,0.1332,1.1643,0.1502,0.4030,0.4300,0.1267,-0.1098,0.8504
9.7503,0.9653,1.3418,0.0131,0.2600,0.2603,0.0220,-0.0140,0.1339,1.1680,0.1502,0.4030,0.4300,0.1268,-0.1098,0.8494
9.7600,0.9654,1.3439,0.0128,0.2595,0.2599,0.0213,-0.0134,0.1344,1.1716,0.1469,0.4041,0.4300,0.1268,-0.1135,0.8486
9.7605,0.9655,1.3460,0.0124,0.2592,0.2595,0.0209,-0.0128,0.1350,1.1752,0.1450,0.4048,0.4300,0.1267,-0.1133,0.8479
9.7798,0.9656,1.3480,0.0122,0.2587,0.2590,0.0207,-0.0123,0.1354,1.1788,0.1428,0.4049,0.4293,0.1265,-0.1110,0.8473
9.7802,0.9657,1.3501,0.0122,0.2584,0.2587,0.0204,-0.0104,0.1357,1.1825,0.1408,0.4053,0.4291,0.1263,-0.1072,0.8468
9.8000,0.9658,1.3523,0.0122,0.2581,0.2584,0.0197,-0.0091,0.1360,1.1862,0.1384,0.4059,0.4288,0.1257,-0.0917,0.8462
9.8005,0.9658,1.3543,0.0122,0.2581,0.2584,0.0191,-0.0091,0.1363,1.1898,0.1363,0.4066,0.4288,0.1245,-0.0790,0.8456
9.8097,0.9657,1.3564,0.0118,0.2575,0.2577,0.0184,-0.0024,0.1367,1.1935,0.1339,0.4071,0.4285,0.1233,-0.0829,0.8449
9.8100,0.9657,1.3587,0.0118,0.2575,0.2577,0.0177,-0.0024,0.1372,1.1972,0.1320,0.4084,0.4292,0.1222,-0.0910,0.8441
9.8300,0.9657,1.3609,0.0110,0.2578,0.2581,0.0167,-0.0039,0.1378,1.2008,0.1300,0.4092,0.4293,0.1215,-0.0954,0.8433
9.8304,0.9657,1.3631,0.0105,0.2579,0.2582,0.0159,-0.0057,0.1383,1.2044,0.1282,0.4098,0.4294,0.1209,-0.0974,0.8424
9.8498,0.9656,1.3653,0.0101,0.2580,0.2582,0.0154,-0.0060,0.1388,1.2080,0.1260,0.4103,0.4292,0.1202,-0.0978,0.8416
9.8503,0.9656,1.3673,0.0098,0.2583,0.2585,0.0149,-0.0013,0.1393,1.2115,0.1234,0.4107,0.4289,0.1194,-0.0949,0.8409
9.8597,0.9656,1.3695,0.0096,0.2578,0.2580,0.0145,0.0034,0.1398,1.2152,0.1204,0.4110,0.4283,0.1183,-0.0913,0.8401
9.8602,0.9656,1.3716,0.0096,0.2578,0.2580,0.0141,0.0034,0.1403,1.2187,0.1204,0.4110,0.4283,0.1172,-0.0913,0.8393
9.8799,0.9656,1.3738,0.0091,0.2577,0.2579,0.0137,0.0093,0.1408,1.2223,0.1168,0.4125,0.4287,0.1162,-0.0811,0.8385
9.8804,0.9656,1.3759,0.0088,0.2576,0.2578,0.0131,0.0101,0.1413,1.2260,0.1158,0.4132,0.4291,0.1154,-0.0826,0.8378
9.8896,0.9656,1.3781,0.0085,0.2577,0.2579,0.0126,0.0105,0.1418,1.2298,0.1149,0.4140,0.4297,0.1144,-0.0828,0.8370
9.8899,0.9655,1.3800,0.0085,0.2577,0.2579,0.0118,0.0105,0.1422,1.2333,0.1141,0.4149,0.4303,0.1128,-0.0831,0.8364
9.9098,0.9655,1.3821,0.0076,0.2576,0.2577,0.0113,0.0098,0.1424,1.2372,0.1125,0.4156,0.4305,0.1110,-0.0832,0.8358
9.9102,0.9655,1.3842,0.0076,0.2576,0.2577,0.0111,0.0098,0.1427,1.2409,0.1102,0.4166,0.4309,0.1092,-0.0836,0.8352
9.9297,0.9655,1.3863,0.0068,0.2575,0.2576,0.0110,0.0086,0.1429,1.2446,0.1075,0.4179,0.4315,0.1070,-0.0867,0.8347
9.9300,0.9655,1.3884,0.0068,0.2575,0.2576,0.0109,0.0086,0.1431,1.2481,0.1043,0.4189,0.4317,0.1047,-0.0861,0.8343
9.9501,0.9655,1.3906,0.0061,0.2574,0.2575,0.0108,0.0033,0.1433,1.2516,0.1010,0.4199,0.4319,0.1029,-0.0876,0.8339
9.9506,0.9655,1.3927,0.0061,0.2574,0.2575,0.0107,0.0033,0.1435,1.2552,0.0982,0.4209,0.4322,0.1006,-0.0883,0.8334
9.9594,0.9655,1.3949,0.0055,0.2574,0.2575,0.0108,-0.0011,0.1436,1.2589,0.0956,0.4216,0.4323,0.0988,-0.0850,0.8330
9.9597,0.9655,1.3970,0.0055,0.2574,0.2575,0.0108,-0.0011,0.1439,1.2624,0.0956,0.4216,0.4323,0.0971,-0.0850,0.8325
9.9796,0.9655,1.3992,0.0051,0.2573,0.2573,0.0108,-0.0027,0.1443,1.2660,0.0913,0.4226,0.4323,0.0958,-0.0841,0.8319
9.9799,0.9655,1.4013,0.0051,0.2573,0.2573,0.0106,-0.0027,0.1447,1.2696,0.0895,0.4229,0.4322,0.0941,-0.0837,0.8313
9.9899,0.9655,1.4035,0.0048,0.2570,0.2570,0.0105,-0.0049,0.1451,1.2732,0.0883,0.4233,0.4324,0.0924,-0.0819,0.8306
9.9903,0.9655,1.4056,0.0048,0.2569,0.2570,0.0104,-0.0046,0.1455,1.2769,0.0866,0.4240,0.4328,0.0910,-0.0829,0.8300
10.0095,0.9655,1.4078,0.0047,0.2568,0.2569,0.0104,-0.0039,0.1458,1.2805,0.0847,0.4248,0.4332,0.0896,-0.0836,0.8295
10.0098,0.9654,1.4099,0.0047,0.2568,0.2569,0.0102,-0.0039,0.1460,1.2842,0.0829,0.4260,0.4340,0.0877,-0.0868,0.8290
10.0295,0.9654,1.4119,0.0046,0.2566,0.2566,0.0097,-0.0026,0.1461,1.2878,0.0807,0.4267,0.4343,0.0857,-0.0901,0.8286
10.0298,0.9653,1.4139,0.0046,0.2566,0.2566,0.0092,-0.0026,0.1463,1.2915,0.0807,0.4267,0.4343,0.0833,-0.0901,0.8281
10.0396,0.9653,1.4159,0.0043,0.2562,0.2562,0.0091,-0.0012,0.1464,1.2950,0.0763,0.4281,0.4348,0.0816,-0.0909,0.8277
10.0400,0.9652,1.4179,0.0041,0.2558,0.2558,0.0088,-0.0004,0.1466,1.2987,0.0739,0.4284,0.4347,0.0800,-0.0812,0.8272
10.0598,0.9652,1.4200,0.0039,0.2555,0.2555,0.0085,0.0027,0.1469,1.3023,0.0716,0.4289,0.4349,0.0778,-0.0615,0.8267
10.0602,0.9651,1.4220,0.0039,0.2555,0.2555,0.0081,0.0027,0.1472,1.3060,0.0716,0.4289,0.4349,0.0763,-0.0615,0.8261
10.0797,0.9651,1.4241,0.0033,0.2548,0.2548,0.0078,0.0056,0.1475,1.3095,0.0674,0.4296,0.4349,0.0748,-0.0307,0.8256
10.0799,0.9650,1.4262,0.0029,0.2544,0.2544,0.0075,0.0062,0.1478,1.3132,0.0674,0.4296,0.4349,0.0731,-0.0307,0.8249
10.0897,0.9648,1.4281,0.0024,0.2544,0.2544,0.0072,0.0072,0.1481,1.3169,0.0635,0.4304,0.4350,0.0710,-0.0213,0.8243
10.0900,0.9647,1.4300,0.0019,0.2538,0.2538,0.0067,0.0082,0.1484,1.3205,0.0618,0.4310,0.4354,0.0695,-0.0240,0.8236
10.1099,0.9646,1.4320,0.0014,0.2532,0.2532,0.0061,0.0088,0.1487,1.3241,0.0604,0.4316,0.4358,0.0679,-0.0282,0.8230
10.1102,0.9645,1.4340,0.0010,0.2530,0.2530,0.0056,0.0088,0.1490,1.3277,0.0592,0.4326,0.4366,0.0657,-0.0319,0.8225
10.1297,0.9645,1.4359,0.0007,0.2525,0.2525,0.0053,0.0095,0.1491,1.3314,0.0581,0.4332,0.4370,0.0637,-0.0312,0.8221
10.1300,0.9645,1.4379,0.0005,0.2521,0.2521,0.0049,0.0109,0.1492,1.3352,0.0564,0.4337,0.4374,0.0619,-0.0287,0.8218
10.1398,0.9645,1.4397,0.0003,0.2516,0.2516,0.0046,0.0118,0.1492,1.3390,0.0545,0.4345,0.4379,0.0598,-0.0263,0.8215
10.1400,0.9645,1.4416,0.0003,0.2516,0.2516,0.0046,0.0118,0.1492,1.3427,0.0545,0.4345,0.4379,0.0577,-0.0263,0.8212
10.1600,0.9645,1.4436,0.0001,0.2505,0.2505,0.0045,0.0135,0.1493,1.3464,0.0499,0.4359,0.4388,0.0560,-0.0269,0.8210
10.1603,0.9645,1.4455,0.0000,0.2503,0.2503,0.0042,0.0147,0.1494,1.3502,0.0480,0.4368,0.4394,0.0537,-0.0270,0.8207
10.1798,0.9645,1.4474,-0.0000,0.2498,0.2498,0.0040,0.0147,0.1495,1.3538,0.0462,0.4369,0.4394,0.0517,-0.0279,0.8203
10.1802,0.9645,1.4493,-0.0001,0.2493,0.2493,0.0036,0.0150,0.1496,1.3575,0.0446,0.4370,0.4393,0.0496,-0.0245,0.8200
10.1898,0.9644,1.4512,-0.0003,0.2488,0.2488,0.0031,0.0175,0.1498,1.3613,0.0434,0.4369,0.4391,0.0481,-0.0191,0.8195
10.1902,0.9644,1.4531,-0.0005,0.2485,0.2485,0.0026,0.0212,0.1500,1.3651,0.0424,0.4370,0.4391,0.0458,-0.0141,0.8191
10.2095,0.9643,1.4550,-0.0007,0.2481,0.2481,0.0021,0.0233,0.1502,1.3689,0.0416,0.4375,0.4394,0.0444,-0.0127,0.8186
10.2098,0.9642,1.4569,-0.0007,0.2481,0.2481,0.0020,0.0233,0.1504,1.3724,0.0405,0.4376,0.4395,0.0416,-0.0133,0.8182
10.2298,0.9640,1.4589,-0.0016,0.2469,0.2469,0.0017,0.0243,0.1506,1.3762,0.0392,0.4376,0.4393,0.0400,-0.0154,0.8176
10.2303,0.9638,1.4609,-0.0016,0.2469,0.2469,0.0013,0.0243,0.1509,1.3799,0.0392,0.4376,0.4393,0.0388,-0.0154,0.8169
10.2397,0.9636,1.4629,-0.0027,0.2465,0.2466,0.0009,0.0236,0.1511,1.3835,0.0369,0.4385,0.4401,0.0370,-0.0201,0.8164
10.2402,0.9633,1.4650,-0.0034,0.2465,0.2465,0.0008,0.0223,0.1512,1.3873,0.0358,0.4385,0.4399,0.0354,-0.0208,0.8158
10.2597,0.9631,1.4669,-0.0040,0.2463,0.2463,0.0009,0.0206,0.1514,1.3911,0.0348,0.4388,0.4401,0.0331,-0.0227,0.8153
10.2602,0.9630,1.4688,-0.0046,0.2461,0.2461,0.0010,0.0168,0.1514,1.3949,0.0338,0.4390,0.4403,0.0306,-0.0250,0.8149
10.2699,0.9628,1.4707,-0.0051,0.2456,0.2456,0.0010,0.0152,0.1515,1.3987,0.0329,0.4394,0.4406,0.0281,-0.0290,0.8146
10.2704,0.9627,1.4725,-0.0056,0.2453,0.2454,0.0012,0.0139,0.1516,1.4024,0.0329,0.4394,0.4406,0.0256,-0.0290,0.8142
10.2898,0.9626,1.4745,-0.0060,0.2448,0.2448,0.0016,0.0125,0.1516,1.4061,0.0317,0.4397,0.4408,0.0230,-0.0294,0.8139
10.2904,0.9625,1.4764,-0.0063,0.2444,0.2445,0.0020,0.0088,0.1517,1.4098,0.0313,0.4398,0.4409,0.0204,-0.0269,0.8135
10.3096,0.9623,1.4783,-0.0066,0.2442,0.2443,0.0021,0.0079,0.1518,1.4136,0.0308,0.4401,0.4412,0.0183,-0.0234,0.8131
10.3101,0.9622,1.4802,-0.0066,0.2442,0.2443,0.0022,0.0079,0.1518,1.4174,0.0308,0.4401,0.4412,0.0159,-0.0234,0.8128
10.3298,0.9621,1.4821,-0.0070,0.2430,0.2431,0.0021,0.0076,0.1519,1.4211,0.0293,0.4404,0.4414,0.0143,-0.0164,0.8125
10.3302,0.9619,1.4838,-0.0070,0.2430,0.2431,0.0020,0.0076,0.1519,1.4246,0.0293,0.4404,0.4414,0.0120,-0.0164,0.8121
10.3397,0.9614,1.4876,-0.0076,0.2415,0.2416,0.0020,0.0091,0.1520,1.4283,0.0272,0.4403,0.4412,0.0093,-0.0131,0.8116
10.3398,0.9614,1.4876,-0.0076,0.2415,0.2416,0.0020,0.0091,0.1521,1.4319,0.0264,0.4406,0.4414,0.0071,-0.0104,0.8112
10.3598,0.9612,1.4896,-0.0084,0.2406,0.2407,0.0020,0.0120,0.1522,1.4358,0.0256,0.4408,0.4416,0.0047,-0.0094,0.8107
10.3603,0.9610,1.4914,-0.0084,0.2406,0.2407,0.0020,0.0120,0.1523,1.4393,0.0248,0.4413,0.4420,0.0031,-0.0111,0.8103
10.3694,0.9607,1.4933,-0.0092,0.2395,0.2397,0.0023,0.0132,0.1524,1.4431,0.0240,0.4413,0.4419,0.0015,-0.0128,0.8099
10.3792,0.9604,1.4954,-0.0097,0.2391,0.2393,0.0027,0.0136,0.1525,1.4470,0.0232,0.4415,0.4421,-0.0002,-0.0132,0.8093
10.3794,0.9601,1.4971,-0.0097,0.2391,0.2393,0.0029,0.0136,0.1526,1.4504,0.0232,0.4415,0.4421,-0.0021,-0.0132,0.8089
10.3996,0.9598,1.4992,-0.0108,0.2380,0.2383,0.0034,0.0136,0.1526,1.4544,0.0215,0.4413,0.4418,-0.0047,-0.0168,0.8084
10.3999,0.9594,1.5010,-0.0108,0.2380,0.2383,0.0037,0.0136,0.1527,1.4579,0.0215,0.4413,0.4418,-0.0076,-0.0168,0.8078
10.4199,0.9585,1.5046,-0.0133,0.2376,0.2380,0.0041,0.0086,0.1527,1.4617,0.0205,0.4414,0.4418,-0.0108,-0.0162,0.8069
10.4201,0.9585,1.5046,-0.0133,0.2376,0.2380,0.0041,0.0086,0.1527,1.4652,0.0201,0.4416,0.4421,-0.0131,-0.0127,0.8067
10.4295,0.9580,1.5065,-0.0141,0.2367,0.2371,0.0042,0.0086,0.1528,1.4690,0.0197,0.4413,0.4418,-0.0155,-0.0107,0.8061
10.4297,0.9576,1.5083,-0.0141,0.2367,0.2371,0.0043,0.0086,0.1528,1.4726,0.0197,0.4413,0.4418,-0.0178,-0.0107,0.8056
10.4500,0.9571,1.5103,-0.0158,0.2355,0.2360,0.0045,0.0105,0.1528,1.4763,0.0190,0.4419,0.4423,-0.0200,-0.0140,0.8050
10.4504,0.9567,1.5123,-0.0158,0.2355,0.2360,0.0049,0.0105,0.1528,1.4801,0.0190,0.4419,0.4423,-0.0221,-0.0140,0.8045
10.4698,0.9563,1.5141,-0.0176,0.2347,0.2353,0.0050,0.0118,0.1529,1.4836,0.0184,0.4424,0.4428,-0.0237,-0.0180,0.8039
10.4701,0.9558,1.5160,-0.0185,0.2342,0.2349,0.0052,0.0112,0.1529,1.4870,0.0184,0.4424,0.4428,-0.0256,-0.0180,0.8034
10.4795,0.9553,1.5180,-0.0193,0.2336,0.2344,0.0059,0.0116,0.1530,1.4908,0.0173,0.4420,0.4423,-0.0271,-0.0183,0.8028
10.4797,0.9548,1.5199,-0.0193,0.2336,0.2344,0.0066,0.0116,0.1530,1.4944,0.0173,0.4420,0.4423,-0.0293,-0.0183,0.8022
10.4996,0.9544,1.5215,-0.0214,0.2327,0.2337,0.0073,0.0092,0.1531,1.4978,0.0158,0.4424,0.4427,-0.0312,-0.0190,0.8016
10.4999,0.9538,1.5234,-0.0214,0.2327,0.2337,0.0081,0.0092,0.1532,1.5016,0.0158,0.4424,0.4427,-0.0328,-0.0190,0.8009
10.5196,0.9532,1.5252,-0.0234,0.2313,0.2325,0.0088,0.0084,0.1533,1.5050,0.0147,0.4421,0.4424,-0.0335,-0.0171,0.8002
10.5200,0.9526,1.5269,-0.0234,0.2313,0.2325,0.0090,0.0084,0.1533,1.5084,0.0145,0.4416,0.4419,-0.0337,-0.0167,0.7995
10.5295,0.9521,1.5286,-0.0255,0.2300,0.2314,0.0092,0.0087,0.1534,1.5119,0.0144,0.4411,0.4413,-0.0342,-0.0165,0.7988
10.5298,0.9516,1.5303,-0.0255,0.2300,0.2314,0.0094,0.0087,0.1535,1.5152,0.0144,0.4411,0.4413,-0.0344,-0.0165,0.7982
10.5498,0.9510,1.5321,-0.0273,0.2288,0.2304,0.0098,0.0078,0.1536,1.5188,0.0141,0.4405,0.4408,-0.0349,-0.0159,0.7976
10.5501,0.9505,1.5339,-0.0284,0.2283,0.2301,0.0102,0.0072,0.1537,1.5221,0.0139,0.4402,0.4404,-0.0356,-0.0142,0.7969
10.5698,0.9499,1.5357,-0.0293,0.2278,0.2297,0.0105,0.0064,0.1539,1.5256,0.0137,0.4396,0.4399,-0.0369,-0.0081,0.7961
10.5700,0.9494,1.5374,-0.0293,0.2278,0.2297,0.0109,0.0064,0.1540,1.5291,0.0137,0.4396,0.4399,-0.0376,-0.0081,0.7955
10.5797,0.9488,1.5394,-0.0313,0.2267,0.2288,0.0118,0.0053,0.1541,1.5330,0.0130,0.4391,0.4393,-0.0383,-0.0047,0.7947
10.5800,0.9483,1.5409,-0.0313,0.2267,0.2288,0.0126,0.0053,0.1542,1.5363,0.0126,0.4396,0.4398,-0.0389,-0.0056,0.7941
10.5993,0.9478,1.5426,-0.0332,0.2256,0.2281,0.0139,0.0019,0.1543,1.5398,0.0122,0.4389,0.4391,-0.0392,-0.0078,0.7935
10.5995,0.9471,1.5443,-0.0332,0.2256,0.2281,0.0149,0.0019,0.1544,1.5433,0.0122,0.4389,0.4391,-0.0398,-0.0078,0.7927
10.6200,0.9464,1.5461,-0.0350,0.2247,0.2274,0.0155,-0.0038,0.1545,1.5468,0.0114,0.4384,0.4385,-0.0401,-0.0200,0.7919
10.6203,0.9456,1.5477,-0.0364,0.2242,0.2272,0.0159,-0.0050,0.1546,1.5499,0.0110,0.4380,0.4382,-0.0406,-0.0202,0.7910
10.6297,0.9441,1.5510,-0.0392,0.2229,0.2263,0.0164,-0.0052,0.1547,1.5531,0.0110,0.4368,0.4370,-0.0407,-0.0199,0.7894
10.6300,0.9441,1.5510,-0.0392,0.2229,0.2263,0.0164,-0.0052,0.1547,1.5565,0.0110,0.4368,0.4370,-0.0411,-0.0199,0.7894
10.6498,0.9435,1.5526,-0.0407,0.2226,0.2263,0.0165,-0.0042,0.1548,1.5597,0.0111,0.4350,0.4351,-0.0416,-0.0053,0.7887
10.6501,0.9425,1.5545,-0.0420,0.2219,0.2258,0.0170,-0.0054,0.1548,1.5635,0.0111,0.4340,0.4341,-0.0418,-0.0034,0.7877
10.6597,0.9409,1.5579,-0.0455,0.2213,0.2259,0.0174,-0.0073,0.1548,1.5669,0.0110,0.4341,0.4343,-0.0422,-0.0034,0.7862
10.6601,0.9409,1.5579,-0.0455,0.2213,0.2259,0.0174,-0.0073,0.1548,1.5705,0.0110,0.4341,0.4343,-0.0429,-0.0034,0.7862
10.6796,0.9402,1.5594,-0.0471,0.2210,0.2260,0.0176,-0.0088,0.1549,1.5738,0.0107,0.4334,0.4335,-0.0434,-0.0108,0.7855
10.6799,0.9394,1.5613,-0.0471,0.2210,0.2260,0.0179,-0.0088,0.1549,1.5772,0.0107,0.4334,0.4335,-0.0437,-0.0108,0.7846
10.6998,0.9385,1.5630,-0.0501,0.2201,0.2258,0.0185,-0.0158,0.1550,1.5805,0.0101,0.4317,0.4318,-0.0441,-0.0141,0.7837
10.7002,0.9378,1.5645,-0.0501,0.2201,0.2258,0.0190,-0.0158,0.1550,1.5837,0.0101,0.4317,0.4318,-0.0442,-0.0141,0.7831
10.7093,0.9369,1.5664,-0.0530,0.2190,0.2253,0.0198,-0.0188,0.1550,1.5873,0.0095,0.4296,0.4297,-0.0451,-0.0109,0.7822
10.7095,0.9361,1.5679,-0.0530,0.2190,0.2253,0.0202,-0.0188,0.1550,1.5906,0.0095,0.4296,0.4297,-0.0456,-0.0109,0.7815
10.7296,0.9353,1.5695,-0.0557,0.2178,0.2248,0.0207,-0.0196,0.1549,1.5941,0.0086,0.4288,0.4289,-0.0458,-0.0065,0.7807
10.7298,0.9346,1.5709,-0.0570,0.2172,0.2245,0.0211,-0.0189,0.1549,1.5973,0.0086,0.4288,0.4289,-0.0458,-0.0065,0.7801
10.7496,0.9336,1.5727,-0.0580,0.2159,0.2235,0.0222,-0.0177,0.1548,1.6010,0.0077,0.4274,0.4275,-0.0463,-0.0141,0.7793
10.7501,0.9336,1.5727,-0.0580,0.2159,0.2235,0.0222,-0.0177,0.1547,1.6040,0.0071,0.4273,0.4274,-0.0466,-0.0177,0.7796
10.7696,0.9321,1.5757,-0.0604,0.2144,0.2227,0.0247,-0.0127,0.1546,1.6072,0.0067,0.4258,0.4259,-0.0471,-0.0153,0.7781
10.7699,0.9312,1.5774,-0.0604,0.2144,0.2227,0.0262,-0.0127,0.1544,1.6105,0.0067,0.4258,0.4259,-0.0476,-0.0153,0.7775
10.7793,0.9303,1.5790,-0.0633,0.2135,0.2227,0.0272,-0.0126,0.1543,1.6136,0.0059,0.4235,0.4235,-0.0483,-0.0030,0.7768
10.7795,0.9294,1.5807,-0.0633,0.2135,0.2227,0.0278,-0.0126,0.1541,1.6169,0.0059,0.4235,0.4235,-0.0489,-0.0030,0.7762
10.7994,0.9285,1.5824,-0.0663,0.2125,0.2227,0.0289,-0.0130,0.1538,1.6202,0.0049,0.4216,0.4216,-0.0498,0.0068,0.7756
10.7997,0.9276,1.5840,-0.0679,0.2119,0.2226,0.0294,-0.0131,0.1535,1.6236,0.0042,0.4208,0.4209,-0.0504,0.0085,0.7751
10.8100,0.9268,1.5855,-0.0695,0.2115,0.2227,0.0297,-0.0131,0.1532,1.6267,0.0034,0.4200,0.4200,-0.0508,0.0068,0.7747
10.8198,0.9256,1.5874,-0.0708,0.2106,0.2222,0.0305,-0.0144,0.1529,1.6303,0.0028,0.4186,0.4186,-0.0510,0.0053,0.7738
10.8203,0.9248,1.5888,-0.0730,0.2106,0.2229,0.0307,-0.0172,0.1528,1.6331,0.0021,0.4184,0.4184,-0.0509,-0.0038,0.7733
10.8397,0.9239,1.5904,-0.0741,0.2099,0.2226,0.0308,-0.0169,0.1525,1.6363,0.0017,0.4170,0.4170,-0.0510,-0.0069,0.7727
10.8402,0.9229,1.5920,-0.0741,0.2099,0.2226,0.0308,-0.0169,0.1523,1.6394,0.0017,0.4170,0.4170,-0.0513,-0.0069,0.7721
10.8495,0.9221,1.5934,-0.0771,0.2088,0.2226,0.0308,-0.0178,0.1521,1.6422,0.0004,0.4150,0.4150,-0.0518,-0.0127,0.7715
10.8499,0.9208,1.5953,-0.0771,0.2088,0.2226,0.0309,-0.0178,0.1518,1.6457,0.0004,0.4150,0.4150,-0.0528,-0.0127,0.7706
10.8700,0.9197,1.5969,-0.0804,0.2078,0.2228,0.0308,-0.0172,0.1516,1.6488,-0.0010,0.4127,0.4127,-0.0536,-0.0114,0.7699
10.8704,0.9188,1.5985,-0.0820,0.2072,0.2229,0.0308,-0.0162,0.1513,1.6519,-0.0017,0.4114,0.4114,-0.0539,-0.0110,0.7693
10.8900,0.9178,1.6000,-0.0833,0.2061,0.2223,0.0307,-0.0161,0.1511,1.6548,-0.0024,0.4097,0.4097,-0.0542,-0.0097,0.7686
10.8904,0.9166,1.6018,-0.0833,0.2061,0.2223,0.0306,-0.0161,0.1508,1.6581,-0.0024,0.4097,0.4097,-0.0544,-0.0097,0.7679
10.8997,0.9156,1.6032,-0.0864,0.2052,0.2227,0.0306,-0.0121,0.1505,1.6609,-0.0037,0.4076,0.4076,-0.0543,-0.0100,0.7673
10.9002,0.9146,1.6048,-0.0864,0.2052,0.2227,0.0301,-0.0121,0.1503,1.6639,-0.0037,0.4076,0.4076,-0.0541,-0.0100,0.7666
10.9195,0.9135,1.6065,-0.0885,0.2037,0.2221,0.0294,-0.0085,0.1500,1.6668,-0.0049,0.4043,0.4043,-0.0541,-0.0130,0.7659
10.9199,0.9126,1.6081,-0.0885,0.2037,0.2221,0.0289,-0.0085,0.1498,1.6694,-0.0054,0.4031,0.4032,-0.0536,-0.0117,0.7653
10.9398,0.9116,1.6099,-0.0908,0.2033,0.2227,0.0284,-0.0069,0.1495,1.6725,-0.0059,0.4008,0.4008,-0.0526,-0.0087,0.7646
10.9402,0.9106,1.6115,-0.0921,0.2031,0.2230,0.0281,-0.0074,0.1491,1.6754,-0.0066,0.3998,0.3999,-0.0519,-0.0029,0.7642
10.9599,0.9097,1.6131,-0.0930,0.2025,0.2228,0.0277,-0.0071,0.1487,1.6784,-0.0074,0.3982,0.3983,-0.0516,0.0008,0.7638
10.9604,0.9088,1.6147,-0.0930,0.2025,0.2228,0.0272,-0.0071,0.1483,1.6815,-0.0083,0.3966,0.3967,-0.0506,0.0011,0.7634
10.9695,0.9077,1.6164,-0.0950,0.2013,0.2225,0.0266,-0.0049,0.1478,1.6847,-0.0092,0.3958,0.3959,-0.0496,0.0014,0.7630
10.9698,0.9067,1.6179,-0.0950,0.2013,0.2225,0.0262,-0.0049,0.1473,1.6876,-0.0092,0.3958,0.3959,-0.0486,0.0014,0.7626
10.9898,0.9055,1.6197,-0.0973,0.1998,0.2222,0.0258,-0.0010,0.1468,1.6907,-0.0113,0.3936,0.3937,-0.0474,-0.0089,0.7620
10.9901,0.9045,1.6211,-0.0973,0.1998,0.2222,0.0256,-0.0010,0.1463,1.6933,-0.0113,0.3936,0.3937,-0.0462,-0.0089,0.7616
10.9995,0.9035,1.6226,-0.0998,0.1992,0.2228,0.0253,0.0042,0.1460,1.6962,-0.0134,0.3912,0.3914,-0.0456,-0.0105,0.7611
10.9998,0.9024,1.6242,-0.0998,0.1992,0.2228,0.0250,0.0042,0.1455,1.6990,-0.0144,0.3891,0.3894,-0.0453,-0.0116,0.7607
11.0196,0.9015,1.6257,-0.1014,0.1980,0.2224,0.0243,0.0040,0.1450,1.7017,-0.0156,0.3878,0.3881,-0.0446,-0.0099,0.7603
11.0198,0.9004,1.6275,-0.1014,0.1980,0.2224,0.0236,0.0040,0.1444,1.7048,-0.0167,0.3866,0.3869,-0.0440,-0.0064,0.7599
11.0395,0.8992,1.6292,-0.1035,0.1978,0.2232,0.0231,0.0042,0.1438,1.7078,-0.0180,0.3858,0.3863,-0.0435,-0.0021,0.7595
11.0398,0.8983,1.6307,-0.1035,0.1978,0.2232,0.0227,0.0042,0.1432,1.7108,-0.0180,0.3858,0.3863,-0.0429,-0.0021,0.7593
11.0495,0.8973,1.6322,-0.1056,0.1971,0.2236,0.0220,0.0020,0.1426,1.7136,-0.0208,0.3840,0.3846,-0.0417,-0.0035,0.7591
11.0596,0.8961,1.6340,-0.1065,0.1966,0.2236,0.0212,0.0011,0.1417,1.7168,-0.0223,0.3831,0.3838,-0.0397,-0.0099,0.7588
11.0599,0.8953,1.6354,-0.1065,0.1966,0.2236,0.0207,0.0011,0.1412,1.7192,-0.0223,0.3831,0.3838,-0.0387,-0.0099,0.7587
11.0797,0.8944,1.6371,-0.1082,0.1960,0.2239,0.0199,0.0022,0.1406,1.7219,-0.0256,0.3803,0.3812,-0.0377,-0.0145,0.7585
11.0800,0.8933,1.6390,-0.1088,0.1954,0.2236,0.0189,0.0024,0.1397,1.7248,-0.0270,0.3777,0.3787,-0.0362,-0.0129,0.7584
11.0898,0.8924,1.6404,-0.1100,0.1962,0.2249,0.0182,0.0041,0.1392,1.7272,-0.0290,0.3770,0.3781,-0.0354,-0.0078,0.7582
11.0900,0.8913,1.6423,-0.1100,0.1962,0.2249,0.0176,0.0041,0.1383,1.7301,-0.0290,0.3770,0.3781,-0.0338,-0.0078,0.7581
11.1099,0.8903,1.6438,-0.1117,0.1959,0.2255,0.0171,0.0097,0.1376,1.7327,-0.0321,0.3737,0.3751,-0.0323,0.0092,0.7579
11.1102,0.8891,1.6456,-0.1117,0.1959,0.2255,0.0161,0.0097,0.1367,1.7357,-0.0321,0.3737,0.3751,-0.0299,0.0092,0.7578
11.1198,0.8882,1.6471,-0.1130,0.1959,0.2261,0.0155,0.0092,0.1360,1.7382,-0.0358,0.3716,0.3733,-0.0284,0.0067,0.7577
11.1397,0.8870,1.6490,-0.1133,0.1957,0.2261,0.0152,0.0080,0.1351,1.7411,-0.0373,0.3702,0.3721,-0.0267,-0.0032,0.7575
11.1401,0.8862,1.6503,-0.1133,0.1957,0.2261,0.0150,0.0080,0.1344,1.7435,-0.0373,0.3702,0.3721,-0.0256,-0.0032,0.7575
11.1497,0.8851,1.6520,-0.1145,0.1954,0.2264,0.0148,0.0066,0.1336,1.7463,-0.0407,0.3676,0.3699,-0.0243,-0.0080,0.7574
11.1500,0.8842,1.6537,-0.1145,0.1954,0.2264,0.0144,0.0066,0.1328,1.7488,-0.0407,0.3676,0.3699,-0.0231,-0.0080,0.7573
11.1697,0.8831,1.6555,-0.1151,0.1950,0.2265,0.0136,0.0070,0.1319,1.7515,-0.0439,0.3638,0.3664,-0.0215,-0.0077,0.7573
11.1700,0.8819,1.6574,-0.1151,0.1950,0.2265,0.0120,0.0070,0.1310,1.7541,-0.0439,0.3638,0.3664,-0.0198,-0.0077,0.7571
11.1799,0.8810,1.6590,-0.1165,0.1958,0.2279,0.0110,0.0071,0.1302,1.7565,-0.0478,0.3606,0.3637,-0.0182,0.0022,0.7571
11.1802,0.8800,1.6607,-0.1165,0.1958,0.2279,0.0103,0.0071,0.1292,1.7591,-0.0494,0.3586,0.3620,-0.0165,0.0047,0.7572
11.1997,0.8790,1.6622,-0.1170,0.1953,0.2277,0.0095,0.0048,0.1283,1.7616,-0.0514,0.3573,0.3609,-0.0143,0.0046,0.7573
11.2001,0.8780,1.6638,-0.1170,0.1953,0.2277,0.0084,0.0048,0.1272,1.7640,-0.0534,0.3560,0.3600,-0.0126,0.0048,0.7574
11.2198,0.8770,1.6654,-0.1178,0.1950,0.2278,0.0077,0.0053,0.1262,1.7665,-0.0555,0.3535,0.3578,-0.0104,0.0036,0.7576
11.2203,0.8759,1.6671,-0.1178,0.1950,0.2278,0.0067,0.0053,0.1251,1.7690,-0.0575,0.3518,0.3564,-0.0083,0.0047,0.7577
11.2397,0.8750,1.6685,-0.1187,0.1951,0.2284,0.0060,0.0058,0.1242,1.7711,-0.0596,0.3498,0.3548,-0.0067,0.0082,0.7578
11.2402,0.8740,1.6702,-0.1187,0.1951,0.2284,0.0053,0.0058,0.1233,1.7735,-0.0596,0.3498,0.3548,-0.0048,0.0082,0.7578
11.2497,0.8729,1.6718,-0.1193,0.1950,0.2286,0.0046,0.0061,0.1223,1.7758,-0.0631,0.3449,0.3506,-0.0028,0.0224,0.7578
11.2501,0.8719,1.6734,-0.1200,0.1953,0.2292,0.0038,0.0063,0.1213,1.7781,-0.0647,0.3435,0.3495,-0.0016,0.0239,0.7579
11.2699,0.8707,1.6751,-0.1204,0.1953,0.2294,0.0023,0.0069,0.1202,1.7805,-0.0666,0.3418,0.3482,-0.0003,0.0232,0.7579
11.2703,0.8694,1.6769,-0.1204,0.1953,0.2294,0.0013,0.0069,0.1190,1.7831,-0.0685,0.3401,0.3470,0.0019,0.0218,0.7579
11.2900,0.8684,1.6783,-0.1219,0.1957,0.2306,-0.0003,0.0091,0.1181,1.7851,-0.0706,0.3390,0.3463,0.0036,0.0173,0.7578
11.2903,0.8672,1.6801,-0.1221,0.1952,0.2303,-0.0021,0.0098,0.1170,1.7874,-0.0719,0.3365,0.3441,0.0054,0.0121,0.7578
11.2994,0.8659,1.6820,-0.1227,0.1955,0.2308,-0.0045,0.0102,0.1156,1.7899,-0.0737,0.3343,0.3423,0.0078,0.0105,0.7580
11.2997,0.8649,1.6836,-0.1227,0.1955,0.2308,-0.0061,0.0102,0.1145,1.7919,-0.0757,0.3326,0.3411,0.0102,0.0128,0.7581
11.3196,0.8636,1.6857,-0.1238,0.1963,0.2320,-0.0077,0.0110,0.1131,1.7944,-0.0774,0.3304,0.3393,0.0126,0.0139,0.7583
11.3198,0.8628,1.6871,-0.1238,0.1963,0.2320,-0.0089,0.0110,0.1121,1.7964,-0.0774,0.3304,0.3393,0.0144,0.0139,0.7586
11.3294,0.8616,1.6888,-0.1241,0.1967,0.2326,-0.0099,0.0121,0.1109,1.7986,-0.0813,0.3265,0.3365,0.0162,0.0256,0.7587
11.3297,0.8605,1.6904,-0.1241,0.1967,0.2326,-0.0102,0.0121,0.1097,1.8007,-0.0813,0.3265,0.3365,0.0182,0.0256,0.7589
11.3497,0.8581,1.6936,-0.1248,0.1968,0.2331,-0.0106,0.0100,0.1085,1.8029,-0.0852,0.3227,0.3337,0.0201,0.0273,0.7575
11.3499,0.8581,1.6936,-0.1248,0.1968,0.2331,-0.0106,0.0100,0.1072,1.8052,-0.0872,0.3214,0.3330,0.0221,0.0266,0.7592
11.3698,0.8572,1.6949,-0.1253,0.1966,0.2332,-0.0109,0.0086,0.1061,1.8071,-0.0892,0.3189,0.3312,0.0237,0.0290,0.7593
11.3701,0.8559,1.6966,-0.1253,0.1966,0.2332,-0.0113,0.0086,0.1048,1.8095,-0.0892,0.3189,0.3312,0.0255,0.0290,0.7596
11.3797,0.8548,1.6980,-0.1257,0.1962,0.2330,-0.0116,0.0078,0.1036,1.8116,-0.0932,0.3153,0.3288,0.0271,0.0289,0.7598
11.3803,0.8536,1.6996,-0.1257,0.1962,0.2330,-0.0126,0.0078,0.1023,1.8140,-0.0932,0.3153,0.3288,0.0290,0.0289,0.7600
11.3995,0.8526,1.7010,-0.1259,0.1957,0.2327,-0.0133,0.0077,0.1012,1.8160,-0.0970,0.3118,0.3265,0.0303,0.0280,0.7601
11.3997,0.8513,1.7027,-0.1259,0.1957,0.2327,-0.0138,0.0077,0.1000,1.8182,-0.0970,0.3118,0.3265,0.0319,0.0280,0.7601
11.4198,0.8501,1.7042,-0.1266,0.1957,0.2331,-0.0141,0.0060,0.0989,1.8203,-0.1006,0.3088,0.3247,0.0334,0.0257,0.7601
11.4207,0.8489,1.7056,-0.1266,0.1957,0.2331,-0.0143,0.0060,0.0977,1.8222,-0.1023,0.3071,0.3237,0.0347,0.0242,0.7602
11.4293,0.8475,1.7071,-0.1274,0.1949,0.2328,-0.0146,0.0054,0.0964,1.8243,-0.1041,0.3056,0.3228,0.0358,0.0220,0.7602
11.4296,0.8462,1.7086,-0.1274,0.1949,0.2328,-0.0147,0.0054,0.0951,1.8262,-0.1041,0.3056,0.3228,0.0377,0.0220,0.7602
11.4498,0.8448,1.7101,-0.1289,0.1942,0.2331,-0.0152,0.0076,0.0938,1.8284,-0.1079,0.3016,0.3203,0.0389,0.0167,0.7603
11.4503,0.8436,1.7114,-0.1298,0.1939,0.2333,-0.0157,0.0085,0.0926,1.8304,-0.1098,0.3000,0.3195,0.0397,0.0174,0.7603
11.4695,0.8420,1.7132,-0.1304,0.1934,0.2332,-0.0163,0.0100,0.0912,1.8328,-0.1112,0.2977,0.3178,0.0408,0.0174,0.7603
11.4698,0.8420,1.7132,-0.1304,0.1934,0.2332,-0.0163,0.0100,0.0901,1.8346,-0.1112,0.2977,0.3178,0.0414,0.0174,0.7616
11.4798,0.8394,1.7158,-0.1318,0.1930,0.2337,-0.0170,0.0132,0.0889,1.8366,-0.1144,0.2941,0.3155,0.0425,0.0259,0.7602
11.4801,0.8378,1.7173,-0.1318,0.1930,0.2337,-0.0175,0.0132,0.0876,1.8387,-0.1144,0.2941,0.3155,0.0434,0.0259,0.7600
11.4996,0.8364,1.7187,-0.1333,0.1925,0.2342,-0.0183,0.0124,0.0864,1.8406,-0.1176,0.2907,0.3136,0.0441,0.0261,0.7598
11.4998,0.8349,1.7202,-0.1342,0.1922,0.2344,-0.0187,0.0118,0.0852,1.8426,-0.1176,0.2907,0.3136,0.0447,0.0261,0.7597
11.5198,0.8334,1.7216,-0.1351,0.1919,0.2346,-0.0194,0.0110,0.0838,1.8447,-0.1206,0.2873,0.3116,0.0453,0.0254,0.7596
11.5296,0.8319,1.7231,-0.1361,0.1918,0.2352,-0.0202,0.0107,0.0825,1.8468,-0.1224,0.2861,0.3112,0.0459,0.0233,0.7596
11.5300,0.8310,1.7240,-0.1361,0.1918,0.2352,-0.0206,0.0107,0.0816,1.8484,-0.1240,0.2840,0.3099,0.0460,0.0200,0.7596
11.5395,0.8292,1.7258,-0.1366,0.1896,0.2337,-0.0208,0.0097,0.0799,1.8510,-0.1245,0.2810,0.3074,0.0467,0.0186,0.7597
11.5398,0.8278,1.7270,-0.1382,0.1902,0.2351,-0.0211,0.0096,0.0787,1.8530,-0.1267,0.2803,0.3077,0.0469,0.0191,0.7596
11.5597,0.8261,1.7284,-0.1389,0.1895,0.2350,-0.0212,0.0090,0.0771,1.8554,-0.1278,0.2787,0.3066,0.0471,0.0186,0.7596
11.5600,0.8249,1.7293,-0.1389,0.1895,0.2350,-0.0213,0.0090,0.0761,1.8571,-0.1292,0.2773,0.3059,0.0470,0.0186,0.7596
11.5798,0.8231,1.7308,-0.1408,0.1879,0.2348,-0.0213,0.0098,0.0746,1.8595,-0.1302,0.2757,0.3049,0.0470,0.0182,0.7595
11.5802,0.8216,1.7321,-0.1408,0.1879,0.2348,-0.0212,0.0098,0.0732,1.8615,-0.1320,0.2752,0.3052,0.0472,0.0176,0.7594
11.5897,0.8200,1.7334,-0.1434,0.1861,0.2350,-0.0213,0.0179,0.0718,1.8638,-0.1329,0.2734,0.3040,0.0472,0.0133,0.7594
11.5900,0.8185,1.7347,-0.1434,0.1861,0.2350,-0.0216,0.0179,0.0705,1.8659,-0.1347,0.2732,0.3046,0.0470,0.0095,0.7594
11.6094,0.8170,1.7360,-0.1456,0.1848,0.2353,-0.0215,0.0192,0.0691,1.8680,-0.1357,0.2716,0.3036,0.0471,0.0056,0.7595
11.6097,0.8154,1.7374,-0.1456,0.1848,0.2353,-0.0215,0.0192,0.0678,1.8702,-0.1369,0.2706,0.3033,0.0470,0.0043,0.7594
11.6197,0.8120,1.7401,-0.1474,0.1836,0.2355,-0.0217,0.0211,0.0666,1.8722,-0.1379,0.2691,0.3024,0.0470,0.0045,0.7570
11.6199,0.8120,1.7401,-0.1474,0.1836,0.2355,-0.0217,0.0211,0.0650,1.8746,-0.1379,0.2691,0.3024,0.0467,0.0045,0.7590
11.6399,0.8104,1.7414,-0.1500,0.1822,0.2360,-0.0216,0.0215,0.0637,1.8767,-0.1402,0.2669,0.3014,0.0464,0.0038,0.7588
11.6401,0.8088,1.7427,-0.1517,0.1823,0.2372,-0.0216,0.0212,0.0624,1.8788,-0.1415,0.2664,0.3016,0.0458,0.0036,0.7587
11.6595,0.8072,1.7440,-0.1527,0.1813,0.2370,-0.0217,0.0218,0.0610,1.8811,-0.1424,0.2650,0.3008,0.0453,0.0031,0.7587
11.6598,0.8057,1.7451,-0.1527,0.1813,0.2370,-0.0217,0.0218,0.0598,1.8832,-0.1424,0.2650,0.3008,0.0450,0.0031,0.7586
11.6696,0.8037,1.7466,-0.1548,0.1794,0.2370,-0.0217,0.0237,0.0582,1.8855,-0.1443,0.2634,0.3003,0.0447,-0.0007,0.7584
11.6699,0.8020,1.7478,-0.1548,0.1794,0.2370,-0.0217,0.0237,0.0570,1.8874,-0.1443,0.2634,0.3003,0.0444,-0.0007,0.7580
11.6895,0.8003,1.7491,-0.1579,0.1777,0.2377,-0.0216,0.0269,0.0557,1.8895,-0.1464,0.2619,0.3000,0.0439,-0.0022,0.7577
11.6900,0.7987,1.7501,-0.1579,0.1777,0.2377,-0.0215,0.0269,0.0545,1.8914,-0.1464,0.2619,0.3000,0.0436,-0.0022,0.7575
11.7098,0.7952,1.7527,-0.1607,0.1758,0.2382,-0.0209,0.0338,0.0530,1.8936,-0.1476,0.2595,0.2985,0.0433,-0.0011,0.7555
11.7101,0.7952,1.7527,-0.1607,0.1758,0.2382,-0.0209,0.0338,0.0515,1.8959,-0.1476,0.2595,0.2985,0.0426,-0.0011,0.7573
11.7299,0.7935,1.7540,-0.1637,0.1747,0.2395,-0.0203,0.0353,0.0501,1.8979,-0.1494,0.2588,0.2988,0.0423,0.0034,0.7572
11.7302,0.7919,1.7553,-0.1648,0.1740,0.2397,-0.0199,0.0342,0.0487,1.8999,-0.1500,0.2578,0.2983,0.0418,0.0014,0.7572
11.7396,0.7903,1.7565,-0.1662,0.1735,0.2403,-0.0192,0.0337,0.0473,1.9019,-0.1512,0.2577,0.2987,0.0412,-0.0013,0.7571
11.7493,0.7887,1.7578,-0.1673,0.1727,0.2405,-0.0187,0.0317,0.0458,1.9039,-0.1520,0.2569,0.2985,0.0406,-0.0036,0.7571
11.7496,0.7869,1.7590,-0.1673,0.1727,0.2405,-0.0175,0.0317,0.0443,1.9060,-0.1530,0.2563,0.2985,0.0402,-0.0053,0.7571
11.7593,0.7851,1.7602,-0.1699,0.1712,0.2412,-0.0159,0.0268,0.0428,1.9080,-0.1540,0.2557,0.2985,0.0399,-0.0047,0.7569
11.7596,0.7837,1.7612,-0.1699,0.1712,0.2412,-0.0152,0.0268,0.0414,1.9097,-0.1540,0.2557,0.2985,0.0398,-0.0047,0.7569
11.7797,0.7820,1.7623,-0.1714,0.1685,0.2404,-0.0142,0.0271,0.0400,1.9115,-0.1551,0.2532,0.2969,0.0397,-0.0048,0.7568
11.7802,0.7804,1.7633,-0.1728,0.1679,0.2410,-0.0136,0.0295,0.0385,1.9132,-0.1563,0.2528,0.2972,0.0398,-0.0048,0.7569
11.7997,0.7786,1.7646,-0.1736,0.1665,0.2405,-0.0130,0.0313,0.0371,1.9149,-0.1569,0.2516,0.2965,0.0403,-0.0053,0.7566
11.8002,0.7769,1.7658,-0.1736,0.1665,0.2405,-0.0126,0.0313,0.0359,1.9163,-0.1569,0.2516,0.2965,0.0410,-0.0053,0.7562
11.8094,0.7754,1.7669,-0.1759,0.1644,0.2408,-0.0123,0.0338,0.0348,1.9175,-0.1574,0.2488,0.2944,0.0421,-0.0066,0.7557
11.8097,0.7734,1.7683,-0.1765,0.1625,0.2399,-0.0120,0.0337,0.0332,1.9191,-0.1567,0.2461,0.2918,0.0440,-0.0052,0.7553
11.8295,0.7717,1.7694,-0.1788,0.1623,0.2414,-0.0118,0.0339,0.0320,1.9205,-0.1577,0.2455,0.2918,0.0454,0.0067,0.7549
11.8298,0.7698,1.7707,-0.1798,0.1611,0.2414,-0.0117,0.0351,0.0306,1.9222,-0.1578,0.2437,0.2903,0.0465,0.0081,0.7546
11.8500,0.7681,1.7719,-0.1814,0.1605,0.2422,-0.0118,0.0354,0.0290,1.9238,-0.1583,0.2429,0.2899,0.0476,0.0075,0.7546
11.8595,0.7664,1.7731,-0.1824,0.1598,0.2425,-0.0119,0.0334,0.0273,1.9254,-0.1591,0.2418,0.2895,0.0490,0.0055,0.7546
11.8598,0.7649,1.7741,-0.1824,0.1598,0.2425,-0.0120,0.0334,0.0260,1.9266,-0.1591,0.2418,0.2895,0.0498,0.0055,0.7545
11.8694,0.7630,1.7753,-0.1845,0.1583,0.2431,-0.0120,0.0313,0.0243,1.9281,-0.1603,0.2390,0.2878,0.0506,0.0006,0.7543
11.8696,0.7613,1.7764,-0.1845,0.1583,0.2431,-0.0120,0.0313,0.0227,1.9295,-0.1609,0.2372,0.2866,0.0515,-0.0014,0.7543
11.8897,0.7596,1.7775,-0.1870,0.1568,0.2440,-0.0121,0.0299,0.0212,1.9308,-0.1617,0.2356,0.2858,0.0525,-0.0009,0.7541
11.8899,0.7578,1.7786,-0.1880,0.1557,0.2441,-0.0121,0.0297,0.0198,1.9321,-0.1620,0.2335,0.2843,0.0530,0.0016,0.7538
11.9095,0.7563,1.7795,-0.1895,0.1551,0.2449,-0.0121,0.0294,0.0186,1.9331,-0.1627,0.2321,0.2835,0.0534,0.0023,0.7535
11.9098,0.7545,1.7806,-0.1899,0.1536,0.2443,-0.0121,0.0285,0.0170,1.9343,-0.1628,0.2296,0.2815,0.0534,0.0057,0.7533
11.9195,0.7525,1.7821,-0.1912,0.1528,0.2448,-0.0121,0.0279,0.0153,1.9357,-0.1637,0.2281,0.2807,0.0538,0.0067,0.7530
11.9198,0.7509,1.7831,-0.1929,0.1530,0.2462,-0.0121,0.0278,0.0141,1.9367,-0.1648,0.2270,0.2805,0.0548,0.0068,0.7527
11.9396,0.7490,1.7844,-0.1932,0.1521,0.2459,-0.0121,0.0272,0.0126,1.9377,-0.1647,0.2247,0.2786,0.0565,0.0078,0.7522
11.9398,0.7472,1.7855,-0.1932,0.1521,0.2459,-0.0121,0.0272,0.0112,1.9386,-0.1647,0.2247,0.2786,0.0583,0.0078,0.7517
11.9497,0.7455,1.7866,-0.1953,0.1510,0.2468,-0.0120,0.0257,0.0101,1.9393,-0.1652,0.2204,0.2754,0.0595,0.0251,0.7512
11.9596,0.7435,1.7878,-0.1961,0.1503,0.2471,-0.0115,0.0248,0.0085,1.9405,-0.1651,0.2179,0.2734,0.0603,0.0347,0.7507
11.9598,0.7420,1.7886,-0.1970,0.1493,0.2471,-0.0110,0.0231,0.0073,1.9414,-0.1651,0.2179,0.2734,0.0606,0.0347,0.7505
11.9797,0.7402,1.7897,-0.1975,0.1484,0.2470,-0.0103,0.0220,0.0056,1.9425,-0.1657,0.2135,0.2702,0.0605,0.0485,0.7503
11.9800,0.7383,1.7909,-0.1975,0.1484,0.2470,-0.0099,0.0220,0.0039,1.9439,-0.1666,0.2119,0.2696,0.0606,0.0483,0.7502
11.9893,0.7365,1.7921,-0.1991,0.1471,0.2475,-0.0097,0.0207,0.0020,1.9452,-0.1674,0.2105,0.2690,0.0608,0.0459,0.7503
11.9896,0.7365,1.7921,-0.1991,0.1471,0.2475,-0.0097,0.0207,0.0001,1.9464,-0.1674,0.2105,0.2690,0.0610,0.0459,0.7524
12.0096,0.7330,1.7941,-0.2006,0.1461,0.2482,-0.0087,0.0224,-0.0014,1.9474,-0.1701,0.2077,0.2684,0.0614,0.0435,0.7503
12.0195,0.7310,1.7953,-0.2008,0.1450,0.2477,-0.0085,0.0237,-0.0032,1.9486,-0.1705,0.2053,0.2668,0.0616,0.0420,0.7500
12.0197,0.7294,1.7962,-0.2008,0.1450,0.2477,-0.0084,0.0237,-0.0047,1.9495,-0.1705,0.2053,0.2668,0.0618,0.0420,0.7499
12.0394,0.7271,1.7975,-0.2032,0.1445,0.2494,-0.0077,0.0231,-0.0067,1.9508,-0.1726,0.2023,0.2659,0.0620,0.0415,0.7497
12.0398,0.7271,1.7975,-0.2032,0.1445,0.2494,-0.0077,0.0231,-0.0085,1.9519,-0.1732,0.1998,0.2644,0.0622,0.0419,0.7516
12.0496,0.7218,1.8005,-0.2049,0.1422,0.2494,-0.0070,0.0219,-0.0102,1.9530,-0.1742,0.1979,0.2637,0.0621,0.0433,0.7478
12.0499,0.7218,1.8005,-0.2049,0.1422,0.2494,-0.0070,0.0219,-0.0121,1.9541,-0.1748,0.1951,0.2619,0.0620,0.0453,0.7498
12.0703,0.7200,1.8016,-0.2061,0.1423,0.2504,-0.0071,0.0204,-0.0140,1.9553,-0.1764,0.1941,0.2623,0.0619,0.0485,0.7500
12.0710,0.7184,1.8026,-0.2061,0.1423,0.2504,-0.0070,0.0204,-0.0158,1.9564,-0.1771,0.1917,0.2610,0.0619,0.0499,0.7501
12.0897,0.7165,1.8038,-0.2064,0.1410,0.2500,-0.0072,0.0133,-0.0178,1.9577,-0.1781,0.1897,0.2602,0.0614,0.0515,0.7503
12.0900,0.7147,1.8049,-0.2070,0.1408,0.2504,-0.0074,0.0123,-0.0199,1.9590,-0.1793,0.1878,0.2597,0.0605,0.0523,0.7506
12.0997,0.7129,1.8059,-0.2076,0.1405,0.2507,-0.0077,0.0132,-0.0218,1.9602,-0.1807,0.1862,0.2595,0.0597,0.0503,0.7508
12.1001,0.7113,1.8068,-0.2076,0.1405,0.2507,-0.0080,0.0132,-0.0236,1.9614,-0.1817,0.1844,0.2589,0.0591,0.0484,0.7510
12.1198,0.7094,1.8078,-0.2083,0.1388,0.2503,-0.0084,0.0133,-0.0257,1.9626,-0.1828,0.1824,0.2582,0.0587,0.0451,0.7512
12.1298,0.7074,1.8091,-0.2089,0.1384,0.2506,-0.0093,0.0147,-0.0280,1.9639,-0.1845,0.1807,0.2582,0.0580,0.0443,0.7515
12.1300,0.7058,1.8100,-0.2091,0.1379,0.2505,-0.0098,0.0158,-0.0298,1.9648,-0.1860,0.1785,0.2578,0.0577,0.0446,0.7517
12.1498,0.7041,1.8110,-0.2092,0.1373,0.2502,-0.0098,0.0165,-0.0316,1.9658,-0.1869,0.1763,0.2570,0.0571,0.0455,0.7518
12.1501,0.7022,1.8121,-0.2094,0.1367,0.2501,-0.0098,0.0153,-0.0337,1.9670,-0.1881,0.1739,0.2561,0.0566,0.0469,0.7520
12.1598,0.7003,1.8132,-0.2099,0.1363,0.2503,-0.0099,0.0149,-0.0358,1.9683,-0.1894,0.1717,0.2557,0.0559,0.0487,0.7523
12.1602,0.6983,1.8143,-0.2108,0.1361,0.2509,-0.0100,0.0143,-0.0380,1.9696,-0.1912,0.1702,0.2560,0.0554,0.0515,0.7525
12.1798,0.6965,1.8153,-0.2108,0.1354,0.2505,-0.0099,0.0127,-0.0399,1.9707,-0.1924,0.1682,0.2556,0.0550,0.0525,0.7526
12.1801,0.6946,1.8164,-0.2108,0.1354,0.2505,-0.0100,0.0127,-0.0420,1.9719,-0.1924,0.1682,0.2556,0.0547,0.0525,0.7529
12.1896,0.6927,1.8174,-0.2114,0.1346,0.2506,-0.0100,0.0095,-0.0440,1.9730,-0.1955,0.1648,0.2557,0.0544,0.0520,0.7530
12.1993,0.6905,1.8186,-0.2119,0.1345,0.2510,-0.0100,0.0075,-0.0463,1.9743,-0.1970,0.1632,0.2558,0.0543,0.0497,0.7531
12.1996,0.6890,1.8194,-0.2119,0.1345,0.2510,-0.0096,0.0075,-0.0480,1.9752,-0.1985,0.1613,0.2558,0.0539,0.0432,0.7533
12.2196,0.6869,1.8206,-0.2123,0.1334,0.2507,-0.0085,0.0049,-0.0503,1.9765,-0.1990,0.1587,0.2546,0.0530,0.0448,0.7535
12.2200,0.6851,1.8214,-0.2123,0.1334,0.2507,-0.0072,0.0049,-0.0523,1.9776,-0.1990,0.1587,0.2546,0.0519,0.0448,0.7537
12.2297,0.6833,1.8223,-0.2137,0.1323,0.2514,-0.0061,0.0100,-0.0544,1.9788,-0.2019,0.1554,0.2548,0.0513,0.0491,0.7541
12.2300,0.6813,1.8233,-0.2137,0.1323,0.2514,-0.0054,0.0100,-0.0566,1.9799,-0.2019,0.1554,0.2548,0.0505,0.0491,0.7544
12.2499,0.6795,1.8242,-0.2146,0.1310,0.2514,-0.0052,0.0206,-0.0586,1.9810,-0.2049,0.1520,0.2551,0.0499,0.0527,0.7546
12.2502,0.6775,1.8254,-0.2146,0.1310,0.2514,-0.0049,0.0206,-0.0609,1.9823,-0.2049,0.1520,0.2551,0.0485,0.0527,0.7549
12.2696,0.6758,1.8264,-0.2153,0.1303,0.2517,-0.0045,0.0201,-0.0628,1.9833,-0.2075,0.1486,0.2552,0.0476,0.0515,0.7550
12.2699,0.6737,1.8276,-0.2153,0.1303,0.2517,-0.0040,0.0201,-0.0653,1.9847,-0.2075,0.1486,0.2552,0.0464,0.0515,0.7555
12.2795,0.6722,1.8284,-0.2165,0.1305,0.2528,-0.0033,0.0107,-0.0671,1.9857,-0.2105,0.1464,0.2564,0.0456,0.0512,0.7558
12.2798,0.6700,1.8296,-0.2165,0.1305,0.2528,-0.0021,0.0107,-0.0696,1.9870,-0.2105,0.1464,0.2564,0.0449,0.0512,0.7562
12.2994,0.6685,1.8304,-0.2171,0.1300,0.2531,-0.0011,0.0028,-0.0716,1.9880,-0.2134,0.1443,0.2576,0.0442,0.0522,0.7568
12.2997,0.6665,1.8314,-0.2169,0.1292,0.2524,0.0004,-0.0003,-0.0742,1.9893,-0.2150,0.1435,0.2585,0.0432,0.0522,0.7574
12.3197,0.6647,1.8322,-0.2177,0.1290,0.2531,0.0018,-0.0029,-0.0767,1.9906,-0.2180,0.1437,0.2611,0.0417,0.0503,0.7581
12.3199,0.6629,1.8330,-0.2177,0.1290,0.2531,0.0030,-0.0029,-0.0789,1.9917,-0.2180,0.1437,0.2611,0.0406,0.0503,0.7586
12.3399,0.6612,1.8338,-0.2174,0.1272,0.2519,0.0039,-0.0007,-0.0813,1.9929,-0.2218,0.1425,0.2636,0.0388,0.0348,0.7593
12.3402,0.6596,1.8345,-0.2174,0.1272,0.2519,0.0042,-0.0007,-0.0834,1.9939,-0.2218,0.1425,0.2636,0.0371,0.0348,0.7599
12.3494,0.6575,1.8355,-0.2171,0.1253,0.2507,0.0042,0.0065,-0.0861,1.9951,-0.2248,0.1402,0.2650,0.0350,0.0365,0.7605
12.3499,0.6557,1.8363,-0.2171,0.1253,0.2507,0.0041,0.0065,-0.0883,1.9960,-0.2267,0.1394,0.2662,0.0330,0.0431,0.7610
12.3697,0.6535,1.8372,-0.2184,0.1244,0.2513,0.0045,0.0194,-0.0909,1.9973,-0.2286,0.1388,0.2674,0.0301,0.0474,0.7615
12.3702,0.6519,1.8380,-0.2190,0.1239,0.2516,0.0045,0.0221,-0.0929,1.9983,-0.2305,0.1383,0.2688,0.0284,0.0507,0.7619
12.3793,0.6499,1.8389,-0.2188,0.1231,0.2511,0.0048,0.0229,-0.0953,1.9996,-0.2314,0.1377,0.2693,0.0273,0.0521,0.7624
12.3796,0.6499,1.8389,-0.2188,0.1231,0.2511,0.0048,0.0229,-0.0977,2.0008,-0.2314,0.1377,0.2693,0.0259,0.0521,0.7649
12.3996,0.6463,1.8407,-0.2196,0.1225,0.2515,0.0048,0.0212,-0.0999,2.0020,-0.2350,0.1375,0.2723,0.0248,0.0516,0.7634
12.3998,0.6442,1.8418,-0.2196,0.1225,0.2515,0.0047,0.0212,-0.1024,2.0033,-0.2350,0.1375,0.2723,0.0235,0.0516,0.7639
12.4197,0.6425,1.8426,-0.2206,0.1224,0.2523,0.0047,0.0195,-0.1046,2.0043,-0.2390,0.1379,0.2759,0.0222,0.0508,0.7645
12.4202,0.6404,1.8436,-0.2206,0.1224,0.2523,0.0048,0.0195,-0.1072,2.0056,-0.2390,0.1379,0.2759,0.0205,0.0508,0.7650
12.4294,0.6388,1.8444,-0.2210,0.1210,0.2519,0.0049,0.0185,-0.1094,2.0066,-0.2426,0.1378,0.2790,0.0190,0.0480,0.7656
12.4297,0.6369,1.8453,-0.2210,0.1210,0.2519,0.0051,0.0185,-0.1118,2.0078,-0.2426,0.1378,0.2790,0.0163,0.0480,0.7662
12.4497,0.6351,1.8460,-0.2207,0.1195,0.2509,0.0054,0.0186,-0.1140,2.0088,-0.2462,0.1384,0.2824,0.0141,0.0294,0.7666
12.4502,0.6330,1.8471,-0.2207,0.1195,0.2509,0.0060,0.0186,-0.1166,2.0101,-0.2462,0.1384,0.2824,0.0111,0.0294,0.7672
12.4695,0.6311,1.8480,-0.2209,0.1185,0.2507,0.0065,0.0169,-0.1189,2.0113,-0.2503,0.1392,0.2864,0.0094,0.0091,0.7675
12.4700,0.6295,1.8487,-0.2209,0.1185,0.2507,0.0066,0.0169,-0.1210,2.0124,-0.2503,0.1392,0.2864,0.0079,0.0091,0.7681
12.4897,0.6276,1.8497,-0.2213,0.1180,0.2508,0.0068,0.0160,-0.1234,2.0138,-0.2532,0.1397,0.2892,0.0058,0.0059,0.7687
12.4899,0.6256,1.8507,-0.2214,0.1176,0.2507,0.0070,0.0156,-0.1259,2.0151,-0.2546,0.1397,0.2904,0.0039,0.0079,0.7693
12.4995,0.6237,1.8516,-0.2217,0.1173,0.2508,0.0075,0.0143,-0.1282,2.0164,-0.2557,0.1398,0.2914,0.0022,0.0090,0.7698
12.4997,0.6216,1.8525,-0.2217,0.1173,0.2508,0.0081,0.0143,-0.1307,2.0176,-0.2557,0.1398,0.2914,0.0003,0.0090,0.7703
12.5199,0.6198,1.8534,-0.2228,0.1169,0.2516,0.0092,0.0113,-0.1331,2.0188,-0.2586,0.1405,0.2944,-0.0013,0.0095,0.7708
12.5202,0.6177,1.8544,-0.2224,0.1162,0.2509,0.0098,0.0099,-0.1357,2.0199,-0.2598,0.1404,0.2953,-0.0032,0.0094,0.7713
12.5396,0.6157,1.8554,-0.2234,0.1164,0.2519,0.0102,0.0078,-0.1383,2.0213,-0.2619,0.1409,0.2974,-0.0059,0.0092,0.7720
12.5398,0.6140,1.8562,-0.2234,0.1164,0.2519,0.0104,0.0078,-0.1404,2.0223,-0.2619,0.1409,0.2974,-0.0080,0.0092,0.7725
12.5494,0.6121,1.8570,-0.2227,0.1155,0.2509,0.0106,0.0031,-0.1429,2.0235,-0.2640,0.1408,0.2992,-0.0099,0.0074,0.7731
12.5497,0.6121,1.8570,-0.2227,0.1155,0.2509,0.0106,0.0031,-0.1457,2.0249,-0.2640,0.1408,0.2992,-0.0120,0.0074,0.7762
12.5697,0.6077,1.8590,-0.2240,0.1152,0.2519,0.0109,0.0039,-0.1484,2.0263,-0.2673,0.1416,0.3025,-0.0143,-0.0004,0.7744
12.5699,0.6060,1.8597,-0.2246,0.1149,0.2523,0.0111,0.0043,-0.1506,2.0273,-0.2688,0.1419,0.3039,-0.0160,-0.0018,0.7749
12.5796,0.6038,1.8605,-0.2248,0.1143,0.2522,0.0112,0.0041,-0.1532,2.0286,-0.2696,0.1418,0.3046,-0.0178,-0.0023,0.7755
12.5798,0.6016,1.8615,-0.2248,0.1143,0.2522,0.0113,0.0041,-0.1561,2.0300,-0.2696,0.1418,0.3046,-0.0194,-0.0023,0.7761
12.5996,0.5996,1.8624,-0.2262,0.1132,0.2530,0.0113,0.0047,-0.1585,2.0311,-0.2724,0.1419,0.3071,-0.0208,-0.0051,0.7767
12.6097,0.5975,1.8633,-0.2266,0.1130,0.2532,0.0115,0.0042,-0.1612,2.0323,-0.2735,0.1418,0.3081,-0.0218,-0.0064,0.7773
12.6100,0.5958,1.8640,-0.2266,0.1130,0.2532,0.0118,0.0042,-0.1633,2.0333,-0.2735,0.1418,0.3081,-0.0222,-0.0064,0.7778
12.6197,0.5937,1.8648,-0.2273,0.1123,0.2535,0.0121,-0.0009,-0.1660,2.0344,-0.2753,0.1414,0.3095,-0.0231,-0.0042,0.7785
12.6200,0.5917,1.8655,-0.2273,0.1123,0.2535,0.0125,-0.0009,-0.1684,2.0356,-0.2753,0.1414,0.3095,-0.0245,-0.0042,0.7789
12.6398,0.5896,1.8662,-0.2281,0.1109,0.2536,0.0131,-0.0058,-0.1710,2.0368,-0.2772,0.1415,0.3113,-0.0259,-0.0071,0.7795
12.6401,0.5874,1.8669,-0.2289,0.1104,0.2542,0.0137,-0.0049,-0.1736,2.0380,-0.2772,0.1415,0.3113,-0.0271,-0.0071,0.7800
12.6597,0.5852,1.8676,-0.2296,0.1096,0.2544,0.0137,-0.0047,-0.1762,2.0393,-0.2797,0.1421,0.3138,-0.0283,-0.0075,0.7806
12.6600,0.5832,1.8683,-0.2296,0.1096,0.2544,0.0135,-0.0047,-0.1788,2.0404,-0.2797,0.1421,0.3138,-0.0291,-0.0075,0.7812
12.6696,0.5811,1.8690,-0.2303,0.1081,0.2544,0.0137,-0.0049,-0.1812,2.0415,-0.2816,0.1415,0.3152,-0.0296,-0.0073,0.7816
12.6700,0.5791,1.8698,-0.2303,0.1081,0.2544,0.0136,-0.0049,-0.1838,2.0428,-0.2826,0.1416,0.3161,-0.0301,-0.0074,0.7823
12.6897,0.5771,1.8706,-0.2309,0.1069,0.2545,0.0134,-0.0049,-0.1861,2.0441,-0.2835,0.1416,0.3169,-0.0305,-0.0065,0.7827
12.6900,0.5750,1.8714,-0.2313,0.1065,0.2547,0.0132,-0.0081,-0.1887,2.0455,-0.2842,0.1421,0.3178,-0.0309,-0.0063,0.7833
12.7095,0.5730,1.8721,-0.2311,0.1055,0.2541,0.0129,-0.0079,-0.1912,2.0467,-0.2849,0.1423,0.3184,-0.0311,-0.0065,0.7839
12.7099,0.5709,1.8727,-0.2311,0.1055,0.2541,0.0127,-0.0079,-0.1938,2.0480,-0.2849,0.1423,0.3184,-0.0313,-0.0065,0.7845
12.7194,0.5688,1.8734,-0.2320,0.1043,0.2544,0.0123,-0.0090,-0.1965,2.0492,-0.2870,0.1430,0.3207,-0.0312,-0.0094,0.7852
12.7196,0.5667,1.8742,-0.2320,0.1043,0.2544,0.0120,-0.0090,-0.1992,2.0504,-0.2870,0.1430,0.3207,-0.0310,-0.0094,0.7859
12.7398,0.5647,1.8748,-0.2331,0.1038,0.2552,0.0119,-0.0157,-0.2017,2.0514,-0.2895,0.1433,0.3230,-0.0310,-0.0136,0.7865
12.7401,0.5628,1.8755,-0.2333,0.1031,0.2551,0.0116,-0.0162,-0.2042,2.0524,-0.2895,0.1433,0.3230,-0.0310,-0.0136,0.7871
12.7597,0.5604,1.8763,-0.2335,0.1025,0.2551,0.0113,-0.0162,-0.2070,2.0536,-0.2911,0.1428,0.3242,-0.0310,-0.0142,0.7876
12.7601,0.5584,1.8770,-0.2341,0.1019,0.2553,0.0107,-0.0158,-0.2095,2.0546,-0.2920,0.1426,0.3250,-0.0312,-0.0092,0.7882
12.7696,0.5562,1.8777,-0.2347,0.1013,0.2556,0.0106,-0.0189,-0.2120,2.0558,-0.2935,0.1426,0.3263,-0.0314,-0.0042,0.7886
12.7698,0.5542,1.8783,-0.2347,0.1013,0.2556,0.0103,-0.0189,-0.2145,2.0571,-0.2935,0.1426,0.3263,-0.0317,-0.0042,0.7893
12.7896,0.5520,1.8790,-0.2359,0.0998,0.2562,0.0094,-0.0137,-0.2173,2.0585,-0.2949,0.1428,0.3276,-0.0322,-0.0053,0.7900
12.7899,0.5500,1.8796,-0.2359,0.0998,0.2562,0.0086,-0.0137,-0.2200,2.0598,-0.2949,0.1428,0.3276,-0.0326,-0.0053,0.7907
12.8093,0.5480,1.8802,-0.2371,0.0985,0.2567,0.0081,-0.0116,-0.2225,2.0609,-0.2967,0.1436,0.3296,-0.0328,-0.0115,0.7915
12.8095,0.5458,1.8810,-0.2371,0.0985,0.2567,0.0080,-0.0116,-0.2254,2.0621,-0.2967,0.1436,0.3296,-0.0326,-0.0115,0.7922
12.8196,0.5438,1.8816,-0.2377,0.0975,0.2569,0.0079,-0.0191,-0.2279,2.0630,-0.2974,0.1429,0.3300,-0.0325,-0.0235,0.7927
12.8199,0.5418,1.8821,-0.2383,0.0973,0.2574,0.0082,-0.0229,-0.2304,2.0638,-0.2980,0.1426,0.3304,-0.0325,-0.0239,0.7932
12.8397,0.5398,1.8826,-0.2388,0.0967,0.2576,0.0083,-0.0265,-0.2329,2.0647,-0.2982,0.1419,0.3302,-0.0324,-0.0214,0.7938
12.8496,0.5373,1.8832,-0.2396,0.0962,0.2582,0.0086,-0.0295,-0.2359,2.0657,-0.2989,0.1417,0.3308,-0.0324,-0.0200,0.7945
12.8501,0.5356,1.8836,-0.2396,0.0962,0.2582,0.0088,-0.0295,-0.2382,2.0665,-0.2998,0.1414,0.3314,-0.0324,-0.0135,0.7951
12.8595,0.5334,1.8843,-0.2401,0.0947,0.2581,0.0090,-0.0385,-0.2411,2.0677,-0.2997,0.1409,0.3312,-0.0325,-0.0110,0.7960
12.8598,0.5315,1.8849,-0.2401,0.0947,0.2581,0.0089,-0.0385,-0.2437,2.0688,-0.3004,0.1409,0.3318,-0.0328,-0.0067,0.7966
12.8797,0.5293,1.8856,-0.2409,0.0938,0.2585,0.0088,-0.0453,-0.2464,2.0702,-0.3014,0.1410,0.3328,-0.0332,-0.0080,0.7974
12.8803,0.5272,1.8862,-0.2409,0.0938,0.2585,0.0090,-0.0453,-0.2492,2.0716,-0.3014,0.1410,0.3328,-0.0332,-0.0080,0.7982
12.8999,0.5252,1.8866,-0.2417,0.0928,0.2589,0.0095,-0.0531,-0.2517,2.0727,-0.3031,0.1416,0.3346,-0.0331,-0.0168,0.7989
12.9003,0.5235,1.8869,-0.2421,0.0918,0.2589,0.0105,-0.0535,-0.2541,2.0735,-0.3036,0.1414,0.3349,-0.0328,-0.0264,0.7997
12.9095,0.5215,1.8871,-0.2414,0.0902,0.2577,0.0124,-0.0533,-0.2568,2.0743,-0.3034,0.1404,0.3343,-0.0306,-0.0305,0.8005
12.9098,0.5194,1.8872,-0.2414,0.0902,0.2577,0.0139,-0.0533,-0.2595,2.0750,-0.3034,0.1404,0.3343,-0.0276,-0.0305,0.8013
12.9295,0.5176,1.8873,-0.2419,0.0872,0.2572,0.0142,-0.0497,-0.2621,2.0756,-0.3046,0.1388,0.3348,-0.0253,-0.0280,0.8021
12.9297,0.5157,1.8875,-0.2419,0.0872,0.2572,0.0138,-0.0497,-0.2647,2.0761,-0.3046,0.1388,0.3348,-0.0234,-0.0280,0.8029
12.9495,0.5140,1.8876,-0.2423,0.0844,0.2566,0.0138,-0.0402,-0.2671,2.0765,-0.3056,0.1366,0.3348,-0.0221,-0.0233,0.8036
12.9498,0.5120,1.8879,-0.2423,0.0844,0.2566,0.0137,-0.0402,-0.2697,2.0769,-0.3056,0.1366,0.3348,-0.0212,-0.0233,0.8042
12.9596,0.5100,1.8882,-0.2421,0.0816,0.2555,0.0136,-0.0408,-0.2722,2.0773,-0.3061,0.1336,0.3340,-0.0205,-0.0133,0.8048
12.9601,0.5078,1.8886,-0.2421,0.0816,0.2555,0.0136,-0.0408,-0.2750,2.0778,-0.3068,0.1319,0.3339,-0.0192,-0.0050,0.8054
12.9797,0.5057,1.8889,-0.2434,0.0796,0.2561,0.0138,-0.0450,-0.2778,2.0784,-0.3081,0.1307,0.3347,-0.0185,-0.0003,0.8060
12.9801,0.5038,1.8892,-0.2434,0.0796,0.2561,0.0139,-0.0450,-0.2803,2.0790,-0.3086,0.1291,0.3345,-0.0181,0.0037,0.8068
12.9996,0.5017,1.8893,-0.2438,0.0769,0.2556,0.0141,-0.0528,-0.2831,2.0799,-0.3089,0.1279,0.3343,-0.0178,0.0048,0.8076
12.9999,0.4998,1.8894,-0.2438,0.0769,0.2556,0.0143,-0.0528,-0.2857,2.0806,-0.3098,0.1270,0.3348,-0.0170,0.0034,0.8084
13.0094,0.4978,1.8895,-0.2436,0.0737,0.2545,0.0148,-0.0509,-0.2884,2.0814,-0.3099,0.1260,0.3345,-0.0156,0.0019,0.8093
13.0097,0.4959,1.8895,-0.2436,0.0737,0.2545,0.0149,-0.0509,-0.2911,2.0820,-0.3106,0.1252,0.3349,-0.0139,-0.0054,0.8101
13.0296,0.4936,1.8896,-0.2436,0.0701,0.2535,0.0150,-0.0455,-0.2939,2.0827,-0.3108,0.1241,0.3347,-0.0110,-0.0117,0.8109
13.0299,0.4918,1.8896,-0.2441,0.0683,0.2535,0.0150,-0.0394,-0.2964,2.0831,-0.3112,0.1227,0.3346,-0.0087,-0.0177,0.8116
13.0498,0.4899,1.8897,-0.2444,0.0669,0.2533,0.0150,-0.0363,-0.2990,2.0834,-0.3119,0.1215,0.3348,-0.0061,-0.0185,0.8123
13.0502,0.4876,1.8898,-0.2445,0.0654,0.2531,0.0151,-0.0373,-0.3020,2.0837,-0.3123,0.1198,0.3346,-0.0029,-0.0172,0.8130
13.0596,0.4856,1.8898,-0.2445,0.0634,0.2526,0.0152,-0.0379,-0.3045,2.0839,-0.3125,0.1176,0.3339,0.0001,-0.0145,0.8136
13.0599,0.4833,1.8899,-0.2445,0.0634,0.2526,0.0152,-0.0379,-0.3076,2.0842,-0.3125,0.1176,0.3339,0.0029,-0.0145,0.8144
13.0796,0.4815,1.8899,-0.2452,0.0603,0.2525,0.0152,-0.0388,-0.3102,2.0844,-0.3139,0.1138,0.3339,0.0043,-0.0044,0.8152
13.0896,0.4792,1.8899,-0.2447,0.0587,0.2517,0.0151,-0.0388,-0.3132,2.0849,-0.3139,0.1116,0.3332,0.0056,-0.0018,0.8160
13.0899,0.4775,1.8899,-0.2447,0.0587,0.2517,0.0151,-0.0388,-0.3156,2.0853,-0.3139,0.1116,0.3332,0.0063,-0.0018,0.8169
13.0996,0.4752,1.8899,-0.2442,0.0551,0.2504,0.0149,-0.0377,-0.3188,2.0861,-0.3143,0.1083,0.3324,0.0067,0.0071,0.8179
13.0999,0.4733,1.8899,-0.2442,0.0551,0.2504,0.0146,-0.0377,-0.3216,2.0867,-0.3143,0.1083,0.3324,0.0072,0.0071,0.8188
13.1198,0.4710,1.8900,-0.2450,0.0519,0.2505,0.0144,-0.0341,-0.3245,2.0874,-0.3164,0.1069,0.3340,0.0081,0.0038,0.8197
13.1203,0.4691,1.8900,-0.2450,0.0519,0.2505,0.0142,-0.0341,-0.3273,2.0877,-0.3170,0.1059,0.3342,0.0093,-0.0053,0.8206
13.1398,0.4670,1.8900,-0.2453,0.0491,0.2501,0.0141,-0.0309,-0.3301,2.0880,-0.3178,0.1043,0.3345,0.0106,-0.0081,0.8213
13.1497,0.4648,1.8901,-0.2452,0.0477,0.2498,0.0139,-0.0315,-0.3331,2.0883,-0.3182,0.1024,0.3343,0.0118,-0.0087,0.8222
13.1499,0.4630,1.8901,-0.2452,0.0477,0.2498,0.0139,-0.0315,-0.3356,2.0885,-0.3191,0.1005,0.3345,0.0131,-0.0077,0.8229
13.1598,0.4607,1.8902,-0.2444,0.0450,0.2485,0.0140,-0.0331,-0.3388,2.0886,-0.3188,0.0984,0.3336,0.0145,-0.0091,0.8237
13.1601,0.4587,1.8902,-0.2444,0.0450,0.2485,0.0141,-0.0331,-0.3416,2.0887,-0.3199,0.0966,0.3342,0.0162,-0.0082,0.8245
13.1797,0.4567,1.8903,-0.2449,0.0424,0.2486,0.0141,-0.0375,-0.3445,2.0888,-0.3207,0.0944,0.3343,0.0183,-0.0079,0.8254
13.1801,0.4548,1.8903,-0.2449,0.0424,0.2486,0.0141,-0.0375,-0.3470,2.0889,-0.3213,0.0921,0.3343,0.0192,-0.0076,0.8260
13.1998,0.4525,1.8903,-0.2446,0.0393,0.2477,0.0141,-0.0353,-0.3500,2.0890,-0.3218,0.0897,0.3340,0.0200,-0.0054,0.8267
13.2002,0.4506,1.8903,-0.2449,0.0379,0.2479,0.0141,-0.0351,-0.3526,2.0891,-0.3218,0.0897,0.3340,0.0204,-0.0054,0.8275
13.2094,0.4486,1.8903,-0.2448,0.0365,0.2475,0.0141,-0.0346,-0.3555,2.0892,-0.3228,0.0848,0.3338,0.0207,0.0042,0.8284
13.2097,0.4467,1.8903,-0.2448,0.0365,0.2475,0.0141,-0.0346,-0.3582,2.0894,-0.3228,0.0848,0.3338,0.0205,0.0042,0.8292
13.2293,0.4444,1.8903,-0.2442,0.0337,0.2465,0.0142,-0.0349,-0.3612,2.0898,-0.3234,0.0804,0.3332,0.0204,0.0097,0.8300
13.2295,0.4422,1.8903,-0.2442,0.0337,0.2465,0.0144,-0.0349,-0.3642,2.0903,-0.3234,0.0804,0.3332,0.0202,0.0097,0.8308
13.2498,0.4402,1.8903,-0.2449,0.0310,0.2468,0.0149,-0.0396,-0.3670,2.0907,-0.3249,0.0779,0.3342,0.0201,0.0075,0.8317
13.2501,0.4382,1.8903,-0.2449,0.0310,0.2468,0.0156,-0.0396,-0.3698,2.0910,-0.3249,0.0779,0.3342,0.0202,0.0075,0.8325
13.2596,0.4363,1.8903,-0.2445,0.0280,0.2461,0.0165,-0.0468,-0.3725,2.0913,-0.3256,0.0749,0.3341,0.0203,-0.0063,0.8334
13.2601,0.4340,1.8903,-0.2445,0.0280,0.2461,0.0171,-0.0468,-0.3756,2.0914,-0.3260,0.0733,0.3341,0.0217,-0.0194,0.8342
13.2799,0.4321,1.8903,-0.2445,0.0252,0.2458,0.0174,-0.0412,-0.3783,2.0914,-0.3271,0.0712,0.3347,0.0240,-0.0206,0.8349
13.2802,0.4301,1.8903,-0.2445,0.0252,0.2458,0.0176,-0.0412,-0.3808,2.0913,-0.3271,0.0712,0.3347,0.0258,-0.0206,0.8355
13.2893,0.4281,1.8902,-0.2438,0.0226,0.2449,0.0179,-0.0372,-0.3834,2.0913,-0.3269,0.0657,0.3335,0.0262,-0.0140,0.8361
13.2896,0.4258,1.8901,-0.2438,0.0226,0.2449,0.0181,-0.0372,-0.3863,2.0912,-0.3269,0.0629,0.3329,0.0261,-0.0040,0.8367
13.3099,0.4237,1.8901,-0.2443,0.0198,0.2452,0.0182,-0.0281,-0.3893,2.0912,-0.3275,0.0606,0.3331,0.0259,0.0100,0.8375
13.3102,0.4218,1.8900,-0.2443,0.0182,0.2449,0.0185,-0.0220,-0.3919,2.0911,-0.3278,0.0582,0.3330,0.0258,0.0166,0.8382
13.3297,0.4194,1.8900,-0.2441,0.0168,0.2446,0.0194,-0.0193,-0.3949,2.0911,-0.3280,0.0562,0.3328,0.0256,0.0195,0.8388
13.3301,0.4174,1.8900,-0.2441,0.0168,0.2446,0.0202,-0.0193,-0.3976,2.0911,-0.3280,0.0562,0.3328,0.0257,0.0195,0.8394
13.3396,0.4151,1.8899,-0.2448,0.0147,0.2452,0.0210,-0.0188,-0.4006,2.0910,-0.3295,0.0527,0.3337,0.0256,0.0160,0.8401
13.3401,0.4132,1.8899,-0.2448,0.0147,0.2452,0.0215,-0.0188,-0.4032,2.0910,-0.3295,0.0527,0.3337,0.0257,0.0160,0.8408
13.3596,0.4110,1.8898,-0.2448,0.0126,0.2451,0.0225,-0.0207,-0.4063,2.0909,-0.3300,0.0490,0.3337,0.0260,0.0005,0.8416
13.3602,0.4088,1.8897,-0.2448,0.0126,0.2451,0.0235,-0.0207,-0.4094,2.0907,-0.3303,0.0464,0.3335,0.0265,-0.0044,0.8425
13.3796,0.4068,1.8896,-0.2453,0.0097,0.2455,0.0241,-0.0163,-0.4121,2.0905,-0.3315,0.0438,0.3344,0.0273,-0.0011,0.8432
13.3801,0.4048,1.8895,-0.2453,0.0097,0.2455,0.0247,-0.0163,-0.4150,2.0901,-0.3315,0.0438,0.3344,0.0283,-0.0011,0.8440
13.3896,0.4027,1.8894,-0.2448,0.0065,0.2449,0.0253,-0.0079,-0.4176,2.0896,-0.3316,0.0369,0.3337,0.0289,0.0185,0.8444
13.3901,0.4006,1.8893,-0.2450,0.0055,0.2451,0.0265,-0.0072,-0.4204,2.0892,-0.3318,0.0340,0.3335,0.0289,0.0340,0.8450
13.4097,0.3986,1.8892,-0.2457,0.0047,0.2458,0.0276,-0.0094,-0.4229,2.0889,-0.3325,0.0313,0.3340,0.0286,0.0452,0.8454
13.4193,0.3963,1.8891,-0.2458,0.0042,0.2459,0.0290,-0.0124,-0.4260,2.0886,-0.3322,0.0292,0.3335,0.0286,0.0505,0.8462
13.4196,0.3945,1.8890,-0.2458,0.0042,0.2459,0.0298,-0.0124,-0.4285,2.0887,-0.3329,0.0273,0.3341,0.0286,0.0539,0.8468
13.4296,0.3921,1.8889,-0.2463,0.0033,0.2463,0.0317,-0.0232,-0.4316,2.0888,-0.3327,0.0262,0.3337,0.0281,0.0510,0.8476
13.4299,0.3898,1.8886,-0.2463,0.0033,0.2463,0.0333,-0.0232,-0.4346,2.0888,-0.3327,0.0262,0.3337,0.0265,0.0510,0.8484
13.4495,0.3876,1.8884,-0.2484,0.0020,0.2484,0.0339,-0.0283,-0.4374,2.0890,-0.3350,0.0247,0.3359,0.0251,0.0256,0.8490
13.4497,0.3854,1.8882,-0.2484,0.0020,0.2484,0.0343,-0.0283,-0.4401,2.0892,-0.3350,0.0247,0.3359,0.0249,0.0256,0.8496
13.4700,0.3831,1.8880,-0.2493,0.0001,0.2493,0.0351,-0.0250,-0.4430,2.0894,-0.3358,0.0239,0.3367,0.0251,-0.0028,0.8504
13.4704,0.3812,1.8878,-0.2493,0.0001,0.2493,0.0361,-0.0250,-0.4457,2.0895,-0.3358,0.0239,0.3367,0.0283,-0.0028,0.8511
13.4796,0.3792,1.8876,-0.2489,-0.0023,0.2489,0.0371,-0.0129,-0.4486,2.0894,-0.3358,0.0222,0.3365,0.0334,-0.0147,0.8520
13.4799,0.3769,1.8874,-0.2492,-0.0030,0.2492,0.0384,-0.0097,-0.4515,2.0894,-0.3358,0.0222,0.3365,0.0367,-0.0147,0.8526
13.5001,0.3750,1.8873,-0.2496,-0.0037,0.2496,0.0396,-0.0081,-0.4538,2.0892,-0.3368,0.0190,0.3374,0.0379,-0.0111,0.8531
13.5006,0.3725,1.8871,-0.2496,-0.0042,0.2496,0.0425,-0.0092,-0.4568,2.0888,-0.3363,0.0171,0.3368,0.0385,-0.0079,0.8535
13.5197,0.3707,1.8869,-0.2505,-0.0048,0.2506,0.0447,-0.0107,-0.4594,2.0886,-0.3368,0.0149,0.3371,0.0391,0.0016,0.8542
13.5200,0.3683,1.8864,-0.2505,-0.0048,0.2506,0.0474,-0.0107,-0.4625,2.0883,-0.3367,0.0132,0.3369,0.0388,0.0085,0.8550
13.5295,0.3665,1.8861,-0.2507,-0.0063,0.2508,0.0496,-0.0108,-0.4651,2.0883,-0.3372,0.0114,0.3374,0.0390,0.0142,0.8558
13.5298,0.3644,1.8857,-0.2507,-0.0063,0.2508,0.0514,-0.0108,-0.4682,2.0882,-0.3372,0.0114,0.3374,0.0396,0.0142,0.8568
13.5496,0.3622,1.8854,-0.2510,-0.0081,0.2511,0.0521,-0.0046,-0.4711,2.0881,-0.3383,0.0096,0.3385,0.0405,0.0071,0.8577
13.5498,0.3603,1.8852,-0.2510,-0.0081,0.2511,0.0525,-0.0046,-0.4738,2.0881,-0.3383,0.0096,0.3385,0.0417,0.0071,0.8585
13.5697,0.3582,1.8850,-0.2505,-0.0093,0.2507,0.0531,0.0004,-0.4768,2.0880,-0.3387,0.0084,0.3388,0.0440,-0.0089,0.8593
13.5700,0.3562,1.8849,-0.2505,-0.0093,0.2507,0.0542,0.0004,-0.4796,2.0878,-0.3385,0.0077,0.3385,0.0472,-0.0194,0.8600
13.5896,0.3540,1.8849,-0.2506,-0.0099,0.2508,0.0562,-0.0012,-0.4824,2.0875,-0.3388,0.0068,0.3389,0.0513,-0.0233,0.8606
13.5899,0.3524,1.8848,-0.2506,-0.0099,0.2508,0.0580,-0.0012,-0.4848,2.0870,-0.3384,0.0052,0.3384,0.0546,-0.0292,0.8612
13.5993,0.3501,1.8846,-0.2503,-0.0103,0.2505,0.0601,-0.0091,-0.4877,2.0862,-0.3382,0.0035,0.3383,0.0583,-0.0296,0.8618
13.5995,0.3481,1.8843,-0.2503,-0.0103,0.2505,0.0617,-0.0091,-0.4903,2.0854,-0.3382,0.0035,0.3383,0.0615,-0.0296,0.8622
13.6197,0.3460,1.8839,-0.2503,-0.0113,0.2506,0.0632,-0.0100,-0.4929,2.0847,-0.3374,-0.0026,0.3375,0.0642,-0.0242,0.8626
13.6201,0.3441,1.8836,-0.2503,-0.0113,0.2506,0.0647,-0.0100,-0.4955,2.0842,-0.3374,-0.0026,0.3375,0.0654,-0.0242,0.8632
13.6295,0.3420,1.8833,-0.2500,-0.0127,0.2503,0.0661,-0.0104,-0.4981,2.0838,-0.3363,-0.0071,0.3364,0.0659,-0.0120,0.8637
13.6298,0.3399,1.8829,-0.2500,-0.0127,0.2503,0.0675,-0.0104,-0.5011,2.0834,-0.3363,-0.0071,0.3364,0.0673,-0.0120,0.8646
13.6498,0.3380,1.8826,-0.2498,-0.0143,0.2502,0.0685,-0.0091,-0.5037,2.0831,-0.3360,-0.0098,0.3362,0.0684,-0.0128,0.8653
13.6501,0.3358,1.8823,-0.2498,-0.0143,0.2502,0.0698,-0.0091,-0.5067,2.0827,-0.3361,-0.0107,0.3363,0.0709,-0.0133,0.8660
13.6596,0.3339,1.8821,-0.2498,-0.0157,0.2503,0.0709,-0.0039,-0.5092,2.0824,-0.3359,-0.0119,0.3361,0.0728,-0.0193,0.8665
13.6598,0.3316,1.8818,-0.2496,-0.0162,0.2501,0.0726,-0.0012,-0.5124,2.0819,-0.3352,-0.0127,0.3355,0.0764,-0.0233,0.8674
13.6797,0.3297,1.8815,-0.2502,-0.0170,0.2507,0.0738,0.0004,-0.5151,2.0815,-0.3358,-0.0139,0.3361,0.0796,-0.0304,0.8681
13.6801,0.3273,1.8812,-0.2502,-0.0175,0.2508,0.0753,0.0020,-0.5182,2.0809,-0.3361,-0.0148,0.3364,0.0851,-0.0344,0.8688
13.6994,0.3254,1.8809,-0.2503,-0.0183,0.2510,0.0768,0.0033,-0.5209,2.0803,-0.3363,-0.0162,0.3367,0.0889,-0.0433,0.8695
13.6996,0.3233,1.8806,-0.2503,-0.0183,0.2510,0.0781,0.0033,-0.5238,2.0796,-0.3363,-0.0162,0.3367,0.0936,-0.0433,0.8701
13.7198,0.3211,1.8803,-0.2506,-0.0194,0.2514,0.0789,0.0068,-0.5266,2.0788,-0.3366,-0.0193,0.3371,0.0963,-0.0465,0.8706
13.7201,0.3193,1.8801,-0.2506,-0.0194,0.2514,0.0794,0.0068,-0.5291,2.0782,-0.3366,-0.0213,0.3373,0.0978,-0.0469,0.8713
13.7297,0.3169,1.8798,-0.2502,-0.0204,0.2510,0.0804,0.0091,-0.5323,2.0774,-0.3358,-0.0233,0.3366,0.0989,-0.0452,0.8720
13.7300,0.3149,1.8797,-0.2502,-0.0204,0.2510,0.0815,0.0091,-0.5351,2.0769,-0.3358,-0.0233,0.3366,0.0996,-0.0452,0.8726
13.7496,0.3127,1.8795,-0.2505,-0.0213,0.2514,0.0837,0.0107,-0.5382,2.0763,-0.3362,-0.0277,0.3374,0.1007,-0.0341,0.8734
13.7499,0.3109,1.8793,-0.2510,-0.0216,0.2519,0.0857,0.0098,-0.5410,2.0758,-0.3362,-0.0277,0.3374,0.1024,-0.0341,0.8743
13.7598,0.3086,1.8788,-0.2508,-0.0220,0.2518,0.0881,0.0098,-0.5442,2.0751,-0.3371,-0.0309,0.3385,0.1056,-0.0247,0.8751
13.7601,0.3069,1.8784,-0.2507,-0.0230,0.2517,0.0894,0.0103,-0.5469,2.0746,-0.3372,-0.0326,0.3388,0.1083,-0.0235,0.8760
13.7798,0.3049,1.8779,-0.2504,-0.0238,0.2515,0.0907,0.0100,-0.5498,2.0740,-0.3372,-0.0337,0.3389,0.1103,-0.0258,0.8769
13.7802,0.3027,1.8773,-0.2504,-0.0248,0.2516,0.0924,0.0112,-0.5530,2.0735,-0.3372,-0.0337,0.3389,0.1122,-0.0258,0.8779
13.7998,0.3006,1.8768,-0.2508,-0.0259,0.2521,0.0938,0.0123,-0.5561,2.0729,-0.3391,-0.0356,0.3410,0.1142,-0.0318,0.8788
13.8002,0.2987,1.8765,-0.2505,-0.0266,0.2519,0.0951,0.0130,-0.5590,2.0724,-0.3396,-0.0366,0.3415,0.1161,-0.0356,0.8797
13.8096,0.2967,1.8762,-0.2501,-0.0272,0.2515,0.0962,0.0127,-0.5619,2.0719,-0.3394,-0.0375,0.3415,0.1188,-0.0404,0.8807
13.8195,0.2943,1.8757,-0.2501,-0.0277,0.2516,0.0978,0.0125,-0.5654,2.0710,-0.3400,-0.0386,0.3422,0.1236,-0.0451,0.8815
13.8198,0.2924,1.8754,-0.2501,-0.0277,0.2516,0.0991,0.0125,-0.5682,2.0703,-0.3400,-0.0386,0.3422,0.1267,-0.0451,0.8824
13.8395,0.2902,1.8750,-0.2499,-0.0291,0.2516,0.1007,0.0128,-0.5714,2.0694,-0.3411,-0.0416,0.3436,0.1289,-0.0463,0.8832
13.8397,0.2883,1.8745,-0.2499,-0.0291,0.2516,0.1019,0.0128,-0.5742,2.0687,-0.3411,-0.0416,0.3436,0.1309,-0.0463,0.8841
13.8596,0.2863,1.8740,-0.2499,-0.0308,0.2518,0.1032,0.0093,-0.5771,2.0681,-0.3421,-0.0445,0.3450,0.1327,-0.0448,0.8849
13.8601,0.2843,1.8734,-0.2499,-0.0308,0.2518,0.1041,0.0093,-0.5802,2.0674,-0.3421,-0.0445,0.3450,0.1355,-0.0448,0.8860
13.8693,0.2823,1.8727,-0.2490,-0.0327,0.2512,0.1048,0.0104,-0.5834,2.0666,-0.3416,-0.0467,0.3448,0.1377,-0.0519,0.8871
13.8698,0.2801,1.8721,-0.2490,-0.0327,0.2512,0.1055,0.0104,-0.5866,2.0659,-0.3426,-0.0477,0.3459,0.1404,-0.0574,0.8881
13.8897,0.2780,1.8717,-0.2494,-0.0347,0.2518,0.1060,0.0206,-0.5898,2.0651,-0.3432,-0.0483,0.3466,0.1430,-0.0659,0.8891
13.8901,0.2757,1.8713,-0.2494,-0.0353,0.2519,0.1065,0.0224,-0.5930,2.0641,-0.3432,-0.0483,0.3466,0.1458,-0.0659,0.8898
13.8995,0.2740,1.8710,-0.2498,-0.0360,0.2524,0.1071,0.0248,-0.5956,2.0635,-0.3452,-0.0501,0.3488,0.1474,-0.0806,0.8906
13.9001,0.2716,1.8705,-0.2498,-0.0360,0.2524,0.1086,0.0248,-0.5992,2.0625,-0.3452,-0.0501,0.3488,0.1497,-0.0806,0.8917
13.9195,0.2696,1.8700,-0.2494,-0.0372,0.2522,0.1098,0.0267,-0.6022,2.0617,-0.3464,-0.0523,0.3503,0.1511,-0.0864,0.8926
13.9197,0.2676,1.8695,-0.2494,-0.0372,0.2522,0.1109,0.0267,-0.6053,2.0608,-0.3464,-0.0523,0.3503,0.1531,-0.0864,0.8937
13.9397,0.2656,1.8689,-0.2489,-0.0388,0.2519,0.1117,0.0240,-0.6084,2.0599,-0.3474,-0.0559,0.3519,0.1542,-0.0755,0.8947
13.9402,0.2635,1.8683,-0.2489,-0.0388,0.2519,0.1126,0.0240,-0.6117,2.0591,-0.3474,-0.0559,0.3519,0.1556,-0.0755,0.8958
13.9493,0.2612,1.8676,-0.2481,-0.0403,0.2514,0.1137,0.0241,-0.6152,2.0580,-0.3486,-0.0598,0.3537,0.1564,-0.0552,0.8969
13.9495,0.2593,1.8671,-0.2481,-0.0403,0.2514,0.1144,0.0241,-0.6181,2.0572,-0.3486,-0.0598,0.3537,0.1575,-0.0552,0.8978
13.9696,0.2573,1.8665,-0.2477,-0.0417,0.2512,0.1151,0.0240,-0.6213,2.0563,-0.3501,-0.0643,0.3560,0.1591,-0.0514,0.8988
13.9698,0.2553,1.8660,-0.2479,-0.0425,0.2515,0.1159,0.0227,-0.6244,2.0553,-0.3501,-0.0643,0.3560,0.1607,-0.0514,0.8998
13.9898,0.2529,1.8651,-0.2478,-0.0434,0.2515,0.1166,0.0214,-0.6279,2.0540,-0.3514,-0.0681,0.3580,0.1629,-0.0576,0.9008
13.9902,0.2508,1.8643,-0.2478,-0.0434,0.2515,0.1169,0.0214,-0.6311,2.0527,-0.3514,-0.0681,0.3580,0.1647,-0.0576,0.9018
13.9992,0.2488,1.8636,-0.2484,-0.0459,0.2526,0.1178,0.0212,-0.6343,2.0513,-0.3545,-0.0731,0.3620,0.1670,-0.0648,0.9029
13.9994,0.2468,1.8628,-0.2484,-0.0459,0.2526,0.1185,0.0212,-0.6376,2.0499,-0.3545,-0.0731,0.3620,0.1688,-0.0648,0.9040
14.0196,0.2451,1.8623,-0.2478,-0.0481,0.2525,0.1190,0.0198,-0.6402,2.0489,-0.3564,-0.0773,0.3647,0.1700,-0.0664,0.9048
14.0201,0.2428,1.8614,-0.2464,-0.0483,0.2511,0.1200,0.0160,-0.6438,2.0475,-0.3554,-0.0789,0.3641,0.1727,-0.0622,0.9060
14.0395,0.2409,1.8608,-0.2473,-0.0493,0.2522,0.1208,0.0132,-0.6470,2.0461,-0.3574,-0.0816,0.3666,0.1737,-0.0522,0.9070
14.0399,0.2390,1.8602,-0.2473,-0.0493,0.2522,0.1212,0.0132,-0.6501,2.0451,-0.3574,-0.0816,0.3666,0.1750,-0.0522,0.9081
14.0494,0.2370,1.8596,-0.2466,-0.0503,0.2517,0.1217,0.0067,-0.6533,2.0439,-0.3580,-0.0862,0.3682,0.1760,-0.0386,0.9092
14.0497,0.2350,1.8590,-0.2466,-0.0503,0.2517,0.1223,0.0067,-0.6565,2.0427,-0.3580,-0.0862,0.3682,0.1767,-0.0386,0.9102
14.0700,0.2330,1.8583,-0.2463,-0.0520,0.2517,0.1231,0.0053,-0.6597,2.0414,-0.3594,-0.0906,0.3706,0.1780,-0.0343,0.9112
14.0705,0.2309,1.8576,-0.2463,-0.0520,0.2517,0.1239,0.0053,-0.6630,2.0400,-0.3602,-0.0928,0.3720,0.1792,-0.0362,0.9123
14.0896,0.2290,1.8571,-0.2462,-0.0544,0.2522,0.1243,0.0074,-0.6659,2.0386,-0.3612,-0.0950,0.3735,0.1800,-0.0378,0.9131
14.0899,0.2272,1.8565,-0.2462,-0.0544,0.2522,0.1246,0.0074,-0.6688,2.0373,-0.3612,-0.0950,0.3735,0.1807,-0.0378,0.9140
14.0996,0.2249,1.8558,-0.2459,-0.0561,0.2522,0.1250,0.0065,-0.6722,2.0356,-0.3622,-0.0978,0.3752,0.1814,-0.0371,0.9150
14.0999,0.2231,1.8553,-0.2459,-0.0561,0.2522,0.1251,0.0065,-0.6750,2.0343,-0.3622,-0.0978,0.3752,0.1817,-0.0371,0.9158
14.1197,0.2211,1.8545,-0.2457,-0.0573,0.2523,0.1251,0.0046,-0.6783,2.0327,-0.3642,-0.1009,0.3779,0.1821,-0.0366,0.9168
14.1199,0.2192,1.8538,-0.2457,-0.0573,0.2523,0.1251,0.0046,-0.6813,2.0313,-0.3656,-0.1030,0.3799,0.1825,-0.0346,0.9178
14.1396,0.2170,1.8529,-0.2457,-0.0590,0.2527,0.1249,0.0033,-0.6847,2.0296,-0.3663,-0.1050,0.3811,0.1833,-0.0339,0.9188
14.1401,0.2151,1.8522,-0.2457,-0.0590,0.2527,0.1248,0.0033,-0.6876,2.0281,-0.3671,-0.1076,0.3826,0.1843,-0.0337,0.9197
14.1495,0.2129,1.8515,-0.2459,-0.0608,0.2533,0.1246,0.0033,-0.6909,2.0262,-0.3679,-0.1101,0.3840,0.1853,-0.0350,0.9205
14.1499,0.2129,1.8515,-0.2459,-0.0608,0.2533,0.1246,0.0033,-0.6938,2.0246,-0.3683,-0.1130,0.3853,0.1860,-0.0294,0.9231
14.1699,0.2092,1.8504,-0.2456,-0.0623,0.2533,0.1239,0.0007,-0.6967,2.0229,-0.3691,-0.1156,0.3868,0.1865,-0.0250,0.9221
14.1702,0.2071,1.8497,-0.2448,-0.0628,0.2527,0.1237,-0.0010,-0.6998,2.0210,-0.3686,-0.1180,0.3871,0.1866,-0.0187,0.9229
14.1896,0.2051,1.8489,-0.2452,-0.0638,0.2534,0.1235,-0.0030,-0.7030,2.0193,-0.3695,-0.1209,0.3888,0.1866,-0.0149,0.9239
14.1899,0.2030,1.8480,-0.2445,-0.0646,0.2529,0.1232,-0.0050,-0.7062,2.0176,-0.3695,-0.1209,0.3888,0.1863,-0.0149,0.9249
14.1998,0.2010,1.8471,-0.2448,-0.0658,0.2535,0.1228,-0.0070,-0.7094,2.0159,-0.3707,-0.1254,0.3913,0.1861,-0.0073,0.9259
14.2000,0.1991,1.8462,-0.2448,-0.0658,0.2535,0.1224,-0.0070,-0.7124,2.0144,-0.3707,-0.1254,0.3913,0.1859,-0.0073,0.9269
14.2195,0.1970,1.8452,-0.2440,-0.0683,0.2534,0.1220,-0.0100,-0.7156,2.0128,-0.3717,-0.1287,0.3933,0.1854,-0.0093,0.9279
14.2198,0.1949,1.8442,-0.2440,-0.0683,0.2534,0.1212,-0.0100,-0.7188,2.0110,-0.3717,-0.1287,0.3933,0.1848,-0.0093,0.9288
14.2296,0.1930,1.8436,-0.2441,-0.0712,0.2542,0.1203,-0.0027,-0.7218,2.0094,-0.3730,-0.1327,0.3959,0.1845,-0.0137,0.9297
14.2299,0.1909,1.8429,-0.2441,-0.0712,0.2542,0.1197,-0.0027,-0.7249,2.0075,-0.3730,-0.1327,0.3959,0.1842,-0.0137,0.9306
14.2493,0.1889,1.8423,-0.2435,-0.0731,0.2543,0.1192,0.0006,-0.7280,2.0056,-0.3735,-0.1376,0.3980,0.1839,-0.0152,0.9314
14.2496,0.1870,1.8415,-0.2435,-0.0731,0.2543,0.1190,0.0006,-0.7310,2.0037,-0.3735,-0.1376,0.3980,0.1832,-0.0152,0.9322
14.2696,0.1851,1.8406,-0.2434,-0.0747,0.2546,0.1188,-0.0163,-0.7340,2.0019,-0.3737,-0.1429,0.4001,0.1821,-0.0162,0.9331
14.2699,0.1833,1.8396,-0.2434,-0.0747,0.2546,0.1186,-0.0163,-0.7371,2.0002,-0.3737,-0.1429,0.4001,0.1810,-0.0162,0.9342
14.2795,0.1814,1.8386,-0.2433,-0.0765,0.2551,0.1183,-0.0203,-0.7402,1.9984,-0.3745,-0.1478,0.4026,0.1808,-0.0154,0.9353
14.2798,0.1793,1.8375,-0.2433,-0.0765,0.2551,0.1175,-0.0203,-0.7434,1.9965,-0.3744,-0.1502,0.4034,0.1804,-0.0144,0.9363
14.2996,0.1774,1.8365,-0.2425,-0.0787,0.2550,0.1166,-0.0180,-0.7464,1.9947,-0.3746,-0.1530,0.4046,0.1803,-0.0128,0.9372
14.2999,0.1756,1.8356,-0.2425,-0.0787,0.2550,0.1156,-0.0180,-0.7494,1.9929,-0.3746,-0.1530,0.4046,0.1805,-0.0128,0.9382
14.3194,0.1733,1.8345,-0.2423,-0.0811,0.2555,0.1141,-0.0145,-0.7527,1.9906,-0.3749,-0.1580,0.4068,0.1803,-0.0038,0.9390
14.3198,0.1713,1.8337,-0.2423,-0.0811,0.2555,0.1133,-0.0145,-0.7555,1.9887,-0.3746,-0.1607,0.4076,0.1802,0.0007,0.9397
14.3293,0.1695,1.8328,-0.2422,-0.0835,0.2562,0.1127,-0.0157,-0.7584,1.9868,-0.3747,-0.1632,0.4087,0.1798,0.0027,0.9406
14.3295,0.1675,1.8319,-0.2422,-0.0835,0.2562,0.1120,-0.0157,-0.7615,1.9849,-0.3747,-0.1632,0.4087,0.1789,0.0027,0.9415
14.3497,0.1657,1.8310,-0.2416,-0.0853,0.2562,0.1117,-0.0121,-0.7644,1.9833,-0.3746,-0.1676,0.4104,0.1775,0.0056,0.9424
14.3501,0.1638,1.8300,-0.2416,-0.0853,0.2562,0.1111,-0.0121,-0.7675,1.9815,-0.3746,-0.1676,0.4104,0.1762,0.0056,0.9435
14.3696,0.1618,1.8289,-0.2410,-0.0867,0.2561,0.1103,-0.0140,-0.7707,1.9797,-0.3746,-0.1718,0.4121,0.1751,0.0093,0.9446
14.3700,0.1599,1.8280,-0.2410,-0.0867,0.2561,0.1096,-0.0140,-0.7735,1.9780,-0.3746,-0.1739,0.4130,0.1746,0.0080,0.9455
14.3797,0.1580,1.8269,-0.2402,-0.0883,0.2559,0.1089,-0.0236,-0.7766,1.9763,-0.3738,-0.1758,0.4130,0.1742,0.0094,0.9465
14.3801,0.1558,1.8256,-0.2401,-0.0896,0.2562,0.1075,-0.0241,-0.7801,1.9742,-0.3738,-0.1758,0.4130,0.1735,0.0094,0.9477
14.3998,0.1540,1.8246,-0.2398,-0.0914,0.2566,0.1065,-0.0224,-0.7831,1.9726,-0.3743,-0.1799,0.4153,0.1731,0.0115,0.9487
14.4003,0.1518,1.8234,-0.2398,-0.0914,0.2566,0.1050,-0.0224,-0.7865,1.9707,-0.3749,-0.1818,0.4167,0.1728,0.0098,0.9497
14.4198,0.1499,1.8224,-0.2395,-0.0941,0.2574,0.1038,-0.0126,-0.7895,1.9689,-0.3745,-0.1835,0.4171,0.1726,0.0070,0.9507
14.4202,0.1481,1.8215,-0.2395,-0.0941,0.2574,0.1026,-0.0126,-0.7923,1.9671,-0.3745,-0.1835,0.4171,0.1724,0.0070,0.9516
14.4296,0.1461,1.8205,-0.2391,-0.0960,0.2577,0.1012,-0.0049,-0.7954,1.9652,-0.3740,-0.1873,0.4183,0.1722,0.0048,0.9525
14.4301,0.1439,1.8194,-0.2391,-0.0960,0.2577,0.1004,-0.0049,-0.7987,1.9630,-0.3740,-0.1873,0.4183,0.1719,0.0048,0.9534
14.4497,0.1419,1.8184,-0.2392,-0.0976,0.2584,0.0997,-0.0053,-0.8018,1.9608,-0.3739,-0.1921,0.4204,0.1717,0.0050,0.9544
14.4502,0.1401,1.8175,-0.2392,-0.0976,0.2584,0.0985,-0.0053,-0.8048,1.9590,-0.3739,-0.1921,0.4204,0.1712,0.0050,0.9554
14.4698,0.1380,1.8164,-0.2385,-0.0992,0.2583,0.0976,-0.0069,-0.8082,1.9569,-0.3734,-0.1965,0.4219,0.1704,0.0092,0.9566
14.4703,0.1364,1.8155,-0.2385,-0.0992,0.2583,0.0968,-0.0069,-0.8110,1.9553,-0.3739,-0.1989,0.4235,0.1694,0.0129,0.9577
14.4896,0.1343,1.8142,-0.2378,-0.1009,0.2583,0.0956,-0.0049,-0.8146,1.9535,-0.3734,-0.2000,0.4236,0.1680,0.0139,0.9591
14.4899,0.1326,1.8132,-0.2378,-0.1009,0.2583,0.0947,-0.0049,-0.8177,1.9520,-0.3735,-0.2009,0.4241,0.1664,0.0126,0.9603
14.4994,0.1308,1.8122,-0.2365,-0.1023,0.2577,0.0935,-0.0054,-0.8208,1.9504,-0.3731,-0.2012,0.4239,0.1649,0.0056,0.9616
14.4996,0.1288,1.8111,-0.2361,-0.1029,0.2576,0.0916,-0.0037,-0.8240,1.9486,-0.3731,-0.2012,0.4239,0.1636,0.0056,0.9627
14.5094,0.1269,1.8101,-0.2358,-0.1035,0.2575,0.0900,-0.0017,-0.8273,1.9465,-0.3728,-0.2027,0.4244,0.1628,-0.0041,0.9639
14.5096,0.1248,1.8090,-0.2358,-0.1035,0.2575,0.0885,-0.0017,-0.8305,1.9442,-0.3728,-0.2027,0.4244,0.1623,-0.0041,0.9648
14.5296,0.1228,1.8081,-0.2361,-0.1049,0.2584,0.0867,-0.0008,-0.8335,1.9419,-0.3734,-0.2065,0.4267,0.1616,-0.0189,0.9656
14.5397,0.1209,1.8071,-0.2361,-0.1053,0.2585,0.0851,-0.0019,-0.8365,1.9395,-0.3730,-0.2086,0.4273,0.1602,-0.0142,0.9665
14.5402,0.1194,1.8064,-0.2361,-0.1061,0.2589,0.0842,-0.0058,-0.8392,1.9378,-0.3728,-0.2111,0.4284,0.1583,-0.0010,0.9676
14.5595,0.1172,1.8052,-0.2353,-0.1065,0.2582,0.0825,-0.0073,-0.8428,1.9355,-0.3717,-0.2122,0.4280,0.1546,0.0023,0.9688
14.5598,0.1153,1.8041,-0.2356,-0.1076,0.2590,0.0814,-0.0075,-0.8460,1.9337,-0.3727,-0.2144,0.4299,0.1507,0.0087,0.9700
14.5696,0.1135,1.8030,-0.2352,-0.1085,0.2590,0.0805,-0.0072,-0.8491,1.9320,-0.3726,-0.2155,0.4304,0.1474,0.0125,0.9712
14.5699,0.1116,1.8019,-0.2352,-0.1085,0.2590,0.0797,-0.0072,-0.8522,1.9303,-0.3722,-0.2160,0.4303,0.1450,0.0150,0.9723
14.5897,0.1096,1.8007,-0.2347,-0.1104,0.2593,0.0788,-0.0023,-0.8553,1.9283,-0.3726,-0.2167,0.4310,0.1434,0.0088,0.9734
14.5900,0.1077,1.7995,-0.2347,-0.1104,0.2593,0.0778,-0.0023,-0.8584,1.9265,-0.3730,-0.2180,0.4320,0.1418,0.0031,0.9745
14.6095,0.1059,1.7984,-0.2344,-0.1126,0.2601,0.0765,0.0092,-0.8615,1.9247,-0.3724,-0.2181,0.4316,0.1399,-0.0012,0.9756
14.6099,0.1038,1.7972,-0.2344,-0.1126,0.2601,0.0754,0.0092,-0.8648,1.9226,-0.3731,-0.2192,0.4327,0.1383,-0.0042,0.9767
14.6196,0.1020,1.7962,-0.2344,-0.1146,0.2609,0.0740,0.0166,-0.8677,1.9207,-0.3731,-0.2201,0.4331,0.1372,-0.0081,0.9777
14.6199,0.1001,1.7951,-0.2344,-0.1146,0.2609,0.0722,0.0166,-0.8710,1.9184,-0.3729,-0.2212,0.4335,0.1357,-0.0101,0.9789
14.6395,0.0985,1.7942,-0.2338,-0.1157,0.2609,0.0714,0.0174,-0.8739,1.9164,-0.3726,-0.2224,0.4339,0.1351,-0.0090,0.9800
14.6399,0.0964,1.7931,-0.2338,-0.1157,0.2609,0.0705,0.0174,-0.8772,1.9138,-0.3724,-0.2234,0.4343,0.1342,-0.0054,0.9811
14.6599,0.0946,1.7922,-0.2331,-0.1168,0.2607,0.0698,0.0159,-0.8800,1.9118,-0.3727,-0.2248,0.4352,0.1331,0.0036,0.9820
14.6602,0.0929,1.7913,-0.2329,-0.1175,0.2609,0.0694,0.0160,-0.8829,1.9099,-0.3725,-0.2256,0.4355,0.1313,0.0090,0.9829
14.6698,0.0909,1.7902,-0.2326,-0.1182,0.2609,0.0687,0.0153,-0.8862,1.9078,-0.3724,-0.2261,0.4356,0.1290,0.0132,0.9842
14.6702,0.0890,1.7891,-0.2323,-0.1189,0.2610,0.0679,0.0138,-0.8893,1.9059,-0.3728,-0.2265,0.4362,0.1274,0.0113,0.9853
14.6899,0.0871,1.7879,-0.2322,-0.1196,0.2612,0.0674,0.0143,-0.8925,1.9039,-0.3727,-0.2269,0.4364,0.1261,0.0081,0.9864
14.6901,0.0853,1.7868,-0.2318,-0.1201,0.2611,0.0663,0.0154,-0.8956,1.9018,-0.3725,-0.2275,0.4364,0.1249,0.0056,0.9876
14.7099,0.0832,1.7855,-0.2315,-0.1205,0.2610,0.0648,0.0156,-0.8989,1.8995,-0.3723,-0.2282,0.4367,0.1232,0.0047,0.9887
14.7102,0.0815,1.7845,-0.2315,-0.1205,0.2610,0.0637,0.0156,-0.9018,1.8976,-0.3730,-0.2298,0.4381,0.1217,0.0055,0.9898
14.7198,0.0794,1.7833,-0.2310,-0.1213,0.2609,0.0621,0.0180,-0.9051,1.8952,-0.3723,-0.2304,0.4378,0.1186,0.0108,0.9909
14.7201,0.0777,1.7824,-0.2310,-0.1213,0.2609,0.0610,0.0180,-0.9080,1.8934,-0.3726,-0.2316,0.4387,0.1162,0.0192,0.9919
14.7399,0.0756,1.7813,-0.2307,-0.1224,0.2611,0.0594,0.0161,-0.9114,1.8912,-0.3724,-0.2320,0.4388,0.1139,0.0228,0.9931
14.7403,0.0738,1.7804,-0.2306,-0.1232,0.2614,0.0583,0.0194,-0.9143,1.8894,-0.3728,-0.2326,0.4394,0.1121,0.0220,0.9941
14.7597,0.0720,1.7794,-0.2302,-0.1237,0.2613,0.0575,0.0263,-0.9173,1.8873,-0.3725,-0.2324,0.4391,0.1106,0.0228,0.9952
14.7600,0.0700,1.7781,-0.2302,-0.1237,0.2613,0.0559,0.0263,-0.9205,1.8850,-0.3725,-0.2324,0.4391,0.1085,0.0228,0.9962
14.7695,0.0683,1.7770,-0.2303,-0.1251,0.2621,0.0547,0.0333,-0.9235,1.8830,-0.3730,-0.2337,0.4402,0.1073,0.0189,0.9974
14.7795,0.0663,1.7758,-0.2300,-0.1252,0.2619,0.0527,0.0315,-0.9267,1.8806,-0.3728,-0.2344,0.4404,0.1059,0.0170,0.9986
14.7799,0.0646,1.7747,-0.2300,-0.1252,0.2619,0.0514,0.0315,-0.9297,1.8786,-0.3728,-0.2344,0.4404,0.1047,0.0170,0.9997
14.7998,0.0627,1.7736,-0.2294,-0.1255,0.2615,0.0494,0.0259,-0.9331,1.8763,-0.3727,-0.2358,0.4410,0.1027,0.0204,1.0010
14.8002,0.0610,1.7726,-0.2294,-0.1255,0.2615,0.0477,0.0259,-0.9360,1.8743,-0.3734,-0.2368,0.4421,0.1002,0.0252,1.0021
14.8198,0.0589,1.7714,-0.2291,-0.1260,0.2615,0.0460,0.0266,-0.9395,1.8721,-0.3732,-0.2371,0.4422,0.0978,0.0274,1.0034
14.8202,0.0573,1.7705,-0.2291,-0.1260,0.2615,0.0450,0.0266,-0.9422,1.8705,-0.3732,-0.2371,0.4422,0.0957,0.0274,1.0045
14.8295,0.0553,1.7695,-0.2281,-0.1263,0.2607,0.0435,0.0294,-0.9455,1.8685,-0.3734,-0.2364,0.4419,0.0933,0.0249,1.0057
14.8299,0.0536,1.7685,-0.2281,-0.1263,0.2607,0.0421,0.0294,-0.9485,1.8667,-0.3741,-0.2366,0.4427,0.0914,0.0216,1.0069
14.8498,0.0518,1.7673,-0.2278,-0.1269,0.2607,0.0406,0.0311,-0.9518,1.8645,-0.3739,-0.2365,0.4424,0.0891,0.0193,1.0083
14.8501,0.0499,1.7661,-0.2278,-0.1269,0.2607,0.0391,0.0311,-0.9551,1.8623,-0.3739,-0.2365,0.4424,0.0872,0.0193,1.0096
14.8597,0.0482,1.7651,-0.2278,-0.1278,0.2612,0.0382,0.0346,-0.9581,1.8603,-0.3752,-0.2384,0.4445,0.0857,0.0100,1.0108
14.8601,0.0465,1.7641,-0.2278,-0.1278,0.2612,0.0374,0.0346,-0.9612,1.8583,-0.3752,-0.2384,0.4445,0.0841,0.0100,1.0121
14.8797,0.0448,1.7632,-0.2269,-0.1277,0.2604,0.0366,0.0348,-0.9643,1.8562,-0.3754,-0.2395,0.4453,0.0826,0.0085,1.0134
14.8799,0.0428,1.7621,-0.2269,-0.1277,0.2604,0.0362,0.0348,-0.9678,1.8540,-0.3754,-0.2395,0.4453,0.0799,0.0085,1.0148
14.8998,0.0410,1.7611,-0.2260,-0.1271,0.2593,0.0356,0.0323,-0.9711,1.8520,-0.3754,-0.2404,0.4457,0.0771,0.0092,1.0162
14.9001,0.0396,1.7604,-0.2259,-0.1270,0.2592,0.0354,0.0299,-0.9738,1.8505,-0.3760,-0.2411,0.4467,0.0754,0.0108,1.0175
14.9096,0.0377,1.7593,-0.2243,-0.1262,0.2573,0.0352,0.0260,-0.9774,1.8484,-0.3747,-0.2404,0.4452,0.0729,0.0121,1.0190
14.9099,0.0360,1.7582,-0.2243,-0.1262,0.2573,0.0350,0.0260,-0.9807,1.8464,-0.3747,-0.2404,0.4452,0.0699,0.0121,1.0205
14.9298,0.0344,1.7572,-0.2242,-0.1266,0.2574,0.0347,0.0210,-0.9839,1.8445,-0.3767,-0.2414,0.4474,0.0671,0.0093,1.0220
14.9301,0.0327,1.7562,-0.2242,-0.1266,0.2574,0.0343,0.0210,-0.9870,1.8425,-0.3767,-0.2414,0.4474,0.0647,0.0093,1.0234
14.9499,0.0307,1.7550,-0.2223,-0.1265,0.2558,0.0338,0.0201,-0.9906,1.8402,-0.3767,-0.2410,0.4472,0.0629,-0.0008,1.0249
14.9502,0.0294,1.7542,-0.2222,-0.1267,0.2558,0.0334,0.0196,-0.9933,1.8384,-0.3776,-0.2411,0.4480,0.0605,0.0010,1.0262
14.9597,0.0273,1.7530,-0.2214,-0.1266,0.2550,0.0325,0.0190,-0.9971,1.8359,-0.3771,-0.2411,0.4476,0.0571,0.0009,1.0277
14.9600,0.0258,1.7521,-0.2214,-0.1268,0.2552,0.0315,0.0179,-0.9999,1.8340,-0.3778,-0.2421,0.4487,0.0544,0.0017,1.0290
14.9797,0.0238,1.7509,-0.2212,-0.1268,0.2550,0.0301,0.0181,-1.0034,1.8318,-0.3777,-0.2426,0.4489,0.0507,0.0032,1.0304
14.9801,0.0222,1.7500,-0.2212,-0.1268,0.2550,0.0291,0.0181,-1.0064,1.8302,-0.3777,-0.2426,0.4489,0.0479,0.0032,1.0317
15.0002,0.0187,1.7480,-0.2207,-0.1263,0.2543,0.0263,0.0164,-1.0096,1.8283,-0.3775,-0.2438,0.4494,0.0456,0.0099,1.0314
15.0006,0.0187,1.7480,-0.2207,-0.1263,0.2543,0.0263,0.0164,-1.0130,1.8264,-0.3776,-0.2442,0.4497,0.0436,0.0106,1.0346
15.0097,0.0169,1.7470,-0.2204,-0.1261,0.2539,0.0246,0.0135,-1.0162,1.8245,-0.3779,-0.2444,0.4500,0.0415,0.0102,1.0360
15.0101,0.0151,1.7460,-0.2204,-0.1261,0.2539,0.0231,0.0135,-1.0196,1.8223,-0.3779,-0.2442,0.4499,0.0389,0.0119,1.0375
15.0297,0.0135,1.7450,-0.2193,-0.1261,0.2530,0.0217,0.0119,-1.0228,1.8202,-0.3782,-0.2438,0.4500,0.0362,0.0109,1.0390
15.0302,0.0117,1.7439,-0.2193,-0.1261,0.2530,0.0207,0.0119,-1.0259,1.8182,-0.3782,-0.2438,0.4500,0.0328,0.0109,1.0402
15.0396,0.0102,1.7430,-0.2184,-0.1264,0.2524,0.0191,0.0170,-1.0288,1.8165,-0.3787,-0.2426,0.4498,0.0298,-0.0047,1.0415
15.0399,0.0083,1.7418,-0.2185,-0.1269,0.2527,0.0169,0.0185,-1.0321,1.8144,-0.3792,-0.2427,0.4502,0.0254,-0.0084,1.0429
15.0597,0.0065,1.7407,-0.2179,-0.1268,0.2521,0.0156,0.0183,-1.0353,1.8124,-0.3786,-0.2423,0.4495,0.0222,-0.0081,1.0442
15.0599,0.0049,1.7399,-0.2179,-0.1268,0.2521,0.0145,0.0183,-1.0382,1.8106,-0.3786,-0.2423,0.4495,0.0194,-0.0081,1.0456
15.0797,0.0035,1.7390,-0.2172,-0.1263,0.2512,0.0133,0.0182,-1.0413,1.8085,-0.3783,-0.2428,0.4495,0.0165,-0.0099,1.0471
15.0801,0.0016,1.7378,-0.2172,-0.1263,0.2512,0.0115,0.0182,-1.0449,1.8061,-0.3783,-0.2434,0.4498,0.0129,-0.0047,1.0487
15.1000,-0.0000,1.7369,-0.2161,-0.1257,0.2500,0.0102,0.0143,-1.0480,1.8041,-0.3792,-0.2443,0.4511,0.0098,0.0032,1.0501
15.1005,-0.0016,1.7360,-0.2155,-0.1253,0.2492,0.0085,0.0086,-1.0511,1.8021,-0.3791,-0.2447,0.4512,0.0064,0.0128,1.0516
15.1097,-0.0035,1.7350,-0.2150,-0.1248,0.2486,0.0070,0.0050,-1.0544,1.8001,-0.3791,-0.2451,0.4515,0.0026,0.0185,1.0529
15.1101,-0.0053,1.7339,-0.2150,-0.1248,0.2486,0.0062,0.0050,-1.0574,1.7982,-0.3792,-0.2452,0.4515,-0.0013,0.0226,1.0541
15.1296,-0.0070,1.7330,-0.2146,-0.1246,0.2482,0.0049,0.0011,-1.0605,1.7964,-0.3793,-0.2448,0.4515,-0.0048,0.0230,1.0555
15.1299,-0.0085,1.7321,-0.2140,-0.1242,0.2475,0.0039,-0.0027,-1.0636,1.7946,-0.3791,-0.2439,0.4508,-0.0077,0.0217,1.0569
15.1496,-0.0102,1.7311,-0.2140,-0.1243,0.2475,0.0033,-0.0041,-1.0668,1.7927,-0.3794,-0.2435,0.4508,-0.0105,0.0207,1.0583
15.1500,-0.0119,1.7301,-0.2140,-0.1243,0.2475,0.0024,-0.0041,-1.0699,1.7908,-0.3794,-0.2435,0.4508,-0.0133,0.0207,1.0597
15.1598,-0.0137,1.7290,-0.2131,-0.1242,0.2466,0.0013,-0.0046,-1.0731,1.7886,-0.3797,-0.2420,0.4503,-0.0167,0.0036,1.0611
15.1601,-0.0153,1.7278,-0.2131,-0.1242,0.2466,0.0002,-0.0046,-1.0761,1.7865,-0.3797,-0.2420,0.4503,-0.0202,0.0036,1.0624
15.1797,-0.0169,1.7268,-0.2124,-0.1247,0.2463,-0.0012,-0.0014,-1.0792,1.7845,-0.3798,-0.2426,0.4507,-0.0242,-0.0003,1.0639
15.1800,-0.0185,1.7258,-0.2117,-0.1246,0.2457,-0.0025,-0.0005,-1.0822,1.7826,-0.3797,-0.2427,0.4506,-0.0276,0.0037,1.0652
15.1896,-0.0200,1.7250,-0.2112,-0.1243,0.2450,-0.0033,-0.0005,-1.0850,1.7810,-0.3795,-0.2425,0.4504,-0.0304,0.0074,1.0665
15.1899,-0.0218,1.7239,-0.2112,-0.1243,0.2450,-0.0042,-0.0005,-1.0883,1.7789,-0.3795,-0.2425,0.4504,-0.0335,0.0074,1.0680
15.2095,-0.0233,1.7230,-0.2100,-0.1233,0.2435,-0.0054,-0.0048,-1.0912,1.7772,-0.3788,-0.2411,0.4491,-0.0365,0.0082,1.0693
15.2194,-0.0254,1.7217,-0.2097,-0.1231,0.2431,-0.0067,-0.0085,-1.0949,1.7750,-0.3789,-0.2407,0.4489,-0.0392,0.0051,1.0708
15.2196,-0.0272,1.7207,-0.2097,-0.1231,0.2431,-0.0074,-0.0085,-1.0977,1.7734,-0.3789,-0.2407,0.4489,-0.0409,0.0051,1.0718
15.2397,-0.0288,1.7197,-0.2097,-0.1234,0.2433,-0.0080,-0.0100,-1.1007,1.7718,-0.3794,-0.2399,0.4489,-0.0436,-0.0033,1.0731
15.2401,-0.0306,1.7185,-0.2097,-0.1234,0.2433,-0.0092,-0.0100,-1.1038,1.7700,-0.3786,-0.2389,0.4477,-0.0473,-0.0041,1.0744
15.2494,-0.0324,1.7174,-0.2090,-0.1238,0.2429,-0.0101,-0.0083,-1.1070,1.7681,-0.3792,-0.2387,0.4481,-0.0509,-0.0057,1.0757
15.2497,-0.0342,1.7164,-0.2090,-0.1238,0.2429,-0.0109,-0.0083,-1.1099,1.7662,-0.3792,-0.2387,0.4481,-0.0543,-0.0057,1.0769
15.2698,-0.0360,1.7154,-0.2083,-0.1234,0.2421,-0.0116,-0.0010,-1.1131,1.7644,-0.3789,-0.2376,0.4472,-0.0574,-0.0067,1.0782
15.2796,-0.0378,1.7143,-0.2085,-0.1233,0.2423,-0.0129,-0.0012,-1.1164,1.7624,-0.3793,-0.2372,0.4474,-0.0608,-0.0059,1.0796
15.2799,-0.0391,1.7136,-0.2085,-0.1233,0.2423,-0.0138,-0.0012,-1.1189,1.7610,-0.3793,-0.2372,0.4474,-0.0629,-0.0059,1.0808
15.2896,-0.0412,1.7125,-0.2074,-0.1221,0.2407,-0.0146,-0.0032,-1.1222,1.7590,-0.3783,-0.2351,0.4454,-0.0660,-0.0048,1.0820
15.2899,-0.0429,1.7115,-0.2074,-0.1221,0.2407,-0.0151,-0.0032,-1.1250,1.7573,-0.3783,-0.2351,0.4454,-0.0683,-0.0048,1.0831
15.3097,-0.0446,1.7103,-0.2077,-0.1222,0.2410,-0.0164,-0.0143,-1.1280,1.7555,-0.3780,-0.2340,0.4446,-0.0709,-0.0050,1.0844
15.3101,-0.0462,1.7093,-0.2070,-0.1221,0.2404,-0.0173,-0.0174,-1.1308,1.7539,-0.3771,-0.2332,0.4434,-0.0738,-0.0032,1.0855
15.3298,-0.0479,1.7081,-0.2070,-0.1225,0.2405,-0.0180,-0.0172,-1.1339,1.7521,-0.3772,-0.2332,0.4435,-0.0755,-0.0028,1.0869
15.3301,-0.0497,1.7069,-0.2065,-0.1228,0.2403,-0.0189,-0.0155,-1.1369,1.7503,-0.3769,-0.2329,0.4431,-0.0775,-0.0022,1.0881
15.3400,-0.0513,1.7058,-0.2066,-0.1231,0.2405,-0.0195,-0.0110,-1.1398,1.7486,-0.3769,-0.2328,0.4430,-0.0788,-0.0015,1.0894
15.3405,-0.0531,1.7047,-0.2066,-0.1231,0.2405,-0.0207,-0.0110,-1.1429,1.7468,-0.3761,-0.2318,0.4418,-0.0806,0.0015,1.0906
15.3595,-0.0547,1.7037,-0.2059,-0.1229,0.2398,-0.0212,-0.0123,-1.1455,1.7453,-0.3756,-0.2311,0.4410,-0.0824,0.0039,1.0916
15.3696,-0.0565,1.7025,-0.2058,-0.1229,0.2397,-0.0218,-0.0134,-1.1484,1.7436,-0.3747,-0.2300,0.4397,-0.0850,0.0072,1.0927
15.3699,-0.0580,1.7015,-0.2058,-0.1229,0.2397,-0.0221,-0.0134,-1.1507,1.7423,-0.3744,-0.2293,0.4391,-0.0864,0.0071,1.0935
15.3795,-0.0598,1.7003,-0.2056,-0.1234,0.2398,-0.0224,-0.0149,-1.1536,1.7406,-0.3729,-0.2278,0.4370,-0.0879,0.0054,1.0946
15.3798,-0.0616,1.6992,-0.2056,-0.1234,0.2398,-0.0226,-0.0149,-1.1564,1.7389,-0.3716,-0.2267,0.4353,-0.0891,-0.0007,1.0955
15.3997,-0.0631,1.6982,-0.2052,-0.1238,0.2397,-0.0228,-0.0144,-1.1590,1.7373,-0.3707,-0.2263,0.4343,-0.0898,-0.0009,1.0967
15.4001,-0.0646,1.6972,-0.2052,-0.1238,0.2397,-0.0230,-0.0144,-1.1617,1.7358,-0.3707,-0.2263,0.4343,-0.0909,-0.0009,1.0978
15.4198,-0.0664,1.6959,-0.2046,-0.1243,0.2394,-0.0230,-0.0133,-1.1647,1.7339,-0.3686,-0.2253,0.4320,-0.0920,0.0015,1.0990
15.4202,-0.0680,1.6948,-0.2046,-0.1243,0.2394,-0.0230,-0.0133,-1.1673,1.7325,-0.3682,-0.2250,0.4315,-0.0929,0.0052,1.0999
15.4297,-0.0696,1.6936,-0.2048,-0.1247,0.2398,-0.0232,-0.0136,-1.1699,1.7311,-0.3669,-0.2240,0.4299,-0.0943,0.0097,1.1009
15.4301,-0.0713,1.6924,-0.2048,-0.1247,0.2398,-0.0234,-0.0136,-1.1725,1.7296,-0.3669,-0.2240,0.4299,-0.0959,0.0097,1.1018
15.4497,-0.0728,1.6912,-0.2040,-0.1253,0.2394,-0.0233,-0.0206,-1.1749,1.7282,-0.3637,-0.2212,0.4257,-0.0974,0.0026,1.1027
15.4499,-0.0746,1.6899,-0.2040,-0.1253,0.2394,-0.0233,-0.0206,-1.1773,1.7266,-0.3637,-0.2212,0.4257,-0.0989,0.0026,1.1034
15.4696,-0.0762,1.6886,-0.2037,-0.1262,0.2396,-0.0235,-0.0171,-1.1798,1.7250,-0.3605,-0.2185,0.4215,-0.1005,-0.0054,1.1042
15.4700,-0.0779,1.6874,-0.2037,-0.1262,0.2396,-0.0240,-0.0171,-1.1823,1.7234,-0.3605,-0.2185,0.4215,-0.1019,-0.0054,1.1050
15.4795,-0.0794,1.6863,-0.2034,-0.1272,0.2399,-0.0243,-0.0127,-1.1846,1.7219,-0.3579,-0.2169,0.4185,-0.1028,-0.0051,1.1059
15.4799,-0.0812,1.6850,-0.2034,-0.1272,0.2399,-0.0242,-0.0127,-1.1873,1.7202,-0.3579,-0.2169,0.4185,-0.1043,-0.0051,1.1067
15.4995,-0.0828,1.6838,-0.2032,-0.1280,0.2401,-0.0242,-0.0107,-1.1898,1.7185,-0.3553,-0.2163,0.4160,-0.1052,0.0041,1.1075
15.4998,-0.0843,1.6827,-0.2032,-0.1280,0.2401,-0.0243,-0.0107,-1.1922,1.7168,-0.3553,-0.2163,0.4160,-0.1058,0.0041,1.1085
15.5197,-0.0858,1.6816,-0.2024,-0.1286,0.2398,-0.0245,-0.0106,-1.1947,1.7151,-0.3520,-0.2153,0.4126,-0.1064,0.0153,1.1095
15.5203,-0.0871,1.6807,-0.2024,-0.1286,0.2398,-0.0246,-0.0106,-1.1967,1.7140,-0.3503,-0.2143,0.4106,-0.1068,0.0175,1.1102
15.5295,-0.0888,1.6795,-0.2010,-0.1285,0.2386,-0.0246,-0.0140,-1.1993,1.7123,-0.3479,-0.2125,0.4077,-0.1073,0.0158,1.1110
15.5297,-0.0903,1.6782,-0.2010,-0.1289,0.2388,-0.0247,-0.0144,-1.2015,1.7109,-0.3469,-0.2117,0.4064,-0.1078,0.0147,1.1117
15.5496,-0.0921,1.6767,-0.2010,-0.1295,0.2391,-0.0250,-0.0140,-1.2041,1.7091,-0.3455,-0.2111,0.4049,-0.1082,0.0140,1.1125
15.5499,-0.0936,1.6755,-0.2010,-0.1295,0.2391,-0.0251,-0.0140,-1.2063,1.7077,-0.3455,-0.2111,0.4049,-0.1087,0.0140,1.1132
15.5697,-0.0950,1.6743,-0.2000,-0.1304,0.2388,-0.0252,-0.0147,-1.2083,1.7063,-0.3420,-0.2095,0.4010,-0.1090,0.0152,1.1137
15.5700,-0.0967,1.6730,-0.2000,-0.1304,0.2388,-0.0253,-0.0147,-1.2108,1.7045,-0.3402,-0.2086,0.3990,-0.1097,0.0163,1.1145
15.5797,-0.0981,1.6718,-0.2003,-0.1320,0.2399,-0.0253,-0.0193,-1.2129,1.7031,-0.3389,-0.2080,0.3976,-0.1103,0.0171,1.1152
15.5799,-0.0999,1.6705,-0.1994,-0.1319,0.2391,-0.0253,-0.0242,-1.2152,1.7013,-0.3360,-0.2062,0.3942,-0.1107,0.0142,1.1158
15.5996,-0.1013,1.6693,-0.1997,-0.1328,0.2399,-0.0252,-0.0271,-1.2173,1.6999,-0.3345,-0.2056,0.3926,-0.1109,0.0086,1.1164
15.5999,-0.1030,1.6679,-0.1993,-0.1333,0.2398,-0.0252,-0.0274,-1.2196,1.6982,-0.3323,-0.2046,0.3902,-0.1112,0.0054,1.1170
15.6100,-0.1061,1.6650,-0.1981,-0.1347,0.2396,-0.0252,-0.0242,-1.2215,1.6969,-0.3304,-0.2037,0.3882,-0.1119,0.0042,1.1159
15.6102,-0.1061,1.6650,-0.1981,-0.1347,0.2396,-0.0252,-0.0242,-1.2240,1.6951,-0.3283,-0.2027,0.3859,-0.1127,0.0050,1.1183
15.6299,-0.1075,1.6637,-0.1983,-0.1360,0.2405,-0.0251,-0.0207,-1.2260,1.6936,-0.3269,-0.2027,0.3846,-0.1131,0.0059,1.1189
15.6305,-0.1089,1.6624,-0.1980,-0.1367,0.2406,-0.0250,-0.0182,-1.2282,1.6921,-0.3248,-0.2020,0.3825,-0.1138,0.0061,1.1196
15.6499,-0.1104,1.6610,-0.1974,-0.1375,0.2406,-0.0246,-0.0177,-1.2304,1.6906,-0.3229,-0.2013,0.3805,-0.1143,0.0081,1.1204
15.6503,-0.1117,1.6597,-0.1969,-0.1382,0.2406,-0.0239,-0.0172,-1.2325,1.6891,-0.3209,-0.2003,0.3783,-0.1146,0.0056,1.1211
15.6697,-0.1132,1.6582,-0.1962,-0.1386,0.2402,-0.0234,-0.0169,-1.2346,1.6874,-0.3188,-0.1990,0.3758,-0.1151,0.0044,1.1218
15.6700,-0.1144,1.6568,-0.1962,-0.1386,0.2402,-0.0234,-0.0169,-1.2365,1.6861,-0.3188,-0.1990,0.3758,-0.1158,0.0044,1.1225
15.6793,-0.1157,1.6552,-0.1950,-0.1399,0.2400,-0.0234,-0.0174,-1.2385,1.6844,-0.3146,-0.1969,0.3712,-0.1166,0.0008,1.1231
15.6795,-0.1172,1.6536,-0.1950,-0.1399,0.2400,-0.0234,-0.0174,-1.2406,1.6827,-0.3146,-0.1969,0.3712,-0.1170,0.0008,1.1238
15.6996,-0.1198,1.6506,-0.1936,-0.1438,0.2412,-0.0229,-0.0099,-1.2428,1.6811,-0.3112,-0.1965,0.3681,-0.1173,-0.0028,1.1234
15.6998,-0.1198,1.6506,-0.1936,-0.1438,0.2412,-0.0229,-0.0099,-1.2446,1.6796,-0.3112,-0.1965,0.3681,-0.1172,-0.0028,1.1253
15.7197,-0.1208,1.6494,-0.1929,-0.1448,0.2412,-0.0228,-0.0097,-1.2464,1.6780,-0.3068,-0.1953,0.3637,-0.1170,-0.0039,1.1260
15.7201,-0.1220,1.6479,-0.1929,-0.1448,0.2412,-0.0225,-0.0097,-1.2485,1.6763,-0.3068,-0.1953,0.3637,-0.1169,-0.0039,1.1269
15.7294,-0.1229,1.6465,-0.1896,-0.1456,0.2391,-0.0224,-0.0099,-1.2502,1.6749,-0.3015,-0.1942,0.3586,-0.1169,-0.0008,1.1276
15.7296,-0.1241,1.6449,-0.1896,-0.1456,0.2391,-0.0223,-0.0099,-1.2522,1.6731,-0.3015,-0.1942,0.3586,-0.1169,-0.0008,1.1285
15.7497,-0.1251,1.6434,-0.1869,-0.1472,0.2379,-0.0222,-0.0146,-1.2541,1.6716,-0.2968,-0.1938,0.3545,-0.1168,0.0022,1.1293
15.7597,-0.1264,1.6416,-0.1854,-0.1479,0.2372,-0.0220,-0.0183,-1.2562,1.6699,-0.2944,-0.1931,0.3520,-0.1168,0.0031,1.1301
15.7600,-0.1274,1.6402,-0.1854,-0.1479,0.2372,-0.0219,-0.0183,-1.2579,1.6685,-0.2944,-0.1931,0.3520,-0.1168,0.0031,1.1309
15.7693,-0.1287,1.6383,-0.1827,-0.1503,0.2366,-0.0216,-0.0199,-1.2601,1.6667,-0.2895,-0.1917,0.3472,-0.1166,-0.0003,1.1318
15.7696,-0.1296,1.6369,-0.1827,-0.1503,0.2366,-0.0214,-0.0199,-1.2616,1.6655,-0.2895,-0.1917,0.3472,-0.1164,-0.0003,1.1324
15.7897,-0.1309,1.6351,-0.1810,-0.1534,0.2372,-0.0209,-0.0194,-1.2638,1.6637,-0.2855,-0.1911,0.3436,-0.1159,-0.0088,1.1332
15.7900,-0.1319,1.6336,-0.1810,-0.1534,0.2372,-0.0208,-0.0194,-1.2654,1.6622,-0.2855,-0.1911,0.3436,-0.1151,-0.0088,1.1339
15.8098,-0.1331,1.6320,-0.1782,-0.1558,0.2367,-0.0208,-0.0118,-1.2673,1.6607,-0.2810,-0.1902,0.3393,-0.1148,-0.0128,1.1346
15.8101,-0.1341,1.6306,-0.1782,-0.1558,0.2367,-0.0206,-0.0118,-1.2688,1.6593,-0.2810,-0.1902,0.3393,-0.1145,-0.0128,1.1351
15.8197,-0.1351,1.6290,-0.1757,-0.1573,0.2359,-0.0205,-0.0102,-1.2706,1.6578,-0.2761,-0.1891,0.3346,-0.1142,-0.0141,1.1359
15.8201,-0.1361,1.6274,-0.1757,-0.1573,0.2359,-0.0206,-0.0102,-1.2725,1.6561,-0.2734,-0.1886,0.3321,-0.1142,-0.0152,1.1368
15.8399,-0.1372,1.6257,-0.1729,-0.1591,0.2349,-0.0207,-0.0223,-1.2743,1.6544,-0.2712,-0.1884,0.3302,-0.1138,-0.0162,1.1375
15.8403,-0.1382,1.6239,-0.1729,-0.1591,0.2349,-0.0207,-0.0223,-1.2762,1.6526,-0.2712,-0.1884,0.3302,-0.1130,-0.0162,1.1384
15.8492,-0.1390,1.6226,-0.1703,-0.1614,0.2346,-0.0209,-0.0274,-1.2777,1.6513,-0.2667,-0.1883,0.3264,-0.1125,-0.0212,1.1391
15.8698,-0.1403,1.6205,-0.1687,-0.1623,0.2341,-0.0221,-0.0272,-1.2798,1.6492,-0.2645,-0.1881,0.3246,-0.1115,-0.0227,1.1399
15.8702,-0.1410,1.6191,-0.1687,-0.1623,0.2341,-0.0227,-0.0272,-1.2811,1.6478,-0.2627,-0.1888,0.3235,-0.1111,-0.0223,1.1405
15.8796,-0.1421,1.6173,-0.1662,-0.1647,0.2340,-0.0233,-0.0238,-1.2830,1.6462,-0.2608,-0.1889,0.3221,-0.1106,-0.0199,1.1412
15.8800,-0.1430,1.6158,-0.1647,-0.1660,0.2339,-0.0238,-0.0208,-1.2845,1.6446,-0.2608,-0.1889,0.3221,-0.1099,-0.0199,1.1419
15.8997,-0.1441,1.6140,-0.1628,-0.1668,0.2331,-0.0247,-0.0200,-1.2863,1.6428,-0.2562,-0.1885,0.3181,-0.1088,-0.0109,1.1425
15.9002,-0.1448,1.6127,-0.1621,-0.1684,0.2337,-0.0250,-0.0199,-1.2875,1.6416,-0.2545,-0.1890,0.3170,-0.1081,-0.0148,1.1431
15.9096,-0.1456,1.6111,-0.1605,-0.1689,0.2330,-0.0258,-0.0204,-1.2891,1.6399,-0.2517,-0.1883,0.3143,-0.1065,-0.0163,1.1438
15.9101,-0.1466,1.6093,-0.1605,-0.1689,0.2330,-0.0270,-0.0204,-1.2908,1.6380,-0.2486,-0.1881,0.3118,-0.1052,-0.0176,1.1446
15.9295,-0.1475,1.6077,-0.1572,-0.1711,0.2323,-0.0276,-0.0226,-1.2921,1.6365,-0.2470,-0.1890,0.3110,-0.1048,-0.0175,1.1450
15.9298,-0.1483,1.6061,-0.1572,-0.1711,0.2323,-0.0283,-0.0226,-1.2935,1.6348,-0.2470,-0.1890,0.3110,-0.1039,-0.0175,1.1456
15.9503,-0.1503,1.6026,-0.1529,-0.1736,0.2313,-0.0303,-0.0164,-1.2951,1.6333,-0.2421,-0.1895,0.3075,-0.1029,-0.0079,1.1452
15.9505,-0.1503,1.6026,-0.1529,-0.1736,0.2313,-0.0303,-0.0164,-1.2966,1.6315,-0.2404,-0.1899,0.3063,-0.1009,-0.0044,1.1467
15.9599,-0.1511,1.6010,-0.1514,-0.1747,0.2311,-0.0313,-0.0168,-1.2979,1.6300,-0.2385,-0.1902,0.3051,-0.0993,-0.0013,1.1472
15.9604,-0.1520,1.5994,-0.1497,-0.1753,0.2305,-0.0326,-0.0180,-1.2993,1.6285,-0.2362,-0.1901,0.3032,-0.0979,-0.0015,1.1477
15.9799,-0.1529,1.5978,-0.1482,-0.1759,0.2300,-0.0344,-0.0193,-1.3008,1.6267,-0.2340,-0.1899,0.3013,-0.0960,-0.0043,1.1483
15.9803,-0.1538,1.5962,-0.1482,-0.1759,0.2300,-0.0361,-0.0193,-1.3022,1.6249,-0.2324,-0.1904,0.3004,-0.0948,-0.0055,1.1487
16.0002,-0.1557,1.5931,-0.1441,-0.1787,0.2296,-0.0387,-0.0198,-1.3037,1.6232,-0.2298,-0.1904,0.2984,-0.0937,-0.0048,1.1484
16.0005,-0.1557,1.5931,-0.1441,-0.1787,0.2296,-0.0387,-0.0198,-1.3049,1.6217,-0.2279,-0.1907,0.2972,-0.0920,-0.0059,1.1496
16.0197,-0.1568,1.5913,-0.1428,-0.1792,0.2292,-0.0400,-0.0199,-1.3065,1.6199,-0.2253,-0.1902,0.2949,-0.0898,-0.0068,1.1500
16.0201,-0.1575,1.5900,-0.1428,-0.1792,0.2292,-0.0410,-0.0199,-1.3074,1.6188,-0.2235,-0.1904,0.2936,-0.0889,-0.0080,1.1503
16.0299,-0.1587,1.5881,-0.1409,-0.1814,0.2297,-0.0426,-0.0180,-1.3090,1.6170,-0.2215,-0.1904,0.2921,-0.0868,-0.0103,1.1507
16.0303,-0.1596,1.5865,-0.1397,-0.1828,0.2301,-0.0441,-0.0189,-1.3104,1.6155,-0.2215,-0.1904,0.2921,-0.0851,-0.0103,1.1511
16.0495,-0.1604,1.5851,-0.1385,-0.1835,0.2299,-0.0451,-0.0200,-1.3115,1.6143,-0.2177,-0.1907,0.2894,-0.0836,-0.0219,1.1515
16.0498,-0.1615,1.5833,-0.1385,-0.1835,0.2299,-0.0464,-0.0200,-1.3130,1.6125,-0.2177,-0.1907,0.2894,-0.0821,-0.0219,1.1519
16.0595,-0.1625,1.5816,-0.1359,-0.1844,0.2290,-0.0478,-0.0194,-1.3145,1.6108,-0.2135,-0.1903,0.2860,-0.0807,-0.0243,1.1523
16.0597,-0.1625,1.5816,-0.1359,-0.1844,0.2290,-0.0478,-0.0194,-1.3157,1.6092,-0.2135,-0.1903,0.2860,-0.0793,-0.0243,1.1536
16.0796,-0.1642,1.5784,-0.1334,-0.1859,0.2288,-0.0506,-0.0163,-1.3170,1.6076,-0.2099,-0.1907,0.2836,-0.0779,-0.0234,1.1531
16.0799,-0.1653,1.5767,-0.1334,-0.1859,0.2288,-0.0527,-0.0163,-1.3183,1.6060,-0.2099,-0.1907,0.2836,-0.0768,-0.0234,1.1534
16.0898,-0.1661,1.5753,-0.1308,-0.1876,0.2287,-0.0540,-0.0104,-1.3193,1.6048,-0.2062,-0.1906,0.2808,-0.0758,-0.0219,1.1536
16.0901,-0.1672,1.5733,-0.1308,-0.1876,0.2287,-0.0557,-0.0104,-1.3206,1.6032,-0.2041,-0.1902,0.2790,-0.0749,-0.0219,1.1537
16.1097,-0.1681,1.5717,-0.1285,-0.1891,0.2286,-0.0566,-0.0124,-1.3216,1.6018,-0.2019,-0.1901,0.2773,-0.0735,-0.0215,1.1539
16.1100,-0.1693,1.5697,-0.1275,-0.1898,0.2287,-0.0579,-0.0124,-1.3229,1.6000,-0.2002,-0.1902,0.2761,-0.0713,-0.0216,1.1540
16.1299,-0.1702,1.5680,-0.1263,-0.1905,0.2286,-0.0588,-0.0118,-1.3240,1.5985,-0.1978,-0.1900,0.2743,-0.0700,-0.0243,1.1542
16.1303,-0.1712,1.5664,-0.1254,-0.1914,0.2289,-0.0602,-0.0109,-1.3251,1.5969,-0.1961,-0.1902,0.2732,-0.0689,-0.0241,1.1543
16.1499,-0.1722,1.5646,-0.1245,-0.1920,0.2288,-0.0619,-0.0086,-1.3262,1.5952,-0.1938,-0.1905,0.2717,-0.0668,-0.0233,1.1544
16.1502,-0.1731,1.5630,-0.1237,-0.1928,0.2290,-0.0633,-0.0067,-1.3272,1.5939,-0.1917,-0.1909,0.2705,-0.0654,-0.0214,1.1546
16.1595,-0.1741,1.5611,-0.1227,-0.1933,0.2290,-0.0649,-0.0046,-1.3284,1.5922,-0.1896,-0.1904,0.2687,-0.0636,-0.0204,1.1547
16.1598,-0.1750,1.5593,-0.1227,-0.1933,0.2290,-0.0665,-0.0046,-1.3294,1.5909,-0.1876,-0.1903,0.2672,-0.0622,-0.0201,1.1548
16.1796,-0.1762,1.5572,-0.1213,-0.1951,0.2298,-0.0680,-0.0019,-1.3305,1.5892,-0.1858,-0.1904,0.2660,-0.0607,-0.0205,1.1548
16.1799,-0.1771,1.5556,-0.1210,-0.1961,0.2304,-0.0687,-0.0009,-1.3315,1.5880,-0.1841,-0.1904,0.2648,-0.0595,-0.0263,1.1548
16.2000,-0.1782,1.5536,-0.1199,-0.1961,0.2298,-0.0693,-0.0035,-1.3326,1.5864,-0.1816,-0.1895,0.2625,-0.0582,-0.0288,1.1549
16.2004,-0.1790,1.5521,-0.1199,-0.1961,0.2298,-0.0698,-0.0035,-1.3335,1.5852,-0.1816,-0.1895,0.2625,-0.0575,-0.0288,1.1551
16.2093,-0.1798,1.5502,-0.1184,-0.1970,0.2299,-0.0703,-0.0056,-1.3347,1.5836,-0.1778,-0.1888,0.2593,-0.0568,-0.0296,1.1554
16.2095,-0.1805,1.5485,-0.1184,-0.1970,0.2299,-0.0709,-0.0056,-1.3357,1.5822,-0.1778,-0.1888,0.2593,-0.0566,-0.0296,1.1557
16.2297,-0.1814,1.5467,-0.1171,-0.1986,0.2306,-0.0713,-0.0071,-1.3368,1.5808,-0.1745,-0.1881,0.2566,-0.0567,-0.0326,1.1560
16.2299,-0.1822,1.5447,-0.1171,-0.1986,0.2306,-0.0715,-0.0071,-1.3380,1.5793,-0.1745,-0.1881,0.2566,-0.0567,-0.0326,1.1563
16.2392,-0.1832,1.5428,-0.1163,-0.2003,0.2316,-0.0717,-0.0073,-1.3391,1.5778,-0.1715,-0.1876,0.2542,-0.0566,-0.0344,1.1565
16.2394,-0.1842,1.5406,-0.1163,-0.2003,0.2316,-0.0720,-0.0073,-1.3403,1.5764,-0.1715,-0.1876,0.2542,-0.0565,-0.0344,1.1567
16.2595,-0.1851,1.5386,-0.1155,-0.2020,0.2327,-0.0722,-0.0087,-1.3413,1.5749,-0.1683,-0.1870,0.2516,-0.0560,-0.0330,1.1568
16.2598,-0.1859,1.5367,-0.1155,-0.2020,0.2327,-0.0721,-0.0087,-1.3422,1.5735,-0.1683,-0.1870,0.2516,-0.0555,-0.0330,1.1569
16.2798,-0.1867,1.5346,-0.1145,-0.2033,0.2333,-0.0720,-0.0072,-1.3431,1.5722,-0.1642,-0.1863,0.2483,-0.0549,-0.0328,1.1570
16.2801,-0.1874,1.5329,-0.1143,-0.2046,0.2344,-0.0720,-0.0071,-1.3438,1.5710,-0.1629,-0.1865,0.2477,-0.0539,-0.0353,1.1570
16.2999,-0.1889,1.5291,-0.1131,-0.2043,0.2335,-0.0719,-0.0079,-1.3446,1.5694,-0.1601,-0.1853,0.2449,-0.0524,-0.0366,1.1564
16.3000,-0.1889,1.5291,-0.1131,-0.2043,0.2335,-0.0719,-0.0079,-1.3453,1.5681,-0.1601,-0.1853,0.2449,-0.0516,-0.0366,1.1570
16.3099,-0.1908,1.5248,-0.1117,-0.2058,0.2342,-0.0718,-0.0088,-1.3461,1.5666,-0.1561,-0.1852,0.2422,-0.0507,-0.0365,1.1561
16.3101,-0.1908,1.5248,-0.1117,-0.2058,0.2342,-0.0718,-0.0088,-1.3469,1.5648,-0.1545,-0.1855,0.2414,-0.0494,-0.0355,1.1569
16.3296,-0.1918,1.5227,-0.1114,-0.2084,0.2364,-0.0717,-0.0083,-1.3478,1.5632,-0.1527,-0.1860,0.2406,-0.0483,-0.0326,1.1568
16.3299,-0.1925,1.5208,-0.1113,-0.2094,0.2371,-0.0716,-0.0038,-1.3485,1.5619,-0.1506,-0.1858,0.2392,-0.0471,-0.0283,1.1567
16.3396,-0.1934,1.5186,-0.1106,-0.2097,0.2371,-0.0714,-0.0007,-1.3493,1.5602,-0.1483,-0.1851,0.2372,-0.0454,-0.0262,1.1566
16.3400,-0.1941,1.5167,-0.1106,-0.2097,0.2371,-0.0713,-0.0007,-1.3499,1.5589,-0.1483,-0.1851,0.2372,-0.0445,-0.0262,1.1565
16.3597,-0.1950,1.5145,-0.1102,-0.2118,0.2388,-0.0710,0.0037,-1.3507,1.5572,-0.1444,-0.1848,0.2345,-0.0429,-0.0215,1.1565
16.3601,-0.1956,1.5127,-0.1102,-0.2118,0.2388,-0.0709,0.0037,-1.3512,1.5559,-0.1444,-0.1848,0.2345,-0.0420,-0.0215,1.1564
16.3796,-0.1963,1.5107,-0.1091,-0.2130,0.2393,-0.0708,0.0056,-1.3518,1.5544,-0.1402,-0.1839,0.2312,-0.0405,-0.0223,1.1564
16.3800,-0.1968,1.5090,-0.1091,-0.2130,0.2393,-0.0707,0.0056,-1.3524,1.5529,-0.1402,-0.1839,0.2312,-0.0390,-0.0223,1.1564
16.3897,-0.1976,1.5069,-0.1076,-0.2136,0.2392,-0.0705,0.0018,-1.3530,1.5513,-0.1357,-0.1835,0.2282,-0.0374,-0.0238,1.1563
16.3901,-0.1983,1.5048,-0.1076,-0.2136,0.2392,-0.0703,0.0018,-1.3535,1.5496,-0.1357,-0.1835,0.2282,-0.0354,-0.0238,1.1561
16.4096,-0.1991,1.5026,-0.1071,-0.2159,0.2410,-0.0699,-0.0028,-1.3541,1.5481,-0.1321,-0.1840,0.2265,-0.0338,-0.0188,1.1559
16.4195,-0.2000,1.5003,-0.1069,-0.2169,0.2418,-0.0695,-0.0028,-1.3547,1.5464,-0.1301,-0.1837,0.2251,-0.0328,-0.0160,1.1557
16.4200,-0.2006,1.4984,-0.1069,-0.2169,0.2418,-0.0691,-0.0028,-1.3551,1.5450,-0.1278,-0.1833,0.2234,-0.0319,-0.0148,1.1554
16.4396,-0.2014,1.4961,-0.1064,-0.2186,0.2431,-0.0685,0.0004,-1.3556,1.5433,-0.1260,-0.1831,0.2223,-0.0308,-0.0140,1.1552
16.4399,-0.2020,1.4941,-0.1064,-0.2186,0.2431,-0.0682,0.0004,-1.3561,1.5418,-0.1242,-0.1830,0.2212,-0.0299,-0.0123,1.1550
16.4493,-0.2027,1.4919,-0.1055,-0.2205,0.2445,-0.0678,0.0013,-1.3566,1.5402,-0.1221,-0.1829,0.2199,-0.0291,-0.0108,1.1549
16.4495,-0.2027,1.4919,-0.1055,-0.2205,0.2445,-0.0678,0.0013,-1.3570,1.5389,-0.1221,-0.1829,0.2199,-0.0287,-0.0108,1.1552
16.4696,-0.2038,1.4879,-0.1041,-0.2219,0.2451,-0.0675,0.0041,-1.3574,1.5372,-0.1181,-0.1822,0.2171,-0.0276,-0.0107,1.1546
16.4699,-0.2043,1.4859,-0.1041,-0.2219,0.2451,-0.0674,0.0041,-1.3577,1.5359,-0.1181,-0.1822,0.2171,-0.0266,-0.0107,1.1545
16.4796,-0.2050,1.4838,-0.1028,-0.2237,0.2462,-0.0673,0.0038,-1.3581,1.5343,-0.1137,-0.1816,0.2143,-0.0250,-0.0123,1.1542
16.4798,-0.2057,1.4816,-0.1028,-0.2237,0.2462,-0.0669,0.0038,-1.3584,1.5326,-0.1137,-0.1816,0.2143,-0.0238,-0.0123,1.1539
16.4996,-0.2063,1.4795,-0.1016,-0.2258,0.2476,-0.0664,0.0040,-1.3587,1.5310,-0.1094,-0.1810,0.2115,-0.0225,-0.0187,1.1536
16.4999,-0.2069,1.4772,-0.1016,-0.2258,0.2476,-0.0661,0.0040,-1.3591,1.5291,-0.1077,-0.1814,0.2110,-0.0206,-0.0182,1.1533
16.5197,-0.2074,1.4753,-0.1002,-0.2281,0.2492,-0.0656,0.0060,-1.3593,1.5276,-0.1052,-0.1816,0.2099,-0.0197,-0.0172,1.1531
16.5297,-0.2080,1.4730,-0.0998,-0.2294,0.2502,-0.0651,0.0068,-1.3596,1.5257,-0.1038,-0.1823,0.2098,-0.0183,-0.0132,1.1528
16.5302,-0.2084,1.4714,-0.0998,-0.2294,0.2502,-0.0649,0.0068,-1.3598,1.5244,-0.1038,-0.1823,0.2098,-0.0179,-0.0132,1.1526
16.5394,-0.2090,1.4692,-0.0976,-0.2302,0.2501,-0.0647,0.0087,-1.3600,1.5227,-0.0989,-0.1822,0.2073,-0.0171,0.0006,1.1523
16.5397,-0.2096,1.4668,-0.0976,-0.2302,0.2501,-0.0643,0.0087,-1.3602,1.5209,-0.0989,-0.1822,0.2073,-0.0161,0.0006,1.1519
16.5597,-0.2103,1.4646,-0.0962,-0.2329,0.2520,-0.0635,0.0087,-1.3605,1.5191,-0.0945,-0.1832,0.2061,-0.0152,0.0014,1.1515
16.5603,-0.2108,1.4624,-0.0962,-0.2329,0.2520,-0.0628,0.0087,-1.3607,1.5174,-0.0920,-0.1834,0.2052,-0.0143,0.0020,1.1512
16.5799,-0.2113,1.4603,-0.0949,-0.2352,0.2536,-0.0623,0.0104,-1.3609,1.5158,-0.0899,-0.1835,0.2044,-0.0139,0.0021,1.1509
16.5803,-0.2118,1.4581,-0.0949,-0.2352,0.2536,-0.0619,0.0104,-1.3611,1.5140,-0.0877,-0.1837,0.2036,-0.0134,0.0040,1.1507
16.5899,-0.2122,1.4560,-0.0930,-0.2372,0.2548,-0.0615,0.0118,-1.3612,1.5124,-0.0855,-0.1841,0.2030,-0.0128,0.0055,1.1504
16.5904,-0.2127,1.4536,-0.0923,-0.2384,0.2557,-0.0610,0.0128,-1.3615,1.5106,-0.0839,-0.1846,0.2028,-0.0120,0.0070,1.1502
16.6098,-0.2131,1.4516,-0.0910,-0.2393,0.2561,-0.0607,0.0135,-1.3616,1.5090,-0.0818,-0.1851,0.2024,-0.0111,0.0101,1.1500
16.6101,-0.2136,1.4492,-0.0910,-0.2393,0.2561,-0.0600,0.0135,-1.3618,1.5072,-0.0818,-0.1851,0.2024,-0.0103,0.0101,1.1496
16.6195,-0.2141,1.4471,-0.0888,-0.2410,0.2568,-0.0596,0.0132,-1.3619,1.5055,-0.0778,-0.1857,0.2013,-0.0097,0.0132,1.1493
16.6197,-0.2143,1.4453,-0.0888,-0.2410,0.2568,-0.0596,0.0132,-1.3619,1.5041,-0.0778,-0.1857,0.2013,-0.0096,0.0132,1.1491
16.6398,-0.2147,1.4430,-0.0863,-0.2422,0.2571,-0.0595,0.0113,-1.3620,1.5022,-0.0737,-0.1856,0.1997,-0.0094,0.0113,1.1489
16.6401,-0.2150,1.4408,-0.0863,-0.2422,0.2571,-0.0593,0.0113,-1.3621,1.5005,-0.0716,-0.1860,0.1993,-0.0091,0.0107,1.1486
16.6594,-0.2153,1.4387,-0.0839,-0.2444,0.2584,-0.0590,0.0101,-1.3622,1.4988,-0.0697,-0.1867,0.1993,-0.0089,0.0104,1.1485
16.6597,-0.2153,1.4387,-0.0839,-0.2444,0.2584,-0.0590,0.0101,-1.3623,1.4971,-0.0697,-0.1867,0.1993,-0.0087,0.0104,1.1485
16.6799,-0.2158,1.4342,-0.0809,-0.2450,0.2580,-0.0584,0.0087,-1.3624,1.4950,-0.0658,-0.1874,0.1986,-0.0087,0.0108,1.1481
16.6805,-0.2161,1.4324,-0.0792,-0.2458,0.2583,-0.0581,0.0077,-1.3624,1.4935,-0.0636,-0.1884,0.1989,-0.0087,0.0166,1.1480
16.6894,-0.2163,1.4300,-0.0779,-0.2464,0.2584,-0.0576,0.0075,-1.3625,1.4916,-0.0619,-0.1890,0.1988,-0.0088,0.0192,1.1478
16.6897,-0.2166,1.4279,-0.0779,-0.2464,0.2584,-0.0570,0.0075,-1.3625,1.4898,-0.0597,-0.1896,0.1988,-0.0089,0.0200,1.1476
16.7097,-0.2169,1.4257,-0.0754,-0.2484,0.2596,-0.0562,0.0104,-1.3627,1.4880,-0.0580,-0.1908,0.1994,-0.0090,0.0201,1.1474
16.7099,-0.2172,1.4234,-0.0754,-0.2484,0.2596,-0.0553,0.0104,-1.3629,1.4860,-0.0580,-0.1908,0.1994,-0.0091,0.0201,1.1473
16.7297,-0.2175,1.4211,-0.0734,-0.2502,0.2608,-0.0541,0.0178,-1.3631,1.4841,-0.0543,-0.1925,0.2000,-0.0094,0.0192,1.1473
16.7300,-0.2177,1.4191,-0.0734,-0.2502,0.2608,-0.0533,0.0178,-1.3632,1.4823,-0.0543,-0.1925,0.2000,-0.0099,0.0192,1.1473
16.7396,-0.2179,1.4170,-0.0710,-0.2513,0.2611,-0.0529,0.0246,-1.3634,1.4805,-0.0505,-0.1940,0.2005,-0.0103,0.0190,1.1473
16.7399,-0.2181,1.4147,-0.0710,-0.2513,0.2611,-0.0528,0.0246,-1.3636,1.4786,-0.0486,-0.1947,0.2007,-0.0113,0.0182,1.1473
16.7497,-0.2183,1.4129,-0.0679,-0.2518,0.2608,-0.0524,0.0267,-1.3638,1.4770,-0.0466,-0.1955,0.2010,-0.0116,0.0198,1.1473
16.7500,-0.2185,1.4105,-0.0679,-0.2518,0.2608,-0.0517,0.0267,-1.3640,1.4748,-0.0466,-0.1955,0.2010,-0.0122,0.0198,1.1472
16.7698,-0.2188,1.4085,-0.0653,-0.2524,0.2607,-0.0513,0.0254,-1.3641,1.4732,-0.0436,-0.1974,0.2022,-0.0128,0.0208,1.1471
16.7701,-0.2190,1.4062,-0.0640,-0.2522,0.2602,-0.0509,0.0249,-1.3642,1.4713,-0.0419,-0.1980,0.2024,-0.0133,0.0230,1.1470
16.7899,-0.2193,1.4041,-0.0632,-0.2533,0.2611,-0.0504,0.0250,-1.3642,1.4694,-0.0407,-0.1994,0.2035,-0.0142,0.0237,1.1468
16.7902,-0.2196,1.4019,-0.0622,-0.2538,0.2613,-0.0500,0.0254,-1.3643,1.4676,-0.0407,-0.1994,0.2035,-0.0150,0.0237,1.1466
16.8109,-0.2198,1.3997,-0.0612,-0.2543,0.2616,-0.0494,0.0254,-1.3643,1.4657,-0.0379,-0.2009,0.2045,-0.0159,0.0232,1.1464
16.8112,-0.2201,1.3975,-0.0601,-0.2548,0.2618,-0.0490,0.0252,-1.3644,1.4638,-0.0365,-0.2018,0.2051,-0.0163,0.0227,1.1462
16.8297,-0.2203,1.3952,-0.0586,-0.2546,0.2613,-0.0485,0.0252,-1.3644,1.4617,-0.0349,-0.2020,0.2050,-0.0169,0.0207,1.1460
16.8300,-0.2205,1.3932,-0.0586,-0.2546,0.2613,-0.0482,0.0252,-1.3645,1.4599,-0.0349,-0.2020,0.2050,-0.0175,0.0207,1.1459
16.8399,-0.2210,1.3883,-0.0561,-0.2553,0.2614,-0.0471,0.0253,-1.3646,1.4576,-0.0320,-0.2039,0.2064,-0.0185,0.0169,1.1456
16.8402,-0.2210,1.3883,-0.0561,-0.2553,0.2614,-0.0471,0.0253,-1.3646,1.4556,-0.0305,-0.2052,0.2074,-0.0194,0.0174,1.1455
16.8599,-0.2212,1.3860,-0.0538,-0.2567,0.2623,-0.0467,0.0258,-1.3646,1.4536,-0.0294,-0.2066,0.2086,-0.0203,0.0185,1.1455
16.8603,-0.2213,1.3840,-0.0538,-0.2567,0.2623,-0.0465,0.0258,-1.3646,1.4518,-0.0294,-0.2066,0.2086,-0.0213,0.0185,1.1454
16.8696,-0.2214,1.3816,-0.0513,-0.2573,0.2624,-0.0464,0.0254,-1.3646,1.4498,-0.0268,-0.2082,0.2099,-0.0226,0.0222,1.1453
16.8700,-0.2214,1.3795,-0.0513,-0.2573,0.2624,-0.0463,0.0254,-1.3646,1.4479,-0.0268,-0.2082,0.2099,-0.0240,0.0222,1.1452
16.8899,-0.2215,1.3773,-0.0492,-0.2590,0.2636,-0.0463,0.0279,-1.3646,1.4460,-0.0246,-0.2099,0.2114,-0.0254,0.0216,1.1452
16.8902,-0.2217,1.3750,-0.0479,-0.2592,0.2636,-0.0463,0.0298,-1.3647,1.4439,-0.0234,-0.2105,0.2118,-0.0278,0.0195,1.1451
16.8994,-0.2218,1.3731,-0.0467,-0.2595,0.2637,-0.0464,0.0322,-1.3647,1.4423,-0.0223,-0.2114,0.2126,-0.0290,0.0171,1.1450
16.9196,-0.2220,1.3705,-0.0454,-0.2590,0.2630,-0.0465,0.0330,-1.3648,1.4399,-0.0211,-0.2116,0.2126,-0.0311,0.0145,1.1448
16.9199,-0.2222,1.3686,-0.0454,-0.2590,0.2630,-0.0466,0.0330,-1.3648,1.4382,-0.0201,-0.2129,0.2139,-0.0320,0.0115,1.1447
16.9296,-0.2224,1.3665,-0.0431,-0.2596,0.2632,-0.0466,0.0300,-1.3649,1.4364,-0.0194,-0.2135,0.2144,-0.0332,0.0088,1.1446
16.9300,-0.2226,1.3641,-0.0419,-0.2593,0.2626,-0.0466,0.0300,-1.3650,1.4343,-0.0185,-0.2138,0.2146,-0.0344,0.0071,1.1446
16.9499,-0.2228,1.3615,-0.0411,-0.2601,0.2633,-0.0466,0.0298,-1.3651,1.4321,-0.0178,-0.2150,0.2157,-0.0358,0.0052,1.1445
16.9502,-0.2229,1.3595,-0.0402,-0.2608,0.2639,-0.0466,0.0279,-1.3652,1.4302,-0.0170,-0.2163,0.2170,-0.0371,0.0043,1.1444
16.9596,-0.2231,1.3573,-0.0395,-0.2612,0.2641,-0.0465,0.0262,-1.3652,1.4282,-0.0164,-0.2174,0.2180,-0.0381,0.0032,1.1443
16.9603,-0.2232,1.3552,-0.0395,-0.2612,0.2641,-0.0464,0.0262,-1.3653,1.4263,-0.0157,-0.2180,0.2186,-0.0392,0.0030,1.1443
16.9796,-0.2234,1.3526,-0.0378,-0.2616,0.2643,-0.0462,0.0244,-1.3653,1.4240,-0.0151,-0.2192,0.2197,-0.0403,0.0043,1.1441
16.9799,-0.2236,1.3502,-0.0378,-0.2616,0.2643,-0.0461,0.0244,-1.3654,1.4218,-0.0144,-0.2205,0.2210,-0.0418,0.0084,1.1440
16.9895,-0.2238,1.3481,-0.0359,-0.2627,0.2652,-0.0457,0.0239,-1.3654,1.4198,-0.0139,-0.2217,0.2222,-0.0428,0.0088,1.1438
16.9899,-0.2239,1.3456,-0.0359,-0.2627,0.2652,-0.0454,0.0239,-1.3654,1.4175,-0.0139,-0.2217,0.2222,-0.0439,0.0088,1.1437
17.0097,-0.2240,1.3435,-0.0340,-0.2633,0.2655,-0.0452,0.0273,-1.3655,1.4154,-0.0127,-0.2232,0.2236,-0.0447,0.0078,1.1437
17.0194,-0.2242,1.3411,-0.0333,-0.2636,0.2657,-0.0451,0.0271,-1.3655,1.4130,-0.0123,-0.2244,0.2247,-0.0462,0.0067,1.1436
17.0197,-0.2243,1.3390,-0.0333,-0.2636,0.2657,-0.0450,0.0271,-1.3656,1.4109,-0.0123,-0.2244,0.2247,-0.0469,0.0067,1.1436
17.0400,-0.2245,1.3347,-0.0310,-0.2650,0.2668,-0.0448,0.0261,-1.3656,1.4088,-0.0116,-0.2270,0.2273,-0.0485,0.0083,1.1435
17.0404,-0.2245,1.3347,-0.0310,-0.2650,0.2668,-0.0448,0.0261,-1.3656,1.4068,-0.0116,-0.2270,0.2273,-0.0494,0.0083,1.1434
17.0494,-0.2247,1.3324,-0.0299,-0.2642,0.2659,-0.0447,0.0253,-1.3656,1.4048,-0.0108,-0.2281,0.2284,-0.0505,0.0109,1.1433
17.0496,-0.2248,1.3302,-0.0299,-0.2642,0.2659,-0.0445,0.0253,-1.3656,1.4027,-0.0108,-0.2281,0.2284,-0.0516,0.0109,1.1431
17.0697,-0.2249,1.3280,-0.0280,-0.2645,0.2660,-0.0443,0.0243,-1.3656,1.4008,-0.0098,-0.2294,0.2296,-0.0528,0.0085,1.1430
17.0700,-0.2250,1.3257,-0.0280,-0.2645,0.2660,-0.0439,0.0243,-1.3656,1.3987,-0.0094,-0.2300,0.2302,-0.0535,0.0060,1.1429
17.0896,-0.2251,1.3234,-0.0265,-0.2648,0.2661,-0.0436,0.0251,-1.3655,1.3967,-0.0090,-0.2306,0.2307,-0.0542,0.0045,1.1428
17.0900,-0.2252,1.3212,-0.0265,-0.2648,0.2661,-0.0432,0.0251,-1.3655,1.3947,-0.0090,-0.2306,0.2307,-0.0547,0.0045,1.1426
17.0996,-0.2254,1.3188,-0.0250,-0.2648,0.2660,-0.0426,0.0253,-1.3655,1.3926,-0.0081,-0.2317,0.2318,-0.0555,-0.0018,1.1425
17.1098,-0.2256,1.3162,-0.0245,-0.2655,0.2666,-0.0417,0.0260,-1.3655,1.3902,-0.0077,-0.2327,0.2328,-0.0566,-0.0045,1.1423
17.1103,-0.2256,1.3141,-0.0245,-0.2655,0.2666,-0.0411,0.0260,-1.3655,1.3884,-0.0077,-0.2327,0.2328,-0.0574,-0.0045,1.1422
17.1298,-0.2258,1.3117,-0.0232,-0.2660,0.2670,-0.0405,0.0258,-1.3654,1.3860,-0.0072,-0.2342,0.2343,-0.0583,-0.0052,1.1421
17.1303,-0.2258,1.3093,-0.0228,-0.2672,0.2682,-0.0402,0.0269,-1.3653,1.3838,-0.0070,-0.2361,0.2362,-0.0596,-0.0053,1.1419
17.1497,-0.2259,1.3073,-0.0223,-0.2673,0.2682,-0.0398,0.0267,-1.3653,1.3819,-0.0066,-0.2367,0.2368,-0.0602,-0.0054,1.1418
17.1502,-0.2260,1.3051,-0.0223,-0.2673,0.2682,-0.0396,0.0267,-1.3652,1.3797,-0.0063,-0.2373,0.2373,-0.0613,-0.0052,1.1417
17.1596,-0.2261,1.3030,-0.0214,-0.2673,0.2681,-0.0394,0.0238,-1.3652,1.3778,-0.0060,-0.2382,0.2382,-0.0620,-0.0066,1.1416
17.1598,-0.2263,1.3003,-0.0214,-0.2673,0.2681,-0.0389,0.0238,-1.3651,1.3752,-0.0060,-0.2382,0.2382,-0.0631,-0.0066,1.1413
17.1797,-0.2264,1.2981,-0.0208,-0.2679,0.2687,-0.0384,0.0226,-1.3651,1.3730,-0.0056,-0.2397,0.2398,-0.0635,-0.0083,1.1412
17.1800,-0.2265,1.2957,-0.0208,-0.2679,0.2687,-0.0379,0.0226,-1.3651,1.3709,-0.0054,-0.2409,0.2410,-0.0644,-0.0085,1.1411
17.1999,-0.2266,1.2936,-0.0203,-0.2684,0.2692,-0.0374,0.0197,-1.3651,1.3689,-0.0053,-0.2413,0.2413,-0.0652,-0.0082,1.1409
17.2002,-0.2267,1.2913,-0.0199,-0.2686,0.2694,-0.0371,0.0183,-1.3650,1.3668,-0.0050,-0.2418,0.2419,-0.0663,-0.0079,1.1408
17.2095,-0.2268,1.2890,-0.0195,-0.2689,0.2696,-0.0366,0.0160,-1.3650,1.3646,-0.0047,-0.2424,0.2424,-0.0669,-0.0076,1.1407
17.2097,-0.2269,1.2866,-0.0195,-0.2689,0.2696,-0.0359,0.0160,-1.3650,1.3625,-0.0047,-0.2424,0.2424,-0.0674,-0.0076,1.1406
17.2295,-0.2269,1.2843,-0.0187,-0.2690,0.2697,-0.0351,0.0126,-1.3649,1.3604,-0.0038,-0.2432,0.2433,-0.0679,-0.0086,1.1405
17.2297,-0.2270,1.2821,-0.0187,-0.2690,0.2697,-0.0346,0.0126,-1.3648,1.3583,-0.0033,-0.2438,0.2438,-0.0681,-0.0083,1.1404
17.2496,-0.2272,1.2795,-0.0183,-0.2699,0.2705,-0.0337,0.0143,-1.3647,1.3558,-0.0028,-0.2444,0.2445,-0.0682,-0.0095,1.1401
17.2500,-0.2273,1.2774,-0.0181,-0.2704,0.2710,-0.0330,0.0149,-1.3645,1.3538,-0.0028,-0.2444,0.2445,-0.0683,-0.0095,1.1399
17.2596,-0.2273,1.2751,-0.0179,-0.2710,0.2716,-0.0324,0.0157,-1.3644,1.3518,-0.0015,-0.2463,0.2463,-0.0684,-0.0168,1.1397
17.2598,-0.2274,1.2731,-0.0179,-0.2710,0.2716,-0.0320,0.0157,-1.3643,1.3497,-0.0015,-0.2463,0.2463,-0.0686,-0.0168,1.1395
17.2798,-0.2275,1.2705,-0.0173,-0.2710,0.2715,-0.0315,0.0165,-1.3642,1.3472,-0.0004,-0.2470,0.2470,-0.0692,-0.0250,1.1393
17.2802,-0.2275,1.2684,-0.0173,-0.2710,0.2715,-0.0312,0.0165,-1.3641,1.3449,-0.0000,-0.2482,0.2482,-0.0701,-0.0294,1.1391
17.2896,-0.2276,1.2664,-0.0165,-0.2714,0.2719,-0.0309,0.0177,-1.3641,1.3429,0.0003,-0.2489,0.2489,-0.0706,-0.0304,1.1391
17.2899,-0.2277,1.2642,-0.0165,-0.2714,0.2719,-0.0305,0.0177,-1.3641,1.3404,0.0003,-0.2489,0.2489,-0.0713,-0.0304,1.1390
17.3098,-0.2277,1.2619,-0.0157,-0.2709,0.2713,-0.0303,0.0194,-1.3640,1.3380,0.0005,-0.2505,0.2505,-0.0720,-0.0298,1.1389
17.3101,-0.2278,1.2596,-0.0153,-0.2713,0.2717,-0.0297,0.0193,-1.3640,1.3356,0.0007,-0.2516,0.2516,-0.0724,-0.0297,1.1387
17.3197,-0.2278,1.2577,-0.0149,-0.2712,0.2716,-0.0292,0.0189,-1.3639,1.3335,0.0010,-0.2522,0.2522,-0.0725,-0.0291,1.1386
17.3201,-0.2278,1.2551,-0.0146,-0.2709,0.2713,-0.0284,0.0187,-1.3637,1.3308,0.0012,-0.2529,0.2529,-0.0730,-0.0290,1.1384
17.3399,-0.2278,1.2530,-0.0140,-0.2709,0.2713,-0.0276,0.0167,-1.3636,1.3287,0.0017,-0.2536,0.2536,-0.0733,-0.0331,1.1382
17.3403,-0.2278,1.2507,-0.0140,-0.2709,0.2713,-0.0268,0.0167,-1.3634,1.3263,0.0021,-0.2539,0.2539,-0.0736,-0.0365,1.1381
17.3597,-0.2278,1.2487,-0.0133,-0.2705,0.2708,-0.0261,0.0114,-1.3633,1.3242,0.0024,-0.2547,0.2547,-0.0740,-0.0401,1.1380
17.3600,-0.2278,1.2466,-0.0133,-0.2705,0.2708,-0.0255,0.0114,-1.3632,1.3219,0.0024,-0.2547,0.2547,-0.0745,-0.0401,1.1379
17.3799,-0.2278,1.2442,-0.0129,-0.2699,0.2702,-0.0248,0.0098,-1.3631,1.3194,0.0028,-0.2557,0.2557,-0.0757,-0.0433,1.1378
17.3801,-0.2278,1.2421,-0.0127,-0.2705,0.2708,-0.0244,0.0094,-1.3630,1.3172,0.0028,-0.2557,0.2557,-0.0765,-0.0433,1.1377
17.3894,-0.2278,1.2398,-0.0126,-0.2703,0.2706,-0.0239,0.0096,-1.3630,1.3147,0.0032,-0.2577,0.2577,-0.0774,-0.0423,1.1376
17.3897,-0.2278,1.2377,-0.0126,-0.2703,0.2706,-0.0233,0.0096,-1.3629,1.3123,0.0032,-0.2577,0.2577,-0.0785,-0.0423,1.1375
17.4099,-0.2278,1.2352,-0.0121,-0.2709,0.2711,-0.0223,0.0123,-1.3627,1.3096,0.0036,-0.2599,0.2600,-0.0795,-0.0396,1.1373
17.4102,-0.2279,1.2331,-0.0116,-0.2707,0.2709,-0.0216,0.0171,-1.3625,1.3072,0.0041,-0.2606,0.2607,-0.0799,-0.0373,1.1371
17.4297,-0.2279,1.2311,-0.0114,-0.2710,0.2712,-0.0211,0.0180,-1.3623,1.3050,0.0046,-0.2620,0.2620,-0.0803,-0.0342,1.1368
17.4301,-0.2279,1.2291,-0.0114,-0.2710,0.2712,-0.0206,0.0180,-1.3621,1.3028,0.0046,-0.2620,0.2620,-0.0808,-0.0342,1.1366
17.4394,-0.2280,1.2267,-0.0107,-0.2699,0.2701,-0.0195,0.0180,-1.3618,1.3001,0.0057,-0.2630,0.2630,-0.0812,-0.0314,1.1362
17.4396,-0.2280,1.2246,-0.0107,-0.2699,0.2701,-0.0189,0.0180,-1.3615,1.2977,0.0057,-0.2630,0.2630,-0.0819,-0.0314,1.1358
17.4599,-0.2280,1.2225,-0.0102,-0.2697,0.2699,-0.0182,0.0179,-1.3612,1.2954,0.0073,-0.2649,0.2650,-0.0828,-0.0291,1.1355
17.4603,-0.2281,1.2205,-0.0099,-0.2695,0.2696,-0.0178,0.0172,-1.3610,1.2931,0.0080,-0.2657,0.2658,-0.0836,-0.0285,1.1353
17.4795,-0.2280,1.2188,-0.0096,-0.2693,0.2695,-0.0174,0.0170,-1.3609,1.2911,0.0085,-0.2664,0.2665,-0.0846,-0.0281,1.1351
17.4797,-0.2280,1.2163,-0.0096,-0.2693,0.2695,-0.0167,0.0170,-1.3605,1.2882,0.0085,-0.2664,0.2665,-0.0861,-0.0281,1.1347
17.4800,-0.2280,1.2146,-0.0092,-0.2677,0.2678,-0.0164,0.0172,-1.3602,1.2861,0.0089,-0.2659,0.2661,-0.0873,-0.0284,1.1345
17.4999,-0.2279,1.2122,-0.0085,-0.2671,0.2672,-0.0156,0.0157,-1.3598,1.2832,0.0103,-0.2674,0.2676,-0.0886,-0.0280,1.1341
17.5002,-0.2279,1.2104,-0.0085,-0.2671,0.2672,-0.0153,0.0157,-1.3595,1.2811,0.0103,-0.2674,0.2676,-0.0900,-0.0280,1.1339
17.5199,-0.2278,1.2081,-0.0076,-0.2663,0.2664,-0.0149,0.0124,-1.3592,1.2784,0.0119,-0.2687,0.2690,-0.0908,-0.0291,1.1336
17.5203,-0.2277,1.2062,-0.0076,-0.2663,0.2664,-0.0147,0.0124,-1.3590,1.2762,0.0127,-0.2692,0.2695,-0.0913,-0.0310,1.1334
17.5297,-0.2277,1.2041,-0.0068,-0.2657,0.2658,-0.0146,0.0158,-1.3588,1.2739,0.0132,-0.2694,0.2697,-0.0917,-0.0333,1.1333
17.5301,-0.2276,1.2020,-0.0068,-0.2657,0.2658,-0.0144,0.0158,-1.3586,1.2716,0.0132,-0.2694,0.2697,-0.0921,-0.0333,1.1331
17.5501,-0.2273,1.1978,-0.0061,-0.2654,0.2655,-0.0141,0.0202,-1.3583,1.2689,0.0141,-0.2705,0.2709,-0.0928,-0.0374,1.1332
17.5503,-0.2273,1.1978,-0.0061,-0.2654,0.2655,-0.0141,0.0202,-1.3580,1.2665,0.0147,-0.2719,0.2722,-0.0931,-0.0379,1.1328
17.5596,-0.2272,1.1958,-0.0050,-0.2648,0.2649,-0.0141,0.0218,-1.3578,1.2640,0.0151,-0.2724,0.2728,-0.0942,-0.0376,1.1326
17.5601,-0.2270,1.1936,-0.0050,-0.2648,0.2649,-0.0142,0.0218,-1.3574,1.2612,0.0151,-0.2724,0.2728,-0.0957,-0.0376,1.1325
17.5798,-0.2268,1.1919,-0.0039,-0.2641,0.2641,-0.0143,0.0213,-1.3572,1.2591,0.0163,-0.2750,0.2755,-0.0964,-0.0340,1.1324
17.5899,-0.2266,1.1898,-0.0033,-0.2630,0.2630,-0.0144,0.0211,-1.3569,1.2564,0.0167,-0.2753,0.2758,-0.0971,-0.0312,1.1322
17.5902,-0.2265,1.1881,-0.0033,-0.2630,0.2630,-0.0144,0.0211,-1.3566,1.2543,0.0173,-0.2766,0.2771,-0.0971,-0.0316,1.1320
17.6097,-0.2263,1.1861,-0.0022,-0.2615,0.2615,-0.0145,0.0195,-1.3561,1.2519,0.0179,-0.2767,0.2773,-0.0968,-0.0293,1.1317
17.6101,-0.2262,1.1841,-0.0022,-0.2615,0.2615,-0.0147,0.0195,-1.3556,1.2495,0.0179,-0.2767,0.2773,-0.0968,-0.0293,1.1313
17.6200,-0.2260,1.1819,-0.0011,-0.2601,0.2601,-0.0152,0.0169,-1.3549,1.2469,0.0197,-0.2779,0.2786,-0.0964,-0.0265,1.1308
17.6205,-0.2259,1.1798,-0.0006,-0.2596,0.2596,-0.0157,0.0155,-1.3544,1.2445,0.0209,-0.2782,0.2790,-0.0962,-0.0255,1.1303
17.6400,-0.2258,1.1779,-0.0001,-0.2590,0.2590,-0.0161,0.0159,-1.3539,1.2423,0.0219,-0.2786,0.2795,-0.0962,-0.0244,1.1300
17.6405,-0.2256,1.1757,0.0003,-0.2588,0.2588,-0.0162,0.0173,-1.3534,1.2397,0.0227,-0.2791,0.2800,-0.0962,-0.0245,1.1297
17.6596,-0.2254,1.1738,0.0008,-0.2587,0.2587,-0.0164,0.0196,-1.3531,1.2373,0.0235,-0.2801,0.2810,-0.0965,-0.0233,1.1295
17.6599,-0.2252,1.1719,0.0008,-0.2587,0.2587,-0.0163,0.0196,-1.3527,1.2349,0.0242,-0.2810,0.2820,-0.0969,-0.0216,1.1293
17.6699,-0.2250,1.1699,0.0021,-0.2568,0.2568,-0.0162,0.0204,-1.3523,1.2324,0.0249,-0.2805,0.2816,-0.0972,-0.0192,1.1291
17.6704,-0.2246,1.1678,0.0021,-0.2568,0.2568,-0.0162,0.0204,-1.3518,1.2297,0.0249,-0.2805,0.2816,-0.0973,-0.0192,1.1289
17.6898,-0.2243,1.1660,0.0038,-0.2559,0.2559,-0.0160,0.0204,-1.3513,1.2276,0.0267,-0.2824,0.2837,-0.0972,-0.0153,1.1287
17.6901,-0.2240,1.1641,0.0046,-0.2550,0.2551,-0.0159,0.0204,-1.3508,1.2252,0.0275,-0.2826,0.2839,-0.0971,-0.0152,1.1284
17.7098,-0.2235,1.1618,0.0054,-0.2542,0.2543,-0.0158,0.0202,-1.3500,1.2224,0.0285,-0.2832,0.2846,-0.0969,-0.0163,1.1281
17.7101,-0.2232,1.1602,0.0065,-0.2543,0.2543,-0.0157,0.0201,-1.3496,1.2203,0.0299,-0.2844,0.2860,-0.0962,-0.0159,1.1279
17.7194,-0.2228,1.1578,0.0073,-0.2528,0.2529,-0.0154,0.0196,-1.3488,1.2174,0.0308,-0.2843,0.2860,-0.0949,-0.0155,1.1276
17.7197,-0.2228,1.1578,0.0073,-0.2528,0.2529,-0.0154,0.0196,-1.3484,1.2151,0.0321,-0.2860,0.2878,-0.0944,-0.0153,1.1271
17.7396,-0.2222,1.1539,0.0090,-0.2520,0.2522,-0.0149,0.0186,-1.3478,1.2123,0.0330,-0.2864,0.2882,-0.0934,-0.0144,1.1271
17.7398,-0.2219,1.1519,0.0090,-0.2520,0.2522,-0.0144,0.0186,-1.3472,1.2098,0.0339,-0.2872,0.2892,-0.0923,-0.0115,1.1268
17.7596,-0.2216,1.1499,0.0107,-0.2509,0.2511,-0.0143,0.0174,-1.3465,1.2072,0.0347,-0.2881,0.2902,-0.0915,-0.0085,1.1264
17.7599,-0.2212,1.1482,0.0107,-0.2509,0.2511,-0.0141,0.0174,-1.3459,1.2049,0.0359,-0.2891,0.2913,-0.0905,-0.0035,1.1261
17.7695,-0.2208,1.1461,0.0123,-0.2498,0.2501,-0.0140,0.0189,-1.3451,1.2022,0.0368,-0.2896,0.2919,-0.0900,0.0006,1.1258
17.7698,-0.2204,1.1443,0.0123,-0.2498,0.2501,-0.0140,0.0189,-1.3446,1.1998,0.0381,-0.2899,0.2923,-0.0895,0.0052,1.1256
17.7899,-0.2199,1.1423,0.0144,-0.2482,0.2486,-0.0139,0.0189,-1.3439,1.1971,0.0391,-0.2902,0.2928,-0.0889,0.0063,1.1253
17.7902,-0.2194,1.1404,0.0144,-0.2482,0.2486,-0.0140,0.0189,-1.3432,1.1946,0.0404,-0.2916,0.2944,-0.0886,0.0065,1.1252
17.7994,-0.2190,1.1386,0.0166,-0.2475,0.2481,-0.0140,0.0174,-1.3425,1.1920,0.0417,-0.2917,0.2946,-0.0882,0.0060,1.1248
17.8099,-0.2186,1.1367,0.0175,-0.2465,0.2472,-0.0141,0.0163,-1.3418,1.1893,0.0430,-0.2919,0.2950,-0.0874,0.0064,1.1245
17.8102,-0.2182,1.1351,0.0184,-0.2457,0.2464,-0.0142,0.0157,-1.3412,1.1870,0.0443,-0.2925,0.2958,-0.0867,0.0058,1.1242
17.8299,-0.2177,1.1330,0.0192,-0.2452,0.2460,-0.0142,0.0144,-1.3403,1.1842,0.0454,-0.2929,0.2964,-0.0855,0.0058,1.1238
17.8302,-0.2174,1.1313,0.0202,-0.2442,0.2450,-0.0142,0.0138,-1.3397,1.1818,0.0454,-0.2929,0.2964,-0.0848,0.0058,1.1234
17.8498,-0.2170,1.1293,0.0209,-0.2434,0.2443,-0.0144,0.0135,-1.3389,1.1790,0.0478,-0.2937,0.2976,-0.0840,0.0105,1.1231
17.8501,-0.2166,1.1276,0.0217,-0.2429,0.2439,-0.0146,0.0135,-1.3384,1.1767,0.0490,-0.2944,0.2985,-0.0836,0.0123,1.1229
17.8595,-0.2163,1.1257,0.0223,-0.2423,0.2433,-0.0148,0.0131,-1.3379,1.1742,0.0498,-0.2948,0.2990,-0.0834,0.0134,1.1226
17.8597,-0.2159,1.1238,0.0223,-0.2423,0.2433,-0.0151,0.0131,-1.3373,1.1717,0.0498,-0.2948,0.2990,-0.0829,0.0134,1.1224
17.8799,-0.2155,1.1218,0.0238,-0.2408,0.2419,-0.0152,0.0115,-1.3366,1.1690,0.0516,-0.2955,0.3000,-0.0822,0.0149,1.1221
17.8803,-0.2150,1.1199,0.0246,-0.2406,0.2419,-0.0153,0.0107,-1.3357,1.1663,0.0529,-0.2964,0.3011,-0.0813,0.0145,1.1217
17.8997,-0.2145,1.1182,0.0257,-0.2399,0.2413,-0.0153,0.0100,-1.3349,1.1638,0.0544,-0.2966,0.3016,-0.0800,0.0142,1.1214
17.9000,-0.2138,1.1163,0.0268,-0.2390,0.2405,-0.0153,0.0087,-1.3340,1.1611,0.0544,-0.2966,0.3016,-0.0786,0.0142,1.1210
17.9097,-0.2133,1.1146,0.0280,-0.2377,0.2393,-0.0154,0.0061,-1.3331,1.1587,0.0575,-0.2970,0.3025,-0.0779,0.0150,1.1206
17.9199,-0.2126,1.1126,0.0291,-0.2369,0.2387,-0.0155,0.0047,-1.3320,1.1558,0.0589,-0.2971,0.3028,-0.0759,0.0149,1.1202
17.9202,-0.2122,1.1109,0.0306,-0.2370,0.2389,-0.0156,0.0034,-1.3311,1.1535,0.0608,-0.2985,0.3046,-0.0752,0.0157,1.1197
17.9398,-0.2118,1.1091,0.0315,-0.2365,0.2385,-0.0157,0.0032,-1.3302,1.1511,0.0621,-0.2987,0.3051,-0.0743,0.0157,1.1192
17.9401,-0.2112,1.1069,0.0315,-0.2365,0.2385,-0.0163,0.0032,-1.3292,1.1483,0.0621,-0.2987,0.3051,-0.0735,0.0157,1.1187
17.9599,-0.2108,1.1051,0.0336,-0.2353,0.2377,-0.0170,0.0044,-1.3285,1.1458,0.0647,-0.2990,0.3059,-0.0732,0.0162,1.1184
17.9602,-0.2104,1.1032,0.0336,-0.2353,0.2377,-0.0176,0.0044,-1.3278,1.1433,0.0647,-0.2990,0.3059,-0.0731,0.0162,1.1181
17.9695,-0.2099,1.1013,0.0353,-0.2347,0.2373,-0.0179,0.0103,-1.3272,1.1407,0.0664,-0.2997,0.3070,-0.0727,0.0186,1.1180
17.9698,-0.2094,1.0995,0.0353,-0.2347,0.2373,-0.0181,0.0103,-1.3266,1.1382,0.0673,-0.3007,0.3081,-0.0722,0.0204,1.1179
17.9899,-0.2088,1.0977,0.0373,-0.2338,0.2367,-0.0186,0.0120,-1.3260,1.1357,0.0677,-0.2999,0.3074,-0.0711,0.0194,1.1178
17.9903,-0.2081,1.0959,0.0373,-0.2338,0.2367,-0.0193,0.0120,-1.3251,1.1330,0.0677,-0.2999,0.3074,-0.0698,0.0194,1.1176
17.9994,-0.2074,1.0941,0.0397,-0.2327,0.2361,-0.0201,0.0121,-1.3242,1.1305,0.0694,-0.3005,0.3084,-0.0689,0.0189,1.1174
17.9997,-0.2068,1.0923,0.0397,-0.2327,0.2361,-0.0211,0.0121,-1.3232,1.1280,0.0707,-0.3011,0.3093,-0.0679,0.0188,1.1170
18.0195,-0.2061,1.0906,0.0421,-0.2316,0.2353,-0.0226,0.0103,-1.3222,1.1255,0.0721,-0.3008,0.3094,-0.0670,0.0192,1.1166
18.0199,-0.2056,1.0889,0.0421,-0.2316,0.2353,-0.0237,0.0103,-1.3212,1.1230,0.0737,-0.3014,0.3103,-0.0662,0.0188,1.1162
18.0397,-0.2050,1.0868,0.0442,-0.2304,0.2346,-0.0255,0.0074,-1.3201,1.1201,0.0751,-0.3019,0.3111,-0.0650,0.0189,1.1157
18.0403,-0.2046,1.0852,0.0442,-0.2304,0.2346,-0.0267,0.0074,-1.3194,1.1178,0.0769,-0.3030,0.3126,-0.0647,0.0222,1.1153
18.0496,-0.2041,1.0831,0.0457,-0.2291,0.2336,-0.0279,0.0094,-1.3184,1.1148,0.0778,-0.3022,0.3120,-0.0636,0.0234,1.1148
18.0501,-0.2037,1.0815,0.0457,-0.2291,0.2336,-0.0283,0.0094,-1.3176,1.1123,0.0793,-0.3035,0.3137,-0.0628,0.0261,1.1144
18.0699,-0.2030,1.0794,0.0470,-0.2287,0.2335,-0.0284,0.0144,-1.3165,1.1093,0.0802,-0.3033,0.3137,-0.0619,0.0259,1.1140
18.0703,-0.2024,1.0777,0.0470,-0.2287,0.2335,-0.0284,0.0144,-1.3157,1.1067,0.0817,-0.3039,0.3147,-0.0608,0.0298,1.1137
18.0897,-0.2015,1.0757,0.0488,-0.2283,0.2334,-0.0292,0.0194,-1.3145,1.1038,0.0830,-0.3046,0.3157,-0.0588,0.0325,1.1133
18.0900,-0.2009,1.0742,0.0488,-0.2283,0.2334,-0.0296,0.0194,-1.3136,1.1015,0.0830,-0.3046,0.3157,-0.0572,0.0325,1.1130
18.0997,-0.2002,1.0724,0.0511,-0.2278,0.2335,-0.0304,0.0281,-1.3124,1.0989,0.0859,-0.3055,0.3173,-0.0553,0.0347,1.1125
18.1001,-0.1996,1.0705,0.0522,-0.2275,0.2334,-0.0311,0.0364,-1.3111,1.0963,0.0874,-0.3061,0.3183,-0.0536,0.0364,1.1119
18.1196,-0.1989,1.0683,0.0533,-0.2272,0.2334,-0.0322,0.0416,-1.3098,1.0936,0.0890,-0.3063,0.3190,-0.0515,0.0366,1.1112
18.1199,-0.1980,1.0663,0.0533,-0.2272,0.2334,-0.0332,0.0416,-1.3084,1.0910,0.0904,-0.3066,0.3196,-0.0496,0.0376,1.1107
18.1399,-0.1972,1.0646,0.0558,-0.2270,0.2338,-0.0336,0.0373,-1.3073,1.0885,0.0919,-0.3071,0.3205,-0.0483,0.0369,1.1104
18.1404,-0.1962,1.0628,0.0558,-0.2270,0.2338,-0.0340,0.0373,-1.3061,1.0858,0.0932,-0.3076,0.3214,-0.0466,0.0372,1.1101
18.1499,-0.1952,1.0612,0.0588,-0.2258,0.2334,-0.0344,0.0339,-1.3050,1.0832,0.0947,-0.3078,0.3220,-0.0451,0.0373,1.1100
18.1503,-0.1943,1.0597,0.0603,-0.2252,0.2331,-0.0351,0.0341,-1.3038,1.0806,0.0962,-0.3081,0.3228,-0.0430,0.0367,1.1097
18.1698,-0.1934,1.0580,0.0618,-0.2245,0.2329,-0.0359,0.0306,-1.3026,1.0779,0.0978,-0.3086,0.3237,-0.0405,0.0363,1.1094
18.1702,-0.1925,1.0563,0.0632,-0.2238,0.2325,-0.0366,0.0255,-1.3013,1.0752,0.0994,-0.3090,0.3246,-0.0386,0.0363,1.1090
18.1896,-0.1916,1.0545,0.0643,-0.2230,0.2321,-0.0380,0.0209,-1.2999,1.0725,0.1009,-0.3089,0.3250,-0.0368,0.0367,1.1084
18.1899,-0.1908,1.0526,0.0655,-0.2230,0.2324,-0.0395,0.0189,-1.2984,1.0697,0.1029,-0.3101,0.3268,-0.0353,0.0385,1.1078
18.1998,-0.1901,1.0510,0.0665,-0.2230,0.2327,-0.0405,0.0188,-1.2971,1.0673,0.1048,-0.3110,0.3282,-0.0338,0.0405,1.1071
18.2003,-0.1896,1.0492,0.0665,-0.2230,0.2327,-0.0415,0.0188,-1.2958,1.0648,0.1048,-0.3110,0.3282,-0.0325,0.0405,1.1063
18.2197,-0.1888,1.0470,0.0673,-0.2220,0.2320,-0.0428,0.0205,-1.2941,1.0618,0.1075,-0.3111,0.3291,-0.0306,0.0452,1.1053
18.2200,-0.1882,1.0452,0.0673,-0.2220,0.2320,-0.0433,0.0205,-1.2926,1.0593,0.1075,-0.3111,0.3291,-0.0292,0.0452,1.1045
18.2396,-0.1875,1.0433,0.0686,-0.2217,0.2321,-0.0433,0.0216,-1.2911,1.0566,0.1114,-0.3116,0.3309,-0.0278,0.0470,1.1037
18.2399,-0.1868,1.0417,0.0695,-0.2212,0.2318,-0.0434,0.0240,-1.2899,1.0542,0.1114,-0.3116,0.3309,-0.0266,0.0470,1.1031
18.2493,-0.1856,1.0394,0.0701,-0.2205,0.2314,-0.0432,0.0240,-1.2881,1.0512,0.1146,-0.3111,0.3315,-0.0250,0.0510,1.1025
18.2496,-0.1847,1.0378,0.0701,-0.2205,0.2314,-0.0432,0.0240,-1.2868,1.0489,0.1146,-0.3111,0.3315,-0.0235,0.0510,1.1022
18.2694,-0.1839,1.0362,0.0731,-0.2208,0.2326,-0.0435,0.0263,-1.2856,1.0466,0.1182,-0.3121,0.3337,-0.0225,0.0549,1.1018
18.2696,-0.1827,1.0341,0.0731,-0.2208,0.2326,-0.0434,0.0263,-1.2841,1.0437,0.1182,-0.3121,0.3337,-0.0210,0.0549,1.1014
18.2797,-0.1818,1.0323,0.0753,-0.2203,0.2328,-0.0434,0.0268,-1.2828,1.0413,0.1210,-0.3123,0.3349,-0.0194,0.0560,1.1011
18.2801,-0.1808,1.0302,0.0753,-0.2203,0.2328,-0.0433,0.0268,-1.2811,1.0385,0.1221,-0.3116,0.3347,-0.0174,0.0566,1.1004
18.2995,-0.1800,1.0287,0.0772,-0.2204,0.2336,-0.0432,0.0269,-1.2799,1.0363,0.1243,-0.3123,0.3361,-0.0158,0.0587,1.0999
18.2998,-0.1789,1.0263,0.0772,-0.2204,0.2336,-0.0431,0.0269,-1.2777,1.0333,0.1253,-0.3114,0.3357,-0.0131,0.0606,1.0989
18.3198,-0.1781,1.0247,0.0794,-0.2209,0.2347,-0.0431,0.0293,-1.2762,1.0312,0.1282,-0.3120,0.3373,-0.0114,0.0626,1.0982
18.3296,-0.1769,1.0224,0.0803,-0.2207,0.2348,-0.0431,0.0307,-1.2742,1.0283,0.1300,-0.3117,0.3377,-0.0095,0.0641,1.0973
18.3300,-0.1761,1.0208,0.0817,-0.2212,0.2358,-0.0427,0.0336,-1.2727,1.0262,0.1323,-0.3118,0.3387,-0.0090,0.0649,1.0967
18.3493,-0.1752,1.0189,0.0826,-0.2211,0.2360,-0.0418,0.0354,-1.2711,1.0238,0.1339,-0.3112,0.3388,-0.0076,0.0651,1.0960
18.3495,-0.1741,1.0170,0.0826,-0.2211,0.2360,-0.0405,0.0354,-1.2695,1.0212,0.1339,-0.3112,0.3388,-0.0062,0.0651,1.0954
18.3597,-0.1731,1.0150,0.0850,-0.2212,0.2370,-0.0392,0.0396,-1.2678,1.0184,0.1378,-0.3111,0.3403,-0.0036,0.0687,1.0947
18.3600,-0.1721,1.0132,0.0850,-0.2212,0.2370,-0.0380,0.0396,-1.2660,1.0159,0.1378,-0.3111,0.3403,-0.0019,0.0687,1.0939
18.3797,-0.1711,1.0114,0.0876,-0.2212,0.2379,-0.0363,0.0432,-1.2643,1.0135,0.1426,-0.3114,0.3425,0.0008,0.0714,1.0932
18.3800,-0.1700,1.0094,0.0888,-0.2209,0.2381,-0.0345,0.0433,-1.2623,1.0108,0.1446,-0.3110,0.3430,0.0027,0.0727,1.0923
18.3894,-0.1690,1.0076,0.0899,-0.2210,0.2386,-0.0333,0.0436,-1.2606,1.0084,0.1468,-0.3112,0.3441,0.0041,0.0727,1.0916
18.3897,-0.1681,1.0061,0.0909,-0.2211,0.2390,-0.0324,0.0440,-1.2591,1.0063,0.1486,-0.3108,0.3445,0.0052,0.0708,1.0910
18.4096,-0.1668,1.0041,0.0915,-0.2205,0.2388,-0.0312,0.0445,-1.2572,1.0036,0.1498,-0.3096,0.3439,0.0065,0.0688,1.0903
18.4196,-0.1652,1.0018,0.0929,-0.2210,0.2398,-0.0295,0.0458,-1.2549,1.0007,0.1518,-0.3102,0.3454,0.0086,0.0678,1.0897
18.4200,-0.1642,1.0003,0.0929,-0.2210,0.2398,-0.0286,0.0458,-1.2533,0.9986,0.1518,-0.3102,0.3454,0.0103,0.0678,1.0891
18.4293,-0.1628,0.9984,0.0960,-0.2212,0.2411,-0.0278,0.0501,-1.2513,0.9960,0.1556,-0.3098,0.3467,0.0119,0.0659,1.0885
18.4296,-0.1612,0.9963,0.0960,-0.2212,0.2411,-0.0267,0.0501,-1.2489,0.9933,0.1579,-0.3100,0.3479,0.0141,0.0695,1.0877
18.4495,-0.1598,0.9945,0.1001,-0.2214,0.2429,-0.0260,0.0517,-1.2470,0.9911,0.1605,-0.3098,0.3490,0.0151,0.0709,1.0872
18.4497,-0.1584,0.9924,0.1020,-0.2212,0.2436,-0.0253,0.0506,-1.2450,0.9887,0.1629,-0.3094,0.3496,0.0164,0.0683,1.0866
18.4697,-0.1571,0.9904,0.1041,-0.2215,0.2447,-0.0242,0.0483,-1.2430,0.9862,0.1657,-0.3091,0.3507,0.0177,0.0648,1.0859
18.4699,-0.1560,0.9883,0.1041,-0.2215,0.2447,-0.0232,0.0483,-1.2413,0.9837,0.1657,-0.3091,0.3507,0.0186,0.0648,1.0853
18.4796,-0.1551,0.9865,0.1068,-0.2223,0.2466,-0.0222,0.0484,-1.2399,0.9815,0.1706,-0.3090,0.3530,0.0190,0.0617,1.0848
18.4897,-0.1539,0.9841,0.1074,-0.2223,0.2469,-0.0207,0.0480,-1.2381,0.9786,0.1721,-0.3084,0.3532,0.0202,0.0609,1.0842
18.4901,-0.1531,0.9823,0.1074,-0.2223,0.2469,-0.0191,0.0480,-1.2368,0.9766,0.1721,-0.3084,0.3532,0.0214,0.0609,1.0837
18.5098,-0.1520,0.9801,0.1086,-0.2235,0.2485,-0.0172,0.0503,-1.2350,0.9739,0.1747,-0.3078,0.3539,0.0239,0.0623,1.0830
18.5102,-0.1509,0.9780,0.1086,-0.2235,0.2485,-0.0151,0.0503,-1.2332,0.9714,0.1764,-0.3082,0.3551,0.0276,0.0617,1.0823
18.5298,-0.1500,0.9763,0.1104,-0.2251,0.2508,-0.0138,0.0543,-1.2317,0.9692,0.1780,-0.3083,0.3559,0.0294,0.0613,1.0817
18.5300,-0.1486,0.9741,0.1104,-0.2251,0.2508,-0.0117,0.0543,-1.2296,0.9663,0.1780,-0.3083,0.3559,0.0317,0.0613,1.0810
18.5396,-0.1476,0.9725,0.1127,-0.2254,0.2520,-0.0100,0.0516,-1.2281,0.9643,0.1812,-0.3075,0.3569,0.0337,0.0586,1.0804
18.5499,-0.1462,0.9703,0.1139,-0.2255,0.2526,-0.0081,0.0506,-1.2259,0.9615,0.1827,-0.3071,0.3573,0.0364,0.0570,1.0798
18.5503,-0.1451,0.9688,0.1157,-0.2256,0.2535,-0.0068,0.0465,-1.2242,0.9594,0.1849,-0.3065,0.3580,0.0388,0.0543,1.0792
18.5697,-0.1434,0.9666,0.1172,-0.2254,0.2541,-0.0049,0.0452,-1.2218,0.9568,0.1869,-0.3058,0.3584,0.0412,0.0517,1.0784
18.5700,-0.1423,0.9651,0.1191,-0.2256,0.2551,-0.0043,0.0419,-1.2200,0.9548,0.1869,-0.3058,0.3584,0.0433,0.0517,1.0778
18.5799,-0.1409,0.9630,0.1201,-0.2253,0.2553,-0.0035,0.0396,-1.2178,0.9522,0.1913,-0.3039,0.3591,0.0462,0.0331,1.0769
18.5803,-0.1399,0.9613,0.1211,-0.2254,0.2559,-0.0024,0.0364,-1.2160,0.9500,0.1934,-0.3032,0.3596,0.0473,0.0222,1.0761
18.5998,-0.1389,0.9592,0.1219,-0.2259,0.2567,-0.0016,0.0312,-1.2141,0.9476,0.1953,-0.3030,0.3604,0.0492,0.0175,1.0753
18.6003,-0.1379,0.9573,0.1219,-0.2259,0.2567,-0.0001,0.0312,-1.2123,0.9452,0.1966,-0.3026,0.3608,0.0516,0.0131,1.0744
18.6198,-0.1370,0.9552,0.1232,-0.2265,0.2578,0.0016,0.0201,-1.2106,0.9427,0.1976,-0.3023,0.3612,0.0539,0.0115,1.0736
18.6204,-0.1361,0.9533,0.1232,-0.2265,0.2578,0.0037,0.0201,-1.2086,0.9402,0.1976,-0.3023,0.3612,0.0567,0.0115,1.0726
18.6293,-0.1351,0.9514,0.1238,-0.2261,0.2578,0.0058,0.0246,-1.2067,0.9379,0.1996,-0.3015,0.3616,0.0588,0.0130,1.0717
18.6295,-0.1351,0.9514,0.1238,-0.2261,0.2578,0.0058,0.0246,-1.2047,0.9355,0.1996,-0.3015,0.3616,0.0617,0.0130,1.0697
18.6497,-0.1329,0.9476,0.1245,-0.2270,0.2590,0.0101,0.0297,-1.2028,0.9334,0.2029,-0.3006,0.3626,0.0638,0.0115,1.0700
18.6500,-0.1316,0.9456,0.1245,-0.2270,0.2590,0.0122,0.0297,-1.2007,0.9310,0.2029,-0.3006,0.3626,0.0663,0.0115,1.0693
18.6696,-0.1305,0.9441,0.1255,-0.2280,0.2603,0.0133,0.0350,-1.1991,0.9290,0.2062,-0.2992,0.3634,0.0681,0.0031,1.0687
18.6699,-0.1290,0.9421,0.1255,-0.2280,0.2603,0.0151,0.0350,-1.1970,0.9263,0.2062,-0.2992,0.3634,0.0704,0.0031,1.0681
18.6795,-0.1278,0.9404,0.1268,-0.2284,0.2613,0.0165,0.0469,-1.1953,0.9240,0.2086,-0.2979,0.3637,0.0727,-0.0032,1.0676
18.6797,-0.1264,0.9385,0.1268,-0.2284,0.2613,0.0183,0.0469,-1.1934,0.9215,0.2086,-0.2979,0.3637,0.0757,-0.0032,1.0672
18.6998,-0.1250,0.9365,0.1287,-0.2282,0.2620,0.0200,0.0519,-1.1915,0.9189,0.2099,-0.2964,0.3632,0.0793,-0.0054,1.0667
18.7002,-0.1239,0.9347,0.1287,-0.2282,0.2620,0.0214,0.0519,-1.1897,0.9166,0.2112,-0.2968,0.3643,0.0816,-0.0076,1.0660
18.7200,-0.1225,0.9327,0.1314,-0.2290,0.2640,0.0229,0.0527,-1.1877,0.9141,0.2122,-0.2964,0.3645,0.0849,-0.0066,1.0653
18.7205,-0.1215,0.9312,0.1314,-0.2290,0.2640,0.0240,0.0527,-1.1859,0.9121,0.2122,-0.2964,0.3645,0.0875,-0.0066,1.0646
18.7398,-0.1198,0.9293,0.1335,-0.2279,0.2641,0.0254,0.0552,-1.1835,0.9095,0.2135,-0.2945,0.3637,0.0904,-0.0064,1.0638
18.7403,-0.1183,0.9277,0.1335,-0.2279,0.2641,0.0269,0.0552,-1.1813,0.9071,0.2135,-0.2945,0.3637,0.0937,-0.0064,1.0632
18.7406,-0.1170,0.9263,0.1353,-0.2279,0.2650,0.0277,0.0539,-1.1795,0.9050,0.2152,-0.2941,0.3644,0.0956,-0.0107,1.0627
18.7498,-0.1153,0.9245,0.1373,-0.2262,0.2646,0.0283,0.0489,-1.1772,0.9025,0.2172,-0.2924,0.3643,0.0975,-0.0175,1.0621
18.7501,-0.1138,0.9229,0.1373,-0.2262,0.2646,0.0291,0.0489,-1.1753,0.9000,0.2172,-0.2924,0.3643,0.0997,-0.0175,1.0617
18.7698,-0.1123,0.9212,0.1402,-0.2266,0.2664,0.0298,0.0461,-1.1735,0.8976,0.2207,-0.2932,0.3669,0.1023,-0.0194,1.0614
18.7702,-0.1110,0.9196,0.1402,-0.2266,0.2664,0.0306,0.0461,-1.1716,0.8953,0.2212,-0.2922,0.3665,0.1044,-0.0189,1.0609
18.7900,-0.1097,0.9180,0.1416,-0.2256,0.2663,0.0313,0.0419,-1.1697,0.8930,0.2225,-0.2919,0.3670,0.1069,-0.0164,1.0603
18.7906,-0.1082,0.9162,0.1416,-0.2256,0.2663,0.0322,0.0419,-1.1675,0.8908,0.2225,-0.2919,0.3670,0.1093,-0.0164,1.0595
18.7997,-0.1070,0.9149,0.1436,-0.2250,0.2669,0.0336,0.0425,-1.1654,0.8888,0.2249,-0.2911,0.3679,0.1113,-0.0104,1.0587
18.8001,-0.1054,0.9132,0.1436,-0.2250,0.2669,0.0360,0.0425,-1.1630,0.8868,0.2247,-0.2890,0.3661,0.1131,-0.0122,1.0579
18.8209,-0.1022,0.9103,0.1460,-0.2212,0.2650,0.0393,0.0365,-1.1606,0.8848,0.2265,-0.2889,0.3671,0.1146,-0.0154,1.0588
18.8212,-0.1022,0.9103,0.1460,-0.2212,0.2650,0.0393,0.0365,-1.1582,0.8828,0.2271,-0.2870,0.3660,0.1149,-0.0190,1.0564
18.8397,-0.1006,0.9090,0.1479,-0.2208,0.2658,0.0407,0.0321,-1.1560,0.8808,0.2290,-0.2868,0.3670,0.1158,-0.0246,1.0557
18.8401,-0.0990,0.9074,0.1492,-0.2200,0.2658,0.0417,0.0284,-1.1536,0.8787,0.2303,-0.2860,0.3672,0.1159,-0.0294,1.0550
18.8494,-0.0975,0.9061,0.1502,-0.2190,0.2656,0.0428,0.0240,-1.1515,0.8766,0.2318,-0.2850,0.3673,0.1164,-0.0315,1.0544
18.8495,-0.0960,0.9047,0.1512,-0.2178,0.2652,0.0441,0.0202,-1.1492,0.8745,0.2318,-0.2850,0.3673,0.1164,-0.0315,1.0537
18.8698,-0.0946,0.9033,0.1522,-0.2171,0.2652,0.0451,0.0155,-1.1469,0.8725,0.2336,-0.2828,0.3668,0.1164,-0.0315,1.0528
18.8702,-0.0930,0.9020,0.1522,-0.2171,0.2652,0.0458,0.0155,-1.1446,0.8705,0.2346,-0.2819,0.3668,0.1165,-0.0317,1.0521
18.8898,-0.0916,0.9006,0.1540,-0.2148,0.2643,0.0463,0.0083,-1.1422,0.8687,0.2353,-0.2805,0.3662,0.1164,-0.0287,1.0511
18.8901,-0.0900,0.8992,0.1540,-0.2148,0.2643,0.0469,0.0083,-1.1398,0.8668,0.2369,-0.2794,0.3663,0.1166,-0.0264,1.0504
18.8997,-0.0886,0.8980,0.1563,-0.2138,0.2648,0.0473,0.0049,-1.1377,0.8652,0.2385,-0.2789,0.3670,0.1164,-0.0247,1.0496
18.9001,-0.0868,0.8965,0.1563,-0.2138,0.2648,0.0480,0.0049,-1.1351,0.8633,0.2385,-0.2789,0.3670,0.1163,-0.0247,1.0489
18.9198,-0.0851,0.8951,0.1569,-0.2107,0.2628,0.0489,0.0058,-1.1327,0.8616,0.2397,-0.2748,0.3646,0.1161,-0.0222,1.0481
18.9201,-0.0834,0.8938,0.1569,-0.2107,0.2628,0.0495,0.0058,-1.1305,0.8598,0.2397,-0.2748,0.3646,0.1159,-0.0222,1.0476
18.9397,-0.0818,0.8925,0.1587,-0.2093,0.2626,0.0501,0.0090,-1.1283,0.8582,0.2416,-0.2724,0.3641,0.1157,-0.0292,1.0471
18.9401,-0.0802,0.8914,0.1587,-0.2093,0.2626,0.0510,0.0090,-1.1258,0.8564,0.2416,-0.2724,0.3641,0.1154,-0.0292,1.0462
18.9495,-0.0785,0.8901,0.1594,-0.2063,0.2607,0.0515,0.0102,-1.1236,0.8547,0.2424,-0.2694,0.3624,0.1149,-0.0267,1.0457
18.9499,-0.0769,0.8887,0.1594,-0.2063,0.2607,0.0517,0.0102,-1.1211,0.8529,0.2424,-0.2694,0.3624,0.1144,-0.0267,1.0448
18.9699,-0.0754,0.8874,0.1604,-0.2034,0.2590,0.0520,0.0093,-1.1187,0.8513,0.2438,-0.2666,0.3613,0.1137,-0.0265,1.0439
18.9702,-0.0739,0.8862,0.1604,-0.2034,0.2590,0.0522,0.0093,-1.1163,0.8497,0.2438,-0.2666,0.3613,0.1130,-0.0265,1.0430
18.9896,-0.0723,0.8848,0.1624,-0.2008,0.2582,0.0525,0.0098,-1.1139,0.8480,0.2473,-0.2637,0.3615,0.1120,-0.0306,1.0422
18.9901,-0.0709,0.8836,0.1624,-0.2008,0.2582,0.0529,0.0098,-1.1115,0.8464,0.2484,-0.2612,0.3605,0.1106,-0.0346,1.0412
18.9998,-0.0693,0.8823,0.1644,-0.1974,0.2569,0.0531,0.0089,-1.1091,0.8447,0.2507,-0.2604,0.3615,0.1093,-0.0372,1.0405
19.0001,-0.0676,0.8811,0.1655,-0.1955,0.2561,0.0533,0.0061,-1.1068,0.8429,0.2507,-0.2604,0.3615,0.1073,-0.0372,1.0398
19.0197,-0.0661,0.8799,0.1665,-0.1939,0.2556,0.0536,0.0028,-1.1044,0.8412,0.2528,-0.2569,0.3605,0.1062,-0.0386,1.0391
19.0202,-0.0645,0.8787,0.1665,-0.1939,0.2556,0.0537,0.0028,-1.1021,0.8397,0.2528,-0.2569,0.3605,0.1050,-0.0386,1.0384
19.0397,-0.0628,0.8774,0.1682,-0.1907,0.2543,0.0540,-0.0021,-1.0997,0.8379,0.2548,-0.2534,0.3593,0.1042,-0.0421,1.0376
19.0402,-0.0613,0.8762,0.1682,-0.1907,0.2543,0.0543,-0.0021,-1.0973,0.8363,0.2548,-0.2534,0.3593,0.1032,-0.0421,1.0368
19.0495,-0.0597,0.8750,0.1698,-0.1883,0.2535,0.0545,-0.0040,-1.0950,0.8347,0.2572,-0.2505,0.3590,0.1022,-0.0439,1.0361
19.0499,-0.0580,0.8737,0.1698,-0.1883,0.2535,0.0548,-0.0040,-1.0925,0.8329,0.2572,-0.2505,0.3590,0.1011,-0.0439,1.0353
19.0699,-0.0564,0.8726,0.1708,-0.1858,0.2524,0.0550,-0.0040,-1.0903,0.8312,0.2586,-0.2479,0.3582,0.1003,-0.0412,1.0346
19.0702,-0.0547,0.8714,0.1708,-0.1858,0.2524,0.0549,-0.0040,-1.0880,0.8297,0.2586,-0.2479,0.3582,0.0993,-0.0412,1.0341
19.0899,-0.0529,0.8701,0.1724,-0.1832,0.2515,0.0548,-0.0060,-1.0855,0.8280,0.2597,-0.2450,0.3570,0.0984,-0.0319,1.0335
19.0903,-0.0514,0.8690,0.1740,-0.1822,0.2520,0.0548,-0.0114,-1.0834,0.8265,0.2609,-0.2441,0.3573,0.0972,-0.0290,1.0329
19.0996,-0.0496,0.8678,0.1749,-0.1804,0.2513,0.0547,-0.0139,-1.0810,0.8248,0.2614,-0.2423,0.3564,0.0962,-0.0273,1.0323
19.0998,-0.0480,0.8666,0.1749,-0.1804,0.2513,0.0547,-0.0139,-1.0787,0.8233,0.2614,-0.2423,0.3564,0.0946,-0.0273,1.0317
19.1199,-0.0463,0.8653,0.1780,-0.1772,0.2512,0.0546,-0.0175,-1.0764,0.8217,0.2636,-0.2389,0.3558,0.0935,-0.0259,1.0310
19.1204,-0.0447,0.8643,0.1796,-0.1758,0.2514,0.0543,-0.0187,-1.0741,0.8203,0.2645,-0.2370,0.3552,0.0916,-0.0270,1.0304
19.1397,-0.0429,0.8630,0.1809,-0.1742,0.2512,0.0536,-0.0216,-1.0715,0.8185,0.2653,-0.2352,0.3545,0.0900,-0.0265,1.0296
19.1402,-0.0414,0.8619,0.1809,-0.1742,0.2512,0.0529,-0.0216,-1.0695,0.8171,0.2653,-0.2352,0.3545,0.0884,-0.0265,1.0290
19.1498,-0.0396,0.8606,0.1830,-0.1714,0.2507,0.0523,-0.0256,-1.0669,0.8154,0.2667,-0.2325,0.3539,0.0863,-0.0226,1.0282
19.1501,-0.0380,0.8595,0.1830,-0.1714,0.2507,0.0519,-0.0256,-1.0645,0.8138,0.2677,-0.2313,0.3538,0.0839,-0.0162,1.0276
19.1701,-0.0361,0.8585,0.1852,-0.1691,0.2508,0.0513,-0.0269,-1.0623,0.8125,0.2692,-0.2304,0.3543,0.0808,-0.0088,1.0272
19.1705,-0.0344,0.8575,0.1859,-0.1673,0.2501,0.0507,-0.0284,-1.0600,0.8112,0.2695,-0.2277,0.3528,0.0787,-0.0112,1.0266
19.1896,-0.0328,0.8565,0.1866,-0.1658,0.2497,0.0499,-0.0326,-1.0578,0.8100,0.2705,-0.2257,0.3523,0.0763,-0.0133,1.0261
19.1900,-0.0310,0.8555,0.1866,-0.1658,0.2497,0.0488,-0.0326,-1.0556,0.8087,0.2705,-0.2257,0.3523,0.0745,-0.0133,1.0256
19.1994,-0.0277,0.8533,0.1879,-0.1620,0.2481,0.0471,-0.0398,-1.0532,0.8073,0.2719,-0.2205,0.3500,0.0716,-0.0216,1.0266
19.1997,-0.0277,0.8533,0.1879,-0.1620,0.2481,0.0471,-0.0398,-1.0509,0.8058,0.2719,-0.2205,0.3500,0.0680,-0.0216,1.0243
19.2198,-0.0262,0.8523,0.1897,-0.1588,0.2474,0.0466,-0.0508,-1.0488,0.8045,0.2736,-0.2167,0.3491,0.0654,-0.0327,1.0237
19.2293,-0.0244,0.8511,0.1906,-0.1578,0.2475,0.0460,-0.0556,-1.0463,0.8030,0.2743,-0.2151,0.3486,0.0615,-0.0335,1.0230
19.2295,-0.0228,0.8500,0.1906,-0.1578,0.2475,0.0453,-0.0556,-1.0441,0.8018,0.2743,-0.2151,0.3486,0.0598,-0.0335,1.0225
19.2495,-0.0210,0.8487,0.1911,-0.1554,0.2463,0.0450,-0.0557,-1.0416,0.8004,0.2744,-0.2105,0.3459,0.0570,-0.0310,1.0217
19.2498,-0.0194,0.8477,0.1920,-0.1552,0.2469,0.0447,-0.0541,-1.0394,0.7993,0.2758,-0.2092,0.3462,0.0550,-0.0305,1.0211
19.2594,-0.0176,0.8464,0.1918,-0.1538,0.2458,0.0443,-0.0534,-1.0367,0.7979,0.2758,-0.2063,0.3444,0.0520,-0.0312,1.0202
19.2597,-0.0158,0.8451,0.1918,-0.1538,0.2458,0.0443,-0.0534,-1.0341,0.7965,0.2773,-0.2041,0.3443,0.0484,-0.0318,1.0195
19.2795,-0.0140,0.8439,0.1931,-0.1522,0.2459,0.0442,-0.0453,-1.0315,0.7951,0.2788,-0.2022,0.3444,0.0456,-0.0337,1.0187
19.2798,-0.0121,0.8427,0.1931,-0.1522,0.2459,0.0439,-0.0453,-1.0292,0.7937,0.2788,-0.2022,0.3444,0.0426,-0.0337,1.0183
19.2895,-0.0106,0.8417,0.1952,-0.1505,0.2465,0.0435,-0.0417,-1.0270,0.7924,0.2810,-0.1987,0.3442,0.0403,-0.0375,1.0176
19.2996,-0.0087,0.8405,0.1953,-0.1490,0.2457,0.0430,-0.0418,-1.0247,0.7910,0.2809,-0.1966,0.3429,0.0372,-0.0386,1.0172
19.2999,-0.0073,0.8396,0.1965,-0.1486,0.2464,0.0427,-0.0414,-1.0228,0.7900,0.2814,-0.1957,0.3427,0.0353,-0.0363,1.0167
19.3197,-0.0054,0.8383,0.1961,-0.1472,0.2452,0.0415,-0.0388,-1.0202,0.7885,0.2802,-0.1935,0.3406,0.0320,-0.0344,1.0160
19.3200,-0.0037,0.8372,0.1961,-0.1472,0.2452,0.0406,-0.0388,-1.0179,0.7873,0.2802,-0.1935,0.3406,0.0287,-0.0344,1.0155
19.3296,-0.0021,0.8360,0.1970,-0.1463,0.2453,0.0399,-0.0348,-1.0156,0.7860,0.2806,-0.1910,0.3394,0.0257,-0.0262,1.0147
19.3299,-0.0004,0.8348,0.1970,-0.1463,0.2453,0.0392,-0.0348,-1.0132,0.7847,0.2808,-0.1895,0.3388,0.0218,-0.0250,1.0141
19.3493,0.0015,0.8336,0.1973,-0.1452,0.2450,0.0389,-0.0311,-1.0108,0.7834,0.2809,-0.1879,0.3379,0.0182,-0.0242,1.0136
19.3495,0.0032,0.8325,0.1973,-0.1452,0.2450,0.0385,-0.0311,-1.0085,0.7821,0.2809,-0.1879,0.3379,0.0152,-0.0242,1.0130
19.3693,0.0050,0.8314,0.1985,-0.1444,0.2454,0.0377,-0.0238,-1.0065,0.7809,0.2814,-0.1849,0.3367,0.0117,-0.0263,1.0127
19.3696,0.0068,0.8302,0.1985,-0.1444,0.2454,0.0372,-0.0238,-1.0041,0.7795,0.2809,-0.1833,0.3354,0.0084,-0.0268,1.0122
19.3795,0.0084,0.8291,0.1997,-0.1435,0.2459,0.0368,-0.0153,-1.0021,0.7782,0.2811,-0.1820,0.3349,0.0056,-0.0293,1.0118
19.3799,0.0102,0.8278,0.2000,-0.1431,0.2459,0.0362,-0.0124,-0.9998,0.7769,0.2802,-0.1809,0.3335,0.0029,-0.0282,1.0113
19.3993,0.0119,0.8266,0.2003,-0.1427,0.2460,0.0359,-0.0108,-0.9977,0.7757,0.2801,-0.1799,0.3329,0.0003,-0.0281,1.0109
19.3996,0.0138,0.8254,0.2003,-0.1427,0.2460,0.0354,-0.0108,-0.9954,0.7745,0.2801,-0.1799,0.3329,-0.0030,-0.0281,1.0105
19.4198,0.0158,0.8242,0.2012,-0.1422,0.2464,0.0350,-0.0101,-0.9930,0.7734,0.2794,-0.1776,0.3311,-0.0058,-0.0258,1.0101
19.4201,0.0179,0.8229,0.2012,-0.1422,0.2464,0.0343,-0.0101,-0.9906,0.7722,0.2794,-0.1776,0.3311,-0.0099,-0.0258,1.0097
19.4399,0.0199,0.8218,0.2027,-0.1418,0.2473,0.0338,-0.0106,-0.9883,0.7711,0.2798,-0.1753,0.3302,-0.0140,-0.0187,1.0095
19.4402,0.0215,0.8208,0.2032,-0.1415,0.2476,0.0332,-0.0113,-0.9863,0.7700,0.2799,-0.1742,0.3297,-0.0172,-0.0168,1.0091
19.4496,0.0235,0.8195,0.2033,-0.1411,0.2475,0.0322,-0.0119,-0.9838,0.7685,0.2791,-0.1729,0.3283,-0.0211,-0.0160,1.0086
19.4499,0.0250,0.8186,0.2039,-0.1411,0.2480,0.0314,-0.0116,-0.9819,0.7674,0.2791,-0.1729,0.3283,-0.0234,-0.0160,1.0082
19.4699,0.0287,0.8160,0.2052,-0.1408,0.2488,0.0302,-0.0131,-0.9793,0.7658,0.2784,-0.1710,0.3267,-0.0277,-0.0113,1.0093
19.4702,0.0287,0.8160,0.2052,-0.1408,0.2488,0.0302,-0.0131,-0.9775,0.7648,0.2788,-0.1709,0.3270,-0.0301,-0.0077,1.0075
19.4797,0.0306,0.8149,0.2053,-0.1402,0.2486,0.0300,-0.0172,-0.9752,0.7635,0.2776,-0.1698,0.3254,-0.0335,-0.0062,1.0072
19.4799,0.0327,0.8138,0.2053,-0.1402,0.2486,0.0295,-0.0172,-0.9731,0.7622,0.2776,-0.1698,0.3254,-0.0368,-0.0062,1.0071
19.4995,0.0346,0.8128,0.2073,-0.1396,0.2500,0.0295,-0.0257,-0.9709,0.7611,0.2768,-0.1684,0.3240,-0.0401,-0.0030,1.0068
19.4997,0.0365,0.8118,0.2073,-0.1396,0.2500,0.0291,-0.0257,-0.9688,0.7601,0.2768,-0.1684,0.3240,-0.0425,-0.0030,1.0066
19.5196,0.0384,0.8107,0.2082,-0.1386,0.2501,0.0288,-0.0312,-0.9667,0.7589,0.2759,-0.1656,0.3218,-0.0458,-0.0051,1.0064
19.5199,0.0400,0.8098,0.2082,-0.1386,0.2501,0.0288,-0.0312,-0.9649,0.7579,0.2759,-0.1656,0.3218,-0.0478,-0.0051,1.0062
19.5295,0.0420,0.8085,0.2090,-0.1379,0.2503,0.0287,-0.0309,-0.9626,0.7566,0.2745,-0.1635,0.3195,-0.0510,-0.0037,1.0059
19.5300,0.0440,0.8071,0.2090,-0.1379,0.2503,0.0287,-0.0309,-0.9606,0.7554,0.2742,-0.1626,0.3187,-0.0548,-0.0025,1.0059
19.5496,0.0457,0.8060,0.2107,-0.1382,0.2519,0.0287,-0.0307,-0.9587,0.7543,0.2735,-0.1618,0.3178,-0.0573,-0.0026,1.0057
19.5499,0.0476,0.8049,0.2108,-0.1379,0.2519,0.0286,-0.0301,-0.9567,0.7532,0.2726,-0.1607,0.3164,-0.0603,-0.0032,1.0056
19.5597,0.0495,0.8036,0.2112,-0.1378,0.2522,0.0287,-0.0298,-0.9546,0.7520,0.2717,-0.1594,0.3150,-0.0633,-0.0035,1.0054
19.5602,0.0516,0.8022,0.2118,-0.1380,0.2528,0.0286,-0.0297,-0.9522,0.7507,0.2714,-0.1584,0.3142,-0.0670,-0.0034,1.0051
19.5796,0.0532,0.8011,0.2126,-0.1385,0.2538,0.0287,-0.0264,-0.9503,0.7496,0.2715,-0.1580,0.3141,-0.0705,-0.0023,1.0049
19.5798,0.0548,0.8001,0.2126,-0.1385,0.2538,0.0288,-0.0264,-0.9487,0.7487,0.2715,-0.1580,0.3141,-0.0722,-0.0023,1.0048
19.6000,0.0585,0.7978,0.2123,-0.1379,0.2532,0.0289,-0.0184,-0.9465,0.7473,0.2695,-0.1557,0.3112,-0.0749,0.0001,1.0063
19.6003,0.0585,0.7978,0.2123,-0.1379,0.2532,0.0289,-0.0184,-0.9450,0.7463,0.2691,-0.1551,0.3106,-0.0767,0.0012,1.0048
19.6094,0.0608,0.7965,0.2130,-0.1377,0.2536,0.0290,-0.0170,-0.9428,0.7449,0.2675,-0.1539,0.3087,-0.0794,0.0018,1.0049
19.6099,0.0629,0.7954,0.2130,-0.1377,0.2536,0.0295,-0.0170,-0.9409,0.7437,0.2671,-0.1536,0.3081,-0.0821,0.0022,1.0050
19.6297,0.0647,0.7945,0.2150,-0.1376,0.2553,0.0297,-0.0182,-0.9389,0.7426,0.2665,-0.1530,0.3073,-0.0848,0.0028,1.0050
19.6300,0.0668,0.7933,0.2152,-0.1369,0.2550,0.0297,-0.0189,-0.9367,0.7414,0.2651,-0.1518,0.3055,-0.0878,0.0038,1.0049
19.6496,0.0686,0.7922,0.2165,-0.1372,0.2563,0.0297,-0.0208,-0.9347,0.7403,0.2654,-0.1515,0.3056,-0.0904,0.0040,1.0047
19.6595,0.0706,0.7911,0.2165,-0.1368,0.2561,0.0296,-0.0228,-0.9325,0.7390,0.2643,-0.1503,0.3040,-0.0932,0.0014,1.0045
19.6600,0.0721,0.7901,0.2165,-0.1368,0.2561,0.0296,-0.0228,-0.9307,0.7380,0.2643,-0.1503,0.3040,-0.0956,0.0014,1.0042
19.6798,0.0741,0.7887,0.2164,-0.1368,0.2561,0.0296,-0.0217,-0.9286,0.7367,0.2631,-0.1488,0.3023,-0.0984,-0.0019,1.0041
19.6802,0.0762,0.7875,0.2164,-0.1368,0.2561,0.0297,-0.0217,-0.9267,0.7355,0.2631,-0.1488,0.3023,-0.1009,-0.0019,1.0042
19.6892,0.0778,0.7867,0.2180,-0.1380,0.2580,0.0302,-0.0138,-0.9252,0.7346,0.2622,-0.1490,0.3016,-0.1030,0.0005,1.0044
19.6895,0.0799,0.7857,0.2177,-0.1376,0.2576,0.0305,-0.0111,-0.9234,0.7335,0.2622,-0.1490,0.3016,-0.1055,0.0005,1.0046
19.7097,0.0821,0.7844,0.2186,-0.1376,0.2583,0.0308,-0.0074,-0.9212,0.7321,0.2596,-0.1477,0.2987,-0.1097,0.0107,1.0047
19.7101,0.0840,0.7833,0.2186,-0.1376,0.2583,0.0311,-0.0074,-0.9195,0.7310,0.2593,-0.1473,0.2982,-0.1119,0.0129,1.0049
19.7199,0.0860,0.7822,0.2203,-0.1380,0.2599,0.0313,0.0000,-0.9176,0.7297,0.2585,-0.1470,0.2973,-0.1162,0.0137,1.0049
19.7204,0.0876,0.7812,0.2203,-0.1380,0.2599,0.0316,0.0000,-0.9159,0.7286,0.2585,-0.1470,0.2973,-0.1191,0.0137,1.0049
19.7396,0.0894,0.7802,0.2208,-0.1376,0.2602,0.0319,-0.0009,-0.9144,0.7275,0.2564,-0.1464,0.2952,-0.1212,0.0146,1.0051
19.7402,0.0913,0.7790,0.2208,-0.1376,0.2602,0.0322,-0.0009,-0.9126,0.7264,0.2544,-0.1458,0.2933,-0.1241,0.0153,1.0053
19.7600,0.0950,0.7772,0.2216,-0.1372,0.2606,0.0333,-0.0024,-0.9109,0.7251,0.2536,-0.1459,0.2926,-0.1260,0.0150,1.0073
19.7603,0.0950,0.7772,0.2216,-0.1372,0.2606,0.0333,-0.0024,-0.9093,0.7239,0.2515,-0.1456,0.2906,-0.1278,0.0164,1.0057
19.7695,0.0968,0.7763,0.2215,-0.1359,0.2598,0.0334,-0.0091,-0.9078,0.7230,0.2495,-0.1452,0.2887,-0.1299,0.0154,1.0060
19.7697,0.0989,0.7752,0.2215,-0.1359,0.2598,0.0335,-0.0091,-0.9060,0.7219,0.2475,-0.1442,0.2865,-0.1334,0.0123,1.0063
19.7894,0.1007,0.7742,0.2220,-0.1351,0.2599,0.0335,-0.0180,-0.9044,0.7210,0.2464,-0.1434,0.2851,-0.1360,0.0092,1.0065
19.7997,0.1029,0.7730,0.2226,-0.1350,0.2604,0.0336,-0.0202,-0.9025,0.7198,0.2453,-0.1429,0.2839,-0.1388,0.0064,1.0068
19.8000,0.1044,0.7722,0.2226,-0.1350,0.2604,0.0335,-0.0202,-0.9013,0.7190,0.2453,-0.1429,0.2839,-0.1409,0.0064,1.0071
19.8196,0.1064,0.7710,0.2235,-0.1349,0.2611,0.0334,-0.0204,-0.8995,0.7179,0.2432,-0.1419,0.2816,-0.1438,0.0038,1.0074
19.8199,0.1082,0.7702,0.2236,-0.1346,0.2610,0.0333,-0.0198,-0.8981,0.7170,0.2413,-0.1411,0.2795,-0.1457,0.0059,1.0077
19.8298,0.1101,0.7691,0.2236,-0.1341,0.2607,0.0333,-0.0185,-0.8965,0.7160,0.2396,-0.1405,0.2778,-0.1471,0.0068,1.0080
19.8301,0.1122,0.7681,0.2236,-0.1341,0.2607,0.0329,-0.0185,-0.8946,0.7148,0.2381,-0.1400,0.2763,-0.1486,0.0060,1.0081
19.8497,0.1155,0.7663,0.2251,-0.1335,0.2617,0.0317,-0.0176,-0.8927,0.7137,0.2373,-0.1398,0.2754,-0.1500,0.0055,1.0096
19.8500,0.1155,0.7663,0.2251,-0.1335,0.2617,0.0317,-0.0176,-0.8913,0.7129,0.2373,-0.1398,0.2754,-0.1506,0.0055,1.0082
19.8596,0.1174,0.7653,0.2245,-0.1323,0.2606,0.0311,-0.0179,-0.8896,0.7119,0.2344,-0.1383,0.2722,-0.1512,0.0058,1.0084
19.8696,0.1195,0.7641,0.2248,-0.1323,0.2609,0.0304,-0.0179,-0.8875,0.7107,0.2338,-0.1379,0.2715,-0.1521,0.0057,1.0084
19.8699,0.1211,0.7632,0.2248,-0.1323,0.2609,0.0304,-0.0179,-0.8860,0.7098,0.2338,-0.1379,0.2715,-0.1526,0.0057,1.0085
19.8895,0.1230,0.7622,0.2252,-0.1317,0.2609,0.0302,-0.0182,-0.8843,0.7088,0.2322,-0.1368,0.2695,-0.1533,0.0042,1.0088
19.8899,0.1250,0.7612,0.2252,-0.1317,0.2609,0.0301,-0.0182,-0.8826,0.7078,0.2322,-0.1368,0.2695,-0.1540,0.0042,1.0089
19.9096,0.1264,0.7606,0.2261,-0.1308,0.2612,0.0299,-0.0209,-0.8814,0.7071,0.2302,-0.1359,0.2673,-0.1545,0.0005,1.0092
19.9099,0.1286,0.7595,0.2261,-0.1308,0.2612,0.0294,-0.0209,-0.8796,0.7059,0.2302,-0.1359,0.2673,-0.1554,0.0005,1.0096
19.9198,0.1306,0.7583,0.2256,-0.1294,0.2601,0.0293,-0.0276,-0.8777,0.7047,0.2270,-0.1350,0.2641,-0.1562,0.0011,1.0098
19.9201,0.1323,0.7574,0.2256,-0.1294,0.2601,0.0291,-0.0276,-0.8762,0.7038,0.2270,-0.1350,0.2641,-0.1568,0.0011,1.0100
19.9396,0.1341,0.7563,0.2249,-0.1288,0.2591,0.0288,-0.0300,-0.8745,0.7028,0.2242,-0.1345,0.2614,-0.1577,-0.0012,1.0101
19.9399,0.1341,0.7563,0.2249,-0.1288,0.2591,0.0288,-0.0300,-0.8729,0.7019,0.2242,-0.1345,0.2614,-0.1589,-0.0012,1.0085
19.9497,0.1375,0.7543,0.2246,-0.1284,0.2588,0.0281,-0.0290,-0.8711,0.7010,0.2219,-0.1333,0.2588,-0.1601,-0.0015,1.0100
19.9594,0.1395,0.7532,0.2249,-0.1284,0.2590,0.0279,-0.0283,-0.8690,0.6998,0.2215,-0.1330,0.2584,-0.1615,-0.0017,1.0100
19.9597,0.1411,0.7524,0.2249,-0.1284,0.2590,0.0275,-0.0283,-0.8675,0.6990,0.2206,-0.1321,0.2571,-0.1622,-0.0031,1.0100
19.9798,0.1430,0.7515,0.2248,-0.1273,0.2583,0.0269,-0.0247,-0.8658,0.6979,0.2200,-0.1316,0.2563,-0.1632,-0.0028,1.0102
19.9801,0.1448,0.7507,0.2248,-0.1273,0.2583,0.0265,-0.0247,-0.8643,0.6969,0.2189,-0.1312,0.2552,-0.1639,-0.0020,1.0105
19.9995,0.1465,0.7499,0.2241,-0.1262,0.2572,0.0261,-0.0188,-0.8628,0.6961,0.2176,-0.1306,0.2538,-0.1643,-0.0011,1.0107
19.9997,0.1486,0.7487,0.2241,-0.1262,0.2572,0.0255,-0.0188,-0.8609,0.6949,0.2176,-0.1306,0.2538,-0.1649,-0.0011,1.0110
20.0093,0.1502,0.7479,0.2244,-0.1262,0.2574,0.0252,-0.0134,-0.8595,0.6941,0.2158,-0.1304,0.2522,-0.1652,0.0033,1.0112
20.0096,0.1522,0.7469,0.2237,-0.1256,0.2566,0.0249,-0.0127,-0.8576,0.6931,0.2145,-0.1296,0.2506,-0.1659,0.0032,1.0112
20.0295,0.1539,0.7460,0.2243,-0.1258,0.2572,0.0249,-0.0128,-0.8560,0.6923,0.2145,-0.1296,0.2506,-0.1664,0.0026,1.0113
20.0392,0.1575,0.7445,0.2238,-0.1250,0.2563,0.0246,-0.0130,-0.8542,0.6914,0.2133,-0.1286,0.2490,-0.1669,0.0017,1.0130
20.0394,0.1575,0.7445,0.2238,-0.1250,0.2563,0.0246,-0.0130,-0.8527,0.6907,0.2133,-0.1286,0.2490,-0.1674,0.0017,1.0116
20.0601,0.1614,0.7428,0.2239,-0.1224,0.2552,0.0239,-0.0207,-0.8509,0.6897,0.2120,-0.1273,0.2473,-0.1680,0.0017,1.0137
20.0604,0.1614,0.7428,0.2239,-0.1224,0.2552,0.0239,-0.0207,-0.8494,0.6889,0.2116,-0.1269,0.2467,-0.1685,0.0015,1.0122
20.0696,0.1631,0.7419,0.2238,-0.1215,0.2546,0.0238,-0.0200,-0.8478,0.6879,0.2103,-0.1263,0.2453,-0.1690,0.0014,1.0124
20.0700,0.1651,0.7409,0.2238,-0.1215,0.2546,0.0233,-0.0200,-0.8460,0.6870,0.2103,-0.1263,0.2453,-0.1695,0.0014,1.0126
20.0899,0.1670,0.7399,0.2238,-0.1203,0.2541,0.0230,-0.0175,-0.8445,0.6861,0.2086,-0.1253,0.2433,-0.1699,0.0007,1.0129
20.0902,0.1688,0.7391,0.2238,-0.1203,0.2541,0.0229,-0.0175,-0.8429,0.6852,0.2084,-0.1252,0.2431,-0.1702,0.0009,1.0131
20.0997,0.1708,0.7381,0.2238,-0.1194,0.2536,0.0225,-0.0147,-0.8412,0.6843,0.2071,-0.1241,0.2414,-0.1709,0.0006,1.0135
20.1098,0.1729,0.7371,0.2247,-0.1194,0.2544,0.0222,-0.0131,-0.8395,0.6834,0.2075,-0.1239,0.2417,-0.1713,-0.0001,1.0138
20.1101,0.1746,0.7364,0.2247,-0.1194,0.2544,0.0217,-0.0131,-0.8380,0.6826,0.2075,-0.1239,0.2417,-0.1715,-0.0001,1.0141
20.1299,0.1766,0.7356,0.2236,-0.1181,0.2528,0.0207,-0.0137,-0.8363,0.6817,0.2057,-0.1222,0.2393,-0.1719,-0.0039,1.0144
20.1303,0.1783,0.7349,0.2238,-0.1179,0.2530,0.0200,-0.0138,-0.8350,0.6810,0.2053,-0.1218,0.2387,-0.1720,-0.0047,1.0147
20.1498,0.1804,0.7340,0.2230,-0.1168,0.2517,0.0190,-0.0135,-0.8333,0.6801,0.2035,-0.1207,0.2366,-0.1721,-0.0043,1.0151
20.1501,0.1823,0.7331,0.2235,-0.1165,0.2520,0.0185,-0.0124,-0.8317,0.6792,0.2029,-0.1204,0.2359,-0.1723,-0.0052,1.0154
20.1596,0.1842,0.7323,0.2233,-0.1160,0.2517,0.0176,-0.0117,-0.8302,0.6783,0.2018,-0.1197,0.2346,-0.1723,-0.0057,1.0158
20.1600,0.1865,0.7313,0.2233,-0.1160,0.2517,0.0162,-0.0117,-0.8285,0.6774,0.2011,-0.1194,0.2339,-0.1725,-0.0066,1.0164
20.1797,0.1886,0.7303,0.2246,-0.1148,0.2522,0.0145,-0.0126,-0.8267,0.6766,0.2003,-0.1187,0.2328,-0.1727,-0.0067,1.0167
20.1800,0.1902,0.7297,0.2246,-0.1148,0.2522,0.0139,-0.0126,-0.8255,0.6760,0.2003,-0.1187,0.2328,-0.1727,-0.0067,1.0171
20.1897,0.1923,0.7289,0.2246,-0.1139,0.2518,0.0132,-0.0175,-0.8237,0.6752,0.1993,-0.1171,0.2312,-0.1727,-0.0069,1.0175
20.1903,0.1944,0.7280,0.2246,-0.1139,0.2518,0.0125,-0.0175,-0.8220,0.6743,0.1993,-0.1166,0.2309,-0.1728,-0.0073,1.0178
20.2094,0.1962,0.7272,0.2246,-0.1129,0.2514,0.0119,-0.0188,-0.8205,0.6735,0.1985,-0.1157,0.2297,-0.1727,-0.0073,1.0182
20.2197,0.1983,0.7262,0.2245,-0.1123,0.2511,0.0112,-0.0198,-0.8188,0.6725,0.1980,-0.1151,0.2290,-0.1726,-0.0070,1.0185
20.2203,0.2002,0.7254,0.2245,-0.1123,0.2511,0.0108,-0.0198,-0.8173,0.6717,0.1976,-0.1143,0.2282,-0.1722,-0.0066,1.0189
20.2395,0.2019,0.7246,0.2252,-0.1116,0.2513,0.0105,-0.0191,-0.8160,0.6710,0.1973,-0.1138,0.2277,-0.1717,-0.0051,1.0194
20.2397,0.2039,0.7238,0.2250,-0.1111,0.2510,0.0100,-0.0186,-0.8145,0.6702,0.1967,-0.1129,0.2268,-0.1705,-0.0054,1.0198
20.2495,0.2058,0.7231,0.2252,-0.1105,0.2508,0.0092,-0.0184,-0.8130,0.6695,0.1961,-0.1122,0.2260,-0.1697,-0.0050,1.0203
20.2498,0.2080,0.7223,0.2252,-0.1105,0.2508,0.0078,-0.0184,-0.8113,0.6688,0.1961,-0.1122,0.2260,-0.1690,-0.0050,1.0207
20.2698,0.2099,0.7216,0.2261,-0.1097,0.2513,0.0069,-0.0190,-0.8097,0.6680,0.1961,-0.1104,0.2250,-0.1679,-0.0074,1.0210
20.2701,0.2120,0.7209,0.2262,-0.1093,0.2512,0.0062,-0.0180,-0.8080,0.6672,0.1961,-0.1099,0.2248,-0.1667,-0.0075,1.0214
20.2797,0.2136,0.7203,0.2261,-0.1086,0.2508,0.0059,-0.0152,-0.8065,0.6666,0.1960,-0.1094,0.2244,-0.1660,-0.0066,1.0215
20.2899,0.2157,0.7196,0.2257,-0.1078,0.2501,0.0054,-0.0139,-0.8047,0.6657,0.1957,-0.1088,0.2239,-0.1644,-0.0049,1.0218
20.2904,0.2175,0.7190,0.2257,-0.1069,0.2497,0.0052,-0.0138,-0.8033,0.6651,0.1957,-0.1083,0.2236,-0.1629,-0.0026,1.0222
20.3097,0.2193,0.7183,0.2262,-0.1064,0.2499,0.0051,-0.0146,-0.8018,0.6643,0.1960,-0.1079,0.2238,-0.1616,-0.0020,1.0225
20.3101,0.2213,0.7177,0.2262,-0.1064,0.2499,0.0047,-0.0146,-0.8003,0.6637,0.1960,-0.1079,0.2238,-0.1599,-0.0020,1.0230
20.3296,0.2233,0.7170,0.2263,-0.1050,0.2495,0.0048,-0.0129,-0.7987,0.6629,0.1957,-0.1067,0.2229,-0.1570,-0.0030,1.0234
20.3299,0.2252,0.7163,0.2263,-0.1050,0.2495,0.0048,-0.0129,-0.7971,0.6622,0.1957,-0.1067,0.2229,-0.1543,-0.0030,1.0238
20.3397,0.2269,0.7158,0.2260,-0.1035,0.2486,0.0048,-0.0127,-0.7956,0.6615,0.1948,-0.1053,0.2214,-0.1523,-0.0029,1.0240
20.3401,0.2288,0.7150,0.2260,-0.1035,0.2486,0.0048,-0.0127,-0.7938,0.6608,0.1948,-0.1053,0.2214,-0.1497,-0.0029,1.0240
20.3595,0.2306,0.7144,0.2267,-0.1026,0.2488,0.0045,-0.0135,-0.7922,0.6602,0.1951,-0.1043,0.2213,-0.1476,-0.0039,1.0242
20.3598,0.2325,0.7138,0.2267,-0.1026,0.2488,0.0043,-0.0135,-0.7904,0.6596,0.1951,-0.1043,0.2213,-0.1452,-0.0039,1.0243
20.3796,0.2364,0.7127,0.2265,-0.0999,0.2476,0.0042,-0.0123,-0.7889,0.6591,0.1942,-0.1021,0.2194,-0.1434,-0.0029,1.0267
20.3799,0.2364,0.7127,0.2265,-0.0999,0.2476,0.0042,-0.0123,-0.7872,0.6584,0.1943,-0.1016,0.2192,-0.1407,-0.0017,1.0250
20.3894,0.2383,0.7121,0.2268,-0.0990,0.2475,0.0043,-0.0090,-0.7856,0.6578,0.1943,-0.1009,0.2190,-0.1386,0.0008,1.0253
20.3897,0.2402,0.7115,0.2268,-0.0990,0.2475,0.0041,-0.0090,-0.7838,0.6572,0.1940,-0.1000,0.2183,-0.1366,0.0009,1.0254
20.4094,0.2421,0.7109,0.2274,-0.0981,0.2477,0.0039,-0.0061,-0.7822,0.6567,0.1951,-0.0997,0.2190,-0.1344,0.0005,1.0257
20.4097,0.2440,0.7103,0.2271,-0.0971,0.2470,0.0037,-0.0031,-0.7805,0.6561,0.1948,-0.0984,0.2182,-0.1319,0.0006,1.0259
20.4295,0.2460,0.7096,0.2267,-0.0960,0.2462,0.0033,-0.0013,-0.7787,0.6555,0.1944,-0.0972,0.2173,-0.1296,0.0006,1.0261
20.4298,0.2478,0.7091,0.2267,-0.0960,0.2462,0.0030,-0.0013,-0.7772,0.6550,0.1950,-0.0966,0.2176,-0.1275,0.0006,1.0264
20.4395,0.2497,0.7085,0.2273,-0.0945,0.2462,0.0029,-0.0022,-0.7755,0.6544,0.1947,-0.0955,0.2168,-0.1241,0.0002,1.0266
20.4396,0.2517,0.7079,0.2273,-0.0945,0.2462,0.0027,-0.0022,-0.7738,0.6539,0.1947,-0.0955,0.2168,-0.1213,0.0002,1.0269
20.4598,0.2535,0.7075,0.2285,-0.0928,0.2466,0.0028,-0.0034,-0.7722,0.6534,0.1947,-0.0942,0.2163,-0.1183,0.0002,1.0271
20.4601,0.2555,0.7070,0.2280,-0.0914,0.2457,0.0029,-0.0040,-0.7705,0.6529,0.1937,-0.0928,0.2148,-0.1143,0.0001,1.0274
20.4797,0.2576,0.7066,0.2288,-0.0907,0.2461,0.0030,-0.0048,-0.7689,0.6524,0.1940,-0.0922,0.2148,-0.1111,-0.0004,1.0279
20.4801,0.2596,0.7062,0.2291,-0.0899,0.2461,0.0030,-0.0068,-0.7672,0.6520,0.1938,-0.0909,0.2141,-0.1082,-0.0010,1.0282
20.4896,0.2618,0.7058,0.2296,-0.0890,0.2462,0.0030,-0.0083,-0.7655,0.6515,0.1941,-0.0900,0.2140,-0.1053,-0.0023,1.0288
20.4900,0.2639,0.7053,0.2306,-0.0882,0.2469,0.0029,-0.0089,-0.7639,0.6511,0.1944,-0.0891,0.2139,-0.1026,-0.0036,1.0292
20.5098,0.2660,0.7049,0.2305,-0.0867,0.2463,0.0027,-0.0086,-0.7622,0.6506,0.1941,-0.0876,0.2129,-0.1006,-0.0059,1.0296
20.5103,0.2680,0.7043,0.2305,-0.0867,0.2463,0.0026,-0.0086,-0.7605,0.6501,0.1946,-0.0869,0.2131,-0.0976,-0.0083,1.0300
20.5194,0.2698,0.7039,0.2317,-0.0851,0.2469,0.0027,-0.0085,-0.7589,0.6496,0.1943,-0.0860,0.2125,-0.0946,-0.0092,1.0302
20.5197,0.2721,0.7034,0.2317,-0.0851,0.2469,0.0027,-0.0085,-0.7569,0.6490,0.1941,-0.0853,0.2121,-0.0905,-0.0089,1.0304
20.5398,0.2740,0.7031,0.2323,-0.0834,0.2468,0.0028,-0.0046,-0.7553,0.6486,0.1945,-0.0847,0.2121,-0.0879,-0.0072,1.0307
20.5402,0.2760,0.7028,0.2323,-0.0834,0.2468,0.0028,-0.0046,-0.7535,0.6481,0.1945,-0.0847,0.2121,-0.0855,-0.0072,1.0309
20.5595,0.2780,0.7025,0.2329,-0.0817,0.2468,0.0028,-0.0012,-0.7518,0.6476,0.1949,-0.0833,0.2120,-0.0830,0.0010,1.0312
20.5598,0.2802,0.7021,0.2329,-0.0817,0.2468,0.0028,-0.0012,-0.7500,0.6470,0.1949,-0.0833,0.2120,-0.0800,0.0010,1.0317
20.5795,0.2825,0.7017,0.2340,-0.0796,0.2472,0.0028,-0.0023,-0.7482,0.6465,0.1954,-0.0818,0.2119,-0.0774,0.0064,1.0321
20.5799,0.2825,0.7017,0.2340,-0.0796,0.2472,0.0028,-0.0023,-0.7464,0.6459,0.1954,-0.0818,0.2119,-0.0738,0.0064,1.0304
20.5894,0.2869,0.7008,0.2353,-0.0773,0.2477,0.0026,-0.0087,-0.7445,0.6453,0.1962,-0.0803,0.2120,-0.0700,0.0104,1.0329
20.5896,0.2887,0.7004,0.2353,-0.0773,0.2477,0.0026,-0.0087,-0.7429,0.6448,0.1962,-0.0803,0.2120,-0.0673,0.0104,1.0331
20.6096,0.2909,0.7001,0.2358,-0.0753,0.2476,0.0027,-0.0120,-0.7411,0.6443,0.1966,-0.0790,0.2119,-0.0644,0.0125,1.0335
20.6098,0.2928,0.6998,0.2360,-0.0741,0.2474,0.0027,-0.0120,-0.7395,0.6439,0.1966,-0.0790,0.2119,-0.0614,0.0125,1.0338
20.6297,0.2949,0.6995,0.2364,-0.0732,0.2475,0.0027,-0.0110,-0.7376,0.6435,0.1971,-0.0774,0.2117,-0.0580,0.0144,1.0340
20.6300,0.2969,0.6993,0.2366,-0.0722,0.2473,0.0026,-0.0106,-0.7359,0.6430,0.1971,-0.0774,0.2117,-0.0545,0.0144,1.0343
20.6396,0.2989,0.6990,0.2372,-0.0714,0.2477,0.0025,-0.0091,-0.7341,0.6426,0.1983,-0.0760,0.2123,-0.0506,0.0132,1.0346
20.6402,0.3010,0.6988,0.2372,-0.0714,0.2477,0.0023,-0.0091,-0.7323,0.6422,0.1983,-0.0760,0.2123,-0.0474,0.0132,1.0348
20.6598,0.3032,0.6985,0.2375,-0.0686,0.2472,0.0020,-0.0120,-0.7305,0.6417,0.1987,-0.0740,0.2121,-0.0440,0.0118,1.0352
20.6602,0.3053,0.6982,0.2375,-0.0686,0.2472,0.0021,-0.0120,-0.7286,0.6412,0.1994,-0.0733,0.2125,-0.0404,0.0114,1.0355
20.6694,0.3072,0.6980,0.2377,-0.0662,0.2467,0.0022,-0.0133,-0.7271,0.6408,0.1997,-0.0724,0.2124,-0.0379,0.0110,1.0358
20.6799,0.3096,0.6976,0.2372,-0.0647,0.2459,0.0022,-0.0115,-0.7251,0.6402,0.1994,-0.0715,0.2118,-0.0346,0.0111,1.0363
20.6804,0.3114,0.6974,0.2388,-0.0642,0.2473,0.0023,-0.0116,-0.7236,0.6398,0.1994,-0.0715,0.2118,-0.0324,0.0111,1.0366
20.6997,0.3136,0.6973,0.2381,-0.0628,0.2462,0.0023,-0.0119,-0.7217,0.6393,0.2002,-0.0707,0.2124,-0.0292,0.0156,1.0369
20.7002,0.3155,0.6972,0.2381,-0.0628,0.2462,0.0023,-0.0119,-0.7200,0.6389,0.2002,-0.0707,0.2124,-0.0260,0.0156,1.0371
20.7199,0.3175,0.6970,0.2385,-0.0600,0.2460,0.0023,-0.0107,-0.7181,0.6384,0.2011,-0.0692,0.2127,-0.0228,0.0179,1.0372
20.7203,0.3194,0.6969,0.2384,-0.0584,0.2454,0.0023,-0.0104,-0.7164,0.6380,0.2015,-0.0682,0.2127,-0.0193,0.0180,1.0374
20.7299,0.3214,0.6968,0.2385,-0.0570,0.2452,0.0025,-0.0107,-0.7144,0.6376,0.2019,-0.0674,0.2128,-0.0151,0.0177,1.0375
20.7303,0.3232,0.6967,0.2390,-0.0557,0.2454,0.0026,-0.0107,-0.7128,0.6372,0.2033,-0.0670,0.2141,-0.0124,0.0175,1.0377
20.7497,0.3252,0.6966,0.2385,-0.0543,0.2446,0.0027,-0.0092,-0.7111,0.6368,0.2035,-0.0660,0.2139,-0.0094,0.0173,1.0379
20.7500,0.3274,0.6964,0.2386,-0.0531,0.2445,0.0029,-0.0051,-0.7091,0.6363,0.2039,-0.0654,0.2141,-0.0047,0.0177,1.0382
20.7594,0.3292,0.6964,0.2387,-0.0517,0.2443,0.0031,0.0014,-0.7075,0.6360,0.2044,-0.0648,0.2145,-0.0022,0.0171,1.0384
20.7696,0.3313,0.6963,0.2386,-0.0505,0.2438,0.0033,0.0070,-0.7054,0.6357,0.2045,-0.0640,0.2142,0.0009,0.0172,1.0385
20.7698,0.3332,0.6962,0.2386,-0.0505,0.2438,0.0033,0.0070,-0.7038,0.6354,0.2045,-0.0640,0.2142,0.0040,0.0172,1.0388
20.7896,0.3355,0.6962,0.2391,-0.0482,0.2439,0.0032,0.0125,-0.7018,0.6351,0.2053,-0.0624,0.2146,0.0077,0.0170,1.0391
20.7900,0.3373,0.6962,0.2391,-0.0482,0.2439,0.0032,0.0125,-0.7003,0.6349,0.2053,-0.0624,0.2146,0.0098,0.0170,1.0393
20.8095,0.3394,0.6962,0.2395,-0.0455,0.2438,0.0031,0.0144,-0.6984,0.6346,0.2060,-0.0603,0.2147,0.0134,0.0175,1.0396
20.8098,0.3412,0.6962,0.2395,-0.0455,0.2438,0.0030,0.0144,-0.6968,0.6343,0.2068,-0.0595,0.2152,0.0160,0.0185,1.0398
20.8196,0.3432,0.6963,0.2398,-0.0428,0.2436,0.0029,0.0121,-0.6950,0.6340,0.2071,-0.0586,0.2152,0.0187,0.0198,1.0400
20.8296,0.3455,0.6963,0.2399,-0.0414,0.2434,0.0026,0.0122,-0.6929,0.6336,0.2075,-0.0578,0.2154,0.0219,0.0207,1.0403
20.8299,0.3473,0.6963,0.2399,-0.0414,0.2434,0.0025,0.0122,-0.6912,0.6334,0.2085,-0.0571,0.2161,0.0247,0.0219,1.0404
20.8499,0.3496,0.6964,0.2408,-0.0390,0.2439,0.0014,0.0142,-0.6891,0.6332,0.2088,-0.0562,0.2163,0.0268,0.0220,1.0406
20.8503,0.3515,0.6965,0.2415,-0.0373,0.2443,0.0006,0.0139,-0.6872,0.6330,0.2094,-0.0552,0.2166,0.0283,0.0221,1.0406
20.8593,0.3536,0.6968,0.2418,-0.0358,0.2444,-0.0008,0.0136,-0.6850,0.6329,0.2099,-0.0543,0.2168,0.0311,0.0212,1.0406
20.8595,0.3550,0.6970,0.2418,-0.0358,0.2444,-0.0030,0.0136,-0.6832,0.6327,0.2099,-0.0543,0.2168,0.0331,0.0212,1.0402
20.8796,0.3562,0.6973,0.2414,-0.0326,0.2436,-0.0062,0.0044,-0.6813,0.6326,0.2113,-0.0526,0.2177,0.0351,0.0171,1.0395
20.8798,0.3568,0.6976,0.2414,-0.0326,0.2436,-0.0095,0.0044,-0.6795,0.6325,0.2113,-0.0526,0.2177,0.0371,0.0171,1.0383
20.8996,0.3571,0.6980,0.2370,-0.0291,0.2388,-0.0145,-0.0037,-0.6775,0.6323,0.2122,-0.0506,0.2182,0.0394,0.0172,1.0367
20.8999,0.3573,0.6984,0.2370,-0.0291,0.2388,-0.0200,-0.0037,-0.6758,0.6322,0.2126,-0.0498,0.2184,0.0420,0.0184,1.0352
20.9094,0.3574,0.6987,0.2303,-0.0251,0.2317,-0.0264,-0.0039,-0.6740,0.6321,0.2127,-0.0489,0.2183,0.0451,0.0198,1.0335
20.9098,0.3578,0.6991,0.2303,-0.0251,0.2317,-0.0327,-0.0039,-0.6719,0.6320,0.2131,-0.0481,0.2184,0.0483,0.0200,1.0318
20.9297,0.3584,0.6995,0.2236,-0.0210,0.2246,-0.0374,-0.0083,-0.6699,0.6320,0.2137,-0.0471,0.2188,0.0507,0.0191,1.0305
20.9400,0.3595,0.6999,0.2211,-0.0191,0.2219,-0.0422,-0.0094,-0.6678,0.6319,0.2146,-0.0462,0.2195,0.0536,0.0174,1.0296
20.9404,0.3607,0.7002,0.2197,-0.0172,0.2204,-0.0452,-0.0099,-0.6661,0.6319,0.2153,-0.0450,0.2200,0.0559,0.0150,1.0290
20.9599,0.3623,0.7004,0.2180,-0.0155,0.2185,-0.0480,-0.0100,-0.6641,0.6318,0.2155,-0.0439,0.2199,0.0579,0.0137,1.0287
20.9603,0.3639,0.7006,0.2176,-0.0140,0.2180,-0.0496,-0.0089,-0.6625,0.6318,0.2161,-0.0431,0.2203,0.0598,0.0138,1.0287
20.9696,0.3654,0.7009,0.2167,-0.0128,0.2171,-0.0519,-0.0068,-0.6608,0.6318,0.2159,-0.0421,0.2200,0.0619,0.0147,1.0285
20.9699,0.3670,0.7011,0.2167,-0.0128,0.2171,-0.0540,-0.0068,-0.6589,0.6317,0.2159,-0.0421,0.2200,0.0640,0.0147,1.0282
20.9897,0.3683,0.7014,0.2148,-0.0101,0.2151,-0.0553,-0.0032,-0.6570,0.6317,0.2167,-0.0404,0.2204,0.0665,0.0177,1.0277
20.9901,0.3696,0.7017,0.2148,-0.0101,0.2151,-0.0566,-0.0032,-0.6549,0.6317,0.2171,-0.0396,0.2207,0.0690,0.0195,1.0269
20.9995,0.3705,0.7019,0.2113,-0.0073,0.2114,-0.0582,-0.0023,-0.6531,0.6318,0.2179,-0.0387,0.2213,0.0708,0.0206,1.0260
21.0196,0.3717,0.7023,0.2091,-0.0059,0.2092,-0.0609,-0.0020,-0.6508,0.6318,0.2183,-0.0378,0.2215,0.0740,0.0222,1.0249
21.0200,0.3725,0.7025,0.2091,-0.0059,0.2092,-0.0629,-0.0020,-0.6491,0.6318,0.2183,-0.0378,0.2215,0.0758,0.0222,1.0240
21.0295,0.3738,0.7028,0.2053,-0.0029,0.2054,-0.0666,-0.0058,-0.6467,0.6319,0.2196,-0.0357,0.2225,0.0789,0.0230,1.0230
21.0298,0.3751,0.7030,0.2053,-0.0029,0.2054,-0.0704,-0.0058,-0.6449,0.6320,0.2196,-0.0357,0.2225,0.0817,0.0230,1.0225
21.0500,0.3766,0.7033,0.2023,-0.0002,0.2023,-0.0748,-0.0065,-0.6428,0.6322,0.2208,-0.0331,0.2232,0.0850,0.0179,1.0218
21.0504,0.3780,0.7036,0.2023,-0.0002,0.2023,-0.0785,-0.0065,-0.6407,0.6324,0.2214,-0.0318,0.2236,0.0881,0.0139,1.0212
21.0700,0.3796,0.7039,0.2001,0.0022,0.2001,-0.0825,-0.0058,-0.6386,0.6326,0.2222,-0.0305,0.2243,0.0913,0.0111,1.0207
21.0703,0.3811,0.7042,0.1989,0.0036,0.1989,-0.0852,-0.0066,-0.6366,0.6329,0.2228,-0.0288,0.2247,0.0941,0.0084,1.0202
21.0798,0.3826,0.7045,0.1973,0.0051,0.1974,-0.0876,-0.0076,-0.6344,0.6332,0.2232,-0.0271,0.2249,0.0970,0.0059,1.0195
21.0802,0.3843,0.7047,0.1973,0.0051,0.1974,-0.0906,-0.0076,-0.6322,0.6335,0.2241,-0.0253,0.2255,0.1002,0.0025,1.0190
21.0895,0.3857,0.7049,0.1948,0.0079,0.1949,-0.0929,-0.0103,-0.6302,0.6338,0.2246,-0.0235,0.2258,0.1034,0.0002,1.0184
21.0898,0.3875,0.7051,0.1948,0.0079,0.1949,-0.0959,-0.0103,-0.6277,0.6341,0.2254,-0.0221,0.2265,0.1067,-0.0003,1.0178
21.1099,0.3891,0.7053,0.1933,0.0101,0.1935,-0.0986,-0.0124,-0.6256,0.6343,0.2267,-0.0205,0.2276,0.1095,0.0005,1.0172
21.1102,0.3909,0.7056,0.1925,0.0110,0.1929,-0.1018,-0.0128,-0.6233,0.6346,0.2277,-0.0193,0.2286,0.1129,-0.0004,1.0167
21.1298,0.3925,0.7057,0.1920,0.0121,0.1924,-0.1045,-0.0131,-0.6212,0.6348,0.2286,-0.0177,0.2293,0.1154,-0.0022,1.0162
21.1301,0.3944,0.7060,0.1920,0.0121,0.1924,-0.1081,-0.0131,-0.6188,0.6352,0.2286,-0.0177,0.2293,0.1186,-0.0022,1.0156
21.1397,0.3960,0.7063,0.1909,0.0140,0.1914,-0.1106,-0.0123,-0.6169,0.6355,0.2306,-0.0147,0.2310,0.1214,-0.0061,1.0154
21.1399,0.3978,0.7066,0.1901,0.0150,0.1906,-0.1141,-0.0111,-0.6145,0.6360,0.2306,-0.0147,0.2310,0.1244,-0.0061,1.0148
21.1597,0.3997,0.7069,0.1893,0.0161,0.1900,-0.1171,-0.0119,-0.6119,0.6365,0.2320,-0.0114,0.2322,0.1283,-0.0064,1.0141
21.1601,0.4015,0.7071,0.1893,0.0161,0.1900,-0.1196,-0.0119,-0.6096,0.6369,0.2320,-0.0114,0.2322,0.1315,-0.0064,1.0135
21.1797,0.4035,0.7073,0.1885,0.0183,0.1894,-0.1217,-0.0154,-0.6068,0.6375,0.2349,-0.0079,0.2350,0.1351,-0.0102,1.0127
21.1800,0.4052,0.7075,0.1885,0.0183,0.1894,-0.1232,-0.0154,-0.6047,0.6379,0.2349,-0.0079,0.2350,0.1373,-0.0102,1.0123
21.1897,0.4074,0.7076,0.1877,0.0201,0.1888,-0.1248,-0.0152,-0.6023,0.6385,0.2378,-0.0039,0.2378,0.1399,-0.0232,1.0120
21.1901,0.4091,0.7077,0.1877,0.0201,0.1888,-0.1257,-0.0152,-0.6005,0.6389,0.2378,-0.0039,0.2378,0.1421,-0.0232,1.0119
21.2098,0.4112,0.7078,0.1872,0.0211,0.1884,-0.1274,-0.0146,-0.5985,0.6395,0.2390,0.0001,0.2390,0.1438,-0.0272,1.0120
21.2102,0.4131,0.7080,0.1872,0.0211,0.1884,-0.1284,-0.0146,-0.5967,0.6400,0.2390,0.0001,0.2390,0.1458,-0.0272,1.0121
21.2295,0.4153,0.7081,0.1873,0.0221,0.1886,-0.1295,-0.0156,-0.5948,0.6405,0.2393,0.0039,0.2393,0.1481,-0.0252,1.0124
21.2299,0.4172,0.7082,0.1873,0.0221,0.1886,-0.1302,-0.0156,-0.5929,0.6410,0.2393,0.0039,0.2393,0.1505,-0.0252,1.0124
21.2396,0.4196,0.7084,0.1881,0.0231,0.1895,-0.1311,-0.0158,-0.5907,0.6416,0.2396,0.0075,0.2398,0.1533,-0.0186,1.0126
21.2399,0.4216,0.7085,0.1881,0.0231,0.1895,-0.1318,-0.0158,-0.5887,0.6421,0.2396,0.0075,0.2398,0.1564,-0.0186,1.0125
21.2597,0.4238,0.7086,0.1885,0.0241,0.1900,-0.1329,-0.0224,-0.5866,0.6427,0.2407,0.0116,0.2410,0.1592,-0.0166,1.0126
21.2695,0.4262,0.7088,0.1893,0.0245,0.1908,-0.1341,-0.0249,-0.5843,0.6434,0.2417,0.0133,0.2420,0.1625,-0.0171,1.0125
21.2698,0.4281,0.7089,0.1893,0.0245,0.1908,-0.1348,-0.0249,-0.5823,0.6440,0.2423,0.0156,0.2428,0.1644,-0.0178,1.0125
21.2893,0.4303,0.7091,0.1899,0.0254,0.1916,-0.1352,-0.0307,-0.5803,0.6446,0.2432,0.0173,0.2438,0.1661,-0.0197,1.0127
21.2896,0.4324,0.7092,0.1899,0.0254,0.1916,-0.1357,-0.0307,-0.5785,0.6452,0.2430,0.0190,0.2437,0.1678,-0.0205,1.0129
21.2997,0.4347,0.7094,0.1903,0.0261,0.1921,-0.1361,-0.0357,-0.5766,0.6457,0.2435,0.0205,0.2444,0.1697,-0.0210,1.0133
21.2999,0.4370,0.7095,0.1903,0.0261,0.1921,-0.1365,-0.0357,-0.5748,0.6463,0.2435,0.0205,0.2444,0.1712,-0.0210,1.0137
21.3197,0.4392,0.7097,0.1916,0.0266,0.1934,-0.1368,-0.0341,-0.5729,0.6468,0.2440,0.0239,0.2451,0.1730,-0.0223,1.0141
21.3200,0.4417,0.7098,0.1916,0.0266,0.1934,-0.1369,-0.0341,-0.5710,0.6474,0.2440,0.0239,0.2451,0.1758,-0.0223,1.0146
21.3295,0.4438,0.7099,0.1924,0.0271,0.1943,-0.1369,-0.0339,-0.5693,0.6480,0.2437,0.0276,0.2453,0.1774,-0.0208,1.0150
21.3298,0.4461,0.7101,0.1924,0.0271,0.1943,-0.1369,-0.0339,-0.5675,0.6486,0.2438,0.0292,0.2455,0.1786,-0.0198,1.0154
21.3493,0.4484,0.7102,0.1930,0.0273,0.1949,-0.1369,-0.0360,-0.5657,0.6493,0.2431,0.0309,0.2451,0.1799,-0.0205,1.0158
21.3495,0.4509,0.7105,0.1930,0.0273,0.1949,-0.1369,-0.0360,-0.5636,0.6501,0.2431,0.0309,0.2451,0.1815,-0.0205,1.0163
21.3696,0.4554,0.7109,0.1947,0.0274,0.1966,-0.1372,-0.0364,-0.5618,0.6508,0.2429,0.0345,0.2453,0.1823,-0.0192,1.0190
21.3698,0.4554,0.7109,0.1947,0.0274,0.1966,-0.1372,-0.0364,-0.5600,0.6514,0.2429,0.0361,0.2455,0.1837,-0.0178,1.0172
21.3896,0.4577,0.7110,0.1985,0.0272,0.2004,-0.1373,-0.0346,-0.5583,0.6520,0.2424,0.0377,0.2454,0.1847,-0.0179,1.0177
21.3899,0.4600,0.7112,0.1985,0.0272,0.2004,-0.1375,-0.0346,-0.5566,0.6526,0.2424,0.0377,0.2454,0.1857,-0.0179,1.0183
21.3995,0.4625,0.7113,0.2057,0.0263,0.2074,-0.1375,-0.0253,-0.5547,0.6534,0.2418,0.0406,0.2451,0.1870,-0.0193,1.0188
21.3998,0.4648,0.7115,0.2057,0.0263,0.2074,-0.1376,-0.0253,-0.5530,0.6540,0.2423,0.0423,0.2459,0.1883,-0.0203,1.0195
21.4197,0.4693,0.7119,0.2190,0.0252,0.2204,-0.1376,-0.0001,-0.5510,0.6547,0.2419,0.0437,0.2458,0.1896,-0.0202,1.0219
21.4199,0.4693,0.7119,0.2190,0.0252,0.2204,-0.1376,-0.0001,-0.5493,0.6552,0.2419,0.0437,0.2458,0.1906,-0.0202,1.0202
21.4293,0.4719,0.7122,0.2219,0.0248,0.2232,-0.1376,0.0020,-0.5472,0.6560,0.2412,0.0465,0.2456,0.1928,-0.0159,1.0206
21.4298,0.4741,0.7125,0.2248,0.0246,0.2262,-0.1377,-0.0019,-0.5454,0.6566,0.2412,0.0465,0.2456,0.1940,-0.0159,1.0210
21.4494,0.4763,0.7128,0.2267,0.0246,0.2281,-0.1378,-0.0051,-0.5436,0.6572,0.2413,0.0495,0.2463,0.1951,-0.0090,1.0214
21.4497,0.4785,0.7130,0.2267,0.0246,0.2281,-0.1379,-0.0051,-0.5418,0.6578,0.2413,0.0495,0.2463,0.1966,-0.0090,1.0218
21.4699,0.4808,0.7133,0.2293,0.0248,0.2307,-0.1379,-0.0131,-0.5399,0.6585,0.2415,0.0521,0.2470,0.1989,-0.0041,1.0222
21.4701,0.4829,0.7135,0.2293,0.0248,0.2307,-0.1379,-0.0131,-0.5381,0.6592,0.2417,0.0535,0.2475,0.2005,-0.0028,1.0224
21.4798,0.4851,0.7137,0.2318,0.0247,0.2331,-0.1379,-0.0165,-0.5363,0.6600,0.2415,0.0549,0.2477,0.2028,-0.0034,1.0228
21.4802,0.4874,0.7141,0.2318,0.0247,0.2331,-0.1378,-0.0165,-0.5343,0.6609,0.2415,0.0549,0.2477,0.2047,-0.0034,1.0232
21.4996,0.4896,0.7145,0.2358,0.0249,0.2371,-0.1377,-0.0176,-0.5327,0.6616,0.2412,0.0582,0.2481,0.2056,-0.0054,1.0237
21.5000,0.4921,0.7149,0.2358,0.0249,0.2371,-0.1375,-0.0176,-0.5308,0.6626,0.2412,0.0582,0.2481,0.2071,-0.0054,1.0242
21.5200,0.4942,0.7153,0.2408,0.0253,0.2421,-0.1372,-0.0173,-0.5291,0.6633,0.2400,0.0616,0.2478,0.2085,-0.0058,1.0246
21.5203,0.4966,0.7157,0.2434,0.0257,0.2447,-0.1369,-0.0167,-0.5271,0.6641,0.2400,0.0631,0.2482,0.2104,-0.0052,1.0250
21.5299,0.4987,0.7161,0.2456,0.0259,0.2469,-0.1366,-0.0168,-0.5255,0.6647,0.2391,0.0644,0.2477,0.2117,-0.0048,1.0254
21.5302,0.5009,0.7164,0.2456,0.0259,0.2469,-0.1364,-0.0168,-0.5235,0.6655,0.2391,0.0644,0.2477,0.2135,-0.0048,1.0257
21.5497,0.5032,0.7169,0.2487,0.0262,0.2501,-0.1360,-0.0189,-0.5215,0.6662,0.2386,0.0666,0.2477,0.2155,-0.0005,1.0260
21.5500,0.5051,0.7172,0.2487,0.0262,0.2501,-0.1357,-0.0189,-0.5198,0.6669,0.2384,0.0678,0.2478,0.2167,0.0038,1.0262
21.5698,0.5075,0.7177,0.2510,0.0265,0.2524,-0.1341,-0.0199,-0.5176,0.6678,0.2377,0.0685,0.2473,0.2184,0.0060,1.0263
21.5702,0.5092,0.7179,0.2510,0.0265,0.2524,-0.1328,-0.0199,-0.5161,0.6684,0.2379,0.0697,0.2479,0.2192,0.0077,1.0265
21.5797,0.5116,0.7182,0.2532,0.0268,0.2547,-0.1302,-0.0159,-0.5140,0.6693,0.2366,0.0703,0.2468,0.2207,0.0099,1.0268
21.5802,0.5136,0.7184,0.2532,0.0268,0.2547,-0.1284,-0.0159,-0.5123,0.6701,0.2366,0.0703,0.2468,0.2219,0.0099,1.0271
21.5996,0.5158,0.7186,0.2558,0.0270,0.2572,-0.1260,0.0113,-0.5106,0.6709,0.2357,0.0727,0.2467,0.2230,0.0136,1.0275
21.5999,0.5176,0.7189,0.2558,0.0270,0.2572,-0.1237,0.0113,-0.5089,0.6717,0.2357,0.0727,0.2467,0.2243,0.0136,1.0276
21.6096,0.5196,0.7192,0.2570,0.0271,0.2584,-0.1211,0.0263,-0.5069,0.6727,0.2334,0.0748,0.2451,0.2256,0.0178,1.0276
21.6100,0.5214,0.7195,0.2570,0.0271,0.2584,-0.1192,0.0263,-0.5052,0.6734,0.2334,0.0748,0.2451,0.2272,0.0178,1.0276
21.6296,0.5232,0.7198,0.2578,0.0275,0.2593,-0.1181,0.0334,-0.5034,0.6741,0.2320,0.0771,0.2444,0.2291,0.0264,1.0276
21.6299,0.5249,0.7202,0.2576,0.0275,0.2590,-0.1165,0.0349,-0.5017,0.6748,0.2307,0.0777,0.2435,0.2309,0.0299,1.0275
21.6499,0.5266,0.7205,0.2577,0.0279,0.2592,-0.1145,0.0359,-0.5001,0.6755,0.2305,0.0786,0.2435,0.2326,0.0328,1.0277
21.6503,0.5288,0.7210,0.2575,0.0279,0.2590,-0.1126,0.0391,-0.4981,0.6764,0.2288,0.0791,0.2421,0.2347,0.0361,1.0278
21.6597,0.5305,0.7215,0.2581,0.0283,0.2597,-0.1115,0.0420,-0.4965,0.6771,0.2277,0.0799,0.2414,0.2360,0.0418,1.0280
21.6602,0.5328,0.7222,0.2581,0.0288,0.2597,-0.1100,0.0426,-0.4946,0.6780,0.2261,0.0805,0.2400,0.2382,0.0466,1.0283
21.6799,0.5345,0.7228,0.2585,0.0298,0.2602,-0.1090,0.0413,-0.4929,0.6786,0.2244,0.0811,0.2386,0.2399,0.0578,1.0283
21.6804,0.5364,0.7235,0.2585,0.0307,0.2603,-0.1083,0.0411,-0.4909,0.6794,0.2237,0.0815,0.2381,0.2417,0.0635,1.0283
21.6997,0.5380,0.7243,0.2580,0.0319,0.2600,-0.1074,0.0402,-0.4891,0.6801,0.2228,0.0818,0.2373,0.2439,0.0688,1.0281
21.7000,0.5394,0.7251,0.2579,0.0332,0.2600,-0.1071,0.0338,-0.4873,0.6807,0.2228,0.0822,0.2375,0.2456,0.0749,1.0277
21.7095,0.5413,0.7260,0.2565,0.0345,0.2589,-0.1073,0.0276,-0.4855,0.6814,0.2224,0.0825,0.2372,0.2476,0.0782,1.0277
21.7098,0.5431,0.7269,0.2564,0.0362,0.2589,-0.1075,0.0037,-0.4836,0.6821,0.2225,0.0829,0.2375,0.2493,0.0803,1.0276
21.7298,0.5448,0.7277,0.2555,0.0377,0.2583,-0.1077,-0.0040,-0.4817,0.6828,0.2225,0.0832,0.2376,0.2507,0.0787,1.0274
21.7303,0.5465,0.7283,0.2551,0.0390,0.2580,-0.1077,-0.0059,-0.4798,0.6836,0.2225,0.0837,0.2378,0.2518,0.0765,1.0273
21.7497,0.5484,0.7289,0.2537,0.0399,0.2568,-0.1076,-0.0046,-0.4780,0.6844,0.2218,0.0840,0.2372,0.2528,0.0740,1.0274
21.7500,0.5504,0.7296,0.2537,0.0399,0.2568,-0.1074,-0.0046,-0.4762,0.6852,0.2214,0.0846,0.2370,0.2533,0.0725,1.0275
21.7698,0.5523,0.7303,0.2531,0.0419,0.2566,-0.1072,-0.0060,-0.4746,0.6861,0.2208,0.0851,0.2367,0.2537,0.0725,1.0278
21.7701,0.5542,0.7310,0.2531,0.0419,0.2566,-0.1070,-0.0060,-0.4730,0.6869,0.2208,0.0851,0.2367,0.2538,0.0725,1.0281
21.7797,0.5561,0.7318,0.2521,0.0441,0.2560,-0.1065,-0.0029,-0.4715,0.6877,0.2186,0.0857,0.2348,0.2539,0.0674,1.0285
21.7801,0.5581,0.7327,0.2521,0.0441,0.2560,-0.1058,-0.0029,-0.4699,0.6886,0.2177,0.0863,0.2342,0.2540,0.0653,1.0289
21.7998,0.5601,0.7336,0.2513,0.0469,0.2557,-0.1055,-0.0020,-0.4682,0.6895,0.2173,0.0870,0.2340,0.2541,0.0638,1.0293
21.8002,0.5622,0.7344,0.2508,0.0484,0.2555,-0.1049,-0.0029,-0.4665,0.6904,0.2173,0.0870,0.2340,0.2542,0.0638,1.0296
21.8095,0.5643,0.7352,0.2505,0.0498,0.2554,-0.1044,-0.0036,-0.4647,0.6913,0.2166,0.0883,0.2339,0.2543,0.0578,1.0299
21.8295,0.5667,0.7361,0.2501,0.0511,0.2553,-0.1039,-0.0048,-0.4625,0.6923,0.2165,0.0889,0.2340,0.2542,0.0521,1.0301
21.8298,0.5684,0.7366,0.2501,0.0511,0.2553,-0.1036,-0.0048,-0.4610,0.6929,0.2165,0.0889,0.2340,0.2542,0.0521,1.0303
21.8395,0.5707,0.7373,0.2492,0.0534,0.2549,-0.1026,-0.0055,-0.4590,0.6938,0.2167,0.0898,0.2346,0.2542,0.0428,1.0306
21.8398,0.5730,0.7381,0.2492,0.0534,0.2549,-0.1013,-0.0055,-0.4570,0.6947,0.2167,0.0898,0.2346,0.2543,0.0428,1.0309
21.8597,0.5751,0.7390,0.2493,0.0558,0.2554,-0.1004,-0.0047,-0.4552,0.6955,0.2174,0.0909,0.2356,0.2543,0.0434,1.0312
21.8601,0.5773,0.7399,0.2493,0.0558,0.2554,-0.0996,-0.0047,-0.4534,0.6963,0.2168,0.0908,0.2350,0.2543,0.0428,1.0316
21.8799,0.5794,0.7408,0.2484,0.0584,0.2552,-0.0988,-0.0044,-0.4516,0.6971,0.2168,0.0912,0.2352,0.2542,0.0429,1.0319
21.8802,0.5817,0.7416,0.2484,0.0584,0.2552,-0.0978,-0.0044,-0.4499,0.6978,0.2168,0.0912,0.2352,0.2537,0.0429,1.0325
21.8895,0.5839,0.7423,0.2479,0.0611,0.2554,-0.0969,-0.0053,-0.4481,0.6985,0.2169,0.0915,0.2354,0.2524,0.0445,1.0329
21.8995,0.5865,0.7433,0.2479,0.0624,0.2556,-0.0955,-0.0060,-0.4456,0.6996,0.2171,0.0917,0.2357,0.2525,0.0438,1.0330
21.8998,0.5883,0.7440,0.2479,0.0624,0.2556,-0.0942,-0.0060,-0.4440,0.7002,0.2171,0.0917,0.2357,0.2523,0.0438,1.0332
21.9098,0.5908,0.7450,0.2469,0.0650,0.2554,-0.0929,-0.0090,-0.4418,0.7012,0.2180,0.0925,0.2368,0.2511,0.0434,1.0335
21.9101,0.5929,0.7460,0.2471,0.0666,0.2559,-0.0919,-0.0100,-0.4400,0.7020,0.2183,0.0930,0.2373,0.2500,0.0399,1.0338
21.9298,0.5951,0.7472,0.2472,0.0682,0.2564,-0.0909,-0.0104,-0.4381,0.7029,0.2187,0.0936,0.2379,0.2483,0.0379,1.0342
21.9301,0.5971,0.7481,0.2472,0.0682,0.2564,-0.0904,-0.0104,-0.4365,0.7036,0.2181,0.0938,0.2374,0.2469,0.0353,1.0346
21.9498,0.5991,0.7491,0.2461,0.0713,0.2562,-0.0902,-0.0074,-0.4348,0.7043,0.2179,0.0940,0.2373,0.2457,0.0319,1.0350
21.9501,0.6016,0.7502,0.2461,0.0713,0.2562,-0.0900,-0.0074,-0.4328,0.7052,0.2179,0.0940,0.2373,0.2433,0.0319,1.0353
21.9598,0.6035,0.7510,0.2461,0.0742,0.2570,-0.0897,-0.0098,-0.4311,0.7059,0.2181,0.0947,0.2378,0.2415,0.0254,1.0356
21.9602,0.6059,0.7520,0.2461,0.0742,0.2570,-0.0893,-0.0098,-0.4290,0.7067,0.2177,0.0947,0.2374,0.2401,0.0229,1.0359
21.9800,0.6079,0.7529,0.2459,0.0770,0.2577,-0.0886,-0.0100,-0.4272,0.7074,0.2182,0.0950,0.2379,0.2380,0.0215,1.0361
21.9803,0.6102,0.7539,0.2459,0.0770,0.2577,-0.0871,-0.0100,-0.4254,0.7083,0.2182,0.0950,0.2379,0.2360,0.0215,1.0366
21.9898,0.6123,0.7548,0.2455,0.0797,0.2581,-0.0858,-0.0099,-0.4237,0.7090,0.2179,0.0948,0.2377,0.2348,0.0197,1.0370
21.9998,0.6149,0.7560,0.2454,0.0807,0.2583,-0.0841,-0.0089,-0.4215,0.7099,0.2180,0.0946,0.2377,0.2330,0.0199,1.0375
22.0001,0.6171,0.7568,0.2454,0.0807,0.2583,-0.0829,-0.0089,-0.4198,0.7106,0.2180,0.0946,0.2377,0.2320,0.0199,1.0380
22.0199,0.6195,0.7577,0.2459,0.0830,0.2595,-0.0816,-0.0066,-0.4179,0.7114,0.2185,0.0945,0.2381,0.2313,0.0204,1.0384
22.0202,0.6217,0.7586,0.2457,0.0841,0.2597,-0.0799,-0.0062,-0.4161,0.7122,0.2185,0.0946,0.2381,0.2295,0.0198,1.0388
22.0398,0.6242,0.7597,0.2460,0.0850,0.2603,-0.0778,-0.0066,-0.4141,0.7132,0.2187,0.0950,0.2385,0.2268,0.0177,1.0394
22.0401,0.6265,0.7607,0.2460,0.0850,0.2603,-0.0766,-0.0066,-0.4124,0.7140,0.2187,0.0950,0.2385,0.2245,0.0177,1.0399
22.0494,0.6286,0.7617,0.2465,0.0876,0.2616,-0.0756,-0.0042,-0.4107,0.7148,0.2182,0.0956,0.2382,0.2219,0.0078,1.0403
22.0497,0.6309,0.7629,0.2465,0.0876,0.2616,-0.0745,-0.0042,-0.4087,0.7156,0.2182,0.0956,0.2382,0.2185,0.0078,1.0407
22.0697,0.6331,0.7639,0.2469,0.0905,0.2629,-0.0739,-0.0046,-0.4070,0.7163,0.2178,0.0956,0.2379,0.2154,0.0037,1.0412
22.0700,0.6356,0.7649,0.2478,0.0920,0.2643,-0.0729,-0.0073,-0.4051,0.7170,0.2181,0.0957,0.2382,0.2126,0.0029,1.0417
22.0897,0.6377,0.7657,0.2480,0.0934,0.2650,-0.0714,-0.0192,-0.4033,0.7176,0.2179,0.0954,0.2379,0.2094,0.0031,1.0421
22.0900,0.6401,0.7668,0.2480,0.0934,0.2650,-0.0702,-0.0192,-0.4014,0.7183,0.2180,0.0951,0.2378,0.2066,0.0042,1.0426
22.0996,0.6422,0.7678,0.2486,0.0964,0.2667,-0.0691,-0.0440,-0.3995,0.7190,0.2185,0.0948,0.2382,0.2041,0.0063,1.0429
22.1000,0.6444,0.7689,0.2486,0.0964,0.2667,-0.0681,-0.0440,-0.3976,0.7197,0.2188,0.0945,0.2383,0.2007,0.0068,1.0431
22.1198,0.6466,0.7701,0.2495,0.0994,0.2686,-0.0671,-0.0514,-0.3957,0.7204,0.2187,0.0941,0.2380,0.1978,0.0058,1.0435
22.1202,0.6489,0.7714,0.2495,0.0994,0.2686,-0.0663,-0.0514,-0.3937,0.7212,0.2187,0.0941,0.2380,0.1949,0.0058,1.0438
22.1399,0.6514,0.7728,0.2515,0.1033,0.2718,-0.0653,-0.0618,-0.3916,0.7221,0.2194,0.0943,0.2388,0.1912,0.0029,1.0442
22.1403,0.6536,0.7740,0.2515,0.1033,0.2718,-0.0647,-0.0618,-0.3898,0.7228,0.2194,0.0943,0.2388,0.1883,0.0029,1.0446
22.1495,0.6558,0.7750,0.2540,0.1070,0.2756,-0.0635,-0.0692,-0.3877,0.7236,0.2206,0.0946,0.2400,0.1854,-0.0034,1.0447
22.1498,0.6579,0.7759,0.2540,0.1070,0.2756,-0.0626,-0.0692,-0.3858,0.7242,0.2206,0.0946,0.2400,0.1827,-0.0034,1.0450
22.1697,0.6602,0.7770,0.2547,0.1088,0.2769,-0.0614,-0.0699,-0.3838,0.7249,0.2214,0.0942,0.2406,0.1797,-0.0079,1.0453
22.1700,0.6623,0.7780,0.2547,0.1088,0.2769,-0.0603,-0.0699,-0.3820,0.7256,0.2214,0.0942,0.2406,0.1767,-0.0079,1.0456
22.1898,0.6644,0.7792,0.2556,0.1104,0.2784,-0.0589,-0.0675,-0.3801,0.7263,0.2218,0.0938,0.2408,0.1741,-0.0137,1.0459
22.1901,0.6665,0.7802,0.2556,0.1104,0.2784,-0.0582,-0.0675,-0.3784,0.7269,0.2217,0.0938,0.2407,0.1713,-0.0170,1.0463
22.1999,0.6687,0.7813,0.2570,0.1118,0.2802,-0.0568,-0.0616,-0.3762,0.7276,0.2214,0.0936,0.2404,0.1685,-0.0230,1.0464
22.2004,0.6708,0.7823,0.2570,0.1118,0.2802,-0.0553,-0.0616,-0.3742,0.7284,0.2221,0.0938,0.2411,0.1657,-0.0282,1.0463
22.2198,0.6730,0.7833,0.2591,0.1125,0.2824,-0.0537,-0.0291,-0.3721,0.7292,0.2226,0.0940,0.2416,0.1626,-0.0318,1.0465
22.2200,0.6754,0.7844,0.2591,0.1125,0.2824,-0.0515,-0.0291,-0.3700,0.7300,0.2226,0.0940,0.2416,0.1590,-0.0318,1.0468
22.2398,0.6773,0.7854,0.2612,0.1134,0.2848,-0.0495,-0.0163,-0.3682,0.7307,0.2234,0.0942,0.2425,0.1560,-0.0345,1.0469
22.2403,0.6795,0.7866,0.2612,0.1134,0.2848,-0.0478,-0.0163,-0.3664,0.7314,0.2234,0.0942,0.2424,0.1526,-0.0325,1.0473
22.2495,0.6815,0.7876,0.2621,0.1153,0.2863,-0.0461,-0.0147,-0.3645,0.7322,0.2233,0.0941,0.2423,0.1482,-0.0305,1.0475
22.2499,0.6837,0.7888,0.2621,0.1153,0.2863,-0.0448,-0.0147,-0.3626,0.7329,0.2235,0.0939,0.2424,0.1445,-0.0294,1.0478
22.2699,0.6858,0.7898,0.2628,0.1171,0.2877,-0.0435,-0.0099,-0.3608,0.7336,0.2239,0.0937,0.2427,0.1409,-0.0258,1.0481
22.2704,0.6881,0.7909,0.2628,0.1171,0.2877,-0.0418,-0.0099,-0.3587,0.7344,0.2239,0.0937,0.2427,0.1374,-0.0258,1.0483
22.2797,0.6902,0.7920,0.2640,0.1182,0.2892,-0.0400,-0.0059,-0.3568,0.7350,0.2255,0.0932,0.2440,0.1348,-0.0108,1.0485
22.2801,0.6923,0.7931,0.2640,0.1182,0.2892,-0.0386,-0.0059,-0.3547,0.7357,0.2262,0.0928,0.2445,0.1317,-0.0009,1.0486
22.3000,0.6942,0.7942,0.2643,0.1190,0.2898,-0.0373,-0.0022,-0.3528,0.7363,0.2269,0.0925,0.2451,0.1285,0.0074,1.0487
22.3005,0.6960,0.7954,0.2641,0.1196,0.2899,-0.0362,-0.0024,-0.3510,0.7370,0.2272,0.0918,0.2451,0.1246,0.0155,1.0487
22.3199,0.6981,0.7968,0.2635,0.1204,0.2897,-0.0352,-0.0024,-0.3490,0.7378,0.2274,0.0915,0.2451,0.1198,0.0202,1.0487
22.3204,0.7000,0.7979,0.2635,0.1204,0.2897,-0.0339,-0.0024,-0.3471,0.7386,0.2270,0.0911,0.2446,0.1159,0.0234,1.0488
22.3296,0.7015,0.7987,0.2632,0.1225,0.2903,-0.0332,-0.0018,-0.3456,0.7391,0.2277,0.0913,0.2453,0.1130,0.0246,1.0488
22.3299,0.7036,0.7998,0.2632,0.1225,0.2903,-0.0318,-0.0018,-0.3434,0.7399,0.2277,0.0913,0.2453,0.1081,0.0246,1.0487
22.3498,0.7057,0.8010,0.2613,0.1234,0.2889,-0.0302,-0.0007,-0.3414,0.7407,0.2271,0.0903,0.2444,0.1027,0.0256,1.0488
22.3502,0.7077,0.8021,0.2611,0.1239,0.2890,-0.0289,0.0006,-0.3393,0.7415,0.2276,0.0903,0.2449,0.0971,0.0272,1.0487
22.3699,0.7095,0.8033,0.2607,0.1244,0.2889,-0.0283,0.0011,-0.3374,0.7422,0.2282,0.0903,0.2454,0.0923,0.0281,1.0487
22.3702,0.7117,0.8046,0.2607,0.1244,0.2889,-0.0272,0.0011,-0.3354,0.7429,0.2282,0.0903,0.2454,0.0873,0.0281,1.0489
22.3796,0.7135,0.8056,0.2600,0.1260,0.2889,-0.0262,0.0015,-0.3335,0.7436,0.2290,0.0904,0.2462,0.0823,0.0267,1.0489
22.3801,0.7157,0.8068,0.2600,0.1260,0.2889,-0.0248,0.0015,-0.3312,0.7445,0.2291,0.0903,0.2462,0.0785,0.0266,1.0487
22.3998,0.7175,0.8079,0.2584,0.1270,0.2879,-0.0239,0.0015,-0.3291,0.7451,0.2289,0.0898,0.2459,0.0743,0.0266,1.0486
22.4002,0.7197,0.8092,0.2585,0.1279,0.2884,-0.0227,0.0010,-0.3269,0.7459,0.2298,0.0899,0.2467,0.0697,0.0273,1.0486
22.4197,0.7216,0.8103,0.2579,0.1284,0.2881,-0.0218,0.0003,-0.3250,0.7464,0.2298,0.0894,0.2466,0.0656,0.0303,1.0486
22.4200,0.7234,0.8112,0.2579,0.1284,0.2881,-0.0207,0.0003,-0.3232,0.7470,0.2298,0.0894,0.2466,0.0612,0.0303,1.0486
22.4294,0.7254,0.8123,0.2566,0.1281,0.2868,-0.0192,0.0018,-0.3212,0.7476,0.2299,0.0881,0.2462,0.0562,0.0338,1.0486
22.4297,0.7274,0.8134,0.2566,0.1281,0.2868,-0.0182,0.0018,-0.3192,0.7482,0.2299,0.0881,0.2462,0.0509,0.0338,1.0486
22.4495,0.7294,0.8147,0.2564,0.1288,0.2870,-0.0172,0.0060,-0.3171,0.7490,0.2313,0.0878,0.2474,0.0460,0.0361,1.0485
22.4499,0.7312,0.8157,0.2564,0.1288,0.2870,-0.0164,0.0060,-0.3152,0.7496,0.2313,0.0878,0.2474,0.0409,0.0361,1.0484
22.4699,0.7334,0.8169,0.2554,0.1294,0.2863,-0.0154,0.0093,-0.3129,0.7505,0.2319,0.0875,0.2478,0.0354,0.0362,1.0484
22.4703,0.7352,0.8179,0.2554,0.1294,0.2863,-0.0148,0.0093,-0.3112,0.7511,0.2319,0.0875,0.2478,0.0308,0.0362,1.0484
22.4796,0.7374,0.8191,0.2545,0.1299,0.2858,-0.0132,0.0095,-0.3089,0.7520,0.2322,0.0874,0.2481,0.0248,0.0363,1.0484
22.4800,0.7391,0.8200,0.2544,0.1303,0.2858,-0.0122,0.0093,-0.3073,0.7527,0.2330,0.0875,0.2489,0.0207,0.0361,1.0485
22.4997,0.7411,0.8213,0.2535,0.1303,0.2851,-0.0109,0.0090,-0.3051,0.7535,0.2328,0.0874,0.2487,0.0149,0.0362,1.0484
22.5001,0.7428,0.8225,0.2535,0.1303,0.2851,-0.0098,0.0090,-0.3031,0.7543,0.2330,0.0872,0.2488,0.0105,0.0346,1.0481
22.5198,0.7445,0.8236,0.2514,0.1313,0.2836,-0.0089,0.0076,-0.3012,0.7550,0.2335,0.0874,0.2493,0.0058,0.0325,1.0480
22.5201,0.7465,0.8250,0.2514,0.1313,0.2836,-0.0080,0.0076,-0.2990,0.7558,0.2335,0.0874,0.2493,0.0004,0.0325,1.0478
22.5297,0.7482,0.8261,0.2496,0.1328,0.2827,-0.0071,0.0038,-0.2971,0.7566,0.2341,0.0870,0.2498,-0.0046,0.0303,1.0477
22.5300,0.7500,0.8272,0.2481,0.1328,0.2814,-0.0063,0.0031,-0.2951,0.7573,0.2340,0.0867,0.2496,-0.0101,0.0305,1.0474
22.5498,0.7518,0.8283,0.2470,0.1330,0.2805,-0.0055,0.0039,-0.2931,0.7581,0.2346,0.0865,0.2500,-0.0154,0.0296,1.0473
22.5501,0.7537,0.8296,0.2470,0.1330,0.2805,-0.0044,0.0039,-0.2908,0.7591,0.2346,0.0865,0.2500,-0.0218,0.0296,1.0469
22.5597,0.7552,0.8306,0.2455,0.1334,0.2794,-0.0042,0.0059,-0.2889,0.7597,0.2358,0.0870,0.2514,-0.0264,0.0267,1.0465
22.5601,0.7573,0.8320,0.2455,0.1334,0.2794,-0.0042,0.0059,-0.2865,0.7607,0.2362,0.0869,0.2517,-0.0329,0.0257,1.0462
22.5799,0.7589,0.8330,0.2434,0.1341,0.2779,-0.0039,0.0074,-0.2845,0.7614,0.2371,0.0873,0.2527,-0.0377,0.0233,1.0459
22.5803,0.7607,0.8341,0.2425,0.1345,0.2773,-0.0037,0.0084,-0.2823,0.7623,0.2376,0.0875,0.2532,-0.0441,0.0220,1.0454
22.6001,0.7626,0.8353,0.2412,0.1346,0.2762,-0.0035,0.0099,-0.2800,0.7632,0.2382,0.0879,0.2539,-0.0504,0.0206,1.0451
22.6005,0.7644,0.8366,0.2412,0.1346,0.2762,-0.0033,0.0099,-0.2778,0.7642,0.2390,0.0885,0.2549,-0.0568,0.0189,1.0447
22.6098,0.7661,0.8378,0.2400,0.1354,0.2756,-0.0031,0.0137,-0.2757,0.7651,0.2396,0.0890,0.2556,-0.0628,0.0174,1.0443
22.6102,0.7680,0.8391,0.2390,0.1354,0.2747,-0.0032,0.0176,-0.2734,0.7659,0.2401,0.0893,0.2561,-0.0683,0.0160,1.0440
22.6297,0.7697,0.8404,0.2382,0.1353,0.2739,-0.0030,0.0239,-0.2712,0.7667,0.2405,0.0895,0.2566,-0.0737,0.0151,1.0435
22.6300,0.7712,0.8416,0.2382,0.1353,0.2739,-0.0026,0.0239,-0.2689,0.7675,0.2408,0.0892,0.2568,-0.0779,0.0157,1.0427
22.6500,0.7728,0.8430,0.2351,0.1353,0.2713,-0.0024,0.0304,-0.2666,0.7682,0.2417,0.0893,0.2577,-0.0828,0.0161,1.0421
22.6503,0.7742,0.8443,0.2339,0.1361,0.2706,-0.0022,0.0287,-0.2645,0.7689,0.2421,0.0892,0.2580,-0.0877,0.0145,1.0415
22.6696,0.7756,0.8454,0.2327,0.1368,0.2700,-0.0019,0.0282,-0.2624,0.7696,0.2426,0.0894,0.2585,-0.0917,0.0130,1.0408
22.6699,0.7773,0.8468,0.2327,0.1368,0.2700,-0.0018,0.0282,-0.2601,0.7704,0.2426,0.0894,0.2585,-0.0965,0.0130,1.0402
22.6798,0.7788,0.8479,0.2299,0.1375,0.2679,-0.0016,0.0278,-0.2579,0.7711,0.2438,0.0896,0.2597,-0.1014,0.0134,1.0396
22.6802,0.7808,0.8492,0.2299,0.1375,0.2679,-0.0012,0.0278,-0.2552,0.7721,0.2438,0.0896,0.2597,-0.1069,0.0134,1.0389
22.6997,0.7826,0.8504,0.2286,0.1380,0.2670,-0.0008,0.0277,-0.2528,0.7729,0.2464,0.0904,0.2625,-0.1115,0.0139,1.0383
22.7095,0.7845,0.8518,0.2277,0.1381,0.2663,0.0000,0.0281,-0.2501,0.7739,0.2469,0.0905,0.2630,-0.1169,0.0146,1.0375
22.7098,0.7857,0.8527,0.2277,0.1381,0.2663,0.0005,0.0281,-0.2481,0.7744,0.2469,0.0905,0.2630,-0.1202,0.0146,1.0368
22.7197,0.7874,0.8543,0.2253,0.1389,0.2647,0.0009,0.0254,-0.2454,0.7753,0.2478,0.0905,0.2639,-0.1251,0.0159,1.0358
22.7296,0.7889,0.8558,0.2240,0.1398,0.2640,0.0014,0.0240,-0.2427,0.7762,0.2492,0.0907,0.2652,-0.1298,0.0152,1.0347
22.7300,0.7901,0.8569,0.2240,0.1398,0.2640,0.0017,0.0240,-0.2406,0.7768,0.2492,0.0907,0.2652,-0.1332,0.0152,1.0338
22.7500,0.7916,0.8583,0.2213,0.1407,0.2622,0.0020,0.0216,-0.2380,0.7777,0.2515,0.0907,0.2674,-0.1380,0.0127,1.0328
22.7504,0.7932,0.8598,0.2203,0.1414,0.2617,0.0020,0.0209,-0.2354,0.7786,0.2529,0.0910,0.2688,-0.1427,0.0131,1.0318
22.7699,0.7946,0.8612,0.2189,0.1421,0.2610,0.0020,0.0203,-0.2329,0.7795,0.2545,0.0913,0.2704,-0.1468,0.0141,1.0308
22.7703,0.7961,0.8624,0.2189,0.1421,0.2610,0.0021,0.0203,-0.2305,0.7804,0.2557,0.0917,0.2716,-0.1507,0.0140,1.0298
22.7794,0.7976,0.8639,0.2160,0.1431,0.2591,0.0019,0.0213,-0.2279,0.7813,0.2565,0.0920,0.2725,-0.1554,0.0124,1.0288
22.7796,0.7988,0.8651,0.2160,0.1431,0.2591,0.0018,0.0213,-0.2256,0.7821,0.2565,0.0920,0.2725,-0.1595,0.0124,1.0277
22.8000,0.8002,0.8666,0.2131,0.1441,0.2572,0.0018,0.0250,-0.2229,0.7830,0.2583,0.0928,0.2745,-0.1638,0.0104,1.0265
22.8004,0.8016,0.8680,0.2131,0.1441,0.2572,0.0018,0.0250,-0.2204,0.7838,0.2583,0.0928,0.2745,-0.1677,0.0104,1.0254
22.8201,0.8031,0.8697,0.2111,0.1452,0.2562,0.0017,0.0253,-0.2175,0.7848,0.2612,0.0936,0.2774,-0.1724,0.0107,1.0241
22.8206,0.8044,0.8710,0.2100,0.1458,0.2557,0.0017,0.0246,-0.2149,0.7855,0.2629,0.0939,0.2792,-0.1757,0.0114,1.0229
22.8298,0.8058,0.8724,0.2088,0.1462,0.2549,0.0018,0.0238,-0.2120,0.7864,0.2644,0.0939,0.2806,-0.1798,0.0132,1.0215
22.8301,0.8071,0.8737,0.2087,0.1475,0.2555,0.0020,0.0233,-0.2095,0.7871,0.2672,0.0946,0.2835,-0.1835,0.0150,1.0202
22.8500,0.8085,0.8752,0.2069,0.1477,0.2542,0.0027,0.0218,-0.2065,0.7880,0.2679,0.0945,0.2841,-0.1879,0.0171,1.0188
22.8503,0.8098,0.8765,0.2057,0.1484,0.2537,0.0037,0.0204,-0.2040,0.7889,0.2679,0.0945,0.2841,-0.1909,0.0171,1.0176
22.8596,0.8110,0.8779,0.2043,0.1487,0.2527,0.0045,0.0197,-0.2015,0.7897,0.2706,0.0948,0.2867,-0.1944,0.0184,1.0164
22.8699,0.8123,0.8794,0.2030,0.1491,0.2519,0.0054,0.0195,-0.1986,0.7907,0.2718,0.0951,0.2879,-0.1997,0.0185,1.0149
22.8702,0.8136,0.8808,0.2014,0.1496,0.2509,0.0059,0.0195,-0.1961,0.7916,0.2735,0.0956,0.2897,-0.2040,0.0168,1.0136
22.8898,0.8151,0.8824,0.2001,0.1505,0.2503,0.0059,0.0194,-0.1932,0.7925,0.2749,0.0960,0.2912,-0.2086,0.0153,1.0122
22.8901,0.8164,0.8838,0.2001,0.1505,0.2503,0.0061,0.0194,-0.1907,0.7937,0.2749,0.0960,0.2912,-0.2124,0.0153,1.0112
22.9100,0.8176,0.8849,0.1978,0.1517,0.2493,0.0066,0.0199,-0.1884,0.7944,0.2768,0.0970,0.2933,-0.2158,0.0096,1.0101
22.9103,0.8190,0.8864,0.1978,0.1517,0.2493,0.0074,0.0199,-0.1856,0.7953,0.2768,0.0970,0.2933,-0.2196,0.0096,1.0087
22.9197,0.8203,0.8878,0.1948,0.1523,0.2473,0.0078,0.0227,-0.1830,0.7960,0.2789,0.0978,0.2955,-0.2228,0.0047,1.0075
22.9202,0.8218,0.8895,0.1938,0.1531,0.2470,0.0085,0.0244,-0.1799,0.7969,0.2804,0.0982,0.2971,-0.2268,0.0048,1.0060
22.9400,0.8229,0.8910,0.1928,0.1544,0.2469,0.0090,0.0258,-0.1773,0.7977,0.2825,0.0987,0.2993,-0.2299,0.0058,1.0045
22.9406,0.8241,0.8926,0.1928,0.1544,0.2469,0.0092,0.0258,-0.1747,0.7984,0.2838,0.0989,0.3006,-0.2335,0.0063,1.0032
22.9600,0.8252,0.8941,0.1895,0.1559,0.2454,0.0094,0.0232,-0.1720,0.7992,0.2849,0.0990,0.3016,-0.2357,0.0068,1.0017
22.9604,0.8263,0.8957,0.1895,0.1559,0.2454,0.0097,0.0232,-0.1694,0.8001,0.2864,0.0992,0.3031,-0.2384,0.0088,1.0003
22.9697,0.8277,0.8973,0.1859,0.1575,0.2437,0.0098,0.0197,-0.1666,0.8010,0.2871,0.0992,0.3037,-0.2416,0.0089,0.9989
22.9701,0.8290,0.8987,0.1859,0.1575,0.2437,0.0099,0.0197,-0.1640,0.8019,0.2871,0.0992,0.3037,-0.2445,0.0089,0.9977
22.9898,0.8302,0.9001,0.1832,0.1593,0.2428,0.0102,0.0164,-0.1614,0.8028,0.2897,0.0998,0.3064,-0.2481,0.0098,0.9964
22.9901,0.8315,0.9015,0.1823,0.1602,0.2427,0.0103,0.0167,-0.1588,0.8036,0.2917,0.1003,0.3085,-0.2511,0.0093,0.9951
22.9998,0.8330,0.9031,0.1808,0.1604,0.2417,0.0107,0.0190,-0.1557,0.8045,0.2926,0.1003,0.3093,-0.2553,0.0091,0.9936
23.0004,0.8341,0.9046,0.1803,0.1613,0.2420,0.0112,0.0223,-0.1532,0.8054,0.2948,0.1004,0.3115,-0.2584,0.0109,0.9923
23.0198,0.8353,0.9061,0.1792,0.1618,0.2414,0.0116,0.0264,-0.1504,0.8061,0.2960,0.1009,0.3127,-0.2629,0.0126,0.9907
23.0201,0.8364,0.9076,0.1792,0.1618,0.2414,0.0119,0.0264,-0.1480,0.8069,0.2960,0.1009,0.3127,-0.2661,0.0126,0.9895
23.0401,0.8377,0.9094,0.1763,0.1630,0.2401,0.0121,0.0304,-0.1449,0.8077,0.2982,0.1006,0.3148,-0.2709,0.0154,0.9879
23.0404,0.8387,0.9109,0.1754,0.1645,0.2405,0.0122,0.0305,-0.1427,0.8084,0.3004,0.1008,0.3168,-0.2744,0.0218,0.9866
23.0498,0.8401,0.9128,0.1736,0.1651,0.2396,0.0123,0.0303,-0.1397,0.8094,0.3009,0.1006,0.3172,-0.2783,0.0245,0.9852
23.0501,0.8411,0.9142,0.1736,0.1651,0.2396,0.0124,0.0303,-0.1374,0.8101,0.3023,0.1007,0.3186,-0.2808,0.0267,0.9840
23.0700,0.8423,0.9159,0.1718,0.1672,0.2397,0.0124,0.0274,-0.1347,0.8109,0.3030,0.1007,0.3193,-0.2846,0.0269,0.9825
23.0703,0.8435,0.9175,0.1700,0.1678,0.2389,0.0124,0.0271,-0.1318,0.8117,0.3037,0.1005,0.3199,-0.2884,0.0274,0.9810
23.0903,0.8448,0.9193,0.1690,0.1690,0.2391,0.0124,0.0266,-0.1289,0.8127,0.3054,0.1007,0.3215,-0.2915,0.0267,0.9795
23.0906,0.8458,0.9208,0.1681,0.1704,0.2394,0.0125,0.0252,-0.1264,0.8134,0.3067,0.1008,0.3228,-0.2937,0.0245,0.9781
23.0995,0.8471,0.9224,0.1666,0.1709,0.2386,0.0127,0.0241,-0.1235,0.8141,0.3074,0.1002,0.3233,-0.2968,0.0223,0.9766
23.0998,0.8484,0.9240,0.1666,0.1709,0.2386,0.0132,0.0241,-0.1205,0.8149,0.3074,0.1002,0.3233,-0.2997,0.0223,0.9751
23.1199,0.8495,0.9255,0.1645,0.1724,0.2383,0.0135,0.0235,-0.1180,0.8156,0.3102,0.0996,0.3258,-0.3022,0.0222,0.9737
23.1204,0.8508,0.9270,0.1645,0.1724,0.2383,0.0138,0.0235,-0.1151,0.8163,0.3102,0.0996,0.3258,-0.3044,0.0222,0.9722
23.1398,0.8520,0.9284,0.1622,0.1733,0.2374,0.0140,0.0227,-0.1124,0.8169,0.3122,0.0991,0.3275,-0.3077,0.0247,0.9708
23.1402,0.8531,0.9296,0.1617,0.1735,0.2372,0.0141,0.0231,-0.1100,0.8176,0.3131,0.0990,0.3283,-0.3105,0.0229,0.9696
23.1495,0.8546,0.9311,0.1608,0.1732,0.2363,0.0141,0.0260,-0.1071,0.8185,0.3133,0.0988,0.3285,-0.3143,0.0210,0.9682
23.1497,0.8558,0.9324,0.1608,0.1732,0.2363,0.0143,0.0260,-0.1045,0.8192,0.3133,0.0988,0.3285,-0.3184,0.0210,0.9669
23.1700,0.8569,0.9337,0.1602,0.1739,0.2365,0.0143,0.0387,-0.1018,0.8200,0.3159,0.0993,0.3312,-0.3217,0.0185,0.9654
23.1703,0.8580,0.9354,0.1602,0.1739,0.2365,0.0142,0.0387,-0.0989,0.8207,0.3159,0.0993,0.3312,-0.3250,0.0185,0.9638
23.1898,0.8589,0.9368,0.1584,0.1750,0.2360,0.0141,0.0496,-0.0964,0.8213,0.3180,0.0993,0.3332,-0.3272,0.0158,0.9622
23.1901,0.8598,0.9385,0.1561,0.1751,0.2346,0.0141,0.0514,-0.0937,0.8220,0.3175,0.0985,0.3324,-0.3303,0.0158,0.9606
23.1998,0.8608,0.9405,0.1545,0.1763,0.2344,0.0137,0.0517,-0.0908,0.8227,0.3182,0.0982,0.3330,-0.3333,0.0162,0.9589
23.2002,0.8616,0.9421,0.1545,0.1763,0.2344,0.0131,0.0517,-0.0883,0.8233,0.3186,0.0977,0.3333,-0.3352,0.0144,0.9573
23.2199,0.8627,0.9441,0.1519,0.1787,0.2345,0.0115,0.0495,-0.0853,0.8241,0.3198,0.0977,0.3344,-0.3385,0.0143,0.9555
23.2203,0.8636,0.9457,0.1506,0.1796,0.2344,0.0105,0.0493,-0.0827,0.8247,0.3203,0.0976,0.3348,-0.3409,0.0155,0.9540
23.2398,0.8646,0.9473,0.1493,0.1797,0.2336,0.0097,0.0490,-0.0801,0.8253,0.3200,0.0970,0.3344,-0.3433,0.0155,0.9525
23.2403,0.8656,0.9489,0.1493,0.1797,0.2336,0.0093,0.0490,-0.0775,0.8260,0.3200,0.0970,0.3344,-0.3460,0.0155,0.9511
23.2498,0.8668,0.9505,0.1480,0.1810,0.2339,0.0091,0.0488,-0.0745,0.8268,0.3211,0.0966,0.3353,-0.3492,0.0146,0.9495
23.2502,0.8678,0.9521,0.1480,0.1810,0.2339,0.0089,0.0488,-0.0720,0.8274,0.3211,0.0966,0.3353,-0.3514,0.0146,0.9481
23.2697,0.8688,0.9536,0.1464,0.1817,0.2334,0.0090,0.0490,-0.0694,0.8280,0.3218,0.0958,0.3358,-0.3541,0.0139,0.9466
23.2701,0.8701,0.9556,0.1464,0.1817,0.2334,0.0092,0.0490,-0.0665,0.8288,0.3222,0.0953,0.3359,-0.3576,0.0154,0.9451
23.2800,0.8710,0.9571,0.1449,0.1834,0.2337,0.0093,0.0476,-0.0641,0.8294,0.3227,0.0950,0.3364,-0.3604,0.0160,0.9438
23.2804,0.8722,0.9590,0.1444,0.1840,0.2339,0.0094,0.0471,-0.0613,0.8302,0.3227,0.0950,0.3364,-0.3630,0.0160,0.9423
23.2997,0.8732,0.9607,0.1439,0.1848,0.2342,0.0094,0.0476,-0.0588,0.8309,0.3231,0.0944,0.3366,-0.3653,0.0147,0.9410
23.3002,0.8742,0.9626,0.1439,0.1848,0.2342,0.0094,0.0476,-0.0562,0.8316,0.3231,0.0944,0.3366,-0.3679,0.0147,0.9396
23.3199,0.8752,0.9643,0.1422,0.1857,0.2339,0.0094,0.0483,-0.0536,0.8323,0.3226,0.0937,0.3359,-0.3700,0.0151,0.9381
23.3204,0.8763,0.9661,0.1422,0.1857,0.2339,0.0093,0.0483,-0.0508,0.8331,0.3226,0.0936,0.3359,-0.3728,0.0139,0.9366
23.3397,0.8771,0.9675,0.1409,0.1873,0.2344,0.0092,0.0471,-0.0486,0.8337,0.3224,0.0934,0.3356,-0.3744,0.0124,0.9353
23.3399,0.8783,0.9692,0.1402,0.1877,0.2343,0.0091,0.0470,-0.0459,0.8343,0.3218,0.0930,0.3350,-0.3767,0.0097,0.9340
23.3496,0.8796,0.9709,0.1395,0.1881,0.2342,0.0092,0.0471,-0.0431,0.8351,0.3213,0.0926,0.3344,-0.3800,0.0065,0.9327
23.3499,0.8810,0.9726,0.1395,0.1881,0.2342,0.0092,0.0471,-0.0406,0.8358,0.3213,0.0926,0.3344,-0.3828,0.0065,0.9317
23.3695,0.8823,0.9742,0.1399,0.1895,0.2355,0.0092,0.0472,-0.0382,0.8363,0.3219,0.0921,0.3348,-0.3851,0.0040,0.9308
23.3698,0.8834,0.9760,0.1399,0.1895,0.2355,0.0096,0.0472,-0.0357,0.8368,0.3208,0.0911,0.3335,-0.3872,0.0058,0.9296
23.3793,0.8845,0.9779,0.1396,0.1904,0.2361,0.0102,0.0471,-0.0331,0.8373,0.3207,0.0904,0.3332,-0.3894,0.0082,0.9283
23.3795,0.8853,0.9796,0.1396,0.1904,0.2361,0.0109,0.0471,-0.0307,0.8378,0.3207,0.0904,0.3332,-0.3922,0.0082,0.9270
23.3996,0.8863,0.9815,0.1378,0.1916,0.2360,0.0113,0.0447,-0.0280,0.8383,0.3200,0.0882,0.3319,-0.3948,0.0146,0.9255
23.3998,0.8872,0.9832,0.1378,0.1916,0.2360,0.0116,0.0447,-0.0255,0.8388,0.3200,0.0882,0.3319,-0.3974,0.0146,0.9241
23.4199,0.8883,0.9851,0.1364,0.1936,0.2368,0.0117,0.0418,-0.0226,0.8395,0.3201,0.0870,0.3317,-0.3997,0.0173,0.9225
23.4205,0.8892,0.9869,0.1364,0.1936,0.2368,0.0120,0.0418,-0.0201,0.8400,0.3208,0.0869,0.3323,-0.4019,0.0186,0.9211
23.4293,0.8911,0.9905,0.1347,0.1947,0.2368,0.0122,0.0389,-0.0177,0.8406,0.3196,0.0862,0.3310,-0.4037,0.0186,0.9211
23.4295,0.8911,0.9905,0.1347,0.1947,0.2368,0.0122,0.0389,-0.0152,0.8412,0.3196,0.0862,0.3310,-0.4060,0.0186,0.9185
23.4498,0.8922,0.9924,0.1339,0.1958,0.2372,0.0123,0.0383,-0.0127,0.8419,0.3188,0.0855,0.3301,-0.4091,0.0183,0.9173
23.4501,0.8931,0.9942,0.1339,0.1958,0.2372,0.0122,0.0383,-0.0104,0.8425,0.3185,0.0853,0.3297,-0.4112,0.0159,0.9161
23.4696,0.8941,0.9960,0.1335,0.1970,0.2380,0.0121,0.0387,-0.0080,0.8432,0.3180,0.0848,0.3291,-0.4137,0.0154,0.9149
23.4698,0.8951,0.9979,0.1328,0.1975,0.2380,0.0120,0.0397,-0.0055,0.8440,0.3173,0.0844,0.3283,-0.4166,0.0152,0.9137
23.4792,0.8960,0.9996,0.1322,0.1984,0.2384,0.0120,0.0400,-0.0032,0.8447,0.3170,0.0842,0.3280,-0.4195,0.0156,0.9125
23.4795,0.8971,1.0014,0.1322,0.1984,0.2384,0.0120,0.0400,-0.0008,0.8454,0.3163,0.0838,0.3272,-0.4223,0.0167,0.9114
23.4998,0.8982,1.0031,0.1311,0.1998,0.2390,0.0120,0.0378,0.0016,0.8460,0.3158,0.0835,0.3267,-0.4250,0.0157,0.9103
23.5001,0.8993,1.0048,0.1311,0.1998,0.2390,0.0120,0.0378,0.0038,0.8466,0.3146,0.0831,0.3254,-0.4266,0.0141,0.9094
23.5197,0.9007,1.0066,0.1304,0.2004,0.2391,0.0120,0.0336,0.0062,0.8472,0.3140,0.0824,0.3246,-0.4281,0.0137,0.9086
23.5201,0.9019,1.0084,0.1304,0.2004,0.2391,0.0120,0.0336,0.0084,0.8476,0.3131,0.0821,0.3237,-0.4295,0.0129,0.9078
23.5295,0.9031,1.0103,0.1311,0.2016,0.2405,0.0120,0.0321,0.0108,0.8481,0.3129,0.0815,0.3234,-0.4308,0.0122,0.9070
23.5299,0.9042,1.0123,0.1311,0.2016,0.2405,0.0120,0.0321,0.0132,0.8486,0.3115,0.0809,0.3218,-0.4318,0.0073,0.9059
23.5498,0.9050,1.0140,0.1310,0.2028,0.2414,0.0120,0.0311,0.0154,0.8491,0.3116,0.0804,0.3218,-0.4327,0.0083,0.9048
23.5501,0.9059,1.0158,0.1310,0.2028,0.2414,0.0120,0.0311,0.0177,0.8496,0.3116,0.0804,0.3218,-0.4335,0.0083,0.9036
23.5698,0.9067,1.0174,0.1296,0.2033,0.2411,0.0121,0.0315,0.0200,0.8502,0.3102,0.0791,0.3202,-0.4345,0.0113,0.9023
23.5701,0.9077,1.0193,0.1296,0.2033,0.2411,0.0122,0.0315,0.0223,0.8509,0.3102,0.0791,0.3202,-0.4360,0.0113,0.9012
23.5793,0.9085,1.0208,0.1284,0.2035,0.2406,0.0123,0.0312,0.0244,0.8515,0.3083,0.0784,0.3181,-0.4369,0.0106,0.9002
23.5795,0.9095,1.0225,0.1274,0.2029,0.2396,0.0124,0.0314,0.0267,0.8521,0.3083,0.0784,0.3181,-0.4380,0.0106,0.8991
23.5993,0.9105,1.0243,0.1273,0.2036,0.2401,0.0125,0.0299,0.0289,0.8526,0.3060,0.0774,0.3157,-0.4390,0.0139,0.8982
23.5996,0.9115,1.0262,0.1273,0.2036,0.2401,0.0127,0.0299,0.0313,0.8532,0.3060,0.0774,0.3157,-0.4396,0.0139,0.8971
23.6197,0.9124,1.0279,0.1263,0.2042,0.2401,0.0133,0.0221,0.0334,0.8537,0.3037,0.0765,0.3131,-0.4406,0.0153,0.8960
23.6201,0.9133,1.0298,0.1257,0.2049,0.2404,0.0139,0.0157,0.0359,0.8542,0.3028,0.0762,0.3123,-0.4412,0.0138,0.8948
23.6298,0.9141,1.0316,0.1250,0.2056,0.2406,0.0144,0.0112,0.0380,0.8548,0.3020,0.0759,0.3114,-0.4420,0.0134,0.8937
23.6301,0.9148,1.0335,0.1240,0.2064,0.2408,0.0150,0.0079,0.0404,0.8553,0.3009,0.0757,0.3102,-0.4426,0.0144,0.8924
23.6498,0.9156,1.0352,0.1233,0.2077,0.2416,0.0155,0.0043,0.0426,0.8559,0.3007,0.0755,0.3101,-0.4428,0.0165,0.8912
23.6500,0.9164,1.0369,0.1233,0.2077,0.2416,0.0162,0.0043,0.0447,0.8565,0.3007,0.0755,0.3101,-0.4434,0.0165,0.8901
23.6699,0.9173,1.0387,0.1212,0.2090,0.2416,0.0174,-0.0096,0.0471,0.8572,0.2984,0.0745,0.3076,-0.4440,0.0191,0.8889
23.6702,0.9182,1.0404,0.1212,0.2090,0.2416,0.0190,-0.0096,0.0493,0.8579,0.2984,0.0745,0.3076,-0.4444,0.0191,0.8879
23.6797,0.9191,1.0421,0.1204,0.2100,0.2420,0.0206,-0.0192,0.0514,0.8585,0.2963,0.0742,0.3055,-0.4448,0.0171,0.8869
23.6801,0.9201,1.0440,0.1204,0.2100,0.2420,0.0232,-0.0192,0.0538,0.8592,0.2963,0.0742,0.3055,-0.4452,0.0171,0.8858
23.6998,0.9209,1.0457,0.1206,0.2109,0.2430,0.0254,-0.0196,0.0558,0.8598,0.2949,0.0744,0.3041,-0.4458,0.0135,0.8849
23.7003,0.9217,1.0476,0.1206,0.2109,0.2430,0.0270,-0.0196,0.0579,0.8604,0.2932,0.0742,0.3024,-0.4465,0.0122,0.8838
23.7096,0.9224,1.0495,0.1202,0.2110,0.2428,0.0283,-0.0174,0.0601,0.8609,0.2924,0.0741,0.3016,-0.4470,0.0112,0.8827
23.7298,0.9232,1.0517,0.1195,0.2109,0.2424,0.0293,-0.0171,0.0625,0.8615,0.2908,0.0737,0.2999,-0.4478,0.0094,0.8815
23.7301,0.9238,1.0535,0.1193,0.2120,0.2432,0.0300,-0.0164,0.0646,0.8620,0.2905,0.0737,0.2997,-0.4480,0.0088,0.8804
23.7394,0.9245,1.0554,0.1185,0.2125,0.2433,0.0308,-0.0161,0.0667,0.8626,0.2893,0.0733,0.2984,-0.4481,0.0090,0.8792
23.7396,0.9252,1.0573,0.1185,0.2125,0.2433,0.0317,-0.0161,0.0688,0.8631,0.2893,0.0733,0.2984,-0.4482,0.0090,0.8782
23.7599,0.9259,1.0593,0.1167,0.2136,0.2434,0.0330,-0.0158,0.0709,0.8638,0.2866,0.0727,0.2957,-0.4480,0.0089,0.8770
23.7602,0.9265,1.0612,0.1161,0.2146,0.2440,0.0342,-0.0164,0.0729,0.8644,0.2859,0.0729,0.2951,-0.4478,0.0074,0.8760
23.7696,0.9272,1.0632,0.1154,0.2152,0.2442,0.0353,-0.0172,0.0751,0.8649,0.2847,0.0728,0.2938,-0.4471,0.0068,0.8749
23.7700,0.9279,1.0652,0.1154,0.2152,0.2442,0.0362,-0.0172,0.0770,0.8654,0.2847,0.0728,0.2938,-0.4464,0.0068,0.8740
23.7900,0.9286,1.0673,0.1138,0.2162,0.2443,0.0372,-0.0226,0.0793,0.8661,0.2823,0.0721,0.2914,-0.4456,0.0068,0.8728
23.7904,0.9292,1.0691,0.1129,0.2166,0.2442,0.0385,-0.0248,0.0814,0.8667,0.2812,0.0717,0.2902,-0.4455,0.0092,0.8716
23.8100,0.9298,1.0709,0.1121,0.2169,0.2442,0.0397,-0.0242,0.0833,0.8673,0.2805,0.0717,0.2895,-0.4453,0.0099,0.8706
23.8105,0.9306,1.0729,0.1112,0.2166,0.2435,0.0414,-0.0233,0.0855,0.8681,0.2790,0.0713,0.2880,-0.4449,0.0097,0.8695
23.8197,0.9314,1.0748,0.1109,0.2172,0.2439,0.0428,-0.0217,0.0876,0.8689,0.2784,0.0716,0.2874,-0.4442,0.0090,0.8686
23.8199,0.9321,1.0766,0.1109,0.2172,0.2439,0.0441,-0.0217,0.0895,0.8697,0.2784,0.0716,0.2874,-0.4439,0.0090,0.8677
23.8397,0.9329,1.0786,0.1100,0.2182,0.2443,0.0456,-0.0147,0.0914,0.8707,0.2761,0.0722,0.2854,-0.4435,0.0079,0.8668
23.8400,0.9335,1.0808,0.1100,0.2182,0.2443,0.0469,-0.0147,0.0933,0.8717,0.2761,0.0722,0.2854,-0.4430,0.0079,0.8659
23.8594,0.9341,1.0828,0.1078,0.2198,0.2448,0.0480,-0.0122,0.0949,0.8726,0.2728,0.0731,0.2824,-0.4426,0.0088,0.8651
23.8597,0.9341,1.0828,0.1078,0.2198,0.2448,0.0480,-0.0122,0.0965,0.8734,0.2728,0.0731,0.2824,-0.4418,0.0088,0.8633
23.8697,0.9352,1.0872,0.1045,0.2211,0.2446,0.0505,-0.0112,0.0986,0.8744,0.2695,0.0743,0.2796,-0.4407,0.0062,0.8632
23.8700,0.9357,1.0891,0.1036,0.2225,0.2454,0.0517,-0.0108,0.1002,0.8752,0.2695,0.0743,0.2796,-0.4397,0.0062,0.8624
23.8896,0.9363,1.0912,0.1025,0.2225,0.2450,0.0530,-0.0097,0.1021,0.8761,0.2667,0.0759,0.2773,-0.4387,0.0021,0.8615
23.8898,0.9371,1.0936,0.1025,0.2225,0.2450,0.0546,-0.0097,0.1041,0.8771,0.2667,0.0759,0.2773,-0.4366,0.0021,0.8606
23.9095,0.9376,1.0955,0.1015,0.2243,0.2462,0.0557,-0.0153,0.1057,0.8778,0.2644,0.0775,0.2755,-0.4354,0.0016,0.8599
23.9097,0.9383,1.0981,0.1015,0.2243,0.2462,0.0569,-0.0153,0.1078,0.8789,0.2644,0.0775,0.2755,-0.4334,0.0016,0.8589
23.9197,0.9387,1.1002,0.0999,0.2260,0.2471,0.0575,-0.0316,0.1094,0.8797,0.2609,0.0788,0.2725,-0.4322,-0.0004,0.8581
23.9200,0.9393,1.1027,0.0999,0.2260,0.2471,0.0580,-0.0316,0.1114,0.8807,0.2609,0.0788,0.2725,-0.4304,-0.0004,0.8571
23.9397,0.9397,1.1049,0.0983,0.2281,0.2484,0.0584,-0.0456,0.1133,0.8817,0.2582,0.0803,0.2704,-0.4263,-0.0053,0.8560
23.9399,0.9401,1.1069,0.0983,0.2281,0.2484,0.0586,-0.0456,0.1150,0.8825,0.2582,0.0803,0.2704,-0.4241,-0.0053,0.8551
23.9498,0.9406,1.1092,0.0959,0.2290,0.2483,0.0590,-0.0502,0.1170,0.8835,0.2555,0.0812,0.2681,-0.4217,-0.0044,0.8540
23.9500,0.9412,1.1114,0.0959,0.2290,0.2483,0.0596,-0.0502,0.1189,0.8843,0.2555,0.0812,0.2681,-0.4197,-0.0044,0.8531
23.9596,0.9416,1.1133,0.0942,0.2308,0.2493,0.0603,-0.0524,0.1206,0.8851,0.2537,0.0823,0.2667,-0.4175,-0.0031,0.8522
23.9798,0.9422,1.1156,0.0931,0.2308,0.2489,0.0616,-0.0526,0.1225,0.8862,0.2521,0.0823,0.2652,-0.4149,-0.0017,0.8512
23.9802,0.9428,1.1177,0.0931,0.2308,0.2489,0.0630,-0.0526,0.1242,0.8873,0.2516,0.0832,0.2650,-0.4128,0.0005,0.8504
23.9897,0.9434,1.1199,0.0915,0.2326,0.2500,0.0641,-0.0557,0.1258,0.8884,0.2501,0.0839,0.2637,-0.4106,0.0050,0.8498
23.9899,0.9439,1.1220,0.0904,0.2336,0.2505,0.0655,-0.0564,0.1273,0.8895,0.2484,0.0848,0.2624,-0.4084,0.0070,0.8491
24.0096,0.9445,1.1242,0.0892,0.2345,0.2509,0.0664,-0.0577,0.1288,0.8906,0.2470,0.0859,0.2615,-0.4058,0.0076,0.8485
24.0098,0.9451,1.1264,0.0892,0.2345,0.2509,0.0672,-0.0577,0.1304,0.8917,0.2470,0.0859,0.2615,-0.4033,0.0076,0.8478
24.0296,0.9457,1.1284,0.0864,0.2359,0.2513,0.0679,-0.0581,0.1319,0.8928,0.2440,0.0881,0.2594,-0.4008,0.0093,0.8472
24.0299,0.9462,1.1305,0.0864,0.2359,0.2513,0.0688,-0.0581,0.1334,0.8939,0.2440,0.0881,0.2594,-0.3987,0.0093,0.8466
24.0497,0.9467,1.1328,0.0841,0.2365,0.2510,0.0697,-0.0580,0.1349,0.8951,0.2404,0.0906,0.2569,-0.3960,0.0052,0.8458
24.0500,0.9471,1.1349,0.0841,0.2365,0.2510,0.0703,-0.0580,0.1363,0.8961,0.2404,0.0906,0.2569,-0.3942,0.0052,0.8452
24.0597,0.9474,1.1369,0.0823,0.2381,0.2519,0.0706,-0.0618,0.1378,0.8970,0.2371,0.0929,0.2546,-0.3916,0.0027,0.8444
24.0599,0.9478,1.1391,0.0815,0.2390,0.2525,0.0708,-0.0637,0.1394,0.8979,0.2356,0.0936,0.2535,-0.3884,0.0036,0.8436
24.0798,0.9484,1.1414,0.0804,0.2396,0.2527,0.0710,-0.0664,0.1412,0.8988,0.2342,0.0940,0.2523,-0.3839,0.0042,0.8428
24.0801,0.9488,1.1436,0.0804,0.2396,0.2527,0.0712,-0.0664,0.1428,0.8994,0.2342,0.0940,0.2523,-0.3793,0.0042,0.8422
24.0895,0.9493,1.1456,0.0787,0.2421,0.2545,0.0714,-0.0658,0.1443,0.8998,0.2322,0.0946,0.2508,-0.3749,0.0074,0.8417
24.0897,0.9497,1.1479,0.0787,0.2421,0.2545,0.0714,-0.0658,0.1460,0.9002,0.2308,0.0944,0.2494,-0.3702,0.0143,0.8410
24.1098,0.9500,1.1500,0.0764,0.2435,0.2552,0.0713,-0.0608,0.1475,0.9006,0.2295,0.0941,0.2481,-0.3667,0.0323,0.8404
24.1101,0.9503,1.1524,0.0764,0.2435,0.2552,0.0714,-0.0608,0.1490,0.9011,0.2295,0.0941,0.2481,-0.3620,0.0323,0.8398
24.1295,0.9505,1.1545,0.0741,0.2451,0.2561,0.0713,-0.0534,0.1502,0.9018,0.2262,0.0937,0.2449,-0.3582,0.0554,0.8393
24.1298,0.9507,1.1569,0.0741,0.2451,0.2561,0.0712,-0.0534,0.1515,0.9027,0.2262,0.0937,0.2449,-0.3536,0.0554,0.8387
24.1398,0.9509,1.1588,0.0718,0.2468,0.2570,0.0712,-0.0493,0.1525,0.9035,0.2222,0.0947,0.2415,-0.3497,0.0614,0.8383
24.1401,0.9512,1.1612,0.0706,0.2471,0.2570,0.0712,-0.0483,0.1536,0.9046,0.2196,0.0952,0.2393,-0.3453,0.0611,0.8379
24.1598,0.9516,1.1633,0.0698,0.2486,0.2582,0.0711,-0.0473,0.1545,0.9057,0.2177,0.0964,0.2381,-0.3417,0.0606,0.8377
24.1602,0.9519,1.1657,0.0685,0.2493,0.2585,0.0711,-0.0479,0.1556,0.9069,0.2148,0.0970,0.2357,-0.3379,0.0614,0.8373
24.1694,0.9523,1.1682,0.0674,0.2506,0.2595,0.0711,-0.0477,0.1568,0.9082,0.2125,0.0980,0.2340,-0.3343,0.0631,0.8369
24.1698,0.9527,1.1705,0.0674,0.2506,0.2595,0.0710,-0.0477,0.1580,0.9093,0.2125,0.0980,0.2340,-0.3315,0.0631,0.8365
24.1897,0.9530,1.1728,0.0651,0.2530,0.2613,0.0710,-0.0506,0.1593,0.9104,0.2085,0.1003,0.2313,-0.3282,0.0678,0.8359
24.1901,0.9534,1.1750,0.0651,0.2530,0.2613,0.0703,-0.0506,0.1605,0.9114,0.2085,0.1003,0.2313,-0.3244,0.0678,0.8356
24.2096,0.9537,1.1773,0.0633,0.2549,0.2626,0.0693,-0.0554,0.1618,0.9125,0.2051,0.1021,0.2291,-0.3202,0.0731,0.8350
24.2100,0.9540,1.1795,0.0633,0.2549,0.2626,0.0682,-0.0554,0.1630,0.9136,0.2051,0.1021,0.2291,-0.3167,0.0731,0.8345
24.2296,0.9544,1.1817,0.0616,0.2556,0.2629,0.0677,-0.0580,0.1640,0.9148,0.2009,0.1042,0.2263,-0.3129,0.0777,0.8342
24.2300,0.9548,1.1840,0.0611,0.2563,0.2635,0.0671,-0.0574,0.1651,0.9162,0.1989,0.1056,0.2252,-0.3087,0.0781,0.8338
24.2397,0.9551,1.1863,0.0605,0.2572,0.2642,0.0668,-0.0572,0.1661,0.9176,0.1968,0.1072,0.2241,-0.3050,0.0773,0.8334
24.2401,0.9554,1.1885,0.0598,0.2579,0.2647,0.0668,-0.0566,0.1672,0.9190,0.1968,0.1072,0.2241,-0.3014,0.0773,0.8330
24.2596,0.9557,1.1907,0.0590,0.2583,0.2650,0.0666,-0.0562,0.1682,0.9205,0.1924,0.1105,0.2219,-0.2975,0.0736,0.8326
24.2601,0.9560,1.1931,0.0590,0.2583,0.2650,0.0664,-0.0562,0.1694,0.9219,0.1906,0.1122,0.2212,-0.2939,0.0706,0.8320
24.2797,0.9564,1.1953,0.0576,0.2597,0.2660,0.0663,-0.0539,0.1705,0.9234,0.1887,0.1140,0.2205,-0.2901,0.0661,0.8316
24.2801,0.9566,1.1975,0.0576,0.2597,0.2660,0.0662,-0.0539,0.1715,0.9247,0.1870,0.1159,0.2200,-0.2867,0.0617,0.8312
24.2896,0.9569,1.1998,0.0560,0.2604,0.2664,0.0659,-0.0500,0.1726,0.9261,0.1844,0.1172,0.2185,-0.2822,0.0573,0.8307
24.2901,0.9572,1.2019,0.0560,0.2604,0.2664,0.0656,-0.0500,0.1737,0.9274,0.1844,0.1172,0.2185,-0.2784,0.0573,0.8302
24.3096,0.9574,1.2042,0.0547,0.2621,0.2678,0.0651,-0.0514,0.1748,0.9290,0.1807,0.1203,0.2171,-0.2744,0.0547,0.8296
24.3099,0.9576,1.2061,0.0547,0.2621,0.2678,0.0643,-0.0514,0.1758,0.9304,0.1807,0.1203,0.2171,-0.2710,0.0547,0.8290
24.3297,0.9578,1.2084,0.0523,0.2626,0.2678,0.0630,-0.0513,0.1769,0.9320,0.1762,0.1229,0.2149,-0.2667,0.0519,0.8283
24.3299,0.9579,1.2104,0.0523,0.2626,0.2678,0.0623,-0.0513,0.1780,0.9335,0.1762,0.1229,0.2149,-0.2629,0.0519,0.8277
24.3397,0.9581,1.2126,0.0501,0.2636,0.2683,0.0615,-0.0505,0.1792,0.9351,0.1731,0.1256,0.2139,-0.2593,0.0489,0.8269
24.3400,0.9583,1.2148,0.0501,0.2636,0.2683,0.0608,-0.0505,0.1804,0.9365,0.1731,0.1256,0.2139,-0.2562,0.0489,0.8262
24.3599,0.9585,1.2173,0.0485,0.2641,0.2685,0.0604,-0.0516,0.1816,0.9381,0.1710,0.1279,0.2135,-0.2517,0.0491,0.8256
24.3606,0.9587,1.2196,0.0480,0.2651,0.2694,0.0602,-0.0518,0.1827,0.9396,0.1710,0.1279,0.2135,-0.2480,0.0491,0.8250
24.3796,0.9589,1.2219,0.0471,0.2648,0.2689,0.0596,-0.0512,0.1838,0.9411,0.1683,0.1303,0.2128,-0.2449,0.0495,0.8244
24.3799,0.9590,1.2241,0.0463,0.2656,0.2696,0.0590,-0.0530,0.1846,0.9426,0.1670,0.1318,0.2127,-0.2409,0.0493,0.8240
24.3894,0.9592,1.2265,0.0454,0.2657,0.2696,0.0578,-0.0570,0.1855,0.9445,0.1649,0.1330,0.2119,-0.2369,0.0489,0.8235
24.3896,0.9593,1.2285,0.0454,0.2657,0.2696,0.0568,-0.0570,0.1861,0.9460,0.1649,0.1330,0.2119,-0.2345,0.0489,0.8232
24.4096,0.9595,1.2307,0.0435,0.2659,0.2694,0.0558,-0.0571,0.1869,0.9478,0.1608,0.1364,0.2108,-0.2315,0.0490,0.8227
24.4100,0.9596,1.2328,0.0435,0.2659,0.2694,0.0553,-0.0571,0.1877,0.9493,0.1582,0.1377,0.2098,-0.2286,0.0478,0.8223
24.4295,0.9598,1.2350,0.0418,0.2652,0.2685,0.0547,-0.0422,0.1887,0.9508,0.1567,0.1392,0.2096,-0.2248,0.0458,0.8218
24.4300,0.9601,1.2372,0.0418,0.2652,0.2685,0.0542,-0.0422,0.1897,0.9523,0.1547,0.1402,0.2087,-0.2210,0.0455,0.8213
24.4395,0.9603,1.2391,0.0407,0.2645,0.2676,0.0541,-0.0291,0.1906,0.9537,0.1528,0.1413,0.2081,-0.2168,0.0457,0.8209
24.4398,0.9606,1.2414,0.0407,0.2645,0.2676,0.0539,-0.0291,0.1917,0.9554,0.1528,0.1413,0.2081,-0.2125,0.0457,0.8203
24.4596,0.9608,1.2438,0.0399,0.2644,0.2673,0.0536,-0.0239,0.1927,0.9572,0.1494,0.1439,0.2074,-0.2082,0.0460,0.8198
24.4599,0.9609,1.2459,0.0399,0.2644,0.2673,0.0531,-0.0239,0.1935,0.9588,0.1475,0.1457,0.2074,-0.2046,0.0456,0.8193
24.4796,0.9609,1.2479,0.0384,0.2651,0.2679,0.0527,-0.0230,0.1941,0.9602,0.1458,0.1473,0.2072,-0.2010,0.0447,0.8190
24.4799,0.9609,1.2503,0.0373,0.2647,0.2673,0.0520,-0.0221,0.1949,0.9619,0.1431,0.1480,0.2059,-0.1970,0.0441,0.8185
24.4897,0.9609,1.2527,0.0361,0.2652,0.2677,0.0513,-0.0203,0.1957,0.9634,0.1414,0.1492,0.2056,-0.1931,0.0434,0.8180
24.4900,0.9609,1.2549,0.0361,0.2652,0.2677,0.0506,-0.0203,0.1965,0.9650,0.1414,0.1492,0.2056,-0.1884,0.0434,0.8175
24.5097,0.9609,1.2573,0.0339,0.2658,0.2679,0.0501,-0.0186,0.1973,0.9665,0.1384,0.1509,0.2048,-0.1836,0.0420,0.8171
24.5100,0.9610,1.2596,0.0328,0.2663,0.2683,0.0493,-0.0184,0.1983,0.9680,0.1370,0.1518,0.2045,-0.1785,0.0414,0.8166
24.5195,0.9611,1.2619,0.0317,0.2666,0.2684,0.0487,-0.0184,0.1992,0.9695,0.1357,0.1526,0.2042,-0.1734,0.0404,0.8161
24.5198,0.9611,1.2642,0.0317,0.2666,0.2684,0.0481,-0.0184,0.2001,0.9710,0.1357,0.1526,0.2042,-0.1677,0.0404,0.8155
24.5398,0.9612,1.2687,0.0290,0.2672,0.2688,0.0467,-0.0168,0.2008,0.9725,0.1334,0.1543,0.2040,-0.1631,0.0393,0.8161
24.5401,0.9612,1.2687,0.0290,0.2672,0.2688,0.0467,-0.0168,0.2016,0.9742,0.1318,0.1548,0.2033,-0.1577,0.0387,0.8147
24.5596,0.9613,1.2710,0.0284,0.2677,0.2692,0.0461,-0.0155,0.2024,0.9759,0.1307,0.1563,0.2038,-0.1531,0.0381,0.8143
24.5599,0.9615,1.2732,0.0284,0.2677,0.2692,0.0453,-0.0155,0.2030,0.9776,0.1307,0.1563,0.2038,-0.1483,0.0381,0.8140
24.5797,0.9616,1.2754,0.0273,0.2683,0.2697,0.0447,-0.0116,0.2036,0.9791,0.1272,0.1593,0.2038,-0.1435,0.0373,0.8139
24.5803,0.9618,1.2776,0.0273,0.2683,0.2697,0.0442,-0.0116,0.2041,0.9809,0.1248,0.1607,0.2034,-0.1379,0.0368,0.8137
24.5898,0.9621,1.2826,0.0253,0.2688,0.2700,0.0425,-0.0132,0.2046,0.9826,0.1227,0.1630,0.2040,-0.1329,0.0365,0.8147
24.5901,0.9621,1.2826,0.0253,0.2688,0.2700,0.0425,-0.0132,0.2053,0.9844,0.1207,0.1656,0.2049,-0.1279,0.0328,0.8134
24.6098,0.9621,1.2847,0.0246,0.2694,0.2705,0.0419,-0.0147,0.2059,0.9861,0.1185,0.1685,0.2060,-0.1229,0.0188,0.8131
24.6103,0.9622,1.2870,0.0246,0.2694,0.2705,0.0411,-0.0147,0.2066,0.9879,0.1168,0.1711,0.2072,-0.1167,0.0118,0.8127
24.6196,0.9622,1.2892,0.0237,0.2693,0.2703,0.0403,-0.0181,0.2073,0.9894,0.1152,0.1735,0.2083,-0.1112,0.0077,0.8123
24.6199,0.9623,1.2915,0.0237,0.2693,0.2703,0.0394,-0.0181,0.2082,0.9912,0.1152,0.1735,0.2083,-0.1047,0.0077,0.8118
24.6398,0.9626,1.2958,0.0231,0.2695,0.2705,0.0384,-0.0192,0.2089,0.9928,0.1133,0.1770,0.2101,-0.0987,0.0049,0.8123
24.6401,0.9626,1.2958,0.0231,0.2695,0.2705,0.0384,-0.0192,0.2096,0.9945,0.1133,0.1770,0.2101,-0.0924,0.0049,0.8110
24.6596,0.9627,1.2981,0.0227,0.2691,0.2701,0.0381,-0.0200,0.2103,0.9963,0.1120,0.1797,0.2117,-0.0866,0.0059,0.8107
24.6599,0.9628,1.3003,0.0223,0.2696,0.2705,0.0379,-0.0193,0.2108,0.9979,0.1115,0.1813,0.2129,-0.0818,0.0052,0.8106
24.6795,0.9629,1.3025,0.0218,0.2692,0.2701,0.0375,-0.0199,0.2111,0.9996,0.1104,0.1821,0.2129,-0.0775,-0.0016,0.8105
24.6798,0.9629,1.3047,0.0218,0.2692,0.2701,0.0371,-0.0199,0.2114,1.0013,0.1104,0.1821,0.2129,-0.0730,-0.0016,0.8104
24.6898,0.9629,1.3072,0.0204,0.2684,0.2692,0.0370,-0.0195,0.2117,1.0032,0.1067,0.1840,0.2127,-0.0682,-0.0065,0.8104
24.6902,0.9629,1.3094,0.0204,0.2684,0.2692,0.0368,-0.0195,0.2119,1.0051,0.1067,0.1840,0.2127,-0.0633,-0.0065,0.8104
24.7096,0.9630,1.3118,0.0191,0.2688,0.2695,0.0367,-0.0186,0.2121,1.0069,0.1028,0.1874,0.2138,-0.0586,-0.0031,0.8104
24.7100,0.9630,1.3139,0.0191,0.2688,0.2695,0.0366,-0.0186,0.2124,1.0086,0.1028,0.1874,0.2138,-0.0541,-0.0031,0.8104
24.7196,0.9632,1.3162,0.0181,0.2689,0.2695,0.0366,-0.0199,0.2129,1.0103,0.0989,0.1901,0.2143,-0.0499,-0.0017,0.8102
24.7199,0.9633,1.3183,0.0181,0.2689,0.2695,0.0366,-0.0199,0.2135,1.0119,0.0977,0.1911,0.2146,-0.0459,-0.0021,0.8100
24.7396,0.9634,1.3205,0.0171,0.2685,0.2691,0.0366,-0.0228,0.2144,1.0135,0.0969,0.1914,0.2145,-0.0403,-0.0025,0.8095
24.7399,0.9635,1.3228,0.0171,0.2685,0.2691,0.0364,-0.0228,0.2154,1.0152,0.0969,0.1914,0.2145,-0.0332,-0.0025,0.8089
24.7596,0.9636,1.3249,0.0162,0.2685,0.2690,0.0362,-0.0231,0.2161,1.0166,0.0964,0.1922,0.2151,-0.0279,-0.0050,0.8086
24.7599,0.9636,1.3269,0.0162,0.2685,0.2690,0.0360,-0.0231,0.2166,1.0183,0.0964,0.1922,0.2151,-0.0228,-0.0050,0.8083
24.7697,0.9637,1.3290,0.0152,0.2677,0.2681,0.0359,-0.0230,0.2169,1.0202,0.0944,0.1928,0.2146,-0.0182,0.0005,0.8081
24.7701,0.9637,1.3311,0.0152,0.2677,0.2681,0.0356,-0.0230,0.2170,1.0222,0.0944,0.1928,0.2146,-0.0127,0.0005,0.8081
24.7897,0.9638,1.3333,0.0142,0.2673,0.2676,0.0354,-0.0200,0.2170,1.0242,0.0910,0.1949,0.2152,-0.0070,0.0037,0.8082
24.7901,0.9638,1.3355,0.0142,0.2673,0.2676,0.0353,-0.0200,0.2170,1.0262,0.0888,0.1961,0.2153,-0.0025,0.0061,0.8083
24.8094,0.9639,1.3378,0.0133,0.2671,0.2674,0.0352,-0.0120,0.2170,1.0283,0.0866,0.1976,0.2157,0.0029,0.0053,0.8084
24.8096,0.9639,1.3398,0.0133,0.2671,0.2674,0.0352,-0.0120,0.2171,1.0300,0.0845,0.1987,0.2160,0.0077,0.0042,0.8084
24.8198,0.9639,1.3418,0.0126,0.2673,0.2676,0.0350,-0.0144,0.2173,1.0316,0.0827,0.1993,0.2158,0.0121,0.0063,0.8085
24.8203,0.9639,1.3440,0.0126,0.2673,0.2676,0.0348,-0.0144,0.2176,1.0334,0.0808,0.1992,0.2150,0.0173,0.0081,0.8084
24.8397,0.9640,1.3464,0.0120,0.2670,0.2673,0.0348,-0.0205,0.2180,1.0354,0.0792,0.1998,0.2149,0.0231,0.0099,0.8082
24.8403,0.9641,1.3485,0.0117,0.2676,0.2678,0.0347,-0.0210,0.2184,1.0375,0.0776,0.2008,0.2153,0.0289,0.0100,0.8079
24.8595,0.9641,1.3506,0.0115,0.2674,0.2676,0.0347,-0.0213,0.2187,1.0394,0.0761,0.2019,0.2158,0.0333,0.0091,0.8078
24.8598,0.9642,1.3528,0.0112,0.2666,0.2668,0.0345,-0.0207,0.2189,1.0415,0.0742,0.2026,0.2157,0.0383,0.0094,0.8077
24.8695,0.9643,1.3549,0.0110,0.2663,0.2666,0.0343,-0.0207,0.2190,1.0437,0.0724,0.2038,0.2163,0.0438,0.0100,0.8076
24.8698,0.9643,1.3570,0.0108,0.2659,0.2661,0.0342,-0.0181,0.2191,1.0457,0.0724,0.2038,0.2163,0.0481,0.0100,0.8076
24.8894,0.9643,1.3591,0.0105,0.2658,0.2660,0.0340,-0.0115,0.2191,1.0478,0.0690,0.2062,0.2174,0.0529,0.0099,0.8076
24.8897,0.9643,1.3611,0.0105,0.2658,0.2660,0.0337,-0.0115,0.2191,1.0499,0.0690,0.2062,0.2174,0.0583,0.0099,0.8076
24.8994,0.9643,1.3628,0.0099,0.2653,0.2655,0.0336,0.0021,0.2191,1.0516,0.0659,0.2078,0.2180,0.0620,0.0035,0.8076
24.8997,0.9643,1.3653,0.0099,0.2653,0.2655,0.0333,0.0021,0.2192,1.0541,0.0659,0.2078,0.2180,0.0684,0.0035,0.8075
24.9195,0.9644,1.3695,0.0091,0.2647,0.2648,0.0330,0.0038,0.2193,1.0563,0.0629,0.2096,0.2189,0.0734,0.0028,0.8083
24.9197,0.9644,1.3695,0.0091,0.2647,0.2648,0.0330,0.0038,0.2193,1.0586,0.0629,0.2096,0.2189,0.0785,0.0028,0.8073
24.9396,0.9644,1.3716,0.0086,0.2647,0.2648,0.0328,0.0035,0.2193,1.0607,0.0592,0.2125,0.2206,0.0829,0.0028,0.8073
24.9398,0.9644,1.3736,0.0081,0.2650,0.2651,0.0326,0.0033,0.2193,1.0630,0.0573,0.2141,0.2216,0.0869,0.0024,0.8072
24.9496,0.9643,1.3754,0.0076,0.2644,0.2646,0.0321,0.0023,0.2192,1.0652,0.0552,0.2153,0.2222,0.0902,0.0016,0.8071
24.9596,0.9643,1.3775,0.0071,0.2632,0.2633,0.0311,0.0027,0.2192,1.0675,0.0531,0.2159,0.2223,0.0936,0.0009,0.8070
24.9600,0.9643,1.3794,0.0070,0.2632,0.2633,0.0306,0.0038,0.2192,1.0695,0.0515,0.2175,0.2235,0.0971,0.0012,0.8070
24.9797,0.9643,1.3815,0.0069,0.2630,0.2631,0.0302,0.0043,0.2192,1.0717,0.0502,0.2186,0.2243,0.1012,0.0013,0.8069
24.9801,0.9643,1.3836,0.0069,0.2630,0.2631,0.0300,0.0043,0.2192,1.0740,0.0486,0.2196,0.2249,0.1053,0.0008,0.8069
24.9994,0.9643,1.3855,0.0068,0.2618,0.2619,0.0295,0.0043,0.2191,1.0763,0.0469,0.2212,0.2261,0.1091,-0.0001,0.8068
24.9996,0.9643,1.3876,0.0068,0.2618,0.2619,0.0291,0.0043,0.2190,1.0785,0.0469,0.2212,0.2261,0.1126,-0.0001,0.8068
25.0097,0.9643,1.3896,0.0068,0.2606,0.2607,0.0288,0.0051,0.2188,1.0809,0.0433,0.2241,0.2283,0.1166,-0.0020,0.8069
25.0099,0.9643,1.3916,0.0067,0.2600,0.2601,0.0283,0.0053,0.2186,1.0833,0.0411,0.2258,0.2295,0.1198,-0.0023,0.8070
25.0295,0.9644,1.3935,0.0066,0.2595,0.2595,0.0279,0.0057,0.2184,1.0855,0.0388,0.2276,0.2309,0.1223,-0.0024,0.8071
25.0397,0.9644,1.3958,0.0065,0.2586,0.2587,0.0272,0.0071,0.2180,1.0881,0.0365,0.2290,0.2318,0.1262,-0.0020,0.8073
25.0400,0.9644,1.3976,0.0065,0.2586,0.2587,0.0264,0.0071,0.2176,1.0903,0.0365,0.2290,0.2318,0.1293,-0.0020,0.8075
25.0494,0.9644,1.3999,0.0063,0.2579,0.2580,0.0257,0.0113,0.2172,1.0928,0.0320,0.2321,0.2343,0.1325,-0.0004,0.8078
25.0497,0.9643,1.4020,0.0063,0.2579,0.2580,0.0250,0.0113,0.2168,1.0952,0.0296,0.2338,0.2357,0.1350,0.0017,0.8080
25.0699,0.9642,1.4042,0.0057,0.2576,0.2577,0.0238,0.0114,0.2166,1.0974,0.0276,0.2352,0.2368,0.1384,0.0027,0.8081
25.0702,0.9641,1.4063,0.0057,0.2576,0.2577,0.0229,0.0114,0.2164,1.0997,0.0260,0.2367,0.2381,0.1415,0.0026,0.8081
25.0898,0.9639,1.4084,0.0046,0.2573,0.2573,0.0224,0.0098,0.2162,1.1019,0.0245,0.2376,0.2389,0.1448,0.0000,0.8081
25.0901,0.9638,1.4104,0.0040,0.2567,0.2568,0.0214,0.0083,0.2161,1.1044,0.0232,0.2387,0.2399,0.1479,-0.0042,0.8080
25.0997,0.9637,1.4123,0.0035,0.2557,0.2557,0.0209,0.0088,0.2159,1.1067,0.0215,0.2398,0.2408,0.1504,-0.0086,0.8079
25.1001,0.9636,1.4145,0.0035,0.2557,0.2557,0.0202,0.0088,0.2157,1.1094,0.0215,0.2398,0.2408,0.1533,-0.0086,0.8078
25.1200,0.9636,1.4162,0.0029,0.2549,0.2550,0.0200,0.0122,0.2155,1.1118,0.0182,0.2432,0.2439,0.1555,-0.0301,0.8076
25.1204,0.9635,1.4184,0.0029,0.2549,0.2550,0.0197,0.0122,0.2153,1.1146,0.0182,0.2432,0.2439,0.1584,-0.0301,0.8075
25.1397,0.9634,1.4206,0.0023,0.2538,0.2538,0.0195,0.0120,0.2150,1.1174,0.0142,0.2469,0.2473,0.1612,-0.0472,0.8075
25.1400,0.9634,1.4221,0.0023,0.2538,0.2538,0.0195,0.0120,0.2148,1.1194,0.0122,0.2492,0.2495,0.1630,-0.0527,0.8075
25.1495,0.9634,1.4242,0.0017,0.2526,0.2526,0.0195,0.0121,0.2144,1.1220,0.0104,0.2498,0.2500,0.1653,-0.0533,0.8077
25.1500,0.9634,1.4261,0.0017,0.2526,0.2526,0.0191,0.0121,0.2140,1.1244,0.0104,0.2498,0.2500,0.1680,-0.0533,0.8078
25.1698,0.9634,1.4283,0.0012,0.2517,0.2517,0.0184,0.0152,0.2135,1.1271,0.0066,0.2530,0.2531,0.1705,-0.0424,0.8081
25.1701,0.9633,1.4304,0.0012,0.2517,0.2517,0.0177,0.0152,0.2130,1.1296,0.0066,0.2530,0.2531,0.1721,-0.0424,0.8083
25.1896,0.9632,1.4320,0.0008,0.2514,0.2514,0.0172,0.0185,0.2127,1.1317,0.0032,0.2567,0.2567,0.1735,-0.0383,0.8083
25.1900,0.9631,1.4341,0.0008,0.2514,0.2514,0.0165,0.0185,0.2124,1.1344,0.0032,0.2567,0.2567,0.1769,-0.0383,0.8083
25.1996,0.9630,1.4360,0.0004,0.2493,0.2493,0.0161,0.0236,0.2120,1.1369,0.0010,0.2587,0.2587,0.1791,-0.0497,0.8084
25.2001,0.9629,1.4381,0.0004,0.2493,0.2493,0.0158,0.0236,0.2115,1.1397,0.0010,0.2587,0.2587,0.1815,-0.0497,0.8084
25.2196,0.9628,1.4402,-0.0004,0.2484,0.2484,0.0156,0.0282,0.2111,1.1424,-0.0017,0.2621,0.2621,0.1834,-0.0579,0.8085
25.2201,0.9627,1.4421,-0.0008,0.2480,0.2480,0.0156,0.0292,0.2107,1.1450,-0.0035,0.2641,0.2641,0.1858,-0.0584,0.8086
25.2293,0.9627,1.4441,-0.0012,0.2477,0.2477,0.0156,0.0295,0.2102,1.1478,-0.0056,0.2663,0.2664,0.1872,-0.0580,0.8087
25.2296,0.9627,1.4441,-0.0012,0.2477,0.2477,0.0156,0.0295,0.2097,1.1507,-0.0056,0.2663,0.2664,0.1892,-0.0580,0.8081
25.2497,0.9626,1.4480,-0.0018,0.2467,0.2467,0.0158,0.0282,0.2092,1.1534,-0.0114,0.2711,0.2714,0.1908,-0.0536,0.8090
25.2500,0.9625,1.4501,-0.0020,0.2462,0.2462,0.0159,0.0278,0.2085,1.1564,-0.0114,0.2711,0.2714,0.1925,-0.0536,0.8092
25.2697,0.9625,1.4520,-0.0022,0.2464,0.2464,0.0160,0.0275,0.2081,1.1591,-0.0161,0.2762,0.2767,0.1940,-0.0558,0.8093
25.2700,0.9624,1.4539,-0.0022,0.2464,0.2464,0.0161,0.0275,0.2076,1.1618,-0.0161,0.2762,0.2767,0.1958,-0.0558,0.8093
25.2897,0.9623,1.4578,-0.0026,0.2455,0.2455,0.0161,0.0246,0.2072,1.1646,-0.0188,0.2792,0.2798,0.1977,-0.0563,0.8101
25.2898,0.9623,1.4578,-0.0026,0.2455,0.2455,0.0161,0.0246,0.2067,1.1674,-0.0197,0.2809,0.2816,0.1999,-0.0604,0.8095
25.2995,0.9623,1.4597,-0.0030,0.2447,0.2447,0.0161,0.0175,0.2063,1.1700,-0.0205,0.2823,0.2830,0.2021,-0.0609,0.8096
25.2997,0.9622,1.4617,-0.0032,0.2439,0.2439,0.0161,0.0172,0.2057,1.1730,-0.0215,0.2834,0.2842,0.2042,-0.0573,0.8097
25.3197,0.9621,1.4636,-0.0034,0.2439,0.2439,0.0161,0.0187,0.2052,1.1757,-0.0229,0.2859,0.2868,0.2058,-0.0550,0.8098
25.3203,0.9620,1.4656,-0.0036,0.2437,0.2437,0.0159,0.0209,0.2046,1.1786,-0.0243,0.2882,0.2892,0.2076,-0.0529,0.8099
25.3397,0.9618,1.4679,-0.0039,0.2434,0.2434,0.0155,0.0238,0.2041,1.1818,-0.0259,0.2904,0.2916,0.2091,-0.0522,0.8100
25.3403,0.9617,1.4697,-0.0039,0.2434,0.2434,0.0151,0.0238,0.2036,1.1846,-0.0279,0.2926,0.2939,0.2104,-0.0493,0.8099
25.3494,0.9613,1.4738,-0.0047,0.2424,0.2424,0.0145,0.0278,0.2030,1.1876,-0.0297,0.2943,0.2958,0.2115,-0.0468,0.8105
25.3496,0.9613,1.4738,-0.0047,0.2424,0.2424,0.0145,0.0278,0.2024,1.1907,-0.0297,0.2943,0.2958,0.2131,-0.0468,0.8100
25.3696,0.9612,1.4758,-0.0057,0.2421,0.2421,0.0138,0.0271,0.2018,1.1937,-0.0331,0.2985,0.3003,0.2139,-0.0488,0.8101
25.3699,0.9609,1.4778,-0.0057,0.2421,0.2421,0.0131,0.0271,0.2011,1.1968,-0.0331,0.2985,0.3003,0.2147,-0.0488,0.8102
25.3795,0.9608,1.4796,-0.0067,0.2416,0.2417,0.0127,0.0260,0.2005,1.1996,-0.0360,0.3021,0.3043,0.2150,-0.0529,0.8102
25.3797,0.9605,1.4817,-0.0067,0.2416,0.2417,0.0124,0.0260,0.1998,1.2027,-0.0360,0.3021,0.3043,0.2159,-0.0529,0.8102
25.3997,0.9603,1.4835,-0.0076,0.2411,0.2413,0.0119,0.0232,0.1992,1.2055,-0.0385,0.3056,0.3080,0.2164,-0.0556,0.8103
25.4003,0.9600,1.4856,-0.0076,0.2411,0.2413,0.0108,0.0232,0.1985,1.2087,-0.0385,0.3056,0.3080,0.2175,-0.0556,0.8103
25.4197,0.9597,1.4875,-0.0087,0.2406,0.2407,0.0099,0.0232,0.1978,1.2117,-0.0415,0.3092,0.3119,0.2177,-0.0542,0.8103
25.4201,0.9595,1.4893,-0.0087,0.2406,0.2407,0.0096,0.0232,0.1971,1.2145,-0.0415,0.3092,0.3119,0.2180,-0.0542,0.8104
25.4295,0.9592,1.4913,-0.0097,0.2395,0.2397,0.0092,0.0239,0.1964,1.2179,-0.0444,0.3119,0.3151,0.2184,-0.0519,0.8104
25.4297,0.9590,1.4931,-0.0097,0.2395,0.2397,0.0090,0.0239,0.1957,1.2208,-0.0444,0.3119,0.3151,0.2186,-0.0519,0.8104
25.4497,0.9588,1.4950,-0.0107,0.2389,0.2392,0.0088,0.0246,0.1951,1.2238,-0.0471,0.3154,0.3189,0.2188,-0.0507,0.8105
25.4500,0.9586,1.4971,-0.0107,0.2389,0.2392,0.0087,0.0246,0.1942,1.2269,-0.0471,0.3154,0.3189,0.2188,-0.0507,0.8107
25.4697,0.9584,1.4991,-0.0114,0.2391,0.2394,0.0087,0.0227,0.1934,1.2299,-0.0499,0.3187,0.3226,0.2188,-0.0491,0.8109
25.4701,0.9581,1.5010,-0.0114,0.2391,0.2394,0.0086,0.0227,0.1927,1.2329,-0.0515,0.3207,0.3248,0.2187,-0.0485,0.8110
25.4898,0.9577,1.5031,-0.0125,0.2391,0.2395,0.0084,0.0209,0.1919,1.2363,-0.0529,0.3224,0.3267,0.2186,-0.0490,0.8110
25.4901,0.9574,1.5048,-0.0125,0.2391,0.2395,0.0084,0.0209,0.1912,1.2391,-0.0546,0.3244,0.3290,0.2185,-0.0488,0.8109
25.4993,0.9570,1.5068,-0.0139,0.2385,0.2389,0.0083,0.0170,0.1904,1.2422,-0.0558,0.3256,0.3304,0.2184,-0.0490,0.8109
25.4994,0.9566,1.5087,-0.0147,0.2384,0.2388,0.0083,0.0149,0.1898,1.2452,-0.0558,0.3256,0.3304,0.2182,-0.0490,0.8108
25.5197,0.9563,1.5104,-0.0154,0.2381,0.2386,0.0084,0.0134,0.1891,1.2482,-0.0581,0.3286,0.3337,0.2181,-0.0475,0.8108
25.5201,0.9560,1.5121,-0.0154,0.2381,0.2386,0.0085,0.0134,0.1885,1.2510,-0.0590,0.3297,0.3350,0.2178,-0.0464,0.8107
25.5295,0.9557,1.5139,-0.0167,0.2373,0.2379,0.0085,0.0087,0.1877,1.2542,-0.0598,0.3310,0.3364,0.2173,-0.0455,0.8106
25.5298,0.9553,1.5158,-0.0174,0.2363,0.2369,0.0087,0.0059,0.1869,1.2574,-0.0604,0.3321,0.3376,0.2168,-0.0451,0.8107
25.5499,0.9543,1.5198,-0.0182,0.2364,0.2371,0.0094,0.0039,0.1859,1.2608,-0.0615,0.3343,0.3399,0.2162,-0.0455,0.8109
25.5501,0.9543,1.5198,-0.0182,0.2364,0.2371,0.0094,0.0039,0.1849,1.2642,-0.0625,0.3358,0.3416,0.2146,-0.0453,0.8107
25.5699,0.9539,1.5216,-0.0200,0.2355,0.2364,0.0097,0.0005,0.1841,1.2673,-0.0638,0.3381,0.3441,0.2139,-0.0485,0.8107
25.5703,0.9534,1.5234,-0.0200,0.2355,0.2364,0.0099,0.0005,0.1834,1.2704,-0.0648,0.3397,0.3458,0.2131,-0.0499,0.8105
25.5798,0.9530,1.5253,-0.0214,0.2343,0.2353,0.0101,-0.0013,0.1828,1.2734,-0.0659,0.3414,0.3477,0.2125,-0.0509,0.8103
25.5804,0.9525,1.5272,-0.0214,0.2343,0.2353,0.0101,-0.0013,0.1821,1.2765,-0.0659,0.3414,0.3477,0.2121,-0.0509,0.8102
25.5997,0.9521,1.5289,-0.0226,0.2336,0.2347,0.0103,-0.0032,0.1814,1.2795,-0.0680,0.3444,0.3510,0.2116,-0.0486,0.8100
25.6001,0.9517,1.5306,-0.0226,0.2336,0.2347,0.0104,-0.0032,0.1807,1.2826,-0.0680,0.3444,0.3510,0.2110,-0.0486,0.8099
25.6096,0.9513,1.5324,-0.0238,0.2323,0.2335,0.0108,-0.0042,0.1800,1.2858,-0.0699,0.3462,0.3532,0.2095,-0.0273,0.8098
25.6099,0.9508,1.5342,-0.0245,0.2324,0.2336,0.0113,-0.0040,0.1791,1.2891,-0.0711,0.3480,0.3551,0.2085,-0.0168,0.8097
25.6298,0.9503,1.5359,-0.0253,0.2317,0.2331,0.0116,-0.0035,0.1783,1.2923,-0.0724,0.3490,0.3564,0.2074,-0.0071,0.8095
25.6301,0.9497,1.5377,-0.0263,0.2308,0.2323,0.0122,-0.0037,0.1774,1.2956,-0.0734,0.3498,0.3574,0.2058,-0.0027,0.8094
25.6500,0.9491,1.5395,-0.0274,0.2313,0.2329,0.0124,-0.0035,0.1764,1.2988,-0.0748,0.3525,0.3603,0.2047,-0.0038,0.8093
25.6504,0.9486,1.5412,-0.0286,0.2306,0.2324,0.0126,-0.0049,0.1755,1.3021,-0.0748,0.3525,0.3603,0.2035,-0.0038,0.8092
25.6697,0.9481,1.5429,-0.0296,0.2302,0.2321,0.0129,-0.0076,0.1748,1.3051,-0.0770,0.3552,0.3635,0.2022,-0.0114,0.8090
25.6700,0.9475,1.5447,-0.0306,0.2292,0.2312,0.0128,-0.0101,0.1741,1.3081,-0.0773,0.3559,0.3642,0.2015,-0.0131,0.8088
25.6796,0.9467,1.5467,-0.0316,0.2286,0.2308,0.0128,-0.0122,0.1733,1.3115,-0.0778,0.3570,0.3654,0.2002,-0.0141,0.8084
25.6799,0.9461,1.5483,-0.0316,0.2286,0.2308,0.0128,-0.0122,0.1726,1.3143,-0.0778,0.3570,0.3654,0.1994,-0.0141,0.8082
25.6999,0.9455,1.5500,-0.0339,0.2284,0.2310,0.0132,-0.0157,0.1718,1.3175,-0.0796,0.3598,0.3685,0.1983,-0.0049,0.8078
25.7002,0.9449,1.5515,-0.0350,0.2279,0.2306,0.0139,-0.0159,0.1711,1.3206,-0.0803,0.3613,0.3702,0.1967,0.0005,0.8076
25.7197,0.9444,1.5528,-0.0359,0.2267,0.2296,0.0143,-0.0162,0.1703,1.3237,-0.0809,0.3619,0.3708,0.1959,0.0014,0.8073
25.7200,0.9437,1.5544,-0.0367,0.2253,0.2283,0.0151,-0.0144,0.1695,1.3272,-0.0809,0.3619,0.3708,0.1952,0.0014,0.8068
25.7294,0.9430,1.5558,-0.0381,0.2246,0.2278,0.0160,-0.0121,0.1687,1.3304,-0.0825,0.3643,0.3735,0.1944,-0.0042,0.8064
25.7296,0.9422,1.5576,-0.0381,0.2246,0.2278,0.0168,-0.0121,0.1677,1.3341,-0.0825,0.3643,0.3735,0.1932,-0.0042,0.8061
25.7499,0.9415,1.5591,-0.0409,0.2229,0.2267,0.0177,-0.0067,0.1670,1.3372,-0.0839,0.3668,0.3762,0.1923,-0.0102,0.8056
25.7504,0.9407,1.5607,-0.0409,0.2229,0.2267,0.0193,-0.0067,0.1663,1.3406,-0.0839,0.3668,0.3762,0.1911,-0.0102,0.8051
25.7697,0.9401,1.5622,-0.0436,0.2212,0.2255,0.0206,-0.0069,0.1657,1.3436,-0.0844,0.3683,0.3778,0.1901,-0.0093,0.8046
25.7701,0.9394,1.5638,-0.0436,0.2212,0.2255,0.0222,-0.0069,0.1650,1.3470,-0.0844,0.3683,0.3778,0.1890,-0.0093,0.8041
25.7793,0.9387,1.5652,-0.0461,0.2197,0.2245,0.0240,-0.0081,0.1643,1.3503,-0.0852,0.3704,0.3801,0.1878,-0.0077,0.8037
25.7796,0.9382,1.5666,-0.0461,0.2197,0.2245,0.0257,-0.0081,0.1636,1.3536,-0.0857,0.3714,0.3812,0.1865,-0.0076,0.8033
25.7995,0.9375,1.5682,-0.0483,0.2175,0.2228,0.0279,-0.0094,0.1627,1.3574,-0.0862,0.3726,0.3824,0.1851,-0.0083,0.8029
25.8001,0.9369,1.5694,-0.0483,0.2175,0.2228,0.0291,-0.0094,0.1621,1.3606,-0.0871,0.3746,0.3846,0.1837,-0.0112,0.8025
25.8197,0.9362,1.5708,-0.0506,0.2153,0.2212,0.0300,-0.0089,0.1614,1.3640,-0.0873,0.3752,0.3852,0.1829,-0.0141,0.8020
25.8202,0.9355,1.5722,-0.0518,0.2144,0.2205,0.0309,-0.0091,0.1608,1.3672,-0.0876,0.3765,0.3866,0.1823,-0.0175,0.8014
25.8295,0.9347,1.5737,-0.0530,0.2131,0.2196,0.0324,-0.0100,0.1601,1.3707,-0.0878,0.3772,0.3873,0.1812,-0.0195,0.8008
25.8299,0.9339,1.5749,-0.0543,0.2116,0.2184,0.0341,-0.0127,0.1594,1.3738,-0.0878,0.3772,0.3873,0.1802,-0.0195,0.8002
25.8496,0.9333,1.5762,-0.0555,0.2104,0.2176,0.0359,-0.0134,0.1588,1.3772,-0.0883,0.3784,0.3886,0.1790,-0.0192,0.7997
25.8502,0.9325,1.5776,-0.0555,0.2104,0.2176,0.0379,-0.0134,0.1580,1.3808,-0.0886,0.3792,0.3894,0.1772,-0.0186,0.7991
25.8594,0.9318,1.5788,-0.0578,0.2077,0.2156,0.0389,-0.0114,0.1574,1.3841,-0.0888,0.3801,0.3903,0.1753,-0.0162,0.7985
25.8597,0.9310,1.5803,-0.0578,0.2077,0.2156,0.0396,-0.0114,0.1566,1.3876,-0.0889,0.3807,0.3910,0.1741,-0.0139,0.7980
25.8798,0.9302,1.5817,-0.0598,0.2049,0.2134,0.0406,-0.0110,0.1559,1.3910,-0.0890,0.3817,0.3919,0.1727,-0.0139,0.7975
25.8803,0.9293,1.5832,-0.0611,0.2042,0.2131,0.0413,-0.0110,0.1550,1.3944,-0.0893,0.3829,0.3932,0.1715,-0.0177,0.7970
25.8997,0.9285,1.5846,-0.0623,0.2029,0.2123,0.0413,-0.0111,0.1543,1.3977,-0.0896,0.3834,0.3938,0.1700,-0.0220,0.7964
25.9001,0.9275,1.5863,-0.0623,0.2029,0.2123,0.0414,-0.0111,0.1535,1.4014,-0.0896,0.3834,0.3938,0.1683,-0.0220,0.7958
25.9095,0.9265,1.5878,-0.0650,0.2015,0.2117,0.0416,-0.0126,0.1527,1.4046,-0.0899,0.3854,0.3958,0.1664,-0.0266,0.7952
25.9097,0.9256,1.5891,-0.0664,0.2006,0.2113,0.0415,-0.0132,0.1519,1.4078,-0.0901,0.3859,0.3963,0.1648,-0.0264,0.7946
25.9295,0.9248,1.5904,-0.0677,0.1996,0.2108,0.0413,-0.0143,0.1512,1.4111,-0.0904,0.3866,0.3970,0.1626,-0.0258,0.7941
25.9298,0.9239,1.5918,-0.0677,0.1996,0.2108,0.0413,-0.0143,0.1504,1.4146,-0.0904,0.3866,0.3970,0.1600,-0.0258,0.7936
25.9498,0.9231,1.5932,-0.0701,0.1973,0.2094,0.0412,-0.0151,0.1496,1.4180,-0.0907,0.3876,0.3981,0.1577,-0.0262,0.7930
25.9501,0.9221,1.5947,-0.0701,0.1973,0.2094,0.0411,-0.0151,0.1489,1.4213,-0.0907,0.3876,0.3981,0.1555,-0.0262,0.7924
25.9597,0.9211,1.5963,-0.0730,0.1952,0.2084,0.0410,-0.0136,0.1483,1.4247,-0.0906,0.3888,0.3992,0.1531,-0.0265,0.7916
25.9603,0.9201,1.5979,-0.0745,0.1945,0.2083,0.0407,-0.0126,0.1477,1.4280,-0.0902,0.3896,0.3999,0.1509,-0.0267,0.7909
25.9796,0.9191,1.5995,-0.0759,0.1938,0.2081,0.0401,-0.0116,0.1470,1.4313,-0.0900,0.3902,0.4005,0.1487,-0.0268,0.7902
25.9799,0.9179,1.6012,-0.0759,0.1938,0.2081,0.0394,-0.0116,0.1461,1.4348,-0.0900,0.3902,0.4005,0.1454,-0.0268,0.7895
25.9997,0.9170,1.6026,-0.0789,0.1928,0.2083,0.0392,-0.0083,0.1455,1.4379,-0.0902,0.3915,0.4017,0.1429,-0.0266,0.7889
26.0000,0.9161,1.6040,-0.0789,0.1928,0.2083,0.0387,-0.0083,0.1447,1.4414,-0.0899,0.3914,0.4016,0.1399,-0.0267,0.7883
26.0096,0.9151,1.6055,-0.0811,0.1906,0.2071,0.0377,-0.0055,0.1438,1.4449,-0.0901,0.3924,0.4026,0.1367,-0.0269,0.7878
26.0098,0.9140,1.6072,-0.0811,0.1906,0.2071,0.0373,-0.0055,0.1429,1.4484,-0.0901,0.3924,0.4026,0.1336,-0.0269,0.7872
26.0296,0.9129,1.6088,-0.0841,0.1902,0.2079,0.0367,0.0020,0.1422,1.4518,-0.0910,0.3948,0.4052,0.1306,-0.0292,0.7866
26.0298,0.9119,1.6103,-0.0855,0.1898,0.2081,0.0364,0.0035,0.1414,1.4550,-0.0911,0.3952,0.4055,0.1280,-0.0312,0.7860
26.0497,0.9111,1.6119,-0.0866,0.1890,0.2079,0.0363,0.0027,0.1408,1.4582,-0.0909,0.3952,0.4055,0.1251,-0.0314,0.7854
26.0499,0.9100,1.6136,-0.0866,0.1890,0.2079,0.0361,0.0027,0.1402,1.4616,-0.0909,0.3952,0.4055,0.1223,-0.0314,0.7847
26.0601,0.9091,1.6151,-0.0886,0.1876,0.2075,0.0359,0.0042,0.1396,1.4649,-0.0895,0.3948,0.4049,0.1195,-0.0264,0.7841
26.0605,0.9083,1.6165,-0.0886,0.1876,0.2075,0.0356,0.0042,0.1389,1.4683,-0.0891,0.3952,0.4052,0.1168,-0.0237,0.7835
26.0800,0.9072,1.6183,-0.0902,0.1861,0.2068,0.0350,0.0069,0.1379,1.4721,-0.0891,0.3959,0.4058,0.1133,-0.0226,0.7830
26.0803,0.9063,1.6197,-0.0902,0.1861,0.2068,0.0347,0.0069,0.1373,1.4753,-0.0891,0.3959,0.4058,0.1106,-0.0226,0.7824
26.0998,0.9051,1.6214,-0.0924,0.1849,0.2067,0.0338,0.0117,0.1366,1.4789,-0.0895,0.3975,0.4074,0.1079,-0.0278,0.7816
26.1001,0.9041,1.6231,-0.0924,0.1849,0.2067,0.0329,0.0117,0.1360,1.4822,-0.0896,0.3987,0.4086,0.1050,-0.0306,0.7809
26.1097,0.9029,1.6248,-0.0953,0.1848,0.2080,0.0319,0.0128,0.1353,1.4856,-0.0895,0.3993,0.4092,0.1028,-0.0303,0.7801
26.1100,0.9017,1.6266,-0.0953,0.1848,0.2080,0.0309,0.0128,0.1346,1.4890,-0.0895,0.3993,0.4092,0.0993,-0.0303,0.7794
26.1298,0.9007,1.6281,-0.0982,0.1847,0.2092,0.0303,0.0122,0.1339,1.4924,-0.0890,0.3998,0.4096,0.0968,-0.0248,0.7787
26.1398,0.8996,1.6297,-0.0992,0.1843,0.2093,0.0293,0.0119,0.1332,1.4959,-0.0887,0.4002,0.4099,0.0939,-0.0195,0.7779
26.1401,0.8987,1.6311,-0.1003,0.1841,0.2096,0.0287,0.0124,0.1327,1.4991,-0.0887,0.4002,0.4099,0.0929,-0.0195,0.7773
26.1599,0.8976,1.6327,-0.1009,0.1832,0.2091,0.0280,0.0125,0.1320,1.5026,-0.0874,0.4004,0.4099,0.0912,-0.0142,0.7765
26.1602,0.8965,1.6344,-0.1020,0.1830,0.2095,0.0274,0.0158,0.1313,1.5060,-0.0874,0.4004,0.4099,0.0899,-0.0142,0.7760
26.1696,0.8953,1.6363,-0.1031,0.1829,0.2099,0.0265,0.0183,0.1305,1.5095,-0.0871,0.4017,0.4111,0.0866,-0.0117,0.7753
26.1699,0.8942,1.6381,-0.1043,0.1832,0.2108,0.0256,0.0193,0.1297,1.5128,-0.0873,0.4027,0.4120,0.0831,-0.0124,0.7747
26.1897,0.8919,1.6417,-0.1059,0.1829,0.2113,0.0243,0.0189,0.1289,1.5162,-0.0871,0.4027,0.4120,0.0804,-0.0144,0.7733
26.1900,0.8919,1.6417,-0.1059,0.1829,0.2113,0.0243,0.0189,0.1281,1.5197,-0.0871,0.4027,0.4120,0.0774,-0.0144,0.7735
26.1997,0.8909,1.6434,-0.1071,0.1834,0.2123,0.0237,0.0163,0.1273,1.5232,-0.0875,0.4044,0.4138,0.0754,-0.0284,0.7730
26.2001,0.8899,1.6450,-0.1071,0.1834,0.2123,0.0225,0.0163,0.1266,1.5265,-0.0876,0.4051,0.4145,0.0734,-0.0282,0.7724
26.2196,0.8887,1.6469,-0.1091,0.1843,0.2141,0.0213,0.0116,0.1257,1.5301,-0.0874,0.4055,0.4148,0.0711,-0.0269,0.7718
26.2199,0.8887,1.6469,-0.1091,0.1843,0.2141,0.0213,0.0116,0.1250,1.5334,-0.0874,0.4055,0.4148,0.0688,-0.0269,0.7720
26.2398,0.8868,1.6499,-0.1106,0.1853,0.2158,0.0196,0.0069,0.1243,1.5367,-0.0873,0.4060,0.4153,0.0675,-0.0105,0.7708
26.2403,0.8857,1.6516,-0.1106,0.1853,0.2158,0.0187,0.0069,0.1235,1.5404,-0.0867,0.4053,0.4145,0.0657,-0.0040,0.7703
26.2497,0.8836,1.6550,-0.1114,0.1850,0.2160,0.0168,0.0050,0.1226,1.5442,-0.0870,0.4065,0.4157,0.0637,-0.0013,0.7690
26.2500,0.8836,1.6550,-0.1114,0.1850,0.2160,0.0168,0.0050,0.1218,1.5477,-0.0874,0.4073,0.4165,0.0618,-0.0017,0.7693
26.2699,0.8825,1.6568,-0.1129,0.1856,0.2173,0.0160,0.0092,0.1208,1.5515,-0.0878,0.4081,0.4174,0.0597,-0.0060,0.7689
26.2704,0.8814,1.6586,-0.1129,0.1856,0.2173,0.0153,0.0092,0.1200,1.5550,-0.0878,0.4081,0.4174,0.0573,-0.0060,0.7684
26.2896,0.8803,1.6604,-0.1147,0.1868,0.2192,0.0146,0.0114,0.1193,1.5584,-0.0885,0.4094,0.4188,0.0556,-0.0148,0.7678
26.2900,0.8792,1.6621,-0.1147,0.1868,0.2192,0.0135,0.0114,0.1186,1.5617,-0.0885,0.4094,0.4188,0.0538,-0.0148,0.7672
26.2995,0.8781,1.6637,-0.1166,0.1879,0.2211,0.0124,0.0090,0.1180,1.5650,-0.0882,0.4087,0.4181,0.0524,-0.0131,0.7666
26.2997,0.8769,1.6656,-0.1166,0.1879,0.2211,0.0110,0.0090,0.1170,1.5688,-0.0882,0.4087,0.4181,0.0503,-0.0131,0.7660
26.3196,0.8759,1.6670,-0.1186,0.1895,0.2236,0.0097,0.0047,0.1162,1.5722,-0.0888,0.4098,0.4193,0.0489,-0.0082,0.7656
26.3198,0.8746,1.6689,-0.1186,0.1895,0.2236,0.0082,0.0047,0.1152,1.5761,-0.0888,0.4098,0.4193,0.0467,-0.0082,0.7650
26.3398,0.8735,1.6706,-0.1201,0.1905,0.2252,0.0070,0.0053,0.1144,1.5797,-0.0897,0.4109,0.4205,0.0446,-0.0074,0.7646
26.3403,0.8725,1.6721,-0.1209,0.1912,0.2262,0.0063,0.0067,0.1136,1.5830,-0.0901,0.4117,0.4215,0.0434,-0.0081,0.7642
26.3497,0.8714,1.6740,-0.1215,0.1918,0.2271,0.0050,0.0073,0.1126,1.5866,-0.0904,0.4117,0.4215,0.0409,-0.0087,0.7638
26.3502,0.8703,1.6757,-0.1215,0.1918,0.2271,0.0039,0.0073,0.1118,1.5900,-0.0907,0.4117,0.4216,0.0388,-0.0089,0.7633
26.3697,0.8690,1.6774,-0.1230,0.1937,0.2294,0.0031,0.0069,0.1109,1.5935,-0.0912,0.4119,0.4219,0.0360,-0.0088,0.7627
26.3700,0.8679,1.6789,-0.1230,0.1937,0.2294,0.0023,0.0069,0.1101,1.5967,-0.0912,0.4119,0.4219,0.0341,-0.0088,0.7622
26.3799,0.8666,1.6806,-0.1246,0.1944,0.2309,0.0020,0.0065,0.1091,1.6003,-0.0915,0.4114,0.4214,0.0330,-0.0034,0.7617
26.3804,0.8655,1.6820,-0.1255,0.1948,0.2318,0.0019,0.0063,0.1082,1.6036,-0.0919,0.4118,0.4220,0.0310,0.0018,0.7613
26.3997,0.8643,1.6837,-0.1261,0.1948,0.2320,0.0015,0.0064,0.1072,1.6072,-0.0922,0.4116,0.4218,0.0289,0.0037,0.7609
26.4002,0.8633,1.6852,-0.1264,0.1947,0.2321,0.0010,0.0067,0.1064,1.6106,-0.0926,0.4117,0.4219,0.0269,0.0037,0.7606
26.4198,0.8621,1.6869,-0.1265,0.1949,0.2323,0.0003,0.0070,0.1054,1.6142,-0.0927,0.4118,0.4222,0.0250,0.0035,0.7603
26.4201,0.8611,1.6883,-0.1265,0.1949,0.2323,0.0000,0.0070,0.1046,1.6173,-0.0932,0.4126,0.4230,0.0240,0.0021,0.7599
26.4299,0.8600,1.6899,-0.1272,0.1957,0.2335,-0.0001,0.0079,0.1038,1.6207,-0.0932,0.4123,0.4227,0.0225,0.0019,0.7594
26.4303,0.8588,1.6913,-0.1279,0.1961,0.2342,-0.0003,0.0091,0.1030,1.6239,-0.0932,0.4123,0.4227,0.0209,0.0018,0.7588
26.4502,0.8575,1.6928,-0.1285,0.1963,0.2346,-0.0002,0.0095,0.1021,1.6272,-0.0934,0.4118,0.4222,0.0195,0.0022,0.7583
26.4506,0.8561,1.6944,-0.1293,0.1964,0.2351,-0.0000,0.0090,0.1012,1.6306,-0.0937,0.4118,0.4223,0.0183,0.0047,0.7576
26.4701,0.8547,1.6959,-0.1300,0.1962,0.2354,0.0001,0.0092,0.1003,1.6339,-0.0943,0.4118,0.4225,0.0169,0.0063,0.7570
26.4705,0.8535,1.6973,-0.1308,0.1960,0.2357,0.0001,0.0096,0.0995,1.6371,-0.0948,0.4118,0.4226,0.0157,0.0082,0.7564
26.4794,0.8522,1.6987,-0.1311,0.1956,0.2355,0.0003,0.0097,0.0985,1.6405,-0.0950,0.4116,0.4224,0.0143,0.0081,0.7559
26.4797,0.8508,1.7003,-0.1315,0.1951,0.2352,0.0005,0.0095,0.0975,1.6440,-0.0952,0.4114,0.4223,0.0129,0.0074,0.7554
26.4996,0.8498,1.7015,-0.1324,0.1954,0.2360,0.0007,0.0100,0.0967,1.6469,-0.0959,0.4121,0.4231,0.0126,0.0071,0.7550
26.4999,0.8483,1.7031,-0.1326,0.1950,0.2358,0.0013,0.0109,0.0958,1.6504,-0.0960,0.4109,0.4220,0.0114,0.0073,0.7544
26.5198,0.8468,1.7046,-0.1335,0.1951,0.2365,0.0018,0.0093,0.0947,1.6537,-0.0961,0.4109,0.4220,0.0105,0.0075,0.7538
26.5202,0.8458,1.7057,-0.1335,0.1951,0.2365,0.0025,0.0093,0.0940,1.6565,-0.0965,0.4106,0.4218,0.0100,0.0082,0.7534
26.5297,0.8442,1.7074,-0.1342,0.1939,0.2358,0.0035,0.0100,0.0928,1.6602,-0.0964,0.4094,0.4206,0.0089,0.0097,0.7529
26.5299,0.8429,1.7088,-0.1354,0.1942,0.2368,0.0039,0.0098,0.0918,1.6634,-0.0972,0.4103,0.4217,0.0085,0.0104,0.7525
26.5495,0.8416,1.7102,-0.1363,0.1939,0.2370,0.0044,0.0091,0.0907,1.6666,-0.0981,0.4103,0.4219,0.0080,0.0097,0.7522
26.5498,0.8416,1.7102,-0.1363,0.1939,0.2370,0.0044,0.0091,0.0896,1.6699,-0.0989,0.4100,0.4217,0.0074,0.0090,0.7531
26.5696,0.8386,1.7132,-0.1378,0.1931,0.2372,0.0063,0.0077,0.0883,1.6735,-0.0999,0.4101,0.4220,0.0065,0.0083,0.7514
26.5699,0.8375,1.7142,-0.1378,0.1931,0.2372,0.0069,0.0077,0.0875,1.6764,-0.0999,0.4101,0.4220,0.0056,0.0083,0.7510
26.5796,0.8359,1.7155,-0.1393,0.1918,0.2370,0.0080,0.0056,0.0862,1.6799,-0.1009,0.4085,0.4208,0.0048,0.0086,0.7506
26.5798,0.8346,1.7167,-0.1393,0.1918,0.2370,0.0090,0.0056,0.0852,1.6831,-0.1009,0.4085,0.4208,0.0043,0.0086,0.7502
26.5998,0.8332,1.7178,-0.1410,0.1906,0.2371,0.0096,0.0061,0.0840,1.6864,-0.1029,0.4085,0.4213,0.0043,0.0093,0.7499
26.6002,0.8317,1.7191,-0.1410,0.1906,0.2371,0.0099,0.0061,0.0829,1.6898,-0.1039,0.4085,0.4215,0.0034,0.0074,0.7494
26.6197,0.8303,1.7204,-0.1424,0.1887,0.2364,0.0098,0.0136,0.0817,1.6931,-0.1049,0.4085,0.4217,0.0024,0.0033,0.7490
26.6199,0.8290,1.7216,-0.1424,0.1887,0.2364,0.0098,0.0136,0.0807,1.6962,-0.1049,0.4085,0.4217,0.0018,0.0033,0.7487
26.6297,0.8273,1.7231,-0.1435,0.1871,0.2357,0.0096,0.0197,0.0794,1.6997,-0.1065,0.4076,0.4213,-0.0006,-0.0027,0.7483
26.6299,0.8256,1.7245,-0.1435,0.1871,0.2357,0.0094,0.0197,0.0781,1.7030,-0.1065,0.4076,0.4213,-0.0026,-0.0027,0.7478
26.6497,0.8241,1.7257,-0.1462,0.1869,0.2373,0.0093,0.0161,0.0770,1.7061,-0.1092,0.4079,0.4223,-0.0035,-0.0015,0.7474
26.6501,0.8223,1.7271,-0.1462,0.1869,0.2373,0.0093,0.0161,0.0756,1.7097,-0.1092,0.4079,0.4223,-0.0048,-0.0015,0.7470
26.6697,0.8210,1.7282,-0.1484,0.1855,0.2376,0.0091,0.0102,0.0745,1.7127,-0.1114,0.4074,0.4223,-0.0056,0.0003,0.7466
26.6700,0.8193,1.7295,-0.1487,0.1838,0.2364,0.0084,0.0099,0.0731,1.7163,-0.1119,0.4064,0.4215,-0.0063,-0.0001,0.7463
26.6799,0.8179,1.7306,-0.1498,0.1828,0.2364,0.0073,0.0111,0.0719,1.7195,-0.1133,0.4070,0.4225,-0.0070,-0.0011,0.7461
26.6802,0.8164,1.7318,-0.1506,0.1818,0.2361,0.0063,0.0133,0.0707,1.7228,-0.1141,0.4067,0.4224,-0.0073,-0.0036,0.7457
26.6996,0.8147,1.7332,-0.1511,0.1803,0.2353,0.0050,0.0167,0.0694,1.7261,-0.1148,0.4061,0.4220,-0.0073,-0.0062,0.7453
26.6999,0.8130,1.7345,-0.1511,0.1803,0.2353,0.0041,0.0167,0.0682,1.7293,-0.1148,0.4061,0.4220,-0.0074,-0.0062,0.7449
26.7197,0.8114,1.7357,-0.1536,0.1791,0.2360,0.0038,0.0231,0.0669,1.7324,-0.1169,0.4056,0.4222,-0.0073,-0.0077,0.7445
26.7200,0.8099,1.7369,-0.1536,0.1791,0.2360,0.0030,0.0231,0.0657,1.7354,-0.1169,0.4056,0.4222,-0.0074,-0.0077,0.7442
26.7296,0.8081,1.7382,-0.1556,0.1767,0.2355,0.0023,0.0250,0.0642,1.7388,-0.1187,0.4038,0.4209,-0.0076,-0.0090,0.7439
26.7299,0.8067,1.7393,-0.1574,0.1765,0.2365,0.0020,0.0249,0.0630,1.7418,-0.1203,0.4041,0.4217,-0.0080,-0.0095,0.7437
26.7500,0.8051,1.7405,-0.1581,0.1754,0.2361,0.0019,0.0257,0.0616,1.7449,-0.1212,0.4027,0.4205,-0.0082,-0.0099,0.7436
26.7504,0.8034,1.7418,-0.1590,0.1741,0.2358,0.0017,0.0250,0.0601,1.7481,-0.1221,0.4015,0.4196,-0.0082,-0.0085,0.7433
26.7598,0.8019,1.7430,-0.1604,0.1737,0.2364,0.0012,0.0242,0.0588,1.7512,-0.1234,0.4009,0.4195,-0.0083,-0.0050,0.7432
26.7603,0.8002,1.7444,-0.1604,0.1737,0.2364,0.0009,0.0242,0.0573,1.7543,-0.1242,0.3993,0.4182,-0.0083,0.0007,0.7429
26.7799,0.7986,1.7456,-0.1624,0.1714,0.2361,0.0007,0.0249,0.0560,1.7572,-0.1254,0.3985,0.4178,-0.0083,0.0082,0.7427
26.7803,0.7969,1.7469,-0.1633,0.1704,0.2360,0.0006,0.0254,0.0546,1.7603,-0.1266,0.3976,0.4172,-0.0083,0.0128,0.7425
26.8001,0.7936,1.7494,-0.1654,0.1687,0.2362,0.0005,0.0283,0.0532,1.7632,-0.1281,0.3972,0.4173,-0.0082,0.0182,0.7405
26.8004,0.7936,1.7494,-0.1654,0.1687,0.2362,0.0005,0.0283,0.0515,1.7666,-0.1294,0.3963,0.4169,-0.0081,0.0190,0.7423
26.8097,0.7922,1.7505,-0.1665,0.1677,0.2363,0.0005,0.0294,0.0502,1.7695,-0.1309,0.3955,0.4165,-0.0082,0.0182,0.7423
26.8102,0.7906,1.7516,-0.1665,0.1677,0.2363,0.0002,0.0294,0.0485,1.7728,-0.1309,0.3955,0.4165,-0.0081,0.0182,0.7424
26.8298,0.7891,1.7528,-0.1679,0.1655,0.2358,-0.0001,0.0294,0.0469,1.7760,-0.1334,0.3934,0.4154,-0.0080,0.0099,0.7425
26.8302,0.7873,1.7541,-0.1679,0.1655,0.2358,-0.0003,0.0294,0.0453,1.7791,-0.1334,0.3934,0.4154,-0.0077,0.0099,0.7424
26.8496,0.7857,1.7553,-0.1705,0.1641,0.2366,-0.0007,0.0321,0.0439,1.7819,-0.1365,0.3921,0.4152,-0.0073,-0.0029,0.7423
26.8499,0.7841,1.7565,-0.1714,0.1627,0.2364,-0.0008,0.0333,0.0424,1.7846,-0.1375,0.3906,0.4141,-0.0067,-0.0020,0.7422
26.8597,0.7822,1.7578,-0.1724,0.1616,0.2363,-0.0009,0.0338,0.0408,1.7876,-0.1387,0.3892,0.4132,-0.0058,-0.0005,0.7420
26.8602,0.7806,1.7590,-0.1724,0.1616,0.2363,-0.0009,0.0338,0.0393,1.7903,-0.1402,0.3882,0.4128,-0.0054,0.0003,0.7420
26.8798,0.7788,1.7605,-0.1746,0.1602,0.2369,-0.0008,0.0336,0.0375,1.7933,-0.1417,0.3872,0.4123,-0.0049,0.0006,0.7420
26.8801,0.7772,1.7616,-0.1756,0.1598,0.2375,-0.0008,0.0326,0.0360,1.7959,-0.1433,0.3859,0.4117,-0.0044,0.0000,0.7420
26.8995,0.7752,1.7631,-0.1765,0.1593,0.2378,-0.0007,0.0307,0.0341,1.7988,-0.1445,0.3846,0.4109,-0.0035,0.0013,0.7420
26.8999,0.7736,1.7641,-0.1765,0.1593,0.2378,-0.0007,0.0307,0.0327,1.8014,-0.1462,0.3833,0.4102,-0.0030,0.0049,0.7419
26.9098,0.7718,1.7653,-0.1793,0.1579,0.2389,-0.0006,0.0267,0.0310,1.8042,-0.1475,0.3816,0.4091,-0.0028,0.0060,0.7418
26.9103,0.7700,1.7664,-0.1806,0.1567,0.2391,-0.0004,0.0254,0.0293,1.8072,-0.1475,0.3816,0.4091,-0.0025,0.0060,0.7418
26.9296,0.7681,1.7677,-0.1823,0.1563,0.2401,0.0000,0.0257,0.0276,1.8101,-0.1505,0.3797,0.4084,-0.0020,0.0043,0.7418
26.9299,0.7662,1.7690,-0.1837,0.1556,0.2408,0.0002,0.0245,0.0258,1.8130,-0.1524,0.3788,0.4083,-0.0017,0.0016,0.7417
26.9397,0.7646,1.7701,-0.1852,0.1553,0.2417,0.0002,0.0223,0.0243,1.8153,-0.1544,0.3782,0.4085,-0.0011,-0.0008,0.7417
26.9403,0.7626,1.7714,-0.1852,0.1553,0.2417,0.0004,0.0223,0.0225,1.8181,-0.1556,0.3762,0.4071,0.0001,-0.0034,0.7415
26.9596,0.7609,1.7726,-0.1869,0.1541,0.2422,0.0004,0.0150,0.0211,1.8205,-0.1573,0.3751,0.4067,0.0007,-0.0042,0.7414
26.9699,0.7590,1.7739,-0.1877,0.1532,0.2423,0.0007,0.0138,0.0193,1.8233,-0.1585,0.3732,0.4055,0.0006,0.0002,0.7413
26.9703,0.7575,1.7748,-0.1877,0.1532,0.2423,0.0008,0.0138,0.0180,1.8257,-0.1585,0.3732,0.4055,0.0003,0.0002,0.7413
26.9902,0.7537,1.7770,-0.1894,0.1521,0.2429,0.0012,0.0152,0.0161,1.8288,-0.1611,0.3703,0.4038,0.0002,0.0122,0.7394
26.9905,0.7537,1.7770,-0.1894,0.1521,0.2429,0.0012,0.0152,0.0143,1.8317,-0.1629,0.3697,0.4040,-0.0004,0.0114,0.7414
26.9996,0.7519,1.7781,-0.1922,0.1511,0.2445,0.0014,0.0156,0.0125,1.8347,-0.1649,0.3697,0.4048,-0.0013,0.0109,0.7416
26.9998,0.7500,1.7795,-0.1922,0.1511,0.2445,0.0016,0.0156,0.0106,1.8378,-0.1649,0.3697,0.4048,-0.0033,0.0109,0.7416
27.0199,0.7483,1.7806,-0.1937,0.1497,0.2447,0.0016,0.0156,0.0090,1.8405,-0.1681,0.3682,0.4048,-0.0043,-0.0049,0.7417
27.0204,0.7463,1.7820,-0.1937,0.1497,0.2447,0.0015,0.0156,0.0071,1.8435,-0.1681,0.3682,0.4048,-0.0051,-0.0049,0.7417
27.0398,0.7445,1.7831,-0.1959,0.1491,0.2462,0.0015,0.0167,0.0056,1.8460,-0.1714,0.3666,0.4047,-0.0058,-0.0084,0.7416
27.0402,0.7426,1.7844,-0.1959,0.1491,0.2462,0.0016,0.0167,0.0040,1.8488,-0.1723,0.3653,0.4039,-0.0067,-0.0062,0.7414
27.0497,0.7409,1.7855,-0.1982,0.1485,0.2476,0.0015,0.0220,0.0024,1.8514,-0.1734,0.3644,0.4036,-0.0072,-0.0030,0.7414
27.0500,0.7389,1.7868,-0.1982,0.1485,0.2476,0.0015,0.0220,0.0007,1.8544,-0.1734,0.3644,0.4036,-0.0082,-0.0030,0.7413
27.0698,0.7371,1.7880,-0.1994,0.1473,0.2479,0.0014,0.0243,-0.0009,1.8572,-0.1752,0.3617,0.4019,-0.0091,-0.0006,0.7413
27.0701,0.7354,1.7892,-0.1994,0.1473,0.2479,0.0013,0.0243,-0.0027,1.8601,-0.1769,0.3616,0.4025,-0.0098,-0.0000,0.7415
27.0898,0.7335,1.7905,-0.2010,0.1472,0.2492,0.0008,0.0236,-0.0045,1.8629,-0.1778,0.3603,0.4018,-0.0108,0.0000,0.7415
27.0901,0.7318,1.7916,-0.2010,0.1472,0.2492,0.0005,0.0236,-0.0060,1.8654,-0.1793,0.3596,0.4018,-0.0111,0.0019,0.7415
27.0996,0.7299,1.7927,-0.2028,0.1476,0.2509,0.0004,0.0201,-0.0077,1.8680,-0.1801,0.3580,0.4007,-0.0117,0.0025,0.7414
27.0999,0.7281,1.7937,-0.2028,0.1476,0.2509,0.0005,0.0201,-0.0092,1.8706,-0.1801,0.3580,0.4007,-0.0127,0.0025,0.7413
27.1198,0.7260,1.7949,-0.2043,0.1465,0.2514,0.0005,0.0095,-0.0112,1.8738,-0.1819,0.3549,0.3988,-0.0148,0.0061,0.7415
27.1202,0.7242,1.7959,-0.2059,0.1466,0.2527,0.0006,0.0095,-0.0130,1.8765,-0.1838,0.3552,0.3999,-0.0159,0.0083,0.7416
27.1396,0.7221,1.7972,-0.2062,0.1456,0.2524,0.0007,0.0119,-0.0151,1.8797,-0.1848,0.3537,0.3991,-0.0174,0.0083,0.7418
27.1399,0.7208,1.7979,-0.2062,0.1456,0.2524,0.0008,0.0119,-0.0164,1.8819,-0.1848,0.3537,0.3991,-0.0178,0.0083,0.7420
27.1498,0.7187,1.7991,-0.2066,0.1443,0.2521,0.0014,0.0199,-0.0183,1.8850,-0.1869,0.3515,0.3981,-0.0183,0.0021,0.7421
27.1501,0.7167,1.8002,-0.2072,0.1439,0.2523,0.0020,0.0219,-0.0201,1.8878,-0.1869,0.3515,0.3981,-0.0187,0.0021,0.7420
27.1698,0.7147,1.8014,-0.2086,0.1441,0.2535,0.0026,0.0235,-0.0220,1.8905,-0.1893,0.3503,0.3981,-0.0190,-0.0046,0.7420
27.1701,0.7127,1.8026,-0.2086,0.1441,0.2535,0.0031,0.0235,-0.0238,1.8932,-0.1893,0.3503,0.3981,-0.0193,-0.0046,0.7421
27.1898,0.7110,1.8036,-0.2103,0.1439,0.2548,0.0034,0.0233,-0.0252,1.8953,-0.1914,0.3472,0.3965,-0.0194,0.0018,0.7419
27.1900,0.7086,1.8051,-0.2103,0.1439,0.2548,0.0038,0.0233,-0.0275,1.8985,-0.1914,0.3472,0.3965,-0.0196,0.0018,0.7420
27.1996,0.7066,1.8064,-0.2122,0.1438,0.2563,0.0041,0.0195,-0.0295,1.9014,-0.1938,0.3449,0.3956,-0.0200,0.0055,0.7422
27.1999,0.7048,1.8075,-0.2128,0.1438,0.2569,0.0044,0.0177,-0.0314,1.9040,-0.1953,0.3441,0.3957,-0.0203,0.0048,0.7425
27.2197,0.7030,1.8087,-0.2132,0.1436,0.2571,0.0049,0.0153,-0.0334,1.9067,-0.1966,0.3433,0.3956,-0.0208,0.0012,0.7428
27.2295,0.7010,1.8098,-0.2138,0.1436,0.2576,0.0052,0.0125,-0.0354,1.9096,-0.1981,0.3428,0.3959,-0.0212,-0.0025,0.7431
27.2299,0.6993,1.8107,-0.2138,0.1436,0.2576,0.0056,0.0125,-0.0370,1.9119,-0.1992,0.3415,0.3954,-0.0213,-0.0099,0.7432
27.2394,0.6973,1.8118,-0.2148,0.1429,0.2580,0.0064,0.0103,-0.0387,1.9142,-0.1999,0.3402,0.3946,-0.0213,-0.0140,0.7431
27.2397,0.6954,1.8128,-0.2148,0.1429,0.2580,0.0073,0.0103,-0.0404,1.9163,-0.2005,0.3386,0.3935,-0.0213,-0.0135,0.7430
27.2595,0.6935,1.8138,-0.2161,0.1419,0.2586,0.0077,0.0137,-0.0418,1.9183,-0.2010,0.3364,0.3919,-0.0211,-0.0098,0.7427
27.2697,0.6914,1.8150,-0.2167,0.1415,0.2588,0.0085,0.0144,-0.0434,1.9205,-0.2011,0.3342,0.3900,-0.0210,0.0069,0.7424
27.2701,0.6895,1.8161,-0.2167,0.1415,0.2588,0.0088,0.0144,-0.0450,1.9226,-0.2016,0.3325,0.3888,-0.0211,0.0229,0.7422
27.2895,0.6875,1.8173,-0.2182,0.1410,0.2598,0.0088,0.0139,-0.0468,1.9251,-0.2022,0.3309,0.3877,-0.0210,0.0248,0.7422
27.2897,0.6856,1.8183,-0.2182,0.1410,0.2598,0.0089,0.0139,-0.0485,1.9273,-0.2022,0.3309,0.3877,-0.0210,0.0248,0.7422
27.2996,0.6835,1.8195,-0.2196,0.1404,0.2607,0.0087,0.0133,-0.0508,1.9301,-0.2035,0.3283,0.3863,-0.0209,0.0146,0.7425
27.3001,0.6816,1.8204,-0.2204,0.1402,0.2612,0.0087,0.0119,-0.0526,1.9325,-0.2046,0.3271,0.3858,-0.0207,0.0107,0.7427
27.3199,0.6796,1.8215,-0.2213,0.1399,0.2619,0.0086,0.0117,-0.0545,1.9346,-0.2056,0.3258,0.3853,-0.0199,0.0050,0.7428
27.3203,0.6775,1.8227,-0.2213,0.1399,0.2619,0.0085,0.0117,-0.0564,1.9367,-0.2056,0.3258,0.3853,-0.0186,0.0050,0.7428
27.3396,0.6758,1.8237,-0.2231,0.1398,0.2633,0.0084,0.0090,-0.0579,1.9384,-0.2067,0.3215,0.3822,-0.0176,0.0208,0.7427
27.3399,0.6739,1.8248,-0.2229,0.1391,0.2628,0.0079,0.0056,-0.0597,1.9402,-0.2065,0.3186,0.3797,-0.0164,0.0305,0.7427
27.3497,0.6721,1.8258,-0.2235,0.1390,0.2632,0.0078,0.0027,-0.0615,1.9420,-0.2071,0.3167,0.3784,-0.0153,0.0453,0.7427
27.3502,0.6699,1.8270,-0.2235,0.1390,0.2632,0.0078,0.0027,-0.0637,1.9442,-0.2078,0.3148,0.3772,-0.0137,0.0625,0.7429
27.3699,0.6682,1.8278,-0.2246,0.1383,0.2637,0.0077,0.0022,-0.0656,1.9462,-0.2090,0.3133,0.3766,-0.0129,0.0733,0.7433
27.3702,0.6663,1.8288,-0.2248,0.1376,0.2636,0.0076,0.0032,-0.0678,1.9486,-0.2098,0.3119,0.3759,-0.0121,0.0713,0.7438
27.3798,0.6644,1.8299,-0.2250,0.1367,0.2633,0.0076,0.0048,-0.0699,1.9508,-0.2105,0.3106,0.3752,-0.0114,0.0670,0.7442
27.3802,0.6623,1.8310,-0.2250,0.1367,0.2633,0.0075,0.0048,-0.0722,1.9533,-0.2117,0.3099,0.3753,-0.0106,0.0619,0.7445
27.3997,0.6605,1.8321,-0.2259,0.1359,0.2636,0.0075,0.0122,-0.0742,1.9554,-0.2125,0.3089,0.3749,-0.0091,0.0477,0.7450
27.4001,0.6588,1.8330,-0.2263,0.1360,0.2640,0.0076,0.0127,-0.0759,1.9572,-0.2138,0.3082,0.3751,-0.0081,0.0428,0.7451
27.4201,0.6567,1.8341,-0.2261,0.1355,0.2636,0.0080,0.0133,-0.0780,1.9592,-0.2139,0.3060,0.3733,-0.0073,0.0439,0.7452
27.4205,0.6548,1.8351,-0.2266,0.1353,0.2640,0.0087,0.0124,-0.0800,1.9611,-0.2146,0.3040,0.3721,-0.0061,0.0475,0.7455
27.4296,0.6526,1.8363,-0.2266,0.1348,0.2637,0.0101,0.0110,-0.0822,1.9632,-0.2150,0.3019,0.3707,-0.0049,0.0537,0.7458
27.4299,0.6509,1.8372,-0.2271,0.1346,0.2640,0.0107,0.0095,-0.0842,1.9650,-0.2160,0.3005,0.3701,-0.0045,0.0665,0.7462
27.4498,0.6490,1.8381,-0.2275,0.1341,0.2641,0.0112,0.0096,-0.0864,1.9670,-0.2171,0.2994,0.3698,-0.0040,0.0694,0.7467
27.4503,0.6471,1.8390,-0.2275,0.1341,0.2641,0.0117,0.0096,-0.0887,1.9691,-0.2171,0.2994,0.3698,-0.0038,0.0694,0.7472
27.4696,0.6448,1.8403,-0.2277,0.1329,0.2636,0.0118,0.0143,-0.0912,1.9716,-0.2196,0.2972,0.3695,-0.0037,0.0636,0.7476
27.4699,0.6431,1.8411,-0.2277,0.1329,0.2636,0.0121,0.0143,-0.0932,1.9734,-0.2211,0.2965,0.3699,-0.0036,0.0537,0.7481
27.4796,0.6412,1.8420,-0.2288,0.1326,0.2644,0.0119,0.0131,-0.0956,1.9756,-0.2223,0.2954,0.3697,-0.0034,0.0497,0.7488
27.4798,0.6392,1.8429,-0.2285,0.1319,0.2639,0.0118,0.0128,-0.0979,1.9778,-0.2233,0.2936,0.3689,-0.0030,0.0501,0.7493
27.4993,0.6373,1.8437,-0.2290,0.1317,0.2642,0.0119,0.0114,-0.1003,1.9797,-0.2244,0.2921,0.3684,-0.0026,0.0469,0.7500
27.5094,0.6353,1.8447,-0.2294,0.1313,0.2643,0.0118,0.0087,-0.1027,1.9817,-0.2255,0.2900,0.3673,-0.0017,0.0516,0.7506
27.5097,0.6335,1.8456,-0.2294,0.1313,0.2643,0.0117,0.0087,-0.1050,1.9836,-0.2255,0.2900,0.3673,-0.0009,0.0516,0.7513
27.5297,0.6314,1.8466,-0.2296,0.1299,0.2639,0.0117,0.0106,-0.1075,1.9856,-0.2280,0.2861,0.3658,0.0000,0.0635,0.7519
27.5300,0.6295,1.8475,-0.2297,0.1292,0.2635,0.0117,0.0115,-0.1098,1.9874,-0.2292,0.2842,0.3651,0.0005,0.0628,0.7524
27.5395,0.6275,1.8486,-0.2300,0.1288,0.2636,0.0117,0.0099,-0.1124,1.9895,-0.2308,0.2828,0.3650,0.0007,0.0613,0.7532
27.5397,0.6259,1.8493,-0.2300,0.1288,0.2636,0.0117,0.0099,-0.1144,1.9912,-0.2328,0.2814,0.3652,0.0007,0.0599,0.7538
27.5594,0.6237,1.8504,-0.2301,0.1276,0.2631,0.0117,0.0081,-0.1172,1.9932,-0.2338,0.2795,0.3644,0.0010,0.0591,0.7546
27.5597,0.6219,1.8513,-0.2301,0.1276,0.2631,0.0117,0.0081,-0.1197,1.9951,-0.2338,0.2795,0.3644,0.0013,0.0591,0.7554
27.5695,0.6200,1.8522,-0.2305,0.1266,0.2629,0.0117,0.0084,-0.1223,1.9969,-0.2375,0.2758,0.3639,0.0013,0.0606,0.7562
27.5700,0.6179,1.8532,-0.2305,0.1266,0.2629,0.0119,0.0084,-0.1249,1.9988,-0.2375,0.2758,0.3639,0.0011,0.0606,0.7569
27.5896,0.6159,1.8543,-0.2311,0.1254,0.2629,0.0122,0.0088,-0.1275,2.0006,-0.2409,0.2718,0.3632,0.0011,0.0639,0.7577
27.5996,0.6139,1.8554,-0.2318,0.1253,0.2635,0.0126,0.0094,-0.1302,2.0024,-0.2430,0.2703,0.3635,0.0009,0.0659,0.7586
27.5999,0.6122,1.8562,-0.2318,0.1252,0.2635,0.0129,0.0090,-0.1326,2.0040,-0.2430,0.2703,0.3635,0.0006,0.0659,0.7592
27.6195,0.6100,1.8574,-0.2319,0.1251,0.2635,0.0132,0.0089,-0.1354,2.0061,-0.2467,0.2669,0.3634,-0.0003,0.0676,0.7600
27.6198,0.6082,1.8584,-0.2319,0.1251,0.2635,0.0134,0.0089,-0.1377,2.0079,-0.2483,0.2647,0.3629,-0.0009,0.0664,0.7607
27.6296,0.6060,1.8593,-0.2320,0.1248,0.2635,0.0143,0.0072,-0.1404,2.0098,-0.2493,0.2627,0.3622,-0.0015,0.0662,0.7615
27.6299,0.6042,1.8601,-0.2320,0.1248,0.2635,0.0147,0.0072,-0.1428,2.0115,-0.2493,0.2627,0.3622,-0.0015,0.0662,0.7622
27.6497,0.6020,1.8611,-0.2332,0.1244,0.2643,0.0154,0.0006,-0.1457,2.0135,-0.2527,0.2592,0.3620,-0.0013,0.0685,0.7631
27.6596,0.6000,1.8620,-0.2334,0.1240,0.2643,0.0157,-0.0012,-0.1484,2.0153,-0.2546,0.2570,0.3618,-0.0011,0.0753,0.7640
27.6599,0.5985,1.8626,-0.2334,0.1240,0.2643,0.0158,-0.0012,-0.1506,2.0167,-0.2546,0.2570,0.3618,-0.0011,0.0753,0.7647
27.6799,0.5962,1.8637,-0.2324,0.1224,0.2626,0.0162,-0.0047,-0.1537,2.0186,-0.2572,0.2523,0.3603,-0.0009,0.0728,0.7657
27.6804,0.5945,1.8644,-0.2330,0.1222,0.2631,0.0161,-0.0046,-0.1561,2.0199,-0.2597,0.2508,0.3610,-0.0007,0.0719,0.7666
27.6897,0.5923,1.8655,-0.2330,0.1217,0.2629,0.0160,-0.0046,-0.1591,2.0217,-0.2618,0.2492,0.3614,-0.0004,0.0717,0.7675
27.6900,0.5905,1.8662,-0.2330,0.1217,0.2629,0.0160,-0.0046,-0.1615,2.0230,-0.2632,0.2462,0.3604,-0.0005,0.0771,0.7682
27.7099,0.5882,1.8673,-0.2323,0.1197,0.2613,0.0163,-0.0046,-0.1644,2.0249,-0.2640,0.2434,0.3591,-0.0007,0.0793,0.7689
27.7102,0.5866,1.8678,-0.2333,0.1194,0.2621,0.0162,-0.0030,-0.1666,2.0262,-0.2661,0.2418,0.3595,-0.0010,0.0813,0.7696
27.7296,0.5844,1.8686,-0.2328,0.1183,0.2611,0.0161,-0.0013,-0.1694,2.0281,-0.2665,0.2390,0.3579,-0.0020,0.0852,0.7706
27.7299,0.5824,1.8694,-0.2328,0.1183,0.2611,0.0157,-0.0013,-0.1724,2.0300,-0.2665,0.2390,0.3579,-0.0028,0.0852,0.7717
27.7395,0.5805,1.8701,-0.2339,0.1173,0.2616,0.0153,-0.0018,-0.1750,2.0316,-0.2708,0.2362,0.3594,-0.0032,0.0949,0.7725
27.7399,0.5784,1.8710,-0.2338,0.1167,0.2613,0.0145,-0.0044,-0.1779,2.0334,-0.2708,0.2362,0.3594,-0.0034,0.0949,0.7735
27.7496,0.5764,1.8719,-0.2340,0.1164,0.2614,0.0131,-0.0064,-0.1807,2.0351,-0.2750,0.2341,0.3611,-0.0038,0.0891,0.7745
27.7500,0.5743,1.8727,-0.2340,0.1164,0.2614,0.0118,-0.0064,-0.1834,2.0367,-0.2750,0.2341,0.3611,-0.0039,0.0891,0.7752
27.7696,0.5726,1.8733,-0.2342,0.1155,0.2611,0.0109,-0.0152,-0.1859,2.0381,-0.2798,0.2325,0.3638,-0.0038,0.0520,0.7761
27.7699,0.5705,1.8741,-0.2339,0.1144,0.2604,0.0100,-0.0158,-0.1885,2.0397,-0.2816,0.2310,0.3643,-0.0038,0.0456,0.7769
27.7899,0.5686,1.8748,-0.2340,0.1135,0.2601,0.0096,-0.0162,-0.1913,2.0412,-0.2834,0.2292,0.3645,-0.0036,0.0458,0.7779
27.7903,0.5667,1.8755,-0.2340,0.1130,0.2598,0.0094,-0.0160,-0.1940,2.0429,-0.2855,0.2278,0.3652,-0.0036,0.0500,0.7789
27.8098,0.5648,1.8761,-0.2336,0.1120,0.2590,0.0094,-0.0161,-0.1966,2.0446,-0.2865,0.2256,0.3646,-0.0036,0.0538,0.7798
27.8101,0.5627,1.8768,-0.2336,0.1120,0.2590,0.0092,-0.0161,-0.1995,2.0464,-0.2865,0.2256,0.3646,-0.0033,0.0538,0.7809
27.8197,0.5607,1.8774,-0.2337,0.1106,0.2585,0.0091,-0.0170,-0.2024,2.0483,-0.2900,0.2236,0.3662,-0.0030,0.0607,0.7820
27.8397,0.5588,1.8779,-0.2336,0.1093,0.2580,0.0091,-0.0170,-0.2053,2.0501,-0.2920,0.2231,0.3674,-0.0022,0.0598,0.7832
27.8401,0.5564,1.8786,-0.2336,0.1093,0.2580,0.0094,-0.0170,-0.2084,2.0522,-0.2920,0.2231,0.3674,-0.0008,0.0598,0.7842
27.8497,0.5547,1.8790,-0.2352,0.1075,0.2586,0.0094,-0.0148,-0.2108,2.0536,-0.2974,0.2239,0.3722,0.0000,0.0310,0.7851
27.8501,0.5526,1.8795,-0.2352,0.1075,0.2586,0.0095,-0.0148,-0.2138,2.0553,-0.2974,0.2239,0.3722,0.0012,0.0310,0.7862
27.8598,0.5507,1.8800,-0.2347,0.1050,0.2572,0.0095,-0.0122,-0.2164,2.0567,-0.3002,0.2220,0.3734,0.0024,-0.0026,0.7872
27.8602,0.5484,1.8807,-0.2350,0.1044,0.2571,0.0095,-0.0124,-0.2194,2.0584,-0.3016,0.2210,0.3739,0.0044,-0.0007,0.7881
27.8796,0.5464,1.8814,-0.2357,0.1037,0.2575,0.0097,-0.0130,-0.2221,2.0600,-0.3032,0.2197,0.3744,0.0052,0.0026,0.7890
27.8799,0.5445,1.8819,-0.2357,0.1037,0.2575,0.0099,-0.0130,-0.2246,2.0615,-0.3044,0.2182,0.3746,0.0056,0.0072,0.7898
27.8997,0.5423,1.8825,-0.2356,0.1018,0.2566,0.0104,-0.0179,-0.2275,2.0632,-0.3050,0.2164,0.3739,0.0065,0.0184,0.7908
27.9002,0.5403,1.8831,-0.2356,0.1018,0.2566,0.0106,-0.0179,-0.2301,2.0648,-0.3050,0.2164,0.3739,0.0074,0.0184,0.7916
27.9095,0.5380,1.8838,-0.2369,0.1002,0.2572,0.0108,-0.0286,-0.2333,2.0668,-0.3084,0.2152,0.3760,0.0084,0.0206,0.7927
27.9098,0.5360,1.8843,-0.2369,0.1002,0.2572,0.0110,-0.0286,-0.2360,2.0684,-0.3084,0.2152,0.3760,0.0097,0.0206,0.7936
27.9296,0.5337,1.8850,-0.2377,0.0984,0.2573,0.0112,-0.0296,-0.2391,2.0702,-0.3121,0.2146,0.3788,0.0109,0.0093,0.7947
27.9298,0.5318,1.8856,-0.2377,0.0984,0.2573,0.0114,-0.0296,-0.2418,2.0718,-0.3121,0.2146,0.3788,0.0121,0.0093,0.7958
27.9495,0.5298,1.8862,-0.2381,0.0968,0.2570,0.0115,-0.0305,-0.2447,2.0734,-0.3152,0.2135,0.3807,0.0127,-0.0108,0.7968
27.9498,0.5282,1.8867,-0.2381,0.0968,0.2570,0.0117,-0.0305,-0.2472,2.0745,-0.3166,0.2128,0.3815,0.0131,-0.0122,0.7978
27.9595,0.5260,1.8873,-0.2378,0.0953,0.2562,0.0121,-0.0314,-0.2504,2.0762,-0.3171,0.2109,0.3808,0.0137,-0.0113,0.7991
27.9695,0.5240,1.8878,-0.2376,0.0939,0.2555,0.0128,-0.0329,-0.2533,2.0778,-0.3184,0.2092,0.3810,0.0140,-0.0105,0.8002
27.9700,0.5221,1.8882,-0.2376,0.0939,0.2555,0.0135,-0.0329,-0.2560,2.0792,-0.3184,0.2092,0.3810,0.0145,-0.0105,0.8012
27.9896,0.5199,1.8887,-0.2382,0.0924,0.2555,0.0150,-0.0407,-0.2591,2.0811,-0.3209,0.2072,0.3820,0.0150,-0.0071,0.8024
27.9901,0.5182,1.8889,-0.2382,0.0924,0.2555,0.0162,-0.0407,-0.2618,2.0826,-0.3225,0.2067,0.3830,0.0155,-0.0037,0.8037
27.9995,0.5160,1.8892,-0.2381,0.0904,0.2547,0.0177,-0.0413,-0.2651,2.0846,-0.3230,0.2058,0.3830,0.0162,-0.0033,0.8052
27.9999,0.5160,1.8892,-0.2381,0.0904,0.2547,0.0177,-0.0413,-0.2677,2.0861,-0.3230,0.2058,0.3830,0.0171,-0.0033,0.8081
28.0196,0.5122,1.8897,-0.2385,0.0877,0.2541,0.0180,-0.0421,-0.2707,2.0878,-0.3255,0.2051,0.3847,0.0184,-0.0103,0.8076
28.0199,0.5104,1.8899,-0.2385,0.0861,0.2536,0.0179,-0.0370,-0.2733,2.0893,-0.3265,0.2044,0.3852,0.0194,-0.0123,0.8087
28.0395,0.5081,1.8902,-0.2383,0.0847,0.2529,0.0178,-0.0348,-0.2764,2.0909,-0.3271,0.2037,0.3853,0.0204,-0.0143,0.8098
28.0397,0.5062,1.8905,-0.2383,0.0847,0.2529,0.0177,-0.0348,-0.2791,2.0922,-0.3271,0.2037,0.3853,0.0212,-0.0143,0.8108
28.0498,0.5041,1.8908,-0.2392,0.0823,0.2530,0.0176,-0.0350,-0.2819,2.0938,-0.3293,0.2022,0.3864,0.0221,-0.0166,0.8118
28.0503,0.5021,1.8911,-0.2392,0.0808,0.2524,0.0176,-0.0350,-0.2847,2.0952,-0.3293,0.2010,0.3858,0.0228,-0.0177,0.8129
28.0697,0.5002,1.8913,-0.2395,0.0796,0.2524,0.0177,-0.0363,-0.2876,2.0967,-0.3301,0.2003,0.3861,0.0235,-0.0185,0.8140
28.0701,0.4981,1.8916,-0.2395,0.0796,0.2524,0.0175,-0.0363,-0.2907,2.0983,-0.3301,0.2003,0.3861,0.0240,-0.0185,0.8154
28.0797,0.4961,1.8918,-0.2397,0.0767,0.2517,0.0174,-0.0395,-0.2935,2.0996,-0.3315,0.1990,0.3867,0.0251,-0.0205,0.8165
28.0799,0.4940,1.8920,-0.2397,0.0767,0.2517,0.0159,-0.0395,-0.2967,2.1011,-0.3315,0.1990,0.3867,0.0268,-0.0205,0.8178
28.0998,0.4921,1.8922,-0.2400,0.0734,0.2509,0.0148,-0.0395,-0.2995,2.1022,-0.3329,0.1974,0.3870,0.0283,-0.0247,0.8190
28.1002,0.4900,1.8924,-0.2400,0.0734,0.2509,0.0125,-0.0395,-0.3025,2.1034,-0.3339,0.1964,0.3874,0.0294,-0.0252,0.8202
28.1198,0.4883,1.8926,-0.2399,0.0700,0.2499,0.0113,-0.0405,-0.3052,2.1045,-0.3343,0.1946,0.3868,0.0302,-0.0259,0.8213
28.1202,0.4862,1.8928,-0.2399,0.0685,0.2495,0.0102,-0.0408,-0.3083,2.1058,-0.3351,0.1933,0.3869,0.0306,-0.0228,0.8226
28.1399,0.4840,1.8931,-0.2396,0.0671,0.2488,0.0089,-0.0411,-0.3115,2.1073,-0.3357,0.1918,0.3867,0.0310,-0.0168,0.8239
28.1403,0.4823,1.8932,-0.2404,0.0660,0.2493,0.0076,-0.0417,-0.3141,2.1084,-0.3374,0.1915,0.3880,0.0316,-0.0115,0.8250
28.1498,0.4800,1.8934,-0.2394,0.0643,0.2479,0.0062,-0.0418,-0.3174,2.1099,-0.3369,0.1898,0.3866,0.0333,-0.0100,0.8263
28.1502,0.4781,1.8936,-0.2394,0.0643,0.2479,0.0053,-0.0418,-0.3201,2.1112,-0.3379,0.1892,0.3872,0.0344,-0.0106,0.8273
28.1698,0.4761,1.8939,-0.2407,0.0620,0.2485,0.0045,-0.0408,-0.3230,2.1126,-0.3390,0.1890,0.3881,0.0351,-0.0112,0.8286
28.1702,0.4742,1.8941,-0.2407,0.0620,0.2485,0.0031,-0.0408,-0.3260,2.1138,-0.3390,0.1890,0.3881,0.0363,-0.0112,0.8298
28.1898,0.4719,1.8945,-0.2407,0.0594,0.2479,0.0015,-0.0417,-0.3292,2.1150,-0.3398,0.1878,0.3882,0.0387,-0.0172,0.8309
28.1901,0.4700,1.8947,-0.2409,0.0580,0.2478,-0.0004,-0.0413,-0.3320,2.1159,-0.3403,0.1867,0.3881,0.0403,-0.0269,0.8319
28.1996,0.4681,1.8949,-0.2410,0.0570,0.2477,-0.0021,-0.0411,-0.3346,2.1167,-0.3409,0.1857,0.3882,0.0407,-0.0291,0.8328
28.2000,0.4661,1.8952,-0.2410,0.0570,0.2477,-0.0038,-0.0411,-0.3375,2.1176,-0.3403,0.1835,0.3866,0.0405,-0.0297,0.8338
28.2200,0.4639,1.8954,-0.2410,0.0548,0.2471,-0.0053,-0.0414,-0.3405,2.1188,-0.3417,0.1828,0.3876,0.0401,-0.0288,0.8348
28.2203,0.4618,1.8956,-0.2412,0.0537,0.2471,-0.0060,-0.0410,-0.3434,2.1199,-0.3422,0.1815,0.3873,0.0400,-0.0250,0.8358
28.2396,0.4599,1.8958,-0.2412,0.0526,0.2469,-0.0066,-0.0443,-0.3462,2.1209,-0.3420,0.1799,0.3864,0.0397,-0.0248,0.8369
28.2398,0.4580,1.8959,-0.2412,0.0526,0.2469,-0.0068,-0.0443,-0.3491,2.1221,-0.3424,0.1787,0.3862,0.0403,-0.0257,0.8383
28.2495,0.4561,1.8960,-0.2407,0.0499,0.2458,-0.0072,-0.0476,-0.3520,2.1232,-0.3425,0.1775,0.3858,0.0416,-0.0318,0.8394
28.2595,0.4539,1.8961,-0.2405,0.0483,0.2453,-0.0075,-0.0480,-0.3553,2.1243,-0.3426,0.1762,0.3852,0.0437,-0.0366,0.8407
28.2598,0.4521,1.8962,-0.2405,0.0483,0.2453,-0.0080,-0.0480,-0.3578,2.1250,-0.3438,0.1752,0.3859,0.0450,-0.0382,0.8417
28.2796,0.4500,1.8962,-0.2408,0.0457,0.2451,-0.0083,-0.0422,-0.3609,2.1258,-0.3439,0.1738,0.3853,0.0461,-0.0382,0.8428
28.2799,0.4482,1.8963,-0.2408,0.0457,0.2451,-0.0087,-0.0422,-0.3636,2.1266,-0.3439,0.1738,0.3853,0.0469,-0.0382,0.8439
28.2894,0.4463,1.8965,-0.2409,0.0431,0.2447,-0.0093,-0.0409,-0.3663,2.1274,-0.3448,0.1708,0.3847,0.0473,-0.0339,0.8448
28.2896,0.4443,1.8967,-0.2409,0.0431,0.2447,-0.0098,-0.0409,-0.3694,2.1284,-0.3448,0.1708,0.3847,0.0474,-0.0339,0.8460
28.3098,0.4425,1.8968,-0.2411,0.0411,0.2446,-0.0101,-0.0408,-0.3720,2.1293,-0.3456,0.1676,0.3841,0.0475,-0.0303,0.8470
28.3101,0.4402,1.8971,-0.2411,0.0411,0.2446,-0.0105,-0.0408,-0.3751,2.1305,-0.3449,0.1658,0.3827,0.0476,-0.0305,0.8481
28.3300,0.4381,1.8974,-0.2410,0.0395,0.2443,-0.0107,-0.0462,-0.3780,2.1315,-0.3454,0.1645,0.3826,0.0480,-0.0320,0.8491
28.3303,0.4360,1.8977,-0.2410,0.0395,0.2443,-0.0109,-0.0462,-0.3810,2.1325,-0.3454,0.1645,0.3826,0.0480,-0.0320,0.8501
28.3397,0.4340,1.8978,-0.2407,0.0382,0.2438,-0.0111,-0.0497,-0.3838,2.1334,-0.3453,0.1606,0.3808,0.0486,-0.0310,0.8511
28.3495,0.4318,1.8979,-0.2412,0.0377,0.2442,-0.0113,-0.0517,-0.3869,2.1343,-0.3460,0.1596,0.3810,0.0496,-0.0332,0.8521
28.3498,0.4301,1.8980,-0.2412,0.0377,0.2442,-0.0114,-0.0517,-0.3894,2.1347,-0.3460,0.1596,0.3810,0.0508,-0.0332,0.8531
28.3697,0.4278,1.8980,-0.2412,0.0360,0.2438,-0.0115,-0.0561,-0.3925,2.1353,-0.3460,0.1560,0.3795,0.0534,-0.0337,0.8540
28.3702,0.4260,1.8981,-0.2412,0.0347,0.2437,-0.0115,-0.0554,-0.3950,2.1358,-0.3462,0.1537,0.3788,0.0543,-0.0303,0.8547
28.3897,0.4240,1.8980,-0.2409,0.0334,0.2432,-0.0115,-0.0546,-0.3977,2.1363,-0.3459,0.1516,0.3776,0.0547,-0.0233,0.8556
28.3901,0.4220,1.8980,-0.2409,0.0334,0.2432,-0.0116,-0.0546,-0.4007,2.1370,-0.3459,0.1516,0.3776,0.0544,-0.0233,0.8566
28.3997,0.4202,1.8980,-0.2408,0.0310,0.2428,-0.0116,-0.0425,-0.4033,2.1378,-0.3463,0.1476,0.3765,0.0541,-0.0098,0.8577
28.4002,0.4180,1.8980,-0.2403,0.0298,0.2422,-0.0116,-0.0360,-0.4066,2.1388,-0.3463,0.1476,0.3765,0.0534,-0.0098,0.8590
28.4197,0.4159,1.8979,-0.2400,0.0284,0.2417,-0.0115,-0.0323,-0.4095,2.1399,-0.3466,0.1441,0.3753,0.0517,-0.0076,0.8601
28.4202,0.4141,1.8979,-0.2400,0.0284,0.2417,-0.0110,-0.0323,-0.4123,2.1408,-0.3466,0.1441,0.3753,0.0502,-0.0076,0.8613
28.4294,0.4121,1.8979,-0.2392,0.0258,0.2406,-0.0090,-0.0287,-0.4153,2.1417,-0.3463,0.1410,0.3739,0.0494,-0.0151,0.8626
28.4298,0.4101,1.8979,-0.2392,0.0258,0.2406,-0.0076,-0.0287,-0.4183,2.1425,-0.3463,0.1410,0.3739,0.0487,-0.0151,0.8637
28.4498,0.4082,1.8979,-0.2394,0.0233,0.2405,-0.0072,-0.0259,-0.4210,2.1431,-0.3471,0.1382,0.3736,0.0486,-0.0293,0.8648
28.4502,0.4064,1.8979,-0.2394,0.0233,0.2405,-0.0068,-0.0259,-0.4237,2.1435,-0.3471,0.1382,0.3736,0.0489,-0.0293,0.8657
28.4698,0.4045,1.8978,-0.2392,0.0212,0.2401,-0.0061,-0.0183,-0.4267,2.1438,-0.3466,0.1345,0.3718,0.0491,-0.0283,0.8668
28.4703,0.4025,1.8978,-0.2392,0.0212,0.2401,-0.0053,-0.0183,-0.4295,2.1442,-0.3467,0.1321,0.3711,0.0492,-0.0276,0.8677
28.4796,0.4003,1.8978,-0.2392,0.0191,0.2400,-0.0041,-0.0101,-0.4326,2.1445,-0.3470,0.1298,0.3705,0.0494,-0.0270,0.8687
28.4799,0.3984,1.8978,-0.2392,0.0191,0.2400,-0.0032,-0.0101,-0.4355,2.1450,-0.3469,0.1269,0.3694,0.0494,-0.0222,0.8698
28.4997,0.3963,1.8978,-0.2396,0.0177,0.2403,-0.0026,-0.0141,-0.4386,2.1456,-0.3474,0.1248,0.3692,0.0494,-0.0160,0.8709
28.5001,0.3943,1.8978,-0.2396,0.0177,0.2403,-0.0021,-0.0141,-0.4415,2.1462,-0.3474,0.1248,0.3692,0.0491,-0.0160,0.8719
28.5197,0.3921,1.8977,-0.2399,0.0167,0.2404,-0.0013,-0.0191,-0.4449,2.1470,-0.3475,0.1202,0.3677,0.0486,-0.0102,0.8733
28.5201,0.3904,1.8976,-0.2399,0.0167,0.2404,-0.0010,-0.0191,-0.4475,2.1474,-0.3475,0.1202,0.3677,0.0482,-0.0102,0.8743
28.5296,0.3883,1.8975,-0.2400,0.0155,0.2405,-0.0005,-0.0286,-0.4506,2.1479,-0.3483,0.1162,0.3672,0.0474,-0.0175,0.8754
28.5299,0.3860,1.8973,-0.2400,0.0155,0.2405,0.0003,-0.0286,-0.4539,2.1484,-0.3483,0.1162,0.3672,0.0470,-0.0175,0.8766
28.5494,0.3838,1.8971,-0.2404,0.0136,0.2408,0.0012,-0.0261,-0.4570,2.1489,-0.3496,0.1123,0.3672,0.0465,-0.0185,0.8778
28.5497,0.3816,1.8969,-0.2404,0.0136,0.2408,0.0020,-0.0261,-0.4601,2.1493,-0.3496,0.1123,0.3672,0.0458,-0.0185,0.8787
28.5697,0.3795,1.8968,-0.2410,0.0116,0.2413,0.0030,-0.0228,-0.4633,2.1497,-0.3507,0.1083,0.3670,0.0452,-0.0250,0.8799
28.5700,0.3775,1.8967,-0.2410,0.0116,0.2413,0.0041,-0.0228,-0.4660,2.1500,-0.3514,0.1061,0.3671,0.0446,-0.0289,0.8807
28.5794,0.3753,1.8965,-0.2411,0.0101,0.2413,0.0062,-0.0183,-0.4691,2.1502,-0.3507,0.1034,0.3656,0.0442,-0.0267,0.8816
28.5797,0.3729,1.8964,-0.2411,0.0101,0.2413,0.0087,-0.0183,-0.4723,2.1503,-0.3507,0.1034,0.3656,0.0439,-0.0267,0.8826
28.5998,0.3710,1.8962,-0.2421,0.0087,0.2422,0.0105,-0.0157,-0.4751,2.1504,-0.3512,0.0985,0.3648,0.0436,-0.0236,0.8835
28.6003,0.3689,1.8960,-0.2421,0.0087,0.2422,0.0130,-0.0157,-0.4782,2.1505,-0.3512,0.0964,0.3642,0.0432,-0.0134,0.8845
28.6196,0.3669,1.8957,-0.2423,0.0070,0.2424,0.0154,-0.0121,-0.4811,2.1506,-0.3514,0.0942,0.3638,0.0426,-0.0105,0.8854
28.6199,0.3649,1.8956,-0.2423,0.0070,0.2424,0.0173,-0.0121,-0.4840,2.1507,-0.3517,0.0921,0.3635,0.0416,-0.0083,0.8864
28.6294,0.3628,1.8954,-0.2427,0.0055,0.2427,0.0186,-0.0085,-0.4870,2.1508,-0.3515,0.0899,0.3628,0.0407,-0.0128,0.8874
28.6298,0.3607,1.8952,-0.2427,0.0055,0.2427,0.0201,-0.0085,-0.4898,2.1509,-0.3511,0.0871,0.3617,0.0399,-0.0151,0.8881
28.6497,0.3585,1.8950,-0.2433,0.0040,0.2433,0.0222,-0.0027,-0.4927,2.1509,-0.3514,0.0849,0.3616,0.0393,-0.0151,0.8888
28.6499,0.3565,1.8949,-0.2433,0.0040,0.2433,0.0235,-0.0027,-0.4953,2.1508,-0.3514,0.0849,0.3616,0.0388,-0.0151,0.8894
28.6699,0.3544,1.8948,-0.2432,0.0025,0.2432,0.0247,0.0003,-0.4980,2.1508,-0.3504,0.0793,0.3592,0.0383,-0.0071,0.8901
28.6703,0.3525,1.8947,-0.2435,0.0018,0.2435,0.0257,0.0019,-0.5005,2.1508,-0.3500,0.0763,0.3583,0.0369,-0.0002,0.8907
28.6794,0.3501,1.8944,-0.2433,0.0011,0.2433,0.0281,0.0029,-0.5037,2.1508,-0.3491,0.0739,0.3568,0.0344,0.0076,0.8914
28.6797,0.3482,1.8943,-0.2435,-0.0001,0.2435,0.0294,0.0034,-0.5064,2.1508,-0.3491,0.0739,0.3568,0.0323,0.0076,0.8923
28.6997,0.3462,1.8941,-0.2435,-0.0009,0.2435,0.0302,0.0029,-0.5091,2.1508,-0.3489,0.0697,0.3558,0.0306,0.0137,0.8930
28.6999,0.3439,1.8940,-0.2435,-0.0009,0.2435,0.0315,0.0029,-0.5122,2.1508,-0.3489,0.0697,0.3558,0.0290,0.0137,0.8938
28.7094,0.3419,1.8938,-0.2443,-0.0024,0.2443,0.0328,0.0016,-0.5148,2.1509,-0.3494,0.0664,0.3557,0.0282,0.0096,0.8945
28.7097,0.3396,1.8936,-0.2443,-0.0024,0.2443,0.0353,0.0016,-0.5179,2.1510,-0.3485,0.0642,0.3544,0.0274,0.0039,0.8953
28.7297,0.3375,1.8933,-0.2443,-0.0041,0.2443,0.0370,0.0046,-0.5207,2.1510,-0.3490,0.0621,0.3545,0.0275,-0.0018,0.8960
28.7300,0.3355,1.8930,-0.2447,-0.0050,0.2447,0.0379,0.0070,-0.5235,2.1509,-0.3489,0.0601,0.3540,0.0277,-0.0072,0.8968
28.7497,0.3334,1.8927,-0.2451,-0.0058,0.2452,0.0390,0.0088,-0.5261,2.1508,-0.3487,0.0576,0.3534,0.0278,-0.0006,0.8974
28.7599,0.3312,1.8923,-0.2454,-0.0067,0.2455,0.0404,0.0125,-0.5289,2.1505,-0.3481,0.0553,0.3525,0.0282,0.0036,0.8980
28.7602,0.3296,1.8921,-0.2454,-0.0067,0.2455,0.0417,0.0125,-0.5311,2.1502,-0.3481,0.0553,0.3525,0.0282,0.0036,0.8986
28.7797,0.3272,1.8918,-0.2451,-0.0081,0.2453,0.0440,0.0151,-0.5343,2.1499,-0.3466,0.0505,0.3503,0.0281,0.0182,0.8993
28.7800,0.3251,1.8916,-0.2451,-0.0081,0.2453,0.0464,0.0151,-0.5370,2.1498,-0.3466,0.0505,0.3503,0.0276,0.0182,0.8999
28.7897,0.3228,1.8913,-0.2463,-0.0095,0.2464,0.0490,0.0133,-0.5400,2.1498,-0.3467,0.0463,0.3498,0.0260,0.0207,0.9007
28.7900,0.3210,1.8911,-0.2463,-0.0095,0.2464,0.0510,0.0133,-0.5425,2.1498,-0.3473,0.0447,0.3501,0.0250,0.0146,0.9014
28.7996,0.3190,1.8909,-0.2465,-0.0111,0.2468,0.0528,0.0133,-0.5453,2.1499,-0.3463,0.0428,0.3490,0.0247,0.0111,0.9022
28.8199,0.3166,1.8906,-0.2471,-0.0118,0.2474,0.0551,0.0134,-0.5484,2.1499,-0.3466,0.0411,0.3490,0.0249,0.0010,0.9031
28.8202,0.3148,1.8904,-0.2471,-0.0118,0.2474,0.0569,0.0134,-0.5509,2.1499,-0.3466,0.0411,0.3490,0.0251,0.0010,0.9037
28.8296,0.3122,1.8899,-0.2468,-0.0141,0.2472,0.0599,0.0156,-0.5540,2.1499,-0.3457,0.0369,0.3477,0.0267,-0.0139,0.9045
28.8299,0.3103,1.8895,-0.2468,-0.0141,0.2472,0.0620,0.0156,-0.5566,2.1499,-0.3461,0.0349,0.3478,0.0283,-0.0098,0.9051
28.8498,0.3081,1.8890,-0.2475,-0.0166,0.2481,0.0637,0.0163,-0.5595,2.1498,-0.3456,0.0331,0.3472,0.0316,-0.0060,0.9059
28.8502,0.3061,1.8886,-0.2474,-0.0179,0.2481,0.0646,0.0172,-0.5619,2.1494,-0.3452,0.0310,0.3466,0.0331,-0.0033,0.9064
28.8595,0.3041,1.8881,-0.2481,-0.0188,0.2488,0.0656,0.0177,-0.5646,2.1489,-0.3450,0.0294,0.3463,0.0347,-0.0021,0.9070
28.8598,0.3019,1.8875,-0.2475,-0.0199,0.2483,0.0672,0.0178,-0.5674,2.1482,-0.3442,0.0272,0.3453,0.0361,-0.0034,0.9076
28.8799,0.2998,1.8870,-0.2482,-0.0212,0.2491,0.0683,0.0176,-0.5699,2.1477,-0.3449,0.0249,0.3458,0.0362,-0.0012,0.9080
28.8805,0.2976,1.8864,-0.2484,-0.0221,0.2494,0.0697,0.0175,-0.5728,2.1474,-0.3444,0.0229,0.3451,0.0357,0.0015,0.9087
28.8998,0.2955,1.8859,-0.2486,-0.0231,0.2497,0.0709,0.0163,-0.5755,2.1471,-0.3442,0.0207,0.3448,0.0356,0.0004,0.9094
28.9002,0.2937,1.8855,-0.2486,-0.0231,0.2497,0.0717,0.0163,-0.5780,2.1471,-0.3442,0.0207,0.3448,0.0346,0.0004,0.9101
28.9097,0.2913,1.8850,-0.2485,-0.0249,0.2497,0.0728,0.0155,-0.5811,2.1473,-0.3428,0.0167,0.3432,0.0320,0.0073,0.9110
28.9101,0.2890,1.8844,-0.2485,-0.0249,0.2497,0.0741,0.0155,-0.5839,2.1476,-0.3432,0.0148,0.3435,0.0273,0.0127,0.9118
28.9300,0.2849,1.8832,-0.2504,-0.0282,0.2520,0.0764,0.0152,-0.5865,2.1482,-0.3433,0.0138,0.3436,0.0262,0.0086,0.9107
28.9303,0.2849,1.8832,-0.2504,-0.0282,0.2520,0.0764,0.0152,-0.5890,2.1485,-0.3433,0.0138,0.3436,0.0269,0.0086,0.9132
28.9496,0.2826,1.8825,-0.2504,-0.0293,0.2521,0.0774,0.0161,-0.5918,2.1487,-0.3413,0.0120,0.3416,0.0285,-0.0044,0.9141
28.9501,0.2808,1.8820,-0.2513,-0.0308,0.2532,0.0782,0.0151,-0.5941,2.1486,-0.3416,0.0112,0.3418,0.0315,-0.0118,0.9147
28.9697,0.2785,1.8813,-0.2512,-0.0318,0.2532,0.0788,0.0152,-0.5971,2.1485,-0.3408,0.0103,0.3409,0.0373,-0.0151,0.9155
28.9700,0.2765,1.8808,-0.2512,-0.0318,0.2532,0.0793,0.0152,-0.5995,2.1483,-0.3408,0.0094,0.3409,0.0415,-0.0166,0.9159
28.9794,0.2741,1.8801,-0.2519,-0.0341,0.2542,0.0803,0.0182,-0.6024,2.1472,-0.3399,0.0082,0.3400,0.0464,-0.0152,0.9163
28.9796,0.2722,1.8797,-0.2519,-0.0341,0.2542,0.0808,0.0182,-0.6047,2.1464,-0.3396,0.0053,0.3396,0.0489,-0.0088,0.9165
28.9995,0.2700,1.8792,-0.2524,-0.0362,0.2550,0.0813,0.0229,-0.6072,2.1456,-0.3385,0.0027,0.3385,0.0502,-0.0002,0.9168
28.9997,0.2678,1.8786,-0.2524,-0.0362,0.2550,0.0822,0.0229,-0.6101,2.1449,-0.3385,0.0027,0.3385,0.0504,-0.0002,0.9175
29.0097,0.2660,1.8781,-0.2530,-0.0384,0.2559,0.0827,0.0197,-0.6125,2.1447,-0.3373,-0.0025,0.3373,0.0501,0.0207,0.9180
29.0101,0.2636,1.8774,-0.2530,-0.0384,0.2559,0.0834,0.0197,-0.6155,2.1445,-0.3373,-0.0025,0.3373,0.0496,0.0207,0.9188
29.0296,0.2615,1.8767,-0.2535,-0.0404,0.2567,0.0839,0.0231,-0.6182,2.1445,-0.3360,-0.0057,0.3360,0.0493,0.0318,0.9195
29.0299,0.2592,1.8760,-0.2535,-0.0404,0.2567,0.0843,0.0231,-0.6210,2.1446,-0.3351,-0.0067,0.3352,0.0488,0.0314,0.9203
29.0397,0.2573,1.8755,-0.2536,-0.0425,0.2571,0.0848,0.0234,-0.6236,2.1447,-0.3342,-0.0075,0.3343,0.0488,0.0227,0.9210
29.0402,0.2551,1.8750,-0.2536,-0.0425,0.2571,0.0858,0.0234,-0.6264,2.1447,-0.3342,-0.0075,0.3343,0.0498,0.0227,0.9219
29.0599,0.2530,1.8744,-0.2531,-0.0439,0.2569,0.0867,0.0204,-0.6291,2.1446,-0.3327,-0.0093,0.3328,0.0529,0.0016,0.9226
29.0604,0.2510,1.8738,-0.2531,-0.0439,0.2569,0.0877,0.0204,-0.6319,2.1444,-0.3327,-0.0093,0.3328,0.0568,0.0016,0.9233
29.0799,0.2489,1.8731,-0.2531,-0.0457,0.2572,0.0888,0.0137,-0.6344,2.1440,-0.3317,-0.0112,0.3319,0.0597,-0.0055,0.9240
29.0896,0.2466,1.8721,-0.2527,-0.0468,0.2570,0.0905,0.0108,-0.6373,2.1431,-0.3307,-0.0125,0.3309,0.0633,-0.0081,0.9245
29.0898,0.2448,1.8714,-0.2527,-0.0468,0.2570,0.0914,0.0108,-0.6396,2.1423,-0.3307,-0.0125,0.3309,0.0665,-0.0081,0.9250
29.0994,0.2426,1.8705,-0.2524,-0.0496,0.2572,0.0924,0.0072,-0.6422,2.1413,-0.3289,-0.0162,0.3293,0.0706,-0.0182,0.9254
29.0998,0.2406,1.8696,-0.2524,-0.0496,0.2572,0.0932,0.0072,-0.6448,2.1403,-0.3281,-0.0184,0.3286,0.0736,-0.0103,0.9259
29.1198,0.2385,1.8687,-0.2526,-0.0523,0.2580,0.0936,0.0038,-0.6474,2.1395,-0.3275,-0.0206,0.3281,0.0760,-0.0047,0.9264
29.1201,0.2362,1.8678,-0.2529,-0.0537,0.2585,0.0941,0.0030,-0.6503,2.1388,-0.3269,-0.0224,0.3276,0.0775,0.0053,0.9270
29.1397,0.2342,1.8669,-0.2531,-0.0552,0.2590,0.0942,0.0009,-0.6529,2.1383,-0.3265,-0.0241,0.3274,0.0783,0.0118,0.9277
29.1400,0.2321,1.8661,-0.2531,-0.0552,0.2590,0.0942,0.0009,-0.6556,2.1380,-0.3265,-0.0241,0.3274,0.0784,0.0118,0.9285
29.1497,0.2300,1.8653,-0.2527,-0.0578,0.2593,0.0944,-0.0002,-0.6585,2.1377,-0.3258,-0.0258,0.3269,0.0782,0.0120,0.9293
29.1595,0.2278,1.8643,-0.2530,-0.0592,0.2599,0.0944,0.0000,-0.6614,2.1376,-0.3264,-0.0262,0.3275,0.0781,0.0093,0.9303
29.1598,0.2260,1.8636,-0.2530,-0.0592,0.2599,0.0944,0.0000,-0.6639,2.1375,-0.3268,-0.0264,0.3279,0.0782,0.0014,0.9310
29.1797,0.2237,1.8628,-0.2531,-0.0620,0.2606,0.0945,-0.0010,-0.6667,2.1374,-0.3267,-0.0266,0.3278,0.0795,-0.0085,0.9318
29.1799,0.2217,1.8620,-0.2531,-0.0620,0.2606,0.0945,-0.0010,-0.6693,2.1372,-0.3267,-0.0266,0.3278,0.0821,-0.0085,0.9325
29.1895,0.2196,1.8613,-0.2531,-0.0645,0.2612,0.0945,-0.0007,-0.6719,2.1370,-0.3258,-0.0271,0.3269,0.0851,-0.0307,0.9332
29.1897,0.2174,1.8605,-0.2532,-0.0657,0.2616,0.0946,-0.0005,-0.6748,2.1364,-0.3258,-0.0271,0.3269,0.0895,-0.0307,0.9339
29.2098,0.2155,1.8597,-0.2530,-0.0670,0.2617,0.0946,0.0005,-0.6773,2.1358,-0.3252,-0.0288,0.3265,0.0942,-0.0387,0.9345
29.2102,0.2132,1.8587,-0.2529,-0.0682,0.2619,0.0946,0.0006,-0.6801,2.1347,-0.3251,-0.0302,0.3265,0.0987,-0.0387,0.9349
29.2296,0.2113,1.8580,-0.2529,-0.0697,0.2623,0.0946,0.0003,-0.6824,2.1337,-0.3243,-0.0326,0.3260,0.1018,-0.0317,0.9352
29.2300,0.2090,1.8570,-0.2529,-0.0697,0.2623,0.0944,0.0003,-0.6851,2.1325,-0.3234,-0.0345,0.3252,0.1054,-0.0236,0.9357
29.2393,0.2071,1.8563,-0.2529,-0.0719,0.2629,0.0944,-0.0019,-0.6875,2.1316,-0.3233,-0.0368,0.3254,0.1076,-0.0144,0.9360
29.2396,0.2049,1.8553,-0.2529,-0.0719,0.2629,0.0943,-0.0019,-0.6903,2.1306,-0.3233,-0.0368,0.3254,0.1097,-0.0144,0.9365
29.2599,0.2029,1.8546,-0.2527,-0.0739,0.2632,0.0942,-0.0083,-0.6931,2.1300,-0.3227,-0.0397,0.3252,0.1106,-0.0074,0.9373
29.2603,0.2007,1.8536,-0.2533,-0.0751,0.2642,0.0943,-0.0089,-0.6960,2.1293,-0.3239,-0.0406,0.3264,0.1114,-0.0082,0.9381
29.2798,0.1985,1.8525,-0.2529,-0.0766,0.2642,0.0943,-0.0099,-0.6990,2.1288,-0.3233,-0.0411,0.3259,0.1130,-0.0100,0.9391
29.2802,0.1966,1.8516,-0.2529,-0.0766,0.2642,0.0943,-0.0099,-0.7015,2.1283,-0.3239,-0.0419,0.3267,0.1153,-0.0125,0.9398
29.2897,0.1943,1.8504,-0.2524,-0.0795,0.2646,0.0943,-0.0095,-0.7044,2.1277,-0.3231,-0.0428,0.3259,0.1196,-0.0113,0.9406
29.2900,0.1924,1.8494,-0.2533,-0.0814,0.2661,0.0943,-0.0092,-0.7071,2.1269,-0.3231,-0.0428,0.3259,0.1231,-0.0113,0.9413
29.3098,0.1902,1.8484,-0.2532,-0.0830,0.2664,0.0942,-0.0077,-0.7099,2.1260,-0.3237,-0.0459,0.3269,0.1264,-0.0114,0.9419
29.3101,0.1881,1.8475,-0.2532,-0.0830,0.2664,0.0939,-0.0077,-0.7126,2.1251,-0.3237,-0.0459,0.3269,0.1289,-0.0114,0.9425
29.3196,0.1861,1.8467,-0.2533,-0.0857,0.2674,0.0934,-0.0030,-0.7154,2.1242,-0.3234,-0.0496,0.3272,0.1327,0.0047,0.9432
29.3199,0.1841,1.8458,-0.2533,-0.0857,0.2674,0.0930,-0.0030,-0.7182,2.1232,-0.3227,-0.0516,0.3267,0.1358,0.0083,0.9440
29.3401,0.1821,1.8449,-0.2523,-0.0873,0.2670,0.0927,-0.0022,-0.7210,2.1224,-0.3232,-0.0534,0.3276,0.1393,0.0115,0.9447
29.3403,0.1801,1.8439,-0.2520,-0.0883,0.2670,0.0925,-0.0018,-0.7239,2.1214,-0.3230,-0.0549,0.3276,0.1423,0.0106,0.9456
29.3596,0.1781,1.8429,-0.2520,-0.0894,0.2674,0.0923,-0.0024,-0.7267,2.1205,-0.3239,-0.0561,0.3287,0.1453,0.0107,0.9464
29.3600,0.1760,1.8419,-0.2520,-0.0894,0.2674,0.0921,-0.0024,-0.7294,2.1198,-0.3239,-0.0561,0.3287,0.1482,0.0107,0.9471
29.3795,0.1740,1.8409,-0.2517,-0.0911,0.2677,0.0919,-0.0034,-0.7323,2.1190,-0.3240,-0.0569,0.3289,0.1509,-0.0003,0.9479
29.3798,0.1720,1.8400,-0.2517,-0.0911,0.2677,0.0917,-0.0034,-0.7350,2.1182,-0.3240,-0.0569,0.3289,0.1537,-0.0003,0.9487
29.3893,0.1701,1.8392,-0.2514,-0.0929,0.2680,0.0913,-0.0040,-0.7377,2.1174,-0.3246,-0.0584,0.3298,0.1572,-0.0137,0.9494
29.3895,0.1679,1.8382,-0.2514,-0.0929,0.2680,0.0907,-0.0040,-0.7406,2.1164,-0.3246,-0.0584,0.3298,0.1605,-0.0137,0.9502
29.4100,0.1660,1.8374,-0.2517,-0.0946,0.2689,0.0904,-0.0055,-0.7433,2.1155,-0.3254,-0.0614,0.3311,0.1640,-0.0185,0.9509
29.4104,0.1640,1.8364,-0.2517,-0.0946,0.2689,0.0896,-0.0055,-0.7461,2.1144,-0.3244,-0.0636,0.3306,0.1684,-0.0185,0.9516
29.4299,0.1620,1.8354,-0.2500,-0.0959,0.2678,0.0885,-0.0064,-0.7489,2.1133,-0.3244,-0.0664,0.3311,0.1718,-0.0064,0.9524
29.4302,0.1600,1.8343,-0.2497,-0.0967,0.2678,0.0878,-0.0066,-0.7518,2.1122,-0.3249,-0.0698,0.3323,0.1754,0.0094,0.9531
29.4395,0.1581,1.8334,-0.2499,-0.0978,0.2683,0.0874,-0.0070,-0.7544,2.1113,-0.3257,-0.0727,0.3337,0.1778,0.0259,0.9539
29.4397,0.1559,1.8323,-0.2499,-0.0978,0.2683,0.0868,-0.0070,-0.7574,2.1102,-0.3257,-0.0727,0.3337,0.1815,0.0259,0.9547
29.4595,0.1539,1.8312,-0.2498,-0.0994,0.2689,0.0863,-0.0096,-0.7604,2.1091,-0.3266,-0.0769,0.3355,0.1841,0.0364,0.9556
29.4598,0.1520,1.8303,-0.2498,-0.0994,0.2689,0.0859,-0.0096,-0.7631,2.1082,-0.3266,-0.0769,0.3355,0.1865,0.0364,0.9563
29.4798,0.1497,1.8290,-0.2490,-0.1011,0.2688,0.0853,-0.0115,-0.7662,2.1070,-0.3271,-0.0801,0.3368,0.1903,0.0344,0.9572
29.4803,0.1479,1.8281,-0.2488,-0.1022,0.2690,0.0849,-0.0102,-0.7688,2.1058,-0.3276,-0.0804,0.3374,0.1928,0.0230,0.9578
29.4894,0.1458,1.8270,-0.2486,-0.1032,0.2691,0.0842,-0.0095,-0.7718,2.1044,-0.3281,-0.0811,0.3380,0.1968,0.0118,0.9586
29.4896,0.1439,1.8260,-0.2486,-0.1032,0.2691,0.0836,-0.0095,-0.7746,2.1030,-0.3281,-0.0811,0.3380,0.1991,0.0118,0.9593
29.5096,0.1419,1.8251,-0.2478,-0.1051,0.2692,0.0828,0.0000,-0.7774,2.1016,-0.3289,-0.0840,0.3394,0.2016,0.0003,0.9600
29.5194,0.1399,1.8241,-0.2481,-0.1060,0.2698,0.0822,0.0015,-0.7802,2.1003,-0.3298,-0.0862,0.3409,0.2036,0.0034,0.9606
29.5196,0.1381,1.8233,-0.2481,-0.1060,0.2698,0.0817,0.0015,-0.7830,2.0992,-0.3298,-0.0862,0.3409,0.2047,0.0034,0.9615
29.5300,0.1340,1.8212,-0.2461,-0.1074,0.2685,0.0803,-0.0013,-0.7858,2.0980,-0.3296,-0.0908,0.3418,0.2058,0.0113,0.9605
29.5304,0.1340,1.8212,-0.2461,-0.1074,0.2685,0.0803,-0.0013,-0.7889,2.0966,-0.3296,-0.0908,0.3418,0.2070,0.0113,0.9631
29.5495,0.1318,1.8199,-0.2465,-0.1087,0.2694,0.0790,-0.0011,-0.7921,2.0953,-0.3307,-0.0961,0.3443,0.2088,0.0325,0.9640
29.5497,0.1300,1.8189,-0.2465,-0.1087,0.2694,0.0779,-0.0011,-0.7946,2.0942,-0.3307,-0.0961,0.3443,0.2094,0.0325,0.9648
29.5699,0.1281,1.8179,-0.2460,-0.1109,0.2699,0.0768,0.0052,-0.7974,2.0930,-0.3311,-0.1008,0.3461,0.2099,0.0360,0.9655
29.5704,0.1261,1.8169,-0.2460,-0.1109,0.2699,0.0757,0.0052,-0.8002,2.0916,-0.3311,-0.1028,0.3467,0.2105,0.0320,0.9662
29.5793,0.1240,1.8158,-0.2456,-0.1126,0.2702,0.0742,0.0142,-0.8032,2.0899,-0.3316,-0.1048,0.3478,0.2117,0.0284,0.9669
29.5795,0.1221,1.8149,-0.2456,-0.1126,0.2702,0.0732,0.0142,-0.8058,2.0883,-0.3319,-0.1064,0.3485,0.2130,0.0251,0.9674
29.5996,0.1202,1.8139,-0.2455,-0.1131,0.2703,0.0725,0.0146,-0.8086,2.0866,-0.3325,-0.1080,0.3496,0.2140,0.0248,0.9680
29.5999,0.1180,1.8129,-0.2455,-0.1131,0.2703,0.0717,0.0146,-0.8114,2.0846,-0.3325,-0.1080,0.3496,0.2154,0.0248,0.9683
29.6197,0.1162,1.8119,-0.2451,-0.1134,0.2700,0.0708,0.0126,-0.8139,2.0828,-0.3331,-0.1115,0.3512,0.2163,0.0041,0.9688
29.6200,0.1142,1.8107,-0.2451,-0.1134,0.2700,0.0700,0.0126,-0.8167,2.0811,-0.3331,-0.1115,0.3512,0.2163,0.0041,0.9694
29.6293,0.1125,1.8098,-0.2440,-0.1141,0.2693,0.0694,0.0105,-0.8191,2.0798,-0.3329,-0.1153,0.3522,0.2162,-0.0072,0.9700
29.6393,0.1103,1.8085,-0.2434,-0.1143,0.2689,0.0681,0.0092,-0.8223,2.0782,-0.3324,-0.1170,0.3524,0.2159,-0.0128,0.9708
29.6397,0.1088,1.8078,-0.2434,-0.1143,0.2689,0.0676,0.0092,-0.8246,2.0771,-0.3334,-0.1195,0.3542,0.2159,-0.0189,0.9715
29.6598,0.1066,1.8067,-0.2425,-0.1150,0.2684,0.0668,0.0072,-0.8278,2.0754,-0.3323,-0.1213,0.3538,0.2157,-0.0272,0.9722
29.6602,0.1047,1.8058,-0.2424,-0.1152,0.2684,0.0661,0.0059,-0.8305,2.0737,-0.3327,-0.1244,0.3552,0.2156,-0.0406,0.9727
29.6797,0.1030,1.8051,-0.2426,-0.1156,0.2688,0.0657,0.0055,-0.8329,2.0722,-0.3332,-0.1276,0.3568,0.2158,-0.0421,0.9733
29.6801,0.1013,1.8042,-0.2426,-0.1156,0.2688,0.0653,0.0055,-0.8354,2.0704,-0.3332,-0.1276,0.3568,0.2161,-0.0421,0.9738
29.6896,0.0992,1.8030,-0.2407,-0.1157,0.2671,0.0650,0.0023,-0.8381,2.0683,-0.3323,-0.1337,0.3582,0.2165,-0.0239,0.9741
29.6899,0.0974,1.8019,-0.2407,-0.1157,0.2671,0.0642,0.0023,-0.8407,2.0663,-0.3324,-0.1374,0.3597,0.2171,-0.0142,0.9747
29.7099,0.0955,1.8007,-0.2401,-0.1171,0.2672,0.0631,0.0034,-0.8434,2.0643,-0.3319,-0.1404,0.3604,0.2172,-0.0115,0.9751
29.7197,0.0933,1.7994,-0.2401,-0.1180,0.2675,0.0617,0.0041,-0.8464,2.0622,-0.3321,-0.1430,0.3616,0.2171,-0.0057,0.9757
29.7200,0.0919,1.7986,-0.2401,-0.1180,0.2675,0.0610,0.0041,-0.8486,2.0608,-0.3321,-0.1430,0.3616,0.2170,-0.0057,0.9764
29.7294,0.0898,1.7973,-0.2387,-0.1187,0.2666,0.0594,0.0063,-0.8518,2.0587,-0.3324,-0.1458,0.3630,0.2169,-0.0077,0.9772
29.7297,0.0880,1.7963,-0.2387,-0.1187,0.2666,0.0582,0.0063,-0.8544,2.0569,-0.3324,-0.1458,0.3630,0.2164,-0.0077,0.9778
29.7499,0.0862,1.7954,-0.2383,-0.1199,0.2668,0.0572,0.0064,-0.8571,2.0553,-0.3339,-0.1493,0.3658,0.2153,-0.0262,0.9784
29.7503,0.0841,1.7942,-0.2374,-0.1200,0.2660,0.0563,0.0070,-0.8600,2.0534,-0.3336,-0.1506,0.3660,0.2127,-0.0347,0.9791
29.7596,0.0825,1.7933,-0.2375,-0.1207,0.2664,0.0556,0.0078,-0.8625,2.0517,-0.3339,-0.1532,0.3674,0.2118,-0.0389,0.9797
29.7599,0.0804,1.7920,-0.2375,-0.1207,0.2664,0.0545,0.0078,-0.8655,2.0496,-0.3339,-0.1532,0.3674,0.2107,-0.0389,0.9804
29.7795,0.0786,1.7908,-0.2363,-0.1210,0.2655,0.0532,0.0130,-0.8682,2.0474,-0.3331,-0.1585,0.3689,0.2102,-0.0462,0.9810
29.7799,0.0768,1.7897,-0.2361,-0.1216,0.2656,0.0523,0.0145,-0.8709,2.0453,-0.3335,-0.1619,0.3707,0.2101,-0.0464,0.9816
29.7997,0.0751,1.7886,-0.2351,-0.1215,0.2646,0.0515,0.0161,-0.8736,2.0431,-0.3329,-0.1647,0.3714,0.2100,-0.0389,0.9822
29.8093,0.0730,1.7874,-0.2346,-0.1216,0.2643,0.0501,0.0169,-0.8766,2.0407,-0.3330,-0.1676,0.3729,0.2094,-0.0309,0.9828
29.8096,0.0712,1.7865,-0.2346,-0.1216,0.2643,0.0491,0.0169,-0.8792,2.0389,-0.3335,-0.1707,0.3747,0.2083,-0.0182,0.9834
29.8196,0.0694,1.7854,-0.2338,-0.1220,0.2637,0.0483,0.0173,-0.8821,2.0370,-0.3333,-0.1725,0.3753,0.2063,-0.0161,0.9841
29.8200,0.0676,1.7844,-0.2338,-0.1220,0.2637,0.0476,0.0173,-0.8848,2.0352,-0.3333,-0.1725,0.3753,0.2046,-0.0161,0.9848
29.8397,0.0658,1.7834,-0.2331,-0.1228,0.2635,0.0469,0.0188,-0.8874,2.0335,-0.3332,-0.1760,0.3768,0.2032,-0.0226,0.9854
29.8496,0.0637,1.7821,-0.2326,-0.1230,0.2631,0.0462,0.0199,-0.8903,2.0313,-0.3328,-0.1778,0.3773,0.2011,-0.0258,0.9860
29.8500,0.0622,1.7813,-0.2326,-0.1230,0.2631,0.0457,0.0199,-0.8926,2.0296,-0.3329,-0.1802,0.3786,0.2008,-0.0295,0.9866
29.8596,0.0585,1.7792,-0.2317,-0.1232,0.2624,0.0441,0.0202,-0.8956,2.0273,-0.3318,-0.1819,0.3784,0.2006,-0.0324,0.9858
29.8598,0.0585,1.7792,-0.2317,-0.1232,0.2624,0.0441,0.0202,-0.8981,2.0252,-0.3324,-0.1850,0.3804,0.2001,-0.0321,0.9878
29.8798,0.0564,1.7779,-0.2310,-0.1234,0.2619,0.0435,0.0194,-0.9011,2.0226,-0.3318,-0.1875,0.3811,0.1996,-0.0310,0.9883
29.8802,0.0549,1.7770,-0.2311,-0.1241,0.2624,0.0431,0.0194,-0.9033,2.0208,-0.3322,-0.1911,0.3832,0.1988,-0.0297,0.9888
29.8995,0.0527,1.7756,-0.2303,-0.1243,0.2617,0.0423,0.0194,-0.9064,2.0182,-0.3313,-0.1933,0.3836,0.1968,-0.0286,0.9894
29.9000,0.0512,1.7746,-0.2303,-0.1243,0.2617,0.0417,0.0194,-0.9090,2.0164,-0.3315,-0.1964,0.3854,0.1948,-0.0209,0.9901
29.9097,0.0494,1.7735,-0.2296,-0.1255,0.2616,0.0412,0.0211,-0.9115,2.0147,-0.3313,-0.1981,0.3860,0.1920,-0.0186,0.9907
29.9100,0.0474,1.7722,-0.2296,-0.1255,0.2616,0.0405,0.0211,-0.9145,2.0125,-0.3308,-0.1995,0.3863,0.1893,-0.0189,0.9915
29.9298,0.0459,1.7712,-0.2292,-0.1264,0.2617,0.0399,0.0222,-0.9169,2.0105,-0.3312,-0.2017,0.3878,0.1871,-0.0227,0.9921
29.9302,0.0439,1.7700,-0.2282,-0.1262,0.2608,0.0387,0.0229,-0.9198,2.0083,-0.3312,-0.2017,0.3878,0.1846,-0.0227,0.9927
29.9498,0.0422,1.7690,-0.2284,-0.1268,0.2612,0.0381,0.0232,-0.9224,2.0063,-0.3308,-0.2060,0.3897,0.1832,-0.0310,0.9934
29.9502,0.0404,1.7680,-0.2284,-0.1268,0.2612,0.0372,0.0232,-0.9252,2.0041,-0.3300,-0.2078,0.3900,0.1811,-0.0320,0.9941
29.9593,0.0389,1.7671,-0.2270,-0.1265,0.2598,0.0366,0.0193,-0.9279,2.0021,-0.3297,-0.2100,0.3909,0.1792,-0.0325,0.9949
29.9697,0.0370,1.7659,-0.2263,-0.1263,0.2592,0.0361,0.0174,-0.9308,1.9996,-0.3296,-0.2123,0.3921,0.1775,-0.0319,0.9957
29.9702,0.0356,1.7651,-0.2263,-0.1263,0.2592,0.0356,0.0174,-0.9333,1.9977,-0.3296,-0.2123,0.3921,0.1756,-0.0319,0.9965
29.9897,0.0339,1.7641,-0.2246,-0.1260,0.2575,0.0349,0.0139,-0.9361,1.9956,-0.3291,-0.2162,0.3938,0.1737,-0.0292,0.9972
29.9903,0.0320,1.7628,-0.2246,-0.1260,0.2575,0.0336,0.0139,-0.9392,1.9933,-0.3284,-0.2174,0.3939,0.1706,-0.0286,0.9982
29.9995,0.0303,1.7617,-0.2237,-0.1264,0.2570,0.0323,0.0126,-0.9420,1.9911,-0.3293,-0.2194,0.3957,0.1675,-0.0308,0.9991
29.9998,0.0285,1.7605,-0.2232,-0.1269,0.2567,0.0313,0.0127,-0.9450,1.9890,-0.3293,-0.2194,0.3957,0.1644,-0.0308,0.9999
30.0196,0.0269,1.7596,-0.2228,-0.1274,0.2567,0.0305,0.0131,-0.9475,1.9872,-0.3296,-0.2225,0.3977,0.1624,-0.0372,1.0007
30.0296,0.0251,1.7585,-0.2223,-0.1274,0.2562,0.0298,0.0130,-0.9504,1.9852,-0.3291,-0.2239,0.3980,0.1601,-0.0402,1.0015
30.0298,0.0233,1.7576,-0.2223,-0.1274,0.2562,0.0295,0.0130,-0.9533,1.9833,-0.3291,-0.2239,0.3980,0.1584,-0.0402,1.0023
30.0498,0.0215,1.7564,-0.2215,-0.1273,0.2554,0.0290,0.0136,-0.9565,1.9811,-0.3287,-0.2267,0.3993,0.1562,-0.0439,1.0034
30.0503,0.0200,1.7555,-0.2215,-0.1273,0.2554,0.0287,0.0136,-0.9590,1.9792,-0.3288,-0.2284,0.4003,0.1551,-0.0382,1.0042
30.0698,0.0181,1.7543,-0.2201,-0.1268,0.2540,0.0284,0.0104,-0.9621,1.9767,-0.3287,-0.2301,0.4013,0.1530,-0.0313,1.0051
30.0701,0.0166,1.7534,-0.2201,-0.1268,0.2540,0.0281,0.0104,-0.9645,1.9748,-0.3294,-0.2325,0.4032,0.1515,-0.0225,1.0058
30.0802,0.0149,1.7524,-0.2191,-0.1268,0.2531,0.0274,0.0075,-0.9674,1.9728,-0.3286,-0.2334,0.4031,0.1486,-0.0191,1.0067
30.0806,0.0130,1.7512,-0.2191,-0.1268,0.2531,0.0269,0.0075,-0.9704,1.9709,-0.3286,-0.2334,0.4031,0.1447,-0.0191,1.0076
30.1001,0.0114,1.7503,-0.2182,-0.1273,0.2526,0.0265,0.0103,-0.9731,1.9693,-0.3292,-0.2349,0.4044,0.1416,-0.0154,1.0086
30.1005,0.0096,1.7493,-0.2176,-0.1273,0.2521,0.0258,0.0116,-0.9761,1.9674,-0.3292,-0.2349,0.4044,0.1389,-0.0154,1.0096
30.1096,0.0081,1.7484,-0.2168,-0.1272,0.2514,0.0251,0.0123,-0.9787,1.9657,-0.3294,-0.2343,0.4043,0.1363,-0.0311,1.0104
30.1196,0.0061,1.7471,-0.2162,-0.1270,0.2508,0.0238,0.0121,-0.9820,1.9632,-0.3295,-0.2343,0.4043,0.1340,-0.0420,1.0115
30.1199,0.0047,1.7462,-0.2162,-0.1270,0.2508,0.0228,0.0121,-0.9845,1.9612,-0.3295,-0.2343,0.4043,0.1323,-0.0420,1.0123
30.1395,0.0029,1.7450,-0.2156,-0.1272,0.2503,0.0221,0.0106,-0.9877,1.9589,-0.3307,-0.2372,0.4070,0.1303,-0.0494,1.0134
30.1397,0.0013,1.7440,-0.2156,-0.1272,0.2503,0.0216,0.0106,-0.9904,1.9569,-0.3307,-0.2372,0.4070,0.1277,-0.0494,1.0144
30.1497,-0.0005,1.7427,-0.2149,-0.1275,0.2499,0.0207,0.0073,-0.9937,1.9547,-0.3316,-0.2403,0.4095,0.1245,-0.0353,1.0156
30.1500,-0.0021,1.7417,-0.2149,-0.1275,0.2499,0.0202,0.0073,-0.9965,1.9529,-0.3319,-0.2414,0.4104,0.1212,-0.0180,1.0165
30.1699,-0.0039,1.7406,-0.2136,-0.1283,0.2492,0.0199,0.0058,-0.9995,1.9511,-0.3321,-0.2416,0.4106,0.1181,-0.0138,1.0176
30.1704,-0.0057,1.7394,-0.2136,-0.1283,0.2492,0.0195,0.0058,-1.0027,1.9491,-0.3332,-0.2422,0.4119,0.1146,-0.0158,1.0188
30.1896,-0.0072,1.7385,-0.2140,-0.1295,0.2502,0.0190,0.0073,-1.0055,1.9473,-0.3345,-0.2425,0.4132,0.1120,-0.0282,1.0199
30.1899,-0.0089,1.7373,-0.2140,-0.1295,0.2502,0.0184,0.0073,-1.0087,1.9453,-0.3348,-0.2419,0.4131,0.1090,-0.0341,1.0212
30.1995,-0.0104,1.7363,-0.2125,-0.1292,0.2487,0.0182,0.0057,-1.0115,1.9433,-0.3359,-0.2420,0.4140,0.1060,-0.0423,1.0222
30.2098,-0.0123,1.7351,-0.2118,-0.1287,0.2478,0.0179,0.0059,-1.0147,1.9408,-0.3362,-0.2421,0.4143,0.1004,-0.0474,1.0233
30.2101,-0.0137,1.7341,-0.2118,-0.1287,0.2478,0.0177,0.0059,-1.0173,1.9388,-0.3366,-0.2427,0.4150,0.0974,-0.0503,1.0243
30.2298,-0.0152,1.7330,-0.2112,-0.1291,0.2476,0.0170,0.0041,-1.0203,1.9365,-0.3375,-0.2441,0.4165,0.0940,-0.0460,1.0256
30.2300,-0.0167,1.7319,-0.2098,-0.1287,0.2462,0.0162,0.0039,-1.0232,1.9343,-0.3370,-0.2443,0.4163,0.0909,-0.0313,1.0266
30.2396,-0.0182,1.7308,-0.2094,-0.1289,0.2459,0.0157,0.0042,-1.0259,1.9322,-0.3376,-0.2453,0.4173,0.0872,-0.0241,1.0276
30.2399,-0.0199,1.7297,-0.2094,-0.1289,0.2459,0.0148,0.0042,-1.0290,1.9300,-0.3376,-0.2453,0.4173,0.0838,-0.0241,1.0288
30.2595,-0.0215,1.7287,-0.2080,-0.1290,0.2448,0.0144,0.0026,-1.0318,1.9282,-0.3379,-0.2466,0.4183,0.0791,-0.0176,1.0299
30.2602,-0.0233,1.7274,-0.2080,-0.1290,0.2448,0.0137,0.0026,-1.0351,1.9263,-0.3386,-0.2470,0.4191,0.0749,-0.0178,1.0312
30.2799,-0.0248,1.7264,-0.2074,-0.1291,0.2443,0.0131,-0.0021,-1.0380,1.9245,-0.3391,-0.2466,0.4193,0.0717,-0.0175,1.0323
30.2802,-0.0265,1.7252,-0.2074,-0.1291,0.2443,0.0126,-0.0021,-1.0409,1.9225,-0.3391,-0.2466,0.4193,0.0687,-0.0175,1.0335
30.2896,-0.0280,1.7243,-0.2065,-0.1288,0.2434,0.0124,-0.0070,-1.0437,1.9206,-0.3401,-0.2456,0.4195,0.0654,-0.0254,1.0345
30.2900,-0.0294,1.7233,-0.2061,-0.1287,0.2430,0.0120,-0.0086,-1.0466,1.9185,-0.3403,-0.2450,0.4193,0.0629,-0.0287,1.0358
30.3097,-0.0307,1.7224,-0.2046,-0.1283,0.2415,0.0117,-0.0091,-1.0492,1.9166,-0.3399,-0.2443,0.4186,0.0601,-0.0365,1.0369
30.3100,-0.0326,1.7210,-0.2046,-0.1283,0.2415,0.0111,-0.0091,-1.0526,1.9140,-0.3399,-0.2443,0.4186,0.0559,-0.0365,1.0381
30.3297,-0.0343,1.7199,-0.2039,-0.1288,0.2412,0.0106,-0.0106,-1.0556,1.9118,-0.3410,-0.2459,0.4204,0.0514,-0.0177,1.0392
30.3299,-0.0359,1.7188,-0.2037,-0.1291,0.2412,0.0102,-0.0116,-1.0586,1.9097,-0.3416,-0.2469,0.4215,0.0476,-0.0090,1.0404
30.3395,-0.0375,1.7176,-0.2034,-0.1292,0.2410,0.0100,-0.0133,-1.0616,1.9078,-0.3425,-0.2476,0.4226,0.0437,-0.0022,1.0416
30.3399,-0.0389,1.7166,-0.2034,-0.1292,0.2410,0.0098,-0.0133,-1.0643,1.9060,-0.3425,-0.2476,0.4226,0.0393,-0.0022,1.0428
30.3599,-0.0405,1.7153,-0.2023,-0.1293,0.2401,0.0091,-0.0137,-1.0675,1.9040,-0.3434,-0.2471,0.4231,0.0355,-0.0016,1.0441
30.3603,-0.0420,1.7142,-0.2023,-0.1293,0.2401,0.0082,-0.0137,-1.0702,1.9021,-0.3438,-0.2465,0.4230,0.0325,-0.0021,1.0453
30.3798,-0.0437,1.7130,-0.2009,-0.1299,0.2393,0.0075,-0.0087,-1.0734,1.9000,-0.3442,-0.2463,0.4232,0.0301,-0.0020,1.0465
30.3802,-0.0450,1.7120,-0.2001,-0.1299,0.2386,0.0070,-0.0033,-1.0761,1.8982,-0.3445,-0.2453,0.4229,0.0273,-0.0044,1.0478
30.3899,-0.0467,1.7108,-0.1999,-0.1301,0.2385,0.0063,-0.0033,-1.0794,1.8960,-0.3455,-0.2451,0.4236,0.0239,-0.0039,1.0491
30.3902,-0.0481,1.7097,-0.1989,-0.1297,0.2375,0.0052,-0.0033,-1.0822,1.8940,-0.3460,-0.2445,0.4237,0.0208,-0.0087,1.0504
30.3997,-0.0497,1.7085,-0.1985,-0.1297,0.2372,0.0040,-0.0042,-1.0854,1.8919,-0.3466,-0.2448,0.4243,0.0166,-0.0092,1.0518
30.4199,-0.0513,1.7074,-0.1983,-0.1300,0.2371,0.0032,-0.0050,-1.0884,1.8899,-0.3477,-0.2454,0.4256,0.0137,-0.0077,1.0530
30.4203,-0.0527,1.7065,-0.1983,-0.1300,0.2371,0.0027,-0.0050,-1.0911,1.8883,-0.3477,-0.2454,0.4256,0.0117,-0.0077,1.0542
30.4396,-0.0545,1.7052,-0.1971,-0.1295,0.2358,0.0023,-0.0075,-1.0944,1.8861,-0.3482,-0.2445,0.4255,0.0090,-0.0026,1.0556
30.4399,-0.0557,1.7044,-0.1971,-0.1295,0.2358,0.0019,-0.0075,-1.0969,1.8847,-0.3482,-0.2445,0.4255,0.0072,-0.0026,1.0568
30.4499,-0.0590,1.7018,-0.1958,-0.1292,0.2346,-0.0001,-0.0098,-1.1004,1.8826,-0.3489,-0.2431,0.4253,0.0044,-0.0047,1.0570
30.4502,-0.0590,1.7018,-0.1958,-0.1292,0.2346,-0.0001,-0.0098,-1.1037,1.8806,-0.3504,-0.2429,0.4264,0.0018,-0.0053,1.0599
30.4698,-0.0605,1.7007,-0.1957,-0.1306,0.2352,-0.0009,-0.0101,-1.1068,1.8788,-0.3516,-0.2429,0.4273,-0.0005,-0.0092,1.0613
30.4702,-0.0619,1.6997,-0.1957,-0.1306,0.2352,-0.0016,-0.0101,-1.1097,1.8770,-0.3516,-0.2429,0.4273,-0.0030,-0.0092,1.0627
30.4795,-0.0635,1.6985,-0.1950,-0.1307,0.2348,-0.0024,-0.0092,-1.1131,1.8749,-0.3528,-0.2415,0.4275,-0.0050,-0.0052,1.0644
30.4800,-0.0650,1.6973,-0.1950,-0.1307,0.2348,-0.0029,-0.0092,-1.1163,1.8729,-0.3541,-0.2414,0.4286,-0.0076,-0.0042,1.0658
30.4997,-0.0665,1.6961,-0.1942,-0.1310,0.2342,-0.0034,-0.0128,-1.1194,1.8710,-0.3542,-0.2407,0.4282,-0.0107,-0.0018,1.0673
30.5001,-0.0679,1.6950,-0.1942,-0.1310,0.2342,-0.0035,-0.0128,-1.1224,1.8691,-0.3542,-0.2407,0.4282,-0.0131,-0.0018,1.0688
30.5199,-0.0693,1.6938,-0.1928,-0.1309,0.2330,-0.0036,-0.0175,-1.1254,1.8672,-0.3549,-0.2399,0.4284,-0.0160,-0.0018,1.0703
30.5204,-0.0707,1.6925,-0.1928,-0.1309,0.2330,-0.0038,-0.0175,-1.1285,1.8654,-0.3559,-0.2400,0.4293,-0.0184,-0.0020,1.0719
30.5296,-0.0720,1.6913,-0.1914,-0.1320,0.2325,-0.0039,-0.0192,-1.1316,1.8634,-0.3562,-0.2398,0.4294,-0.0209,0.0007,1.0735
30.5298,-0.0734,1.6901,-0.1914,-0.1320,0.2325,-0.0039,-0.0192,-1.1348,1.8614,-0.3562,-0.2398,0.4294,-0.0228,0.0007,1.0751
30.5498,-0.0748,1.6888,-0.1897,-0.1327,0.2316,-0.0039,-0.0186,-1.1378,1.8593,-0.3565,-0.2394,0.4295,-0.0247,0.0093,1.0767
30.5502,-0.0761,1.6875,-0.1897,-0.1327,0.2316,-0.0038,-0.0186,-1.1409,1.8574,-0.3565,-0.2394,0.4295,-0.0276,0.0093,1.0782
30.5695,-0.0775,1.6862,-0.1884,-0.1336,0.2310,-0.0038,-0.0169,-1.1439,1.8556,-0.3575,-0.2387,0.4299,-0.0306,0.0139,1.0798
30.5698,-0.0791,1.6848,-0.1884,-0.1336,0.2310,-0.0037,-0.0169,-1.1472,1.8536,-0.3588,-0.2386,0.4309,-0.0336,0.0144,1.0813
30.5798,-0.0805,1.6836,-0.1881,-0.1352,0.2317,-0.0037,-0.0176,-1.1499,1.8520,-0.3596,-0.2385,0.4316,-0.0357,0.0146,1.0826
30.5800,-0.0820,1.6823,-0.1870,-0.1352,0.2307,-0.0036,-0.0202,-1.1531,1.8501,-0.3596,-0.2385,0.4316,-0.0382,0.0146,1.0842
30.5997,-0.0837,1.6808,-0.1867,-0.1359,0.2310,-0.0036,-0.0210,-1.1564,1.8480,-0.3599,-0.2384,0.4317,-0.0406,0.0138,1.0857
30.6002,-0.0850,1.6796,-0.1866,-0.1369,0.2314,-0.0036,-0.0201,-1.1592,1.8461,-0.3599,-0.2384,0.4317,-0.0420,0.0138,1.0871
30.6197,-0.0867,1.6780,-0.1861,-0.1374,0.2313,-0.0038,-0.0180,-1.1627,1.8438,-0.3610,-0.2391,0.4330,-0.0441,0.0289,1.0887
30.6202,-0.0879,1.6769,-0.1861,-0.1374,0.2313,-0.0039,-0.0180,-1.1653,1.8421,-0.3612,-0.2387,0.4330,-0.0459,0.0316,1.0900
30.6295,-0.0894,1.6756,-0.1852,-0.1385,0.2313,-0.0041,-0.0128,-1.1684,1.8401,-0.3617,-0.2382,0.4330,-0.0482,0.0321,1.0914
30.6298,-0.0908,1.6743,-0.1852,-0.1385,0.2313,-0.0044,-0.0128,-1.1713,1.8382,-0.3615,-0.2376,0.4326,-0.0508,0.0316,1.0928
30.6495,-0.0924,1.6728,-0.1843,-0.1394,0.2311,-0.0046,-0.0102,-1.1745,1.8361,-0.3616,-0.2375,0.4326,-0.0545,0.0318,1.0944
30.6498,-0.0938,1.6715,-0.1837,-0.1397,0.2308,-0.0047,-0.0098,-1.1775,1.8340,-0.3616,-0.2373,0.4325,-0.0570,0.0303,1.0959
30.6595,-0.0951,1.6702,-0.1832,-0.1403,0.2308,-0.0047,-0.0099,-1.1805,1.8320,-0.3621,-0.2378,0.4332,-0.0594,0.0324,1.0974
30.6797,-0.0965,1.6688,-0.1825,-0.1408,0.2304,-0.0047,-0.0093,-1.1837,1.8299,-0.3620,-0.2380,0.4332,-0.0618,0.0364,1.0990
30.6799,-0.0975,1.6677,-0.1816,-0.1412,0.2301,-0.0047,-0.0095,-1.1862,1.8283,-0.3620,-0.2383,0.4334,-0.0635,0.0470,1.1004
30.6897,-0.0991,1.6659,-0.1806,-0.1415,0.2294,-0.0048,-0.0091,-1.1897,1.8258,-0.3614,-0.2380,0.4327,-0.0658,0.0508,1.1022
30.6899,-0.1003,1.6646,-0.1804,-0.1428,0.2301,-0.0047,-0.0109,-1.1923,1.8241,-0.3620,-0.2388,0.4337,-0.0678,0.0557,1.1035
30.7098,-0.1018,1.6631,-0.1798,-0.1434,0.2300,-0.0047,-0.0124,-1.1954,1.8220,-0.3616,-0.2384,0.4331,-0.0705,0.0559,1.1051
30.7101,-0.1030,1.6617,-0.1798,-0.1434,0.2300,-0.0046,-0.0124,-1.1980,1.8201,-0.3616,-0.2384,0.4331,-0.0728,0.0559,1.1064
30.7299,-0.1047,1.6600,-0.1787,-0.1447,0.2299,-0.0046,-0.0133,-1.2011,1.8178,-0.3614,-0.2373,0.4323,-0.0766,0.0504,1.1078
30.7302,-0.1060,1.6586,-0.1787,-0.1447,0.2299,-0.0046,-0.0133,-1.2039,1.8158,-0.3617,-0.2375,0.4327,-0.0786,0.0372,1.1091
30.7395,-0.1074,1.6572,-0.1785,-0.1466,0.2310,-0.0044,-0.0130,-1.2067,1.8138,-0.3613,-0.2369,0.4320,-0.0808,0.0349,1.1105
30.7398,-0.1090,1.6553,-0.1785,-0.1466,0.2310,-0.0040,-0.0130,-1.2101,1.8113,-0.3613,-0.2369,0.4320,-0.0837,0.0349,1.1121
30.7594,-0.1102,1.6539,-0.1783,-0.1487,0.2322,-0.0038,-0.0122,-1.2130,1.8094,-0.3623,-0.2374,0.4331,-0.0857,0.0388,1.1137
30.7596,-0.1115,1.6524,-0.1783,-0.1487,0.2322,-0.0036,-0.0122,-1.2158,1.8073,-0.3623,-0.2376,0.4333,-0.0877,0.0416,1.1152
30.7698,-0.1128,1.6509,-0.1764,-0.1501,0.2316,-0.0036,-0.0099,-1.2188,1.8052,-0.3615,-0.2379,0.4328,-0.0900,0.0448,1.1167
30.7700,-0.1141,1.6493,-0.1760,-0.1510,0.2319,-0.0036,-0.0094,-1.2216,1.8031,-0.3616,-0.2386,0.4332,-0.0921,0.0530,1.1181
30.7896,-0.1153,1.6479,-0.1754,-0.1518,0.2319,-0.0037,-0.0086,-1.2242,1.8012,-0.3613,-0.2388,0.4331,-0.0938,0.0550,1.1195
30.7899,-0.1166,1.6464,-0.1754,-0.1518,0.2319,-0.0035,-0.0086,-1.2270,1.7991,-0.3610,-0.2388,0.4329,-0.0964,0.0533,1.1209
30.8097,-0.1178,1.6448,-0.1744,-0.1538,0.2325,-0.0034,-0.0076,-1.2297,1.7971,-0.3608,-0.2388,0.4327,-0.0986,0.0495,1.1223
30.8101,-0.1191,1.6433,-0.1744,-0.1538,0.2325,-0.0034,-0.0076,-1.2324,1.7951,-0.3610,-0.2389,0.4328,-0.0999,0.0451,1.1237
30.8297,-0.1205,1.6417,-0.1729,-0.1554,0.2325,-0.0029,-0.0068,-1.2353,1.7928,-0.3596,-0.2378,0.4312,-0.1025,0.0299,1.1251
30.8301,-0.1215,1.6404,-0.1723,-0.1564,0.2327,-0.0026,-0.0062,-1.2378,1.7910,-0.3595,-0.2379,0.4311,-0.1036,0.0221,1.1264
30.8394,-0.1228,1.6388,-0.1712,-0.1566,0.2320,-0.0022,-0.0053,-1.2407,1.7886,-0.3583,-0.2374,0.4298,-0.1055,0.0174,1.1278
30.8396,-0.1241,1.6373,-0.1712,-0.1566,0.2320,-0.0017,-0.0053,-1.2434,1.7865,-0.3583,-0.2374,0.4298,-0.1077,0.0174,1.1292
30.8596,-0.1252,1.6358,-0.1703,-0.1587,0.2327,-0.0015,-0.0056,-1.2459,1.7846,-0.3581,-0.2389,0.4305,-0.1093,0.0174,1.1306
30.8600,-0.1263,1.6343,-0.1703,-0.1587,0.2327,-0.0015,-0.0056,-1.2485,1.7824,-0.3581,-0.2389,0.4305,-0.1112,0.0174,1.1319
30.8698,-0.1277,1.6326,-0.1688,-0.1599,0.2325,-0.0016,-0.0101,-1.2514,1.7802,-0.3566,-0.2393,0.4294,-0.1129,0.0201,1.1334
30.8701,-0.1288,1.6313,-0.1688,-0.1599,0.2325,-0.0015,-0.0101,-1.2538,1.7783,-0.3561,-0.2396,0.4292,-0.1143,0.0224,1.1346
30.8898,-0.1302,1.6297,-0.1677,-0.1614,0.2327,-0.0013,-0.0164,-1.2566,1.7760,-0.3554,-0.2399,0.4288,-0.1161,0.0196,1.1359
30.8902,-0.1315,1.6280,-0.1677,-0.1614,0.2327,-0.0013,-0.0164,-1.2594,1.7740,-0.3544,-0.2398,0.4279,-0.1172,0.0184,1.1373
30.8997,-0.1325,1.6266,-0.1668,-0.1634,0.2335,-0.0013,-0.0228,-1.2616,1.7722,-0.3542,-0.2401,0.4279,-0.1179,0.0165,1.1385
30.9000,-0.1338,1.6247,-0.1655,-0.1638,0.2329,-0.0011,-0.0231,-1.2645,1.7700,-0.3525,-0.2394,0.4262,-0.1191,0.0147,1.1400
30.9198,-0.1349,1.6231,-0.1651,-0.1654,0.2337,-0.0011,-0.0214,-1.2668,1.7681,-0.3522,-0.2398,0.4261,-0.1203,0.0101,1.1411
30.9201,-0.1363,1.6210,-0.1646,-0.1667,0.2343,-0.0011,-0.0209,-1.2698,1.7657,-0.3522,-0.2398,0.4261,-0.1225,0.0101,1.1427
30.9397,-0.1373,1.6196,-0.1636,-0.1683,0.2348,-0.0012,-0.0161,-1.2721,1.7639,-0.3508,-0.2408,0.4255,-0.1238,0.0064,1.1440
30.9501,-0.1394,1.6165,-0.1625,-0.1706,0.2356,-0.0013,-0.0104,-1.2752,1.7614,-0.3505,-0.2415,0.4256,-0.1251,0.0069,1.1450
30.9505,-0.1394,1.6165,-0.1625,-0.1706,0.2356,-0.0013,-0.0104,-1.2774,1.7598,-0.3495,-0.2424,0.4253,-0.1256,0.0078,1.1469
30.9597,-0.1405,1.6148,-0.1608,-0.1706,0.2344,-0.0013,-0.0075,-1.2801,1.7576,-0.3474,-0.2417,0.4232,-0.1263,0.0131,1.1485
30.9601,-0.1414,1.6133,-0.1608,-0.1706,0.2344,-0.0013,-0.0075,-1.2823,1.7557,-0.3474,-0.2417,0.4232,-0.1268,0.0131,1.1497
30.9797,-0.1424,1.6116,-0.1590,-0.1728,0.2349,-0.0014,-0.0069,-1.2846,1.7538,-0.3451,-0.2425,0.4218,-0.1276,0.0147,1.1510
30.9800,-0.1437,1.6095,-0.1580,-0.1738,0.2349,-0.0014,-0.0057,-1.2874,1.7514,-0.3431,-0.2423,0.4200,-0.1283,0.0150,1.1525
30.9999,-0.1447,1.6079,-0.1574,-0.1757,0.2359,-0.0014,-0.0045,-1.2898,1.7495,-0.3423,-0.2430,0.4198,-0.1284,0.0104,1.1538
31.0003,-0.1458,1.6061,-0.1564,-0.1766,0.2359,-0.0016,-0.0033,-1.2923,1.7473,-0.3408,-0.2429,0.4185,-0.1282,0.0102,1.1552
31.0095,-0.1466,1.6044,-0.1558,-0.1779,0.2364,-0.0019,-0.0003,-1.2946,1.7453,-0.3397,-0.2435,0.4180,-0.1283,0.0090,1.1566
31.0098,-0.1475,1.6027,-0.1558,-0.1779,0.2364,-0.0028,-0.0003,-1.2971,1.7431,-0.3383,-0.2438,0.4170,-0.1285,0.0110,1.1581
31.0299,-0.1484,1.6011,-0.1538,-0.1797,0.2365,-0.0036,-0.0001,-1.2995,1.7410,-0.3371,-0.2446,0.4165,-0.1288,0.0151,1.1596
31.0303,-0.1493,1.5992,-0.1527,-0.1803,0.2363,-0.0052,-0.0006,-1.3022,1.7388,-0.3358,-0.2449,0.4156,-0.1293,0.0156,1.1613
31.0498,-0.1501,1.5977,-0.1518,-0.1816,0.2367,-0.0064,-0.0019,-1.3045,1.7369,-0.3349,-0.2452,0.4151,-0.1296,0.0125,1.1627
31.0504,-0.1510,1.5959,-0.1506,-0.1822,0.2364,-0.0073,-0.0039,-1.3068,1.7349,-0.3332,-0.2450,0.4136,-0.1299,0.0091,1.1642
31.0598,-0.1519,1.5941,-0.1497,-0.1832,0.2366,-0.0087,-0.0058,-1.3091,1.7330,-0.3319,-0.2449,0.4125,-0.1300,0.0072,1.1656
31.0604,-0.1528,1.5924,-0.1497,-0.1832,0.2366,-0.0096,-0.0058,-1.3114,1.7310,-0.3319,-0.2449,0.4125,-0.1301,0.0072,1.1669
31.0799,-0.1539,1.5905,-0.1473,-0.1847,0.2363,-0.0102,-0.0082,-1.3137,1.7291,-0.3284,-0.2451,0.4098,-0.1300,0.0054,1.1681
31.0803,-0.1549,1.5885,-0.1473,-0.1847,0.2363,-0.0110,-0.0082,-1.3161,1.7269,-0.3276,-0.2457,0.4095,-0.1299,0.0058,1.1694
31.0900,-0.1560,1.5864,-0.1458,-0.1876,0.2376,-0.0123,-0.0072,-1.3185,1.7248,-0.3259,-0.2463,0.4086,-0.1298,0.0082,1.1707
31.0904,-0.1569,1.5847,-0.1447,-0.1888,0.2379,-0.0136,-0.0062,-1.3207,1.7228,-0.3242,-0.2463,0.4072,-0.1298,0.0095,1.1720
31.1097,-0.1580,1.5827,-0.1438,-0.1899,0.2382,-0.0152,-0.0067,-1.3231,1.7205,-0.3230,-0.2466,0.4064,-0.1297,0.0093,1.1733
31.1101,-0.1588,1.5812,-0.1438,-0.1899,0.2382,-0.0166,-0.0067,-1.3253,1.7185,-0.3230,-0.2466,0.4064,-0.1295,0.0093,1.1745
31.1298,-0.1598,1.5796,-0.1418,-0.1916,0.2383,-0.0183,-0.0082,-1.3276,1.7163,-0.3199,-0.2473,0.4043,-0.1286,0.0086,1.1758
31.1301,-0.1608,1.5779,-0.1418,-0.1916,0.2383,-0.0201,-0.0082,-1.3298,1.7142,-0.3199,-0.2473,0.4043,-0.1276,0.0086,1.1770
31.1498,-0.1614,1.5765,-0.1399,-0.1929,0.2383,-0.0214,-0.0100,-1.3316,1.7125,-0.3171,-0.2480,0.4026,-0.1266,0.0052,1.1780
31.1501,-0.1627,1.5744,-0.1399,-0.1929,0.2383,-0.0237,-0.0100,-1.3340,1.7099,-0.3142,-0.2472,0.3998,-0.1250,0.0051,1.1791
31.1597,-0.1636,1.5728,-0.1379,-0.1942,0.2382,-0.0258,-0.0146,-1.3358,1.7080,-0.3129,-0.2482,0.3994,-0.1242,0.0048,1.1800
31.1604,-0.1647,1.5708,-0.1379,-0.1942,0.2382,-0.0284,-0.0146,-1.3379,1.7057,-0.3106,-0.2480,0.3975,-0.1235,0.0035,1.1810
31.1797,-0.1655,1.5692,-0.1362,-0.1959,0.2386,-0.0301,-0.0173,-1.3396,1.7038,-0.3084,-0.2484,0.3960,-0.1227,0.0037,1.1818
31.1800,-0.1662,1.5676,-0.1359,-0.1970,0.2394,-0.0316,-0.0159,-1.3415,1.7018,-0.3069,-0.2492,0.3953,-0.1221,0.0034,1.1830
31.1996,-0.1671,1.5657,-0.1342,-0.1965,0.2380,-0.0332,-0.0136,-1.3436,1.6994,-0.3037,-0.2481,0.3922,-0.1208,0.0020,1.1841
31.1999,-0.1679,1.5639,-0.1342,-0.1965,0.2380,-0.0345,-0.0136,-1.3455,1.6972,-0.3037,-0.2481,0.3922,-0.1196,0.0020,1.1851
31.2096,-0.1688,1.5621,-0.1323,-0.1983,0.2384,-0.0359,-0.0136,-1.3475,1.6948,-0.3004,-0.2497,0.3906,-0.1184,-0.0015,1.1861
31.2099,-0.1699,1.5602,-0.1323,-0.1983,0.2384,-0.0375,-0.0136,-1.3497,1.6924,-0.3004,-0.2497,0.3906,-0.1172,-0.0015,1.1872
31.2299,-0.1709,1.5583,-0.1304,-0.1996,0.2384,-0.0387,-0.0138,-1.3517,1.6901,-0.2972,-0.2507,0.3888,-0.1156,-0.0044,1.1881
31.2301,-0.1717,1.5567,-0.1304,-0.1996,0.2384,-0.0399,-0.0138,-1.3535,1.6879,-0.2972,-0.2507,0.3888,-0.1142,-0.0044,1.1891
31.2397,-0.1728,1.5547,-0.1287,-0.2009,0.2386,-0.0416,-0.0135,-1.3559,1.6851,-0.2937,-0.2518,0.3868,-0.1122,-0.0153,1.1902
31.2401,-0.1735,1.5533,-0.1275,-0.2012,0.2382,-0.0426,-0.0125,-1.3575,1.6832,-0.2915,-0.2524,0.3856,-0.1110,-0.0219,1.1910
31.2598,-0.1746,1.5515,-0.1266,-0.2011,0.2377,-0.0445,-0.0123,-1.3597,1.6804,-0.2890,-0.2525,0.3837,-0.1094,-0.0240,1.1920
31.2601,-0.1755,1.5500,-0.1263,-0.2017,0.2380,-0.0462,-0.0146,-1.3613,1.6783,-0.2876,-0.2538,0.3836,-0.1084,-0.0256,1.1927
31.2797,-0.1775,1.5466,-0.1250,-0.2023,0.2378,-0.0495,-0.0160,-1.3631,1.6757,-0.2850,-0.2539,0.3817,-0.1074,-0.0290,1.1926
31.2800,-0.1775,1.5466,-0.1250,-0.2023,0.2378,-0.0495,-0.0160,-1.3646,1.6736,-0.2830,-0.2549,0.3809,-0.1063,-0.0285,1.1939
31.2894,-0.1785,1.5449,-0.1244,-0.2026,0.2377,-0.0504,-0.0164,-1.3663,1.6714,-0.2808,-0.2552,0.3794,-0.1054,-0.0271,1.1944
31.2897,-0.1796,1.5430,-0.1244,-0.2026,0.2377,-0.0517,-0.0164,-1.3680,1.6689,-0.2808,-0.2552,0.3794,-0.1031,-0.0271,1.1951
31.3095,-0.1805,1.5415,-0.1236,-0.2036,0.2381,-0.0526,-0.0164,-1.3696,1.6667,-0.2766,-0.2564,0.3772,-0.1017,-0.0276,1.1957
31.3098,-0.1816,1.5395,-0.1236,-0.2036,0.2381,-0.0539,-0.0164,-1.3717,1.6639,-0.2766,-0.2564,0.3772,-0.0995,-0.0276,1.1966
31.3296,-0.1824,1.5379,-0.1222,-0.2044,0.2381,-0.0550,-0.0165,-1.3733,1.6615,-0.2727,-0.2579,0.3753,-0.0981,-0.0299,1.1973
31.3298,-0.1832,1.5362,-0.1222,-0.2044,0.2381,-0.0559,-0.0165,-1.3751,1.6590,-0.2727,-0.2579,0.3753,-0.0972,-0.0299,1.1982
31.3396,-0.1839,1.5346,-0.1208,-0.2052,0.2381,-0.0569,-0.0186,-1.3766,1.6566,-0.2688,-0.2593,0.3735,-0.0966,-0.0289,1.1990
31.3400,-0.1847,1.5328,-0.1208,-0.2052,0.2381,-0.0578,-0.0186,-1.3784,1.6542,-0.2665,-0.2598,0.3722,-0.0962,-0.0291,1.1998
31.3598,-0.1855,1.5312,-0.1191,-0.2061,0.2380,-0.0582,-0.0241,-1.3798,1.6520,-0.2649,-0.2607,0.3717,-0.0957,-0.0291,1.2004
31.3602,-0.1863,1.5293,-0.1182,-0.2063,0.2377,-0.0588,-0.0257,-1.3815,1.6497,-0.2625,-0.2609,0.3701,-0.0951,-0.0293,1.2012
31.3796,-0.1872,1.5272,-0.1172,-0.2066,0.2375,-0.0591,-0.0279,-1.3832,1.6472,-0.2601,-0.2611,0.3685,-0.0947,-0.0290,1.2020
31.3800,-0.1881,1.5253,-0.1168,-0.2081,0.2386,-0.0596,-0.0278,-1.3849,1.6448,-0.2601,-0.2611,0.3685,-0.0947,-0.0290,1.2027
31.3896,-0.1891,1.5231,-0.1158,-0.2088,0.2387,-0.0604,-0.0246,-1.3866,1.6423,-0.2565,-0.2624,0.3669,-0.0949,-0.0261,1.2034
31.3900,-0.1898,1.5214,-0.1158,-0.2088,0.2387,-0.0608,-0.0246,-1.3881,1.6403,-0.2565,-0.2624,0.3669,-0.0949,-0.0261,1.2041
31.4097,-0.1907,1.5194,-0.1147,-0.2104,0.2397,-0.0615,-0.0128,-1.3899,1.6377,-0.2529,-0.2639,0.3655,-0.0950,-0.0254,1.2051
31.4100,-0.1914,1.5176,-0.1137,-0.2106,0.2394,-0.0620,-0.0126,-1.3915,1.6358,-0.2508,-0.2646,0.3646,-0.0950,-0.0267,1.2059
31.4298,-0.1922,1.5154,-0.1129,-0.2110,0.2393,-0.0628,-0.0117,-1.3934,1.6332,-0.2493,-0.2648,0.3637,-0.0950,-0.0284,1.2069
31.4301,-0.1929,1.5137,-0.1129,-0.2110,0.2393,-0.0632,-0.0117,-1.3950,1.6311,-0.2471,-0.2650,0.3623,-0.0950,-0.0297,1.2079
31.4395,-0.1937,1.5116,-0.1112,-0.2118,0.2392,-0.0637,-0.0171,-1.3968,1.6285,-0.2458,-0.2657,0.3619,-0.0951,-0.0311,1.2087
31.4399,-0.1945,1.5099,-0.1112,-0.2118,0.2392,-0.0641,-0.0171,-1.3982,1.6264,-0.2458,-0.2657,0.3619,-0.0952,-0.0311,1.2094
31.4597,-0.1952,1.5081,-0.1101,-0.2133,0.2401,-0.0645,-0.0174,-1.3997,1.6243,-0.2417,-0.2668,0.3600,-0.0952,-0.0297,1.2101
31.4601,-0.1961,1.5057,-0.1101,-0.2133,0.2401,-0.0652,-0.0174,-1.4016,1.6218,-0.2417,-0.2668,0.3600,-0.0955,-0.0297,1.2110
31.4695,-0.1970,1.5035,-0.1094,-0.2152,0.2415,-0.0657,-0.0183,-1.4032,1.6195,-0.2386,-0.2678,0.3587,-0.0957,-0.0332,1.2118
31.4700,-0.1977,1.5015,-0.1094,-0.2152,0.2415,-0.0661,-0.0183,-1.4047,1.6175,-0.2371,-0.2685,0.3582,-0.0956,-0.0390,1.2126
31.4897,-0.1985,1.4995,-0.1080,-0.2160,0.2414,-0.0663,-0.0178,-1.4062,1.6152,-0.2347,-0.2678,0.3561,-0.0956,-0.0382,1.2133
31.4900,-0.1993,1.4974,-0.1080,-0.2160,0.2414,-0.0664,-0.0178,-1.4078,1.6129,-0.2328,-0.2686,0.3555,-0.0956,-0.0404,1.2140
31.5099,-0.1999,1.4955,-0.1069,-0.2174,0.2423,-0.0664,-0.0173,-1.4091,1.6106,-0.2310,-0.2688,0.3544,-0.0957,-0.0387,1.2147
31.5194,-0.2008,1.4932,-0.1065,-0.2180,0.2426,-0.0666,-0.0174,-1.4108,1.6083,-0.2290,-0.2693,0.3536,-0.0957,-0.0386,1.2154
31.5199,-0.2013,1.4917,-0.1065,-0.2180,0.2426,-0.0665,-0.0174,-1.4119,1.6064,-0.2290,-0.2693,0.3536,-0.0957,-0.0386,1.2160
31.5295,-0.2021,1.4895,-0.1060,-0.2189,0.2432,-0.0665,-0.0161,-1.4135,1.6041,-0.2249,-0.2691,0.3507,-0.0957,-0.0380,1.2168
31.5300,-0.2030,1.4872,-0.1060,-0.2189,0.2432,-0.0666,-0.0161,-1.4151,1.6016,-0.2249,-0.2691,0.3507,-0.0956,-0.0380,1.2175
31.5495,-0.2038,1.4849,-0.1058,-0.2210,0.2450,-0.0666,-0.0136,-1.4167,1.5991,-0.2212,-0.2706,0.3495,-0.0942,-0.0380,1.2183
31.5497,-0.2045,1.4829,-0.1058,-0.2210,0.2450,-0.0668,-0.0136,-1.4181,1.5967,-0.2212,-0.2706,0.3495,-0.0933,-0.0380,1.2189
31.5694,-0.2052,1.4809,-0.1053,-0.2225,0.2461,-0.0668,-0.0093,-1.4195,1.5943,-0.2180,-0.2726,0.3490,-0.0921,-0.0384,1.2196
31.5697,-0.2056,1.4793,-0.1053,-0.2225,0.2461,-0.0668,-0.0093,-1.4204,1.5925,-0.2180,-0.2726,0.3490,-0.0916,-0.0384,1.2200
31.5793,-0.2062,1.4772,-0.1035,-0.2224,0.2453,-0.0668,-0.0090,-1.4217,1.5900,-0.2133,-0.2732,0.3466,-0.0907,-0.0376,1.2207
31.5795,-0.2070,1.4751,-0.1035,-0.2224,0.2453,-0.0668,-0.0090,-1.4231,1.5875,-0.2133,-0.2732,0.3466,-0.0899,-0.0376,1.2214
31.5997,-0.2077,1.4729,-0.1020,-0.2227,0.2449,-0.0668,-0.0105,-1.4245,1.5850,-0.2093,-0.2747,0.3453,-0.0888,-0.0343,1.2220
31.6002,-0.2084,1.4708,-0.1020,-0.2227,0.2449,-0.0667,-0.0105,-1.4259,1.5825,-0.2093,-0.2747,0.3453,-0.0869,-0.0343,1.2226
31.6198,-0.2091,1.4687,-0.1009,-0.2238,0.2455,-0.0667,-0.0138,-1.4272,1.5800,-0.2056,-0.2759,0.3441,-0.0853,-0.0345,1.2232
31.6204,-0.2097,1.4666,-0.1009,-0.2238,0.2455,-0.0666,-0.0138,-1.4284,1.5776,-0.2037,-0.2769,0.3438,-0.0836,-0.0336,1.2238
31.6295,-0.2104,1.4645,-0.0998,-0.2258,0.2469,-0.0665,-0.0124,-1.4295,1.5751,-0.2016,-0.2774,0.3430,-0.0832,-0.0339,1.2242
31.6298,-0.2110,1.4623,-0.0998,-0.2258,0.2469,-0.0660,-0.0124,-1.4307,1.5727,-0.2016,-0.2774,0.3430,-0.0822,-0.0339,1.2247
31.6495,-0.2117,1.4600,-0.0991,-0.2283,0.2489,-0.0653,-0.0096,-1.4319,1.5702,-0.1981,-0.2795,0.3426,-0.0816,-0.0348,1.2251
31.6498,-0.2122,1.4582,-0.0991,-0.2283,0.2489,-0.0649,-0.0096,-1.4328,1.5683,-0.1957,-0.2794,0.3412,-0.0804,-0.0363,1.2256
31.6597,-0.2130,1.4557,-0.0972,-0.2292,0.2490,-0.0638,-0.0035,-1.4341,1.5655,-0.1942,-0.2795,0.3403,-0.0789,-0.0387,1.2261
31.6601,-0.2135,1.4537,-0.0972,-0.2292,0.2490,-0.0634,-0.0035,-1.4352,1.5632,-0.1942,-0.2795,0.3403,-0.0775,-0.0387,1.2266
31.6797,-0.2140,1.4513,-0.0960,-0.2311,0.2502,-0.0629,0.0019,-1.4364,1.5606,-0.1912,-0.2811,0.3399,-0.0760,-0.0431,1.2272
31.6799,-0.2144,1.4494,-0.0960,-0.2311,0.2502,-0.0626,0.0019,-1.4374,1.5585,-0.1912,-0.2811,0.3399,-0.0752,-0.0431,1.2278
31.6995,-0.2149,1.4472,-0.0947,-0.2326,0.2511,-0.0623,0.0092,-1.4384,1.5557,-0.1875,-0.2819,0.3385,-0.0740,-0.0420,1.2283
31.6998,-0.2152,1.4451,-0.0947,-0.2326,0.2511,-0.0621,0.0092,-1.4395,1.5531,-0.1857,-0.2828,0.3384,-0.0730,-0.0408,1.2290
31.7197,-0.2155,1.4434,-0.0927,-0.2341,0.2518,-0.0620,0.0106,-1.4403,1.5511,-0.1839,-0.2835,0.3379,-0.0726,-0.0331,1.2295
31.7201,-0.2160,1.4408,-0.0927,-0.2341,0.2518,-0.0618,0.0106,-1.4414,1.5479,-0.1811,-0.2828,0.3358,-0.0717,-0.0284,1.2301
31.7294,-0.2163,1.4387,-0.0902,-0.2351,0.2518,-0.0617,0.0102,-1.4423,1.5457,-0.1794,-0.2843,0.3362,-0.0707,-0.0262,1.2306
31.7396,-0.2169,1.4362,-0.0892,-0.2359,0.2522,-0.0615,0.0098,-1.4434,1.5430,-0.1775,-0.2844,0.3352,-0.0694,-0.0265,1.2311
31.7398,-0.2171,1.4346,-0.0892,-0.2359,0.2522,-0.0615,0.0098,-1.4439,1.5413,-0.1775,-0.2844,0.3352,-0.0686,-0.0265,1.2314
31.7597,-0.2176,1.4318,-0.0872,-0.2375,0.2530,-0.0611,0.0083,-1.4448,1.5382,-0.1728,-0.2838,0.3323,-0.0673,-0.0334,1.2318
31.7601,-0.2179,1.4300,-0.0872,-0.2375,0.2530,-0.0611,0.0083,-1.4454,1.5362,-0.1703,-0.2845,0.3315,-0.0666,-0.0377,1.2321
31.7696,-0.2183,1.4273,-0.0847,-0.2401,0.2546,-0.0608,0.0114,-1.4463,1.5333,-0.1682,-0.2842,0.3302,-0.0654,-0.0393,1.2326
31.7699,-0.2186,1.4252,-0.0847,-0.2401,0.2546,-0.0606,0.0114,-1.4471,1.5307,-0.1682,-0.2842,0.3302,-0.0648,-0.0393,1.2330
31.7894,-0.2189,1.4230,-0.0821,-0.2430,0.2565,-0.0604,0.0149,-1.4478,1.5280,-0.1648,-0.2859,0.3300,-0.0638,-0.0413,1.2334
31.7897,-0.2191,1.4209,-0.0821,-0.2430,0.2565,-0.0604,0.0149,-1.4485,1.5255,-0.1648,-0.2859,0.3300,-0.0633,-0.0413,1.2339
31.7997,-0.2194,1.4189,-0.0790,-0.2443,0.2567,-0.0604,0.0174,-1.4493,1.5228,-0.1610,-0.2869,0.3290,-0.0627,-0.0360,1.2343
31.7999,-0.2197,1.4162,-0.0790,-0.2443,0.2567,-0.0603,0.0174,-1.4502,1.5197,-0.1610,-0.2869,0.3290,-0.0618,-0.0360,1.2348
31.8197,-0.2200,1.4141,-0.0763,-0.2465,0.2581,-0.0602,0.0168,-1.4508,1.5173,-0.1570,-0.2883,0.3283,-0.0611,-0.0274,1.2351
31.8298,-0.2205,1.4099,-0.0742,-0.2487,0.2596,-0.0599,0.0185,-1.4515,1.5145,-0.1550,-0.2884,0.3274,-0.0604,-0.0278,1.2355
31.8300,-0.2205,1.4099,-0.0742,-0.2487,0.2596,-0.0599,0.0185,-1.4520,1.5122,-0.1529,-0.2889,0.3269,-0.0599,-0.0281,1.2358
31.8495,-0.2207,1.4075,-0.0731,-0.2493,0.2598,-0.0596,0.0207,-1.4526,1.5094,-0.1507,-0.2888,0.3258,-0.0595,-0.0274,1.2362
31.8497,-0.2208,1.4056,-0.0731,-0.2493,0.2598,-0.0595,0.0207,-1.4531,1.5071,-0.1507,-0.2888,0.3258,-0.0592,-0.0274,1.2365
31.8596,-0.2212,1.4029,-0.0707,-0.2512,0.2610,-0.0590,0.0264,-1.4539,1.5039,-0.1467,-0.2899,0.3249,-0.0587,-0.0253,1.2369
31.8600,-0.2214,1.4008,-0.0707,-0.2512,0.2610,-0.0586,0.0264,-1.4544,1.5014,-0.1449,-0.2916,0.3256,-0.0583,-0.0248,1.2371
31.8797,-0.2217,1.3984,-0.0684,-0.2527,0.2618,-0.0581,0.0297,-1.4550,1.4985,-0.1425,-0.2916,0.3246,-0.0580,-0.0243,1.2374
31.8801,-0.2219,1.3961,-0.0684,-0.2527,0.2618,-0.0575,0.0297,-1.4556,1.4957,-0.1425,-0.2916,0.3246,-0.0578,-0.0243,1.2377
31.8999,-0.2222,1.3939,-0.0656,-0.2540,0.2624,-0.0569,0.0284,-1.4562,1.4931,-0.1379,-0.2931,0.3239,-0.0576,-0.0222,1.2380
31.9002,-0.2224,1.3915,-0.0656,-0.2540,0.2624,-0.0564,0.0284,-1.4569,1.4904,-0.1379,-0.2931,0.3239,-0.0574,-0.0222,1.2384
31.9096,-0.2225,1.3894,-0.0634,-0.2558,0.2635,-0.0559,0.0291,-1.4575,1.4878,-0.1338,-0.2948,0.3237,-0.0571,-0.0165,1.2389
31.9100,-0.2227,1.3870,-0.0634,-0.2558,0.2635,-0.0557,0.0291,-1.4583,1.4849,-0.1338,-0.2948,0.3237,-0.0568,-0.0165,1.2394
31.9294,-0.2229,1.3848,-0.0610,-0.2569,0.2640,-0.0552,0.0282,-1.4588,1.4825,-0.1298,-0.2966,0.3237,-0.0565,-0.0100,1.2397
31.9300,-0.2230,1.3828,-0.0610,-0.2569,0.2640,-0.0549,0.0282,-1.4591,1.4801,-0.1298,-0.2966,0.3237,-0.0566,-0.0100,1.2399
31.9497,-0.2232,1.3806,-0.0586,-0.2576,0.2642,-0.0544,0.0290,-1.4596,1.4776,-0.1247,-0.2966,0.3218,-0.0566,-0.0098,1.2402
31.9501,-0.2234,1.3784,-0.0586,-0.2576,0.2642,-0.0539,0.0290,-1.4600,1.4752,-0.1227,-0.2975,0.3218,-0.0567,-0.0104,1.2404
31.9595,-0.2237,1.3761,-0.0565,-0.2593,0.2654,-0.0532,0.0304,-1.4605,1.4725,-0.1207,-0.2983,0.3218,-0.0567,-0.0104,1.2406
31.9598,-0.2238,1.3738,-0.0565,-0.2593,0.2654,-0.0525,0.0304,-1.4611,1.4698,-0.1179,-0.2987,0.3212,-0.0569,-0.0085,1.2410
31.9798,-0.2241,1.3713,-0.0537,-0.2594,0.2649,-0.0516,0.0313,-1.4618,1.4669,-0.1158,-0.2994,0.3210,-0.0571,-0.0041,1.2414
31.9803,-0.2242,1.3693,-0.0537,-0.2594,0.2649,-0.0511,0.0313,-1.4622,1.4645,-0.1140,-0.3011,0.3219,-0.0573,0.0002,1.2417
31.9995,-0.2244,1.3669,-0.0515,-0.2604,0.2654,-0.0503,0.0319,-1.4628,1.4616,-0.1120,-0.3014,0.3215,-0.0578,0.0027,1.2420
32.0001,-0.2245,1.3647,-0.0515,-0.2604,0.2654,-0.0495,0.0319,-1.4633,1.4589,-0.1100,-0.3026,0.3220,-0.0579,0.0037,1.2424
32.0096,-0.2247,1.3622,-0.0492,-0.2616,0.2662,-0.0490,0.0327,-1.4639,1.4560,-0.1084,-0.3035,0.3223,-0.0581,0.0052,1.2428
32.0100,-0.2248,1.3603,-0.0492,-0.2616,0.2662,-0.0486,0.0327,-1.4642,1.4534,-0.1084,-0.3035,0.3223,-0.0582,0.0052,1.2429
32.0296,-0.2249,1.3578,-0.0468,-0.2628,0.2669,-0.0482,0.0345,-1.4646,1.4504,-0.1045,-0.3060,0.3234,-0.0583,0.0114,1.2431
32.0397,-0.2251,1.3557,-0.0456,-0.2634,0.2674,-0.0478,0.0338,-1.4649,1.4478,-0.1022,-0.3073,0.3238,-0.0584,0.0153,1.2433
32.0402,-0.2252,1.3536,-0.0443,-0.2630,0.2667,-0.0475,0.0318,-1.4652,1.4453,-0.0998,-0.3075,0.3233,-0.0584,0.0160,1.2433
32.0597,-0.2254,1.3512,-0.0428,-0.2626,0.2661,-0.0473,0.0304,-1.4654,1.4426,-0.0968,-0.3075,0.3223,-0.0584,0.0151,1.2434
32.0600,-0.2255,1.3494,-0.0428,-0.2626,0.2661,-0.0471,0.0304,-1.4657,1.4403,-0.0968,-0.3075,0.3223,-0.0584,0.0151,1.2435
32.0698,-0.2258,1.3468,-0.0407,-0.2630,0.2662,-0.0468,0.0300,-1.4662,1.4372,-0.0925,-0.3081,0.3216,-0.0583,0.0128,1.2437
32.0702,-0.2260,1.3447,-0.0407,-0.2630,0.2662,-0.0467,0.0300,-1.4666,1.4345,-0.0925,-0.3081,0.3216,-0.0581,0.0128,1.2439
32.0897,-0.2262,1.3421,-0.0395,-0.2651,0.2680,-0.0462,0.0294,-1.4671,1.4315,-0.0898,-0.3110,0.3237,-0.0578,0.0124,1.2441
32.0900,-0.2264,1.3403,-0.0395,-0.2651,0.2680,-0.0460,0.0294,-1.4674,1.4292,-0.0898,-0.3110,0.3237,-0.0575,0.0124,1.2442
32.0995,-0.2265,1.3381,-0.0374,-0.2652,0.2678,-0.0458,0.0287,-1.4677,1.4266,-0.0857,-0.3116,0.3231,-0.0571,0.0142,1.2443
32.0998,-0.2266,1.3358,-0.0374,-0.2652,0.2678,-0.0457,0.0287,-1.4679,1.4241,-0.0836,-0.3118,0.3228,-0.0567,0.0142,1.2444
32.1199,-0.2268,1.3335,-0.0352,-0.2659,0.2683,-0.0454,0.0286,-1.4681,1.4217,-0.0815,-0.3119,0.3224,-0.0564,0.0137,1.2445
32.1204,-0.2269,1.3313,-0.0341,-0.2663,0.2685,-0.0451,0.0282,-1.4683,1.4193,-0.0794,-0.3118,0.3217,-0.0562,0.0120,1.2445
32.1399,-0.2270,1.3290,-0.0330,-0.2664,0.2684,-0.0449,0.0280,-1.4685,1.4168,-0.0775,-0.3116,0.3211,-0.0559,0.0084,1.2446
32.1402,-0.2271,1.3269,-0.0330,-0.2664,0.2684,-0.0447,0.0280,-1.4686,1.4143,-0.0775,-0.3116,0.3211,-0.0553,0.0084,1.2446
32.1496,-0.2273,1.3247,-0.0308,-0.2664,0.2681,-0.0444,0.0281,-1.4688,1.4117,-0.0736,-0.3119,0.3205,-0.0545,0.0035,1.2446
32.1499,-0.2275,1.3220,-0.0308,-0.2664,0.2681,-0.0441,0.0281,-1.4690,1.4087,-0.0719,-0.3132,0.3213,-0.0538,0.0043,1.2446
32.1694,-0.2276,1.3199,-0.0290,-0.2673,0.2689,-0.0437,0.0264,-1.4693,1.4061,-0.0699,-0.3136,0.3213,-0.0532,0.0061,1.2447
32.1798,-0.2278,1.3176,-0.0283,-0.2675,0.2690,-0.0435,0.0234,-1.4696,1.4033,-0.0681,-0.3142,0.3215,-0.0519,0.0084,1.2448
32.1802,-0.2278,1.3157,-0.0283,-0.2675,0.2690,-0.0433,0.0234,-1.4698,1.4011,-0.0681,-0.3142,0.3215,-0.0511,0.0084,1.2449
32.1895,-0.2279,1.3134,-0.0268,-0.2673,0.2687,-0.0431,0.0167,-1.4699,1.3985,-0.0648,-0.3146,0.3212,-0.0504,0.0150,1.2449
32.1898,-0.2281,1.3110,-0.0261,-0.2675,0.2688,-0.0429,0.0159,-1.4701,1.3956,-0.0631,-0.3146,0.3208,-0.0495,0.0171,1.2450
32.2096,-0.2282,1.3087,-0.0257,-0.2682,0.2694,-0.0426,0.0167,-1.4703,1.3929,-0.0613,-0.3151,0.3210,-0.0486,0.0110,1.2450
32.2098,-0.2283,1.3066,-0.0257,-0.2682,0.2694,-0.0421,0.0167,-1.4705,1.3905,-0.0613,-0.3151,0.3210,-0.0478,0.0110,1.2450
32.2297,-0.2284,1.3044,-0.0247,-0.2684,0.2695,-0.0419,0.0181,-1.4707,1.3879,-0.0582,-0.3149,0.3203,-0.0472,0.0061,1.2451
32.2394,-0.2286,1.3017,-0.0242,-0.2688,0.2699,-0.0415,0.0194,-1.4710,1.3850,-0.0569,-0.3156,0.3207,-0.0463,0.0068,1.2452
32.2397,-0.2286,1.2998,-0.0242,-0.2688,0.2699,-0.0412,0.0194,-1.4713,1.3828,-0.0569,-0.3156,0.3207,-0.0459,0.0068,1.2454
32.2596,-0.2287,1.2972,-0.0230,-0.2695,0.2705,-0.0409,0.0240,-1.4716,1.3798,-0.0548,-0.3170,0.3217,-0.0451,0.0131,1.2456
32.2598,-0.2288,1.2954,-0.0230,-0.2695,0.2705,-0.0409,0.0240,-1.4717,1.3776,-0.0548,-0.3170,0.3217,-0.0446,0.0131,1.2456
32.2695,-0.2289,1.2929,-0.0218,-0.2692,0.2701,-0.0408,0.0245,-1.4719,1.3748,-0.0527,-0.3172,0.3216,-0.0440,0.0161,1.2457
32.2698,-0.2289,1.2906,-0.0218,-0.2692,0.2701,-0.0409,0.0245,-1.4720,1.3721,-0.0527,-0.3172,0.3216,-0.0434,0.0161,1.2458
32.2897,-0.2290,1.2885,-0.0207,-0.2690,0.2698,-0.0409,0.0214,-1.4721,1.3694,-0.0499,-0.3172,0.3211,-0.0425,0.0126,1.2458
32.2899,-0.2291,1.2863,-0.0207,-0.2690,0.2698,-0.0409,0.0214,-1.4723,1.3668,-0.0486,-0.3172,0.3209,-0.0419,0.0111,1.2458
32.2997,-0.2291,1.2843,-0.0199,-0.2692,0.2699,-0.0410,0.0186,-1.4724,1.3642,-0.0474,-0.3174,0.3209,-0.0413,0.0072,1.2458
32.3000,-0.2292,1.2819,-0.0199,-0.2692,0.2699,-0.0411,0.0186,-1.4726,1.3613,-0.0462,-0.3172,0.3206,-0.0406,0.0050,1.2460
32.3198,-0.2292,1.2798,-0.0189,-0.2687,0.2693,-0.0411,0.0187,-1.4728,1.3588,-0.0449,-0.3168,0.3200,-0.0402,0.0034,1.2460
32.3296,-0.2293,1.2773,-0.0184,-0.2686,0.2692,-0.0412,0.0189,-1.4729,1.3557,-0.0440,-0.3170,0.3200,-0.0395,0.0044,1.2461
32.3299,-0.2293,1.2757,-0.0180,-0.2691,0.2697,-0.0412,0.0184,-1.4730,1.3539,-0.0429,-0.3175,0.3204,-0.0391,0.0044,1.2461
32.3395,-0.2294,1.2731,-0.0177,-0.2684,0.2690,-0.0412,0.0181,-1.4731,1.3510,-0.0420,-0.3167,0.3195,-0.0384,0.0034,1.2461
32.3398,-0.2295,1.2710,-0.0177,-0.2684,0.2690,-0.0412,0.0181,-1.4731,1.3486,-0.0409,-0.3168,0.3194,-0.0380,0.0014,1.2461
32.3596,-0.2295,1.2686,-0.0172,-0.2690,0.2696,-0.0411,0.0177,-1.4732,1.3458,-0.0400,-0.3170,0.3196,-0.0374,-0.0016,1.2461
32.3600,-0.2296,1.2664,-0.0167,-0.2686,0.2691,-0.0411,0.0174,-1.4733,1.3432,-0.0386,-0.3162,0.3185,-0.0370,-0.0057,1.2461
32.3799,-0.2296,1.2642,-0.0164,-0.2689,0.2694,-0.0410,0.0174,-1.4733,1.3405,-0.0377,-0.3165,0.3187,-0.0367,-0.0092,1.2460
32.3804,-0.2296,1.2619,-0.0164,-0.2689,0.2694,-0.0409,0.0174,-1.4734,1.3378,-0.0377,-0.3165,0.3187,-0.0366,-0.0092,1.2460
32.3897,-0.2297,1.2597,-0.0154,-0.2684,0.2689,-0.0406,0.0148,-1.4734,1.3350,-0.0356,-0.3159,0.3179,-0.0368,-0.0140,1.2460
32.3900,-0.2297,1.2573,-0.0154,-0.2684,0.2689,-0.0405,0.0148,-1.4735,1.3320,-0.0356,-0.3159,0.3179,-0.0367,-0.0140,1.2461
32.4100,-0.2297,1.2529,-0.0146,-0.2683,0.2687,-0.0402,0.0110,-1.4737,1.3292,-0.0334,-0.3168,0.3186,-0.0366,-0.0150,1.2463
32.4102,-0.2297,1.2529,-0.0146,-0.2683,0.2687,-0.0402,0.0110,-1.4739,1.3264,-0.0324,-0.3172,0.3189,-0.0368,-0.0148,1.2463
32.4296,-0.2298,1.2508,-0.0141,-0.2682,0.2686,-0.0403,0.0122,-1.4740,1.3238,-0.0312,-0.3171,0.3187,-0.0369,-0.0154,1.2464
32.4299,-0.2298,1.2488,-0.0141,-0.2682,0.2686,-0.0403,0.0122,-1.4741,1.3213,-0.0304,-0.3174,0.3188,-0.0369,-0.0134,1.2464
32.4397,-0.2298,1.2467,-0.0135,-0.2681,0.2684,-0.0403,0.0128,-1.4741,1.3188,-0.0298,-0.3178,0.3192,-0.0371,-0.0139,1.2464
32.4402,-0.2298,1.2445,-0.0131,-0.2678,0.2681,-0.0404,0.0133,-1.4741,1.3160,-0.0290,-0.3176,0.3189,-0.0376,-0.0140,1.2464
32.4599,-0.2298,1.2422,-0.0128,-0.2679,0.2682,-0.0404,0.0140,-1.4741,1.3133,-0.0281,-0.3183,0.3196,-0.0379,-0.0175,1.2463
32.4602,-0.2298,1.2400,-0.0123,-0.2678,0.2680,-0.0404,0.0139,-1.4741,1.3105,-0.0272,-0.3183,0.3195,-0.0383,-0.0249,1.2463
32.4798,-0.2299,1.2377,-0.0120,-0.2676,0.2679,-0.0403,0.0140,-1.4741,1.3075,-0.0260,-0.3187,0.3198,-0.0391,-0.0272,1.2462
32.4802,-0.2299,1.2358,-0.0120,-0.2676,0.2679,-0.0403,0.0140,-1.4741,1.3050,-0.0260,-0.3187,0.3198,-0.0395,-0.0272,1.2461
32.4897,-0.2299,1.2334,-0.0114,-0.2669,0.2672,-0.0398,0.0126,-1.4741,1.3018,-0.0238,-0.3190,0.3199,-0.0408,-0.0293,1.2461
32.4900,-0.2299,1.2316,-0.0114,-0.2669,0.2672,-0.0395,0.0126,-1.4741,1.2993,-0.0238,-0.3190,0.3199,-0.0414,-0.0293,1.2461
32.5097,-0.2299,1.2295,-0.0109,-0.2661,0.2664,-0.0393,0.0114,-1.4742,1.2965,-0.0216,-0.3191,0.3198,-0.0415,-0.0306,1.2461
32.5100,-0.2299,1.2271,-0.0105,-0.2654,0.2657,-0.0392,0.0097,-1.4743,1.2935,-0.0207,-0.3188,0.3195,-0.0414,-0.0365,1.2462
32.5296,-0.2299,1.2252,-0.0103,-0.2663,0.2665,-0.0389,0.0094,-1.4744,1.2908,-0.0203,-0.3199,0.3205,-0.0415,-0.0319,1.2462
32.5301,-0.2299,1.2229,-0.0103,-0.2663,0.2665,-0.0387,0.0094,-1.4745,1.2877,-0.0196,-0.3192,0.3198,-0.0414,-0.0331,1.2463
32.5393,-0.2299,1.2187,-0.0096,-0.2656,0.2657,-0.0384,0.0102,-1.4746,1.2848,-0.0192,-0.3203,0.3208,-0.0414,-0.0302,1.2465
32.5394,-0.2299,1.2187,-0.0096,-0.2656,0.2657,-0.0384,0.0102,-1.4746,1.2822,-0.0192,-0.3203,0.3208,-0.0414,-0.0302,1.2464
32.5597,-0.2299,1.2168,-0.0089,-0.2651,0.2653,-0.0384,0.0105,-1.4746,1.2797,-0.0183,-0.3208,0.3214,-0.0412,-0.0268,1.2463
32.5697,-0.2298,1.2126,-0.0081,-0.2650,0.2651,-0.0382,0.0117,-1.4746,1.2766,-0.0178,-0.3213,0.3218,-0.0412,-0.0267,1.2464
32.5700,-0.2298,1.2126,-0.0081,-0.2650,0.2651,-0.0382,0.0117,-1.4745,1.2744,-0.0168,-0.3211,0.3216,-0.0412,-0.0312,1.2463
32.5794,-0.2298,1.2104,-0.0077,-0.2641,0.2642,-0.0381,0.0121,-1.4745,1.2714,-0.0159,-0.3203,0.3207,-0.0414,-0.0333,1.2462
32.5798,-0.2298,1.2083,-0.0077,-0.2641,0.2642,-0.0380,0.0121,-1.4745,1.2687,-0.0149,-0.3201,0.3205,-0.0418,-0.0377,1.2462
32.5995,-0.2297,1.2063,-0.0068,-0.2641,0.2642,-0.0378,0.0136,-1.4744,1.2660,-0.0143,-0.3211,0.3214,-0.0425,-0.0372,1.2461
32.6000,-0.2297,1.2043,-0.0068,-0.2641,0.2642,-0.0376,0.0136,-1.4743,1.2633,-0.0143,-0.3211,0.3214,-0.0433,-0.0372,1.2460
32.6095,-0.2297,1.2024,-0.0062,-0.2629,0.2630,-0.0374,0.0154,-1.4743,1.2606,-0.0128,-0.3216,0.3219,-0.0442,-0.0359,1.2459
32.6099,-0.2297,1.2000,-0.0062,-0.2629,0.2630,-0.0367,0.0154,-1.4741,1.2573,-0.0128,-0.3216,0.3219,-0.0451,-0.0359,1.2457
32.6296,-0.2297,1.1981,-0.0057,-0.2626,0.2626,-0.0362,0.0159,-1.4740,1.2546,-0.0117,-0.3240,0.3243,-0.0455,-0.0175,1.2456
32.6299,-0.2297,1.1961,-0.0057,-0.2626,0.2626,-0.0358,0.0159,-1.4739,1.2519,-0.0112,-0.3243,0.3245,-0.0458,-0.0095,1.2455
32.6496,-0.2297,1.1942,-0.0051,-0.2616,0.2617,-0.0356,0.0150,-1.4738,1.2494,-0.0106,-0.3248,0.3250,-0.0459,-0.0050,1.2454
32.6499,-0.2296,1.1920,-0.0051,-0.2616,0.2617,-0.0350,0.0150,-1.4736,1.2465,-0.0106,-0.3248,0.3250,-0.0458,-0.0050,1.2452
32.6695,-0.2296,1.1902,-0.0043,-0.2600,0.2601,-0.0347,0.0159,-1.4735,1.2441,-0.0092,-0.3245,0.3246,-0.0461,-0.0041,1.2450
32.6698,-0.2296,1.1881,-0.0040,-0.2594,0.2594,-0.0344,0.0167,-1.4732,1.2413,-0.0084,-0.3240,0.3242,-0.0471,-0.0049,1.2448
32.6795,-0.2295,1.1863,-0.0036,-0.2589,0.2589,-0.0341,0.0172,-1.4730,1.2388,-0.0072,-0.3241,0.3241,-0.0479,-0.0067,1.2446
32.6798,-0.2294,1.1844,-0.0036,-0.2589,0.2589,-0.0337,0.0172,-1.4726,1.2361,-0.0072,-0.3241,0.3241,-0.0488,-0.0067,1.2444
32.6996,-0.2292,1.1822,-0.0029,-0.2582,0.2582,-0.0333,0.0187,-1.4723,1.2332,-0.0055,-0.3247,0.3247,-0.0495,-0.0122,1.2442
32.6999,-0.2290,1.1803,-0.0022,-0.2576,0.2576,-0.0328,0.0183,-1.4720,1.2306,-0.0043,-0.3247,0.3248,-0.0508,-0.0137,1.2440
32.7197,-0.2288,1.1781,-0.0017,-0.2568,0.2568,-0.0317,0.0174,-1.4717,1.2278,-0.0033,-0.3246,0.3246,-0.0514,-0.0143,1.2439
32.7201,-0.2286,1.1763,-0.0017,-0.2568,0.2568,-0.0313,0.0174,-1.4717,1.2253,-0.0025,-0.3254,0.3254,-0.0521,-0.0136,1.2440
32.7293,-0.2284,1.1741,-0.0004,-0.2561,0.2561,-0.0308,0.0155,-1.4717,1.2223,-0.0019,-0.3254,0.3254,-0.0530,-0.0128,1.2443
32.7296,-0.2282,1.1724,-0.0004,-0.2561,0.2561,-0.0306,0.0155,-1.4717,1.2200,-0.0019,-0.3254,0.3254,-0.0533,-0.0128,1.2444
32.7493,-0.2280,1.1702,0.0009,-0.2548,0.2548,-0.0301,0.0118,-1.4717,1.2169,-0.0009,-0.3257,0.3257,-0.0536,-0.0116,1.2446
32.7495,-0.2278,1.1682,0.0009,-0.2548,0.2548,-0.0299,0.0118,-1.4717,1.2142,-0.0009,-0.3257,0.3257,-0.0543,-0.0116,1.2448
32.7596,-0.2276,1.1664,0.0020,-0.2543,0.2543,-0.0297,0.0106,-1.4716,1.2118,0.0000,-0.3268,0.3268,-0.0546,-0.0047,1.2448
32.7599,-0.2274,1.1642,0.0020,-0.2543,0.2543,-0.0292,0.0106,-1.4715,1.2089,0.0000,-0.3268,0.3268,-0.0551,-0.0047,1.2449
32.7796,-0.2272,1.1623,0.0030,-0.2529,0.2529,-0.0289,0.0106,-1.4714,1.2062,0.0010,-0.3264,0.3264,-0.0554,0.0024,1.2450
32.7798,-0.2269,1.1602,0.0030,-0.2529,0.2529,-0.0287,0.0106,-1.4712,1.2036,0.0010,-0.3264,0.3264,-0.0560,0.0024,1.2451
32.7996,-0.2266,1.1584,0.0044,-0.2522,0.2522,-0.0285,0.0115,-1.4710,1.2010,0.0021,-0.3263,0.3263,-0.0569,0.0063,1.2452
32.7998,-0.2261,1.1562,0.0044,-0.2522,0.2522,-0.0283,0.0115,-1.4707,1.1982,0.0021,-0.3263,0.3263,-0.0582,0.0063,1.2453
32.8095,-0.2257,1.1544,0.0061,-0.2515,0.2515,-0.0280,0.0140,-1.4705,1.1958,0.0038,-0.3262,0.3262,-0.0601,0.0079,1.2455
32.8199,-0.2253,1.1523,0.0070,-0.2509,0.2510,-0.0275,0.0151,-1.4703,1.1929,0.0045,-0.3260,0.3261,-0.0619,0.0057,1.2457
32.8202,-0.2250,1.1506,0.0080,-0.2499,0.2500,-0.0273,0.0152,-1.4702,1.1905,0.0045,-0.3260,0.3261,-0.0634,0.0057,1.2459
32.8392,-0.2246,1.1486,0.0087,-0.2503,0.2505,-0.0271,0.0149,-1.4700,1.1879,0.0056,-0.3266,0.3267,-0.0648,0.0075,1.2461
32.8394,-0.2243,1.1469,0.0096,-0.2490,0.2492,-0.0268,0.0147,-1.4699,1.1855,0.0056,-0.3266,0.3267,-0.0655,0.0075,1.2462
32.8597,-0.2239,1.1447,0.0103,-0.2482,0.2484,-0.0268,0.0147,-1.4696,1.1825,0.0065,-0.3261,0.3262,-0.0662,0.0100,1.2463
32.8600,-0.2235,1.1429,0.0103,-0.2482,0.2484,-0.0268,0.0147,-1.4692,1.1801,0.0065,-0.3261,0.3262,-0.0668,0.0100,1.2463
32.8696,-0.2232,1.1410,0.0122,-0.2471,0.2474,-0.0268,0.0135,-1.4688,1.1776,0.0082,-0.3261,0.3262,-0.0671,0.0162,1.2461
32.8700,-0.2227,1.1387,0.0122,-0.2471,0.2474,-0.0268,0.0135,-1.4682,1.1748,0.0082,-0.3261,0.3262,-0.0683,0.0162,1.2460
32.8897,-0.2223,1.1369,0.0139,-0.2463,0.2467,-0.0267,0.0133,-1.4678,1.1725,0.0104,-0.3261,0.3263,-0.0692,0.0217,1.2459
32.8996,-0.2218,1.1347,0.0146,-0.2455,0.2460,-0.0266,0.0135,-1.4672,1.1697,0.0113,-0.3250,0.3252,-0.0705,0.0207,1.2459
32.9000,-0.2215,1.1329,0.0157,-0.2451,0.2456,-0.0265,0.0136,-1.4668,1.1675,0.0113,-0.3250,0.3252,-0.0712,0.0207,1.2458
32.9198,-0.2210,1.1310,0.0165,-0.2446,0.2451,-0.0263,0.0139,-1.4663,1.1651,0.0138,-0.3235,0.3238,-0.0720,0.0200,1.2458
32.9202,-0.2204,1.1290,0.0165,-0.2446,0.2451,-0.0262,0.0139,-1.4658,1.1626,0.0151,-0.3225,0.3229,-0.0728,0.0188,1.2459
32.9293,-0.2199,1.1272,0.0187,-0.2436,0.2443,-0.0262,0.0125,-1.4653,1.1602,0.0163,-0.3224,0.3228,-0.0737,0.0157,1.2459
32.9295,-0.2193,1.1252,0.0187,-0.2436,0.2443,-0.0263,0.0125,-1.4648,1.1575,0.0163,-0.3224,0.3228,-0.0751,0.0157,1.2459
32.9498,-0.2187,1.1233,0.0210,-0.2430,0.2439,-0.0264,0.0116,-1.4643,1.1548,0.0186,-0.3227,0.3232,-0.0771,0.0104,1.2459
32.9501,-0.2182,1.1212,0.0210,-0.2430,0.2439,-0.0267,0.0116,-1.4639,1.1521,0.0186,-0.3227,0.3232,-0.0796,0.0104,1.2461
32.9596,-0.2177,1.1194,0.0232,-0.2419,0.2430,-0.0274,0.0100,-1.4636,1.1495,0.0204,-0.3225,0.3231,-0.0814,0.0237,1.2462
32.9600,-0.2172,1.1176,0.0232,-0.2419,0.2430,-0.0279,0.0100,-1.4633,1.1469,0.0204,-0.3225,0.3231,-0.0827,0.0237,1.2464
32.9795,-0.2166,1.1154,0.0253,-0.2403,0.2416,-0.0286,0.0099,-1.4628,1.1441,0.0216,-0.3211,0.3218,-0.0835,0.0301,1.2466
32.9797,-0.2160,1.1135,0.0253,-0.2403,0.2416,-0.0289,0.0099,-1.4623,1.1415,0.0216,-0.3211,0.3218,-0.0839,0.0301,1.2466
32.9997,-0.2155,1.1115,0.0278,-0.2399,0.2415,-0.0291,0.0106,-1.4617,1.1390,0.0236,-0.3206,0.3215,-0.0845,0.0332,1.2465
33.0002,-0.2149,1.1095,0.0289,-0.2401,0.2418,-0.0292,0.0118,-1.4611,1.1364,0.0249,-0.3207,0.3216,-0.0860,0.0332,1.2465
33.0095,-0.2144,1.1075,0.0300,-0.2401,0.2420,-0.0293,0.0158,-1.4606,1.1337,0.0262,-0.3204,0.3214,-0.0883,0.0376,1.2465
33.0100,-0.2139,1.1056,0.0300,-0.2401,0.2420,-0.0294,0.0158,-1.4603,1.1313,0.0274,-0.3195,0.3207,-0.0910,0.0387,1.2466
33.0296,-0.2131,1.1034,0.0320,-0.2393,0.2414,-0.0293,0.0234,-1.4598,1.1284,0.0283,-0.3191,0.3203,-0.0945,0.0405,1.2470
33.0298,-0.2123,1.1016,0.0336,-0.2390,0.2414,-0.0294,0.0271,-1.4595,1.1261,0.0294,-0.3186,0.3199,-0.0958,0.0415,1.2474
33.0498,-0.2114,1.0996,0.0351,-0.2381,0.2407,-0.0297,0.0260,-1.4590,1.1233,0.0302,-0.3174,0.3188,-0.0972,0.0389,1.2479
33.0502,-0.2107,1.0980,0.0369,-0.2381,0.2410,-0.0298,0.0244,-1.4587,1.1210,0.0312,-0.3178,0.3193,-0.0976,0.0369,1.2482
33.0597,-0.2097,1.0960,0.0383,-0.2376,0.2407,-0.0304,0.0233,-1.4580,1.1181,0.0319,-0.3173,0.3189,-0.0983,0.0363,1.2485
33.0600,-0.2090,1.0944,0.0402,-0.2366,0.2400,-0.0311,0.0200,-1.4575,1.1158,0.0331,-0.3170,0.3187,-0.0994,0.0408,1.2486
33.0799,-0.2082,1.0924,0.0415,-0.2364,0.2400,-0.0317,0.0174,-1.4567,1.1129,0.0341,-0.3172,0.3190,-0.1008,0.0428,1.2487
33.0804,-0.2077,1.0910,0.0415,-0.2364,0.2400,-0.0320,0.0174,-1.4562,1.1108,0.0357,-0.3171,0.3191,-0.1020,0.0466,1.2487
33.0999,-0.2071,1.0891,0.0442,-0.2347,0.2388,-0.0322,0.0134,-1.4557,1.1081,0.0365,-0.3158,0.3179,-0.1039,0.0449,1.2488
33.1003,-0.2063,1.0868,0.0442,-0.2347,0.2388,-0.0325,0.0134,-1.4550,1.1052,0.0365,-0.3158,0.3179,-0.1067,0.0449,1.2489
33.1097,-0.2056,1.0850,0.0469,-0.2350,0.2396,-0.0328,0.0110,-1.4544,1.1027,0.0387,-0.3161,0.3184,-0.1094,0.0431,1.2489
33.1100,-0.2050,1.0829,0.0482,-0.2348,0.2397,-0.0330,0.0111,-1.4538,1.1000,0.0396,-0.3159,0.3184,-0.1115,0.0431,1.2490
33.1297,-0.2044,1.0811,0.0495,-0.2342,0.2394,-0.0331,0.0136,-1.4532,1.0975,0.0406,-0.3146,0.3172,-0.1128,0.0413,1.2489
33.1398,-0.2035,1.0789,0.0506,-0.2339,0.2394,-0.0332,0.0187,-1.4523,1.0945,0.0417,-0.3142,0.3169,-0.1136,0.0405,1.2489
33.1404,-0.2029,1.0773,0.0506,-0.2339,0.2394,-0.0331,0.0187,-1.4517,1.0924,0.0417,-0.3142,0.3169,-0.1136,0.0405,1.2489
33.1495,-0.2020,1.0754,0.0536,-0.2337,0.2398,-0.0331,0.0342,-1.4509,1.0899,0.0442,-0.3139,0.3170,-0.1138,0.0410,1.2489
33.1498,-0.2012,1.0734,0.0536,-0.2337,0.2398,-0.0332,0.0342,-1.4501,1.0874,0.0442,-0.3139,0.3170,-0.1141,0.0410,1.2490
33.1697,-0.2001,1.0711,0.0568,-0.2336,0.2404,-0.0334,0.0364,-1.4492,1.0846,0.0467,-0.3134,0.3169,-0.1149,0.0415,1.2492
33.1700,-0.1992,1.0692,0.0588,-0.2340,0.2413,-0.0334,0.0346,-1.4484,1.0820,0.0480,-0.3135,0.3171,-0.1157,0.0414,1.2493
33.1894,-0.1985,1.0678,0.0606,-0.2343,0.2420,-0.0333,0.0327,-1.4480,1.0799,0.0490,-0.3137,0.3175,-0.1162,0.0399,1.2495
33.1897,-0.1974,1.0658,0.0606,-0.2343,0.2420,-0.0334,0.0327,-1.4472,1.0770,0.0490,-0.3137,0.3175,-0.1174,0.0399,1.2499
33.1996,-0.1965,1.0640,0.0636,-0.2328,0.2413,-0.0335,0.0308,-1.4465,1.0746,0.0502,-0.3125,0.3165,-0.1184,0.0381,1.2501
33.1999,-0.1955,1.0622,0.0636,-0.2328,0.2413,-0.0337,0.0308,-1.4457,1.0719,0.0510,-0.3122,0.3163,-0.1197,0.0405,1.2502
33.2197,-0.1947,1.0604,0.0666,-0.2319,0.2413,-0.0337,0.0310,-1.4448,1.0695,0.0522,-0.3117,0.3160,-0.1209,0.0440,1.2502
33.2297,-0.1936,1.0581,0.0679,-0.2318,0.2416,-0.0338,0.0312,-1.4436,1.0667,0.0537,-0.3115,0.3161,-0.1217,0.0442,1.2500
33.2301,-0.1929,1.0564,0.0679,-0.2318,0.2416,-0.0338,0.0312,-1.4425,1.0645,0.0537,-0.3115,0.3161,-0.1219,0.0442,1.2497
33.2495,-0.1923,1.0548,0.0707,-0.2321,0.2427,-0.0337,0.0319,-1.4416,1.0624,0.0584,-0.3110,0.3165,-0.1223,0.0444,1.2494
33.2498,-0.1914,1.0529,0.0707,-0.2321,0.2427,-0.0337,0.0319,-1.4405,1.0600,0.0602,-0.3090,0.3148,-0.1227,0.0413,1.2491
33.2597,-0.1904,1.0507,0.0727,-0.2307,0.2419,-0.0336,0.0327,-1.4394,1.0573,0.0624,-0.3084,0.3147,-0.1238,0.0402,1.2490
33.2599,-0.1894,1.0489,0.0727,-0.2307,0.2419,-0.0333,0.0327,-1.4386,1.0550,0.0624,-0.3084,0.3147,-0.1253,0.0402,1.2491
33.2797,-0.1884,1.0470,0.0759,-0.2305,0.2427,-0.0331,0.0336,-1.4379,1.0524,0.0659,-0.3078,0.3147,-0.1273,0.0365,1.2495
33.2800,-0.1873,1.0451,0.0759,-0.2305,0.2427,-0.0328,0.0336,-1.4373,1.0500,0.0671,-0.3076,0.3149,-0.1305,0.0350,1.2499
33.2893,-0.1864,1.0434,0.0791,-0.2303,0.2435,-0.0324,0.0332,-1.4369,1.0477,0.0679,-0.3073,0.3147,-0.1331,0.0332,1.2505
33.2896,-0.1853,1.0413,0.0791,-0.2303,0.2435,-0.0322,0.0332,-1.4365,1.0453,0.0683,-0.3066,0.3141,-0.1350,0.0320,1.2512
33.3096,-0.1844,1.0396,0.0817,-0.2297,0.2438,-0.0321,0.0331,-1.4361,1.0431,0.0685,-0.3057,0.3133,-0.1368,0.0341,1.2517
33.3099,-0.1834,1.0377,0.0817,-0.2297,0.2438,-0.0317,0.0331,-1.4356,1.0408,0.0689,-0.3054,0.3130,-0.1392,0.0350,1.2522
33.3297,-0.1825,1.0357,0.0837,-0.2293,0.2441,-0.0307,0.0352,-1.4349,1.0385,0.0694,-0.3041,0.3119,-0.1409,0.0329,1.2524
33.3300,-0.1817,1.0340,0.0850,-0.2297,0.2450,-0.0298,0.0361,-1.4342,1.0364,0.0706,-0.3042,0.3122,-0.1424,0.0344,1.2525
33.3393,-0.1809,1.0322,0.0858,-0.2293,0.2448,-0.0287,0.0375,-1.4332,1.0343,0.0718,-0.3030,0.3113,-0.1434,0.0347,1.2523
33.3396,-0.1798,1.0303,0.0858,-0.2293,0.2448,-0.0279,0.0375,-1.4320,1.0320,0.0718,-0.3030,0.3113,-0.1448,0.0347,1.2523
33.3593,-0.1786,1.0284,0.0882,-0.2288,0.2452,-0.0270,0.0389,-1.4308,1.0295,0.0751,-0.3011,0.3103,-0.1464,0.0369,1.2523
33.3595,-0.1776,1.0267,0.0882,-0.2288,0.2452,-0.0263,0.0389,-1.4299,1.0274,0.0751,-0.3011,0.3103,-0.1481,0.0369,1.2523
33.3793,-0.1764,1.0248,0.0912,-0.2285,0.2461,-0.0260,0.0404,-1.4290,1.0250,0.0777,-0.3003,0.3102,-0.1501,0.0390,1.2526
33.3796,-0.1755,1.0233,0.0912,-0.2285,0.2461,-0.0253,0.0404,-1.4285,1.0231,0.0777,-0.3003,0.3102,-0.1516,0.0390,1.2530
33.3897,-0.1743,1.0212,0.0937,-0.2273,0.2459,-0.0245,0.0396,-1.4277,1.0205,0.0786,-0.2989,0.3091,-0.1533,0.0387,1.2534
33.3900,-0.1732,1.0194,0.0952,-0.2272,0.2463,-0.0236,0.0396,-1.4271,1.0183,0.0786,-0.2989,0.3091,-0.1546,0.0387,1.2539
33.4097,-0.1718,1.0174,0.0964,-0.2269,0.2466,-0.0226,0.0394,-1.4263,1.0158,0.0794,-0.2983,0.3087,-0.1562,0.0395,1.2545
33.4101,-0.1705,1.0155,0.0983,-0.2273,0.2476,-0.0218,0.0409,-1.4256,1.0134,0.0800,-0.2986,0.3092,-0.1570,0.0387,1.2551
33.4299,-0.1680,1.0117,0.1007,-0.2266,0.2480,-0.0192,0.0439,-1.4250,1.0114,0.0805,-0.2984,0.3091,-0.1573,0.0398,1.2570
33.4302,-0.1680,1.0117,0.1007,-0.2266,0.2480,-0.0192,0.0439,-1.4239,1.0087,0.0805,-0.2984,0.3091,-0.1578,0.0398,1.2559
33.4396,-0.1667,1.0099,0.1024,-0.2269,0.2490,-0.0179,0.0454,-1.4229,1.0063,0.0817,-0.2977,0.3087,-0.1581,0.0455,1.2563
33.4400,-0.1653,1.0080,0.1024,-0.2269,0.2490,-0.0155,0.0454,-1.4217,1.0038,0.0817,-0.2977,0.3087,-0.1586,0.0455,1.2565
33.4598,-0.1641,1.0063,0.1059,-0.2264,0.2500,-0.0141,0.0523,-1.4207,1.0016,0.0844,-0.2965,0.3083,-0.1587,0.0510,1.2566
33.4602,-0.1629,1.0043,0.1059,-0.2264,0.2500,-0.0132,0.0523,-1.4196,0.9990,0.0858,-0.2958,0.3080,-0.1586,0.0518,1.2567
33.4799,-0.1620,1.0028,0.1086,-0.2264,0.2512,-0.0125,0.0513,-1.4187,0.9968,0.0873,-0.2958,0.3085,-0.1584,0.0517,1.2566
33.4803,-0.1609,1.0008,0.1086,-0.2264,0.2512,-0.0117,0.0513,-1.4176,0.9943,0.0883,-0.2946,0.3076,-0.1583,0.0517,1.2566
33.4806,-0.1601,0.9993,0.1091,-0.2252,0.2502,-0.0114,0.0507,-1.4167,0.9921,0.0895,-0.2945,0.3078,-0.1582,0.0520,1.2566
33.4997,-0.1591,0.9974,0.1108,-0.2246,0.2504,-0.0105,0.0487,-1.4158,0.9897,0.0900,-0.2939,0.3073,-0.1581,0.0513,1.2567
33.5001,-0.1578,0.9953,0.1116,-0.2241,0.2503,-0.0098,0.0447,-1.4148,0.9870,0.0900,-0.2939,0.3073,-0.1579,0.0513,1.2570
33.5196,-0.1568,0.9935,0.1131,-0.2244,0.2513,-0.0089,0.0392,-1.4140,0.9847,0.0917,-0.2935,0.3075,-0.1573,0.0462,1.2572
33.5198,-0.1557,0.9916,0.1131,-0.2244,0.2513,-0.0083,0.0392,-1.4132,0.9824,0.0917,-0.2935,0.3075,-0.1556,0.0462,1.2575
33.5298,-0.1547,0.9899,0.1148,-0.2236,0.2513,-0.0077,0.0373,-1.4124,0.9801,0.0934,-0.2921,0.3066,-0.1538,0.0390,1.2578
33.5301,-0.1535,0.9877,0.1148,-0.2236,0.2513,-0.0062,0.0373,-1.4113,0.9773,0.0934,-0.2921,0.3066,-0.1508,0.0390,1.2579
33.5495,-0.1526,0.9860,0.1158,-0.2238,0.2520,-0.0054,0.0419,-1.4103,0.9749,0.0954,-0.2919,0.3071,-0.1485,0.0420,1.2578
33.5596,-0.1515,0.9838,0.1162,-0.2241,0.2524,-0.0042,0.0425,-1.4090,0.9721,0.0967,-0.2923,0.3078,-0.1462,0.0474,1.2575
33.5602,-0.1509,0.9823,0.1162,-0.2241,0.2524,-0.0038,0.0425,-1.4080,0.9700,0.0967,-0.2923,0.3078,-0.1445,0.0474,1.2572
33.5697,-0.1502,0.9806,0.1163,-0.2243,0.2527,-0.0032,0.0480,-1.4070,0.9677,0.0989,-0.2916,0.3079,-0.1430,0.0503,1.2568
33.5701,-0.1493,0.9785,0.1160,-0.2235,0.2518,-0.0017,0.0500,-1.4056,0.9650,0.0989,-0.2916,0.3079,-0.1416,0.0503,1.2564
33.5896,-0.1484,0.9767,0.1167,-0.2250,0.2534,0.0003,0.0531,-1.4045,0.9625,0.1012,-0.2915,0.3086,-0.1402,0.0524,1.2561
33.5899,-0.1475,0.9749,0.1167,-0.2250,0.2534,0.0014,0.0531,-1.4034,0.9601,0.1024,-0.2913,0.3087,-0.1387,0.0537,1.2560
33.6096,-0.1466,0.9734,0.1177,-0.2239,0.2529,0.0024,0.0552,-1.4025,0.9579,0.1032,-0.2903,0.3082,-0.1369,0.0527,1.2560
33.6198,-0.1453,0.9715,0.1181,-0.2232,0.2525,0.0036,0.0550,-1.4010,0.9552,0.1040,-0.2896,0.3077,-0.1342,0.0493,1.2559
33.6203,-0.1443,0.9701,0.1193,-0.2228,0.2527,0.0044,0.0520,-1.3999,0.9532,0.1040,-0.2896,0.3077,-0.1325,0.0493,1.2557
33.6293,-0.1429,0.9681,0.1201,-0.2220,0.2524,0.0060,0.0469,-1.3983,0.9503,0.1066,-0.2888,0.3078,-0.1300,0.0372,1.2556
33.6295,-0.1420,0.9667,0.1201,-0.2220,0.2524,0.0068,0.0469,-1.3973,0.9483,0.1066,-0.2888,0.3078,-0.1284,0.0372,1.2555
33.6496,-0.1406,0.9649,0.1219,-0.2212,0.2525,0.0077,0.0299,-1.3959,0.9456,0.1089,-0.2882,0.3081,-0.1262,0.0295,1.2554
33.6499,-0.1397,0.9634,0.1228,-0.2210,0.2528,0.0083,0.0225,-1.3947,0.9434,0.1100,-0.2886,0.3089,-0.1246,0.0296,1.2552
33.6696,-0.1388,0.9617,0.1231,-0.2200,0.2521,0.0089,0.0208,-1.3935,0.9412,0.1108,-0.2879,0.3085,-0.1224,0.0275,1.2549
33.6699,-0.1378,0.9598,0.1231,-0.2200,0.2521,0.0095,0.0208,-1.3920,0.9388,0.1108,-0.2879,0.3085,-0.1199,0.0275,1.2544
33.6796,-0.1370,0.9580,0.1227,-0.2188,0.2508,0.0098,0.0231,-1.3907,0.9367,0.1128,-0.2863,0.3078,-0.1178,0.0146,1.2539
33.6798,-0.1361,0.9561,0.1227,-0.2188,0.2508,0.0105,0.0231,-1.3892,0.9344,0.1128,-0.2863,0.3078,-0.1149,0.0146,1.2533
33.6995,-0.1352,0.9544,0.1226,-0.2194,0.2513,0.0113,0.0315,-1.3879,0.9323,0.1160,-0.2851,0.3078,-0.1120,-0.0021,1.2528
33.7098,-0.1340,0.9525,0.1224,-0.2192,0.2510,0.0127,0.0333,-1.3864,0.9297,0.1172,-0.2846,0.3078,-0.1098,-0.0103,1.2525
33.7101,-0.1331,0.9511,0.1229,-0.2194,0.2515,0.0137,0.0336,-1.3853,0.9278,0.1186,-0.2844,0.3081,-0.1080,-0.0192,1.2524
33.7199,-0.1317,0.9492,0.1231,-0.2186,0.2509,0.0143,0.0341,-1.3838,0.9251,0.1190,-0.2834,0.3074,-0.1042,-0.0205,1.2523
33.7203,-0.1307,0.9478,0.1238,-0.2178,0.2505,0.0152,0.0352,-1.3827,0.9230,0.1196,-0.2832,0.3074,-0.1011,-0.0226,1.2522
33.7401,-0.1295,0.9461,0.1244,-0.2172,0.2503,0.0162,0.0374,-1.3814,0.9206,0.1197,-0.2830,0.3072,-0.0975,-0.0250,1.2521
33.7405,-0.1283,0.9442,0.1244,-0.2172,0.2503,0.0170,0.0374,-1.3799,0.9181,0.1204,-0.2837,0.3082,-0.0944,-0.0259,1.2519
33.7596,-0.1270,0.9423,0.1264,-0.2172,0.2513,0.0185,0.0394,-1.3781,0.9154,0.1212,-0.2837,0.3085,-0.0912,-0.0243,1.2513
33.7599,-0.1260,0.9408,0.1264,-0.2172,0.2513,0.0197,0.0394,-1.3766,0.9131,0.1212,-0.2837,0.3085,-0.0884,-0.0243,1.2509
33.7696,-0.1251,0.9393,0.1269,-0.2164,0.2508,0.0212,0.0432,-1.3751,0.9111,0.1240,-0.2837,0.3096,-0.0858,-0.0195,1.2503
33.7796,-0.1236,0.9372,0.1266,-0.2154,0.2499,0.0238,0.0439,-1.3729,0.9083,0.1255,-0.2826,0.3093,-0.0812,-0.0193,1.2496
33.7799,-0.1226,0.9357,0.1274,-0.2158,0.2506,0.0252,0.0454,-1.3713,0.9062,0.1287,-0.2835,0.3113,-0.0785,-0.0190,1.2490
33.7998,-0.1211,0.9338,0.1276,-0.2154,0.2503,0.0273,0.0454,-1.3693,0.9036,0.1311,-0.2832,0.3121,-0.0754,-0.0196,1.2485
33.8001,-0.1198,0.9322,0.1276,-0.2154,0.2503,0.0285,0.0454,-1.3677,0.9013,0.1344,-0.2834,0.3137,-0.0726,-0.0274,1.2483
33.8197,-0.1186,0.9308,0.1291,-0.2146,0.2505,0.0292,0.0424,-1.3664,0.8993,0.1367,-0.2835,0.3148,-0.0707,-0.0296,1.2481
33.8199,-0.1175,0.9295,0.1291,-0.2146,0.2505,0.0299,0.0424,-1.3650,0.8972,0.1367,-0.2835,0.3148,-0.0685,-0.0296,1.2479
33.8297,-0.1146,0.9259,0.1312,-0.2125,0.2497,0.0316,0.0415,-1.3634,0.8948,0.1399,-0.2825,0.3152,-0.0656,-0.0328,1.2492
33.8299,-0.1146,0.9259,0.1312,-0.2125,0.2497,0.0316,0.0415,-1.3616,0.8923,0.1399,-0.2825,0.3152,-0.0616,-0.0328,1.2475
33.8494,-0.1134,0.9244,0.1325,-0.2126,0.2505,0.0321,0.0402,-1.3601,0.8900,0.1431,-0.2840,0.3180,-0.0577,-0.0324,1.2472
33.8497,-0.1120,0.9227,0.1325,-0.2126,0.2505,0.0327,0.0402,-1.3581,0.8875,0.1440,-0.2840,0.3184,-0.0540,-0.0316,1.2466
33.8594,-0.1108,0.9212,0.1332,-0.2114,0.2498,0.0331,0.0401,-1.3565,0.8855,0.1454,-0.2841,0.3191,-0.0506,-0.0300,1.2462
33.8598,-0.1094,0.9194,0.1332,-0.2114,0.2498,0.0342,0.0401,-1.3544,0.8828,0.1469,-0.2840,0.3197,-0.0457,-0.0296,1.2455
33.8797,-0.1081,0.9178,0.1339,-0.2108,0.2498,0.0347,0.0419,-1.3526,0.8807,0.1492,-0.2843,0.3211,-0.0424,-0.0269,1.2451
33.8896,-0.1065,0.9163,0.1349,-0.2109,0.2503,0.0354,0.0428,-1.3507,0.8784,0.1517,-0.2848,0.3227,-0.0396,-0.0268,1.2448
33.8899,-0.1050,0.9149,0.1349,-0.2109,0.2503,0.0362,0.0428,-1.3490,0.8763,0.1517,-0.2848,0.3227,-0.0369,-0.0268,1.2446
33.9095,-0.1038,0.9137,0.1364,-0.2091,0.2497,0.0365,0.0429,-1.3475,0.8745,0.1562,-0.2840,0.3241,-0.0340,-0.0261,1.2443
33.9098,-0.1019,0.9119,0.1364,-0.2091,0.2497,0.0367,0.0429,-1.3452,0.8720,0.1562,-0.2840,0.3241,-0.0294,-0.0261,1.2439
33.9196,-0.1006,0.9107,0.1372,-0.2071,0.2484,0.0373,0.0392,-1.3433,0.8700,0.1609,-0.2829,0.3254,-0.0268,-0.0232,1.2434
33.9201,-0.0989,0.9092,0.1372,-0.2071,0.2484,0.0374,0.0392,-1.3411,0.8677,0.1609,-0.2829,0.3254,-0.0229,-0.0232,1.2428
33.9396,-0.0973,0.9076,0.1382,-0.2051,0.2474,0.0375,0.0299,-1.3389,0.8655,0.1657,-0.2818,0.3269,-0.0201,-0.0229,1.2424
33.9399,-0.0958,0.9061,0.1382,-0.2051,0.2474,0.0378,0.0299,-1.3368,0.8632,0.1680,-0.2818,0.3281,-0.0173,-0.0248,1.2418
33.9495,-0.0947,0.9049,0.1389,-0.2039,0.2467,0.0380,0.0170,-1.3353,0.8614,0.1698,-0.2813,0.3286,-0.0151,-0.0224,1.2413
33.9498,-0.0931,0.9031,0.1388,-0.2028,0.2458,0.0383,0.0128,-1.3330,0.8590,0.1709,-0.2803,0.3283,-0.0109,-0.0215,1.2407
33.9699,-0.0917,0.9018,0.1397,-0.2024,0.2459,0.0386,0.0073,-1.3309,0.8571,0.1733,-0.2799,0.3292,-0.0080,-0.0200,1.2400
33.9702,-0.0900,0.9001,0.1406,-0.2021,0.2462,0.0388,0.0039,-1.3286,0.8548,0.1755,-0.2794,0.3299,-0.0041,-0.0196,1.2393
33.9898,-0.0885,0.8986,0.1418,-0.2014,0.2463,0.0390,0.0020,-1.3265,0.8529,0.1780,-0.2789,0.3309,-0.0008,-0.0199,1.2388
33.9901,-0.0869,0.8972,0.1432,-0.2012,0.2470,0.0392,0.0034,-1.3243,0.8509,0.1804,-0.2783,0.3317,0.0025,-0.0192,1.2383
33.9999,-0.0851,0.8955,0.1444,-0.2005,0.2471,0.0395,0.0043,-1.3220,0.8486,0.1830,-0.2776,0.3324,0.0067,-0.0197,1.2378
34.0004,-0.0836,0.8941,0.1444,-0.2005,0.2471,0.0398,0.0043,-1.3200,0.8468,0.1855,-0.2767,0.3331,0.0100,-0.0201,1.2373
34.0200,-0.0819,0.8924,0.1464,-0.1989,0.2469,0.0405,0.0046,-1.3175,0.8446,0.1879,-0.2759,0.3338,0.0139,-0.0209,1.2365
34.0204,-0.0806,0.8913,0.1475,-0.1984,0.2472,0.0409,0.0005,-1.3157,0.8429,0.1914,-0.2756,0.3355,0.0162,-0.0211,1.2360
34.0398,-0.0787,0.8895,0.1481,-0.1972,0.2467,0.0414,-0.0003,-1.3133,0.8405,0.1934,-0.2744,0.3357,0.0203,-0.0224,1.2355
34.0402,-0.0774,0.8883,0.1481,-0.1972,0.2467,0.0417,-0.0003,-1.3114,0.8388,0.1962,-0.2737,0.3367,0.0229,-0.0254,1.2350
34.0499,-0.0759,0.8870,0.1504,-0.1953,0.2465,0.0420,-0.0025,-1.3092,0.8368,0.1979,-0.2722,0.3365,0.0263,-0.0307,1.2343
34.0598,-0.0745,0.8858,0.1513,-0.1937,0.2457,0.0421,-0.0031,-1.3072,0.8351,0.1997,-0.2707,0.3364,0.0297,-0.0324,1.2337
34.0603,-0.0727,0.8843,0.1513,-0.1937,0.2457,0.0427,-0.0031,-1.3047,0.8331,0.1997,-0.2707,0.3364,0.0339,-0.0324,1.2330
34.0801,-0.0709,0.8828,0.1550,-0.1926,0.2472,0.0431,-0.0047,-1.3022,0.8311,0.2046,-0.2693,0.3382,0.0371,-0.0327,1.2324
34.0805,-0.0691,0.8814,0.1568,-0.1913,0.2474,0.0434,-0.0061,-1.2997,0.8292,0.2068,-0.2679,0.3384,0.0410,-0.0348,1.2317
34.0999,-0.0674,0.8799,0.1586,-0.1907,0.2480,0.0436,-0.0076,-1.2973,0.8273,0.2095,-0.2667,0.3391,0.0435,-0.0358,1.2310
34.1005,-0.0660,0.8788,0.1601,-0.1899,0.2484,0.0438,-0.0088,-1.2953,0.8257,0.2122,-0.2656,0.3400,0.0468,-0.0363,1.2305
34.1099,-0.0641,0.8773,0.1613,-0.1891,0.2485,0.0439,-0.0096,-1.2928,0.8236,0.2143,-0.2643,0.3403,0.0506,-0.0363,1.2299
34.1102,-0.0625,0.8760,0.1625,-0.1884,0.2488,0.0440,-0.0099,-1.2906,0.8220,0.2166,-0.2632,0.3409,0.0536,-0.0373,1.2293
34.1299,-0.0605,0.8745,0.1637,-0.1881,0.2494,0.0440,-0.0097,-1.2880,0.8200,0.2187,-0.2623,0.3415,0.0569,-0.0358,1.2287
34.1304,-0.0588,0.8732,0.1647,-0.1871,0.2492,0.0441,-0.0091,-1.2858,0.8184,0.2206,-0.2606,0.3415,0.0594,-0.0296,1.2282
34.1399,-0.0572,0.8719,0.1663,-0.1871,0.2503,0.0441,-0.0095,-1.2834,0.8168,0.2229,-0.2599,0.3424,0.0631,-0.0280,1.2275
34.1404,-0.0554,0.8705,0.1668,-0.1860,0.2498,0.0442,-0.0066,-1.2809,0.8150,0.2248,-0.2577,0.3420,0.0663,-0.0296,1.2267
34.1599,-0.0539,0.8693,0.1685,-0.1858,0.2508,0.0445,-0.0060,-1.2786,0.8136,0.2278,-0.2568,0.3432,0.0683,-0.0288,1.2259
34.1603,-0.0520,0.8678,0.1697,-0.1847,0.2508,0.0453,-0.0067,-1.2759,0.8117,0.2298,-0.2552,0.3434,0.0710,-0.0245,1.2252
34.1799,-0.0504,0.8666,0.1716,-0.1839,0.2516,0.0461,-0.0076,-1.2736,0.8102,0.2322,-0.2543,0.3444,0.0728,-0.0187,1.2245
34.1803,-0.0485,0.8653,0.1716,-0.1839,0.2516,0.0470,-0.0076,-1.2712,0.8084,0.2322,-0.2543,0.3444,0.0752,-0.0187,1.2239
34.1997,-0.0468,0.8642,0.1751,-0.1816,0.2522,0.0476,-0.0154,-1.2689,0.8068,0.2361,-0.2520,0.3453,0.0787,-0.0093,1.2234
34.2001,-0.0450,0.8629,0.1751,-0.1816,0.2522,0.0479,-0.0154,-1.2664,0.8050,0.2361,-0.2520,0.3453,0.0816,-0.0093,1.2228
34.2096,-0.0436,0.8618,0.1782,-0.1792,0.2527,0.0480,-0.0197,-1.2642,0.8034,0.2400,-0.2495,0.3462,0.0835,-0.0016,1.2220
34.2102,-0.0436,0.8618,0.1782,-0.1792,0.2527,0.0480,-0.0197,-1.2614,0.8015,0.2422,-0.2486,0.3471,0.0864,0.0006,1.2193
34.2300,-0.0401,0.8590,0.1800,-0.1779,0.2531,0.0483,-0.0227,-1.2588,0.8000,0.2449,-0.2472,0.3479,0.0890,0.0025,1.2201
34.2305,-0.0386,0.8578,0.1800,-0.1779,0.2531,0.0485,-0.0227,-1.2561,0.7985,0.2477,-0.2459,0.3490,0.0920,0.0029,1.2189
34.2494,-0.0366,0.8564,0.1819,-0.1767,0.2536,0.0486,-0.0260,-1.2533,0.7969,0.2507,-0.2442,0.3500,0.0947,0.0030,1.2182
34.2496,-0.0349,0.8554,0.1819,-0.1767,0.2536,0.0488,-0.0260,-1.2508,0.7955,0.2507,-0.2442,0.3500,0.0981,0.0030,1.2174
34.2597,-0.0329,0.8540,0.1842,-0.1739,0.2533,0.0492,-0.0308,-1.2478,0.7938,0.2545,-0.2397,0.3496,0.1011,-0.0019,1.2165
34.2600,-0.0312,0.8531,0.1863,-0.1734,0.2545,0.0492,-0.0346,-1.2454,0.7924,0.2575,-0.2387,0.3511,0.1028,-0.0048,1.2158
34.2800,-0.0292,0.8518,0.1879,-0.1724,0.2550,0.0490,-0.0388,-1.2426,0.7907,0.2594,-0.2373,0.3516,0.1052,-0.0062,1.2149
34.2805,-0.0276,0.8507,0.1879,-0.1724,0.2550,0.0489,-0.0388,-1.2402,0.7893,0.2607,-0.2352,0.3511,0.1068,-0.0102,1.2142
34.2996,-0.0255,0.8491,0.1900,-0.1700,0.2550,0.0488,-0.0479,-1.2371,0.7873,0.2622,-0.2338,0.3513,0.1103,-0.0094,1.2132
34.2998,-0.0255,0.8491,0.1900,-0.1700,0.2550,0.0488,-0.0479,-1.2350,0.7860,0.2622,-0.2338,0.3513,0.1114,-0.0094,1.2112
34.3094,-0.0223,0.8468,0.1913,-0.1681,0.2546,0.0487,-0.0501,-1.2322,0.7844,0.2654,-0.2306,0.3516,0.1134,-0.0040,1.2115
34.3097,-0.0204,0.8456,0.1927,-0.1680,0.2556,0.0487,-0.0497,-1.2293,0.7828,0.2684,-0.2299,0.3534,0.1152,-0.0033,1.2105
34.3295,-0.0185,0.8443,0.1941,-0.1678,0.2566,0.0487,-0.0501,-1.2264,0.7812,0.2713,-0.2289,0.3550,0.1181,-0.0026,1.2095
34.3297,-0.0166,0.8431,0.1941,-0.1678,0.2566,0.0488,-0.0501,-1.2234,0.7797,0.2713,-0.2289,0.3550,0.1206,-0.0026,1.2085
34.3396,-0.0151,0.8422,0.1960,-0.1657,0.2566,0.0488,-0.0509,-1.2210,0.7784,0.2764,-0.2251,0.3565,0.1226,-0.0030,1.2075
34.3400,-0.0129,0.8406,0.1960,-0.1657,0.2566,0.0488,-0.0509,-1.2177,0.7767,0.2782,-0.2231,0.3566,0.1249,-0.0047,1.2065
34.3597,-0.0114,0.8394,0.1981,-0.1641,0.2572,0.0488,-0.0515,-1.2150,0.7753,0.2809,-0.2216,0.3578,0.1266,-0.0063,1.2054
34.3601,-0.0098,0.8381,0.1981,-0.1641,0.2572,0.0488,-0.0515,-1.2122,0.7738,0.2829,-0.2204,0.3586,0.1284,-0.0065,1.2041
34.3799,-0.0083,0.8368,0.1992,-0.1626,0.2571,0.0488,-0.0523,-1.2095,0.7723,0.2844,-0.2182,0.3584,0.1300,-0.0074,1.2030
34.3803,-0.0068,0.8355,0.1996,-0.1621,0.2571,0.0488,-0.0512,-1.2068,0.7708,0.2862,-0.2167,0.3590,0.1318,-0.0066,1.2017
34.3897,-0.0053,0.8344,0.1994,-0.1614,0.2565,0.0491,-0.0487,-1.2043,0.7694,0.2878,-0.2151,0.3593,0.1333,-0.0045,1.2008
34.3900,-0.0036,0.8333,0.1994,-0.1614,0.2565,0.0495,-0.0487,-1.2015,0.7679,0.2878,-0.2151,0.3593,0.1350,-0.0045,1.1997
34.4098,0.0004,0.8310,0.2007,-0.1596,0.2565,0.0508,-0.0416,-1.1986,0.7663,0.2921,-0.2132,0.3616,0.1374,-0.0003,1.2007
34.4100,0.0004,0.8310,0.2007,-0.1596,0.2565,0.0508,-0.0416,-1.1956,0.7648,0.2932,-0.2113,0.3614,0.1394,0.0031,1.1978
34.4298,0.0022,0.8300,0.2020,-0.1593,0.2572,0.0510,-0.0392,-1.1928,0.7634,0.2954,-0.2104,0.3627,0.1408,0.0057,1.1969
34.4301,0.0039,0.8289,0.2023,-0.1584,0.2569,0.0514,-0.0347,-1.1900,0.7620,0.2964,-0.2087,0.3625,0.1419,0.0084,1.1958
34.4398,0.0071,0.8266,0.2029,-0.1567,0.2564,0.0513,-0.0261,-1.1870,0.7606,0.2979,-0.2069,0.3627,0.1440,0.0098,1.1960
34.4400,0.0071,0.8266,0.2029,-0.1567,0.2564,0.0513,-0.0261,-1.1842,0.7593,0.2979,-0.2069,0.3627,0.1451,0.0098,1.1932
34.4596,0.0086,0.8255,0.2037,-0.1565,0.2569,0.0513,-0.0218,-1.1813,0.7580,0.3021,-0.2043,0.3647,0.1468,0.0068,1.1917
34.4599,0.0103,0.8243,0.2033,-0.1553,0.2558,0.0512,-0.0146,-1.1782,0.7566,0.3034,-0.2021,0.3646,0.1475,0.0057,1.1905
34.4799,0.0120,0.8234,0.2042,-0.1548,0.2562,0.0511,-0.0111,-1.1753,0.7552,0.3055,-0.2010,0.3656,0.1486,0.0052,1.1892
34.4802,0.0138,0.8224,0.2042,-0.1548,0.2562,0.0513,-0.0111,-1.1722,0.7540,0.3055,-0.2010,0.3656,0.1494,0.0052,1.1879
34.4897,0.0156,0.8215,0.2045,-0.1525,0.2551,0.0513,-0.0124,-1.1693,0.7528,0.3086,-0.1979,0.3666,0.1497,0.0045,1.1869
34.4901,0.0176,0.8203,0.2045,-0.1525,0.2551,0.0513,-0.0124,-1.1662,0.7514,0.3100,-0.1962,0.3669,0.1506,0.0045,1.1858
34.5095,0.0193,0.8194,0.2055,-0.1504,0.2546,0.0513,-0.0144,-1.1635,0.7502,0.3117,-0.1946,0.3674,0.1507,0.0039,1.1848
34.5197,0.0214,0.8181,0.2060,-0.1494,0.2544,0.0513,-0.0142,-1.1603,0.7487,0.3131,-0.1931,0.3679,0.1510,0.0036,1.1837
34.5201,0.0229,0.8172,0.2060,-0.1494,0.2544,0.0514,-0.0142,-1.1578,0.7476,0.3131,-0.1931,0.3679,0.1510,0.0036,1.1827
34.5397,0.0249,0.8161,0.2071,-0.1481,0.2546,0.0514,-0.0142,-1.1546,0.7461,0.3159,-0.1906,0.3690,0.1513,0.0036,1.1816
34.5401,0.0264,0.8152,0.2071,-0.1481,0.2546,0.0514,-0.0142,-1.1521,0.7450,0.3172,-0.1888,0.3691,0.1519,0.0049,1.1806
34.5498,0.0281,0.8142,0.2078,-0.1464,0.2542,0.0513,-0.0148,-1.1492,0.7438,0.3187,-0.1876,0.3698,0.1525,0.0060,1.1794
34.5502,0.0301,0.8131,0.2078,-0.1464,0.2542,0.0513,-0.0148,-1.1459,0.7425,0.3187,-0.1876,0.3698,0.1532,0.0060,1.1781
34.5696,0.0318,0.8120,0.2091,-0.1454,0.2547,0.0513,-0.0161,-1.1429,0.7412,0.3225,-0.1853,0.3720,0.1538,0.0075,1.1768
34.5699,0.0336,0.8108,0.2091,-0.1454,0.2547,0.0512,-0.0161,-1.1397,0.7400,0.3236,-0.1837,0.3721,0.1544,0.0078,1.1754
34.5796,0.0352,0.8097,0.2090,-0.1440,0.2538,0.0512,-0.0205,-1.1366,0.7388,0.3250,-0.1823,0.3726,0.1552,0.0080,1.1739
34.5801,0.0369,0.8086,0.2090,-0.1440,0.2538,0.0512,-0.0205,-1.1337,0.7377,0.3250,-0.1823,0.3726,0.1562,0.0080,1.1727
34.6000,0.0386,0.8076,0.2086,-0.1426,0.2527,0.0513,-0.0206,-1.1306,0.7365,0.3273,-0.1790,0.3730,0.1572,0.0075,1.1714
34.6004,0.0407,0.8062,0.2092,-0.1425,0.2531,0.0514,-0.0210,-1.1273,0.7351,0.3294,-0.1784,0.3746,0.1584,0.0079,1.1702
34.6196,0.0423,0.8052,0.2096,-0.1422,0.2533,0.0515,-0.0236,-1.1244,0.7340,0.3310,-0.1771,0.3754,0.1590,0.0083,1.1689
34.6199,0.0441,0.8041,0.2096,-0.1422,0.2533,0.0515,-0.0236,-1.1213,0.7327,0.3323,-0.1760,0.3760,0.1601,0.0060,1.1675
34.6299,0.0458,0.8029,0.2092,-0.1410,0.2523,0.0519,-0.0262,-1.1182,0.7315,0.3335,-0.1746,0.3765,0.1605,0.0054,1.1661
34.6303,0.0474,0.8017,0.2092,-0.1410,0.2523,0.0521,-0.0262,-1.1152,0.7303,0.3335,-0.1746,0.3765,0.1611,0.0054,1.1648
34.6497,0.0493,0.8004,0.2093,-0.1404,0.2520,0.0523,-0.0253,-1.1120,0.7289,0.3365,-0.1729,0.3784,0.1614,0.0086,1.1635
34.6500,0.0509,0.7994,0.2093,-0.1404,0.2520,0.0528,-0.0253,-1.1091,0.7277,0.3376,-0.1722,0.3790,0.1614,0.0105,1.1622
34.6699,0.0529,0.7981,0.2096,-0.1399,0.2520,0.0529,-0.0225,-1.1057,0.7263,0.3390,-0.1717,0.3800,0.1615,0.0118,1.1608
34.6703,0.0547,0.7971,0.2096,-0.1399,0.2520,0.0531,-0.0225,-1.1025,0.7251,0.3390,-0.1717,0.3800,0.1615,0.0118,1.1595
34.6797,0.0567,0.7958,0.2101,-0.1391,0.2520,0.0532,-0.0208,-1.0990,0.7237,0.3421,-0.1702,0.3821,0.1618,0.0166,1.1580
34.6802,0.0580,0.7951,0.2101,-0.1391,0.2520,0.0532,-0.0208,-1.0966,0.7229,0.3421,-0.1702,0.3821,0.1617,0.0166,1.1569
34.6997,0.0603,0.7938,0.2096,-0.1381,0.2510,0.0531,-0.0190,-1.0928,0.7214,0.3446,-0.1678,0.3833,0.1615,0.0167,1.1553
34.7003,0.0620,0.7927,0.2105,-0.1382,0.2518,0.0530,-0.0171,-1.0899,0.7202,0.3472,-0.1672,0.3854,0.1615,0.0147,1.1542
34.7196,0.0638,0.7917,0.2112,-0.1381,0.2524,0.0530,-0.0165,-1.0869,0.7190,0.3487,-0.1665,0.3864,0.1614,0.0129,1.1530
34.7199,0.0655,0.7906,0.2112,-0.1381,0.2524,0.0531,-0.0165,-1.0839,0.7177,0.3487,-0.1665,0.3864,0.1614,0.0129,1.1517
34.7295,0.0675,0.7896,0.2114,-0.1368,0.2518,0.0531,-0.0154,-1.0808,0.7163,0.3499,-0.1646,0.3867,0.1613,0.0113,1.1507
34.7298,0.0695,0.7884,0.2114,-0.1368,0.2518,0.0531,-0.0154,-1.0774,0.7150,0.3505,-0.1643,0.3871,0.1611,0.0129,1.1493
34.7496,0.0712,0.7875,0.2121,-0.1360,0.2520,0.0531,-0.0157,-1.0744,0.7139,0.3517,-0.1638,0.3880,0.1610,0.0138,1.1480
34.7596,0.0735,0.7863,0.2124,-0.1357,0.2521,0.0532,-0.0151,-1.0707,0.7124,0.3528,-0.1633,0.3888,0.1606,0.0150,1.1466
34.7599,0.0750,0.7857,0.2127,-0.1354,0.2522,0.0535,-0.0128,-1.0680,0.7115,0.3542,-0.1628,0.3898,0.1605,0.0173,1.1454
34.7696,0.0773,0.7845,0.2124,-0.1349,0.2516,0.0541,-0.0096,-1.0642,0.7100,0.3548,-0.1619,0.3900,0.1601,0.0191,1.1439
34.7699,0.0788,0.7838,0.2124,-0.1349,0.2516,0.0543,-0.0096,-1.0615,0.7091,0.3568,-0.1613,0.3916,0.1600,0.0221,1.1427
34.7899,0.0809,0.7826,0.2127,-0.1338,0.2513,0.0544,-0.0025,-1.0580,0.7077,0.3574,-0.1603,0.3917,0.1598,0.0221,1.1413
34.7903,0.0828,0.7816,0.2127,-0.1338,0.2513,0.0544,-0.0025,-1.0549,0.7065,0.3583,-0.1591,0.3920,0.1596,0.0220,1.1402
34.8099,0.0847,0.7807,0.2140,-0.1332,0.2521,0.0543,0.0003,-1.0519,0.7054,0.3602,-0.1591,0.3937,0.1593,0.0216,1.1390
34.8103,0.0870,0.7796,0.2139,-0.1322,0.2515,0.0542,-0.0005,-1.0484,0.7042,0.3607,-0.1579,0.3937,0.1586,0.0206,1.1379
34.8197,0.0889,0.7788,0.2149,-0.1318,0.2521,0.0542,-0.0012,-1.0452,0.7031,0.3618,-0.1573,0.3945,0.1578,0.0198,1.1366
34.8199,0.0912,0.7777,0.2149,-0.1318,0.2521,0.0537,-0.0012,-1.0416,0.7017,0.3618,-0.1573,0.3945,0.1563,0.0198,1.1353
34.8397,0.0929,0.7768,0.2155,-0.1308,0.2521,0.0534,-0.0025,-1.0386,0.7006,0.3637,-0.1560,0.3957,0.1553,0.0183,1.1341
34.8496,0.0950,0.7755,0.2161,-0.1307,0.2525,0.0529,-0.0026,-1.0349,0.6993,0.3648,-0.1556,0.3966,0.1535,0.0180,1.1325
34.8499,0.0967,0.7746,0.2161,-0.1307,0.2525,0.0528,-0.0026,-1.0320,0.6983,0.3648,-0.1556,0.3966,0.1529,0.0180,1.1313
34.8697,0.0987,0.7735,0.2161,-0.1295,0.2519,0.0524,-0.0019,-1.0285,0.6968,0.3660,-0.1540,0.3971,0.1519,0.0195,1.1298
34.8700,0.1004,0.7727,0.2170,-0.1291,0.2525,0.0522,-0.0022,-1.0255,0.6958,0.3674,-0.1538,0.3983,0.1511,0.0244,1.1286
34.8796,0.1023,0.7718,0.2174,-0.1282,0.2523,0.0520,-0.0041,-1.0221,0.6947,0.3680,-0.1531,0.3986,0.1502,0.0247,1.1271
34.8799,0.1044,0.7707,0.2174,-0.1282,0.2523,0.0514,-0.0041,-1.0187,0.6935,0.3680,-0.1531,0.3986,0.1481,0.0247,1.1258
34.8997,0.1064,0.7698,0.2194,-0.1273,0.2537,0.0507,-0.0105,-1.0154,0.6925,0.3712,-0.1519,0.4010,0.1467,0.0182,1.1245
34.9098,0.1084,0.7689,0.2199,-0.1270,0.2539,0.0502,-0.0150,-1.0120,0.6913,0.3722,-0.1510,0.4016,0.1442,0.0157,1.1231
34.9101,0.1100,0.7682,0.2199,-0.1270,0.2539,0.0497,-0.0150,-1.0092,0.6904,0.3731,-0.1501,0.4022,0.1425,0.0112,1.1219
34.9195,0.1122,0.7670,0.2192,-0.1258,0.2528,0.0490,-0.0196,-1.0054,0.6891,0.3728,-0.1488,0.4014,0.1397,0.0073,1.1203
34.9199,0.1140,0.7661,0.2192,-0.1258,0.2528,0.0484,-0.0196,-1.0025,0.6881,0.3749,-0.1487,0.4033,0.1383,0.0021,1.1192
34.9398,0.1161,0.7650,0.2200,-0.1255,0.2533,0.0479,-0.0193,-0.9990,0.6868,0.3750,-0.1478,0.4031,0.1361,-0.0006,1.1178
34.9401,0.1178,0.7641,0.2200,-0.1255,0.2533,0.0473,-0.0193,-0.9960,0.6857,0.3762,-0.1475,0.4041,0.1346,-0.0010,1.1165
34.9600,0.1196,0.7633,0.2214,-0.1251,0.2543,0.0465,-0.0204,-0.9932,0.6847,0.3765,-0.1471,0.4042,0.1335,-0.0008,1.1156
34.9603,0.1216,0.7623,0.2214,-0.1251,0.2543,0.0457,-0.0204,-0.9899,0.6837,0.3765,-0.1471,0.4042,0.1316,-0.0008,1.1142
34.9698,0.1235,0.7613,0.2225,-0.1241,0.2548,0.0446,-0.0208,-0.9866,0.6826,0.3767,-0.1459,0.4040,0.1299,-0.0021,1.1129
34.9702,0.1255,0.7603,0.2225,-0.1241,0.2548,0.0436,-0.0208,-0.9831,0.6815,0.3773,-0.1452,0.4043,0.1276,-0.0040,1.1114
34.9899,0.1271,0.7594,0.2235,-0.1242,0.2557,0.0425,-0.0198,-0.9802,0.6806,0.3781,-0.1449,0.4049,0.1255,-0.0059,1.1101
34.9996,0.1294,0.7580,0.2230,-0.1241,0.2552,0.0402,-0.0195,-0.9765,0.6792,0.3782,-0.1442,0.4047,0.1214,-0.0070,1.1087
35.0001,0.1307,0.7574,0.2230,-0.1241,0.2552,0.0396,-0.0195,-0.9741,0.6785,0.3782,-0.1442,0.4047,0.1196,-0.0070,1.1076
35.0096,0.1331,0.7561,0.2228,-0.1240,0.2550,0.0378,-0.0199,-0.9705,0.6772,0.3788,-0.1435,0.4050,0.1155,-0.0086,1.1064
35.0100,0.1347,0.7554,0.2228,-0.1240,0.2550,0.0368,-0.0199,-0.9678,0.6762,0.3788,-0.1435,0.4050,0.1132,-0.0086,1.1053
35.0296,0.1369,0.7543,0.2235,-0.1237,0.2555,0.0351,-0.0209,-0.9644,0.6750,0.3799,-0.1427,0.4058,0.1098,-0.0088,1.1042
35.0299,0.1387,0.7535,0.2235,-0.1237,0.2555,0.0342,-0.0209,-0.9615,0.6740,0.3804,-0.1422,0.4062,0.1074,-0.0083,1.1031
35.0498,0.1406,0.7526,0.2245,-0.1234,0.2562,0.0330,-0.0215,-0.9585,0.6730,0.3811,-0.1420,0.4067,0.1050,-0.0080,1.1020
35.0501,0.1428,0.7515,0.2245,-0.1234,0.2562,0.0315,-0.0215,-0.9550,0.6718,0.3811,-0.1420,0.4067,0.1015,-0.0080,1.1006
35.0600,0.1447,0.7505,0.2254,-0.1232,0.2568,0.0304,-0.0199,-0.9518,0.6708,0.3818,-0.1412,0.4071,0.0988,-0.0053,1.0994
35.0604,0.1467,0.7494,0.2258,-0.1231,0.2572,0.0289,-0.0178,-0.9485,0.6697,0.3821,-0.1409,0.4072,0.0963,-0.0046,1.0981
35.0697,0.1484,0.7485,0.2262,-0.1229,0.2574,0.0280,-0.0149,-0.9456,0.6687,0.3824,-0.1406,0.4074,0.0942,-0.0046,1.0969
35.0900,0.1505,0.7475,0.2263,-0.1224,0.2573,0.0270,-0.0142,-0.9421,0.6675,0.3819,-0.1402,0.4068,0.0913,-0.0043,1.0956
35.0904,0.1521,0.7467,0.2272,-0.1223,0.2580,0.0264,-0.0138,-0.9394,0.6666,0.3830,-0.1405,0.4080,0.0889,-0.0085,1.0944
35.0997,0.1543,0.7456,0.2269,-0.1218,0.2575,0.0254,-0.0129,-0.9358,0.6653,0.3824,-0.1399,0.4072,0.0858,-0.0095,1.0930
35.1000,0.1561,0.7448,0.2269,-0.1218,0.2575,0.0246,-0.0129,-0.9328,0.6642,0.3824,-0.1399,0.4072,0.0831,-0.0095,1.0919
35.1200,0.1581,0.7438,0.2276,-0.1209,0.2577,0.0240,-0.0091,-0.9293,0.6629,0.3832,-0.1395,0.4078,0.0808,-0.0056,1.0904
35.1204,0.1601,0.7429,0.2281,-0.1205,0.2579,0.0228,-0.0083,-0.9260,0.6617,0.3840,-0.1396,0.4086,0.0783,-0.0039,1.0891
35.1399,0.1619,0.7420,0.2286,-0.1200,0.2582,0.0220,-0.0079,-0.9229,0.6604,0.3842,-0.1398,0.4089,0.0764,-0.0021,1.0879
35.1403,0.1637,0.7411,0.2286,-0.1200,0.2582,0.0213,-0.0079,-0.9199,0.6594,0.3842,-0.1398,0.4089,0.0748,-0.0021,1.0866
35.1497,0.1655,0.7402,0.2288,-0.1187,0.2577,0.0204,-0.0084,-0.9169,0.6584,0.3843,-0.1391,0.4087,0.0718,-0.0029,1.0854
35.1501,0.1673,0.7393,0.2288,-0.1187,0.2577,0.0196,-0.0084,-0.9137,0.6575,0.3844,-0.1386,0.4086,0.0686,-0.0058,1.0842
35.1698,0.1693,0.7384,0.2288,-0.1176,0.2573,0.0189,-0.0096,-0.9106,0.6564,0.3838,-0.1377,0.4078,0.0651,-0.0081,1.0830
35.1798,0.1716,0.7373,0.2292,-0.1173,0.2575,0.0181,-0.0105,-0.9071,0.6550,0.3838,-0.1373,0.4076,0.0607,-0.0106,1.0818
35.1802,0.1733,0.7366,0.2292,-0.1173,0.2575,0.0178,-0.0105,-0.9042,0.6541,0.3838,-0.1373,0.4076,0.0573,-0.0106,1.0807
35.1999,0.1750,0.7358,0.2306,-0.1171,0.2586,0.0176,-0.0122,-0.9014,0.6532,0.3847,-0.1375,0.4085,0.0545,-0.0100,1.0796
35.2004,0.1771,0.7349,0.2306,-0.1171,0.2586,0.0173,-0.0122,-0.8980,0.6521,0.3829,-0.1363,0.4064,0.0515,-0.0093,1.0783
35.2096,0.1789,0.7342,0.2300,-0.1156,0.2575,0.0169,-0.0136,-0.8952,0.6512,0.3837,-0.1362,0.4072,0.0489,-0.0089,1.0773
35.2099,0.1812,0.7331,0.2302,-0.1150,0.2573,0.0166,-0.0142,-0.8915,0.6498,0.3834,-0.1357,0.4067,0.0454,-0.0086,1.0759
35.2198,0.1830,0.7323,0.2312,-0.1152,0.2583,0.0160,-0.0154,-0.8886,0.6487,0.3848,-0.1359,0.4081,0.0428,-0.0079,1.0749
35.2400,0.1854,0.7314,0.2309,-0.1145,0.2577,0.0144,-0.0152,-0.8852,0.6474,0.3844,-0.1352,0.4075,0.0388,-0.0069,1.0738
35.2403,0.1871,0.7307,0.2318,-0.1141,0.2584,0.0135,-0.0183,-0.8823,0.6464,0.3846,-0.1352,0.4076,0.0363,-0.0064,1.0728
35.2496,0.1893,0.7298,0.2318,-0.1137,0.2581,0.0123,-0.0203,-0.8790,0.6452,0.3842,-0.1348,0.4071,0.0334,-0.0058,1.0716
35.2500,0.1912,0.7290,0.2318,-0.1137,0.2581,0.0120,-0.0203,-0.8759,0.6440,0.3842,-0.1348,0.4071,0.0302,-0.0058,1.0705
35.2695,0.1930,0.7283,0.2323,-0.1133,0.2585,0.0113,-0.0233,-0.8731,0.6431,0.3841,-0.1349,0.4071,0.0277,-0.0057,1.0695
35.2699,0.1948,0.7275,0.2323,-0.1133,0.2585,0.0108,-0.0233,-0.8702,0.6421,0.3841,-0.1349,0.4071,0.0251,-0.0057,1.0684
35.2897,0.1967,0.7266,0.2321,-0.1125,0.2579,0.0104,-0.0227,-0.8671,0.6409,0.3827,-0.1341,0.4055,0.0225,-0.0096,1.0672
35.2899,0.1988,0.7257,0.2321,-0.1125,0.2579,0.0101,-0.0227,-0.8635,0.6397,0.3827,-0.1341,0.4055,0.0191,-0.0096,1.0658
35.2992,0.2007,0.7248,0.2319,-0.1119,0.2575,0.0099,-0.0224,-0.8603,0.6385,0.3829,-0.1337,0.4055,0.0162,-0.0103,1.0645
35.2994,0.2026,0.7239,0.2319,-0.1119,0.2575,0.0096,-0.0224,-0.8569,0.6373,0.3829,-0.1337,0.4055,0.0138,-0.0103,1.0631
35.3198,0.2043,0.7233,0.2313,-0.1114,0.2567,0.0093,-0.0215,-0.8538,0.6364,0.3830,-0.1336,0.4056,0.0114,-0.0017,1.0617
35.3202,0.2064,0.7224,0.2313,-0.1114,0.2567,0.0085,-0.0215,-0.8504,0.6352,0.3828,-0.1333,0.4054,0.0087,0.0015,1.0604
35.3292,0.2081,0.7217,0.2304,-0.1106,0.2556,0.0081,-0.0201,-0.8475,0.6343,0.3824,-0.1331,0.4049,0.0062,0.0018,1.0592
35.3294,0.2100,0.7209,0.2304,-0.1103,0.2554,0.0079,-0.0202,-0.8442,0.6333,0.3824,-0.1331,0.4049,0.0029,0.0018,1.0579
35.3497,0.2118,0.7202,0.2300,-0.1093,0.2547,0.0074,-0.0201,-0.8413,0.6324,0.3814,-0.1319,0.4035,0.0000,0.0011,1.0568
35.3500,0.2138,0.7195,0.2303,-0.1088,0.2547,0.0068,-0.0199,-0.8381,0.6313,0.3815,-0.1317,0.4036,-0.0033,-0.0001,1.0556
35.3697,0.2178,0.7180,0.2308,-0.1079,0.2548,0.0044,-0.0203,-0.8350,0.6302,0.3809,-0.1310,0.4028,-0.0068,-0.0036,1.0565
35.3699,0.2178,0.7180,0.2308,-0.1079,0.2548,0.0044,-0.0203,-0.8319,0.6292,0.3809,-0.1310,0.4028,-0.0102,-0.0036,1.0535
35.3896,0.2197,0.7173,0.2310,-0.1075,0.2548,0.0028,-0.0215,-0.8289,0.6282,0.3805,-0.1310,0.4024,-0.0133,0.0021,1.0524
35.3899,0.2216,0.7167,0.2310,-0.1075,0.2548,0.0021,-0.0215,-0.8261,0.6274,0.3797,-0.1307,0.4015,-0.0164,0.0052,1.0515
35.3993,0.2237,0.7160,0.2305,-0.1062,0.2538,0.0013,-0.0177,-0.8229,0.6264,0.3786,-0.1301,0.4004,-0.0206,0.0046,1.0504
35.3995,0.2257,0.7152,0.2306,-0.1058,0.2537,0.0007,-0.0152,-0.8196,0.6254,0.3783,-0.1297,0.3999,-0.0230,0.0044,1.0491
35.4197,0.2277,0.7143,0.2313,-0.1059,0.2543,-0.0000,-0.0132,-0.8162,0.6243,0.3792,-0.1300,0.4008,-0.0271,0.0055,1.0478
35.4199,0.2293,0.7137,0.2313,-0.1059,0.2543,-0.0003,-0.0132,-0.8134,0.6236,0.3792,-0.1300,0.4008,-0.0298,0.0055,1.0466
35.4397,0.2315,0.7130,0.2308,-0.1047,0.2534,-0.0007,-0.0135,-0.8100,0.6226,0.3782,-0.1291,0.3996,-0.0330,0.0083,1.0454
35.4401,0.2329,0.7125,0.2308,-0.1039,0.2531,-0.0009,-0.0133,-0.8074,0.6219,0.3780,-0.1285,0.3992,-0.0353,0.0085,1.0442
35.4497,0.2352,0.7120,0.2302,-0.1030,0.2522,-0.0014,-0.0145,-0.8042,0.6210,0.3772,-0.1276,0.3982,-0.0386,0.0074,1.0433
35.4500,0.2373,0.7114,0.2302,-0.1030,0.2522,-0.0020,-0.0145,-0.8011,0.6200,0.3780,-0.1274,0.3989,-0.0418,0.0076,1.0424
35.4698,0.2393,0.7109,0.2315,-0.1018,0.2528,-0.0027,-0.0209,-0.7979,0.6191,0.3776,-0.1273,0.3985,-0.0448,0.0086,1.0413
35.4701,0.2414,0.7103,0.2316,-0.1009,0.2526,-0.0031,-0.0224,-0.7946,0.6181,0.3773,-0.1271,0.3981,-0.0484,0.0102,1.0401
35.4797,0.2431,0.7097,0.2317,-0.1000,0.2524,-0.0035,-0.0207,-0.7916,0.6173,0.3770,-0.1269,0.3977,-0.0511,0.0111,1.0389
35.4801,0.2454,0.7090,0.2317,-0.1000,0.2524,-0.0043,-0.0207,-0.7882,0.6164,0.3770,-0.1269,0.3977,-0.0544,0.0111,1.0377
35.4997,0.2472,0.7083,0.2318,-0.0982,0.2518,-0.0044,-0.0190,-0.7852,0.6156,0.3766,-0.1256,0.3970,-0.0574,0.0081,1.0365
35.4999,0.2491,0.7076,0.2329,-0.0982,0.2528,-0.0046,-0.0187,-0.7820,0.6149,0.3778,-0.1257,0.3982,-0.0606,0.0056,1.0353
35.5199,0.2510,0.7070,0.2322,-0.0971,0.2516,-0.0048,-0.0173,-0.7791,0.6142,0.3769,-0.1246,0.3969,-0.0630,0.0040,1.0343
35.5203,0.2531,0.7064,0.2322,-0.0971,0.2516,-0.0049,-0.0173,-0.7758,0.6133,0.3775,-0.1242,0.3974,-0.0658,0.0032,1.0331
35.5399,0.2549,0.7059,0.2323,-0.0957,0.2512,-0.0050,-0.0130,-0.7730,0.6126,0.3772,-0.1233,0.3968,-0.0672,0.0036,1.0322
35.5403,0.2567,0.7054,0.2323,-0.0957,0.2512,-0.0050,-0.0130,-0.7702,0.6121,0.3770,-0.1227,0.3965,-0.0684,0.0040,1.0311
35.5497,0.2587,0.7048,0.2321,-0.0943,0.2505,-0.0049,-0.0108,-0.7668,0.6112,0.3766,-0.1219,0.3959,-0.0704,0.0036,1.0297
35.5500,0.2607,0.7042,0.2319,-0.0934,0.2500,-0.0048,-0.0102,-0.7637,0.6105,0.3765,-0.1213,0.3955,-0.0724,0.0043,1.0286
35.5700,0.2629,0.7035,0.2319,-0.0925,0.2497,-0.0047,-0.0102,-0.7602,0.6095,0.3763,-0.1206,0.3952,-0.0755,0.0040,1.0274
35.5704,0.2645,0.7031,0.2319,-0.0925,0.2497,-0.0046,-0.0102,-0.7577,0.6090,0.3767,-0.1204,0.3954,-0.0771,0.0036,1.0265
35.5796,0.2668,0.7024,0.2322,-0.0909,0.2494,-0.0040,-0.0113,-0.7540,0.6081,0.3758,-0.1195,0.3944,-0.0789,0.0036,1.0252
35.5800,0.2688,0.7018,0.2322,-0.0909,0.2494,-0.0029,-0.0113,-0.7508,0.6073,0.3762,-0.1188,0.3945,-0.0809,0.0076,1.0240
35.5999,0.2706,0.7014,0.2335,-0.0897,0.2501,-0.0023,-0.0100,-0.7480,0.6067,0.3772,-0.1186,0.3954,-0.0825,0.0105,1.0230
35.6003,0.2724,0.7010,0.2326,-0.0883,0.2488,-0.0014,-0.0096,-0.7449,0.6061,0.3755,-0.1171,0.3934,-0.0846,0.0117,1.0218
35.6198,0.2744,0.7006,0.2327,-0.0876,0.2486,-0.0005,-0.0097,-0.7419,0.6055,0.3758,-0.1163,0.3934,-0.0865,0.0125,1.0207
35.6201,0.2763,0.7002,0.2327,-0.0876,0.2486,-0.0001,-0.0097,-0.7389,0.6050,0.3748,-0.1148,0.3920,-0.0886,0.0100,1.0196
35.6294,0.2784,0.6997,0.2325,-0.0854,0.2477,0.0008,-0.0101,-0.7356,0.6043,0.3743,-0.1134,0.3911,-0.0911,0.0061,1.0185
35.6297,0.2802,0.6993,0.2325,-0.0854,0.2477,0.0016,-0.0101,-0.7325,0.6038,0.3748,-0.1122,0.3912,-0.0927,0.0031,1.0172
35.6500,0.2824,0.6988,0.2330,-0.0835,0.2475,0.0027,-0.0109,-0.7289,0.6031,0.3747,-0.1112,0.3909,-0.0953,0.0021,1.0158
35.6503,0.2844,0.6984,0.2330,-0.0835,0.2475,0.0040,-0.0109,-0.7257,0.6025,0.3747,-0.1112,0.3909,-0.0975,0.0021,1.0146
35.6597,0.2863,0.6980,0.2341,-0.0819,0.2480,0.0045,-0.0114,-0.7228,0.6020,0.3762,-0.1099,0.3919,-0.0997,0.0087,1.0137
35.6599,0.2885,0.6976,0.2341,-0.0819,0.2480,0.0048,-0.0114,-0.7197,0.6014,0.3762,-0.1099,0.3919,-0.1025,0.0087,1.0127
35.6797,0.2903,0.6974,0.2338,-0.0794,0.2470,0.0047,-0.0116,-0.7170,0.6009,0.3749,-0.1074,0.3900,-0.1045,0.0083,1.0119
35.6802,0.2924,0.6971,0.2340,-0.0783,0.2467,0.0047,-0.0131,-0.7138,0.6002,0.3745,-0.1065,0.3893,-0.1066,0.0081,1.0109
35.6996,0.2942,0.6969,0.2347,-0.0773,0.2471,0.0051,-0.0145,-0.7110,0.5997,0.3751,-0.1060,0.3898,-0.1082,0.0092,1.0099
35.6999,0.2964,0.6967,0.2347,-0.0773,0.2471,0.0055,-0.0145,-0.7075,0.5990,0.3741,-0.1048,0.3885,-0.1105,0.0096,1.0086
35.7196,0.2985,0.6964,0.2350,-0.0750,0.2467,0.0063,-0.0161,-0.7042,0.5984,0.3754,-0.1043,0.3896,-0.1130,0.0099,1.0075
35.7199,0.3003,0.6963,0.2350,-0.0750,0.2467,0.0069,-0.0161,-0.7013,0.5979,0.3754,-0.1043,0.3896,-0.1147,0.0099,1.0064
35.7297,0.3025,0.6961,0.2346,-0.0721,0.2455,0.0074,-0.0161,-0.6979,0.5973,0.3746,-0.1016,0.3881,-0.1167,0.0102,1.0054
35.7302,0.3045,0.6960,0.2346,-0.0721,0.2455,0.0081,-0.0161,-0.6950,0.5967,0.3746,-0.1016,0.3881,-0.1178,0.0102,1.0044
35.7494,0.3064,0.6959,0.2347,-0.0694,0.2448,0.0086,-0.0131,-0.6918,0.5963,0.3747,-0.0994,0.3877,-0.1196,0.0116,1.0032
35.7497,0.3085,0.6958,0.2347,-0.0694,0.2448,0.0087,-0.0131,-0.6889,0.5958,0.3742,-0.0977,0.3868,-0.1214,0.0127,1.0024
35.7699,0.3105,0.6957,0.2346,-0.0664,0.2438,0.0091,-0.0137,-0.6859,0.5954,0.3741,-0.0964,0.3863,-0.1234,0.0135,1.0014
35.7703,0.3123,0.6957,0.2346,-0.0664,0.2438,0.0095,-0.0137,-0.6833,0.5950,0.3741,-0.0964,0.3863,-0.1248,0.0135,1.0007
35.7793,0.3145,0.6956,0.2349,-0.0636,0.2433,0.0099,-0.0149,-0.6803,0.5945,0.3737,-0.0941,0.3853,-0.1264,0.0151,0.9999
35.7797,0.3163,0.6956,0.2356,-0.0620,0.2436,0.0106,-0.0148,-0.6774,0.5941,0.3736,-0.0928,0.3849,-0.1279,0.0163,0.9989
35.7997,0.3184,0.6956,0.2350,-0.0601,0.2426,0.0111,-0.0150,-0.6745,0.5936,0.3722,-0.0912,0.3832,-0.1294,0.0146,0.9981
35.8000,0.3206,0.6955,0.2354,-0.0584,0.2425,0.0116,-0.0142,-0.6713,0.5931,0.3716,-0.0899,0.3824,-0.1311,0.0106,0.9971
35.8096,0.3221,0.6955,0.2358,-0.0569,0.2426,0.0120,-0.0135,-0.6689,0.5928,0.3712,-0.0885,0.3816,-0.1324,0.0066,0.9963
35.8298,0.3246,0.6954,0.2356,-0.0556,0.2421,0.0125,-0.0134,-0.6654,0.5923,0.3698,-0.0872,0.3799,-0.1349,0.0036,0.9954
35.8302,0.3265,0.6954,0.2365,-0.0539,0.2426,0.0127,-0.0142,-0.6627,0.5920,0.3699,-0.0858,0.3798,-0.1365,0.0028,0.9946
35.8397,0.3287,0.6954,0.2368,-0.0525,0.2425,0.0126,-0.0131,-0.6597,0.5915,0.3696,-0.0848,0.3792,-0.1379,0.0034,0.9939
35.8402,0.3305,0.6955,0.2368,-0.0525,0.2425,0.0126,-0.0131,-0.6571,0.5911,0.3690,-0.0837,0.3784,-0.1382,0.0035,0.9931
35.8599,0.3346,0.6955,0.2374,-0.0480,0.2422,0.0129,-0.0066,-0.6542,0.5907,0.3684,-0.0825,0.3775,-0.1387,0.0036,0.9944
35.8600,0.3346,0.6955,0.2374,-0.0480,0.2422,0.0129,-0.0066,-0.6513,0.5903,0.3678,-0.0812,0.3766,-0.1394,0.0036,0.9915
35.8695,0.3368,0.6955,0.2376,-0.0465,0.2421,0.0132,-0.0025,-0.6483,0.5899,0.3674,-0.0798,0.3760,-0.1402,0.0017,0.9907
35.8698,0.3389,0.6955,0.2376,-0.0465,0.2421,0.0136,-0.0025,-0.6455,0.5896,0.3674,-0.0798,0.3760,-0.1415,0.0017,0.9901
35.8897,0.3409,0.6955,0.2384,-0.0437,0.2423,0.0139,0.0075,-0.6429,0.5893,0.3667,-0.0771,0.3747,-0.1428,-0.0012,0.9895
35.8996,0.3433,0.6955,0.2386,-0.0424,0.2424,0.0140,0.0100,-0.6399,0.5890,0.3665,-0.0761,0.3743,-0.1442,-0.0003,0.9890
35.8998,0.3451,0.6955,0.2386,-0.0424,0.2424,0.0139,0.0100,-0.6377,0.5887,0.3665,-0.0761,0.3743,-0.1448,-0.0003,0.9886
35.9095,0.3476,0.6956,0.2389,-0.0394,0.2421,0.0138,0.0106,-0.6345,0.5883,0.3638,-0.0733,0.3711,-0.1455,0.0014,0.9879
35.9098,0.3496,0.6958,0.2389,-0.0394,0.2421,0.0131,0.0106,-0.6319,0.5880,0.3633,-0.0719,0.3704,-0.1460,0.0018,0.9874
35.9296,0.3519,0.6960,0.2406,-0.0359,0.2433,0.0112,0.0110,-0.6289,0.5877,0.3630,-0.0710,0.3699,-0.1474,0.0039,0.9867
35.9299,0.3534,0.6962,0.2407,-0.0340,0.2431,0.0095,0.0108,-0.6263,0.5875,0.3621,-0.0697,0.3687,-0.1480,0.0043,0.9857
35.9498,0.3552,0.6964,0.2409,-0.0327,0.2431,0.0065,0.0125,-0.6231,0.5872,0.3621,-0.0687,0.3686,-0.1490,0.0060,0.9843
35.9501,0.3565,0.6966,0.2409,-0.0327,0.2431,0.0038,0.0125,-0.6201,0.5870,0.3623,-0.0676,0.3685,-0.1493,0.0078,0.9827
35.9598,0.3575,0.6968,0.2384,-0.0297,0.2403,0.0023,0.0199,-0.6172,0.5867,0.3620,-0.0661,0.3680,-0.1494,0.0117,0.9809
35.9601,0.3586,0.6971,0.2384,-0.0297,0.2403,0.0004,0.0199,-0.6139,0.5864,0.3614,-0.0647,0.3672,-0.1496,0.0155,0.9788
35.9797,0.3596,0.6974,0.2345,-0.0263,0.2360,-0.0010,0.0210,-0.6112,0.5862,0.3615,-0.0634,0.3670,-0.1498,0.0179,0.9771
35.9799,0.3610,0.6978,0.2345,-0.0263,0.2360,-0.0027,0.0210,-0.6081,0.5860,0.3615,-0.0634,0.3670,-0.1509,0.0179,0.9755
35.9995,0.3625,0.6980,0.2313,-0.0224,0.2324,-0.0038,0.0106,-0.6055,0.5858,0.3603,-0.0609,0.3654,-0.1527,0.0234,0.9745
35.9998,0.3646,0.6984,0.2313,-0.0224,0.2324,-0.0047,0.0106,-0.6028,0.5856,0.3603,-0.0609,0.3654,-0.1553,0.0234,0.9740
36.0094,0.3667,0.6987,0.2309,-0.0185,0.2317,-0.0056,0.0065,-0.6004,0.5855,0.3584,-0.0585,0.3632,-0.1585,0.0300,0.9738
36.0096,0.3688,0.6990,0.2315,-0.0167,0.2321,-0.0067,0.0060,-0.5981,0.5853,0.3573,-0.0574,0.3619,-0.1618,0.0310,0.9736
36.0299,0.3727,0.6996,0.2320,-0.0132,0.2324,-0.0090,0.0023,-0.5958,0.5852,0.3554,-0.0559,0.3598,-0.1658,0.0310,0.9753
36.0302,0.3727,0.6996,0.2320,-0.0132,0.2324,-0.0090,0.0023,-0.5937,0.5851,0.3543,-0.0549,0.3586,-0.1690,0.0305,0.9731
36.0496,0.3744,0.6999,0.2321,-0.0117,0.2324,-0.0097,0.0018,-0.5910,0.5849,0.3530,-0.0540,0.3571,-0.1729,0.0286,0.9722
36.0500,0.3758,0.7001,0.2314,-0.0099,0.2316,-0.0106,0.0015,-0.5887,0.5848,0.3515,-0.0526,0.3554,-0.1754,0.0246,0.9714
36.0595,0.3771,0.7004,0.2302,-0.0082,0.2303,-0.0127,0.0011,-0.5860,0.5846,0.3499,-0.0514,0.3536,-0.1782,0.0237,0.9701
36.0598,0.3784,0.7007,0.2284,-0.0061,0.2285,-0.0151,0.0006,-0.5835,0.5844,0.3484,-0.0498,0.3519,-0.1804,0.0243,0.9689
36.0796,0.3800,0.7010,0.2278,-0.0048,0.2278,-0.0179,0.0002,-0.5807,0.5841,0.3484,-0.0491,0.3519,-0.1825,0.0247,0.9678
36.0799,0.3800,0.7010,0.2278,-0.0048,0.2278,-0.0179,0.0002,-0.5783,0.5838,0.3484,-0.0491,0.3519,-0.1842,0.0247,0.9655
36.0897,0.3835,0.7016,0.2254,-0.0011,0.2254,-0.0213,-0.0025,-0.5758,0.5835,0.3450,-0.0469,0.3482,-0.1851,0.0277,0.9665
36.0899,0.3854,0.7019,0.2257,0.0004,0.2257,-0.0227,-0.0036,-0.5734,0.5833,0.3445,-0.0464,0.3476,-0.1869,0.0285,0.9661
36.1101,0.3871,0.7021,0.2258,0.0018,0.2258,-0.0239,-0.0038,-0.5715,0.5832,0.3430,-0.0456,0.3460,-0.1882,0.0292,0.9659
36.1103,0.3891,0.7023,0.2254,0.0030,0.2254,-0.0257,-0.0037,-0.5691,0.5829,0.3408,-0.0447,0.3437,-0.1897,0.0307,0.9656
36.1300,0.3929,0.7028,0.2256,0.0042,0.2256,-0.0310,-0.0036,-0.5667,0.5827,0.3395,-0.0441,0.3423,-0.1915,0.0337,0.9671
36.1301,0.3929,0.7028,0.2256,0.0042,0.2256,-0.0310,-0.0036,-0.5643,0.5824,0.3377,-0.0433,0.3405,-0.1922,0.0361,0.9648
36.1394,0.3944,0.7030,0.2255,0.0070,0.2256,-0.0325,-0.0066,-0.5620,0.5820,0.3364,-0.0429,0.3391,-0.1944,0.0374,0.9640
36.1397,0.3962,0.7032,0.2255,0.0070,0.2256,-0.0346,-0.0066,-0.5593,0.5816,0.3364,-0.0429,0.3391,-0.1961,0.0374,0.9633
36.1600,0.3979,0.7034,0.2237,0.0097,0.2239,-0.0365,-0.0081,-0.5571,0.5813,0.3327,-0.0418,0.3353,-0.1980,0.0342,0.9628
36.1604,0.3996,0.7035,0.2232,0.0107,0.2234,-0.0383,-0.0081,-0.5548,0.5810,0.3314,-0.0413,0.3339,-0.1992,0.0361,0.9623
36.1798,0.4016,0.7037,0.2223,0.0118,0.2226,-0.0409,-0.0077,-0.5526,0.5807,0.3297,-0.0407,0.3322,-0.2007,0.0375,0.9621
36.1802,0.4036,0.7038,0.2228,0.0126,0.2231,-0.0429,-0.0065,-0.5503,0.5804,0.3289,-0.0404,0.3313,-0.2017,0.0378,0.9618
36.1997,0.4056,0.7040,0.2223,0.0134,0.2227,-0.0448,-0.0045,-0.5481,0.5800,0.3271,-0.0397,0.3295,-0.2034,0.0361,0.9617
36.2003,0.4076,0.7042,0.2223,0.0134,0.2227,-0.0468,-0.0045,-0.5456,0.5797,0.3258,-0.0393,0.3282,-0.2052,0.0358,0.9613
36.2096,0.4097,0.7044,0.2224,0.0151,0.2229,-0.0491,-0.0022,-0.5432,0.5793,0.3238,-0.0387,0.3261,-0.2064,0.0361,0.9610
36.2100,0.4116,0.7046,0.2224,0.0160,0.2230,-0.0509,-0.0024,-0.5410,0.5790,0.3221,-0.0382,0.3244,-0.2070,0.0355,0.9608
36.2298,0.4136,0.7048,0.2226,0.0166,0.2232,-0.0529,-0.0025,-0.5385,0.5786,0.3207,-0.0379,0.3229,-0.2081,0.0353,0.9604
36.2301,0.4155,0.7049,0.2226,0.0166,0.2232,-0.0548,-0.0025,-0.5364,0.5784,0.3190,-0.0372,0.3211,-0.2088,0.0323,0.9603
36.2398,0.4177,0.7050,0.2220,0.0178,0.2227,-0.0570,-0.0032,-0.5340,0.5782,0.3171,-0.0367,0.3192,-0.2099,0.0295,0.9601
36.2403,0.4196,0.7051,0.2220,0.0178,0.2227,-0.0588,-0.0032,-0.5321,0.5780,0.3157,-0.0362,0.3178,-0.2104,0.0270,0.9601
36.2597,0.4217,0.7051,0.2221,0.0186,0.2229,-0.0604,-0.0015,-0.5299,0.5778,0.3136,-0.0356,0.3156,-0.2110,0.0254,0.9601
36.2600,0.4240,0.7052,0.2225,0.0188,0.2233,-0.0616,-0.0007,-0.5276,0.5776,0.3119,-0.0351,0.3139,-0.2118,0.0253,0.9601
36.2797,0.4261,0.7053,0.2235,0.0190,0.2243,-0.0629,-0.0009,-0.5254,0.5774,0.3114,-0.0348,0.3134,-0.2126,0.0262,0.9601
36.2799,0.4284,0.7054,0.2235,0.0190,0.2243,-0.0644,-0.0009,-0.5233,0.5773,0.3114,-0.0348,0.3134,-0.2131,0.0262,0.9602
36.2897,0.4304,0.7055,0.2242,0.0196,0.2250,-0.0662,-0.0020,-0.5212,0.5772,0.3083,-0.0335,0.3101,-0.2135,0.0273,0.9603
36.2900,0.4327,0.7057,0.2242,0.0196,0.2250,-0.0674,-0.0020,-0.5189,0.5771,0.3083,-0.0335,0.3101,-0.2139,0.0273,0.9603
36.3095,0.4347,0.7058,0.2244,0.0204,0.2253,-0.0684,-0.0098,-0.5170,0.5770,0.3048,-0.0320,0.3065,-0.2142,0.0241,0.9604
36.3098,0.4370,0.7059,0.2244,0.0204,0.2253,-0.0696,-0.0098,-0.5145,0.5770,0.3038,-0.0315,0.3055,-0.2145,0.0216,0.9602
36.3297,0.4391,0.7060,0.2247,0.0209,0.2257,-0.0705,-0.0172,-0.5125,0.5769,0.3018,-0.0307,0.3034,-0.2146,0.0179,0.9602
36.3299,0.4412,0.7060,0.2247,0.0209,0.2257,-0.0712,-0.0172,-0.5102,0.5769,0.3018,-0.0307,0.3034,-0.2147,0.0179,0.9602
36.3398,0.4455,0.7061,0.2250,0.0212,0.2259,-0.0729,-0.0213,-0.5081,0.5769,0.2990,-0.0292,0.3004,-0.2147,0.0116,0.9624
36.3401,0.4455,0.7061,0.2250,0.0212,0.2259,-0.0729,-0.0213,-0.5060,0.5769,0.2979,-0.0285,0.2993,-0.2146,0.0088,0.9603
36.3595,0.4478,0.7062,0.2262,0.0213,0.2272,-0.0741,-0.0235,-0.5037,0.5769,0.2964,-0.0277,0.2977,-0.2145,0.0059,0.9602
36.3598,0.4499,0.7063,0.2262,0.0213,0.2272,-0.0749,-0.0235,-0.5016,0.5769,0.2964,-0.0277,0.2977,-0.2145,0.0059,0.9602
36.3797,0.4522,0.7064,0.2262,0.0216,0.2272,-0.0763,-0.0297,-0.4993,0.5770,0.2935,-0.0260,0.2946,-0.2144,-0.0040,0.9603
36.3799,0.4541,0.7066,0.2262,0.0216,0.2272,-0.0774,-0.0297,-0.4974,0.5772,0.2924,-0.0252,0.2935,-0.2141,-0.0070,0.9603
36.3895,0.4565,0.7068,0.2263,0.0221,0.2274,-0.0785,-0.0369,-0.4952,0.5776,0.2909,-0.0243,0.2919,-0.2134,-0.0091,0.9604
36.3898,0.4586,0.7069,0.2263,0.0221,0.2274,-0.0791,-0.0369,-0.4933,0.5780,0.2894,-0.0227,0.2903,-0.2128,-0.0128,0.9606
36.4097,0.4608,0.7071,0.2269,0.0227,0.2281,-0.0795,-0.0368,-0.4913,0.5785,0.2887,-0.0214,0.2895,-0.2115,-0.0175,0.9608
36.4099,0.4629,0.7072,0.2269,0.0227,0.2281,-0.0799,-0.0368,-0.4893,0.5791,0.2887,-0.0214,0.2895,-0.2106,-0.0175,0.9608
36.4294,0.4649,0.7074,0.2265,0.0228,0.2277,-0.0802,-0.0354,-0.4875,0.5796,0.2851,-0.0180,0.2856,-0.2098,-0.0332,0.9609
36.4297,0.4671,0.7076,0.2265,0.0228,0.2277,-0.0804,-0.0354,-0.4854,0.5802,0.2851,-0.0180,0.2856,-0.2085,-0.0332,0.9610
36.4397,0.4693,0.7079,0.2274,0.0228,0.2286,-0.0807,-0.0372,-0.4834,0.5808,0.2817,-0.0147,0.2821,-0.2072,-0.0478,0.9611
36.4399,0.4714,0.7081,0.2274,0.0228,0.2286,-0.0809,-0.0372,-0.4813,0.5813,0.2817,-0.0147,0.2821,-0.2054,-0.0478,0.9612
36.4596,0.4737,0.7084,0.2298,0.0230,0.2310,-0.0811,-0.0392,-0.4791,0.5818,0.2775,-0.0114,0.2778,-0.2030,-0.0666,0.9612
36.4601,0.4760,0.7087,0.2298,0.0230,0.2310,-0.0812,-0.0392,-0.4768,0.5823,0.2762,-0.0099,0.2764,-0.2004,-0.0736,0.9611
36.4697,0.4782,0.7089,0.2347,0.0231,0.2359,-0.0814,-0.0256,-0.4749,0.5826,0.2742,-0.0083,0.2744,-0.1975,-0.0775,0.9614
36.4896,0.4806,0.7092,0.2372,0.0230,0.2383,-0.0814,-0.0179,-0.4725,0.5830,0.2726,-0.0072,0.2727,-0.1935,-0.0780,0.9614
36.4900,0.4826,0.7094,0.2372,0.0230,0.2383,-0.0815,-0.0179,-0.4707,0.5833,0.2710,-0.0059,0.2711,-0.1909,-0.0771,0.9615
36.4997,0.4847,0.7097,0.2401,0.0227,0.2411,-0.0814,-0.0048,-0.4686,0.5836,0.2697,-0.0050,0.2697,-0.1874,-0.0707,0.9616
36.5000,0.4869,0.7100,0.2401,0.0227,0.2411,-0.0814,-0.0048,-0.4666,0.5840,0.2697,-0.0050,0.2697,-0.1841,-0.0707,0.9617
36.5198,0.4891,0.7103,0.2403,0.0226,0.2413,-0.0814,-0.0101,-0.4644,0.5843,0.2677,-0.0030,0.2677,-0.1811,-0.0609,0.9618
36.5202,0.4909,0.7106,0.2403,0.0226,0.2413,-0.0814,-0.0101,-0.4627,0.5846,0.2674,-0.0020,0.2674,-0.1782,-0.0590,0.9619
36.5296,0.4932,0.7109,0.2399,0.0226,0.2410,-0.0813,-0.0149,-0.4607,0.5850,0.2663,-0.0012,0.2663,-0.1761,-0.0572,0.9622
36.5299,0.4955,0.7113,0.2399,0.0226,0.2410,-0.0812,-0.0149,-0.4586,0.5853,0.2663,-0.0012,0.2663,-0.1737,-0.0572,0.9624
36.5496,0.4977,0.7116,0.2423,0.0228,0.2433,-0.0812,-0.0160,-0.4569,0.5857,0.2648,0.0009,0.2648,-0.1708,-0.0429,0.9629
36.5600,0.5000,0.7122,0.2439,0.0230,0.2450,-0.0812,-0.0160,-0.4549,0.5861,0.2636,0.0018,0.2636,-0.1672,-0.0342,0.9632
36.5603,0.5022,0.7126,0.2458,0.0236,0.2469,-0.0812,-0.0134,-0.4533,0.5864,0.2622,0.0030,0.2622,-0.1640,-0.0221,0.9638
36.5798,0.5042,0.7130,0.2476,0.0239,0.2488,-0.0812,-0.0120,-0.4517,0.5866,0.2604,0.0039,0.2604,-0.1600,-0.0135,0.9642
36.5804,0.5062,0.7134,0.2476,0.0239,0.2488,-0.0812,-0.0120,-0.4500,0.5867,0.2604,0.0039,0.2604,-0.1561,-0.0135,0.9646
36.5896,0.5084,0.7139,0.2495,0.0243,0.2507,-0.0812,-0.0150,-0.4481,0.5869,0.2565,0.0059,0.2566,-0.1510,0.0020,0.9650
36.5898,0.5107,0.7145,0.2495,0.0243,0.2507,-0.0812,-0.0150,-0.4461,0.5871,0.2565,0.0059,0.2566,-0.1460,0.0020,0.9653
36.6097,0.5129,0.7150,0.2507,0.0252,0.2520,-0.0812,-0.0149,-0.4440,0.5873,0.2546,0.0076,0.2547,-0.1416,0.0132,0.9654
36.6102,0.5149,0.7156,0.2507,0.0252,0.2520,-0.0812,-0.0149,-0.4420,0.5876,0.2549,0.0083,0.2551,-0.1369,0.0140,0.9655
36.6198,0.5168,0.7161,0.2517,0.0266,0.2531,-0.0812,-0.0118,-0.4402,0.5880,0.2542,0.0093,0.2543,-0.1331,0.0138,0.9656
36.6202,0.5187,0.7167,0.2517,0.0266,0.2531,-0.0816,-0.0118,-0.4383,0.5885,0.2542,0.0093,0.2543,-0.1292,0.0138,0.9656
36.6397,0.5204,0.7172,0.2517,0.0277,0.2532,-0.0821,0.0082,-0.4366,0.5890,0.2520,0.0123,0.2523,-0.1259,0.0131,0.9656
36.6498,0.5227,0.7177,0.2520,0.0283,0.2536,-0.0824,0.0217,-0.4346,0.5897,0.2508,0.0140,0.2512,-0.1217,0.0110,0.9658
36.6502,0.5242,0.7181,0.2520,0.0283,0.2536,-0.0823,0.0217,-0.4332,0.5900,0.2508,0.0140,0.2512,-0.1192,0.0110,0.9659
36.6697,0.5262,0.7186,0.2525,0.0295,0.2542,-0.0823,0.0389,-0.4314,0.5904,0.2477,0.0174,0.2484,-0.1153,0.0115,0.9661
36.6700,0.5282,0.7191,0.2525,0.0295,0.2542,-0.0822,0.0389,-0.4296,0.5908,0.2469,0.0188,0.2476,-0.1111,0.0129,0.9663
36.6797,0.5303,0.7197,0.2531,0.0308,0.2549,-0.0822,0.0461,-0.4277,0.5911,0.2460,0.0202,0.2468,-0.1066,0.0172,0.9665
36.6803,0.5323,0.7202,0.2531,0.0308,0.2549,-0.0824,0.0461,-0.4258,0.5915,0.2452,0.0215,0.2461,-0.1026,0.0236,0.9668
36.6998,0.5347,0.7211,0.2535,0.0324,0.2555,-0.0829,0.0481,-0.4236,0.5921,0.2445,0.0228,0.2455,-0.0979,0.0271,0.9669
36.7003,0.5365,0.7219,0.2541,0.0338,0.2564,-0.0831,0.0353,-0.4218,0.5926,0.2440,0.0248,0.2453,-0.0941,0.0296,0.9670
36.7197,0.5383,0.7229,0.2536,0.0350,0.2560,-0.0839,0.0193,-0.4201,0.5932,0.2427,0.0266,0.2442,-0.0911,0.0316,0.9671
36.7200,0.5405,0.7240,0.2536,0.0350,0.2560,-0.0850,0.0193,-0.4180,0.5940,0.2418,0.0284,0.2435,-0.0870,0.0322,0.9673
36.7297,0.5422,0.7249,0.2537,0.0385,0.2566,-0.0867,-0.0012,-0.4164,0.5947,0.2408,0.0308,0.2428,-0.0840,0.0339,0.9674
36.7393,0.5442,0.7260,0.2535,0.0402,0.2567,-0.0891,-0.0073,-0.4145,0.5955,0.2401,0.0327,0.2423,-0.0809,0.0371,0.9675
36.7396,0.5459,0.7267,0.2535,0.0402,0.2567,-0.0903,-0.0073,-0.4128,0.5961,0.2401,0.0327,0.2423,-0.0776,0.0371,0.9676
36.7600,0.5479,0.7274,0.2528,0.0432,0.2564,-0.0915,-0.0080,-0.4110,0.5968,0.2385,0.0362,0.2413,-0.0737,0.0391,0.9678
36.7604,0.5498,0.7281,0.2528,0.0432,0.2564,-0.0918,-0.0080,-0.4092,0.5974,0.2378,0.0379,0.2408,-0.0697,0.0398,0.9679
36.7695,0.5516,0.7287,0.2516,0.0458,0.2557,-0.0919,-0.0081,-0.4076,0.5980,0.2368,0.0396,0.2401,-0.0663,0.0407,0.9680
36.7698,0.5538,0.7294,0.2510,0.0468,0.2553,-0.0920,-0.0078,-0.4056,0.5988,0.2358,0.0412,0.2394,-0.0619,0.0418,0.9683
36.7897,0.5558,0.7301,0.2508,0.0481,0.2553,-0.0922,-0.0080,-0.4040,0.5996,0.2353,0.0431,0.2392,-0.0578,0.0435,0.9686
36.7901,0.5578,0.7309,0.2508,0.0481,0.2553,-0.0923,-0.0080,-0.4023,0.6004,0.2353,0.0431,0.2392,-0.0543,0.0435,0.9689
36.8096,0.5598,0.7316,0.2500,0.0504,0.2551,-0.0926,-0.0021,-0.4006,0.6013,0.2331,0.0467,0.2377,-0.0510,0.0475,0.9693
36.8099,0.5619,0.7324,0.2500,0.0504,0.2551,-0.0925,-0.0021,-0.3989,0.6022,0.2328,0.0485,0.2378,-0.0475,0.0495,0.9696
36.8196,0.5639,0.7333,0.2497,0.0531,0.2553,-0.0925,0.0048,-0.3972,0.6030,0.2313,0.0504,0.2367,-0.0432,0.0532,0.9699
36.8199,0.5659,0.7341,0.2496,0.0546,0.2555,-0.0924,0.0057,-0.3955,0.6038,0.2313,0.0504,0.2367,-0.0391,0.0532,0.9703
36.8396,0.5681,0.7351,0.2495,0.0562,0.2557,-0.0926,0.0041,-0.3937,0.6047,0.2294,0.0539,0.2356,-0.0357,0.0590,0.9706
36.8399,0.5702,0.7358,0.2495,0.0562,0.2557,-0.0925,0.0041,-0.3921,0.6055,0.2288,0.0557,0.2355,-0.0320,0.0614,0.9711
36.8600,0.5724,0.7367,0.2494,0.0593,0.2563,-0.0916,-0.0014,-0.3902,0.6063,0.2279,0.0572,0.2350,-0.0277,0.0634,0.9715
36.8602,0.5746,0.7375,0.2493,0.0609,0.2566,-0.0904,-0.0034,-0.3887,0.6070,0.2279,0.0572,0.2350,-0.0242,0.0634,0.9721
36.8695,0.5769,0.7383,0.2495,0.0624,0.2572,-0.0894,-0.0044,-0.3870,0.6078,0.2258,0.0602,0.2337,-0.0203,0.0713,0.9727
36.8698,0.5789,0.7390,0.2495,0.0624,0.2572,-0.0884,-0.0044,-0.3854,0.6085,0.2246,0.0615,0.2329,-0.0173,0.0748,0.9731
36.8896,0.5815,0.7398,0.2496,0.0649,0.2579,-0.0874,-0.0015,-0.3835,0.6094,0.2240,0.0625,0.2326,-0.0131,0.0775,0.9737
36.8899,0.5837,0.7405,0.2501,0.0660,0.2586,-0.0865,-0.0020,-0.3817,0.6103,0.2235,0.0635,0.2323,-0.0089,0.0798,0.9742
36.8997,0.5859,0.7413,0.2504,0.0673,0.2593,-0.0858,-0.0026,-0.3801,0.6112,0.2233,0.0646,0.2325,-0.0053,0.0827,0.9748
36.9000,0.5881,0.7421,0.2501,0.0685,0.2593,-0.0850,-0.0035,-0.3784,0.6122,0.2223,0.0654,0.2318,-0.0015,0.0857,0.9752
36.9197,0.5901,0.7429,0.2504,0.0698,0.2599,-0.0846,-0.0036,-0.3767,0.6130,0.2219,0.0662,0.2315,0.0015,0.0885,0.9756
36.9201,0.5923,0.7439,0.2504,0.0698,0.2599,-0.0843,-0.0036,-0.3750,0.6139,0.2219,0.0662,0.2315,0.0048,0.0885,0.9760
36.9395,0.5942,0.7447,0.2504,0.0726,0.2607,-0.0839,-0.0034,-0.3735,0.6148,0.2209,0.0676,0.2310,0.0072,0.0958,0.9764
36.9398,0.5965,0.7458,0.2504,0.0726,0.2607,-0.0830,-0.0034,-0.3717,0.6157,0.2209,0.0676,0.2310,0.0103,0.0958,0.9769
36.9599,0.5984,0.7465,0.2502,0.0753,0.2612,-0.0823,-0.0017,-0.3703,0.6168,0.2192,0.0690,0.2298,0.0146,0.1023,0.9774
36.9602,0.6006,0.7474,0.2502,0.0753,0.2612,-0.0818,-0.0017,-0.3686,0.6177,0.2176,0.0701,0.2286,0.0180,0.1047,0.9778
36.9694,0.6029,0.7483,0.2493,0.0775,0.2610,-0.0813,-0.0024,-0.3668,0.6188,0.2164,0.0710,0.2278,0.0210,0.1064,0.9784
36.9696,0.6054,0.7494,0.2493,0.0775,0.2610,-0.0806,-0.0024,-0.3650,0.6198,0.2164,0.0710,0.2278,0.0236,0.1064,0.9790
36.9897,0.6074,0.7502,0.2496,0.0804,0.2622,-0.0801,-0.0055,-0.3634,0.6207,0.2150,0.0737,0.2273,0.0265,0.1029,0.9794
36.9900,0.6096,0.7512,0.2496,0.0804,0.2622,-0.0794,-0.0055,-0.3616,0.6218,0.2150,0.0737,0.2273,0.0294,0.1029,0.9798
36.9996,0.6116,0.7521,0.2496,0.0831,0.2631,-0.0792,-0.0075,-0.3601,0.6228,0.2139,0.0763,0.2271,0.0319,0.0912,0.9802
36.9999,0.6137,0.7531,0.2496,0.0831,0.2631,-0.0786,-0.0075,-0.3582,0.6240,0.2139,0.0763,0.2271,0.0354,0.0912,0.9805
37.0198,0.6159,0.7540,0.2493,0.0855,0.2636,-0.0778,-0.0074,-0.3564,0.6252,0.2123,0.0793,0.2267,0.0387,0.0863,0.9808
37.0202,0.6178,0.7549,0.2493,0.0855,0.2636,-0.0774,-0.0074,-0.3546,0.6262,0.2126,0.0811,0.2275,0.0422,0.0844,0.9810
37.0396,0.6201,0.7558,0.2493,0.0880,0.2644,-0.0767,-0.0076,-0.3527,0.6273,0.2121,0.0824,0.2276,0.0453,0.0803,0.9812
37.0399,0.6221,0.7566,0.2493,0.0880,0.2644,-0.0758,-0.0076,-0.3510,0.6283,0.2121,0.0824,0.2276,0.0487,0.0803,0.9815
37.0597,0.6243,0.7576,0.2488,0.0900,0.2646,-0.0745,-0.0072,-0.3492,0.6295,0.2118,0.0853,0.2283,0.0524,0.0647,0.9819
37.0602,0.6243,0.7576,0.2488,0.0900,0.2646,-0.0745,-0.0072,-0.3475,0.6307,0.2115,0.0868,0.2286,0.0551,0.0511,0.9801
37.0696,0.6283,0.7594,0.2483,0.0917,0.2647,-0.0720,-0.0107,-0.3459,0.6318,0.2115,0.0886,0.2293,0.0573,0.0390,0.9826
37.0698,0.6305,0.7604,0.2483,0.0917,0.2647,-0.0702,-0.0107,-0.3441,0.6331,0.2115,0.0886,0.2293,0.0599,0.0390,0.9829
37.0799,0.6325,0.7612,0.2486,0.0938,0.2657,-0.0689,-0.0096,-0.3423,0.6343,0.2119,0.0928,0.2313,0.0615,0.0170,0.9831
37.0999,0.6367,0.7630,0.2480,0.0954,0.2657,-0.0659,-0.0093,-0.3405,0.6354,0.2116,0.0947,0.2318,0.0633,0.0084,0.9855
37.1002,0.6367,0.7630,0.2480,0.0954,0.2657,-0.0659,-0.0093,-0.3388,0.6364,0.2116,0.0947,0.2318,0.0654,0.0084,0.9836
37.1098,0.6390,0.7641,0.2477,0.0960,0.2657,-0.0636,-0.0096,-0.3368,0.6377,0.2105,0.0982,0.2323,0.0678,0.0058,0.9839
37.1101,0.6409,0.7649,0.2482,0.0970,0.2664,-0.0624,-0.0121,-0.3352,0.6387,0.2105,0.1003,0.2332,0.0706,0.0095,0.9842
37.1298,0.6431,0.7660,0.2482,0.0976,0.2667,-0.0611,-0.0184,-0.3333,0.6400,0.2100,0.1015,0.2333,0.0738,0.0124,0.9845
37.1301,0.6451,0.7669,0.2487,0.0985,0.2675,-0.0598,-0.0306,-0.3316,0.6413,0.2099,0.1030,0.2338,0.0760,0.0147,0.9848
37.1396,0.6469,0.7677,0.2494,0.0995,0.2685,-0.0588,-0.0432,-0.3301,0.6424,0.2100,0.1045,0.2346,0.0777,0.0175,0.9851
37.1399,0.6491,0.7686,0.2494,0.0995,0.2685,-0.0570,-0.0432,-0.3283,0.6439,0.2100,0.1045,0.2346,0.0798,0.0175,0.9854
37.1598,0.6513,0.7695,0.2500,0.1010,0.2696,-0.0554,-0.0594,-0.3265,0.6452,0.2099,0.1077,0.2359,0.0815,0.0182,0.9857
37.1603,0.6536,0.7705,0.2503,0.1017,0.2702,-0.0536,-0.0633,-0.3247,0.6467,0.2097,0.1097,0.2366,0.0836,0.0155,0.9861
37.1797,0.6556,0.7714,0.2509,0.1028,0.2712,-0.0522,-0.0637,-0.3231,0.6480,0.2098,0.1119,0.2377,0.0856,0.0102,0.9864
37.1801,0.6573,0.7721,0.2509,0.1028,0.2712,-0.0513,-0.0637,-0.3218,0.6490,0.2092,0.1138,0.2381,0.0869,0.0045,0.9869
37.1897,0.6598,0.7734,0.2500,0.1039,0.2708,-0.0497,-0.0622,-0.3200,0.6505,0.2080,0.1152,0.2378,0.0893,0.0023,0.9874
37.2100,0.6618,0.7746,0.2501,0.1047,0.2711,-0.0490,-0.0474,-0.3184,0.6517,0.2072,0.1169,0.2379,0.0915,0.0020,0.9879
37.2104,0.6637,0.7756,0.2506,0.1054,0.2719,-0.0484,-0.0315,-0.3168,0.6529,0.2068,0.1183,0.2383,0.0936,0.0026,0.9881
37.2196,0.6657,0.7768,0.2508,0.1056,0.2721,-0.0470,-0.0218,-0.3148,0.6545,0.2066,0.1195,0.2387,0.0954,0.0039,0.9881
37.2199,0.6676,0.7778,0.2506,0.1055,0.2718,-0.0463,-0.0087,-0.3133,0.6558,0.2066,0.1195,0.2387,0.0971,0.0039,0.9884
37.2398,0.6695,0.7788,0.2507,0.1056,0.2720,-0.0456,-0.0023,-0.3117,0.6573,0.2062,0.1221,0.2396,0.0991,0.0081,0.9887
37.2401,0.6713,0.7798,0.2506,0.1058,0.2720,-0.0451,0.0003,-0.3103,0.6586,0.2056,0.1236,0.2399,0.1007,0.0084,0.9891
37.2497,0.6732,0.7808,0.2507,0.1062,0.2723,-0.0446,0.0000,-0.3088,0.6599,0.2050,0.1250,0.2401,0.1018,0.0084,0.9894
37.2502,0.6753,0.7820,0.2507,0.1062,0.2723,-0.0443,0.0000,-0.3070,0.6613,0.2050,0.1250,0.2401,0.1032,0.0084,0.9897
37.2697,0.6770,0.7830,0.2509,0.1078,0.2731,-0.0440,-0.0007,-0.3055,0.6625,0.2043,0.1278,0.2410,0.1046,0.0126,0.9899
37.2702,0.6790,0.7842,0.2509,0.1078,0.2731,-0.0428,-0.0007,-0.3036,0.6639,0.2043,0.1278,0.2410,0.1060,0.0126,0.9899
37.2797,0.6808,0.7852,0.2505,0.1096,0.2734,-0.0424,-0.0012,-0.3020,0.6652,0.2041,0.1302,0.2421,0.1070,0.0144,0.9901
37.2803,0.6829,0.7862,0.2505,0.1096,0.2734,-0.0414,-0.0012,-0.3002,0.6667,0.2041,0.1311,0.2426,0.1082,0.0149,0.9903
37.2998,0.6848,0.7871,0.2503,0.1107,0.2736,-0.0404,-0.0012,-0.2986,0.6680,0.2044,0.1325,0.2435,0.1095,0.0142,0.9907
37.3002,0.6869,0.7881,0.2500,0.1110,0.2736,-0.0390,-0.0002,-0.2970,0.6695,0.2040,0.1334,0.2437,0.1112,0.0141,0.9911
37.3197,0.6888,0.7890,0.2501,0.1114,0.2738,-0.0379,0.0014,-0.2956,0.6707,0.2038,0.1346,0.2442,0.1123,0.0140,0.9914
37.3201,0.6911,0.7903,0.2498,0.1115,0.2736,-0.0364,0.0025,-0.2937,0.6723,0.2038,0.1346,0.2442,0.1139,0.0140,0.9919
37.3399,0.6928,0.7912,0.2503,0.1124,0.2744,-0.0354,0.0041,-0.2923,0.6734,0.2037,0.1370,0.2455,0.1154,0.0146,0.9921
37.3404,0.6948,0.7924,0.2494,0.1123,0.2735,-0.0346,0.0060,-0.2906,0.6747,0.2037,0.1370,0.2455,0.1174,0.0146,0.9924
37.3496,0.6970,0.7935,0.2492,0.1132,0.2736,-0.0340,0.0067,-0.2889,0.6759,0.2029,0.1384,0.2456,0.1192,0.0172,0.9928
37.3499,0.6989,0.7945,0.2492,0.1132,0.2736,-0.0334,0.0067,-0.2871,0.6772,0.2028,0.1393,0.2460,0.1212,0.0223,0.9929
37.3699,0.7009,0.7955,0.2486,0.1140,0.2735,-0.0325,0.0081,-0.2853,0.6787,0.2032,0.1404,0.2470,0.1232,0.0252,0.9931
37.3703,0.7027,0.7965,0.2480,0.1144,0.2732,-0.0317,0.0076,-0.2836,0.6801,0.2034,0.1418,0.2480,0.1249,0.0270,0.9932
37.3797,0.7046,0.7974,0.2476,0.1150,0.2730,-0.0310,0.0077,-0.2820,0.6815,0.2036,0.1432,0.2489,0.1264,0.0268,0.9933
37.3800,0.7063,0.7985,0.2476,0.1150,0.2730,-0.0301,0.0077,-0.2802,0.6828,0.2036,0.1432,0.2489,0.1280,0.0268,0.9933
37.3996,0.7083,0.7996,0.2452,0.1159,0.2712,-0.0290,0.0133,-0.2782,0.6843,0.2030,0.1450,0.2495,0.1300,0.0249,0.9932
37.3999,0.7101,0.8006,0.2452,0.1159,0.2712,-0.0284,0.0133,-0.2767,0.6857,0.2030,0.1450,0.2495,0.1315,0.0249,0.9934
37.4197,0.7122,0.8018,0.2439,0.1170,0.2705,-0.0275,0.0153,-0.2748,0.6871,0.2035,0.1469,0.2510,0.1337,0.0260,0.9937
37.4199,0.7141,0.8029,0.2442,0.1178,0.2711,-0.0265,0.0150,-0.2732,0.6886,0.2038,0.1483,0.2520,0.1352,0.0274,0.9939
37.4296,0.7178,0.8049,0.2429,0.1180,0.2701,-0.0245,0.0151,-0.2718,0.6899,0.2036,0.1492,0.2524,0.1362,0.0260,0.9962
37.4298,0.7178,0.8049,0.2429,0.1180,0.2701,-0.0245,0.0151,-0.2701,0.6917,0.2036,0.1492,0.2524,0.1371,0.0260,0.9944
37.4497,0.7197,0.8059,0.2426,0.1182,0.2698,-0.0236,0.0153,-0.2685,0.6933,0.2033,0.1518,0.2537,0.1382,0.0280,0.9947
37.4596,0.7219,0.8072,0.2426,0.1187,0.2701,-0.0228,0.0157,-0.2668,0.6951,0.2035,0.1530,0.2546,0.1391,0.0267,0.9950
37.4600,0.7236,0.8083,0.2426,0.1187,0.2701,-0.0226,0.0157,-0.2654,0.6965,0.2035,0.1547,0.2556,0.1393,0.0229,0.9953
37.4798,0.7255,0.8094,0.2414,0.1199,0.2695,-0.0223,0.0149,-0.2640,0.6981,0.2028,0.1555,0.2556,0.1398,0.0216,0.9957
37.4801,0.7273,0.8105,0.2414,0.1199,0.2695,-0.0220,0.0149,-0.2625,0.6995,0.2028,0.1555,0.2556,0.1405,0.0216,0.9960
37.4897,0.7292,0.8117,0.2400,0.1206,0.2686,-0.0219,0.0138,-0.2608,0.7011,0.2018,0.1576,0.2561,0.1413,0.0210,0.9962
37.4900,0.7309,0.8127,0.2400,0.1206,0.2686,-0.0218,0.0138,-0.2593,0.7025,0.2018,0.1576,0.2561,0.1418,0.0210,0.9963
37.5097,0.7326,0.8138,0.2387,0.1213,0.2677,-0.0216,0.0137,-0.2577,0.7041,0.2016,0.1594,0.2570,0.1423,0.0242,0.9964
37.5100,0.7345,0.8149,0.2387,0.1213,0.2677,-0.0213,0.0137,-0.2560,0.7060,0.2010,0.1602,0.2571,0.1429,0.0257,0.9964
37.5298,0.7360,0.8158,0.2372,0.1217,0.2666,-0.0211,0.0143,-0.2545,0.7075,0.2008,0.1617,0.2578,0.1432,0.0266,0.9964
37.5301,0.7378,0.8170,0.2364,0.1219,0.2660,-0.0206,0.0143,-0.2528,0.7092,0.2003,0.1627,0.2581,0.1437,0.0274,0.9965
37.5398,0.7413,0.8194,0.2346,0.1228,0.2648,-0.0200,0.0141,-0.2513,0.7108,0.1999,0.1639,0.2585,0.1440,0.0287,0.9986
37.5401,0.7413,0.8194,0.2346,0.1228,0.2648,-0.0200,0.0141,-0.2495,0.7128,0.1999,0.1639,0.2585,0.1447,0.0287,0.9966
37.5596,0.7431,0.8205,0.2340,0.1236,0.2646,-0.0197,0.0137,-0.2480,0.7145,0.1993,0.1665,0.2597,0.1456,0.0313,0.9968
37.5695,0.7450,0.8217,0.2335,0.1241,0.2644,-0.0193,0.0151,-0.2463,0.7164,0.1990,0.1677,0.2602,0.1459,0.0316,0.9969
37.5697,0.7466,0.8225,0.2335,0.1241,0.2644,-0.0186,0.0151,-0.2450,0.7180,0.1990,0.1677,0.2602,0.1460,0.0316,0.9971
37.5799,0.7485,0.8237,0.2322,0.1243,0.2634,-0.0179,0.0192,-0.2432,0.7200,0.1983,0.1698,0.2611,0.1462,0.0311,0.9971
37.5802,0.7501,0.8247,0.2319,0.1248,0.2634,-0.0172,0.0206,-0.2417,0.7217,0.1982,0.1715,0.2621,0.1463,0.0288,0.9971
37.5997,0.7519,0.8260,0.2309,0.1252,0.2626,-0.0164,0.0224,-0.2399,0.7235,0.1977,0.1726,0.2624,0.1464,0.0280,0.9970
37.6001,0.7535,0.8271,0.2309,0.1252,0.2626,-0.0159,0.0224,-0.2382,0.7251,0.1978,0.1741,0.2635,0.1467,0.0269,0.9969
37.6197,0.7551,0.8283,0.2290,0.1261,0.2614,-0.0154,0.0240,-0.2366,0.7267,0.1972,0.1747,0.2634,0.1469,0.0264,0.9969
37.6200,0.7567,0.8294,0.2290,0.1261,0.2614,-0.0151,0.0240,-0.2352,0.7283,0.1972,0.1760,0.2644,0.1471,0.0264,0.9970
37.6297,0.7585,0.8307,0.2272,0.1270,0.2603,-0.0148,0.0243,-0.2335,0.7301,0.1963,0.1765,0.2640,0.1473,0.0266,0.9971
37.6394,0.7605,0.8321,0.2268,0.1275,0.2602,-0.0145,0.0239,-0.2319,0.7322,0.1962,0.1777,0.2647,0.1473,0.0271,0.9974
37.6399,0.7619,0.8331,0.2268,0.1275,0.2602,-0.0142,0.0239,-0.2306,0.7339,0.1965,0.1796,0.2662,0.1473,0.0275,0.9975
37.6597,0.7635,0.8343,0.2256,0.1291,0.2599,-0.0140,0.0218,-0.2292,0.7358,0.1954,0.1800,0.2657,0.1473,0.0277,0.9976
37.6600,0.7651,0.8355,0.2244,0.1296,0.2592,-0.0139,0.0206,-0.2277,0.7378,0.1946,0.1812,0.2659,0.1471,0.0282,0.9976
37.6696,0.7665,0.8366,0.2230,0.1300,0.2581,-0.0138,0.0174,-0.2263,0.7394,0.1940,0.1822,0.2661,0.1465,0.0297,0.9976
37.6699,0.7683,0.8380,0.2230,0.1300,0.2581,-0.0138,0.0174,-0.2246,0.7414,0.1935,0.1828,0.2662,0.1457,0.0300,0.9975
37.6898,0.7696,0.8391,0.2218,0.1317,0.2580,-0.0138,0.0150,-0.2231,0.7430,0.1945,0.1846,0.2682,0.1450,0.0303,0.9974
37.6902,0.7714,0.8405,0.2198,0.1313,0.2560,-0.0139,0.0145,-0.2212,0.7449,0.1945,0.1846,0.2682,0.1439,0.0303,0.9972
37.7097,0.7729,0.8416,0.2192,0.1318,0.2557,-0.0139,0.0148,-0.2197,0.7466,0.1944,0.1864,0.2693,0.1430,0.0313,0.9971
37.7100,0.7744,0.8428,0.2192,0.1318,0.2557,-0.0139,0.0148,-0.2181,0.7484,0.1944,0.1864,0.2693,0.1424,0.0313,0.9970
37.7198,0.7760,0.8439,0.2173,0.1320,0.2543,-0.0138,0.0149,-0.2164,0.7502,0.1935,0.1878,0.2696,0.1417,0.0323,0.9967
37.7203,0.7775,0.8452,0.2173,0.1320,0.2543,-0.0136,0.0149,-0.2147,0.7520,0.1935,0.1878,0.2696,0.1409,0.0323,0.9966
37.7396,0.7790,0.8463,0.2161,0.1326,0.2535,-0.0133,0.0151,-0.2130,0.7539,0.1940,0.1894,0.2711,0.1403,0.0316,0.9963
37.7399,0.7804,0.8475,0.2153,0.1331,0.2531,-0.0127,0.0162,-0.2114,0.7558,0.1945,0.1906,0.2724,0.1396,0.0328,0.9960
37.7597,0.7821,0.8489,0.2144,0.1334,0.2525,-0.0117,0.0167,-0.2095,0.7578,0.1948,0.1918,0.2733,0.1383,0.0318,0.9958
37.7601,0.7835,0.8500,0.2144,0.1334,0.2525,-0.0110,0.0167,-0.2080,0.7595,0.1948,0.1918,0.2733,0.1373,0.0318,0.9956
37.7697,0.7851,0.8513,0.2131,0.1339,0.2517,-0.0099,0.0191,-0.2062,0.7615,0.1950,0.1939,0.2751,0.1359,0.0287,0.9954
37.7700,0.7865,0.8525,0.2131,0.1339,0.2517,-0.0092,0.0191,-0.2046,0.7631,0.1950,0.1939,0.2751,0.1347,0.0287,0.9951
37.7896,0.7882,0.8540,0.2113,0.1346,0.2506,-0.0084,0.0176,-0.2026,0.7651,0.1947,0.1959,0.2762,0.1325,0.0275,0.9947
37.7899,0.7896,0.8553,0.2106,0.1356,0.2505,-0.0077,0.0165,-0.2009,0.7669,0.1952,0.1970,0.2773,0.1312,0.0269,0.9945
37.8098,0.7910,0.8564,0.2096,0.1362,0.2500,-0.0069,0.0151,-0.1993,0.7687,0.1954,0.1979,0.2781,0.1292,0.0268,0.9942
37.8104,0.7926,0.8577,0.2096,0.1362,0.2500,-0.0059,0.0151,-0.1976,0.7706,0.1954,0.1979,0.2781,0.1272,0.0268,0.9940
37.8196,0.7941,0.8590,0.2076,0.1374,0.2490,-0.0054,0.0128,-0.1960,0.7725,0.1961,0.1998,0.2799,0.1257,0.0260,0.9939
37.8199,0.7957,0.8604,0.2076,0.1374,0.2490,-0.0047,0.0128,-0.1944,0.7745,0.1954,0.2003,0.2798,0.1238,0.0255,0.9938
37.8396,0.7969,0.8613,0.2058,0.1382,0.2479,-0.0040,0.0141,-0.1932,0.7760,0.1959,0.2022,0.2815,0.1226,0.0244,0.9938
37.8497,0.7987,0.8630,0.2042,0.1379,0.2464,-0.0034,0.0153,-0.1913,0.7782,0.1949,0.2027,0.2812,0.1204,0.0223,0.9937
37.8501,0.7999,0.8642,0.2035,0.1389,0.2464,-0.0029,0.0160,-0.1899,0.7797,0.1951,0.2045,0.2826,0.1186,0.0170,0.9934
37.8598,0.8014,0.8658,0.2020,0.1395,0.2455,-0.0022,0.0164,-0.1882,0.7816,0.1943,0.2050,0.2825,0.1165,0.0142,0.9932
37.8602,0.8028,0.8672,0.2020,0.1395,0.2455,-0.0020,0.0164,-0.1866,0.7832,0.1941,0.2058,0.2829,0.1139,0.0147,0.9930
37.8796,0.8044,0.8687,0.2002,0.1414,0.2451,-0.0018,0.0144,-0.1848,0.7850,0.1940,0.2063,0.2832,0.1119,0.0156,0.9927
37.8799,0.8056,0.8698,0.1997,0.1425,0.2453,-0.0014,0.0110,-0.1831,0.7866,0.1943,0.2071,0.2840,0.1105,0.0173,0.9923
37.8998,0.8072,0.8713,0.1986,0.1427,0.2446,-0.0013,0.0083,-0.1813,0.7885,0.1941,0.2077,0.2843,0.1083,0.0185,0.9920
37.9002,0.8086,0.8726,0.1986,0.1427,0.2446,-0.0011,0.0083,-0.1797,0.7904,0.1938,0.2084,0.2846,0.1059,0.0201,0.9917
37.9095,0.8099,0.8739,0.1971,0.1439,0.2440,-0.0006,0.0057,-0.1780,0.7924,0.1939,0.2094,0.2854,0.1033,0.0198,0.9913
37.9098,0.8111,0.8752,0.1971,0.1439,0.2440,0.0001,0.0057,-0.1763,0.7942,0.1939,0.2094,0.2854,0.1011,0.0198,0.9908
37.9298,0.8125,0.8767,0.1941,0.1447,0.2422,0.0003,0.0062,-0.1747,0.7962,0.1937,0.2113,0.2867,0.0987,0.0195,0.9905
37.9301,0.8139,0.8782,0.1941,0.1447,0.2422,0.0006,0.0062,-0.1729,0.7982,0.1941,0.2125,0.2878,0.0955,0.0190,0.9900
37.9498,0.8153,0.8797,0.1922,0.1467,0.2418,0.0009,0.0065,-0.1712,0.8001,0.1944,0.2131,0.2885,0.0929,0.0194,0.9897
37.9501,0.8166,0.8810,0.1922,0.1467,0.2418,0.0010,0.0065,-0.1697,0.8018,0.1946,0.2136,0.2890,0.0907,0.0197,0.9894
37.9598,0.8180,0.8824,0.1893,0.1475,0.2400,0.0014,0.0056,-0.1679,0.8035,0.1942,0.2134,0.2886,0.0877,0.0229,0.9891
37.9601,0.8193,0.8837,0.1888,0.1482,0.2400,0.0021,0.0061,-0.1663,0.8051,0.1942,0.2134,0.2886,0.0853,0.0229,0.9887
37.9798,0.8207,0.8851,0.1876,0.1484,0.2392,0.0024,0.0063,-0.1645,0.8068,0.1954,0.2140,0.2898,0.0817,0.0289,0.9883
37.9802,0.8220,0.8864,0.1876,0.1484,0.2392,0.0030,0.0063,-0.1626,0.8086,0.1960,0.2145,0.2906,0.0786,0.0349,0.9877
37.9997,0.8232,0.8878,0.1856,0.1495,0.2383,0.0037,0.0109,-0.1609,0.8103,0.1964,0.2150,0.2912,0.0757,0.0377,0.9871
38.0000,0.8244,0.8892,0.1856,0.1495,0.2383,0.0044,0.0109,-0.1590,0.8123,0.1969,0.2156,0.2920,0.0725,0.0368,0.9865
38.0097,0.8258,0.8907,0.1836,0.1509,0.2377,0.0048,0.0126,-0.1573,0.8143,0.1974,0.2164,0.2929,0.0685,0.0367,0.9860
38.0100,0.8270,0.8921,0.1836,0.1509,0.2377,0.0051,0.0126,-0.1558,0.8162,0.1974,0.2164,0.2929,0.0645,0.0367,0.9857
38.0297,0.8285,0.8937,0.1820,0.1525,0.2374,0.0056,0.0124,-0.1539,0.8183,0.1974,0.2173,0.2936,0.0600,0.0337,0.9854
38.0300,0.8299,0.8952,0.1820,0.1525,0.2374,0.0061,0.0124,-0.1523,0.8203,0.1974,0.2173,0.2936,0.0562,0.0337,0.9850
38.0500,0.8311,0.8966,0.1810,0.1543,0.2378,0.0065,0.0122,-0.1507,0.8222,0.1981,0.2189,0.2952,0.0528,0.0293,0.9846
38.0503,0.8325,0.8982,0.1810,0.1543,0.2378,0.0070,0.0122,-0.1489,0.8242,0.1976,0.2189,0.2949,0.0482,0.0280,0.9842
38.0594,0.8336,0.8997,0.1788,0.1554,0.2369,0.0070,0.0155,-0.1473,0.8259,0.1982,0.2194,0.2957,0.0443,0.0278,0.9837
38.0598,0.8336,0.8997,0.1788,0.1554,0.2369,0.0070,0.0155,-0.1455,0.8280,0.1982,0.2194,0.2957,0.0403,0.0278,0.9817
38.0797,0.8359,0.9031,0.1766,0.1580,0.2369,0.0070,0.0156,-0.1439,0.8297,0.1990,0.2200,0.2966,0.0368,0.0292,0.9826
38.0896,0.8373,0.9049,0.1749,0.1588,0.2363,0.0068,0.0139,-0.1420,0.8318,0.1987,0.2193,0.2960,0.0322,0.0363,0.9820
38.0899,0.8383,0.9062,0.1743,0.1603,0.2368,0.0068,0.0120,-0.1406,0.8334,0.1987,0.2193,0.2960,0.0283,0.0363,0.9816
38.0996,0.8399,0.9081,0.1729,0.1605,0.2359,0.0067,0.0103,-0.1387,0.8357,0.1985,0.2198,0.2962,0.0226,0.0447,0.9812
38.1000,0.8413,0.9096,0.1729,0.1605,0.2359,0.0064,0.0103,-0.1372,0.8378,0.1990,0.2213,0.2976,0.0182,0.0448,0.9811
38.1199,0.8427,0.9111,0.1723,0.1625,0.2368,0.0061,0.0124,-0.1356,0.8398,0.1988,0.2220,0.2980,0.0136,0.0446,0.9809
38.1203,0.8439,0.9127,0.1723,0.1625,0.2368,0.0058,0.0124,-0.1342,0.8418,0.1988,0.2220,0.2980,0.0093,0.0446,0.9806
38.1398,0.8453,0.9145,0.1708,0.1639,0.2367,0.0056,0.0169,-0.1325,0.8441,0.1988,0.2235,0.2991,0.0042,0.0416,0.9803
38.1402,0.8463,0.9159,0.1697,0.1647,0.2365,0.0056,0.0196,-0.1311,0.8461,0.1988,0.2239,0.2994,-0.0005,0.0399,0.9799
38.1496,0.8474,0.9175,0.1687,0.1656,0.2364,0.0055,0.0205,-0.1296,0.8480,0.1989,0.2243,0.2998,-0.0049,0.0377,0.9794
38.1499,0.8487,0.9193,0.1687,0.1656,0.2364,0.0054,0.0205,-0.1277,0.8503,0.1989,0.2243,0.2998,-0.0102,0.0377,0.9789
38.1699,0.8499,0.9208,0.1672,0.1677,0.2368,0.0054,0.0207,-0.1262,0.8521,0.1999,0.2250,0.3010,-0.0140,0.0365,0.9785
38.1703,0.8514,0.9225,0.1672,0.1677,0.2368,0.0054,0.0207,-0.1244,0.8543,0.2003,0.2255,0.3016,-0.0184,0.0353,0.9781
38.1795,0.8527,0.9239,0.1662,0.1690,0.2370,0.0055,0.0223,-0.1228,0.8561,0.2004,0.2258,0.3019,-0.0222,0.0356,0.9779
38.1798,0.8543,0.9254,0.1662,0.1690,0.2370,0.0056,0.0223,-0.1210,0.8581,0.2004,0.2258,0.3019,-0.0271,0.0356,0.9776
38.1998,0.8555,0.9266,0.1657,0.1697,0.2372,0.0059,0.0316,-0.1195,0.8599,0.2004,0.2263,0.3023,-0.0305,0.0354,0.9773
38.2003,0.8569,0.9280,0.1652,0.1700,0.2371,0.0066,0.0332,-0.1177,0.8618,0.2003,0.2266,0.3024,-0.0349,0.0340,0.9769
38.2195,0.8580,0.9294,0.1649,0.1705,0.2372,0.0073,0.0369,-0.1162,0.8637,0.2006,0.2269,0.3028,-0.0381,0.0321,0.9764
38.2199,0.8592,0.9310,0.1649,0.1705,0.2372,0.0081,0.0369,-0.1144,0.8657,0.2006,0.2269,0.3028,-0.0421,0.0321,0.9758
38.2394,0.8603,0.9327,0.1633,0.1717,0.2369,0.0088,0.0432,-0.1127,0.8678,0.2006,0.2274,0.3032,-0.0465,0.0320,0.9751
38.2397,0.8612,0.9342,0.1633,0.1717,0.2369,0.0090,0.0432,-0.1111,0.8696,0.2008,0.2277,0.3036,-0.0497,0.0310,0.9745
38.2498,0.8622,0.9359,0.1616,0.1734,0.2370,0.0090,0.0456,-0.1096,0.8717,0.2006,0.2276,0.3034,-0.0544,0.0311,0.9739
38.2504,0.8631,0.9375,0.1616,0.1734,0.2370,0.0088,0.0456,-0.1081,0.8736,0.1997,0.2277,0.3029,-0.0584,0.0314,0.9733
38.2696,0.8641,0.9394,0.1591,0.1752,0.2366,0.0087,0.0453,-0.1064,0.8756,0.1998,0.2282,0.3033,-0.0625,0.0310,0.9726
38.2700,0.8651,0.9410,0.1591,0.1752,0.2366,0.0085,0.0453,-0.1048,0.8775,0.1998,0.2282,0.3033,-0.0656,0.0310,0.9719
38.2895,0.8662,0.9429,0.1572,0.1771,0.2367,0.0081,0.0458,-0.1030,0.8796,0.1997,0.2286,0.3035,-0.0698,0.0279,0.9712
38.2898,0.8671,0.9445,0.1560,0.1778,0.2365,0.0077,0.0462,-0.1014,0.8815,0.1992,0.2289,0.3034,-0.0733,0.0248,0.9706
38.2992,0.8681,0.9460,0.1550,0.1784,0.2363,0.0074,0.0475,-0.0998,0.8834,0.1991,0.2292,0.3036,-0.0769,0.0216,0.9700
38.2994,0.8692,0.9477,0.1550,0.1784,0.2363,0.0072,0.0475,-0.0980,0.8854,0.1991,0.2292,0.3036,-0.0810,0.0216,0.9692
38.3198,0.8703,0.9494,0.1533,0.1799,0.2364,0.0072,0.0491,-0.0962,0.8873,0.1991,0.2296,0.3039,-0.0842,0.0183,0.9685
38.3296,0.8715,0.9513,0.1523,0.1808,0.2364,0.0073,0.0490,-0.0941,0.8894,0.1996,0.2296,0.3042,-0.0877,0.0180,0.9676
38.3299,0.8725,0.9529,0.1523,0.1808,0.2364,0.0073,0.0490,-0.0923,0.8912,0.1996,0.2296,0.3042,-0.0908,0.0180,0.9668
38.3394,0.8735,0.9547,0.1511,0.1832,0.2375,0.0074,0.0459,-0.0905,0.8931,0.2017,0.2304,0.3062,-0.0936,0.0201,0.9659
38.3396,0.8745,0.9564,0.1511,0.1832,0.2375,0.0074,0.0459,-0.0887,0.8951,0.2017,0.2304,0.3062,-0.0970,0.0201,0.9652
38.3597,0.8757,0.9583,0.1491,0.1843,0.2370,0.0075,0.0448,-0.0868,0.8973,0.2023,0.2307,0.3068,-0.1016,0.0219,0.9644
38.3602,0.8767,0.9599,0.1485,0.1850,0.2373,0.0075,0.0449,-0.0851,0.8992,0.2029,0.2315,0.3078,-0.1054,0.0227,0.9637
38.3794,0.8778,0.9617,0.1477,0.1854,0.2370,0.0079,0.0454,-0.0832,0.9014,0.2029,0.2320,0.3083,-0.1093,0.0216,0.9629
38.3796,0.8787,0.9633,0.1477,0.1854,0.2370,0.0085,0.0454,-0.0816,0.9031,0.2032,0.2327,0.3089,-0.1118,0.0181,0.9622
38.3895,0.8798,0.9652,0.1462,0.1868,0.2372,0.0091,0.0479,-0.0797,0.9051,0.2030,0.2329,0.3090,-0.1139,0.0150,0.9614
38.3899,0.8809,0.9671,0.1462,0.1868,0.2372,0.0098,0.0479,-0.0780,0.9071,0.2030,0.2329,0.3090,-0.1161,0.0150,0.9608
38.4098,0.8819,0.9688,0.1447,0.1889,0.2379,0.0102,0.0476,-0.0764,0.9089,0.2034,0.2334,0.3096,-0.1182,0.0092,0.9601
38.4101,0.8831,0.9709,0.1439,0.1897,0.2382,0.0108,0.0473,-0.0746,0.9111,0.2034,0.2334,0.3096,-0.1205,0.0092,0.9595
38.4296,0.8839,0.9726,0.1438,0.1913,0.2393,0.0111,0.0466,-0.0731,0.9129,0.2035,0.2337,0.3099,-0.1224,0.0106,0.9589
38.4298,0.8849,0.9746,0.1438,0.1913,0.2393,0.0115,0.0466,-0.0714,0.9148,0.2035,0.2337,0.3099,-0.1249,0.0106,0.9581
38.4397,0.8858,0.9764,0.1421,0.1928,0.2395,0.0116,0.0422,-0.0697,0.9163,0.2031,0.2331,0.3092,-0.1269,0.0159,0.9574
38.4399,0.8869,0.9783,0.1421,0.1928,0.2395,0.0117,0.0422,-0.0677,0.9180,0.2031,0.2331,0.3092,-0.1288,0.0159,0.9566
38.4597,0.8880,0.9800,0.1408,0.1947,0.2403,0.0120,0.0421,-0.0657,0.9194,0.2040,0.2324,0.3092,-0.1302,0.0349,0.9556
38.4600,0.8892,0.9818,0.1400,0.1954,0.2404,0.0122,0.0414,-0.0637,0.9210,0.2044,0.2319,0.3091,-0.1312,0.0492,0.9549
38.4794,0.8901,0.9834,0.1398,0.1964,0.2410,0.0125,0.0413,-0.0620,0.9225,0.2051,0.2319,0.3096,-0.1319,0.0608,0.9541
38.4797,0.8911,0.9851,0.1398,0.1964,0.2410,0.0130,0.0413,-0.0602,0.9242,0.2051,0.2319,0.3096,-0.1327,0.0608,0.9533
38.4897,0.8929,0.9889,0.1378,0.1987,0.2418,0.0144,0.0382,-0.0583,0.9261,0.2047,0.2312,0.3088,-0.1335,0.0617,0.9533
38.4899,0.8929,0.9889,0.1378,0.1987,0.2418,0.0144,0.0382,-0.0567,0.9280,0.2047,0.2312,0.3088,-0.1343,0.0617,0.9516
38.5099,0.8939,0.9910,0.1370,0.1994,0.2419,0.0148,0.0378,-0.0551,0.9303,0.2046,0.2314,0.3089,-0.1359,0.0563,0.9509
38.5104,0.8946,0.9927,0.1362,0.2005,0.2424,0.0150,0.0380,-0.0537,0.9323,0.2043,0.2320,0.3092,-0.1382,0.0554,0.9502
38.5297,0.8956,0.9947,0.1352,0.2012,0.2425,0.0153,0.0386,-0.0520,0.9347,0.2043,0.2323,0.3093,-0.1421,0.0497,0.9495
38.5300,0.8961,0.9960,0.1352,0.2012,0.2425,0.0155,0.0386,-0.0508,0.9361,0.2040,0.2326,0.3094,-0.1442,0.0446,0.9488
38.5398,0.8971,0.9979,0.1325,0.2016,0.2412,0.0162,0.0394,-0.0488,0.9382,0.2030,0.2316,0.3080,-0.1475,0.0440,0.9478
38.5401,0.8981,0.9997,0.1320,0.2026,0.2418,0.0168,0.0393,-0.0470,0.9401,0.2038,0.2320,0.3088,-0.1499,0.0442,0.9469
38.5597,0.8992,1.0018,0.1312,0.2029,0.2416,0.0177,0.0383,-0.0450,0.9422,0.2038,0.2318,0.3087,-0.1524,0.0456,0.9461
38.5600,0.9004,1.0037,0.1312,0.2042,0.2428,0.0186,0.0375,-0.0431,0.9442,0.2038,0.2318,0.3087,-0.1543,0.0456,0.9454
38.5797,0.9011,1.0052,0.1309,0.2044,0.2428,0.0189,0.0342,-0.0417,0.9457,0.2047,0.2324,0.3097,-0.1557,0.0483,0.9447
38.5801,0.9024,1.0073,0.1309,0.2044,0.2428,0.0195,0.0342,-0.0397,0.9480,0.2043,0.2320,0.3091,-0.1581,0.0468,0.9440
38.5894,0.9033,1.0089,0.1303,0.2049,0.2428,0.0201,0.0328,-0.0381,0.9499,0.2046,0.2325,0.3097,-0.1604,0.0420,0.9432
38.5897,0.9044,1.0109,0.1303,0.2049,0.2428,0.0210,0.0328,-0.0361,0.9521,0.2051,0.2330,0.3104,-0.1635,0.0418,0.9424
38.6098,0.9053,1.0127,0.1291,0.2057,0.2428,0.0217,0.0312,-0.0345,0.9540,0.2052,0.2328,0.3103,-0.1656,0.0422,0.9417
38.6101,0.9064,1.0145,0.1281,0.2062,0.2428,0.0227,0.0306,-0.0328,0.9562,0.2053,0.2325,0.3102,-0.1682,0.0430,0.9409
38.6198,0.9071,1.0160,0.1274,0.2067,0.2428,0.0237,0.0357,-0.0314,0.9582,0.2057,0.2329,0.3107,-0.1704,0.0424,0.9403
38.6202,0.9080,1.0177,0.1265,0.2067,0.2423,0.0250,0.0344,-0.0298,0.9602,0.2056,0.2327,0.3105,-0.1725,0.0430,0.9396
38.6399,0.9090,1.0195,0.1255,0.2065,0.2417,0.0263,0.0334,-0.0281,0.9624,0.2053,0.2322,0.3100,-0.1755,0.0431,0.9389
38.6403,0.9099,1.0213,0.1254,0.2072,0.2422,0.0270,0.0332,-0.0265,0.9645,0.2060,0.2327,0.3107,-0.1779,0.0443,0.9381
38.6596,0.9108,1.0231,0.1251,0.2075,0.2423,0.0276,0.0324,-0.0248,0.9665,0.2061,0.2328,0.3110,-0.1805,0.0453,0.9373
38.6599,0.9116,1.0249,0.1241,0.2075,0.2418,0.0282,0.0324,-0.0233,0.9686,0.2058,0.2325,0.3105,-0.1834,0.0466,0.9366
38.6796,0.9125,1.0270,0.1233,0.2081,0.2419,0.0290,0.0297,-0.0216,0.9708,0.2058,0.2329,0.3108,-0.1855,0.0483,0.9358
38.6799,0.9132,1.0286,0.1233,0.2081,0.2419,0.0296,0.0297,-0.0202,0.9727,0.2056,0.2331,0.3108,-0.1879,0.0492,0.9351
38.6895,0.9142,1.0307,0.1209,0.2094,0.2418,0.0307,0.0196,-0.0183,0.9751,0.2051,0.2332,0.3106,-0.1917,0.0499,0.9341
38.6900,0.9150,1.0323,0.1209,0.2094,0.2418,0.0316,0.0196,-0.0168,0.9770,0.2051,0.2332,0.3106,-0.1942,0.0499,0.9334
38.7097,0.9160,1.0342,0.1191,0.2114,0.2427,0.0325,0.0106,-0.0151,0.9793,0.2054,0.2343,0.3116,-0.1966,0.0454,0.9328
38.7102,0.9169,1.0361,0.1191,0.2114,0.2427,0.0337,0.0106,-0.0137,0.9814,0.2054,0.2343,0.3116,-0.1989,0.0454,0.9322
38.7194,0.9178,1.0380,0.1179,0.2133,0.2437,0.0358,-0.0001,-0.0120,0.9836,0.2050,0.2355,0.3122,-0.2012,0.0406,0.9314
38.7197,0.9186,1.0399,0.1179,0.2133,0.2437,0.0371,-0.0001,-0.0105,0.9858,0.2048,0.2358,0.3123,-0.2041,0.0405,0.9307
38.7397,0.9194,1.0417,0.1166,0.2144,0.2440,0.0381,-0.0071,-0.0090,0.9878,0.2044,0.2361,0.3123,-0.2064,0.0401,0.9299
38.7403,0.9201,1.0435,0.1166,0.2144,0.2440,0.0392,-0.0071,-0.0074,0.9899,0.2042,0.2365,0.3125,-0.2090,0.0401,0.9291
38.7597,0.9209,1.0454,0.1159,0.2152,0.2444,0.0401,-0.0094,-0.0057,0.9920,0.2045,0.2364,0.3126,-0.2112,0.0405,0.9282
38.7603,0.9218,1.0474,0.1157,0.2157,0.2448,0.0414,-0.0103,-0.0041,0.9942,0.2047,0.2369,0.3131,-0.2138,0.0420,0.9274
38.7696,0.9226,1.0492,0.1153,0.2160,0.2448,0.0426,-0.0100,-0.0027,0.9963,0.2045,0.2371,0.3131,-0.2156,0.0428,0.9268
38.7698,0.9234,1.0511,0.1153,0.2160,0.2448,0.0440,-0.0100,-0.0011,0.9984,0.2045,0.2371,0.3131,-0.2174,0.0428,0.9260
38.7896,0.9242,1.0530,0.1144,0.2165,0.2448,0.0456,-0.0111,0.0004,1.0006,0.2037,0.2376,0.3130,-0.2194,0.0445,0.9253
38.7899,0.9251,1.0548,0.1141,0.2170,0.2452,0.0473,-0.0123,0.0019,1.0028,0.2036,0.2381,0.3132,-0.2213,0.0455,0.9246
38.8098,0.9260,1.0568,0.1138,0.2175,0.2455,0.0496,-0.0133,0.0035,1.0052,0.2033,0.2388,0.3136,-0.2238,0.0451,0.9239
38.8101,0.9266,1.0583,0.1138,0.2175,0.2455,0.0509,-0.0133,0.0045,1.0069,0.2033,0.2388,0.3136,-0.2255,0.0451,0.9234
38.8198,0.9276,1.0604,0.1126,0.2178,0.2451,0.0526,-0.0137,0.0062,1.0094,0.2015,0.2393,0.3129,-0.2281,0.0440,0.9228
38.8204,0.9283,1.0620,0.1121,0.2181,0.2453,0.0539,-0.0130,0.0074,1.0114,0.2005,0.2400,0.3127,-0.2303,0.0410,0.9223
38.8398,0.9294,1.0642,0.1117,0.2183,0.2452,0.0563,-0.0125,0.0090,1.0138,0.1995,0.2404,0.3124,-0.2331,0.0398,0.9218
38.8401,0.9302,1.0660,0.1117,0.2183,0.2452,0.0576,-0.0125,0.0102,1.0157,0.1991,0.2414,0.3129,-0.2349,0.0382,0.9214
38.8595,0.9312,1.0682,0.1115,0.2192,0.2459,0.0589,-0.0115,0.0117,1.0180,0.1979,0.2412,0.3120,-0.2378,0.0378,0.9208
38.8598,0.9319,1.0700,0.1115,0.2192,0.2459,0.0599,-0.0115,0.0130,1.0198,0.1979,0.2412,0.3120,-0.2402,0.0378,0.9202
38.8696,0.9325,1.0719,0.1104,0.2202,0.2463,0.0608,-0.0132,0.0144,1.0219,0.1963,0.2412,0.3110,-0.2428,0.0341,0.9195
38.8699,0.9332,1.0738,0.1104,0.2202,0.2463,0.0616,-0.0132,0.0158,1.0238,0.1953,0.2409,0.3102,-0.2451,0.0343,0.9187
38.8896,0.9340,1.0759,0.1089,0.2212,0.2465,0.0626,-0.0161,0.0172,1.0260,0.1949,0.2415,0.3103,-0.2480,0.0333,0.9181
38.8899,0.9347,1.0779,0.1089,0.2212,0.2465,0.0634,-0.0161,0.0186,1.0282,0.1939,0.2417,0.3099,-0.2513,0.0310,0.9175
38.8995,0.9353,1.0796,0.1076,0.2217,0.2464,0.0639,-0.0159,0.0196,1.0299,0.1932,0.2422,0.3098,-0.2540,0.0302,0.9170
38.8997,0.9362,1.0819,0.1076,0.2217,0.2464,0.0647,-0.0159,0.0212,1.0325,0.1932,0.2422,0.3098,-0.2597,0.0302,0.9163
38.9198,0.9368,1.0837,0.1063,0.2221,0.2462,0.0656,-0.0131,0.0225,1.0345,0.1916,0.2428,0.3093,-0.2615,0.0270,0.9157
38.9203,0.9375,1.0857,0.1058,0.2222,0.2461,0.0663,-0.0106,0.0236,1.0366,0.1911,0.2432,0.3093,-0.2635,0.0226,0.9152
38.9394,0.9382,1.0879,0.1052,0.2223,0.2459,0.0669,-0.0090,0.0248,1.0390,0.1899,0.2438,0.3090,-0.2655,0.0161,0.9147
38.9396,0.9387,1.0900,0.1052,0.2223,0.2459,0.0675,-0.0090,0.0258,1.0410,0.1890,0.2453,0.3097,-0.2675,0.0044,0.9142
38.9595,0.9392,1.0919,0.1036,0.2233,0.2461,0.0677,-0.0090,0.0269,1.0431,0.1871,0.2460,0.3091,-0.2692,-0.0137,0.9136
38.9598,0.9397,1.0939,0.1036,0.2233,0.2461,0.0678,-0.0090,0.0279,1.0452,0.1852,0.2473,0.3090,-0.2713,-0.0310,0.9131
38.9694,0.9402,1.0961,0.1009,0.2242,0.2459,0.0682,-0.0078,0.0290,1.0474,0.1832,0.2484,0.3086,-0.2739,-0.0470,0.9125
38.9697,0.9408,1.0983,0.1009,0.2242,0.2459,0.0684,-0.0078,0.0300,1.0497,0.1832,0.2484,0.3086,-0.2757,-0.0470,0.9121
38.9893,0.9413,1.1005,0.0993,0.2263,0.2472,0.0687,-0.0107,0.0308,1.0519,0.1804,0.2510,0.3091,-0.2787,-0.0600,0.9118
38.9896,0.9419,1.1025,0.0993,0.2263,0.2472,0.0690,-0.0107,0.0315,1.0540,0.1804,0.2510,0.3091,-0.2812,-0.0600,0.9118
38.9994,0.9426,1.1046,0.0980,0.2271,0.2473,0.0695,-0.0172,0.0322,1.0562,0.1764,0.2519,0.3075,-0.2840,-0.0735,0.9117
38.9997,0.9432,1.1065,0.0980,0.2271,0.2473,0.0701,-0.0172,0.0329,1.0579,0.1764,0.2519,0.3075,-0.2864,-0.0735,0.9116
39.0195,0.9439,1.1087,0.0972,0.2275,0.2474,0.0708,-0.0254,0.0339,1.0601,0.1731,0.2512,0.3051,-0.2893,-0.0738,0.9113
39.0199,0.9444,1.1107,0.0972,0.2275,0.2474,0.0712,-0.0254,0.0349,1.0619,0.1718,0.2509,0.3041,-0.2910,-0.0669,0.9109
39.0396,0.9450,1.1130,0.0966,0.2295,0.2490,0.0716,-0.0406,0.0362,1.0640,0.1714,0.2516,0.3044,-0.2929,-0.0648,0.9102
39.0399,0.9455,1.1152,0.0966,0.2295,0.2490,0.0717,-0.0406,0.0372,1.0658,0.1714,0.2516,0.3044,-0.2938,-0.0648,0.9096
39.0598,0.9460,1.1172,0.0948,0.2309,0.2496,0.0718,-0.0503,0.0383,1.0676,0.1684,0.2514,0.3026,-0.2944,-0.0682,0.9090
39.0602,0.9466,1.1193,0.0948,0.2309,0.2496,0.0720,-0.0503,0.0395,1.0694,0.1684,0.2514,0.3026,-0.2946,-0.0682,0.9085
39.0697,0.9472,1.1214,0.0925,0.2311,0.2489,0.0722,-0.0524,0.0406,1.0713,0.1652,0.2504,0.3000,-0.2950,-0.0755,0.9080
39.0700,0.9477,1.1233,0.0925,0.2311,0.2489,0.0725,-0.0524,0.0416,1.0732,0.1647,0.2512,0.3004,-0.2954,-0.0798,0.9075
39.0898,0.9483,1.1253,0.0906,0.2321,0.2491,0.0731,-0.0503,0.0425,1.0751,0.1625,0.2503,0.2985,-0.2961,-0.0828,0.9071
39.0901,0.9488,1.1275,0.0906,0.2321,0.2491,0.0740,-0.0503,0.0436,1.0771,0.1612,0.2503,0.2977,-0.2973,-0.0862,0.9066
39.0997,0.9492,1.1294,0.0888,0.2333,0.2496,0.0747,-0.0496,0.0444,1.0790,0.1594,0.2500,0.2965,-0.2987,-0.0920,0.9062
39.1001,0.9496,1.1317,0.0876,0.2335,0.2494,0.0750,-0.0502,0.0454,1.0811,0.1579,0.2499,0.2956,-0.3000,-0.0980,0.9056
39.1199,0.9499,1.1337,0.0865,0.2346,0.2500,0.0753,-0.0574,0.0462,1.0827,0.1564,0.2497,0.2946,-0.3009,-0.1039,0.9052
39.1203,0.9504,1.1361,0.0865,0.2346,0.2500,0.0756,-0.0574,0.0473,1.0850,0.1550,0.2491,0.2934,-0.3018,-0.1056,0.9046
39.1400,0.9509,1.1385,0.0847,0.2368,0.2515,0.0756,-0.0612,0.0484,1.0869,0.1542,0.2496,0.2933,-0.3025,-0.1049,0.9040
39.1403,0.9513,1.1403,0.0839,0.2379,0.2523,0.0756,-0.0625,0.0492,1.0885,0.1530,0.2491,0.2923,-0.3030,-0.1078,0.9035
39.1496,0.9516,1.1422,0.0828,0.2381,0.2521,0.0755,-0.0625,0.0500,1.0900,0.1515,0.2480,0.2906,-0.3032,-0.1081,0.9031
39.1500,0.9520,1.1446,0.0817,0.2382,0.2518,0.0753,-0.0644,0.0512,1.0919,0.1498,0.2469,0.2887,-0.3036,-0.1074,0.9024
39.1697,0.9525,1.1470,0.0809,0.2394,0.2526,0.0753,-0.0636,0.0524,1.0939,0.1489,0.2468,0.2882,-0.3038,-0.1053,0.9017
39.1701,0.9528,1.1491,0.0809,0.2394,0.2526,0.0752,-0.0636,0.0534,1.0957,0.1479,0.2462,0.2872,-0.3038,-0.1028,0.9010
39.1897,0.9532,1.1513,0.0793,0.2410,0.2537,0.0752,-0.0611,0.0546,1.0977,0.1472,0.2460,0.2867,-0.3036,-0.1048,0.9001
39.1901,0.9534,1.1530,0.0793,0.2410,0.2537,0.0750,-0.0611,0.0556,1.0991,0.1472,0.2460,0.2867,-0.3035,-0.1048,0.8994
39.1996,0.9536,1.1553,0.0767,0.2414,0.2533,0.0745,-0.0588,0.0568,1.1012,0.1448,0.2442,0.2839,-0.3034,-0.1030,0.8985
39.2001,0.9539,1.1575,0.0767,0.2414,0.2533,0.0740,-0.0588,0.0578,1.1031,0.1448,0.2442,0.2839,-0.3034,-0.1030,0.8978
39.2195,0.9543,1.1600,0.0740,0.2430,0.2540,0.0726,-0.0544,0.0591,1.1052,0.1430,0.2435,0.2823,-0.3032,-0.0997,0.8969
39.2198,0.9545,1.1621,0.0740,0.2430,0.2540,0.0721,-0.0544,0.0601,1.1071,0.1430,0.2435,0.2823,-0.3029,-0.0997,0.8961
39.2293,0.9548,1.1642,0.0718,0.2445,0.2548,0.0718,-0.0544,0.0610,1.1089,0.1411,0.2425,0.2806,-0.3026,-0.1031,0.8955
39.2297,0.9550,1.1668,0.0718,0.2445,0.2548,0.0710,-0.0544,0.0623,1.1110,0.1400,0.2421,0.2797,-0.3017,-0.1022,0.8945
39.2495,0.9553,1.1689,0.0698,0.2465,0.2562,0.0702,-0.0575,0.0634,1.1128,0.1394,0.2422,0.2794,-0.3011,-0.1052,0.8936
39.2497,0.9556,1.1712,0.0687,0.2469,0.2563,0.0693,-0.0579,0.0647,1.1149,0.1394,0.2422,0.2794,-0.3003,-0.1052,0.8927
39.2700,0.9560,1.1755,0.0677,0.2477,0.2568,0.0681,-0.0577,0.0658,1.1168,0.1376,0.2414,0.2779,-0.2996,-0.1076,0.8922
39.2702,0.9560,1.1755,0.0677,0.2477,0.2568,0.0681,-0.0577,0.0668,1.1189,0.1369,0.2410,0.2771,-0.2986,-0.1065,0.8910
39.2896,0.9562,1.1774,0.0653,0.2487,0.2571,0.0677,-0.0546,0.0677,1.1208,0.1359,0.2410,0.2767,-0.2976,-0.1027,0.8902
39.2900,0.9563,1.1798,0.0653,0.2487,0.2571,0.0673,-0.0546,0.0689,1.1230,0.1359,0.2410,0.2767,-0.2965,-0.1027,0.8892
39.2999,0.9564,1.1821,0.0625,0.2501,0.2578,0.0669,-0.0511,0.0702,1.1252,0.1341,0.2405,0.2753,-0.2953,-0.1040,0.8880
39.3004,0.9565,1.1842,0.0609,0.2505,0.2578,0.0663,-0.0491,0.0712,1.1272,0.1334,0.2400,0.2746,-0.2942,-0.1057,0.8871
39.3198,0.9565,1.1867,0.0598,0.2519,0.2589,0.0653,-0.0483,0.0723,1.1295,0.1333,0.2405,0.2750,-0.2931,-0.1061,0.8861
39.3201,0.9566,1.1889,0.0580,0.2527,0.2592,0.0649,-0.0472,0.0732,1.1315,0.1323,0.2401,0.2742,-0.2922,-0.1048,0.8853
39.3400,0.9567,1.1913,0.0566,0.2537,0.2600,0.0640,-0.0473,0.0743,1.1337,0.1316,0.2402,0.2739,-0.2904,-0.1046,0.8843
39.3404,0.9568,1.1933,0.0545,0.2541,0.2599,0.0634,-0.0478,0.0751,1.1355,0.1305,0.2398,0.2729,-0.2893,-0.1063,0.8835
39.3496,0.9569,1.1958,0.0531,0.2546,0.2600,0.0627,-0.0478,0.0763,1.1377,0.1298,0.2396,0.2725,-0.2876,-0.1065,0.8825
39.3498,0.9570,1.1978,0.0531,0.2546,0.2600,0.0620,-0.0478,0.0773,1.1394,0.1292,0.2393,0.2720,-0.2863,-0.1035,0.8816
39.3697,0.9572,1.2001,0.0502,0.2556,0.2605,0.0610,-0.0430,0.0786,1.1416,0.1286,0.2392,0.2716,-0.2844,-0.1015,0.8805
39.3701,0.9573,1.2024,0.0502,0.2556,0.2605,0.0604,-0.0430,0.0798,1.1437,0.1286,0.2392,0.2716,-0.2825,-0.1015,0.8795
39.3898,0.9574,1.2044,0.0482,0.2570,0.2615,0.0600,-0.0417,0.0808,1.1457,0.1280,0.2397,0.2717,-0.2805,-0.0954,0.8786
39.3902,0.9575,1.2068,0.0469,0.2570,0.2612,0.0592,-0.0401,0.0818,1.1479,0.1271,0.2394,0.2710,-0.2790,-0.0920,0.8776
39.3996,0.9576,1.2092,0.0455,0.2579,0.2619,0.0580,-0.0393,0.0829,1.1502,0.1265,0.2395,0.2708,-0.2771,-0.0909,0.8767
39.3999,0.9578,1.2115,0.0455,0.2579,0.2619,0.0570,-0.0393,0.0840,1.1526,0.1265,0.2406,0.2718,-0.2752,-0.0914,0.8758
39.4198,0.9580,1.2134,0.0432,0.2592,0.2628,0.0562,-0.0424,0.0848,1.1545,0.1255,0.2402,0.2710,-0.2739,-0.0894,0.8752
39.4203,0.9584,1.2160,0.0432,0.2592,0.2628,0.0549,-0.0424,0.0860,1.1568,0.1255,0.2402,0.2710,-0.2725,-0.0894,0.8744
39.4297,0.9587,1.2180,0.0418,0.2605,0.2638,0.0545,-0.0448,0.0869,1.1588,0.1247,0.2404,0.2708,-0.2710,-0.0834,0.8738
39.4300,0.9589,1.2206,0.0418,0.2605,0.2638,0.0542,-0.0448,0.0880,1.1612,0.1247,0.2404,0.2708,-0.2690,-0.0834,0.8729
39.4496,0.9590,1.2228,0.0403,0.2612,0.2643,0.0536,-0.0469,0.0891,1.1634,0.1244,0.2405,0.2708,-0.2667,-0.0750,0.8720
39.4498,0.9592,1.2250,0.0403,0.2612,0.2643,0.0521,-0.0469,0.0900,1.1657,0.1244,0.2405,0.2708,-0.2643,-0.0750,0.8712
39.4695,0.9594,1.2273,0.0391,0.2622,0.2651,0.0511,-0.0548,0.0909,1.1680,0.1243,0.2410,0.2712,-0.2618,-0.0704,0.8705
39.4697,0.9595,1.2294,0.0391,0.2622,0.2651,0.0498,-0.0548,0.0918,1.1703,0.1243,0.2410,0.2712,-0.2591,-0.0704,0.8697
39.4795,0.9596,1.2317,0.0375,0.2623,0.2649,0.0492,-0.0530,0.0927,1.1726,0.1237,0.2414,0.2712,-0.2560,-0.0687,0.8689
39.4798,0.9597,1.2340,0.0375,0.2623,0.2649,0.0488,-0.0530,0.0938,1.1750,0.1237,0.2414,0.2712,-0.2533,-0.0687,0.8679
39.4993,0.9598,1.2361,0.0356,0.2631,0.2655,0.0486,-0.0472,0.0945,1.1771,0.1246,0.2421,0.2723,-0.2511,-0.0639,0.8672
39.4995,0.9598,1.2361,0.0356,0.2631,0.2655,0.0486,-0.0472,0.0954,1.1794,0.1246,0.2421,0.2723,-0.2484,-0.0639,0.8662
39.5197,0.9598,1.2407,0.0331,0.2640,0.2661,0.0481,-0.0437,0.0963,1.1817,0.1251,0.2430,0.2733,-0.2458,-0.0642,0.8655
39.5200,0.9598,1.2428,0.0331,0.2640,0.2661,0.0477,-0.0437,0.0970,1.1838,0.1251,0.2430,0.2733,-0.2431,-0.0642,0.8648
39.5296,0.9598,1.2451,0.0307,0.2642,0.2660,0.0472,-0.0316,0.0978,1.1860,0.1242,0.2439,0.2737,-0.2410,-0.0683,0.8640
39.5300,0.9598,1.2473,0.0307,0.2642,0.2660,0.0465,-0.0316,0.0987,1.1882,0.1242,0.2439,0.2737,-0.2390,-0.0683,0.8632
39.5497,0.9599,1.2494,0.0287,0.2643,0.2658,0.0461,-0.0226,0.0995,1.1902,0.1229,0.2448,0.2740,-0.2363,-0.0653,0.8624
39.5499,0.9600,1.2517,0.0287,0.2643,0.2658,0.0455,-0.0226,0.1004,1.1923,0.1229,0.2448,0.2740,-0.2329,-0.0653,0.8616
39.5695,0.9601,1.2541,0.0267,0.2648,0.2662,0.0448,-0.0171,0.1013,1.1946,0.1219,0.2459,0.2745,-0.2297,-0.0548,0.8608
39.5700,0.9601,1.2560,0.0267,0.2648,0.2662,0.0445,-0.0171,0.1019,1.1964,0.1219,0.2459,0.2745,-0.2273,-0.0548,0.8603
39.5797,0.9602,1.2584,0.0247,0.2653,0.2664,0.0438,-0.0191,0.1026,1.1987,0.1206,0.2463,0.2743,-0.2247,-0.0409,0.8596
39.5799,0.9603,1.2607,0.0247,0.2653,0.2664,0.0431,-0.0191,0.1034,1.2010,0.1206,0.2463,0.2743,-0.2215,-0.0409,0.8590
39.5995,0.9603,1.2629,0.0229,0.2665,0.2675,0.0426,-0.0223,0.1041,1.2030,0.1196,0.2476,0.2750,-0.2189,-0.0313,0.8583
39.5998,0.9604,1.2650,0.0223,0.2670,0.2679,0.0421,-0.0227,0.1048,1.2051,0.1194,0.2481,0.2753,-0.2160,-0.0255,0.8577
39.6197,0.9605,1.2672,0.0216,0.2665,0.2674,0.0415,-0.0217,0.1055,1.2072,0.1188,0.2481,0.2750,-0.2131,-0.0185,0.8571
39.6201,0.9606,1.2694,0.0216,0.2665,0.2674,0.0410,-0.0217,0.1063,1.2093,0.1188,0.2481,0.2750,-0.2097,-0.0185,0.8565
39.6298,0.9610,1.2738,0.0198,0.2663,0.2671,0.0404,-0.0196,0.1070,1.2114,0.1180,0.2486,0.2752,-0.2069,-0.0164,0.8563
39.6300,0.9610,1.2738,0.0198,0.2663,0.2671,0.0404,-0.0196,0.1077,1.2135,0.1180,0.2486,0.2752,-0.2047,-0.0164,0.8554
39.6498,0.9612,1.2763,0.0194,0.2670,0.2677,0.0401,-0.0191,0.1084,1.2159,0.1168,0.2501,0.2760,-0.2023,-0.0115,0.8549
39.6501,0.9613,1.2783,0.0191,0.2681,0.2688,0.0399,-0.0180,0.1090,1.2181,0.1168,0.2519,0.2777,-0.1997,-0.0139,0.8544
39.6697,0.9615,1.2806,0.0186,0.2674,0.2681,0.0395,-0.0181,0.1096,1.2203,0.1158,0.2522,0.2775,-0.1973,-0.0187,0.8540
39.6700,0.9616,1.2827,0.0186,0.2674,0.2681,0.0392,-0.0181,0.1101,1.2223,0.1158,0.2522,0.2775,-0.1942,-0.0187,0.8537
39.6796,0.9617,1.2851,0.0175,0.2673,0.2679,0.0391,-0.0159,0.1107,1.2247,0.1133,0.2532,0.2774,-0.1912,-0.0232,0.8532
39.6801,0.9618,1.2870,0.0175,0.2673,0.2679,0.0388,-0.0159,0.1111,1.2265,0.1121,0.2541,0.2777,-0.1892,-0.0235,0.8529
39.6998,0.9619,1.2892,0.0169,0.2678,0.2684,0.0385,-0.0140,0.1116,1.2286,0.1110,0.2547,0.2778,-0.1860,-0.0240,0.8525
39.7002,0.9621,1.2914,0.0166,0.2678,0.2683,0.0382,-0.0142,0.1122,1.2309,0.1097,0.2549,0.2775,-0.1828,-0.0243,0.8520
39.7098,0.9622,1.2935,0.0163,0.2678,0.2683,0.0380,-0.0137,0.1128,1.2328,0.1088,0.2556,0.2778,-0.1796,-0.0224,0.8516
39.7299,0.9625,1.2982,0.0158,0.2683,0.2688,0.0376,-0.0117,0.1135,1.2353,0.1074,0.2553,0.2769,-0.1748,-0.0195,0.8513
39.7302,0.9625,1.2982,0.0158,0.2683,0.2688,0.0376,-0.0117,0.1140,1.2371,0.1074,0.2553,0.2769,-0.1723,-0.0195,0.8507
39.7396,0.9626,1.3009,0.0155,0.2680,0.2685,0.0373,-0.0104,0.1147,1.2396,0.1059,0.2564,0.2774,-0.1683,-0.0174,0.8501
39.7402,0.9627,1.3030,0.0155,0.2680,0.2685,0.0368,-0.0104,0.1151,1.2415,0.1048,0.2573,0.2779,-0.1648,-0.0156,0.8498
39.7594,0.9627,1.3055,0.0148,0.2682,0.2686,0.0359,-0.0091,0.1156,1.2439,0.1033,0.2574,0.2773,-0.1615,-0.0137,0.8494
39.7597,0.9627,1.3074,0.0148,0.2682,0.2686,0.0357,-0.0091,0.1159,1.2457,0.1033,0.2574,0.2773,-0.1592,-0.0137,0.8491
39.7696,0.9628,1.3100,0.0138,0.2682,0.2686,0.0352,-0.0123,0.1165,1.2481,0.1003,0.2578,0.2766,-0.1549,-0.0133,0.8486
39.7700,0.9628,1.3123,0.0138,0.2682,0.2686,0.0348,-0.0123,0.1169,1.2501,0.1003,0.2578,0.2766,-0.1519,-0.0133,0.8482
39.7896,0.9629,1.3144,0.0133,0.2697,0.2700,0.0345,-0.0168,0.1174,1.2522,0.0984,0.2586,0.2767,-0.1482,-0.0116,0.8477
39.7898,0.9630,1.3167,0.0133,0.2697,0.2700,0.0343,-0.0168,0.1179,1.2542,0.0984,0.2586,0.2767,-0.1435,-0.0116,0.8474
39.7998,0.9631,1.3188,0.0131,0.2693,0.2696,0.0341,-0.0212,0.1183,1.2562,0.0954,0.2581,0.2752,-0.1389,-0.0046,0.8471
39.8002,0.9632,1.3211,0.0131,0.2693,0.2696,0.0339,-0.0212,0.1187,1.2584,0.0954,0.2581,0.2752,-0.1340,-0.0046,0.8468
39.8201,0.9633,1.3230,0.0133,0.2686,0.2690,0.0338,-0.0208,0.1191,1.2603,0.0929,0.2579,0.2741,-0.1306,0.0052,0.8465
39.8298,0.9635,1.3254,0.0134,0.2682,0.2685,0.0337,-0.0166,0.1195,1.2626,0.0918,0.2575,0.2734,-0.1263,0.0082,0.8463
39.8303,0.9635,1.3274,0.0134,0.2682,0.2685,0.0337,-0.0166,0.1198,1.2646,0.0918,0.2575,0.2734,-0.1219,0.0082,0.8460
39.8494,0.9636,1.3298,0.0135,0.2683,0.2686,0.0336,-0.0100,0.1202,1.2669,0.0894,0.2583,0.2733,-0.1177,0.0109,0.8458
39.8496,0.9637,1.3319,0.0135,0.2683,0.2686,0.0334,-0.0100,0.1204,1.2690,0.0894,0.2583,0.2733,-0.1133,0.0109,0.8456
39.8597,0.9637,1.3341,0.0133,0.2683,0.2687,0.0331,-0.0134,0.1205,1.2711,0.0862,0.2591,0.2731,-0.1084,0.0139,0.8455
39.8603,0.9637,1.3364,0.0130,0.2679,0.2683,0.0328,-0.0136,0.1207,1.2735,0.0839,0.2590,0.2722,-0.1035,0.0139,0.8453
39.8795,0.9637,1.3385,0.0128,0.2682,0.2685,0.0326,-0.0139,0.1210,1.2756,0.0818,0.2596,0.2722,-0.0989,0.0053,0.8450
39.8895,0.9637,1.3410,0.0126,0.2682,0.2685,0.0322,-0.0147,0.1213,1.2781,0.0804,0.2598,0.2720,-0.0934,0.0058,0.8447
39.8897,0.9637,1.3429,0.0126,0.2682,0.2685,0.0319,-0.0147,0.1216,1.2800,0.0804,0.2598,0.2720,-0.0889,0.0058,0.8445
39.9096,0.9638,1.3452,0.0122,0.2675,0.2678,0.0316,-0.0157,0.1220,1.2823,0.0775,0.2597,0.2710,-0.0841,0.0036,0.8442
39.9100,0.9639,1.3472,0.0122,0.2675,0.2678,0.0313,-0.0157,0.1222,1.2844,0.0775,0.2597,0.2710,-0.0797,0.0036,0.8440
39.9197,0.9640,1.3494,0.0116,0.2677,0.2679,0.0312,-0.0130,0.1225,1.2867,0.0748,0.2599,0.2704,-0.0745,0.0016,0.8438
39.9200,0.9640,1.3515,0.0111,0.2670,0.2672,0.0309,-0.0138,0.1226,1.2888,0.0730,0.2598,0.2698,-0.0702,0.0018,0.8437
39.9399,0.9640,1.3534,0.0107,0.2670,0.2672,0.0309,-0.0136,0.1228,1.2908,0.0714,0.2600,0.2696,-0.0650,0.0020,0.8436
39.9402,0.9641,1.3557,0.0107,0.2670,0.2672,0.0304,-0.0136,0.1230,1.2932,0.0714,0.2600,0.2696,-0.0588,0.0020,0.8434
39.9497,0.9641,1.3576,0.0101,0.2659,0.2661,0.0301,-0.0113,0.1232,1.2951,0.0678,0.2595,0.2682,-0.0553,0.0033,0.8433
39.9500,0.9642,1.3598,0.0098,0.2651,0.2653,0.0300,-0.0042,0.1234,1.2975,0.0663,0.2588,0.2672,-0.0499,0.0039,0.8431
39.9698,0.9642,1.3616,0.0096,0.2650,0.2652,0.0296,-0.0013,0.1235,1.2996,0.0649,0.2590,0.2670,-0.0453,0.0049,0.8429
39.9700,0.9642,1.3638,0.0094,0.2643,0.2645,0.0293,-0.0011,0.1237,1.3021,0.0649,0.2590,0.2670,-0.0401,0.0049,0.8428
39.9896,0.9643,1.3657,0.0092,0.2642,0.2643,0.0291,-0.0010,0.1238,1.3042,0.0618,0.2591,0.2663,-0.0362,0.0097,0.8427
39.9899,0.9643,1.3678,0.0092,0.2642,0.2643,0.0284,-0.0010,0.1238,1.3067,0.0600,0.2583,0.2652,-0.0303,0.0101,0.8427
40.0095,0.9643,1.3696,0.0091,0.2634,0.2636,0.0278,0.0025,0.1239,1.3087,0.0586,0.2593,0.2658,-0.0269,0.0121,0.8427
40.0098,0.9643,1.3717,0.0091,0.2634,0.2636,0.0269,0.0025,0.1239,1.3110,0.0586,0.2593,0.2658,-0.0223,0.0121,0.8427
40.0197,0.9644,1.3737,0.0091,0.2619,0.2620,0.0263,0.0052,0.1239,1.3133,0.0552,0.2586,0.2644,-0.0182,0.0135,0.8426
40.0200,0.9644,1.3761,0.0091,0.2619,0.2620,0.0250,0.0052,0.1239,1.3160,0.0552,0.2586,0.2644,-0.0129,0.0135,0.8426
40.0396,0.9644,1.3800,0.0091,0.2614,0.2615,0.0231,0.0037,0.1239,1.3181,0.0522,0.2600,0.2652,-0.0088,0.0127,0.8428
40.0398,0.9644,1.3800,0.0091,0.2614,0.2615,0.0231,0.0037,0.1239,1.3204,0.0522,0.2600,0.2652,-0.0050,0.0127,0.8426
40.0497,0.9644,1.3822,0.0090,0.2611,0.2612,0.0220,0.0040,0.1238,1.3230,0.0486,0.2604,0.2649,-0.0002,0.0116,0.8426
40.0500,0.9644,1.3840,0.0090,0.2611,0.2612,0.0214,0.0040,0.1238,1.3252,0.0468,0.2614,0.2656,0.0042,0.0097,0.8426
40.0698,0.9644,1.3862,0.0087,0.2597,0.2598,0.0206,0.0049,0.1238,1.3278,0.0451,0.2612,0.2651,0.0084,0.0091,0.8427
40.0701,0.9644,1.3879,0.0086,0.2603,0.2605,0.0200,0.0054,0.1238,1.3299,0.0438,0.2628,0.2665,0.0118,0.0087,0.8427
40.0899,0.9644,1.3901,0.0085,0.2590,0.2591,0.0192,0.0065,0.1237,1.3324,0.0422,0.2625,0.2659,0.0164,0.0083,0.8427
40.0902,0.9644,1.3918,0.0083,0.2587,0.2589,0.0185,0.0076,0.1237,1.3343,0.0407,0.2629,0.2660,0.0194,0.0072,0.8427
40.0997,0.9644,1.3938,0.0082,0.2579,0.2580,0.0177,0.0080,0.1236,1.3367,0.0392,0.2625,0.2654,0.0237,0.0063,0.8428
40.1000,0.9644,1.3961,0.0082,0.2579,0.2580,0.0168,0.0080,0.1234,1.3391,0.0376,0.2632,0.2659,0.0282,0.0060,0.8429
40.1199,0.9644,1.3980,0.0078,0.2578,0.2579,0.0163,0.0080,0.1233,1.3413,0.0358,0.2639,0.2663,0.0323,0.0051,0.8431
40.1202,0.9644,1.4003,0.0078,0.2578,0.2579,0.0157,0.0080,0.1231,1.3436,0.0340,0.2640,0.2661,0.0370,0.0055,0.8433
40.1398,0.9645,1.4022,0.0073,0.2573,0.2574,0.0154,0.0071,0.1229,1.3457,0.0321,0.2645,0.2664,0.0408,0.0052,0.8434
40.1496,0.9644,1.4045,0.0070,0.2568,0.2569,0.0148,0.0068,0.1227,1.3481,0.0305,0.2643,0.2661,0.0459,0.0049,0.8436
40.1498,0.9644,1.4063,0.0065,0.2565,0.2566,0.0143,0.0061,0.1226,1.3499,0.0305,0.2643,0.2661,0.0498,0.0049,0.8438
40.1595,0.9644,1.4087,0.0062,0.2561,0.2561,0.0136,0.0056,0.1223,1.3524,0.0270,0.2637,0.2651,0.0553,0.0050,0.8440
40.1600,0.9644,1.4104,0.0062,0.2561,0.2561,0.0131,0.0056,0.1222,1.3542,0.0255,0.2642,0.2654,0.0588,0.0051,0.8441
40.1796,0.9644,1.4126,0.0056,0.2554,0.2555,0.0125,0.0010,0.1219,1.3565,0.0242,0.2638,0.2649,0.0633,0.0046,0.8443
40.1897,0.9643,1.4149,0.0053,0.2550,0.2551,0.0118,0.0001,0.1215,1.3589,0.0225,0.2636,0.2646,0.0681,0.0048,0.8446
40.1902,0.9643,1.4167,0.0050,0.2559,0.2560,0.0114,-0.0000,0.1212,1.3610,0.0209,0.2649,0.2657,0.0715,0.0065,0.8449
40.1996,0.9642,1.4187,0.0046,0.2551,0.2551,0.0112,0.0003,0.1208,1.3633,0.0191,0.2647,0.2654,0.0765,0.0090,0.8453
40.2000,0.9642,1.4206,0.0046,0.2551,0.2551,0.0108,0.0003,0.1204,1.3653,0.0191,0.2647,0.2654,0.0813,0.0090,0.8456
40.2197,0.9642,1.4227,0.0039,0.2542,0.2542,0.0105,0.0008,0.1200,1.3676,0.0153,0.2651,0.2655,0.0858,0.0128,0.8460
40.2201,0.9641,1.4246,0.0039,0.2542,0.2542,0.0104,0.0008,0.1197,1.3697,0.0130,0.2646,0.2649,0.0895,0.0132,0.8463
40.2396,0.9641,1.4268,0.0032,0.2528,0.2528,0.0103,0.0032,0.1192,1.3721,0.0114,0.2652,0.2655,0.0946,0.0140,0.8466
40.2401,0.9640,1.4285,0.0032,0.2528,0.2528,0.0102,0.0032,0.1189,1.3741,0.0114,0.2652,0.2655,0.0988,0.0140,0.8469
40.2495,0.9640,1.4305,0.0027,0.2510,0.2511,0.0100,0.0050,0.1185,1.3764,0.0076,0.2651,0.2652,0.1037,0.0142,0.8472
40.2498,0.9640,1.4324,0.0027,0.2510,0.2511,0.0099,0.0050,0.1182,1.3785,0.0076,0.2651,0.2652,0.1083,0.0142,0.8475
40.2697,0.9640,1.4343,0.0025,0.2500,0.2500,0.0099,0.0113,0.1179,1.3806,0.0046,0.2656,0.2656,0.1127,0.0130,0.8478
40.2702,0.9639,1.4365,0.0025,0.2500,0.2500,0.0100,0.0113,0.1174,1.3830,0.0046,0.2656,0.2656,0.1175,0.0130,0.8482
40.2794,0.9639,1.4384,0.0022,0.2485,0.2485,0.0099,0.0181,0.1170,1.3851,0.0010,0.2659,0.2659,0.1218,0.0116,0.8486
40.2797,0.9639,1.4406,0.0021,0.2481,0.2481,0.0099,0.0195,0.1164,1.3876,-0.0009,0.2658,0.2658,0.1269,0.0113,0.8492
40.2998,0.9639,1.4426,0.0019,0.2478,0.2478,0.0099,0.0194,0.1159,1.3897,-0.0029,0.2666,0.2667,0.1307,0.0107,0.8497
40.3003,0.9639,1.4449,0.0019,0.2478,0.2478,0.0098,0.0194,0.1154,1.3921,-0.0047,0.2670,0.2671,0.1364,0.0072,0.8502
40.3199,0.9639,1.4467,0.0014,0.2476,0.2476,0.0097,0.0164,0.1150,1.3940,-0.0067,0.2673,0.2674,0.1406,0.0023,0.8506
40.3203,0.9638,1.4490,0.0014,0.2476,0.2476,0.0094,0.0164,0.1143,1.3963,-0.0067,0.2673,0.2674,0.1459,0.0023,0.8511
40.3399,0.9638,1.4506,0.0008,0.2471,0.2471,0.0092,0.0070,0.1139,1.3981,-0.0103,0.2676,0.2678,0.1498,0.0010,0.8515
40.3404,0.9637,1.4525,0.0008,0.2471,0.2471,0.0088,0.0070,0.1133,1.4004,-0.0103,0.2676,0.2678,0.1542,0.0010,0.8520
40.3496,0.9636,1.4545,0.0002,0.2454,0.2454,0.0085,0.0075,0.1127,1.4026,-0.0136,0.2671,0.2674,0.1590,-0.0006,0.8525
40.3499,0.9635,1.4563,0.0002,0.2454,0.2454,0.0083,0.0075,0.1122,1.4048,-0.0154,0.2672,0.2677,0.1640,0.0005,0.8529
40.3699,0.9634,1.4585,-0.0003,0.2444,0.2444,0.0077,0.0118,0.1115,1.4072,-0.0166,0.2674,0.2680,0.1694,0.0012,0.8534
40.3704,0.9633,1.4603,-0.0003,0.2444,0.2444,0.0070,0.0118,0.1110,1.4093,-0.0184,0.2674,0.2680,0.1737,0.0080,0.8538
40.3798,0.9632,1.4621,-0.0008,0.2435,0.2435,0.0065,0.0157,0.1104,1.4113,-0.0200,0.2673,0.2681,0.1778,0.0083,0.8543
40.3803,0.9630,1.4642,-0.0010,0.2423,0.2423,0.0058,0.0154,0.1098,1.4136,-0.0218,0.2664,0.2673,0.1822,0.0121,0.8547
40.3995,0.9629,1.4663,-0.0013,0.2425,0.2425,0.0051,0.0160,0.1091,1.4161,-0.0236,0.2672,0.2682,0.1869,0.0141,0.8553
40.4000,0.9628,1.4681,-0.0013,0.2425,0.2425,0.0047,0.0160,0.1085,1.4182,-0.0236,0.2672,0.2682,0.1912,0.0141,0.8557
40.4195,0.9627,1.4698,-0.0021,0.2417,0.2417,0.0044,0.0163,0.1080,1.4203,-0.0274,0.2675,0.2689,0.1957,0.0200,0.8562
40.4199,0.9626,1.4720,-0.0021,0.2417,0.2417,0.0039,0.0163,0.1072,1.4229,-0.0274,0.2675,0.2689,0.2021,0.0200,0.8568
40.4298,0.9626,1.4736,-0.0027,0.2410,0.2410,0.0038,0.0182,0.1067,1.4248,-0.0308,0.2681,0.2699,0.2070,0.0200,0.8573
40.4303,0.9624,1.4757,-0.0027,0.2410,0.2410,0.0035,0.0182,0.1059,1.4273,-0.0308,0.2681,0.2699,0.2131,0.0200,0.8579
40.4497,0.9623,1.4776,-0.0033,0.2400,0.2400,0.0034,0.0187,0.1052,1.4294,-0.0342,0.2682,0.2704,0.2177,0.0199,0.8585
40.4596,0.9621,1.4798,-0.0036,0.2401,0.2401,0.0029,0.0183,0.1043,1.4319,-0.0360,0.2686,0.2710,0.2227,0.0181,0.8592
40.4599,0.9620,1.4815,-0.0041,0.2401,0.2402,0.0026,0.0168,0.1038,1.4337,-0.0382,0.2688,0.2715,0.2271,0.0160,0.8596
40.4800,0.9619,1.4834,-0.0043,0.2398,0.2398,0.0023,0.0157,0.1031,1.4359,-0.0395,0.2682,0.2710,0.2324,0.0153,0.8601
40.4805,0.9617,1.4853,-0.0047,0.2393,0.2393,0.0017,0.0144,0.1024,1.4381,-0.0395,0.2682,0.2710,0.2376,0.0153,0.8606
40.4895,0.9615,1.4872,-0.0051,0.2392,0.2392,0.0012,0.0125,0.1016,1.4404,-0.0428,0.2678,0.2711,0.2421,0.0126,0.8612
40.4898,0.9613,1.4892,-0.0051,0.2392,0.2392,0.0006,0.0125,0.1007,1.4427,-0.0428,0.2678,0.2711,0.2463,0.0126,0.8618
40.5095,0.9610,1.4912,-0.0061,0.2392,0.2393,0.0002,0.0110,0.0998,1.4451,-0.0463,0.2680,0.2719,0.2503,0.0097,0.8625
40.5098,0.9608,1.4932,-0.0061,0.2392,0.2393,-0.0001,0.0110,0.0988,1.4474,-0.0463,0.2680,0.2719,0.2548,0.0097,0.8632
40.5197,0.9605,1.4950,-0.0072,0.2390,0.2391,-0.0001,0.0119,0.0980,1.4496,-0.0501,0.2682,0.2728,0.2586,0.0082,0.8637
40.5295,0.9602,1.4971,-0.0077,0.2378,0.2379,-0.0001,0.0119,0.0971,1.4520,-0.0517,0.2670,0.2720,0.2630,0.0061,0.8643
40.5298,0.9600,1.4988,-0.0077,0.2378,0.2379,-0.0002,0.0119,0.0962,1.4540,-0.0536,0.2677,0.2731,0.2661,0.0035,0.8650
40.5499,0.9597,1.5009,-0.0087,0.2376,0.2378,-0.0001,0.0083,0.0951,1.4566,-0.0552,0.2672,0.2728,0.2698,0.0033,0.8657
40.5502,0.9594,1.5025,-0.0094,0.2373,0.2375,-0.0001,0.0071,0.0942,1.4586,-0.0575,0.2671,0.2732,0.2727,0.0042,0.8663
40.5697,0.9590,1.5045,-0.0100,0.2371,0.2373,0.0000,0.0070,0.0930,1.4612,-0.0592,0.2669,0.2734,0.2764,0.0051,0.8672
40.5700,0.9589,1.5058,-0.0107,0.2367,0.2369,0.0001,0.0061,0.0921,1.4630,-0.0616,0.2668,0.2739,0.2788,0.0057,0.8678
40.5794,0.9585,1.5080,-0.0111,0.2358,0.2361,0.0001,0.0064,0.0909,1.4656,-0.0632,0.2663,0.2737,0.2829,0.0062,0.8687
40.5797,0.9582,1.5099,-0.0111,0.2358,0.2361,0.0002,0.0064,0.0897,1.4680,-0.0658,0.2665,0.2745,0.2867,0.0059,0.8695
40.6000,0.9578,1.5117,-0.0125,0.2360,0.2364,0.0004,0.0049,0.0886,1.4701,-0.0680,0.2675,0.2760,0.2891,0.0055,0.8702
40.6097,0.9575,1.5136,-0.0131,0.2357,0.2361,0.0005,0.0039,0.0874,1.4725,-0.0699,0.2668,0.2758,0.2920,0.0049,0.8711
40.6100,0.9572,1.5152,-0.0131,0.2357,0.2361,0.0006,0.0039,0.0865,1.4744,-0.0699,0.2668,0.2758,0.2938,0.0049,0.8717
40.6297,0.9568,1.5173,-0.0144,0.2344,0.2349,0.0006,0.0022,0.0854,1.4767,-0.0736,0.2663,0.2763,0.2962,0.0041,0.8723
40.6302,0.9564,1.5189,-0.0144,0.2344,0.2349,0.0006,0.0022,0.0844,1.4787,-0.0754,0.2661,0.2766,0.2982,0.0043,0.8729
40.6396,0.9561,1.5206,-0.0161,0.2334,0.2339,0.0006,0.0038,0.0834,1.4807,-0.0769,0.2660,0.2769,0.2998,0.0032,0.8736
40.6399,0.9557,1.5224,-0.0161,0.2334,0.2339,0.0007,0.0038,0.0823,1.4830,-0.0785,0.2652,0.2766,0.3021,0.0030,0.8743
40.6599,0.9552,1.5244,-0.0174,0.2322,0.2329,0.0008,0.0061,0.0810,1.4854,-0.0805,0.2661,0.2780,0.3044,0.0030,0.8750
40.6603,0.9548,1.5262,-0.0174,0.2322,0.2329,0.0008,0.0061,0.0799,1.4876,-0.0805,0.2661,0.2780,0.3063,0.0030,0.8757
40.6796,0.9542,1.5278,-0.0193,0.2315,0.2323,0.0009,0.0098,0.0788,1.4898,-0.0845,0.2667,0.2798,0.3078,0.0027,0.8763
40.6799,0.9538,1.5294,-0.0203,0.2304,0.2313,0.0011,0.0097,0.0778,1.4918,-0.0845,0.2667,0.2798,0.3093,0.0027,0.8768
40.6899,0.9532,1.5312,-0.0210,0.2290,0.2300,0.0012,0.0095,0.0767,1.4941,-0.0874,0.2658,0.2798,0.3114,0.0008,0.8773
40.6902,0.9525,1.5330,-0.0210,0.2290,0.2300,0.0014,0.0095,0.0755,1.4964,-0.0890,0.2662,0.2806,0.3140,-0.0031,0.8778
40.7098,0.9520,1.5345,-0.0234,0.2287,0.2299,0.0015,0.0116,0.0745,1.4983,-0.0905,0.2663,0.2812,0.3155,-0.0072,0.8782
40.7101,0.9513,1.5362,-0.0234,0.2287,0.2299,0.0016,0.0116,0.0733,1.5006,-0.0918,0.2660,0.2814,0.3170,-0.0085,0.8787
40.7199,0.9507,1.5379,-0.0257,0.2271,0.2286,0.0021,0.0111,0.0722,1.5027,-0.0933,0.2660,0.2819,0.3184,-0.0097,0.8792
40.7202,0.9501,1.5398,-0.0257,0.2271,0.2286,0.0028,0.0111,0.0710,1.5050,-0.0933,0.2660,0.2819,0.3204,-0.0097,0.8798
40.7395,0.9495,1.5414,-0.0280,0.2259,0.2276,0.0034,0.0091,0.0698,1.5071,-0.0965,0.2658,0.2828,0.3221,-0.0110,0.8803
40.7398,0.9490,1.5430,-0.0280,0.2259,0.2276,0.0041,0.0091,0.0687,1.5092,-0.0981,0.2662,0.2837,0.3239,-0.0119,0.8810
40.7596,0.9484,1.5447,-0.0300,0.2250,0.2270,0.0046,-0.0012,0.0675,1.5114,-0.0997,0.2658,0.2838,0.3261,-0.0131,0.8815
40.7601,0.9479,1.5462,-0.0311,0.2246,0.2268,0.0047,-0.0038,0.0665,1.5134,-0.1014,0.2659,0.2845,0.3278,-0.0143,0.8820
40.7695,0.9471,1.5481,-0.0322,0.2238,0.2261,0.0047,-0.0065,0.0652,1.5156,-0.1028,0.2655,0.2847,0.3300,-0.0146,0.8825
40.7697,0.9465,1.5495,-0.0322,0.2238,0.2261,0.0046,-0.0065,0.0642,1.5174,-0.1044,0.2651,0.2849,0.3315,-0.0141,0.8829
40.7901,0.9450,1.5529,-0.0366,0.2217,0.2247,0.0048,-0.0076,0.0628,1.5197,-0.1056,0.2645,0.2848,0.3332,-0.0141,0.8828
40.7906,0.9450,1.5529,-0.0366,0.2217,0.2247,0.0048,-0.0076,0.0618,1.5215,-0.1056,0.2645,0.2848,0.3349,-0.0141,0.8838
40.8096,0.9441,1.5547,-0.0379,0.2205,0.2238,0.0047,-0.0065,0.0605,1.5239,-0.1082,0.2635,0.2849,0.3365,-0.0125,0.8842
40.8099,0.9436,1.5559,-0.0396,0.2197,0.2232,0.0048,-0.0052,0.0596,1.5255,-0.1098,0.2636,0.2855,0.3372,-0.0083,0.8845
40.8194,0.9429,1.5576,-0.0405,0.2183,0.2220,0.0048,-0.0042,0.0583,1.5278,-0.1107,0.2630,0.2853,0.3381,-0.0090,0.8850
40.8197,0.9421,1.5591,-0.0405,0.2183,0.2220,0.0049,-0.0042,0.0571,1.5301,-0.1107,0.2630,0.2853,0.3388,-0.0090,0.8855
40.8399,0.9413,1.5607,-0.0434,0.2172,0.2215,0.0051,-0.0009,0.0558,1.5321,-0.1137,0.2639,0.2873,0.3397,-0.0133,0.8859
40.8403,0.9404,1.5625,-0.0434,0.2172,0.2215,0.0056,-0.0009,0.0545,1.5345,-0.1137,0.2639,0.2873,0.3412,-0.0133,0.8864
40.8496,0.9397,1.5641,-0.0465,0.2162,0.2211,0.0059,-0.0046,0.0535,1.5363,-0.1165,0.2637,0.2883,0.3423,-0.0153,0.8866
40.8696,0.9387,1.5660,-0.0478,0.2156,0.2208,0.0063,-0.0067,0.0522,1.5385,-0.1174,0.2629,0.2880,0.3440,-0.0157,0.8869
40.8701,0.9380,1.5674,-0.0478,0.2156,0.2208,0.0066,-0.0067,0.0513,1.5404,-0.1174,0.2629,0.2880,0.3454,-0.0157,0.8872
40.8795,0.9370,1.5692,-0.0505,0.2142,0.2201,0.0068,-0.0096,0.0501,1.5425,-0.1194,0.2622,0.2881,0.3473,-0.0133,0.8874
40.8797,0.9362,1.5707,-0.0505,0.2142,0.2201,0.0069,-0.0096,0.0489,1.5445,-0.1194,0.2622,0.2881,0.3489,-0.0133,0.8876
40.8995,0.9352,1.5725,-0.0538,0.2131,0.2198,0.0072,-0.0094,0.0475,1.5469,-0.1217,0.2617,0.2886,0.3508,-0.0103,0.8880
40.8997,0.9343,1.5740,-0.0538,0.2131,0.2198,0.0073,-0.0094,0.0463,1.5489,-0.1217,0.2617,0.2886,0.3522,-0.0103,0.8883
40.9195,0.9335,1.5756,-0.0570,0.2119,0.2194,0.0076,-0.0094,0.0451,1.5512,-0.1244,0.2615,0.2895,0.3535,-0.0135,0.8887
40.9198,0.9327,1.5772,-0.0584,0.2116,0.2196,0.0080,-0.0102,0.0439,1.5534,-0.1258,0.2618,0.2904,0.3547,-0.0168,0.8891
40.9295,0.9317,1.5789,-0.0600,0.2104,0.2188,0.0083,-0.0107,0.0426,1.5557,-0.1266,0.2611,0.2902,0.3563,-0.0199,0.8894
40.9298,0.9308,1.5807,-0.0600,0.2104,0.2188,0.0088,-0.0107,0.0412,1.5582,-0.1266,0.2611,0.2902,0.3581,-0.0199,0.8898
40.9395,0.9299,1.5823,-0.0634,0.2100,0.2193,0.0092,-0.0112,0.0401,1.5602,-0.1293,0.2618,0.2920,0.3594,-0.0263,0.8901
40.9398,0.9290,1.5841,-0.0634,0.2100,0.2193,0.0096,-0.0112,0.0389,1.5624,-0.1293,0.2618,0.2920,0.3606,-0.0263,0.8904
40.9593,0.9282,1.5857,-0.0662,0.2085,0.2187,0.0099,-0.0106,0.0378,1.5644,-0.1308,0.2610,0.2920,0.3617,-0.0230,0.8907
40.9596,0.9272,1.5875,-0.0662,0.2085,0.2187,0.0102,-0.0106,0.0364,1.5667,-0.1308,0.2610,0.2920,0.3625,-0.0230,0.8911
40.9799,0.9263,1.5891,-0.0694,0.2081,0.2193,0.0104,-0.0101,0.0351,1.5689,-0.1335,0.2617,0.2938,0.3632,-0.0218,0.8914
40.9805,0.9253,1.5909,-0.0708,0.2077,0.2194,0.0105,-0.0103,0.0336,1.5712,-0.1346,0.2616,0.2942,0.3637,-0.0211,0.8918
40.9994,0.9242,1.5927,-0.0725,0.2074,0.2197,0.0106,-0.0097,0.0323,1.5734,-0.1359,0.2617,0.2949,0.3639,-0.0169,0.8922
40.9996,0.9242,1.5927,-0.0725,0.2074,0.2197,0.0106,-0.0097,0.0310,1.5755,-0.1359,0.2617,0.2949,0.3640,-0.0169,0.8934
41.0094,0.9222,1.5962,-0.0754,0.2060,0.2194,0.0109,-0.0096,0.0295,1.5781,-0.1375,0.2608,0.2948,0.3641,-0.0136,0.8929
41.0097,0.9214,1.5977,-0.0754,0.2060,0.2194,0.0112,-0.0096,0.0284,1.5802,-0.1375,0.2608,0.2948,0.3642,-0.0136,0.8932
41.0296,0.9204,1.5995,-0.0783,0.2054,0.2198,0.0115,-0.0094,0.0270,1.5826,-0.1393,0.2612,0.2961,0.3642,-0.0097,0.8936
41.0298,0.9194,1.6011,-0.0783,0.2054,0.2198,0.0116,-0.0094,0.0257,1.5847,-0.1402,0.2612,0.2964,0.3643,-0.0091,0.8938
41.0498,0.9183,1.6031,-0.0812,0.2047,0.2202,0.0118,-0.0059,0.0243,1.5872,-0.1410,0.2615,0.2970,0.3644,-0.0093,0.8941
41.0500,0.9173,1.6048,-0.0829,0.2044,0.2205,0.0119,-0.0053,0.0230,1.5894,-0.1416,0.2613,0.2972,0.3644,-0.0102,0.8944
41.0597,0.9163,1.6063,-0.0843,0.2045,0.2212,0.0121,-0.0050,0.0218,1.5916,-0.1424,0.2616,0.2979,0.3643,-0.0100,0.8946
41.0600,0.9153,1.6081,-0.0843,0.2045,0.2212,0.0121,-0.0050,0.0205,1.5940,-0.1424,0.2616,0.2979,0.3642,-0.0100,0.8949
41.0800,0.9141,1.6100,-0.0871,0.2045,0.2223,0.0126,-0.0038,0.0192,1.5964,-0.1433,0.2619,0.2985,0.3641,-0.0107,0.8950
41.0803,0.9132,1.6117,-0.0889,0.2041,0.2226,0.0126,-0.0023,0.0180,1.5987,-0.1433,0.2619,0.2985,0.3641,-0.0107,0.8953
41.0899,0.9124,1.6133,-0.0900,0.2037,0.2227,0.0126,-0.0012,0.0169,1.6008,-0.1434,0.2613,0.2980,0.3641,-0.0125,0.8955
41.0901,0.9112,1.6153,-0.0910,0.2032,0.2227,0.0127,-0.0002,0.0155,1.6033,-0.1434,0.2613,0.2981,0.3640,-0.0122,0.8958
41.1097,0.9103,1.6169,-0.0925,0.2034,0.2234,0.0126,0.0008,0.0144,1.6053,-0.1438,0.2617,0.2986,0.3638,-0.0116,0.8960
41.1197,0.9081,1.6206,-0.0938,0.2034,0.2240,0.0125,-0.0000,0.0128,1.6080,-0.1442,0.2618,0.2989,0.3632,-0.0117,0.8954
41.1199,0.9081,1.6206,-0.0938,0.2034,0.2240,0.0125,-0.0000,0.0118,1.6098,-0.1442,0.2618,0.2989,0.3625,-0.0117,0.8964
41.1398,0.9070,1.6224,-0.0966,0.2033,0.2251,0.0123,-0.0009,0.0105,1.6121,-0.1453,0.2623,0.2999,0.3615,-0.0112,0.8965
41.1401,0.9058,1.6241,-0.0983,0.2036,0.2261,0.0115,-0.0008,0.0093,1.6143,-0.1459,0.2628,0.3006,0.3601,-0.0109,0.8966
41.1493,0.9047,1.6259,-0.0997,0.2033,0.2265,0.0106,-0.0004,0.0080,1.6165,-0.1461,0.2627,0.3006,0.3586,-0.0097,0.8967
41.1495,0.9035,1.6276,-0.1011,0.2029,0.2267,0.0095,-0.0000,0.0068,1.6187,-0.1461,0.2627,0.3006,0.3573,-0.0097,0.8968
41.1698,0.9022,1.6294,-0.1025,0.2028,0.2272,0.0084,0.0003,0.0053,1.6210,-0.1463,0.2622,0.3003,0.3558,-0.0071,0.8969
41.1701,0.9010,1.6313,-0.1025,0.2028,0.2272,0.0068,0.0003,0.0038,1.6234,-0.1463,0.2622,0.3003,0.3547,-0.0071,0.8972
41.1793,0.9000,1.6329,-0.1055,0.2039,0.2295,0.0058,0.0022,0.0025,1.6256,-0.1479,0.2632,0.3020,0.3532,-0.0078,0.8975
41.1998,0.8988,1.6348,-0.1064,0.2036,0.2297,0.0051,0.0032,0.0011,1.6279,-0.1483,0.2631,0.3020,0.3512,-0.0080,0.8977
41.2001,0.8978,1.6364,-0.1064,0.2036,0.2297,0.0044,0.0032,-0.0001,1.6300,-0.1483,0.2631,0.3020,0.3498,-0.0080,0.8980
41.2097,0.8964,1.6384,-0.1084,0.2038,0.2308,0.0038,0.0009,-0.0016,1.6323,-0.1493,0.2632,0.3026,0.3473,-0.0068,0.8981
41.2100,0.8954,1.6401,-0.1098,0.2044,0.2321,0.0031,-0.0013,-0.0027,1.6341,-0.1493,0.2632,0.3026,0.3458,-0.0068,0.8981
41.2299,0.8943,1.6419,-0.1106,0.2043,0.2323,0.0020,-0.0007,-0.0040,1.6362,-0.1498,0.2629,0.3026,0.3438,-0.0001,0.8982
41.2302,0.8932,1.6437,-0.1106,0.2043,0.2323,0.0006,-0.0007,-0.0053,1.6383,-0.1499,0.2624,0.3022,0.3422,0.0038,0.8984
41.2494,0.8920,1.6456,-0.1127,0.2046,0.2336,-0.0007,0.0021,-0.0066,1.6404,-0.1502,0.2623,0.3022,0.3405,0.0065,0.8987
41.2496,0.8910,1.6473,-0.1127,0.2046,0.2336,-0.0016,0.0021,-0.0079,1.6424,-0.1502,0.2623,0.3022,0.3388,0.0065,0.8989
41.2599,0.8898,1.6490,-0.1149,0.2052,0.2352,-0.0025,0.0015,-0.0093,1.6446,-0.1509,0.2619,0.3023,0.3370,0.0117,0.8992
41.2602,0.8884,1.6510,-0.1161,0.2057,0.2362,-0.0031,-0.0017,-0.0109,1.6472,-0.1516,0.2625,0.3032,0.3346,0.0120,0.8994
41.2794,0.8874,1.6524,-0.1173,0.2059,0.2370,-0.0033,-0.0042,-0.0121,1.6491,-0.1523,0.2632,0.3041,0.3330,0.0117,0.8995
41.2796,0.8862,1.6541,-0.1173,0.2059,0.2370,-0.0033,-0.0042,-0.0135,1.6515,-0.1523,0.2632,0.3041,0.3311,0.0117,0.8996
41.2894,0.8852,1.6555,-0.1190,0.2053,0.2373,-0.0036,-0.0001,-0.0145,1.6532,-0.1525,0.2636,0.3045,0.3295,0.0107,0.8997
41.2899,0.8840,1.6574,-0.1190,0.2053,0.2373,-0.0043,-0.0001,-0.0159,1.6555,-0.1527,0.2635,0.3046,0.3259,0.0097,0.8999
41.3094,0.8828,1.6593,-0.1203,0.2055,0.2381,-0.0049,0.0060,-0.0171,1.6577,-0.1528,0.2634,0.3045,0.3228,0.0087,0.9000
41.3096,0.8818,1.6610,-0.1203,0.2055,0.2381,-0.0050,0.0060,-0.0183,1.6598,-0.1528,0.2634,0.3045,0.3204,0.0087,0.9001
41.3295,0.8808,1.6627,-0.1221,0.2068,0.2402,-0.0051,0.0044,-0.0195,1.6618,-0.1534,0.2638,0.3052,0.3178,0.0142,0.9002
41.3298,0.8797,1.6643,-0.1221,0.2068,0.2402,-0.0053,0.0044,-0.0206,1.6640,-0.1534,0.2638,0.3052,0.3162,0.0142,0.9003
41.3397,0.8785,1.6661,-0.1231,0.2072,0.2410,-0.0054,-0.0009,-0.0217,1.6662,-0.1528,0.2637,0.3047,0.3138,0.0149,0.9003
41.3402,0.8773,1.6679,-0.1231,0.2072,0.2410,-0.0056,-0.0009,-0.0230,1.6685,-0.1524,0.2636,0.3045,0.3117,0.0148,0.9003
41.3595,0.8760,1.6696,-0.1248,0.2076,0.2423,-0.0059,-0.0036,-0.0243,1.6707,-0.1530,0.2644,0.3055,0.3088,0.0146,0.9003
41.3597,0.8750,1.6710,-0.1255,0.2072,0.2422,-0.0060,-0.0049,-0.0253,1.6725,-0.1531,0.2644,0.3055,0.3062,0.0140,0.9003
41.3797,0.8736,1.6728,-0.1261,0.2072,0.2426,-0.0059,-0.0052,-0.0267,1.6750,-0.1531,0.2643,0.3054,0.3020,0.0113,0.9003
41.3799,0.8728,1.6740,-0.1261,0.2072,0.2426,-0.0058,-0.0052,-0.0276,1.6767,-0.1531,0.2643,0.3054,0.2992,0.0113,0.9004
41.3896,0.8715,1.6757,-0.1268,0.2065,0.2423,-0.0059,-0.0034,-0.0290,1.6790,-0.1531,0.2644,0.3055,0.2965,0.0095,0.9005
41.3898,0.8701,1.6774,-0.1268,0.2065,0.2423,-0.0061,-0.0034,-0.0304,1.6815,-0.1529,0.2643,0.3053,0.2933,0.0103,0.9006
41.4098,0.8688,1.6791,-0.1284,0.2068,0.2435,-0.0062,0.0019,-0.0317,1.6837,-0.1536,0.2652,0.3064,0.2908,0.0085,0.9006
41.4103,0.8676,1.6806,-0.1294,0.2070,0.2441,-0.0063,0.0037,-0.0329,1.6858,-0.1536,0.2650,0.3063,0.2887,0.0073,0.9005
41.4295,0.8663,1.6822,-0.1301,0.2068,0.2443,-0.0064,0.0033,-0.0340,1.6880,-0.1535,0.2647,0.3060,0.2860,0.0091,0.9004
41.4298,0.8650,1.6838,-0.1308,0.2066,0.2445,-0.0066,0.0034,-0.0352,1.6902,-0.1533,0.2645,0.3057,0.2828,0.0138,0.9002
41.4395,0.8639,1.6852,-0.1315,0.2062,0.2445,-0.0067,0.0027,-0.0362,1.6921,-0.1527,0.2640,0.3050,0.2797,0.0172,0.9001
41.4398,0.8626,1.6867,-0.1315,0.2062,0.2445,-0.0068,0.0027,-0.0375,1.6944,-0.1526,0.2638,0.3048,0.2761,0.0185,0.9001
41.4593,0.8613,1.6883,-0.1328,0.2053,0.2445,-0.0071,0.0020,-0.0389,1.6969,-0.1527,0.2640,0.3050,0.2722,0.0184,0.9002
41.4596,0.8600,1.6899,-0.1328,0.2053,0.2445,-0.0072,0.0020,-0.0402,1.6995,-0.1533,0.2649,0.3060,0.2679,0.0182,0.9003
41.4795,0.8588,1.6914,-0.1344,0.2049,0.2451,-0.0072,0.0026,-0.0415,1.7018,-0.1532,0.2654,0.3064,0.2647,0.0173,0.9004
41.4797,0.8578,1.6927,-0.1344,0.2049,0.2451,-0.0072,0.0026,-0.0426,1.7039,-0.1532,0.2654,0.3064,0.2613,0.0173,0.9004
41.4894,0.8564,1.6943,-0.1349,0.2036,0.2442,-0.0071,0.0058,-0.0439,1.7064,-0.1524,0.2653,0.3060,0.2578,0.0064,0.9003
41.4897,0.8564,1.6943,-0.1349,0.2036,0.2442,-0.0071,0.0058,-0.0450,1.7086,-0.1524,0.2653,0.3060,0.2545,0.0064,0.9015
41.5093,0.8538,1.6970,-0.1366,0.2030,0.2447,-0.0069,0.0080,-0.0462,1.7106,-0.1521,0.2661,0.3065,0.2515,0.0014,0.9001
41.5095,0.8525,1.6984,-0.1366,0.2030,0.2447,-0.0066,0.0080,-0.0474,1.7128,-0.1521,0.2661,0.3065,0.2481,0.0014,0.9001
41.5297,0.8511,1.6999,-0.1377,0.2013,0.2439,-0.0064,0.0094,-0.0488,1.7151,-0.1516,0.2653,0.3055,0.2442,0.0031,0.9000
41.5300,0.8499,1.7012,-0.1377,0.2013,0.2439,-0.0064,0.0094,-0.0499,1.7172,-0.1516,0.2653,0.3055,0.2401,0.0031,0.9000
41.5396,0.8486,1.7026,-0.1389,0.2001,0.2436,-0.0064,0.0133,-0.0512,1.7194,-0.1513,0.2649,0.3050,0.2371,0.0138,0.9000
41.5397,0.8471,1.7042,-0.1389,0.2001,0.2436,-0.0065,0.0133,-0.0526,1.7219,-0.1513,0.2649,0.3050,0.2341,0.0138,0.8999
41.5599,0.8456,1.7057,-0.1402,0.1988,0.2433,-0.0066,0.0164,-0.0539,1.7244,-0.1511,0.2649,0.3050,0.2302,0.0124,0.8997
41.5603,0.8443,1.7070,-0.1413,0.1987,0.2438,-0.0066,0.0168,-0.0549,1.7266,-0.1513,0.2655,0.3056,0.2266,0.0115,0.8994
41.5796,0.8430,1.7083,-0.1420,0.1979,0.2436,-0.0066,0.0159,-0.0559,1.7287,-0.1509,0.2652,0.3051,0.2232,0.0104,0.8992
41.5799,0.8416,1.7097,-0.1422,0.1965,0.2425,-0.0065,0.0145,-0.0573,1.7312,-0.1502,0.2645,0.3042,0.2196,0.0100,0.8991
41.5896,0.8400,1.7111,-0.1433,0.1960,0.2428,-0.0065,0.0125,-0.0587,1.7337,-0.1507,0.2650,0.3049,0.2147,0.0095,0.8989
41.5898,0.8387,1.7122,-0.1433,0.1960,0.2428,-0.0064,0.0125,-0.0598,1.7360,-0.1507,0.2650,0.3049,0.2113,0.0095,0.8988
41.6097,0.8373,1.7136,-0.1449,0.1938,0.2420,-0.0062,0.0117,-0.0610,1.7386,-0.1505,0.2654,0.3051,0.2079,0.0038,0.8986
41.6099,0.8359,1.7149,-0.1449,0.1938,0.2420,-0.0062,0.0117,-0.0622,1.7410,-0.1505,0.2654,0.3051,0.2040,0.0038,0.8984
41.6196,0.8345,1.7161,-0.1464,0.1917,0.2412,-0.0062,0.0134,-0.0632,1.7433,-0.1500,0.2660,0.3054,0.2002,-0.0070,0.8981
41.6199,0.8331,1.7172,-0.1464,0.1917,0.2412,-0.0062,0.0134,-0.0642,1.7456,-0.1500,0.2660,0.3054,0.1969,-0.0070,0.8978
41.6394,0.8317,1.7185,-0.1477,0.1897,0.2404,-0.0062,0.0130,-0.0654,1.7479,-0.1495,0.2669,0.3059,0.1933,-0.0120,0.8975
41.6396,0.8303,1.7197,-0.1477,0.1897,0.2404,-0.0063,0.0130,-0.0665,1.7502,-0.1495,0.2669,0.3059,0.1891,-0.0120,0.8973
41.6594,0.8287,1.7209,-0.1488,0.1876,0.2394,-0.0063,0.0128,-0.0677,1.7528,-0.1490,0.2675,0.3062,0.1842,-0.0117,0.8970
41.6597,0.8274,1.7219,-0.1496,0.1866,0.2391,-0.0063,0.0145,-0.0687,1.7548,-0.1490,0.2681,0.3068,0.1804,-0.0080,0.8968
41.6696,0.8260,1.7231,-0.1496,0.1849,0.2378,-0.0063,0.0150,-0.0699,1.7573,-0.1481,0.2676,0.3058,0.1755,-0.0044,0.8966
41.6699,0.8247,1.7242,-0.1496,0.1849,0.2378,-0.0065,0.0150,-0.0710,1.7595,-0.1475,0.2677,0.3057,0.1707,-0.0011,0.8964
41.6898,0.8232,1.7255,-0.1506,0.1825,0.2367,-0.0073,0.0187,-0.0722,1.7620,-0.1471,0.2678,0.3055,0.1656,0.0002,0.8961
41.6901,0.8218,1.7268,-0.1506,0.1825,0.2367,-0.0084,0.0187,-0.0733,1.7643,-0.1466,0.2682,0.3057,0.1618,0.0013,0.8959
41.7097,0.8201,1.7281,-0.1521,0.1807,0.2362,-0.0096,0.0222,-0.0746,1.7669,-0.1463,0.2687,0.3060,0.1573,0.0008,0.8956
41.7101,0.8189,1.7292,-0.1521,0.1807,0.2362,-0.0104,0.0222,-0.0755,1.7689,-0.1460,0.2693,0.3064,0.1539,-0.0008,0.8952
41.7297,0.8172,1.7305,-0.1531,0.1783,0.2350,-0.0110,0.0227,-0.0766,1.7714,-0.1456,0.2695,0.3063,0.1491,-0.0055,0.8948
41.7300,0.8160,1.7315,-0.1531,0.1783,0.2350,-0.0113,0.0227,-0.0775,1.7734,-0.1453,0.2704,0.3070,0.1458,-0.0109,0.8945
41.7396,0.8144,1.7328,-0.1544,0.1757,0.2339,-0.0119,0.0246,-0.0785,1.7759,-0.1444,0.2703,0.3065,0.1412,-0.0115,0.8940
41.7400,0.8130,1.7340,-0.1544,0.1757,0.2339,-0.0128,0.0246,-0.0796,1.7782,-0.1444,0.2703,0.3065,0.1372,-0.0115,0.8937
41.7596,0.8116,1.7352,-0.1558,0.1733,0.2331,-0.0143,0.0322,-0.0807,1.7804,-0.1433,0.2716,0.3071,0.1321,-0.0114,0.8934
41.7601,0.8100,1.7366,-0.1558,0.1733,0.2331,-0.0154,0.0322,-0.0818,1.7829,-0.1433,0.2716,0.3071,0.1274,-0.0114,0.8931
41.7798,0.8086,1.7379,-0.1568,0.1712,0.2322,-0.0160,0.0388,-0.0829,1.7852,-0.1418,0.2715,0.3063,0.1228,-0.0097,0.8927
41.7803,0.8073,1.7388,-0.1568,0.1712,0.2322,-0.0165,0.0388,-0.0837,1.7872,-0.1416,0.2721,0.3067,0.1195,-0.0097,0.8924
41.7897,0.8058,1.7401,-0.1577,0.1694,0.2314,-0.0170,0.0371,-0.0847,1.7895,-0.1405,0.2714,0.3057,0.1146,-0.0098,0.8918
41.7901,0.8041,1.7414,-0.1577,0.1694,0.2314,-0.0174,0.0371,-0.0858,1.7920,-0.1403,0.2726,0.3066,0.1096,-0.0105,0.8913
41.8096,0.8026,1.7425,-0.1598,0.1680,0.2318,-0.0174,0.0308,-0.0867,1.7941,-0.1398,0.2730,0.3067,0.1058,-0.0126,0.8909
41.8101,0.8012,1.7437,-0.1604,0.1665,0.2312,-0.0176,0.0297,-0.0877,1.7963,-0.1392,0.2729,0.3063,0.1006,-0.0125,0.8905
41.8297,0.7997,1.7449,-0.1612,0.1654,0.2309,-0.0179,0.0309,-0.0887,1.7985,-0.1387,0.2731,0.3063,0.0955,-0.0119,0.8900
41.8300,0.7983,1.7460,-0.1612,0.1654,0.2309,-0.0181,0.0309,-0.0896,1.8006,-0.1387,0.2731,0.3063,0.0913,-0.0119,0.8896
41.8397,0.7967,1.7473,-0.1629,0.1633,0.2307,-0.0184,0.0360,-0.0906,1.8030,-0.1381,0.2733,0.3062,0.0858,-0.0067,0.8890
41.8400,0.7951,1.7485,-0.1629,0.1633,0.2307,-0.0187,0.0360,-0.0916,1.8053,-0.1381,0.2733,0.3062,0.0800,-0.0067,0.8885
41.8597,0.7935,1.7497,-0.1642,0.1613,0.2302,-0.0189,0.0410,-0.0927,1.8076,-0.1371,0.2736,0.3060,0.0755,-0.0041,0.8880
41.8600,0.7919,1.7508,-0.1642,0.1613,0.2302,-0.0188,0.0410,-0.0936,1.8097,-0.1368,0.2738,0.3061,0.0707,-0.0056,0.8875
41.8695,0.7902,1.7520,-0.1661,0.1596,0.2304,-0.0187,0.0440,-0.0946,1.8120,-0.1367,0.2745,0.3066,0.0648,-0.0060,0.8868
41.8698,0.7886,1.7531,-0.1661,0.1596,0.2304,-0.0187,0.0440,-0.0957,1.8140,-0.1367,0.2745,0.3066,0.0602,-0.0060,0.8863
41.8895,0.7872,1.7542,-0.1683,0.1583,0.2311,-0.0187,0.0429,-0.0967,1.8159,-0.1361,0.2747,0.3065,0.0576,-0.0114,0.8860
41.8897,0.7856,1.7554,-0.1687,0.1571,0.2306,-0.0187,0.0407,-0.0977,1.8180,-0.1354,0.2737,0.3054,0.0526,-0.0109,0.8855
41.9096,0.7841,1.7565,-0.1691,0.1559,0.2300,-0.0187,0.0379,-0.0988,1.8199,-0.1345,0.2731,0.3044,0.0479,-0.0091,0.8852
41.9099,0.7828,1.7575,-0.1691,0.1559,0.2300,-0.0186,0.0379,-0.0997,1.8218,-0.1341,0.2725,0.3037,0.0438,-0.0051,0.8848
41.9197,0.7808,1.7588,-0.1697,0.1538,0.2290,-0.0180,0.0371,-0.1011,1.8244,-0.1337,0.2721,0.3032,0.0371,-0.0039,0.8844
41.9202,0.7791,1.7600,-0.1697,0.1538,0.2290,-0.0169,0.0371,-0.1023,1.8265,-0.1337,0.2721,0.3032,0.0317,-0.0039,0.8840
41.9396,0.7774,1.7613,-0.1718,0.1525,0.2297,-0.0158,0.0388,-0.1037,1.8287,-0.1344,0.2727,0.3040,0.0264,-0.0085,0.8837
41.9402,0.7761,1.7622,-0.1718,0.1525,0.2297,-0.0153,0.0388,-0.1046,1.8306,-0.1344,0.2727,0.3040,0.0221,-0.0085,0.8834
41.9497,0.7743,1.7636,-0.1731,0.1509,0.2297,-0.0143,0.0393,-0.1058,1.8329,-0.1344,0.2724,0.3038,0.0157,-0.0120,0.8829
41.9501,0.7727,1.7649,-0.1739,0.1505,0.2300,-0.0132,0.0391,-0.1070,1.8350,-0.1344,0.2724,0.3038,0.0109,-0.0120,0.8825
41.9697,0.7710,1.7662,-0.1747,0.1499,0.2302,-0.0123,0.0378,-0.1082,1.8371,-0.1336,0.2712,0.3023,0.0054,-0.0121,0.8820
41.9799,0.7693,1.7674,-0.1756,0.1495,0.2306,-0.0114,0.0318,-0.1093,1.8392,-0.1334,0.2707,0.3018,0.0008,-0.0076,0.8816
41.9804,0.7677,1.7685,-0.1756,0.1495,0.2306,-0.0097,0.0318,-0.1103,1.8411,-0.1334,0.2707,0.3018,-0.0040,-0.0076,0.8810
41.9998,0.7659,1.7697,-0.1774,0.1485,0.2314,-0.0074,0.0221,-0.1115,1.8434,-0.1328,0.2695,0.3005,-0.0098,-0.0028,0.8805
42.0002,0.7646,1.7705,-0.1774,0.1485,0.2314,-0.0062,0.0221,-0.1124,1.8451,-0.1329,0.2696,0.3006,-0.0139,-0.0024,0.8802
42.0097,0.7630,1.7714,-0.1785,0.1468,0.2311,-0.0044,0.0141,-0.1136,1.8473,-0.1325,0.2690,0.2999,-0.0192,-0.0037,0.8799
42.0101,0.7612,1.7724,-0.1785,0.1468,0.2311,-0.0031,0.0141,-0.1150,1.8497,-0.1323,0.2690,0.2998,-0.0252,-0.0064,0.8796
42.0298,0.7597,1.7734,-0.1798,0.1451,0.2310,-0.0020,0.0124,-0.1161,1.8518,-0.1324,0.2692,0.3000,-0.0300,-0.0180,0.8793
42.0302,0.7581,1.7744,-0.1798,0.1451,0.2310,-0.0014,0.0124,-0.1172,1.8537,-0.1324,0.2692,0.3000,-0.0347,-0.0226,0.8789
42.0496,0.7564,1.7756,-0.1810,0.1437,0.2311,-0.0013,0.0175,-0.1183,1.8557,-0.1320,0.2685,0.2992,-0.0399,-0.0233,0.8783
42.0595,0.7547,1.7766,-0.1816,0.1428,0.2310,-0.0009,0.0207,-0.1193,1.8573,-0.1315,0.2676,0.2982,-0.0441,-0.0213,0.8777
42.0598,0.7533,1.7774,-0.1816,0.1428,0.2310,-0.0008,0.0207,-0.1201,1.8587,-0.1308,0.2659,0.2963,-0.0474,-0.0208,0.8772
42.0698,0.7512,1.7788,-0.1820,0.1408,0.2300,-0.0006,0.0206,-0.1214,1.8609,-0.1302,0.2643,0.2947,-0.0528,-0.0202,0.8764
42.0701,0.7492,1.7801,-0.1820,0.1408,0.2300,-0.0000,0.0206,-0.1226,1.8631,-0.1302,0.2643,0.2947,-0.0587,-0.0202,0.8758
42.0798,0.7476,1.7812,-0.1847,0.1409,0.2323,-0.0000,0.0213,-0.1237,1.8650,-0.1306,0.2638,0.2944,-0.0635,-0.0179,0.8753
42.0806,0.7459,1.7823,-0.1847,0.1409,0.2323,0.0004,0.0213,-0.1248,1.8670,-0.1299,0.2626,0.2930,-0.0679,-0.0142,0.8748
42.0998,0.7444,1.7832,-0.1857,0.1401,0.2327,0.0006,0.0203,-0.1259,1.8688,-0.1301,0.2620,0.2926,-0.0722,-0.0119,0.8745
42.1003,0.7425,1.7845,-0.1857,0.1401,0.2327,0.0012,0.0203,-0.1273,1.8709,-0.1298,0.2604,0.2910,-0.0777,-0.0070,0.8741
42.1202,0.7409,1.7855,-0.1867,0.1392,0.2329,0.0016,0.0203,-0.1285,1.8727,-0.1302,0.2598,0.2906,-0.0813,-0.0052,0.8738
42.1207,0.7391,1.7866,-0.1867,0.1392,0.2329,0.0023,0.0203,-0.1296,1.8744,-0.1306,0.2587,0.2898,-0.0859,-0.0056,0.8732
42.1398,0.7374,1.7876,-0.1880,0.1387,0.2337,0.0035,0.0196,-0.1307,1.8760,-0.1308,0.2576,0.2889,-0.0906,-0.0114,0.8726
42.1402,0.7357,1.7885,-0.1880,0.1387,0.2337,0.0041,0.0196,-0.1319,1.8778,-0.1308,0.2576,0.2889,-0.0948,-0.0114,0.8722
42.1497,0.7338,1.7897,-0.1891,0.1377,0.2339,0.0045,0.0216,-0.1332,1.8797,-0.1308,0.2551,0.2867,-0.1002,-0.0134,0.8717
42.1502,0.7322,1.7907,-0.1891,0.1377,0.2339,0.0049,0.0216,-0.1343,1.8814,-0.1310,0.2540,0.2858,-0.1053,-0.0174,0.8712
42.1696,0.7303,1.7919,-0.1905,0.1376,0.2350,0.0054,0.0228,-0.1356,1.8832,-0.1310,0.2531,0.2850,-0.1102,-0.0195,0.8707
42.1699,0.7285,1.7930,-0.1905,0.1376,0.2350,0.0058,0.0228,-0.1367,1.8849,-0.1313,0.2519,0.2840,-0.1148,-0.0214,0.8701
42.1896,0.7266,1.7941,-0.1924,0.1376,0.2365,0.0066,0.0165,-0.1380,1.8869,-0.1315,0.2509,0.2832,-0.1201,-0.0216,0.8696
42.1900,0.7250,1.7950,-0.1931,0.1372,0.2369,0.0076,0.0121,-0.1391,1.8886,-0.1316,0.2498,0.2824,-0.1257,-0.0216,0.8691
42.2096,0.7230,1.7961,-0.1935,0.1365,0.2368,0.0084,0.0105,-0.1404,1.8905,-0.1315,0.2485,0.2812,-0.1314,-0.0209,0.8685
42.2098,0.7213,1.7970,-0.1935,0.1365,0.2368,0.0090,0.0105,-0.1415,1.8922,-0.1315,0.2485,0.2812,-0.1363,-0.0209,0.8680
42.2194,0.7194,1.7981,-0.1952,0.1357,0.2377,0.0098,0.0120,-0.1427,1.8940,-0.1320,0.2466,0.2797,-0.1420,-0.0185,0.8674
42.2197,0.7172,1.7993,-0.1956,0.1351,0.2377,0.0110,0.0118,-0.1441,1.8961,-0.1321,0.2452,0.2785,-0.1480,-0.0168,0.8668
42.2395,0.7153,1.8004,-0.1975,0.1356,0.2396,0.0113,0.0118,-0.1454,1.8980,-0.1333,0.2453,0.2792,-0.1534,-0.0172,0.8662
42.2398,0.7136,1.8014,-0.1975,0.1356,0.2396,0.0115,0.0118,-0.1465,1.8998,-0.1336,0.2442,0.2784,-0.1586,-0.0171,0.8657
42.2496,0.7119,1.8024,-0.1989,0.1349,0.2403,0.0119,0.0099,-0.1477,1.9017,-0.1338,0.2432,0.2776,-0.1644,-0.0188,0.8653
42.2500,0.7099,1.8036,-0.1989,0.1349,0.2403,0.0121,0.0099,-0.1490,1.9037,-0.1338,0.2432,0.2776,-0.1702,-0.0188,0.8647
42.2697,0.7080,1.8047,-0.2003,0.1339,0.2409,0.0123,0.0089,-0.1502,1.9057,-0.1342,0.2416,0.2763,-0.1763,-0.0240,0.8641
42.2701,0.7062,1.8058,-0.2003,0.1339,0.2409,0.0125,0.0089,-0.1512,1.9074,-0.1342,0.2416,0.2763,-0.1816,-0.0240,0.8634
42.2894,0.7042,1.8069,-0.2024,0.1339,0.2426,0.0126,0.0082,-0.1524,1.9092,-0.1351,0.2405,0.2758,-0.1876,-0.0265,0.8627
42.2897,0.7024,1.8078,-0.2024,0.1339,0.2426,0.0128,0.0082,-0.1534,1.9109,-0.1351,0.2405,0.2758,-0.1929,-0.0265,0.8619
42.2996,0.7006,1.8088,-0.2034,0.1329,0.2430,0.0128,0.0073,-0.1543,1.9125,-0.1351,0.2378,0.2735,-0.1979,-0.0248,0.8612
42.3000,0.6986,1.8100,-0.2034,0.1329,0.2430,0.0130,0.0073,-0.1556,1.9146,-0.1351,0.2378,0.2735,-0.2044,-0.0248,0.8605
42.3196,0.6966,1.8111,-0.2053,0.1326,0.2444,0.0133,0.0069,-0.1568,1.9165,-0.1358,0.2365,0.2727,-0.2123,-0.0240,0.8599
42.3202,0.6947,1.8122,-0.2053,0.1326,0.2444,0.0135,0.0069,-0.1579,1.9184,-0.1361,0.2360,0.2725,-0.2184,-0.0240,0.8592
42.3295,0.6931,1.8131,-0.2072,0.1325,0.2459,0.0135,0.0054,-0.1589,1.9199,-0.1366,0.2356,0.2723,-0.2230,-0.0227,0.8587
42.3300,0.6909,1.8143,-0.2072,0.1325,0.2459,0.0136,0.0054,-0.1602,1.9219,-0.1365,0.2339,0.2708,-0.2293,-0.0224,0.8579
42.3498,0.6890,1.8154,-0.2085,0.1316,0.2465,0.0136,0.0054,-0.1613,1.9236,-0.1372,0.2332,0.2706,-0.2345,-0.0182,0.8572
42.3502,0.6873,1.8163,-0.2085,0.1316,0.2465,0.0135,0.0054,-0.1622,1.9251,-0.1372,0.2319,0.2694,-0.2398,-0.0146,0.8564
42.3698,0.6850,1.8176,-0.2093,0.1310,0.2469,0.0134,0.0051,-0.1634,1.9270,-0.1371,0.2307,0.2684,-0.2470,-0.0128,0.8555
42.3703,0.6831,1.8188,-0.2093,0.1310,0.2469,0.0133,0.0051,-0.1645,1.9288,-0.1376,0.2302,0.2681,-0.2522,-0.0104,0.8547
42.3895,0.6814,1.8196,-0.2111,0.1313,0.2486,0.0130,0.0037,-0.1653,1.9302,-0.1377,0.2296,0.2677,-0.2564,-0.0073,0.8539
42.3900,0.6793,1.8207,-0.2111,0.1313,0.2486,0.0126,0.0037,-0.1663,1.9317,-0.1374,0.2285,0.2666,-0.2619,-0.0070,0.8528
42.3993,0.6772,1.8218,-0.2126,0.1306,0.2495,0.0120,0.0035,-0.1673,1.9333,-0.1371,0.2273,0.2655,-0.2670,-0.0044,0.8518
42.3995,0.6752,1.8229,-0.2126,0.1306,0.2495,0.0114,0.0035,-0.1683,1.9348,-0.1371,0.2273,0.2655,-0.2718,-0.0044,0.8509
42.4197,0.6734,1.8239,-0.2152,0.1309,0.2519,0.0107,0.0049,-0.1691,1.9362,-0.1372,0.2260,0.2644,-0.2772,0.0115,0.8499
42.4206,0.6713,1.8250,-0.2152,0.1309,0.2519,0.0104,0.0049,-0.1701,1.9377,-0.1360,0.2236,0.2617,-0.2828,0.0204,0.8490
42.4293,0.6693,1.8262,-0.2156,0.1299,0.2517,0.0103,0.0057,-0.1712,1.9393,-0.1356,0.2224,0.2605,-0.2881,0.0265,0.8481
42.4297,0.6676,1.8272,-0.2156,0.1299,0.2517,0.0100,0.0057,-0.1723,1.9407,-0.1351,0.2211,0.2590,-0.2925,0.0304,0.8476
42.4499,0.6659,1.8281,-0.2169,0.1299,0.2528,0.0099,0.0060,-0.1732,1.9420,-0.1353,0.2202,0.2584,-0.2968,0.0328,0.8468
42.4505,0.6640,1.8291,-0.2169,0.1299,0.2528,0.0099,0.0060,-0.1742,1.9437,-0.1353,0.2202,0.2584,-0.3026,0.0328,0.8460
42.4694,0.6621,1.8302,-0.2173,0.1285,0.2525,0.0098,0.0068,-0.1752,1.9453,-0.1344,0.2173,0.2555,-0.3084,0.0355,0.8452
42.4696,0.6602,1.8314,-0.2173,0.1285,0.2525,0.0096,0.0068,-0.1762,1.9471,-0.1344,0.2173,0.2555,-0.3136,0.0355,0.8443
42.4899,0.6582,1.8325,-0.2184,0.1279,0.2531,0.0094,0.0137,-0.1771,1.9486,-0.1337,0.2157,0.2538,-0.3178,0.0391,0.8434
42.4904,0.6563,1.8336,-0.2184,0.1279,0.2531,0.0095,0.0137,-0.1780,1.9502,-0.1336,0.2150,0.2532,-0.3224,0.0405,0.8425
42.4997,0.6525,1.8359,-0.2191,0.1279,0.2537,0.0096,0.0218,-0.1790,1.9517,-0.1331,0.2136,0.2517,-0.3263,0.0425,0.8395
42.4998,0.6525,1.8359,-0.2191,0.1279,0.2537,0.0096,0.0218,-0.1800,1.9534,-0.1331,0.2136,0.2517,-0.3299,0.0425,0.8407
42.5196,0.6506,1.8368,-0.2211,0.1290,0.2559,0.0096,0.0166,-0.1810,1.9549,-0.1329,0.2121,0.2503,-0.3335,0.0490,0.8400
42.5199,0.6488,1.8378,-0.2211,0.1290,0.2559,0.0097,0.0166,-0.1821,1.9565,-0.1322,0.2104,0.2484,-0.3376,0.0545,0.8394
42.5294,0.6467,1.8388,-0.2217,0.1289,0.2565,0.0102,0.0093,-0.1833,1.9582,-0.1321,0.2096,0.2477,-0.3412,0.0585,0.8385
42.5298,0.6450,1.8396,-0.2217,0.1289,0.2565,0.0108,0.0093,-0.1843,1.9596,-0.1322,0.2090,0.2473,-0.3448,0.0597,0.8379
42.5496,0.6430,1.8405,-0.2228,0.1280,0.2569,0.0119,0.0003,-0.1855,1.9612,-0.1319,0.2077,0.2460,-0.3490,0.0599,0.8372
42.5499,0.6415,1.8412,-0.2228,0.1280,0.2569,0.0126,0.0003,-0.1865,1.9627,-0.1319,0.2077,0.2460,-0.3520,0.0599,0.8368
42.5697,0.6395,1.8422,-0.2237,0.1276,0.2576,0.0125,0.0033,-0.1877,1.9644,-0.1328,0.2078,0.2466,-0.3553,0.0619,0.8362
42.5699,0.6379,1.8431,-0.2237,0.1276,0.2576,0.0127,0.0033,-0.1887,1.9659,-0.1328,0.2078,0.2466,-0.3579,0.0619,0.8357
42.5799,0.6359,1.8443,-0.2226,0.1259,0.2557,0.0125,0.0074,-0.1901,1.9679,-0.1322,0.2056,0.2445,-0.3617,0.0632,0.8352
42.5896,0.6321,1.8464,-0.2241,0.1265,0.2574,0.0122,0.0097,-0.1916,1.9700,-0.1330,0.2057,0.2450,-0.3647,0.0638,0.8329
42.5898,0.6321,1.8464,-0.2241,0.1265,0.2574,0.0122,0.0097,-0.1926,1.9716,-0.1335,0.2059,0.2454,-0.3665,0.0634,0.8342
42.6094,0.6301,1.8474,-0.2245,0.1264,0.2576,0.0121,0.0098,-0.1938,1.9734,-0.1333,0.2055,0.2450,-0.3682,0.0624,0.8334
42.6198,0.6279,1.8484,-0.2248,0.1258,0.2576,0.0126,0.0073,-0.1951,1.9752,-0.1329,0.2050,0.2443,-0.3709,0.0643,0.8328
42.6207,0.6264,1.8491,-0.2248,0.1258,0.2576,0.0126,0.0073,-0.1960,1.9766,-0.1333,0.2051,0.2446,-0.3730,0.0651,0.8323
42.6295,0.6227,1.8510,-0.2258,0.1250,0.2581,0.0124,-0.0011,-0.1972,1.9785,-0.1328,0.2044,0.2437,-0.3754,0.0695,0.8298
42.6297,0.6227,1.8510,-0.2258,0.1250,0.2581,0.0124,-0.0011,-0.1983,1.9801,-0.1328,0.2044,0.2437,-0.3778,0.0695,0.8311
42.6498,0.6209,1.8519,-0.2260,0.1250,0.2583,0.0124,-0.0052,-0.1996,1.9818,-0.1328,0.2047,0.2440,-0.3806,0.0746,0.8307
42.6501,0.6190,1.8528,-0.2260,0.1250,0.2583,0.0124,-0.0052,-0.2009,1.9837,-0.1327,0.2042,0.2435,-0.3829,0.0763,0.8303
42.6697,0.6169,1.8539,-0.2263,0.1242,0.2581,0.0124,-0.0084,-0.2023,1.9858,-0.1332,0.2046,0.2441,-0.3862,0.0771,0.8297
42.6700,0.6151,1.8547,-0.2263,0.1242,0.2581,0.0124,-0.0084,-0.2035,1.9875,-0.1332,0.2046,0.2441,-0.3883,0.0771,0.8293
42.6796,0.6130,1.8557,-0.2267,0.1233,0.2581,0.0124,-0.0066,-0.2049,1.9896,-0.1335,0.2052,0.2448,-0.3918,0.0771,0.8288
42.6799,0.6110,1.8565,-0.2267,0.1233,0.2581,0.0124,-0.0066,-0.2061,1.9913,-0.1335,0.2052,0.2448,-0.3943,0.0771,0.8282
42.6996,0.6092,1.8574,-0.2279,0.1230,0.2590,0.0124,-0.0046,-0.2073,1.9930,-0.1341,0.2055,0.2454,-0.3968,0.0759,0.8277
42.6999,0.6070,1.8585,-0.2279,0.1230,0.2590,0.0124,-0.0046,-0.2087,1.9951,-0.1341,0.2055,0.2454,-0.3995,0.0759,0.8271
42.7198,0.6051,1.8596,-0.2285,0.1230,0.2595,0.0123,-0.0061,-0.2099,1.9968,-0.1344,0.2059,0.2459,-0.4009,0.0741,0.8265
42.7202,0.6033,1.8605,-0.2286,0.1230,0.2596,0.0122,-0.0072,-0.2110,1.9985,-0.1344,0.2059,0.2459,-0.4027,0.0741,0.8259
42.7295,0.6016,1.8613,-0.2278,0.1223,0.2586,0.0121,-0.0081,-0.2120,2.0001,-0.1337,0.2049,0.2447,-0.4045,0.0751,0.8254
42.7299,0.5994,1.8622,-0.2278,0.1223,0.2586,0.0120,-0.0081,-0.2135,2.0022,-0.1337,0.2049,0.2447,-0.4061,0.0751,0.8249
42.7497,0.5977,1.8629,-0.2283,0.1216,0.2587,0.0120,-0.0101,-0.2146,2.0037,-0.1340,0.2049,0.2448,-0.4074,0.0832,0.8244
42.7500,0.5955,1.8637,-0.2283,0.1216,0.2587,0.0121,-0.0101,-0.2161,2.0056,-0.1340,0.2049,0.2448,-0.4090,0.0832,0.8239
42.7593,0.5938,1.8643,-0.2287,0.1202,0.2583,0.0121,-0.0120,-0.2173,2.0072,-0.1342,0.2038,0.2440,-0.4099,0.0875,0.8236
42.7597,0.5917,1.8650,-0.2287,0.1202,0.2583,0.0122,-0.0120,-0.2186,2.0091,-0.1342,0.2029,0.2433,-0.4121,0.0899,0.8230
42.7800,0.5899,1.8657,-0.2289,0.1185,0.2577,0.0122,-0.0136,-0.2197,2.0106,-0.1347,0.2033,0.2439,-0.4139,0.0894,0.8225
42.7804,0.5883,1.8662,-0.2289,0.1185,0.2577,0.0121,-0.0136,-0.2207,2.0119,-0.1347,0.2028,0.2435,-0.4155,0.0890,0.8220
42.7998,0.5863,1.8669,-0.2281,0.1167,0.2563,0.0120,-0.0116,-0.2220,2.0136,-0.1347,0.2020,0.2428,-0.4175,0.0895,0.8215
42.8002,0.5841,1.8678,-0.2281,0.1167,0.2563,0.0117,-0.0116,-0.2234,2.0154,-0.1347,0.2020,0.2428,-0.4192,0.0895,0.8209
42.8096,0.5820,1.8686,-0.2288,0.1156,0.2564,0.0114,-0.0102,-0.2248,2.0171,-0.1357,0.2015,0.2430,-0.4208,0.0910,0.8203
42.8099,0.5799,1.8694,-0.2292,0.1149,0.2564,0.0112,-0.0100,-0.2261,2.0189,-0.1360,0.2012,0.2428,-0.4224,0.0911,0.8197
42.8294,0.5778,1.8702,-0.2297,0.1144,0.2566,0.0109,-0.0102,-0.2274,2.0207,-0.1364,0.2010,0.2429,-0.4242,0.0891,0.8192
42.8297,0.5759,1.8709,-0.2297,0.1144,0.2566,0.0104,-0.0102,-0.2286,2.0224,-0.1364,0.2010,0.2429,-0.4255,0.0891,0.8186
42.8500,0.5739,1.8715,-0.2301,0.1131,0.2564,0.0101,-0.0141,-0.2298,2.0243,-0.1368,0.2010,0.2432,-0.4263,0.0823,0.8181
42.8504,0.5720,1.8722,-0.2301,0.1131,0.2564,0.0099,-0.0141,-0.2310,2.0259,-0.1371,0.2014,0.2437,-0.4274,0.0778,0.8176
42.8598,0.5698,1.8728,-0.2305,0.1117,0.2562,0.0096,-0.0144,-0.2323,2.0276,-0.1376,0.2015,0.2440,-0.4289,0.0737,0.8168
42.8601,0.5678,1.8734,-0.2305,0.1117,0.2562,0.0096,-0.0144,-0.2334,2.0293,-0.1376,0.2015,0.2440,-0.4301,0.0737,0.8163
42.8797,0.5658,1.8741,-0.2304,0.1093,0.2551,0.0094,-0.0086,-0.2347,2.0308,-0.1378,0.2010,0.2437,-0.4311,0.0694,0.8157
42.8801,0.5639,1.8746,-0.2312,0.1089,0.2556,0.0092,-0.0037,-0.2359,2.0323,-0.1387,0.2014,0.2445,-0.4315,0.0694,0.8151
42.8998,0.5617,1.8755,-0.2308,0.1079,0.2548,0.0089,-0.0012,-0.2372,2.0341,-0.1392,0.2012,0.2447,-0.4328,0.0672,0.8145
42.9003,0.5595,1.8762,-0.2308,0.1079,0.2548,0.0087,-0.0012,-0.2387,2.0359,-0.1399,0.2017,0.2454,-0.4338,0.0624,0.8140
42.9097,0.5575,1.8769,-0.2314,0.1066,0.2548,0.0086,-0.0035,-0.2399,2.0376,-0.1407,0.2022,0.2463,-0.4344,0.0515,0.8134
42.9100,0.5554,1.8776,-0.2318,0.1060,0.2549,0.0085,-0.0039,-0.2412,2.0393,-0.1415,0.2028,0.2473,-0.4353,0.0445,0.8128
42.9297,0.5534,1.8782,-0.2319,0.1052,0.2547,0.0083,-0.0051,-0.2424,2.0410,-0.1420,0.2031,0.2479,-0.4368,0.0411,0.8123
42.9396,0.5513,1.8789,-0.2319,0.1041,0.2542,0.0079,-0.0059,-0.2438,2.0428,-0.1424,0.2035,0.2484,-0.4380,0.0396,0.8119
42.9402,0.5495,1.8794,-0.2319,0.1041,0.2542,0.0076,-0.0059,-0.2450,2.0444,-0.1424,0.2035,0.2484,-0.4392,0.0396,0.8114
42.9600,0.5475,1.8799,-0.2330,0.1026,0.2545,0.0071,-0.0076,-0.2461,2.0460,-0.1436,0.2047,0.2501,-0.4406,0.0371,0.8108
42.9603,0.5453,1.8806,-0.2330,0.1026,0.2545,0.0069,-0.0076,-0.2475,2.0478,-0.1436,0.2047,0.2501,-0.4411,0.0371,0.8102
42.9697,0.5434,1.8811,-0.2337,0.1007,0.2544,0.0066,-0.0085,-0.2486,2.0492,-0.1445,0.2049,0.2507,-0.4419,0.0271,0.8096
42.9699,0.5411,1.8818,-0.2337,0.1007,0.2544,0.0065,-0.0085,-0.2500,2.0508,-0.1445,0.2049,0.2507,-0.4429,0.0271,0.8090
42.9898,0.5390,1.8826,-0.2342,0.0986,0.2541,0.0066,-0.0128,-0.2516,2.0524,-0.1459,0.2044,0.2511,-0.4436,0.0144,0.8086
42.9903,0.5369,1.8833,-0.2347,0.0980,0.2543,0.0067,-0.0214,-0.2530,2.0537,-0.1472,0.2044,0.2519,-0.4444,0.0125,0.8081
42.9996,0.5351,1.8838,-0.2353,0.0972,0.2546,0.0067,-0.0258,-0.2542,2.0551,-0.1480,0.2041,0.2521,-0.4464,0.0108,0.8077
42.9998,0.5330,1.8844,-0.2353,0.0972,0.2546,0.0077,-0.0258,-0.2556,2.0568,-0.1482,0.2034,0.2517,-0.4484,0.0078,0.8072
43.0197,0.5312,1.8848,-0.2352,0.0951,0.2537,0.0080,-0.0292,-0.2568,2.0582,-0.1490,0.2037,0.2524,-0.4494,0.0048,0.8068
43.0199,0.5293,1.8852,-0.2353,0.0940,0.2534,0.0084,-0.0284,-0.2582,2.0598,-0.1490,0.2037,0.2524,-0.4514,0.0048,0.8065
43.0397,0.5274,1.8856,-0.2348,0.0928,0.2525,0.0090,-0.0281,-0.2594,2.0612,-0.1498,0.2033,0.2525,-0.4523,-0.0050,0.8062
43.0401,0.5252,1.8860,-0.2352,0.0920,0.2525,0.0096,-0.0282,-0.2608,2.0628,-0.1503,0.2034,0.2529,-0.4528,-0.0101,0.8057
43.0601,0.5236,1.8863,-0.2356,0.0910,0.2525,0.0097,-0.0287,-0.2619,2.0639,-0.1508,0.2031,0.2529,-0.4531,-0.0137,0.8053
43.0605,0.5217,1.8865,-0.2358,0.0901,0.2524,0.0100,-0.0293,-0.2632,2.0651,-0.1509,0.2025,0.2525,-0.4535,-0.0145,0.8049
43.0696,0.5193,1.8869,-0.2357,0.0886,0.2518,0.0102,-0.0309,-0.2649,2.0666,-0.1509,0.2013,0.2516,-0.4536,-0.0144,0.8045
43.0699,0.5172,1.8872,-0.2357,0.0886,0.2518,0.0102,-0.0309,-0.2662,2.0680,-0.1509,0.2013,0.2516,-0.4538,-0.0144,0.8040
43.0898,0.5150,1.8875,-0.2373,0.0858,0.2523,0.0104,-0.0279,-0.2677,2.0698,-0.1520,0.2003,0.2514,-0.4543,-0.0034,0.8037
43.0901,0.5130,1.8878,-0.2377,0.0839,0.2520,0.0107,-0.0246,-0.2691,2.0712,-0.1524,0.1996,0.2511,-0.4544,-0.0026,0.8033
43.0994,0.5110,1.8881,-0.2384,0.0828,0.2523,0.0107,-0.0247,-0.2703,2.0726,-0.1530,0.1993,0.2513,-0.4544,-0.0042,0.8028
43.0997,0.5090,1.8885,-0.2384,0.0828,0.2523,0.0107,-0.0247,-0.2717,2.0741,-0.1530,0.1993,0.2513,-0.4545,-0.0042,0.8025
43.1197,0.5069,1.8889,-0.2379,0.0802,0.2510,0.0108,-0.0190,-0.2730,2.0756,-0.1532,0.1978,0.2502,-0.4547,-0.0020,0.8019
43.1201,0.5048,1.8893,-0.2391,0.0796,0.2521,0.0107,-0.0247,-0.2743,2.0770,-0.1540,0.1980,0.2509,-0.4550,-0.0040,0.8015
43.1398,0.5028,1.8896,-0.2392,0.0784,0.2517,0.0107,-0.0278,-0.2756,2.0783,-0.1542,0.1971,0.2503,-0.4552,-0.0083,0.8010
43.1401,0.5009,1.8898,-0.2392,0.0784,0.2517,0.0107,-0.0278,-0.2770,2.0797,-0.1546,0.1964,0.2500,-0.4553,-0.0120,0.8007
43.1498,0.4987,1.8899,-0.2400,0.0758,0.2517,0.0109,-0.0312,-0.2784,2.0811,-0.1548,0.1957,0.2495,-0.4556,-0.0143,0.8003
43.1501,0.4966,1.8900,-0.2406,0.0743,0.2519,0.0111,-0.0320,-0.2800,2.0827,-0.1551,0.1949,0.2491,-0.4557,-0.0181,0.8001
43.1696,0.4947,1.8900,-0.2405,0.0722,0.2511,0.0112,-0.0319,-0.2813,2.0839,-0.1553,0.1936,0.2482,-0.4555,-0.0221,0.7999
43.1796,0.4924,1.8900,-0.2409,0.0707,0.2510,0.0112,-0.0304,-0.2829,2.0855,-0.1556,0.1928,0.2478,-0.4551,-0.0251,0.7995
43.1799,0.4906,1.8901,-0.2409,0.0707,0.2510,0.0106,-0.0304,-0.2841,2.0866,-0.1559,0.1918,0.2472,-0.4547,-0.0269,0.7992
43.1996,0.4889,1.8902,-0.2408,0.0671,0.2499,0.0092,-0.0190,-0.2851,2.0877,-0.1559,0.1906,0.2462,-0.4541,-0.0281,0.7988
43.1999,0.4867,1.8903,-0.2408,0.0671,0.2499,0.0073,-0.0190,-0.2864,2.0889,-0.1559,0.1906,0.2462,-0.4525,-0.0281,0.7982
43.2096,0.4840,1.8907,-0.2408,0.0636,0.2490,0.0051,-0.0217,-0.2882,2.0905,-0.1555,0.1875,0.2436,-0.4499,-0.0282,0.7976
43.2098,0.4820,1.8909,-0.2408,0.0636,0.2490,0.0045,-0.0217,-0.2894,2.0918,-0.1566,0.1874,0.2442,-0.4481,-0.0326,0.7972
43.2298,0.4782,1.8913,-0.2433,0.0598,0.2505,0.0033,-0.0277,-0.2908,2.0931,-0.1569,0.1865,0.2437,-0.4465,-0.0383,0.7950
43.2301,0.4782,1.8913,-0.2433,0.0598,0.2505,0.0033,-0.0277,-0.2919,2.0941,-0.1574,0.1860,0.2437,-0.4449,-0.0415,0.7964
43.2497,0.4758,1.8915,-0.2425,0.0581,0.2493,0.0023,-0.0275,-0.2937,2.0956,-0.1569,0.1838,0.2416,-0.4421,-0.0468,0.7960
43.2500,0.4739,1.8916,-0.2425,0.0581,0.2493,0.0018,-0.0275,-0.2948,2.0966,-0.1569,0.1838,0.2416,-0.4404,-0.0468,0.7956
43.2595,0.4716,1.8917,-0.2432,0.0558,0.2495,0.0006,-0.0263,-0.2964,2.0980,-0.1575,0.1820,0.2407,-0.4374,-0.0523,0.7952
43.2598,0.4698,1.8918,-0.2432,0.0558,0.2495,-0.0003,-0.0263,-0.2975,2.0989,-0.1575,0.1820,0.2407,-0.4356,-0.0523,0.7948
43.2798,0.4675,1.8919,-0.2438,0.0535,0.2496,-0.0015,-0.0258,-0.2991,2.1002,-0.1579,0.1797,0.2392,-0.4331,-0.0525,0.7944
43.2801,0.4654,1.8920,-0.2438,0.0535,0.2496,-0.0023,-0.0258,-0.3005,2.1012,-0.1579,0.1797,0.2392,-0.4311,-0.0525,0.7939
43.2996,0.4632,1.8922,-0.2457,0.0517,0.2511,-0.0032,-0.0279,-0.3018,2.1024,-0.1595,0.1786,0.2395,-0.4298,-0.0493,0.7934
43.3000,0.4611,1.8924,-0.2457,0.0517,0.2511,-0.0040,-0.0279,-0.3031,2.1034,-0.1595,0.1786,0.2395,-0.4283,-0.0493,0.7929
43.3094,0.4587,1.8927,-0.2460,0.0493,0.2509,-0.0053,-0.0315,-0.3046,2.1048,-0.1594,0.1760,0.2375,-0.4263,-0.0528,0.7923
43.3098,0.4566,1.8929,-0.2460,0.0493,0.2509,-0.0060,-0.0315,-0.3060,2.1061,-0.1597,0.1753,0.2371,-0.4242,-0.0535,0.7918
43.3297,0.4546,1.8931,-0.2466,0.0470,0.2511,-0.0068,-0.0349,-0.3071,2.1071,-0.1597,0.1743,0.2364,-0.4221,-0.0536,0.7912
43.3397,0.4524,1.8933,-0.2464,0.0458,0.2507,-0.0081,-0.0369,-0.3086,2.1085,-0.1595,0.1729,0.2352,-0.4191,-0.0524,0.7908
43.3401,0.4505,1.8935,-0.2470,0.0449,0.2510,-0.0090,-0.0374,-0.3097,2.1093,-0.1599,0.1721,0.2350,-0.4165,-0.0539,0.7902
43.3495,0.4482,1.8937,-0.2468,0.0439,0.2507,-0.0100,-0.0380,-0.3111,2.1103,-0.1597,0.1701,0.2333,-0.4127,-0.0515,0.7896
43.3499,0.4463,1.8939,-0.2468,0.0439,0.2507,-0.0106,-0.0380,-0.3124,2.1110,-0.1597,0.1701,0.2333,-0.4091,-0.0515,0.7891
43.3696,0.4441,1.8940,-0.2470,0.0420,0.2505,-0.0112,-0.0401,-0.3138,2.1118,-0.1602,0.1668,0.2313,-0.4054,-0.0465,0.7885
43.3796,0.4416,1.8942,-0.2475,0.0412,0.2509,-0.0117,-0.0458,-0.3154,2.1127,-0.1608,0.1651,0.2305,-0.4010,-0.0461,0.7879
43.3802,0.4397,1.8943,-0.2475,0.0412,0.2509,-0.0119,-0.0458,-0.3167,2.1133,-0.1615,0.1638,0.2300,-0.3979,-0.0465,0.7874
43.3896,0.4378,1.8944,-0.2483,0.0394,0.2514,-0.0120,-0.0540,-0.3179,2.1139,-0.1616,0.1620,0.2288,-0.3955,-0.0465,0.7870
43.3898,0.4355,1.8946,-0.2477,0.0379,0.2505,-0.0124,-0.0530,-0.3196,2.1147,-0.1616,0.1620,0.2288,-0.3926,-0.0465,0.7866
43.4099,0.4332,1.8948,-0.2479,0.0367,0.2506,-0.0127,-0.0518,-0.3214,2.1157,-0.1619,0.1575,0.2259,-0.3894,-0.0448,0.7863
43.4103,0.4311,1.8950,-0.2479,0.0367,0.2506,-0.0132,-0.0518,-0.3230,2.1167,-0.1630,0.1563,0.2258,-0.3863,-0.0464,0.7860
43.4202,0.4291,1.8952,-0.2486,0.0347,0.2510,-0.0136,-0.0528,-0.3245,2.1176,-0.1638,0.1548,0.2254,-0.3836,-0.0506,0.7858
43.4205,0.4270,1.8954,-0.2486,0.0347,0.2510,-0.0142,-0.0528,-0.3261,2.1185,-0.1642,0.1531,0.2245,-0.3802,-0.0546,0.7854
43.4398,0.4249,1.8956,-0.2487,0.0330,0.2508,-0.0145,-0.0532,-0.3275,2.1193,-0.1645,0.1513,0.2236,-0.3780,-0.0577,0.7850
43.4403,0.4229,1.8957,-0.2490,0.0324,0.2511,-0.0148,-0.0527,-0.3291,2.1200,-0.1651,0.1498,0.2229,-0.3750,-0.0573,0.7848
43.4600,0.4186,1.8958,-0.2491,0.0316,0.2511,-0.0149,-0.0530,-0.3308,2.1208,-0.1660,0.1480,0.2224,-0.3712,-0.0623,0.7825
43.4603,0.4186,1.8958,-0.2491,0.0316,0.2511,-0.0149,-0.0530,-0.3325,2.1214,-0.1668,0.1460,0.2216,-0.3679,-0.0627,0.7842
43.4798,0.4163,1.8959,-0.2495,0.0294,0.2512,-0.0148,-0.0534,-0.3344,2.1220,-0.1677,0.1443,0.2213,-0.3637,-0.0618,0.7840
43.4803,0.4144,1.8959,-0.2495,0.0294,0.2512,-0.0148,-0.0534,-0.3360,2.1225,-0.1677,0.1443,0.2213,-0.3605,-0.0618,0.7839
43.4895,0.4126,1.8959,-0.2491,0.0264,0.2505,-0.0148,-0.0393,-0.3374,2.1229,-0.1687,0.1402,0.2194,-0.3581,-0.0540,0.7836
43.4898,0.4100,1.8959,-0.2491,0.0264,0.2505,-0.0151,-0.0393,-0.3395,2.1235,-0.1690,0.1383,0.2184,-0.3544,-0.0543,0.7833
43.5096,0.4079,1.8959,-0.2502,0.0242,0.2514,-0.0154,-0.0293,-0.3413,2.1240,-0.1707,0.1368,0.2188,-0.3507,-0.0494,0.7831
43.5099,0.4059,1.8959,-0.2502,0.0242,0.2514,-0.0154,-0.0293,-0.3430,2.1244,-0.1707,0.1368,0.2188,-0.3475,-0.0494,0.7829
43.5298,0.4036,1.8960,-0.2505,0.0222,0.2515,-0.0153,-0.0185,-0.3448,2.1251,-0.1723,0.1325,0.2173,-0.3439,-0.0412,0.7827
43.5301,0.4016,1.8961,-0.2505,0.0222,0.2515,-0.0153,-0.0185,-0.3465,2.1256,-0.1723,0.1325,0.2173,-0.3408,-0.0412,0.7825
43.5397,0.3997,1.8961,-0.2516,0.0210,0.2525,-0.0152,-0.0200,-0.3480,2.1260,-0.1742,0.1287,0.2165,-0.3378,-0.0326,0.7822
43.5401,0.3972,1.8963,-0.2516,0.0210,0.2525,-0.0152,-0.0200,-0.3499,2.1264,-0.1743,0.1263,0.2153,-0.3333,-0.0321,0.7817
43.5594,0.3949,1.8964,-0.2528,0.0200,0.2536,-0.0148,-0.0277,-0.3517,2.1268,-0.1759,0.1250,0.2158,-0.3294,-0.0331,0.7813
43.5597,0.3930,1.8964,-0.2528,0.0200,0.2536,-0.0143,-0.0277,-0.3533,2.1272,-0.1759,0.1250,0.2158,-0.3264,-0.0331,0.7811
43.5797,0.3911,1.8965,-0.2526,0.0191,0.2533,-0.0138,-0.0300,-0.3547,2.1275,-0.1768,0.1211,0.2143,-0.3241,-0.0448,0.7808
43.5801,0.3885,1.8965,-0.2526,0.0191,0.2533,-0.0133,-0.0300,-0.3569,2.1281,-0.1771,0.1189,0.2133,-0.3208,-0.0483,0.7806
43.5895,0.3863,1.8965,-0.2529,0.0180,0.2536,-0.0128,-0.0357,-0.3588,2.1286,-0.1784,0.1166,0.2131,-0.3183,-0.0484,0.7804
43.5899,0.3840,1.8964,-0.2529,0.0180,0.2536,-0.0126,-0.0357,-0.3607,2.1293,-0.1794,0.1148,0.2130,-0.3156,-0.0453,0.7802
43.6096,0.3818,1.8964,-0.2540,0.0166,0.2545,-0.0121,-0.0302,-0.3625,2.1300,-0.1806,0.1134,0.2133,-0.3129,-0.0434,0.7801
43.6099,0.3794,1.8964,-0.2540,0.0166,0.2545,-0.0113,-0.0302,-0.3645,2.1306,-0.1806,0.1134,0.2133,-0.3097,-0.0434,0.7799
43.6295,0.3773,1.8963,-0.2550,0.0150,0.2554,-0.0103,-0.0183,-0.3662,2.1310,-0.1830,0.1100,0.2135,-0.3072,-0.0389,0.7796
43.6299,0.3749,1.8963,-0.2550,0.0150,0.2554,-0.0090,-0.0183,-0.3683,2.1315,-0.1830,0.1100,0.2135,-0.3039,-0.0389,0.7795
43.6395,0.3727,1.8963,-0.2558,0.0135,0.2561,-0.0069,-0.0084,-0.3701,2.1319,-0.1853,0.1063,0.2137,-0.3011,-0.0335,0.7793
43.6397,0.3709,1.8962,-0.2558,0.0135,0.2561,-0.0057,-0.0084,-0.3717,2.1323,-0.1853,0.1063,0.2137,-0.2987,-0.0335,0.7792
43.6594,0.3684,1.8961,-0.2557,0.0126,0.2560,-0.0039,-0.0078,-0.3740,2.1329,-0.1866,0.1024,0.2128,-0.2950,-0.0298,0.7792
43.6597,0.3664,1.8960,-0.2557,0.0126,0.2560,-0.0024,-0.0078,-0.3758,2.1333,-0.1879,0.1004,0.2131,-0.2915,-0.0285,0.7792
43.6797,0.3641,1.8957,-0.2566,0.0119,0.2568,-0.0008,-0.0107,-0.3778,2.1339,-0.1889,0.0989,0.2132,-0.2883,-0.0274,0.7792
43.6801,0.3621,1.8956,-0.2566,0.0119,0.2568,0.0002,-0.0107,-0.3797,2.1342,-0.1889,0.0989,0.2132,-0.2853,-0.0274,0.7793
43.6896,0.3600,1.8954,-0.2571,0.0109,0.2573,0.0011,-0.0178,-0.3816,2.1345,-0.1913,0.0953,0.2137,-0.2820,-0.0257,0.7792
43.6899,0.3579,1.8952,-0.2571,0.0109,0.2573,0.0020,-0.0178,-0.3836,2.1347,-0.1913,0.0953,0.2137,-0.2784,-0.0257,0.7792
43.7094,0.3555,1.8949,-0.2575,0.0097,0.2577,0.0031,-0.0102,-0.3858,2.1348,-0.1943,0.0915,0.2147,-0.2738,-0.0215,0.7791
43.7096,0.3533,1.8947,-0.2575,0.0097,0.2577,0.0045,-0.0102,-0.3879,2.1349,-0.1943,0.0915,0.2147,-0.2702,-0.0215,0.7792
43.7195,0.3513,1.8946,-0.2574,0.0076,0.2575,0.0057,-0.0027,-0.3899,2.1349,-0.1970,0.0861,0.2150,-0.2672,-0.0065,0.7791
43.7198,0.3492,1.8945,-0.2574,0.0076,0.2575,0.0067,-0.0027,-0.3920,2.1349,-0.1970,0.0861,0.2150,-0.2601,-0.0065,0.7792
43.7397,0.3471,1.8945,-0.2581,0.0065,0.2582,0.0081,0.0003,-0.3940,2.1350,-0.2002,0.0817,0.2163,-0.2565,0.0032,0.7791
43.7400,0.3448,1.8944,-0.2574,0.0060,0.2575,0.0099,0.0003,-0.3961,2.1350,-0.2002,0.0817,0.2163,-0.2536,0.0032,0.7790
43.7599,0.3426,1.8942,-0.2582,0.0056,0.2583,0.0115,-0.0010,-0.3981,2.1350,-0.2025,0.0768,0.2166,-0.2504,0.0160,0.7788
43.7602,0.3405,1.8940,-0.2582,0.0056,0.2583,0.0134,-0.0010,-0.4000,2.1351,-0.2034,0.0741,0.2165,-0.2479,0.0209,0.7787
43.7695,0.3383,1.8938,-0.2588,0.0046,0.2588,0.0152,-0.0033,-0.4022,2.1351,-0.2050,0.0723,0.2173,-0.2440,0.0223,0.7788
43.7699,0.3364,1.8935,-0.2588,0.0046,0.2588,0.0165,-0.0033,-0.4040,2.1352,-0.2050,0.0723,0.2173,-0.2408,0.0223,0.7789
43.7897,0.3342,1.8932,-0.2580,0.0029,0.2580,0.0178,-0.0038,-0.4063,2.1353,-0.2071,0.0679,0.2180,-0.2367,0.0247,0.7791
43.7901,0.3322,1.8928,-0.2580,0.0029,0.2580,0.0194,-0.0038,-0.4084,2.1354,-0.2089,0.0658,0.2190,-0.2324,0.0233,0.7793
43.8098,0.3299,1.8924,-0.2580,0.0008,0.2580,0.0210,0.0020,-0.4107,2.1354,-0.2105,0.0640,0.2200,-0.2276,0.0232,0.7794
43.8101,0.3279,1.8921,-0.2580,0.0008,0.2580,0.0228,0.0020,-0.4128,2.1354,-0.2105,0.0640,0.2200,-0.2229,0.0232,0.7796
43.8199,0.3258,1.8919,-0.2573,-0.0016,0.2573,0.0250,0.0080,-0.4150,2.1354,-0.2136,0.0588,0.2215,-0.2186,0.0230,0.7798
43.8202,0.3237,1.8917,-0.2573,-0.0016,0.2573,0.0269,0.0080,-0.4170,2.1354,-0.2157,0.0566,0.2230,-0.2143,0.0256,0.7797
43.8398,0.3216,1.8915,-0.2574,-0.0032,0.2574,0.0295,0.0116,-0.4193,2.1353,-0.2168,0.0538,0.2233,-0.2091,0.0311,0.7799
43.8401,0.3194,1.8913,-0.2574,-0.0032,0.2574,0.0319,0.0116,-0.4214,2.1351,-0.2168,0.0538,0.2233,-0.2052,0.0311,0.7799
43.8596,0.3174,1.8911,-0.2576,-0.0049,0.2577,0.0337,0.0121,-0.4235,2.1349,-0.2207,0.0497,0.2263,-0.2020,0.0410,0.7800
43.8601,0.3152,1.8908,-0.2576,-0.0049,0.2577,0.0358,0.0121,-0.4258,2.1347,-0.2207,0.0497,0.2263,-0.1970,0.0410,0.7802
43.8696,0.3130,1.8905,-0.2577,-0.0065,0.2577,0.0379,0.0139,-0.4281,2.1345,-0.2240,0.0457,0.2286,-0.1928,0.0484,0.7802
43.8699,0.3108,1.8902,-0.2577,-0.0065,0.2577,0.0399,0.0139,-0.4303,2.1344,-0.2252,0.0437,0.2294,-0.1881,0.0495,0.7803
43.8898,0.3089,1.8900,-0.2578,-0.0082,0.2579,0.0415,0.0144,-0.4322,2.1344,-0.2272,0.0423,0.2311,-0.1844,0.0482,0.7803
43.8998,0.3065,1.8896,-0.2579,-0.0088,0.2580,0.0444,0.0127,-0.4348,2.1343,-0.2285,0.0411,0.2322,-0.1792,0.0470,0.7807
43.9002,0.3048,1.8893,-0.2581,-0.0100,0.2583,0.0466,0.0096,-0.4367,2.1343,-0.2285,0.0411,0.2322,-0.1754,0.0470,0.7809
43.9199,0.3026,1.8888,-0.2569,-0.0109,0.2571,0.0489,0.0094,-0.4391,2.1342,-0.2307,0.0371,0.2337,-0.1693,0.0446,0.7813
43.9203,0.3005,1.8883,-0.2570,-0.0123,0.2573,0.0514,0.0094,-0.4413,2.1341,-0.2307,0.0371,0.2337,-0.1652,0.0446,0.7815
43.9294,0.2983,1.8877,-0.2572,-0.0137,0.2576,0.0545,0.0108,-0.4438,2.1338,-0.2336,0.0330,0.2359,-0.1602,0.0469,0.7818
43.9297,0.2962,1.8872,-0.2572,-0.0137,0.2576,0.0567,0.0108,-0.4462,2.1335,-0.2355,0.0306,0.2374,-0.1551,0.0509,0.7821
43.9397,0.2941,1.8867,-0.2575,-0.0167,0.2581,0.0589,0.0172,-0.4484,2.1331,-0.2373,0.0283,0.2390,-0.1499,0.0546,0.7824
43.9598,0.2919,1.8863,-0.2576,-0.0179,0.2582,0.0615,0.0227,-0.4509,2.1328,-0.2386,0.0262,0.2401,-0.1444,0.0635,0.7827
43.9603,0.2901,1.8860,-0.2576,-0.0191,0.2583,0.0629,0.0242,-0.4529,2.1325,-0.2402,0.0240,0.2414,-0.1400,0.0676,0.7828
43.9699,0.2879,1.8856,-0.2571,-0.0197,0.2579,0.0654,0.0245,-0.4554,2.1323,-0.2408,0.0223,0.2418,-0.1348,0.0685,0.7831
43.9703,0.2856,1.8853,-0.2571,-0.0197,0.2579,0.0683,0.0245,-0.4578,2.1320,-0.2408,0.0223,0.2418,-0.1296,0.0685,0.7833
43.9898,0.2837,1.8849,-0.2576,-0.0212,0.2585,0.0706,0.0242,-0.4601,2.1318,-0.2437,0.0190,0.2444,-0.1256,0.0682,0.7836
43.9996,0.2815,1.8845,-0.2578,-0.0218,0.2587,0.0733,0.0234,-0.4626,2.1316,-0.2452,0.0178,0.2459,-0.1194,0.0678,0.7841
44.0002,0.2798,1.8841,-0.2578,-0.0218,0.2587,0.0755,0.0234,-0.4646,2.1314,-0.2452,0.0178,0.2459,-0.1156,0.0678,0.7844
44.0094,0.2779,1.8836,-0.2562,-0.0236,0.2573,0.0779,0.0200,-0.4671,2.1311,-0.2467,0.0148,0.2472,-0.1101,0.0623,0.7850
44.0097,0.2759,1.8832,-0.2562,-0.0236,0.2573,0.0798,0.0200,-0.4694,2.1309,-0.2467,0.0148,0.2472,-0.1056,0.0623,0.7854
44.0298,0.2737,1.8827,-0.2554,-0.0256,0.2567,0.0820,0.0207,-0.4720,2.1305,-0.2491,0.0116,0.2494,-0.0998,0.0599,0.7858
44.0302,0.2714,1.8822,-0.2558,-0.0267,0.2572,0.0847,0.0213,-0.4746,2.1300,-0.2491,0.0116,0.2494,-0.0943,0.0599,0.7860
44.0498,0.2694,1.8818,-0.2566,-0.0279,0.2581,0.0870,0.0225,-0.4770,2.1296,-0.2531,0.0081,0.2532,-0.0892,0.0612,0.7865
44.0503,0.2674,1.8815,-0.2566,-0.0279,0.2581,0.0888,0.0225,-0.4793,2.1293,-0.2543,0.0064,0.2543,-0.0839,0.0623,0.7867
44.0596,0.2653,1.8810,-0.2550,-0.0299,0.2567,0.0908,0.0270,-0.4819,2.1288,-0.2552,0.0049,0.2552,-0.0772,0.0630,0.7872
44.0599,0.2633,1.8806,-0.2553,-0.0308,0.2571,0.0924,0.0266,-0.4841,2.1285,-0.2552,0.0049,0.2552,-0.0721,0.0630,0.7874
44.0799,0.2613,1.8802,-0.2557,-0.0317,0.2577,0.0934,0.0255,-0.4866,2.1281,-0.2588,0.0020,0.2588,-0.0659,0.0615,0.7879
44.0802,0.2594,1.8798,-0.2544,-0.0325,0.2565,0.0946,0.0228,-0.4889,2.1277,-0.2593,0.0001,0.2593,-0.0614,0.0591,0.7883
44.0998,0.2574,1.8793,-0.2538,-0.0333,0.2560,0.0961,0.0199,-0.4911,2.1274,-0.2601,-0.0018,0.2602,-0.0576,0.0573,0.7885
44.1001,0.2555,1.8788,-0.2532,-0.0343,0.2555,0.0973,0.0129,-0.4934,2.1270,-0.2608,-0.0038,0.2609,-0.0524,0.0571,0.7889
44.1098,0.2535,1.8782,-0.2526,-0.0352,0.2551,0.0987,0.0101,-0.4958,2.1266,-0.2617,-0.0058,0.2617,-0.0466,0.0569,0.7894
44.1103,0.2513,1.8773,-0.2517,-0.0364,0.2543,0.1003,0.0098,-0.4982,2.1260,-0.2624,-0.0079,0.2626,-0.0417,0.0540,0.7896
44.1297,0.2492,1.8766,-0.2520,-0.0380,0.2548,0.1017,0.0111,-0.5005,2.1253,-0.2638,-0.0100,0.2640,-0.0358,0.0510,0.7899
44.1300,0.2474,1.8759,-0.2520,-0.0380,0.2548,0.1028,0.0111,-0.5027,2.1246,-0.2638,-0.0100,0.2640,-0.0300,0.0510,0.7902
44.1497,0.2454,1.8753,-0.2507,-0.0407,0.2540,0.1037,0.0139,-0.5049,2.1238,-0.2651,-0.0146,0.2655,-0.0236,0.0509,0.7904
44.1499,0.2435,1.8747,-0.2509,-0.0419,0.2544,0.1043,0.0149,-0.5071,2.1230,-0.2651,-0.0146,0.2655,-0.0179,0.0509,0.7906
44.1597,0.2413,1.8739,-0.2498,-0.0429,0.2535,0.1053,0.0151,-0.5097,2.1220,-0.2663,-0.0197,0.2670,-0.0106,0.0538,0.7910
44.1697,0.2391,1.8730,-0.2502,-0.0442,0.2541,0.1064,0.0140,-0.5123,2.1210,-0.2679,-0.0226,0.2688,-0.0037,0.0620,0.7913
44.1699,0.2373,1.8723,-0.2500,-0.0455,0.2541,0.1070,0.0091,-0.5144,2.1202,-0.2690,-0.0258,0.2702,0.0025,0.0680,0.7915
44.1794,0.2352,1.8713,-0.2496,-0.0465,0.2539,0.1076,0.0042,-0.5169,2.1193,-0.2692,-0.0280,0.2707,0.0088,0.0717,0.7919
44.1997,0.2336,1.8706,-0.2496,-0.0482,0.2542,0.1081,0.0001,-0.5188,2.1188,-0.2705,-0.0304,0.2722,0.0131,0.0770,0.7923
44.2000,0.2318,1.8697,-0.2496,-0.0482,0.2542,0.1083,0.0001,-0.5212,2.1181,-0.2705,-0.0304,0.2722,0.0197,0.0770,0.7929
44.2097,0.2300,1.8688,-0.2473,-0.0505,0.2524,0.1084,-0.0077,-0.5233,2.1175,-0.2706,-0.0333,0.2727,0.0251,0.0748,0.7933
44.2100,0.2280,1.8679,-0.2467,-0.0519,0.2521,0.1085,-0.0074,-0.5258,2.1167,-0.2708,-0.0347,0.2730,0.0324,0.0706,0.7938
44.2296,0.2259,1.8669,-0.2467,-0.0536,0.2524,0.1084,-0.0053,-0.5284,2.1159,-0.2720,-0.0363,0.2744,0.0394,0.0656,0.7942
44.2299,0.2239,1.8661,-0.2467,-0.0536,0.2524,0.1084,-0.0053,-0.5306,2.1150,-0.2726,-0.0381,0.2753,0.0466,0.0633,0.7946
44.2394,0.2221,1.8654,-0.2463,-0.0567,0.2527,0.1085,-0.0040,-0.5327,2.1142,-0.2733,-0.0399,0.2762,0.0530,0.0611,0.7948
44.2398,0.2201,1.8646,-0.2454,-0.0578,0.2521,0.1087,-0.0031,-0.5352,2.1131,-0.2734,-0.0416,0.2765,0.0603,0.0600,0.7951
44.2598,0.2183,1.8638,-0.2450,-0.0592,0.2521,0.1090,-0.0015,-0.5375,2.1121,-0.2742,-0.0439,0.2777,0.0680,0.0597,0.7955
44.2601,0.2162,1.8627,-0.2450,-0.0592,0.2521,0.1093,-0.0015,-0.5399,2.1108,-0.2749,-0.0459,0.2787,0.0765,0.0600,0.7958
44.2799,0.2144,1.8618,-0.2441,-0.0622,0.2519,0.1095,-0.0012,-0.5421,2.1097,-0.2755,-0.0487,0.2798,0.0833,0.0619,0.7961
44.2803,0.2125,1.8608,-0.2441,-0.0622,0.2519,0.1097,-0.0012,-0.5444,2.1086,-0.2755,-0.0487,0.2798,0.0889,0.0619,0.7965
44.2897,0.2107,1.8599,-0.2434,-0.0646,0.2518,0.1099,-0.0001,-0.5466,2.1076,-0.2763,-0.0534,0.2814,0.0935,0.0734,0.7968
44.2996,0.2089,1.8591,-0.2429,-0.0657,0.2517,0.1100,-0.0026,-0.5489,2.1068,-0.2765,-0.0554,0.2820,0.0984,0.0774,0.7972
44.2999,0.2071,1.8583,-0.2429,-0.0657,0.2517,0.1100,-0.0026,-0.5511,2.1060,-0.2765,-0.0554,0.2820,0.1034,0.0774,0.7976
44.3198,0.2052,1.8574,-0.2417,-0.0677,0.2510,0.1102,-0.0062,-0.5534,2.1053,-0.2767,-0.0589,0.2829,0.1087,0.0772,0.7981
44.3201,0.2031,1.8563,-0.2417,-0.0677,0.2510,0.1101,-0.0062,-0.5558,2.1046,-0.2767,-0.0589,0.2829,0.1150,0.0772,0.7985
44.3294,0.2012,1.8553,-0.2411,-0.0707,0.2513,0.1100,-0.0076,-0.5581,2.1039,-0.2777,-0.0616,0.2845,0.1221,0.0681,0.7990
44.3296,0.1994,1.8542,-0.2411,-0.0707,0.2513,0.1100,-0.0076,-0.5602,2.1032,-0.2777,-0.0616,0.2845,0.1290,0.0681,0.7994
44.3497,0.1976,1.8532,-0.2399,-0.0741,0.2511,0.1099,-0.0099,-0.5626,2.1023,-0.2776,-0.0639,0.2849,0.1367,0.0454,0.7999
44.3500,0.1956,1.8521,-0.2399,-0.0741,0.2511,0.1099,-0.0099,-0.5648,2.1012,-0.2776,-0.0639,0.2849,0.1450,0.0454,0.8002
44.3699,0.1938,1.8512,-0.2394,-0.0774,0.2516,0.1096,-0.0096,-0.5669,2.1001,-0.2781,-0.0671,0.2861,0.1524,0.0331,0.8003
44.3702,0.1916,1.8500,-0.2394,-0.0774,0.2516,0.1088,-0.0096,-0.5692,2.0987,-0.2781,-0.0671,0.2861,0.1601,0.0331,0.8004
44.3795,0.1898,1.8491,-0.2384,-0.0805,0.2517,0.1083,-0.0096,-0.5710,2.0976,-0.2778,-0.0715,0.2868,0.1644,0.0329,0.8004
44.3996,0.1875,1.8479,-0.2381,-0.0818,0.2517,0.1076,-0.0084,-0.5736,2.0962,-0.2776,-0.0736,0.2872,0.1695,0.0323,0.8006
44.4001,0.1861,1.8472,-0.2381,-0.0818,0.2517,0.1074,-0.0084,-0.5753,2.0955,-0.2775,-0.0762,0.2878,0.1725,0.0336,0.8009
44.4096,0.1838,1.8459,-0.2374,-0.0842,0.2519,0.1069,-0.0043,-0.5781,2.0943,-0.2773,-0.0776,0.2879,0.1770,0.0330,0.8014
44.4100,0.1818,1.8448,-0.2374,-0.0842,0.2519,0.1063,-0.0043,-0.5805,2.0933,-0.2781,-0.0799,0.2893,0.1824,0.0315,0.8018
44.4293,0.1801,1.8439,-0.2374,-0.0870,0.2529,0.1058,-0.0035,-0.5827,2.0924,-0.2784,-0.0816,0.2901,0.1876,0.0297,0.8022
44.4297,0.1780,1.8428,-0.2374,-0.0870,0.2529,0.1049,-0.0035,-0.5852,2.0912,-0.2784,-0.0816,0.2901,0.1950,0.0297,0.8026
44.4398,0.1761,1.8419,-0.2364,-0.0887,0.2525,0.1041,-0.0072,-0.5874,2.0901,-0.2780,-0.0846,0.2906,0.2021,0.0208,0.8028
44.4403,0.1741,1.8408,-0.2364,-0.0887,0.2525,0.1033,-0.0072,-0.5897,2.0887,-0.2779,-0.0862,0.2909,0.2090,0.0166,0.8030
44.4597,0.1724,1.8398,-0.2357,-0.0909,0.2526,0.1027,-0.0128,-0.5917,2.0875,-0.2775,-0.0881,0.2912,0.2151,0.0134,0.8032
44.4599,0.1701,1.8385,-0.2354,-0.0923,0.2529,0.1015,-0.0123,-0.5943,2.0858,-0.2775,-0.0881,0.2912,0.2231,0.0134,0.8034
44.4798,0.1683,1.8375,-0.2355,-0.0942,0.2537,0.1007,-0.0126,-0.5964,2.0845,-0.2779,-0.0930,0.2931,0.2273,0.0088,0.8035
44.4802,0.1662,1.8364,-0.2355,-0.0942,0.2537,0.0999,-0.0126,-0.5988,2.0830,-0.2771,-0.0950,0.2929,0.2339,0.0024,0.8038
44.4893,0.1645,1.8354,-0.2349,-0.0971,0.2542,0.0991,-0.0127,-0.6008,2.0820,-0.2775,-0.0975,0.2941,0.2376,-0.0001,0.8041
44.4897,0.1626,1.8343,-0.2349,-0.0971,0.2542,0.0986,-0.0127,-0.6034,2.0809,-0.2775,-0.0975,0.2941,0.2424,-0.0001,0.8047
44.5098,0.1609,1.8334,-0.2344,-0.0996,0.2547,0.0982,-0.0128,-0.6056,2.0801,-0.2775,-0.1009,0.2953,0.2474,-0.0102,0.8052
44.5104,0.1590,1.8322,-0.2344,-0.0996,0.2547,0.0977,-0.0128,-0.6080,2.0791,-0.2770,-0.1022,0.2953,0.2538,-0.0126,0.8058
44.5198,0.1569,1.8309,-0.2338,-0.1020,0.2551,0.0971,-0.0140,-0.6106,2.0778,-0.2773,-0.1036,0.2960,0.2616,-0.0179,0.8062
44.5204,0.1548,1.8296,-0.2338,-0.1020,0.2551,0.0965,-0.0140,-0.6130,2.0765,-0.2773,-0.1036,0.2960,0.2694,-0.0179,0.8065
44.5396,0.1529,1.8285,-0.2331,-0.1051,0.2557,0.0961,-0.0127,-0.6152,2.0751,-0.2768,-0.1071,0.2968,0.2758,-0.0303,0.8067
44.5401,0.1509,1.8273,-0.2330,-0.1067,0.2562,0.0956,-0.0079,-0.6173,2.0735,-0.2764,-0.1091,0.2971,0.2849,-0.0337,0.8067
44.5597,0.1489,1.8262,-0.2330,-0.1082,0.2569,0.0949,-0.0026,-0.6195,2.0717,-0.2762,-0.1116,0.2978,0.2930,-0.0369,0.8067
44.5602,0.1470,1.8252,-0.2330,-0.1082,0.2569,0.0943,-0.0026,-0.6215,2.0701,-0.2753,-0.1142,0.2980,0.2997,-0.0366,0.8066
44.5796,0.1452,1.8243,-0.2326,-0.1108,0.2576,0.0934,0.0044,-0.6236,2.0685,-0.2748,-0.1168,0.2986,0.3050,-0.0371,0.8066
44.5800,0.1434,1.8235,-0.2326,-0.1108,0.2576,0.0924,0.0044,-0.6258,2.0671,-0.2748,-0.1168,0.2986,0.3091,-0.0371,0.8068
44.5895,0.1413,1.8224,-0.2320,-0.1126,0.2579,0.0914,0.0078,-0.6283,2.0655,-0.2738,-0.1212,0.2994,0.3131,-0.0307,0.8071
44.5898,0.1394,1.8214,-0.2320,-0.1126,0.2579,0.0907,0.0078,-0.6307,2.0641,-0.2738,-0.1212,0.2994,0.3179,-0.0307,0.8074
44.6099,0.1375,1.8203,-0.2322,-0.1147,0.2590,0.0898,0.0078,-0.6331,2.0627,-0.2747,-0.1258,0.3021,0.3235,-0.0258,0.8079
44.6105,0.1356,1.8192,-0.2322,-0.1147,0.2590,0.0889,0.0078,-0.6356,2.0613,-0.2747,-0.1258,0.3021,0.3290,-0.0258,0.8083
44.6195,0.1340,1.8183,-0.2313,-0.1162,0.2588,0.0880,0.0058,-0.6377,2.0601,-0.2749,-0.1295,0.3039,0.3343,-0.0155,0.8087
44.6198,0.1320,1.8171,-0.2313,-0.1162,0.2588,0.0867,0.0058,-0.6402,2.0585,-0.2749,-0.1295,0.3039,0.3407,-0.0155,0.8090
44.6395,0.1301,1.8161,-0.2308,-0.1176,0.2590,0.0856,0.0059,-0.6424,2.0570,-0.2749,-0.1322,0.3051,0.3458,-0.0232,0.8092
44.6398,0.1282,1.8151,-0.2308,-0.1176,0.2590,0.0846,0.0059,-0.6446,2.0554,-0.2749,-0.1322,0.3051,0.3518,-0.0232,0.8093
44.6596,0.1261,1.8140,-0.2305,-0.1192,0.2595,0.0835,0.0077,-0.6468,2.0535,-0.2749,-0.1351,0.3063,0.3585,-0.0291,0.8093
44.6598,0.1244,1.8130,-0.2305,-0.1192,0.2595,0.0826,0.0077,-0.6488,2.0517,-0.2743,-0.1370,0.3066,0.3639,-0.0358,0.8092
44.6695,0.1222,1.8119,-0.2294,-0.1199,0.2588,0.0815,0.0127,-0.6511,2.0495,-0.2729,-0.1385,0.3061,0.3705,-0.0430,0.8090
44.6697,0.1203,1.8109,-0.2294,-0.1199,0.2588,0.0806,0.0127,-0.6531,2.0474,-0.2735,-0.1415,0.3080,0.3768,-0.0399,0.8088
44.6897,0.1183,1.8098,-0.2298,-0.1208,0.2596,0.0797,0.0172,-0.6554,2.0452,-0.2725,-0.1438,0.3082,0.3827,-0.0380,0.8087
44.6900,0.1166,1.8090,-0.2298,-0.1208,0.2596,0.0789,0.0172,-0.6572,2.0433,-0.2725,-0.1438,0.3082,0.3862,-0.0380,0.8085
44.7097,0.1146,1.8079,-0.2304,-0.1215,0.2605,0.0779,0.0162,-0.6596,2.0411,-0.2721,-0.1497,0.3106,0.3905,-0.0279,0.8085
44.7101,0.1128,1.8071,-0.2304,-0.1215,0.2605,0.0774,0.0162,-0.6617,2.0393,-0.2721,-0.1497,0.3106,0.3944,-0.0279,0.8086
44.7199,0.1107,1.8059,-0.2303,-0.1216,0.2604,0.0767,0.0135,-0.6644,2.0373,-0.2718,-0.1547,0.3127,0.3986,-0.0276,0.8089
44.7203,0.1091,1.8051,-0.2303,-0.1216,0.2604,0.0762,0.0135,-0.6665,2.0356,-0.2720,-0.1572,0.3142,0.4022,-0.0249,0.8091
44.7397,0.1071,1.8040,-0.2297,-0.1221,0.2602,0.0753,0.0131,-0.6687,2.0336,-0.2717,-0.1589,0.3148,0.4052,-0.0248,0.8091
44.7399,0.1052,1.8029,-0.2297,-0.1221,0.2602,0.0745,0.0131,-0.6709,2.0314,-0.2717,-0.1589,0.3148,0.4086,-0.0248,0.8091
44.7597,0.1033,1.8017,-0.2297,-0.1234,0.2608,0.0732,0.0132,-0.6732,2.0292,-0.2714,-0.1633,0.3168,0.4113,-0.0277,0.8091
44.7601,0.1015,1.8006,-0.2299,-0.1241,0.2613,0.0719,0.0143,-0.6753,2.0270,-0.2714,-0.1658,0.3180,0.4145,-0.0307,0.8091
44.7699,0.0998,1.7997,-0.2294,-0.1241,0.2608,0.0707,0.0152,-0.6772,2.0248,-0.2707,-0.1677,0.3184,0.4175,-0.0346,0.8089
44.7705,0.0978,1.7986,-0.2294,-0.1241,0.2608,0.0692,0.0152,-0.6794,2.0223,-0.2701,-0.1698,0.3190,0.4215,-0.0385,0.8088
44.7899,0.0959,1.7976,-0.2294,-0.1245,0.2611,0.0673,0.0161,-0.6815,2.0199,-0.2699,-0.1726,0.3204,0.4239,-0.0402,0.8086
44.7997,0.0939,1.7966,-0.2295,-0.1247,0.2612,0.0658,0.0154,-0.6839,2.0176,-0.2698,-0.1755,0.3219,0.4256,-0.0389,0.8086
44.8001,0.0920,1.7957,-0.2295,-0.1247,0.2612,0.0644,0.0154,-0.6862,2.0156,-0.2698,-0.1755,0.3219,0.4265,-0.0389,0.8087
44.8095,0.0901,1.7947,-0.2301,-0.1253,0.2620,0.0626,0.0136,-0.6886,2.0136,-0.2702,-0.1808,0.3251,0.4280,-0.0324,0.8089
44.8099,0.0884,1.7937,-0.2301,-0.1253,0.2620,0.0617,0.0136,-0.6907,2.0117,-0.2702,-0.1808,0.3251,0.4292,-0.0324,0.8090
44.8297,0.0864,1.7925,-0.2296,-0.1253,0.2615,0.0602,0.0122,-0.6930,2.0095,-0.2698,-0.1857,0.3275,0.4310,-0.0258,0.8090
44.8300,0.0846,1.7914,-0.2296,-0.1253,0.2615,0.0587,0.0122,-0.6951,2.0074,-0.2698,-0.1857,0.3275,0.4329,-0.0258,0.8091
44.8499,0.0827,1.7903,-0.2297,-0.1256,0.2618,0.0574,0.0167,-0.6972,2.0054,-0.2697,-0.1915,0.3308,0.4337,-0.0132,0.8090
44.8597,0.0805,1.7890,-0.2298,-0.1258,0.2620,0.0557,0.0218,-0.6997,2.0027,-0.2692,-0.1939,0.3318,0.4356,-0.0111,0.8090
44.8601,0.0789,1.7881,-0.2298,-0.1258,0.2620,0.0542,0.0218,-0.7016,2.0007,-0.2692,-0.1939,0.3318,0.4370,-0.0111,0.8089
44.8696,0.0767,1.7871,-0.2297,-0.1261,0.2621,0.0524,0.0307,-0.7040,1.9981,-0.2694,-0.1987,0.3348,0.4397,-0.0141,0.8088
44.8700,0.0751,1.7864,-0.2297,-0.1261,0.2621,0.0513,0.0307,-0.7060,1.9959,-0.2694,-0.1987,0.3348,0.4420,-0.0141,0.8087
44.8898,0.0731,1.7855,-0.2295,-0.1255,0.2616,0.0496,0.0288,-0.7084,1.9934,-0.2699,-0.2033,0.3379,0.4441,-0.0123,0.8087
44.8902,0.0713,1.7847,-0.2289,-0.1250,0.2608,0.0485,0.0253,-0.7105,1.9911,-0.2696,-0.2056,0.3391,0.4462,-0.0110,0.8086
44.9097,0.0696,1.7838,-0.2295,-0.1251,0.2613,0.0473,0.0207,-0.7126,1.9889,-0.2703,-0.2086,0.3414,0.4481,-0.0077,0.8087
44.9101,0.0680,1.7829,-0.2295,-0.1251,0.2613,0.0462,0.0207,-0.7146,1.9865,-0.2703,-0.2086,0.3414,0.4497,-0.0077,0.8087
44.9197,0.0659,1.7815,-0.2276,-0.1239,0.2591,0.0439,0.0186,-0.7172,1.9836,-0.2682,-0.2135,0.3428,0.4517,-0.0038,0.8087
44.9203,0.0644,1.7806,-0.2276,-0.1239,0.2591,0.0427,0.0186,-0.7190,1.9816,-0.2690,-0.2174,0.3459,0.4522,-0.0024,0.8087
44.9397,0.0627,1.7796,-0.2272,-0.1245,0.2591,0.0413,0.0185,-0.7211,1.9793,-0.2675,-0.2192,0.3459,0.4519,0.0017,0.8088
44.9496,0.0604,1.7782,-0.2268,-0.1246,0.2587,0.0393,0.0190,-0.7237,1.9766,-0.2674,-0.2214,0.3472,0.4515,0.0043,0.8089
44.9500,0.0588,1.7772,-0.2268,-0.1246,0.2587,0.0384,0.0190,-0.7256,1.9748,-0.2674,-0.2214,0.3472,0.4513,0.0043,0.8089
44.9594,0.0567,1.7759,-0.2271,-0.1253,0.2594,0.0369,0.0201,-0.7282,1.9722,-0.2677,-0.2254,0.3500,0.4513,0.0014,0.8090
44.9599,0.0551,1.7750,-0.2271,-0.1253,0.2594,0.0360,0.0201,-0.7302,1.9702,-0.2678,-0.2271,0.3511,0.4514,0.0016,0.8092
44.9795,0.0532,1.7739,-0.2263,-0.1250,0.2586,0.0349,0.0203,-0.7326,1.9675,-0.2677,-0.2287,0.3521,0.4528,0.0011,0.8093
44.9801,0.0515,1.7729,-0.2263,-0.1250,0.2586,0.0341,0.0203,-0.7348,1.9652,-0.2677,-0.2310,0.3536,0.4545,-0.0018,0.8094
44.9992,0.0496,1.7717,-0.2261,-0.1252,0.2584,0.0329,0.0206,-0.7371,1.9626,-0.2678,-0.2336,0.3554,0.4572,-0.0044,0.8096
44.9995,0.0478,1.7706,-0.2261,-0.1252,0.2584,0.0319,0.0206,-0.7393,1.9602,-0.2678,-0.2336,0.3554,0.4598,-0.0044,0.8097
45.0094,0.0461,1.7697,-0.2262,-0.1254,0.2586,0.0311,0.0215,-0.7414,1.9578,-0.2675,-0.2398,0.3592,0.4605,0.0032,0.8097
45.0098,0.0442,1.7687,-0.2262,-0.1254,0.2586,0.0303,0.0215,-0.7436,1.9551,-0.2675,-0.2398,0.3592,0.4612,0.0032,0.8095
45.0295,0.0425,1.7677,-0.2253,-0.1244,0.2574,0.0291,0.0215,-0.7456,1.9527,-0.2660,-0.2453,0.3618,0.4619,0.0173,0.8095
45.0393,0.0404,1.7666,-0.2247,-0.1238,0.2565,0.0273,0.0161,-0.7480,1.9497,-0.2653,-0.2476,0.3629,0.4625,0.0241,0.8094
45.0396,0.0389,1.7657,-0.2247,-0.1238,0.2565,0.0263,0.0161,-0.7498,1.9474,-0.2653,-0.2476,0.3629,0.4628,0.0241,0.8093
45.0596,0.0371,1.7646,-0.2242,-0.1232,0.2558,0.0252,0.0010,-0.7520,1.9448,-0.2650,-0.2522,0.3658,0.4632,0.0343,0.8094
45.0599,0.0353,1.7635,-0.2237,-0.1232,0.2553,0.0235,-0.0024,-0.7543,1.9423,-0.2650,-0.2539,0.3670,0.4634,0.0387,0.8096
45.0697,0.0337,1.7626,-0.2234,-0.1234,0.2552,0.0224,-0.0006,-0.7564,1.9402,-0.2656,-0.2556,0.3686,0.4634,0.0420,0.8099
45.0699,0.0315,1.7612,-0.2229,-0.1235,0.2548,0.0207,0.0016,-0.7593,1.9374,-0.2656,-0.2556,0.3686,0.4633,0.0420,0.8102
45.0898,0.0297,1.7601,-0.2238,-0.1246,0.2561,0.0194,0.0032,-0.7617,1.9350,-0.2671,-0.2595,0.3724,0.4633,0.0379,0.8105
45.0901,0.0278,1.7591,-0.2238,-0.1246,0.2561,0.0175,0.0032,-0.7640,1.9325,-0.2671,-0.2595,0.3724,0.4633,0.0379,0.8106
