case,t,leader_x,leader_y,follower_x,follower_y,follower_yaw,cmd_vx_map,cmd_vy_map,cmd_w,ex,ey,etheta,evx,evy,eomega
ideal,0.050000,1.999873,0.022500,3.793892,-0.495851,-0.495637,-0.122162,0.082976,0.087259,2.794018,-0.518351,-0.495637,-0.117100,-0.366996,0.087259
ideal,0.100000,1.999494,0.044996,3.782485,-0.488078,-0.488135,-0.228148,0.155471,0.150036,2.782991,-0.533074,-0.488135,-0.218023,-0.294415,0.150036
ideal,0.150000,1.998861,0.067487,3.766488,-0.477140,-0.478413,-0.319935,0.218744,0.194440,2.767627,-0.544628,-0.478413,-0.304750,-0.231000,0.194440
ideal,0.200000,1.997975,0.089970,3.746525,-0.463445,-0.467159,-0.399265,0.273902,0.225077,2.748549,-0.553415,-0.467159,-0.379022,-0.175643,0.225077
ideal,0.250000,1.996837,0.112441,3.723141,-0.447349,-0.454888,-0.467668,0.321919,0.245422,2.726304,-0.559790,-0.454888,-0.442368,-0.127369,0.245422
ideal,0.300000,1.995445,0.134898,3.696817,-0.429167,-0.441983,-0.526490,0.363654,0.258095,2.701371,-0.564064,-0.441983,-0.496138,-0.085322,0.258095
ideal,0.350000,1.993802,0.157337,3.667971,-0.409174,-0.428730,-0.576917,0.399860,0.265071,2.674169,-0.566511,-0.428730,-0.541516,-0.048746,0.265071
ideal,0.400000,1.991905,0.179757,3.636971,-0.387614,-0.415338,-0.619989,0.431201,0.267838,2.645066,-0.567371,-0.415338,-0.579544,-0.016977,0.267838
ideal,0.450000,1.989757,0.202154,3.604140,-0.364701,-0.401962,-0.656623,0.458263,0.267516,2.614383,-0.566855,-0.401962,-0.611139,0.010568,0.267516
ideal,0.500000,1.987357,0.224526,3.569759,-0.340623,-0.388715,-0.687625,0.481558,0.264947,2.582402,-0.565148,-0.388715,-0.637106,0.034403,0.264947
ideal,0.550000,1.984705,0.246869,3.534074,-0.315546,-0.375677,-0.713701,0.501539,0.260764,2.549368,-0.562414,-0.375677,-0.658156,0.054981,0.260764
ideal,0.600000,1.981803,0.269181,3.497300,-0.289615,-0.362905,-0.735476,0.518604,0.255443,2.515497,-0.558796,-0.362905,-0.674910,0.072699,0.255443
ideal,0.650000,1.978649,0.291458,3.459625,-0.262960,-0.350438,-0.753495,0.533103,0.249340,2.480976,-0.554419,-0.350438,-0.687917,0.087907,0.249340
ideal,0.700000,1.975245,0.313699,3.421213,-0.235693,-0.338302,-0.768241,0.545345,0.242719,2.445968,-0.549392,-0.338302,-0.697659,0.100914,0.242719
ideal,0.750000,1.971591,0.335900,3.382206,-0.207913,-0.326513,-0.780135,0.555598,0.235781,2.410616,-0.543814,-0.326513,-0.704558,0.111990,0.235781
ideal,0.800000,1.967687,0.358059,3.342729,-0.179708,-0.315079,-0.789549,0.564104,0.228671,2.375042,-0.537767,-0.315079,-0.708986,0.121374,0.228671
ideal,0.850000,1.963535,0.380173,3.302889,-0.151154,-0.304004,-0.796809,0.571070,0.221498,2.339354,-0.531327,-0.304004,-0.711271,0.129274,0.221498
ideal,0.900000,1.959134,0.402238,3.262778,-0.122320,-0.293287,-0.802202,0.576681,0.214343,2.303645,-0.524558,-0.293287,-0.711699,0.135876,0.214343
ideal,0.950000,1.954485,0.424252,3.222480,-0.093265,-0.282924,-0.805979,0.581099,0.207262,2.267995,-0.517518,-0.282924,-0.710522,0.141340,0.207262
ideal,1.000000,1.949588,0.446213,3.182062,-0.064042,-0.272909,-0.808360,0.584468,0.200297,2.232473,-0.510255,-0.272909,-0.707962,0.145811,0.200297
ideal,1.050000,1.944445,0.468117,3.141585,-0.034696,-0.263235,-0.809539,0.586912,0.193478,2.197140,-0.502813,-0.263235,-0.704213,0.149412,0.193478
ideal,1.100000,1.939056,0.489962,3.101100,-0.005269,-0.253894,-0.809686,0.588543,0.186824,2.162044,-0.495231,-0.253894,-0.699445,0.152255,0.186824
ideal,1.150000,1.933421,0.511745,3.060653,0.024204,-0.244876,-0.808950,0.589456,0.180349,2.127232,-0.487541,-0.244876,-0.693808,0.154436,0.180349
ideal,1.200000,1.927542,0.533463,3.020280,0.053690,-0.236173,-0.807462,0.589737,0.174060,2.092738,-0.479773,-0.236173,-0.687432,0.156040,0.174060
ideal,1.250000,1.921418,0.555114,2.980013,0.083163,-0.227775,-0.805334,0.589461,0.167962,2.058594,-0.471950,-0.227775,-0.680434,0.157142,0.167962
ideal,1.300000,1.915052,0.576694,2.939880,0.112598,-0.219672,-0.802669,0.588694,0.162056,2.024828,-0.464096,-0.219672,-0.672913,0.157807,0.162056
ideal,1.350000,1.908443,0.598201,2.899902,0.141973,-0.211855,-0.799552,0.587494,0.156341,1.991459,-0.456229,-0.211855,-0.664957,0.158094,0.156341
ideal,1.400000,1.901593,0.619633,2.860099,0.171268,-0.204315,-0.796061,0.585912,0.150816,1.958506,-0.448365,-0.204315,-0.656644,0.158053,0.150816
ideal,1.450000,1.894502,0.640986,2.820486,0.200468,-0.197041,-0.792262,0.583992,0.145476,1.925984,-0.440518,-0.197041,-0.648040,0.157729,0.145476
ideal,1.500000,1.887171,0.662258,2.781075,0.229557,-0.190025,-0.788214,0.581774,0.140319,1.893904,-0.432702,-0.190025,-0.639206,0.157160,0.140319
ideal,1.550000,1.879601,0.683447,2.741877,0.258521,-0.183258,-0.783966,0.579292,0.135339,1.862275,-0.424925,-0.183258,-0.630191,0.156382,0.135339
ideal,1.600000,1.871794,0.704548,2.702898,0.287350,-0.176731,-0.779564,0.576577,0.130531,1.831105,-0.417198,-0.176731,-0.621041,0.155423,0.130531
ideal,1.650000,1.863749,0.725561,2.664146,0.316033,-0.170437,-0.775046,0.573654,0.125892,1.800397,-0.409528,-0.170437,-0.611795,0.154311,0.125892
ideal,1.700000,1.855469,0.746482,2.625624,0.344560,-0.164366,-0.770444,0.570549,0.121415,1.770155,-0.401922,-0.164366,-0.602486,0.153068,0.121415
ideal,1.750000,1.846954,0.767308,2.587335,0.372924,-0.158511,-0.765789,0.567280,0.117096,1.740381,-0.394384,-0.158511,-0.593144,0.151716,0.117096
ideal,1.800000,1.838205,0.788038,2.549279,0.401118,-0.152865,-0.761104,0.563867,0.112929,1.711075,-0.386920,-0.152865,-0.583795,0.150271,0.112929
ideal,1.850000,1.829223,0.808667,2.511459,0.429134,-0.147419,-0.756411,0.560324,0.108909,1.682236,-0.379533,-0.147419,-0.574461,0.148749,0.108909
ideal,1.900000,1.820010,0.829194,2.473872,0.456967,-0.142168,-0.751728,0.556666,0.105032,1.653862,-0.372227,-0.142168,-0.565159,0.147163,0.105032
ideal,1.950000,1.810567,0.849616,2.436519,0.484612,-0.137103,-0.747072,0.552904,0.101292,1.625952,-0.365004,-0.137103,-0.555908,0.145526,0.101292
ideal,2.000000,1.800894,0.869931,2.399396,0.512065,-0.132219,-0.742455,0.549050,0.097685,1.598502,-0.357866,-0.132219,-0.546721,0.143849,0.097685
ideal,2.050000,1.790994,0.890136,2.362502,0.539320,-0.127509,-0.737890,0.545112,0.094206,1.571508,-0.350815,-0.127509,-0.537609,0.142139,0.094206
ideal,2.100000,1.780867,0.910228,2.325832,0.566375,-0.122966,-0.733385,0.541099,0.090850,1.544966,-0.343852,-0.122966,-0.528584,0.140404,0.090850
ideal,2.150000,1.770514,0.930204,2.289385,0.593226,-0.118585,-0.728949,0.537018,0.087614,1.518871,-0.336978,-0.118585,-0.519653,0.138653,0.087614
ideal,2.200000,1.759937,0.950063,2.253156,0.619870,-0.114361,-0.724588,0.532876,0.084494,1.493218,-0.330193,-0.114361,-0.510823,0.136890,0.084494
ideal,2.250000,1.749138,0.969802,2.217140,0.646304,-0.110287,-0.720308,0.528677,0.081484,1.468002,-0.323498,-0.110287,-0.502102,0.135120,0.081484
ideal,2.300000,1.738117,0.989418,2.181335,0.672525,-0.106357,-0.716113,0.524426,0.078581,1.443217,-0.316893,-0.106357,-0.493494,0.133349,0.078581
ideal,2.350000,1.726877,1.008909,2.145734,0.698531,-0.102568,-0.712007,0.520128,0.075782,1.418858,-0.310377,-0.102568,-0.485002,0.131580,0.075782
ideal,2.400000,1.715417,1.028272,2.110335,0.724321,-0.098914,-0.707992,0.515785,0.073082,1.394917,-0.303951,-0.098914,-0.476630,0.129817,0.073082
ideal,2.450000,1.703741,1.047505,2.075131,0.749891,-0.095390,-0.704070,0.511403,0.070479,1.371390,-0.297614,-0.095390,-0.468382,0.128061,0.070479
ideal,2.500000,1.691849,1.066605,2.040119,0.775240,-0.091992,-0.700243,0.506982,0.067968,1.348270,-0.291365,-0.091992,-0.460257,0.126316,0.067968
ideal,2.550000,1.679743,1.085571,2.005293,0.800366,-0.088715,-0.696512,0.502526,0.065546,1.325550,-0.285204,-0.088715,-0.452258,0.124584,0.065546
ideal,2.600000,1.667424,1.104399,1.970650,0.825268,-0.085554,-0.692876,0.498037,0.063211,1.303225,-0.279131,-0.085554,-0.444387,0.122866,0.063211
ideal,2.650000,1.654894,1.123087,1.936183,0.849944,-0.082506,-0.689337,0.493516,0.060959,1.281288,-0.273143,-0.082506,-0.436642,0.121164,0.060959
ideal,2.700000,1.642155,1.141633,1.901888,0.874392,-0.079567,-0.685893,0.488965,0.058788,1.259733,-0.267241,-0.079567,-0.429025,0.119480,0.058788
ideal,2.750000,1.629208,1.160035,1.867761,0.898611,-0.076732,-0.682543,0.484385,0.056693,1.238553,-0.261423,-0.076732,-0.421536,0.117813,0.056693
ideal,2.800000,1.616055,1.178290,1.833796,0.922600,-0.073998,-0.679288,0.479778,0.054673,1.217741,-0.255689,-0.073998,-0.414173,0.116166,0.054673
ideal,2.850000,1.602697,1.196395,1.799990,0.946358,-0.071362,-0.676125,0.475145,0.052726,1.197293,-0.250038,-0.071362,-0.406936,0.114539,0.052726
ideal,2.900000,1.589137,1.214349,1.766338,0.969882,-0.068820,-0.673054,0.470487,0.050847,1.177201,-0.244467,-0.068820,-0.399825,0.112931,0.050847
ideal,2.950000,1.575375,1.232150,1.732834,0.993172,-0.066368,-0.670072,0.465804,0.049036,1.157459,-0.238978,-0.066368,-0.392839,0.111345,0.049036
ideal,3.000000,1.561414,1.249795,1.699475,1.016227,-0.064004,-0.667179,0.461097,0.047289,1.138061,-0.233568,-0.064004,-0.385975,0.109779,0.047289
ideal,3.050000,1.547255,1.267281,1.666256,1.039045,-0.061723,-0.664372,0.456367,0.045604,1.119001,-0.228236,-0.061723,-0.379234,0.108235,0.045604
ideal,3.100000,1.532901,1.284607,1.633174,1.061626,-0.059524,-0.661650,0.451614,0.043979,1.100273,-0.222981,-0.059524,-0.372614,0.106711,0.043979
ideal,3.150000,1.518352,1.301771,1.600223,1.083968,-0.057404,-0.659011,0.446839,0.042413,1.081871,-0.217803,-0.057404,-0.366113,0.105210,0.042413
ideal,3.200000,1.503611,1.318769,1.567401,1.106070,-0.055359,-0.656452,0.442042,0.040902,1.063789,-0.212699,-0.055359,-0.359729,0.103730,0.040902
ideal,3.250000,1.488680,1.335601,1.534702,1.127931,-0.053386,-0.653973,0.437224,0.039444,1.046022,-0.207670,-0.053386,-0.353462,0.102271,0.039444
ideal,3.300000,1.473561,1.352264,1.502124,1.149551,-0.051484,-0.651569,0.432384,0.038039,1.028562,-0.202713,-0.051484,-0.347310,0.100833,0.038039
ideal,3.350000,1.458255,1.368756,1.469662,1.170927,-0.049650,-0.649240,0.427524,0.036684,1.011406,-0.197829,-0.049650,-0.341270,0.099416,0.036684
ideal,3.400000,1.442765,1.385074,1.437312,1.192059,-0.047881,-0.646984,0.422643,0.035377,0.994548,-0.193015,-0.047881,-0.335342,0.098021,0.035377
ideal,3.450000,1.427092,1.401217,1.405072,1.212946,-0.046176,-0.644798,0.417742,0.034117,0.977981,-0.188271,-0.046176,-0.329524,0.096646,0.034117
ideal,3.500000,1.411238,1.417183,1.372939,1.233587,-0.044531,-0.642679,0.412820,0.032901,0.961701,-0.183596,-0.044531,-0.323813,0.095292,0.032901
ideal,3.550000,1.395206,1.432969,1.340907,1.253981,-0.042944,-0.640627,0.407879,0.031729,0.945701,-0.178988,-0.042944,-0.318209,0.093958,0.031729
ideal,3.600000,1.378997,1.448574,1.308975,1.274127,-0.041414,-0.638638,0.402918,0.030599,0.929978,-0.174448,-0.041414,-0.312709,0.092644,0.030599
ideal,3.650000,1.362613,1.463996,1.277140,1.294024,-0.039939,-0.636711,0.397937,0.029509,0.914526,-0.169972,-0.039939,-0.307312,0.091349,0.029509
ideal,3.700000,1.346058,1.479233,1.245398,1.313671,-0.038516,-0.634843,0.392937,0.028457,0.899340,-0.165562,-0.038516,-0.302016,0.090074,0.028457
ideal,3.750000,1.329331,1.494282,1.213746,1.333066,-0.037144,-0.633032,0.387918,0.027443,0.884415,-0.161215,-0.037144,-0.296819,0.088819,0.027443
ideal,3.800000,1.312437,1.509142,1.182182,1.352210,-0.035820,-0.631277,0.382880,0.026466,0.869745,-0.156931,-0.035820,-0.291720,0.087582,0.026466
ideal,3.850000,1.295376,1.523811,1.150703,1.371102,-0.034544,-0.629574,0.377824,0.025523,0.855327,-0.152709,-0.034544,-0.286717,0.086364,0.025523
ideal,3.900000,1.278152,1.538287,1.119307,1.389739,-0.033314,-0.627923,0.372748,0.024614,0.841155,-0.148548,-0.033314,-0.281808,0.085164,0.024614
ideal,3.950000,1.260766,1.552569,1.087991,1.408122,-0.032127,-0.626320,0.367654,0.023737,0.827226,-0.144447,-0.032127,-0.276992,0.083982,0.023737
ideal,4.000000,1.243220,1.566654,1.056753,1.426249,-0.030982,-0.624764,0.362542,0.022891,0.813533,-0.140405,-0.030982,-0.272267,0.082817,0.022891
ideal,4.050000,1.225517,1.580541,1.025590,1.444119,-0.029878,-0.623253,0.357412,0.022076,0.800074,-0.136421,-0.029878,-0.267631,0.081670,0.022076
ideal,4.100000,1.207659,1.594227,0.994501,1.461733,-0.028814,-0.621785,0.352263,0.021289,0.786843,-0.132495,-0.028814,-0.263084,0.080540,0.021289
ideal,4.150000,1.189647,1.607712,0.963483,1.479087,-0.027787,-0.620357,0.347098,0.020531,0.773836,-0.128625,-0.027787,-0.258622,0.079427,0.020531
ideal,4.200000,1.171486,1.620994,0.932535,1.496183,-0.026797,-0.618969,0.341914,0.019799,0.761049,-0.124811,-0.026797,-0.254245,0.078330,0.019799
ideal,4.250000,1.153176,1.634070,0.901654,1.513019,-0.025843,-0.617617,0.336713,0.019094,0.748478,-0.121051,-0.025843,-0.249952,0.077249,0.019094
ideal,4.300000,1.134720,1.646940,0.870839,1.529594,-0.024922,-0.616301,0.331496,0.018414,0.736119,-0.117346,-0.024922,-0.245740,0.076184,0.018414
ideal,4.350000,1.116120,1.659601,0.840088,1.545907,-0.024034,-0.615018,0.326261,0.017758,0.723968,-0.113694,-0.024034,-0.241608,0.075134,0.017758
ideal,4.400000,1.097380,1.672052,0.809400,1.561957,-0.023178,-0.613766,0.321010,0.017125,0.712020,-0.110095,-0.023178,-0.237555,0.074099,0.017125
ideal,4.450000,1.078500,1.684291,0.778772,1.577744,-0.022352,-0.612544,0.315742,0.016515,0.700272,-0.106547,-0.022352,-0.233579,0.073079,0.016515
ideal,4.500000,1.059484,1.696318,0.748205,1.593267,-0.021556,-0.611350,0.310458,0.015926,0.688721,-0.103051,-0.021556,-0.229678,0.072074,0.015926
ideal,4.550000,1.040334,1.708129,0.717696,1.608525,-0.020788,-0.610182,0.305158,0.015359,0.677362,-0.099604,-0.020788,-0.225853,0.071083,0.015359
ideal,4.600000,1.021052,1.719725,0.687244,1.623517,-0.020047,-0.609038,0.299843,0.014812,0.666192,-0.096208,-0.020047,-0.222100,0.070106,0.014812
ideal,4.650000,1.001641,1.731102,0.656848,1.638243,-0.019333,-0.607917,0.294512,0.014284,0.655207,-0.092860,-0.019333,-0.218419,0.069142,0.014284
ideal,4.700000,0.982103,1.742261,0.626507,1.652701,-0.018644,-0.606817,0.289166,0.013775,0.644404,-0.089560,-0.018644,-0.214808,0.068192,0.013775
ideal,4.750000,0.962441,1.753199,0.596220,1.666891,-0.017980,-0.605736,0.283805,0.013285,0.633780,-0.086308,-0.017980,-0.211267,0.067256,0.013285
ideal,4.800000,0.942657,1.763916,0.565987,1.680813,-0.017340,-0.604674,0.278429,0.012811,0.623330,-0.083103,-0.017340,-0.207793,0.066332,0.012811
ideal,4.850000,0.922753,1.774409,0.535805,1.694465,-0.016722,-0.603627,0.273040,0.012355,0.613052,-0.079944,-0.016722,-0.204385,0.065420,0.012355
ideal,4.900000,0.902733,1.784677,0.505676,1.707846,-0.016126,-0.602595,0.267636,0.011915,0.602942,-0.076831,-0.016126,-0.201043,0.064521,0.011915
ideal,4.950000,0.882599,1.794720,0.475597,1.720957,-0.015552,-0.601577,0.262219,0.011490,0.592998,-0.073762,-0.015552,-0.197765,0.063634,0.011490
ideal,5.000000,0.862353,1.804535,0.445568,1.733797,-0.014998,-0.600570,0.256788,0.011081,0.583215,-0.070738,-0.014998,-0.194549,0.062759,0.011081
ideal,5.050000,0.841998,1.814122,0.415590,1.746364,-0.014463,-0.599573,0.251345,0.010686,0.573592,-0.067758,-0.014463,-0.191396,0.061895,0.010686
ideal,5.100000,0.821536,1.823480,0.385660,1.758659,-0.013948,-0.598585,0.245888,0.010305,0.564124,-0.064821,-0.013948,-0.188302,0.061043,0.010305
ideal,5.150000,0.800970,1.832606,0.355780,1.770680,-0.013451,-0.597605,0.240420,0.009938,0.554810,-0.061927,-0.013451,-0.185268,0.060202,0.009938
ideal,5.200000,0.780303,1.841501,0.325946,1.782426,-0.012972,-0.596688,0.234933,0.009589,0.545642,-0.059075,-0.012972,-0.182350,0.059364,0.009589
ideal,5.250000,0.759538,1.850163,0.296154,1.793897,-0.012509,-0.595842,0.229425,0.009257,0.536616,-0.056266,-0.012509,-0.179556,0.058529,0.009257
ideal,5.300000,0.738676,1.858590,0.266401,1.805092,-0.012062,-0.595055,0.223897,0.008941,0.527725,-0.053498,-0.012062,-0.176872,0.057695,0.008941
ideal,5.350000,0.717720,1.866783,0.236685,1.816010,-0.011630,-0.594316,0.218351,0.008638,0.518965,-0.050773,-0.011630,-0.174290,0.056864,0.008638
ideal,5.400000,0.696674,1.874739,0.207004,1.826649,-0.011212,-0.593615,0.212786,0.008347,0.510330,-0.048090,-0.011212,-0.171799,0.056035,0.008347
ideal,5.450000,0.675539,1.882458,0.177357,1.837009,-0.010809,-0.592943,0.207204,0.008067,0.501818,-0.045448,-0.010809,-0.169390,0.055208,0.008067
ideal,5.500000,0.654319,1.889938,0.147743,1.847090,-0.010419,-0.592294,0.201605,0.007797,0.493423,-0.042849,-0.010419,-0.167058,0.054383,0.007797
ideal,5.550000,0.633017,1.897179,0.118160,1.856889,-0.010042,-0.591659,0.195989,0.007537,0.485143,-0.040290,-0.010042,-0.164794,0.053560,0.007537
ideal,5.600000,0.611634,1.904181,0.088608,1.866407,-0.009678,-0.591033,0.190358,0.007285,0.476974,-0.037774,-0.009678,-0.162593,0.052740,0.007285
ideal,5.650000,0.590174,1.910941,0.059087,1.875642,-0.009326,-0.590411,0.184712,0.007042,0.468914,-0.035298,-0.009326,-0.160449,0.051923,0.007042
ideal,5.700000,0.568639,1.917459,0.029598,1.884595,-0.008986,-0.589787,0.179052,0.006806,0.460959,-0.032864,-0.008986,-0.158359,0.051108,0.006806
ideal,5.750000,0.547032,1.923735,0.000140,1.893264,-0.008657,-0.589157,0.173378,0.006578,0.453108,-0.030471,-0.008657,-0.156317,0.050296,0.006578
ideal,5.800000,0.525355,1.929767,-0.029286,1.901649,-0.008339,-0.588518,0.167692,0.006358,0.445359,-0.028119,-0.008339,-0.154320,0.049487,0.006358
ideal,5.850000,0.503613,1.935555,-0.058679,1.909748,-0.008032,-0.587864,0.161993,0.006144,0.437708,-0.025807,-0.008032,-0.152364,0.048680,0.006144
ideal,5.900000,0.481806,1.941098,-0.088039,1.917562,-0.007735,-0.587194,0.156283,0.005937,0.430155,-0.023536,-0.007735,-0.150447,0.047877,0.005937
ideal,5.950000,0.459939,1.946396,-0.117364,1.925090,-0.007448,-0.586505,0.150562,0.005736,0.422697,-0.021305,-0.007448,-0.148565,0.047076,0.005736
ideal,6.000000,0.438013,1.951447,-0.146654,1.932332,-0.007171,-0.585793,0.144831,0.005542,0.415333,-0.019115,-0.007171,-0.146717,0.046278,0.005542
ideal,6.050000,0.416032,1.956251,-0.175906,1.939287,-0.006903,-0.585056,0.139091,0.005354,0.408061,-0.016964,-0.006903,-0.144900,0.045484,0.005354
ideal,6.100000,0.393999,1.960807,-0.205121,1.945954,-0.006645,-0.584294,0.133342,0.005172,0.400880,-0.014854,-0.006645,-0.143112,0.044693,0.005172
ideal,6.150000,0.371915,1.965116,-0.234296,1.952333,-0.006395,-0.583502,0.127586,0.004995,0.393789,-0.012783,-0.006395,-0.141351,0.043905,0.004995
ideal,6.200000,0.349784,1.969175,-0.263430,1.958424,-0.006154,-0.582681,0.121821,0.004824,0.386785,-0.010751,-0.006154,-0.139617,0.043120,0.004824
ideal,6.250000,0.327610,1.972986,-0.292522,1.964227,-0.005921,-0.581828,0.116051,0.004658,0.379869,-0.008759,-0.005921,-0.137907,0.042339,0.004658
ideal,6.300000,0.305393,1.976546,-0.321569,1.969740,-0.005696,-0.580942,0.110274,0.004497,0.373038,-0.006806,-0.005696,-0.136219,0.041561,0.004497
ideal,6.350000,0.283138,1.979857,-0.350570,1.974965,-0.005479,-0.580022,0.104493,0.004341,0.366292,-0.004892,-0.005479,-0.134554,0.040787,0.004341
ideal,6.400000,0.260847,1.982917,-0.379523,1.979900,-0.005269,-0.579067,0.098707,0.004191,0.359629,-0.003016,-0.005269,-0.132911,0.040016,0.004191
ideal,6.450000,0.238524,1.985726,-0.408427,1.984546,-0.005067,-0.578075,0.092917,0.004045,0.353049,-0.001180,-0.005067,-0.131287,0.039249,0.004045
ideal,6.500000,0.216170,1.988283,-0.437279,1.988902,-0.004872,-0.577046,0.087124,0.003903,0.346551,0.000619,-0.004872,-0.129682,0.038486,0.003903
ideal,6.550000,0.193788,1.990589,-0.466078,1.992969,-0.004684,-0.575979,0.081329,0.003766,0.340134,0.002379,-0.004684,-0.128096,0.037726,0.003766
ideal,6.600000,0.171382,1.992644,-0.494822,1.996745,-0.004502,-0.574872,0.075532,0.003634,0.333796,0.004102,-0.004502,-0.126528,0.036971,0.003634
ideal,6.650000,0.148955,1.994445,-0.523508,2.000232,-0.004327,-0.573727,0.069734,0.003505,0.327537,0.005787,-0.004327,-0.124977,0.036219,0.003505
ideal,6.700000,0.126508,1.995995,-0.552135,2.003429,-0.004158,-0.572541,0.063936,0.003381,0.321357,0.007434,-0.004158,-0.123442,0.035471,0.003381
ideal,6.750000,0.104046,1.997292,-0.580701,2.006336,-0.003995,-0.571314,0.058138,0.003261,0.315253,0.009044,-0.003995,-0.121924,0.034728,0.003261
ideal,6.800000,0.081570,1.998336,-0.609203,2.008953,-0.003837,-0.570047,0.052342,0.003144,0.309227,0.010617,-0.003837,-0.120421,0.033988,0.003144
ideal,6.850000,0.059084,1.999127,-0.637640,2.011280,-0.003686,-0.568737,0.046547,0.003032,0.303276,0.012153,-0.003686,-0.118933,0.033253,0.003032
ideal,6.900000,0.036591,1.999665,-0.666009,2.013318,-0.003540,-0.567385,0.040755,0.002923,0.297400,0.013653,-0.003540,-0.117460,0.032522,0.002923
ideal,6.950000,0.014093,1.999950,-0.694309,2.015066,-0.003399,-0.565991,0.034966,0.002817,0.291599,0.015116,-0.003399,-0.116002,0.031796,0.002817
ideal,7.000000,-0.008407,1.999982,-0.722537,2.016525,-0.003263,-0.564553,0.029182,0.002715,0.285871,0.016543,-0.003263,-0.114557,0.031073,0.002715
ideal,7.050000,-0.030906,1.999761,-0.750690,2.017695,-0.003132,-0.563073,0.023402,0.002617,0.280216,0.017934,-0.003132,-0.113127,0.030356,0.002617
ideal,7.100000,-0.053401,1.999287,-0.778768,2.018577,-0.003006,-0.561549,0.017627,0.002521,0.274633,0.019290,-0.003006,-0.111709,0.029643,0.002521
ideal,7.150000,-0.075889,1.998560,-0.806767,2.019170,-0.002885,-0.559981,0.011859,0.002429,0.269122,0.020610,-0.002885,-0.110305,0.028934,0.002429
ideal,7.200000,-0.098368,1.997579,-0.834685,2.019475,-0.002768,-0.558369,0.006098,0.002340,0.263682,0.021895,-0.002768,-0.108913,0.028230,0.002340
ideal,7.250000,-0.120834,1.996346,-0.862521,2.019492,-0.002655,-0.556712,0.000344,0.002253,0.258313,0.023145,-0.002655,-0.107534,0.027531,0.002253
ideal,7.300000,-0.143284,1.994861,-0.890271,2.019222,-0.002547,-0.555012,-0.005402,0.002170,0.253013,0.024361,-0.002547,-0.106168,0.026837,0.002170
ideal,7.350000,-0.165717,1.993123,-0.917935,2.018665,-0.002442,-0.553266,-0.011139,0.002089,0.247782,0.025542,-0.002442,-0.104814,0.026148,0.002089
ideal,7.400000,-0.188129,1.991132,-0.945508,2.017821,-0.002342,-0.551476,-0.016866,0.002011,0.242620,0.026689,-0.002342,-0.103471,0.025463,0.002011
ideal,7.450000,-0.210517,1.988890,-0.972990,2.016692,-0.002245,-0.549640,-0.022582,0.001936,0.237526,0.027803,-0.002245,-0.102140,0.024784,0.001936
ideal,7.500000,-0.232878,1.986396,-1.000378,2.015278,-0.002152,-0.547760,-0.028288,0.001863,0.232499,0.028882,-0.002152,-0.100821,0.024110,0.001863
ideal,7.550000,-0.255210,1.983650,-1.027669,2.013580,-0.002062,-0.545810,-0.033967,0.001792,0.227541,0.029929,-0.002062,-0.099488,0.023456,0.001792
ideal,7.600000,-0.277509,1.980654,-1.054857,2.011599,-0.001976,-0.543769,-0.039604,0.001722,0.222652,0.030946,-0.001976,-0.098122,0.022835,0.001722
ideal,7.650000,-0.299773,1.977406,-1.081940,2.009339,-0.001893,-0.541647,-0.045205,0.001653,0.217834,0.031933,-0.001893,-0.096731,0.022244,0.001653
ideal,7.700000,-0.322000,1.973909,-1.108912,2.006801,-0.001814,-0.539453,-0.050770,0.001586,0.213087,0.032892,-0.001814,-0.095324,0.021680,0.001586
ideal,7.750000,-0.344185,1.970162,-1.135772,2.003985,-0.001738,-0.537194,-0.056304,0.001521,0.208413,0.033824,-0.001738,-0.093908,0.021138,0.001521
ideal,7.800000,-0.366327,1.966165,-1.162516,2.000895,-0.001665,-0.534875,-0.061807,0.001458,0.203812,0.034730,-0.001665,-0.092488,0.020616,0.001458
ideal,7.850000,-0.388423,1.961919,-1.189141,1.997531,-0.001595,-0.532502,-0.067282,0.001398,0.199282,0.035612,-0.001595,-0.091070,0.020113,0.001398
ideal,7.900000,-0.410470,1.957426,-1.215645,1.993894,-0.001528,-0.530078,-0.072731,0.001340,0.194825,0.036469,-0.001528,-0.089657,0.019625,0.001340
ideal,7.950000,-0.432464,1.952684,-1.242025,1.989987,-0.001464,-0.527608,-0.078153,0.001284,0.190439,0.037303,-0.001464,-0.088254,0.019152,0.001284
ideal,8.000000,-0.454404,1.947695,-1.268280,1.985809,-0.001403,-0.525093,-0.083550,0.001230,0.186124,0.038114,-0.001403,-0.086862,0.018691,0.001230
ideal,8.050000,-0.476287,1.942460,-1.294407,1.981363,-0.001344,-0.522538,-0.088923,0.001179,0.181880,0.038903,-0.001344,-0.085484,0.018242,0.001179
ideal,8.100000,-0.498109,1.936979,-1.320404,1.976650,-0.001287,-0.519943,-0.094271,0.001129,0.177705,0.039671,-0.001287,-0.084123,0.017803,0.001129
ideal,8.150000,-0.519868,1.931253,-1.346270,1.971670,-0.001233,-0.517311,-0.099597,0.001082,0.173598,0.040417,-0.001233,-0.082779,0.017374,0.001082
ideal,8.200000,-0.541561,1.925282,-1.372002,1.966425,-0.001181,-0.514643,-0.104898,0.001037,0.169559,0.041143,-0.001181,-0.081454,0.016953,0.001037
ideal,8.250000,-0.563186,1.919068,-1.397599,1.960916,-0.001132,-0.511939,-0.110177,0.000993,0.165587,0.041848,-0.001132,-0.080149,0.016540,0.000993
ideal,8.300000,-0.584739,1.912611,-1.423059,1.955144,-0.001084,-0.509202,-0.115432,0.000951,0.161680,0.042534,-0.001084,-0.078864,0.016134,0.000951
ideal,8.350000,-0.606218,1.905912,-1.448380,1.949111,-0.001039,-0.506431,-0.120665,0.000911,0.157838,0.043200,-0.001039,-0.077601,0.015735,0.000911
ideal,8.400000,-0.627621,1.898971,-1.473562,1.942818,-0.000995,-0.503627,-0.125873,0.000873,0.154060,0.043846,-0.000995,-0.076358,0.015342,0.000873
ideal,8.450000,-0.648944,1.891790,-1.498601,1.936265,-0.000953,-0.500791,-0.131058,0.000836,0.150343,0.044474,-0.000953,-0.075138,0.014954,0.000836
ideal,8.500000,-0.670186,1.884370,-1.523497,1.929454,-0.000913,-0.497923,-0.136219,0.000801,0.146688,0.045083,-0.000913,-0.073939,0.014572,0.000801
ideal,8.550000,-0.691342,1.876712,-1.548248,1.922386,-0.000875,-0.495023,-0.141356,0.000768,0.143093,0.045674,-0.000875,-0.072762,0.014196,0.000768
ideal,8.600000,-0.712411,1.868815,-1.572853,1.915062,-0.000838,-0.492091,-0.146469,0.000735,0.139558,0.046247,-0.000838,-0.071608,0.013823,0.000735
ideal,8.650000,-0.733389,1.860683,-1.597309,1.907485,-0.000803,-0.489128,-0.151557,0.000704,0.136080,0.046802,-0.000803,-0.070474,0.013456,0.000704
ideal,8.700000,-0.754275,1.852315,-1.621616,1.899654,-0.000769,-0.486133,-0.156619,0.000675,0.132659,0.047339,-0.000769,-0.069363,0.013093,0.000675
ideal,8.750000,-0.775065,1.843712,-1.645771,1.891571,-0.000737,-0.483108,-0.161656,0.000646,0.129294,0.047859,-0.000737,-0.068272,0.012733,0.000646
ideal,8.800000,-0.795758,1.834876,-1.669774,1.883237,-0.000706,-0.480050,-0.166667,0.000619,0.125984,0.048361,-0.000706,-0.067203,0.012378,0.000619
ideal,8.850000,-0.816349,1.825808,-1.693622,1.874655,-0.000676,-0.476962,-0.171652,0.000593,0.122727,0.048847,-0.000676,-0.066155,0.012027,0.000593
ideal,8.900000,-0.836838,1.816508,-1.717314,1.865824,-0.000648,-0.473841,-0.176610,0.000568,0.119524,0.049316,-0.000648,-0.065127,0.011679,0.000568
ideal,8.950000,-0.857220,1.806979,-1.740849,1.856747,-0.000620,-0.470690,-0.181540,0.000544,0.116371,0.049768,-0.000620,-0.064119,0.011334,0.000544
ideal,9.000000,-0.877494,1.797221,-1.764224,1.847425,-0.000594,-0.467506,-0.186443,0.000521,0.113270,0.050204,-0.000594,-0.063131,0.010993,0.000521
ideal,9.050000,-0.897657,1.787236,-1.787438,1.837859,-0.000569,-0.464291,-0.191317,0.000500,0.110218,0.050623,-0.000569,-0.062163,0.010655,0.000500
ideal,9.100000,-0.917706,1.777025,-1.810491,1.828051,-0.000545,-0.461044,-0.196163,0.000479,0.107215,0.051027,-0.000545,-0.061214,0.010321,0.000479
ideal,9.150000,-0.937639,1.766588,-1.833379,1.818002,-0.000522,-0.457766,-0.200980,0.000458,0.104260,0.051414,-0.000522,-0.060283,0.009989,0.000458
ideal,9.200000,-0.957453,1.755928,-1.856102,1.807714,-0.000500,-0.454455,-0.205766,0.000439,0.101351,0.051786,-0.000500,-0.059371,0.009660,0.000439
ideal,9.250000,-0.977146,1.745046,-1.878657,1.797188,-0.000479,-0.451112,-0.210523,0.000421,0.098489,0.052142,-0.000479,-0.058477,0.009335,0.000421
ideal,9.300000,-0.996716,1.733943,-1.901044,1.786425,-0.000459,-0.447738,-0.215249,0.000403,0.095672,0.052482,-0.000459,-0.057600,0.009012,0.000403
ideal,9.350000,-1.016159,1.722620,-1.923261,1.775428,-0.000440,-0.444331,-0.219944,0.000386,0.092898,0.052808,-0.000440,-0.056741,0.008692,0.000386
ideal,9.400000,-1.035474,1.711080,-1.945305,1.764198,-0.000421,-0.440892,-0.224607,0.000370,0.090169,0.053118,-0.000421,-0.055899,0.008375,0.000370
ideal,9.450000,-1.054658,1.699323,-1.967176,1.752736,-0.000404,-0.437420,-0.229238,0.000354,0.087481,0.053413,-0.000404,-0.055073,0.008060,0.000354
ideal,9.500000,-1.073708,1.687350,-1.988872,1.741044,-0.000387,-0.433916,-0.233836,0.000339,0.084836,0.053693,-0.000387,-0.054263,0.007748,0.000339
ideal,9.550000,-1.092622,1.675165,-2.010391,1.729124,-0.000371,-0.430380,-0.238402,0.000325,0.082231,0.053959,-0.000371,-0.053468,0.007438,0.000325
ideal,9.600000,-1.111398,1.662767,-2.031732,1.716977,-0.000355,-0.426812,-0.242933,0.000311,0.079667,0.054210,-0.000355,-0.052690,0.007131,0.000311
ideal,9.650000,-1.130034,1.650159,-2.052892,1.704606,-0.000340,-0.423211,-0.247431,0.000298,0.077141,0.054447,-0.000340,-0.051926,0.006827,0.000298
ideal,9.700000,-1.148526,1.637342,-2.073871,1.692011,-0.000326,-0.419578,-0.251894,0.000286,0.074655,0.054669,-0.000326,-0.051177,0.006525,0.000286
ideal,9.750000,-1.166873,1.624317,-2.094667,1.679195,-0.000312,-0.415913,-0.256321,0.000274,0.072206,0.054877,-0.000312,-0.050442,0.006225,0.000274
ideal,9.800000,-1.185072,1.611088,-2.115278,1.666159,-0.000299,-0.412215,-0.260714,0.000262,0.069795,0.055072,-0.000299,-0.049721,0.005928,0.000262
ideal,9.850000,-1.203122,1.597654,-2.135702,1.652906,-0.000286,-0.408485,-0.265070,0.000251,0.067420,0.055252,-0.000286,-0.049013,0.005633,0.000251
ideal,9.900000,-1.221019,1.584018,-2.155938,1.639436,-0.000274,-0.404723,-0.269389,0.000241,0.065081,0.055418,-0.000274,-0.048319,0.005340,0.000241
ideal,9.950000,-1.238761,1.570182,-2.175985,1.625753,-0.000263,-0.400929,-0.273672,0.000231,0.062777,0.055571,-0.000263,-0.047638,0.005050,0.000231
ideal,10.000000,-1.256347,1.556146,-2.195840,1.611857,-0.000252,-0.397103,-0.277917,0.000221,0.060508,0.055710,-0.000252,-0.046970,0.004762,0.000221
ideal,10.050000,-1.273774,1.541914,-2.215502,1.597751,-0.000241,-0.393244,-0.282124,0.000212,0.058272,0.055836,-0.000241,-0.046314,0.004476,0.000212
ideal,10.100000,-1.291040,1.527487,-2.234970,1.583436,-0.000231,-0.389354,-0.286292,0.000203,0.056070,0.055949,-0.000231,-0.045670,0.004192,0.000203
ideal,10.150000,-1.308142,1.512867,-2.254241,1.568915,-0.000221,-0.385432,-0.290422,0.000194,0.053901,0.056048,-0.000221,-0.045037,0.003910,0.000194
ideal,10.200000,-1.325078,1.498055,-2.273315,1.554189,-0.000212,-0.381479,-0.294512,0.000186,0.051763,0.056135,-0.000212,-0.044416,0.003631,0.000186
ideal,10.250000,-1.341847,1.483053,-2.292190,1.539261,-0.000203,-0.377493,-0.298562,0.000178,0.049657,0.056208,-0.000203,-0.043806,0.003353,0.000178
ideal,10.300000,-1.358446,1.467864,-2.310864,1.524133,-0.000195,-0.373477,-0.302573,0.000171,0.047583,0.056269,-0.000195,-0.043208,0.003078,0.000171
ideal,10.350000,-1.374874,1.452489,-2.329335,1.508806,-0.000186,-0.369429,-0.306542,0.000164,0.045538,0.056317,-0.000186,-0.042619,0.002805,0.000164
ideal,10.400000,-1.391127,1.436930,-2.347603,1.493282,-0.000179,-0.365350,-0.310470,0.000157,0.043524,0.056352,-0.000179,-0.042041,0.002533,0.000157
ideal,10.450000,-1.407204,1.421189,-2.365665,1.477564,-0.000171,-0.361241,-0.314357,0.000150,0.041539,0.056375,-0.000171,-0.041473,0.002264,0.000150
ideal,10.500000,-1.423103,1.405268,-2.383520,1.461654,-0.000164,-0.357100,-0.318201,0.000144,0.039583,0.056386,-0.000164,-0.040915,0.001997,0.000144
ideal,10.550000,-1.438822,1.389170,-2.401166,1.445554,-0.000157,-0.352930,-0.322003,0.000138,0.037655,0.056384,-0.000157,-0.040366,0.001732,0.000138
ideal,10.600000,-1.454358,1.372895,-2.418603,1.429266,-0.000150,-0.348729,-0.325762,0.000132,0.035756,0.056371,-0.000150,-0.039827,0.001469,0.000132
ideal,10.650000,-1.469711,1.356447,-2.435827,1.412792,-0.000144,-0.344497,-0.329477,0.000126,0.033884,0.056345,-0.000144,-0.039297,0.001208,0.000126
ideal,10.700000,-1.484878,1.339828,-2.452839,1.396135,-0.000138,-0.340237,-0.333149,0.000121,0.032039,0.056307,-0.000138,-0.038775,0.000948,0.000121
ideal,10.750000,-1.499857,1.323038,-2.469637,1.379296,-0.000132,-0.335946,-0.336777,0.000116,0.030220,0.056258,-0.000132,-0.038263,0.000691,0.000116
ideal,10.800000,-1.514646,1.306082,-2.486218,1.362278,-0.000127,-0.331626,-0.340359,0.000111,0.028428,0.056196,-0.000127,-0.037758,0.000436,0.000111
ideal,10.850000,-1.529243,1.288959,-2.502582,1.345083,-0.000121,-0.327278,-0.343897,0.000106,0.026661,0.056123,-0.000121,-0.037262,0.000182,0.000106
ideal,10.900000,-1.543647,1.271674,-2.518727,1.327713,-0.000116,-0.322900,-0.347390,0.000102,0.024920,0.056039,-0.000116,-0.036773,-0.000069,0.000102
ideal,10.950000,-1.557855,1.254228,-2.534651,1.310172,-0.000111,-0.318494,-0.350836,0.000098,0.023203,0.055944,-0.000111,-0.036293,-0.000319,0.000098
ideal,11.000000,-1.571866,1.236623,-2.550354,1.292460,-0.000107,-0.314060,-0.354236,0.000094,0.021512,0.055837,-0.000107,-0.035819,-0.000566,0.000094
ideal,11.050000,-1.585678,1.218862,-2.565834,1.274580,-0.000102,-0.309597,-0.357590,0.000090,0.019844,0.055718,-0.000102,-0.035353,-0.000812,0.000090
ideal,11.100000,-1.599290,1.200946,-2.581090,1.256536,-0.000098,-0.305108,-0.360897,0.000086,0.018200,0.055589,-0.000098,-0.034895,-0.001056,0.000086
ideal,11.150000,-1.612699,1.182879,-2.596119,1.238328,-0.000094,-0.300591,-0.364156,0.000082,0.016580,0.055449,-0.000094,-0.034443,-0.001298,0.000082
ideal,11.200000,-1.625904,1.164661,-2.610922,1.219959,-0.000090,-0.296047,-0.367367,0.000079,0.014983,0.055298,-0.000090,-0.033998,-0.001539,0.000079
ideal,11.250000,-1.638903,1.146297,-2.625495,1.201433,-0.000086,-0.291476,-0.370530,0.000076,0.013408,0.055136,-0.000086,-0.033559,-0.001777,0.000076
ideal,11.300000,-1.651695,1.127787,-2.639839,1.182751,-0.000082,-0.286879,-0.373645,0.000072,0.011856,0.054964,-0.000082,-0.033127,-0.002014,0.000072
ideal,11.350000,-1.664278,1.109134,-2.653952,1.163915,-0.000079,-0.282256,-0.376711,0.000069,0.010326,0.054781,-0.000079,-0.032701,-0.002248,0.000069
ideal,11.400000,-1.676650,1.090341,-2.667833,1.144929,-0.000076,-0.277608,-0.379728,0.000066,0.008818,0.054587,-0.000076,-0.032281,-0.002481,0.000066
ideal,11.450000,-1.688810,1.071410,-2.681479,1.125794,-0.000072,-0.272934,-0.382695,0.000064,0.007331,0.054384,-0.000072,-0.031867,-0.002712,0.000064
ideal,11.500000,-1.700756,1.052344,-2.694891,1.106513,-0.000069,-0.268236,-0.385612,0.000061,0.005865,0.054169,-0.000069,-0.031459,-0.002942,0.000061
ideal,11.550000,-1.712487,1.033144,-2.708067,1.087089,-0.000066,-0.263513,-0.388479,0.000058,0.004421,0.053945,-0.000066,-0.031056,-0.003169,0.000058
ideal,11.600000,-1.724002,1.013814,-2.721005,1.067525,-0.000064,-0.258766,-0.391295,0.000056,0.002997,0.053711,-0.000064,-0.030658,-0.003395,0.000056
ideal,11.650000,-1.735298,0.994355,-2.733705,1.047822,-0.000061,-0.253996,-0.394060,0.000054,0.001593,0.053467,-0.000061,-0.030266,-0.003618,0.000054
ideal,11.700000,-1.746374,0.974770,-2.746165,1.027983,-0.000058,-0.249202,-0.396774,0.000051,0.000209,0.053213,-0.000058,-0.029879,-0.003840,0.000051
ideal,11.750000,-1.757230,0.955062,-2.758384,1.008011,-0.000056,-0.244386,-0.399437,0.000049,-0.001155,0.052949,-0.000056,-0.029497,-0.004060,0.000049
ideal,11.800000,-1.767863,0.935233,-2.770362,0.987909,-0.000054,-0.239547,-0.402048,0.000047,-0.002499,0.052675,-0.000054,-0.029120,-0.004279,0.000047
ideal,11.850000,-1.778272,0.915286,-2.782096,0.967678,-0.000051,-0.234686,-0.404606,0.000045,-0.003824,0.052392,-0.000051,-0.028747,-0.004495,0.000045
ideal,11.900000,-1.788456,0.895223,-2.793586,0.947323,-0.000049,-0.229804,-0.407112,0.000043,-0.005130,0.052100,-0.000049,-0.028379,-0.004710,0.000043
ideal,11.950000,-1.798414,0.875047,-2.804831,0.926844,-0.000047,-0.224901,-0.409566,0.000041,-0.006417,0.051798,-0.000047,-0.028015,-0.004923,0.000041
ideal,12.000000,-1.808144,0.854760,-2.815830,0.906246,-0.000045,-0.219977,-0.411966,0.000040,-0.007686,0.051486,-0.000045,-0.027656,-0.005134,0.000040
ideal,12.050000,-1.817646,0.834364,-2.826582,0.885531,-0.000043,-0.215032,-0.414313,0.000038,-0.008936,0.051166,-0.000043,-0.027300,-0.005343,0.000038
ideal,12.100000,-1.826917,0.813864,-2.837085,0.864700,-0.000041,-0.210068,-0.416607,0.000036,-0.010168,0.050837,-0.000041,-0.026949,-0.005550,0.000036
ideal,12.150000,-1.835957,0.793260,-2.847339,0.843758,-0.000040,-0.205085,-0.418846,0.000035,-0.011382,0.050498,-0.000040,-0.026602,-0.005756,0.000035
ideal,12.200000,-1.844765,0.772555,-2.857343,0.822706,-0.000038,-0.200083,-0.421032,0.000033,-0.012578,0.050151,-0.000038,-0.026258,-0.005959,0.000033
ideal,12.250000,-1.853339,0.751753,-2.867097,0.801548,-0.000036,-0.195063,-0.423163,0.000032,-0.013757,0.049795,-0.000036,-0.025919,-0.006161,0.000032
ideal,12.300000,-1.861679,0.730856,-2.876598,0.780286,-0.000035,-0.190025,-0.425239,0.000031,-0.014919,0.049430,-0.000035,-0.025582,-0.006361,0.000031
ideal,12.350000,-1.869783,0.709866,-2.885846,0.758923,-0.000033,-0.184970,-0.427261,0.000029,-0.016063,0.049057,-0.000033,-0.025250,-0.006560,0.000029
ideal,12.400000,-1.877651,0.688787,-2.894841,0.737462,-0.000032,-0.179897,-0.429228,0.000028,-0.017190,0.048675,-0.000032,-0.024920,-0.006756,0.000028
ideal,12.450000,-1.885281,0.667620,-2.903582,0.715905,-0.000031,-0.174809,-0.431139,0.000027,-0.018301,0.048285,-0.000031,-0.024594,-0.006951,0.000027
ideal,12.500000,-1.892672,0.646369,-2.912067,0.694255,-0.000029,-0.169705,-0.432995,0.000026,-0.019395,0.047886,-0.000029,-0.024272,-0.007143,0.000026
ideal,12.550000,-1.899824,0.625036,-2.920296,0.672515,-0.000028,-0.164585,-0.434795,0.000025,-0.020472,0.047479,-0.000028,-0.023952,-0.007334,0.000025
ideal,12.600000,-1.906735,0.603624,-2.928269,0.650688,-0.000027,-0.159450,-0.436539,0.000024,-0.021534,0.047065,-0.000027,-0.023635,-0.007523,0.000024
ideal,12.650000,-1.913405,0.582135,-2.935984,0.628777,-0.000026,-0.154302,-0.438227,0.000023,-0.022579,0.046642,-0.000026,-0.023321,-0.007711,0.000023
ideal,12.700000,-1.919833,0.560573,-2.943441,0.606784,-0.000025,-0.149139,-0.439858,0.000022,-0.023608,0.046211,-0.000025,-0.023010,-0.007896,0.000022
ideal,12.750000,-1.926018,0.538940,-2.950639,0.584712,-0.000024,-0.143963,-0.441433,0.000021,-0.024621,0.045772,-0.000024,-0.022702,-0.008079,0.000021
ideal,12.800000,-1.931959,0.517239,-2.957578,0.562565,-0.000023,-0.138775,-0.442952,0.000020,-0.025619,0.045326,-0.000023,-0.022396,-0.008261,0.000020
ideal,12.850000,-1.937655,0.495472,-2.964256,0.540344,-0.000022,-0.133574,-0.444413,0.000019,-0.026601,0.044872,-0.000022,-0.022093,-0.008441,0.000019
ideal,12.900000,-1.943107,0.473642,-2.970674,0.518053,-0.000021,-0.128362,-0.445818,0.000018,-0.027568,0.044411,-0.000021,-0.021792,-0.008619,0.000018
ideal,12.950000,-1.948312,0.451753,-2.976831,0.495695,-0.000020,-0.123139,-0.447165,0.000018,-0.028519,0.043942,-0.000020,-0.021494,-0.008795,0.000018
ideal,13.000000,-1.953271,0.429806,-2.982727,0.473272,-0.000019,-0.117905,-0.448455,0.000017,-0.029456,0.043466,-0.000019,-0.021199,-0.008969,0.000017
ideal,13.050000,-1.957982,0.407805,-2.988360,0.450788,-0.000018,-0.112661,-0.449687,0.000016,-0.030377,0.042983,-0.000018,-0.020905,-0.009141,0.000016
ideal,13.100000,-1.962446,0.385753,-2.993730,0.428245,-0.000018,-0.107408,-0.450862,0.000015,-0.031284,0.042492,-0.000018,-0.020614,-0.009311,0.000015
ideal,13.150000,-1.966662,0.363651,-2.998837,0.405646,-0.000017,-0.102146,-0.451978,0.000015,-0.032176,0.041995,-0.000017,-0.020324,-0.009480,0.000015
ideal,13.200000,-1.970628,0.341504,-3.003681,0.382994,-0.000016,-0.096876,-0.453037,0.000014,-0.033053,0.041491,-0.000016,-0.020037,-0.009646,0.000014
ideal,13.250000,-1.974345,0.319313,-3.008261,0.360292,-0.000015,-0.091598,-0.454038,0.000014,-0.033916,0.040979,-0.000015,-0.019752,-0.009811,0.000014
ideal,13.300000,-1.977813,0.297082,-3.012577,0.337543,-0.000015,-0.086312,-0.454981,0.000013,-0.034764,0.040461,-0.000015,-0.019469,-0.009973,0.000013
ideal,13.350000,-1.981029,0.274813,-3.016628,0.314750,-0.000014,-0.081021,-0.455866,0.000012,-0.035598,0.039937,-0.000014,-0.019188,-0.010134,0.000012
ideal,13.400000,-1.983996,0.252510,-3.020414,0.291915,-0.000014,-0.075723,-0.456692,0.000012,-0.036418,0.039406,-0.000014,-0.018908,-0.010293,0.000012
ideal,13.450000,-1.986711,0.230174,-3.023935,0.269042,-0.000013,-0.070420,-0.457460,0.000011,-0.037224,0.038868,-0.000013,-0.018631,-0.010450,0.000011
ideal,13.500000,-1.989174,0.207810,-3.027190,0.246134,-0.000012,-0.065112,-0.458169,0.000011,-0.038016,0.038324,-0.000012,-0.018355,-0.010605,0.000011
ideal,13.550000,-1.991386,0.185419,-3.030180,0.223193,-0.000012,-0.059799,-0.458819,0.000010,-0.038794,0.037774,-0.000012,-0.018080,-0.010757,0.000010
ideal,13.600000,-1.993346,0.163004,-3.032905,0.200222,-0.000011,-0.054483,-0.459411,0.000010,-0.039558,0.037218,-0.000011,-0.017808,-0.010909,0.000010
ideal,13.650000,-1.995054,0.140569,-3.035363,0.177225,-0.000011,-0.049164,-0.459945,0.000010,-0.040309,0.036656,-0.000011,-0.017536,-0.011058,0.000010
ideal,13.700000,-1.996509,0.118117,-3.037555,0.154204,-0.000010,-0.043843,-0.460419,0.000009,-0.041046,0.036088,-0.000010,-0.017267,-0.011205,0.000009
ideal,13.750000,-1.997712,0.095649,-3.039481,0.131162,-0.000010,-0.038520,-0.460835,0.000009,-0.041769,0.035514,-0.000010,-0.016999,-0.011350,0.000009
ideal,13.800000,-1.998661,0.073169,-3.041141,0.108103,-0.000010,-0.033195,-0.461192,0.000008,-0.042479,0.034934,-0.000010,-0.016732,-0.011493,0.000008
ideal,13.850000,-1.999358,0.050680,-3.042534,0.085028,-0.000009,-0.027869,-0.461489,0.000008,-0.043176,0.034349,-0.000009,-0.016467,-0.011634,0.000008
ideal,13.900000,-1.999801,0.028184,-3.043661,0.061942,-0.000009,-0.022544,-0.461728,0.000008,-0.043860,0.033758,-0.000009,-0.016202,-0.011773,0.000008
ideal,13.950000,-1.999992,0.005685,-3.044522,0.038847,-0.000008,-0.017219,-0.461908,0.000007,-0.044530,0.033161,-0.000008,-0.015940,-0.011910,0.000007
ideal,14.000000,-1.999929,-0.016814,-3.045117,0.015745,-0.000008,-0.011895,-0.462029,0.000007,-0.045188,0.032560,-0.000008,-0.015678,-0.012045,0.000007
ideal,14.050000,-1.999614,-0.039312,-3.045446,-0.007359,-0.000008,-0.006573,-0.462092,0.000007,-0.045832,0.031953,-0.000008,-0.015418,-0.012178,0.000007
ideal,14.100000,-1.999045,-0.061805,-3.045508,-0.030464,-0.000007,-0.001253,-0.462095,0.000007,-0.046463,0.031341,-0.000007,-0.015159,-0.012310,0.000007
ideal,14.150000,-1.998223,-0.084290,-3.045305,-0.053566,-0.000007,0.004064,-0.462039,0.000006,-0.047082,0.030724,-0.000007,-0.014901,-0.012439,0.000006
ideal,14.200000,-1.997148,-0.106764,-3.044836,-0.076662,-0.000007,0.009378,-0.461924,0.000006,-0.047688,0.030102,-0.000007,-0.014644,-0.012566,0.000006
ideal,14.250000,-1.995821,-0.129225,-3.044102,-0.099750,-0.000007,0.014687,-0.461750,0.000006,-0.048281,0.029475,-0.000007,-0.014389,-0.012691,0.000006
ideal,14.300000,-1.994241,-0.151669,-3.043102,-0.122826,-0.000006,0.019992,-0.461518,0.000005,-0.048861,0.028843,-0.000006,-0.014134,-0.012814,0.000005
ideal,14.350000,-1.992408,-0.174094,-3.041838,-0.145887,-0.000006,0.025291,-0.461226,0.000005,-0.049429,0.028207,-0.000006,-0.013880,-0.012934,0.000005
ideal,14.400000,-1.990324,-0.196497,-3.040309,-0.168931,-0.000006,0.030584,-0.460876,0.000005,-0.049985,0.027566,-0.000006,-0.013628,-0.013053,0.000005
ideal,14.450000,-1.987987,-0.218875,-3.038515,-0.191954,-0.000006,0.035871,-0.460467,0.000005,-0.050528,0.026921,-0.000006,-0.013376,-0.013170,0.000005
ideal,14.500000,-1.985399,-0.241226,-3.036457,-0.214954,-0.000005,0.041150,-0.460000,0.000005,-0.051058,0.026272,-0.000005,-0.013125,-0.013285,0.000005
ideal,14.550000,-1.982560,-0.263546,-3.034136,-0.237928,-0.000005,0.046422,-0.459473,0.000004,-0.051576,0.025618,-0.000005,-0.012876,-0.013397,0.000004
ideal,14.600000,-1.979470,-0.285833,-3.031552,-0.260872,-0.000005,0.051686,-0.458889,0.000004,-0.052082,0.024960,-0.000005,-0.012627,-0.013508,0.000004
ideal,14.650000,-1.976129,-0.308083,-3.028705,-0.283785,-0.000005,0.056940,-0.458245,0.000004,-0.052576,0.024299,-0.000005,-0.012379,-0.013616,0.000004
ideal,14.700000,-1.972538,-0.330295,-3.025596,-0.306662,-0.000004,0.062185,-0.457544,0.000004,-0.053058,0.023633,-0.000004,-0.012131,-0.013723,0.000004
ideal,14.750000,-1.968697,-0.352464,-3.022225,-0.329501,-0.000004,0.067419,-0.456784,0.000004,-0.053528,0.022963,-0.000004,-0.011885,-0.013827,0.000004
ideal,14.800000,-1.964608,-0.374589,-3.018593,-0.352299,-0.000004,0.072643,-0.455966,0.000004,-0.053985,0.022290,-0.000004,-0.011640,-0.013929,0.000004
ideal,14.850000,-1.960269,-0.396667,-3.014700,-0.375054,-0.000004,0.077855,-0.455090,0.000003,-0.054431,0.021613,-0.000004,-0.011395,-0.014029,0.000003
ideal,14.900000,-1.955683,-0.418694,-3.010547,-0.397762,-0.000004,0.083055,-0.454156,0.000003,-0.054864,0.020933,-0.000004,-0.011151,-0.014127,0.000003
ideal,14.950000,-1.950849,-0.440669,-3.006135,-0.420420,-0.000004,0.088243,-0.453164,0.000003,-0.055286,0.020249,-0.000004,-0.010908,-0.014223,0.000003
ideal,15.000000,-1.945768,-0.462588,-3.001464,-0.443025,-0.000003,0.093417,-0.452115,0.000003,-0.055696,0.019562,-0.000003,-0.010665,-0.014317,0.000003
ideal,15.050000,-1.940441,-0.484448,-2.996535,-0.465576,-0.000003,0.098577,-0.451008,0.000003,-0.056094,0.018872,-0.000003,-0.010423,-0.014408,0.000003
ideal,15.100000,-1.934868,-0.506247,-2.991349,-0.488068,-0.000003,0.103723,-0.449843,0.000003,-0.056481,0.018179,-0.000003,-0.010182,-0.014498,0.000003
ideal,15.150000,-1.929050,-0.527981,-2.985906,-0.510499,-0.000003,0.108854,-0.448622,0.000003,-0.056856,0.017482,-0.000003,-0.009942,-0.014585,0.000003
ideal,15.200000,-1.922989,-0.549649,-2.980208,-0.532866,-0.000003,0.113969,-0.447343,0.000003,-0.057219,0.016783,-0.000003,-0.009702,-0.014670,0.000003
ideal,15.250000,-1.916684,-0.571248,-2.974255,-0.555167,-0.000003,0.119068,-0.446007,0.000002,-0.057571,0.016081,-0.000003,-0.009463,-0.014753,0.000002
ideal,15.300000,-1.910136,-0.592774,-2.968047,-0.577397,-0.000003,0.124149,-0.444615,0.000002,-0.057911,0.015376,-0.000003,-0.009225,-0.014834,0.000002
ideal,15.350000,-1.903346,-0.614225,-2.961586,-0.599556,-0.000003,0.129214,-0.443166,0.000002,-0.058240,0.014669,-0.000003,-0.008987,-0.014913,0.000002
ideal,15.400000,-1.896316,-0.635598,-2.954873,-0.621639,-0.000002,0.134260,-0.441661,0.000002,-0.058557,0.013960,-0.000002,-0.008750,-0.014989,0.000002
ideal,15.450000,-1.889046,-0.656891,-2.947909,-0.643644,-0.000002,0.139287,-0.440099,0.000002,-0.058863,0.013247,-0.000002,-0.008514,-0.015064,0.000002
ideal,15.500000,-1.881536,-0.678101,-2.940694,-0.665568,-0.000002,0.144295,-0.438482,0.000002,-0.059158,0.012533,-0.000002,-0.008278,-0.015136,0.000002
ideal,15.550000,-1.873789,-0.699225,-2.933230,-0.687408,-0.000002,0.149283,-0.436809,0.000002,-0.059441,0.011817,-0.000002,-0.008043,-0.015206,0.000002
ideal,15.600000,-1.865804,-0.720260,-2.925518,-0.709162,-0.000002,0.154250,-0.435080,0.000002,-0.059713,0.011098,-0.000002,-0.007808,-0.015274,0.000002
ideal,15.650000,-1.857583,-0.741204,-2.917558,-0.730827,-0.000002,0.159197,-0.433296,0.000002,-0.059974,0.010378,-0.000002,-0.007574,-0.015340,0.000002
ideal,15.700000,-1.849127,-0.762055,-2.909352,-0.752400,-0.000002,0.164122,-0.431457,0.000002,-0.060224,0.009655,-0.000002,-0.007341,-0.015403,0.000002
ideal,15.750000,-1.840437,-0.782809,-2.900901,-0.773878,-0.000002,0.169024,-0.429563,0.000002,-0.060463,0.008931,-0.000002,-0.007108,-0.015465,0.000002
ideal,15.800000,-1.831515,-0.803464,-2.892205,-0.795259,-0.000002,0.173903,-0.427615,0.000002,-0.060691,0.008205,-0.000002,-0.006876,-0.015524,0.000002
ideal,15.850000,-1.822360,-0.824017,-2.883267,-0.816539,-0.000002,0.178760,-0.425612,0.000001,-0.060907,0.007478,-0.000002,-0.006644,-0.015581,0.000001
ideal,15.900000,-1.812975,-0.844466,-2.874088,-0.837717,-0.000002,0.183592,-0.423555,0.000001,-0.061113,0.006749,-0.000002,-0.006413,-0.015636,0.000001
ideal,15.950000,-1.803360,-0.864808,-2.864668,-0.858789,-0.000002,0.188399,-0.421444,0.000001,-0.061308,0.006019,-0.000002,-0.006183,-0.015688,0.000001
ideal,16.000000,-1.793517,-0.885041,-2.855009,-0.879753,-0.000001,0.193181,-0.419280,0.000001,-0.061492,0.005288,-0.000001,-0.005953,-0.015738,0.000001
ideal,16.050000,-1.783447,-0.905162,-2.845112,-0.900606,-0.000001,0.197937,-0.417062,0.000001,-0.061665,0.004555,-0.000001,-0.005724,-0.015787,0.000001
ideal,16.100000,-1.773151,-0.925168,-2.834979,-0.921346,-0.000001,0.202667,-0.414792,0.000001,-0.061827,0.003822,-0.000001,-0.005495,-0.015833,0.000001
ideal,16.150000,-1.762631,-0.945057,-2.824610,-0.941969,-0.000001,0.207370,-0.412468,0.000001,-0.061979,0.003087,-0.000001,-0.005267,-0.015876,0.000001
ideal,16.200000,-1.751888,-0.964826,-2.814008,-0.962474,-0.000001,0.212046,-0.410093,0.000001,-0.062120,0.002352,-0.000001,-0.005040,-0.015918,0.000001
ideal,16.250000,-1.740923,-0.984473,-2.803173,-0.982857,-0.000001,0.216693,-0.407665,0.000001,-0.062250,0.001616,-0.000001,-0.004813,-0.015957,0.000001
ideal,16.300000,-1.729738,-1.003996,-2.792108,-1.003116,-0.000001,0.221312,-0.405186,0.000001,-0.062370,0.000879,-0.000001,-0.004587,-0.015995,0.000001
ideal,16.350000,-1.718333,-1.023391,-2.780812,-1.023249,-0.000001,0.225902,-0.402655,0.000001,-0.062479,0.000142,-0.000001,-0.004361,-0.016030,0.000001
ideal,16.400000,-1.706712,-1.042658,-2.769289,-1.043253,-0.000001,0.230462,-0.400073,0.000001,-0.062578,-0.000595,-0.000001,-0.004136,-0.016062,0.000001
ideal,16.450000,-1.694874,-1.061792,-2.757540,-1.063125,-0.000001,0.234991,-0.397440,0.000001,-0.062666,-0.001333,-0.000001,-0.003912,-0.016093,0.000001
ideal,16.500000,-1.682822,-1.080791,-2.745565,-1.082863,-0.000001,0.239490,-0.394756,0.000001,-0.062743,-0.002071,-0.000001,-0.003688,-0.016121,0.000001
ideal,16.550000,-1.670557,-1.099654,-2.733367,-1.102464,-0.000001,0.243958,-0.392023,0.000001,-0.062811,-0.002809,-0.000001,-0.003465,-0.016148,0.000001
ideal,16.600000,-1.658080,-1.118378,-2.720948,-1.121926,-0.000001,0.248393,-0.389240,0.000001,-0.062867,-0.003548,-0.000001,-0.003242,-0.016171,0.000001
ideal,16.650000,-1.645394,-1.136960,-2.708308,-1.141246,-0.000001,0.252796,-0.386407,0.000001,-0.062914,-0.004286,-0.000001,-0.003020,-0.016193,0.000001
ideal,16.700000,-1.632499,-1.155399,-2.695450,-1.160422,-0.000001,0.257166,-0.383525,0.000001,-0.062950,-0.005024,-0.000001,-0.002799,-0.016213,0.000001
ideal,16.750000,-1.619398,-1.173691,-2.682374,-1.179452,-0.000001,0.261503,-0.380595,0.000001,-0.062977,-0.005761,-0.000001,-0.002578,-0.016230,0.000001
ideal,16.800000,-1.606092,-1.191834,-2.669084,-1.198333,-0.000001,0.265805,-0.377616,0.000001,-0.062992,-0.006498,-0.000001,-0.002358,-0.016245,0.000001
ideal,16.850000,-1.592582,-1.209827,-2.655581,-1.217062,-0.000001,0.270073,-0.374589,0.000001,-0.062998,-0.007235,-0.000001,-0.002138,-0.016258,0.000001
ideal,16.900000,-1.578871,-1.227667,-2.641865,-1.235638,-0.000001,0.274305,-0.371515,0.000001,-0.062994,-0.007971,-0.000001,-0.001920,-0.016269,0.000001
ideal,16.950000,-1.564960,-1.245351,-2.627940,-1.254058,-0.000001,0.278502,-0.368394,0.000001,-0.062980,-0.008707,-0.000001,-0.001701,-0.016278,0.000001
ideal,17.000000,-1.550851,-1.262878,-2.613807,-1.272319,-0.000001,0.282663,-0.365225,0.000001,-0.062956,-0.009441,-0.000001,-0.001484,-0.016284,0.000001
ideal,17.050000,-1.536546,-1.280244,-2.599468,-1.290420,-0.000001,0.286788,-0.362011,0.000001,-0.062921,-0.010175,-0.000001,-0.001267,-0.016288,0.000001
ideal,17.100000,-1.522046,-1.297449,-2.584924,-1.308357,-0.000001,0.290875,-0.358750,0.000000,-0.062877,-0.010908,-0.000001,-0.001051,-0.016290,0.000000
ideal,17.150000,-1.507354,-1.314490,-2.570178,-1.326129,-0.000001,0.294924,-0.355444,0.000000,-0.062823,-0.011640,-0.000001,-0.000836,-0.016290,0.000000
ideal,17.200000,-1.492471,-1.331364,-2.555231,-1.343734,-0.000001,0.298936,-0.352093,0.000000,-0.062760,-0.012370,-0.000001,-0.000621,-0.016287,0.000000
ideal,17.250000,-1.477399,-1.348070,-2.540085,-1.361169,-0.000000,0.302909,-0.348698,0.000000,-0.062686,-0.013099,-0.000000,-0.000407,-0.016283,0.000000
ideal,17.300000,-1.462140,-1.364605,-2.524743,-1.378432,-0.000000,0.306842,-0.345258,0.000000,-0.062603,-0.013827,-0.000000,-0.000194,-0.016276,0.000000
ideal,17.350000,-1.446696,-1.380967,-2.509207,-1.395520,-0.000000,0.310736,-0.341774,0.000000,-0.062510,-0.014553,-0.000000,0.000019,-0.016267,0.000000
ideal,17.400000,-1.431069,-1.397155,-2.493477,-1.412433,-0.000000,0.314590,-0.338247,0.000000,-0.062408,-0.015278,-0.000000,0.000230,-0.016256,0.000000
ideal,17.450000,-1.415261,-1.413166,-2.477557,-1.429167,-0.000000,0.318404,-0.334676,0.000000,-0.062296,-0.016001,-0.000000,0.000441,-0.016243,0.000000
ideal,17.500000,-1.399274,-1.428997,-2.461448,-1.445720,-0.000000,0.322176,-0.331064,0.000000,-0.062175,-0.016722,-0.000000,0.000652,-0.016227,0.000000
ideal,17.550000,-1.383109,-1.444648,-2.445153,-1.462090,-0.000000,0.325907,-0.327409,0.000000,-0.062044,-0.017442,-0.000000,0.000861,-0.016210,0.000000
ideal,17.600000,-1.366770,-1.460117,-2.428673,-1.478276,-0.000000,0.329596,-0.323713,0.000000,-0.061903,-0.018159,-0.000000,0.001070,-0.016190,0.000000
ideal,17.650000,-1.350257,-1.475400,-2.412011,-1.494275,-0.000000,0.333243,-0.319976,0.000000,-0.061754,-0.018875,-0.000000,0.001277,-0.016168,0.000000
ideal,17.700000,-1.333574,-1.490497,-2.395168,-1.510085,-0.000000,0.336846,-0.316198,0.000000,-0.061595,-0.019588,-0.000000,0.001485,-0.016144,0.000000
ideal,17.750000,-1.316722,-1.505405,-2.378148,-1.525704,-0.000000,0.340407,-0.312380,0.000000,-0.061426,-0.020299,-0.000000,0.001691,-0.016118,0.000000
ideal,17.800000,-1.299703,-1.520122,-2.360952,-1.541130,-0.000000,0.343924,-0.308523,0.000000,-0.061249,-0.021007,-0.000000,0.001896,-0.016089,0.000000
ideal,17.850000,-1.282520,-1.534648,-2.343582,-1.556361,-0.000000,0.347396,-0.304626,0.000000,-0.061062,-0.021713,-0.000000,0.002101,-0.016059,0.000000
ideal,17.900000,-1.265174,-1.548979,-2.326041,-1.571396,-0.000000,0.350824,-0.300690,0.000000,-0.060867,-0.022417,-0.000000,0.002304,-0.016026,0.000000
ideal,17.950000,-1.247668,-1.563113,-2.308331,-1.586231,-0.000000,0.354208,-0.296717,0.000000,-0.060662,-0.023118,-0.000000,0.002507,-0.015992,0.000000
ideal,18.000000,-1.230005,-1.577051,-2.290453,-1.600867,-0.000000,0.357545,-0.292706,0.000000,-0.060449,-0.023816,-0.000000,0.002709,-0.015955,0.000000
ideal,18.050000,-1.212185,-1.590788,-2.272411,-1.615300,-0.000000,0.360837,-0.288658,0.000000,-0.060226,-0.024512,-0.000000,0.002910,-0.015916,0.000000
ideal,18.100000,-1.194213,-1.604324,-2.254207,-1.629528,-0.000000,0.364083,-0.284573,0.000000,-0.059995,-0.025204,-0.000000,0.003110,-0.015875,0.000000
ideal,18.150000,-1.176089,-1.617657,-2.235843,-1.643551,-0.000000,0.367282,-0.280452,0.000000,-0.059754,-0.025894,-0.000000,0.003309,-0.015832,0.000000
ideal,18.200000,-1.157816,-1.630786,-2.217321,-1.657366,-0.000000,0.370434,-0.276295,0.000000,-0.059505,-0.026580,-0.000000,0.003507,-0.015787,0.000000
ideal,18.250000,-1.139397,-1.643708,-2.198645,-1.670971,-0.000000,0.373539,-0.272104,0.000000,-0.059248,-0.027263,-0.000000,0.003704,-0.015739,0.000000
ideal,18.300000,-1.120834,-1.656421,-2.179815,-1.684365,-0.000000,0.376596,-0.267877,0.000000,-0.058981,-0.027943,-0.000000,0.003901,-0.015690,0.000000
ideal,18.350000,-1.102128,-1.668926,-2.160835,-1.697546,-0.000000,0.379604,-0.263617,0.000000,-0.058706,-0.028620,-0.000000,0.004096,-0.015639,0.000000
ideal,18.400000,-1.083284,-1.681219,-2.141706,-1.710512,-0.000000,0.382564,-0.259324,0.000000,-0.058423,-0.029293,-0.000000,0.004290,-0.015585,0.000000
ideal,18.450000,-1.064302,-1.693299,-2.122433,-1.723262,-0.000000,0.385476,-0.254997,0.000000,-0.058131,-0.029962,-0.000000,0.004483,-0.015530,0.000000
ideal,18.500000,-1.045185,-1.705165,-2.103016,-1.735794,-0.000000,0.388338,-0.250639,0.000000,-0.057831,-0.030628,-0.000000,0.004676,-0.015472,0.000000
ideal,18.550000,-1.025936,-1.716815,-2.083458,-1.748106,-0.000000,0.391150,-0.246248,0.000000,-0.057522,-0.031291,-0.000000,0.004867,-0.015412,0.000000
ideal,18.600000,-1.006558,-1.728248,-2.063762,-1.760197,-0.000000,0.393913,-0.241826,0.000000,-0.057205,-0.031949,-0.000000,0.005057,-0.015351,0.000000
ideal,18.650000,-0.987052,-1.739462,-2.043931,-1.772066,-0.000000,0.396625,-0.237374,0.000000,-0.056880,-0.032604,-0.000000,0.005246,-0.015287,0.000000
ideal,18.700000,-0.967421,-1.750456,-2.023967,-1.783710,-0.000000,0.399287,-0.232891,0.000000,-0.056546,-0.033254,-0.000000,0.005434,-0.015222,0.000000
ideal,18.750000,-0.947667,-1.761229,-2.003872,-1.795129,-0.000000,0.401897,-0.228379,0.000000,-0.056205,-0.033901,-0.000000,0.005621,-0.015154,0.000000
ideal,18.800000,-0.927794,-1.771778,-1.983649,-1.806321,-0.000000,0.404457,-0.223838,0.000000,-0.055855,-0.034543,-0.000000,0.005807,-0.015085,0.000000
ideal,18.850000,-0.907803,-1.782104,-1.963301,-1.817285,-0.000000,0.406965,-0.219269,0.000000,-0.055498,-0.035181,-0.000000,0.005991,-0.015013,0.000000
ideal,18.900000,-0.887697,-1.792204,-1.942830,-1.828018,-0.000000,0.409421,-0.214671,0.000000,-0.055133,-0.035815,-0.000000,0.006175,-0.014940,0.000000
ideal,18.950000,-0.867479,-1.802077,-1.922239,-1.838521,-0.000000,0.411824,-0.210047,0.000000,-0.054760,-0.036444,-0.000000,0.006357,-0.014864,0.000000
ideal,19.000000,-0.847151,-1.811721,-1.901530,-1.848791,-0.000000,0.414175,-0.205396,0.000000,-0.054379,-0.037069,-0.000000,0.006538,-0.014787,0.000000
ideal,19.050000,-0.826716,-1.821137,-1.880706,-1.858826,-0.000000,0.416474,-0.200719,0.000000,-0.053990,-0.037689,-0.000000,0.006718,-0.014707,0.000000
ideal,19.100000,-0.806177,-1.830322,-1.859770,-1.868627,-0.000000,0.418719,-0.196016,0.000000,-0.053594,-0.038305,-0.000000,0.006897,-0.014626,0.000000
ideal,19.150000,-0.785535,-1.839276,-1.838725,-1.878192,-0.000000,0.420911,-0.191288,0.000000,-0.053190,-0.038916,-0.000000,0.007074,-0.014543,0.000000
ideal,19.200000,-0.764794,-1.847996,-1.817572,-1.887518,-0.000000,0.423050,-0.186537,0.000000,-0.052778,-0.039522,-0.000000,0.007251,-0.014458,0.000000
ideal,19.250000,-0.743956,-1.856483,-1.796316,-1.896607,-0.000000,0.425134,-0.181761,0.000000,-0.052360,-0.040123,-0.000000,0.007426,-0.014371,0.000000
ideal,19.300000,-0.723024,-1.864735,-1.774957,-1.905455,-0.000000,0.427165,-0.176963,0.000000,-0.051933,-0.040720,-0.000000,0.007599,-0.014282,0.000000
ideal,19.350000,-0.702000,-1.872751,-1.753500,-1.914062,-0.000000,0.429141,-0.172142,0.000000,-0.051500,-0.041311,-0.000000,0.007772,-0.014192,0.000000
ideal,19.400000,-0.680888,-1.880530,-1.731947,-1.922427,-0.000000,0.431062,-0.167299,0.000000,-0.051059,-0.041897,-0.000000,0.007943,-0.014099,0.000000
ideal,19.450000,-0.659689,-1.888070,-1.710301,-1.930549,-0.000000,0.432929,-0.162435,0.000000,-0.050611,-0.042478,-0.000000,0.008113,-0.014005,0.000000
ideal,19.500000,-0.638407,-1.895372,-1.688564,-1.938426,-0.000000,0.434740,-0.157551,0.000000,-0.050156,-0.043054,-0.000000,0.008282,-0.013909,0.000000
ideal,19.550000,-0.617044,-1.902434,-1.666739,-1.946058,-0.000000,0.436497,-0.152646,0.000000,-0.049695,-0.043624,-0.000000,0.008449,-0.013811,0.000000
ideal,19.600000,-0.595603,-1.909256,-1.644829,-1.953444,-0.000000,0.438197,-0.147722,0.000000,-0.049226,-0.044189,-0.000000,0.008615,-0.013711,0.000000
ideal,19.650000,-0.574087,-1.915835,-1.622837,-1.960583,-0.000000,0.439842,-0.142779,0.000000,-0.048750,-0.044748,-0.000000,0.008779,-0.013610,0.000000
ideal,19.700000,-0.552498,-1.922172,-1.600765,-1.967474,-0.000000,0.441431,-0.137819,0.000000,-0.048267,-0.045302,-0.000000,0.008942,-0.013507,0.000000
ideal,19.750000,-0.530839,-1.928266,-1.578617,-1.974116,-0.000000,0.442964,-0.132840,0.000000,-0.047778,-0.045850,-0.000000,0.009104,-0.013402,0.000000
ideal,19.800000,-0.509113,-1.934116,-1.556395,-1.980509,-0.000000,0.444440,-0.127845,0.000000,-0.047282,-0.046393,-0.000000,0.009264,-0.013295,0.000000
ideal,19.850000,-0.487322,-1.939721,-1.534102,-1.986650,-0.000000,0.445860,-0.122834,0.000000,-0.046780,-0.046929,-0.000000,0.009423,-0.013186,0.000000
ideal,19.900000,-0.465470,-1.945080,-1.511741,-1.992541,-0.000000,0.447224,-0.117807,0.000000,-0.046271,-0.047460,-0.000000,0.009581,-0.013076,0.000000
ideal,19.950000,-0.443559,-1.950194,-1.489314,-1.998179,-0.000000,0.448530,-0.112765,0.000000,-0.045756,-0.047985,-0.000000,0.009736,-0.012964,0.000000
ideal,20.000000,-0.421592,-1.955060,-1.466825,-2.003564,-0.000000,0.449780,-0.107709,0.000000,-0.045234,-0.048504,-0.000000,0.009891,-0.012851,0.000000
ideal,20.050000,-0.399571,-1.959679,-1.444277,-2.008696,-0.000000,0.450972,-0.102639,0.000000,-0.044706,-0.049017,-0.000000,0.010044,-0.012736,0.000000
ideal,20.100000,-0.377500,-1.964050,-1.421672,-2.013574,-0.000000,0.452107,-0.097556,0.000000,-0.044172,-0.049524,-0.000000,0.010195,-0.012619,0.000000
ideal,20.150000,-0.355381,-1.968173,-1.399012,-2.018197,-0.000000,0.453184,-0.092461,0.000000,-0.043632,-0.050024,-0.000000,0.010345,-0.012500,0.000000
ideal,20.200000,-0.333217,-1.972046,-1.376302,-2.022565,-0.000000,0.454204,-0.087354,0.000000,-0.043085,-0.050519,-0.000000,0.010494,-0.012380,0.000000
ideal,20.250000,-0.311011,-1.975670,-1.353544,-2.026677,-0.000000,0.455167,-0.082236,0.000000,-0.042533,-0.051007,-0.000000,0.010641,-0.012259,0.000000
ideal,20.300000,-0.288765,-1.979044,-1.330740,-2.030532,-0.000000,0.456071,-0.077107,0.000000,-0.041975,-0.051488,-0.000000,0.010786,-0.012135,0.000000
ideal,20.350000,-0.266483,-1.982167,-1.307894,-2.034131,-0.000000,0.456918,-0.071969,0.000000,-0.041411,-0.051963,-0.000000,0.010930,-0.012010,0.000000
ideal,20.400000,-0.244167,-1.985040,-1.285009,-2.037472,-0.000000,0.457706,-0.066822,0.000000,-0.040842,-0.052432,-0.000000,0.011072,-0.011884,0.000000
ideal,20.450000,-0.221821,-1.987661,-1.262087,-2.040555,-0.000000,0.458436,-0.061666,0.000000,-0.040267,-0.052894,-0.000000,0.011213,-0.011756,0.000000
ideal,20.500000,-0.199446,-1.990030,-1.239132,-2.043380,-0.000000,0.459109,-0.056502,0.000000,-0.039686,-0.053350,-0.000000,0.011352,-0.011627,0.000000
ideal,20.550000,-0.177046,-1.992148,-1.216146,-2.045947,-0.000000,0.459723,-0.051331,0.000000,-0.039100,-0.053798,-0.000000,0.011489,-0.011496,0.000000
ideal,20.600000,-0.154624,-1.994014,-1.193132,-2.048254,-0.000000,0.460278,-0.046154,0.000000,-0.038508,-0.054240,-0.000000,0.011625,-0.011363,0.000000
ideal,20.650000,-0.132182,-1.995627,-1.170093,-2.050303,-0.000000,0.460775,-0.040970,0.000000,-0.037911,-0.054676,-0.000000,0.011759,-0.011229,0.000000
ideal,20.700000,-0.109723,-1.996988,-1.147032,-2.052092,-0.000000,0.461214,-0.035782,0.000000,-0.037309,-0.055104,-0.000000,0.011891,-0.011094,0.000000
ideal,20.750000,-0.087250,-1.998096,-1.123953,-2.053621,-0.000000,0.461594,-0.030589,0.000000,-0.036702,-0.055525,-0.000000,0.012022,-0.010957,0.000000
ideal,20.800000,-0.064767,-1.998951,-1.100857,-2.054891,-0.000000,0.461915,-0.025392,0.000000,-0.036090,-0.055940,-0.000000,0.012151,-0.010819,0.000000
ideal,20.850000,-0.042275,-1.999553,-1.077748,-2.055900,-0.000000,0.462178,-0.020191,0.000000,-0.035473,-0.056347,-0.000000,0.012278,-0.010680,0.000000
ideal,20.900000,-0.019778,-1.999902,-1.054629,-2.056650,-0.000000,0.462382,-0.014989,0.000000,-0.034851,-0.056748,-0.000000,0.012404,-0.010539,0.000000
ideal,20.950000,0.002722,-1.999998,-1.031502,-2.057139,-0.000000,0.462528,-0.009784,0.000000,-0.034224,-0.057141,-0.000000,0.012528,-0.010396,0.000000
ideal,21.000000,0.025221,-1.999841,-1.008372,-2.057368,-0.000000,0.462614,-0.004578,0.000000,-0.033593,-0.057527,-0.000000,0.012650,-0.010253,0.000000
ideal,21.050000,0.047718,-1.999431,-0.985240,-2.057336,-0.000000,0.462642,0.000629,0.000000,-0.032957,-0.057906,-0.000000,0.012771,-0.010108,0.000000
ideal,21.100000,0.070208,-1.998767,-0.962109,-2.057045,-0.000000,0.462612,0.005835,0.000000,-0.032317,-0.058277,-0.000000,0.012889,-0.009961,0.000000
ideal,21.150000,0.092689,-1.997851,-0.938983,-2.056493,-0.000000,0.462523,0.011041,0.000000,-0.031672,-0.058642,-0.000000,0.013006,-0.009814,0.000000
ideal,21.200000,0.115158,-1.996682,-0.915864,-2.055680,-0.000000,0.462375,0.016246,0.000000,-0.031022,-0.058998,-0.000000,0.013121,-0.009665,0.000000
ideal,21.250000,0.137613,-1.995260,-0.892756,-2.054608,-0.000000,0.462168,0.021448,0.000000,-0.030369,-0.059348,-0.000000,0.013234,-0.009515,0.000000
ideal,21.300000,0.160051,-1.993586,-0.869661,-2.053276,-0.000000,0.461903,0.026648,0.000000,-0.029711,-0.059690,-0.000000,0.013346,-0.009364,0.000000
ideal,21.350000,0.182468,-1.991659,-0.846582,-2.051683,-0.000000,0.461579,0.031844,0.000000,-0.029050,-0.060024,-0.000000,0.013455,-0.009211,0.000000
ideal,21.400000,0.204862,-1.989480,-0.823522,-2.049832,-0.000000,0.461196,0.037037,0.000000,-0.028384,-0.060351,-0.000000,0.013563,-0.009057,0.000000
ideal,21.450000,0.227230,-1.987050,-0.800484,-2.047720,-0.000000,0.460755,0.042224,0.000000,-0.027714,-0.060671,-0.000000,0.013669,-0.008903,0.000000
ideal,21.500000,0.249570,-1.984368,-0.777471,-2.045350,-0.000000,0.460256,0.047407,0.000000,-0.027041,-0.060982,-0.000000,0.013773,-0.008747,0.000000
ideal,21.550000,0.271878,-1.981434,-0.754486,-2.042721,-0.000000,0.459698,0.052583,0.000000,-0.026364,-0.061286,-0.000000,0.013876,-0.008589,0.000000
ideal,21.600000,0.294151,-1.978251,-0.731532,-2.039833,-0.000000,0.459082,0.057753,0.000000,-0.025683,-0.061583,-0.000000,0.013976,-0.008431,0.000000
ideal,21.650000,0.316387,-1.974816,-0.708612,-2.036687,-0.000000,0.458408,0.062915,0.000000,-0.024999,-0.061871,-0.000000,0.014074,-0.008272,0.000000
ideal,21.700000,0.338584,-1.971132,-0.685728,-2.033284,-0.000000,0.457676,0.068070,0.000000,-0.024312,-0.062152,-0.000000,0.014171,-0.008112,0.000000
ideal,21.750000,0.360737,-1.967198,-0.662884,-2.029623,-0.000000,0.456885,0.073216,0.000000,-0.023621,-0.062425,-0.000000,0.014266,-0.007950,0.000000
ideal,21.800000,0.382845,-1.963016,-0.640082,-2.025706,-0.000000,0.456037,0.078352,0.000000,-0.022927,-0.062690,-0.000000,0.014358,-0.007788,0.000000
ideal,21.850000,0.404904,-1.958584,-0.617325,-2.021532,-0.000000,0.455131,0.083479,0.000000,-0.022229,-0.062947,-0.000000,0.014449,-0.007624,0.000000
ideal,21.900000,0.426912,-1.953905,-0.594617,-2.017102,-0.000000,0.454167,0.088595,0.000000,-0.021529,-0.063196,-0.000000,0.014538,-0.007460,0.000000
ideal,21.950000,0.448866,-1.948979,-0.571960,-2.012417,-0.000000,0.453145,0.093700,0.000000,-0.020826,-0.063438,-0.000000,0.014625,-0.007294,0.000000
ideal,22.000000,0.470763,-1.943806,-0.549356,-2.007477,-0.000000,0.452067,0.098794,0.000000,-0.020119,-0.063671,-0.000000,0.014710,-0.007128,0.000000
ideal,22.050000,0.492600,-1.938387,-0.526810,-2.002283,-0.000000,0.450930,0.103874,0.000000,-0.019410,-0.063896,-0.000000,0.014793,-0.006961,0.000000
ideal,22.100000,0.514376,-1.932723,-0.504323,-1.996836,-0.000000,0.449737,0.108942,0.000000,-0.018699,-0.064113,-0.000000,0.014874,-0.006793,0.000000
ideal,22.150000,0.536086,-1.926814,-0.481899,-1.991137,-0.000000,0.448487,0.113996,0.000000,-0.017985,-0.064323,-0.000000,0.014953,-0.006624,0.000000
ideal,22.200000,0.557728,-1.920661,-0.459540,-1.985185,-0.000000,0.447179,0.119035,0.000000,-0.017268,-0.064524,-0.000000,0.015031,-0.006454,0.000000
ideal,22.250000,0.579300,-1.914265,-0.437249,-1.978982,-0.000000,0.445815,0.124059,0.000000,-0.016549,-0.064717,-0.000000,0.015106,-0.006283,0.000000
ideal,22.300000,0.600798,-1.907627,-0.415029,-1.972528,-0.000000,0.444395,0.129068,0.000000,-0.015827,-0.064901,-0.000000,0.015179,-0.006112,0.000000
ideal,22.350000,0.622220,-1.900748,-0.392883,-1.965825,-0.000000,0.442918,0.134060,0.000000,-0.015104,-0.065078,-0.000000,0.015250,-0.005939,0.000000
ideal,22.400000,0.643564,-1.893628,-0.370814,-1.958874,-0.000000,0.441385,0.139036,0.000000,-0.014378,-0.065246,-0.000000,0.015319,-0.005766,0.000000
ideal,22.450000,0.664826,-1.886268,-0.348824,-1.951674,-0.000000,0.439796,0.143993,0.000000,-0.013651,-0.065406,-0.000000,0.015386,-0.005593,0.000000
ideal,22.500000,0.686004,-1.878669,-0.326917,-1.944227,-0.000000,0.438152,0.148933,0.000000,-0.012921,-0.065558,-0.000000,0.015451,-0.005418,0.000000
ideal,22.550000,0.707095,-1.870833,-0.305094,-1.936535,-0.000000,0.436452,0.153854,0.000000,-0.012190,-0.065702,-0.000000,0.015514,-0.005243,0.000000
ideal,22.600000,0.728097,-1.862760,-0.283359,-1.928597,-0.000000,0.434696,0.158755,0.000000,-0.011456,-0.065837,-0.000000,0.015575,-0.005067,0.000000
ideal,22.650000,0.749007,-1.854451,-0.261715,-1.920415,-0.000000,0.432886,0.163636,0.000000,-0.010722,-0.065964,-0.000000,0.015634,-0.004890,0.000000
ideal,22.700000,0.769821,-1.845908,-0.240164,-1.911990,-0.000000,0.431020,0.168497,0.000000,-0.009985,-0.066083,-0.000000,0.015691,-0.004713,0.000000
ideal,22.750000,0.790539,-1.837131,-0.218709,-1.903324,-0.000000,0.429100,0.173336,0.000000,-0.009248,-0.066193,-0.000000,0.015746,-0.004535,0.000000
ideal,22.800000,0.811156,-1.828121,-0.197353,-1.894416,-0.000000,0.427126,0.178153,0.000000,-0.008509,-0.066295,-0.000000,0.015799,-0.004357,0.000000
ideal,22.850000,0.831670,-1.818880,-0.176098,-1.885268,-0.000000,0.425097,0.182948,0.000000,-0.007768,-0.066389,-0.000000,0.015849,-0.004178,0.000000
ideal,22.900000,0.852080,-1.809409,-0.154947,-1.875883,-0.000000,0.423015,0.187719,0.000000,-0.007027,-0.066474,-0.000000,0.015898,-0.003999,0.000000
ideal,22.950000,0.872381,-1.799709,-0.133903,-1.866259,-0.000000,0.420879,0.192467,0.000000,-0.006285,-0.066551,-0.000000,0.015944,-0.003819,0.000000
ideal,23.000000,0.892572,-1.789781,-0.112969,-1.856400,-0.000000,0.418690,0.197191,0.000000,-0.005541,-0.066619,-0.000000,0.015989,-0.003638,0.000000
ideal,23.050000,0.912651,-1.779626,-0.092146,-1.846305,-0.000000,0.416447,0.201889,0.000000,-0.004797,-0.066679,-0.000000,0.016031,-0.003457,0.000000
ideal,23.100000,0.932613,-1.769246,-0.071439,-1.835977,-0.000000,0.414152,0.206562,0.000000,-0.004052,-0.066731,-0.000000,0.016072,-0.003276,0.000000
ideal,23.150000,0.952458,-1.758643,-0.050849,-1.825417,-0.000000,0.411804,0.211209,0.000000,-0.003306,-0.066774,-0.000000,0.016110,-0.003094,0.000000
ideal,23.200000,0.972182,-1.747817,-0.030378,-1.814625,-0.000000,0.409405,0.215829,0.000000,-0.002560,-0.066809,-0.000000,0.016146,-0.002912,0.000000
ideal,23.250000,0.991783,-1.736769,-0.010031,-1.803604,-0.000000,0.406953,0.220422,0.000000,-0.001813,-0.066835,-0.000000,0.016180,-0.002729,0.000000
ideal,23.300000,1.011258,-1.725502,0.010192,-1.792355,-0.000000,0.404450,0.224987,0.000000,-0.001066,-0.066853,-0.000000,0.016212,-0.002546,0.000000
ideal,23.350000,1.030606,-1.714016,0.030287,-1.780879,-0.000000,0.401895,0.229523,0.000000,-0.000319,-0.066862,-0.000000,0.016241,-0.002363,0.000000
ideal,23.400000,1.049823,-1.702314,0.050251,-1.769177,-0.000000,0.399290,0.234031,0.000000,0.000428,-0.066863,-0.000000,0.016269,-0.002179,0.000000
ideal,23.450000,1.068907,-1.690396,0.070083,-1.757252,-0.000000,0.396634,0.238508,0.000000,0.001176,-0.066856,-0.000000,0.016295,-0.001996,0.000000
ideal,23.500000,1.087856,-1.678264,0.089779,-1.745104,-0.000000,0.393927,0.242956,0.000000,0.001923,-0.066840,-0.000000,0.016318,-0.001811,0.000000
ideal,23.550000,1.106667,-1.665920,0.109338,-1.732735,-0.000000,0.391171,0.247373,0.000000,0.002671,-0.066816,-0.000000,0.016339,-0.001627,0.000000
ideal,23.600000,1.125338,-1.653364,0.128756,-1.720147,-0.000000,0.388366,0.251759,0.000000,0.003418,-0.066783,-0.000000,0.016359,-0.001443,0.000000
ideal,23.650000,1.143867,-1.640600,0.148031,-1.707342,-0.000000,0.385511,0.256112,0.000000,0.004164,-0.066742,-0.000000,0.016376,-0.001258,0.000000
ideal,23.700000,1.162251,-1.627628,0.167162,-1.694320,-0.000000,0.382607,0.260434,0.000000,0.004911,-0.066692,-0.000000,0.016391,-0.001073,0.000000
ideal,23.750000,1.180488,-1.614450,0.186145,-1.681084,-0.000000,0.379655,0.264722,0.000000,0.005657,-0.066634,-0.000000,0.016403,-0.000888,0.000000
ideal,23.800000,1.198575,-1.601067,0.204977,-1.667635,-0.000000,0.376654,0.268977,0.000000,0.006402,-0.066568,-0.000000,0.016414,-0.000703,0.000000
ideal,23.850000,1.216511,-1.587482,0.223658,-1.653975,-0.000000,0.373606,0.273198,0.000000,0.007146,-0.066493,-0.000000,0.016423,-0.000517,0.000000
ideal,23.900000,1.234293,-1.573697,0.242183,-1.640106,-0.000000,0.370511,0.277384,0.000000,0.007890,-0.066409,-0.000000,0.016429,-0.000332,0.000000
ideal,23.950000,1.251919,-1.559711,0.260552,-1.626029,-0.000000,0.367369,0.281535,0.000000,0.008633,-0.066318,-0.000000,0.016434,-0.000146,0.000000
ideal,24.000000,1.269386,-1.545529,0.278761,-1.611747,-0.000000,0.364180,0.285651,0.000000,0.009375,-0.066218,-0.000000,0.016436,0.000039,0.000000
ideal,24.050000,1.286692,-1.531151,0.296808,-1.597260,-0.000000,0.360945,0.289730,0.000000,0.010116,-0.066109,-0.000000,0.016436,0.000224,0.000000
ideal,24.100000,1.303836,-1.516579,0.314691,-1.582571,-0.000000,0.357664,0.293773,0.000000,0.010855,-0.065992,-0.000000,0.016434,0.000410,0.000000
ideal,24.150000,1.320815,-1.501815,0.332408,-1.567683,-0.000000,0.354338,0.297778,0.000000,0.011593,-0.065867,-0.000000,0.016430,0.000595,0.000000
ideal,24.200000,1.337626,-1.486861,0.349956,-1.552595,-0.000000,0.350967,0.301746,0.000000,0.012330,-0.065734,-0.000000,0.016424,0.000781,0.000000
ideal,24.250000,1.354268,-1.471719,0.367334,-1.537311,-0.000000,0.347552,0.305676,0.000000,0.013066,-0.065592,-0.000000,0.016415,0.000966,0.000000
ideal,24.300000,1.370739,-1.456391,0.384539,-1.521833,-0.000000,0.344093,0.309567,0.000000,0.013800,-0.065442,-0.000000,0.016405,0.001151,0.000000
ideal,24.350000,1.387036,-1.440878,0.401568,-1.506162,-0.000000,0.340590,0.313419,0.000000,0.014532,-0.065284,-0.000000,0.016392,0.001336,0.000000
ideal,24.400000,1.403158,-1.425183,0.418420,-1.490301,-0.000000,0.337044,0.317231,0.000000,0.015262,-0.065117,-0.000000,0.016377,0.001521,0.000000
ideal,24.450000,1.419102,-1.409308,0.435093,-1.474250,-0.000000,0.333455,0.321003,0.000000,0.015991,-0.064943,-0.000000,0.016361,0.001705,0.000000
ideal,24.500000,1.434867,-1.393254,0.451584,-1.458014,-0.000000,0.329824,0.324735,0.000000,0.016717,-0.064760,-0.000000,0.016342,0.001890,0.000000
ideal,24.550000,1.450450,-1.377024,0.467892,-1.441592,-0.000000,0.326151,0.328425,0.000000,0.017442,-0.064568,-0.000000,0.016321,0.002074,0.000000
ideal,24.600000,1.465849,-1.360620,0.484014,-1.424989,-0.000000,0.322437,0.332074,0.000000,0.018164,-0.064369,-0.000000,0.016298,0.002258,0.000000
ideal,24.650000,1.481063,-1.344043,0.499948,-1.408205,-0.000000,0.318682,0.335680,0.000000,0.018885,-0.064162,-0.000000,0.016272,0.002441,0.000000
ideal,24.700000,1.496090,-1.327296,0.515692,-1.391242,-0.000000,0.314887,0.339245,0.000000,0.019602,-0.063946,-0.000000,0.016245,0.002625,0.000000
ideal,24.750000,1.510927,-1.310382,0.531245,-1.374104,-0.000000,0.311052,0.342766,0.000000,0.020318,-0.063722,-0.000000,0.016216,0.002808,0.000000
ideal,24.800000,1.525573,-1.293301,0.546603,-1.356792,-0.000000,0.307177,0.346244,0.000000,0.021031,-0.063491,-0.000000,0.016184,0.002990,0.000000
ideal,24.850000,1.540025,-1.276057,0.561767,-1.339308,-0.000000,0.303264,0.349678,0.000000,0.021741,-0.063251,-0.000000,0.016151,0.003172,0.000000
ideal,24.900000,1.554283,-1.258652,0.576732,-1.321655,-0.000000,0.299312,0.353068,0.000000,0.022449,-0.063003,-0.000000,0.016115,0.003354,0.000000
ideal,24.950000,1.568344,-1.241087,0.591498,-1.303834,-0.000000,0.295322,0.356413,0.000000,0.023154,-0.062747,-0.000000,0.016077,0.003536,0.000000
ideal,25.000000,1.582207,-1.223364,0.606063,-1.285848,-0.000000,0.291295,0.359713,0.000000,0.023856,-0.062484,-0.000000,0.016038,0.003717,0.000000
ideal,25.050000,1.595870,-1.205488,0.620425,-1.267700,-0.000000,0.287231,0.362968,0.000000,0.024555,-0.062212,-0.000000,0.015996,0.003897,0.000000
ideal,25.100000,1.609330,-1.187458,0.634581,-1.249391,-0.000000,0.283130,0.366177,0.000000,0.025251,-0.061933,-0.000000,0.015952,0.004077,0.000000
ideal,25.150000,1.622587,-1.169278,0.648531,-1.230924,-0.000000,0.278994,0.369339,0.000000,0.025944,-0.061646,-0.000000,0.015906,0.004257,0.000000
ideal,25.200000,1.635638,-1.150951,0.662272,-1.212301,-0.000000,0.274822,0.372454,0.000000,0.026634,-0.061351,-0.000000,0.015858,0.004436,0.000000
ideal,25.250000,1.648483,-1.132477,0.675803,-1.193525,-0.000000,0.270616,0.375523,0.000000,0.027320,-0.061048,-0.000000,0.015808,0.004614,0.000000
ideal,25.300000,1.661118,-1.113861,0.689121,-1.174598,-0.000000,0.266375,0.378544,0.000000,0.028003,-0.060737,-0.000000,0.015756,0.004792,0.000000
ideal,25.350000,1.673544,-1.095103,0.702226,-1.155522,-0.000000,0.262100,0.381517,0.000000,0.028682,-0.060419,-0.000000,0.015702,0.004969,0.000000
ideal,25.400000,1.685758,-1.076207,0.715116,-1.136300,-0.000000,0.257793,0.384442,0.000000,0.029358,-0.060093,-0.000000,0.015646,0.005146,0.000000
ideal,25.450000,1.697758,-1.057174,0.727789,-1.116934,-0.000000,0.253452,0.387318,0.000000,0.030031,-0.059760,-0.000000,0.015588,0.005322,0.000000
ideal,25.500000,1.709544,-1.038008,0.740243,-1.097427,-0.000000,0.249080,0.390145,0.000000,0.030699,-0.059419,-0.000000,0.015528,0.005497,0.000000
ideal,25.550000,1.721113,-1.018710,0.752476,-1.077781,-0.000000,0.244676,0.392922,0.000000,0.031364,-0.059071,-0.000000,0.015466,0.005672,0.000000
ideal,25.600000,1.732464,-0.999284,0.764488,-1.057998,-0.000000,0.240241,0.395650,0.000000,0.032024,-0.058715,-0.000000,0.015402,0.005846,0.000000
ideal,25.650000,1.743596,-0.979731,0.776277,-1.038082,-0.000000,0.235776,0.398328,0.000000,0.032681,-0.058351,-0.000000,0.015336,0.006019,0.000000
ideal,25.700000,1.754508,-0.960054,0.787841,-1.018034,-0.000000,0.231280,0.400956,0.000000,0.033334,-0.057981,-0.000000,0.015268,0.006191,0.000000
ideal,25.750000,1.765197,-0.940255,0.799179,-0.997858,-0.000000,0.226756,0.403532,0.000000,0.033982,-0.057602,-0.000000,0.015198,0.006363,0.000000
ideal,25.800000,1.775663,-0.920338,0.810289,-0.977555,-0.000000,0.222203,0.406058,0.000000,0.034626,-0.057217,-0.000000,0.015127,0.006534,0.000000
ideal,25.850000,1.785904,-0.900304,0.821170,-0.957128,-0.000000,0.217621,0.408532,0.000000,0.035266,-0.056825,-0.000000,0.015053,0.006704,0.000000
ideal,25.900000,1.795919,-0.880156,0.831821,-0.936580,-0.000000,0.213012,0.410955,0.000000,0.035902,-0.056425,-0.000000,0.014977,0.006873,0.000000
ideal,25.950000,1.805707,-0.859896,0.842240,-0.915914,-0.000000,0.208376,0.413326,0.000000,0.036532,-0.056018,-0.000000,0.014900,0.007041,0.000000
ideal,26.000000,1.815267,-0.839528,0.852425,-0.895132,-0.000000,0.203714,0.415644,0.000000,0.037159,-0.055604,-0.000000,0.014820,0.007209,0.000000
ideal,26.050000,1.824596,-0.819054,0.862377,-0.874236,-0.000000,0.199026,0.417909,0.000000,0.037780,-0.055183,-0.000000,0.014739,0.007375,0.000000
ideal,26.100000,1.833695,-0.798475,0.872092,-0.853230,-0.000000,0.194313,0.420122,0.000000,0.038397,-0.054755,-0.000000,0.014656,0.007541,0.000000
ideal,26.150000,1.842561,-0.777796,0.881571,-0.832116,-0.000000,0.189575,0.422282,0.000000,0.039010,-0.054320,-0.000000,0.014570,0.007705,0.000000
ideal,26.200000,1.851195,-0.757019,0.890812,-0.810897,-0.000000,0.184813,0.424388,0.000000,0.039617,-0.053878,-0.000000,0.014483,0.007869,0.000000
ideal,26.250000,1.859594,-0.736145,0.899813,-0.789575,-0.000000,0.180027,0.426440,0.000000,0.040219,-0.053429,-0.000000,0.014395,0.008032,0.000000
ideal,26.300000,1.867758,-0.715179,0.908574,-0.768153,-0.000000,0.175219,0.428439,0.000000,0.040816,-0.052974,-0.000000,0.014304,0.008193,0.000000
ideal,26.350000,1.875685,-0.694122,0.917093,-0.746634,-0.000000,0.170389,0.430383,0.000000,0.041408,-0.052512,-0.000000,0.014211,0.008354,0.000000
ideal,26.400000,1.883375,-0.672977,0.925370,-0.725020,-0.000000,0.165537,0.432273,0.000000,0.041995,-0.052043,-0.000000,0.014117,0.008514,0.000000
ideal,26.450000,1.890827,-0.651747,0.933403,-0.703315,-0.000000,0.160664,0.434108,0.000000,0.042577,-0.051568,-0.000000,0.014021,0.008672,0.000000
ideal,26.500000,1.898039,-0.630434,0.941192,-0.681520,-0.000000,0.155771,0.435888,0.000000,0.043153,-0.051086,-0.000000,0.013923,0.008829,0.000000
ideal,26.550000,1.905011,-0.609042,0.948735,-0.659640,-0.000000,0.150858,0.437613,0.000000,0.043723,-0.050598,-0.000000,0.013823,0.008986,0.000000
ideal,26.600000,1.911742,-0.587572,0.956031,-0.637675,-0.000000,0.145926,0.439283,0.000000,0.044289,-0.050103,-0.000000,0.013722,0.009141,0.000000
ideal,26.650000,1.918231,-0.566028,0.963080,-0.615631,-0.000000,0.140975,0.440897,0.000000,0.044848,-0.049602,-0.000000,0.013619,0.009295,0.000000
ideal,26.700000,1.924478,-0.544413,0.969880,-0.593508,-0.000000,0.136007,0.442455,0.000000,0.045402,-0.049095,-0.000000,0.013514,0.009448,0.000000
ideal,26.750000,1.930480,-0.522728,0.976431,-0.571310,-0.000000,0.131021,0.443957,0.000000,0.045951,-0.048581,-0.000000,0.013407,0.009599,0.000000
ideal,26.800000,1.936239,-0.500978,0.982732,-0.549040,-0.000000,0.126019,0.445403,0.000000,0.046493,-0.048062,-0.000000,0.013299,0.009750,0.000000
ideal,26.850000,1.941752,-0.479164,0.988782,-0.526700,-0.000000,0.121001,0.446793,0.000000,0.047030,-0.047536,-0.000000,0.013189,0.009899,0.000000
ideal,26.900000,1.947020,-0.457289,0.994581,-0.504294,-0.000000,0.115967,0.448126,0.000000,0.047561,-0.047004,-0.000000,0.013077,0.010047,0.000000
ideal,26.950000,1.952041,-0.435357,1.000127,-0.481824,-0.000000,0.110919,0.449402,0.000000,0.048086,-0.046467,-0.000000,0.012964,0.010193,0.000000
ideal,27.000000,1.956815,-0.413369,1.005419,-0.459293,-0.000000,0.105857,0.450622,0.000000,0.048604,-0.045923,-0.000000,0.012849,0.010339,0.000000
ideal,27.050000,1.961342,-0.391330,1.010458,-0.436703,-0.000000,0.100781,0.451784,0.000000,0.049117,-0.045374,-0.000000,0.012732,0.010483,0.000000
ideal,27.100000,1.965620,-0.369240,1.015243,-0.414059,-0.000000,0.095693,0.452890,0.000000,0.049623,-0.044819,-0.000000,0.012614,0.010625,0.000000
ideal,27.150000,1.969649,-0.347104,1.019773,-0.391362,-0.000000,0.090592,0.453938,0.000000,0.050123,-0.044258,-0.000000,0.012494,0.010767,0.000000
ideal,27.200000,1.973430,-0.324924,1.024047,-0.368616,-0.000000,0.085480,0.454928,0.000000,0.050617,-0.043692,-0.000000,0.012372,0.010907,0.000000
ideal,27.250000,1.976960,-0.302703,1.028065,-0.345823,-0.000000,0.080357,0.455861,0.000000,0.051105,-0.043120,-0.000000,0.012249,0.011045,0.000000
ideal,27.300000,1.980240,-0.280443,1.031826,-0.322986,-0.000000,0.075224,0.456737,0.000000,0.051586,-0.042542,-0.000000,0.012124,0.011183,0.000000
ideal,27.350000,1.983270,-0.258148,1.035330,-0.300108,-0.000000,0.070082,0.457554,0.000000,0.052060,-0.041960,-0.000000,0.011998,0.011318,0.000000
ideal,27.400000,1.986048,-0.235821,1.038576,-0.277192,-0.000000,0.064930,0.458314,0.000000,0.052528,-0.041372,-0.000000,0.011871,0.011453,0.000000
ideal,27.450000,1.988576,-0.213463,1.041565,-0.254242,-0.000000,0.059771,0.459015,0.000000,0.052989,-0.040778,-0.000000,0.011741,0.011586,0.000000
ideal,27.500000,1.990851,-0.191079,1.044295,-0.231259,-0.000000,0.054603,0.459659,0.000000,0.053444,-0.040180,-0.000000,0.011611,0.011717,0.000000
ideal,27.550000,1.992875,-0.168670,1.046767,-0.208246,-0.000000,0.049429,0.460244,0.000000,0.053892,-0.039576,-0.000000,0.011478,0.011847,0.000000
ideal,27.600000,1.994646,-0.146240,1.048979,-0.185208,-0.000000,0.044249,0.460771,0.000000,0.054333,-0.038968,-0.000000,0.011345,0.011976,0.000000
ideal,27.650000,1.996165,-0.123791,1.050932,-0.162146,-0.000000,0.039063,0.461240,0.000000,0.054767,-0.038354,-0.000000,0.011210,0.012103,0.000000
ideal,27.700000,1.997432,-0.101327,1.052626,-0.139063,-0.000000,0.033872,0.461650,0.000000,0.055194,-0.037736,-0.000000,0.011073,0.012228,0.000000
ideal,27.750000,1.998445,-0.078850,1.054060,-0.115963,-0.000000,0.028676,0.462002,0.000000,0.055614,-0.037113,-0.000000,0.010935,0.012352,0.000000
ideal,27.800000,1.999206,-0.056363,1.055233,-0.092849,-0.000000,0.023477,0.462296,0.000000,0.056028,-0.036485,-0.000000,0.010796,0.012474,0.000000
ideal,27.850000,1.999713,-0.033869,1.056147,-0.069722,-0.000000,0.018276,0.462531,0.000000,0.056434,-0.035853,-0.000000,0.010655,0.012595,0.000000
ideal,27.900000,1.999968,-0.011371,1.056801,-0.046587,-0.000000,0.013071,0.462707,0.000000,0.056833,-0.035216,-0.000000,0.010513,0.012714,0.000000
ideal,27.950000,1.999969,0.011129,1.057194,-0.023445,-0.000000,0.007865,0.462825,0.000000,0.057225,-0.034575,-0.000000,0.010370,0.012832,0.000000
ideal,28.000000,1.999717,0.033628,1.057327,-0.000301,-0.000000,0.002659,0.462884,0.000000,0.057610,-0.033929,-0.000000,0.010225,0.012948,0.000000
ideal,28.050000,1.999212,0.056122,1.057200,0.022843,-0.000000,-0.002549,0.462885,0.000000,0.057987,-0.033279,-0.000000,0.010079,0.013062,0.000000
ideal,28.100000,1.998455,0.078609,1.056812,0.045984,-0.000000,-0.007756,0.462827,0.000000,0.058357,-0.032625,-0.000000,0.009932,0.013175,0.000000
ideal,28.150000,1.997444,0.101086,1.056164,0.069120,-0.000000,-0.012961,0.462711,0.000000,0.058720,-0.031966,-0.000000,0.009783,0.013286,0.000000
ideal,28.200000,1.996180,0.123551,1.055255,0.092247,-0.000000,-0.018166,0.462536,0.000000,0.059075,-0.031304,-0.000000,0.009633,0.013395,0.000000
ideal,28.250000,1.994664,0.145999,1.054087,0.115362,-0.000000,-0.023368,0.462302,0.000000,0.059423,-0.030638,-0.000000,0.009482,0.013503,0.000000
ideal,28.300000,1.992895,0.168430,1.052659,0.138462,-0.000000,-0.028567,0.462010,0.000000,0.059763,-0.029967,-0.000000,0.009330,0.013609,0.000000
ideal,28.350000,1.990874,0.190839,1.050971,0.161545,-0.000000,-0.033762,0.461659,0.000000,0.060096,-0.029293,-0.000000,0.009176,0.013713,0.000000
ideal,28.400000,1.988601,0.213223,1.049023,0.184608,-0.000000,-0.038953,0.461250,0.000000,0.060421,-0.028616,-0.000000,0.009022,0.013815,0.000000
ideal,28.450000,1.986077,0.235581,1.046816,0.207647,-0.000000,-0.044140,0.460783,0.000000,0.060739,-0.027934,-0.000000,0.008866,0.013916,0.000000
ideal,28.500000,1.983301,0.257909,1.044350,0.230660,-0.000000,-0.049320,0.460257,0.000000,0.061049,-0.027249,-0.000000,0.008709,0.014015,0.000000
ideal,28.550000,1.980274,0.280205,1.041625,0.253643,-0.000000,-0.054495,0.459674,0.000000,0.061351,-0.026561,-0.000000,0.008551,0.014112,0.000000
ideal,28.600000,1.976997,0.302464,1.038642,0.276595,-0.000000,-0.059662,0.459032,0.000000,0.061645,-0.025869,-0.000000,0.008392,0.014207,0.000000
ideal,28.650000,1.973469,0.324686,1.035401,0.299512,-0.000000,-0.064822,0.458331,0.000000,0.061932,-0.025174,-0.000000,0.008232,0.014301,0.000000
ideal,28.700000,1.969691,0.346867,1.031902,0.322390,-0.000000,-0.069974,0.457573,0.000000,0.062211,-0.024476,-0.000000,0.008071,0.014393,0.000000
ideal,28.750000,1.965664,0.369003,1.028146,0.345228,-0.000000,-0.075117,0.456757,0.000000,0.062482,-0.023775,-0.000000,0.007909,0.014483,0.000000
ideal,28.800000,1.961389,0.391093,1.024134,0.368022,-0.000000,-0.080251,0.455883,0.000000,0.062745,-0.023071,-0.000000,0.007745,0.014571,0.000000
ideal,28.850000,1.956865,0.413133,1.019865,0.390770,-0.000000,-0.085374,0.454952,0.000000,0.063000,-0.022364,-0.000000,0.007581,0.014657,0.000000
ideal,28.900000,1.952094,0.435122,1.015341,0.413468,-0.000000,-0.090486,0.453963,0.000000,0.063247,-0.021654,-0.000000,0.007416,0.014741,0.000000
ideal,28.950000,1.947075,0.457055,1.010561,0.436114,-0.000000,-0.095588,0.452916,0.000000,0.063486,-0.020941,-0.000000,0.007250,0.014824,0.000000
ideal,29.000000,1.941810,0.478930,1.005528,0.458704,-0.000000,-0.100676,0.451812,0.000000,0.063718,-0.020225,-0.000000,0.007083,0.014905,0.000000
ideal,29.050000,1.936299,0.500744,1.000240,0.481237,-0.000000,-0.105753,0.450651,0.000000,0.063941,-0.019507,-0.000000,0.006915,0.014983,0.000000
ideal,29.100000,1.930544,0.522496,0.994699,0.503709,-0.000000,-0.110816,0.449433,0.000000,0.064156,-0.018787,-0.000000,0.006746,0.015060,0.000000
ideal,29.150000,1.924543,0.544181,0.988906,0.526116,-0.000000,-0.115864,0.448158,0.000000,0.064363,-0.018064,-0.000000,0.006576,0.015135,0.000000
ideal,29.200000,1.918300,0.565797,0.982861,0.548458,-0.000000,-0.120899,0.446826,0.000000,0.064561,-0.017339,-0.000000,0.006406,0.015208,0.000000
ideal,29.250000,1.911813,0.587342,0.976565,0.570730,-0.000000,-0.125917,0.445438,0.000000,0.064752,-0.016612,-0.000000,0.006234,0.015280,0.000000
ideal,29.300000,1.905085,0.608812,0.970019,0.592929,-0.000000,-0.130920,0.443993,0.000000,0.064934,-0.015883,-0.000000,0.006062,0.015349,0.000000
ideal,29.350000,1.898115,0.630205,0.963224,0.615054,-0.000000,-0.135907,0.442492,0.000000,0.065109,-0.015151,-0.000000,0.005889,0.015416,0.000000
ideal,29.400000,1.890905,0.651519,0.956180,0.637101,-0.000000,-0.140876,0.440935,0.000000,0.065274,-0.014418,-0.000000,0.005716,0.015481,0.000000
ideal,29.450000,1.883456,0.672750,0.948889,0.659067,-0.000000,-0.145827,0.439323,0.000000,0.065432,-0.013683,-0.000000,0.005541,0.015545,0.000000
ideal,29.500000,1.875769,0.693895,0.941351,0.680950,-0.000000,-0.150760,0.437654,0.000000,0.065582,-0.012946,-0.000000,0.005366,0.015606,0.000000
ideal,29.550000,1.867844,0.714953,0.933567,0.702746,-0.000000,-0.155674,0.435931,0.000000,0.065723,-0.012207,-0.000000,0.005191,0.015666,0.000000
ideal,29.600000,1.859683,0.735921,0.925539,0.724454,-0.000000,-0.160568,0.434152,0.000000,0.065856,-0.011467,-0.000000,0.005014,0.015723,0.000000
ideal,29.650000,1.851286,0.756795,0.917266,0.746070,-0.000000,-0.165442,0.432318,0.000000,0.065980,-0.010726,-0.000000,0.004837,0.015779,0.000000
ideal,29.700000,1.842655,0.777574,0.908752,0.767591,-0.000000,-0.170295,0.430429,0.000000,0.066096,-0.009983,-0.000000,0.004659,0.015832,0.000000
ideal,29.750000,1.833791,0.798254,0.899995,0.789015,-0.000000,-0.175126,0.428487,0.000000,0.066204,-0.009239,-0.000000,0.004481,0.015884,0.000000
ideal,29.800000,1.824695,0.818834,0.890999,0.810340,-0.000000,-0.179935,0.426489,0.000000,0.066304,-0.008494,-0.000000,0.004302,0.015933,0.000000
ideal,29.850000,1.815368,0.839309,0.881763,0.831562,-0.000000,-0.184722,0.424438,0.000000,0.066395,-0.007747,-0.000000,0.004123,0.015980,0.000000
ideal,29.900000,1.805811,0.859678,0.872288,0.852678,-0.000000,-0.189485,0.422333,0.000000,0.066477,-0.007000,-0.000000,0.003943,0.016026,0.000000
ideal,29.950000,1.796025,0.879939,0.862577,0.873687,-0.000000,-0.194224,0.420175,0.000000,0.066552,-0.006252,-0.000000,0.003763,0.016069,0.000000
ideal,30.000000,1.786013,0.900088,0.852630,0.894585,-0.000000,-0.198938,0.417963,0.000000,0.066618,-0.005503,-0.000000,0.003582,0.016111,0.000000
ideal,30.050000,1.775774,0.920123,0.842449,0.915370,-0.000000,-0.203627,0.415699,0.000000,0.066675,-0.004753,-0.000000,0.003400,0.016150,0.000000
ideal,30.100000,1.765310,0.940042,0.832034,0.936039,-0.000000,-0.208291,0.413382,0.000000,0.066724,-0.004003,-0.000000,0.003219,0.016187,0.000000
ideal,30.150000,1.754623,0.959842,0.821388,0.956590,-0.000000,-0.212928,0.411013,0.000000,0.066764,-0.003252,-0.000000,0.003036,0.016222,0.000000
ideal,30.200000,1.743714,0.979520,0.810511,0.977020,-0.000000,-0.217538,0.408591,0.000000,0.066797,-0.002501,-0.000000,0.002854,0.016256,0.000000
ideal,30.250000,1.732585,0.999075,0.799405,0.997325,-0.000000,-0.222121,0.406118,0.000000,0.066820,-0.001749,-0.000000,0.002671,0.016287,0.000000
ideal,30.300000,1.721236,1.018503,0.788071,1.017505,-0.000000,-0.226676,0.403594,0.000000,0.066835,-0.000998,-0.000000,0.002488,0.016316,0.000000
ideal,30.350000,1.709669,1.037802,0.776511,1.037556,-0.000000,-0.231201,0.401018,0.000000,0.066842,-0.000246,-0.000000,0.002304,0.016343,0.000000
ideal,30.400000,1.697886,1.056969,0.764726,1.057476,-0.000000,-0.235698,0.398392,0.000000,0.066841,0.000506,-0.000000,0.002120,0.016368,0.000000
ideal,30.450000,1.685888,1.076003,0.752718,1.077261,-0.000000,-0.240165,0.395715,0.000000,0.066830,0.001258,-0.000000,0.001936,0.016390,0.000000
ideal,30.500000,1.673676,1.094901,0.740488,1.096911,-0.000000,-0.244601,0.392988,0.000000,0.066812,0.002010,-0.000000,0.001751,0.016411,0.000000
ideal,30.550000,1.661253,1.113660,0.728038,1.116421,-0.000000,-0.249007,0.390212,0.000000,0.066785,0.002761,-0.000000,0.001567,0.016430,0.000000
ideal,30.600000,1.648619,1.132279,0.715368,1.135791,-0.000000,-0.253381,0.387386,0.000000,0.066749,0.003512,-0.000000,0.001382,0.016447,0.000000
ideal,30.650000,1.635777,1.150753,0.702482,1.155016,-0.000000,-0.257723,0.384511,0.000000,0.066705,0.004263,-0.000000,0.001197,0.016461,0.000000
ideal,30.700000,1.622728,1.169083,0.689381,1.174096,-0.000000,-0.262032,0.381587,0.000000,0.066653,0.005013,-0.000000,0.001012,0.016474,0.000000
ideal,30.750000,1.609473,1.187264,0.676065,1.193026,-0.000000,-0.266308,0.378615,0.000000,0.066592,0.005762,-0.000000,0.000826,0.016484,0.000000
ideal,30.800000,1.596015,1.205295,0.662538,1.211806,-0.000000,-0.270550,0.375596,0.000000,0.066523,0.006511,-0.000000,0.000641,0.016492,0.000000
ideal,30.850000,1.582355,1.223174,0.648800,1.230433,-0.000000,-0.274758,0.372528,0.000000,0.066445,0.007259,-0.000000,0.000456,0.016498,0.000000
ideal,30.900000,1.568494,1.240897,0.634853,1.248903,-0.000000,-0.278932,0.369414,0.000000,0.066359,0.008006,-0.000000,0.000270,0.016502,0.000000
ideal,30.950000,1.554435,1.258464,0.620700,1.267216,-0.000000,-0.283070,0.366252,0.000000,0.066265,0.008752,-0.000000,0.000084,0.016505,0.000000
ideal,31.000000,1.540179,1.275871,0.606341,1.285368,-0.000000,-0.287172,0.363045,0.000000,0.066162,0.009497,-0.000000,-0.000101,0.016504,0.000000
ideal,31.050000,1.525729,1.293117,0.591779,1.303358,-0.000000,-0.291238,0.359791,0.000000,0.066051,0.010240,-0.000000,-0.000287,0.016502,0.000000
ideal,31.100000,1.511085,1.310200,0.577016,1.321182,-0.000000,-0.295267,0.356492,0.000000,0.065931,0.010983,-0.000000,-0.000472,0.016498,0.000000
ideal,31.150000,1.496250,1.327116,0.562053,1.338840,-0.000000,-0.299259,0.353148,0.000000,0.065803,0.011724,-0.000000,-0.000658,0.016492,0.000000
ideal,31.200000,1.481225,1.343864,0.546892,1.356328,-0.000000,-0.303213,0.349759,0.000000,0.065667,0.012463,-0.000000,-0.000843,0.016483,0.000000
ideal,31.250000,1.466013,1.360443,0.531536,1.373644,-0.000000,-0.307128,0.346326,0.000000,0.065523,0.013201,-0.000000,-0.001029,0.016473,0.000000
ideal,31.300000,1.450616,1.376849,0.515986,1.390786,-0.000000,-0.311005,0.342849,0.000000,0.065370,0.013937,-0.000000,-0.001214,0.016460,0.000000
ideal,31.350000,1.435035,1.393081,0.500244,1.407753,-0.000000,-0.314842,0.339328,0.000000,0.065209,0.014672,-0.000000,-0.001399,0.016446,0.000000
ideal,31.400000,1.419272,1.409137,0.484312,1.424541,-0.000000,-0.318639,0.335765,0.000000,0.065039,0.015404,-0.000000,-0.001584,0.016429,0.000000
ideal,31.450000,1.403330,1.425014,0.468192,1.441149,-0.000000,-0.322396,0.332159,0.000000,0.064862,0.016135,-0.000000,-0.001768,0.016410,0.000000
ideal,31.500000,1.387210,1.440711,0.451886,1.457575,-0.000000,-0.326113,0.328511,0.000000,0.064676,0.016864,-0.000000,-0.001953,0.016389,0.000000
ideal,31.550000,1.370915,1.456226,0.435397,1.473816,-0.000000,-0.329788,0.324822,0.000000,0.064482,0.017590,-0.000000,-0.002137,0.016366,0.000000
ideal,31.600000,1.354446,1.471556,0.418726,1.489870,-0.000000,-0.333421,0.321091,0.000000,0.064280,0.018314,-0.000000,-0.002321,0.016341,0.000000
ideal,31.650000,1.337805,1.486700,0.401875,1.505736,-0.000000,-0.337012,0.317320,0.000000,0.064070,0.019036,-0.000000,-0.002504,0.016314,0.000000
ideal,31.700000,1.320996,1.501656,0.384847,1.521412,-0.000000,-0.340560,0.313509,0.000000,0.063851,0.019756,-0.000000,-0.002688,0.016285,0.000000
ideal,31.750000,1.304019,1.516422,0.367644,1.536894,-0.000000,-0.344066,0.309658,0.000000,0.063625,0.020473,-0.000000,-0.002871,0.016253,0.000000
ideal,31.800000,1.286877,1.530996,0.350268,1.552183,-0.000000,-0.347527,0.305767,0.000000,0.063391,0.021187,-0.000000,-0.003053,0.016220,0.000000
ideal,31.850000,1.269572,1.545376,0.332720,1.567275,-0.000000,-0.350945,0.301838,0.000000,0.063148,0.021899,-0.000000,-0.003236,0.016185,0.000000
ideal,31.900000,1.252107,1.559560,0.315004,1.582168,-0.000000,-0.354318,0.297871,0.000000,0.062898,0.022608,-0.000000,-0.003417,0.016147,0.000000
ideal,31.950000,1.234483,1.573548,0.297122,1.596862,-0.000000,-0.357647,0.293867,0.000000,0.062639,0.023314,-0.000000,-0.003599,0.016108,0.000000
ideal,32.000000,1.216703,1.587336,0.279075,1.611353,-0.000000,-0.360930,0.289825,0.000000,0.062373,0.024017,-0.000000,-0.003780,0.016066,0.000000
ideal,32.050000,1.198768,1.600923,0.260867,1.625640,-0.000000,-0.364168,0.285746,0.000000,0.062099,0.024717,-0.000000,-0.003960,0.016023,0.000000
ideal,32.100000,1.180683,1.614307,0.242499,1.639722,-0.000000,-0.367359,0.281631,0.000000,0.061817,0.025414,-0.000000,-0.004140,0.015977,0.000000
ideal,32.150000,1.162447,1.627488,0.223974,1.653596,-0.000000,-0.370504,0.277480,0.000000,0.061527,0.026108,-0.000000,-0.004320,0.015930,0.000000
ideal,32.200000,1.144065,1.640462,0.205294,1.667261,-0.000000,-0.373602,0.273295,0.000000,0.061229,0.026799,-0.000000,-0.004498,0.015880,0.000000
ideal,32.250000,1.125538,1.653229,0.186461,1.680714,-0.000000,-0.376653,0.269075,0.000000,0.060923,0.027486,-0.000000,-0.004677,0.015829,0.000000
ideal,32.300000,1.106868,1.665786,0.167478,1.693955,-0.000000,-0.379656,0.264820,0.000000,0.060610,0.028169,-0.000000,-0.004854,0.015775,0.000000
ideal,32.350000,1.088058,1.678133,0.148348,1.706982,-0.000000,-0.382611,0.260533,0.000000,0.060289,0.028849,-0.000000,-0.005032,0.015719,0.000000
ideal,32.400000,1.069111,1.690267,0.129072,1.719792,-0.000000,-0.385518,0.256212,0.000000,0.059961,0.029526,-0.000000,-0.005208,0.015662,0.000000
ideal,32.450000,1.050028,1.702187,0.109653,1.732385,-0.000000,-0.388376,0.251859,0.000000,0.059625,0.030198,-0.000000,-0.005384,0.015602,0.000000
ideal,32.500000,1.030812,1.713892,0.090094,1.744759,-0.000000,-0.391185,0.247474,0.000000,0.059281,0.030867,-0.000000,-0.005559,0.015541,0.000000
ideal,32.550000,1.011466,1.725380,0.070397,1.756912,-0.000000,-0.393944,0.243057,0.000000,0.058930,0.031532,-0.000000,-0.005733,0.015477,0.000000
ideal,32.600000,0.991992,1.736649,0.050564,1.768842,-0.000000,-0.396653,0.238610,0.000000,0.058572,0.032193,-0.000000,-0.005907,0.015412,0.000000
ideal,32.650000,0.972393,1.747699,0.030598,1.780549,-0.000000,-0.399312,0.234133,0.000000,0.058206,0.032850,-0.000000,-0.006080,0.015344,0.000000
ideal,32.700000,0.952670,1.758528,0.010502,1.792030,-0.000000,-0.401921,0.229626,0.000000,0.057832,0.033503,-0.000000,-0.006252,0.015275,0.000000
ideal,32.750000,0.932827,1.769134,-0.009722,1.803285,-0.000000,-0.404479,0.225090,0.000000,0.057452,0.034151,-0.000000,-0.006424,0.015204,0.000000
ideal,32.800000,0.912865,1.779516,-0.030071,1.814311,-0.000000,-0.406985,0.220525,0.000000,0.057064,0.034795,-0.000000,-0.006594,0.015130,0.000000
ideal,32.850000,0.892788,1.789673,-0.050543,1.825108,-0.000000,-0.409440,0.215933,0.000000,0.056669,0.035435,-0.000000,-0.006764,0.015055,0.000000
ideal,32.900000,0.872598,1.799603,-0.071135,1.835673,-0.000000,-0.411844,0.211313,0.000000,0.056266,0.036070,-0.000000,-0.006933,0.014978,0.000000
ideal,32.950000,0.852298,1.809306,-0.091845,1.846007,-0.000000,-0.414195,0.206666,0.000000,0.055857,0.036701,-0.000000,-0.007101,0.014899,0.000000
ideal,33.000000,0.831890,1.818780,-0.112670,1.856106,-0.000000,-0.416494,0.201994,0.000000,0.055441,0.037327,-0.000000,-0.007268,0.014819,0.000000
ideal,33.050000,0.811376,1.828023,-0.133607,1.865971,-0.000000,-0.418740,0.197296,0.000000,0.055017,0.037948,-0.000000,-0.007434,0.014736,0.000000
ideal,33.100000,0.790760,1.837035,-0.154653,1.875600,-0.000000,-0.420933,0.192572,0.000000,0.054587,0.038565,-0.000000,-0.007600,0.014651,0.000000
ideal,33.150000,0.770044,1.845815,-0.175807,1.884991,-0.000000,-0.423072,0.187825,0.000000,0.054149,0.039176,-0.000000,-0.007764,0.014565,0.000000
ideal,33.200000,0.749230,1.854361,-0.197065,1.894144,-0.000000,-0.425158,0.183053,0.000000,0.053705,0.039783,-0.000000,-0.007927,0.014477,0.000000
ideal,33.250000,0.728322,1.862672,-0.218424,1.903057,-0.000000,-0.427191,0.178259,0.000000,0.053254,0.040384,-0.000000,-0.008090,0.014387,0.000000
ideal,33.300000,0.707321,1.870748,-0.239883,1.911729,-0.000000,-0.429169,0.173442,0.000000,0.052796,0.040981,-0.000000,-0.008251,0.014295,0.000000
ideal,33.350000,0.686231,1.878587,-0.261437,1.920159,-0.000000,-0.431093,0.168603,0.000000,0.052332,0.041572,-0.000000,-0.008411,0.014201,0.000000
ideal,33.400000,0.665054,1.886188,-0.283085,1.928346,-0.000000,-0.432963,0.163742,0.000000,0.051861,0.042158,-0.000000,-0.008570,0.014105,0.000000
ideal,33.450000,0.643792,1.893550,-0.304824,1.936289,-0.000000,-0.434777,0.158861,0.000000,0.051383,0.042739,-0.000000,-0.008728,0.014008,0.000000
ideal,33.500000,0.622450,1.900673,-0.326651,1.943987,-0.000000,-0.436537,0.153960,0.000000,0.050899,0.043314,-0.000000,-0.008886,0.013909,0.000000
ideal,33.550000,0.601028,1.907555,-0.348563,1.951439,-0.000000,-0.438241,0.149040,0.000000,0.050409,0.043884,-0.000000,-0.009041,0.013808,0.000000
ideal,33.600000,0.579531,1.914195,-0.370558,1.958644,-0.000000,-0.439890,0.144100,0.000000,0.049912,0.044449,-0.000000,-0.009196,0.013706,0.000000
ideal,33.650000,0.557960,1.920594,-0.392632,1.965601,-0.000000,-0.441483,0.139142,0.000000,0.049408,0.045007,-0.000000,-0.009350,0.013601,0.000000
ideal,33.700000,0.536318,1.926749,-0.414783,1.972310,-0.000000,-0.443021,0.134167,0.000000,0.048899,0.045560,-0.000000,-0.009502,0.013495,0.000000
ideal,33.750000,0.514609,1.932661,-0.437008,1.978768,-0.000000,-0.444502,0.129175,0.000000,0.048383,0.046107,-0.000000,-0.009653,0.013388,0.000000
ideal,33.800000,0.492834,1.938328,-0.459304,1.984977,-0.000000,-0.445927,0.124166,0.000000,0.047861,0.046649,-0.000000,-0.009803,0.013278,0.000000
ideal,33.850000,0.470997,1.943749,-0.481669,1.990934,-0.000000,-0.447296,0.119141,0.000000,0.047333,0.047184,-0.000000,-0.009952,0.013167,0.000000
ideal,33.900000,0.449101,1.948925,-0.504100,1.996639,-0.000000,-0.448608,0.114102,0.000000,0.046800,0.047714,-0.000000,-0.010099,0.013054,0.000000
ideal,33.950000,0.427147,1.953854,-0.526593,2.002091,-0.000000,-0.449863,0.109048,0.000000,0.046260,0.048237,-0.000000,-0.010246,0.012940,0.000000
ideal,34.000000,0.405140,1.958536,-0.549146,2.007290,-0.000000,-0.451061,0.103980,0.000000,0.045714,0.048755,-0.000000,-0.010391,0.012824,0.000000
ideal,34.050000,0.383081,1.962969,-0.571756,2.012235,-0.000000,-0.452202,0.098899,0.000000,0.045163,0.049266,-0.000000,-0.010534,0.012706,0.000000
ideal,34.100000,0.360974,1.967155,-0.594420,2.016925,-0.000000,-0.453286,0.093806,0.000000,0.044606,0.049771,-0.000000,-0.010676,0.012587,0.000000
ideal,34.150000,0.338821,1.971091,-0.617136,2.021360,-0.000000,-0.454313,0.088701,0.000000,0.044043,0.050269,-0.000000,-0.010817,0.012466,0.000000
ideal,34.200000,0.316626,1.974778,-0.639900,2.025540,-0.000000,-0.455282,0.083584,0.000000,0.043475,0.050762,-0.000000,-0.010957,0.012343,0.000000
ideal,34.250000,0.294390,1.978215,-0.662710,2.029462,-0.000000,-0.456193,0.078457,0.000000,0.042901,0.051247,-0.000000,-0.011095,0.012219,0.000000
ideal,34.300000,0.272117,1.981402,-0.685562,2.033128,-0.000000,-0.457047,0.073320,0.000000,0.042321,0.051727,-0.000000,-0.011232,0.012094,0.000000
ideal,34.350000,0.249809,1.984338,-0.708454,2.036537,-0.000000,-0.457843,0.068174,0.000000,0.041737,0.052200,-0.000000,-0.011367,0.011967,0.000000
ideal,34.400000,0.227470,1.987022,-0.731383,2.039688,-0.000000,-0.458581,0.063019,0.000000,0.041147,0.052666,-0.000000,-0.011501,0.011838,0.000000
ideal,34.450000,0.205102,1.989455,-0.754346,2.042581,-0.000000,-0.459261,0.057856,0.000000,0.040552,0.053125,-0.000000,-0.011633,0.011708,0.000000
ideal,34.500000,0.182708,1.991637,-0.777340,2.045215,-0.000000,-0.459883,0.052686,0.000000,0.039952,0.053578,-0.000000,-0.011764,0.011576,0.000000
ideal,34.550000,0.160291,1.993566,-0.800363,2.047591,-0.000000,-0.460446,0.047509,0.000000,0.039346,0.054024,-0.000000,-0.011894,0.011443,0.000000
ideal,34.600000,0.137854,1.995243,-0.823410,2.049707,-0.000000,-0.460952,0.042326,0.000000,0.038736,0.054463,-0.000000,-0.012022,0.011309,0.000000
ideal,34.650000,0.115399,1.996668,-0.846480,2.051564,-0.000000,-0.461399,0.037137,0.000000,0.038121,0.054896,-0.000000,-0.012148,0.011173,0.000000
ideal,34.700000,0.092930,1.997840,-0.869569,2.053161,-0.000000,-0.461787,0.031945,0.000000,0.037501,0.055321,-0.000000,-0.012273,0.011035,0.000000
ideal,34.750000,0.070449,1.998759,-0.892675,2.054498,-0.000000,-0.462117,0.026748,0.000000,0.036876,0.055739,-0.000000,-0.012396,0.010897,0.000000
ideal,34.800000,0.047959,1.999425,-0.915795,2.055576,-0.000000,-0.462389,0.021547,0.000000,0.036247,0.056151,-0.000000,-0.012518,0.010756,0.000000
ideal,34.850000,0.025463,1.999838,-0.938925,2.056393,-0.000000,-0.462602,0.016344,0.000000,0.035613,0.056555,-0.000000,-0.012638,0.010615,0.000000
ideal,34.900000,0.002963,1.999998,-0.962063,2.056950,-0.000000,-0.462757,0.011139,0.000000,0.034974,0.056952,-0.000000,-0.012757,0.010472,0.000000
ideal,34.950000,-0.019536,1.999905,-0.985205,2.057246,-0.000000,-0.462853,0.005932,0.000000,0.034331,0.057342,-0.000000,-0.012874,0.010328,0.000000
ideal,35.000000,-0.042034,1.999558,-1.008350,2.057283,-0.000000,-0.462890,0.000725,0.000000,0.033684,0.057724,-0.000000,-0.012989,0.010182,0.000000
ideal,35.050000,-0.064526,1.998959,-1.031493,2.057059,-0.000000,-0.462869,-0.004483,0.000000,0.033032,0.058100,-0.000000,-0.013103,0.010036,0.000000
ideal,35.100000,-0.087009,1.998106,-1.054633,2.056574,-0.000000,-0.462789,-0.009689,0.000000,0.032377,0.058468,-0.000000,-0.013215,0.009888,0.000000
ideal,35.150000,-0.109482,1.997001,-1.077765,2.055829,-0.000000,-0.462651,-0.014895,0.000000,0.031717,0.058828,-0.000000,-0.013326,0.009738,0.000000
ideal,35.200000,-0.131941,1.995643,-1.100888,2.054824,-0.000000,-0.462454,-0.020099,0.000000,0.031053,0.059181,-0.000000,-0.013434,0.009588,0.000000
ideal,35.250000,-0.154383,1.994033,-1.123998,2.053559,-0.000000,-0.462199,-0.025300,0.000000,0.030385,0.059527,-0.000000,-0.013541,0.009436,0.000000
ideal,35.300000,-0.176806,1.992170,-1.147092,2.052034,-0.000000,-0.461885,-0.030498,0.000000,0.029713,0.059865,-0.000000,-0.013647,0.009283,0.000000
ideal,35.350000,-0.199206,1.990055,-1.170168,2.050250,-0.000000,-0.461512,-0.035692,0.000000,0.029038,0.060195,-0.000000,-0.013750,0.009129,0.000000
ideal,35.400000,-0.221581,1.987688,-1.193222,2.048206,-0.000000,-0.461082,-0.040882,0.000000,0.028359,0.060518,-0.000000,-0.013852,0.008974,0.000000
ideal,35.450000,-0.243928,1.985069,-1.216251,2.045902,-0.000000,-0.460593,-0.046066,0.000000,0.027676,0.060833,-0.000000,-0.013952,0.008817,0.000000
ideal,35.500000,-0.266244,1.982199,-1.239254,2.043340,-0.000000,-0.460045,-0.051245,0.000000,0.026990,0.061141,-0.000000,-0.014050,0.008660,0.000000
ideal,35.550000,-0.288526,1.979079,-1.262226,2.040519,-0.000000,-0.459440,-0.056417,0.000000,0.026301,0.061441,-0.000000,-0.014147,0.008501,0.000000
ideal,35.600000,-0.310772,1.975708,-1.285165,2.037440,-0.000000,-0.458776,-0.061582,0.000000,0.025608,0.061733,-0.000000,-0.014242,0.008342,0.000000
ideal,35.650000,-0.332979,1.972086,-1.308067,2.034103,-0.000000,-0.458054,-0.066739,0.000000,0.024912,0.062017,-0.000000,-0.014334,0.008181,0.000000
ideal,35.700000,-0.355143,1.968216,-1.330931,2.030509,-0.000000,-0.457274,-0.071888,0.000000,0.024212,0.062293,-0.000000,-0.014426,0.008019,0.000000
ideal,35.750000,-0.377263,1.964096,-1.353753,2.026657,-0.000000,-0.456436,-0.077028,0.000000,0.023510,0.062561,-0.000000,-0.014515,0.007856,0.000000
ideal,35.800000,-0.399335,1.959728,-1.376530,2.022550,-0.000000,-0.455541,-0.082158,0.000000,0.022805,0.062822,-0.000000,-0.014602,0.007692,0.000000
ideal,35.850000,-0.421356,1.955111,-1.399259,2.018186,-0.000000,-0.454588,-0.087277,0.000000,0.022097,0.063075,-0.000000,-0.014688,0.007528,0.000000
ideal,35.900000,-0.443324,1.950247,-1.421938,2.013566,-0.000000,-0.453577,-0.092386,0.000000,0.021386,0.063319,-0.000000,-0.014772,0.007362,0.000000
ideal,35.950000,-0.465235,1.945136,-1.444564,2.008692,-0.000000,-0.452509,-0.097483,0.000000,0.020672,0.063556,-0.000000,-0.014854,0.007195,0.000000
ideal,36.000000,-0.487088,1.939780,-1.467133,2.003564,-0.000000,-0.451384,-0.102567,0.000000,0.019956,0.063784,-0.000000,-0.014934,0.007028,0.000000
ideal,36.050000,-0.508880,1.934177,-1.489643,1.998182,-0.000000,-0.450202,-0.107639,0.000000,0.019237,0.064005,-0.000000,-0.015012,0.006859,0.000000
ideal,36.100000,-0.530606,1.928330,-1.512091,1.992547,-0.000000,-0.448962,-0.112696,0.000000,0.018515,0.064217,-0.000000,-0.015088,0.006690,0.000000
ideal,36.150000,-0.552266,1.922239,-1.534474,1.986660,-0.000000,-0.447666,-0.117740,0.000000,0.017792,0.064421,-0.000000,-0.015162,0.006520,0.000000
ideal,36.200000,-0.573856,1.915904,-1.556790,1.980522,-0.000000,-0.446313,-0.122769,0.000000,0.017066,0.064617,-0.000000,-0.015235,0.006349,0.000000
ideal,36.250000,-0.595373,1.909327,-1.579035,1.974133,-0.000000,-0.444904,-0.127782,0.000000,0.016338,0.064805,-0.000000,-0.015305,0.006177,0.000000
ideal,36.300000,-0.616815,1.902509,-1.601207,1.967494,-0.000000,-0.443438,-0.132779,0.000000,0.015608,0.064985,-0.000000,-0.015374,0.006005,0.000000
ideal,36.350000,-0.638179,1.895449,-1.623303,1.960606,-0.000000,-0.441916,-0.137759,0.000000,0.014876,0.065156,-0.000000,-0.015440,0.005831,0.000000
ideal,36.400000,-0.659462,1.888150,-1.645320,1.953470,-0.000000,-0.440338,-0.142722,0.000000,0.014142,0.065320,-0.000000,-0.015505,0.005657,0.000000
ideal,36.450000,-0.680661,1.880612,-1.667255,1.946086,-0.000000,-0.438705,-0.147666,0.000000,0.013406,0.065475,-0.000000,-0.015567,0.005482,0.000000
ideal,36.500000,-0.701774,1.872835,-1.689106,1.938457,-0.000000,-0.437016,-0.152592,0.000000,0.012669,0.065621,-0.000000,-0.015628,0.005307,0.000000
ideal,36.550000,-0.722799,1.864822,-1.710869,1.930582,-0.000000,-0.435272,-0.157499,0.000000,0.011930,0.065760,-0.000000,-0.015687,0.005131,0.000000
ideal,36.600000,-0.743732,1.856573,-1.732543,1.922462,-0.000000,-0.433472,-0.162386,0.000000,0.011189,0.065890,-0.000000,-0.015743,0.004954,0.000000
ideal,36.650000,-0.764571,1.848089,-1.754124,1.914100,-0.000000,-0.431618,-0.167252,0.000000,0.010447,0.066011,-0.000000,-0.015798,0.004777,0.000000
ideal,36.700000,-0.785313,1.839370,-1.775609,1.905495,-0.000000,-0.429709,-0.172097,0.000000,0.009704,0.066125,-0.000000,-0.015851,0.004599,0.000000
ideal,36.750000,-0.805956,1.830419,-1.796997,1.896649,-0.000000,-0.427746,-0.176920,0.000000,0.008959,0.066230,-0.000000,-0.015902,0.004420,0.000000
ideal,36.800000,-0.826497,1.821237,-1.818283,1.887563,-0.000000,-0.425729,-0.181721,0.000000,0.008214,0.066326,-0.000000,-0.015950,0.004241,0.000000
ideal,36.850000,-0.846933,1.811824,-1.839466,1.878238,-0.000000,-0.423657,-0.186499,0.000000,0.007467,0.066414,-0.000000,-0.015997,0.004061,0.000000
ideal,36.900000,-0.867262,1.802181,-1.860542,1.868675,-0.000000,-0.421532,-0.191253,0.000000,0.006719,0.066494,-0.000000,-0.016042,0.003881,0.000000
ideal,36.950000,-0.887481,1.792311,-1.881510,1.858876,-0.000000,-0.419354,-0.195983,0.000000,0.005971,0.066566,-0.000000,-0.016084,0.003700,0.000000
ideal,37.000000,-0.907588,1.782213,-1.902366,1.848842,-0.000000,-0.417123,-0.200688,0.000000,0.005222,0.066629,-0.000000,-0.016125,0.003519,0.000000
ideal,37.050000,-0.927580,1.771890,-1.923108,1.838573,-0.000000,-0.414839,-0.205368,0.000000,0.004472,0.066683,-0.000000,-0.016164,0.003337,0.000000
ideal,37.100000,-0.947455,1.761343,-1.943733,1.828072,-0.000000,-0.412502,-0.210022,0.000000,0.003721,0.066729,-0.000000,-0.016200,0.003155,0.000000
ideal,37.150000,-0.967209,1.750573,-1.964239,1.817340,-0.000000,-0.410113,-0.214649,0.000000,0.002970,0.066767,-0.000000,-0.016235,0.002973,0.000000
ideal,37.200000,-0.986842,1.739581,-1.984623,1.806377,-0.000000,-0.407673,-0.219249,0.000000,0.002219,0.066796,-0.000000,-0.016267,0.002790,0.000000
ideal,37.250000,-1.006349,1.728370,-2.004882,1.795186,-0.000000,-0.405180,-0.223822,0.000000,0.001467,0.066817,-0.000000,-0.016297,0.002607,0.000000
ideal,37.300000,-1.025729,1.716939,-2.025014,1.783768,-0.000000,-0.402637,-0.228366,0.000000,0.000716,0.066829,-0.000000,-0.016326,0.002423,0.000000
ideal,37.350000,-1.044979,1.705291,-2.045016,1.772124,-0.000000,-0.400042,-0.232881,0.000000,-0.000036,0.066833,-0.000000,-0.016352,0.002240,0.000000
ideal,37.400000,-1.064097,1.693427,-2.064886,1.760256,-0.000000,-0.397397,-0.237366,0.000000,-0.000788,0.066828,-0.000000,-0.016376,0.002055,0.000000
ideal,37.450000,-1.083081,1.681349,-2.084621,1.748165,-0.000000,-0.394702,-0.241822,0.000000,-0.001540,0.066815,-0.000000,-0.016398,0.001871,0.000000
ideal,37.500000,-1.101927,1.669059,-2.104218,1.735852,-0.000000,-0.391956,-0.246247,0.000000,-0.002291,0.066794,-0.000000,-0.016418,0.001687,0.000000
ideal,37.550000,-1.120634,1.656557,-2.123677,1.723320,-0.000000,-0.389161,-0.250641,0.000000,-0.003043,0.066764,-0.000000,-0.016436,0.001502,0.000000
ideal,37.600000,-1.139199,1.643845,-2.142992,1.710570,-0.000000,-0.386317,-0.255003,0.000000,-0.003794,0.066725,-0.000000,-0.016452,0.001317,0.000000
ideal,37.650000,-1.157620,1.630925,-2.162164,1.697603,-0.000000,-0.383424,-0.259333,0.000000,-0.004544,0.066678,-0.000000,-0.016466,0.001132,0.000000
ideal,37.700000,-1.175894,1.617799,-2.181188,1.684422,-0.000000,-0.380482,-0.263630,0.000000,-0.005294,0.066623,-0.000000,-0.016477,0.000946,0.000000
ideal,37.750000,-1.194019,1.604468,-2.200062,1.671027,-0.000000,-0.377492,-0.267894,0.000000,-0.006043,0.066559,-0.000000,-0.016487,0.000761,0.000000
ideal,37.800000,-1.211994,1.590934,-2.218785,1.657421,-0.000000,-0.374455,-0.272123,0.000000,-0.006791,0.066487,-0.000000,-0.016494,0.000575,0.000000
ideal,37.850000,-1.229815,1.577199,-2.237353,1.643605,-0.000000,-0.371370,-0.276319,0.000000,-0.007539,0.066406,-0.000000,-0.016500,0.000390,0.000000
ideal,37.900000,-1.247480,1.563264,-2.255765,1.629581,-0.000000,-0.368238,-0.280479,0.000000,-0.008286,0.066317,-0.000000,-0.016503,0.000204,0.000000
ideal,37.950000,-1.264987,1.549131,-2.274018,1.615351,-0.000000,-0.365059,-0.284604,0.000000,-0.009031,0.066220,-0.000000,-0.016504,0.000018,0.000000
ideal,38.000000,-1.282335,1.534802,-2.292110,1.600916,-0.000000,-0.361834,-0.288693,0.000000,-0.009775,0.066114,-0.000000,-0.016504,-0.000167,0.000000
ideal,38.050000,-1.299520,1.520279,-2.310038,1.586279,-0.000000,-0.358563,-0.292745,0.000000,-0.010519,0.066000,-0.000000,-0.016501,-0.000353,0.000000
ideal,38.100000,-1.316540,1.505564,-2.327801,1.571441,-0.000000,-0.355247,-0.296760,0.000000,-0.011260,0.065877,-0.000000,-0.016496,-0.000539,0.000000
ideal,38.150000,-1.333394,1.490658,-2.345395,1.556404,-0.000000,-0.351886,-0.300738,0.000000,-0.012001,0.065747,-0.000000,-0.016488,-0.000724,0.000000
ideal,38.200000,-1.350079,1.475563,-2.362819,1.541170,-0.000000,-0.348481,-0.304677,0.000000,-0.012740,0.065607,-0.000000,-0.016479,-0.000909,0.000000
ideal,38.250000,-1.366593,1.460282,-2.380070,1.525741,-0.000000,-0.345031,-0.308578,0.000000,-0.013477,0.065460,-0.000000,-0.016468,-0.001095,0.000000
ideal,38.300000,-1.382935,1.444815,-2.397147,1.510119,-0.000000,-0.341538,-0.312440,0.000000,-0.014213,0.065304,-0.000000,-0.016455,-0.001280,0.000000
ideal,38.350000,-1.399101,1.429166,-2.414047,1.494306,-0.000000,-0.338002,-0.316263,0.000000,-0.014946,0.065140,-0.000000,-0.016439,-0.001465,0.000000
ideal,38.400000,-1.415090,1.413336,-2.430769,1.478304,-0.000000,-0.334422,-0.320045,0.000000,-0.015678,0.064968,-0.000000,-0.016422,-0.001650,0.000000
ideal,38.450000,-1.430901,1.397327,-2.447309,1.462115,-0.000000,-0.330801,-0.323787,0.000000,-0.016408,0.064787,-0.000000,-0.016402,-0.001835,0.000000
ideal,38.500000,-1.446530,1.381142,-2.463665,1.445740,-0.000000,-0.327137,-0.327488,0.000000,-0.017136,0.064599,-0.000000,-0.016380,-0.002019,0.000000
ideal,38.550000,-1.461976,1.364781,-2.479837,1.429183,-0.000000,-0.323432,-0.331148,0.000000,-0.017862,0.064402,-0.000000,-0.016357,-0.002203,0.000000
ideal,38.600000,-1.477237,1.348248,-2.495821,1.412445,-0.000000,-0.319687,-0.334765,0.000000,-0.018585,0.064197,-0.000000,-0.016331,-0.002387,0.000000
ideal,38.650000,-1.492311,1.331544,-2.511616,1.395528,-0.000000,-0.315900,-0.338340,0.000000,-0.019306,0.063984,-0.000000,-0.016303,-0.002571,0.000000
ideal,38.700000,-1.507196,1.314672,-2.527220,1.378434,-0.000000,-0.312074,-0.341873,0.000000,-0.020025,0.063762,-0.000000,-0.016273,-0.002754,0.000000
ideal,38.750000,-1.521890,1.297633,-2.542631,1.361166,-0.000000,-0.308208,-0.345362,0.000000,-0.020741,0.063533,-0.000000,-0.016241,-0.002937,0.000000
ideal,38.800000,-1.536392,1.280430,-2.557846,1.343726,-0.000000,-0.304304,-0.348807,0.000000,-0.021454,0.063296,-0.000000,-0.016207,-0.003119,0.000000
ideal,38.850000,-1.550699,1.263065,-2.572864,1.326115,-0.000000,-0.300360,-0.352209,0.000000,-0.022165,0.063050,-0.000000,-0.016171,-0.003301,0.000000
ideal,38.900000,-1.564810,1.245540,-2.587683,1.308337,-0.000000,-0.296379,-0.355565,0.000000,-0.022873,0.062797,-0.000000,-0.016133,-0.003483,0.000000
ideal,38.950000,-1.578723,1.227857,-2.602301,1.290393,-0.000000,-0.292360,-0.358877,0.000000,-0.023578,0.062536,-0.000000,-0.016092,-0.003664,0.000000
ideal,39.000000,-1.592436,1.210019,-2.616716,1.272286,-0.000000,-0.288305,-0.362143,0.000000,-0.024280,0.062267,-0.000000,-0.016050,-0.003845,0.000000
ideal,39.050000,-1.605948,1.192028,-2.630927,1.254018,-0.000000,-0.284212,-0.365364,0.000000,-0.024979,0.061989,-0.000000,-0.016006,-0.004025,0.000000
ideal,39.100000,-1.619256,1.173886,-2.644931,1.235591,-0.000000,-0.280084,-0.368538,0.000000,-0.025674,0.061705,-0.000000,-0.015960,-0.004205,0.000000
ideal,39.150000,-1.632360,1.155596,-2.658727,1.217007,-0.000000,-0.275920,-0.371665,0.000000,-0.026367,0.061412,-0.000000,-0.015911,-0.004384,0.000000
ideal,39.200000,-1.645257,1.137159,-2.672313,1.198270,-0.000000,-0.271722,-0.374746,0.000000,-0.027056,0.061111,-0.000000,-0.015861,-0.004563,0.000000
ideal,39.250000,-1.657945,1.118578,-2.685687,1.179381,-0.000000,-0.267489,-0.377779,0.000000,-0.027742,0.060803,-0.000000,-0.015809,-0.004741,0.000000
ideal,39.300000,-1.670424,1.099856,-2.698848,1.160343,-0.000000,-0.263222,-0.380764,0.000000,-0.028424,0.060487,-0.000000,-0.015754,-0.004919,0.000000
ideal,39.350000,-1.682692,1.080994,-2.711794,1.141158,-0.000000,-0.258922,-0.383701,0.000000,-0.029103,0.060164,-0.000000,-0.015698,-0.005096,0.000000
ideal,39.400000,-1.694746,1.061996,-2.724524,1.121828,-0.000000,-0.254589,-0.386590,0.000000,-0.029778,0.059832,-0.000000,-0.015640,-0.005272,0.000000
ideal,39.450000,-1.706586,1.042863,-2.737035,1.102357,-0.000000,-0.250224,-0.389430,0.000000,-0.030449,0.059494,-0.000000,-0.015579,-0.005448,0.000000
ideal,39.500000,-1.718210,1.023599,-2.749326,1.082746,-0.000000,-0.245827,-0.392220,0.000000,-0.031116,0.059147,-0.000000,-0.015517,-0.005623,0.000000
ideal,39.550000,-1.729617,1.004205,-2.761396,1.062998,-0.000000,-0.241399,-0.394961,0.000000,-0.031780,0.058793,-0.000000,-0.015453,-0.005797,0.000000
ideal,39.600000,-1.740804,0.984683,-2.773243,1.043115,-0.000000,-0.236940,-0.397651,0.000000,-0.032439,0.058432,-0.000000,-0.015387,-0.005970,0.000000
ideal,39.650000,-1.751771,0.965037,-2.784866,1.023101,-0.000000,-0.232452,-0.400292,0.000000,-0.033095,0.058064,-0.000000,-0.015318,-0.006143,0.000000
ideal,39.700000,-1.762517,0.945269,-2.796263,1.002957,-0.000000,-0.227934,-0.402881,0.000000,-0.033746,0.057688,-0.000000,-0.015248,-0.006315,0.000000
ideal,39.750000,-1.773040,0.925381,-2.807432,0.982686,-0.000000,-0.223387,-0.405420,0.000000,-0.034393,0.057304,-0.000000,-0.015176,-0.006486,0.000000
ideal,39.800000,-1.783338,0.905377,-2.818373,0.962290,-0.000000,-0.218812,-0.407907,0.000000,-0.035035,0.056914,-0.000000,-0.015102,-0.006656,0.000000
ideal,39.850000,-1.793410,0.885257,-2.829083,0.941773,-0.000000,-0.214209,-0.410343,0.000000,-0.035673,0.056516,-0.000000,-0.015027,-0.006826,0.000000
ideal,39.900000,-1.803256,0.865026,-2.839562,0.921137,-0.000000,-0.209580,-0.412727,0.000000,-0.036307,0.056111,-0.000000,-0.014949,-0.006994,0.000000
ideal,39.950000,-1.812873,0.844685,-2.849808,0.900384,-0.000000,-0.204923,-0.415059,0.000000,-0.036936,0.055699,-0.000000,-0.014869,-0.007162,0.000000
ideal,40.000000,-1.822261,0.824237,-2.859820,0.879517,-0.000000,-0.200241,-0.417338,0.000000,-0.037560,0.055280,-0.000000,-0.014788,-0.007329,0.000000
ideal,40.050000,-1.831418,0.803685,-2.869597,0.858539,-0.000000,-0.195533,-0.419564,0.000000,-0.038179,0.054854,-0.000000,-0.014704,-0.007495,0.000000
ideal,40.100000,-1.840343,0.783031,-2.879137,0.837452,-0.000000,-0.190801,-0.421737,0.000000,-0.038794,0.054421,-0.000000,-0.014619,-0.007660,0.000000
ideal,40.150000,-1.849036,0.762278,-2.888439,0.816259,-0.000000,-0.186045,-0.423857,0.000000,-0.039404,0.053981,-0.000000,-0.014532,-0.007824,0.000000
ideal,40.200000,-1.857494,0.741429,-2.897502,0.794963,-0.000000,-0.181264,-0.425923,0.000000,-0.040009,0.053535,-0.000000,-0.014443,-0.007987,0.000000
ideal,40.250000,-1.865717,0.720485,-2.906326,0.773566,-0.000000,-0.176461,-0.427935,0.000000,-0.040608,0.053081,-0.000000,-0.014352,-0.008149,0.000000
ideal,40.300000,-1.873705,0.699451,-2.914907,0.752072,-0.000000,-0.171636,-0.429893,0.000000,-0.041203,0.052621,-0.000000,-0.014260,-0.008310,0.000000
ideal,40.350000,-1.881455,0.678328,-2.923247,0.730482,-0.000000,-0.166789,-0.431797,0.000000,-0.041792,0.052154,-0.000000,-0.014165,-0.008470,0.000000
ideal,40.400000,-1.888967,0.657119,-2.931343,0.708799,-0.000000,-0.161921,-0.433646,0.000000,-0.042376,0.051681,-0.000000,-0.014069,-0.008628,0.000000
ideal,40.450000,-1.896239,0.635827,-2.939194,0.687027,-0.000000,-0.157032,-0.435440,0.000000,-0.042955,0.051201,-0.000000,-0.013971,-0.008786,0.000000
ideal,40.500000,-1.903272,0.614454,-2.946801,0.665169,-0.000000,-0.152124,-0.437179,0.000000,-0.043528,0.050714,-0.000000,-0.013871,-0.008943,0.000000
ideal,40.550000,-1.910064,0.593004,-2.954160,0.643225,-0.000000,-0.147196,-0.438863,0.000000,-0.044096,0.050221,-0.000000,-0.013770,-0.009098,0.000000
ideal,40.600000,-1.916615,0.571479,-2.961273,0.621201,-0.000000,-0.142250,-0.440491,0.000000,-0.044658,0.049722,-0.000000,-0.013667,-0.009253,0.000000
ideal,40.650000,-1.922922,0.549881,-2.968137,0.599098,-0.000000,-0.137285,-0.442063,0.000000,-0.045215,0.049216,-0.000000,-0.013562,-0.009406,0.000000
ideal,40.700000,-1.928987,0.528214,-2.974752,0.576919,-0.000000,-0.132303,-0.443580,0.000000,-0.045766,0.048705,-0.000000,-0.013455,-0.009558,0.000000
ideal,40.750000,-1.934807,0.506480,-2.981118,0.554667,-0.000000,-0.127305,-0.445040,0.000000,-0.046311,0.048187,-0.000000,-0.013347,-0.009709,0.000000
ideal,40.800000,-1.940382,0.484682,-2.987232,0.532344,-0.000000,-0.122290,-0.446444,0.000000,-0.046850,0.047663,-0.000000,-0.013237,-0.009858,0.000000
ideal,40.850000,-1.945712,0.462822,-2.993095,0.509955,-0.000000,-0.117260,-0.447792,0.000000,-0.047383,0.047133,-0.000000,-0.013125,-0.010006,0.000000
ideal,40.900000,-1.950796,0.440904,-2.998706,0.487501,-0.000000,-0.112215,-0.449082,0.000000,-0.047910,0.046597,-0.000000,-0.013012,-0.010153,0.000000
ideal,40.950000,-1.955632,0.418930,-3.004064,0.464985,-0.000000,-0.107156,-0.450316,0.000000,-0.048431,0.046055,-0.000000,-0.012896,-0.010299,0.000000
ideal,41.000000,-1.960221,0.396903,-3.009168,0.442410,-0.000000,-0.102083,-0.451493,0.000000,-0.048946,0.045507,-0.000000,-0.012780,-0.010444,0.000000
ideal,41.050000,-1.964562,0.374826,-3.014018,0.419780,-0.000000,-0.096997,-0.452613,0.000000,-0.049455,0.044953,-0.000000,-0.012662,-0.010587,0.000000
ideal,41.100000,-1.968655,0.352702,-3.018613,0.397096,-0.000000,-0.091900,-0.453676,0.000000,-0.049958,0.044394,-0.000000,-0.012542,-0.010728,0.000000
ideal,41.150000,-1.972498,0.330532,-3.022952,0.374362,-0.000000,-0.086790,-0.454681,0.000000,-0.050454,0.043829,-0.000000,-0.012420,-0.010869,0.000000
ideal,41.200000,-1.976092,0.308321,-3.027036,0.351580,-0.000000,-0.081669,-0.455628,0.000000,-0.050944,0.043259,-0.000000,-0.012297,-0.011008,0.000000
ideal,41.250000,-1.979435,0.286071,-3.030863,0.328754,-0.000000,-0.076539,-0.456518,0.000000,-0.051427,0.042683,-0.000000,-0.012172,-0.011145,0.000000
ideal,41.300000,-1.982528,0.263785,-3.034432,0.305887,-0.000000,-0.071398,-0.457351,0.000000,-0.051904,0.042102,-0.000000,-0.012046,-0.011282,0.000000
ideal,41.350000,-1.985370,0.241465,-3.037745,0.282981,-0.000000,-0.066248,-0.458125,0.000000,-0.052375,0.041515,-0.000000,-0.011919,-0.011417,0.000000
ideal,41.400000,-1.987961,0.219115,-3.040799,0.260039,-0.000000,-0.061090,-0.458841,0.000000,-0.052838,0.040923,-0.000000,-0.011789,-0.011550,0.000000
ideal,41.450000,-1.990300,0.196737,-3.043596,0.237064,-0.000000,-0.055925,-0.459499,0.000000,-0.053296,0.040326,-0.000000,-0.011659,-0.011682,0.000000
ideal,41.500000,-1.992387,0.174334,-3.046133,0.214059,-0.000000,-0.050752,-0.460099,0.000000,-0.053746,0.039724,-0.000000,-0.011527,-0.011812,0.000000
ideal,41.550000,-1.994223,0.151909,-3.048412,0.191027,-0.000000,-0.045573,-0.460641,0.000000,-0.054189,0.039117,-0.000000,-0.011393,-0.011941,0.000000
ideal,41.600000,-1.995805,0.129465,-3.050431,0.167970,-0.000000,-0.040388,-0.461125,0.000000,-0.054626,0.038505,-0.000000,-0.011258,-0.012069,0.000000
ideal,41.650000,-1.997135,0.107005,-3.052191,0.144893,-0.000000,-0.035198,-0.461550,0.000000,-0.055056,0.037888,-0.000000,-0.011121,-0.012194,0.000000
ideal,41.700000,-1.998213,0.084531,-3.053691,0.121797,-0.000000,-0.030003,-0.461917,0.000000,-0.055478,0.037266,-0.000000,-0.010984,-0.012319,0.000000
ideal,41.750000,-1.999037,0.062046,-3.054931,0.098686,-0.000000,-0.024805,-0.462225,0.000000,-0.055894,0.036640,-0.000000,-0.010844,-0.012442,0.000000
ideal,41.800000,-1.999609,0.039553,-3.055912,0.075562,-0.000000,-0.019603,-0.462475,0.000000,-0.056303,0.036009,-0.000000,-0.010704,-0.012563,0.000000
ideal,41.850000,-1.999927,0.017056,-3.056632,0.052429,-0.000000,-0.014399,-0.462666,0.000000,-0.056704,0.035373,-0.000000,-0.010562,-0.012682,0.000000
ideal,41.900000,-1.999993,-0.005444,-3.057091,0.029289,-0.000000,-0.009193,-0.462799,0.000000,-0.057099,0.034733,-0.000000,-0.010418,-0.012800,0.000000
ideal,41.950000,-1.999805,-0.027943,-3.057291,0.006145,-0.000000,-0.003986,-0.462873,0.000000,-0.057486,0.034088,-0.000000,-0.010274,-0.012917,0.000000
ideal,42.000000,-1.999364,-0.050439,-3.057230,-0.016999,-0.000000,0.001221,-0.462888,0.000000,-0.057866,0.033440,-0.000000,-0.010128,-0.013032,0.000000
ideal,42.050000,-1.998670,-0.072928,-3.056908,-0.040141,-0.000000,0.006428,-0.462845,0.000000,-0.058238,0.032786,-0.000000,-0.009980,-0.013145,0.000000
ideal,42.100000,-1.997723,-0.095408,-3.056326,-0.063279,-0.000000,0.011635,-0.462744,0.000000,-0.058603,0.032129,-0.000000,-0.009832,-0.013256,0.000000
ideal,42.150000,-1.996523,-0.117876,-3.055484,-0.086408,-0.000000,0.016840,-0.462584,0.000000,-0.058961,0.031468,-0.000000,-0.009682,-0.013366,0.000000
ideal,42.200000,-1.995071,-0.140329,-3.054382,-0.109526,-0.000000,0.022043,-0.462365,0.000000,-0.059311,0.030803,-0.000000,-0.009531,-0.013474,0.000000
ideal,42.250000,-1.993366,-0.162764,-3.053020,-0.132630,-0.000000,0.027243,-0.462088,0.000000,-0.059654,0.030133,-0.000000,-0.009379,-0.013580,0.000000
ideal,42.300000,-1.991409,-0.185178,-3.051398,-0.155718,-0.000000,0.032440,-0.461752,0.000000,-0.059989,0.029460,-0.000000,-0.009226,-0.013685,0.000000
ideal,42.350000,-1.989200,-0.207570,-3.049516,-0.178786,-0.000000,0.037632,-0.461358,0.000000,-0.060317,0.028784,-0.000000,-0.009071,-0.013788,0.000000
ideal,42.400000,-1.986739,-0.229935,-3.047375,-0.201831,-0.000000,0.042820,-0.460905,0.000000,-0.060637,0.028103,-0.000000,-0.008915,-0.013889,0.000000
ideal,42.450000,-1.984026,-0.252270,-3.044975,-0.224851,-0.000000,0.048002,-0.460394,0.000000,-0.060949,0.027419,-0.000000,-0.008759,-0.013988,0.000000
ideal,42.500000,-1.981063,-0.274574,-3.042316,-0.247842,-0.000000,0.053179,-0.459825,0.000000,-0.061254,0.026732,-0.000000,-0.008601,-0.014086,0.000000
ideal,42.550000,-1.977848,-0.296843,-3.039399,-0.270802,-0.000000,0.058348,-0.459198,0.000000,-0.061551,0.026041,-0.000000,-0.008442,-0.014182,0.000000
ideal,42.600000,-1.974384,-0.319075,-3.036224,-0.293728,-0.000000,0.063510,-0.458512,0.000000,-0.061840,0.025347,-0.000000,-0.008282,-0.014276,0.000000
ideal,42.650000,-1.970669,-0.341266,-3.032790,-0.316616,-0.000000,0.068664,-0.457769,0.000000,-0.062121,0.024650,-0.000000,-0.008120,-0.014368,0.000000
ideal,42.700000,-1.966705,-0.363414,-3.029100,-0.339465,-0.000000,0.073810,-0.456967,0.000000,-0.062394,0.023949,-0.000000,-0.007958,-0.014459,0.000000
ideal,42.750000,-1.962493,-0.385516,-3.025153,-0.362270,-0.000000,0.078946,-0.456108,0.000000,-0.062660,0.023246,-0.000000,-0.007795,-0.014547,0.000000
ideal,42.800000,-1.958032,-0.407569,-3.020949,-0.385029,-0.000000,0.084072,-0.455191,0.000000,-0.062917,0.022540,-0.000000,-0.007631,-0.014634,0.000000
ideal,42.850000,-1.953323,-0.429571,-3.016490,-0.407740,-0.000000,0.089188,-0.454217,0.000000,-0.063167,0.021830,-0.000000,-0.007466,-0.014719,0.000000
ideal,42.900000,-1.948366,-0.451518,-3.011775,-0.430400,-0.000000,0.094292,-0.453185,0.000000,-0.063409,0.021118,-0.000000,-0.007300,-0.014802,0.000000
ideal,42.950000,-1.943164,-0.473408,-3.006806,-0.453004,-0.000000,0.099384,-0.452095,0.000000,-0.063642,0.020404,-0.000000,-0.007133,-0.014883,0.000000
ideal,43.000000,-1.937715,-0.495238,-3.001583,-0.475552,-0.000000,0.104464,-0.450948,0.000000,-0.063868,0.019686,-0.000000,-0.006965,-0.014963,0.000000
ideal,43.050000,-1.932021,-0.517006,-2.996106,-0.498039,-0.000000,0.109530,-0.449745,0.000000,-0.064085,0.018967,-0.000000,-0.006796,-0.015040,0.000000
ideal,43.100000,-1.926083,-0.538708,-2.990377,-0.520463,-0.000000,0.114583,-0.448484,0.000000,-0.064294,0.018245,-0.000000,-0.006627,-0.015116,0.000000
ideal,43.150000,-1.919900,-0.560342,-2.984396,-0.542821,-0.000000,0.119621,-0.447167,0.000000,-0.064496,0.017520,-0.000000,-0.006456,-0.015189,0.000000
ideal,43.200000,-1.913475,-0.581905,-2.978164,-0.565111,-0.000000,0.124644,-0.445793,0.000000,-0.064689,0.016793,-0.000000,-0.006285,-0.015261,0.000000
ideal,43.250000,-1.906808,-0.603394,-2.971681,-0.587329,-0.000000,0.129651,-0.444362,0.000000,-0.064873,0.016065,-0.000000,-0.006113,-0.015331,0.000000
ideal,43.300000,-1.899899,-0.624807,-2.964949,-0.609473,-0.000000,0.134642,-0.442876,0.000000,-0.065050,0.015334,-0.000000,-0.005940,-0.015398,0.000000
ideal,43.350000,-1.892750,-0.646141,-2.957968,-0.631540,-0.000000,0.139615,-0.441333,0.000000,-0.065218,0.014601,-0.000000,-0.005766,-0.015464,0.000000
ideal,43.400000,-1.885361,-0.667393,-2.950740,-0.653526,-0.000000,0.144571,-0.439734,0.000000,-0.065379,0.013866,-0.000000,-0.005592,-0.015528,0.000000
ideal,43.450000,-1.877734,-0.688560,-2.943264,-0.675430,-0.000000,0.149509,-0.438080,0.000000,-0.065530,0.013130,-0.000000,-0.005417,-0.015590,0.000000
ideal,43.500000,-1.869869,-0.709641,-2.935543,-0.697249,-0.000000,0.154428,-0.436370,0.000000,-0.065674,0.012392,-0.000000,-0.005241,-0.015650,0.000000
ideal,43.550000,-1.861767,-0.730632,-2.927577,-0.718979,-0.000000,0.159327,-0.434606,0.000000,-0.065809,0.011652,-0.000000,-0.005065,-0.015708,0.000000
ideal,43.600000,-1.853430,-0.751530,-2.919366,-0.740618,-0.000000,0.164206,-0.432786,0.000000,-0.065936,0.010911,-0.000000,-0.004888,-0.015764,0.000000
ideal,43.650000,-1.844858,-0.772333,-2.910913,-0.762164,-0.000000,0.169065,-0.430911,0.000000,-0.066055,0.010169,-0.000000,-0.004710,-0.015818,0.000000
ideal,43.700000,-1.836053,-0.793038,-2.902218,-0.783613,-0.000000,0.173902,-0.428982,0.000000,-0.066165,0.009425,-0.000000,-0.004532,-0.015870,0.000000
ideal,43.750000,-1.827015,-0.813643,-2.893282,-0.804963,-0.000000,0.178717,-0.426998,0.000000,-0.066267,0.008680,-0.000000,-0.004353,-0.015920,0.000000
ideal,43.800000,-1.817746,-0.834145,-2.884107,-0.826211,-0.000000,0.183509,-0.424961,0.000000,-0.066360,0.007934,-0.000000,-0.004174,-0.015968,0.000000
ideal,43.850000,-1.808247,-0.854542,-2.874693,-0.847355,-0.000000,0.188278,-0.422869,0.000000,-0.066445,0.007187,-0.000000,-0.003994,-0.016014,0.000000
ideal,43.900000,-1.798520,-0.874830,-2.865042,-0.868391,-0.000000,0.193023,-0.420725,0.000000,-0.066522,0.006439,-0.000000,-0.003813,-0.016058,0.000000
ideal,43.950000,-1.788564,-0.895008,-2.855154,-0.889317,-0.000000,0.197744,-0.418526,0.000000,-0.066590,0.005690,-0.000000,-0.003632,-0.016100,0.000000
ideal,44.000000,-1.778382,-0.915072,-2.845032,-0.910131,-0.000000,0.202440,-0.416275,0.000000,-0.066650,0.004941,-0.000000,-0.003451,-0.016139,0.000000
ideal,44.050000,-1.767975,-0.935020,-2.834677,-0.930829,-0.000000,0.207110,-0.413972,0.000000,-0.066701,0.004191,-0.000000,-0.003269,-0.016177,0.000000
ideal,44.100000,-1.757345,-0.954850,-2.824089,-0.951410,-0.000000,0.211754,-0.411616,0.000000,-0.066744,0.003440,-0.000000,-0.003087,-0.016213,0.000000
ideal,44.150000,-1.746492,-0.974560,-2.813271,-0.971871,-0.000000,0.216371,-0.409207,0.000000,-0.066779,0.002689,-0.000000,-0.002905,-0.016247,0.000000
ideal,44.200000,-1.735418,-0.994146,-2.802222,-0.992208,-0.000000,0.220961,-0.406747,0.000000,-0.066805,0.001938,-0.000000,-0.002722,-0.016278,0.000000
ideal,44.250000,-1.724124,-1.013606,-2.790946,-1.012420,-0.000000,0.225523,-0.404236,0.000000,-0.066822,0.001186,-0.000000,-0.002538,-0.016308,0.000000
ideal,44.300000,-1.712612,-1.032938,-2.779444,-1.032503,-0.000000,0.230056,-0.401673,0.000000,-0.066831,0.000434,-0.000000,-0.002355,-0.016335,0.000000
ideal,44.350000,-1.700883,-1.052139,-2.767715,-1.052456,-0.000000,0.234560,-0.399060,0.000000,-0.066832,-0.000318,-0.000000,-0.002171,-0.016361,0.000000
ideal,44.400000,-1.688939,-1.071207,-2.755764,-1.072276,-0.000000,0.239035,-0.396396,0.000000,-0.066824,-0.001069,-0.000000,-0.001987,-0.016384,0.000000
ideal,44.450000,-1.676782,-1.090139,-2.743590,-1.091960,-0.000000,0.243479,-0.393681,0.000000,-0.066808,-0.001821,-0.000000,-0.001802,-0.016406,0.000000
ideal,44.500000,-1.664412,-1.108933,-2.731195,-1.111506,-0.000000,0.247893,-0.390917,0.000000,-0.066783,-0.002573,-0.000000,-0.001617,-0.016425,0.000000
ideal,44.550000,-1.651831,-1.127588,-2.718581,-1.130911,-0.000000,0.252275,-0.388104,0.000000,-0.066750,-0.003324,-0.000000,-0.001433,-0.016442,0.000000
ideal,44.600000,-1.639042,-1.146099,-2.705750,-1.150173,-0.000000,0.256625,-0.385241,0.000000,-0.066709,-0.004074,-0.000000,-0.001248,-0.016457,0.000000
ideal,44.650000,-1.626045,-1.164465,-2.692703,-1.169290,-0.000000,0.260942,-0.382330,0.000000,-0.066659,-0.004825,-0.000000,-0.001062,-0.016470,0.000000
ideal,44.700000,-1.612842,-1.182684,-2.679442,-1.188258,-0.000000,0.265227,-0.379370,0.000000,-0.066600,-0.005574,-0.000000,-0.000877,-0.016481,0.000000
ideal,44.750000,-1.599435,-1.200753,-2.665968,-1.207076,-0.000000,0.269478,-0.376363,0.000000,-0.066533,-0.006323,-0.000000,-0.000692,-0.016490,0.000000
ideal,44.800000,-1.585825,-1.218671,-2.652283,-1.225742,-0.000000,0.273695,-0.373307,0.000000,-0.066458,-0.007071,-0.000000,-0.000506,-0.016496,0.000000
ideal,44.850000,-1.572015,-1.236434,-2.638389,-1.244252,-0.000000,0.277877,-0.370205,0.000000,-0.066374,-0.007818,-0.000000,-0.000320,-0.016501,0.000000
ideal,44.900000,-1.558006,-1.254040,-2.624288,-1.262605,-0.000000,0.282024,-0.367055,0.000000,-0.066282,-0.008565,-0.000000,-0.000135,-0.016504,0.000000
ideal,44.950000,-1.543800,-1.271488,-2.609981,-1.280798,-0.000000,0.286136,-0.363859,0.000000,-0.066181,-0.009310,-0.000000,0.000051,-0.016504,0.000000
ideal,45.000000,-1.529398,-1.288775,-2.595471,-1.298829,-0.000000,0.290211,-0.360617,0.000000,-0.066072,-0.010054,-0.000000,0.000237,-0.016503,0.000000
ideal,45.050000,-1.514803,-1.305899,-2.580758,-1.316695,-0.000000,0.294250,-0.357330,0.000000,-0.065955,-0.010796,-0.000000,0.000422,-0.016499,0.000000
ideal,45.100000,-1.500016,-1.322857,-2.565846,-1.334395,-0.000000,0.298251,-0.353997,0.000000,-0.065829,-0.011538,-0.000000,0.000608,-0.016493,0.000000
ideal,45.150000,-1.485039,-1.339648,-2.550735,-1.351926,-0.000000,0.302214,-0.350619,0.000000,-0.065696,-0.012277,-0.000000,0.000793,-0.016485,0.000000
ideal,45.200000,-1.469875,-1.356270,-2.535428,-1.369286,-0.000000,0.306140,-0.347197,0.000000,-0.065553,-0.013016,-0.000000,0.000979,-0.016475,0.000000
ideal,45.250000,-1.454524,-1.372720,-2.519927,-1.386472,-0.000000,0.310026,-0.343731,0.000000,-0.065403,-0.013752,-0.000000,0.001164,-0.016463,0.000000
ideal,45.300000,-1.438989,-1.388996,-2.504233,-1.403483,-0.000000,0.313873,-0.340222,0.000000,-0.065244,-0.014487,-0.000000,0.001349,-0.016449,0.000000
ideal,45.350000,-1.423272,-1.405097,-2.488349,-1.420317,-0.000000,0.317681,-0.336669,0.000000,-0.065077,-0.015220,-0.000000,0.001534,-0.016433,0.000000
ideal,45.400000,-1.407375,-1.421019,-2.472277,-1.436971,-0.000000,0.321448,-0.333074,0.000000,-0.064901,-0.015951,-0.000000,0.001719,-0.016414,0.000000
ideal,45.450000,-1.391300,-1.436762,-2.456018,-1.453442,-0.000000,0.325175,-0.329437,0.000000,-0.064718,-0.016681,-0.000000,0.001903,-0.016394,0.000000
ideal,45.500000,-1.375049,-1.452323,-2.439575,-1.469730,-0.000000,0.328860,-0.325758,0.000000,-0.064526,-0.017408,-0.000000,0.002088,-0.016372,0.000000
ideal,45.550000,-1.358623,-1.467700,-2.422950,-1.485832,-0.000000,0.332504,-0.322037,0.000000,-0.064326,-0.018132,-0.000000,0.002272,-0.016347,0.000000
ideal,45.600000,-1.342026,-1.482891,-2.406144,-1.501746,-0.000000,0.336106,-0.318276,0.000000,-0.064118,-0.018855,-0.000000,0.002456,-0.016321,0.000000
ideal,45.650000,-1.325259,-1.497895,-2.389161,-1.517470,-0.000000,0.339665,-0.314475,0.000000,-0.063902,-0.019575,-0.000000,0.002639,-0.016292,0.000000
ideal,45.700000,-1.308324,-1.512709,-2.372002,-1.533001,-0.000000,0.343182,-0.310634,0.000000,-0.063678,-0.020293,-0.000000,0.002822,-0.016261,0.000000
ideal,45.750000,-1.291224,-1.527331,-2.354669,-1.548339,-0.000000,0.346654,-0.306754,0.000000,-0.063445,-0.021008,-0.000000,0.003005,-0.016228,0.000000
ideal,45.800000,-1.273960,-1.541761,-2.337165,-1.563481,-0.000000,0.350083,-0.302835,0.000000,-0.063205,-0.021720,-0.000000,0.003187,-0.016194,0.000000
ideal,45.850000,-1.256535,-1.555995,-2.319492,-1.578425,-0.000000,0.353468,-0.298877,0.000000,-0.062957,-0.022430,-0.000000,0.003369,-0.016157,0.000000
ideal,45.900000,-1.238951,-1.570032,-2.301651,-1.593169,-0.000000,0.356808,-0.294882,0.000000,-0.062700,-0.023137,-0.000000,0.003551,-0.016118,0.000000
ideal,45.950000,-1.221210,-1.583871,-2.283646,-1.607711,-0.000000,0.360103,-0.290849,0.000000,-0.062436,-0.023841,-0.000000,0.003732,-0.016077,0.000000
ideal,46.000000,-1.203315,-1.597509,-2.265478,-1.622050,-0.000000,0.363352,-0.286780,0.000000,-0.062164,-0.024541,-0.000000,0.003913,-0.016034,0.000000
ideal,46.050000,-1.185267,-1.610945,-2.247151,-1.636184,-0.000000,0.366555,-0.282674,0.000000,-0.061884,-0.025239,-0.000000,0.004093,-0.015989,0.000000
ideal,46.100000,-1.167069,-1.624177,-2.228665,-1.650110,-0.000000,0.369712,-0.278532,0.000000,-0.061596,-0.025934,-0.000000,0.004272,-0.015942,0.000000
ideal,46.150000,-1.148724,-1.637203,-2.210024,-1.663828,-0.000000,0.372822,-0.274355,0.000000,-0.061300,-0.026625,-0.000000,0.004451,-0.015893,0.000000
ideal,46.200000,-1.130233,-1.650022,-2.191230,-1.677335,-0.000000,0.375885,-0.270144,0.000000,-0.060997,-0.027313,-0.000000,0.004630,-0.015842,0.000000
ideal,46.250000,-1.111599,-1.662633,-2.172285,-1.690630,-0.000000,0.378900,-0.265898,0.000000,-0.060686,-0.027997,-0.000000,0.004808,-0.015788,0.000000
ideal,46.300000,-1.092824,-1.675033,-2.153191,-1.703711,-0.000000,0.381867,-0.261619,0.000000,-0.060367,-0.028678,-0.000000,0.004985,-0.015733,0.000000
ideal,46.350000,-1.073911,-1.687221,-2.133952,-1.716577,-0.000000,0.384786,-0.257306,0.000000,-0.060041,-0.029356,-0.000000,0.005162,-0.015676,0.000000
ideal,46.400000,-1.054863,-1.699195,-2.114569,-1.729225,-0.000000,0.387657,-0.252961,0.000000,-0.059707,-0.030029,-0.000000,0.005338,-0.015617,0.000000
ideal,46.450000,-1.035680,-1.710955,-2.095045,-1.741654,-0.000000,0.390478,-0.248584,0.000000,-0.059365,-0.030699,-0.000000,0.005513,-0.015556,0.000000
ideal,46.500000,-1.016367,-1.722498,-2.075383,-1.753863,-0.000000,0.393250,-0.244176,0.000000,-0.059016,-0.031365,-0.000000,0.005688,-0.015493,0.000000
ideal,46.550000,-0.996925,-1.733823,-2.055584,-1.765849,-0.000000,0.395972,-0.239736,0.000000,-0.058659,-0.032027,-0.000000,0.005862,-0.015428,0.000000
ideal,46.600000,-0.977357,-1.744928,-2.035652,-1.777613,-0.000000,0.398644,-0.235267,0.000000,-0.058295,-0.032685,-0.000000,0.006035,-0.015361,0.000000
ideal,46.650000,-0.957665,-1.755813,-2.015589,-1.789151,-0.000000,0.401265,-0.230767,0.000000,-0.057924,-0.033339,-0.000000,0.006207,-0.015292,0.000000
ideal,46.700000,-0.937852,-1.766475,-1.995397,-1.800463,-0.000000,0.403836,-0.226238,0.000000,-0.057545,-0.033988,-0.000000,0.006379,-0.015222,0.000000
ideal,46.750000,-0.917920,-1.776914,-1.975079,-1.811547,-0.000000,0.406355,-0.221681,0.000000,-0.057159,-0.034633,-0.000000,0.006550,-0.015149,0.000000
ideal,46.800000,-0.897872,-1.787128,-1.954638,-1.822402,-0.000000,0.408824,-0.217095,0.000000,-0.056766,-0.035274,-0.000000,0.006720,-0.015074,0.000000
ideal,46.850000,-0.877710,-1.797116,-1.934076,-1.833026,-0.000000,0.411240,-0.212483,0.000000,-0.056366,-0.035910,-0.000000,0.006889,-0.014998,0.000000
ideal,46.900000,-0.857438,-1.806876,-1.913396,-1.843418,-0.000000,0.413604,-0.207843,0.000000,-0.055958,-0.036542,-0.000000,0.007057,-0.014919,0.000000
ideal,46.950000,-0.837057,-1.816407,-1.892600,-1.853577,-0.000000,0.415916,-0.203177,0.000000,-0.055543,-0.037169,-0.000000,0.007225,-0.014839,0.000000
ideal,47.000000,-0.816570,-1.825709,-1.871691,-1.863501,-0.000000,0.418176,-0.198485,0.000000,-0.055122,-0.037792,-0.000000,0.007391,-0.014757,0.000000
ideal,47.050000,-0.795979,-1.834780,-1.850672,-1.873190,-0.000000,0.420382,-0.193768,0.000000,-0.054693,-0.038410,-0.000000,0.007557,-0.014673,0.000000
ideal,47.100000,-0.775288,-1.843618,-1.829545,-1.882641,-0.000000,0.422535,-0.189026,0.000000,-0.054258,-0.039023,-0.000000,0.007721,-0.014587,0.000000
ideal,47.150000,-0.754499,-1.852224,-1.808314,-1.891854,-0.000000,0.424635,-0.184261,0.000000,-0.053815,-0.039630,-0.000000,0.007885,-0.014499,0.000000
ideal,47.200000,-0.733614,-1.860594,-1.786980,-1.900828,-0.000000,0.426681,-0.179472,0.000000,-0.053366,-0.040233,-0.000000,0.008047,-0.014409,0.000000
ideal,47.250000,-0.712636,-1.868729,-1.765546,-1.909561,-0.000000,0.428673,-0.174661,0.000000,-0.052910,-0.040831,-0.000000,0.008209,-0.014318,0.000000
ideal,47.300000,-0.691568,-1.876628,-1.744015,-1.918052,-0.000000,0.430611,-0.169827,0.000000,-0.052447,-0.041424,-0.000000,0.008370,-0.014225,0.000000
ideal,47.350000,-0.670413,-1.884289,-1.722391,-1.926301,-0.000000,0.432494,-0.164972,0.000000,-0.051978,-0.042011,-0.000000,0.008529,-0.014130,0.000000
ideal,47.400000,-0.649173,-1.891712,-1.700675,-1.934305,-0.000000,0.434323,-0.160097,0.000000,-0.051502,-0.042593,-0.000000,0.008688,-0.014033,0.000000
ideal,47.450000,-0.627850,-1.898896,-1.678870,-1.942066,-0.000000,0.436096,-0.155200,0.000000,-0.051020,-0.043170,-0.000000,0.008845,-0.013934,0.000000
ideal,47.500000,-0.606448,-1.905839,-1.656979,-1.949580,-0.000000,0.437815,-0.150285,0.000000,-0.050531,-0.043741,-0.000000,0.009001,-0.013834,0.000000
ideal,47.550000,-0.584970,-1.912540,-1.635005,-1.956847,-0.000000,0.439478,-0.145350,0.000000,-0.050035,-0.044307,-0.000000,0.009156,-0.013732,0.000000
ideal,47.600000,-0.563417,-1.919000,-1.612951,-1.963867,-0.000000,0.441085,-0.140397,0.000000,-0.049534,-0.044867,-0.000000,0.009310,-0.013628,0.000000
ideal,47.650000,-0.541793,-1.925217,-1.590819,-1.970638,-0.000000,0.442637,-0.135426,0.000000,-0.049026,-0.045421,-0.000000,0.009463,-0.013522,0.000000
ideal,47.700000,-0.520101,-1.931190,-1.568612,-1.977160,-0.000000,0.444132,-0.130437,0.000000,-0.048512,-0.045970,-0.000000,0.009614,-0.013415,0.000000
ideal,47.750000,-0.498342,-1.936919,-1.546334,-1.983432,-0.000000,0.445571,-0.125433,0.000000,-0.047992,-0.046513,-0.000000,0.009765,-0.013306,0.000000
ideal,47.800000,-0.476521,-1.942403,-1.523986,-1.989452,-0.000000,0.446954,-0.120412,0.000000,-0.047465,-0.047050,-0.000000,0.009914,-0.013195,0.000000
ideal,47.850000,-0.454639,-1.947640,-1.501572,-1.995221,-0.000000,0.448281,-0.115377,0.000000,-0.046933,-0.047581,-0.000000,0.010061,-0.013083,0.000000
ideal,47.900000,-0.432700,-1.952632,-1.479095,-2.000738,-0.000000,0.449550,-0.110326,0.000000,-0.046395,-0.048106,-0.000000,0.010208,-0.012969,0.000000
ideal,47.950000,-0.410706,-1.957376,-1.456556,-2.006001,-0.000000,0.450763,-0.105262,0.000000,-0.045851,-0.048625,-0.000000,0.010353,-0.012853,0.000000
ideal,48.000000,-0.388660,-1.961872,-1.433961,-2.011010,-0.000000,0.451918,-0.100184,0.000000,-0.045301,-0.049137,-0.000000,0.010497,-0.012736,0.000000
ideal,48.050000,-0.366565,-1.966121,-1.411310,-2.015765,-0.000000,0.453017,-0.095094,0.000000,-0.044745,-0.049644,-0.000000,0.010640,-0.012617,0.000000
ideal,48.100000,-0.344423,-1.970120,-1.388607,-2.020264,-0.000000,0.454058,-0.089992,0.000000,-0.044184,-0.050144,-0.000000,0.010781,-0.012496,0.000000
ideal,48.150000,-0.322238,-1.973870,-1.365855,-2.024508,-0.000000,0.455042,-0.084878,0.000000,-0.043617,-0.050638,-0.000000,0.010921,-0.012374,0.000000
ideal,48.200000,-0.300012,-1.977370,-1.343056,-2.028496,-0.000000,0.455968,-0.079753,0.000000,-0.043044,-0.051126,-0.000000,0.011059,-0.012251,0.000000
ideal,48.250000,-0.277748,-1.980620,-1.320215,-2.032227,-0.000000,0.456836,-0.074619,0.000000,-0.042467,-0.051607,-0.000000,0.011197,-0.012125,0.000000
ideal,48.300000,-0.255449,-1.983619,-1.297332,-2.035700,-0.000000,0.457647,-0.069475,0.000000,-0.041883,-0.052081,-0.000000,0.011332,-0.011999,0.000000
ideal,48.350000,-0.233117,-1.986368,-1.274412,-2.038916,-0.000000,0.458399,-0.064322,0.000000,-0.041295,-0.052549,-0.000000,0.011467,-0.011870,0.000000
ideal,48.400000,-0.210757,-1.988864,-1.251458,-2.041875,-0.000000,0.459094,-0.059161,0.000000,-0.040701,-0.053010,-0.000000,0.011599,-0.011741,0.000000
ideal,48.450000,-0.188369,-1.991110,-1.228471,-2.044574,-0.000000,0.459730,-0.053993,0.000000,-0.040102,-0.053465,-0.000000,0.011731,-0.011610,0.000000
ideal,48.500000,-0.165958,-1.993103,-1.205456,-2.047015,-0.000000,0.460309,-0.048817,0.000000,-0.039498,-0.053912,-0.000000,0.011861,-0.011477,0.000000
ideal,48.550000,-0.143525,-1.994843,-1.182414,-2.049197,-0.000000,0.460829,-0.043636,0.000000,-0.038889,-0.054353,-0.000000,0.011989,-0.011343,0.000000
ideal,48.600000,-0.121075,-1.996332,-1.159350,-2.051119,-0.000000,0.461290,-0.038449,0.000000,-0.038275,-0.054787,-0.000000,0.012116,-0.011207,0.000000
ideal,48.650000,-0.098609,-1.997568,-1.136265,-2.052782,-0.000000,0.461694,-0.033257,0.000000,-0.037656,-0.055214,-0.000000,0.012241,-0.011070,0.000000
ideal,48.700000,-0.076130,-1.998551,-1.113163,-2.054185,-0.000000,0.462039,-0.028061,0.000000,-0.037033,-0.055635,-0.000000,0.012365,-0.010932,0.000000
ideal,48.750000,-0.053642,-1.999281,-1.090047,-2.055328,-0.000000,0.462325,-0.022861,0.000000,-0.036405,-0.056048,-0.000000,0.012487,-0.010792,0.000000
ideal,48.800000,-0.031147,-1.999757,-1.066919,-2.056211,-0.000000,0.462553,-0.017659,0.000000,-0.035772,-0.056454,-0.000000,0.012608,-0.010651,0.000000
ideal,48.850000,-0.008649,-1.999981,-1.043783,-2.056834,-0.000000,0.462722,-0.012454,0.000000,-0.035134,-0.056853,-0.000000,0.012727,-0.010508,0.000000
ideal,48.900000,0.013851,-1.999952,-1.020641,-2.057196,-0.000000,0.462833,-0.007248,0.000000,-0.034493,-0.057244,-0.000000,0.012844,-0.010364,0.000000
ideal,48.950000,0.036349,-1.999670,-0.997497,-2.057298,-0.000000,0.462886,-0.002041,0.000000,-0.033846,-0.057629,-0.000000,0.012960,-0.010219,0.000000
ideal,49.000000,0.058843,-1.999134,-0.974353,-2.057140,-0.000000,0.462879,0.003167,0.000000,-0.033196,-0.058006,-0.000000,0.013074,-0.010073,0.000000
ideal,49.050000,0.081329,-1.998346,-0.951212,-2.056721,-0.000000,0.462814,0.008374,0.000000,-0.032541,-0.058376,-0.000000,0.013186,-0.009925,0.000000
ideal,49.100000,0.103805,-1.997304,-0.928078,-2.056042,-0.000000,0.462691,0.013580,0.000000,-0.031883,-0.058738,-0.000000,0.013297,-0.009776,0.000000
ideal,49.150000,0.126267,-1.996010,-0.904952,-2.055103,-0.000000,0.462509,0.018784,0.000000,-0.031220,-0.059093,-0.000000,0.013406,-0.009626,0.000000
ideal,49.200000,0.148714,-1.994463,-0.881839,-2.053904,-0.000000,0.462268,0.023986,0.000000,-0.030553,-0.059440,-0.000000,0.013514,-0.009474,0.000000
ideal,49.250000,0.171142,-1.992664,-0.858741,-2.052444,-0.000000,0.461969,0.029185,0.000000,-0.029882,-0.059780,-0.000000,0.013620,-0.009322,0.000000
ideal,49.300000,0.193548,-1.990613,-0.835660,-2.050725,-0.000000,0.461611,0.034380,0.000000,-0.029208,-0.060113,-0.000000,0.013724,-0.009168,0.000000
ideal,49.350000,0.215930,-1.988309,-0.812600,-2.048747,-0.000000,0.461195,0.039571,0.000000,-0.028530,-0.060437,-0.000000,0.013826,-0.009013,0.000000
ideal,49.400000,0.238284,-1.985754,-0.789564,-2.046509,-0.000000,0.460721,0.044757,0.000000,-0.027848,-0.060755,-0.000000,0.013926,-0.008857,0.000000
ideal,49.450000,0.260608,-1.982948,-0.766555,-2.044012,-0.000000,0.460188,0.049937,0.000000,-0.027163,-0.061064,-0.000000,0.014025,-0.008700,0.000000
ideal,49.500000,0.282899,-1.979891,-0.743575,-2.041257,-0.000000,0.459598,0.055111,0.000000,-0.026474,-0.061366,-0.000000,0.014122,-0.008541,0.000000
ideal,49.550000,0.305155,-1.976583,-0.720627,-2.038243,-0.000000,0.458949,0.060278,0.000000,-0.025782,-0.061660,-0.000000,0.014217,-0.008382,0.000000
ideal,49.600000,0.327372,-1.973025,-0.697715,-2.034971,-0.000000,0.458241,0.065437,0.000000,-0.025087,-0.061946,-0.000000,0.014311,-0.008221,0.000000
ideal,49.650000,0.349547,-1.969217,-0.674842,-2.031441,-0.000000,0.457476,0.070588,0.000000,-0.024388,-0.062224,-0.000000,0.014402,-0.008060,0.000000
ideal,49.700000,0.371678,-1.965160,-0.652009,-2.027655,-0.000000,0.456653,0.075730,0.000000,-0.023687,-0.062495,-0.000000,0.014492,-0.007897,0.000000
ideal,49.750000,0.393762,-1.960855,-0.629220,-2.023612,-0.000000,0.455772,0.080863,0.000000,-0.022982,-0.062757,-0.000000,0.014580,-0.007734,0.000000
ideal,49.800000,0.415796,-1.956301,-0.606479,-2.019313,-0.000000,0.454834,0.085985,0.000000,-0.022275,-0.063012,-0.000000,0.014666,-0.007569,0.000000
ideal,49.850000,0.437778,-1.951500,-0.583787,-2.014758,-0.000000,0.453838,0.091096,0.000000,-0.021565,-0.063258,-0.000000,0.014750,-0.007404,0.000000
ideal,49.900000,0.459704,-1.946451,-0.561147,-2.009948,-0.000000,0.452784,0.096196,0.000000,-0.020852,-0.063497,-0.000000,0.014833,-0.007238,0.000000
ideal,49.950000,0.481572,-1.941156,-0.538564,-2.004884,-0.000000,0.451673,0.101284,0.000000,-0.020136,-0.063727,-0.000000,0.014913,-0.007070,0.000000
ideal,50.000000,0.503379,-1.935616,-0.516039,-1.999566,-0.000000,0.450505,0.106358,0.000000,-0.019418,-0.063950,-0.000000,0.014992,-0.006902,0.000000
ideal,50.050000,0.525123,-1.929831,-0.493574,-1.993995,-0.000000,0.449280,0.111420,0.000000,-0.018697,-0.064164,-0.000000,0.015068,-0.006733,0.000000
ideal,50.100000,0.546800,-1.923801,-0.471175,-1.988172,-0.000000,0.447998,0.116467,0.000000,-0.017974,-0.064371,-0.000000,0.015143,-0.006563,0.000000
ideal,50.150000,0.568407,-1.917528,-0.448842,-1.982097,-0.000000,0.446660,0.121499,0.000000,-0.017249,-0.064569,-0.000000,0.015216,-0.006392,0.000000
ideal,50.200000,0.589943,-1.911012,-0.426578,-1.975771,-0.000000,0.445265,0.126517,0.000000,-0.016521,-0.064759,-0.000000,0.015287,-0.006221,0.000000
ideal,50.250000,0.611404,-1.904254,-0.404388,-1.969195,-0.000000,0.443813,0.131518,0.000000,-0.015792,-0.064940,-0.000000,0.015356,-0.006048,0.000000
ideal,50.300000,0.632788,-1.897256,-0.382272,-1.962370,-0.000000,0.442306,0.136502,0.000000,-0.015060,-0.065114,-0.000000,0.015423,-0.005875,0.000000
ideal,50.350000,0.654091,-1.890017,-0.360235,-1.955296,-0.000000,0.440742,0.141469,0.000000,-0.014327,-0.065279,-0.000000,0.015488,-0.005701,0.000000
ideal,50.400000,0.675312,-1.882539,-0.338279,-1.947975,-0.000000,0.439123,0.146419,0.000000,-0.013591,-0.065436,-0.000000,0.015551,-0.005527,0.000000
ideal,50.450000,0.696448,-1.874823,-0.316407,-1.940408,-0.000000,0.437448,0.151349,0.000000,-0.012854,-0.065585,-0.000000,0.015613,-0.005351,0.000000
ideal,50.500000,0.717495,-1.866869,-0.294621,-1.932595,-0.000000,0.435717,0.156261,0.000000,-0.012116,-0.065726,-0.000000,0.015672,-0.005175,0.000000
ideal,50.550000,0.738451,-1.858680,-0.272924,-1.924537,-0.000000,0.433932,0.161153,0.000000,-0.011376,-0.065858,-0.000000,0.015729,-0.004999,0.000000
ideal,50.600000,0.759314,-1.850254,-0.251320,-1.916236,-0.000000,0.432092,0.166024,0.000000,-0.010634,-0.065981,-0.000000,0.015784,-0.004821,0.000000
ideal,50.650000,0.780081,-1.841595,-0.229810,-1.907692,-0.000000,0.430196,0.170875,0.000000,-0.009891,-0.066097,-0.000000,0.015838,-0.004644,0.000000
ideal,50.700000,0.800749,-1.832703,-0.208398,-1.898907,-0.000000,0.428247,0.175704,0.000000,-0.009147,-0.066204,-0.000000,0.015889,-0.004465,0.000000
ideal,50.750000,0.821316,-1.823579,-0.187085,-1.889882,-0.000000,0.426243,0.180510,0.000000,-0.008402,-0.066303,-0.000000,0.015938,-0.004286,0.000000
ideal,50.800000,0.841779,-1.814224,-0.165876,-1.880617,-0.000000,0.424186,0.185294,0.000000,-0.007655,-0.066393,-0.000000,0.015985,-0.004107,0.000000
ideal,50.850000,0.862135,-1.804639,-0.144772,-1.871114,-0.000000,0.422074,0.190054,0.000000,-0.006908,-0.066475,-0.000000,0.016030,-0.003926,0.000000
ideal,50.900000,0.882383,-1.794826,-0.123777,-1.861375,-0.000000,0.419909,0.194790,0.000000,-0.006160,-0.066548,-0.000000,0.016074,-0.003746,0.000000
ideal,50.950000,0.902518,-1.784786,-0.102892,-1.851400,-0.000000,0.417692,0.199502,0.000000,-0.005410,-0.066614,-0.000000,0.016115,-0.003565,0.000000
ideal,51.000000,0.922539,-1.774520,-0.082121,-1.841190,-0.000000,0.415421,0.204188,0.000000,-0.004661,-0.066670,-0.000000,0.016154,-0.003383,0.000000
ideal,51.050000,0.942444,-1.764029,-0.061466,-1.830748,-0.000000,0.413097,0.208849,0.000000,-0.003910,-0.066718,-0.000000,0.016191,-0.003201,0.000000
ideal,51.100000,0.962229,-1.753315,-0.040930,-1.820074,-0.000000,0.410722,0.213483,0.000000,-0.003160,-0.066758,-0.000000,0.016226,-0.003019,0.000000
ideal,51.150000,0.981893,-1.742380,-0.020516,-1.809169,-0.000000,0.408294,0.218090,0.000000,-0.002408,-0.066790,-0.000000,0.016259,-0.002836,0.000000
ideal,51.200000,1.001432,-1.731223,-0.000225,-1.798036,-0.000000,0.405815,0.222669,0.000000,-0.001657,-0.066812,-0.000000,0.016290,-0.002653,0.000000
ideal,51.250000,1.020844,-1.719848,0.019939,-1.786675,-0.000000,0.403284,0.227220,0.000000,-0.000905,-0.066827,-0.000000,0.016318,-0.002470,0.000000
ideal,51.300000,1.040128,-1.708255,0.039974,-1.775088,-0.000000,0.400702,0.231743,0.000000,-0.000153,-0.066833,-0.000000,0.016345,-0.002286,0.000000
ideal,51.350000,1.059279,-1.696445,0.059878,-1.763276,-0.000000,0.398070,0.236236,0.000000,0.000599,-0.066830,-0.000000,0.016370,-0.002102,0.000000
ideal,51.400000,1.078297,-1.684421,0.079647,-1.751241,-0.000000,0.395387,0.240699,0.000000,0.001350,-0.066819,-0.000000,0.016392,-0.001918,0.000000
ideal,51.450000,1.097178,-1.672184,0.099280,-1.738984,-0.000000,0.392654,0.245132,0.000000,0.002102,-0.066800,-0.000000,0.016413,-0.001733,0.000000
ideal,51.500000,1.115920,-1.659735,0.118774,-1.726507,-0.000000,0.389872,0.249534,0.000000,0.002853,-0.066772,-0.000000,0.016431,-0.001548,0.000000
ideal,51.550000,1.134521,-1.647077,0.138126,-1.713812,-0.000000,0.387040,0.253904,0.000000,0.003604,-0.066736,-0.000000,0.016448,-0.001363,0.000000
ideal,51.600000,1.152979,-1.634209,0.157334,-1.700900,-0.000000,0.384159,0.258242,0.000000,0.004355,-0.066691,-0.000000,0.016462,-0.001178,0.000000
ideal,51.650000,1.171290,-1.621135,0.176395,-1.687773,-0.000000,0.381230,0.262547,0.000000,0.005105,-0.066638,-0.000000,0.016474,-0.000993,0.000000
ideal,51.700000,1.189454,-1.607856,0.195308,-1.674432,-0.000000,0.378252,0.266819,0.000000,0.005854,-0.066576,-0.000000,0.016484,-0.000808,0.000000
ideal,51.750000,1.207466,-1.594373,0.214069,-1.660879,-0.000000,0.375226,0.271058,0.000000,0.006603,-0.066506,-0.000000,0.016493,-0.000622,0.000000
ideal,51.800000,1.225326,-1.580688,0.232677,-1.647116,-0.000000,0.372153,0.275262,0.000000,0.007351,-0.066427,-0.000000,0.016498,-0.000437,0.000000
ideal,51.850000,1.243031,-1.566804,0.251128,-1.633144,-0.000000,0.369033,0.279431,0.000000,0.008097,-0.066341,-0.000000,0.016502,-0.000251,0.000000
ideal,51.900000,1.260578,-1.552721,0.269422,-1.618966,-0.000000,0.365866,0.283565,0.000000,0.008843,-0.066245,-0.000000,0.016504,-0.000065,0.000000
ideal,51.950000,1.277966,-1.538441,0.287554,-1.604583,-0.000000,0.362653,0.287663,0.000000,0.009588,-0.066142,-0.000000,0.016504,0.000120,0.000000
ideal,52.000000,1.295193,-1.523967,0.305524,-1.589997,-0.000000,0.359394,0.291724,0.000000,0.010331,-0.066030,-0.000000,0.016501,0.000306,0.000000
ideal,52.050000,1.312255,-1.509300,0.323328,-1.575209,-0.000000,0.356089,0.295749,0.000000,0.011073,-0.065909,-0.000000,0.016497,0.000492,0.000000
ideal,52.100000,1.329151,-1.494442,0.340965,-1.560222,-0.000000,0.352740,0.299736,0.000000,0.011814,-0.065780,-0.000000,0.016490,0.000677,0.000000
ideal,52.150000,1.345879,-1.479395,0.358433,-1.545038,-0.000000,0.349346,0.303685,0.000000,0.012553,-0.065643,-0.000000,0.016482,0.000863,0.000000
ideal,52.200000,1.362437,-1.464160,0.375728,-1.529658,-0.000000,0.345907,0.307596,0.000000,0.013291,-0.065498,-0.000000,0.016471,0.001048,0.000000
ideal,52.250000,1.378822,-1.448741,0.392849,-1.514085,-0.000000,0.342425,0.311468,0.000000,0.014027,-0.065344,-0.000000,0.016458,0.001233,0.000000
ideal,52.300000,1.395033,-1.433138,0.409794,-1.498320,-0.000000,0.338899,0.315301,0.000000,0.014761,-0.065182,-0.000000,0.016443,0.001418,0.000000
ideal,52.350000,1.411067,-1.417353,0.426561,-1.482365,-0.000000,0.335331,0.319093,0.000000,0.015494,-0.065012,-0.000000,0.016426,0.001603,0.000000
ideal,52.400000,1.426923,-1.401389,0.443147,-1.466223,-0.000000,0.331720,0.322846,0.000000,0.016224,-0.064834,-0.000000,0.016407,0.001788,0.000000
ideal,52.450000,1.442598,-1.385248,0.459550,-1.449895,-0.000000,0.328067,0.326557,0.000000,0.016952,-0.064647,-0.000000,0.016386,0.001972,0.000000
ideal,52.500000,1.458090,-1.368931,0.475769,-1.433384,-0.000000,0.324372,0.330227,0.000000,0.017679,-0.064452,-0.000000,0.016363,0.002157,0.000000
ideal,52.550000,1.473398,-1.352442,0.491801,-1.416691,-0.000000,0.320637,0.333855,0.000000,0.018403,-0.064249,-0.000000,0.016337,0.002341,0.000000
ideal,52.600000,1.488519,-1.335781,0.507644,-1.399819,-0.000000,0.316861,0.337441,0.000000,0.019124,-0.064038,-0.000000,0.016310,0.002524,0.000000
ideal,52.650000,1.503452,-1.318951,0.523296,-1.382770,-0.000000,0.313045,0.340984,0.000000,0.019843,-0.063819,-0.000000,0.016281,0.002707,0.000000
ideal,52.700000,1.518195,-1.301954,0.538755,-1.365546,-0.000000,0.309189,0.344484,0.000000,0.020560,-0.063592,-0.000000,0.016249,0.002890,0.000000
ideal,52.750000,1.532746,-1.284792,0.554020,-1.348149,-0.000000,0.305294,0.347941,0.000000,0.021274,-0.063357,-0.000000,0.016216,0.003073,0.000000
ideal,52.800000,1.547102,-1.267468,0.569088,-1.330581,-0.000000,0.301360,0.351353,0.000000,0.021986,-0.063113,-0.000000,0.016180,0.003255,0.000000
ideal,52.850000,1.561263,-1.249983,0.583957,-1.312845,-0.000000,0.297389,0.354721,0.000000,0.022694,-0.062862,-0.000000,0.016142,0.003437,0.000000
ideal,52.900000,1.575226,-1.232340,0.598626,-1.294943,-0.000000,0.293379,0.358044,0.000000,0.023400,-0.062603,-0.000000,0.016103,0.003619,0.000000
ideal,52.950000,1.588990,-1.214541,0.613093,-1.276876,-0.000000,0.289333,0.361322,0.000000,0.024103,-0.062335,-0.000000,0.016061,0.003799,0.000000
ideal,53.000000,1.602553,-1.196588,0.627355,-1.258649,-0.000000,0.285250,0.364554,0.000000,0.024802,-0.062060,-0.000000,0.016017,0.003980,0.000000
ideal,53.050000,1.615913,-1.178484,0.641412,-1.240262,-0.000000,0.281130,0.367740,0.000000,0.025499,-0.061777,-0.000000,0.015971,0.004160,0.000000
ideal,53.100000,1.629068,-1.160231,0.655261,-1.221718,-0.000000,0.276976,0.370880,0.000000,0.026192,-0.061487,-0.000000,0.015924,0.004339,0.000000
ideal,53.150000,1.642018,-1.141831,0.668900,-1.203019,-0.000000,0.272786,0.373972,0.000000,0.026883,-0.061188,-0.000000,0.015874,0.004518,0.000000
ideal,53.200000,1.654759,-1.123287,0.682328,-1.184168,-0.000000,0.268561,0.377017,0.000000,0.027569,-0.060882,-0.000000,0.015822,0.004696,0.000000
ideal,53.250000,1.667291,-1.104600,0.695543,-1.165168,-0.000000,0.264303,0.380015,0.000000,0.028252,-0.060568,-0.000000,0.015768,0.004874,0.000000
ideal,53.300000,1.679612,-1.085773,0.708544,-1.146019,-0.000000,0.260011,0.382964,0.000000,0.028932,-0.060246,-0.000000,0.015712,0.005051,0.000000
ideal,53.350000,1.691720,-1.066809,0.721328,-1.126726,-0.000000,0.255687,0.385865,0.000000,0.029608,-0.059917,-0.000000,0.015654,0.005228,0.000000
ideal,53.400000,1.703615,-1.047710,0.733895,-1.107290,-0.000000,0.251330,0.388717,0.000000,0.030280,-0.059580,-0.000000,0.015595,0.005403,0.000000
ideal,53.450000,1.715293,-1.028479,0.746242,-1.087714,-0.000000,0.246941,0.391519,0.000000,0.030948,-0.059235,-0.000000,0.015533,0.005578,0.000000
ideal,53.500000,1.726755,-1.009117,0.758368,-1.068001,-0.000000,0.242521,0.394273,0.000000,0.031613,-0.058884,-0.000000,0.015469,0.005753,0.000000
ideal,53.550000,1.737998,-0.989628,0.770271,-1.048152,-0.000000,0.238070,0.396976,0.000000,0.032273,-0.058524,-0.000000,0.015403,0.005927,0.000000
ideal,53.600000,1.749021,-0.970013,0.781951,-1.028170,-0.000000,0.233589,0.399629,0.000000,0.032930,-0.058157,-0.000000,0.015336,0.006099,0.000000
ideal,53.650000,1.759823,-0.950276,0.793405,-1.008059,-0.000000,0.229078,0.402232,0.000000,0.033582,-0.057783,-0.000000,0.015266,0.006272,0.000000
ideal,53.700000,1.770402,-0.930418,0.804631,-0.987820,-0.000000,0.224539,0.404783,0.000000,0.034230,-0.057402,-0.000000,0.015195,0.006443,0.000000
ideal,53.750000,1.780757,-0.910442,0.815630,-0.967456,-0.000000,0.219971,0.407284,0.000000,0.034873,-0.057013,-0.000000,0.015121,0.006613,0.000000
ideal,53.800000,1.790886,-0.890352,0.826399,-0.946969,-0.000000,0.215375,0.409733,0.000000,0.035512,-0.056617,-0.000000,0.015046,0.006783,0.000000
ideal,53.850000,1.800789,-0.870148,0.836936,-0.926362,-0.000000,0.210752,0.412130,0.000000,0.036147,-0.056214,-0.000000,0.014969,0.006952,0.000000
ideal,53.900000,1.810464,-0.849835,0.847241,-0.905639,-0.000000,0.206102,0.414474,0.000000,0.036777,-0.055804,-0.000000,0.014889,0.007120,0.000000
ideal,53.950000,1.819910,-0.829414,0.857313,-0.884800,-0.000000,0.201427,0.416767,0.000000,0.037403,-0.055387,-0.000000,0.014808,0.007287,0.000000
ideal,54.000000,1.829126,-0.808888,0.867149,-0.863850,-0.000000,0.196725,0.419006,0.000000,0.038023,-0.054962,-0.000000,0.014726,0.007453,0.000000
ideal,54.050000,1.838110,-0.788259,0.876749,-0.842790,-0.000000,0.191999,0.421193,0.000000,0.038639,-0.054531,-0.000000,0.014641,0.007618,0.000000
ideal,54.100000,1.846861,-0.767531,0.886111,-0.821624,-0.000000,0.187249,0.423326,0.000000,0.039250,-0.054093,-0.000000,0.014554,0.007783,0.000000
ideal,54.150000,1.855379,-0.746706,0.895235,-0.800354,-0.000000,0.182474,0.425406,0.000000,0.039856,-0.053648,-0.000000,0.014466,0.007946,0.000000
ideal,54.200000,1.863662,-0.725786,0.904119,-0.778982,-0.000000,0.177677,0.427432,0.000000,0.040457,-0.053196,-0.000000,0.014375,0.008108,0.000000
ideal,54.250000,1.871709,-0.704774,0.912762,-0.757512,-0.000000,0.172857,0.429404,0.000000,0.041053,-0.052738,-0.000000,0.014283,0.008269,0.000000
ideal,54.300000,1.879519,-0.683673,0.921163,-0.735946,-0.000000,0.168016,0.431321,0.000000,0.041644,-0.052273,-0.000000,0.014189,0.008429,0.000000
ideal,54.350000,1.887091,-0.662486,0.929320,-0.714287,-0.000000,0.163153,0.433184,0.000000,0.042229,-0.051801,-0.000000,0.014094,0.008588,0.000000
ideal,54.400000,1.894424,-0.641215,0.937234,-0.692537,-0.000000,0.158269,0.434992,0.000000,0.042809,-0.051322,-0.000000,0.013996,0.008746,0.000000
ideal,54.450000,1.901518,-0.619862,0.944902,-0.670700,-0.000000,0.153366,0.436745,0.000000,0.043384,-0.050838,-0.000000,0.013897,0.008903,0.000000
ideal,54.500000,1.908371,-0.598431,0.952324,-0.648778,-0.000000,0.148443,0.438443,0.000000,0.043953,-0.050346,-0.000000,0.013796,0.009059,0.000000
ideal,54.550000,1.914982,-0.576925,0.959499,-0.626774,-0.000000,0.143501,0.440085,0.000000,0.044517,-0.049849,-0.000000,0.013693,0.009214,0.000000
ideal,54.600000,1.921352,-0.555345,0.966426,-0.604690,-0.000000,0.138541,0.441671,0.000000,0.045075,-0.049345,-0.000000,0.013588,0.009367,0.000000
ideal,54.650000,1.927477,-0.533695,0.973105,-0.582530,-0.000000,0.133564,0.443202,0.000000,0.045627,-0.048835,-0.000000,0.013482,0.009519,0.000000
ideal,54.700000,1.933359,-0.511978,0.979533,-0.560296,-0.000000,0.128569,0.444676,0.000000,0.046174,-0.048318,-0.000000,0.013374,0.009671,0.000000
ideal,54.750000,1.938997,-0.490196,0.985711,-0.537991,-0.000000,0.123559,0.446095,0.000000,0.046714,-0.047796,-0.000000,0.013265,0.009820,0.000000
ideal,54.800000,1.944389,-0.468351,0.991638,-0.515619,-0.000000,0.118532,0.447456,0.000000,0.047249,-0.047267,-0.000000,0.013153,0.009969,0.000000
ideal,54.850000,1.949534,-0.446448,0.997312,-0.493180,-0.000000,0.113491,0.448762,0.000000,0.047778,-0.046733,-0.000000,0.013040,0.010116,0.000000
ideal,54.900000,1.954433,-0.424488,1.002734,-0.470680,-0.000000,0.108435,0.450010,0.000000,0.048300,-0.046192,-0.000000,0.012926,0.010262,0.000000
ideal,54.950000,1.959085,-0.402474,1.007902,-0.448120,-0.000000,0.103366,0.451201,0.000000,0.048817,-0.045646,-0.000000,0.012809,0.010407,0.000000
ideal,55.000000,1.963489,-0.380409,1.012816,-0.425503,-0.000000,0.098284,0.452336,0.000000,0.049327,-0.045094,-0.000000,0.012692,0.010551,0.000000
ideal,55.050000,1.967644,-0.358296,1.017476,-0.402832,-0.000000,0.093189,0.453413,0.000000,0.049832,-0.044536,-0.000000,0.012572,0.010693,0.000000
ideal,55.100000,1.971550,-0.336138,1.021880,-0.380111,-0.000000,0.088082,0.454432,0.000000,0.050329,-0.043973,-0.000000,0.012451,0.010833,0.000000
ideal,55.150000,1.975207,-0.313938,1.026028,-0.357341,-0.000000,0.082964,0.455394,0.000000,0.050821,-0.043404,-0.000000,0.012328,0.010973,0.000000
ideal,55.200000,1.978614,-0.291697,1.029920,-0.334526,-0.000000,0.077836,0.456299,0.000000,0.051306,-0.042829,-0.000000,0.012204,0.011111,0.000000
ideal,55.250000,1.981770,-0.269420,1.033555,-0.311669,-0.000000,0.072698,0.457146,0.000000,0.051785,-0.042249,-0.000000,0.012078,0.011247,0.000000
ideal,55.300000,1.984676,-0.247108,1.036932,-0.288772,-0.000000,0.067550,0.457935,0.000000,0.052257,-0.041664,-0.000000,0.011951,0.011383,0.000000
ideal,55.350000,1.987330,-0.224765,1.040052,-0.265839,-0.000000,0.062394,0.458666,0.000000,0.052722,-0.041073,-0.000000,0.011822,0.011516,0.000000
ideal,55.400000,1.989733,-0.202394,1.042914,-0.242872,-0.000000,0.057231,0.459338,0.000000,0.053181,-0.040478,-0.000000,0.011692,0.011649,0.000000
ideal,55.450000,1.991884,-0.179997,1.045517,-0.219874,-0.000000,0.052060,0.459953,0.000000,0.053633,-0.039877,-0.000000,0.011560,0.011779,0.000000
ideal,55.500000,1.993783,-0.157578,1.047861,-0.196849,-0.000000,0.046882,0.460510,0.000000,0.054078,-0.039271,-0.000000,0.011427,0.011909,0.000000
ideal,55.550000,1.995429,-0.135138,1.049946,-0.173798,-0.000000,0.041698,0.461008,0.000000,0.054516,-0.038660,-0.000000,0.011292,0.012036,0.000000
ideal,55.600000,1.996823,-0.112682,1.051771,-0.150726,-0.000000,0.036509,0.461448,0.000000,0.054948,-0.038044,-0.000000,0.011156,0.012163,0.000000
ideal,55.650000,1.997964,-0.090211,1.053337,-0.127635,-0.000000,0.031316,0.461829,0.000000,0.055372,-0.037424,-0.000000,0.011019,0.012287,0.000000
ideal,55.700000,1.998853,-0.067728,1.054643,-0.104527,-0.000000,0.026118,0.462153,0.000000,0.055790,-0.036799,-0.000000,0.010880,0.012411,0.000000
ideal,55.750000,1.999488,-0.045237,1.055689,-0.081406,-0.000000,0.020918,0.462417,0.000000,0.056200,-0.036169,-0.000000,0.010739,0.012532,0.000000
ideal,55.800000,1.999871,-0.022741,1.056474,-0.058275,-0.000000,0.015714,0.462623,0.000000,0.056604,-0.035534,-0.000000,0.010598,0.012652,0.000000
ideal,55.850000,2.000000,-0.000241,1.057000,-0.035136,-0.000000,0.010509,0.462771,0.000000,0.057000,-0.034895,-0.000000,0.010455,0.012771,0.000000
ideal,55.900000,1.999876,0.022258,1.057265,-0.011993,-0.000000,0.005302,0.462860,0.000000,0.057389,-0.034252,-0.000000,0.010310,0.012888,0.000000
ideal,55.950000,1.999499,0.044755,1.057270,0.011151,-0.000000,0.000095,0.462890,0.000000,0.057770,-0.033604,-0.000000,0.010165,0.013003,0.000000
ideal,56.000000,1.998869,0.067246,1.057014,0.034294,-0.000000,-0.005113,0.462862,0.000000,0.058145,-0.032952,-0.000000,0.010018,0.013116,0.000000
ideal,56.050000,1.997986,0.089729,1.056498,0.057433,-0.000000,-0.010319,0.462775,0.000000,0.058512,-0.032296,-0.000000,0.009870,0.013228,0.000000
ideal,56.100000,1.996850,0.112200,1.055722,0.080564,-0.000000,-0.015525,0.462630,0.000000,0.058871,-0.031635,-0.000000,0.009720,0.013338,0.000000
ideal,56.150000,1.995462,0.134657,1.054685,0.103686,-0.000000,-0.020728,0.462426,0.000000,0.059224,-0.030971,-0.000000,0.009569,0.013447,0.000000
ideal,56.200000,1.993821,0.157097,1.053389,0.126794,-0.000000,-0.025929,0.462163,0.000000,0.059568,-0.030303,-0.000000,0.009418,0.013554,0.000000
ideal,56.250000,1.991927,0.179517,1.051833,0.149886,-0.000000,-0.031127,0.461842,0.000000,0.059905,-0.029631,-0.000000,0.009264,0.013659,0.000000
ideal,56.300000,1.989782,0.201914,1.050016,0.172959,-0.000000,-0.036320,0.461463,0.000000,0.060235,-0.028955,-0.000000,0.009110,0.013762,0.000000
ideal,56.350000,1.987384,0.224286,1.047941,0.196010,-0.000000,-0.041510,0.461025,0.000000,0.060557,-0.028276,-0.000000,0.008955,0.013864,0.000000
ideal,56.400000,1.984735,0.246629,1.045606,0.219037,-0.000000,-0.046693,0.460529,0.000000,0.060871,-0.027593,-0.000000,0.008798,0.013964,0.000000
ideal,56.450000,1.981835,0.268942,1.043013,0.242036,-0.000000,-0.051871,0.459975,0.000000,0.061178,-0.026906,-0.000000,0.008641,0.014062,0.000000
ideal,56.500000,1.978684,0.291220,1.040161,0.265004,-0.000000,-0.057043,0.459362,0.000000,0.061476,-0.026216,-0.000000,0.008482,0.014158,0.000000
ideal,56.550000,1.975283,0.313461,1.037050,0.287938,-0.000000,-0.062207,0.458691,0.000000,0.061768,-0.025523,-0.000000,0.008322,0.014252,0.000000
ideal,56.600000,1.971631,0.335663,1.033682,0.310836,-0.000000,-0.067363,0.457962,0.000000,0.062051,-0.024826,-0.000000,0.008161,0.014345,0.000000
ideal,56.650000,1.967731,0.357822,1.030057,0.333695,-0.000000,-0.072511,0.457175,0.000000,0.062326,-0.024127,-0.000000,0.007999,0.014436,0.000000
ideal,56.700000,1.963581,0.379936,1.026174,0.356512,-0.000000,-0.077649,0.456331,0.000000,0.062594,-0.023424,-0.000000,0.007836,0.014525,0.000000
ideal,56.750000,1.959182,0.402001,1.022035,0.379283,-0.000000,-0.082778,0.455428,0.000000,0.062853,-0.022718,-0.000000,0.007673,0.014612,0.000000
ideal,56.800000,1.954536,0.424016,1.017641,0.402006,-0.000000,-0.087896,0.454468,0.000000,0.063105,-0.022010,-0.000000,0.007508,0.014698,0.000000
ideal,56.850000,1.949642,0.445978,1.012990,0.424679,-0.000000,-0.093003,0.453451,0.000000,0.063348,-0.021299,-0.000000,0.007342,0.014781,0.000000
ideal,56.900000,1.944502,0.467882,1.008085,0.447298,-0.000000,-0.098098,0.452376,0.000000,0.063584,-0.020585,-0.000000,0.007175,0.014863,0.000000
ideal,56.950000,1.939115,0.489728,1.002926,0.469860,-0.000000,-0.103181,0.451244,0.000000,0.063811,-0.019868,-0.000000,0.007007,0.014943,0.000000
ideal,57.000000,1.933483,0.511512,0.997514,0.492363,-0.000000,-0.108251,0.450054,0.000000,0.064031,-0.019149,-0.000000,0.006839,0.015021,0.000000
ideal,57.050000,1.927606,0.533230,0.991848,0.514803,-0.000000,-0.113307,0.448808,0.000000,0.064242,-0.018427,-0.000000,0.006669,0.015097,0.000000
ideal,57.100000,1.921485,0.554882,0.985931,0.537178,-0.000000,-0.118349,0.447505,0.000000,0.064446,-0.017703,-0.000000,0.006499,0.015171,0.000000
ideal,57.150000,1.915122,0.576463,0.979762,0.559486,-0.000000,-0.123376,0.446145,0.000000,0.064641,-0.016977,-0.000000,0.006328,0.015243,0.000000
ideal,57.200000,1.908515,0.597971,0.973343,0.581722,-0.000000,-0.128387,0.444729,0.000000,0.064828,-0.016249,-0.000000,0.006156,0.015313,0.000000
ideal,57.250000,1.901667,0.619404,0.966674,0.603885,-0.000000,-0.133382,0.443257,0.000000,0.065006,-0.015519,-0.000000,0.005984,0.015381,0.000000
ideal,57.300000,1.894579,0.640758,0.959756,0.625971,-0.000000,-0.138360,0.441728,0.000000,0.065177,-0.014786,-0.000000,0.005810,0.015448,0.000000
ideal,57.350000,1.887251,0.662031,0.952590,0.647978,-0.000000,-0.143321,0.440143,0.000000,0.065339,-0.014052,-0.000000,0.005636,0.015512,0.000000
ideal,57.400000,1.879684,0.683220,0.945176,0.669904,-0.000000,-0.148263,0.438503,0.000000,0.065493,-0.013316,-0.000000,0.005461,0.015575,0.000000
ideal,57.450000,1.871879,0.704323,0.937517,0.691744,-0.000000,-0.153187,0.436808,0.000000,0.065639,-0.012579,-0.000000,0.005286,0.015635,0.000000
ideal,57.500000,1.863837,0.725336,0.929613,0.713497,-0.000000,-0.158091,0.435057,0.000000,0.065776,-0.011839,-0.000000,0.005109,0.015693,0.000000
ideal,57.550000,1.855559,0.746258,0.921464,0.735159,-0.000000,-0.162976,0.433251,0.000000,0.065905,-0.011099,-0.000000,0.004933,0.015750,0.000000
ideal,57.600000,1.847046,0.767086,0.913072,0.756729,-0.000000,-0.167839,0.431390,0.000000,0.066026,-0.010357,-0.000000,0.004755,0.015804,0.000000
ideal,57.650000,1.838300,0.787816,0.904438,0.778203,-0.000000,-0.172682,0.429474,0.000000,0.066138,-0.009613,-0.000000,0.004577,0.015857,0.000000
ideal,57.700000,1.829321,0.808446,0.895563,0.799578,-0.000000,-0.177502,0.427505,0.000000,0.066242,-0.008869,-0.000000,0.004398,0.015907,0.000000
ideal,57.750000,1.820110,0.828975,0.886448,0.820852,-0.000000,-0.182300,0.425481,0.000000,0.066337,-0.008123,-0.000000,0.004219,0.015956,0.000000
ideal,57.800000,1.810669,0.849398,0.877094,0.842022,-0.000000,-0.187075,0.423403,0.000000,0.066425,-0.007376,-0.000000,0.004039,0.016002,0.000000
ideal,57.850000,1.800999,0.869714,0.867503,0.863086,-0.000000,-0.191827,0.421272,0.000000,0.066503,-0.006628,-0.000000,0.003859,0.016047,0.000000
ideal,57.900000,1.791101,0.889920,0.857675,0.884040,-0.000000,-0.196554,0.419087,0.000000,0.066574,-0.005880,-0.000000,0.003678,0.016089,0.000000
ideal,57.950000,1.780976,0.910013,0.847612,0.904882,-0.000000,-0.201256,0.416849,0.000000,0.066636,-0.005130,-0.000000,0.003497,0.016129,0.000000
ideal,58.000000,1.770626,0.929991,0.837315,0.925610,-0.000000,-0.205933,0.414559,0.000000,0.066689,-0.004380,-0.000000,0.003315,0.016168,0.000000
ideal,58.050000,1.760052,0.949851,0.826786,0.946221,-0.000000,-0.210583,0.412216,0.000000,0.066734,-0.003630,-0.000000,0.003133,0.016204,0.000000
ideal,58.100000,1.749255,0.969591,0.816026,0.966712,-0.000000,-0.215207,0.409821,0.000000,0.066771,-0.002879,-0.000000,0.002951,0.016238,0.000000
ideal,58.150000,1.738237,0.989208,0.805036,0.987081,-0.000000,-0.219804,0.407374,0.000000,0.066799,-0.002128,-0.000000,0.002768,0.016270,0.000000
ideal,58.200000,1.726998,1.008701,0.793817,1.007325,-0.000000,-0.224373,0.404875,0.000000,0.066819,-0.001376,-0.000000,0.002585,0.016301,0.000000
ideal,58.250000,1.715541,1.028065,0.782371,1.027441,-0.000000,-0.228914,0.402325,0.000000,0.066830,-0.000624,-0.000000,0.002401,0.016329,0.000000
ideal,58.300000,1.703867,1.047299,0.770700,1.047427,-0.000000,-0.233425,0.399725,0.000000,0.066833,0.000128,-0.000000,0.002217,0.016355,0.000000
ideal,58.350000,1.691978,1.066401,0.758805,1.067281,-0.000000,-0.237907,0.397073,0.000000,0.066827,0.000879,-0.000000,0.002033,0.016379,0.000000
ideal,58.400000,1.679874,1.085368,0.746687,1.086999,-0.000000,-0.242359,0.394372,0.000000,0.066813,0.001631,-0.000000,0.001849,0.016400,0.000000
ideal,58.450000,1.667557,1.104198,0.734348,1.106580,-0.000000,-0.246780,0.391621,0.000000,0.066790,0.002383,-0.000000,0.001664,0.016420,0.000000
ideal,58.500000,1.655030,1.122887,0.721789,1.126021,-0.000000,-0.251170,0.388820,0.000000,0.066759,0.003134,-0.000000,0.001479,0.016438,0.000000
ideal,58.550000,1.642293,1.141435,0.709013,1.145320,-0.000000,-0.255529,0.385969,0.000000,0.066720,0.003885,-0.000000,0.001294,0.016453,0.000000
ideal,58.600000,1.629348,1.159838,0.696020,1.164473,-0.000000,-0.259854,0.383070,0.000000,0.066672,0.004635,-0.000000,0.001109,0.016467,0.000000
ideal,58.650000,1.616197,1.178095,0.682813,1.183479,-0.000000,-0.264147,0.380123,0.000000,0.066616,0.005385,-0.000000,0.000924,0.016478,0.000000
ideal,58.700000,1.602842,1.196202,0.669392,1.202336,-0.000000,-0.268407,0.377127,0.000000,0.066551,0.006134,-0.000000,0.000738,0.016488,0.000000
ideal,58.750000,1.589283,1.214158,0.655761,1.221040,-0.000000,-0.272633,0.374084,0.000000,0.066478,0.006882,-0.000000,0.000553,0.016495,0.000000
ideal,58.800000,1.575524,1.231960,0.641920,1.239590,-0.000000,-0.276824,0.370993,0.000000,0.066396,0.007630,-0.000000,0.000367,0.016500,0.000000
ideal,58.850000,1.561565,1.249606,0.627871,1.257982,-0.000000,-0.280980,0.367855,0.000000,0.066306,0.008376,-0.000000,0.000182,0.016503,0.000000
ideal,58.900000,1.547408,1.267094,0.613616,1.276216,-0.000000,-0.285100,0.364671,0.000000,0.066208,0.009122,-0.000000,-0.000004,0.016504,0.000000
ideal,58.950000,1.533056,1.284422,0.599156,1.294288,-0.000000,-0.289185,0.361441,0.000000,0.066101,0.009866,-0.000000,-0.000190,0.016503,0.000000
ideal,59.000000,1.518509,1.301587,0.584495,1.312196,-0.000000,-0.293233,0.358165,0.000000,0.065986,0.010609,-0.000000,-0.000375,0.016500,0.000000
ideal,59.050000,1.503771,1.318588,0.569633,1.329938,-0.000000,-0.297243,0.354843,0.000000,0.065862,0.011350,-0.000000,-0.000561,0.016495,0.000000
ideal,59.100000,1.488842,1.335422,0.554572,1.347512,-0.000000,-0.301216,0.351477,0.000000,0.065730,0.012091,-0.000000,-0.000747,0.016487,0.000000
ideal,59.150000,1.473724,1.352086,0.539314,1.364916,-0.000000,-0.305151,0.348066,0.000000,0.065590,0.012829,-0.000000,-0.000932,0.016478,0.000000
ideal,59.200000,1.458420,1.368580,0.523862,1.382146,-0.000000,-0.309048,0.344611,0.000000,0.065442,0.013566,-0.000000,-0.001117,0.016466,0.000000
ideal,59.250000,1.442932,1.384900,0.508217,1.399202,-0.000000,-0.312905,0.341112,0.000000,0.065285,0.014302,-0.000000,-0.001302,0.016453,0.000000
ideal,59.300000,1.427261,1.401045,0.492380,1.416080,-0.000000,-0.316723,0.337571,0.000000,0.065120,0.015035,-0.000000,-0.001487,0.016437,0.000000
ideal,59.350000,1.411409,1.417013,0.476355,1.432780,-0.000000,-0.320500,0.333986,0.000000,0.064946,0.015767,-0.000000,-0.001672,0.016419,0.000000
ideal,59.400000,1.395379,1.432801,0.460144,1.449298,-0.000000,-0.324237,0.330360,0.000000,0.064765,0.016497,-0.000000,-0.001857,0.016399,0.000000
ideal,59.450000,1.379172,1.448408,0.443747,1.465632,-0.000000,-0.327933,0.326691,0.000000,0.064575,0.017224,-0.000000,-0.002041,0.016378,0.000000
ideal,59.500000,1.362790,1.463832,0.427168,1.481781,-0.000000,-0.331587,0.322981,0.000000,0.064377,0.017949,-0.000000,-0.002225,0.016354,0.000000
ideal,59.550000,1.346236,1.479070,0.410408,1.497743,-0.000000,-0.335200,0.319231,0.000000,0.064171,0.018673,-0.000000,-0.002409,0.016327,0.000000
ideal,59.600000,1.329512,1.494121,0.393469,1.513515,-0.000000,-0.338770,0.315439,0.000000,0.063957,0.019393,-0.000000,-0.002593,0.016299,0.000000
ideal,59.650000,1.312619,1.508984,0.376354,1.529095,-0.000000,-0.342297,0.311608,0.000000,0.063735,0.020112,-0.000000,-0.002776,0.016269,0.000000
ideal,59.700000,1.295560,1.523655,0.359065,1.544482,-0.000000,-0.345781,0.307738,0.000000,0.063505,0.020827,-0.000000,-0.002959,0.016237,0.000000
ideal,59.750000,1.278338,1.538133,0.341604,1.559673,-0.000000,-0.349221,0.303828,0.000000,0.063267,0.021540,-0.000000,-0.003141,0.016203,0.000000
ideal,59.800000,1.260953,1.552417,0.323973,1.574667,-0.000000,-0.352617,0.299881,0.000000,0.063020,0.022251,-0.000000,-0.003323,0.016166,0.000000
ideal,59.850000,1.243409,1.566504,0.306175,1.589462,-0.000000,-0.355968,0.295895,0.000000,0.062766,0.022958,-0.000000,-0.003505,0.016128,0.000000
ideal,59.900000,1.225707,1.580393,0.288211,1.604056,-0.000000,-0.359275,0.291871,0.000000,0.062504,0.023663,-0.000000,-0.003686,0.016087,0.000000
ideal,59.950000,1.207851,1.594082,0.270084,1.618446,-0.000000,-0.362535,0.287811,0.000000,0.062233,0.024365,-0.000000,-0.003867,0.016045,0.000000
ideal,60.000000,1.189841,1.607569,0.251797,1.632632,-0.000000,-0.365750,0.283715,0.000000,0.061955,0.025063,-0.000000,-0.004047,0.016000,0.000000
ideal,60.050000,1.171681,1.620853,0.233351,1.646611,-0.000000,-0.368919,0.279582,0.000000,0.061670,0.025759,-0.000000,-0.004227,0.015954,0.000000
delayed,0.050000,1.999873,0.022500,3.800000,-0.500000,-0.500000,-0.122162,0.082976,0.087259,2.800127,-0.522500,-0.500000,0.005062,-0.449972,0.000000
delayed,0.100000,1.999494,0.044996,3.800000,-0.500000,-0.500000,-0.122856,0.083954,0.087259,2.800506,-0.544996,-0.500000,0.010124,-0.449886,0.000000
delayed,0.150000,1.998861,0.067487,3.800000,-0.500000,-0.500000,-0.123560,0.084924,0.087259,2.801139,-0.567487,-0.500000,0.015185,-0.449744,0.000000
delayed,0.200000,1.997975,0.089970,3.800000,-0.500000,-0.500000,-0.124275,0.085886,0.087259,2.802025,-0.589970,-0.500000,0.020243,-0.449544,0.000000
delayed,0.250000,1.996837,0.112441,3.799832,-0.499886,-0.499880,-0.125002,0.086839,0.087259,2.802995,-0.612327,-0.499880,0.016973,-0.443633,0.005947
delayed,0.300000,1.995445,0.134898,3.799030,-0.499340,-0.499308,-0.132926,0.092667,0.091568,2.803584,-0.634238,-0.499308,0.009343,-0.434671,0.014972
delayed,0.350000,1.993802,0.157337,3.797634,-0.498388,-0.498315,-0.144597,0.101054,0.098040,2.803832,-0.655726,-0.498315,0.003040,-0.426504,0.022996
delayed,0.400000,1.991905,0.179757,3.795707,-0.497069,-0.496948,-0.155104,0.108678,0.103709,2.803801,-0.676827,-0.496948,-0.002087,-0.419039,0.030129
delayed,0.450000,1.989757,0.202154,3.793302,-0.495419,-0.495248,-0.164577,0.115622,0.108665,2.803545,-0.697573,-0.495248,-0.006170,-0.412192,0.036470
delayed,0.500000,1.987357,0.224526,3.790461,-0.493462,-0.493247,-0.173133,0.121961,0.112986,2.803104,-0.717988,-0.493247,-0.009818,-0.405557,0.042401
delayed,0.550000,1.984705,0.246869,3.787182,-0.491198,-0.490951,-0.181299,0.128045,0.116955,2.802477,-0.738067,-0.490951,-0.013643,-0.398720,0.048299
delayed,0.600000,1.981803,0.269181,3.783453,-0.488616,-0.488360,-0.189605,0.134231,0.120850,2.801651,-0.757797,-0.488360,-0.017709,-0.391641,0.054207
delayed,0.650000,1.978649,0.291458,3.779267,-0.485709,-0.485476,-0.198102,0.140556,0.124699,2.800618,-0.777167,-0.485476,-0.021870,-0.384418,0.060039
delayed,0.700000,1.975245,0.313699,3.774622,-0.482476,-0.482304,-0.206665,0.146933,0.128443,2.799377,-0.796175,-0.482304,-0.026010,-0.377133,0.065731
delayed,0.750000,1.971591,0.335900,3.769522,-0.478918,-0.478852,-0.215192,0.153291,0.132034,2.797931,-0.814818,-0.478852,-0.030067,-0.369829,0.071246
delayed,0.800000,1.967687,0.358059,3.763973,-0.475037,-0.475129,-0.223630,0.159594,0.135447,2.796285,-0.833096,-0.475129,-0.034045,-0.362506,0.076585
delayed,0.850000,1.963535,0.380173,3.757977,-0.470834,-0.471145,-0.231981,0.165841,0.138685,2.794442,-0.851007,-0.471145,-0.037973,-0.355146,0.081761
delayed,0.900000,1.959134,0.402238,3.751537,-0.466311,-0.466907,-0.240270,0.172048,0.141759,2.792404,-0.868549,-0.466907,-0.041871,-0.347737,0.086782
delayed,0.950000,1.954485,0.424252,3.744656,-0.461467,-0.462422,-0.248514,0.178224,0.144675,2.790171,-0.885719,-0.462422,-0.045745,-0.340279,0.091651
delayed,1.000000,1.949588,0.446213,3.737334,-0.456302,-0.457698,-0.256717,0.184372,0.147438,2.787746,-0.902515,-0.457698,-0.049591,-0.332775,0.096366
delayed,1.050000,1.944445,0.468117,3.729574,-0.450818,-0.452743,-0.264876,0.190487,0.150047,2.785129,-0.918934,-0.452743,-0.053406,-0.325230,0.100924
delayed,1.100000,1.939056,0.489962,3.721378,-0.445014,-0.447565,-0.272986,0.196566,0.152502,2.782322,-0.934976,-0.447565,-0.057186,-0.317649,0.105325
delayed,1.150000,1.933421,0.511745,3.712749,-0.438893,-0.442172,-0.281046,0.202604,0.154803,2.779328,-0.950638,-0.442172,-0.060932,-0.310032,0.109568
delayed,1.200000,1.927542,0.533463,3.703689,-0.432455,-0.436571,-0.289053,0.208601,0.156951,2.776147,-0.965918,-0.436571,-0.064645,-0.302381,0.113653
delayed,1.250000,1.921418,0.555114,3.694200,-0.425702,-0.430770,-0.297009,0.214556,0.158948,2.772782,-0.980815,-0.430770,-0.068326,-0.294697,0.117581
delayed,1.300000,1.915052,0.576694,3.684286,-0.418634,-0.424778,-0.304914,0.220468,0.160796,2.769234,-0.995327,-0.424778,-0.071976,-0.286983,0.121352
delayed,1.350000,1.908443,0.598201,3.673947,-0.411252,-0.418602,-0.312769,0.226334,0.162496,2.765504,-1.009453,-0.418602,-0.075595,-0.279239,0.124966
delayed,1.400000,1.901593,0.619633,3.663187,-0.403558,-0.412250,-0.320573,0.232155,0.164050,2.761594,-1.023191,-0.412250,-0.079183,-0.271468,0.128424
delayed,1.450000,1.894502,0.640986,3.652008,-0.395554,-0.405729,-0.328325,0.237928,0.165459,2.757506,-1.036540,-0.405729,-0.082741,-0.263672,0.131726
delayed,1.500000,1.887171,0.662258,3.640412,-0.387241,-0.399048,-0.336025,0.243652,0.166726,2.753241,-1.049499,-0.399048,-0.086268,-0.255851,0.134874
delayed,1.550000,1.879601,0.683447,3.628402,-0.378620,-0.392215,-0.343673,0.249325,0.167852,2.748800,-1.062066,-0.392215,-0.089766,-0.248009,0.137867
delayed,1.600000,1.871794,0.704548,3.615980,-0.369693,-0.385236,-0.351269,0.254946,0.168839,2.744186,-1.074241,-0.385236,-0.093233,-0.240147,0.140707
delayed,1.650000,1.863749,0.725561,3.603149,-0.360461,-0.378120,-0.358812,0.260514,0.169689,2.739399,-1.086022,-0.378120,-0.096672,-0.232266,0.143394
delayed,1.700000,1.855469,0.746482,3.589910,-0.350928,-0.370874,-0.366302,0.266028,0.170404,2.734442,-1.097410,-0.370874,-0.100082,-0.224369,0.145929
delayed,1.750000,1.846954,0.767308,3.576268,-0.341093,-0.363505,-0.373740,0.271486,0.170985,2.729314,-1.108402,-0.363505,-0.103463,-0.216457,0.148314
delayed,1.800000,1.838205,0.788038,3.562224,-0.330960,-0.356022,-0.381124,0.276886,0.171436,2.724019,-1.118998,-0.356022,-0.106816,-0.208531,0.150550
delayed,1.850000,1.829223,0.808667,3.547780,-0.320531,-0.348432,-0.388454,0.282228,0.171758,2.718557,-1.129198,-0.348432,-0.110142,-0.200594,0.152638
delayed,1.900000,1.820010,0.829194,3.532939,-0.309807,-0.340741,-0.395731,0.287511,0.171954,2.712929,-1.139001,-0.340741,-0.113439,-0.192648,0.154579
delayed,1.950000,1.810567,0.849616,3.517705,-0.298790,-0.332958,-0.402953,0.292732,0.172025,2.707138,-1.148406,-0.332958,-0.116709,-0.184693,0.156375
delayed,2.000000,1.800894,0.869931,3.502078,-0.287483,-0.325089,-0.410121,0.297891,0.171975,2.701184,-1.157414,-0.325089,-0.119953,-0.176732,0.158028
delayed,2.050000,1.790994,0.890136,3.486062,-0.275889,-0.317142,-0.417235,0.302987,0.171805,2.695069,-1.166024,-0.317142,-0.123169,-0.168766,0.159538
delayed,2.100000,1.780867,0.910228,3.469660,-0.264009,-0.309123,-0.424293,0.308018,0.171518,2.688793,-1.174236,-0.309123,-0.126360,-0.160797,0.160908
delayed,2.150000,1.770514,0.930204,3.452874,-0.251846,-0.301040,-0.431297,0.312983,0.171116,2.682360,-1.182050,-0.301040,-0.129524,-0.152827,0.162139
delayed,2.200000,1.759937,0.950063,3.435706,-0.239402,-0.292900,-0.438245,0.317882,0.170602,2.675768,-1.189465,-0.292900,-0.132663,-0.144858,0.163233
delayed,2.250000,1.749138,0.969802,3.418159,-0.226681,-0.284709,-0.445138,0.322712,0.169977,2.669021,-1.196483,-0.284709,-0.135776,-0.136890,0.164191
delayed,2.300000,1.738117,0.989418,3.400237,-0.213684,-0.276474,-0.451975,0.327473,0.169246,2.662119,-1.203102,-0.276474,-0.138865,-0.128926,0.165017
delayed,2.350000,1.726877,1.008909,3.381940,-0.200414,-0.268202,-0.458756,0.332164,0.168410,2.655064,-1.209323,-0.268202,-0.141928,-0.120967,0.165711
delayed,2.400000,1.715417,1.028272,3.363273,-0.186875,-0.259899,-0.465481,0.336783,0.167472,2.647856,-1.215147,-0.259899,-0.144967,-0.113016,0.166276
delayed,2.450000,1.703741,1.047505,3.344238,-0.173069,-0.251571,-0.472149,0.341330,0.166434,2.640497,-1.220574,-0.251571,-0.147982,-0.105072,0.166713
delayed,2.500000,1.691849,1.066605,3.324837,-0.158998,-0.243226,-0.478761,0.345803,0.165300,2.632988,-1.225604,-0.243226,-0.150973,-0.097139,0.167026
delayed,2.550000,1.679743,1.085571,3.305074,-0.144667,-0.234868,-0.485315,0.350202,0.164071,2.625331,-1.230238,-0.234868,-0.153940,-0.089218,0.167215
delayed,2.600000,1.667424,1.104399,3.284950,-0.130077,-0.226504,-0.491812,0.354525,0.162750,2.617526,-1.234476,-0.226504,-0.156885,-0.081310,0.167284
delayed,2.650000,1.654894,1.123087,3.264469,-0.115233,-0.218141,-0.498252,0.358771,0.161340,2.609574,-1.238320,-0.218141,-0.159806,-0.073417,0.167234
delayed,2.700000,1.642155,1.141633,3.243633,-0.100137,-0.209784,-0.504634,0.362940,0.159845,2.601478,-1.241770,-0.209784,-0.162704,-0.065540,0.167068
delayed,2.750000,1.629208,1.160035,3.222445,-0.084792,-0.201438,-0.510959,0.367030,0.158265,2.593237,-1.244827,-0.201438,-0.165580,-0.057681,0.166788
delayed,2.800000,1.616055,1.178290,3.200908,-0.069202,-0.193109,-0.517224,0.371042,0.156605,2.584853,-1.247491,-0.193109,-0.168434,-0.049841,0.166396
delayed,2.850000,1.602697,1.196395,3.179025,-0.053369,-0.184804,-0.523432,0.374972,0.154866,2.576327,-1.249765,-0.184804,-0.171266,-0.042023,0.165896
delayed,2.900000,1.589137,1.214349,3.156798,-0.037299,-0.176527,-0.529581,0.378822,0.153052,2.567661,-1.251648,-0.176527,-0.174077,-0.034227,0.165288
delayed,2.950000,1.575375,1.232150,3.134230,-0.020993,-0.168283,-0.535671,0.382589,0.151165,2.558855,-1.253143,-0.168283,-0.176866,-0.026455,0.164576
delayed,3.000000,1.561414,1.249795,3.111324,-0.004455,-0.160078,-0.541702,0.386273,0.149208,2.549910,-1.254250,-0.160078,-0.179634,-0.018709,0.163762
delayed,3.050000,1.547255,1.267281,3.088083,0.012311,-0.151916,-0.547674,0.389874,0.147183,2.540828,-1.254970,-0.151916,-0.182381,-0.010990,0.162849
delayed,3.100000,1.532901,1.284607,3.064509,0.029301,-0.143803,-0.553586,0.393390,0.145094,2.531609,-1.255306,-0.143803,-0.185108,-0.003299,0.161840
delayed,3.150000,1.518352,1.301771,3.040606,0.046513,-0.135743,-0.559438,0.396820,0.142943,2.522254,-1.255258,-0.135743,-0.187815,0.004363,0.160736
delayed,3.200000,1.503611,1.318769,3.016376,0.063941,-0.127742,-0.565230,0.400165,0.140733,2.512765,-1.254828,-0.127742,-0.190501,0.011992,0.159540
delayed,3.250000,1.488680,1.335601,2.991823,0.081583,-0.119802,-0.570962,0.403422,0.138466,2.503142,-1.254018,-0.119802,-0.193168,0.019590,0.158255
delayed,3.300000,1.473561,1.352264,2.966948,0.099434,-0.111930,-0.576634,0.406592,0.136145,2.493387,-1.252830,-0.111930,-0.195815,0.027153,0.156884
delayed,3.350000,1.458255,1.368756,2.941755,0.117491,-0.104129,-0.582245,0.409674,0.133772,2.483500,-1.251264,-0.104129,-0.198442,0.034680,0.155429
delayed,3.400000,1.442765,1.385074,2.916247,0.135751,-0.096402,-0.587795,0.412666,0.131351,2.473483,-1.249323,-0.096402,-0.201051,0.042171,0.153892
delayed,3.450000,1.427092,1.401217,2.890427,0.154208,-0.088755,-0.593283,0.415569,0.128884,2.463336,-1.247010,-0.088755,-0.203641,0.049624,0.152277
delayed,3.500000,1.411238,1.417183,2.864298,0.172858,-0.081191,-0.598711,0.418381,0.126373,2.453060,-1.244324,-0.081191,-0.206212,0.057037,0.150586
delayed,3.550000,1.395206,1.432969,2.837862,0.191699,-0.073714,-0.604077,0.421102,0.123822,2.442656,-1.241270,-0.073714,-0.208765,0.064409,0.148821
delayed,3.600000,1.378997,1.448574,2.811122,0.210726,-0.066327,-0.609381,0.423732,0.121232,2.432125,-1.237848,-0.066327,-0.211300,0.071739,0.146986
delayed,3.650000,1.362613,1.463996,2.784082,0.229934,-0.059034,-0.614622,0.426269,0.118606,2.421469,-1.234062,-0.059034,-0.213817,0.079025,0.145082
delayed,3.700000,1.346058,1.479233,2.756745,0.249320,-0.051839,-0.619802,0.428714,0.115947,2.410687,-1.229912,-0.051839,-0.216316,0.086267,0.143113
delayed,3.750000,1.329331,1.494282,2.729112,0.268879,-0.044743,-0.624919,0.431065,0.113258,2.399781,-1.225402,-0.044743,-0.218797,0.093462,0.141081
delayed,3.800000,1.312437,1.509142,2.701189,0.288607,-0.037751,-0.629974,0.433323,0.110540,2.388752,-1.220534,-0.037751,-0.221261,0.100611,0.138989
delayed,3.850000,1.295376,1.523811,2.672976,0.308500,-0.030865,-0.634965,0.435486,0.107796,2.377600,-1.215310,-0.030865,-0.223708,0.107710,0.136839
delayed,3.900000,1.278152,1.538287,2.644478,0.328554,-0.024088,-0.639893,0.437554,0.105029,2.366326,-1.209733,-0.024088,-0.226138,0.114760,0.134634
delayed,3.950000,1.260766,1.552569,2.615698,0.348764,-0.017424,-0.644758,0.439527,0.102241,2.354932,-1.203805,-0.017424,-0.228551,0.121759,0.132377
delayed,4.000000,1.243220,1.566654,2.586638,0.369125,-0.010873,-0.649560,0.441404,0.099434,2.343418,-1.197529,-0.010873,-0.230948,0.128706,0.130069
delayed,4.050000,1.225517,1.580541,2.557302,0.389634,-0.004440,-0.654297,0.443185,0.096610,2.331785,-1.190907,-0.004440,-0.233328,0.135600,0.127715
delayed,4.100000,1.207659,1.594227,2.527692,0.410285,0.001875,-0.658971,0.444870,0.093773,2.320033,-1.183942,0.001875,-0.235692,0.142439,0.125315
delayed,4.150000,1.189647,1.607712,2.497811,0.431075,0.008068,-0.663581,0.446457,0.090924,2.308164,-1.176637,0.008068,-0.238040,0.149222,0.122873
delayed,4.200000,1.171486,1.620994,2.467664,0.451999,0.014138,-0.668125,0.447947,0.088065,2.296178,-1.168995,0.014138,-0.240371,0.155949,0.120392
delayed,4.250000,1.153176,1.634070,2.437252,0.473052,0.020083,-0.672606,0.449340,0.085199,2.284076,-1.161018,0.020083,-0.242688,0.162617,0.117873
delayed,4.300000,1.134720,1.646940,2.406580,0.494230,0.025901,-0.677021,0.450634,0.082327,2.271860,-1.152710,0.025901,-0.244988,0.169227,0.115320
delayed,4.350000,1.116120,1.659601,2.375649,0.515528,0.031590,-0.681372,0.451831,0.079452,2.259528,-1.144073,0.031590,-0.247273,0.175777,0.112734
delayed,4.400000,1.097380,1.672052,2.344463,0.536941,0.037149,-0.685657,0.452928,0.076577,2.247084,-1.135111,0.037149,-0.249543,0.182265,0.110118
delayed,4.450000,1.078500,1.684291,2.313026,0.558465,0.042577,-0.689877,0.453927,0.073702,2.234526,-1.125826,0.042577,-0.251797,0.188692,0.107475
delayed,4.500000,1.059484,1.696318,2.281341,0.580096,0.047871,-0.694031,0.454827,0.070830,2.221857,-1.116222,0.047871,-0.254037,0.195055,0.104807
delayed,4.550000,1.040334,1.708129,2.249409,0.601827,0.053032,-0.698119,0.455628,0.067963,2.209076,-1.106302,0.053032,-0.256261,0.201354,0.102116
delayed,4.600000,1.021052,1.719725,2.217236,0.623656,0.058057,-0.702141,0.456329,0.065103,2.196184,-1.096069,0.058057,-0.258471,0.207588,0.099404
delayed,4.650000,1.001641,1.731102,2.184824,0.645576,0.062946,-0.706097,0.456931,0.062252,2.183183,-1.085526,0.062946,-0.260666,0.213755,0.096675
delayed,4.700000,0.982103,1.742261,2.152176,0.667584,0.067698,-0.709986,0.457433,0.059411,2.170073,-1.074677,0.067698,-0.262846,0.219856,0.093929
delayed,4.750000,0.962441,1.753199,2.119295,0.689674,0.072312,-0.713809,0.457835,0.056582,2.156854,-1.063526,0.072312,-0.265012,0.225888,0.091170
delayed,4.800000,0.942657,1.763916,2.086184,0.711841,0.076788,-0.717565,0.458137,0.053767,2.143528,-1.052075,0.076788,-0.267163,0.231851,0.088399
delayed,4.850000,0.922753,1.774409,2.052848,0.734081,0.081126,-0.721254,0.458338,0.050969,2.130094,-1.040328,0.081126,-0.269301,0.237745,0.085619
delayed,4.900000,0.902733,1.784677,2.019288,0.756389,0.085324,-0.724875,0.458440,0.048187,2.116555,-1.028288,0.085324,-0.271424,0.243567,0.082832
delayed,4.950000,0.882599,1.794720,1.985509,0.778760,0.089382,-0.728430,0.458441,0.045425,2.102910,-1.015960,0.089382,-0.273533,0.249318,0.080039
delayed,5.000000,0.862353,1.804535,1.951513,0.801189,0.093301,-0.731916,0.458343,0.042684,2.089160,-1.003346,0.093301,-0.275628,0.254996,0.077244
delayed,5.050000,0.841998,1.814122,1.917305,0.823672,0.097080,-0.735335,0.458144,0.039964,2.075307,-0.990451,0.097080,-0.277708,0.260601,0.074447
delayed,5.100000,0.821536,1.823480,1.882886,0.846202,0.100719,-0.738686,0.457844,0.037268,2.061350,-0.977277,0.100719,-0.279776,0.266132,0.071652
delayed,5.150000,0.800970,1.832606,1.848260,0.868777,0.104218,-0.741968,0.457444,0.034598,2.047290,-0.963830,0.104218,-0.281829,0.271588,0.068859
delayed,5.200000,0.780303,1.841501,1.813431,0.891389,0.107578,-0.745182,0.456945,0.031953,2.033128,-0.950112,0.107578,-0.283868,0.276968,0.066071
delayed,5.250000,0.759538,1.850163,1.778402,0.914035,0.110799,-0.748328,0.456345,0.029337,2.018865,-0.936128,0.110799,-0.285894,0.282271,0.063290
delayed,5.300000,0.738676,1.858590,1.743176,0.936710,0.113881,-0.751405,0.455645,0.026750,2.004501,-0.921880,0.113881,-0.287906,0.287497,0.060517
delayed,5.350000,0.717720,1.866783,1.707757,0.959408,0.116824,-0.754413,0.454845,0.024193,1.990037,-0.907374,0.116824,-0.289905,0.292645,0.057755
delayed,5.400000,0.696674,1.874739,1.672148,0.982126,0.119630,-0.757353,0.453945,0.021667,1.975474,-0.892613,0.119630,-0.291890,0.297714,0.055004
delayed,5.450000,0.675539,1.882458,1.636352,1.004856,0.122299,-0.760222,0.452946,0.019175,1.960812,-0.877601,0.122299,-0.293861,0.302703,0.052267
delayed,5.500000,0.654319,1.889938,1.600372,1.027596,0.124831,-0.763023,0.451847,0.016716,1.946053,-0.862342,0.124831,-0.295819,0.307613,0.049546
delayed,5.550000,0.633017,1.897179,1.564213,1.050339,0.127228,-0.765754,0.450649,0.014293,1.931196,-0.846840,0.127228,-0.297763,0.312441,0.046841
delayed,5.600000,0.611634,1.904181,1.527877,1.073082,0.129490,-0.768415,0.449352,0.011905,1.916243,-0.831099,0.129490,-0.299694,0.317188,0.044155
delayed,5.650000,0.590174,1.910941,1.491367,1.095818,0.131618,-0.771007,0.447956,0.009554,1.901194,-0.815123,0.131618,-0.301612,0.321853,0.041489
delayed,5.700000,0.568639,1.917459,1.454688,1.118542,0.133614,-0.773528,0.446461,0.007242,1.886049,-0.798917,0.133614,-0.303516,0.326435,0.038845
delayed,5.750000,0.547032,1.923735,1.417842,1.141251,0.135478,-0.775979,0.444868,0.004968,1.870810,-0.782484,0.135478,-0.305407,0.330934,0.036223
delayed,5.800000,0.525355,1.929767,1.380833,1.163939,0.137211,-0.778360,0.443177,0.002734,1.855477,-0.765828,0.137211,-0.307284,0.335349,0.033627
delayed,5.850000,0.503613,1.935555,1.343664,1.186600,0.138816,-0.780671,0.441388,0.000540,1.840051,-0.748955,0.138816,-0.309148,0.339680,0.031055
delayed,5.900000,0.481806,1.941098,1.306339,1.209231,0.140293,-0.782910,0.439502,-0.001612,1.824533,-0.731867,0.140293,-0.310998,0.343925,0.028511
delayed,5.950000,0.459939,1.946396,1.268861,1.231825,0.141643,-0.785079,0.437518,-0.003722,1.808922,-0.714570,0.141643,-0.312835,0.348085,0.025995
delayed,6.000000,0.438013,1.951447,1.231234,1.254379,0.142869,-0.787177,0.435438,-0.005790,1.793220,-0.697068,0.142869,-0.314659,0.352159,0.023509
delayed,6.050000,0.416032,1.956251,1.193461,1.276887,0.143971,-0.789204,0.433261,-0.007814,1.777428,-0.679364,0.143971,-0.316469,0.356147,0.021054
delayed,6.100000,0.393999,1.960807,1.155545,1.299343,0.144952,-0.791160,0.430989,-0.009795,1.761546,-0.661464,0.144952,-0.318265,0.360047,0.018630
delayed,6.150000,0.371915,1.965116,1.117490,1.321744,0.145812,-0.793045,0.428620,-0.011731,1.745575,-0.643371,0.145812,-0.320048,0.363860,0.016239
delayed,6.200000,0.349784,1.969175,1.079300,1.344085,0.146553,-0.794858,0.426157,-0.013622,1.729516,-0.625090,0.146553,-0.321817,0.367585,0.013883
delayed,6.250000,0.327610,1.972986,1.040978,1.366359,0.147178,-0.796599,0.423599,-0.015467,1.713368,-0.606626,0.147178,-0.323573,0.371222,0.011561
delayed,6.300000,0.305393,1.976546,1.002527,1.388564,0.147688,-0.798269,0.420947,-0.017266,1.697134,-0.587983,0.147688,-0.325314,0.374770,0.009276
delayed,6.350000,0.283138,1.979857,0.963951,1.410692,0.148085,-0.799867,0.418200,-0.019020,1.680813,-0.569165,0.148085,-0.327043,0.378229,0.007027
delayed,6.400000,0.260847,1.982917,0.925254,1.432741,0.148370,-0.801393,0.415361,-0.020726,1.664406,-0.550176,0.148370,-0.328757,0.381599,0.004816
delayed,6.450000,0.238524,1.985726,0.886438,1.454704,0.148546,-0.802847,0.412429,-0.022386,1.647915,-0.531022,0.148546,-0.330457,0.384879,0.002644
delayed,6.500000,0.216170,1.988283,0.847508,1.476577,0.148614,-0.804229,0.409404,-0.023999,1.631339,-0.511707,0.148614,-0.332144,0.388068,0.000511
delayed,6.550000,0.193788,1.990589,0.808467,1.498355,0.148577,-0.805539,0.406288,-0.025564,1.614679,-0.492234,0.148577,-0.333816,0.391168,-0.001582
delayed,6.600000,0.171382,1.992644,0.769319,1.520034,0.148437,-0.806776,0.403081,-0.027081,1.597936,-0.472610,0.148437,-0.335475,0.394176,-0.003634
delayed,6.650000,0.148955,1.994445,0.730066,1.541608,0.148195,-0.807941,0.399783,-0.028551,1.581112,-0.452838,0.148195,-0.337119,0.397094,-0.005644
delayed,6.700000,0.126508,1.995995,0.690713,1.563073,0.147854,-0.809033,0.396395,-0.029972,1.564205,-0.432922,0.147854,-0.338749,0.399921,-0.007612
delayed,6.750000,0.104046,1.997292,0.651264,1.584423,0.147416,-0.810052,0.392918,-0.031346,1.547218,-0.412868,0.147416,-0.340365,0.402655,-0.009538
delayed,6.800000,0.081570,1.998336,0.611721,1.605655,0.146883,-0.810999,0.389352,-0.032672,1.530151,-0.392681,0.146883,-0.341966,0.405299,-0.011420
delayed,6.850000,0.059084,1.999127,0.572089,1.626764,0.146257,-0.811873,0.385698,-0.033949,1.513004,-0.372363,0.146257,-0.343553,0.407850,-0.013258
delayed,6.900000,0.036591,1.999665,0.532370,1.647744,0.145540,-0.812674,0.381957,-0.035179,1.495779,-0.351921,0.145540,-0.345125,0.410309,-0.015053
delayed,6.950000,0.014093,1.999950,0.492569,1.668591,0.144735,-0.813402,0.378129,-0.036360,1.478476,-0.331359,0.144735,-0.346682,0.412676,-0.016802
delayed,7.000000,-0.008407,1.999982,0.452689,1.689301,0.143844,-0.814057,0.374215,-0.037494,1.461096,-0.310681,0.143844,-0.348225,0.414950,-0.018507
delayed,7.050000,-0.030906,1.999761,0.412733,1.709869,0.142869,-0.814639,0.370216,-0.038579,1.443639,-0.289892,0.142869,-0.349753,0.417132,-0.020166
delayed,7.100000,-0.053401,1.999287,0.372706,1.730290,0.141813,-0.815147,0.366132,-0.039618,1.426107,-0.268997,0.141813,-0.351265,0.419222,-0.021780
delayed,7.150000,-0.075889,1.998560,0.332611,1.750560,0.140677,-0.815583,0.361964,-0.040608,1.408500,-0.248000,0.140677,-0.352763,0.421218,-0.023348
delayed,7.200000,-0.098368,1.997579,0.292451,1.770674,0.139464,-0.815945,0.357713,-0.041551,1.390818,-0.226906,0.139464,-0.354245,0.423121,-0.024869
delayed,7.250000,-0.120834,1.996346,0.252230,1.790627,0.138176,-0.816234,0.353380,-0.042448,1.373064,-0.205720,0.138176,-0.355711,0.424932,-0.026344
delayed,7.300000,-0.143284,1.994861,0.211952,1.810415,0.136816,-0.816449,0.348966,-0.043297,1.355236,-0.184445,0.136816,-0.357162,0.426650,-0.027773
delayed,7.350000,-0.165717,1.993123,0.171620,1.830035,0.135386,-0.816591,0.344470,-0.044100,1.337337,-0.163088,0.135386,-0.358598,0.428274,-0.029155
delayed,7.400000,-0.188129,1.991132,0.131238,1.849480,0.133888,-0.816659,0.339895,-0.044857,1.319367,-0.141652,0.133888,-0.360017,0.429806,-0.030491
delayed,7.450000,-0.210517,1.988890,0.090810,1.868747,0.132325,-0.816654,0.335240,-0.045568,1.301326,-0.120143,0.132325,-0.361421,0.431244,-0.031780
delayed,7.500000,-0.232878,1.986396,0.050339,1.887832,0.130699,-0.816575,0.330507,-0.046234,1.283216,-0.098564,0.130699,-0.362808,0.432589,-0.033022
delayed,7.550000,-0.255210,1.983650,0.009828,1.906730,0.129012,-0.816423,0.325697,-0.046855,1.265038,-0.076920,0.129012,-0.364180,0.433842,-0.034217
delayed,7.600000,-0.277509,1.980654,-0.030717,1.925436,0.127266,-0.816197,0.320810,-0.047431,1.246792,-0.055217,0.127266,-0.365534,0.435001,-0.035366
delayed,7.650000,-0.299773,1.977406,-0.071295,1.943948,0.125465,-0.815897,0.315848,-0.047962,1.228478,-0.033459,0.125465,-0.366873,0.436067,-0.036468
delayed,7.700000,-0.322000,1.973909,-0.111901,1.962259,0.123610,-0.815524,0.310810,-0.048450,1.210099,-0.011650,0.123610,-0.368194,0.437041,-0.037523
delayed,7.750000,-0.344185,1.970162,-0.152531,1.980367,0.121704,-0.815077,0.305699,-0.048895,1.191654,0.010205,0.121704,-0.369499,0.437922,-0.038532
delayed,7.800000,-0.366327,1.966165,-0.193182,1.998266,0.119748,-0.814556,0.300515,-0.049297,1.173145,0.032101,0.119748,-0.370786,0.438710,-0.039495
delayed,7.850000,-0.388423,1.961919,-0.233851,2.015954,0.117746,-0.813962,0.295259,-0.049657,1.154572,0.054035,0.117746,-0.372057,0.439405,-0.040412
delayed,7.900000,-0.410470,1.957426,-0.274533,2.033425,0.115699,-0.813294,0.289931,-0.049976,1.135937,0.076000,0.115699,-0.373310,0.440009,-0.041284
delayed,7.950000,-0.432464,1.952684,-0.315225,2.050676,0.113610,-0.812553,0.284534,-0.050253,1.117239,0.097992,0.113610,-0.374545,0.440520,-0.042109
delayed,8.000000,-0.454404,1.947695,-0.355923,2.067703,0.111481,-0.811737,0.279067,-0.050490,1.098481,0.120008,0.111481,-0.375763,0.440939,-0.042890
delayed,8.050000,-0.476287,1.942460,-0.396624,2.084501,0.109314,-0.810849,0.273532,-0.050687,1.079663,0.142041,0.109314,-0.376963,0.441266,-0.043626
delayed,8.100000,-0.498109,1.936979,-0.437324,2.101068,0.107112,-0.809887,0.267930,-0.050844,1.060785,0.164089,0.107112,-0.378144,0.441501,-0.044317
delayed,8.150000,-0.519868,1.931253,-0.478019,2.117398,0.104877,-0.808851,0.262262,-0.050963,1.041849,0.186145,0.104877,-0.379308,0.441645,-0.044964
delayed,8.200000,-0.541561,1.925282,-0.518705,2.133489,0.102610,-0.807742,0.256528,-0.051044,1.022856,0.208206,0.102610,-0.380453,0.441698,-0.045567
delayed,8.250000,-0.563186,1.919068,-0.559379,2.149335,0.100315,-0.806559,0.250730,-0.051088,1.003806,0.230267,0.100315,-0.381579,0.441660,-0.046127
delayed,8.300000,-0.584739,1.912611,-0.600038,2.164935,0.097993,-0.805303,0.244869,-0.051095,0.984701,0.252324,0.097993,-0.382687,0.441532,-0.046644
delayed,8.350000,-0.606218,1.905912,-0.640677,2.180283,0.095646,-0.803973,0.238946,-0.051066,0.965541,0.274372,0.095646,-0.383775,0.441312,-0.047118
delayed,8.400000,-0.627621,1.898971,-0.681293,2.195377,0.093277,-0.802571,0.232962,-0.051002,0.946328,0.296406,0.093277,-0.384844,0.441003,-0.047550
delayed,8.450000,-0.648944,1.891790,-0.721883,2.210212,0.090888,-0.801095,0.226918,-0.050903,0.927062,0.318421,0.090888,-0.385894,0.440604,-0.047941
delayed,8.500000,-0.670186,1.884370,-0.762441,2.224785,0.088480,-0.799546,0.220815,-0.050771,0.907744,0.340415,0.088480,-0.386924,0.440115,-0.048291
delayed,8.550000,-0.691342,1.876712,-0.802966,2.239093,0.086056,-0.797923,0.214654,-0.050605,0.888376,0.362381,0.086056,-0.387935,0.439538,-0.048600
delayed,8.600000,-0.712411,1.868815,-0.843453,2.253132,0.083618,-0.796228,0.208436,-0.050408,0.868958,0.384316,0.083618,-0.388925,0.438871,-0.048870
delayed,8.650000,-0.733389,1.860683,-0.883898,2.266898,0.081168,-0.794460,0.202162,-0.050178,0.849491,0.406215,0.081168,-0.389896,0.438116,-0.049099
delayed,8.700000,-0.754275,1.852315,-0.924298,2.280388,0.078707,-0.792620,0.195834,-0.049918,0.829977,0.428074,0.078707,-0.390845,0.437273,-0.049291
delayed,8.750000,-0.775065,1.843712,-0.964649,2.293600,0.076237,-0.790706,0.189453,-0.049628,0.810416,0.449888,0.076237,-0.391775,0.436342,-0.049444
delayed,8.800000,-0.795758,1.834876,-1.004948,2.306529,0.073762,-0.788720,0.183019,-0.049308,0.790810,0.471653,0.073762,-0.392683,0.435324,-0.049559
delayed,8.850000,-0.816349,1.825808,-1.045191,2.319173,0.071281,-0.786661,0.176534,-0.048960,0.771159,0.493365,0.071281,-0.393570,0.434220,-0.049638
delayed,8.900000,-0.836838,1.816508,-1.085374,2.331527,0.068798,-0.784531,0.169999,-0.048585,0.751464,0.515019,0.068798,-0.394437,0.433028,-0.049680
delayed,8.950000,-0.857220,1.806979,-1.125493,2.343590,0.066313,-0.782327,0.163415,-0.048182,0.731727,0.536611,0.066313,-0.395281,0.431751,-0.049687
delayed,9.000000,-0.877494,1.797221,-1.165545,2.355358,0.063830,-0.780052,0.156784,-0.047753,0.711949,0.558137,0.063830,-0.396104,0.430388,-0.049658
delayed,9.050000,-0.897657,1.787236,-1.205526,2.366828,0.061348,-0.777705,0.150105,-0.047299,0.692130,0.579592,0.061348,-0.396906,0.428941,-0.049596
delayed,9.100000,-0.917706,1.777025,-1.245433,2.377997,0.058871,-0.775286,0.143382,-0.046821,0.672272,0.600972,0.058871,-0.397685,0.427409,-0.049500
delayed,9.150000,-0.937639,1.766588,-1.285262,2.388862,0.056400,-0.772795,0.136614,-0.046318,0.652377,0.622273,0.056400,-0.398441,0.425792,-0.049371
delayed,9.200000,-0.957453,1.755928,-1.325009,2.399420,0.053936,-0.770233,0.129803,-0.045793,0.632444,0.643492,0.053936,-0.399176,0.424092,-0.049209
delayed,9.250000,-0.977146,1.745046,-1.364671,2.409668,0.051481,-0.767599,0.122950,-0.045246,0.612475,0.664623,0.051481,-0.399887,0.422310,-0.049017
delayed,9.300000,-0.996716,1.733943,-1.404244,2.419605,0.049037,-0.764894,0.116057,-0.044677,0.592472,0.685662,0.049037,-0.400576,0.420444,-0.048794
delayed,9.350000,-1.016159,1.722620,-1.443724,2.429226,0.046604,-0.762118,0.109124,-0.044088,0.572436,0.706606,0.046604,-0.401241,0.418497,-0.048540
delayed,9.400000,-1.035474,1.711080,-1.483107,2.438530,0.044186,-0.759272,0.102153,-0.043479,0.552366,0.727450,0.044186,-0.401883,0.416468,-0.048258
delayed,9.450000,-1.054658,1.699323,-1.522391,2.447513,0.041782,-0.756354,0.095145,-0.042851,0.532266,0.748190,0.041782,-0.402502,0.414359,-0.047947
delayed,9.500000,-1.073708,1.687350,-1.561572,2.456174,0.039394,-0.753366,0.088101,-0.042205,0.512136,0.768823,0.039394,-0.403097,0.412170,-0.047608
delayed,9.550000,-1.092622,1.675165,-1.600645,2.464509,0.037025,-0.750308,0.081022,-0.041542,0.491977,0.789344,0.037025,-0.403667,0.409900,-0.047243
delayed,9.600000,-1.111398,1.662767,-1.639608,2.472517,0.034674,-0.747180,0.073911,-0.040862,0.471791,0.809750,0.034674,-0.404214,0.407552,-0.046851
delayed,9.650000,-1.130034,1.650159,-1.678456,2.480194,0.032344,-0.743982,0.066767,-0.040167,0.451578,0.830035,0.032344,-0.404736,0.405126,-0.046434
delayed,9.700000,-1.148526,1.637342,-1.717186,2.487539,0.030035,-0.740714,0.059592,-0.039457,0.431340,0.850198,0.030035,-0.405233,0.402621,-0.045992
delayed,9.750000,-1.166873,1.624317,-1.755795,2.494550,0.027749,-0.737377,0.052387,-0.038732,0.411078,0.870233,0.027749,-0.405705,0.400040,-0.045527
delayed,9.800000,-1.185072,1.611088,-1.794279,2.501224,0.025487,-0.733971,0.045155,-0.037994,0.390793,0.890136,0.025487,-0.406152,0.397382,-0.045038
delayed,9.850000,-1.203122,1.597654,-1.832635,2.507559,0.023250,-0.730495,0.037895,-0.037243,0.370487,0.909905,0.023250,-0.406574,0.394648,-0.044527
delayed,9.900000,-1.221019,1.584018,-1.870858,2.513553,0.021040,-0.726951,0.030609,-0.036481,0.350161,0.929535,0.021040,-0.406970,0.391840,-0.043995
delayed,9.950000,-1.238761,1.570182,-1.908945,2.519204,0.018856,-0.723339,0.023299,-0.035708,0.329816,0.949023,0.018856,-0.407341,0.388956,-0.043442
delayed,10.000000,-1.256347,1.556146,-1.946894,2.524510,0.016701,-0.719658,0.015965,-0.034924,0.309454,0.968364,0.016701,-0.407686,0.385999,-0.042869
delayed,10.050000,-1.273774,1.541914,-1.984699,2.529470,0.014575,-0.715910,0.008609,-0.034130,0.289075,0.987555,0.014575,-0.408004,0.382969,-0.042276
delayed,10.100000,-1.291040,1.527487,-2.022358,2.534080,0.012479,-0.712093,0.001233,-0.033328,0.268681,1.006593,0.012479,-0.408296,0.379867,-0.041666
delayed,10.150000,-1.308142,1.512867,-2.059868,2.538341,0.010415,-0.708210,-0.006163,-0.032518,0.248274,1.025474,0.010415,-0.408561,0.376693,-0.041038
delayed,10.200000,-1.325078,1.498055,-2.097224,2.542249,0.008382,-0.704259,-0.013577,-0.031700,0.227854,1.044194,0.008382,-0.408800,0.373448,-0.040393
delayed,10.250000,-1.341847,1.483053,-2.134423,2.545803,0.006382,-0.700241,-0.021009,-0.030876,0.207424,1.062751,0.006382,-0.409011,0.370134,-0.039732
delayed,10.300000,-1.358446,1.467864,-2.171462,2.549003,0.004415,-0.696157,-0.028455,-0.030045,0.186984,1.081139,0.004415,-0.409195,0.366749,-0.039055
delayed,10.350000,-1.374874,1.452489,-2.208338,2.551845,0.002483,-0.692007,-0.035917,-0.029209,0.166536,1.099356,0.002483,-0.409352,0.363297,-0.038364
delayed,10.400000,-1.391127,1.436930,-2.245046,2.554329,0.000586,-0.687791,-0.043391,-0.028369,0.146081,1.117399,0.000586,-0.409481,0.359776,-0.037660
delayed,10.450000,-1.407204,1.421189,-2.281583,2.556453,-0.001276,-0.683509,-0.050878,-0.027525,0.125620,1.135264,-0.001276,-0.409582,0.356188,-0.036942
delayed,10.500000,-1.423103,1.405268,-2.317947,2.558217,-0.003101,-0.679162,-0.058374,-0.026677,0.105156,1.152948,-0.003101,-0.409655,0.352534,-0.036212
delayed,10.550000,-1.438822,1.389170,-2.354133,2.559618,-0.004890,-0.674750,-0.065880,-0.025827,0.084689,1.170448,-0.004890,-0.409699,0.348815,-0.035471
delayed,10.600000,-1.454358,1.372895,-2.390138,2.560655,-0.006641,-0.670274,-0.073395,-0.024975,0.064221,1.187760,-0.006641,-0.409715,0.345031,-0.034718
delayed,10.650000,-1.469711,1.356447,-2.425958,2.561328,-0.008354,-0.665733,-0.080915,-0.024122,0.043753,1.204880,-0.008354,-0.409703,0.341183,-0.033956
delayed,10.700000,-1.484878,1.339828,-2.461591,2.561635,-0.010029,-0.661128,-0.088442,-0.023268,0.023287,1.221807,-0.010029,-0.409661,0.337272,-0.033184
delayed,10.750000,-1.499857,1.323038,-2.497033,2.561575,-0.011665,-0.656460,-0.095972,-0.022414,0.002823,1.238537,-0.011665,-0.409591,0.333299,-0.032404
delayed,10.800000,-1.514646,1.306082,-2.532281,2.561148,-0.013262,-0.651728,-0.103505,-0.021560,-0.017635,1.255066,-0.013262,-0.409491,0.329265,-0.031616
delayed,10.850000,-1.529243,1.288959,-2.567331,2.560351,-0.014819,-0.646934,-0.111040,-0.020708,-0.038088,1.271392,-0.014819,-0.409362,0.325170,-0.030821
delayed,10.900000,-1.543647,1.271674,-2.602179,2.559186,-0.016337,-0.642078,-0.118575,-0.019857,-0.058533,1.287512,-0.016337,-0.409202,0.321016,-0.030019
delayed,10.950000,-1.557855,1.254228,-2.636824,2.557650,-0.017813,-0.637159,-0.126109,-0.019008,-0.078969,1.303422,-0.017813,-0.409014,0.316802,-0.029212
delayed,11.000000,-1.571866,1.236623,-2.671261,2.555744,-0.019250,-0.632179,-0.133640,-0.018162,-0.099394,1.319120,-0.019250,-0.408795,0.312531,-0.028399
delayed,11.050000,-1.585678,1.218862,-2.705486,2.553465,-0.020646,-0.627137,-0.141168,-0.017320,-0.119808,1.334603,-0.020646,-0.408545,0.308203,-0.027582
delayed,11.100000,-1.599290,1.200946,-2.739498,2.550815,-0.022000,-0.622035,-0.148692,-0.016481,-0.140208,1.349869,-0.022000,-0.408266,0.303819,-0.026761
delayed,11.150000,-1.612699,1.182879,-2.773292,2.547792,-0.023314,-0.616872,-0.156209,-0.015647,-0.160593,1.364913,-0.023314,-0.407955,0.299379,-0.025937
delayed,11.200000,-1.625904,1.164661,-2.806865,2.544396,-0.024586,-0.611649,-0.163718,-0.014818,-0.180961,1.379735,-0.024586,-0.407614,0.294885,-0.025110
delayed,11.250000,-1.638903,1.146297,-2.840215,2.540626,-0.025817,-0.606367,-0.171219,-0.013994,-0.201311,1.394330,-0.025817,-0.407242,0.290338,-0.024281
delayed,11.300000,-1.651695,1.127787,-2.873337,2.536483,-0.027006,-0.601026,-0.178710,-0.013175,-0.221642,1.408696,-0.027006,-0.406839,0.285738,-0.023451
delayed,11.350000,-1.664278,1.109134,-2.906229,2.531966,-0.028154,-0.595626,-0.186190,-0.012364,-0.241951,1.422831,-0.028154,-0.406404,0.281087,-0.022621
delayed,11.400000,-1.676650,1.090341,-2.938888,2.527074,-0.029260,-0.590167,-0.193657,-0.011559,-0.262237,1.436733,-0.029260,-0.405938,0.276384,-0.021790
delayed,11.450000,-1.688810,1.071410,-2.971310,2.521808,-0.030325,-0.584651,-0.201110,-0.010761,-0.282499,1.450398,-0.030325,-0.405440,0.271632,-0.020960
delayed,11.500000,-1.700756,1.052344,-3.003492,2.516168,-0.031348,-0.579077,-0.208548,-0.009970,-0.302735,1.463824,-0.031348,-0.404911,0.266832,-0.020131
delayed,11.550000,-1.712487,1.033144,-3.035431,2.510153,-0.032330,-0.573447,-0.215970,-0.009188,-0.322944,1.477009,-0.032330,-0.404349,0.261983,-0.019304
delayed,11.600000,-1.724002,1.013814,-3.067125,2.503764,-0.033271,-0.567760,-0.223375,-0.008414,-0.343123,1.489950,-0.033271,-0.403756,0.257087,-0.018479
delayed,11.650000,-1.735298,0.994355,-3.098570,2.497000,-0.034170,-0.562018,-0.230760,-0.007649,-0.363272,1.502645,-0.034170,-0.403130,0.252145,-0.017656
delayed,11.700000,-1.746374,0.974770,-3.129762,2.489863,-0.035029,-0.556220,-0.238126,-0.006893,-0.383388,1.515092,-0.035029,-0.402472,0.247159,-0.016837
delayed,11.750000,-1.757230,0.955062,-3.160700,2.482351,-0.035846,-0.550366,-0.245470,-0.006147,-0.403470,1.527289,-0.035846,-0.401781,0.242128,-0.016021
delayed,11.800000,-1.767863,0.935233,-3.191379,2.474467,-0.036623,-0.544459,-0.252792,-0.005411,-0.423517,1.539233,-0.036623,-0.401057,0.237054,-0.015210
delayed,11.850000,-1.778272,0.915286,-3.221798,2.466209,-0.037360,-0.538498,-0.260090,-0.004684,-0.443526,1.550923,-0.037360,-0.400301,0.231938,-0.014404
delayed,11.900000,-1.788456,0.895223,-3.251952,2.457578,-0.038056,-0.532483,-0.267363,-0.003969,-0.463496,1.562355,-0.038056,-0.399511,0.226780,-0.013603
delayed,11.950000,-1.798414,0.875047,-3.281840,2.448576,-0.038712,-0.526415,-0.274609,-0.003264,-0.483426,1.573529,-0.038712,-0.398689,0.221583,-0.012807
delayed,12.000000,-1.808144,0.854760,-3.311457,2.439202,-0.039329,-0.520295,-0.281829,-0.002570,-0.503313,1.584442,-0.039329,-0.397833,0.216346,-0.012018
delayed,12.050000,-1.817646,0.834364,-3.340802,2.429457,-0.039907,-0.514123,-0.289019,-0.001887,-0.523157,1.595092,-0.039907,-0.396943,0.211071,-0.011235
delayed,12.100000,-1.826917,0.813864,-3.369872,2.419341,-0.040445,-0.507900,-0.296180,-0.001216,-0.542955,1.605478,-0.040445,-0.396021,0.205758,-0.010459
delayed,12.150000,-1.835957,0.793260,-3.398662,2.408856,-0.040945,-0.501627,-0.303309,-0.000557,-0.562705,1.615597,-0.040945,-0.395064,0.200409,-0.009690
delayed,12.200000,-1.844765,0.772555,-3.427172,2.398003,-0.041407,-0.495303,-0.310407,0.000089,-0.582407,1.625448,-0.041407,-0.394074,0.195025,-0.008930
delayed,12.250000,-1.853339,0.751753,-3.455398,2.386782,-0.041831,-0.488929,-0.317471,0.000724,-0.602058,1.635028,-0.041831,-0.393050,0.189607,-0.008177
delayed,12.300000,-1.861679,0.730856,-3.483336,2.375194,-0.042218,-0.482506,-0.324500,0.001346,-0.621657,1.644338,-0.042218,-0.391992,0.184155,-0.007433
delayed,12.350000,-1.869783,0.709866,-3.510985,2.363240,-0.042568,-0.476035,-0.331493,0.001955,-0.641202,1.653374,-0.042568,-0.390900,0.178671,-0.006698
delayed,12.400000,-1.877651,0.688787,-3.538342,2.350922,-0.042881,-0.469516,-0.338449,0.002551,-0.660691,1.662135,-0.042881,-0.389774,0.173156,-0.005973
delayed,12.450000,-1.885281,0.667620,-3.565403,2.338240,-0.043158,-0.462950,-0.345367,0.003134,-0.680123,1.670619,-0.043158,-0.388614,0.167610,-0.005257
delayed,12.500000,-1.892672,0.646369,-3.592167,2.325195,-0.043400,-0.456337,-0.352246,0.003704,-0.699495,1.678826,-0.043400,-0.387419,0.162036,-0.004550
delayed,12.550000,-1.899824,0.625036,-3.618631,2.311789,-0.043607,-0.449678,-0.359084,0.004261,-0.718807,1.686753,-0.043607,-0.386190,0.156432,-0.003854
delayed,12.600000,-1.906735,0.603624,-3.644791,2.298024,-0.043779,-0.442973,-0.365881,0.004803,-0.738056,1.694400,-0.043779,-0.384926,0.150802,-0.003169
delayed,12.650000,-1.913405,0.582135,-3.670646,2.283900,-0.043917,-0.436223,-0.372635,0.005333,-0.757241,1.701765,-0.043917,-0.383627,0.145145,-0.002494
delayed,12.700000,-1.919833,0.560573,-3.696192,2.269419,-0.044022,-0.429430,-0.379345,0.005848,-0.776360,1.708846,-0.044022,-0.382294,0.139463,-0.001831
delayed,12.750000,-1.926018,0.538940,-3.721428,2.254583,-0.044094,-0.422592,-0.386010,0.006350,-0.795411,1.715643,-0.044094,-0.380927,0.133757,-0.001179
delayed,12.800000,-1.931959,0.517239,-3.746351,2.239392,-0.044134,-0.415712,-0.392628,0.006837,-0.814392,1.722154,-0.044134,-0.379524,0.128028,-0.000538
delayed,12.850000,-1.937655,0.495472,-3.770958,2.223850,-0.044142,-0.408789,-0.399200,0.007311,-0.833302,1.728378,-0.044142,-0.378087,0.122276,0.000091
delayed,12.900000,-1.943107,0.473642,-3.795246,2.207956,-0.044119,-0.401824,-0.405723,0.007770,-0.852140,1.734314,-0.044119,-0.376614,0.116504,0.000708
delayed,12.950000,-1.948312,0.451753,-3.819214,2.191714,-0.044066,-0.394818,-0.412197,0.008215,-0.870902,1.739961,-0.044066,-0.375107,0.110711,0.001313
delayed,13.000000,-1.953271,0.429806,-3.842859,2.175125,-0.043982,-0.387772,-0.418620,0.008646,-0.889589,1.745318,-0.043982,-0.373565,0.104899,0.001905
delayed,13.050000,-1.957982,0.407805,-3.866179,2.158190,-0.043870,-0.380686,-0.424991,0.009063,-0.908196,1.750385,-0.043870,-0.371987,0.099069,0.002485
delayed,13.100000,-1.962446,0.385753,-3.889171,2.140912,-0.043729,-0.373561,-0.431310,0.009465,-0.926724,1.755159,-0.043729,-0.370375,0.093222,0.003052
delayed,13.150000,-1.966662,0.363651,-3.911832,2.123292,-0.043559,-0.366397,-0.437575,0.009854,-0.945171,1.759641,-0.043559,-0.368727,0.087358,0.003606
delayed,13.200000,-1.970628,0.341504,-3.934161,2.105334,-0.043363,-0.359196,-0.443786,0.010227,-0.963533,1.763830,-0.043363,-0.367044,0.081480,0.004147
delayed,13.250000,-1.974345,0.319313,-3.956156,2.087038,-0.043140,-0.351958,-0.449940,0.010587,-0.981811,1.767725,-0.043140,-0.365326,0.075588,0.004675
delayed,13.300000,-1.977813,0.297082,-3.977814,2.068406,-0.042891,-0.344683,-0.456038,0.010933,-1.000001,1.771324,-0.042891,-0.363573,0.069683,0.005189
delayed,13.350000,-1.981029,0.274813,-3.999132,2.049442,-0.042616,-0.337372,-0.462078,0.011264,-1.018103,1.774629,-0.042616,-0.361784,0.063765,0.005690
delayed,13.400000,-1.983996,0.252510,-4.020110,2.030147,-0.042317,-0.330027,-0.468059,0.011581,-1.036114,1.777638,-0.042317,-0.359961,0.057837,0.006178
delayed,13.450000,-1.986711,0.230174,-4.040744,2.010524,-0.041994,-0.322647,-0.473980,0.011884,-1.054033,1.780350,-0.041994,-0.358102,0.051899,0.006652
delayed,13.500000,-1.989174,0.207810,-4.061033,1.990574,-0.041648,-0.315233,-0.479840,0.012172,-1.071858,1.782765,-0.041648,-0.356208,0.045952,0.007112
delayed,13.550000,-1.991386,0.185419,-4.080974,1.970302,-0.041279,-0.307787,-0.485639,0.012447,-1.089587,1.784883,-0.041279,-0.354278,0.039997,0.007559
delayed,13.600000,-1.993346,0.163004,-4.100565,1.949707,-0.040888,-0.300308,-0.491374,0.012708,-1.107219,1.786703,-0.040888,-0.352314,0.034035,0.007992
delayed,13.650000,-1.995054,0.140569,-4.119805,1.928795,-0.040476,-0.292798,-0.497046,0.012955,-1.124751,1.788225,-0.040476,-0.350314,0.028067,0.008411
delayed,13.700000,-1.996509,0.118117,-4.138692,1.907566,-0.040043,-0.285257,-0.502653,0.013188,-1.142182,1.789449,-0.040043,-0.348279,0.022095,0.008816
delayed,13.750000,-1.997712,0.095649,-4.157222,1.886024,-0.039591,-0.277687,-0.508195,0.013408,-1.159511,1.790375,-0.039591,-0.346209,0.016119,0.009207
delayed,13.800000,-1.998661,0.073169,-4.175396,1.864171,-0.039119,-0.270087,-0.513670,0.013614,-1.176735,1.791002,-0.039119,-0.344104,0.010139,0.009584
delayed,13.850000,-1.999358,0.050680,-4.193210,1.842010,-0.038629,-0.262458,-0.519078,0.013806,-1.193852,1.791330,-0.038629,-0.341964,0.004158,0.009948
delayed,13.900000,-1.999801,0.028184,-4.210663,1.819543,-0.038121,-0.254802,-0.524417,0.013985,-1.210862,1.791359,-0.038121,-0.339788,-0.001824,0.010298
delayed,13.950000,-1.999992,0.005685,-4.227754,1.796775,-0.037596,-0.247119,-0.529687,0.014151,-1.227762,1.791089,-0.037596,-0.337578,-0.007805,0.010633
delayed,14.000000,-1.999929,-0.016814,-4.244479,1.773707,-0.037055,-0.239409,-0.534886,0.014304,-1.244550,1.790521,-0.037055,-0.335333,-0.013786,0.010955
delayed,14.050000,-1.999614,-0.039312,-4.260838,1.750342,-0.036498,-0.231674,-0.540015,0.014444,-1.261225,1.789654,-0.036498,-0.333053,-0.019764,0.011264
delayed,14.100000,-1.999045,-0.061805,-4.276829,1.726684,-0.035926,-0.223915,-0.545072,0.014571,-1.277784,1.788488,-0.035926,-0.330738,-0.025739,0.011558
delayed,14.150000,-1.998223,-0.084290,-4.292450,1.702735,-0.035339,-0.216131,-0.550056,0.014686,-1.294227,1.787025,-0.035339,-0.328389,-0.031710,0.011839
delayed,14.200000,-1.997148,-0.106764,-4.307700,1.678499,-0.034739,-0.208324,-0.554967,0.014788,-1.310552,1.785262,-0.034739,-0.326004,-0.037676,0.012106
delayed,14.250000,-1.995821,-0.129225,-4.322577,1.653978,-0.034126,-0.200495,-0.559803,0.014878,-1.326756,1.783203,-0.034126,-0.323585,-0.043635,0.012359
delayed,14.300000,-1.994241,-0.151669,-4.337080,1.629176,-0.033501,-0.192645,-0.564564,0.014955,-1.342839,1.780845,-0.033501,-0.321132,-0.049588,0.012599
delayed,14.350000,-1.992408,-0.174094,-4.351206,1.604097,-0.032864,-0.184773,-0.569249,0.015021,-1.358797,1.778191,-0.032864,-0.318644,-0.055532,0.012826
delayed,14.400000,-1.990324,-0.196497,-4.364954,1.578742,-0.032217,-0.176882,-0.573858,0.015075,-1.374631,1.775239,-0.032217,-0.316122,-0.061467,0.013039
delayed,14.450000,-1.987987,-0.218875,-4.378324,1.553117,-0.031559,-0.168971,-0.578388,0.015117,-1.390337,1.771992,-0.031559,-0.313566,-0.067393,0.013240
delayed,14.500000,-1.985399,-0.241226,-4.391314,1.527223,-0.030891,-0.161042,-0.582841,0.015148,-1.405914,1.768449,-0.030891,-0.310976,-0.073307,0.013427
delayed,14.550000,-1.982560,-0.263546,-4.403921,1.501065,-0.030214,-0.153095,-0.587214,0.015168,-1.421361,1.764611,-0.030214,-0.308351,-0.079209,0.013601
delayed,14.600000,-1.979470,-0.285833,-4.416146,1.474646,-0.029529,-0.145131,-0.591508,0.015177,-1.436676,1.760478,-0.029529,-0.305693,-0.085098,0.013762
delayed,14.650000,-1.976129,-0.308083,-4.427986,1.447969,-0.028837,-0.137152,-0.595721,0.015175,-1.451857,1.756052,-0.028837,-0.303001,-0.090974,0.013911
delayed,14.700000,-1.972538,-0.330295,-4.439440,1.421038,-0.028137,-0.129157,-0.599853,0.015162,-1.466902,1.751332,-0.028137,-0.300276,-0.096834,0.014047
delayed,14.750000,-1.968697,-0.352464,-4.450507,1.393856,-0.027431,-0.121148,-0.603903,0.015139,-1.481810,1.746321,-0.027431,-0.297517,-0.102679,0.014170
delayed,14.800000,-1.964608,-0.374589,-4.461187,1.366428,-0.026719,-0.113125,-0.607871,0.015106,-1.496579,1.741017,-0.026719,-0.294724,-0.108507,0.014282
delayed,14.850000,-1.960269,-0.396667,-4.471477,1.338756,-0.026002,-0.105090,-0.611755,0.015062,-1.511208,1.735423,-0.026002,-0.291899,-0.114317,0.014381
delayed,14.900000,-1.955683,-0.418694,-4.481377,1.310845,-0.025280,-0.097043,-0.615555,0.015010,-1.525694,1.729540,-0.025280,-0.289040,-0.120108,0.014468
delayed,14.950000,-1.950849,-0.440669,-4.490886,1.282699,-0.024555,-0.088984,-0.619271,0.014947,-1.540037,1.723368,-0.024555,-0.286149,-0.125880,0.014544
delayed,15.000000,-1.945768,-0.462588,-4.500002,1.254320,-0.023825,-0.080916,-0.622902,0.014875,-1.554234,1.716908,-0.023825,-0.283225,-0.131632,0.014607
delayed,15.050000,-1.940441,-0.484448,-4.508725,1.225713,-0.023093,-0.072838,-0.626446,0.014795,-1.568284,1.710161,-0.023093,-0.280268,-0.137362,0.014660
delayed,15.100000,-1.934868,-0.506247,-4.517053,1.196882,-0.022359,-0.064752,-0.629905,0.014705,-1.582185,1.703129,-0.022359,-0.277279,-0.143070,0.014701
delayed,15.150000,-1.929050,-0.527981,-4.524986,1.167831,-0.021623,-0.056658,-0.633276,0.014607,-1.595936,1.695812,-0.021623,-0.274258,-0.148754,0.014731
delayed,15.200000,-1.922989,-0.549649,-4.532524,1.138563,-0.020886,-0.048557,-0.636560,0.014500,-1.609535,1.688212,-0.020886,-0.271204,-0.154415,0.014750
delayed,15.250000,-1.916684,-0.571248,-4.539664,1.109082,-0.020148,-0.040450,-0.639756,0.014385,-1.622980,1.680330,-0.020148,-0.268119,-0.160050,0.014758
delayed,15.300000,-1.910136,-0.592774,-4.546406,1.079394,-0.019410,-0.032338,-0.642863,0.014263,-1.636270,1.672167,-0.019410,-0.265002,-0.165660,0.014756
delayed,15.350000,-1.903346,-0.614225,-4.552750,1.049500,-0.018673,-0.024221,-0.645880,0.014133,-1.649404,1.663725,-0.018673,-0.261854,-0.171243,0.014744
delayed,15.400000,-1.896316,-0.635598,-4.558695,1.019407,-0.017936,-0.016102,-0.648809,0.013995,-1.662379,1.655005,-0.017936,-0.258675,-0.176798,0.014721
delayed,15.450000,-1.889046,-0.656891,-4.564241,0.989117,-0.017201,-0.007979,-0.651646,0.013850,-1.675195,1.646008,-0.017201,-0.255465,-0.182324,0.014689
delayed,15.500000,-1.881536,-0.678101,-4.569385,0.958635,-0.016468,0.000145,-0.654393,0.013698,-1.687849,1.636736,-0.016468,-0.252223,-0.187822,0.014647
delayed,15.550000,-1.873789,-0.699225,-4.574129,0.927966,-0.015737,0.008270,-0.657049,0.013539,-1.700340,1.627190,-0.015737,-0.248952,-0.193288,0.014595
delayed,15.600000,-1.865804,-0.720260,-4.578471,0.897112,-0.015009,0.016395,-0.659613,0.013374,-1.712667,1.617372,-0.015009,-0.245650,-0.198724,0.014535
delayed,15.650000,-1.857583,-0.741204,-4.582411,0.866079,-0.014284,0.024519,-0.662086,0.013203,-1.724828,1.607284,-0.014284,-0.242318,-0.204128,0.014465
delayed,15.700000,-1.849127,-0.762055,-4.585949,0.834871,-0.013563,0.032641,-0.664465,0.013026,-1.736822,1.596926,-0.013563,-0.238956,-0.209499,0.014386
delayed,15.750000,-1.840437,-0.782809,-4.589084,0.803493,-0.012846,0.040761,-0.666752,0.012843,-1.748646,1.586301,-0.012846,-0.235564,-0.214837,0.014299
delayed,15.800000,-1.831515,-0.803464,-4.591815,0.771947,-0.012134,0.048877,-0.668945,0.012654,-1.760301,1.575411,-0.012134,-0.232143,-0.220140,0.014204
delayed,15.850000,-1.822360,-0.824017,-4.594143,0.740240,-0.011427,0.056989,-0.671044,0.012460,-1.771783,1.564257,-0.011427,-0.228693,-0.225407,0.014100
delayed,15.900000,-1.812975,-0.844466,-4.596067,0.708374,-0.010725,0.065095,-0.673050,0.012261,-1.783092,1.552840,-0.010725,-0.225214,-0.230639,0.013988
delayed,15.950000,-1.803360,-0.864808,-4.597587,0.676356,-0.010030,0.073196,-0.674960,0.012058,-1.794227,1.541164,-0.010030,-0.221707,-0.235834,0.013869
delayed,16.000000,-1.793517,-0.885041,-4.598702,0.644188,-0.009340,0.081289,-0.676776,0.011849,-1.805186,1.529229,-0.009340,-0.218171,-0.240991,0.013742
delayed,16.050000,-1.783447,-0.905162,-4.599413,0.611876,-0.008657,0.089375,-0.678497,0.011637,-1.815967,1.517038,-0.008657,-0.214607,-0.246109,0.013608
delayed,16.100000,-1.773151,-0.925168,-4.599720,0.579424,-0.007980,0.097452,-0.680122,0.011420,-1.826569,1.504592,-0.007980,-0.211016,-0.251188,0.013467
delayed,16.150000,-1.762631,-0.945057,-4.599622,0.546837,-0.007311,0.105519,-0.681652,0.011199,-1.836991,1.491893,-0.007311,-0.207397,-0.256228,0.013319
delayed,16.200000,-1.751888,-0.964826,-4.599119,0.514118,-0.006650,0.113576,-0.683085,0.010975,-1.847231,1.478944,-0.006650,-0.203750,-0.261226,0.013165
delayed,16.250000,-1.740923,-0.984473,-4.598211,0.481273,-0.005996,0.121621,-0.684422,0.010747,-1.857288,1.465747,-0.005996,-0.200077,-0.266183,0.013005
delayed,16.300000,-1.729738,-1.003996,-4.596898,0.448307,-0.005351,0.129655,-0.685662,0.010516,-1.867161,1.452303,-0.005351,-0.196378,-0.271098,0.012838
delayed,16.350000,-1.718333,-1.023391,-4.595182,0.415223,-0.004714,0.137675,-0.686806,0.010282,-1.876848,1.438615,-0.004714,-0.192652,-0.275969,0.012666
delayed,16.400000,-1.706712,-1.042658,-4.593060,0.382027,-0.004086,0.145681,-0.687852,0.010045,-1.886348,1.424685,-0.004086,-0.188900,-0.280797,0.012488
delayed,16.450000,-1.694874,-1.061792,-4.590535,0.348723,-0.003467,0.153672,-0.688801,0.009806,-1.895661,1.410515,-0.003467,-0.185123,-0.285581,0.012304
delayed,16.500000,-1.682822,-1.080791,-4.587605,0.315316,-0.002858,0.161647,-0.689653,0.009565,-1.904783,1.396107,-0.002858,-0.181320,-0.290319,0.012116
delayed,16.550000,-1.670557,-1.099654,-4.584272,0.281810,-0.002258,0.169606,-0.690406,0.009321,-1.913715,1.381465,-0.002258,-0.177493,-0.295011,0.011922
delayed,16.600000,-1.658080,-1.118378,-4.580536,0.248211,-0.001668,0.177547,-0.691062,0.009075,-1.922455,1.366589,-0.001668,-0.173641,-0.299656,0.011724
delayed,16.650000,-1.645394,-1.136960,-4.576396,0.214522,-0.001087,0.185470,-0.691620,0.008828,-1.931002,1.351482,-0.001087,-0.169764,-0.304255,0.011521
delayed,16.700000,-1.632499,-1.155399,-4.571854,0.180749,-0.000517,0.193374,-0.692080,0.008579,-1.939354,1.336148,-0.000517,-0.165864,-0.308805,0.011314
delayed,16.750000,-1.619398,-1.173691,-4.566909,0.146896,0.000042,0.201257,-0.692441,0.008329,-1.947511,1.320587,0.000042,-0.161940,-0.313306,0.011104
delayed,16.800000,-1.606092,-1.191834,-4.561563,0.112969,0.000591,0.209119,-0.692704,0.008078,-1.955471,1.304803,0.000591,-0.157992,-0.317759,0.010889
delayed,16.850000,-1.592582,-1.209827,-4.555816,0.078971,0.001129,0.216960,-0.692869,0.007826,-1.963234,1.288798,0.001129,-0.154022,-0.322161,0.010671
delayed,16.900000,-1.578871,-1.227667,-4.549668,0.044908,0.001656,0.224777,-0.692935,0.007573,-1.970797,1.272575,0.001656,-0.150030,-0.326512,0.010449
delayed,16.950000,-1.564960,-1.245351,-4.543120,0.010785,0.002172,0.232571,-0.692902,0.007320,-1.978160,1.256136,0.002172,-0.146015,-0.330812,0.010225
delayed,17.000000,-1.550851,-1.262878,-4.536173,-0.023394,0.002676,0.240340,-0.692771,0.007066,-1.985322,1.239484,0.002676,-0.141978,-0.335061,0.009997
delayed,17.050000,-1.536546,-1.280244,-4.528827,-0.057624,0.003169,0.248084,-0.692541,0.006813,-1.992281,1.222621,0.003169,-0.137920,-0.339257,0.009767
delayed,17.100000,-1.522046,-1.297449,-4.521084,-0.091900,0.003651,0.255802,-0.692212,0.006559,-1.999037,1.205550,0.003651,-0.133841,-0.343399,0.009534
delayed,17.150000,-1.507354,-1.314490,-4.512943,-0.126216,0.004120,0.263492,-0.691784,0.006306,-2.005589,1.188273,0.004120,-0.129742,-0.347488,0.009299
delayed,17.200000,-1.492471,-1.331364,-4.504407,-0.160570,0.004578,0.271155,-0.691258,0.006052,-2.011936,1.170794,0.004578,-0.125622,-0.351523,0.009062
delayed,17.250000,-1.477399,-1.348070,-4.495475,-0.194954,0.005024,0.278788,-0.690633,0.005800,-2.018076,1.153116,0.005024,-0.121482,-0.355502,0.008824
delayed,17.300000,-1.462140,-1.364605,-4.486148,-0.229365,0.005458,0.286392,-0.689909,0.005548,-2.024008,1.135240,0.005458,-0.117323,-0.359426,0.008583
delayed,17.350000,-1.446696,-1.380967,-4.476429,-0.263798,0.005880,0.293965,-0.689086,0.005297,-2.029733,1.117169,0.005880,-0.113145,-0.363294,0.008341
delayed,17.400000,-1.431069,-1.397155,-4.466317,-0.298247,0.006290,0.301506,-0.688165,0.005048,-2.035248,1.098908,0.006290,-0.108948,-0.367106,0.008098
delayed,17.450000,-1.415261,-1.413166,-4.455813,-0.332708,0.006688,0.309016,-0.687146,0.004799,-2.040552,1.080457,0.006688,-0.104733,-0.370860,0.007854
delayed,17.500000,-1.399274,-1.428997,-4.444920,-0.367177,0.007073,0.316492,-0.686028,0.004552,-2.045646,1.061821,0.007073,-0.100500,-0.374556,0.007609
delayed,17.550000,-1.383109,-1.444648,-4.433637,-0.401647,0.007446,0.323934,-0.684812,0.004306,-2.050528,1.043002,0.007446,-0.096250,-0.378194,0.007363
delayed,17.600000,-1.366770,-1.460117,-4.421966,-0.436114,0.007807,0.331341,-0.683497,0.004062,-2.055197,1.024002,0.007807,-0.091983,-0.381774,0.007117
delayed,17.650000,-1.350257,-1.475400,-4.409909,-0.470574,0.008156,0.338712,-0.682085,0.003820,-2.059652,1.004826,0.008156,-0.087699,-0.385294,0.006870
delayed,17.700000,-1.333574,-1.490497,-4.397467,-0.505021,0.008492,0.346046,-0.680575,0.003579,-2.063893,0.985476,0.008492,-0.083400,-0.388754,0.006623
delayed,17.750000,-1.316722,-1.505405,-4.384640,-0.539450,0.008816,0.353343,-0.678967,0.003341,-2.067918,0.965955,0.008816,-0.079084,-0.392155,0.006377
delayed,17.800000,-1.299703,-1.520122,-4.371431,-0.573857,0.009127,0.360602,-0.677262,0.003105,-2.071728,0.946265,0.009127,-0.074754,-0.395494,0.006130
delayed,17.850000,-1.282520,-1.534648,-4.357840,-0.608236,0.009426,0.367822,-0.675459,0.002871,-2.075321,0.926411,0.009426,-0.070408,-0.398772,0.005884
delayed,17.900000,-1.265174,-1.548979,-4.343870,-0.642584,0.009713,0.375002,-0.673559,0.002640,-2.078696,0.906395,0.009713,-0.066049,-0.401989,0.005638
delayed,17.950000,-1.247668,-1.563113,-4.329521,-0.676893,0.009988,0.382140,-0.671563,0.002411,-2.081853,0.886220,0.009988,-0.061675,-0.405144,0.005394
delayed,18.000000,-1.230005,-1.577051,-4.314796,-0.711161,0.010250,0.389238,-0.669469,0.002185,-2.084791,0.865889,0.010250,-0.057288,-0.408236,0.005150
delayed,18.050000,-1.212185,-1.590788,-4.299695,-0.745382,0.010500,0.396292,-0.667280,0.001961,-2.087510,0.845406,0.010500,-0.052888,-0.411265,0.004907
delayed,18.100000,-1.194213,-1.604324,-4.284221,-0.779551,0.010738,0.403304,-0.664994,0.001741,-2.090008,0.824773,0.010738,-0.048476,-0.414230,0.004665
delayed,18.150000,-1.176089,-1.617657,-4.268375,-0.813663,0.010965,0.410271,-0.662613,0.001523,-2.092286,0.803994,0.010965,-0.044052,-0.417132,0.004425
delayed,18.200000,-1.157816,-1.630786,-4.252159,-0.847713,0.011179,0.417193,-0.660136,0.001308,-2.094343,0.783073,0.011179,-0.039616,-0.419970,0.004186
delayed,18.250000,-1.139397,-1.643708,-4.235574,-0.881697,0.011381,0.424070,-0.657564,0.001097,-2.096177,0.762011,0.011381,-0.035169,-0.422743,0.003948
delayed,18.300000,-1.120834,-1.656421,-4.218623,-0.915609,0.011571,0.430900,-0.654897,0.000889,-2.097789,0.740813,0.011571,-0.030711,-0.425451,0.003713
delayed,18.350000,-1.102128,-1.668926,-4.201307,-0.949445,0.011750,0.437683,-0.652135,0.000684,-2.099179,0.719481,0.011750,-0.026244,-0.428094,0.003479
delayed,18.400000,-1.083284,-1.681219,-4.183628,-0.983200,0.011917,0.444417,-0.649279,0.000483,-2.100344,0.698019,0.011917,-0.021767,-0.430671,0.003247
delayed,18.450000,-1.064302,-1.693299,-4.165588,-1.016868,0.012073,0.451103,-0.646330,0.000285,-2.101286,0.676431,0.012073,-0.017280,-0.433182,0.003018
delayed,18.500000,-1.045185,-1.705165,-4.147189,-1.050446,0.012217,0.457738,-0.643287,0.000091,-2.102003,0.654719,0.012217,-0.012785,-0.435627,0.002790
delayed,18.550000,-1.025936,-1.716815,-4.128432,-1.083928,0.012349,0.464324,-0.640151,-0.000100,-2.102496,0.632887,0.012349,-0.008282,-0.438006,0.002565
delayed,18.600000,-1.006558,-1.728248,-4.109321,-1.117310,0.012471,0.470858,-0.636923,-0.000287,-2.102764,0.610938,0.012471,-0.003771,-0.440317,0.002343
delayed,18.650000,-0.987052,-1.739462,-4.089857,-1.150586,0.012582,0.477340,-0.633602,-0.000470,-2.102806,0.588876,0.012582,0.000747,-0.442561,0.002123
delayed,18.700000,-0.967421,-1.750456,-4.070042,-1.183752,0.012681,0.483769,-0.630189,-0.000650,-2.102622,0.566704,0.012681,0.005272,-0.444737,0.001906
delayed,18.750000,-0.947667,-1.761229,-4.049879,-1.216804,0.012770,0.490144,-0.626686,-0.000826,-2.102212,0.544425,0.012770,0.009803,-0.446846,0.001691
delayed,18.800000,-0.927794,-1.771778,-4.029369,-1.249736,0.012848,0.496465,-0.623091,-0.000997,-2.101575,0.522043,0.012848,0.014339,-0.448886,0.001480
delayed,18.850000,-0.907803,-1.782104,-4.008515,-1.282543,0.012916,0.502731,-0.619406,-0.001165,-2.100712,0.499561,0.012916,0.018881,-0.450858,0.001271
delayed,18.900000,-0.887697,-1.792204,-3.987319,-1.315221,0.012974,0.508941,-0.615632,-0.001329,-2.099622,0.476982,0.012974,0.023427,-0.452762,0.001065
delayed,18.950000,-0.867479,-1.802077,-3.965783,-1.347766,0.013021,0.515094,-0.611767,-0.001488,-2.098304,0.454311,0.013021,0.027978,-0.454596,0.000863
delayed,19.000000,-0.847151,-1.811721,-3.943911,-1.380172,0.013058,0.521190,-0.607814,-0.001644,-2.096759,0.431550,0.013058,0.032532,-0.456362,0.000664
delayed,19.050000,-0.826716,-1.821137,-3.921703,-1.412434,0.013085,0.527228,-0.603773,-0.001795,-2.094987,0.408703,0.013085,0.037089,-0.458058,0.000468
delayed,19.100000,-0.806177,-1.830322,-3.899163,-1.444549,0.013103,0.533207,-0.599644,-0.001943,-2.092987,0.385773,0.013103,0.041649,-0.459685,0.000276
delayed,19.150000,-0.785535,-1.839276,-3.876294,-1.476511,0.013111,0.539126,-0.595428,-0.002086,-2.090759,0.362764,0.013111,0.046210,-0.461242,0.000087
delayed,19.200000,-0.764794,-1.847996,-3.853097,-1.508317,0.013110,0.544985,-0.591125,-0.002225,-2.088303,0.339680,0.013110,0.050773,-0.462729,-0.000099
delayed,19.250000,-0.743956,-1.856483,-3.829575,-1.539960,0.013100,0.550783,-0.586736,-0.002360,-2.085619,0.316523,0.013100,0.055338,-0.464146,-0.000281
delayed,19.300000,-0.723024,-1.864735,-3.805731,-1.571437,0.013080,0.556519,-0.582262,-0.002490,-2.082708,0.293298,0.013080,0.059902,-0.465493,-0.000459
delayed,19.350000,-0.702000,-1.872751,-3.781568,-1.602744,0.013052,0.562193,-0.577702,-0.002617,-2.079568,0.270007,0.013052,0.064467,-0.466769,-0.000633
delayed,19.400000,-0.680888,-1.880530,-3.757088,-1.633875,0.013015,0.567804,-0.573059,-0.002739,-2.076200,0.246655,0.013015,0.069031,-0.467975,-0.000804
delayed,19.450000,-0.659689,-1.888070,-3.732294,-1.664826,0.012970,0.573351,-0.568332,-0.002857,-2.072605,0.223245,0.012970,0.073594,-0.469110,-0.000971
delayed,19.500000,-0.638407,-1.895372,-3.707188,-1.695593,0.012917,0.578834,-0.563521,-0.002970,-2.068781,0.199780,0.012917,0.078155,-0.470174,-0.001134
delayed,19.550000,-0.617044,-1.902434,-3.681774,-1.726170,0.012855,0.584251,-0.558629,-0.003080,-2.064730,0.176264,0.012855,0.082714,-0.471168,-0.001293
delayed,19.600000,-0.595603,-1.909256,-3.656055,-1.756555,0.012786,0.589603,-0.553655,-0.003185,-2.060451,0.152701,0.012786,0.087270,-0.472090,-0.001448
delayed,19.650000,-0.574087,-1.915835,-3.630032,-1.786742,0.012709,0.594888,-0.548600,-0.003286,-2.055945,0.129093,0.012709,0.091823,-0.472942,-0.001600
delayed,19.700000,-0.552498,-1.922172,-3.603709,-1.816726,0.012625,0.600106,-0.543464,-0.003383,-2.051212,0.105446,0.012625,0.096373,-0.473722,-0.001747
delayed,19.750000,-0.530839,-1.928266,-3.577090,-1.846505,0.012533,0.605256,-0.538249,-0.003475,-2.046251,0.081761,0.012533,0.100917,-0.474431,-0.001890
delayed,19.800000,-0.509113,-1.934116,-3.550176,-1.876072,0.012434,0.610338,-0.532955,-0.003564,-2.041064,0.058044,0.012434,0.105457,-0.475069,-0.002029
delayed,19.850000,-0.487322,-1.939721,-3.522972,-1.905425,0.012329,0.615350,-0.527583,-0.003648,-2.035650,0.034296,0.012329,0.109992,-0.475635,-0.002165
delayed,19.900000,-0.465470,-1.945080,-3.495479,-1.934558,0.012217,0.620293,-0.522134,-0.003728,-2.030009,0.010523,0.012217,0.114520,-0.476131,-0.002296
delayed,19.950000,-0.443559,-1.950194,-3.467702,-1.963467,0.012098,0.625166,-0.516608,-0.003804,-2.024143,-0.013273,0.012098,0.119042,-0.476554,-0.002423
delayed,20.000000,-0.421592,-1.955060,-3.439643,-1.992149,0.011973,0.629968,-0.511005,-0.003875,-2.018051,-0.037088,0.011973,0.123557,-0.476906,-0.002545
delayed,20.050000,-0.399571,-1.959679,-3.411305,-2.020598,0.011842,0.634698,-0.505328,-0.003943,-2.011734,-0.060919,0.011842,0.128064,-0.477187,-0.002664
delayed,20.100000,-0.377500,-1.964050,-3.382692,-2.048812,0.011706,0.639357,-0.499576,-0.004007,-2.005192,-0.084761,0.011706,0.132563,-0.477397,-0.002779
delayed,20.150000,-0.355381,-1.968173,-3.353807,-2.076785,0.011564,0.643942,-0.493751,-0.004066,-1.998426,-0.108612,0.011564,0.137053,-0.477535,-0.002889
delayed,20.200000,-0.333217,-1.972046,-3.324652,-2.104514,0.011416,0.648455,-0.487853,-0.004122,-1.991435,-0.132467,0.011416,0.141534,-0.477602,-0.002996
delayed,20.250000,-0.311011,-1.975670,-3.295232,-2.131994,0.011263,0.652893,-0.481883,-0.004174,-1.984222,-0.156324,0.011263,0.146005,-0.477597,-0.003098
delayed,20.300000,-0.288765,-1.979044,-3.265550,-2.159222,0.011105,0.657257,-0.475842,-0.004221,-1.976785,-0.180178,0.011105,0.150466,-0.477521,-0.003196
delayed,20.350000,-0.266483,-1.982167,-3.235609,-2.186193,0.010943,0.661546,-0.469730,-0.004265,-1.969125,-0.204026,0.010943,0.154916,-0.477374,-0.003290
delayed,20.400000,-0.244167,-1.985040,-3.205412,-2.212905,0.010775,0.665760,-0.463549,-0.004305,-1.961244,-0.227865,0.010775,0.159354,-0.477156,-0.003380
delayed,20.450000,-0.221821,-1.987661,-3.174962,-2.239351,0.010604,0.669897,-0.457300,-0.004342,-1.953142,-0.251691,0.010604,0.163781,-0.476866,-0.003466
delayed,20.500000,-0.199446,-1.990030,-3.144265,-2.265530,0.010428,0.673958,-0.450982,-0.004374,-1.944819,-0.275500,0.010428,0.168194,-0.476506,-0.003548
delayed,20.550000,-0.177046,-1.992148,-3.113321,-2.291437,0.010248,0.677942,-0.444598,-0.004403,-1.936276,-0.299288,0.010248,0.172595,-0.476075,-0.003625
delayed,20.600000,-0.154624,-1.994014,-3.082137,-2.317068,0.010065,0.681848,-0.438147,-0.004428,-1.927513,-0.323054,0.010065,0.176982,-0.475573,-0.003699
delayed,20.650000,-0.132182,-1.995627,-3.050713,-2.342419,0.009878,0.685677,-0.431631,-0.004450,-1.918532,-0.346792,0.009878,0.181354,-0.475000,-0.003769
delayed,20.700000,-0.109723,-1.996988,-3.019056,-2.367487,0.009687,0.689426,-0.425052,-0.004468,-1.909333,-0.370499,0.009687,0.185712,-0.474357,-0.003835
delayed,20.750000,-0.087250,-1.998096,-2.987167,-2.392268,0.009494,0.693097,-0.418408,-0.004483,-1.899917,-0.394172,0.009494,0.190055,-0.473643,-0.003897
delayed,20.800000,-0.064767,-1.998951,-2.955051,-2.416758,0.009297,0.696687,-0.411703,-0.004494,-1.890284,-0.417807,0.009297,0.194382,-0.472860,-0.003955
delayed,20.850000,-0.042275,-1.999553,-2.922710,-2.440954,0.009098,0.700198,-0.404935,-0.004502,-1.880436,-0.441401,0.009098,0.198692,-0.472006,-0.004009
delayed,20.900000,-0.019778,-1.999902,-2.890150,-2.464852,0.008896,0.703628,-0.398107,-0.004507,-1.870373,-0.464950,0.008896,0.202985,-0.471082,-0.004059
delayed,20.950000,0.002722,-1.999998,-2.857374,-2.488449,0.008691,0.706978,-0.391220,-0.004508,-1.860096,-0.488451,0.008691,0.207261,-0.470089,-0.004105
delayed,21.000000,0.025221,-1.999841,-2.824385,-2.511741,0.008485,0.710246,-0.384274,-0.004506,-1.849606,-0.511900,0.008485,0.211519,-0.469026,-0.004148
delayed,21.050000,0.047718,-1.999431,-2.791187,-2.534724,0.008276,0.713432,-0.377270,-0.004501,-1.838904,-0.535293,0.008276,0.215758,-0.467893,-0.004187
delayed,21.100000,0.070208,-1.998767,-2.757783,-2.557396,0.008066,0.716535,-0.370209,-0.004493,-1.827991,-0.558629,0.008066,0.219978,-0.466692,-0.004222
delayed,21.150000,0.092689,-1.997851,-2.724179,-2.579753,0.007854,0.719556,-0.363093,-0.004482,-1.816868,-0.581902,0.007854,0.224178,-0.465422,-0.004254
delayed,21.200000,0.115158,-1.996682,-2.690377,-2.601791,0.007640,0.722494,-0.355921,-0.004468,-1.805536,-0.605109,0.007640,0.228358,-0.464083,-0.004282
delayed,21.250000,0.137613,-1.995260,-2.656382,-2.623508,0.007425,0.725349,-0.348696,-0.004451,-1.793995,-0.628248,0.007425,0.232517,-0.462675,-0.004307
delayed,21.300000,0.160051,-1.993586,-2.622197,-2.644900,0.007209,0.728119,-0.341418,-0.004432,-1.782248,-0.651314,0.007209,0.236655,-0.461200,-0.004328
delayed,21.350000,0.182468,-1.991659,-2.587826,-2.665963,0.006992,0.730806,-0.334088,-0.004409,-1.770294,-0.674304,0.006992,0.240771,-0.459656,-0.004345
delayed,21.400000,0.204862,-1.989480,-2.553274,-2.686696,0.006775,0.733407,-0.326708,-0.004384,-1.758136,-0.697216,0.006775,0.244865,-0.458045,-0.004360
delayed,21.450000,0.227230,-1.987050,-2.518544,-2.707094,0.006556,0.735924,-0.319277,-0.004357,-1.745774,-0.720044,0.006556,0.248936,-0.456366,-0.004370
delayed,21.500000,0.249570,-1.984368,-2.483639,-2.727155,0.006338,0.738355,-0.311798,-0.004327,-1.733209,-0.742787,0.006338,0.252983,-0.454620,-0.004378
delayed,21.550000,0.271878,-1.981434,-2.448566,-2.746875,0.006119,0.740701,-0.304271,-0.004294,-1.720443,-0.765440,0.006119,0.257007,-0.452808,-0.004383
delayed,21.600000,0.294151,-1.978251,-2.413326,-2.766252,0.005899,0.742960,-0.296697,-0.004259,-1.707477,-0.788001,0.005899,0.261006,-0.450929,-0.004384
delayed,21.650000,0.316387,-1.974816,-2.377925,-2.785283,0.005680,0.745134,-0.289077,-0.004222,-1.694312,-0.810466,0.005680,0.264980,-0.448984,-0.004382
delayed,21.700000,0.338584,-1.971132,-2.342366,-2.803964,0.005461,0.747220,-0.281413,-0.004182,-1.680949,-0.832832,0.005461,0.268928,-0.446973,-0.004377
delayed,21.750000,0.360737,-1.967198,-2.306653,-2.822294,0.005243,0.749220,-0.273706,-0.004140,-1.667390,-0.855096,0.005243,0.272850,-0.444896,-0.004369
delayed,21.800000,0.382845,-1.963016,-2.270791,-2.840269,0.005025,0.751133,-0.265956,-0.004097,-1.653636,-0.877254,0.005025,0.276746,-0.442755,-0.004359
delayed,21.850000,0.404904,-1.958584,-2.234784,-2.857887,0.004807,0.752958,-0.258164,-0.004051,-1.639688,-0.899302,0.004807,0.280614,-0.440548,-0.004345
delayed,21.900000,0.426912,-1.953905,-2.198636,-2.875144,0.004590,0.754695,-0.250332,-0.004003,-1.625547,-0.921239,0.004590,0.284455,-0.438277,-0.004329
delayed,21.950000,0.448866,-1.948979,-2.162350,-2.892039,0.004374,0.756344,-0.242461,-0.003953,-1.611216,-0.943060,0.004374,0.288268,-0.435942,-0.004309
delayed,22.000000,0.470763,-1.943806,-2.125932,-2.908569,0.004159,0.757905,-0.234551,-0.003901,-1.596695,-0.964762,0.004159,0.292052,-0.433543,-0.004288
delayed,22.050000,0.492600,-1.938387,-2.089386,-2.924730,0.003946,0.759377,-0.226605,-0.003848,-1.581987,-0.986343,0.003946,0.295807,-0.431081,-0.004263
delayed,22.100000,0.514376,-1.932723,-2.052715,-2.940522,0.003733,0.760761,-0.218622,-0.003793,-1.567091,-1.007799,0.003733,0.299532,-0.428556,-0.004237
delayed,22.150000,0.536086,-1.926814,-2.015925,-2.955941,0.003522,0.762055,-0.210605,-0.003736,-1.552011,-1.029127,0.003522,0.303227,-0.425968,-0.004207
delayed,22.200000,0.557728,-1.920661,-1.979018,-2.970985,0.003313,0.763261,-0.202554,-0.003678,-1.536746,-1.050324,0.003313,0.306892,-0.423318,-0.004175
delayed,22.250000,0.579300,-1.914265,-1.942001,-2.985651,0.003105,0.764377,-0.194470,-0.003619,-1.521300,-1.071386,0.003105,0.310525,-0.420607,-0.004141
delayed,22.300000,0.600798,-1.907627,-1.904876,-2.999938,0.002899,0.765403,-0.186354,-0.003558,-1.505674,-1.092311,0.002899,0.314127,-0.417834,-0.004105
delayed,22.350000,0.622220,-1.900748,-1.867648,-3.013843,0.002695,0.766340,-0.178208,-0.003495,-1.489868,-1.113096,0.002695,0.317696,-0.415000,-0.004067
delayed,22.400000,0.643564,-1.893628,-1.830321,-3.027365,0.002493,0.767187,-0.170033,-0.003432,-1.473885,-1.133737,0.002493,0.321233,-0.412106,-0.004026
delayed,22.450000,0.664826,-1.886268,-1.792901,-3.040500,0.002293,0.767944,-0.161829,-0.003367,-1.457727,-1.154232,0.002293,0.324737,-0.409152,-0.003983
delayed,22.500000,0.686004,-1.878669,-1.755391,-3.053247,0.002095,0.768610,-0.153598,-0.003301,-1.441395,-1.174577,0.002095,0.328207,-0.406139,-0.003939
delayed,22.550000,0.707095,-1.870833,-1.717795,-3.065604,0.001900,0.769186,-0.145342,-0.003234,-1.424890,-1.194771,0.001900,0.331643,-0.403066,-0.003892
delayed,22.600000,0.728097,-1.862760,-1.680118,-3.077568,0.001706,0.769672,-0.137060,-0.003166,-1.408215,-1.214808,0.001706,0.335044,-0.399935,-0.003844
delayed,22.650000,0.749007,-1.854451,-1.642365,-3.089139,0.001516,0.770067,-0.128755,-0.003097,-1.391372,-1.234688,0.001516,0.338410,-0.396746,-0.003794
delayed,22.700000,0.769821,-1.845908,-1.604539,-3.100314,0.001328,0.770372,-0.120428,-0.003027,-1.374361,-1.254407,0.001328,0.341741,-0.393499,-0.003742
delayed,22.750000,0.790539,-1.837131,-1.566646,-3.111092,0.001142,0.770586,-0.112078,-0.002956,-1.357185,-1.273961,0.001142,0.345036,-0.390195,-0.003688
delayed,22.800000,0.811156,-1.828121,-1.528689,-3.121470,0.000959,0.770708,-0.103709,-0.002885,-1.339845,-1.293349,0.000959,0.348295,-0.386835,-0.003633
delayed,22.850000,0.831670,-1.818880,-1.490674,-3.131448,0.000779,0.770740,-0.095321,-0.002813,-1.322344,-1.312568,0.000779,0.351517,-0.383419,-0.003577
delayed,22.900000,0.852080,-1.809409,-1.452604,-3.141022,0.000602,0.770681,-0.086915,-0.002740,-1.304683,-1.331614,0.000602,0.354701,-0.379947,-0.003518
delayed,22.950000,0.872381,-1.799709,-1.414483,-3.150193,0.000428,0.770531,-0.078492,-0.002667,-1.286865,-1.350485,0.000428,0.357847,-0.376420,-0.003459
delayed,23.000000,0.892572,-1.789781,-1.376318,-3.158958,0.000257,0.770290,-0.070053,-0.002594,-1.268890,-1.369178,0.000257,0.360956,-0.372839,-0.003398
delayed,23.050000,0.912651,-1.779626,-1.338111,-3.167316,0.000089,0.769958,-0.061600,-0.002519,-1.250762,-1.387690,0.000089,0.364025,-0.369204,-0.003337
delayed,23.100000,0.932613,-1.769246,-1.299868,-3.175266,-0.000076,0.769535,-0.053133,-0.002445,-1.232481,-1.406019,-0.000076,0.367056,-0.365515,-0.003273
delayed,23.150000,0.952458,-1.758643,-1.261592,-3.182805,-0.000238,0.769021,-0.044655,-0.002370,-1.214050,-1.424163,-0.000238,0.370047,-0.361774,-0.003209
delayed,23.200000,0.972182,-1.747817,-1.223289,-3.189934,-0.000397,0.768415,-0.036165,-0.002295,-1.195471,-1.442118,-0.000397,0.372998,-0.357980,-0.003144
delayed,23.250000,0.991783,-1.736769,-1.184963,-3.196650,-0.000552,0.767719,-0.027666,-0.002220,-1.176746,-1.459881,-0.000552,0.375909,-0.354135,-0.003078
delayed,23.300000,1.011258,-1.725502,-1.146619,-3.202953,-0.000704,0.766931,-0.019158,-0.002145,-1.157877,-1.477451,-0.000704,0.378779,-0.350239,-0.003011
delayed,23.350000,1.030606,-1.714016,-1.108260,-3.208842,-0.000852,0.766053,-0.010643,-0.002070,-1.138866,-1.494825,-0.000852,0.381608,-0.346292,-0.002943
delayed,23.400000,1.049823,-1.702314,-1.069892,-3.214314,-0.000997,0.765083,-0.002121,-0.001994,-1.119715,-1.512001,-0.000997,0.384395,-0.342295,-0.002874
delayed,23.450000,1.068907,-1.690396,-1.031519,-3.219370,-0.001139,0.764023,0.006405,-0.001919,-1.100426,-1.528975,-0.001139,0.387140,-0.338249,-0.002805
delayed,23.500000,1.087856,-1.678264,-0.993145,-3.224009,-0.001277,0.762872,0.014936,-0.001844,-1.081001,-1.545745,-0.001277,0.389842,-0.334154,-0.002735
delayed,23.550000,1.106667,-1.665920,-0.954776,-3.228229,-0.001412,0.761630,0.023469,-0.001769,-1.061443,-1.562310,-0.001412,0.392502,-0.330011,-0.002664
delayed,23.600000,1.125338,-1.653364,-0.916415,-3.232030,-0.001543,0.760297,0.032004,-0.001694,-1.041753,-1.578666,-0.001543,0.395119,-0.325821,-0.002593
delayed,23.650000,1.143867,-1.640600,-0.878067,-3.235411,-0.001670,0.758874,0.040540,-0.001619,-1.021934,-1.594811,-0.001670,0.397692,-0.321584,-0.002522
delayed,23.700000,1.162251,-1.627628,-0.839736,-3.238371,-0.001794,0.757361,0.049075,-0.001545,-1.001987,-1.610743,-0.001794,0.400221,-0.317300,-0.002450
delayed,23.750000,1.180488,-1.614450,-0.801428,-3.240910,-0.001915,0.755757,0.057607,-0.001471,-0.981916,-1.626460,-0.001915,0.402706,-0.312971,-0.002377
delayed,23.800000,1.198575,-1.601067,-0.763147,-3.243026,-0.002031,0.754064,0.066137,-0.001397,-0.961722,-1.641959,-0.002031,0.405145,-0.308597,-0.002305
delayed,23.850000,1.216511,-1.587482,-0.724897,-3.244721,-0.002144,0.752280,0.074662,-0.001324,-0.941408,-1.657238,-0.002144,0.407540,-0.304179,-0.002232
delayed,23.900000,1.234293,-1.573697,-0.686682,-3.245992,-0.002254,0.750406,0.083182,-0.001251,-0.920975,-1.672296,-0.002254,0.409890,-0.299717,-0.002159
delayed,23.950000,1.251919,-1.559711,-0.648508,-3.246840,-0.002360,0.748443,0.091695,-0.001178,-0.900427,-1.687129,-0.002360,0.412193,-0.295212,-0.002085
delayed,24.000000,1.269386,-1.545529,-0.610379,-3.247264,-0.002462,0.746391,0.100201,-0.001107,-0.879765,-1.701735,-0.002462,0.414451,-0.290665,-0.002012
delayed,24.050000,1.286692,-1.531151,-0.572299,-3.247264,-0.002560,0.744249,0.108698,-0.001036,-0.858992,-1.716114,-0.002560,0.416662,-0.286076,-0.001939
delayed,24.100000,1.303836,-1.516579,-0.534274,-3.246840,-0.002655,0.742018,0.117184,-0.000965,-0.838109,-1.730261,-0.002655,0.418826,-0.281446,-0.001866
delayed,24.150000,1.320815,-1.501815,-0.496306,-3.245992,-0.002746,0.739698,0.125659,-0.000895,-0.817121,-1.744177,-0.002746,0.420943,-0.276776,-0.001792
delayed,24.200000,1.337626,-1.486861,-0.458401,-3.244719,-0.002833,0.737290,0.134122,-0.000826,-0.796028,-1.757857,-0.002833,0.423012,-0.272066,-0.001719
delayed,24.250000,1.354268,-1.471719,-0.420564,-3.243021,-0.002917,0.734793,0.142571,-0.000758,-0.774833,-1.771302,-0.002917,0.425034,-0.267318,-0.001647
delayed,24.300000,1.370739,-1.456391,-0.382799,-3.240898,-0.002997,0.732208,0.151005,-0.000690,-0.753538,-1.784508,-0.002997,0.427008,-0.262531,-0.001574
delayed,24.350000,1.387036,-1.440878,-0.345111,-3.238351,-0.003074,0.729536,0.159424,-0.000623,-0.732147,-1.797473,-0.003074,0.428933,-0.257706,-0.001502
delayed,24.400000,1.403158,-1.425183,-0.307503,-3.235380,-0.003147,0.726775,0.167825,-0.000557,-0.710661,-1.810197,-0.003147,0.430809,-0.252845,-0.001430
delayed,24.450000,1.419102,-1.409308,-0.269980,-3.231984,-0.003216,0.723928,0.176209,-0.000492,-0.689083,-1.822676,-0.003216,0.432636,-0.247947,-0.001358
delayed,24.500000,1.434867,-1.393254,-0.232548,-3.228164,-0.003282,0.720993,0.184572,-0.000427,-0.667415,-1.834910,-0.003282,0.434414,-0.243014,-0.001287
delayed,24.550000,1.450450,-1.377024,-0.195210,-3.223920,-0.003344,0.717972,0.192916,-0.000364,-0.645660,-1.846896,-0.003344,0.436142,-0.238047,-0.001216
delayed,24.600000,1.465849,-1.360620,-0.157971,-3.219253,-0.003403,0.714865,0.201237,-0.000302,-0.623820,-1.858633,-0.003403,0.437821,-0.233045,-0.001146
delayed,24.650000,1.481063,-1.344043,-0.120835,-3.214162,-0.003458,0.711671,0.209536,-0.000240,-0.601898,-1.870119,-0.003458,0.439449,-0.228010,-0.001076
delayed,24.700000,1.496090,-1.327296,-0.083806,-3.208649,-0.003510,0.708392,0.217811,-0.000180,-0.579896,-1.881353,-0.003510,0.441027,-0.222943,-0.001007
delayed,24.750000,1.510927,-1.310382,-0.046890,-3.202714,-0.003558,0.705027,0.226061,-0.000120,-0.557817,-1.892332,-0.003558,0.442554,-0.217843,-0.000938
delayed,24.800000,1.525573,-1.293301,-0.010091,-3.196358,-0.003603,0.701578,0.234284,-0.000062,-0.535663,-1.903056,-0.003603,0.444030,-0.212713,-0.000870
delayed,24.850000,1.540025,-1.276057,0.026588,-3.189580,-0.003644,0.698043,0.242481,-0.000005,-0.513437,-1.913523,-0.003644,0.445455,-0.207552,-0.000803
delayed,24.900000,1.554283,-1.258652,0.063141,-3.182382,-0.003683,0.694425,0.250648,0.000051,-0.491142,-1.923731,-0.003683,0.446828,-0.202362,-0.000736
delayed,24.950000,1.568344,-1.241087,0.099565,-3.174765,-0.003717,0.690723,0.258787,0.000107,-0.468780,-1.933679,-0.003717,0.448150,-0.197143,-0.000670
delayed,25.000000,1.582207,-1.223364,0.135854,-3.166729,-0.003749,0.686937,0.266894,0.000161,-0.446353,-1.943365,-0.003749,0.449419,-0.191896,-0.000605
delayed,25.050000,1.595870,-1.205488,0.172005,-3.158276,-0.003777,0.683068,0.274970,0.000213,-0.423865,-1.952788,-0.003777,0.450637,-0.186621,-0.000541
delayed,25.100000,1.609330,-1.187458,0.208013,-3.149405,-0.003803,0.679117,0.283013,0.000265,-0.401317,-1.961947,-0.003803,0.451802,-0.181320,-0.000478
delayed,25.150000,1.622587,-1.169278,0.243874,-3.140119,-0.003825,0.675083,0.291022,0.000316,-0.378713,-1.970840,-0.003825,0.452915,-0.175993,-0.000415
delayed,25.200000,1.635638,-1.150951,0.279583,-3.130417,-0.003843,0.670968,0.298995,0.000365,-0.356055,-1.979467,-0.003843,0.453975,-0.170641,-0.000354
delayed,25.250000,1.648483,-1.132477,0.315137,-3.120302,-0.003859,0.666771,0.306933,0.000413,-0.333346,-1.987825,-0.003859,0.454981,-0.165264,-0.000293
delayed,25.300000,1.661118,-1.113861,0.350530,-3.109774,-0.003872,0.662494,0.314833,0.000460,-0.310588,-1.995914,-0.003872,0.455935,-0.159864,-0.000233
delayed,25.350000,1.673544,-1.095103,0.385760,-3.098835,-0.003882,0.658136,0.322695,0.000506,-0.287784,-2.003732,-0.003882,0.456835,-0.154442,-0.000174
delayed,25.400000,1.685758,-1.076207,0.420820,-3.087486,-0.003889,0.653699,0.330518,0.000550,-0.264937,-2.011279,-0.003889,0.457682,-0.148997,-0.000117
delayed,25.450000,1.697758,-1.057174,0.455709,-3.075728,-0.003893,0.649182,0.338300,0.000594,-0.242050,-2.018554,-0.003893,0.458475,-0.143531,-0.000060
delayed,25.500000,1.709544,-1.038008,0.490420,-3.063562,-0.003895,0.644586,0.346040,0.000636,-0.219124,-2.025554,-0.003895,0.459214,-0.138045,-0.000004
delayed,25.550000,1.721113,-1.018710,0.524950,-3.050990,-0.003893,0.639912,0.353738,0.000677,-0.196163,-2.032280,-0.003893,0.459899,-0.132539,0.000050
delayed,25.600000,1.732464,-0.999284,0.559294,-3.038014,-0.003889,0.635160,0.361393,0.000716,-0.173170,-2.038730,-0.003889,0.460529,-0.127014,0.000104
delayed,25.650000,1.743596,-0.979731,0.593449,-3.024635,-0.003882,0.630331,0.369002,0.000754,-0.150147,-2.044904,-0.003882,0.461106,-0.121471,0.000157
delayed,25.700000,1.754508,-0.960054,0.627411,-3.010854,-0.003873,0.625425,0.376566,0.000791,-0.127097,-2.050801,-0.003873,0.461628,-0.115910,0.000208
delayed,25.750000,1.765197,-0.940255,0.661174,-2.996674,-0.003861,0.620443,0.384083,0.000827,-0.104022,-2.056419,-0.003861,0.462095,-0.110333,0.000258
delayed,25.800000,1.775663,-0.920338,0.694736,-2.982095,-0.003847,0.615386,0.391552,0.000862,-0.080926,-2.061758,-0.003847,0.462508,-0.104741,0.000307
delayed,25.850000,1.785904,-0.900304,0.728093,-2.967120,-0.003830,0.610253,0.398972,0.000895,-0.057812,-2.066817,-0.003830,0.462865,-0.099133,0.000355
delayed,25.900000,1.795919,-0.880156,0.761239,-2.951751,-0.003811,0.605046,0.406343,0.000927,-0.034681,-2.071595,-0.003811,0.463168,-0.093511,0.000402
delayed,25.950000,1.805707,-0.859896,0.794171,-2.935989,-0.003789,0.599765,0.413662,0.000958,-0.011536,-2.076093,-0.003789,0.463416,-0.087876,0.000448
delayed,26.000000,1.815267,-0.839528,0.826885,-2.919836,-0.003765,0.594411,0.420930,0.000987,0.011619,-2.080308,-0.003765,0.463608,-0.082228,0.000492
delayed,26.050000,1.824596,-0.819054,0.859378,-2.903294,-0.003740,0.588984,0.428145,0.001016,0.034782,-2.084241,-0.003740,0.463745,-0.076569,0.000536
delayed,26.100000,1.833695,-0.798475,0.891645,-2.886366,-0.003712,0.583485,0.435306,0.001043,0.057950,-2.087891,-0.003712,0.463827,-0.070898,0.000578
delayed,26.150000,1.842561,-0.777796,0.923682,-2.869053,-0.003681,0.577915,0.442413,0.001068,0.081120,-2.091257,-0.003681,0.463854,-0.065217,0.000619
delayed,26.200000,1.851195,-0.757019,0.955485,-2.851358,-0.003649,0.572274,0.449463,0.001093,0.104290,-2.094339,-0.003649,0.463825,-0.059527,0.000658
delayed,26.250000,1.859594,-0.736145,0.987051,-2.833282,-0.003615,0.566563,0.456457,0.001116,0.127457,-2.097137,-0.003615,0.463740,-0.053828,0.000697
delayed,26.300000,1.867758,-0.715179,1.018375,-2.814828,-0.003579,0.560783,0.463393,0.001138,0.150617,-2.099650,-0.003579,0.463600,-0.048122,0.000734
delayed,26.350000,1.875685,-0.694122,1.049455,-2.795999,-0.003542,0.554934,0.470270,0.001159,0.173769,-2.101877,-0.003542,0.463404,-0.042408,0.000770
delayed,26.400000,1.883375,-0.672977,1.080285,-2.776795,-0.003502,0.549017,0.477088,0.001179,0.196910,-2.103819,-0.003502,0.463152,-0.036688,0.000805
delayed,26.450000,1.890827,-0.651747,1.110863,-2.757221,-0.003461,0.543032,0.483846,0.001197,0.220036,-2.105475,-0.003461,0.462845,-0.030963,0.000838
delayed,26.500000,1.898039,-0.630434,1.141184,-2.737278,-0.003418,0.536981,0.490542,0.001214,0.243145,-2.106844,-0.003418,0.462482,-0.025233,0.000871
delayed,26.550000,1.905011,-0.609042,1.171245,-2.716970,-0.003373,0.530864,0.497175,0.001230,0.266234,-2.107928,-0.003373,0.462063,-0.019499,0.000902
delayed,26.600000,1.911742,-0.587572,1.201043,-2.696297,-0.003327,0.524681,0.503746,0.001245,0.289300,-2.108725,-0.003327,0.461588,-0.013763,0.000932
delayed,26.650000,1.918231,-0.566028,1.230572,-2.675263,-0.003280,0.518434,0.510252,0.001259,0.312341,-2.109235,-0.003280,0.461058,-0.008024,0.000960
delayed,26.700000,1.924478,-0.544413,1.259831,-2.653871,-0.003231,0.512123,0.516693,0.001272,0.335354,-2.109459,-0.003231,0.460472,-0.002283,0.000988
delayed,26.750000,1.930480,-0.522728,1.288816,-2.632124,-0.003181,0.505749,0.523069,0.001283,0.358335,-2.109395,-0.003181,0.459830,0.003458,0.001014
delayed,26.800000,1.936239,-0.500978,1.317522,-2.610023,-0.003129,0.499313,0.529377,0.001294,0.381283,-2.109045,-0.003129,0.459132,0.009198,0.001039
delayed,26.850000,1.941752,-0.479164,1.345946,-2.587573,-0.003077,0.492815,0.535618,0.001303,0.404194,-2.108408,-0.003077,0.458379,0.014938,0.001063
delayed,26.900000,1.947020,-0.457289,1.374086,-2.564774,-0.003023,0.486256,0.541791,0.001311,0.427066,-2.107485,-0.003023,0.457570,0.020676,0.001086
delayed,26.950000,1.952041,-0.435357,1.401936,-2.541632,-0.002968,0.479637,0.547894,0.001318,0.449895,-2.106275,-0.002968,0.456705,0.026412,0.001107
delayed,27.000000,1.956815,-0.413369,1.429495,-2.518148,-0.002912,0.472959,0.553927,0.001324,0.472680,-2.104779,-0.002912,0.455784,0.032144,0.001127
delayed,27.050000,1.961342,-0.391330,1.456759,-2.494325,-0.002855,0.466222,0.559889,0.001329,0.495417,-2.102996,-0.002855,0.454809,0.037872,0.001146
delayed,27.100000,1.965620,-0.369240,1.483723,-2.470167,-0.002797,0.459428,0.565779,0.001333,0.518103,-2.100927,-0.002797,0.453777,0.043595,0.001164
delayed,27.150000,1.969649,-0.347104,1.510386,-2.445677,-0.002739,0.452577,0.571596,0.001336,0.540736,-2.098573,-0.002739,0.452690,0.049313,0.001181
delayed,27.200000,1.973430,-0.324924,1.536743,-2.420857,-0.002679,0.445670,0.577341,0.001338,0.563313,-2.095933,-0.002679,0.451548,0.055023,0.001197
delayed,27.250000,1.976960,-0.302703,1.562792,-2.395711,-0.002619,0.438707,0.583011,0.001339,0.585832,-2.093008,-0.002619,0.450350,0.060727,0.001211
delayed,27.300000,1.980240,-0.280443,1.588529,-2.370242,-0.002558,0.431690,0.588606,0.001339,0.608288,-2.089798,-0.002558,0.449098,0.066423,0.001224
delayed,27.350000,1.983270,-0.258148,1.613951,-2.344453,-0.002496,0.424620,0.594125,0.001338,0.630681,-2.086305,-0.002496,0.447790,0.072109,0.001237
delayed,27.400000,1.986048,-0.235821,1.639055,-2.318348,-0.002434,0.417496,0.599568,0.001336,0.653006,-2.082527,-0.002434,0.446427,0.077786,0.001248
delayed,27.450000,1.988576,-0.213463,1.663837,-2.291929,-0.002371,0.410321,0.604934,0.001333,0.675262,-2.078466,-0.002371,0.445010,0.083453,0.001258
delayed,27.500000,1.990851,-0.191079,1.688296,-2.265201,-0.002308,0.403095,0.610222,0.001330,0.697445,-2.074123,-0.002308,0.443538,0.089108,0.001267
delayed,27.550000,1.992875,-0.168670,1.712427,-2.238167,-0.002245,0.395818,0.615431,0.001325,0.719552,-2.069497,-0.002245,0.442011,0.094751,0.001275
delayed,27.600000,1.994646,-0.146240,1.736228,-2.210830,-0.002181,0.388492,0.620561,0.001320,0.741582,-2.064590,-0.002181,0.440429,0.100382,0.001282
delayed,27.650000,1.996165,-0.123791,1.759696,-2.183193,-0.002116,0.381118,0.625611,0.001314,0.763531,-2.059402,-0.002116,0.438793,0.105999,0.001288
delayed,27.700000,1.997432,-0.101327,1.782828,-2.155260,-0.002052,0.373696,0.630580,0.001307,0.785397,-2.053933,-0.002052,0.437104,0.111602,0.001292
delayed,27.750000,1.998445,-0.078850,1.805621,-2.127036,-0.001987,0.366227,0.635467,0.001299,0.807176,-2.048186,-0.001987,0.435360,0.117190,0.001296
delayed,27.800000,1.999206,-0.056363,1.828072,-2.098522,-0.001922,0.358713,0.640273,0.001291,0.828867,-2.042159,-0.001922,0.433562,0.122762,0.001299
delayed,27.850000,1.999713,-0.033869,1.850179,-2.069724,-0.001857,0.351153,0.644996,0.001281,0.850466,-2.035855,-0.001857,0.431710,0.128317,0.001301
delayed,27.900000,1.999968,-0.011371,1.871939,-2.040644,-0.001792,0.343550,0.649635,0.001271,0.871971,-2.029274,-0.001792,0.429805,0.133855,0.001302
delayed,27.950000,1.999969,0.011129,1.893348,-2.011287,-0.001727,0.335903,0.654191,0.001261,0.893379,-2.022417,-0.001727,0.427847,0.139375,0.001302
delayed,28.000000,1.999717,0.033628,1.914405,-1.981656,-0.001662,0.328215,0.658661,0.001249,0.914688,-2.015284,-0.001662,0.425835,0.144876,0.001301
delayed,28.050000,1.999212,0.056122,1.935107,-1.951755,-0.001597,0.320485,0.663047,0.001237,0.935894,-2.007877,-0.001597,0.423771,0.150357,0.001299
delayed,28.100000,1.998455,0.078609,1.955450,-1.921589,-0.001532,0.312715,0.667347,0.001225,0.956996,-2.000198,-0.001532,0.421654,0.155818,0.001297
delayed,28.150000,1.997444,0.101086,1.975434,-1.891159,-0.001467,0.304905,0.671560,0.001212,0.977990,-1.992246,-0.001467,0.419484,0.161258,0.001293
delayed,28.200000,1.996180,0.123551,1.995055,-1.860472,-0.001403,0.297057,0.675686,0.001198,0.998874,-1.984023,-0.001403,0.417262,0.166676,0.001289
delayed,28.250000,1.994664,0.145999,2.014310,-1.829530,-0.001338,0.289171,0.679725,0.001183,1.019646,-1.975530,-0.001338,0.414988,0.172072,0.001284
delayed,28.300000,1.992895,0.168430,2.033198,-1.798338,-0.001274,0.281249,0.683675,0.001168,1.040302,-1.966768,-0.001274,0.412662,0.177444,0.001278
delayed,28.350000,1.990874,0.190839,2.051715,-1.766900,-0.001211,0.273291,0.687537,0.001153,1.060841,-1.957738,-0.001211,0.410284,0.182792,0.001271
delayed,28.400000,1.988601,0.213223,2.069861,-1.735219,-0.001147,0.265298,0.691310,0.001137,1.081259,-1.948442,-0.001147,0.407855,0.188116,0.001263
delayed,28.450000,1.986077,0.235581,2.087631,-1.703300,-0.001085,0.257272,0.694993,0.001120,1.101554,-1.938881,-0.001085,0.405375,0.193414,0.001255
delayed,28.500000,1.983301,0.257909,2.105025,-1.671147,-0.001022,0.249213,0.698586,0.001103,1.121724,-1.929056,-0.001022,0.402844,0.198686,0.001246
delayed,28.550000,1.980274,0.280205,2.122040,-1.638764,-0.000960,0.241122,0.702088,0.001086,1.141766,-1.918969,-0.000960,0.400263,0.203931,0.001236
delayed,28.600000,1.976997,0.302464,2.138674,-1.606156,-0.000899,0.233001,0.705499,0.001068,1.161677,-1.908620,-0.000899,0.397631,0.209148,0.001226
delayed,28.650000,1.973469,0.324686,2.154924,-1.573326,-0.000838,0.224850,0.708818,0.001050,1.181455,-1.898012,-0.000838,0.394949,0.214337,0.001215
delayed,28.700000,1.969691,0.346867,2.170789,-1.540279,-0.000777,0.216670,0.712045,0.001031,1.201098,-1.887145,-0.000777,0.392218,0.219497,0.001203
delayed,28.750000,1.965664,0.369003,2.186267,-1.507019,-0.000717,0.208462,0.715180,0.001012,1.220603,-1.876022,-0.000717,0.389437,0.224628,0.001191
delayed,28.800000,1.961389,0.391093,2.201356,-1.473550,-0.000658,0.200227,0.718222,0.000992,1.239967,-1.864643,-0.000658,0.386607,0.229727,0.001178
delayed,28.850000,1.956865,0.413133,2.216053,-1.439877,-0.000600,0.191967,0.721170,0.000973,1.259188,-1.853010,-0.000600,0.383728,0.234796,0.001165
delayed,28.900000,1.952094,0.435122,2.230358,-1.406004,-0.000542,0.183681,0.724024,0.000953,1.278264,-1.841125,-0.000542,0.380801,0.239833,0.001151
delayed,28.950000,1.947075,0.457055,2.244267,-1.371935,-0.000485,0.175372,0.726785,0.000932,1.297192,-1.828990,-0.000485,0.377825,0.244838,0.001136
delayed,29.000000,1.941810,0.478930,2.257780,-1.337675,-0.000428,0.167041,0.729450,0.000912,1.315970,-1.816605,-0.000428,0.374802,0.249810,0.001121
delayed,29.050000,1.936299,0.500744,2.270895,-1.303229,-0.000373,0.158687,0.732021,0.000891,1.334596,-1.803973,-0.000373,0.371731,0.254747,0.001105
delayed,29.100000,1.930544,0.522496,2.283610,-1.268600,-0.000318,0.150312,0.734497,0.000870,1.353066,-1.791096,-0.000318,0.368613,0.259651,0.001089
delayed,29.150000,1.924543,0.544181,2.295923,-1.233794,-0.000264,0.141918,0.736877,0.000849,1.371380,-1.777975,-0.000264,0.365448,0.264519,0.001073
delayed,29.200000,1.918300,0.565797,2.307833,-1.198814,-0.000211,0.133505,0.739161,0.000827,1.389534,-1.764611,-0.000211,0.362237,0.269351,0.001056
delayed,29.250000,1.911813,0.587342,2.319339,-1.163666,-0.000159,0.125075,0.741349,0.000806,1.407526,-1.751008,-0.000159,0.358979,0.274147,0.001038
delayed,29.300000,1.905085,0.608812,2.330438,-1.128354,-0.000107,0.116628,0.743440,0.000784,1.425354,-1.737165,-0.000107,0.355676,0.278906,0.001021
delayed,29.350000,1.898115,0.630205,2.341130,-1.092882,-0.000057,0.108165,0.745434,0.000762,1.443015,-1.723087,-0.000057,0.352327,0.283627,0.001002
delayed,29.400000,1.890905,0.651519,2.351413,-1.057255,-0.000007,0.099687,0.747331,0.000740,1.460508,-1.708773,-0.000007,0.348934,0.288310,0.000984
delayed,29.450000,1.883456,0.672750,2.361286,-1.021478,0.000041,0.091196,0.749131,0.000718,1.477829,-1.694227,0.000041,0.345496,0.292955,0.000965
delayed,29.500000,1.875769,0.693895,2.370747,-0.985555,0.000089,0.082693,0.750834,0.000695,1.494978,-1.679450,0.000089,0.342013,0.297559,0.000946
delayed,29.550000,1.867844,0.714953,2.379795,-0.949491,0.000136,0.074177,0.752438,0.000673,1.511951,-1.664445,0.000136,0.338487,0.302123,0.000926
delayed,29.600000,1.859683,0.735921,2.388430,-0.913291,0.000182,0.065652,0.753944,0.000651,1.528747,-1.649212,0.000182,0.334917,0.306647,0.000907
delayed,29.650000,1.851286,0.756795,2.396650,-0.876960,0.000226,0.057117,0.755352,0.000628,1.545363,-1.633755,0.000226,0.331305,0.311129,0.000887
delayed,29.700000,1.842655,0.777574,2.404453,-0.840501,0.000270,0.048574,0.756661,0.000606,1.561798,-1.618075,0.000270,0.327650,0.315569,0.000866
delayed,29.750000,1.833791,0.798254,2.411839,-0.803921,0.000313,0.040023,0.757872,0.000584,1.578048,-1.602175,0.000313,0.323952,0.319967,0.000846
delayed,29.800000,1.824695,0.818834,2.418808,-0.767223,0.000354,0.031466,0.758984,0.000561,1.594113,-1.586057,0.000354,0.320213,0.324322,0.000825
delayed,29.850000,1.815368,0.839309,2.425357,-0.730413,0.000395,0.022904,0.759997,0.000539,1.609989,-1.569722,0.000395,0.316433,0.328632,0.000804
delayed,29.900000,1.805811,0.859678,2.431486,-0.693495,0.000435,0.014338,0.760910,0.000517,1.625675,-1.553173,0.000435,0.312612,0.332899,0.000783
delayed,29.950000,1.796025,0.879939,2.437195,-0.656474,0.000473,0.005769,0.761725,0.000494,1.641169,-1.536413,0.000473,0.308750,0.337121,0.000762
delayed,30.000000,1.786013,0.900088,2.442482,-0.619355,0.000511,-0.002803,0.762439,0.000472,1.656469,-1.519443,0.000511,0.304849,0.341297,0.000741
delayed,30.050000,1.775774,0.920123,2.447347,-0.582142,0.000547,-0.011375,0.763055,0.000450,1.671573,-1.502266,0.000547,0.300908,0.345427,0.000719
delayed,30.100000,1.765310,0.940042,2.451789,-0.544841,0.000582,-0.019947,0.763571,0.000428,1.686479,-1.484884,0.000582,0.296928,0.349511,0.000698
delayed,30.150000,1.754623,0.959842,2.455808,-0.507457,0.000617,-0.028518,0.763987,0.000406,1.701185,-1.467299,0.000617,0.292909,0.353548,0.000676
delayed,30.200000,1.743714,0.979520,2.459403,-0.469994,0.000650,-0.037087,0.764303,0.000385,1.715688,-1.449514,0.000650,0.288852,0.357537,0.000654
delayed,30.250000,1.732585,0.999075,2.462573,-0.432457,0.000682,-0.045653,0.764519,0.000363,1.729988,-1.431532,0.000682,0.284758,0.361478,0.000633
delayed,30.300000,1.721236,1.018503,2.465318,-0.394851,0.000713,-0.054215,0.764636,0.000342,1.744083,-1.413354,0.000713,0.280627,0.365370,0.000611
delayed,30.350000,1.709669,1.037802,2.467638,-0.357181,0.000743,-0.062771,0.764653,0.000320,1.757969,-1.394983,0.000743,0.276458,0.369213,0.000589
delayed,30.400000,1.697886,1.056969,2.469532,-0.319452,0.000771,-0.071321,0.764570,0.000299,1.771647,-1.376421,0.000771,0.272254,0.373007,0.000567
delayed,30.450000,1.685888,1.076003,2.471000,-0.281669,0.000799,-0.079863,0.764387,0.000279,1.785113,-1.357672,0.000799,0.268014,0.376750,0.000546
delayed,30.500000,1.673676,1.094901,2.472042,-0.243836,0.000826,-0.088397,0.764104,0.000258,1.798366,-1.338737,0.000826,0.263739,0.380443,0.000524
delayed,30.550000,1.661253,1.113660,2.472658,-0.205959,0.000851,-0.096921,0.763721,0.000237,1.811405,-1.319620,0.000851,0.259429,0.384085,0.000502
delayed,30.600000,1.648619,1.132279,2.472846,-0.168043,0.000876,-0.105435,0.763238,0.000217,1.824227,-1.300322,0.000876,0.255086,0.387675,0.000481
delayed,30.650000,1.635777,1.150753,2.472609,-0.130093,0.000899,-0.113937,0.762656,0.000197,1.836831,-1.280846,0.000899,0.250708,0.391213,0.000459
delayed,30.700000,1.622728,1.169083,2.471944,-0.092113,0.000922,-0.122426,0.761974,0.000177,1.849216,-1.261195,0.000922,0.246298,0.394698,0.000438
delayed,30.750000,1.609473,1.187264,2.470853,-0.054108,0.000943,-0.130901,0.761192,0.000158,1.861379,-1.241372,0.000943,0.241855,0.398131,0.000416
delayed,30.800000,1.596015,1.205295,2.469335,-0.016084,0.000963,-0.139362,0.760311,0.000139,1.873320,-1.221379,0.000963,0.237379,0.401510,0.000395
delayed,30.850000,1.582355,1.223174,2.467390,0.021955,0.000982,-0.147807,0.759330,0.000120,1.885035,-1.201219,0.000982,0.232873,0.404835,0.000374
delayed,30.900000,1.568494,1.240897,2.465019,0.060003,0.001000,-0.156235,0.758251,0.000101,1.896525,-1.180894,0.001000,0.228335,0.408106,0.000353
delayed,30.950000,1.554435,1.258464,2.462222,0.098056,0.001017,-0.164645,0.757072,0.000082,1.907787,-1.160408,0.001017,0.223767,0.411322,0.000332
delayed,31.000000,1.540179,1.275871,2.458999,0.136109,0.001033,-0.173035,0.755794,0.000064,1.918820,-1.139762,0.001033,0.219170,0.414483,0.000312
delayed,31.050000,1.525729,1.293117,2.455351,0.174156,0.001048,-0.181406,0.754417,0.000047,1.929622,-1.118961,0.001048,0.214543,0.417589,0.000291
delayed,31.100000,1.511085,1.310200,2.451278,0.212194,0.001062,-0.189756,0.752941,0.000029,1.940193,-1.098006,0.001062,0.209887,0.420638,0.000271
delayed,31.150000,1.496250,1.327116,2.446779,0.250216,0.001075,-0.198084,0.751367,0.000012,1.950530,-1.076900,0.001075,0.205203,0.423632,0.000251
delayed,31.200000,1.481225,1.343864,2.441857,0.288217,0.001087,-0.206388,0.749695,-0.000005,1.960632,-1.055647,0.001087,0.200492,0.426568,0.000231
delayed,31.250000,1.466013,1.360443,2.436511,0.326194,0.001098,-0.214669,0.747924,-0.000022,1.970498,-1.034249,0.001098,0.195753,0.429447,0.000211
delayed,31.300000,1.450616,1.376849,2.430742,0.364140,0.001108,-0.222924,0.746056,-0.000038,1.980126,-1.012709,0.001108,0.190988,0.432269,0.000192
delayed,31.350000,1.435035,1.393081,2.424550,0.402052,0.001117,-0.231152,0.744090,-0.000054,1.989515,-0.991029,0.001117,0.186197,0.435033,0.000172
delayed,31.400000,1.419272,1.409137,2.417937,0.439923,0.001125,-0.239354,0.742027,-0.000069,1.998665,-0.969214,0.001125,0.181381,0.437739,0.000153
delayed,31.450000,1.403330,1.425014,2.410903,0.477749,0.001132,-0.247527,0.739866,-0.000085,2.007573,-0.947265,0.001132,0.176540,0.440386,0.000135
delayed,31.500000,1.387210,1.440711,2.403448,0.515526,0.001138,-0.255671,0.737609,-0.000100,2.016238,-0.925185,0.001138,0.171675,0.442974,0.000116
delayed,31.550000,1.370915,1.456226,2.395574,0.553247,0.001144,-0.263785,0.735255,-0.000114,2.024660,-0.902978,0.001144,0.166787,0.445503,0.000098
delayed,31.600000,1.354446,1.471556,2.387282,0.590909,0.001148,-0.271867,0.732805,-0.000128,2.032837,-0.880647,0.001148,0.161876,0.447973,0.000080
delayed,31.650000,1.337805,1.486700,2.378573,0.628506,0.001151,-0.279917,0.730259,-0.000142,2.040767,-0.858194,0.001151,0.156942,0.450382,0.000062
delayed,31.700000,1.320996,1.501656,2.369447,0.666034,0.001154,-0.287933,0.727618,-0.000155,2.048451,-0.835622,0.001154,0.151986,0.452732,0.000045
delayed,31.750000,1.304019,1.516422,2.359905,0.703486,0.001156,-0.295916,0.724881,-0.000169,2.055886,-0.812935,0.001156,0.147010,0.455021,0.000028
delayed,31.800000,1.286877,1.530996,2.349949,0.740860,0.001157,-0.303862,0.722049,-0.000181,2.063072,-0.790136,0.001157,0.142013,0.457249,0.000011
delayed,31.850000,1.269572,1.545376,2.339580,0.778149,0.001157,-0.311773,0.719123,-0.000194,2.070008,-0.767227,0.001157,0.136996,0.459416,-0.000005
delayed,31.900000,1.252107,1.559560,2.328800,0.815348,0.001156,-0.319646,0.716102,-0.000206,2.076693,-0.744212,0.001156,0.131960,0.461522,-0.000021
delayed,31.950000,1.234483,1.573548,2.317608,0.852454,0.001154,-0.327481,0.712988,-0.000217,2.083126,-0.721094,0.001154,0.126905,0.463566,-0.000037
delayed,32.000000,1.216703,1.587336,2.306008,0.889461,0.001152,-0.335276,0.709780,-0.000228,2.089305,-0.697875,0.001152,0.121833,0.465548,-0.000052
delayed,32.050000,1.198768,1.600923,2.293999,0.926364,0.001149,-0.343032,0.706480,-0.000239,2.095231,-0.674559,0.001149,0.116742,0.467468,-0.000068
delayed,32.100000,1.180683,1.614307,2.281584,0.963158,0.001145,-0.350746,0.703086,-0.000250,2.100901,-0.651149,0.001145,0.111636,0.469326,-0.000082
delayed,32.150000,1.162447,1.627488,2.268764,0.999839,0.001141,-0.358417,0.699601,-0.000260,2.106317,-0.627649,0.001141,0.106512,0.471122,-0.000097
delayed,32.200000,1.144065,1.640462,2.255540,1.036402,0.001135,-0.366046,0.696024,-0.000270,2.111475,-0.604060,0.001135,0.101374,0.472854,-0.000111
delayed,32.250000,1.125538,1.653229,2.241915,1.072841,0.001129,-0.373630,0.692356,-0.000279,2.116377,-0.580387,0.001129,0.096221,0.474524,-0.000125
delayed,32.300000,1.106868,1.665786,2.227889,1.109153,0.001123,-0.381170,0.688597,-0.000288,2.121021,-0.556633,0.001123,0.091053,0.476130,-0.000138
delayed,32.350000,1.088058,1.678133,2.213464,1.145332,0.001116,-0.388663,0.684748,-0.000297,2.125406,-0.532800,0.001116,0.085872,0.477673,-0.000151
delayed,32.400000,1.069111,1.690267,2.198643,1.181374,0.001108,-0.396109,0.680809,-0.000305,2.129532,-0.508893,0.001108,0.080678,0.479152,-0.000164
delayed,32.450000,1.050028,1.702187,2.183426,1.217274,0.001099,-0.403508,0.676781,-0.000313,2.133398,-0.484913,0.001099,0.075471,0.480568,-0.000176
delayed,32.500000,1.030812,1.713892,2.167816,1.253027,0.001090,-0.410857,0.672664,-0.000320,2.137004,-0.460864,0.001090,0.070253,0.481919,-0.000188
delayed,32.550000,1.011466,1.725380,2.151815,1.288629,0.001080,-0.418157,0.668460,-0.000327,2.140348,-0.436751,0.001080,0.065024,0.483207,-0.000200
delayed,32.600000,0.991992,1.736649,2.135424,1.324075,0.001070,-0.425406,0.664167,-0.000334,2.143431,-0.412574,0.001070,0.059785,0.484430,-0.000211
delayed,32.650000,0.972393,1.747699,2.118645,1.359360,0.001059,-0.432604,0.659787,-0.000341,2.146252,-0.388339,0.001059,0.054535,0.485588,-0.000222
delayed,32.700000,0.952670,1.758528,2.101481,1.394480,0.001047,-0.439749,0.655321,-0.000347,2.148811,-0.364048,0.001047,0.049277,0.486682,-0.000233
delayed,32.750000,0.932827,1.769134,2.083933,1.429430,0.001035,-0.446840,0.650769,-0.000352,2.151107,-0.339704,0.001035,0.044011,0.487712,-0.000243
delayed,32.800000,0.912865,1.779516,2.066004,1.464206,0.001023,-0.453877,0.646132,-0.000358,2.153139,-0.315310,0.001023,0.038736,0.488676,-0.000253
delayed,32.850000,0.892788,1.789673,2.047696,1.498802,0.001010,-0.460859,0.641410,-0.000363,2.154908,-0.290871,0.001010,0.033455,0.489576,-0.000262
delayed,32.900000,0.872598,1.799603,2.029011,1.533215,0.000997,-0.467785,0.636603,-0.000367,2.156412,-0.266389,0.000997,0.028167,0.490410,-0.000271
delayed,32.950000,0.852298,1.809306,2.009951,1.567439,0.000983,-0.474654,0.631714,-0.000372,2.157653,-0.241866,0.000983,0.022874,0.491180,-0.000280
delayed,33.000000,0.831890,1.818780,1.990518,1.601472,0.000969,-0.481466,0.626741,-0.000375,2.158628,-0.217308,0.000969,0.017575,0.491884,-0.000288
delayed,33.050000,0.811376,1.828023,1.970716,1.635307,0.000954,-0.488218,0.621686,-0.000379,2.159339,-0.192716,0.000954,0.012272,0.492523,-0.000296
delayed,33.100000,0.790760,1.837035,1.950545,1.668940,0.000939,-0.494911,0.616550,-0.000382,2.159785,-0.168095,0.000939,0.006965,0.493096,-0.000304
delayed,33.150000,0.770044,1.845815,1.930010,1.702368,0.000924,-0.501544,0.611333,-0.000385,2.159966,-0.143447,0.000924,0.001656,0.493605,-0.000311
delayed,33.200000,0.749230,1.854361,1.909112,1.735586,0.000908,-0.508116,0.606035,-0.000388,2.159881,-0.118775,0.000908,-0.003657,0.494047,-0.000318
delayed,33.250000,0.728322,1.862672,1.887853,1.768589,0.000892,-0.514625,0.600658,-0.000390,2.159531,-0.094084,0.000892,-0.008971,0.494424,-0.000325
delayed,33.300000,0.707321,1.870748,1.866237,1.801373,0.000875,-0.521072,0.595202,-0.000392,2.158916,-0.069375,0.000875,-0.014286,0.494736,-0.000331
delayed,33.350000,0.686231,1.878587,1.844266,1.833933,0.000858,-0.527454,0.589668,-0.000394,2.158035,-0.044653,0.000858,-0.019601,0.494982,-0.000337
delayed,33.400000,0.665054,1.886188,1.821942,1.866266,0.000841,-0.533773,0.584057,-0.000395,2.156888,-0.019921,0.000841,-0.024917,0.495162,-0.000343
delayed,33.450000,0.643792,1.893550,1.799269,1.898368,0.000824,-0.540026,0.578369,-0.000396,2.155476,0.004818,0.000824,-0.030231,0.495277,-0.000348
delayed,33.500000,0.622450,1.900673,1.776248,1.930233,0.000807,-0.546213,0.572605,-0.000397,2.153799,0.029561,0.000807,-0.035544,0.495326,-0.000353
delayed,33.550000,0.601028,1.907555,1.752884,1.961859,0.000789,-0.552333,0.566765,-0.000398,2.151856,0.054304,0.000789,-0.040854,0.495309,-0.000357
delayed,33.600000,0.579531,1.914195,1.729179,1.993240,0.000771,-0.558385,0.560852,-0.000398,2.149648,0.079044,0.000771,-0.046162,0.495227,-0.000361
delayed,33.650000,0.557960,1.920594,1.705135,2.024373,0.000753,-0.564370,0.554864,-0.000398,2.147175,0.103779,0.000753,-0.051466,0.495079,-0.000365
delayed,33.700000,0.536318,1.926749,1.680755,2.055253,0.000734,-0.570284,0.548804,-0.000397,2.144437,0.128503,0.000734,-0.056766,0.494866,-0.000369
delayed,33.750000,0.514609,1.932661,1.656044,2.085876,0.000716,-0.576129,0.542672,-0.000397,2.141435,0.153216,0.000716,-0.062061,0.494587,-0.000372
delayed,33.800000,0.492834,1.938328,1.631002,2.116240,0.000697,-0.581904,0.536468,-0.000396,2.138168,0.177912,0.000697,-0.067350,0.494243,-0.000375
delayed,33.850000,0.470997,1.943749,1.605635,2.146338,0.000678,-0.587607,0.530194,-0.000395,2.134638,0.202589,0.000678,-0.072633,0.493834,-0.000377
delayed,33.900000,0.449101,1.948925,1.579944,2.176168,0.000659,-0.593237,0.523850,-0.000393,2.130843,0.227243,0.000659,-0.077909,0.493359,-0.000379
delayed,33.950000,0.427147,1.953854,1.553933,2.205726,0.000640,-0.598795,0.517438,-0.000391,2.126785,0.251872,0.000640,-0.083177,0.492819,-0.000381
delayed,34.000000,0.405140,1.958536,1.527605,2.235007,0.000621,-0.604280,0.510957,-0.000389,2.122465,0.276472,0.000621,-0.088437,0.492214,-0.000383
delayed,34.050000,0.383081,1.962969,1.500963,2.264008,0.000602,-0.609690,0.504409,-0.000387,2.117882,0.301039,0.000602,-0.093688,0.491543,-0.000384
delayed,34.100000,0.360974,1.967155,1.474011,2.292726,0.000583,-0.615025,0.497795,-0.000385,2.113037,0.325571,0.000583,-0.098930,0.490808,-0.000385
delayed,34.150000,0.338821,1.971091,1.446751,2.321155,0.000563,-0.620284,0.491115,-0.000382,2.107930,0.350064,0.000563,-0.104161,0.490008,-0.000386
delayed,34.200000,0.316626,1.974778,1.419188,2.349294,0.000544,-0.625467,0.484371,-0.000380,2.102562,0.374516,0.000544,-0.109382,0.489143,-0.000387
delayed,34.250000,0.294390,1.978215,1.391324,2.377137,0.000525,-0.630574,0.477563,-0.000376,2.096934,0.398922,0.000525,-0.114590,0.488214,-0.000387
delayed,34.300000,0.272117,1.981402,1.363163,2.404681,0.000505,-0.635602,0.470692,-0.000373,2.091047,0.423279,0.000505,-0.119787,0.487220,-0.000387
delayed,34.350000,0.249809,1.984338,1.334709,2.431923,0.000486,-0.640552,0.463759,-0.000370,2.084900,0.447585,0.000486,-0.124970,0.486162,-0.000386
delayed,34.400000,0.227470,1.987022,1.305964,2.458859,0.000467,-0.645424,0.456765,-0.000366,2.078494,0.471836,0.000467,-0.130140,0.485040,-0.000386
delayed,34.450000,0.205102,1.989455,1.276933,2.485485,0.000448,-0.650216,0.449711,-0.000362,2.071831,0.496029,0.000448,-0.135296,0.483853,-0.000385
delayed,34.500000,0.182708,1.991637,1.247619,2.511798,0.000428,-0.654927,0.442597,-0.000358,2.064911,0.520161,0.000428,-0.140437,0.482603,-0.000384
delayed,34.550000,0.160291,1.993566,1.218025,2.537795,0.000409,-0.659558,0.435426,-0.000354,2.057734,0.544229,0.000409,-0.145562,0.481289,-0.000382
delayed,34.600000,0.137854,1.995243,1.188156,2.563472,0.000390,-0.664108,0.428197,-0.000350,2.050302,0.568228,0.000390,-0.150671,0.479912,-0.000381
delayed,34.650000,0.115399,1.996668,1.158014,2.588825,0.000371,-0.668576,0.420911,-0.000345,2.042615,0.592157,0.000371,-0.155763,0.478472,-0.000379
delayed,34.700000,0.092930,1.997840,1.127604,2.613852,0.000352,-0.672961,0.413570,-0.000341,2.034674,0.616012,0.000352,-0.160838,0.476968,-0.000377
delayed,34.750000,0.070449,1.998759,1.096929,2.638549,0.000334,-0.677263,0.406174,-0.000336,2.026481,0.639790,0.000334,-0.165895,0.475402,-0.000374
delayed,34.800000,0.047959,1.999425,1.065994,2.662913,0.000315,-0.681482,0.398725,-0.000331,2.018035,0.663488,0.000315,-0.170932,0.473773,-0.000372
delayed,34.850000,0.025463,1.999838,1.034801,2.686941,0.000296,-0.685616,0.391224,-0.000326,2.009338,0.687103,0.000296,-0.175951,0.472081,-0.000369
delayed,34.900000,0.002963,1.999998,1.003355,2.710629,0.000278,-0.689666,0.383670,-0.000320,2.000392,0.710631,0.000278,-0.180949,0.470328,-0.000366
delayed,34.950000,-0.019536,1.999905,0.971659,2.733974,0.000260,-0.693630,0.376066,-0.000315,1.991196,0.734070,0.000260,-0.185926,0.468512,-0.000363
delayed,35.000000,-0.042034,1.999558,0.939719,2.756974,0.000242,-0.697509,0.368412,-0.000310,1.981752,0.757416,0.000242,-0.190882,0.466635,-0.000360
delayed,35.050000,-0.064526,1.998959,0.907536,2.779625,0.000224,-0.701302,0.360710,-0.000304,1.972062,0.780666,0.000224,-0.195816,0.464697,-0.000356
delayed,35.100000,-0.087009,1.998106,0.875116,2.801924,0.000206,-0.705007,0.352960,-0.000298,1.962125,0.803817,0.000206,-0.200728,0.462697,-0.000352
delayed,35.150000,-0.109482,1.997001,0.842462,2.823868,0.000189,-0.708626,0.345163,-0.000293,1.951944,0.826867,0.000189,-0.205616,0.460636,-0.000348
delayed,35.200000,-0.131941,1.995643,0.809579,2.845455,0.000171,-0.712157,0.337320,-0.000287,1.941520,0.849812,0.000171,-0.210480,0.458515,-0.000344
delayed,35.250000,-0.154383,1.994033,0.776470,2.866682,0.000154,-0.715600,0.329433,-0.000281,1.930853,0.872649,0.000154,-0.215320,0.456334,-0.000340
delayed,35.300000,-0.176806,1.992170,0.743140,2.887545,0.000137,-0.718954,0.321502,-0.000275,1.919946,0.895375,0.000137,-0.220134,0.454093,-0.000336
delayed,35.350000,-0.199206,1.990055,0.709593,2.908042,0.000121,-0.722219,0.313529,-0.000268,1.908799,0.917988,0.000121,-0.224923,0.451791,-0.000331
delayed,35.400000,-0.221581,1.987688,0.675832,2.928171,0.000104,-0.725395,0.305514,-0.000262,1.897413,0.940484,0.000104,-0.229686,0.449431,-0.000326
delayed,35.450000,-0.243928,1.985069,0.641862,2.947928,0.000088,-0.728481,0.297459,-0.000256,1.885790,0.962859,0.000088,-0.234421,0.447012,-0.000322
delayed,35.500000,-0.266244,1.982199,0.607688,2.967312,0.000072,-0.731476,0.289364,-0.000250,1.873932,0.985113,0.000072,-0.239129,0.444533,-0.000317
delayed,35.550000,-0.288526,1.979079,0.573313,2.986319,0.000057,-0.734381,0.281230,-0.000243,1.861839,1.007240,0.000057,-0.243809,0.441997,-0.000312
delayed,35.600000,-0.310772,1.975708,0.538741,3.004947,0.000041,-0.737195,0.273060,-0.000237,1.849514,1.029239,0.000041,-0.248459,0.439402,-0.000306
delayed,35.650000,-0.332979,1.972086,0.503978,3.023193,0.000026,-0.739917,0.264852,-0.000230,1.836957,1.051107,0.000026,-0.253081,0.436750,-0.000301
delayed,35.700000,-0.355143,1.968216,0.469026,3.041056,0.000011,-0.742548,0.256610,-0.000224,1.824170,1.072840,0.000011,-0.257672,0.434040,-0.000296
delayed,35.750000,-0.377263,1.964096,0.433892,3.058532,-0.000004,-0.745087,0.248334,-0.000217,1.811155,1.094437,-0.000004,-0.262233,0.431274,-0.000290
delayed,35.800000,-0.399335,1.959728,0.398578,3.075620,-0.000018,-0.747533,0.240024,-0.000211,1.797913,1.115893,-0.000018,-0.266763,0.428451,-0.000284
delayed,35.850000,-0.421356,1.955111,0.363089,3.092317,-0.000032,-0.749886,0.231682,-0.000204,1.784445,1.137206,-0.000032,-0.271261,0.425571,-0.000279
delayed,35.900000,-0.443324,1.950247,0.327430,3.108622,-0.000046,-0.752147,0.223310,-0.000197,1.770754,1.158374,-0.000046,-0.275726,0.422636,-0.000273
delayed,35.950000,-0.465235,1.945136,0.291606,3.124530,-0.000059,-0.754314,0.214907,-0.000191,1.756841,1.179394,-0.000059,-0.280159,0.419646,-0.000267
delayed,36.000000,-0.487088,1.939780,0.255619,3.140042,-0.000072,-0.756387,0.206476,-0.000184,1.742708,1.200262,-0.000072,-0.284558,0.416600,-0.000261
delayed,36.050000,-0.508880,1.934177,0.219476,3.155154,-0.000085,-0.758366,0.198017,-0.000177,1.728356,1.220977,-0.000085,-0.288923,0.413500,-0.000255
delayed,36.100000,-0.530606,1.928330,0.183180,3.169865,-0.000098,-0.760251,0.189531,-0.000171,1.713786,1.241535,-0.000098,-0.293253,0.410346,-0.000249
delayed,36.150000,-0.552266,1.922239,0.146736,3.184173,-0.000110,-0.762042,0.181020,-0.000164,1.699002,1.261934,-0.000110,-0.297549,0.407138,-0.000243
delayed,36.200000,-0.573856,1.915904,0.110149,3.198075,-0.000122,-0.763738,0.172485,-0.000158,1.684004,1.282171,-0.000122,-0.301808,0.403876,-0.000236
delayed,36.250000,-0.595373,1.909327,0.073422,3.211571,-0.000134,-0.765338,0.163926,-0.000151,1.668795,1.302243,-0.000134,-0.306031,0.400562,-0.000230
delayed,36.300000,-0.616815,1.902509,0.036561,3.224657,-0.000145,-0.766844,0.155345,-0.000144,1.653376,1.322148,-0.000145,-0.310217,0.397195,-0.000224
delayed,36.350000,-0.638179,1.895449,-0.000430,3.237333,-0.000156,-0.768255,0.146743,-0.000138,1.637749,1.341884,-0.000156,-0.314366,0.393777,-0.000218
delayed,36.400000,-0.659462,1.888150,-0.037546,3.249597,-0.000167,-0.769569,0.138121,-0.000131,1.621916,1.361447,-0.000167,-0.318477,0.390307,-0.000211
delayed,36.450000,-0.680661,1.880612,-0.074783,3.261447,-0.000177,-0.770788,0.129481,-0.000125,1.605878,1.380835,-0.000177,-0.322550,0.386785,-0.000205
delayed,36.500000,-0.701774,1.872835,-0.112136,3.272881,-0.000187,-0.771912,0.120822,-0.000118,1.589639,1.400045,-0.000187,-0.326583,0.383213,-0.000198
delayed,36.550000,-0.722799,1.864822,-0.149600,3.283898,-0.000197,-0.772939,0.112147,-0.000112,1.573199,1.419076,-0.000197,-0.330577,0.379591,-0.000192
delayed,36.600000,-0.743732,1.856573,-0.187171,3.294497,-0.000206,-0.773870,0.103457,-0.000105,1.556561,1.437924,-0.000206,-0.334531,0.375920,-0.000185
delayed,36.650000,-0.764571,1.848089,-0.224844,3.304676,-0.000215,-0.774704,0.094752,-0.000099,1.539727,1.456587,-0.000215,-0.338444,0.372199,-0.000179
delayed,36.700000,-0.785313,1.839370,-0.262615,3.314433,-0.000224,-0.775442,0.086034,-0.000093,1.522698,1.475063,-0.000224,-0.342317,0.368430,-0.000172
delayed,36.750000,-0.805956,1.830419,-0.300478,3.323768,-0.000232,-0.776083,0.077304,-0.000087,1.505478,1.493349,-0.000232,-0.346147,0.364612,-0.000166
delayed,36.800000,-0.826497,1.821237,-0.338430,3.332679,-0.000240,-0.776628,0.068562,-0.000080,1.488067,1.511443,-0.000240,-0.349936,0.360747,-0.000160
delayed,36.850000,-0.846933,1.811824,-0.376464,3.341165,-0.000248,-0.777076,0.059811,-0.000074,1.470468,1.529342,-0.000248,-0.353682,0.356835,-0.000153
delayed,36.900000,-0.867262,1.802181,-0.414578,3.349225,-0.000256,-0.777427,0.051052,-0.000068,1.452684,1.547044,-0.000256,-0.357385,0.352876,-0.000147
delayed,36.950000,-0.887481,1.792311,-0.452765,3.356858,-0.000263,-0.777682,0.042285,-0.000062,1.434716,1.564547,-0.000263,-0.361044,0.348871,-0.000140
delayed,37.000000,-0.907588,1.782213,-0.491021,3.364062,-0.000270,-0.777839,0.033511,-0.000056,1.416567,1.581849,-0.000270,-0.364660,0.344820,-0.000134
delayed,37.050000,-0.927580,1.771890,-0.529342,3.370837,-0.000276,-0.777899,0.024732,-0.000050,1.398238,1.598947,-0.000276,-0.368230,0.340725,-0.000128
delayed,37.100000,-0.947455,1.761343,-0.567722,3.377182,-0.000282,-0.777862,0.015949,-0.000045,1.379733,1.615839,-0.000282,-0.371756,0.336585,-0.000121
delayed,37.150000,-0.967209,1.750573,-0.606157,3.383095,-0.000288,-0.777728,0.007163,-0.000039,1.361052,1.632522,-0.000288,-0.375237,0.332401,-0.000115
delayed,37.200000,-0.986842,1.739581,-0.644642,3.388577,-0.000294,-0.777498,-0.001625,-0.000033,1.342200,1.648996,-0.000294,-0.378671,0.328174,-0.000109
delayed,37.250000,-1.006349,1.728370,-0.683172,3.393626,-0.000299,-0.777170,-0.010414,-0.000028,1.323177,1.665257,-0.000299,-0.382060,0.323904,-0.000102
delayed,37.300000,-1.025729,1.716939,-0.721743,3.398242,-0.000304,-0.776745,-0.019202,-0.000022,1.303987,1.681303,-0.000304,-0.385401,0.319592,-0.000096
delayed,37.350000,-1.044979,1.705291,-0.760349,3.402423,-0.000309,-0.776223,-0.027989,-0.000017,1.284631,1.697132,-0.000309,-0.388695,0.315238,-0.000090
delayed,37.400000,-1.064097,1.693427,-0.798986,3.406171,-0.000313,-0.775604,-0.036773,-0.000012,1.265111,1.712743,-0.000313,-0.391942,0.310843,-0.000084
delayed,37.450000,-1.083081,1.681349,-0.837649,3.409482,-0.000317,-0.774889,-0.045553,-0.000007,1.245432,1.728133,-0.000317,-0.395141,0.306407,-0.000078
delayed,37.500000,-1.101927,1.669059,-0.876333,3.412359,-0.000321,-0.774076,-0.054328,-0.000002,1.225594,1.743300,-0.000321,-0.398290,0.301932,-0.000072
delayed,37.550000,-1.120634,1.656557,-0.915034,3.414799,-0.000324,-0.773167,-0.063097,0.000003,1.205600,1.758242,-0.000324,-0.401392,0.297417,-0.000066
delayed,37.600000,-1.139199,1.643845,-0.953746,3.416803,-0.000327,-0.772161,-0.071860,0.000008,1.185453,1.772958,-0.000327,-0.404443,0.292864,-0.000060
delayed,37.650000,-1.157620,1.630925,-0.992465,3.418370,-0.000330,-0.771059,-0.080613,0.000013,1.165155,1.787445,-0.000330,-0.407445,0.288272,-0.000055
delayed,37.700000,-1.175894,1.617799,-1.031185,3.419500,-0.000333,-0.769861,-0.089357,0.000018,1.144708,1.801701,-0.000333,-0.410397,0.283643,-0.000049
delayed,37.750000,-1.194019,1.604468,-1.069903,3.420193,-0.000335,-0.768566,-0.098091,0.000022,1.124116,1.815725,-0.000335,-0.413299,0.278977,-0.000043
delayed,37.800000,-1.211994,1.590934,-1.108613,3.420449,-0.000337,-0.767175,-0.106813,0.000027,1.103380,1.829515,-0.000337,-0.416149,0.274275,-0.000038
delayed,37.850000,-1.229815,1.577199,-1.147311,3.420268,-0.000339,-0.765688,-0.115522,0.000031,1.082504,1.843069,-0.000339,-0.418948,0.269537,-0.000032
delayed,37.900000,-1.247480,1.563264,-1.185990,3.419649,-0.000340,-0.764106,-0.124217,0.000036,1.061489,1.856385,-0.000340,-0.421696,0.264764,-0.000027
delayed,37.950000,-1.264987,1.549131,-1.224648,3.418592,-0.000341,-0.762428,-0.132897,0.000040,1.040339,1.869461,-0.000341,-0.424391,0.259957,-0.000022
delayed,38.000000,-1.282335,1.534802,-1.263279,3.417099,-0.000342,-0.760654,-0.141561,0.000044,1.019056,1.882296,-0.000342,-0.427034,0.255115,-0.000017
delayed,38.050000,-1.299520,1.520279,-1.301877,3.415168,-0.000343,-0.758785,-0.150207,0.000048,0.997642,1.894889,-0.000343,-0.429624,0.250241,-0.000011
delayed,38.100000,-1.316540,1.505564,-1.340439,3.412800,-0.000343,-0.756822,-0.158835,0.000052,0.976101,1.907237,-0.000343,-0.432162,0.245334,-0.000006
delayed,38.150000,-1.333394,1.490658,-1.378960,3.409996,-0.000344,-0.754763,-0.167443,0.000055,0.954434,1.919338,-0.000344,-0.434646,0.240396,-0.000001
delayed,38.200000,-1.350079,1.475563,-1.417434,3.406755,-0.000344,-0.752610,-0.176031,0.000059,0.932646,1.931192,-0.000344,-0.437076,0.235426,0.000003
delayed,38.250000,-1.366593,1.460282,-1.455856,3.403079,-0.000343,-0.750363,-0.184596,0.000062,0.910737,1.942797,-0.000343,-0.439452,0.230425,0.000008
delayed,38.300000,-1.382935,1.444815,-1.494223,3.398967,-0.000343,-0.748022,-0.193139,0.000066,0.888712,1.954151,-0.000343,-0.441773,0.225395,0.000013
delayed,38.350000,-1.399101,1.429166,-1.532529,3.394419,-0.000342,-0.745587,-0.201658,0.000069,0.866572,1.965253,-0.000342,-0.444040,0.220335,0.000017
delayed,38.400000,-1.415090,1.413336,-1.570770,3.389438,-0.000341,-0.743059,-0.210152,0.000072,0.844321,1.976101,-0.000341,-0.446252,0.215247,0.000022
delayed,38.450000,-1.430901,1.397327,-1.608940,3.384022,-0.000340,-0.740438,-0.218619,0.000075,0.821961,1.986695,-0.000340,-0.448409,0.210131,0.000026
delayed,38.500000,-1.446530,1.381142,-1.647035,3.378173,-0.000338,-0.737724,-0.227060,0.000078,0.799495,1.997031,-0.000338,-0.450510,0.204987,0.000030
delayed,38.550000,-1.461976,1.364781,-1.685050,3.371891,-0.000337,-0.734917,-0.235471,0.000081,0.776925,2.007110,-0.000337,-0.452555,0.199818,0.000035
delayed,38.600000,-1.477237,1.348248,-1.722981,3.365178,-0.000335,-0.732019,-0.243854,0.000084,0.754256,2.016930,-0.000335,-0.454544,0.194622,0.000039
delayed,38.650000,-1.492311,1.331544,-1.760822,3.358034,-0.000333,-0.729028,-0.252206,0.000087,0.731489,2.026490,-0.000333,-0.456476,0.189401,0.000043
delayed,38.700000,-1.507196,1.314672,-1.798569,3.350459,-0.000330,-0.725946,-0.260526,0.000089,0.708627,2.035788,-0.000330,-0.458352,0.184155,0.000046
delayed,38.750000,-1.521890,1.297633,-1.836217,3.342456,-0.000328,-0.722774,-0.268813,0.000091,0.685673,2.044823,-0.000328,-0.460171,0.178886,0.000050
delayed,38.800000,-1.536392,1.280430,-1.873762,3.334024,-0.000325,-0.719510,-0.277067,0.000094,0.662630,2.053594,-0.000325,-0.461933,0.173593,0.000054
delayed,38.850000,-1.550699,1.263065,-1.911198,3.325165,-0.000323,-0.716156,-0.285285,0.000096,0.639501,2.062100,-0.000323,-0.463637,0.168278,0.000057
delayed,38.900000,-1.564810,1.245540,-1.948522,3.315880,-0.000320,-0.712713,-0.293468,0.000098,0.616288,2.070340,-0.000320,-0.465283,0.162942,0.000061
delayed,38.950000,-1.578723,1.227857,-1.985728,3.306170,-0.000317,-0.709179,-0.301614,0.000100,0.592995,2.078313,-0.000317,-0.466872,0.157584,0.000064
delayed,39.000000,-1.592436,1.210019,-2.022811,3.296037,-0.000313,-0.705557,-0.309722,0.000102,0.569625,2.086018,-0.000313,-0.468403,0.152206,0.000067
delayed,39.050000,-1.605948,1.192028,-2.059768,3.285481,-0.000310,-0.701847,-0.317791,0.000104,0.546180,2.093453,-0.000310,-0.469875,0.146808,0.000070
delayed,39.100000,-1.619256,1.173886,-2.096593,3.274504,-0.000306,-0.698048,-0.325820,0.000105,0.522663,2.100618,-0.000306,-0.471288,0.141391,0.000073
delayed,39.150000,-1.632360,1.155596,-2.133282,3.263107,-0.000302,-0.694162,-0.333807,0.000107,0.499077,2.107511,-0.000302,-0.472643,0.135956,0.000076
delayed,39.200000,-1.645257,1.137159,-2.169831,3.251292,-0.000299,-0.690188,-0.341753,0.000108,0.475426,2.114133,-0.000299,-0.473939,0.130503,0.000079
delayed,39.250000,-1.657945,1.118578,-2.206234,3.239060,-0.000294,-0.686128,-0.349655,0.000110,0.451712,2.120482,-0.000294,-0.475176,0.125034,0.000082
delayed,39.300000,-1.670424,1.099856,-2.242487,3.226413,-0.000290,-0.681981,-0.357513,0.000111,0.427938,2.126557,-0.000290,-0.476354,0.119549,0.000084
delayed,39.350000,-1.682692,1.080994,-2.278585,3.213352,-0.000286,-0.677749,-0.365325,0.000112,0.404106,2.132357,-0.000286,-0.477472,0.114048,0.000087
delayed,39.400000,-1.694746,1.061996,-2.314525,3.199879,-0.000282,-0.673432,-0.373092,0.000113,0.380221,2.137883,-0.000282,-0.478531,0.108532,0.000089
delayed,39.450000,-1.706586,1.042863,-2.350301,3.185995,-0.000277,-0.669030,-0.380811,0.000114,0.356285,2.143132,-0.000277,-0.479530,0.103002,0.000091
delayed,39.500000,-1.718210,1.023599,-2.385909,3.171703,-0.000273,-0.664544,-0.388482,0.000115,0.332301,2.148105,-0.000273,-0.480469,0.097460,0.000093
delayed,39.550000,-1.729617,1.004205,-2.421345,3.157004,-0.000268,-0.659974,-0.396104,0.000116,0.308272,2.152800,-0.000268,-0.481347,0.091904,0.000095
delayed,39.600000,-1.740804,0.984683,-2.456604,3.141901,-0.000263,-0.655321,-0.403676,0.000116,0.284201,2.157217,-0.000263,-0.482166,0.086337,0.000097
delayed,39.650000,-1.751771,0.965037,-2.491681,3.126394,-0.000258,-0.650586,-0.411196,0.000117,0.260090,2.161356,-0.000258,-0.482925,0.080759,0.000099
delayed,39.700000,-1.762517,0.945269,-2.526573,3.110486,-0.000253,-0.645769,-0.418664,0.000117,0.235944,2.165216,-0.000253,-0.483623,0.075170,0.000101
delayed,39.750000,-1.773040,0.925381,-2.561275,3.094178,-0.000248,-0.640871,-0.426079,0.000118,0.211765,2.168797,-0.000248,-0.484260,0.069572,0.000102
delayed,39.800000,-1.783338,0.905377,-2.595782,3.077474,-0.000243,-0.635892,-0.433441,0.000118,0.187556,2.172098,-0.000243,-0.484837,0.063965,0.000104
delayed,39.850000,-1.793410,0.885257,-2.630090,3.060375,-0.000238,-0.630834,-0.440747,0.000118,0.163320,2.175118,-0.000238,-0.485353,0.058350,0.000105
delayed,39.900000,-1.803256,0.865026,-2.664196,3.042883,-0.000232,-0.625696,-0.447997,0.000118,0.139060,2.177857,-0.000232,-0.485809,0.052727,0.000107
delayed,39.950000,-1.812873,0.844685,-2.698094,3.025001,-0.000227,-0.620479,-0.455190,0.000118,0.114779,2.180316,-0.000227,-0.486204,0.047098,0.000108
delayed,40.000000,-1.822261,0.824237,-2.731780,3.006730,-0.000221,-0.615183,-0.462325,0.000118,0.090481,2.182493,-0.000221,-0.486537,0.041463,0.000109
delayed,40.050000,-1.831418,0.803685,-2.765251,2.988073,-0.000216,-0.609811,-0.469402,0.000118,0.066167,2.184388,-0.000216,-0.486810,0.035822,0.000110
delayed,40.100000,-1.840343,0.783031,-2.798501,2.969033,-0.000210,-0.604362,-0.476419,0.000118,0.041842,2.186002,-0.000210,-0.487022,0.030177,0.000111
delayed,40.150000,-1.849036,0.762278,-2.831527,2.949611,-0.000205,-0.598836,-0.483375,0.000117,0.017508,2.187333,-0.000205,-0.487172,0.024528,0.000112
delayed,40.200000,-1.857494,0.741429,-2.864325,2.929810,-0.000199,-0.593235,-0.490270,0.000117,-0.006831,2.188382,-0.000199,-0.487262,0.018876,0.000112
delayed,40.250000,-1.865717,0.720485,-2.896890,2.909634,-0.000194,-0.587559,-0.497103,0.000117,-0.031173,2.189149,-0.000194,-0.487290,0.013222,0.000113
delayed,40.300000,-1.873705,0.699451,-2.929219,2.889083,-0.000188,-0.581810,-0.503872,0.000116,-0.055514,2.189633,-0.000188,-0.487257,0.007566,0.000113
delayed,40.350000,-1.881455,0.678328,-2.961307,2.868162,-0.000182,-0.575987,-0.510578,0.000115,-0.079852,2.189834,-0.000182,-0.487163,0.001910,0.000114
delayed,40.400000,-1.888967,0.657119,-2.993150,2.846872,-0.000177,-0.570091,-0.517218,0.000115,-0.104183,2.189753,-0.000177,-0.487008,-0.003747,0.000114
delayed,40.450000,-1.896239,0.635827,-3.024744,2.825216,-0.000171,-0.564123,-0.523793,0.000114,-0.128505,2.189389,-0.000171,-0.486792,-0.009403,0.000115
delayed,40.500000,-1.903272,0.614454,-3.056086,2.803198,-0.000165,-0.558085,-0.530301,0.000113,-0.152813,2.188743,-0.000165,-0.486515,-0.015058,0.000115
delayed,40.550000,-1.910064,0.593004,-3.087171,2.780819,-0.000159,-0.551976,-0.536741,0.000112,-0.177107,2.187815,-0.000159,-0.486176,-0.020711,0.000115
delayed,40.600000,-1.916615,0.571479,-3.117995,2.758083,-0.000154,-0.545797,-0.543113,0.000111,-0.201381,2.186604,-0.000154,-0.485776,-0.026361,0.000115
delayed,40.650000,-1.922922,0.549881,-3.148555,2.734992,-0.000148,-0.539549,-0.549416,0.000110,-0.225633,2.185111,-0.000148,-0.485315,-0.032007,0.000115
delayed,40.700000,-1.928987,0.528214,-3.178847,2.711550,-0.000142,-0.533233,-0.555649,0.000109,-0.249860,2.183336,-0.000142,-0.484794,-0.037649,0.000115
delayed,40.750000,-1.934807,0.506480,-3.208867,2.687759,-0.000136,-0.526850,-0.561811,0.000108,-0.274060,2.181279,-0.000136,-0.484211,-0.043286,0.000114
delayed,40.800000,-1.940382,0.484682,-3.238611,2.663623,-0.000131,-0.520401,-0.567902,0.000107,-0.298228,2.178941,-0.000131,-0.483567,-0.048917,0.000114
delayed,40.850000,-1.945712,0.462822,-3.268075,2.639144,-0.000125,-0.513885,-0.573920,0.000106,-0.322363,2.176322,-0.000125,-0.482862,-0.054542,0.000114
delayed,40.900000,-1.950796,0.440904,-3.297255,2.614326,-0.000119,-0.507305,-0.579866,0.000105,-0.346460,2.173422,-0.000119,-0.482097,-0.060160,0.000113
delayed,40.950000,-1.955632,0.418930,-3.326149,2.589172,-0.000114,-0.500661,-0.585737,0.000103,-0.370517,2.170242,-0.000114,-0.481271,-0.065769,0.000113
delayed,41.000000,-1.960221,0.396903,-3.354752,2.563685,-0.000108,-0.493953,-0.591534,0.000102,-0.394531,2.166782,-0.000108,-0.480384,-0.071370,0.000112
delayed,41.050000,-1.964562,0.374826,-3.383061,2.537868,-0.000102,-0.487183,-0.597255,0.000101,-0.418498,2.163042,-0.000102,-0.479437,-0.076962,0.000112
delayed,41.100000,-1.968655,0.352702,-3.411072,2.511725,-0.000097,-0.480352,-0.602900,0.000099,-0.442417,2.159023,-0.000097,-0.478429,-0.082544,0.000111
delayed,41.150000,-1.972498,0.330532,-3.438781,2.485258,-0.000091,-0.473459,-0.608469,0.000098,-0.466283,2.154726,-0.000091,-0.477361,-0.088114,0.000110
delayed,41.200000,-1.976092,0.308321,-3.466186,2.458472,-0.000086,-0.466507,-0.613960,0.000096,-0.490094,2.150151,-0.000086,-0.476233,-0.093674,0.000109
delayed,41.250000,-1.979435,0.286071,-3.493282,2.431369,-0.000080,-0.459496,-0.619372,0.000095,-0.513847,2.145298,-0.000080,-0.475045,-0.099221,0.000108
delayed,41.300000,-1.982528,0.263785,-3.520066,2.403954,-0.000075,-0.452427,-0.624706,0.000093,-0.537538,2.140169,-0.000075,-0.473796,-0.104755,0.000107
delayed,41.350000,-1.985370,0.241465,-3.546536,2.376229,-0.000070,-0.445300,-0.629960,0.000091,-0.561166,2.134763,-0.000070,-0.472488,-0.110275,0.000106
delayed,41.400000,-1.987961,0.219115,-3.572687,2.348198,-0.000064,-0.438117,-0.635134,0.000090,-0.584726,2.129083,-0.000064,-0.471121,-0.115781,0.000105
delayed,41.450000,-1.990300,0.196737,-3.598516,2.319865,-0.000059,-0.430879,-0.640226,0.000088,-0.608216,2.123128,-0.000059,-0.469694,-0.121272,0.000104
delayed,41.500000,-1.992387,0.174334,-3.624020,2.291233,-0.000054,-0.423586,-0.645237,0.000086,-0.631633,2.116899,-0.000054,-0.468207,-0.126747,0.000103
delayed,41.550000,-1.994223,0.151909,-3.649196,2.262306,-0.000049,-0.416239,-0.650166,0.000084,-0.654973,2.110397,-0.000049,-0.466662,-0.132205,0.000102
delayed,41.600000,-1.995805,0.129465,-3.674040,2.233088,-0.000044,-0.408840,-0.655012,0.000083,-0.678235,2.103622,-0.000044,-0.465057,-0.137647,0.000101
delayed,41.650000,-1.997135,0.107005,-3.698550,2.203582,-0.000039,-0.401388,-0.659774,0.000081,-0.701414,2.096577,-0.000039,-0.463394,-0.143070,0.000099
delayed,41.700000,-1.998213,0.084531,-3.722722,2.173792,-0.000034,-0.393886,-0.664452,0.000079,-0.724509,2.089261,-0.000034,-0.461672,-0.148475,0.000098
delayed,41.750000,-1.999037,0.062046,-3.746553,2.143722,-0.000029,-0.386334,-0.669046,0.000077,-0.747516,2.081676,-0.000029,-0.459892,-0.153860,0.000096
delayed,41.800000,-1.999609,0.039553,-3.770041,2.113376,-0.000024,-0.378733,-0.673554,0.000075,-0.770432,2.073823,-0.000024,-0.458054,-0.159226,0.000095
delayed,41.850000,-1.999927,0.017056,-3.793182,2.082757,-0.000020,-0.371084,-0.677976,0.000073,-0.793255,2.065702,-0.000020,-0.456158,-0.164571,0.000093
delayed,41.900000,-1.999993,-0.005444,-3.815973,2.051870,-0.000015,-0.363388,-0.682312,0.000071,-0.815980,2.057314,-0.000015,-0.454204,-0.169894,0.000092
delayed,41.950000,-1.999805,-0.027943,-3.838412,2.020719,-0.000010,-0.355645,-0.686560,0.000070,-0.838607,2.048662,-0.000010,-0.452192,-0.175195,0.000090
delayed,42.000000,-1.999364,-0.050439,-3.860495,1.989306,-0.000006,-0.347858,-0.690721,0.000068,-0.861131,2.039745,-0.000006,-0.450124,-0.180474,0.000089
delayed,42.050000,-1.998670,-0.072928,-3.882220,1.957638,-0.000002,-0.340026,-0.694794,0.000066,-0.883550,2.030566,-0.000002,-0.447998,-0.185729,0.000087
delayed,42.100000,-1.997723,-0.095408,-3.903585,1.925716,0.000003,-0.332151,-0.698779,0.000064,-0.905861,2.021124,0.000003,-0.445816,-0.190960,0.000086
delayed,42.150000,-1.996523,-0.117876,-3.924585,1.893547,0.000007,-0.324234,-0.702674,0.000062,-0.928062,2.011422,0.000007,-0.443577,-0.196166,0.000084
delayed,42.200000,-1.995071,-0.140329,-3.945219,1.861132,0.000011,-0.316276,-0.706479,0.000060,-0.950149,2.001461,0.000011,-0.441282,-0.201347,0.000082
delayed,42.250000,-1.993366,-0.162764,-3.965485,1.828478,0.000015,-0.308277,-0.710194,0.000058,-0.972119,1.991242,0.000015,-0.438931,-0.206502,0.000080
delayed,42.300000,-1.991409,-0.185178,-3.985379,1.795587,0.000019,-0.300239,-0.713819,0.000056,-0.993970,1.980766,0.000019,-0.436524,-0.211629,0.000079
delayed,42.350000,-1.989200,-0.207570,-4.004899,1.762465,0.000023,-0.292163,-0.717352,0.000054,-1.015699,1.970035,0.000023,-0.434063,-0.216730,0.000077
delayed,42.400000,-1.986739,-0.229935,-4.024042,1.729115,0.000027,-0.284050,-0.720794,0.000052,-1.037304,1.959050,0.000027,-0.431546,-0.221802,0.000075
delayed,42.450000,-1.984026,-0.252270,-4.042807,1.695542,0.000030,-0.275900,-0.724144,0.000050,-1.058781,1.947812,0.000030,-0.428974,-0.226846,0.000073
delayed,42.500000,-1.981063,-0.274574,-4.061191,1.661749,0.000034,-0.267716,-0.727402,0.000048,-1.080128,1.936323,0.000034,-0.426348,-0.231860,0.000071
delayed,42.550000,-1.977848,-0.296843,-4.079190,1.627742,0.000038,-0.259497,-0.730567,0.000046,-1.101342,1.924585,0.000038,-0.423668,-0.236845,0.000070
delayed,42.600000,-1.974384,-0.319075,-4.096804,1.593524,0.000041,-0.251245,-0.733638,0.000044,-1.122420,1.912599,0.000041,-0.420934,-0.241798,0.000068
delayed,42.650000,-1.970669,-0.341266,-4.114030,1.559100,0.000044,-0.242961,-0.736616,0.000042,-1.143361,1.900366,0.000044,-0.418147,-0.246720,0.000066
delayed,42.700000,-1.966705,-0.363414,-4.130865,1.524475,0.000048,-0.234646,-0.739500,0.000040,-1.164160,1.887889,0.000048,-0.415306,-0.251611,0.000064
delayed,42.750000,-1.962493,-0.385516,-4.147308,1.489652,0.000051,-0.226301,-0.742289,0.000038,-1.184816,1.875168,0.000051,-0.412413,-0.256468,0.000062
delayed,42.800000,-1.958032,-0.407569,-4.163357,1.454636,0.000054,-0.217926,-0.744984,0.000036,-1.205325,1.862205,0.000054,-0.409467,-0.261293,0.000060
delayed,42.850000,-1.953323,-0.429571,-4.179009,1.419432,0.000057,-0.209524,-0.747583,0.000034,-1.225686,1.849003,0.000057,-0.406470,-0.266084,0.000058
delayed,42.900000,-1.948366,-0.451518,-4.194262,1.384044,0.000060,-0.201096,-0.750088,0.000032,-1.245896,1.835562,0.000060,-0.403421,-0.270840,0.000056
delayed,42.950000,-1.943164,-0.473408,-4.209115,1.348477,0.000062,-0.192641,-0.752496,0.000031,-1.265951,1.821885,0.000062,-0.400320,-0.275562,0.000054
delayed,43.000000,-1.937715,-0.495238,-4.223565,1.312734,0.000065,-0.184162,-0.754808,0.000029,-1.285850,1.807973,0.000065,-0.397169,-0.280247,0.000052
delayed,43.050000,-1.932021,-0.517006,-4.237611,1.276822,0.000068,-0.175658,-0.757024,0.000027,-1.305590,1.793828,0.000068,-0.393967,-0.284897,0.000050
delayed,43.100000,-1.926083,-0.538708,-4.251251,1.240744,0.000070,-0.167133,-0.759143,0.000025,-1.325169,1.779451,0.000070,-0.390715,-0.289509,0.000049
delayed,43.150000,-1.919900,-0.560342,-4.264484,1.204504,0.000072,-0.158586,-0.761166,0.000023,-1.344583,1.764846,0.000072,-0.387413,-0.294085,0.000047
delayed,43.200000,-1.913475,-0.581905,-4.277306,1.168109,0.000075,-0.150018,-0.763091,0.000021,-1.363831,1.750013,0.000075,-0.384062,-0.298622,0.000045
delayed,43.250000,-1.906808,-0.603394,-4.289718,1.131561,0.000077,-0.141431,-0.764919,0.000020,-1.382910,1.734955,0.000077,-0.380662,-0.303121,0.000043
delayed,43.300000,-1.899899,-0.624807,-4.301717,1.094867,0.000079,-0.132825,-0.766649,0.000018,-1.401818,1.719673,0.000079,-0.377213,-0.307580,0.000041
delayed,43.350000,-1.892750,-0.646141,-4.313302,1.058030,0.000081,-0.124203,-0.768281,0.000016,-1.420552,1.704170,0.000081,-0.373717,-0.312000,0.000039
delayed,43.400000,-1.885361,-0.667393,-4.324471,1.021055,0.000083,-0.115564,-0.769815,0.000014,-1.439110,1.688447,0.000083,-0.370173,-0.316380,0.000037
delayed,43.450000,-1.877734,-0.688560,-4.335223,0.983947,0.000085,-0.106910,-0.771251,0.000013,-1.457489,1.672507,0.000085,-0.366581,-0.320718,0.000035
delayed,43.500000,-1.869869,-0.709641,-4.345556,0.946711,0.000086,-0.098243,-0.772589,0.000011,-1.475687,1.656351,0.000086,-0.362943,-0.325016,0.000033
delayed,43.550000,-1.861767,-0.730632,-4.355470,0.909351,0.000088,-0.089562,-0.773827,0.000009,-1.493703,1.639982,0.000088,-0.359259,-0.329271,0.000032
delayed,43.600000,-1.853430,-0.751530,-4.364962,0.871872,0.000089,-0.080870,-0.774967,0.000008,-1.511532,1.623402,0.000089,-0.355529,-0.333484,0.000030
delayed,43.650000,-1.844858,-0.772333,-4.374033,0.834280,0.000091,-0.072166,-0.776008,0.000006,-1.529174,1.606613,0.000091,-0.351754,-0.337654,0.000028
delayed,43.700000,-1.836053,-0.793038,-4.382679,0.796578,0.000092,-0.063454,-0.776950,0.000004,-1.546626,1.589616,0.000092,-0.347933,-0.341780,0.000026
delayed,43.750000,-1.827015,-0.813643,-4.390901,0.758772,0.000093,-0.054733,-0.777793,0.000003,-1.563886,1.572415,0.000093,-0.344069,-0.345862,0.000024
delayed,43.800000,-1.817746,-0.834145,-4.398698,0.720866,0.000095,-0.046004,-0.778536,0.000001,-1.580951,1.555011,0.000095,-0.340160,-0.349900,0.000023
delayed,43.850000,-1.808247,-0.854542,-4.406067,0.682866,0.000096,-0.037269,-0.779180,-0.000000,-1.597820,1.537407,0.000096,-0.336208,-0.353892,0.000021
delayed,43.900000,-1.798520,-0.874830,-4.413010,0.644775,0.000097,-0.028529,-0.779725,-0.000002,-1.614490,1.519605,0.000097,-0.332213,-0.357839,0.000019
delayed,43.950000,-1.788564,-0.895008,-4.419523,0.606600,0.000098,-0.019785,-0.780170,-0.000003,-1.630959,1.501608,0.000098,-0.328175,-0.361739,0.000017
delayed,44.000000,-1.778382,-0.915072,-4.425607,0.568345,0.000098,-0.011037,-0.780515,-0.000004,-1.647225,1.483416,0.000098,-0.324096,-0.365594,0.000016
delayed,44.050000,-1.767975,-0.935020,-4.431261,0.530014,0.000099,-0.002288,-0.780761,-0.000006,-1.663286,1.465034,0.000099,-0.319975,-0.369400,0.000014
delayed,44.100000,-1.757345,-0.954850,-4.436485,0.491613,0.000100,0.006462,-0.780907,-0.000007,-1.679140,1.446463,0.000100,-0.315813,-0.373160,0.000012
delayed,44.150000,-1.746492,-0.974560,-4.441276,0.453146,0.000100,0.015211,-0.780953,-0.000008,-1.694784,1.427706,0.000100,-0.311611,-0.376871,0.000011
delayed,44.200000,-1.735418,-0.994146,-4.445636,0.414619,0.000101,0.023959,-0.780899,-0.000010,-1.710218,1.408765,0.000101,-0.307369,-0.380534,0.000009
delayed,44.250000,-1.724124,-1.013606,-4.449562,0.376037,0.000101,0.032705,-0.780746,-0.000011,-1.725438,1.389643,0.000101,-0.303087,-0.384147,0.000007
delayed,44.300000,-1.712612,-1.032938,-4.453055,0.337403,0.000102,0.041447,-0.780493,-0.000012,-1.740443,1.370341,0.000102,-0.298767,-0.387711,0.000006
delayed,44.350000,-1.700883,-1.052139,-4.456115,0.298724,0.000102,0.050185,-0.780141,-0.000013,-1.755232,1.350863,0.000102,-0.294409,-0.391226,0.000004
delayed,44.400000,-1.688939,-1.071207,-4.458740,0.260004,0.000102,0.058916,-0.779689,-0.000015,-1.769801,1.331211,0.000102,-0.290012,-0.394690,0.000003
delayed,44.450000,-1.676782,-1.090139,-4.460931,0.221249,0.000102,0.067641,-0.779137,-0.000016,-1.784149,1.311388,0.000102,-0.285579,-0.398103,0.000001
delayed,44.500000,-1.664412,-1.108933,-4.462687,0.182462,0.000102,0.076358,-0.778486,-0.000017,-1.798275,1.291395,0.000102,-0.281109,-0.401464,-0.000000
delayed,44.550000,-1.651831,-1.127588,-4.464008,0.143649,0.000102,0.085065,-0.777735,-0.000018,-1.812177,1.271237,0.000102,-0.276603,-0.404774,-0.000002
delayed,44.600000,-1.639042,-1.146099,-4.464894,0.104815,0.000102,0.093763,-0.776885,-0.000019,-1.825852,1.250914,0.000102,-0.272061,-0.408032,-0.000003
delayed,44.650000,-1.626045,-1.164465,-4.465344,0.065966,0.000102,0.102449,-0.775936,-0.000020,-1.839299,1.230431,0.000102,-0.267485,-0.411238,-0.000004
delayed,44.700000,-1.612842,-1.182684,-4.465358,0.027105,0.000101,0.111122,-0.774888,-0.000021,-1.852517,1.209789,0.000101,-0.262874,-0.414391,-0.000006
delayed,44.750000,-1.599435,-1.200753,-4.464938,-0.011762,0.000101,0.119782,-0.773741,-0.000022,-1.865503,1.188991,0.000101,-0.258229,-0.417490,-0.000007
delayed,44.800000,-1.585825,-1.218671,-4.464081,-0.050631,0.000101,0.128428,-0.772495,-0.000023,-1.878256,1.168040,0.000101,-0.253551,-0.420535,-0.000008
delayed,44.850000,-1.572015,-1.236434,-4.462790,-0.089495,0.000100,0.137058,-0.771150,-0.000024,-1.890774,1.146939,0.000100,-0.248841,-0.423527,-0.000010
delayed,44.900000,-1.558006,-1.254040,-4.461063,-0.128351,0.000100,0.145671,-0.769707,-0.000024,-1.903057,1.125690,0.000100,-0.244098,-0.426464,-0.000011
delayed,44.950000,-1.543800,-1.271488,-4.458901,-0.167193,0.000099,0.154266,-0.768166,-0.000025,-1.915101,1.104295,0.000099,-0.239324,-0.429346,-0.000012
delayed,45.000000,-1.529398,-1.288775,-4.456304,-0.206016,0.000099,0.162843,-0.766526,-0.000026,-1.926906,1.082759,0.000099,-0.234519,-0.432173,-0.000013
delayed,45.050000,-1.514803,-1.305899,-4.453272,-0.244816,0.000098,0.171399,-0.764789,-0.000027,-1.938469,1.061083,0.000098,-0.229684,-0.434944,-0.000014
delayed,45.100000,-1.500016,-1.322857,-4.449807,-0.283587,0.000097,0.179934,-0.762954,-0.000027,-1.949791,1.039271,0.000097,-0.224820,-0.437659,-0.000015
delayed,45.150000,-1.485039,-1.339648,-4.445907,-0.322324,0.000096,0.188447,-0.761022,-0.000028,-1.960868,1.017324,0.000096,-0.219926,-0.440318,-0.000016
delayed,45.200000,-1.469875,-1.356270,-4.441575,-0.361023,0.000095,0.196937,-0.758992,-0.000029,-1.971700,0.995247,0.000095,-0.215004,-0.442921,-0.000017
delayed,45.250000,-1.454524,-1.372720,-4.436809,-0.399679,0.000095,0.205402,-0.756866,-0.000029,-1.982285,0.973041,0.000095,-0.210055,-0.445467,-0.000018
delayed,45.300000,-1.438989,-1.388996,-4.431612,-0.438286,0.000094,0.213843,-0.754642,-0.000030,-1.992623,0.950710,0.000094,-0.205078,-0.447955,-0.000019
delayed,45.350000,-1.423272,-1.405097,-4.425983,-0.476840,0.000093,0.222256,-0.752323,-0.000030,-2.002710,0.928256,0.000093,-0.200074,-0.450386,-0.000020
delayed,45.400000,-1.407375,-1.421019,-4.419923,-0.515336,0.000092,0.230642,-0.749907,-0.000031,-2.012547,0.905683,0.000092,-0.195045,-0.452759,-0.000021
delayed,45.450000,-1.391300,-1.436762,-4.413432,-0.553769,0.000091,0.239000,-0.747396,-0.000031,-2.022132,0.882993,0.000091,-0.189990,-0.455073,-0.000022
delayed,45.500000,-1.375049,-1.452323,-4.406513,-0.592134,0.000089,0.247328,-0.744789,-0.000032,-2.031464,0.860189,0.000089,-0.184911,-0.457330,-0.000023
delayed,45.550000,-1.358623,-1.467700,-4.399165,-0.630426,0.000088,0.255625,-0.742088,-0.000032,-2.040541,0.837274,0.000088,-0.179808,-0.459527,-0.000024
delayed,45.600000,-1.342026,-1.482891,-4.391389,-0.668639,0.000087,0.263890,-0.739291,-0.000033,-2.049363,0.814252,0.000087,-0.174682,-0.461666,-0.000025
delayed,45.650000,-1.325259,-1.497895,-4.383187,-0.706771,0.000086,0.272123,-0.736400,-0.000033,-2.057928,0.791124,0.000086,-0.169532,-0.463745,-0.000025
delayed,45.700000,-1.308324,-1.512709,-4.374559,-0.744814,0.000084,0.280322,-0.733415,-0.000033,-2.066235,0.767894,0.000084,-0.164361,-0.465765,-0.000026
delayed,45.750000,-1.291224,-1.527331,-4.365506,-0.782766,0.000083,0.288486,-0.730336,-0.000034,-2.074282,0.744566,0.000083,-0.159168,-0.467724,-0.000027
delayed,45.800000,-1.273960,-1.541761,-4.356030,-0.820620,0.000082,0.296614,-0.727164,-0.000034,-2.082070,0.721141,0.000082,-0.153955,-0.469624,-0.000027
delayed,45.850000,-1.256535,-1.555995,-4.346132,-0.858372,0.000080,0.304705,-0.723900,-0.000034,-2.089597,0.697623,0.000080,-0.148722,-0.471464,-0.000028
delayed,45.900000,-1.238951,-1.570032,-4.335812,-0.896016,0.000079,0.312758,-0.720542,-0.000034,-2.096862,0.674016,0.000079,-0.143469,-0.473243,-0.000029
delayed,45.950000,-1.221210,-1.583871,-4.325073,-0.933550,0.000078,0.320772,-0.717093,-0.000035,-2.103863,0.650321,0.000078,-0.138197,-0.474961,-0.000029
delayed,46.000000,-1.203315,-1.597509,-4.313916,-0.970966,0.000076,0.328747,-0.713552,-0.000035,-2.110601,0.626542,0.000076,-0.132908,-0.476618,-0.000030
delayed,46.050000,-1.185267,-1.610945,-4.302341,-1.008262,0.000075,0.336680,-0.709921,-0.000035,-2.117074,0.602683,0.000075,-0.127600,-0.478215,-0.000030
delayed,46.100000,-1.167069,-1.624177,-4.290351,-1.045431,0.000073,0.344571,-0.706198,-0.000035,-2.123281,0.578746,0.000073,-0.122276,-0.479749,-0.000031
delayed,46.150000,-1.148724,-1.637203,-4.277946,-1.082470,0.000072,0.352420,-0.702385,-0.000035,-2.129222,0.554733,0.000072,-0.116937,-0.481223,-0.000031
delayed,46.200000,-1.130233,-1.650022,-4.265129,-1.119373,0.000070,0.360224,-0.698483,-0.000035,-2.134896,0.530650,0.000070,-0.111581,-0.482634,-0.000031
delayed,46.250000,-1.111599,-1.662633,-4.251901,-1.156135,0.000068,0.367983,-0.694492,-0.000035,-2.140302,0.506497,0.000068,-0.106211,-0.483984,-0.000032
delayed,46.300000,-1.092824,-1.675033,-4.238263,-1.192753,0.000067,0.375697,-0.690411,-0.000035,-2.145439,0.482280,0.000067,-0.100827,-0.485271,-0.000032
delayed,46.350000,-1.073911,-1.687221,-4.224218,-1.229221,0.000065,0.383363,-0.686243,-0.000035,-2.150306,0.457999,0.000065,-0.095429,-0.486496,-0.000032
delayed,46.400000,-1.054863,-1.699195,-4.209766,-1.265535,0.000064,0.390982,-0.681987,-0.000035,-2.154904,0.433660,0.000064,-0.090019,-0.487659,-0.000033
delayed,46.450000,-1.035680,-1.710955,-4.194911,-1.301690,0.000062,0.398552,-0.677644,-0.000035,-2.159231,0.409264,0.000062,-0.084597,-0.488760,-0.000033
delayed,46.500000,-1.016367,-1.722498,-4.179653,-1.337682,0.000060,0.406072,-0.673214,-0.000035,-2.163286,0.384816,0.000060,-0.079163,-0.489797,-0.000033
delayed,46.550000,-0.996925,-1.733823,-4.163995,-1.373505,0.000059,0.413541,-0.668699,-0.000035,-2.167070,0.360317,0.000059,-0.073719,-0.490772,-0.000033
delayed,46.600000,-0.977357,-1.744928,-4.147939,-1.409156,0.000057,0.420958,-0.664098,-0.000035,-2.170582,0.335772,0.000057,-0.068265,-0.491684,-0.000034
delayed,46.650000,-0.957665,-1.755813,-4.131486,-1.444629,0.000055,0.428323,-0.659412,-0.000034,-2.173821,0.311184,0.000055,-0.062802,-0.492533,-0.000034
delayed,46.700000,-0.937852,-1.766475,-4.114639,-1.479921,0.000053,0.435634,-0.654642,-0.000034,-2.176787,0.286554,0.000053,-0.057330,-0.493319,-0.000034
delayed,46.750000,-0.917920,-1.776914,-4.097399,-1.515026,0.000052,0.442891,-0.649789,-0.000034,-2.179479,0.261888,0.000052,-0.051850,-0.494041,-0.000034
delayed,46.800000,-0.897872,-1.787128,-4.079769,-1.549941,0.000050,0.450092,-0.644852,-0.000034,-2.181897,0.237187,0.000050,-0.046363,-0.494701,-0.000034
delayed,46.850000,-0.877710,-1.797116,-4.061751,-1.584660,0.000048,0.457237,-0.639833,-0.000034,-2.184041,0.212456,0.000048,-0.040869,-0.495297,-0.000034
delayed,46.900000,-0.857438,-1.806876,-4.043348,-1.619180,0.000047,0.464325,-0.634733,-0.000033,-2.185910,0.187696,0.000047,-0.035370,-0.495829,-0.000034
delayed,46.950000,-0.837057,-1.816407,-4.024561,-1.653495,0.000045,0.471354,-0.629551,-0.000033,-2.187504,0.162912,0.000045,-0.029866,-0.496298,-0.000034
delayed,47.000000,-0.816570,-1.825709,-4.005393,-1.687602,0.000043,0.478324,-0.624289,-0.000033,-2.188824,0.138107,0.000043,-0.024357,-0.496703,-0.000034
delayed,47.050000,-0.795979,-1.834780,-3.985847,-1.721497,0.000042,0.485235,-0.618948,-0.000032,-2.189868,0.113283,0.000042,-0.018844,-0.497045,-0.000034
delayed,47.100000,-0.775288,-1.843618,-3.965924,-1.755174,0.000040,0.492085,-0.613527,-0.000032,-2.190636,0.088445,0.000040,-0.013329,-0.497323,-0.000034
delayed,47.150000,-0.754499,-1.852224,-3.945628,-1.788630,0.000038,0.498873,-0.608028,-0.000032,-2.191129,0.063594,0.000038,-0.007811,-0.497537,-0.000034
delayed,47.200000,-0.733614,-1.860594,-3.924960,-1.821860,0.000036,0.505598,-0.602452,-0.000031,-2.191346,0.038735,0.000036,-0.002292,-0.497688,-0.000034
delayed,47.250000,-0.712636,-1.868729,-3.903924,-1.854860,0.000035,0.512260,-0.596798,-0.000031,-2.191288,0.013870,0.000035,0.003229,-0.497775,-0.000034
delayed,47.300000,-0.691568,-1.876628,-3.882521,-1.887626,0.000033,0.518858,-0.591068,-0.000031,-2.190953,-0.010998,0.000033,0.008749,-0.497798,-0.000033
delayed,47.350000,-0.670413,-1.884289,-3.860756,-1.920153,0.000031,0.525391,-0.585263,-0.000030,-2.190343,-0.035864,0.000031,0.014269,-0.497757,-0.000033
delayed,47.400000,-0.649173,-1.891712,-3.838630,-1.952439,0.000030,0.531858,-0.579383,-0.000030,-2.189457,-0.060726,0.000030,0.019788,-0.497653,-0.000033
delayed,47.450000,-0.627850,-1.898896,-3.816146,-1.984477,0.000028,0.538258,-0.573429,-0.000029,-2.188296,-0.085582,0.000028,0.025305,-0.497485,-0.000033
delayed,47.500000,-0.606448,-1.905839,-3.793307,-2.016265,0.000027,0.544591,-0.567402,-0.000029,-2.186859,-0.110426,0.000027,0.030819,-0.497253,-0.000033
delayed,47.550000,-0.584970,-1.912540,-3.770116,-2.047798,0.000025,0.550855,-0.561303,-0.000028,-2.185147,-0.135258,0.000025,0.036330,-0.496958,-0.000032
delayed,47.600000,-0.563417,-1.919000,-3.746576,-2.079072,0.000023,0.557051,-0.555131,-0.000028,-2.183159,-0.160072,0.000023,0.041838,-0.496599,-0.000032
delayed,47.650000,-0.541793,-1.925217,-3.722690,-2.110084,0.000022,0.563176,-0.548889,-0.000027,-2.180897,-0.184867,0.000022,0.047340,-0.496176,-0.000032
delayed,47.700000,-0.520101,-1.931190,-3.698460,-2.140828,0.000020,0.569231,-0.542577,-0.000027,-2.178360,-0.209638,0.000020,0.052837,-0.495690,-0.000031
delayed,47.750000,-0.498342,-1.936919,-3.673890,-2.171302,0.000019,0.575214,-0.536195,-0.000026,-2.175548,-0.234383,0.000019,0.058328,-0.495141,-0.000031
delayed,47.800000,-0.476521,-1.942403,-3.648983,-2.201502,0.000017,0.581125,-0.529745,-0.000026,-2.172462,-0.259099,0.000017,0.063812,-0.494528,-0.000031
delayed,47.850000,-0.454639,-1.947640,-3.623742,-2.231423,0.000015,0.586963,-0.523228,-0.000025,-2.169103,-0.283782,0.000015,0.069289,-0.493852,-0.000030
delayed,47.900000,-0.432700,-1.952632,-3.598170,-2.261062,0.000014,0.592727,-0.516643,-0.000025,-2.165470,-0.308430,0.000014,0.074757,-0.493113,-0.000030
delayed,47.950000,-0.410706,-1.957376,-3.572270,-2.290414,0.000012,0.598417,-0.509993,-0.000024,-2.161565,-0.333038,0.000012,0.080217,-0.492311,-0.000030
delayed,48.000000,-0.388660,-1.961872,-3.546046,-2.319477,0.000011,0.604031,-0.503277,-0.000024,-2.157387,-0.357605,0.000011,0.085667,-0.491446,-0.000029
delayed,48.050000,-0.366565,-1.966121,-3.519501,-2.348247,0.000010,0.609570,-0.496498,-0.000023,-2.152937,-0.382126,0.000010,0.091107,-0.490518,-0.000029
delayed,48.100000,-0.344423,-1.970120,-3.492638,-2.376719,0.000008,0.615032,-0.489654,-0.000023,-2.148215,-0.406599,0.000008,0.096536,-0.489527,-0.000028
delayed,48.150000,-0.322238,-1.973870,-3.465461,-2.404891,0.000007,0.620417,-0.482749,-0.000022,-2.143223,-0.431021,0.000007,0.101953,-0.488473,-0.000028
delayed,48.200000,-0.300012,-1.977370,-3.437972,-2.432758,0.000005,0.625724,-0.475781,-0.000022,-2.137960,-0.455388,0.000005,0.107358,-0.487358,-0.000028
delayed,48.250000,-0.277748,-1.980620,-3.410176,-2.460317,0.000004,0.630952,-0.468753,-0.000021,-2.132428,-0.479697,0.000004,0.112750,-0.486179,-0.000027
delayed,48.300000,-0.255449,-1.983619,-3.382076,-2.487565,0.000003,0.636101,-0.461665,-0.000020,-2.126627,-0.503946,0.000003,0.118128,-0.484939,-0.000027
delayed,48.350000,-0.233117,-1.986368,-3.353676,-2.514498,0.000001,0.641170,-0.454518,-0.000020,-2.120558,-0.528130,0.000001,0.123492,-0.483637,-0.000026
delayed,48.400000,-0.210757,-1.988864,-3.324978,-2.541112,-0.000000,0.646159,-0.447313,-0.000019,-2.114221,-0.552248,-0.000000,0.128841,-0.482273,-0.000026
delayed,48.450000,-0.188369,-1.991110,-3.295987,-2.567405,-0.000001,0.651066,-0.440051,-0.000019,-2.107618,-0.576296,-0.000001,0.134174,-0.480847,-0.000025
delayed,48.500000,-0.165958,-1.993103,-3.266706,-2.593373,-0.000003,0.655891,-0.432733,-0.000018,-2.100749,-0.600270,-0.000003,0.139491,-0.479360,-0.000025
delayed,48.550000,-0.143525,-1.994843,-3.237140,-2.619012,-0.000004,0.660634,-0.425359,-0.000018,-2.093614,-0.624168,-0.000004,0.144790,-0.477811,-0.000024
delayed,48.600000,-0.121075,-1.996332,-3.207290,-2.644319,-0.000005,0.665294,-0.417931,-0.000017,-2.086216,-0.647987,-0.000005,0.150072,-0.476202,-0.000024
delayed,48.650000,-0.098609,-1.997568,-3.177163,-2.669291,-0.000006,0.669870,-0.410450,-0.000016,-2.078554,-0.671724,-0.000006,0.155336,-0.474532,-0.000023
delayed,48.700000,-0.076130,-1.998551,-3.146760,-2.693926,-0.000007,0.674362,-0.402916,-0.000016,-2.070630,-0.695375,-0.000007,0.160580,-0.472801,-0.000023
delayed,48.750000,-0.053642,-1.999281,-3.116087,-2.718218,-0.000008,0.678769,-0.395331,-0.000015,-2.062444,-0.718938,-0.000008,0.165804,-0.471009,-0.000022
delayed,48.800000,-0.031147,-1.999757,-3.085146,-2.742167,-0.000009,0.683090,-0.387695,-0.000015,-2.053999,-0.742410,-0.000009,0.171009,-0.469158,-0.000022
delayed,48.850000,-0.008649,-1.999981,-3.053942,-2.765768,-0.000011,0.687326,-0.380010,-0.000014,-2.045293,-0.765787,-0.000011,0.176192,-0.467246,-0.000021
delayed,48.900000,0.013851,-1.999952,-3.022479,-2.789019,-0.000012,0.691475,-0.372276,-0.000013,-2.036330,-0.789067,-0.000012,0.181353,-0.465275,-0.000020
delayed,48.950000,0.036349,-1.999670,-2.990760,-2.811916,-0.000013,0.695537,-0.364495,-0.000013,-2.027109,-0.812246,-0.000013,0.186492,-0.463245,-0.000020
delayed,49.000000,0.058843,-1.999134,-2.958790,-2.834457,-0.000014,0.699512,-0.356667,-0.000012,-2.017633,-0.835322,-0.000014,0.191608,-0.461155,-0.000019
delayed,49.050000,0.081329,-1.998346,-2.926572,-2.856638,-0.000014,0.703399,-0.348793,-0.000012,-2.007901,-0.858292,-0.000014,0.196700,-0.459006,-0.000019
delayed,49.100000,0.103805,-1.997304,-2.894112,-2.878458,-0.000015,0.707197,-0.340875,-0.000011,-1.997917,-0.881153,-0.000015,0.201767,-0.456799,-0.000018
delayed,49.150000,0.126267,-1.996010,-2.861412,-2.899912,-0.000016,0.710906,-0.332914,-0.000011,-1.987679,-0.903902,-0.000016,0.206810,-0.454534,-0.000018
delayed,49.200000,0.148714,-1.994463,-2.828477,-2.920999,-0.000017,0.714525,-0.324909,-0.000010,-1.977191,-0.926536,-0.000017,0.211827,-0.452210,-0.000017
delayed,49.250000,0.171142,-1.992664,-2.795311,-2.941716,-0.000018,0.718055,-0.316864,-0.000009,-1.966452,-0.949052,-0.000018,0.216818,-0.449829,-0.000016
delayed,49.300000,0.193548,-1.990613,-2.761918,-2.962060,-0.000019,0.721494,-0.308777,-0.000009,-1.955466,-0.971447,-0.000019,0.221782,-0.447390,-0.000016
delayed,49.350000,0.215930,-1.988309,-2.728302,-2.982028,-0.000020,0.724842,-0.300652,-0.000008,-1.944232,-0.993718,-0.000020,0.226718,-0.444894,-0.000015
delayed,49.400000,0.238284,-1.985754,-2.694468,-3.001618,-0.000020,0.728099,-0.292488,-0.000008,-1.932752,-1.015863,-0.000020,0.231626,-0.442342,-0.000015
delayed,49.450000,0.260608,-1.982948,-2.660420,-3.020827,-0.000021,0.731264,-0.284286,-0.000007,-1.921029,-1.037879,-0.000021,0.236506,-0.439733,-0.000014
delayed,49.500000,0.282899,-1.979891,-2.626162,-3.039654,-0.000022,0.734338,-0.276048,-0.000007,-1.909062,-1.059763,-0.000022,0.241356,-0.437068,-0.000014
delayed,49.550000,0.305155,-1.976583,-2.591699,-3.058095,-0.000022,0.737318,-0.267775,-0.000006,-1.896854,-1.081512,-0.000022,0.246176,-0.434347,-0.000013
delayed,49.600000,0.327372,-1.973025,-2.557034,-3.076148,-0.000023,0.740206,-0.259468,-0.000006,-1.884406,-1.103123,-0.000023,0.250965,-0.431571,-0.000013
delayed,49.650000,0.349547,-1.969217,-2.522173,-3.093811,-0.000024,0.743001,-0.251127,-0.000005,-1.871720,-1.124594,-0.000024,0.255723,-0.428739,-0.000012
delayed,49.700000,0.371678,-1.965160,-2.487119,-3.111082,-0.000024,0.745702,-0.242754,-0.000005,-1.858797,-1.145921,-0.000024,0.260449,-0.425853,-0.000011
delayed,49.750000,0.393762,-1.960855,-2.451877,-3.127958,-0.000025,0.748309,-0.234351,-0.000004,-1.845639,-1.167103,-0.000025,0.265142,-0.422913,-0.000011
delayed,49.800000,0.415796,-1.956301,-2.416452,-3.144437,-0.000025,0.750822,-0.225917,-0.000004,-1.832248,-1.188136,-0.000025,0.269803,-0.419919,-0.000010
delayed,49.850000,0.437778,-1.951500,-2.380847,-3.160518,-0.000026,0.753240,-0.217454,-0.000003,-1.818625,-1.209018,-0.000026,0.274430,-0.416871,-0.000010
delayed,49.900000,0.459704,-1.946451,-2.345068,-3.176197,-0.000026,0.755563,-0.208964,-0.000003,-1.804772,-1.229746,-0.000026,0.279022,-0.413770,-0.000009
delayed,49.950000,0.481572,-1.941156,-2.309118,-3.191474,-0.000027,0.757792,-0.200446,-0.000002,-1.790691,-1.250318,-0.000027,0.283580,-0.410616,-0.000009
delayed,50.000000,0.503379,-1.935616,-2.273003,-3.206346,-0.000027,0.759924,-0.191903,-0.000002,-1.776383,-1.270730,-0.000027,0.288102,-0.407410,-0.000008
delayed,50.050000,0.525123,-1.929831,-2.236727,-3.220811,-0.000028,0.761961,-0.183336,-0.000001,-1.761850,-1.290980,-0.000028,0.292588,-0.404152,-0.000008
delayed,50.100000,0.546800,-1.923801,-2.200295,-3.234868,-0.000028,0.763902,-0.174745,-0.000001,-1.747094,-1.311067,-0.000028,0.297038,-0.400842,-0.000007
delayed,50.150000,0.568407,-1.917528,-2.163710,-3.248514,-0.000028,0.765746,-0.166131,-0.000000,-1.732117,-1.330986,-0.000028,0.301451,-0.397482,-0.000006
delayed,50.200000,0.589943,-1.911012,-2.126978,-3.261748,-0.000029,0.767494,-0.157497,0.000000,-1.716921,-1.350735,-0.000029,0.305826,-0.394070,-0.000006
delayed,50.250000,0.611404,-1.904254,-2.090104,-3.274568,-0.000029,0.769145,-0.148842,0.000001,-1.701508,-1.370313,-0.000029,0.310162,-0.390609,-0.000005
delayed,50.300000,0.632788,-1.897256,-2.053091,-3.286972,-0.000029,0.770700,-0.140168,0.000001,-1.685879,-1.389716,-0.000029,0.314460,-0.387098,-0.000005
delayed,50.350000,0.654091,-1.890017,-2.015945,-3.298960,-0.000029,0.772157,-0.131476,0.000001,-1.670037,-1.408943,-0.000029,0.318718,-0.383537,-0.000004
delayed,50.400000,0.675312,-1.882539,-1.978671,-3.310529,-0.000030,0.773516,-0.122767,0.000002,-1.653983,-1.427990,-0.000030,0.322937,-0.379927,-0.000004
delayed,50.450000,0.696448,-1.874823,-1.941272,-3.321677,-0.000030,0.774779,-0.114042,0.000002,-1.637720,-1.446855,-0.000030,0.327115,-0.376269,-0.000003
delayed,50.500000,0.717495,-1.866869,-1.903754,-3.332405,-0.000030,0.775943,-0.105303,0.000003,-1.621249,-1.465535,-0.000030,0.331252,-0.372563,-0.000003
delayed,50.550000,0.738451,-1.858680,-1.866121,-3.342709,-0.000030,0.777010,-0.096550,0.000003,-1.604573,-1.484030,-0.000030,0.335347,-0.368810,-0.000002
delayed,50.600000,0.759314,-1.850254,-1.828379,-3.352589,-0.000030,0.777978,-0.087785,0.000003,-1.587694,-1.502335,-0.000030,0.339401,-0.365010,-0.000002
delayed,50.650000,0.780081,-1.841595,-1.790532,-3.362044,-0.000030,0.778849,-0.079008,0.000004,-1.570613,-1.520449,-0.000030,0.343412,-0.361163,-0.000002
delayed,50.700000,0.800749,-1.832703,-1.752584,-3.371072,-0.000030,0.779621,-0.070221,0.000004,-1.553333,-1.538369,-0.000030,0.347380,-0.357270,-0.000001
delayed,50.750000,0.821316,-1.823579,-1.714541,-3.379672,-0.000030,0.780295,-0.061426,0.000004,-1.535857,-1.556094,-0.000030,0.351304,-0.353332,-0.000001
delayed,50.800000,0.841779,-1.814224,-1.676407,-3.387844,-0.000030,0.780871,-0.052622,0.000005,-1.518186,-1.573620,-0.000030,0.355184,-0.349349,-0.000000
delayed,50.850000,0.862135,-1.804639,-1.638187,-3.395585,-0.000030,0.781348,-0.043811,0.000005,-1.500323,-1.590946,-0.000030,0.359020,-0.345321,0.000000
delayed,50.900000,0.882383,-1.794826,-1.599886,-3.402895,-0.000030,0.781726,-0.034994,0.000005,-1.482269,-1.608069,-0.000030,0.362811,-0.341249,0.000001
delayed,50.950000,0.902518,-1.784786,-1.561509,-3.409774,-0.000030,0.782006,-0.026173,0.000006,-1.464027,-1.624988,-0.000030,0.366556,-0.337134,0.000001
delayed,51.000000,0.922539,-1.774520,-1.523061,-3.416219,-0.000030,0.782187,-0.017349,0.000006,-1.445600,-1.641699,-0.000030,0.370255,-0.332976,0.000001
delayed,51.050000,0.942444,-1.764029,-1.484546,-3.422231,-0.000030,0.782269,-0.008522,0.000006,-1.426990,-1.658202,-0.000030,0.373907,-0.328775,0.000002
delayed,51.100000,0.962229,-1.753315,-1.445969,-3.427809,-0.000030,0.782253,0.000306,0.000007,-1.408198,-1.674493,-0.000030,0.377513,-0.324533,0.000002
delayed,51.150000,0.981893,-1.742380,-1.407335,-3.432951,-0.000030,0.782138,0.009134,0.000007,-1.389228,-1.690572,-0.000030,0.381071,-0.320249,0.000003
delayed,51.200000,1.001432,-1.731223,-1.368649,-3.437658,-0.000030,0.781925,0.017962,0.000007,-1.370081,-1.706435,-0.000030,0.384581,-0.315925,0.000003
delayed,51.250000,1.020844,-1.719848,-1.329917,-3.441928,-0.000030,0.781612,0.026787,0.000007,-1.350761,-1.722080,-0.000030,0.388043,-0.311560,0.000003
delayed,51.300000,1.040128,-1.708255,-1.291142,-3.445761,-0.000029,0.781201,0.035608,0.000008,-1.331269,-1.737507,-0.000029,0.391457,-0.307156,0.000004
delayed,51.350000,1.059279,-1.696445,-1.252329,-3.449157,-0.000029,0.780692,0.044426,0.000008,-1.311609,-1.752712,-0.000029,0.394821,-0.302713,0.000004
delayed,51.400000,1.078297,-1.684421,-1.213484,-3.452115,-0.000029,0.780084,0.053238,0.000008,-1.291781,-1.767694,-0.000029,0.398135,-0.298231,0.000004
delayed,51.450000,1.097178,-1.672184,-1.174612,-3.454635,-0.000029,0.779377,0.062043,0.000008,-1.271790,-1.782451,-0.000029,0.401399,-0.293711,0.000005
delayed,51.500000,1.115920,-1.659735,-1.135717,-3.456716,-0.000029,0.778572,0.070841,0.000008,-1.251638,-1.796981,-0.000029,0.404613,-0.289154,0.000005
delayed,51.550000,1.134521,-1.647077,-1.096805,-3.458358,-0.000028,0.777669,0.079629,0.000009,-1.231326,-1.811282,-0.000028,0.407776,-0.284560,0.000005
delayed,51.600000,1.152979,-1.634209,-1.057879,-3.459562,-0.000028,0.776668,0.088408,0.000009,-1.210858,-1.825352,-0.000028,0.410888,-0.279930,0.000006
delayed,51.650000,1.171290,-1.621135,-1.018946,-3.460326,-0.000028,0.775568,0.097176,0.000009,-1.190236,-1.839190,-0.000028,0.413947,-0.275264,0.000006
delayed,51.700000,1.189454,-1.607856,-0.980010,-3.460650,-0.000027,0.774371,0.105931,0.000009,-1.169463,-1.852794,-0.000027,0.416955,-0.270564,0.000006
delayed,51.750000,1.207466,-1.594373,-0.941075,-3.460535,-0.000027,0.773076,0.114673,0.000009,-1.148541,-1.866162,-0.000027,0.419911,-0.265829,0.000006
delayed,51.800000,1.225326,-1.580688,-0.902148,-3.459981,-0.000027,0.771683,0.123401,0.000009,-1.127474,-1.879293,-0.000027,0.422813,-0.261060,0.000007
delayed,51.850000,1.243031,-1.566804,-0.863232,-3.458988,-0.000026,0.770193,0.132113,0.000010,-1.106263,-1.892184,-0.000026,0.425662,-0.256258,0.000007
delayed,51.900000,1.260578,-1.552721,-0.824333,-3.457555,-0.000026,0.768605,0.140808,0.000010,-1.084911,-1.904834,-0.000026,0.428458,-0.251423,0.000007
delayed,51.950000,1.277966,-1.538441,-0.785455,-3.455683,-0.000026,0.766921,0.149486,0.000010,-1.063422,-1.917242,-0.000026,0.431200,-0.246557,0.000007
delayed,52.000000,1.295193,-1.523967,-0.746604,-3.453373,-0.000025,0.765139,0.158144,0.000010,-1.041797,-1.929406,-0.000025,0.433887,-0.241659,0.000008
delayed,52.050000,1.312255,-1.509300,-0.707784,-3.450624,-0.000025,0.763261,0.166783,0.000010,-1.020039,-1.941324,-0.000025,0.436520,-0.236730,0.000008
delayed,52.100000,1.329151,-1.494442,-0.669001,-3.447437,-0.000025,0.761287,0.175401,0.000010,-0.998152,-1.952995,-0.000025,0.439098,-0.231772,0.000008
delayed,52.150000,1.345879,-1.479395,-0.630259,-3.443812,-0.000024,0.759216,0.183996,0.000010,-0.976138,-1.964417,-0.000024,0.441620,-0.226784,0.000008
delayed,52.200000,1.362437,-1.464160,-0.591562,-3.439750,-0.000024,0.757050,0.192568,0.000010,-0.953999,-1.975589,-0.000024,0.444087,-0.221767,0.000008
delayed,52.250000,1.378822,-1.448741,-0.552917,-3.435251,-0.000023,0.754788,0.201116,0.000010,-0.931739,-1.986510,-0.000023,0.446498,-0.216722,0.000009
delayed,52.300000,1.395033,-1.433138,-0.514328,-3.430315,-0.000023,0.752430,0.209639,0.000010,-0.909361,-1.997178,-0.000023,0.448853,-0.211649,0.000009
delayed,52.350000,1.411067,-1.417353,-0.475799,-3.424944,-0.000022,0.749978,0.218135,0.000010,-0.886866,-2.007591,-0.000022,0.451151,-0.206550,0.000009
delayed,52.400000,1.426923,-1.401389,-0.437336,-3.419138,-0.000022,0.747431,0.226603,0.000010,-0.864259,-2.017749,-0.000022,0.453392,-0.201424,0.000009
delayed,52.450000,1.442598,-1.385248,-0.398943,-3.412898,-0.000022,0.744789,0.235043,0.000010,-0.841541,-2.027650,-0.000022,0.455576,-0.196273,0.000009
delayed,52.500000,1.458090,-1.368931,-0.360626,-3.406225,-0.000021,0.742053,0.243453,0.000010,-0.818716,-2.037293,-0.000021,0.457702,-0.191097,0.000009
delayed,52.550000,1.473398,-1.352442,-0.322389,-3.399119,-0.000021,0.739224,0.251832,0.000010,-0.795787,-2.046677,-0.000021,0.459771,-0.185897,0.000009
delayed,52.600000,1.488519,-1.335781,-0.284236,-3.391581,-0.000020,0.736301,0.260179,0.000010,-0.772756,-2.055800,-0.000020,0.461782,-0.180673,0.000009
delayed,52.650000,1.503452,-1.318951,-0.246174,-3.383612,-0.000020,0.733285,0.268493,0.000010,-0.749626,-2.064662,-0.000020,0.463735,-0.175426,0.000010
delayed,52.700000,1.518195,-1.301954,-0.208206,-3.375214,-0.000019,0.730176,0.276773,0.000010,-0.726401,-2.073260,-0.000019,0.465629,-0.170157,0.000010
delayed,52.750000,1.532746,-1.284792,-0.170337,-3.366387,-0.000019,0.726975,0.285019,0.000010,-0.703083,-2.081595,-0.000019,0.467464,-0.164866,0.000010
delayed,52.800000,1.547102,-1.267468,-0.132572,-3.357133,-0.000018,0.723683,0.293228,0.000010,-0.679675,-2.089665,-0.000018,0.469241,-0.159555,0.000010
delayed,52.850000,1.561263,-1.249983,-0.094917,-3.347452,-0.000018,0.720298,0.301400,0.000010,-0.656180,-2.097469,-0.000018,0.470958,-0.154223,0.000010
delayed,52.900000,1.575226,-1.232340,-0.057375,-3.337346,-0.000017,0.716823,0.309533,0.000010,-0.632601,-2.105006,-0.000017,0.472616,-0.148872,0.000010
delayed,52.950000,1.588990,-1.214541,-0.019951,-3.326816,-0.000017,0.713257,0.317628,0.000010,-0.608941,-2.112275,-0.000017,0.474214,-0.143502,0.000010
delayed,53.000000,1.602553,-1.196588,0.017349,-3.315864,-0.000016,0.709601,0.325682,0.000010,-0.585204,-2.119275,-0.000016,0.475752,-0.138114,0.000010
delayed,53.050000,1.615913,-1.178484,0.054522,-3.304490,-0.000016,0.705855,0.333695,0.000010,-0.561391,-2.126005,-0.000016,0.477231,-0.132708,0.000010
delayed,53.100000,1.629068,-1.160231,0.091562,-3.292697,-0.000015,0.702020,0.341666,0.000010,-0.537507,-2.132465,-0.000015,0.478649,-0.127285,0.000010
delayed,53.150000,1.642018,-1.141831,0.128464,-3.280485,-0.000015,0.698097,0.349593,0.000010,-0.513553,-2.138654,-0.000015,0.480006,-0.121847,0.000010
delayed,53.200000,1.654759,-1.123287,0.165225,-3.267857,-0.000014,0.694085,0.357476,0.000010,-0.489534,-2.144570,-0.000014,0.481304,-0.116393,0.000010
delayed,53.250000,1.667291,-1.104600,0.201840,-3.254813,-0.000014,0.689985,0.365314,0.000010,-0.465451,-2.150214,-0.000014,0.482540,-0.110924,0.000010
delayed,53.300000,1.679612,-1.085773,0.238303,-3.241357,-0.000013,0.685798,0.373105,0.000010,-0.441309,-2.155583,-0.000013,0.483715,-0.105441,0.000010
delayed,53.350000,1.691720,-1.066809,0.274610,-3.227488,-0.000013,0.681524,0.380849,0.000010,-0.417110,-2.160679,-0.000013,0.484829,-0.099945,0.000010
delayed,53.400000,1.703615,-1.047710,0.310757,-3.213210,-0.000012,0.677165,0.388545,0.000010,-0.392857,-2.165499,-0.000012,0.485882,-0.094436,0.000010
delayed,53.450000,1.715293,-1.028479,0.346739,-3.198523,-0.000012,0.672719,0.396192,0.000009,-0.368554,-2.170044,-0.000012,0.486874,-0.088916,0.000010
delayed,53.500000,1.726755,-1.009117,0.382552,-3.183430,-0.000011,0.668189,0.403788,0.000009,-0.344203,-2.174313,-0.000011,0.487804,-0.083384,0.000010
delayed,53.550000,1.737998,-0.989628,0.418191,-3.167933,-0.000011,0.663574,0.411333,0.000009,-0.319807,-2.178305,-0.000011,0.488673,-0.077841,0.000010
delayed,53.600000,1.749021,-0.970013,0.453651,-3.152033,-0.000010,0.658875,0.418826,0.000009,-0.295370,-2.182020,-0.000010,0.489480,-0.072289,0.000010
delayed,53.650000,1.759823,-0.950276,0.488928,-3.135733,-0.000010,0.654092,0.426266,0.000009,-0.270895,-2.185457,-0.000010,0.490225,-0.066728,0.000010
delayed,53.700000,1.770402,-0.930418,0.524018,-3.119034,-0.000009,0.649227,0.433651,0.000009,-0.246384,-2.188617,-0.000009,0.490908,-0.061158,0.000010
delayed,53.750000,1.780757,-0.910442,0.558915,-3.101940,-0.000009,0.644280,0.440982,0.000009,-0.221841,-2.191497,-0.000009,0.491529,-0.055581,0.000010
delayed,53.800000,1.790886,-0.890352,0.593617,-3.084451,-0.000008,0.639252,0.448257,0.000009,-0.197269,-2.194099,-0.000008,0.492088,-0.049997,0.000010
delayed,53.850000,1.800789,-0.870148,0.628118,-3.066570,-0.000008,0.634142,0.455475,0.000009,-0.172671,-2.196422,-0.000008,0.492585,-0.044406,0.000010
delayed,53.900000,1.810464,-0.849835,0.662414,-3.048300,-0.000007,0.628952,0.462635,0.000008,-0.148051,-2.198465,-0.000007,0.493019,-0.038810,0.000010
delayed,53.950000,1.819910,-0.829414,0.696500,-3.029643,-0.000007,0.623683,0.469737,0.000008,-0.123410,-2.200229,-0.000007,0.493391,-0.033209,0.000009
delayed,54.000000,1.829126,-0.808888,0.730373,-3.010600,-0.000006,0.618335,0.476779,0.000008,-0.098753,-2.201712,-0.000006,0.493701,-0.027604,0.000009
delayed,54.050000,1.838110,-0.788259,0.764028,-2.991175,-0.000006,0.612909,0.483760,0.000008,-0.074082,-2.202916,-0.000006,0.493949,-0.021996,0.000009
delayed,54.100000,1.846861,-0.767531,0.797460,-2.971370,-0.000005,0.607405,0.490680,0.000008,-0.049401,-2.203839,-0.000005,0.494134,-0.016385,0.000009
delayed,54.150000,1.855379,-0.746706,0.830666,-2.951188,-0.000005,0.601824,0.497538,0.000008,-0.024713,-2.204482,-0.000005,0.494256,-0.010772,0.000009
delayed,54.200000,1.863662,-0.725786,0.863642,-2.930631,-0.000004,0.596167,0.504333,0.000007,-0.000020,-2.204845,-0.000004,0.494316,-0.005157,0.000009
delayed,54.250000,1.871709,-0.704774,0.896382,-2.909701,-0.000004,0.590434,0.511063,0.000007,0.024673,-2.204927,-0.000004,0.494314,0.000458,0.000009
delayed,54.300000,1.879519,-0.683673,0.928884,-2.888402,-0.000004,0.584627,0.517729,0.000007,0.049365,-2.204728,-0.000004,0.494249,0.006072,0.000009
delayed,54.350000,1.887091,-0.662486,0.961142,-2.866735,-0.000003,0.578746,0.524329,0.000007,0.074051,-2.204249,-0.000003,0.494121,0.011686,0.000009
delayed,54.400000,1.894424,-0.641215,0.993154,-2.844705,-0.000003,0.572792,0.530863,0.000007,0.098729,-2.203490,-0.000003,0.493931,0.017298,0.000009
delayed,54.450000,1.901518,-0.619862,1.024914,-2.822313,-0.000002,0.566765,0.537329,0.000007,0.123396,-2.202450,-0.000002,0.493679,0.022908,0.000008
delayed,54.500000,1.908371,-0.598431,1.056419,-2.799562,-0.000002,0.560666,0.543728,0.000007,0.148048,-2.201131,-0.000002,0.493364,0.028515,0.000008
delayed,54.550000,1.914982,-0.576925,1.087665,-2.776456,-0.000001,0.554497,0.550057,0.000006,0.172682,-2.199531,-0.000001,0.492987,0.034118,0.000008
delayed,54.600000,1.921352,-0.555345,1.118647,-2.752997,-0.000001,0.548257,0.556316,0.000006,0.197296,-2.197651,-0.000001,0.492547,0.039717,0.000008
delayed,54.650000,1.927477,-0.533695,1.149363,-2.729188,-0.000001,0.541948,0.562505,0.000006,0.221885,-2.195492,-0.000001,0.492045,0.045311,0.000008
delayed,54.700000,1.933359,-0.511978,1.179807,-2.705032,-0.000000,0.535570,0.568622,0.000006,0.246448,-2.193054,-0.000000,0.491481,0.050898,0.000008
delayed,54.750000,1.938997,-0.490196,1.209977,-2.680532,0.000000,0.529125,0.574668,0.000006,0.270980,-2.190337,0.000000,0.490855,0.056479,0.000008
delayed,54.800000,1.944389,-0.468351,1.239868,-2.655692,0.000001,0.522612,0.580640,0.000005,0.295480,-2.187341,0.000001,0.490166,0.062053,0.000007
delayed,54.850000,1.949534,-0.446448,1.269477,-2.630515,0.000001,0.516033,0.586539,0.000005,0.319942,-2.184067,0.000001,0.489416,0.067619,0.000007
delayed,54.900000,1.954433,-0.424488,1.298799,-2.605003,0.000001,0.509389,0.592363,0.000005,0.344366,-2.180515,0.000001,0.488603,0.073176,0.000007
delayed,54.950000,1.959085,-0.402474,1.327832,-2.579160,0.000002,0.502681,0.598112,0.000005,0.368747,-2.176686,0.000002,0.487729,0.078724,0.000007
delayed,55.000000,1.963489,-0.380409,1.356571,-2.552989,0.000002,0.495908,0.603786,0.000005,0.393082,-2.172580,0.000002,0.486793,0.084261,0.000007
delayed,55.050000,1.967644,-0.358296,1.385013,-2.526494,0.000002,0.489073,0.609382,0.000005,0.417369,-2.168198,0.000002,0.485796,0.089788,0.000007
delayed,55.100000,1.971550,-0.336138,1.413154,-2.499678,0.000003,0.482176,0.614902,0.000004,0.441604,-2.163540,0.000003,0.484737,0.095303,0.000006
delayed,55.150000,1.975207,-0.313938,1.440991,-2.472544,0.000003,0.475218,0.620343,0.000004,0.465784,-2.158607,0.000003,0.483616,0.100806,0.000006
delayed,55.200000,1.978614,-0.291697,1.468520,-2.445096,0.000003,0.468200,0.625705,0.000004,0.489906,-2.153399,0.000003,0.482435,0.106296,0.000006
delayed,55.250000,1.981770,-0.269420,1.495737,-2.417338,0.000004,0.461122,0.630989,0.000004,0.513967,-2.147918,0.000004,0.481192,0.111773,0.000006
delayed,55.300000,1.984676,-0.247108,1.522640,-2.389272,0.000004,0.453986,0.636192,0.000004,0.537964,-2.142163,0.000004,0.479888,0.117235,0.000006
delayed,55.350000,1.987330,-0.224765,1.549224,-2.360902,0.000004,0.446793,0.641314,0.000004,0.561894,-2.136136,0.000004,0.478524,0.122682,0.000006
delayed,55.400000,1.989733,-0.202394,1.575487,-2.332232,0.000004,0.439543,0.646355,0.000003,0.585755,-2.129838,0.000004,0.477099,0.128113,0.000006
delayed,55.450000,1.991884,-0.179997,1.601425,-2.303266,0.000005,0.432237,0.651314,0.000003,0.609542,-2.123269,0.000005,0.475613,0.133528,0.000005
delayed,55.500000,1.993783,-0.157578,1.627035,-2.274007,0.000005,0.424876,0.656191,0.000003,0.633253,-2.116429,0.000005,0.474068,0.138926,0.000005
delayed,55.550000,1.995429,-0.135138,1.652314,-2.244459,0.000005,0.417462,0.660984,0.000003,0.656884,-2.109321,0.000005,0.472462,0.144307,0.000005
delayed,55.600000,1.996823,-0.112682,1.677257,-2.214626,0.000005,0.409995,0.665693,0.000003,0.680434,-2.101944,0.000005,0.470797,0.149668,0.000005
delayed,55.650000,1.997964,-0.090211,1.701863,-2.184511,0.000006,0.402475,0.670318,0.000003,0.703899,-2.094300,0.000006,0.469072,0.155011,0.000005
delayed,55.700000,1.998853,-0.067728,1.726129,-2.154118,0.000006,0.394905,0.674858,0.000002,0.727276,-2.086390,0.000006,0.467287,0.160334,0.000004
delayed,55.750000,1.999488,-0.045237,1.750050,-2.123452,0.000006,0.387284,0.679312,0.000002,0.750561,-2.078215,0.000006,0.465443,0.165636,0.000004
delayed,55.800000,1.999871,-0.022741,1.773624,-2.092516,0.000006,0.379615,0.683679,0.000002,0.773753,-2.069775,0.000006,0.463541,0.170917,0.000004
delayed,55.850000,2.000000,-0.000241,1.796848,-2.061313,0.000007,0.371897,0.687961,0.000002,0.796848,-2.061072,0.000007,0.461579,0.176176,0.000004
delayed,55.900000,1.999876,0.022258,1.819719,-2.029849,0.000007,0.364133,0.692155,0.000002,0.819843,-2.052107,0.000007,0.459559,0.181413,0.000004
delayed,55.950000,1.999499,0.044755,1.842235,-1.998127,0.000007,0.356322,0.696261,0.000002,0.842735,-2.042882,0.000007,0.457481,0.186627,0.000004
delayed,56.000000,1.998869,0.067246,1.864391,-1.966150,0.000007,0.348465,0.700278,0.000001,0.865522,-2.033396,0.000007,0.455345,0.191816,0.000003
delayed,56.050000,1.997986,0.089729,1.886186,-1.933924,0.000007,0.340565,0.704207,0.000001,0.888200,-2.023652,0.000007,0.453152,0.196982,0.000003
delayed,56.100000,1.996850,0.112200,1.907617,-1.901452,0.000007,0.332621,0.708047,0.000001,0.910767,-2.013651,0.000007,0.450900,0.202122,0.000003
delayed,56.150000,1.995462,0.134657,1.928681,-1.868737,0.000008,0.324636,0.711796,0.000001,0.933220,-2.003394,0.000008,0.448592,0.207236,0.000003
delayed,56.200000,1.993821,0.157097,1.949376,-1.835786,0.000008,0.316609,0.715455,0.000001,0.955555,-1.992882,0.000008,0.446227,0.212324,0.000003
delayed,56.250000,1.991927,0.179517,1.969698,-1.802601,0.000008,0.308541,0.719024,0.000001,0.977771,-1.982117,0.000008,0.443805,0.217385,0.000003
delayed,56.300000,1.989782,0.201914,1.989645,-1.769186,0.000008,0.300435,0.722501,0.000001,0.999863,-1.971100,0.000008,0.441327,0.222418,0.000002
delayed,56.350000,1.987384,0.224286,2.009215,-1.735547,0.000008,0.292291,0.725887,0.000000,1.021831,-1.959833,0.000008,0.438793,0.227423,0.000002
delayed,56.400000,1.984735,0.246629,2.028405,-1.701687,0.000008,0.284109,0.729180,0.000000,1.043670,-1.948316,0.000008,0.436204,0.232399,0.000002
delayed,56.450000,1.981835,0.268942,2.047213,-1.667610,0.000008,0.275892,0.732381,0.000000,1.065377,-1.936552,0.000008,0.433559,0.237345,0.000002
delayed,56.500000,1.978684,0.291220,2.065636,-1.633322,0.000008,0.267639,0.735490,0.000000,1.086951,-1.924541,0.000008,0.430859,0.242261,0.000002
delayed,56.550000,1.975283,0.313461,2.083672,-1.598825,0.000009,0.259352,0.738504,-0.000000,1.108389,-1.912286,0.000009,0.428105,0.247146,0.000002
delayed,56.600000,1.971631,0.335663,2.101318,-1.564125,0.000009,0.251033,0.741425,-0.000000,1.129687,-1.899788,0.000009,0.425296,0.251999,0.000002
delayed,56.650000,1.967731,0.357822,2.118574,-1.529227,0.000009,0.242681,0.744252,-0.000000,1.150843,-1.887049,0.000009,0.422434,0.256820,0.000001
delayed,56.700000,1.963581,0.379936,2.135435,-1.494133,0.000009,0.234299,0.746985,-0.000000,1.171855,-1.874069,0.000009,0.419518,0.261609,0.000001
delayed,56.750000,1.959182,0.402001,2.151901,-1.458850,0.000009,0.225887,0.749623,-0.000001,1.192719,-1.860852,0.000009,0.416548,0.266364,0.000001
delayed,56.800000,1.954536,0.424016,2.167969,-1.423381,0.000009,0.217446,0.752165,-0.000001,1.213433,-1.847397,0.000009,0.413526,0.271086,0.000001
delayed,56.850000,1.949642,0.445978,2.183636,-1.387731,0.000009,0.208977,0.754612,-0.000001,1.233994,-1.833709,0.000009,0.410452,0.275772,0.000001
delayed,56.900000,1.944502,0.467882,2.198902,-1.351904,0.000009,0.200482,0.756964,-0.000001,1.254401,-1.819787,0.000009,0.407325,0.280424,0.000001
delayed,56.950000,1.939115,0.489728,2.213764,-1.315906,0.000009,0.191962,0.759219,-0.000001,1.274649,-1.805634,0.000009,0.404147,0.285040,0.000001
delayed,57.000000,1.933483,0.511512,2.228220,-1.279739,0.000009,0.183417,0.761378,-0.000001,1.294737,-1.791251,0.000009,0.400917,0.289620,0.000000
delayed,57.050000,1.927606,0.533230,2.242269,-1.243410,0.000009,0.174848,0.763441,-0.000001,1.314662,-1.776641,0.000009,0.397637,0.294162,0.000000
delayed,57.100000,1.921485,0.554882,2.255908,-1.206923,0.000009,0.166258,0.765407,-0.000001,1.334422,-1.761805,0.000009,0.394306,0.298668,0.000000
delayed,57.150000,1.915122,0.576463,2.269135,-1.170282,0.000009,0.157646,0.767275,-0.000001,1.354014,-1.746745,0.000009,0.390925,0.303135,0.000000
delayed,57.200000,1.908515,0.597971,2.281951,-1.133492,0.000009,0.149014,0.769046,-0.000002,1.373435,-1.731463,0.000009,0.387494,0.307564,-0.000000
delayed,57.250000,1.901667,0.619404,2.294351,-1.096558,0.000009,0.140363,0.770720,-0.000002,1.392684,-1.715961,0.000009,0.384015,0.311953,-0.000000
delayed,57.300000,1.894579,0.640758,2.306336,-1.059484,0.000009,0.131694,0.772296,-0.000002,1.411757,-1.700241,0.000009,0.380486,0.316303,-0.000000
delayed,57.350000,1.887251,0.662031,2.317903,-1.022275,0.000009,0.123009,0.773773,-0.000002,1.430652,-1.684306,0.000009,0.376910,0.320612,-0.000000
delayed,57.400000,1.879684,0.683220,2.329051,-0.984936,0.000009,0.114307,0.775153,-0.000002,1.449367,-1.668156,0.000009,0.373285,0.324881,-0.000001
delayed,57.450000,1.871879,0.704323,2.339778,-0.947471,0.000009,0.105591,0.776434,-0.000002,1.467900,-1.651794,0.000009,0.369613,0.329108,-0.000001
delayed,57.500000,1.863837,0.725336,2.350084,-0.909886,0.000009,0.096862,0.777617,-0.000002,1.486247,-1.635222,0.000009,0.365895,0.333294,-0.000001
delayed,57.550000,1.855559,0.746258,2.359967,-0.872184,0.000009,0.088120,0.778701,-0.000002,1.504408,-1.618443,0.000009,0.362129,0.337437,-0.000001
delayed,57.600000,1.847046,0.767086,2.369425,-0.834372,0.000009,0.079367,0.779687,-0.000002,1.522379,-1.601457,0.000009,0.358318,0.341537,-0.000001
delayed,57.650000,1.838300,0.787816,2.378458,-0.796453,0.000009,0.070603,0.780573,-0.000002,1.540158,-1.584269,0.000009,0.354462,0.345593,-0.000001
delayed,57.700000,1.829321,0.808446,2.387064,-0.758433,0.000009,0.061831,0.781360,-0.000002,1.557743,-1.566879,0.000009,0.350560,0.349606,-0.000001
delayed,57.750000,1.820110,0.828975,2.395242,-0.720316,0.000009,0.053050,0.782049,-0.000002,1.575132,-1.549290,0.000009,0.346614,0.353574,-0.000001
delayed,57.800000,1.810669,0.849398,2.402991,-0.682106,0.000009,0.044263,0.782638,-0.000002,1.592322,-1.531504,0.000009,0.342624,0.357497,-0.000001
delayed,57.850000,1.800999,0.869714,2.410310,-0.643810,0.000008,0.035470,0.783127,-0.000003,1.609311,-1.513524,0.000008,0.338590,0.361375,-0.000002
delayed,57.900000,1.791101,0.889920,2.417199,-0.605432,0.000008,0.026672,0.783518,-0.000003,1.626098,-1.495352,0.000008,0.334513,0.365207,-0.000002
delayed,57.950000,1.780976,0.910013,2.423656,-0.566976,0.000008,0.017871,0.783809,-0.000003,1.642680,-1.476989,0.000008,0.330394,0.368992,-0.000002
delayed,58.000000,1.770626,0.929991,2.429681,-0.528448,0.000008,0.009067,0.784000,-0.000003,1.659054,-1.458439,0.000008,0.326233,0.372730,-0.000002
delayed,58.050000,1.760052,0.949851,2.435272,-0.489853,0.000008,0.000262,0.784093,-0.000003,1.675220,-1.439704,0.000008,0.322030,0.376421,-0.000002
delayed,58.100000,1.749255,0.969591,2.440429,-0.451194,0.000008,-0.008543,0.784085,-0.000003,1.691174,-1.420785,0.000008,0.317787,0.380064,-0.000002
delayed,58.150000,1.738237,0.989208,2.445152,-0.412478,0.000008,-0.017347,0.783978,-0.000003,1.706915,-1.401686,0.000008,0.313503,0.383659,-0.000002
delayed,58.200000,1.726998,1.008701,2.449439,-0.373709,0.000008,-0.026150,0.783772,-0.000003,1.722441,-1.382410,0.000008,0.309179,0.387205,-0.000002
delayed,58.250000,1.715541,1.028065,2.453291,-0.334892,0.000008,-0.034949,0.783466,-0.000003,1.737749,-1.362957,0.000008,0.304817,0.390701,-0.000002
delayed,58.300000,1.703867,1.047299,2.456706,-0.296032,0.000008,-0.043744,0.783061,-0.000003,1.752839,-1.343332,0.000008,0.300415,0.394148,-0.000002
delayed,58.350000,1.691978,1.066401,2.459684,-0.257134,0.000007,-0.052533,0.782557,-0.000003,1.767707,-1.323536,0.000007,0.295975,0.397545,-0.000002
delayed,58.400000,1.679874,1.085368,2.462226,-0.218203,0.000007,-0.061316,0.781953,-0.000003,1.782352,-1.303571,0.000007,0.291498,0.400891,-0.000002
delayed,58.450000,1.667557,1.104198,2.464330,-0.179244,0.000007,-0.070092,0.781250,-0.000003,1.796773,-1.283442,0.000007,0.286983,0.404186,-0.000002
delayed,58.500000,1.655030,1.122887,2.465996,-0.140261,0.000007,-0.078858,0.780448,-0.000003,1.810966,-1.263149,0.000007,0.282432,0.407430,-0.000002
delayed,58.550000,1.642293,1.141435,2.467225,-0.101260,0.000007,-0.087615,0.779547,-0.000003,1.824932,-1.242695,0.000007,0.277845,0.410622,-0.000003
delayed,58.600000,1.629348,1.159838,2.468015,-0.062246,0.000007,-0.096361,0.778547,-0.000003,1.838667,-1.222084,0.000007,0.273223,0.413762,-0.000003
delayed,58.650000,1.616197,1.178095,2.468367,-0.023223,0.000007,-0.105095,0.777448,-0.000003,1.852170,-1.201318,0.000007,0.268566,0.416849,-0.000003
delayed,58.700000,1.602842,1.196202,2.468281,0.015803,0.000007,-0.113816,0.776251,-0.000003,1.865439,-1.180399,0.000007,0.263875,0.419884,-0.000003
delayed,58.750000,1.589283,1.214158,2.467756,0.054827,0.000006,-0.122523,0.774955,-0.000003,1.878473,-1.159330,0.000006,0.259150,0.422865,-0.000003
delayed,58.800000,1.575524,1.231960,2.466794,0.093846,0.000006,-0.131214,0.773561,-0.000003,1.891270,-1.138114,0.000006,0.254393,0.425792,-0.000003
delayed,58.850000,1.561565,1.249606,2.465393,0.132852,0.000006,-0.139889,0.772069,-0.000003,1.903828,-1.116754,0.000006,0.249603,0.428665,-0.000003
delayed,58.900000,1.547408,1.267094,2.463554,0.171843,0.000006,-0.148546,0.770478,-0.000003,1.916146,-1.095252,0.000006,0.244781,0.431483,-0.000003
delayed,58.950000,1.533056,1.284422,2.461278,0.210812,0.000006,-0.157185,0.768790,-0.000003,1.928222,-1.073610,0.000006,0.239928,0.434247,-0.000003
delayed,59.000000,1.518509,1.301587,2.458564,0.249755,0.000006,-0.165804,0.767005,-0.000003,1.940055,-1.051832,0.000006,0.235045,0.436955,-0.000003
delayed,59.050000,1.503771,1.318588,2.455414,0.288667,0.000006,-0.174402,0.765122,-0.000003,1.951643,-1.029921,0.000006,0.230131,0.439608,-0.000003
delayed,59.100000,1.488842,1.335422,2.451826,0.327543,0.000005,-0.182978,0.763142,-0.000003,1.962984,-1.007879,0.000005,0.225189,0.442205,-0.000003
delayed,59.150000,1.473724,1.352086,2.447802,0.366377,0.000005,-0.191531,0.761066,-0.000003,1.974078,-0.985709,0.000005,0.220217,0.444746,-0.000003
delayed,59.200000,1.458420,1.368580,2.443343,0.405166,0.000005,-0.200060,0.758893,-0.000003,1.984923,-0.963414,0.000005,0.215218,0.447231,-0.000003
delayed,59.250000,1.442932,1.384900,2.438448,0.443904,0.000005,-0.208564,0.756623,-0.000003,1.995516,-0.940996,0.000005,0.210191,0.449658,-0.000003
delayed,59.300000,1.427261,1.401045,2.433119,0.482586,0.000005,-0.217042,0.754258,-0.000003,2.005858,-0.918459,0.000005,0.205138,0.452029,-0.000003
delayed,59.350000,1.411409,1.417013,2.427356,0.521207,0.000005,-0.225493,0.751797,-0.000003,2.015947,-0.895805,0.000005,0.200058,0.454342,-0.000003
delayed,59.400000,1.395379,1.432801,2.421160,0.559763,0.000005,-0.233915,0.749240,-0.000003,2.025781,-0.873038,0.000005,0.194953,0.456597,-0.000003
delayed,59.450000,1.379172,1.448408,2.414531,0.598248,0.000004,-0.242307,0.746589,-0.000003,2.035359,-0.850160,0.000004,0.189823,0.458794,-0.000003
delayed,59.500000,1.362790,1.463832,2.407471,0.636658,0.000004,-0.250670,0.743843,-0.000003,2.044681,-0.827173,0.000004,0.184669,0.460933,-0.000003
delayed,59.550000,1.346236,1.479070,2.399980,0.674988,0.000004,-0.259000,0.741002,-0.000003,2.053744,-0.804082,0.000004,0.179491,0.463013,-0.000003
delayed,59.600000,1.329512,1.494121,2.392059,0.713233,0.000004,-0.267298,0.738068,-0.000003,2.062547,-0.780889,0.000004,0.174291,0.465035,-0.000003
delayed,59.650000,1.312619,1.508984,2.383710,0.751387,0.000004,-0.275563,0.735040,-0.000003,2.071091,-0.757596,0.000004,0.169068,0.466997,-0.000003
delayed,59.700000,1.295560,1.523655,2.374932,0.789447,0.000004,-0.283792,0.731918,-0.000003,2.079372,-0.734208,0.000004,0.163824,0.468900,-0.000003
delayed,59.750000,1.278338,1.538133,2.365729,0.827407,0.000004,-0.291986,0.728704,-0.000003,2.087391,-0.710726,0.000004,0.158558,0.470744,-0.000003
delayed,59.800000,1.260953,1.552417,2.356099,0.865263,0.000003,-0.300143,0.725398,-0.000003,2.095146,-0.687154,0.000003,0.153273,0.472528,-0.000003
delayed,59.850000,1.243409,1.566504,2.346046,0.903009,0.000003,-0.308263,0.721999,-0.000003,2.102637,-0.663494,0.000003,0.147968,0.474252,-0.000003
delayed,59.900000,1.225707,1.580393,2.335569,0.940642,0.000003,-0.316343,0.718509,-0.000003,2.109862,-0.639751,0.000003,0.142644,0.475915,-0.000003
delayed,59.950000,1.207851,1.594082,2.324671,0.978155,0.000003,-0.324384,0.714928,-0.000003,2.116821,-0.615926,0.000003,0.137301,0.477518,-0.000003
delayed,60.000000,1.189841,1.607569,2.313353,1.015546,0.000003,-0.332383,0.711256,-0.000003,2.123512,-0.592023,0.000003,0.131942,0.479061,-0.000003
delayed,60.050000,1.171681,1.620853,2.301616,1.052807,0.000003,-0.340341,0.707493,-0.000003,2.129934,-0.568045,0.000003,0.126565,0.480542,-0.000003
artstein,0.050000,1.999873,0.022500,3.800000,-0.500000,-0.500000,-0.132007,0.095039,0.087259,2.800127,-0.522500,-0.500000,0.005062,-0.449972,0.000000
artstein,0.100000,1.999494,0.044996,3.800000,-0.500000,-0.500000,-0.208724,0.150542,0.127251,2.800506,-0.544996,-0.500000,0.010124,-0.449886,0.000000
artstein,0.150000,1.998861,0.067487,3.800000,-0.500000,-0.500000,-0.257817,0.186295,0.147488,2.801139,-0.567487,-0.500000,0.015185,-0.449744,0.000000
artstein,0.200000,1.997975,0.089970,3.800000,-0.500000,-0.500000,-0.292962,0.212079,0.159251,2.802025,-0.589970,-0.500000,0.020243,-0.449544,0.000000
artstein,0.250000,1.996837,0.112441,3.799819,-0.499869,-0.499880,-0.320926,0.232728,0.167179,2.802982,-0.612310,-0.499880,0.016302,-0.442811,0.005947
artstein,0.300000,1.995445,0.134898,3.798847,-0.499170,-0.499253,-0.344924,0.250540,0.173100,2.803402,-0.634067,-0.499253,0.002472,-0.428885,0.017698
artstein,0.350000,1.993802,0.157337,3.796774,-0.497675,-0.497970,-0.366593,0.266681,0.177814,2.802973,-0.655012,-0.497970,-0.015898,-0.411599,0.031237
artstein,0.400000,1.991905,0.179757,3.793463,-0.495284,-0.495998,-0.386779,0.281751,0.181696,2.801557,-0.675041,-0.495998,-0.036171,-0.392844,0.044942
artstein,0.450000,1.989757,0.202154,3.788862,-0.491959,-0.493354,-0.405922,0.296063,0.184927,2.799105,-0.694113,-0.493354,-0.057051,-0.373556,0.058170
artstein,0.500000,1.987357,0.224526,3.782963,-0.487691,-0.490068,-0.424254,0.309777,0.187601,2.795606,-0.712217,-0.490068,-0.077893,-0.354199,0.070673
artstein,0.550000,1.984705,0.246869,3.775781,-0.482488,-0.486182,-0.441899,0.322981,0.189776,2.791075,-0.729357,-0.486182,-0.098375,-0.335011,0.082363
artstein,0.600000,1.981803,0.269181,3.767338,-0.476366,-0.481736,-0.458926,0.335719,0.191491,2.785535,-0.745546,-0.481736,-0.118336,-0.316112,0.093223
artstein,0.650000,1.978649,0.291458,3.757663,-0.469342,-0.476771,-0.475377,0.348019,0.192777,2.779014,-0.760801,-0.476771,-0.137702,-0.297561,0.103263
artstein,0.700000,1.975245,0.313699,3.746789,-0.461440,-0.471328,-0.491278,0.359895,0.193661,2.771544,-0.775139,-0.471328,-0.156439,-0.279385,0.112509
artstein,0.750000,1.971591,0.335900,3.734746,-0.452680,-0.465445,-0.506647,0.371358,0.194168,2.763155,-0.788580,-0.465445,-0.174538,-0.261599,0.120992
artstein,0.800000,1.967687,0.358059,3.721569,-0.443085,-0.459161,-0.521500,0.382417,0.194320,2.753881,-0.801144,-0.459161,-0.192000,-0.244205,0.128744
artstein,0.850000,1.963535,0.380173,3.707288,-0.432678,-0.452510,-0.535849,0.393077,0.194141,2.743753,-0.812850,-0.452510,-0.208831,-0.227204,0.135796
artstein,0.900000,1.959134,0.402238,3.691935,-0.421481,-0.445526,-0.549707,0.403344,0.193652,2.732801,-0.823719,-0.445526,-0.225041,-0.210595,0.142181
artstein,0.950000,1.954485,0.424252,3.675542,-0.409516,-0.438242,-0.563084,0.413224,0.192872,2.721058,-0.833768,-0.438242,-0.240641,-0.194373,0.147930
artstein,1.000000,1.949588,0.446213,3.658140,-0.396805,-0.430689,-0.575991,0.422722,0.191821,2.708552,-0.843018,-0.430689,-0.255642,-0.178535,0.153072
artstein,1.050000,1.944445,0.468117,3.639759,-0.383371,-0.422896,-0.588438,0.431842,0.190518,2.695314,-0.851488,-0.422896,-0.270057,-0.163077,0.157638
artstein,1.100000,1.939056,0.489962,3.620428,-0.369234,-0.414891,-0.600436,0.440591,0.188982,2.681372,-0.859196,-0.414891,-0.283897,-0.147995,0.161657
artstein,1.150000,1.933421,0.511745,3.600177,-0.354417,-0.406701,-0.611994,0.448973,0.187228,2.666755,-0.866162,-0.406701,-0.297175,-0.133284,0.165155
artstein,1.200000,1.927542,0.533463,3.579033,-0.338940,-0.398351,-0.623124,0.456993,0.185274,2.651491,-0.872403,-0.398351,-0.309903,-0.118939,0.168160
artstein,1.250000,1.921418,0.555114,3.557025,-0.322825,-0.389865,-0.633833,0.464656,0.183136,2.635607,-0.877938,-0.389865,-0.322091,-0.104956,0.170697
artstein,1.300000,1.915052,0.576694,3.534181,-0.306091,-0.381265,-0.644132,0.471968,0.180828,2.619129,-0.882785,-0.381265,-0.333753,-0.091331,0.172792
artstein,1.350000,1.908443,0.598201,3.510526,-0.288760,-0.372573,-0.654031,0.478932,0.178366,2.602083,-0.886961,-0.372573,-0.344900,-0.078058,0.174470
artstein,1.400000,1.901593,0.619633,3.486088,-0.270852,-0.363809,-0.663539,0.485555,0.175762,2.584495,-0.890485,-0.363809,-0.355543,-0.065133,0.175753
artstein,1.450000,1.894502,0.640986,3.460892,-0.252386,-0.354992,-0.672664,0.491841,0.173031,2.566390,-0.893372,-0.354992,-0.365694,-0.052552,0.176664
artstein,1.500000,1.887171,0.662258,3.434963,-0.233383,-0.346141,-0.681416,0.497796,0.170184,2.547792,-0.895641,-0.346141,-0.375364,-0.040310,0.177225
artstein,1.550000,1.879601,0.683447,3.408326,-0.213862,-0.337270,-0.689804,0.503423,0.167234,2.528724,-0.897308,-0.337270,-0.384564,-0.028402,0.177457
artstein,1.600000,1.871794,0.704548,3.381004,-0.193842,-0.328398,-0.697837,0.508729,0.164192,2.509211,-0.898390,-0.328398,-0.393305,-0.016823,0.177381
artstein,1.650000,1.863749,0.725561,3.353023,-0.173342,-0.319538,-0.705522,0.513718,0.161068,2.489273,-0.898903,-0.319538,-0.401599,-0.005569,0.177015
artstein,1.700000,1.855469,0.746482,3.324403,-0.152381,-0.310705,-0.712870,0.518395,0.157874,2.468935,-0.898863,-0.310705,-0.409455,0.005365,0.176379
artstein,1.750000,1.846954,0.767308,3.295169,-0.130977,-0.301911,-0.719887,0.522765,0.154618,2.448216,-0.898286,-0.301911,-0.416885,0.015983,0.175490
artstein,1.800000,1.838205,0.788038,3.265343,-0.109150,-0.293169,-0.726583,0.526832,0.151311,2.427138,-0.897187,-0.293169,-0.423898,0.026291,0.174366
artstein,1.850000,1.829223,0.808667,3.234945,-0.086916,-0.284489,-0.732965,0.530603,0.147960,2.405722,-0.895583,-0.284489,-0.430506,0.036293,0.173024
artstein,1.900000,1.820010,0.829194,3.203998,-0.064293,-0.275883,-0.739041,0.534081,0.144574,2.383987,-0.893487,-0.275883,-0.436718,0.045994,0.171479
artstein,1.950000,1.810567,0.849616,3.172521,-0.041300,-0.267359,-0.744819,0.537271,0.141162,2.361954,-0.890916,-0.267359,-0.442544,0.055398,0.169747
artstein,2.000000,1.800894,0.869931,3.140535,-0.017952,-0.258928,-0.750306,0.540179,0.137729,2.339640,-0.887883,-0.258928,-0.447995,0.064510,0.167843
artstein,2.050000,1.790994,0.890136,3.108059,0.005732,-0.250596,-0.755511,0.542808,0.134284,2.317065,-0.884404,-0.250596,-0.453081,0.073335,0.165779
artstein,2.100000,1.780867,0.910228,3.075113,0.029735,-0.242372,-0.760441,0.545165,0.130832,2.294247,-0.880492,-0.242372,-0.457810,0.081877,0.163571
artstein,2.150000,1.770514,0.930204,3.041716,0.054043,-0.234262,-0.765102,0.547252,0.127380,2.271202,-0.876162,-0.234262,-0.462192,0.090141,0.161230
artstein,2.200000,1.759937,0.950063,3.007887,0.078637,-0.226273,-0.769502,0.549076,0.123934,2.247949,-0.871426,-0.226273,-0.466237,0.098131,0.158768
artstein,2.250000,1.749138,0.969802,2.973642,0.103502,-0.218411,-0.773648,0.550640,0.120498,2.224503,-0.866300,-0.218411,-0.469954,0.105853,0.156198
artstein,2.300000,1.738117,0.989418,2.938999,0.128623,-0.210680,-0.777546,0.551950,0.117078,2.200882,-0.860795,-0.210680,-0.473352,0.113311,0.153530
artstein,2.350000,1.726877,1.008909,2.903976,0.153983,-0.203085,-0.781204,0.553010,0.113679,2.177099,-0.854926,-0.203085,-0.476440,0.120508,0.150776
artstein,2.400000,1.715417,1.028272,2.868589,0.179567,-0.195630,-0.784628,0.553824,0.110305,2.153172,-0.848705,-0.195630,-0.479227,0.127450,0.147944
artstein,2.450000,1.703741,1.047505,2.832855,0.205361,-0.188319,-0.787825,0.554398,0.106960,2.129114,-0.842144,-0.188319,-0.481721,0.134142,0.145045
artstein,2.500000,1.691849,1.066605,2.796789,0.231349,-0.181154,-0.790800,0.554735,0.103648,2.104940,-0.835256,-0.181154,-0.483932,0.140587,0.142087
artstein,2.550000,1.679743,1.085571,2.760406,0.257517,-0.174139,-0.793560,0.554839,0.100371,2.080664,-0.828054,-0.174139,-0.485866,0.146790,0.139080
artstein,2.600000,1.667424,1.104399,2.723723,0.283850,-0.167276,-0.796111,0.554717,0.097134,2.056299,-0.820548,-0.167276,-0.487533,0.152756,0.136030
artstein,2.650000,1.654894,1.123087,2.686753,0.310335,-0.160566,-0.798459,0.554371,0.093939,2.031859,-0.812752,-0.160566,-0.488941,0.158489,0.132947
artstein,2.700000,1.642155,1.141633,2.649511,0.336957,-0.154011,-0.800610,0.553806,0.090789,2.007356,-0.804676,-0.154011,-0.490098,0.163993,0.129837
artstein,2.750000,1.629208,1.160035,2.612011,0.363703,-0.147612,-0.802569,0.553026,0.087686,1.982802,-0.796332,-0.147612,-0.491011,0.169273,0.126707
artstein,2.800000,1.616055,1.178290,2.574266,0.390559,-0.141370,-0.804342,0.552036,0.084633,1.958211,-0.787730,-0.141370,-0.491688,0.174332,0.123563
artstein,2.850000,1.602697,1.196395,2.536289,0.417513,-0.135286,-0.805935,0.550840,0.081631,1.933592,-0.778882,-0.135286,-0.492138,0.179176,0.120412
artstein,2.900000,1.589137,1.214349,2.498095,0.444551,-0.129359,-0.807352,0.549442,0.078682,1.908958,-0.769799,-0.129359,-0.492366,0.183808,0.117259
artstein,2.950000,1.575375,1.232150,2.459694,0.471660,-0.123590,-0.808600,0.547847,0.075787,1.884319,-0.760490,-0.123590,-0.492381,0.188232,0.114109
artstein,3.000000,1.561414,1.249795,2.421099,0.498828,-0.117978,-0.809682,0.546057,0.072949,1.859685,-0.750967,-0.117978,-0.492190,0.192453,0.110968
artstein,3.050000,1.547255,1.267281,2.382323,0.526043,-0.112523,-0.810604,0.544078,0.070168,1.835067,-0.741238,-0.112523,-0.491799,0.196474,0.107841
artstein,3.100000,1.532901,1.284607,2.343376,0.553292,-0.107223,-0.811372,0.541914,0.067445,1.810475,-0.731315,-0.107223,-0.491216,0.200301,0.104730
artstein,3.150000,1.518352,1.301771,2.304270,0.580565,-0.102079,-0.811989,0.539568,0.064782,1.785918,-0.721206,-0.102079,-0.490447,0.203936,0.101642
artstein,3.200000,1.503611,1.318769,2.265016,0.607848,-0.097088,-0.812460,0.537044,0.062178,1.761404,-0.710921,-0.097088,-0.489499,0.207384,0.098579
artstein,3.250000,1.488680,1.335601,2.225624,0.635131,-0.092250,-0.812790,0.534346,0.059634,1.736943,-0.700470,-0.092250,-0.488379,0.210648,0.095544
artstein,3.300000,1.473561,1.352264,2.186105,0.662403,-0.087562,-0.812983,0.531479,0.057152,1.712544,-0.689860,-0.087562,-0.487092,0.213734,0.092542
artstein,3.350000,1.458255,1.368756,2.146469,0.689653,-0.083024,-0.813044,0.528446,0.054730,1.688214,-0.679103,-0.083024,-0.485646,0.216644,0.089575
artstein,3.400000,1.442765,1.385074,2.106725,0.716870,-0.078632,-0.812976,0.525250,0.052370,1.663960,-0.668204,-0.078632,-0.484046,0.219382,0.086646
artstein,3.450000,1.427092,1.401217,2.066884,0.744043,-0.074386,-0.812784,0.521896,0.050071,1.639792,-0.657175,-0.074386,-0.482297,0.221952,0.083756
artstein,3.500000,1.411238,1.417183,2.026953,0.771162,-0.070283,-0.812471,0.518387,0.047833,1.615715,-0.646021,-0.070283,-0.480408,0.224358,0.080910
artstein,3.550000,1.395206,1.432969,1.986943,0.798217,-0.066322,-0.812043,0.514726,0.045656,1.591737,-0.634753,-0.066322,-0.478381,0.226603,0.078108
artstein,3.600000,1.378997,1.448574,1.946862,0.825197,-0.062499,-0.811501,0.510918,0.043541,1.567865,-0.623377,-0.062499,-0.476225,0.228691,0.075352
artstein,3.650000,1.362613,1.463996,1.906718,0.852095,-0.058812,-0.810851,0.506966,0.041486,1.544104,-0.611901,-0.058812,-0.473943,0.230627,0.072644
artstein,3.700000,1.346058,1.479233,1.866519,0.878899,-0.055259,-0.810095,0.502874,0.039491,1.520462,-0.600334,-0.055259,-0.471541,0.232412,0.069986
artstein,3.750000,1.329331,1.494282,1.826274,0.905600,-0.051838,-0.809238,0.498644,0.037556,1.496943,-0.588681,-0.051838,-0.469025,0.234052,0.067379
artstein,3.800000,1.312437,1.509142,1.785990,0.932190,-0.048545,-0.808282,0.494281,0.035680,1.473553,-0.576951,-0.048545,-0.466400,0.235548,0.064824
artstein,3.850000,1.295376,1.523811,1.745674,0.958660,-0.045379,-0.807230,0.489788,0.033863,1.450298,-0.565151,-0.045379,-0.463671,0.236906,0.062321
artstein,3.900000,1.278152,1.538287,1.705334,0.985000,-0.042336,-0.806087,0.485168,0.032104,1.427182,-0.553287,-0.042336,-0.460842,0.238127,0.059873
artstein,3.950000,1.260766,1.552569,1.664977,1.011203,-0.039414,-0.804855,0.480424,0.030402,1.404211,-0.541366,-0.039414,-0.457918,0.239216,0.057479
artstein,4.000000,1.243220,1.566654,1.624609,1.037259,-0.036610,-0.803536,0.475561,0.028756,1.381389,-0.529395,-0.036610,-0.454905,0.240175,0.055139
artstein,4.050000,1.225517,1.580541,1.584237,1.063161,-0.033921,-0.802135,0.470580,0.027166,1.358721,-0.517379,-0.033921,-0.451807,0.241009,0.052856
artstein,4.100000,1.207659,1.594227,1.543868,1.088901,-0.031345,-0.800654,0.465485,0.025631,1.336210,-0.505326,-0.031345,-0.448627,0.241719,0.050628
artstein,4.150000,1.189647,1.607712,1.503508,1.114471,-0.028879,-0.799095,0.460280,0.024150,1.313860,-0.493241,-0.028879,-0.445371,0.242310,0.048456
artstein,4.200000,1.171486,1.620994,1.463162,1.139864,-0.026519,-0.797461,0.454967,0.022721,1.291676,-0.481130,-0.026519,-0.442043,0.242784,0.046340
artstein,4.250000,1.153176,1.634070,1.422836,1.165071,-0.024264,-0.795756,0.449550,0.021345,1.269661,-0.468999,-0.024264,-0.438647,0.243145,0.044280
artstein,4.300000,1.134720,1.646940,1.382537,1.190086,-0.022110,-0.793981,0.444031,0.020019,1.247817,-0.456854,-0.022110,-0.435187,0.243395,0.042275
artstein,4.350000,1.116120,1.659601,1.342269,1.214902,-0.020054,-0.792138,0.438414,0.018744,1.226148,-0.444699,-0.020054,-0.431666,0.243538,0.040327
artstein,4.400000,1.097380,1.672052,1.302038,1.239512,-0.018095,-0.790231,0.432701,0.017517,1.204658,-0.432540,-0.018095,-0.428089,0.243576,0.038434
artstein,4.450000,1.078500,1.684291,1.261848,1.263908,-0.016228,-0.788261,0.426896,0.016339,1.183348,-0.420383,-0.016228,-0.424460,0.243512,0.036596
artstein,4.500000,1.059484,1.696318,1.221705,1.288086,-0.014452,-0.786231,0.421001,0.015207,1.162221,-0.408232,-0.014452,-0.420782,0.243349,0.034813
artstein,4.550000,1.040334,1.708129,1.181614,1.312037,-0.012763,-0.784142,0.415019,0.014122,1.141280,-0.396092,-0.012763,-0.417058,0.243091,0.033084
artstein,4.600000,1.021052,1.719725,1.141578,1.335757,-0.011159,-0.781998,0.408953,0.013081,1.120526,-0.383968,-0.011159,-0.413293,0.242738,0.031409
artstein,4.650000,1.001641,1.731102,1.101603,1.359238,-0.009637,-0.779799,0.402805,0.012083,1.099962,-0.371865,-0.009637,-0.409488,0.242296,0.029787
artstein,4.700000,0.982103,1.742261,1.061693,1.382475,-0.008195,-0.777547,0.396579,0.011128,1.079590,-0.359786,-0.008195,-0.405649,0.241765,0.028217
artstein,4.750000,0.962441,1.753199,1.021851,1.405463,-0.006829,-0.775246,0.390277,0.010215,1.059411,-0.347737,-0.006829,-0.401777,0.241148,0.026699
artstein,4.800000,0.942657,1.763916,0.982083,1.428195,-0.005538,-0.772895,0.383901,0.009342,1.039426,-0.335721,-0.005538,-0.397876,0.240449,0.025232
artstein,4.850000,0.922753,1.774409,0.942391,1.450666,-0.004319,-0.770498,0.377455,0.008508,1.019638,-0.323742,-0.004319,-0.393949,0.239670,0.023815
artstein,4.900000,0.902733,1.784677,0.902780,1.472872,-0.003169,-0.768055,0.370940,0.007713,1.000047,-0.311805,-0.003169,-0.389999,0.238812,0.022448
artstein,4.950000,0.882599,1.794720,0.863253,1.494806,-0.002087,-0.765569,0.364360,0.006955,0.980654,-0.299914,-0.002087,-0.386028,0.237880,0.021129
artstein,5.000000,0.862353,1.804535,0.823814,1.516464,-0.001068,-0.763040,0.357716,0.006233,0.961461,-0.288071,-0.001068,-0.382039,0.236874,0.019858
artstein,5.050000,0.841998,1.814122,0.784465,1.537842,-0.000112,-0.760471,0.351012,0.005545,0.942467,-0.276281,-0.000112,-0.378036,0.235797,0.018634
artstein,5.100000,0.821536,1.823480,0.745211,1.558933,0.000784,-0.757862,0.344249,0.004892,0.923675,-0.264546,0.000784,-0.374020,0.234653,0.017456
artstein,5.150000,0.800970,1.832606,0.706054,1.579735,0.001623,-0.755215,0.337431,0.004272,0.905084,-0.252871,0.001623,-0.369993,0.233442,0.016323
artstein,5.200000,0.780303,1.841501,0.666998,1.600242,0.002407,-0.752531,0.330559,0.003683,0.886695,-0.241259,0.002407,-0.365959,0.232167,0.015234
artstein,5.250000,0.759538,1.850163,0.628045,1.620451,0.003137,-0.749812,0.323635,0.003126,0.868508,-0.229712,0.003137,-0.361920,0.230830,0.014188
artstein,5.300000,0.738676,1.858590,0.589198,1.640356,0.003816,-0.747059,0.316662,0.002598,0.850523,-0.218234,0.003816,-0.357877,0.229434,0.013184
artstein,5.350000,0.717720,1.866783,0.550460,1.659955,0.004447,-0.744273,0.309643,0.002099,0.832740,-0.206828,0.004447,-0.353834,0.227981,0.012222
artstein,5.400000,0.696674,1.874739,0.511834,1.679243,0.005030,-0.741454,0.302578,0.001628,0.815160,-0.195496,0.005030,-0.349791,0.226472,0.011299
artstein,5.450000,0.675539,1.882458,0.473322,1.698216,0.005568,-0.738605,0.295472,0.001183,0.797783,-0.184241,0.005568,-0.345752,0.224910,0.010416
artstein,5.500000,0.654319,1.889938,0.434927,1.716872,0.006064,-0.735725,0.288325,0.000765,0.780607,-0.173066,0.006064,-0.341717,0.223296,0.009571
artstein,5.550000,0.633017,1.897179,0.396650,1.735206,0.006518,-0.732816,0.281140,0.000371,0.763633,-0.161974,0.006518,-0.337690,0.221633,0.008763
artstein,5.600000,0.611634,1.904181,0.358495,1.753215,0.006933,-0.729904,0.273826,-0.000011,0.746861,-0.150965,0.006933,-0.333671,0.219923,0.007991
artstein,5.650000,0.590174,1.910941,0.320463,1.770897,0.007310,-0.726977,0.266415,-0.000376,0.730289,-0.140044,0.007310,-0.329663,0.218166,0.007254
artstein,5.700000,0.568639,1.917459,0.282557,1.788247,0.007652,-0.724025,0.258933,-0.000721,0.713918,-0.129212,0.007652,-0.325667,0.216366,0.006552
artstein,5.750000,0.547032,1.923735,0.244778,1.805263,0.007959,-0.721046,0.251393,-0.001044,0.697747,-0.118472,0.007959,-0.321685,0.214524,0.005883
artstein,5.800000,0.525355,1.929767,0.207129,1.821942,0.008234,-0.718036,0.243804,-0.001346,0.681774,-0.107825,0.008234,-0.317719,0.212635,0.005245
artstein,5.850000,0.503613,1.935555,0.169612,1.838281,0.008478,-0.714994,0.236174,-0.001627,0.665999,-0.097274,0.008478,-0.313774,0.210694,0.004637
artstein,5.900000,0.481806,1.941098,0.132228,1.854277,0.008693,-0.711922,0.228506,-0.001888,0.650421,-0.086822,0.008693,-0.309851,0.208698,0.004057
artstein,5.950000,0.459939,1.946396,0.094978,1.869925,0.008879,-0.708818,0.220806,-0.002129,0.635039,-0.076471,0.008879,-0.305951,0.206647,0.003504
artstein,6.000000,0.438013,1.951447,0.057865,1.885222,0.009039,-0.705684,0.213078,-0.002350,0.619852,-0.066224,0.009039,-0.302073,0.204544,0.002979
artstein,6.050000,0.416032,1.956251,0.020890,1.900166,0.009172,-0.702519,0.205326,-0.002554,0.604858,-0.056084,0.009172,-0.298220,0.202388,0.002480
artstein,6.100000,0.393999,1.960807,-0.015945,1.914753,0.009282,-0.699324,0.197554,-0.002739,0.590056,-0.046054,0.009282,-0.294390,0.200183,0.002006
artstein,6.150000,0.371915,1.965116,-0.052640,1.928980,0.009369,-0.696100,0.189765,-0.002907,0.575445,-0.036135,0.009369,-0.290584,0.197931,0.001558
artstein,6.200000,0.349784,1.969175,-0.089191,1.942845,0.009434,-0.692848,0.181964,-0.003059,0.561024,-0.026331,0.009434,-0.286802,0.195635,0.001133
artstein,6.250000,0.327610,1.972986,-0.125598,1.956344,0.009479,-0.689568,0.174154,-0.003196,0.546792,-0.016642,0.009479,-0.283045,0.193296,0.000733
artstein,6.300000,0.305393,1.976546,-0.161860,1.969475,0.009504,-0.686261,0.166338,-0.003317,0.532747,-0.007072,0.009504,-0.279312,0.190919,0.000355
artstein,6.350000,0.283138,1.979857,-0.197973,1.982236,0.009511,-0.682929,0.158520,-0.003425,0.518888,0.002379,0.009511,-0.275605,0.188505,0.000000
artstein,6.400000,0.260847,1.982917,-0.233938,1.994624,0.009501,-0.679571,0.150703,-0.003518,0.505214,0.011708,0.009501,-0.271923,0.186058,-0.000333
artstein,6.450000,0.238524,1.985726,-0.269752,2.006639,0.009475,-0.676189,0.142891,-0.003599,0.491724,0.020913,0.009475,-0.268267,0.183579,-0.000645
artstein,6.500000,0.216170,1.988283,-0.305414,2.018277,0.009434,-0.672785,0.135087,-0.003668,0.478416,0.029994,0.009434,-0.264637,0.181073,-0.000936
artstein,6.550000,0.193788,1.990589,-0.340923,2.029537,0.009379,-0.669358,0.127293,-0.003725,0.465289,0.038948,0.009379,-0.261034,0.178542,-0.001208
artstein,6.600000,0.171382,1.992644,-0.376276,2.040419,0.009311,-0.665910,0.119511,-0.003771,0.452342,0.047775,0.009311,-0.257459,0.175989,-0.001460
artstein,6.650000,0.148955,1.994445,-0.411473,2.050919,0.009231,-0.662441,0.111745,-0.003807,0.439573,0.056474,0.009231,-0.253911,0.173416,-0.001694
artstein,6.700000,0.126508,1.995995,-0.446512,2.061039,0.009140,-0.658953,0.103997,-0.003833,0.426980,0.065044,0.009140,-0.250392,0.170826,-0.001910
artstein,6.750000,0.104046,1.997292,-0.481391,2.070775,0.009038,-0.655446,0.096269,-0.003851,0.414563,0.073484,0.009038,-0.246902,0.168223,-0.002109
artstein,6.800000,0.081570,1.998336,-0.516110,2.080129,0.008927,-0.651922,0.088563,-0.003860,0.402320,0.081793,0.008927,-0.243443,0.165608,-0.002292
artstein,6.850000,0.059084,1.999127,-0.550667,2.089098,0.008807,-0.648380,0.080881,-0.003861,0.390249,0.089971,0.008807,-0.240014,0.162984,-0.002458
artstein,6.900000,0.036591,1.999665,-0.585060,2.097683,0.008680,-0.644822,0.073224,-0.003855,0.378349,0.098018,0.008680,-0.236616,0.160354,-0.002610
artstein,6.950000,0.014093,1.999950,-0.619289,2.105883,0.008545,-0.641248,0.065594,-0.003842,0.366618,0.105933,0.008545,-0.233251,0.157721,-0.002747
artstein,7.000000,-0.008407,1.999982,-0.653352,2.113699,0.008404,-0.637659,0.057992,-0.003823,0.355055,0.113717,0.008404,-0.229919,0.155085,-0.002870
artstein,7.050000,-0.030906,1.999761,-0.687249,2.121129,0.008257,-0.634055,0.050420,-0.003798,0.343657,0.121368,0.008257,-0.226620,0.152450,-0.002980
artstein,7.100000,-0.053401,1.999287,-0.720977,2.128175,0.008105,-0.630437,0.042878,-0.003767,0.332424,0.128888,0.008105,-0.223356,0.149818,-0.003077
artstein,7.150000,-0.075889,1.998560,-0.754536,2.134836,0.007949,-0.626805,0.035368,-0.003732,0.321353,0.136277,0.007949,-0.220126,0.147190,-0.003163
artstein,7.200000,-0.098368,1.997579,-0.787924,2.141114,0.007789,-0.623160,0.027890,-0.003692,0.310443,0.143534,0.007789,-0.216933,0.144568,-0.003237
artstein,7.250000,-0.120834,1.996346,-0.821142,2.147007,0.007625,-0.619501,0.020446,-0.003649,0.299692,0.150660,0.007625,-0.213776,0.141954,-0.003300
artstein,7.300000,-0.143284,1.994861,-0.854187,2.152517,0.007458,-0.615830,0.013036,-0.003601,0.289098,0.157656,0.007458,-0.210656,0.139349,-0.003353
artstein,7.350000,-0.165717,1.993123,-0.887058,2.157645,0.007289,-0.612146,0.005660,-0.003550,0.278659,0.164523,0.007289,-0.207574,0.136755,-0.003397
artstein,7.400000,-0.188129,1.991132,-0.919756,2.162392,0.007118,-0.608449,-0.001680,-0.003497,0.268373,0.171259,0.007118,-0.204530,0.134173,-0.003431
artstein,7.450000,-0.210517,1.988890,-0.952278,2.166757,0.006946,-0.604740,-0.008985,-0.003440,0.258239,0.177867,0.006946,-0.201524,0.131604,-0.003457
artstein,7.500000,-0.232878,1.986396,-0.984624,2.170743,0.006772,-0.601018,-0.016253,-0.003381,0.248253,0.184347,0.006772,-0.198558,0.129050,-0.003475
artstein,7.550000,-0.255210,1.983650,-1.016794,2.174351,0.006598,-0.597284,-0.023484,-0.003320,0.238416,0.190700,0.006598,-0.195632,0.126511,-0.003486
artstein,7.600000,-0.277509,1.980654,-1.048786,2.177580,0.006424,-0.593537,-0.030679,-0.003257,0.228723,0.196927,0.006424,-0.192746,0.123988,-0.003489
artstein,7.650000,-0.299773,1.977406,-1.080599,2.180434,0.006249,-0.589777,-0.037835,-0.003193,0.219174,0.203028,0.006249,-0.189900,0.121481,-0.003486
artstein,7.700000,-0.322000,1.973909,-1.112233,2.182912,0.006075,-0.586005,-0.044954,-0.003127,0.209767,0.209004,0.006075,-0.187095,0.118992,-0.003477
artstein,7.750000,-0.344185,1.970162,-1.143687,2.185017,0.005902,-0.582220,-0.052035,-0.003060,0.200499,0.214856,0.005902,-0.184331,0.116521,-0.003462
artstein,7.800000,-0.366327,1.966165,-1.174960,2.186750,0.005729,-0.578423,-0.059076,-0.002992,0.191368,0.220585,0.005729,-0.181608,0.114069,-0.003442
artstein,7.850000,-0.388423,1.961919,-1.206052,2.188111,0.005558,-0.574612,-0.066079,-0.002923,0.182372,0.226192,0.005558,-0.178926,0.111635,-0.003417
artstein,7.900000,-0.410470,1.957426,-1.236961,2.189104,0.005388,-0.570787,-0.073043,-0.002854,0.173509,0.231678,0.005388,-0.176286,0.109220,-0.003388
artstein,7.950000,-0.432464,1.952684,-1.267687,2.189728,0.005219,-0.566949,-0.079967,-0.002784,0.164777,0.237044,0.005219,-0.173687,0.106825,-0.003354
artstein,8.000000,-0.454404,1.947695,-1.298230,2.189986,0.005053,-0.563098,-0.086852,-0.002714,0.156174,0.242291,0.005053,-0.171130,0.104449,-0.003317
artstein,8.050000,-0.476287,1.942460,-1.328588,2.189880,0.004888,-0.559232,-0.093696,-0.002644,0.147699,0.247420,0.004888,-0.168614,0.102093,-0.003276
artstein,8.100000,-0.498109,1.936979,-1.358761,2.189410,0.004726,-0.555352,-0.100500,-0.002574,0.139348,0.252431,0.004726,-0.166139,0.099757,-0.003232
artstein,8.150000,-0.519868,1.931253,-1.388748,2.188579,0.004565,-0.551457,-0.107263,-0.002504,0.131119,0.257326,0.004565,-0.163706,0.097440,-0.003186
artstein,8.200000,-0.541561,1.925282,-1.418549,2.187389,0.004408,-0.547548,-0.113986,-0.002434,0.123012,0.262107,0.004408,-0.161314,0.095144,-0.003136
artstein,8.250000,-0.563186,1.919068,-1.448163,2.185841,0.004252,-0.543623,-0.120667,-0.002365,0.115023,0.266773,0.004252,-0.158963,0.092867,-0.003085
artstein,8.300000,-0.584739,1.912611,-1.477588,2.183937,0.004100,-0.539683,-0.127306,-0.002296,0.107151,0.271326,0.004100,-0.156653,0.090610,-0.003031
artstein,8.350000,-0.606218,1.905912,-1.506826,2.181678,0.003950,-0.535728,-0.133904,-0.002227,0.099393,0.275766,0.003950,-0.154383,0.088373,-0.002975
artstein,8.400000,-0.627621,1.898971,-1.535873,2.179067,0.003803,-0.531756,-0.140460,-0.002160,0.091748,0.280096,0.003803,-0.152153,0.086155,-0.002918
artstein,8.450000,-0.648944,1.891790,-1.564731,2.176106,0.003658,-0.527767,-0.146974,-0.002093,0.084213,0.284315,0.003658,-0.149964,0.083957,-0.002860
artstein,8.500000,-0.670186,1.884370,-1.593399,2.172796,0.003517,-0.523762,-0.153445,-0.002026,0.076787,0.288425,0.003517,-0.147814,0.081778,-0.002800
artstein,8.550000,-0.691342,1.876712,-1.621874,2.169139,0.003379,-0.519740,-0.159873,-0.001961,0.069467,0.292427,0.003379,-0.145703,0.079619,-0.002740
artstein,8.600000,-0.712411,1.868815,-1.650158,2.165137,0.003244,-0.515701,-0.166258,-0.001896,0.062253,0.296322,0.003244,-0.143631,0.077478,-0.002678
artstein,8.650000,-0.733389,1.860683,-1.678249,2.160792,0.003112,-0.511644,-0.172600,-0.001833,0.055140,0.300110,0.003112,-0.141597,0.075356,-0.002616
artstein,8.700000,-0.754275,1.852315,-1.706146,2.156107,0.002983,-0.507569,-0.178898,-0.001770,0.048129,0.303792,0.002983,-0.139602,0.073252,-0.002553
artstein,8.750000,-0.775065,1.843712,-1.733849,2.151082,0.002857,-0.503476,-0.185151,-0.001709,0.041217,0.307370,0.002857,-0.137643,0.071167,-0.002490
artstein,8.800000,-0.795758,1.834876,-1.761356,2.145721,0.002734,-0.499364,-0.191361,-0.001648,0.034401,0.310845,0.002734,-0.135722,0.069099,-0.002427
artstein,8.850000,-0.816349,1.825808,-1.788668,2.140024,0.002615,-0.495233,-0.197526,-0.001589,0.027681,0.314217,0.002615,-0.133838,0.067050,-0.002364
artstein,8.900000,-0.836838,1.816508,-1.815783,2.133995,0.002499,-0.491065,-0.203678,-0.001530,0.021054,0.317486,0.002499,-0.131990,0.065018,-0.002301
artstein,8.950000,-0.857220,1.806979,-1.842701,2.127635,0.002385,-0.486866,-0.209803,-0.001473,0.014519,0.320655,0.002385,-0.130177,0.063003,-0.002238
artstein,9.000000,-0.877494,1.797221,-1.869420,2.120946,0.002275,-0.482639,-0.215894,-0.001417,0.008074,0.323724,0.002275,-0.128399,0.061006,-0.002175
artstein,9.050000,-0.897657,1.787236,-1.895940,2.113930,0.002169,-0.478388,-0.221945,-0.001362,0.001717,0.326694,0.002169,-0.126656,0.059025,-0.002112
artstein,9.100000,-0.917706,1.777025,-1.922260,2.106589,0.002065,-0.474113,-0.227954,-0.001309,-0.004554,0.329565,0.002065,-0.124946,0.057059,-0.002050
artstein,9.150000,-0.937639,1.766588,-1.948379,2.098926,0.001964,-0.469815,-0.233920,-0.001256,-0.010740,0.332338,0.001964,-0.123266,0.055105,-0.001989
artstein,9.200000,-0.957453,1.755928,-1.974296,2.090942,0.001867,-0.465493,-0.239840,-0.001205,-0.016843,0.335014,0.001867,-0.121615,0.053161,-0.001928
artstein,9.250000,-0.977146,1.745046,-2.000010,2.082639,0.001772,-0.461147,-0.245715,-0.001155,-0.022864,0.337593,0.001772,-0.119994,0.051227,-0.001867
artstein,9.300000,-0.996716,1.733943,-2.025520,2.074019,0.001680,-0.456779,-0.251543,-0.001106,-0.028804,0.340076,0.001680,-0.118400,0.049303,-0.001808
artstein,9.350000,-1.016159,1.722620,-2.050824,2.065084,0.001592,-0.452387,-0.257323,-0.001059,-0.034665,0.342464,0.001592,-0.116834,0.047389,-0.001749
artstein,9.400000,-1.035474,1.711080,-2.075922,2.055835,0.001506,-0.447972,-0.263056,-0.001012,-0.040448,0.344756,0.001506,-0.115294,0.045485,-0.001690
artstein,9.450000,-1.054658,1.699323,-2.100813,2.046275,0.001423,-0.443533,-0.268740,-0.000967,-0.046155,0.346953,0.001423,-0.113782,0.043591,-0.001633
artstein,9.500000,-1.073708,1.687350,-2.125495,2.036406,0.001343,-0.439070,-0.274374,-0.000923,-0.051787,0.349056,0.001343,-0.112295,0.041707,-0.001577
artstein,9.550000,-1.092622,1.675165,-2.149968,2.026229,0.001266,-0.434585,-0.279958,-0.000881,-0.057346,0.351065,0.001266,-0.110834,0.039834,-0.001521
artstein,9.600000,-1.111398,1.662767,-2.174229,2.015748,0.001192,-0.430075,-0.285492,-0.000839,-0.062831,0.352981,0.001192,-0.109397,0.037972,-0.001467
artstein,9.650000,-1.130034,1.650159,-2.198279,2.004963,0.001120,-0.425542,-0.290975,-0.000799,-0.068245,0.354804,0.001120,-0.107986,0.036121,-0.001413
artstein,9.700000,-1.148526,1.637342,-2.222116,1.993877,0.001051,-0.420985,-0.296405,-0.000760,-0.073590,0.356536,0.001051,-0.106599,0.034281,-0.001361
artstein,9.750000,-1.166873,1.624317,-2.245738,1.982493,0.000984,-0.416405,-0.301784,-0.000722,-0.078865,0.358175,0.000984,-0.105236,0.032453,-0.001309
artstein,9.800000,-1.185072,1.611088,-2.269145,1.970812,0.000920,-0.411801,-0.307110,-0.000685,-0.084073,0.359724,0.000920,-0.103895,0.030636,-0.001259
artstein,9.850000,-1.203122,1.597654,-2.292335,1.958837,0.000859,-0.407173,-0.312382,-0.000650,-0.089214,0.361183,0.000859,-0.102578,0.028830,-0.001209
artstein,9.900000,-1.221019,1.584018,-2.315308,1.946570,0.000800,-0.402522,-0.317600,-0.000615,-0.094289,0.362552,0.000800,-0.101284,0.027037,-0.001161
artstein,9.950000,-1.238761,1.570182,-2.338062,1.934013,0.000743,-0.397847,-0.322764,-0.000582,-0.099301,0.363831,0.000743,-0.100011,0.025255,-0.001114
artstein,10.000000,-1.256347,1.556146,-2.360596,1.921169,0.000689,-0.393148,-0.327872,-0.000550,-0.104249,0.365022,0.000689,-0.098760,0.023486,-0.001068
artstein,10.050000,-1.273774,1.541914,-2.382909,1.908040,0.000637,-0.388426,-0.332926,-0.000519,-0.109135,0.366126,0.000637,-0.097529,0.021729,-0.001023
artstein,10.100000,-1.291040,1.527487,-2.404999,1.894628,0.000587,-0.383681,-0.337923,-0.000489,-0.113960,0.367141,0.000587,-0.096320,0.019985,-0.000979
artstein,10.150000,-1.308142,1.512867,-2.426867,1.880937,0.000539,-0.378911,-0.342863,-0.000460,-0.118725,0.368071,0.000539,-0.095130,0.018253,-0.000937
artstein,10.200000,-1.325078,1.498055,-2.448509,1.866968,0.000494,-0.374119,-0.347747,-0.000433,-0.123431,0.368914,0.000494,-0.093961,0.016534,-0.000895
artstein,10.250000,-1.341847,1.483053,-2.469925,1.852724,0.000450,-0.369303,-0.352573,-0.000406,-0.128078,0.369672,0.000450,-0.092810,0.014827,-0.000855
artstein,10.300000,-1.358446,1.467864,-2.491115,1.838208,0.000409,-0.364463,-0.357341,-0.000380,-0.132669,0.370345,0.000409,-0.091679,0.013134,-0.000815
artstein,10.350000,-1.374874,1.452489,-2.512076,1.823422,0.000369,-0.359601,-0.362051,-0.000355,-0.137203,0.370933,0.000369,-0.090566,0.011453,-0.000777
artstein,10.400000,-1.391127,1.436930,-2.532809,1.808368,0.000331,-0.354715,-0.366702,-0.000332,-0.141682,0.371439,0.000331,-0.089470,0.009786,-0.000740
artstein,10.450000,-1.407204,1.421189,-2.553310,1.793050,0.000295,-0.349806,-0.371293,-0.000309,-0.146106,0.371862,0.000295,-0.088393,0.008132,-0.000704
artstein,10.500000,-1.423103,1.405268,-2.573580,1.777470,0.000261,-0.344875,-0.375825,-0.000287,-0.150477,0.372202,0.000261,-0.087332,0.006491,-0.000669
artstein,10.550000,-1.438822,1.389170,-2.593617,1.761631,0.000229,-0.339920,-0.380297,-0.000266,-0.154796,0.372461,0.000229,-0.086288,0.004864,-0.000636
artstein,10.600000,-1.454358,1.372895,-2.613420,1.745535,0.000198,-0.334943,-0.384708,-0.000246,-0.159062,0.372639,0.000198,-0.085260,0.003250,-0.000603
artstein,10.650000,-1.469711,1.356447,-2.632988,1.729185,0.000169,-0.329944,-0.389058,-0.000226,-0.163277,0.372738,0.000169,-0.084248,0.001649,-0.000571
artstein,10.700000,-1.484878,1.339828,-2.652320,1.712584,0.000141,-0.324922,-0.393347,-0.000208,-0.167442,0.372756,0.000141,-0.083251,0.000062,-0.000541
artstein,10.750000,-1.499857,1.323038,-2.671414,1.695735,0.000115,-0.319877,-0.397574,-0.000190,-0.171557,0.372697,0.000115,-0.082269,-0.001511,-0.000511
artstein,10.800000,-1.514646,1.306082,-2.690269,1.678640,0.000090,-0.314811,-0.401739,-0.000173,-0.175624,0.372559,0.000090,-0.081302,-0.003070,-0.000482
artstein,10.850000,-1.529243,1.288959,-2.708885,1.661303,0.000067,-0.309723,-0.405842,-0.000157,-0.179642,0.372343,0.000067,-0.080349,-0.004615,-0.000455
artstein,10.900000,-1.543647,1.271674,-2.727260,1.643726,0.000045,-0.304613,-0.409882,-0.000142,-0.183613,0.372051,0.000045,-0.079409,-0.006147,-0.000428
artstein,10.950000,-1.557855,1.254228,-2.745392,1.625912,0.000024,-0.299481,-0.413858,-0.000127,-0.187537,0.371683,0.000024,-0.078483,-0.007665,-0.000402
artstein,11.000000,-1.571866,1.236623,-2.763281,1.607863,0.000005,-0.294329,-0.417771,-0.000113,-0.191415,0.371240,0.000005,-0.077569,-0.009168,-0.000378
artstein,11.050000,-1.585678,1.218862,-2.780926,1.589584,-0.000013,-0.289155,-0.421620,-0.000100,-0.195248,0.370722,-0.000013,-0.076668,-0.010658,-0.000354
artstein,11.100000,-1.599290,1.200946,-2.798325,1.571077,-0.000030,-0.283960,-0.425405,-0.000088,-0.199036,0.370131,-0.000030,-0.075779,-0.012134,-0.000331
artstein,11.150000,-1.612699,1.182879,-2.815478,1.552345,-0.000046,-0.278744,-0.429126,-0.000076,-0.202779,0.369466,-0.000046,-0.074902,-0.013595,-0.000309
artstein,11.200000,-1.625904,1.164661,-2.832383,1.533390,-0.000061,-0.273508,-0.432782,-0.000064,-0.206479,0.368729,-0.000061,-0.074035,-0.015043,-0.000288
artstein,11.250000,-1.638903,1.146297,-2.849039,1.514217,-0.000075,-0.268252,-0.436372,-0.000054,-0.210135,0.367920,-0.000075,-0.073180,-0.016476,-0.000268
artstein,11.300000,-1.651695,1.127787,-2.865445,1.494827,-0.000088,-0.262976,-0.439897,-0.000044,-0.213749,0.367040,-0.000088,-0.072335,-0.017895,-0.000248
artstein,11.350000,-1.664278,1.109134,-2.881599,1.475224,-0.000099,-0.257680,-0.443357,-0.000034,-0.217321,0.366090,-0.000099,-0.071501,-0.019300,-0.000230
artstein,11.400000,-1.676650,1.090341,-2.897502,1.455411,-0.000110,-0.252365,-0.446750,-0.000025,-0.220852,0.365070,-0.000110,-0.070676,-0.020690,-0.000212
artstein,11.450000,-1.688810,1.071410,-2.913151,1.435392,-0.000120,-0.247031,-0.450077,-0.000017,-0.224341,0.363981,-0.000120,-0.069860,-0.022067,-0.000195
artstein,11.500000,-1.700756,1.052344,-2.928546,1.415168,-0.000130,-0.241677,-0.453338,-0.000009,-0.227789,0.362824,-0.000130,-0.069054,-0.023429,-0.000178
artstein,11.550000,-1.712487,1.033144,-2.943685,1.394744,-0.000138,-0.236306,-0.456532,-0.000001,-0.231198,0.361600,-0.000138,-0.068256,-0.024777,-0.000163
artstein,11.600000,-1.724002,1.013814,-2.958568,1.374123,-0.000146,-0.230916,-0.459659,0.000006,-0.234566,0.360309,-0.000146,-0.067467,-0.026110,-0.000148
artstein,11.650000,-1.735298,0.994355,-2.973193,1.353307,-0.000153,-0.225508,-0.462719,0.000013,-0.237896,0.358952,-0.000153,-0.066685,-0.027429,-0.000134
artstein,11.700000,-1.746374,0.974770,-2.987560,1.332300,-0.000159,-0.220082,-0.465711,0.000019,-0.241186,0.357530,-0.000159,-0.065912,-0.028734,-0.000120
artstein,11.750000,-1.757230,0.955062,-3.001667,1.311105,-0.000165,-0.214640,-0.468635,0.000024,-0.244437,0.356043,-0.000165,-0.065145,-0.030024,-0.000107
artstein,11.800000,-1.767863,0.935233,-3.015513,1.289726,-0.000170,-0.209180,-0.471492,0.000030,-0.247651,0.354492,-0.000170,-0.064386,-0.031300,-0.000095
artstein,11.850000,-1.778272,0.915286,-3.029098,1.268164,-0.000174,-0.203704,-0.474281,0.000035,-0.250826,0.352878,-0.000174,-0.063633,-0.032562,-0.000083
artstein,11.900000,-1.788456,0.895223,-3.042420,1.246425,-0.000178,-0.198211,-0.477001,0.000039,-0.253964,0.351202,-0.000178,-0.062886,-0.033810,-0.000072
artstein,11.950000,-1.798414,0.875047,-3.055479,1.224511,-0.000181,-0.192703,-0.479653,0.000043,-0.257065,0.349464,-0.000181,-0.062146,-0.035043,-0.000062
artstein,12.000000,-1.808144,0.854760,-3.068273,1.202424,-0.000184,-0.187179,-0.482236,0.000047,-0.260128,0.347665,-0.000184,-0.061411,-0.036261,-0.000052
artstein,12.050000,-1.817646,0.834364,-3.080801,1.180170,-0.000186,-0.181640,-0.484750,0.000051,-0.263155,0.345805,-0.000186,-0.060682,-0.037466,-0.000042
artstein,12.100000,-1.826917,0.813864,-3.093063,1.157750,-0.000188,-0.176087,-0.487195,0.000054,-0.266146,0.343887,-0.000188,-0.059957,-0.038656,-0.000034
artstein,12.150000,-1.835957,0.793260,-3.105058,1.135169,-0.000190,-0.170519,-0.489571,0.000057,-0.269100,0.341909,-0.000190,-0.059238,-0.039831,-0.000025
artstein,12.200000,-1.844765,0.772555,-3.116784,1.112429,-0.000191,-0.164937,-0.491877,0.000060,-0.272019,0.339873,-0.000191,-0.058523,-0.040992,-0.000017
artstein,12.250000,-1.853339,0.751753,-3.128241,1.089533,-0.000191,-0.159342,-0.494114,0.000062,-0.274901,0.337780,-0.000191,-0.057813,-0.042139,-0.000010
artstein,12.300000,-1.861679,0.730856,-3.139428,1.066486,-0.000191,-0.153733,-0.496282,0.000064,-0.277749,0.335630,-0.000191,-0.057106,-0.043272,-0.000003
artstein,12.350000,-1.869783,0.709866,-3.150344,1.043291,-0.000191,-0.148112,-0.498380,0.000066,-0.280560,0.333425,-0.000191,-0.056403,-0.044390,0.000004
artstein,12.400000,-1.877651,0.688787,-3.160988,1.019950,-0.000191,-0.142479,-0.500407,0.000068,-0.283337,0.331163,-0.000191,-0.055704,-0.045495,0.000010
artstein,12.450000,-1.885281,0.667620,-3.171360,0.996468,-0.000190,-0.136834,-0.502365,0.000069,-0.286079,0.328848,-0.000190,-0.055008,-0.046584,0.000015
artstein,12.500000,-1.892672,0.646369,-3.181458,0.972848,-0.000189,-0.131178,-0.504253,0.000071,-0.288786,0.326479,-0.000189,-0.054314,-0.047660,0.000021
artstein,12.550000,-1.899824,0.625036,-3.191282,0.949092,-0.000188,-0.125511,-0.506071,0.000072,-0.291458,0.324056,-0.000188,-0.053624,-0.048721,0.000026
artstein,12.600000,-1.906735,0.603624,-3.200831,0.925205,-0.000187,-0.119833,-0.507818,0.000073,-0.294096,0.321581,-0.000187,-0.052936,-0.049768,0.000030
artstein,12.650000,-1.913405,0.582135,-3.210104,0.901190,-0.000185,-0.114146,-0.509495,0.000073,-0.296699,0.319055,-0.000185,-0.052250,-0.050801,0.000035
artstein,12.700000,-1.919833,0.560573,-3.219101,0.877051,-0.000183,-0.108449,-0.511101,0.000074,-0.299268,0.316477,-0.000183,-0.051566,-0.051820,0.000039
artstein,12.750000,-1.926018,0.538940,-3.227821,0.852790,-0.000181,-0.102743,-0.512637,0.000074,-0.301803,0.313850,-0.000181,-0.050884,-0.052824,0.000042
artstein,12.800000,-1.931959,0.517239,-3.236263,0.828411,-0.000179,-0.097028,-0.514102,0.000074,-0.304304,0.311172,-0.000179,-0.050204,-0.053814,0.000045
artstein,12.850000,-1.937655,0.495472,-3.244426,0.803918,-0.000177,-0.091306,-0.515497,0.000075,-0.306771,0.308446,-0.000177,-0.049525,-0.054791,0.000049
artstein,12.900000,-1.943107,0.473642,-3.252310,0.779315,-0.000174,-0.085576,-0.516821,0.000074,-0.309203,0.305672,-0.000174,-0.048847,-0.055753,0.000051
artstein,12.950000,-1.948312,0.451753,-3.259914,0.754604,-0.000172,-0.079839,-0.518074,0.000074,-0.311602,0.302851,-0.000172,-0.048170,-0.056701,0.000054
artstein,13.000000,-1.953271,0.429806,-3.267238,0.729789,-0.000169,-0.074096,-0.519257,0.000074,-0.313967,0.299982,-0.000169,-0.047494,-0.057635,0.000056
artstein,13.050000,-1.957982,0.407805,-3.274280,0.704873,-0.000166,-0.068347,-0.520368,0.000074,-0.316298,0.297068,-0.000166,-0.046818,-0.058554,0.000058
artstein,13.100000,-1.962446,0.385753,-3.281041,0.679861,-0.000163,-0.062592,-0.521409,0.000073,-0.318595,0.294108,-0.000163,-0.046143,-0.059460,0.000060
artstein,13.150000,-1.966662,0.363651,-3.287520,0.654755,-0.000160,-0.056832,-0.522379,0.000073,-0.320858,0.291104,-0.000160,-0.045468,-0.060352,0.000062
artstein,13.200000,-1.970628,0.341504,-3.293716,0.629560,-0.000157,-0.051069,-0.523278,0.000072,-0.323088,0.288056,-0.000157,-0.044793,-0.061230,0.000063
artstein,13.250000,-1.974345,0.319313,-3.299629,0.604277,-0.000154,-0.045301,-0.524107,0.000071,-0.325284,0.284964,-0.000154,-0.044118,-0.062094,0.000064
artstein,13.300000,-1.977813,0.297082,-3.305258,0.578912,-0.000150,-0.039530,-0.524864,0.000070,-0.327446,0.281831,-0.000150,-0.043442,-0.062944,0.000065
artstein,13.350000,-1.981029,0.274813,-3.310603,0.553468,-0.000147,-0.033756,-0.525551,0.000070,-0.329574,0.278655,-0.000147,-0.042766,-0.063780,0.000066
artstein,13.400000,-1.983996,0.252510,-3.315664,0.527948,-0.000144,-0.027980,-0.526167,0.000069,-0.331668,0.275438,-0.000144,-0.042090,-0.064602,0.000067
artstein,13.450000,-1.986711,0.230174,-3.320439,0.502355,-0.000140,-0.022203,-0.526713,0.000068,-0.333728,0.272181,-0.000140,-0.041413,-0.065410,0.000067
artstein,13.500000,-1.989174,0.207810,-3.324929,0.476693,-0.000137,-0.016425,-0.527187,0.000067,-0.335755,0.268884,-0.000137,-0.040735,-0.066205,0.000068
artstein,13.550000,-1.991386,0.185419,-3.329134,0.450966,-0.000134,-0.010646,-0.527592,0.000066,-0.337747,0.265548,-0.000134,-0.040056,-0.066985,0.000068
artstein,13.600000,-1.993346,0.163004,-3.333052,0.425178,-0.000130,-0.004867,-0.527925,0.000064,-0.339706,0.262173,-0.000130,-0.039375,-0.067752,0.000068
artstein,13.650000,-1.995054,0.140569,-3.336684,0.399331,-0.000127,0.000911,-0.528188,0.000063,-0.341630,0.258761,-0.000127,-0.038694,-0.068505,0.000068
artstein,13.700000,-1.996509,0.118117,-3.340030,0.373429,-0.000123,0.006688,-0.528381,0.000062,-0.343521,0.255312,-0.000123,-0.038011,-0.069245,0.000068
artstein,13.750000,-1.997712,0.095649,-3.343088,0.347476,-0.000120,0.012468,-0.528504,0.000061,-0.345377,0.251827,-0.000120,-0.037326,-0.069971,0.000068
artstein,13.800000,-1.998661,0.073169,-3.345860,0.321475,-0.000117,0.018256,-0.528558,0.000060,-0.347198,0.248306,-0.000117,-0.036640,-0.070683,0.000067
artstein,13.850000,-1.999358,0.050680,-3.348344,0.295430,-0.000113,0.024048,-0.528543,0.000058,-0.348986,0.244750,-0.000113,-0.035953,-0.071381,0.000067
artstein,13.900000,-1.999801,0.028184,-3.350540,0.269345,-0.000110,0.029840,-0.528459,0.000057,-0.350739,0.241160,-0.000110,-0.035263,-0.072066,0.000066
artstein,13.950000,-1.999992,0.005685,-3.352449,0.243222,-0.000107,0.035631,-0.528304,0.000056,-0.352457,0.237537,-0.000107,-0.034571,-0.072737,0.000066
artstein,14.000000,-1.999929,-0.016814,-3.354070,0.217065,-0.000103,0.041419,-0.528079,0.000055,-0.354141,0.233880,-0.000103,-0.033876,-0.073395,0.000065
artstein,14.050000,-1.999614,-0.039312,-3.355404,0.190879,-0.000100,0.047204,-0.527784,0.000053,-0.355790,0.230191,-0.000100,-0.033177,-0.074040,0.000065
artstein,14.100000,-1.999045,-0.061805,-3.356449,0.164666,-0.000097,0.052985,-0.527419,0.000052,-0.357404,0.226471,-0.000097,-0.032473,-0.074672,0.000064
artstein,14.150000,-1.998223,-0.084290,-3.357205,0.138430,-0.000094,0.058760,-0.526984,0.000051,-0.358982,0.222719,-0.000094,-0.031764,-0.075291,0.000063
artstein,14.200000,-1.997148,-0.106764,-3.357673,0.112174,-0.000091,0.064529,-0.526479,0.000049,-0.360525,0.218938,-0.000091,-0.031051,-0.075896,0.000062
artstein,14.250000,-1.995821,-0.129225,-3.357853,0.085902,-0.000088,0.070292,-0.525904,0.000048,-0.362032,0.215127,-0.000088,-0.030333,-0.076488,0.000061
artstein,14.300000,-1.994241,-0.151669,-3.357744,0.059618,-0.000085,0.076048,-0.525259,0.000047,-0.363503,0.211287,-0.000085,-0.029610,-0.077067,0.000060
artstein,14.350000,-1.992408,-0.174094,-3.357346,0.033324,-0.000082,0.081795,-0.524545,0.000045,-0.364938,0.207418,-0.000082,-0.028882,-0.077632,0.000059
artstein,14.400000,-1.990324,-0.196497,-3.356660,0.007025,-0.000079,0.087534,-0.523761,0.000044,-0.366336,0.203522,-0.000079,-0.028150,-0.078185,0.000058
artstein,14.450000,-1.987987,-0.218875,-3.355685,-0.019276,-0.000076,0.093263,-0.522908,0.000043,-0.367698,0.199599,-0.000076,-0.027412,-0.078723,0.000057
artstein,14.500000,-1.985399,-0.241226,-3.354422,-0.045576,-0.000073,0.098982,-0.521986,0.000041,-0.369022,0.195650,-0.000073,-0.026670,-0.079249,0.000056
artstein,14.550000,-1.982560,-0.263546,-3.352870,-0.071871,-0.000070,0.104690,-0.520995,0.000040,-0.370310,0.191675,-0.000070,-0.025924,-0.079761,0.000055
artstein,14.600000,-1.979470,-0.285833,-3.351029,-0.098157,-0.000068,0.110386,-0.519935,0.000039,-0.371560,0.187676,-0.000068,-0.025173,-0.080259,0.000054
artstein,14.650000,-1.976129,-0.308083,-3.348901,-0.124432,-0.000065,0.116070,-0.518807,0.000038,-0.372772,0.183652,-0.000065,-0.024417,-0.080744,0.000053
artstein,14.700000,-1.972538,-0.330295,-3.346484,-0.150691,-0.000062,0.121741,-0.517610,0.000036,-0.373946,0.179604,-0.000062,-0.023657,-0.081216,0.000051
artstein,14.750000,-1.968697,-0.352464,-3.343780,-0.176931,-0.000060,0.127397,-0.516344,0.000035,-0.375083,0.175533,-0.000060,-0.022892,-0.081674,0.000050
artstein,14.800000,-1.964608,-0.374589,-3.340788,-0.203149,-0.000057,0.133040,-0.515011,0.000034,-0.376181,0.171441,-0.000057,-0.022124,-0.082118,0.000049
artstein,14.850000,-1.960269,-0.396667,-3.337509,-0.229341,-0.000055,0.138666,-0.513610,0.000033,-0.377240,0.167326,-0.000055,-0.021351,-0.082549,0.000048
artstein,14.900000,-1.955683,-0.418694,-3.333944,-0.255503,-0.000053,0.144277,-0.512141,0.000032,-0.378261,0.163191,-0.000053,-0.020574,-0.082966,0.000047
artstein,14.950000,-1.950849,-0.440669,-3.330092,-0.281633,-0.000050,0.149871,-0.510606,0.000030,-0.379243,0.159036,-0.000050,-0.019793,-0.083370,0.000045
artstein,15.000000,-1.945768,-0.462588,-3.325954,-0.307726,-0.000048,0.155448,-0.509003,0.000029,-0.380186,0.154861,-0.000048,-0.019008,-0.083760,0.000044
artstein,15.050000,-1.940441,-0.484448,-3.321530,-0.333780,-0.000046,0.161006,-0.507333,0.000028,-0.381089,0.150668,-0.000046,-0.018219,-0.084136,0.000043
artstein,15.100000,-1.934868,-0.506247,-3.316821,-0.359791,-0.000044,0.166546,-0.505596,0.000027,-0.381953,0.146456,-0.000044,-0.017426,-0.084499,0.000042
artstein,15.150000,-1.929050,-0.527981,-3.311828,-0.385755,-0.000042,0.172065,-0.503794,0.000026,-0.382777,0.142226,-0.000042,-0.016630,-0.084849,0.000041
artstein,15.200000,-1.922989,-0.549649,-3.306551,-0.411669,-0.000040,0.177565,-0.501925,0.000025,-0.383562,0.137980,-0.000040,-0.015830,-0.085184,0.000039
artstein,15.250000,-1.916684,-0.571248,-3.300990,-0.437530,-0.000038,0.183043,-0.499991,0.000024,-0.384306,0.133718,-0.000038,-0.015027,-0.085506,0.000038
artstein,15.300000,-1.910136,-0.592774,-3.295146,-0.463333,-0.000036,0.188499,-0.497991,0.000023,-0.385010,0.129440,-0.000036,-0.014220,-0.085815,0.000037
artstein,15.350000,-1.903346,-0.614225,-3.289021,-0.489077,-0.000034,0.193933,-0.495926,0.000022,-0.385674,0.125148,-0.000034,-0.013410,-0.086110,0.000036
artstein,15.400000,-1.896316,-0.635598,-3.282614,-0.514757,-0.000032,0.199344,-0.493797,0.000021,-0.386298,0.120842,-0.000032,-0.012597,-0.086391,0.000035
artstein,15.450000,-1.889046,-0.656891,-3.275926,-0.540369,-0.000031,0.204731,-0.491603,0.000020,-0.386880,0.116522,-0.000031,-0.011781,-0.086659,0.000034
artstein,15.500000,-1.881536,-0.678101,-3.268959,-0.565912,-0.000029,0.210093,-0.489345,0.000019,-0.387422,0.112189,-0.000029,-0.010962,-0.086913,0.000032
artstein,15.550000,-1.873789,-0.699225,-3.261712,-0.591380,-0.000027,0.215430,-0.487024,0.000019,-0.387923,0.107844,-0.000027,-0.010140,-0.087154,0.000031
artstein,15.600000,-1.865804,-0.720260,-3.254187,-0.616772,-0.000026,0.220741,-0.484638,0.000018,-0.388383,0.103488,-0.000026,-0.009315,-0.087381,0.000030
artstein,15.650000,-1.857583,-0.741204,-3.246385,-0.642083,-0.000024,0.226026,-0.482190,0.000017,-0.388802,0.099121,-0.000024,-0.008488,-0.087595,0.000029
artstein,15.700000,-1.849127,-0.762055,-3.238307,-0.667310,-0.000023,0.231282,-0.479680,0.000016,-0.389179,0.094745,-0.000023,-0.007659,-0.087796,0.000028
artstein,15.750000,-1.840437,-0.782809,-3.229952,-0.692451,-0.000022,0.236511,-0.477107,0.000015,-0.389515,0.090358,-0.000022,-0.006826,-0.087983,0.000027
artstein,15.800000,-1.831515,-0.803464,-3.221324,-0.717500,-0.000020,0.241711,-0.474472,0.000015,-0.389809,0.085964,-0.000020,-0.005992,-0.088157,0.000026
artstein,15.850000,-1.822360,-0.824017,-3.212422,-0.742457,-0.000019,0.246882,-0.471776,0.000014,-0.390062,0.081561,-0.000019,-0.005156,-0.088317,0.000025
artstein,15.900000,-1.812975,-0.844466,-3.203247,-0.767316,-0.000018,0.252022,-0.469019,0.000013,-0.390273,0.077150,-0.000018,-0.004318,-0.088464,0.000024
artstein,15.950000,-1.803360,-0.864808,-3.193802,-0.792075,-0.000017,0.257132,-0.466201,0.000012,-0.390442,0.072733,-0.000017,-0.003477,-0.088598,0.000023
artstein,16.000000,-1.793517,-0.885041,-3.184086,-0.816731,-0.000015,0.262210,-0.463323,0.000012,-0.390569,0.068310,-0.000015,-0.002635,-0.088719,0.000022
artstein,16.050000,-1.783447,-0.905162,-3.174101,-0.841280,-0.000014,0.267256,-0.460385,0.000011,-0.390654,0.063882,-0.000014,-0.001792,-0.088827,0.000021
artstein,16.100000,-1.773151,-0.925168,-3.163848,-0.865719,-0.000013,0.272270,-0.457388,0.000011,-0.390697,0.059448,-0.000013,-0.000947,-0.088921,0.000020
artstein,16.150000,-1.762631,-0.945057,-3.153329,-0.890046,-0.000012,0.277250,-0.454332,0.000010,-0.390698,0.055011,-0.000012,-0.000100,-0.089003,0.000020
artstein,16.200000,-1.751888,-0.964826,-3.142544,-0.914256,-0.000011,0.282196,-0.451217,0.000009,-0.390656,0.050570,-0.000011,0.000748,-0.089071,0.000019
artstein,16.250000,-1.740923,-0.984473,-3.131495,-0.938347,-0.000010,0.287107,-0.448045,0.000009,-0.390572,0.046127,-0.000010,0.001597,-0.089127,0.000018
artstein,16.300000,-1.729738,-1.003996,-3.120184,-0.962315,-0.000010,0.291983,-0.444814,0.000008,-0.390446,0.041681,-0.000010,0.002447,-0.089169,0.000017
artstein,16.350000,-1.718333,-1.023391,-3.108611,-0.986158,-0.000009,0.296823,-0.441527,0.000008,-0.390278,0.037234,-0.000009,0.003297,-0.089199,0.000016
artstein,16.400000,-1.706712,-1.042658,-3.096779,-1.009872,-0.000008,0.301626,-0.438183,0.000007,-0.390067,0.032785,-0.000008,0.004149,-0.089216,0.000016
artstein,16.450000,-1.694874,-1.061792,-3.084688,-1.033455,-0.000007,0.306393,-0.434784,0.000007,-0.389813,0.028337,-0.000007,0.005001,-0.089220,0.000015
artstein,16.500000,-1.682822,-1.080791,-3.072340,-1.056902,-0.000006,0.311121,-0.431328,0.000006,-0.389518,0.023889,-0.000006,0.005854,-0.089212,0.000014
artstein,16.550000,-1.670557,-1.099654,-3.059736,-1.080212,-0.000006,0.315811,-0.427817,0.000006,-0.389179,0.019442,-0.000006,0.006707,-0.089191,0.000013
artstein,16.600000,-1.658080,-1.118378,-3.046879,-1.103382,-0.000005,0.320462,-0.424252,0.000005,-0.388798,0.014997,-0.000005,0.007560,-0.089158,0.000013
artstein,16.650000,-1.645394,-1.136960,-3.033769,-1.126407,-0.000004,0.325073,-0.420633,0.000005,-0.388375,0.010554,-0.000004,0.008414,-0.089112,0.000012
artstein,16.700000,-1.632499,-1.155399,-3.020408,-1.149285,-0.000004,0.329644,-0.416960,0.000005,-0.387909,0.006113,-0.000004,0.009267,-0.089054,0.000012
artstein,16.750000,-1.619398,-1.173691,-3.006798,-1.172014,-0.000003,0.334174,-0.413234,0.000004,-0.387401,0.001677,-0.000003,0.010121,-0.088983,0.000011
artstein,16.800000,-1.606092,-1.191834,-2.992941,-1.194590,-0.000003,0.338663,-0.409455,0.000004,-0.386850,-0.002756,-0.000003,0.010974,-0.088900,0.000010
artstein,16.850000,-1.592582,-1.209827,-2.978838,-1.217011,-0.000002,0.343109,-0.405625,0.000004,-0.386256,-0.007184,-0.000002,0.011827,-0.088805,0.000010
artstein,16.900000,-1.578871,-1.227667,-2.964491,-1.239273,-0.000002,0.347514,-0.401743,0.000003,-0.385620,-0.011606,-0.000002,0.012679,-0.088698,0.000009
artstein,16.950000,-1.564960,-1.245351,-2.949902,-1.261374,-0.000001,0.351875,-0.397810,0.000003,-0.384942,-0.016023,-0.000001,0.013531,-0.088579,0.000009
artstein,17.000000,-1.550851,-1.262878,-2.935073,-1.283311,-0.000001,0.356192,-0.393826,0.000003,-0.384221,-0.020433,-0.000001,0.014382,-0.088448,0.000008
artstein,17.050000,-1.536546,-1.280244,-2.920004,-1.305080,-0.000001,0.360465,-0.389793,0.000002,-0.383458,-0.024836,-0.000001,0.015232,-0.088305,0.000008
artstein,17.100000,-1.522046,-1.297449,-2.904699,-1.326680,-0.000000,0.364693,-0.385710,0.000002,-0.382653,-0.029231,-0.000000,0.016081,-0.088150,0.000007
artstein,17.150000,-1.507354,-1.314490,-2.889159,-1.348108,0.000000,0.368877,-0.381579,0.000002,-0.381805,-0.033618,0.000000,0.016929,-0.087984,0.000007
artstein,17.200000,-1.492471,-1.331364,-2.873386,-1.369360,0.000000,0.373014,-0.377400,0.000002,-0.380915,-0.037996,0.000000,0.017776,-0.087805,0.000006
artstein,17.250000,-1.477399,-1.348070,-2.857382,-1.390434,0.000001,0.377104,-0.373173,0.000001,-0.379983,-0.042365,0.000001,0.018622,-0.087616,0.000006
artstein,17.300000,-1.462140,-1.364605,-2.841149,-1.411328,0.000001,0.381148,-0.368899,0.000001,-0.379009,-0.046723,0.000001,0.019466,-0.087415,0.000005
artstein,17.350000,-1.446696,-1.380967,-2.824689,-1.432038,0.000001,0.385145,-0.364579,0.000001,-0.377993,-0.051071,0.000001,0.020309,-0.087202,0.000005
artstein,17.400000,-1.431069,-1.397155,-2.808004,-1.452563,0.000002,0.389093,-0.360213,0.000001,-0.376935,-0.055408,0.000002,0.021150,-0.086978,0.000005
artstein,17.450000,-1.415261,-1.413166,-2.791096,-1.472899,0.000002,0.392993,-0.355802,0.000001,-0.375836,-0.059733,0.000002,0.021989,-0.086743,0.000004
artstein,17.500000,-1.399274,-1.428997,-2.773968,-1.493043,0.000002,0.396844,-0.351346,0.000000,-0.374694,-0.064046,0.000002,0.022826,-0.086496,0.000004
artstein,17.550000,-1.383109,-1.444648,-2.756620,-1.512994,0.000002,0.400646,-0.346846,0.000000,-0.373511,-0.068346,0.000002,0.023661,-0.086239,0.000004
artstein,17.600000,-1.366770,-1.460117,-2.739056,-1.532749,0.000002,0.404398,-0.342303,0.000000,-0.372287,-0.072632,0.000002,0.024494,-0.085971,0.000003
artstein,17.650000,-1.350257,-1.475400,-2.721278,-1.552305,0.000003,0.408100,-0.337717,0.000000,-0.371021,-0.076905,0.000003,0.025325,-0.085691,0.000003
artstein,17.700000,-1.333574,-1.490497,-2.703287,-1.571660,0.000003,0.411750,-0.333089,-0.000000,-0.369713,-0.081163,0.000003,0.026154,-0.085401,0.000003
artstein,17.750000,-1.316722,-1.505405,-2.685087,-1.590811,0.000003,0.415350,-0.328419,-0.000000,-0.368365,-0.085406,0.000003,0.026980,-0.085100,0.000003
artstein,17.800000,-1.299703,-1.520122,-2.666679,-1.609756,0.000003,0.418897,-0.323709,-0.000000,-0.366976,-0.089634,0.000003,0.027804,-0.084789,0.000002
artstein,17.850000,-1.282520,-1.534648,-2.648065,-1.628493,0.000003,0.422392,-0.318958,-0.000000,-0.365545,-0.093845,0.000003,0.028624,-0.084466,0.000002
artstein,17.900000,-1.265174,-1.548979,-2.629248,-1.647019,0.000003,0.425835,-0.314167,-0.000001,-0.364074,-0.098040,0.000003,0.029443,-0.084134,0.000002
artstein,17.950000,-1.247668,-1.563113,-2.610231,-1.665332,0.000003,0.429225,-0.309338,-0.000001,-0.362563,-0.102218,0.000003,0.030258,-0.083791,0.000002
artstein,18.000000,-1.230005,-1.577051,-2.591015,-1.683429,0.000003,0.432561,-0.304470,-0.000001,-0.361011,-0.106378,0.000003,0.031070,-0.083438,0.000001
artstein,18.050000,-1.212185,-1.590788,-2.571604,-1.701308,0.000003,0.435843,-0.299564,-0.000001,-0.359418,-0.110520,0.000003,0.031879,-0.083074,0.000001
artstein,18.100000,-1.194213,-1.604324,-2.551998,-1.718968,0.000003,0.439071,-0.294621,-0.000001,-0.357786,-0.114644,0.000003,0.032685,-0.082700,0.000001
artstein,18.150000,-1.176089,-1.617657,-2.532202,-1.736405,0.000003,0.442244,-0.289642,-0.000001,-0.356113,-0.118748,0.000003,0.033488,-0.082317,0.000001
artstein,18.200000,-1.157816,-1.630786,-2.512217,-1.753618,0.000003,0.445362,-0.284627,-0.000001,-0.354401,-0.122833,0.000003,0.034287,-0.081923,0.000001
artstein,18.250000,-1.139397,-1.643708,-2.492046,-1.770605,0.000003,0.448425,-0.279577,-0.000001,-0.352649,-0.126897,0.000003,0.035083,-0.081519,0.000000
artstein,18.300000,-1.120834,-1.656421,-2.471691,-1.787363,0.000004,0.451431,-0.274493,-0.000001,-0.350857,-0.130941,0.000004,0.035875,-0.081106,0.000000
artstein,18.350000,-1.102128,-1.668926,-2.451155,-1.803890,0.000004,0.454382,-0.269374,-0.000001,-0.349026,-0.134964,0.000004,0.036663,-0.080683,0.000000
artstein,18.400000,-1.083284,-1.681219,-2.430440,-1.820184,0.000004,0.457275,-0.264223,-0.000001,-0.347157,-0.138965,0.000004,0.037447,-0.080250,0.000000
artstein,18.450000,-1.064302,-1.693299,-2.409550,-1.836243,0.000004,0.460112,-0.259039,-0.000001,-0.345248,-0.142944,0.000004,0.038228,-0.079808,-0.000000
artstein,18.500000,-1.045185,-1.705165,-2.388486,-1.852066,0.000004,0.462891,-0.253823,-0.000001,-0.343301,-0.146901,0.000004,0.039005,-0.079356,-0.000000
artstein,18.550000,-1.025936,-1.716815,-2.367251,-1.867649,0.000003,0.465613,-0.248577,-0.000001,-0.341315,-0.150834,0.000003,0.039777,-0.078895,-0.000000
artstein,18.600000,-1.006558,-1.728248,-2.345848,-1.882992,0.000003,0.468276,-0.243299,-0.000001,-0.339291,-0.154744,0.000003,0.040546,-0.078425,-0.000000
artstein,18.650000,-0.987052,-1.739462,-2.324280,-1.898093,0.000003,0.470881,-0.237992,-0.000001,-0.337229,-0.158630,0.000003,0.041310,-0.077946,-0.000000
artstein,18.700000,-0.967421,-1.750456,-2.302549,-1.912949,0.000003,0.473428,-0.232656,-0.000001,-0.335129,-0.162492,0.000003,0.042069,-0.077457,-0.000001
artstein,18.750000,-0.947667,-1.761229,-2.280658,-1.927558,0.000003,0.475915,-0.227292,-0.000001,-0.332991,-0.166329,0.000003,0.042824,-0.076959,-0.000001
artstein,18.800000,-0.927794,-1.771778,-2.258610,-1.941919,0.000003,0.478343,-0.221900,-0.000001,-0.330816,-0.170141,0.000003,0.043575,-0.076453,-0.000001
artstein,18.850000,-0.907803,-1.782104,-2.236407,-1.956031,0.000003,0.480711,-0.216481,-0.000001,-0.328604,-0.173927,0.000003,0.044321,-0.075938,-0.000001
artstein,18.900000,-0.887697,-1.792204,-2.214052,-1.969890,0.000003,0.483020,-0.211035,-0.000001,-0.326355,-0.177687,0.000003,0.045062,-0.075414,-0.000001
artstein,18.950000,-0.867479,-1.802077,-2.191548,-1.983496,0.000003,0.485268,-0.205564,-0.000001,-0.324069,-0.181420,0.000003,0.045798,-0.074881,-0.000001
artstein,19.000000,-0.847151,-1.811721,-2.168898,-1.996848,0.000003,0.487456,-0.200069,-0.000001,-0.321747,-0.185126,0.000003,0.046530,-0.074340,-0.000001
artstein,19.050000,-0.826716,-1.821137,-2.146105,-2.009942,0.000003,0.489582,-0.194548,-0.000001,-0.319389,-0.188805,0.000003,0.047256,-0.073790,-0.000001
artstein,19.100000,-0.806177,-1.830322,-2.123171,-2.022778,0.000003,0.491648,-0.189005,-0.000001,-0.316994,-0.192456,0.000003,0.047977,-0.073232,-0.000001
artstein,19.150000,-0.785535,-1.839276,-2.100099,-2.035354,0.000003,0.493653,-0.183438,-0.000001,-0.314564,-0.196079,0.000003,0.048693,-0.072666,-0.000001
artstein,19.200000,-0.764794,-1.847996,-2.076893,-2.047669,0.000003,0.495596,-0.177850,-0.000001,-0.312099,-0.199673,0.000003,0.049404,-0.072091,-0.000001
artstein,19.250000,-0.743956,-1.856483,-2.053555,-2.059721,0.000003,0.497477,-0.172240,-0.000001,-0.309599,-0.203238,0.000003,0.050109,-0.071508,-0.000001
artstein,19.300000,-0.723024,-1.864735,-2.030087,-2.071508,0.000003,0.499296,-0.166610,-0.000001,-0.307063,-0.206773,0.000003,0.050809,-0.070918,-0.000001
artstein,19.350000,-0.702000,-1.872751,-2.006494,-2.083029,0.000003,0.501053,-0.160959,-0.000001,-0.304494,-0.210279,0.000003,0.051503,-0.070319,-0.000001
artstein,19.400000,-0.680888,-1.880530,-1.982777,-2.094284,0.000003,0.502747,-0.155289,-0.000001,-0.301889,-0.213754,0.000003,0.052192,-0.069712,-0.000001
artstein,19.450000,-0.659689,-1.888070,-1.958941,-2.105269,0.000003,0.504379,-0.149601,-0.000001,-0.299251,-0.217199,0.000003,0.052875,-0.069098,-0.000001
artstein,19.500000,-0.638407,-1.895372,-1.934987,-2.115985,0.000003,0.505947,-0.143895,-0.000001,-0.296579,-0.220612,0.000003,0.053552,-0.068476,-0.000001
artstein,19.550000,-0.617044,-1.902434,-1.910918,-2.126429,0.000003,0.507453,-0.138172,-0.000001,-0.293874,-0.223994,0.000003,0.054224,-0.067846,-0.000001
artstein,19.600000,-0.595603,-1.909256,-1.886739,-2.136600,0.000002,0.508895,-0.132433,-0.000001,-0.291136,-0.227345,0.000002,0.054889,-0.067209,-0.000001
artstein,19.650000,-0.574087,-1.915835,-1.862451,-2.146498,0.000002,0.510274,-0.126677,-0.000001,-0.288364,-0.230663,0.000002,0.055548,-0.066565,-0.000001
artstein,19.700000,-0.552498,-1.922172,-1.838058,-2.156121,0.000002,0.511590,-0.120907,-0.000001,-0.285561,-0.233949,0.000002,0.056201,-0.065913,-0.000001
artstein,19.750000,-0.530839,-1.928266,-1.813564,-2.165468,0.000002,0.512841,-0.115123,-0.000001,-0.282725,-0.237202,0.000002,0.056848,-0.065254,-0.000001
artstein,19.800000,-0.509113,-1.934116,-1.788970,-2.174537,0.000002,0.514028,-0.109325,-0.000001,-0.279857,-0.240421,0.000002,0.057489,-0.064587,-0.000001
artstein,19.850000,-0.487322,-1.939721,-1.764279,-2.183328,0.000002,0.515152,-0.103515,-0.000001,-0.276957,-0.243607,0.000002,0.058123,-0.063914,-0.000001
artstein,19.900000,-0.465470,-1.945080,-1.739497,-2.191840,0.000002,0.516211,-0.097692,-0.000001,-0.274026,-0.246759,0.000002,0.058751,-0.063233,-0.000001
artstein,19.950000,-0.443559,-1.950194,-1.714624,-2.200071,0.000002,0.517206,-0.091859,-0.000001,-0.271065,-0.249877,0.000002,0.059373,-0.062546,-0.000001
artstein,20.000000,-0.421592,-1.955060,-1.689664,-2.208021,0.000002,0.518136,-0.086014,-0.000001,-0.268072,-0.252960,0.000002,0.059987,-0.061852,-0.000001
artstein,20.050000,-0.399571,-1.959679,-1.664621,-2.215688,0.000002,0.519001,-0.080160,-0.000001,-0.265050,-0.256008,0.000002,0.060596,-0.061151,-0.000001
artstein,20.100000,-0.377500,-1.964050,-1.639497,-2.223072,0.000002,0.519802,-0.074297,-0.000001,-0.261997,-0.259021,0.000002,0.061197,-0.060444,-0.000001
artstein,20.150000,-0.355381,-1.968173,-1.614296,-2.230171,0.000002,0.520538,-0.068426,-0.000001,-0.258915,-0.261999,0.000002,0.061792,-0.059730,-0.000001
artstein,20.200000,-0.333217,-1.972046,-1.589021,-2.236986,0.000002,0.521209,-0.062546,-0.000001,-0.255804,-0.264940,0.000002,0.062379,-0.059009,-0.000001
artstein,20.250000,-0.311011,-1.975670,-1.563674,-2.243515,0.000002,0.521815,-0.056660,-0.000001,-0.252664,-0.267845,0.000002,0.062960,-0.058282,-0.000001
artstein,20.300000,-0.288765,-1.979044,-1.538260,-2.249757,0.000002,0.522356,-0.050768,-0.000001,-0.249495,-0.270713,0.000002,0.063534,-0.057549,-0.000001
artstein,20.350000,-0.266483,-1.982167,-1.512781,-2.255712,0.000002,0.522832,-0.044870,-0.000001,-0.246298,-0.273545,0.000002,0.064100,-0.056810,-0.000001
artstein,20.400000,-0.244167,-1.985040,-1.487240,-2.261379,0.000002,0.523242,-0.038968,-0.000001,-0.243073,-0.276339,0.000002,0.064660,-0.056064,-0.000001
artstein,20.450000,-0.221821,-1.987661,-1.461641,-2.266757,0.000001,0.523588,-0.033062,-0.000001,-0.239821,-0.279096,0.000001,0.065212,-0.055313,-0.000001
artstein,20.500000,-0.199446,-1.990030,-1.435987,-2.271846,0.000001,0.523868,-0.027152,-0.000001,-0.236541,-0.281815,0.000001,0.065757,-0.054555,-0.000001
artstein,20.550000,-0.177046,-1.992148,-1.410281,-2.276645,0.000001,0.524082,-0.021240,-0.000001,-0.233235,-0.284497,0.000001,0.066294,-0.053792,-0.000001
artstein,20.600000,-0.154624,-1.994014,-1.384526,-2.281153,0.000001,0.524231,-0.015327,-0.000001,-0.229902,-0.287139,0.000001,0.066824,-0.053023,-0.000001
artstein,20.650000,-0.132182,-1.995627,-1.358725,-2.285371,0.000001,0.524315,-0.009412,-0.000001,-0.226544,-0.289743,0.000001,0.067346,-0.052248,-0.000001
artstein,20.700000,-0.109723,-1.996988,-1.332882,-2.289296,0.000001,0.524333,-0.003497,-0.000001,-0.223159,-0.292308,0.000001,0.067861,-0.051468,-0.000001
artstein,20.750000,-0.087250,-1.998096,-1.307000,-2.292930,0.000001,0.524286,0.002418,-0.000001,-0.219750,-0.294834,0.000001,0.068368,-0.050682,-0.000001
artstein,20.800000,-0.064767,-1.998951,-1.281082,-2.296272,0.000001,0.524173,0.008331,-0.000001,-0.216316,-0.297321,0.000001,0.068868,-0.049891,-0.000001
artstein,20.850000,-0.042275,-1.999553,-1.255131,-2.299321,0.000001,0.523995,0.014243,-0.000001,-0.212857,-0.299768,0.000001,0.069360,-0.049095,-0.000001
artstein,20.900000,-0.019778,-1.999902,-1.229151,-2.302077,0.000001,0.523751,0.020151,-0.000001,-0.209374,-0.302174,0.000001,0.069843,-0.048293,-0.000001
artstein,20.950000,0.002722,-1.999998,-1.203145,-2.304539,0.000001,0.523442,0.026057,-0.000001,-0.205867,-0.304541,0.000001,0.070319,-0.047486,-0.000001
artstein,21.000000,0.025221,-1.999841,-1.177116,-2.306708,0.000001,0.523068,0.031958,-0.000001,-0.202337,-0.306867,0.000001,0.070787,-0.046674,-0.000001
artstein,21.050000,0.047718,-1.999431,-1.151067,-2.308583,0.000001,0.522628,0.037854,-0.000001,-0.198785,-0.309152,0.000001,0.071247,-0.045858,-0.000001
artstein,21.100000,0.070208,-1.998767,-1.125002,-2.310164,0.000001,0.522123,0.043745,-0.000001,-0.195209,-0.311397,0.000001,0.071699,-0.045036,-0.000001
artstein,21.150000,0.092689,-1.997851,-1.098923,-2.311451,0.000001,0.521553,0.049629,-0.000001,-0.191612,-0.313600,0.000001,0.072143,-0.044210,-0.000001
artstein,21.200000,0.115158,-1.996682,-1.072835,-2.312443,0.000001,0.520917,0.055507,-0.000000,-0.187993,-0.315761,0.000001,0.072578,-0.043379,-0.000001
artstein,21.250000,0.137613,-1.995260,-1.046740,-2.313141,0.000001,0.520217,0.061376,-0.000000,-0.184353,-0.317881,0.000001,0.073005,-0.042543,-0.000001
artstein,21.300000,0.160051,-1.993586,-1.020641,-2.313545,0.000001,0.519451,0.067238,-0.000000,-0.180692,-0.319959,0.000001,0.073424,-0.041703,-0.000001
artstein,21.350000,0.182468,-1.991659,-0.994542,-2.313654,0.000001,0.518621,0.073089,-0.000000,-0.177010,-0.321995,0.000001,0.073834,-0.040859,-0.000001
artstein,21.400000,0.204862,-1.989480,-0.968447,-2.313469,0.000001,0.517725,0.078931,-0.000000,-0.173309,-0.323989,0.000001,0.074236,-0.040010,-0.000001
artstein,21.450000,0.227230,-1.987050,-0.942357,-2.312990,0.000001,0.516765,0.084762,-0.000000,-0.169588,-0.325940,0.000001,0.074630,-0.039157,-0.000001
artstein,21.500000,0.249570,-1.984368,-0.916278,-2.312216,0.000001,0.515741,0.090582,-0.000000,-0.165847,-0.327849,0.000001,0.075015,-0.038300,-0.000001
artstein,21.550000,0.271878,-1.981434,-0.890211,-2.311149,0.000001,0.514652,0.096390,-0.000000,-0.162088,-0.329714,0.000001,0.075391,-0.037439,-0.000001
artstein,21.600000,0.294151,-1.978251,-0.864160,-2.309787,0.000001,0.513498,0.102184,-0.000000,-0.158311,-0.331536,0.000001,0.075758,-0.036574,-0.000001
artstein,21.650000,0.316387,-1.974816,-0.838129,-2.308132,0.000000,0.512281,0.107966,-0.000000,-0.154516,-0.333315,0.000000,0.076117,-0.035705,-0.000001
artstein,21.700000,0.338584,-1.971132,-0.812120,-2.306183,0.000000,0.510999,0.113732,-0.000000,-0.150704,-0.335051,0.000000,0.076467,-0.034833,-0.000001
artstein,21.750000,0.360737,-1.967198,-0.786137,-2.303941,0.000000,0.509653,0.119484,-0.000000,-0.146874,-0.336743,0.000000,0.076809,-0.033957,-0.000001
artstein,21.800000,0.382845,-1.963016,-0.760184,-2.301406,0.000000,0.508244,0.125220,-0.000000,-0.143028,-0.338391,0.000000,0.077141,-0.033077,-0.000001
artstein,21.850000,0.404904,-1.958584,-0.734262,-2.298579,0.000000,0.506771,0.130940,-0.000000,-0.139166,-0.339995,0.000000,0.077464,-0.032194,-0.000000
artstein,21.900000,0.426912,-1.953905,-0.708377,-2.295460,0.000000,0.505235,0.136642,-0.000000,-0.135288,-0.341554,0.000000,0.077779,-0.031308,-0.000000
artstein,21.950000,0.448866,-1.948979,-0.682530,-2.292049,0.000000,0.503635,0.142327,-0.000000,-0.131396,-0.343070,0.000000,0.078084,-0.030419,-0.000000
artstein,22.000000,0.470763,-1.943806,-0.656725,-2.288347,0.000000,0.501973,0.147993,-0.000000,-0.127488,-0.344541,0.000000,0.078380,-0.029526,-0.000000
artstein,22.050000,0.492600,-1.938387,-0.630966,-2.284354,0.000000,0.500247,0.153640,-0.000000,-0.123566,-0.345967,0.000000,0.078668,-0.028630,-0.000000
artstein,22.100000,0.514376,-1.932723,-0.605255,-2.280071,0.000000,0.498459,0.159267,-0.000000,-0.119630,-0.347348,0.000000,0.078946,-0.027732,-0.000000
artstein,22.150000,0.536086,-1.926814,-0.579595,-2.275499,0.000000,0.496609,0.164873,-0.000000,-0.115681,-0.348685,0.000000,0.079215,-0.026830,-0.000000
artstein,22.200000,0.557728,-1.920661,-0.553991,-2.270637,0.000000,0.494696,0.170458,-0.000000,-0.111719,-0.349976,0.000000,0.079474,-0.025926,-0.000000
artstein,22.250000,0.579300,-1.914265,-0.528445,-2.265488,0.000000,0.492721,0.176020,-0.000000,-0.107745,-0.351222,0.000000,0.079725,-0.025019,-0.000000
artstein,22.300000,0.600798,-1.907627,-0.502960,-2.260050,0.000000,0.490685,0.181560,-0.000000,-0.103758,-0.352423,0.000000,0.079966,-0.024110,-0.000000
artstein,22.350000,0.622220,-1.900748,-0.477540,-2.254326,0.000000,0.488587,0.187077,-0.000000,-0.099760,-0.353578,0.000000,0.080197,-0.023198,-0.000000
artstein,22.400000,0.643564,-1.893628,-0.452187,-2.248316,0.000000,0.486428,0.192569,-0.000000,-0.095751,-0.354688,0.000000,0.080419,-0.022284,-0.000000
artstein,22.450000,0.664826,-1.886268,-0.426906,-2.242020,0.000000,0.484208,0.198037,-0.000000,-0.091732,-0.355752,0.000000,0.080632,-0.021368,-0.000000
artstein,22.500000,0.686004,-1.878669,-0.401698,-2.235440,0.000000,0.481927,0.203479,-0.000000,-0.087702,-0.356771,0.000000,0.080835,-0.020450,-0.000000
artstein,22.550000,0.707095,-1.870833,-0.376567,-2.228576,0.000000,0.479586,0.208895,-0.000000,-0.083663,-0.357743,0.000000,0.081029,-0.019529,-0.000000
artstein,22.600000,0.728097,-1.862760,-0.351517,-2.221429,0.000000,0.477185,0.214284,-0.000000,-0.079614,-0.358670,0.000000,0.081213,-0.018607,-0.000000
artstein,22.650000,0.749007,-1.854451,-0.326551,-2.214001,0.000000,0.474724,0.219645,-0.000000,-0.075557,-0.359550,0.000000,0.081388,-0.017683,-0.000000
artstein,22.700000,0.769821,-1.845908,-0.301671,-2.206292,0.000000,0.472204,0.224978,-0.000000,-0.071492,-0.360384,0.000000,0.081553,-0.016757,-0.000000
artstein,22.750000,0.790539,-1.837131,-0.276880,-2.198303,0.000000,0.469624,0.230283,-0.000000,-0.067419,-0.361172,0.000000,0.081708,-0.015830,-0.000000
artstein,22.800000,0.811156,-1.828121,-0.252183,-2.190035,0.000000,0.466986,0.235558,-0.000000,-0.063339,-0.361914,0.000000,0.081854,-0.014901,-0.000000
artstein,22.850000,0.831670,-1.818880,-0.227581,-2.181489,0.000000,0.464288,0.240803,-0.000000,-0.059252,-0.362609,0.000000,0.081990,-0.013971,-0.000000
artstein,22.900000,0.852080,-1.809409,-0.203079,-2.172667,0.000000,0.461533,0.246017,-0.000000,-0.055159,-0.363258,0.000000,0.082116,-0.013039,-0.000000
artstein,22.950000,0.872381,-1.799709,-0.178678,-2.163569,0.000000,0.458720,0.251199,-0.000000,-0.051059,-0.363860,0.000000,0.082233,-0.012106,-0.000000
artstein,23.000000,0.892572,-1.789781,-0.154383,-2.154197,0.000000,0.455849,0.256349,-0.000000,-0.046955,-0.364416,0.000000,0.082340,-0.011172,-0.000000
artstein,23.050000,0.912651,-1.779626,-0.130196,-2.144552,0.000000,0.452921,0.261467,-0.000000,-0.042846,-0.364925,0.000000,0.082437,-0.010238,-0.000000
artstein,23.100000,0.932613,-1.769246,-0.106119,-2.134634,0.000000,0.449936,0.266551,-0.000000,-0.038733,-0.365388,0.000000,0.082524,-0.009302,-0.000000
artstein,23.150000,0.952458,-1.758643,-0.082158,-2.124447,0.000000,0.446895,0.271601,-0.000000,-0.034615,-0.365804,0.000000,0.082601,-0.008366,-0.000000
artstein,23.200000,0.972182,-1.747817,-0.058313,-2.113990,-0.000000,0.443797,0.276617,-0.000000,-0.030495,-0.366173,-0.000000,0.082668,-0.007429,-0.000000
artstein,23.250000,0.991783,-1.736769,-0.034589,-2.103265,-0.000000,0.440644,0.281597,-0.000000,-0.026371,-0.366496,-0.000000,0.082726,-0.006491,-0.000000
artstein,23.300000,1.011258,-1.725502,-0.010987,-2.092273,-0.000000,0.437435,0.286542,-0.000000,-0.022246,-0.366771,-0.000000,0.082774,-0.005553,-0.000000
artstein,23.350000,1.030606,-1.714016,0.012488,-2.081016,-0.000000,0.434172,0.291449,-0.000000,-0.018118,-0.367000,-0.000000,0.082811,-0.004615,-0.000000
artstein,23.400000,1.049823,-1.702314,0.035834,-2.069496,-0.000000,0.430854,0.296320,-0.000000,-0.013989,-0.367182,-0.000000,0.082839,-0.003677,-0.000000
artstein,23.450000,1.068907,-1.690396,0.059048,-2.057714,-0.000000,0.427482,0.301153,-0.000000,-0.009859,-0.367318,-0.000000,0.082857,-0.002738,-0.000000
artstein,23.500000,1.087856,-1.678264,0.082127,-2.045670,-0.000000,0.424056,0.305947,-0.000000,-0.005729,-0.367406,-0.000000,0.082865,-0.001800,-0.000000
artstein,23.550000,1.106667,-1.665920,0.105068,-2.033368,-0.000000,0.420577,0.310703,-0.000000,-0.001599,-0.367448,-0.000000,0.082862,-0.000861,-0.000000
artstein,23.600000,1.125338,-1.653364,0.127869,-2.020808,-0.000000,0.417045,0.315419,-0.000000,0.002531,-0.367443,-0.000000,0.082850,0.000077,-0.000000
artstein,23.650000,1.143867,-1.640600,0.150526,-2.007991,-0.000000,0.413461,0.320095,-0.000000,0.006659,-0.367391,-0.000000,0.082828,0.001015,-0.000000
artstein,23.700000,1.162251,-1.627628,0.173037,-1.994921,-0.000000,0.409825,0.324730,0.000000,0.010786,-0.367293,-0.000000,0.082796,0.001952,-0.000000
artstein,23.750000,1.180488,-1.614450,0.195398,-1.981598,-0.000000,0.406137,0.329324,0.000000,0.014910,-0.367148,-0.000000,0.082754,0.002889,-0.000000
artstein,23.800000,1.198575,-1.601067,0.217607,-1.968024,-0.000000,0.402398,0.333876,0.000000,0.019032,-0.366956,-0.000000,0.082702,0.003825,-0.000000
artstein,23.850000,1.216511,-1.587482,0.239662,-1.954200,-0.000000,0.398608,0.338385,0.000000,0.023151,-0.366718,-0.000000,0.082640,0.004761,-0.000000
artstein,23.900000,1.234293,-1.573697,0.261559,-1.940129,-0.000000,0.394769,0.342852,0.000000,0.027266,-0.366433,-0.000000,0.082568,0.005695,-0.000000
artstein,23.950000,1.251919,-1.559711,0.283296,-1.925813,-0.000000,0.390880,0.347275,0.000000,0.031377,-0.366101,-0.000000,0.082486,0.006629,-0.000000
artstein,24.000000,1.269386,-1.545529,0.304869,-1.911252,-0.000000,0.386941,0.351653,0.000000,0.035484,-0.365723,-0.000000,0.082393,0.007561,-0.000000
artstein,24.050000,1.286692,-1.531151,0.326277,-1.896450,-0.000000,0.382954,0.355987,0.000000,0.039585,-0.365299,-0.000000,0.082291,0.008492,-0.000000
artstein,24.100000,1.303836,-1.516579,0.347517,-1.881407,-0.000000,0.378919,0.360276,0.000000,0.043681,-0.364828,-0.000000,0.082179,0.009422,-0.000000
artstein,24.150000,1.320815,-1.501815,0.368585,-1.866126,-0.000000,0.374836,0.364519,0.000000,0.047770,-0.364311,-0.000000,0.082057,0.010351,-0.000000
artstein,24.200000,1.337626,-1.486861,0.389479,-1.850609,-0.000000,0.370706,0.368716,0.000000,0.051853,-0.363748,-0.000000,0.081925,0.011278,-0.000000
artstein,24.250000,1.354268,-1.471719,0.410197,-1.834858,-0.000000,0.366530,0.372866,0.000000,0.055929,-0.363138,-0.000000,0.081783,0.012203,-0.000000
artstein,24.300000,1.370739,-1.456391,0.430736,-1.818874,-0.000000,0.362307,0.376969,0.000000,0.059997,-0.362483,-0.000000,0.081630,0.013126,-0.000000
artstein,24.350000,1.387036,-1.440878,0.451094,-1.802660,-0.000000,0.358038,0.381024,0.000000,0.064058,-0.361782,-0.000000,0.081468,0.014048,-0.000000
artstein,24.400000,1.403158,-1.425183,0.471267,-1.786218,-0.000000,0.353725,0.385030,0.000000,0.068109,-0.361035,-0.000000,0.081296,0.014967,-0.000000
artstein,24.450000,1.419102,-1.409308,0.491254,-1.769550,-0.000000,0.349367,0.388988,0.000000,0.072152,-0.360242,-0.000000,0.081114,0.015885,0.000000
artstein,24.500000,1.434867,-1.393254,0.511052,-1.752657,-0.000000,0.344965,0.392896,0.000000,0.076185,-0.359403,-0.000000,0.080922,0.016800,0.000000
artstein,24.550000,1.450450,-1.377024,0.530657,-1.735543,-0.000000,0.340520,0.396754,0.000000,0.080207,-0.358519,-0.000000,0.080721,0.017713,0.000000
artstein,24.600000,1.465849,-1.360620,0.550069,-1.718210,-0.000000,0.336031,0.400562,0.000000,0.084220,-0.357590,-0.000000,0.080509,0.018624,0.000000
artstein,24.650000,1.481063,-1.344043,0.569284,-1.700658,-0.000000,0.331501,0.404320,0.000000,0.088221,-0.356615,-0.000000,0.080287,0.019532,0.000000
artstein,24.700000,1.496090,-1.327296,0.588300,-1.682892,-0.000000,0.326929,0.408026,0.000000,0.092211,-0.355596,-0.000000,0.080056,0.020437,0.000000
artstein,24.750000,1.510927,-1.310382,0.607115,-1.664913,-0.000000,0.322315,0.411680,0.000000,0.096188,-0.354531,-0.000000,0.079814,0.021339,0.000000
artstein,24.800000,1.525573,-1.293301,0.625726,-1.646723,-0.000000,0.317661,0.415282,0.000000,0.100153,-0.353421,-0.000000,0.079563,0.022239,0.000000
artstein,24.850000,1.540025,-1.276057,0.644131,-1.628324,-0.000000,0.312967,0.418831,0.000000,0.104105,-0.352267,-0.000000,0.079302,0.023136,0.000000
artstein,24.900000,1.554283,-1.258652,0.662327,-1.609720,-0.000000,0.308233,0.422327,0.000000,0.108044,-0.351068,-0.000000,0.079032,0.024030,0.000000
artstein,24.950000,1.568344,-1.241087,0.680313,-1.590912,-0.000000,0.303461,0.425770,0.000000,0.111968,-0.349825,-0.000000,0.078751,0.024920,0.000000
artstein,25.000000,1.582207,-1.223364,0.698085,-1.571902,-0.000000,0.298650,0.429159,0.000000,0.115878,-0.348538,-0.000000,0.078461,0.025807,0.000000
artstein,25.050000,1.595870,-1.205488,0.715643,-1.552694,-0.000000,0.293802,0.432493,0.000000,0.119773,-0.347206,-0.000000,0.078161,0.026691,0.000000
artstein,25.100000,1.609330,-1.187458,0.732983,-1.533289,-0.000000,0.288917,0.435773,0.000000,0.123653,-0.345831,-0.000000,0.077852,0.027571,0.000000
artstein,25.150000,1.622587,-1.169278,0.750103,-1.513691,-0.000000,0.283995,0.438997,0.000000,0.127517,-0.344412,-0.000000,0.077533,0.028448,0.000000
artstein,25.200000,1.635638,-1.150951,0.767002,-1.493900,-0.000000,0.279038,0.442165,0.000000,0.131364,-0.342950,-0.000000,0.077204,0.029321,0.000000
artstein,25.250000,1.648483,-1.132477,0.783677,-1.473921,-0.000000,0.274045,0.445278,0.000000,0.135194,-0.341444,-0.000000,0.076866,0.030190,0.000000
artstein,25.300000,1.661118,-1.113861,0.800126,-1.453756,-0.000000,0.269018,0.448334,0.000000,0.139007,-0.339895,-0.000000,0.076518,0.031055,0.000000
artstein,25.350000,1.673544,-1.095103,0.816347,-1.433406,-0.000000,0.263957,0.451333,0.000000,0.142803,-0.338303,-0.000000,0.076161,0.031916,0.000000
artstein,25.400000,1.685758,-1.076207,0.832337,-1.412875,-0.000000,0.258863,0.454276,0.000000,0.146580,-0.336669,-0.000000,0.075794,0.032773,0.000000
artstein,25.450000,1.697758,-1.057174,0.848096,-1.392166,-0.000000,0.253736,0.457160,0.000000,0.150338,-0.334992,-0.000000,0.075418,0.033626,0.000000
artstein,25.500000,1.709544,-1.038008,0.863621,-1.371280,-0.000000,0.248577,0.459987,0.000000,0.154077,-0.333272,-0.000000,0.075033,0.034474,0.000000
artstein,25.550000,1.721113,-1.018710,0.878909,-1.350221,-0.000000,0.243386,0.462755,0.000000,0.157796,-0.331511,-0.000000,0.074638,0.035318,0.000000
artstein,25.600000,1.732464,-0.999284,0.893960,-1.328991,-0.000000,0.238165,0.465465,0.000000,0.161495,-0.329708,-0.000000,0.074234,0.036157,0.000000
artstein,25.650000,1.743596,-0.979731,0.908770,-1.307594,-0.000000,0.232914,0.468115,0.000000,0.165174,-0.327863,-0.000000,0.073821,0.036992,0.000000
artstein,25.700000,1.754508,-0.960054,0.923339,-1.286031,-0.000000,0.227634,0.470707,0.000000,0.168831,-0.325977,-0.000000,0.073399,0.037821,0.000000
artstein,25.750000,1.765197,-0.940255,0.937664,-1.264305,-0.000000,0.222325,0.473239,0.000000,0.172467,-0.324050,-0.000000,0.072967,0.038646,0.000000
artstein,25.800000,1.775663,-0.920338,0.951744,-1.242419,-0.000000,0.216988,0.475711,0.000000,0.176081,-0.322082,-0.000000,0.072527,0.039466,0.000000
artstein,25.850000,1.785904,-0.900304,0.965577,-1.220376,-0.000000,0.211623,0.478122,0.000000,0.179673,-0.320073,-0.000000,0.072077,0.040281,0.000000
artstein,25.900000,1.795919,-0.880156,0.979161,-1.198179,-0.000000,0.206232,0.480473,0.000000,0.183242,-0.318024,-0.000000,0.071619,0.041091,0.000000
artstein,25.950000,1.805707,-0.859896,0.992494,-1.175831,-0.000000,0.200815,0.482763,0.000000,0.186787,-0.315935,-0.000000,0.071151,0.041895,0.000000
artstein,26.000000,1.815267,-0.839528,1.005575,-1.153334,-0.000000,0.195372,0.484992,0.000000,0.190309,-0.313806,-0.000000,0.070675,0.042695,0.000000
artstein,26.050000,1.824596,-0.819054,1.018402,-1.130691,-0.000000,0.189905,0.487160,0.000000,0.193806,-0.311637,-0.000000,0.070190,0.043488,0.000000
artstein,26.100000,1.833695,-0.798475,1.030974,-1.107905,-0.000000,0.184414,0.489266,0.000000,0.197279,-0.309430,-0.000000,0.069696,0.044276,0.000000
artstein,26.150000,1.842561,-0.777796,1.043288,-1.084979,-0.000000,0.178900,0.491310,0.000000,0.200727,-0.307183,-0.000000,0.069193,0.045058,0.000000
artstein,26.200000,1.851195,-0.757019,1.055344,-1.061916,-0.000000,0.173363,0.493291,0.000000,0.204149,-0.304897,-0.000000,0.068682,0.045835,0.000000
artstein,26.250000,1.859594,-0.736145,1.067139,-1.038719,-0.000000,0.167804,0.495211,0.000000,0.207545,-0.302574,-0.000000,0.068162,0.046606,0.000000
artstein,26.300000,1.867758,-0.715179,1.078673,-1.015390,-0.000000,0.162224,0.497067,0.000000,0.210915,-0.300212,-0.000000,0.067634,0.047370,0.000000
artstein,26.350000,1.875685,-0.694122,1.089944,-0.991934,-0.000000,0.156624,0.498861,0.000000,0.214258,-0.297812,-0.000000,0.067097,0.048129,0.000000
artstein,26.400000,1.883375,-0.672977,1.100950,-0.968351,-0.000000,0.151003,0.500591,0.000000,0.217574,-0.295375,-0.000000,0.066552,0.048882,0.000000
artstein,26.450000,1.890827,-0.651747,1.111690,-0.944647,-0.000000,0.145364,0.502258,0.000000,0.220863,-0.292900,-0.000000,0.065998,0.049628,0.000000
artstein,26.500000,1.898039,-0.630434,1.122162,-0.920823,-0.000000,0.139707,0.503862,0.000000,0.224123,-0.290389,-0.000000,0.065437,0.050368,0.000000
artstein,26.550000,1.905011,-0.609042,1.132367,-0.896883,-0.000000,0.134031,0.505401,0.000000,0.227355,-0.287841,-0.000000,0.064867,0.051101,0.000000
artstein,26.600000,1.911742,-0.587572,1.142301,-0.872829,-0.000000,0.128339,0.506877,0.000000,0.230558,-0.285257,-0.000000,0.064289,0.051828,0.000000
artstein,26.650000,1.918231,-0.566028,1.151964,-0.848665,-0.000000,0.122631,0.508288,0.000000,0.233732,-0.282637,-0.000000,0.063703,0.052549,0.000000
artstein,26.700000,1.924478,-0.544413,1.161354,-0.824394,-0.000000,0.116907,0.509635,0.000000,0.236877,-0.279982,-0.000000,0.063109,0.053262,0.000000
artstein,26.750000,1.930480,-0.522728,1.170472,-0.800019,-0.000000,0.111169,0.510918,0.000000,0.239991,-0.277291,-0.000000,0.062507,0.053969,0.000000
artstein,26.800000,1.936239,-0.500978,1.179314,-0.775543,-0.000000,0.105416,0.512136,0.000000,0.243075,-0.274565,-0.000000,0.061897,0.054669,0.000000
artstein,26.850000,1.941752,-0.479164,1.187880,-0.750969,-0.000000,0.099650,0.513289,0.000000,0.246128,-0.271805,-0.000000,0.061279,0.055362,0.000000
artstein,26.900000,1.947020,-0.457289,1.196170,-0.726300,-0.000000,0.093872,0.514377,0.000000,0.249150,-0.269011,-0.000000,0.060654,0.056048,0.000000
artstein,26.950000,1.952041,-0.435357,1.204182,-0.701540,-0.000000,0.088082,0.515400,0.000000,0.252140,-0.266183,-0.000000,0.060021,0.056727,0.000000
artstein,27.000000,1.956815,-0.413369,1.211914,-0.676690,-0.000000,0.082281,0.516357,0.000000,0.255099,-0.263321,-0.000000,0.059381,0.057399,0.000000
artstein,27.050000,1.961342,-0.391330,1.219367,-0.651756,-0.000000,0.076469,0.517250,0.000000,0.258025,-0.260426,-0.000000,0.058733,0.058063,0.000000
artstein,27.100000,1.965620,-0.369240,1.226539,-0.626739,-0.000000,0.070648,0.518076,0.000000,0.260919,-0.257499,-0.000000,0.058078,0.058720,0.000000
artstein,27.150000,1.969649,-0.347104,1.233429,-0.601643,-0.000000,0.064817,0.518838,0.000000,0.263779,-0.254539,-0.000000,0.057416,0.059370,0.000000
artstein,27.200000,1.973430,-0.324924,1.240036,-0.576471,-0.000000,0.058979,0.519533,0.000000,0.266606,-0.251547,-0.000000,0.056746,0.060012,0.000000
artstein,27.250000,1.976960,-0.302703,1.246360,-0.551227,-0.000000,0.053133,0.520163,0.000000,0.269400,-0.248524,-0.000000,0.056069,0.060646,0.000000
artstein,27.300000,1.980240,-0.280443,1.252399,-0.525913,-0.000000,0.047281,0.520727,0.000000,0.272159,-0.245469,-0.000000,0.055386,0.061273,0.000000
artstein,27.350000,1.983270,-0.258148,1.258154,-0.500532,-0.000000,0.041422,0.521225,0.000000,0.274884,-0.242384,-0.000000,0.054695,0.061892,0.000000
artstein,27.400000,1.986048,-0.235821,1.263622,-0.475089,-0.000000,0.035559,0.521657,0.000000,0.277574,-0.239268,-0.000000,0.053997,0.062503,0.000000
artstein,27.450000,1.988576,-0.213463,1.268805,-0.449585,-0.000000,0.029690,0.522023,0.000000,0.280229,-0.236122,-0.000000,0.053293,0.063106,0.000000
artstein,27.500000,1.990851,-0.191079,1.273700,-0.424025,-0.000000,0.023819,0.522323,0.000000,0.282848,-0.232946,-0.000000,0.052582,0.063701,0.000000
artstein,27.550000,1.992875,-0.168670,1.278307,-0.398411,-0.000000,0.017944,0.522557,0.000000,0.285432,-0.229741,-0.000000,0.051864,0.064288,0.000000
artstein,27.600000,1.994646,-0.146240,1.282626,-0.372748,-0.000000,0.012067,0.522724,0.000000,0.287980,-0.226508,-0.000000,0.051140,0.064867,0.000000
artstein,27.650000,1.996165,-0.123791,1.286656,-0.347037,-0.000000,0.006188,0.522826,0.000000,0.290491,-0.223246,-0.000000,0.050409,0.065437,0.000000
artstein,27.700000,1.997432,-0.101327,1.290397,-0.321283,-0.000000,0.000309,0.522861,0.000000,0.292965,-0.219956,-0.000000,0.049672,0.066000,0.000000
artstein,27.750000,1.998445,-0.078850,1.293848,-0.295488,-0.000000,-0.005570,0.522831,0.000000,0.295403,-0.216638,-0.000000,0.048929,0.066553,0.000000
artstein,27.800000,1.999206,-0.056363,1.297009,-0.269656,-0.000000,-0.011449,0.522734,0.000000,0.297803,-0.213293,-0.000000,0.048180,0.067099,0.000000
artstein,27.850000,1.999713,-0.033869,1.299878,-0.243790,-0.000000,-0.017326,0.522570,0.000000,0.300165,-0.209921,-0.000000,0.047424,0.067636,0.000000
artstein,27.900000,1.999968,-0.011371,1.302457,-0.217894,-0.000000,-0.023201,0.522341,0.000000,0.302490,-0.206523,-0.000000,0.046663,0.068164,0.000000
artstein,27.950000,1.999969,0.011129,1.304745,-0.191970,-0.000000,-0.029073,0.522046,0.000000,0.304776,-0.203100,-0.000000,0.045895,0.068684,0.000000
artstein,28.000000,1.999717,0.033628,1.306741,-0.166023,-0.000000,-0.034941,0.521684,0.000000,0.307024,-0.199650,-0.000000,0.045122,0.069195,0.000000
artstein,28.050000,1.999212,0.056122,1.308445,-0.140054,-0.000000,-0.040805,0.521257,0.000000,0.309232,-0.196176,-0.000000,0.044344,0.069697,0.000000
artstein,28.100000,1.998455,0.078609,1.309857,-0.114068,-0.000000,-0.046663,0.520763,0.000000,0.311402,-0.192677,-0.000000,0.043559,0.070191,0.000000
artstein,28.150000,1.997444,0.101086,1.310976,-0.088068,-0.000000,-0.052516,0.520204,0.000000,0.313533,-0.189154,-0.000000,0.042770,0.070675,0.000000
artstein,28.200000,1.996180,0.123551,1.311803,-0.062057,-0.000000,-0.058362,0.519579,0.000000,0.315623,-0.185607,-0.000000,0.041975,0.071151,0.000000
artstein,28.250000,1.994664,0.145999,1.312338,-0.036038,-0.000000,-0.064201,0.518888,0.000000,0.317674,-0.182037,-0.000000,0.041174,0.071618,0.000000
artstein,28.300000,1.992895,0.168430,1.312580,-0.010015,-0.000000,-0.070031,0.518131,0.000000,0.319685,-0.178445,-0.000000,0.040369,0.072075,0.000000
artstein,28.350000,1.990874,0.190839,1.312529,0.016009,-0.000000,-0.075853,0.517309,0.000000,0.321655,-0.174830,-0.000000,0.039558,0.072524,0.000000
artstein,28.400000,1.988601,0.213223,1.312186,0.042031,-0.000000,-0.081664,0.516421,0.000000,0.323585,-0.171193,-0.000000,0.038742,0.072963,0.000000
artstein,28.450000,1.986077,0.235581,1.311550,0.068047,-0.000000,-0.087466,0.515468,0.000000,0.325473,-0.167534,-0.000000,0.037922,0.073393,0.000000
artstein,28.500000,1.983301,0.257909,1.310622,0.094054,-0.000000,-0.093256,0.514450,0.000000,0.327321,-0.163855,-0.000000,0.037096,0.073813,0.000000
artstein,28.550000,1.980274,0.280205,1.309401,0.120049,-0.000000,-0.099035,0.513367,0.000000,0.329127,-0.160155,-0.000000,0.036267,0.074225,0.000000
artstein,28.600000,1.976997,0.302464,1.307888,0.146029,-0.000000,-0.104801,0.512219,0.000000,0.330892,-0.156435,-0.000000,0.035432,0.074627,0.000000
artstein,28.650000,1.973469,0.324686,1.306083,0.171990,-0.000000,-0.110554,0.511006,0.000000,0.332615,-0.152696,-0.000000,0.034593,0.075019,0.000000
artstein,28.700000,1.969691,0.346867,1.303987,0.197929,-0.000000,-0.116293,0.509728,0.000000,0.334295,-0.148937,-0.000000,0.033750,0.075402,0.000000
artstein,28.750000,1.965664,0.369003,1.301598,0.223843,-0.000000,-0.122017,0.508386,0.000000,0.335934,-0.145160,-0.000000,0.032902,0.075776,0.000000
artstein,28.800000,1.961389,0.391093,1.298919,0.249728,-0.000000,-0.127725,0.506979,0.000000,0.337530,-0.141365,-0.000000,0.032050,0.076140,0.000000
artstein,28.850000,1.956865,0.413133,1.295948,0.275581,-0.000000,-0.133418,0.505509,0.000000,0.339083,-0.137552,-0.000000,0.031195,0.076494,0.000000
artstein,28.900000,1.952094,0.435122,1.292688,0.301399,-0.000000,-0.139093,0.503974,0.000000,0.340594,-0.133722,-0.000000,0.030335,0.076839,0.000000
artstein,28.950000,1.947075,0.457055,1.289137,0.327179,-0.000000,-0.144751,0.502375,0.000000,0.342062,-0.129876,-0.000000,0.029472,0.077174,0.000000
artstein,29.000000,1.941810,0.478930,1.285296,0.352917,-0.000000,-0.150391,0.500714,0.000000,0.343486,-0.126013,-0.000000,0.028604,0.077499,0.000000
artstein,29.050000,1.936299,0.500744,1.281166,0.378610,-0.000000,-0.156011,0.498988,0.000000,0.344867,-0.122134,-0.000000,0.027734,0.077814,0.000000
artstein,29.100000,1.930544,0.522496,1.276748,0.404255,-0.000000,-0.161612,0.497200,0.000000,0.346204,-0.118240,-0.000000,0.026859,0.078120,0.000000
artstein,29.150000,1.924543,0.544181,1.272041,0.429849,-0.000000,-0.167192,0.495348,0.000000,0.347498,-0.114332,-0.000000,0.025982,0.078415,0.000000
artstein,29.200000,1.918300,0.565797,1.267047,0.455388,0.000000,-0.172751,0.493434,0.000000,0.348747,-0.110409,0.000000,0.025101,0.078701,0.000000
artstein,29.250000,1.911813,0.587342,1.261766,0.480869,0.000000,-0.178289,0.491458,0.000000,0.349953,-0.106473,0.000000,0.024217,0.078977,0.000000
artstein,29.300000,1.905085,0.608812,1.256199,0.506289,0.000000,-0.183803,0.489419,0.000000,0.351114,-0.102523,0.000000,0.023330,0.079242,0.000000
artstein,29.350000,1.898115,0.630205,1.250347,0.531644,0.000000,-0.189294,0.487319,0.000000,0.352231,-0.098561,0.000000,0.022439,0.079498,0.000000
artstein,29.400000,1.890905,0.651519,1.244209,0.556933,0.000000,-0.194762,0.485157,0.000000,0.353304,-0.094586,0.000000,0.021547,0.079744,0.000000
artstein,29.450000,1.883456,0.672750,1.237788,0.582150,0.000000,-0.200205,0.482933,0.000000,0.354332,-0.090600,0.000000,0.020651,0.079980,0.000000
artstein,29.500000,1.875769,0.693895,1.231084,0.607293,0.000000,-0.205622,0.480649,0.000000,0.355315,-0.086602,0.000000,0.019753,0.080205,0.000000
artstein,29.550000,1.867844,0.714953,1.224097,0.632360,0.000000,-0.211013,0.478303,0.000000,0.356253,-0.082594,0.000000,0.018852,0.080421,0.000000
artstein,29.600000,1.859683,0.735921,1.216829,0.657346,0.000000,-0.216378,0.475897,0.000000,0.357146,-0.078575,0.000000,0.017949,0.080626,0.000000
artstein,29.650000,1.851286,0.756795,1.209281,0.682249,0.000000,-0.221715,0.473431,0.000000,0.357994,-0.074547,0.000000,0.017044,0.080821,0.000000
artstein,29.700000,1.842655,0.777574,1.201452,0.707065,0.000000,-0.227024,0.470905,-0.000000,0.358797,-0.070509,0.000000,0.016136,0.081006,0.000000
artstein,29.750000,1.833791,0.798254,1.193346,0.731791,0.000000,-0.232305,0.468320,-0.000000,0.359555,-0.066463,0.000000,0.015227,0.081181,0.000000
artstein,29.800000,1.824695,0.818834,1.184962,0.756425,0.000000,-0.237556,0.465675,-0.000000,0.360267,-0.062409,0.000000,0.014316,0.081345,0.000000
artstein,29.850000,1.815368,0.839309,1.176301,0.780962,0.000000,-0.242777,0.462971,-0.000000,0.360933,-0.058347,0.000000,0.013402,0.081499,0.000000
artstein,29.900000,1.805811,0.859678,1.167365,0.805401,0.000000,-0.247967,0.460209,-0.000000,0.361554,-0.054278,0.000000,0.012488,0.081643,0.000000
artstein,29.950000,1.796025,0.879939,1.158155,0.829737,0.000000,-0.253125,0.457388,-0.000000,0.362130,-0.050202,0.000000,0.011571,0.081777,0.000000
artstein,30.000000,1.786013,0.900088,1.148672,0.853968,0.000000,-0.258252,0.454510,-0.000000,0.362659,-0.046120,0.000000,0.010653,0.081900,0.000000
artstein,30.050000,1.775774,0.920123,1.138917,0.878091,0.000000,-0.263346,0.451574,-0.000000,0.363143,-0.042033,0.000000,0.009734,0.082013,0.000000
artstein,30.100000,1.765310,0.940042,1.128891,0.902102,0.000000,-0.268407,0.448581,-0.000000,0.363581,-0.037940,0.000000,0.008814,0.082115,0.000000
artstein,30.150000,1.754623,0.959842,1.118596,0.925999,0.000000,-0.273434,0.445532,-0.000000,0.363973,-0.033843,0.000000,0.007892,0.082208,0.000000
artstein,30.200000,1.743714,0.979520,1.108033,0.949779,0.000000,-0.278426,0.442426,-0.000000,0.364319,-0.029742,0.000000,0.006970,0.082289,0.000000
artstein,30.250000,1.732585,0.999075,1.097204,0.973438,0.000000,-0.283383,0.439264,-0.000000,0.364619,-0.025637,0.000000,0.006046,0.082361,0.000000
artstein,30.300000,1.721236,1.018503,1.086109,0.996974,0.000000,-0.288304,0.436046,-0.000000,0.364873,-0.021529,0.000000,0.005122,0.082422,0.000000
artstein,30.350000,1.709669,1.037802,1.074750,1.020383,0.000000,-0.293188,0.432774,-0.000000,0.365081,-0.017419,0.000000,0.004198,0.082472,0.000000
artstein,30.400000,1.697886,1.056969,1.063128,1.043663,0.000000,-0.298036,0.429446,-0.000000,0.365243,-0.013306,0.000000,0.003272,0.082513,0.000000
artstein,30.450000,1.685888,1.076003,1.051246,1.066811,0.000000,-0.302845,0.426065,-0.000000,0.365358,-0.009192,0.000000,0.002347,0.082543,0.000000
artstein,30.500000,1.673676,1.094901,1.039104,1.089823,0.000000,-0.307617,0.422629,-0.000000,0.365428,-0.005078,0.000000,0.001421,0.082562,-0.000000
artstein,30.550000,1.661253,1.113660,1.026704,1.112698,0.000000,-0.312349,0.419140,-0.000000,0.365451,-0.000962,0.000000,0.000495,0.082571,-0.000000
artstein,30.600000,1.648619,1.132279,1.014047,1.135431,0.000000,-0.317042,0.415598,-0.000000,0.365428,0.003153,0.000000,-0.000432,0.082570,-0.000000
artstein,30.650000,1.635777,1.150753,1.001136,1.158021,0.000000,-0.321695,0.412003,-0.000000,0.365359,0.007267,0.000000,-0.001358,0.082558,-0.000000
artstein,30.700000,1.622728,1.169083,0.987972,1.180463,0.000000,-0.326307,0.408357,-0.000000,0.365244,0.011380,0.000000,-0.002284,0.082536,-0.000000
artstein,30.750000,1.609473,1.187264,0.974556,1.202756,0.000000,-0.330877,0.404658,-0.000000,0.365082,0.015492,0.000000,-0.003209,0.082503,-0.000000
artstein,30.800000,1.596015,1.205295,0.960890,1.224897,0.000000,-0.335406,0.400909,-0.000000,0.364875,0.019602,0.000000,-0.004135,0.082460,-0.000000
artstein,30.850000,1.582355,1.223174,0.946976,1.246882,0.000000,-0.339892,0.397109,-0.000000,0.364622,0.023709,0.000000,-0.005059,0.082406,-0.000000
artstein,30.900000,1.568494,1.240897,0.932816,1.268710,0.000000,-0.344336,0.393258,-0.000000,0.364322,0.027812,0.000000,-0.005983,0.082343,-0.000000
artstein,30.950000,1.554435,1.258464,0.918412,1.290376,0.000000,-0.348736,0.389358,-0.000000,0.363976,0.031912,0.000000,-0.006907,0.082268,-0.000000
artstein,31.000000,1.540179,1.275871,0.903764,1.311879,0.000000,-0.353091,0.385409,-0.000000,0.363585,0.036008,0.000000,-0.007829,0.082184,-0.000000
artstein,31.050000,1.525729,1.293117,0.888876,1.333216,0.000000,-0.357402,0.381411,-0.000000,0.363147,0.040099,0.000000,-0.008750,0.082089,-0.000000
artstein,31.100000,1.511085,1.310200,0.873749,1.354384,0.000000,-0.361668,0.377365,-0.000000,0.362664,0.044185,0.000000,-0.009671,0.081984,-0.000000
artstein,31.150000,1.496250,1.327116,0.858385,1.375381,0.000000,-0.365888,0.373271,-0.000000,0.362135,0.048265,0.000000,-0.010590,0.081868,-0.000000
artstein,31.200000,1.481225,1.343864,0.842785,1.396203,0.000000,-0.370061,0.369129,-0.000000,0.361560,0.052338,0.000000,-0.011508,0.081742,-0.000000
artstein,31.250000,1.466013,1.360443,0.826953,1.416848,0.000000,-0.374188,0.364941,-0.000000,0.360940,0.056405,0.000000,-0.012424,0.081606,-0.000000
artstein,31.300000,1.450616,1.376849,0.810890,1.437314,0.000000,-0.378268,0.360707,-0.000000,0.360274,0.060465,0.000000,-0.013339,0.081459,-0.000000
artstein,31.350000,1.435035,1.393081,0.794597,1.457598,0.000000,-0.382299,0.356428,-0.000000,0.359562,0.064517,0.000000,-0.014251,0.081302,-0.000000
artstein,31.400000,1.419272,1.409137,0.778077,1.477697,0.000000,-0.386283,0.352103,-0.000000,0.358805,0.068560,0.000000,-0.015163,0.081135,-0.000000
artstein,31.450000,1.403330,1.425014,0.761333,1.497608,0.000000,-0.390217,0.347734,-0.000000,0.358003,0.072594,0.000000,-0.016072,0.080958,-0.000000
artstein,31.500000,1.387210,1.440711,0.744365,1.517331,0.000000,-0.394102,0.343321,-0.000000,0.357155,0.076620,0.000000,-0.016979,0.080771,-0.000000
artstein,31.550000,1.370915,1.456226,0.727177,1.536860,0.000000,-0.397937,0.338864,-0.000000,0.356263,0.080635,0.000000,-0.017884,0.080573,-0.000000
artstein,31.600000,1.354446,1.471556,0.709771,1.556196,0.000000,-0.401722,0.334364,-0.000000,0.355325,0.084640,0.000000,-0.018787,0.080365,-0.000000
artstein,31.650000,1.337805,1.486700,0.692148,1.575334,0.000000,-0.405455,0.329823,-0.000000,0.354342,0.088634,0.000000,-0.019688,0.080147,-0.000000
artstein,31.700000,1.320996,1.501656,0.674311,1.594272,0.000000,-0.409138,0.325239,-0.000000,0.353315,0.092617,0.000000,-0.020585,0.079919,-0.000000
artstein,31.750000,1.304019,1.516422,0.656262,1.613009,0.000000,-0.412769,0.320615,-0.000000,0.352243,0.096587,0.000000,-0.021481,0.079681,-0.000000
artstein,31.800000,1.286877,1.530996,0.638004,1.631541,0.000000,-0.416347,0.315950,-0.000000,0.351127,0.100546,0.000000,-0.022373,0.079433,-0.000000
artstein,31.850000,1.269572,1.545376,0.619538,1.649867,0.000000,-0.419873,0.311245,-0.000000,0.349966,0.104491,0.000000,-0.023263,0.079175,-0.000000
artstein,31.900000,1.252107,1.559560,0.600868,1.667984,0.000000,-0.423346,0.306500,-0.000000,0.348761,0.108423,0.000000,-0.024150,0.078907,-0.000000
artstein,31.950000,1.234483,1.573548,0.581995,1.685889,0.000000,-0.426765,0.301717,-0.000000,0.347513,0.112342,0.000000,-0.025034,0.078629,-0.000000
artstein,32.000000,1.216703,1.587336,0.562922,1.703581,0.000000,-0.430130,0.296896,-0.000000,0.346220,0.116246,0.000000,-0.025915,0.078341,-0.000000
artstein,32.050000,1.198768,1.600923,0.543652,1.721057,0.000000,-0.433441,0.292037,-0.000000,0.344883,0.120135,0.000000,-0.026792,0.078043,-0.000000
artstein,32.100000,1.180683,1.614307,0.524186,1.738316,0.000000,-0.436697,0.287142,-0.000000,0.343503,0.124008,0.000000,-0.027666,0.077735,-0.000000
artstein,32.150000,1.162447,1.627488,0.504527,1.755354,0.000000,-0.439897,0.282210,-0.000000,0.342080,0.127866,0.000000,-0.028536,0.077418,-0.000000
artstein,32.200000,1.144065,1.640462,0.484678,1.772170,0.000000,-0.443042,0.277242,-0.000000,0.340613,0.131708,0.000000,-0.029403,0.077090,-0.000000
artstein,32.250000,1.125538,1.653229,0.464641,1.788761,0.000000,-0.446131,0.272239,-0.000000,0.339103,0.135532,0.000000,-0.030266,0.076753,-0.000000
artstein,32.300000,1.106868,1.665786,0.444419,1.805126,0.000000,-0.449163,0.267202,-0.000000,0.337551,0.139340,0.000000,-0.031126,0.076407,-0.000000
artstein,32.350000,1.088058,1.678133,0.424014,1.821262,0.000000,-0.452139,0.262131,-0.000000,0.335956,0.143130,0.000000,-0.031981,0.076051,-0.000000
artstein,32.400000,1.069111,1.690267,0.403429,1.837168,0.000000,-0.455057,0.257027,-0.000000,0.334318,0.146901,0.000000,-0.032832,0.075685,-0.000000
artstein,32.450000,1.050028,1.702187,0.382667,1.852841,0.000000,-0.457918,0.251891,-0.000000,0.332639,0.150654,0.000000,-0.033680,0.075309,-0.000000
artstein,32.500000,1.030812,1.713892,0.361729,1.868279,0.000000,-0.460721,0.246722,-0.000000,0.330917,0.154387,0.000000,-0.034523,0.074925,-0.000000
artstein,32.550000,1.011466,1.725380,0.340620,1.883481,0.000000,-0.463466,0.241523,-0.000000,0.329153,0.158101,0.000000,-0.035361,0.074530,-0.000000
artstein,32.600000,0.991992,1.736649,0.319341,1.898444,0.000000,-0.466151,0.236293,-0.000000,0.327348,0.161795,0.000000,-0.036195,0.074127,-0.000000
artstein,32.650000,0.972393,1.747699,0.297894,1.913167,0.000000,-0.468778,0.231033,-0.000000,0.325502,0.165468,0.000000,-0.037025,0.073714,-0.000000
artstein,32.700000,0.952670,1.758528,0.276284,1.927648,0.000000,-0.471346,0.225744,-0.000000,0.323614,0.169120,0.000000,-0.037850,0.073291,-0.000000
artstein,32.750000,0.932827,1.769134,0.254512,1.941884,0.000000,-0.473854,0.220426,-0.000000,0.321686,0.172750,0.000000,-0.038670,0.072860,-0.000000
artstein,32.800000,0.912865,1.779516,0.232582,1.955875,0.000000,-0.476302,0.215080,-0.000000,0.319717,0.176359,0.000000,-0.039485,0.072419,-0.000000
artstein,32.850000,0.892788,1.789673,0.210496,1.969618,0.000000,-0.478690,0.209708,-0.000000,0.317708,0.179945,0.000000,-0.040295,0.071969,-0.000000
artstein,32.900000,0.872598,1.799603,0.188256,1.983112,0.000000,-0.481017,0.204308,-0.000000,0.315658,0.183508,0.000000,-0.041100,0.071510,-0.000000
artstein,32.950000,0.852298,1.809306,0.165867,1.996354,0.000000,-0.483283,0.198883,-0.000000,0.313569,0.187048,0.000000,-0.041900,0.071042,-0.000000
artstein,33.000000,0.831890,1.818780,0.143330,2.009344,0.000000,-0.485488,0.193433,-0.000000,0.311440,0.190564,0.000000,-0.042695,0.070566,-0.000000
artstein,33.050000,0.811376,1.828023,0.120648,2.022079,0.000000,-0.487632,0.187959,-0.000000,0.309272,0.194056,0.000000,-0.043484,0.070080,-0.000000
artstein,33.100000,0.790760,1.837035,0.097824,2.034559,0.000000,-0.489714,0.182460,-0.000000,0.307064,0.197523,0.000000,-0.044268,0.069585,-0.000000
artstein,33.150000,0.770044,1.845815,0.074862,2.046780,0.000000,-0.491734,0.176939,-0.000000,0.304818,0.200966,0.000000,-0.045046,0.069082,-0.000000
artstein,33.200000,0.749230,1.854361,0.051764,2.058743,0.000000,-0.493692,0.171395,-0.000000,0.302534,0.204382,0.000000,-0.045818,0.068570,-0.000000
artstein,33.250000,0.728322,1.862672,0.028532,2.070445,0.000000,-0.495587,0.165830,-0.000000,0.300211,0.207773,0.000000,-0.046585,0.068049,-0.000000
artstein,33.300000,0.707321,1.870748,0.005171,2.081885,0.000000,-0.497420,0.160243,-0.000000,0.297850,0.211137,0.000000,-0.047346,0.067520,-0.000000
artstein,33.350000,0.686231,1.878587,-0.018317,2.093061,0.000000,-0.499189,0.154637,-0.000000,0.295452,0.214475,0.000000,-0.048100,0.066982,-0.000000
artstein,33.400000,0.665054,1.886188,-0.041930,2.103972,0.000000,-0.500896,0.149011,-0.000000,0.293016,0.217785,0.000000,-0.048849,0.066436,-0.000000
artstein,33.450000,0.643792,1.893550,-0.065664,2.114617,0.000000,-0.502539,0.143366,-0.000000,0.290544,0.221067,0.000000,-0.049592,0.065881,-0.000000
artstein,33.500000,0.622450,1.900673,-0.089516,2.124994,0.000000,-0.504119,0.137703,-0.000000,0.288034,0.224322,0.000000,-0.050328,0.065319,-0.000000
artstein,33.550000,0.601028,1.907555,-0.113483,2.135103,0.000000,-0.505634,0.132022,-0.000000,0.285489,0.227548,0.000000,-0.051058,0.064747,-0.000000
artstein,33.600000,0.579531,1.914195,-0.137562,2.144941,0.000000,-0.507086,0.126325,-0.000000,0.282907,0.230745,0.000000,-0.051781,0.064168,-0.000000
artstein,33.650000,0.557960,1.920594,-0.161751,2.154507,0.000000,-0.508474,0.120612,-0.000000,0.280290,0.233913,0.000000,-0.052498,0.063581,-0.000000
artstein,33.700000,0.536318,1.926749,-0.186045,2.163800,0.000000,-0.509797,0.114883,-0.000000,0.277637,0.237051,0.000000,-0.053209,0.062985,-0.000000
artstein,33.750000,0.514609,1.932661,-0.210442,2.172820,0.000000,-0.511056,0.109141,-0.000000,0.274949,0.240159,0.000000,-0.053912,0.062382,-0.000000
artstein,33.800000,0.492834,1.938328,-0.234939,2.181565,0.000000,-0.512250,0.103384,-0.000000,0.272226,0.243237,0.000000,-0.054609,0.061771,-0.000000
artstein,33.850000,0.470997,1.943749,-0.259533,2.190033,0.000000,-0.513379,0.097614,-0.000000,0.269469,0.246284,0.000000,-0.055299,0.061152,-0.000000
artstein,33.900000,0.449101,1.948925,-0.284221,2.198224,0.000000,-0.514444,0.091832,-0.000000,0.266679,0.249299,0.000000,-0.055982,0.060526,-0.000000
artstein,33.950000,0.427147,1.953854,-0.308999,2.206137,0.000000,-0.515443,0.086039,-0.000000,0.263854,0.252283,0.000000,-0.056658,0.059891,-0.000000
artstein,34.000000,0.405140,1.958536,-0.333864,2.213771,0.000000,-0.516377,0.080234,-0.000000,0.260996,0.255235,0.000000,-0.057326,0.059249,-0.000000
artstein,34.050000,0.383081,1.962969,-0.358814,2.221124,0.000000,-0.517246,0.074420,-0.000000,0.258105,0.258155,0.000000,-0.057988,0.058600,-0.000000
artstein,34.100000,0.360974,1.967155,-0.383844,2.228196,0.000000,-0.518049,0.068596,-0.000000,0.255182,0.261041,0.000000,-0.058642,0.057944,-0.000000
artstein,34.150000,0.338821,1.971091,-0.408953,2.234986,0.000000,-0.518787,0.062763,-0.000000,0.252226,0.263895,0.000000,-0.059288,0.057280,-0.000000
artstein,34.200000,0.316626,1.974778,-0.434136,2.241493,0.000000,-0.519459,0.056922,-0.000000,0.249238,0.266715,0.000000,-0.059928,0.056609,-0.000000
artstein,34.250000,0.294390,1.978215,-0.459391,2.247717,0.000000,-0.520065,0.051075,-0.000000,0.246219,0.269502,0.000000,-0.060559,0.055930,-0.000000
artstein,34.300000,0.272117,1.981402,-0.484714,2.253656,0.000000,-0.520606,0.045221,-0.000000,0.243169,0.272254,0.000000,-0.061183,0.055245,-0.000000
artstein,34.350000,0.249809,1.984338,-0.510102,2.259309,0.000000,-0.521080,0.039361,-0.000000,0.240088,0.274972,0.000000,-0.061799,0.054553,-0.000000
artstein,34.400000,0.227470,1.987022,-0.535553,2.264677,0.000000,-0.521489,0.033496,-0.000000,0.236977,0.277655,0.000000,-0.062408,0.053853,-0.000000
artstein,34.450000,0.205102,1.989455,-0.561062,2.269758,0.000000,-0.521832,0.027627,-0.000000,0.233836,0.280302,0.000000,-0.063008,0.053147,-0.000000
artstein,34.500000,0.182708,1.991637,-0.586626,2.274552,0.000000,-0.522108,0.021754,-0.000000,0.230666,0.282915,0.000000,-0.063601,0.052435,-0.000000
artstein,34.550000,0.160291,1.993566,-0.612243,2.279057,0.000000,-0.522319,0.015879,-0.000000,0.227466,0.285491,0.000000,-0.064186,0.051716,-0.000000
artstein,34.600000,0.137854,1.995243,-0.637908,2.283274,0.000000,-0.522464,0.010002,-0.000000,0.224238,0.288031,0.000000,-0.064762,0.050990,-0.000000
artstein,34.650000,0.115399,1.996668,-0.663620,2.287203,0.000000,-0.522542,0.004123,-0.000000,0.220981,0.290535,0.000000,-0.065330,0.050258,-0.000000
artstein,34.700000,0.092930,1.997840,-0.689374,2.290841,0.000000,-0.522554,-0.001756,-0.000000,0.217696,0.293002,0.000000,-0.065890,0.049519,-0.000000
artstein,34.750000,0.070449,1.998759,-0.715167,2.294190,0.000000,-0.522501,-0.007634,-0.000000,0.214384,0.295431,0.000000,-0.066442,0.048774,-0.000000
artstein,34.800000,0.047959,1.999425,-0.740996,2.297248,0.000000,-0.522381,-0.013512,-0.000000,0.211045,0.297824,0.000000,-0.066985,0.048023,-0.000000
artstein,34.850000,0.025463,1.999838,-0.766858,2.300016,0.000000,-0.522195,-0.019388,-0.000000,0.207679,0.300178,0.000000,-0.067520,0.047266,-0.000000
artstein,34.900000,0.002963,1.999998,-0.792749,2.302492,0.000000,-0.521943,-0.025262,-0.000000,0.204287,0.302495,0.000000,-0.068047,0.046504,-0.000000
artstein,34.950000,-0.019536,1.999905,-0.818667,2.304677,0.000000,-0.521625,-0.031132,-0.000000,0.200870,0.304773,0.000000,-0.068564,0.045735,-0.000000
artstein,35.000000,-0.042034,1.999558,-0.844607,2.306571,0.000000,-0.521240,-0.036998,-0.000000,0.197426,0.307012,0.000000,-0.069073,0.044960,-0.000000
artstein,35.050000,-0.064526,1.998959,-0.870567,2.308172,0.000000,-0.520790,-0.042860,-0.000000,0.193958,0.309213,0.000000,-0.069574,0.044180,-0.000000
artstein,35.100000,-0.087009,1.998106,-0.896543,2.309481,0.000000,-0.520274,-0.048716,-0.000000,0.190466,0.311375,0.000000,-0.070065,0.043394,-0.000000
artstein,35.150000,-0.109482,1.997001,-0.922533,2.310498,0.000000,-0.519693,-0.054566,-0.000000,0.186949,0.313497,0.000000,-0.070548,0.042603,-0.000000
artstein,35.200000,-0.131941,1.995643,-0.948532,2.311222,-0.000000,-0.519045,-0.060409,-0.000000,0.183409,0.315579,-0.000000,-0.071022,0.041806,-0.000000
artstein,35.250000,-0.154383,1.994033,-0.974537,2.311654,-0.000000,-0.518332,-0.066245,-0.000000,0.179846,0.317621,-0.000000,-0.071486,0.041005,-0.000000
artstein,35.300000,-0.176806,1.992170,-1.000546,2.311793,-0.000000,-0.517553,-0.072072,-0.000000,0.176260,0.319624,-0.000000,-0.071942,0.040197,-0.000000
artstein,35.350000,-0.199206,1.990055,-1.026555,2.311640,-0.000000,-0.516709,-0.077889,-0.000000,0.172651,0.321585,-0.000000,-0.072389,0.039385,-0.000000
artstein,35.400000,-0.221581,1.987688,-1.052560,2.311194,-0.000000,-0.515799,-0.083697,-0.000000,0.169021,0.323506,-0.000000,-0.072826,0.038568,-0.000000
artstein,35.450000,-0.243928,1.985069,-1.078558,2.310455,-0.000000,-0.514824,-0.089495,-0.000000,0.165370,0.325386,-0.000000,-0.073255,0.037746,-0.000000
artstein,35.500000,-0.266244,1.982199,-1.104546,2.309424,-0.000000,-0.513784,-0.095281,-0.000000,0.161698,0.327225,-0.000000,-0.073674,0.036920,-0.000000
artstein,35.550000,-0.288526,1.979079,-1.130522,2.308101,-0.000000,-0.512679,-0.101055,-0.000000,0.158005,0.329022,-0.000000,-0.074084,0.036088,-0.000000
artstein,35.600000,-0.310772,1.975708,-1.156480,2.306486,-0.000000,-0.511509,-0.106816,-0.000000,0.154292,0.330778,-0.000000,-0.074484,0.035253,-0.000000
artstein,35.650000,-0.332979,1.972086,-1.182419,2.304578,-0.000000,-0.510274,-0.112564,-0.000000,0.150560,0.332492,-0.000000,-0.074875,0.034412,-0.000000
artstein,35.700000,-0.355143,1.968216,-1.208334,2.302379,-0.000000,-0.508975,-0.118297,-0.000000,0.146809,0.334164,-0.000000,-0.075257,0.033568,-0.000000
artstein,35.750000,-0.377263,1.964096,-1.234223,2.299889,-0.000000,-0.507611,-0.124015,0.000000,0.143039,0.335793,-0.000000,-0.075629,0.032719,-0.000000
artstein,35.800000,-0.399335,1.959728,-1.260083,2.297107,-0.000000,-0.506183,-0.129718,0.000000,0.139252,0.337380,-0.000000,-0.075991,0.031866,-0.000000
artstein,35.850000,-0.421356,1.955111,-1.285909,2.294035,-0.000000,-0.504692,-0.135404,0.000000,0.135446,0.338924,-0.000000,-0.076344,0.031009,-0.000000
artstein,35.900000,-0.443324,1.950247,-1.311700,2.290672,-0.000000,-0.503136,-0.141073,0.000000,0.131624,0.340425,-0.000000,-0.076687,0.030148,-0.000000
artstein,35.950000,-0.465235,1.945136,-1.337450,2.287020,-0.000000,-0.501516,-0.146725,0.000000,0.127785,0.341883,-0.000000,-0.077021,0.029283,-0.000000
artstein,36.000000,-0.487088,1.939780,-1.363158,2.283078,-0.000000,-0.499833,-0.152357,0.000000,0.123930,0.343298,-0.000000,-0.077344,0.028415,-0.000000
artstein,36.050000,-0.508880,1.934177,-1.388820,2.278847,-0.000000,-0.498087,-0.157971,0.000000,0.120059,0.344670,-0.000000,-0.077658,0.027543,-0.000000
artstein,36.100000,-0.530606,1.928330,-1.414433,2.274327,-0.000000,-0.496278,-0.163564,0.000000,0.116173,0.345997,-0.000000,-0.077963,0.026667,-0.000000
artstein,36.150000,-0.552266,1.922239,-1.439993,2.269520,-0.000000,-0.494406,-0.169137,0.000000,0.112273,0.347281,-0.000000,-0.078257,0.025788,-0.000000
artstein,36.200000,-0.573856,1.915904,-1.465498,2.264426,-0.000000,-0.492471,-0.174688,0.000000,0.108358,0.348521,-0.000000,-0.078541,0.024906,-0.000000
artstein,36.250000,-0.595373,1.909327,-1.490943,2.259045,-0.000000,-0.490475,-0.180217,0.000000,0.104430,0.349717,-0.000000,-0.078816,0.024021,-0.000000
artstein,36.300000,-0.616815,1.902509,-1.516326,2.253378,-0.000000,-0.488416,-0.185723,0.000000,0.100488,0.350869,-0.000000,-0.079081,0.023133,-0.000000
artstein,36.350000,-0.638179,1.895449,-1.541644,2.247425,-0.000000,-0.486295,-0.191206,0.000000,0.096534,0.351976,-0.000000,-0.079335,0.022242,-0.000000
artstein,36.400000,-0.659462,1.888150,-1.566894,2.241189,-0.000000,-0.484113,-0.196665,0.000000,0.092568,0.353039,-0.000000,-0.079580,0.021348,-0.000000
artstein,36.450000,-0.680661,1.880612,-1.592071,2.234668,-0.000000,-0.481869,-0.202098,0.000000,0.088590,0.354057,-0.000000,-0.079814,0.020451,-0.000000
artstein,36.500000,-0.701774,1.872835,-1.617174,2.227865,-0.000000,-0.479565,-0.207506,0.000000,0.084601,0.355030,-0.000000,-0.080039,0.019552,0.000000
artstein,36.550000,-0.722799,1.864822,-1.642198,2.220780,-0.000000,-0.477199,-0.212888,0.000000,0.080601,0.355958,-0.000000,-0.080253,0.018650,0.000000
artstein,36.600000,-0.743732,1.856573,-1.667141,2.213414,-0.000000,-0.474774,-0.218243,0.000000,0.076591,0.356841,-0.000000,-0.080457,0.017746,0.000000
artstein,36.650000,-0.764571,1.848089,-1.692000,2.205767,-0.000000,-0.472288,-0.223570,0.000000,0.072571,0.357679,-0.000000,-0.080651,0.016840,0.000000
artstein,36.700000,-0.785313,1.839370,-1.716771,2.197842,-0.000000,-0.469743,-0.228869,0.000000,0.068542,0.358472,-0.000000,-0.080835,0.015932,0.000000
artstein,36.750000,-0.805956,1.830419,-1.741451,2.189638,-0.000000,-0.467138,-0.234139,0.000000,0.064505,0.359219,-0.000000,-0.081008,0.015021,0.000000
artstein,36.800000,-0.826497,1.821237,-1.766037,2.181157,-0.000000,-0.464474,-0.239379,0.000000,0.060459,0.359921,-0.000000,-0.081172,0.014109,0.000000
artstein,36.850000,-0.846933,1.811824,-1.790527,2.172401,-0.000000,-0.461751,-0.244589,0.000000,0.056406,0.360577,-0.000000,-0.081325,0.013195,0.000000
artstein,36.900000,-0.867262,1.802181,-1.814916,2.163369,-0.000000,-0.458970,-0.249768,0.000000,0.052346,0.361188,-0.000000,-0.081468,0.012279,0.000000
artstein,36.950000,-0.887481,1.792311,-1.839202,2.154063,-0.000000,-0.456131,-0.254916,0.000000,0.048279,0.361753,-0.000000,-0.081600,0.011362,0.000000
artstein,37.000000,-0.907588,1.782213,-1.863382,2.144485,-0.000000,-0.453234,-0.260031,0.000000,0.044206,0.362272,-0.000000,-0.081722,0.010443,0.000000
artstein,37.050000,-0.927580,1.771890,-1.887453,2.134635,-0.000000,-0.450280,-0.265113,0.000000,0.040127,0.362745,-0.000000,-0.081834,0.009523,0.000000
artstein,37.100000,-0.947455,1.761343,-1.911411,2.124516,-0.000000,-0.447268,-0.270162,0.000000,0.036044,0.363172,-0.000000,-0.081936,0.008602,0.000000
artstein,37.150000,-0.967209,1.750573,-1.935254,2.114127,-0.000000,-0.444200,-0.275176,0.000000,0.031956,0.363554,-0.000000,-0.082027,0.007680,0.000000
artstein,37.200000,-0.986842,1.739581,-1.958978,2.103471,-0.000000,-0.441076,-0.280156,0.000000,0.027864,0.363889,-0.000000,-0.082107,0.006757,0.000000
artstein,37.250000,-1.006349,1.728370,-1.982581,2.092548,-0.000000,-0.437896,-0.285100,0.000000,0.023768,0.364179,-0.000000,-0.082178,0.005833,0.000000
artstein,37.300000,-1.025729,1.716939,-2.006060,2.081361,-0.000000,-0.434661,-0.290008,0.000000,0.019669,0.364422,-0.000000,-0.082238,0.004908,0.000000
artstein,37.350000,-1.044979,1.705291,-2.029411,2.069910,-0.000000,-0.431371,-0.294879,0.000000,0.015568,0.364619,-0.000000,-0.082287,0.003983,0.000000
artstein,37.400000,-1.064097,1.693427,-2.052632,2.058198,-0.000000,-0.428026,-0.299713,0.000000,0.011465,0.364770,-0.000000,-0.082327,0.003057,0.000000
artstein,37.450000,-1.083081,1.681349,-2.075720,2.046224,-0.000000,-0.424627,-0.304509,0.000000,0.007361,0.364875,-0.000000,-0.082355,0.002130,0.000000
artstein,37.500000,-1.101927,1.669059,-2.098671,2.033992,-0.000000,-0.421174,-0.309267,0.000000,0.003256,0.364934,-0.000000,-0.082374,0.001204,0.000000
artstein,37.550000,-1.120634,1.656557,-2.121484,2.021503,-0.000000,-0.417668,-0.313985,0.000000,-0.000850,0.364946,-0.000000,-0.082382,0.000277,0.000000
artstein,37.600000,-1.139199,1.643845,-2.144154,2.008757,-0.000000,-0.414109,-0.318664,0.000000,-0.004955,0.364912,-0.000000,-0.082379,-0.000649,0.000000
artstein,37.650000,-1.157620,1.630925,-2.166680,1.995758,-0.000000,-0.410498,-0.323302,0.000000,-0.009060,0.364833,-0.000000,-0.082366,-0.001576,0.000000
artstein,37.700000,-1.175894,1.617799,-2.189058,1.982506,-0.000000,-0.406834,-0.327900,0.000000,-0.013164,0.364707,-0.000000,-0.082343,-0.002502,0.000000
artstein,37.750000,-1.194019,1.604468,-2.211285,1.969002,-0.000000,-0.403120,-0.332456,0.000000,-0.017266,0.364534,-0.000000,-0.082309,-0.003429,0.000000
artstein,37.800000,-1.211994,1.590934,-2.233359,1.955250,-0.000000,-0.399354,-0.336970,0.000000,-0.021366,0.364316,-0.000000,-0.082265,-0.004354,0.000000
artstein,37.850000,-1.229815,1.577199,-2.255277,1.941250,-0.000000,-0.395538,-0.341441,0.000000,-0.025463,0.364052,-0.000000,-0.082211,-0.005279,0.000000
artstein,37.900000,-1.247480,1.563264,-2.277036,1.927005,-0.000000,-0.391671,-0.345869,0.000000,-0.029557,0.363741,-0.000000,-0.082146,-0.006204,0.000000
artstein,37.950000,-1.264987,1.549131,-2.298634,1.912516,-0.000000,-0.387755,-0.350253,0.000000,-0.033647,0.363385,-0.000000,-0.082071,-0.007127,0.000000
artstein,38.000000,-1.282335,1.534802,-2.320067,1.897784,-0.000000,-0.383790,-0.354593,0.000000,-0.037732,0.362982,-0.000000,-0.081985,-0.008050,0.000000
artstein,38.050000,-1.299520,1.520279,-2.341333,1.882813,-0.000000,-0.379777,-0.358888,0.000000,-0.041813,0.362534,-0.000000,-0.081889,-0.008972,0.000000
artstein,38.100000,-1.316540,1.505564,-2.362429,1.867603,-0.000000,-0.375715,-0.363137,0.000000,-0.045889,0.362039,-0.000000,-0.081783,-0.009892,0.000000
artstein,38.150000,-1.333394,1.490658,-2.383353,1.852157,-0.000000,-0.371606,-0.367341,0.000000,-0.049959,0.361499,-0.000000,-0.081666,-0.010812,0.000000
artstein,38.200000,-1.350079,1.475563,-2.404101,1.836476,-0.000000,-0.367450,-0.371498,0.000000,-0.054022,0.360913,-0.000000,-0.081539,-0.011729,0.000000
artstein,38.250000,-1.366593,1.460282,-2.424672,1.820563,-0.000000,-0.363247,-0.375608,0.000000,-0.058079,0.360282,-0.000000,-0.081402,-0.012646,0.000000
artstein,38.300000,-1.382935,1.444815,-2.445063,1.804420,-0.000000,-0.358999,-0.379670,0.000000,-0.062128,0.359605,-0.000000,-0.081254,-0.013561,0.000000
artstein,38.350000,-1.399101,1.429166,-2.465270,1.788048,-0.000000,-0.354704,-0.383685,0.000000,-0.066169,0.358882,-0.000000,-0.081096,-0.014474,0.000000
artstein,38.400000,-1.415090,1.413336,-2.485293,1.771450,-0.000000,-0.350366,-0.387651,0.000000,-0.070202,0.358114,-0.000000,-0.080928,-0.015385,0.000000
artstein,38.450000,-1.430901,1.397327,-2.505127,1.754628,-0.000000,-0.345982,-0.391568,0.000000,-0.074226,0.357301,-0.000000,-0.080749,-0.016294,0.000000
artstein,38.500000,-1.446530,1.381142,-2.524771,1.737584,-0.000000,-0.341555,-0.395435,0.000000,-0.078241,0.356442,-0.000000,-0.080561,-0.017202,0.000000
artstein,38.550000,-1.461976,1.364781,-2.544221,1.720319,-0.000000,-0.337085,-0.399252,0.000000,-0.082246,0.355538,-0.000000,-0.080362,-0.018107,0.000000
artstein,38.600000,-1.477237,1.348248,-2.563476,1.702838,-0.000000,-0.332572,-0.403019,0.000000,-0.086240,0.354590,-0.000000,-0.080153,-0.019009,0.000000
artstein,38.650000,-1.492311,1.331544,-2.582534,1.685140,-0.000000,-0.328017,-0.406735,0.000000,-0.090223,0.353596,-0.000000,-0.079934,-0.019910,0.000000
artstein,38.700000,-1.507196,1.314672,-2.601391,1.667229,-0.000000,-0.323420,-0.410399,0.000000,-0.094195,0.352558,-0.000000,-0.079705,-0.020808,0.000000
artstein,38.750000,-1.521890,1.297633,-2.620045,1.649108,-0.000000,-0.318783,-0.414011,0.000000,-0.098155,0.351475,-0.000000,-0.079465,-0.021703,0.000000
artstein,38.800000,-1.536392,1.280430,-2.638494,1.630777,-0.000000,-0.314105,-0.417571,0.000000,-0.102103,0.350348,-0.000000,-0.079216,-0.022595,0.000000
artstein,38.850000,-1.550699,1.263065,-2.656736,1.612241,-0.000000,-0.309388,-0.421078,0.000000,-0.106037,0.349176,-0.000000,-0.078957,-0.023485,0.000000
artstein,38.900000,-1.564810,1.245540,-2.674768,1.593500,-0.000000,-0.304631,-0.424532,0.000000,-0.109958,0.347960,-0.000000,-0.078687,-0.024371,0.000000
artstein,38.950000,-1.578723,1.227857,-2.692589,1.574557,-0.000000,-0.299836,-0.427932,0.000000,-0.113866,0.346700,-0.000000,-0.078408,-0.025255,0.000000
artstein,39.000000,-1.592436,1.210019,-2.710195,1.555416,-0.000000,-0.295002,-0.431278,0.000000,-0.117758,0.345396,-0.000000,-0.078119,-0.026135,0.000000
artstein,39.050000,-1.605948,1.192028,-2.727584,1.536077,-0.000000,-0.290132,-0.434569,0.000000,-0.121636,0.344049,-0.000000,-0.077820,-0.027012,0.000000
artstein,39.100000,-1.619256,1.173886,-2.744755,1.516544,-0.000000,-0.285225,-0.437805,0.000000,-0.125499,0.342658,-0.000000,-0.077511,-0.027886,0.000000
artstein,39.150000,-1.632360,1.155596,-2.761705,1.496819,-0.000000,-0.280281,-0.440986,0.000000,-0.129345,0.341224,-0.000000,-0.077192,-0.028756,0.000000
artstein,39.200000,-1.645257,1.137159,-2.778432,1.476905,-0.000000,-0.275303,-0.444111,0.000000,-0.133175,0.339746,-0.000000,-0.076863,-0.029622,0.000000
artstein,39.250000,-1.657945,1.118578,-2.794934,1.456804,-0.000000,-0.270289,-0.447180,0.000000,-0.136989,0.338226,-0.000000,-0.076525,-0.030485,0.000000
artstein,39.300000,-1.670424,1.099856,-2.811209,1.436518,-0.000000,-0.265241,-0.450192,0.000000,-0.140785,0.336662,-0.000000,-0.076177,-0.031344,0.000000
artstein,39.350000,-1.682692,1.080994,-2.827254,1.416051,-0.000000,-0.260160,-0.453147,0.000000,-0.144563,0.335056,-0.000000,-0.075820,-0.032199,0.000000
artstein,39.400000,-1.694746,1.061996,-2.843068,1.395404,-0.000000,-0.255045,-0.456045,0.000000,-0.148322,0.333408,-0.000000,-0.075453,-0.033049,0.000000
artstein,39.450000,-1.706586,1.042863,-2.858649,1.374581,-0.000000,-0.249899,-0.458885,0.000000,-0.152063,0.331718,-0.000000,-0.075076,-0.033896,0.000000
artstein,39.500000,-1.718210,1.023599,-2.873995,1.353584,-0.000000,-0.244721,-0.461667,0.000000,-0.155785,0.329985,-0.000000,-0.074690,-0.034738,0.000000
artstein,39.550000,-1.729617,1.004205,-2.889104,1.332416,-0.000000,-0.239511,-0.464391,0.000000,-0.159487,0.328211,-0.000000,-0.074294,-0.035576,0.000000
artstein,39.600000,-1.740804,0.984683,-2.903973,1.311078,-0.000000,-0.234272,-0.467056,0.000000,-0.163169,0.326395,-0.000000,-0.073889,-0.036409,0.000000
artstein,39.650000,-1.751771,0.965037,-2.918602,1.289576,-0.000000,-0.229003,-0.469662,0.000000,-0.166830,0.324538,-0.000000,-0.073475,-0.037238,0.000000
artstein,39.700000,-1.762517,0.945269,-2.932987,1.267909,-0.000000,-0.223705,-0.472208,0.000000,-0.170470,0.322640,-0.000000,-0.073051,-0.038062,0.000000
artstein,39.750000,-1.773040,0.925381,-2.947128,1.246083,-0.000000,-0.218378,-0.474695,0.000000,-0.174089,0.320701,-0.000000,-0.072618,-0.038882,0.000000
artstein,39.800000,-1.783338,0.905377,-2.961023,1.224098,-0.000000,-0.213024,-0.477121,0.000000,-0.177685,0.318722,-0.000000,-0.072176,-0.039696,0.000000
artstein,39.850000,-1.793410,0.885257,-2.974669,1.201959,-0.000000,-0.207643,-0.479487,0.000000,-0.181259,0.316702,-0.000000,-0.071725,-0.040505,0.000000
artstein,39.900000,-1.803256,0.865026,-2.988065,1.179668,-0.000000,-0.202236,-0.481793,0.000000,-0.184810,0.314642,-0.000000,-0.071265,-0.041309,0.000000
artstein,39.950000,-1.812873,0.844685,-3.001210,1.157227,-0.000000,-0.196803,-0.484037,0.000000,-0.188337,0.312542,-0.000000,-0.070795,-0.042108,0.000000
artstein,40.000000,-1.822261,0.824237,-3.014102,1.134640,-0.000000,-0.191345,-0.486220,0.000000,-0.191841,0.310403,-0.000000,-0.070317,-0.042902,0.000000
artstein,40.050000,-1.831418,0.803685,-3.026738,1.111910,-0.000000,-0.185863,-0.488342,0.000000,-0.195320,0.308225,-0.000000,-0.069830,-0.043690,0.000000
artstein,40.100000,-1.840343,0.783031,-3.039118,1.089038,-0.000000,-0.180358,-0.490402,0.000000,-0.198775,0.306007,-0.000000,-0.069334,-0.044473,0.000000
artstein,40.150000,-1.849036,0.762278,-3.051240,1.066029,-0.000000,-0.174830,-0.492400,0.000000,-0.202205,0.303751,-0.000000,-0.068829,-0.045250,0.000000
artstein,40.200000,-1.857494,0.741429,-3.063102,1.042885,-0.000000,-0.169279,-0.494335,0.000000,-0.205609,0.301456,-0.000000,-0.068316,-0.046021,0.000000
artstein,40.250000,-1.865717,0.720485,-3.074704,1.019609,-0.000000,-0.163707,-0.496208,0.000000,-0.208986,0.299124,-0.000000,-0.067794,-0.046786,0.000000
artstein,40.300000,-1.873705,0.699451,-3.086042,0.996204,-0.000000,-0.158115,-0.498018,0.000000,-0.212338,0.296753,-0.000000,-0.067263,-0.047546,0.000000
artstein,40.350000,-1.881455,0.678328,-3.097117,0.972673,-0.000000,-0.152502,-0.499765,0.000000,-0.215662,0.294345,-0.000000,-0.066724,-0.048299,0.000000
artstein,40.400000,-1.888967,0.657119,-3.107926,0.949018,-0.000000,-0.146870,-0.501449,0.000000,-0.218960,0.291899,-0.000000,-0.066176,-0.049047,0.000000
artstein,40.450000,-1.896239,0.635827,-3.118469,0.925244,-0.000000,-0.141220,-0.503069,0.000000,-0.222229,0.289417,-0.000000,-0.065620,-0.049788,0.000000
artstein,40.500000,-1.903272,0.614454,-3.128743,0.901353,-0.000000,-0.135551,-0.504626,0.000000,-0.225470,0.286898,-0.000000,-0.065056,-0.050523,0.000000
artstein,40.550000,-1.910064,0.593004,-3.138748,0.877347,-0.000000,-0.129866,-0.506119,0.000000,-0.228683,0.284343,-0.000000,-0.064484,-0.051251,0.000000
artstein,40.600000,-1.916615,0.571479,-3.148482,0.853231,-0.000000,-0.124164,-0.507548,0.000000,-0.231867,0.281752,-0.000000,-0.063903,-0.051974,0.000000
artstein,40.650000,-1.922922,0.549881,-3.157944,0.829006,-0.000000,-0.118446,-0.508912,0.000000,-0.235022,0.279125,-0.000000,-0.063314,-0.052689,0.000000
artstein,40.700000,-1.928987,0.528214,-3.167133,0.804677,-0.000000,-0.112714,-0.510212,0.000000,-0.238146,0.276463,-0.000000,-0.062717,-0.053398,0.000000
artstein,40.750000,-1.934807,0.506480,-3.176048,0.780245,-0.000000,-0.106967,-0.511448,0.000000,-0.241241,0.273765,-0.000000,-0.062113,-0.054100,0.000000
artstein,40.800000,-1.940382,0.484682,-3.184688,0.755715,-0.000000,-0.101206,-0.512619,0.000000,-0.244305,0.271034,-0.000000,-0.061500,-0.054795,0.000000
artstein,40.850000,-1.945712,0.462822,-3.193050,0.731090,-0.000000,-0.095433,-0.513725,0.000000,-0.247338,0.268267,-0.000000,-0.060880,-0.055483,0.000000
artstein,40.900000,-1.950796,0.440904,-3.201136,0.706372,-0.000000,-0.089648,-0.514766,0.000000,-0.250340,0.265467,-0.000000,-0.060252,-0.056164,0.000000
artstein,40.950000,-1.955632,0.418930,-3.208943,0.681564,-0.000000,-0.083851,-0.515741,0.000000,-0.253310,0.262634,-0.000000,-0.059616,-0.056838,0.000000
artstein,41.000000,-1.960221,0.396903,-3.216470,0.656670,-0.000000,-0.078044,-0.516652,0.000000,-0.256248,0.259767,-0.000000,-0.058973,-0.057505,0.000000
artstein,41.050000,-1.964562,0.374826,-3.223717,0.631694,-0.000000,-0.072227,-0.517497,0.000000,-0.259154,0.256867,-0.000000,-0.058322,-0.058165,0.000000
artstein,41.100000,-1.968655,0.352702,-3.230682,0.606637,-0.000000,-0.066401,-0.518277,0.000000,-0.262027,0.253935,-0.000000,-0.057664,-0.058817,0.000000
artstein,41.150000,-1.972498,0.330532,-3.237365,0.581503,-0.000000,-0.060566,-0.518991,0.000000,-0.264867,0.250971,-0.000000,-0.056999,-0.059462,0.000000
artstein,41.200000,-1.976092,0.308321,-3.243764,0.556296,-0.000000,-0.054724,-0.519639,0.000000,-0.267673,0.247975,-0.000000,-0.056326,-0.060099,0.000000
artstein,41.250000,-1.979435,0.286071,-3.249880,0.531019,0.000000,-0.048874,-0.520222,0.000000,-0.270445,0.244947,0.000000,-0.055647,-0.060729,0.000000
artstein,41.300000,-1.982528,0.263785,-3.255711,0.505674,0.000000,-0.043019,-0.520739,0.000000,-0.273183,0.241889,0.000000,-0.054960,-0.061351,0.000000
artstein,41.350000,-1.985370,0.241465,-3.261257,0.480265,0.000000,-0.037158,-0.521189,0.000000,-0.275887,0.238800,0.000000,-0.054266,-0.061965,0.000000
artstein,41.400000,-1.987961,0.219115,-3.266516,0.454796,0.000000,-0.031292,-0.521574,0.000000,-0.278555,0.235681,0.000000,-0.053566,-0.062572,0.000000
artstein,41.450000,-1.990300,0.196737,-3.271489,0.429269,0.000000,-0.025423,-0.521893,0.000000,-0.281188,0.232531,0.000000,-0.052859,-0.063170,0.000000
artstein,41.500000,-1.992387,0.174334,-3.276174,0.403687,0.000000,-0.019550,-0.522146,0.000000,-0.283786,0.229353,0.000000,-0.052145,-0.063761,0.000000
artstein,41.550000,-1.994223,0.151909,-3.280570,0.378055,0.000000,-0.013675,-0.522333,0.000000,-0.286348,0.226146,0.000000,-0.051424,-0.064343,0.000000
artstein,41.600000,-1.995805,0.129465,-3.284679,0.352375,0.000000,-0.007798,-0.522453,0.000000,-0.288873,0.222909,0.000000,-0.050697,-0.064918,0.000000
artstein,41.650000,-1.997135,0.107005,-3.288498,0.326650,0.000000,-0.001920,-0.522508,0.000000,-0.291362,0.219645,0.000000,-0.049963,-0.065484,0.000000
artstein,41.700000,-1.998213,0.084531,-3.292027,0.300884,0.000000,0.003958,-0.522496,0.000000,-0.293815,0.216353,0.000000,-0.049224,-0.066041,0.000000
artstein,41.750000,-1.999037,0.062046,-3.295267,0.275080,0.000000,0.009836,-0.522419,-0.000000,-0.296229,0.213034,0.000000,-0.048478,-0.066591,0.000000
artstein,41.800000,-1.999609,0.039553,-3.298216,0.249241,0.000000,0.015712,-0.522275,-0.000000,-0.298607,0.209687,0.000000,-0.047725,-0.067132,0.000000
artstein,41.850000,-1.999927,0.017056,-3.300874,0.223370,0.000000,0.021587,-0.522065,-0.000000,-0.300946,0.206314,0.000000,-0.046967,-0.067664,0.000000
artstein,41.900000,-1.999993,-0.005444,-3.303241,0.197471,0.000000,0.027458,-0.521789,-0.000000,-0.303248,0.202915,0.000000,-0.046203,-0.068188,0.000000
artstein,41.950000,-1.999805,-0.027943,-3.305316,0.171547,0.000000,0.033327,-0.521447,-0.000000,-0.305511,0.199490,0.000000,-0.045433,-0.068704,0.000000
artstein,42.000000,-1.999364,-0.050439,-3.307099,0.145602,0.000000,0.039191,-0.521039,-0.000000,-0.307736,0.196041,0.000000,-0.044657,-0.069210,0.000000
artstein,42.050000,-1.998670,-0.072928,-3.308591,0.119638,0.000000,0.045050,-0.520565,-0.000000,-0.309921,0.192566,0.000000,-0.043876,-0.069708,0.000000
artstein,42.100000,-1.997723,-0.095408,-3.309790,0.093659,0.000000,0.050903,-0.520025,-0.000000,-0.312067,0.189067,0.000000,-0.043089,-0.070197,0.000000
artstein,42.150000,-1.996523,-0.117876,-3.310697,0.067668,0.000000,0.056750,-0.519419,-0.000000,-0.314174,0.185544,0.000000,-0.042297,-0.070677,0.000000
artstein,42.200000,-1.995071,-0.140329,-3.311312,0.041669,0.000000,0.062589,-0.518748,-0.000000,-0.316241,0.181997,0.000000,-0.041499,-0.071149,0.000000
artstein,42.250000,-1.993366,-0.162764,-3.311634,0.015664,0.000000,0.068421,-0.518011,-0.000000,-0.318268,0.178428,0.000000,-0.040696,-0.071611,0.000000
artstein,42.300000,-1.991409,-0.185178,-3.311664,-0.010343,0.000000,0.074244,-0.517208,-0.000000,-0.320255,0.174836,0.000000,-0.039888,-0.072064,0.000000
artstein,42.350000,-1.989200,-0.207570,-3.311401,-0.036348,0.000000,0.080058,-0.516340,-0.000000,-0.322201,0.171221,0.000000,-0.039075,-0.072508,0.000000
artstein,42.400000,-1.986739,-0.229935,-3.310845,-0.062349,0.000000,0.085862,-0.515407,-0.000000,-0.324106,0.167586,0.000000,-0.038256,-0.072943,0.000000
artstein,42.450000,-1.984026,-0.252270,-3.309997,-0.088342,0.000000,0.091654,-0.514408,-0.000000,-0.325971,0.163929,0.000000,-0.037433,-0.073368,0.000000
artstein,42.500000,-1.981063,-0.274574,-3.308857,-0.114323,0.000000,0.097435,-0.513344,-0.000000,-0.327794,0.160251,0.000000,-0.036606,-0.073785,-0.000000
artstein,42.550000,-1.977848,-0.296843,-3.307424,-0.140291,0.000000,0.103204,-0.512215,-0.000000,-0.329576,0.156553,0.000000,-0.035773,-0.074192,-0.000000
artstein,42.600000,-1.974384,-0.319075,-3.305699,-0.166240,0.000000,0.108960,-0.511022,-0.000000,-0.331316,0.152835,0.000000,-0.034937,-0.074589,-0.000000
artstein,42.650000,-1.970669,-0.341266,-3.303683,-0.192168,0.000000,0.114702,-0.509764,-0.000000,-0.333014,0.149098,0.000000,-0.034095,-0.074978,-0.000000
artstein,42.700000,-1.966705,-0.363414,-3.301375,-0.218072,0.000000,0.120429,-0.508441,-0.000000,-0.334669,0.145342,0.000000,-0.033250,-0.075356,-0.000000
artstein,42.750000,-1.962493,-0.385516,-3.298776,-0.243949,0.000000,0.126141,-0.507054,-0.000000,-0.336283,0.141567,0.000000,-0.032400,-0.075725,-0.000000
artstein,42.800000,-1.958032,-0.407569,-3.295885,-0.269794,0.000000,0.131838,-0.505603,-0.000000,-0.337854,0.137775,0.000000,-0.031546,-0.076085,-0.000000
artstein,42.850000,-1.953323,-0.429571,-3.292704,-0.295606,0.000000,0.137517,-0.504087,-0.000000,-0.339382,0.133965,0.000000,-0.030688,-0.076435,-0.000000
artstein,42.900000,-1.948366,-0.451518,-3.289234,-0.321380,0.000000,0.143179,-0.502508,-0.000000,-0.340867,0.130138,0.000000,-0.029826,-0.076775,-0.000000
artstein,42.950000,-1.943164,-0.473408,-3.285473,-0.347113,0.000000,0.148823,-0.500866,-0.000000,-0.342309,0.126295,0.000000,-0.028961,-0.077106,-0.000000
artstein,43.000000,-1.937715,-0.495238,-3.281423,-0.372802,0.000000,0.154448,-0.499160,-0.000000,-0.343708,0.122436,0.000000,-0.028092,-0.077427,-0.000000
artstein,43.050000,-1.932021,-0.517006,-3.277084,-0.398444,0.000000,0.160054,-0.497390,-0.000000,-0.345063,0.118561,0.000000,-0.027219,-0.077738,-0.000000
artstein,43.100000,-1.926083,-0.538708,-3.272457,-0.424036,0.000000,0.165639,-0.495558,-0.000000,-0.346375,0.114672,0.000000,-0.026343,-0.078039,-0.000000
artstein,43.150000,-1.919900,-0.560342,-3.267543,-0.449574,0.000000,0.171204,-0.493663,-0.000000,-0.347643,0.110768,0.000000,-0.025463,-0.078330,-0.000000
artstein,43.200000,-1.913475,-0.581905,-3.262341,-0.475055,0.000000,0.176746,-0.491706,-0.000000,-0.348866,0.106849,0.000000,-0.024580,-0.078611,-0.000000
artstein,43.250000,-1.906808,-0.603394,-3.256854,-0.500476,0.000000,0.182267,-0.489687,-0.000000,-0.350046,0.102918,0.000000,-0.023695,-0.078883,-0.000000
artstein,43.300000,-1.899899,-0.624807,-3.251080,-0.525834,0.000000,0.187764,-0.487605,-0.000000,-0.351181,0.098973,0.000000,-0.022806,-0.079144,-0.000000
artstein,43.350000,-1.892750,-0.646141,-3.245022,-0.551125,0.000000,0.193237,-0.485462,-0.000000,-0.352272,0.095016,0.000000,-0.021914,-0.079396,-0.000000
artstein,43.400000,-1.885361,-0.667393,-3.238679,-0.576346,0.000000,0.198687,-0.483257,-0.000000,-0.353318,0.091047,0.000000,-0.021019,-0.079637,-0.000000
artstein,43.450000,-1.877734,-0.688560,-3.232054,-0.601494,0.000000,0.204110,-0.480991,-0.000000,-0.354320,0.087066,0.000000,-0.020122,-0.079868,-0.000000
artstein,43.500000,-1.869869,-0.709641,-3.225145,-0.626567,0.000000,0.209508,-0.478664,-0.000000,-0.355276,0.083074,0.000000,-0.019223,-0.080090,-0.000000
artstein,43.550000,-1.861767,-0.730632,-3.217956,-0.651559,0.000000,0.214880,-0.476277,-0.000000,-0.356188,0.079072,0.000000,-0.018320,-0.080301,-0.000000
artstein,43.600000,-1.853430,-0.751530,-3.210485,-0.676470,0.000000,0.220224,-0.473830,-0.000000,-0.357055,0.075060,0.000000,-0.017416,-0.080502,-0.000000
artstein,43.650000,-1.844858,-0.772333,-3.202735,-0.701295,0.000000,0.225541,-0.471322,-0.000000,-0.357876,0.071038,0.000000,-0.016509,-0.080692,-0.000000
artstein,43.700000,-1.836053,-0.793038,-3.194705,-0.726031,0.000000,0.230829,-0.468755,-0.000000,-0.358653,0.067007,0.000000,-0.015601,-0.080873,-0.000000
artstein,43.750000,-1.827015,-0.813643,-3.186399,-0.750675,0.000000,0.236087,-0.466128,-0.000000,-0.359383,0.062968,0.000000,-0.014690,-0.081043,-0.000000
artstein,43.800000,-1.817746,-0.834145,-3.177815,-0.775224,0.000000,0.241316,-0.463443,-0.000000,-0.360069,0.058921,0.000000,-0.013777,-0.081203,-0.000000
artstein,43.850000,-1.808247,-0.854542,-3.168956,-0.799675,0.000000,0.246515,-0.460699,-0.000000,-0.360708,0.054867,0.000000,-0.012863,-0.081353,-0.000000
artstein,43.900000,-1.798520,-0.874830,-3.159822,-0.824025,0.000000,0.251682,-0.457896,-0.000000,-0.361302,0.050805,0.000000,-0.011947,-0.081492,-0.000000
artstein,43.950000,-1.788564,-0.895008,-3.150415,-0.848270,0.000000,0.256817,-0.455036,-0.000000,-0.361851,0.046737,0.000000,-0.011029,-0.081622,-0.000000
artstein,44.000000,-1.778382,-0.915072,-3.140736,-0.872408,0.000000,0.261920,-0.452118,-0.000000,-0.362353,0.042663,0.000000,-0.010111,-0.081740,-0.000000
artstein,44.050000,-1.767975,-0.935020,-3.130785,-0.896436,0.000000,0.266989,-0.449143,-0.000000,-0.362810,0.038584,0.000000,-0.009190,-0.081849,-0.000000
artstein,44.100000,-1.757345,-0.954850,-3.120566,-0.920350,0.000000,0.272025,-0.446111,-0.000000,-0.363221,0.034500,0.000000,-0.008269,-0.081947,-0.000000
artstein,44.150000,-1.746492,-0.974560,-3.110077,-0.944148,0.000000,0.277026,-0.443022,-0.000000,-0.363586,0.030411,0.000000,-0.007347,-0.082035,-0.000000
artstein,44.200000,-1.735418,-0.994146,-3.099322,-0.967826,0.000000,0.281993,-0.439877,-0.000000,-0.363904,0.026319,0.000000,-0.006424,-0.082112,-0.000000
artstein,44.250000,-1.724124,-1.013606,-3.088301,-0.991382,0.000000,0.286923,-0.436677,-0.000000,-0.364177,0.022224,0.000000,-0.005499,-0.082179,-0.000000
artstein,44.300000,-1.712612,-1.032938,-3.077016,-1.014812,0.000000,0.291818,-0.433422,-0.000000,-0.364404,0.018125,0.000000,-0.004575,-0.082236,-0.000000
artstein,44.350000,-1.700883,-1.052139,-3.065468,-1.038114,0.000000,0.296675,-0.430111,-0.000000,-0.364584,0.014024,0.000000,-0.003649,-0.082282,-0.000000
artstein,44.400000,-1.688939,-1.071207,-3.053658,-1.061285,0.000000,0.301495,-0.426746,-0.000000,-0.364719,0.009922,0.000000,-0.002724,-0.082318,-0.000000
artstein,44.450000,-1.676782,-1.090139,-3.041589,-1.084321,0.000000,0.306276,-0.423328,-0.000000,-0.364807,0.005818,0.000000,-0.001797,-0.082343,-0.000000
artstein,44.500000,-1.664412,-1.108933,-3.029261,-1.107220,0.000000,0.311019,-0.419855,-0.000000,-0.364849,0.001714,0.000000,-0.000871,-0.082358,-0.000000
artstein,44.550000,-1.651831,-1.127588,-3.016676,-1.129978,0.000000,0.315723,-0.416330,-0.000000,-0.364845,-0.002391,0.000000,0.000056,-0.082362,-0.000000
artstein,44.600000,-1.639042,-1.146099,-3.003836,-1.152594,0.000000,0.320386,-0.412751,-0.000000,-0.364795,-0.006495,0.000000,0.000982,-0.082356,-0.000000
artstein,44.650000,-1.626045,-1.164465,-2.990743,-1.175064,0.000000,0.325009,-0.409121,-0.000000,-0.364698,-0.010599,0.000000,0.001908,-0.082340,-0.000000
artstein,44.700000,-1.612842,-1.182684,-2.977397,-1.197385,0.000000,0.329591,-0.405439,-0.000000,-0.364556,-0.014701,0.000000,0.002835,-0.082313,-0.000000
artstein,44.750000,-1.599435,-1.200753,-2.963802,-1.219555,0.000000,0.334131,-0.401705,-0.000000,-0.364367,-0.018801,0.000000,0.003760,-0.082276,-0.000000
artstein,44.800000,-1.585825,-1.218671,-2.949957,-1.241570,0.000000,0.338629,-0.397921,-0.000000,-0.364132,-0.022899,0.000000,0.004686,-0.082229,-0.000000
artstein,44.850000,-1.572015,-1.236434,-2.935866,-1.263428,0.000000,0.343084,-0.394086,-0.000000,-0.363851,-0.026994,0.000000,0.005610,-0.082171,-0.000000
artstein,44.900000,-1.558006,-1.254040,-2.921530,-1.285126,0.000000,0.347496,-0.390202,-0.000000,-0.363524,-0.031086,0.000000,0.006534,-0.082102,-0.000000
artstein,44.950000,-1.543800,-1.271488,-2.906951,-1.306662,0.000000,0.351864,-0.386268,-0.000000,-0.363151,-0.035174,0.000000,0.007457,-0.082023,-0.000000
artstein,45.000000,-1.529398,-1.288775,-2.892131,-1.328032,0.000000,0.356187,-0.382285,-0.000000,-0.362732,-0.039257,0.000000,0.008380,-0.081934,-0.000000
artstein,45.050000,-1.514803,-1.305899,-2.877071,-1.349234,0.000000,0.360465,-0.378253,-0.000000,-0.362268,-0.043335,0.000000,0.009301,-0.081835,-0.000000
artstein,45.100000,-1.500016,-1.322857,-2.861773,-1.370265,0.000000,0.364697,-0.374174,-0.000000,-0.361757,-0.047408,0.000000,0.010221,-0.081725,-0.000000
artstein,45.150000,-1.485039,-1.339648,-2.846240,-1.391123,0.000000,0.368883,-0.370048,-0.000000,-0.361200,-0.051475,0.000000,0.011139,-0.081605,-0.000000
artstein,45.200000,-1.469875,-1.356270,-2.830473,-1.411805,0.000000,0.373023,-0.365874,-0.000000,-0.360598,-0.055535,0.000000,0.012057,-0.081474,-0.000000
artstein,45.250000,-1.454524,-1.372720,-2.814474,-1.432308,0.000000,0.377115,-0.361655,-0.000000,-0.359950,-0.059588,0.000000,0.012972,-0.081333,-0.000000
artstein,45.300000,-1.438989,-1.388996,-2.798246,-1.452630,0.000000,0.381160,-0.357389,-0.000000,-0.359257,-0.063634,0.000000,0.013887,-0.081182,-0.000000
artstein,45.350000,-1.423272,-1.405097,-2.781790,-1.472768,0.000000,0.385156,-0.353079,-0.000000,-0.358518,-0.067671,0.000000,0.014799,-0.081021,-0.000000
artstein,45.400000,-1.407375,-1.421019,-2.765109,-1.492719,0.000000,0.389104,-0.348724,-0.000000,-0.357734,-0.071700,0.000000,0.015709,-0.080849,-0.000000
artstein,45.450000,-1.391300,-1.436762,-2.748204,-1.512482,0.000000,0.393002,-0.344324,-0.000000,-0.356904,-0.075720,0.000000,0.016618,-0.080667,-0.000000
artstein,45.500000,-1.375049,-1.452323,-2.731079,-1.532053,0.000000,0.396851,-0.339881,-0.000000,-0.356030,-0.079730,0.000000,0.017524,-0.080475,-0.000000
artstein,45.550000,-1.358623,-1.467700,-2.713734,-1.551430,0.000000,0.400649,-0.335395,-0.000000,-0.355110,-0.083731,0.000000,0.018428,-0.080273,-0.000000
artstein,45.600000,-1.342026,-1.482891,-2.696172,-1.570611,0.000000,0.404397,-0.330867,-0.000000,-0.354146,-0.087720,0.000000,0.019330,-0.080060,-0.000000
artstein,45.650000,-1.325259,-1.497895,-2.678395,-1.589594,0.000000,0.408093,-0.326296,-0.000000,-0.353136,-0.091699,0.000000,0.020230,-0.079838,-0.000000
artstein,45.700000,-1.308324,-1.512709,-2.660406,-1.608374,0.000000,0.411738,-0.321685,-0.000000,-0.352082,-0.095666,0.000000,0.021126,-0.079605,-0.000000
artstein,45.750000,-1.291224,-1.527331,-2.642207,-1.626952,0.000000,0.415331,-0.317032,-0.000000,-0.350983,-0.099621,0.000000,0.022021,-0.079362,-0.000000
artstein,45.800000,-1.273960,-1.541761,-2.623800,-1.645323,0.000000,0.418871,-0.312340,-0.000000,-0.349840,-0.103563,0.000000,0.022912,-0.079109,-0.000000
artstein,45.850000,-1.256535,-1.555995,-2.605188,-1.663487,0.000000,0.422358,-0.307608,-0.000000,-0.348653,-0.107492,0.000000,0.023800,-0.078847,-0.000000
artstein,45.900000,-1.238951,-1.570032,-2.586372,-1.681439,0.000000,0.425792,-0.302837,-0.000000,-0.347421,-0.111407,0.000000,0.024686,-0.078574,-0.000000
artstein,45.950000,-1.221210,-1.583871,-2.567356,-1.699179,0.000000,0.429172,-0.298028,-0.000000,-0.346146,-0.115309,0.000000,0.025568,-0.078291,-0.000000
artstein,46.000000,-1.203315,-1.597509,-2.548141,-1.716704,0.000000,0.432498,-0.293181,-0.000000,-0.344826,-0.119195,0.000000,0.026447,-0.077999,-0.000000
artstein,46.050000,-1.185267,-1.610945,-2.528730,-1.734012,0.000000,0.435768,-0.288296,-0.000000,-0.343463,-0.123067,0.000000,0.027323,-0.077696,-0.000000
artstein,46.100000,-1.167069,-1.624177,-2.509126,-1.751100,0.000000,0.438984,-0.283376,-0.000000,-0.342057,-0.126923,0.000000,0.028195,-0.077384,-0.000000
artstein,46.150000,-1.148724,-1.637203,-2.489331,-1.767966,0.000000,0.442144,-0.278419,-0.000000,-0.340607,-0.130763,0.000000,0.029064,-0.077062,-0.000000
artstein,46.200000,-1.130233,-1.650022,-2.469347,-1.784609,0.000000,0.445248,-0.273428,-0.000000,-0.339114,-0.134587,0.000000,0.029929,-0.076730,-0.000000
artstein,46.250000,-1.111599,-1.662633,-2.449178,-1.801026,0.000000,0.448296,-0.268402,-0.000000,-0.337579,-0.138393,0.000000,0.030790,-0.076388,-0.000000
artstein,46.300000,-1.092824,-1.675033,-2.428825,-1.817215,0.000000,0.451287,-0.263341,-0.000000,-0.336000,-0.142182,0.000000,0.031647,-0.076037,-0.000000
artstein,46.350000,-1.073911,-1.687221,-2.408291,-1.833174,0.000000,0.454221,-0.258248,-0.000000,-0.334379,-0.145953,0.000000,0.032501,-0.075676,-0.000000
artstein,46.400000,-1.054863,-1.699195,-2.387579,-1.848901,0.000000,0.457097,-0.253121,-0.000000,-0.332716,-0.149705,0.000000,0.033350,-0.075305,-0.000000
artstein,46.450000,-1.035680,-1.710955,-2.366691,-1.864394,0.000000,0.459916,-0.247963,-0.000000,-0.331011,-0.153439,0.000000,0.034195,-0.074926,-0.000000
artstein,46.500000,-1.016367,-1.722498,-2.345630,-1.879651,0.000000,0.462676,-0.242774,-0.000000,-0.329263,-0.157153,0.000000,0.035036,-0.074536,-0.000000
artstein,46.550000,-0.996925,-1.733823,-2.324399,-1.894670,0.000000,0.465378,-0.237553,-0.000000,-0.327475,-0.160847,0.000000,0.035872,-0.074137,-0.000000
artstein,46.600000,-0.977357,-1.744928,-2.303001,-1.909449,0.000000,0.468021,-0.232303,-0.000000,-0.325644,-0.164521,0.000000,0.036704,-0.073729,-0.000000
artstein,46.650000,-0.957665,-1.755813,-2.281437,-1.923987,0.000000,0.470605,-0.227023,-0.000000,-0.323773,-0.168174,0.000000,0.037531,-0.073311,-0.000000
artstein,46.700000,-0.937852,-1.766475,-2.259712,-1.938281,0.000000,0.473129,-0.221714,-0.000000,-0.321860,-0.171806,0.000000,0.038353,-0.072884,-0.000000
artstein,46.750000,-0.917920,-1.776914,-2.237827,-1.952330,0.000000,0.475593,-0.216378,-0.000000,-0.319907,-0.175416,0.000000,0.039170,-0.072448,-0.000000
artstein,46.800000,-0.897872,-1.787128,-2.215785,-1.966131,0.000000,0.477997,-0.211014,-0.000000,-0.317913,-0.179003,0.000000,0.039983,-0.072003,-0.000000
artstein,46.850000,-0.877710,-1.797116,-2.193589,-1.979684,0.000000,0.480341,-0.205623,-0.000000,-0.315879,-0.182568,0.000000,0.040790,-0.071549,-0.000000
artstein,46.900000,-0.857438,-1.806876,-2.171243,-1.992986,0.000000,0.482624,-0.200206,-0.000000,-0.313805,-0.186110,0.000000,0.041593,-0.071085,-0.000000
artstein,46.950000,-0.837057,-1.816407,-2.148748,-2.006036,0.000000,0.484845,-0.194764,-0.000000,-0.311691,-0.189629,0.000000,0.042390,-0.070613,-0.000000
artstein,47.000000,-0.816570,-1.825709,-2.126108,-2.018833,0.000000,0.487006,-0.189297,-0.000000,-0.309538,-0.193123,0.000000,0.043181,-0.070131,-0.000000
artstein,47.050000,-0.795979,-1.834780,-2.103325,-2.031373,0.000000,0.489104,-0.183807,-0.000000,-0.307346,-0.196593,0.000000,0.043968,-0.069641,-0.000000
artstein,47.100000,-0.775288,-1.843618,-2.080402,-2.043657,0.000000,0.491141,-0.178293,-0.000000,-0.305115,-0.200038,0.000000,0.044748,-0.069142,-0.000000
artstein,47.150000,-0.754499,-1.852224,-2.057343,-2.055682,0.000000,0.493116,-0.172756,-0.000000,-0.302845,-0.203458,0.000000,0.045523,-0.068634,-0.000000
artstein,47.200000,-0.733614,-1.860594,-2.034150,-2.067446,0.000000,0.495028,-0.167198,-0.000000,-0.300537,-0.206852,0.000000,0.046292,-0.068118,-0.000000
artstein,47.250000,-0.712636,-1.868729,-2.010826,-2.078950,-0.000000,0.496877,-0.161618,-0.000000,-0.298190,-0.210220,-0.000000,0.047056,-0.067593,-0.000000
artstein,47.300000,-0.691568,-1.876628,-1.987375,-2.090189,-0.000000,0.498664,-0.156018,-0.000000,-0.295806,-0.213561,-0.000000,0.047813,-0.067059,-0.000000
artstein,47.350000,-0.670413,-1.884289,-1.963798,-2.101165,-0.000000,0.500388,-0.150398,-0.000000,-0.293385,-0.216875,-0.000000,0.048564,-0.066517,-0.000000
artstein,47.400000,-0.649173,-1.891712,-1.940099,-2.111874,-0.000000,0.502048,-0.144760,-0.000000,-0.290927,-0.220162,-0.000000,0.049309,-0.065966,-0.000000
artstein,47.450000,-0.627850,-1.898896,-1.916281,-2.122317,-0.000000,0.503645,-0.139103,-0.000000,-0.288431,-0.223421,-0.000000,0.050048,-0.065407,-0.000000
artstein,47.500000,-0.606448,-1.905839,-1.892348,-2.132490,-0.000000,0.505178,-0.133428,-0.000000,-0.285899,-0.226652,-0.000000,0.050781,-0.064840,-0.000000
artstein,47.550000,-0.584970,-1.912540,-1.868301,-2.142394,-0.000000,0.506647,-0.127736,-0.000000,-0.283331,-0.229854,-0.000000,0.051507,-0.064265,-0.000000
artstein,47.600000,-0.563417,-1.919000,-1.844145,-2.152027,-0.000000,0.508051,-0.122029,-0.000000,-0.280728,-0.233026,-0.000000,0.052227,-0.063681,-0.000000
artstein,47.650000,-0.541793,-1.925217,-1.819881,-2.161387,-0.000000,0.509392,-0.116305,-0.000000,-0.278088,-0.236170,-0.000000,0.052940,-0.063090,-0.000000
artstein,47.700000,-0.520101,-1.931190,-1.795514,-2.170473,-0.000000,0.510668,-0.110567,-0.000000,-0.275414,-0.239283,-0.000000,0.053646,-0.062490,-0.000000
artstein,47.750000,-0.498342,-1.936919,-1.771046,-2.179285,-0.000000,0.511880,-0.104816,0.000000,-0.272704,-0.242366,-0.000000,0.054346,-0.061883,-0.000000
artstein,47.800000,-0.476521,-1.942403,-1.746481,-2.187821,-0.000000,0.513026,-0.099050,0.000000,-0.269960,-0.245419,-0.000000,0.055039,-0.061267,-0.000000
artstein,47.850000,-0.454639,-1.947640,-1.721821,-2.196081,-0.000000,0.514108,-0.093273,0.000000,-0.267182,-0.248440,-0.000000,0.055724,-0.060644,-0.000000
artstein,47.900000,-0.432700,-1.952632,-1.697070,-2.204062,-0.000000,0.515125,-0.087483,0.000000,-0.264370,-0.251430,-0.000000,0.056403,-0.060013,-0.000000
artstein,47.950000,-0.410706,-1.957376,-1.672231,-2.211764,-0.000000,0.516076,-0.081683,0.000000,-0.261525,-0.254388,-0.000000,0.057074,-0.059375,-0.000000
artstein,48.000000,-0.388660,-1.961872,-1.647306,-2.219187,-0.000000,0.516963,-0.075872,0.000000,-0.258646,-0.257314,-0.000000,0.057739,-0.058729,-0.000000
artstein,48.050000,-0.366565,-1.966121,-1.622300,-2.226328,-0.000000,0.517784,-0.070051,0.000000,-0.255735,-0.260208,-0.000000,0.058396,-0.058076,-0.000000
artstein,48.100000,-0.344423,-1.970120,-1.597215,-2.233188,-0.000000,0.518539,-0.064222,0.000000,-0.252792,-0.263068,-0.000000,0.059045,-0.057415,-0.000000
artstein,48.150000,-0.322238,-1.973870,-1.572054,-2.239765,-0.000000,0.519228,-0.058384,0.000000,-0.249816,-0.265895,-0.000000,0.059687,-0.056747,-0.000000
artstein,48.200000,-0.300012,-1.977370,-1.546821,-2.246059,-0.000000,0.519852,-0.052539,0.000000,-0.246809,-0.268689,-0.000000,0.060322,-0.056072,-0.000000
artstein,48.250000,-0.277748,-1.980620,-1.521519,-2.252068,-0.000000,0.520410,-0.046688,0.000000,-0.243771,-0.271448,-0.000000,0.060949,-0.055390,-0.000000
artstein,48.300000,-0.255449,-1.983619,-1.496150,-2.257793,-0.000000,0.520903,-0.040830,0.000000,-0.240701,-0.274173,-0.000000,0.061568,-0.054701,-0.000000
artstein,48.350000,-0.233117,-1.986368,-1.470719,-2.263231,-0.000000,0.521329,-0.034968,0.000000,-0.237602,-0.276864,-0.000000,0.062180,-0.054005,-0.000000
artstein,48.400000,-0.210757,-1.988864,-1.445228,-2.268384,-0.000000,0.521689,-0.029101,0.000000,-0.234472,-0.279519,-0.000000,0.062783,-0.053302,-0.000000
artstein,48.450000,-0.188369,-1.991110,-1.419681,-2.273249,-0.000000,0.521984,-0.023230,0.000000,-0.231312,-0.282139,-0.000000,0.063379,-0.052592,-0.000000
artstein,48.500000,-0.165958,-1.993103,-1.394081,-2.277826,-0.000000,0.522212,-0.017356,0.000000,-0.228124,-0.284724,-0.000000,0.063966,-0.051876,-0.000000
artstein,48.550000,-0.143525,-1.994843,-1.368431,-2.282115,-0.000000,0.522374,-0.011480,0.000000,-0.224906,-0.287272,-0.000000,0.064546,-0.051153,0.000000
artstein,48.600000,-0.121075,-1.996332,-1.342735,-2.286116,-0.000000,0.522470,-0.005603,0.000000,-0.221660,-0.289784,-0.000000,0.065117,-0.050424,0.000000
artstein,48.650000,-0.098609,-1.997568,-1.316995,-2.289827,-0.000000,0.522500,0.000275,0.000000,-0.218386,-0.292259,-0.000000,0.065680,-0.049688,0.000000
artstein,48.700000,-0.076130,-1.998551,-1.291214,-2.293248,-0.000000,0.522464,0.006153,0.000000,-0.215084,-0.294697,-0.000000,0.066235,-0.048946,0.000000
artstein,48.750000,-0.053642,-1.999281,-1.265397,-2.296379,-0.000000,0.522362,0.012030,0.000000,-0.211755,-0.297098,-0.000000,0.066782,-0.048198,0.000000
artstein,48.800000,-0.031147,-1.999757,-1.239547,-2.299219,-0.000000,0.522193,0.017906,0.000000,-0.208400,-0.299461,-0.000000,0.067320,-0.047443,0.000000
artstein,48.850000,-0.008649,-1.999981,-1.213666,-2.301768,-0.000000,0.521959,0.023779,0.000000,-0.205017,-0.301787,-0.000000,0.067849,-0.046683,0.000000
artstein,48.900000,0.013851,-1.999952,-1.187758,-2.304026,-0.000000,0.521658,0.029650,0.000000,-0.201609,-0.304074,-0.000000,0.068370,-0.045917,0.000000
artstein,48.950000,0.036349,-1.999670,-1.161826,-2.305993,-0.000000,0.521292,0.035516,0.000000,-0.198176,-0.306323,-0.000000,0.068882,-0.045145,0.000000
artstein,49.000000,0.058843,-1.999134,-1.135874,-2.307667,-0.000000,0.520859,0.041378,0.000000,-0.194717,-0.308533,-0.000000,0.069386,-0.044367,0.000000
artstein,49.050000,0.081329,-1.998346,-1.109905,-2.309050,-0.000000,0.520361,0.047235,0.000000,-0.191234,-0.310704,-0.000000,0.069880,-0.043584,0.000000
artstein,49.100000,0.103805,-1.997304,-1.083922,-2.310140,-0.000000,0.519796,0.053086,0.000000,-0.187726,-0.312835,-0.000000,0.070366,-0.042795,0.000000
artstein,49.150000,0.126267,-1.996010,-1.057928,-2.310938,-0.000000,0.519166,0.058930,0.000000,-0.184195,-0.314927,-0.000000,0.070843,-0.042000,0.000000
artstein,49.200000,0.148714,-1.994463,-1.031926,-2.311443,-0.000000,0.518470,0.064767,0.000000,-0.180640,-0.316980,-0.000000,0.071311,-0.041201,0.000000
artstein,49.250000,0.171142,-1.992664,-1.005921,-2.311656,-0.000000,0.517709,0.070596,0.000000,-0.177063,-0.318992,-0.000000,0.071770,-0.040396,0.000000
artstein,49.300000,0.193548,-1.990613,-0.979915,-2.311576,-0.000000,0.516882,0.076415,0.000000,-0.173463,-0.320963,-0.000000,0.072220,-0.039586,0.000000
artstein,49.350000,0.215930,-1.988309,-0.953912,-2.311204,-0.000000,0.515989,0.082225,0.000000,-0.169841,-0.322894,-0.000000,0.072661,-0.038771,0.000000
artstein,49.400000,0.238284,-1.985754,-0.927914,-2.310539,-0.000000,0.515032,0.088025,0.000000,-0.166198,-0.324785,-0.000000,0.073092,-0.037951,0.000000
artstein,49.450000,0.260608,-1.982948,-0.901926,-2.309582,-0.000000,0.514009,0.093813,0.000000,-0.162534,-0.326634,-0.000000,0.073514,-0.037126,0.000000
artstein,49.500000,0.282899,-1.979891,-0.875949,-2.308332,-0.000000,0.512921,0.099590,0.000000,-0.158849,-0.328441,-0.000000,0.073927,-0.036297,0.000000
artstein,49.550000,0.305155,-1.976583,-0.849989,-2.306791,-0.000000,0.511768,0.105354,0.000000,-0.155144,-0.330208,-0.000000,0.074331,-0.035463,0.000000
artstein,49.600000,0.327372,-1.973025,-0.824048,-2.304957,-0.000000,0.510551,0.111104,0.000000,-0.151419,-0.331932,-0.000000,0.074725,-0.034625,0.000000
artstein,49.650000,0.349547,-1.969217,-0.798129,-2.302832,-0.000000,0.509268,0.116841,0.000000,-0.147676,-0.333614,-0.000000,0.075110,-0.033782,0.000000
artstein,49.700000,0.371678,-1.965160,-0.772235,-2.300415,-0.000000,0.507922,0.122563,0.000000,-0.143913,-0.335254,-0.000000,0.075485,-0.032935,0.000000
artstein,49.750000,0.393762,-1.960855,-0.746370,-2.297707,-0.000000,0.506511,0.128269,0.000000,-0.140132,-0.336852,-0.000000,0.075851,-0.032084,0.000000
artstein,49.800000,0.415796,-1.956301,-0.720538,-2.294708,-0.000000,0.505036,0.133959,0.000000,-0.136334,-0.338407,-0.000000,0.076207,-0.031228,0.000000
artstein,49.850000,0.437778,-1.951500,-0.694740,-2.291419,-0.000000,0.503497,0.139632,0.000000,-0.132518,-0.339920,-0.000000,0.076554,-0.030369,0.000000
artstein,49.900000,0.459704,-1.946451,-0.668982,-2.287840,-0.000000,0.501894,0.145287,0.000000,-0.128686,-0.341389,-0.000000,0.076890,-0.029506,0.000000
artstein,49.950000,0.481572,-1.941156,-0.643265,-2.283971,-0.000000,0.500228,0.150924,0.000000,-0.124837,-0.342815,-0.000000,0.077217,-0.028639,0.000000
artstein,50.000000,0.503379,-1.935616,-0.617593,-2.279813,-0.000000,0.498498,0.156542,0.000000,-0.120973,-0.344197,-0.000000,0.077535,-0.027768,0.000000
artstein,50.050000,0.525123,-1.929831,-0.591970,-2.275367,-0.000000,0.496706,0.162140,0.000000,-0.117093,-0.345537,-0.000000,0.077842,-0.026894,0.000000
artstein,50.100000,0.546800,-1.923801,-0.566399,-2.270633,-0.000000,0.494850,0.167718,0.000000,-0.113198,-0.346832,-0.000000,0.078140,-0.026017,0.000000
artstein,50.150000,0.568407,-1.917528,-0.540882,-2.265611,-0.000000,0.492932,0.173274,0.000000,-0.109289,-0.348083,-0.000000,0.078427,-0.025136,0.000000
artstein,50.200000,0.589943,-1.911012,-0.515423,-2.260303,-0.000000,0.490951,0.178809,0.000000,-0.105366,-0.349291,-0.000000,0.078705,-0.024252,0.000000
artstein,50.250000,0.611404,-1.904254,-0.490026,-2.254708,-0.000000,0.488909,0.184320,0.000000,-0.101430,-0.350454,-0.000000,0.078973,-0.023365,0.000000
artstein,50.300000,0.632788,-1.897256,-0.464693,-2.248828,-0.000000,0.486804,0.189809,0.000000,-0.097481,-0.351573,-0.000000,0.079231,-0.022476,0.000000
artstein,50.350000,0.654091,-1.890017,-0.439428,-2.242664,-0.000000,0.484638,0.195273,0.000000,-0.093520,-0.352647,-0.000000,0.079479,-0.021583,0.000000
artstein,50.400000,0.675312,-1.882539,-0.414234,-2.236216,-0.000000,0.482411,0.200713,0.000000,-0.089547,-0.353677,-0.000000,0.079716,-0.020687,0.000000
artstein,50.450000,0.696448,-1.874823,-0.389115,-2.229485,-0.000000,0.480122,0.206127,0.000000,-0.085562,-0.354662,-0.000000,0.079944,-0.019789,0.000000
artstein,50.500000,0.717495,-1.866869,-0.364072,-2.222471,-0.000000,0.477773,0.211515,0.000000,-0.081567,-0.355602,-0.000000,0.080162,-0.018889,0.000000
artstein,50.550000,0.738451,-1.858680,-0.339110,-2.215176,-0.000000,0.475363,0.216877,0.000000,-0.077561,-0.356497,-0.000000,0.080369,-0.017986,0.000000
artstein,50.600000,0.759314,-1.850254,-0.314232,-2.207601,-0.000000,0.472893,0.222211,0.000000,-0.073546,-0.357347,-0.000000,0.080566,-0.017080,0.000000
artstein,50.650000,0.780081,-1.841595,-0.289440,-2.199747,-0.000000,0.470363,0.227517,0.000000,-0.069521,-0.358151,-0.000000,0.080753,-0.016173,0.000000
artstein,50.700000,0.800749,-1.832703,-0.264738,-2.191614,-0.000000,0.467774,0.232794,0.000000,-0.065488,-0.358911,-0.000000,0.080930,-0.015264,0.000000
artstein,50.750000,0.821316,-1.823579,-0.240130,-2.183204,-0.000000,0.465126,0.238041,0.000000,-0.061446,-0.359625,-0.000000,0.081097,-0.014352,0.000000
artstein,50.800000,0.841779,-1.814224,-0.215617,-2.174517,-0.000000,0.462418,0.243259,0.000000,-0.057396,-0.360293,-0.000000,0.081253,-0.013439,0.000000
artstein,50.850000,0.862135,-1.804639,-0.191204,-2.165555,-0.000000,0.459652,0.248446,0.000000,-0.053339,-0.360916,-0.000000,0.081399,-0.012524,0.000000
artstein,50.900000,0.882383,-1.794826,-0.166893,-2.156319,-0.000000,0.456828,0.253601,0.000000,-0.049276,-0.361493,-0.000000,0.081535,-0.011607,0.000000
artstein,50.950000,0.902518,-1.784786,-0.142688,-2.146811,-0.000000,0.453947,0.258724,0.000000,-0.045206,-0.362025,-0.000000,0.081660,-0.010689,0.000000
artstein,51.000000,0.922539,-1.774520,-0.118591,-2.137030,-0.000000,0.451007,0.263814,0.000000,-0.041130,-0.362510,-0.000000,0.081775,-0.009770,0.000000
artstein,51.050000,0.942444,-1.764029,-0.094606,-2.126979,-0.000000,0.448011,0.268871,0.000000,-0.037050,-0.362950,-0.000000,0.081880,-0.008850,0.000000
artstein,51.100000,0.962229,-1.753315,-0.070735,-2.116659,-0.000000,0.444958,0.273894,0.000000,-0.032964,-0.363344,-0.000000,0.081974,-0.007928,0.000000
artstein,51.150000,0.981893,-1.742380,-0.046982,-2.106071,-0.000000,0.441848,0.278883,0.000000,-0.028875,-0.363692,-0.000000,0.082058,-0.007005,0.000000
artstein,51.200000,1.001432,-1.731223,-0.023349,-2.095217,-0.000000,0.438683,0.283836,0.000000,-0.024781,-0.363993,-0.000000,0.082132,-0.006082,0.000000
artstein,51.250000,1.020844,-1.719848,0.000160,-2.084097,-0.000000,0.435462,0.288753,0.000000,-0.020685,-0.364249,-0.000000,0.082195,-0.005157,0.000000
artstein,51.300000,1.040128,-1.708255,0.023542,-2.072713,-0.000000,0.432186,0.293633,0.000000,-0.016586,-0.364459,-0.000000,0.082248,-0.004232,0.000000
artstein,51.350000,1.059279,-1.696445,0.046795,-2.061068,-0.000000,0.428855,0.298477,0.000000,-0.012485,-0.364622,-0.000000,0.082290,-0.003307,0.000000
artstein,51.400000,1.078297,-1.684421,0.069915,-2.049161,-0.000000,0.425470,0.303282,0.000000,-0.008382,-0.364739,-0.000000,0.082322,-0.002381,0.000000
artstein,51.450000,1.097178,-1.672184,0.092900,-2.036995,-0.000000,0.422032,0.308050,0.000000,-0.004278,-0.364811,-0.000000,0.082344,-0.001455,0.000000
artstein,51.500000,1.115920,-1.659735,0.115746,-2.024571,-0.000000,0.418539,0.312778,0.000000,-0.000174,-0.364836,-0.000000,0.082355,-0.000528,0.000000
artstein,51.550000,1.134521,-1.647077,0.138452,-2.011891,-0.000000,0.414994,0.317467,0.000000,0.003930,-0.364814,-0.000000,0.082356,0.000398,0.000000
artstein,51.600000,1.152979,-1.634209,0.161013,-1.998956,-0.000000,0.411397,0.322115,0.000000,0.008034,-0.364747,-0.000000,0.082346,0.001325,0.000000
artstein,51.650000,1.171290,-1.621135,0.183427,-1.985769,-0.000000,0.407747,0.326723,0.000000,0.012137,-0.364634,-0.000000,0.082326,0.002251,0.000000
artstein,51.700000,1.189454,-1.607856,0.205692,-1.972330,-0.000000,0.404046,0.331289,0.000000,0.016238,-0.364474,-0.000000,0.082295,0.003177,0.000000
artstein,51.750000,1.207466,-1.594373,0.227804,-1.958641,-0.000000,0.400293,0.335814,0.000000,0.020338,-0.364268,-0.000000,0.082254,0.004103,0.000000
artstein,51.800000,1.225326,-1.580688,0.249760,-1.944705,-0.000000,0.396490,0.340296,0.000000,0.024434,-0.364016,-0.000000,0.082203,0.005028,0.000000
artstein,51.850000,1.243031,-1.566804,0.271559,-1.930522,-0.000000,0.392636,0.344734,0.000000,0.028528,-0.363718,-0.000000,0.082141,0.005952,0.000000
artstein,51.900000,1.260578,-1.552721,0.293196,-1.916095,-0.000000,0.388733,0.349130,0.000000,0.032618,-0.363374,-0.000000,0.082069,0.006876,0.000000
artstein,51.950000,1.277966,-1.538441,0.314670,-1.901426,-0.000000,0.384781,0.353481,0.000000,0.036704,-0.362984,-0.000000,0.081986,0.007799,0.000000
artstein,52.000000,1.295193,-1.523967,0.335977,-1.886515,-0.000000,0.380780,0.357787,0.000000,0.040785,-0.362548,-0.000000,0.081894,0.008720,0.000000
artstein,52.050000,1.312255,-1.509300,0.357116,-1.871367,-0.000000,0.376731,0.362048,0.000000,0.044861,-0.362066,-0.000000,0.081790,0.009641,0.000000
artstein,52.100000,1.329151,-1.494442,0.378082,-1.855981,-0.000000,0.372634,0.366263,0.000000,0.048931,-0.361539,-0.000000,0.081677,0.010561,0.000000
artstein,52.150000,1.345879,-1.479395,0.398874,-1.840360,-0.000000,0.368490,0.370432,0.000000,0.052995,-0.360965,-0.000000,0.081553,0.011479,0.000000
artstein,52.200000,1.362437,-1.464160,0.419490,-1.824507,-0.000000,0.364300,0.374554,0.000000,0.057053,-0.360346,-0.000000,0.081418,0.012396,0.000000
artstein,52.250000,1.378822,-1.448741,0.439925,-1.808422,-0.000000,0.360063,0.378629,0.000000,0.061103,-0.359682,-0.000000,0.081274,0.013311,0.000000
artstein,52.300000,1.395033,-1.433138,0.460178,-1.792109,-0.000000,0.355781,0.382655,0.000000,0.065145,-0.358972,-0.000000,0.081119,0.014224,0.000000
artstein,52.350000,1.411067,-1.417353,0.480247,-1.775569,-0.000000,0.351454,0.386634,0.000000,0.069180,-0.358216,-0.000000,0.080954,0.015136,0.000000
artstein,52.400000,1.426923,-1.401389,0.500128,-1.758804,-0.000000,0.347082,0.390563,0.000000,0.073205,-0.357415,-0.000000,0.080778,0.016046,0.000000
artstein,52.450000,1.442598,-1.385248,0.519819,-1.741817,-0.000000,0.342666,0.394443,0.000000,0.077221,-0.356569,-0.000000,0.080593,0.016953,0.000000
artstein,52.500000,1.458090,-1.368931,0.539318,-1.724609,-0.000000,0.338207,0.398273,0.000000,0.081228,-0.355677,-0.000000,0.080397,0.017859,0.000000
artstein,52.550000,1.473398,-1.352442,0.558622,-1.707183,-0.000000,0.333705,0.402052,0.000000,0.085224,-0.354741,-0.000000,0.080191,0.018762,0.000000
artstein,52.600000,1.488519,-1.335781,0.577728,-1.689541,-0.000000,0.329161,0.405781,0.000000,0.089209,-0.353760,-0.000000,0.079975,0.019663,0.000000
artstein,52.650000,1.503452,-1.318951,0.596636,-1.671685,-0.000000,0.324575,0.409458,0.000000,0.093183,-0.352734,-0.000000,0.079748,0.020562,0.000000
artstein,52.700000,1.518195,-1.301954,0.615341,-1.653617,-0.000000,0.319948,0.413084,0.000000,0.097145,-0.351663,-0.000000,0.079512,0.021457,0.000000
artstein,52.750000,1.532746,-1.284792,0.633841,-1.635340,-0.000000,0.315281,0.416657,0.000000,0.101095,-0.350548,-0.000000,0.079266,0.022351,0.000000
artstein,52.800000,1.547102,-1.267468,0.652135,-1.616856,-0.000000,0.310574,0.420177,0.000000,0.105033,-0.349389,-0.000000,0.079009,0.023241,0.000000
artstein,52.850000,1.561263,-1.249983,0.670220,-1.598168,-0.000000,0.305827,0.423645,0.000000,0.108956,-0.348185,-0.000000,0.078743,0.024128,0.000000
artstein,52.900000,1.575226,-1.232340,0.688093,-1.579277,-0.000000,0.301042,0.427058,0.000000,0.112867,-0.346937,-0.000000,0.078466,0.025012,0.000000
artstein,52.950000,1.588990,-1.214541,0.705753,-1.560186,-0.000000,0.296219,0.430418,0.000000,0.116762,-0.345645,-0.000000,0.078180,0.025894,0.000000
artstein,53.000000,1.602553,-1.196588,0.723196,-1.540898,-0.000000,0.291358,0.433723,0.000000,0.120643,-0.344310,-0.000000,0.077884,0.026771,0.000000
artstein,53.050000,1.615913,-1.178484,0.740422,-1.521415,-0.000000,0.286460,0.436973,0.000000,0.124509,-0.342931,-0.000000,0.077577,0.027646,0.000000
artstein,53.100000,1.629068,-1.160231,0.757427,-1.501740,-0.000000,0.281526,0.440168,0.000000,0.128359,-0.341508,-0.000000,0.077262,0.028517,0.000000
artstein,53.150000,1.642018,-1.141831,0.774210,-1.481874,-0.000000,0.276556,0.443307,0.000000,0.132193,-0.340043,-0.000000,0.076936,0.029384,0.000000
artstein,53.200000,1.654759,-1.123287,0.790769,-1.461821,-0.000000,0.271552,0.446391,0.000000,0.136010,-0.338534,-0.000000,0.076600,0.030248,0.000000
artstein,53.250000,1.667291,-1.104600,0.807101,-1.441582,0.000000,0.266513,0.449417,0.000000,0.139810,-0.336982,0.000000,0.076255,0.031108,0.000000
artstein,53.300000,1.679612,-1.085773,0.823204,-1.421162,0.000000,0.261440,0.452387,0.000000,0.143592,-0.335388,0.000000,0.075900,0.031964,0.000000
artstein,53.350000,1.691720,-1.066809,0.839076,-1.400561,0.000000,0.256334,0.455300,0.000000,0.147356,-0.333752,0.000000,0.075536,0.032815,0.000000
artstein,53.400000,1.703615,-1.047710,0.854716,-1.379783,0.000000,0.251196,0.458154,0.000000,0.151101,-0.332073,0.000000,0.075162,0.033663,0.000000
artstein,53.450000,1.715293,-1.028479,0.870121,-1.358831,0.000000,0.246026,0.460951,0.000000,0.154827,-0.330352,0.000000,0.074779,0.034507,0.000000
artstein,53.500000,1.726755,-1.009117,0.885289,-1.337706,0.000000,0.240825,0.463690,0.000000,0.158534,-0.328589,0.000000,0.074386,0.035346,0.000000
artstein,53.550000,1.737998,-0.989628,0.900218,-1.316413,0.000000,0.235593,0.466370,0.000000,0.162220,-0.326785,0.000000,0.073983,0.036180,0.000000
artstein,53.600000,1.749021,-0.970013,0.914907,-1.294952,0.000000,0.230332,0.468991,0.000000,0.165886,-0.324939,0.000000,0.073572,0.037010,0.000000
artstein,53.650000,1.759823,-0.950276,0.929354,-1.273328,0.000000,0.225041,0.471552,0.000000,0.169531,-0.323052,0.000000,0.073151,0.037835,0.000000
artstein,53.700000,1.770402,-0.930418,0.943557,-1.251543,0.000000,0.219722,0.474054,0.000000,0.173155,-0.321125,0.000000,0.072720,0.038656,0.000000
artstein,53.750000,1.780757,-0.910442,0.957513,-1.229599,0.000000,0.214375,0.476496,0.000000,0.176756,-0.319156,0.000000,0.072281,0.039472,0.000000
artstein,53.800000,1.790886,-0.890352,0.971222,-1.207499,0.000000,0.209001,0.478877,-0.000000,0.180336,-0.317148,0.000000,0.071832,0.040282,0.000000
artstein,53.850000,1.800789,-0.870148,0.984681,-1.185247,0.000000,0.203601,0.481198,-0.000000,0.183892,-0.315099,0.000000,0.071375,0.041088,0.000000
artstein,53.900000,1.810464,-0.849835,0.997890,-1.162845,0.000000,0.198174,0.483458,-0.000000,0.187425,-0.313010,0.000000,0.070908,0.041888,0.000000
artstein,53.950000,1.819910,-0.829414,1.010845,-1.140296,0.000000,0.192723,0.485657,-0.000000,0.190935,-0.310882,0.000000,0.070432,0.042683,0.000000
artstein,54.000000,1.829126,-0.808888,1.023546,-1.117602,0.000000,0.187247,0.487794,-0.000000,0.194420,-0.308714,0.000000,0.069947,0.043473,0.000000
artstein,54.050000,1.838110,-0.788259,1.035990,-1.094767,0.000000,0.181748,0.489870,-0.000000,0.197881,-0.306507,0.000000,0.069454,0.044257,0.000000
artstein,54.100000,1.846861,-0.767531,1.048177,-1.071793,0.000000,0.176226,0.491883,-0.000000,0.201316,-0.304262,0.000000,0.068952,0.045035,0.000000
artstein,54.150000,1.855379,-0.746706,1.060105,-1.048684,0.000000,0.170681,0.493835,-0.000000,0.204726,-0.301978,0.000000,0.068441,0.045808,0.000000
artstein,54.200000,1.863662,-0.725786,1.071772,-1.025442,0.000000,0.165114,0.495724,-0.000000,0.208111,-0.299656,0.000000,0.067921,0.046575,0.000000
artstein,54.250000,1.871709,-0.704774,1.083177,-1.002070,0.000000,0.159527,0.497550,-0.000000,0.211468,-0.297295,0.000000,0.067393,0.047336,0.000000
artstein,54.300000,1.879519,-0.683673,1.094318,-0.978571,0.000000,0.153920,0.499313,-0.000000,0.214800,-0.294898,0.000000,0.066856,0.048092,0.000000
artstein,54.350000,1.887091,-0.662486,1.105194,-0.954948,0.000000,0.148293,0.501013,-0.000000,0.218103,-0.292463,0.000000,0.066311,0.048841,0.000000
artstein,54.400000,1.894424,-0.641215,1.115804,-0.931205,0.000000,0.142647,0.502649,-0.000000,0.221380,-0.289990,0.000000,0.065757,0.049584,0.000000
artstein,54.450000,1.901518,-0.619862,1.126146,-0.907344,0.000000,0.136984,0.504222,-0.000000,0.224628,-0.287482,0.000000,0.065195,0.050320,0.000000
artstein,54.500000,1.908371,-0.598431,1.136219,-0.883368,0.000000,0.131303,0.505732,-0.000000,0.227848,-0.284936,0.000000,0.064625,0.051050,0.000000
artstein,54.550000,1.914982,-0.576925,1.146021,-0.859280,0.000000,0.125605,0.507177,-0.000000,0.231039,-0.282355,0.000000,0.064047,0.051774,-0.000000
artstein,54.600000,1.921352,-0.555345,1.155552,-0.835083,0.000000,0.119891,0.508558,-0.000000,0.234201,-0.279738,0.000000,0.063460,0.052491,-0.000000
artstein,54.650000,1.927477,-0.533695,1.164810,-0.810781,0.000000,0.114163,0.509874,-0.000000,0.237333,-0.277086,0.000000,0.062865,0.053202,-0.000000
artstein,54.700000,1.933359,-0.511978,1.173794,-0.786376,0.000000,0.108419,0.511126,-0.000000,0.240435,-0.274398,0.000000,0.062263,0.053906,-0.000000
artstein,54.750000,1.938997,-0.490196,1.182503,-0.761872,0.000000,0.102662,0.512314,-0.000000,0.243507,-0.271676,0.000000,0.061653,0.054603,-0.000000
artstein,54.800000,1.944389,-0.468351,1.190936,-0.737271,0.000000,0.096893,0.513436,-0.000000,0.246548,-0.268919,0.000000,0.061034,0.055293,-0.000000
artstein,54.850000,1.949534,-0.446448,1.199092,-0.712576,0.000000,0.091110,0.514494,-0.000000,0.249557,-0.266129,0.000000,0.060409,0.055976,-0.000000
artstein,54.900000,1.954433,-0.424488,1.206969,-0.687792,0.000000,0.085317,0.515486,-0.000000,0.252535,-0.263304,0.000000,0.059775,0.056652,-0.000000
artstein,54.950000,1.959085,-0.402474,1.214567,-0.662921,0.000000,0.079512,0.516413,-0.000000,0.255481,-0.260447,0.000000,0.059134,0.057321,-0.000000
artstein,55.000000,1.963489,-0.380409,1.221884,-0.637965,0.000000,0.073698,0.517275,-0.000000,0.258395,-0.257556,0.000000,0.058485,0.057983,-0.000000
artstein,55.050000,1.967644,-0.358296,1.228921,-0.612929,0.000000,0.067874,0.518071,-0.000000,0.261276,-0.254633,0.000000,0.057829,0.058637,-0.000000
artstein,55.100000,1.971550,-0.336138,1.235675,-0.587816,0.000000,0.062041,0.518802,-0.000000,0.264124,-0.251677,0.000000,0.057166,0.059284,-0.000000
artstein,55.150000,1.975207,-0.313938,1.242146,-0.562628,0.000000,0.056201,0.519467,-0.000000,0.266939,-0.248690,0.000000,0.056495,0.059923,-0.000000
artstein,55.200000,1.978614,-0.291697,1.248334,-0.537368,0.000000,0.050354,0.520067,-0.000000,0.269720,-0.245671,0.000000,0.055818,0.060555,-0.000000
artstein,55.250000,1.981770,-0.269420,1.254237,-0.512041,0.000000,0.044500,0.520600,-0.000000,0.272466,-0.242622,0.000000,0.055133,0.061179,-0.000000
artstein,55.300000,1.984676,-0.247108,1.259854,-0.486649,0.000000,0.038640,0.521068,-0.000000,0.275179,-0.239541,0.000000,0.054441,0.061795,-0.000000
artstein,55.350000,1.987330,-0.224765,1.265186,-0.461195,0.000000,0.032776,0.521469,-0.000000,0.277856,-0.236430,0.000000,0.053743,0.062404,-0.000000
artstein,55.400000,1.989733,-0.202394,1.270231,-0.435683,0.000000,0.026907,0.521805,-0.000000,0.280498,-0.233289,0.000000,0.053037,0.063004,-0.000000
artstein,55.450000,1.991884,-0.179997,1.274989,-0.410116,0.000000,0.021036,0.522075,-0.000000,0.283105,-0.230119,0.000000,0.052325,0.063597,-0.000000
artstein,55.500000,1.993783,-0.157578,1.279458,-0.384497,0.000000,0.015161,0.522278,-0.000000,0.285676,-0.226920,0.000000,0.051606,0.064182,-0.000000
artstein,55.550000,1.995429,-0.135138,1.283640,-0.358830,0.000000,0.009285,0.522416,-0.000000,0.288210,-0.223691,0.000000,0.050881,0.064758,-0.000000
artstein,55.600000,1.996823,-0.112682,1.287532,-0.333116,0.000000,0.003407,0.522487,-0.000000,0.290709,-0.220435,0.000000,0.050149,0.065327,-0.000000
artstein,55.650000,1.997964,-0.090211,1.291134,-0.307361,0.000000,-0.002471,0.522493,-0.000000,0.293170,-0.217151,0.000000,0.049411,0.065887,-0.000000
artstein,55.700000,1.998853,-0.067728,1.294447,-0.281567,0.000000,-0.008349,0.522432,-0.000000,0.295594,-0.213839,0.000000,0.048667,0.066438,-0.000000
artstein,55.750000,1.999488,-0.045237,1.297470,-0.255737,0.000000,-0.014226,0.522305,-0.000000,0.297981,-0.210500,0.000000,0.047916,0.066982,-0.000000
artstein,55.800000,1.999871,-0.022741,1.300201,-0.229875,0.000000,-0.020101,0.522112,-0.000000,0.300330,-0.207134,0.000000,0.047160,0.067516,-0.000000
artstein,55.850000,2.000000,-0.000241,1.302642,-0.203984,0.000000,-0.025973,0.521852,-0.000000,0.302642,-0.203742,0.000000,0.046397,0.068043,-0.000000
artstein,55.900000,1.999876,0.022258,1.304791,-0.178067,0.000000,-0.031842,0.521527,-0.000000,0.304915,-0.200325,0.000000,0.045629,0.068560,-0.000000
artstein,55.950000,1.999499,0.044755,1.306648,-0.152127,0.000000,-0.037707,0.521136,-0.000000,0.307149,-0.196882,0.000000,0.044855,0.069069,-0.000000
artstein,56.000000,1.998869,0.067246,1.308213,-0.126168,0.000000,-0.043567,0.520679,-0.000000,0.309344,-0.193414,0.000000,0.044075,0.069569,-0.000000
artstein,56.050000,1.997986,0.089729,1.309487,-0.100193,0.000000,-0.049422,0.520156,-0.000000,0.311501,-0.189922,0.000000,0.043289,0.070061,-0.000000
artstein,56.100000,1.996850,0.112200,1.310468,-0.074206,0.000000,-0.055271,0.519567,-0.000000,0.313617,-0.186406,0.000000,0.042499,0.070543,-0.000000
artstein,56.150000,1.995462,0.134657,1.311156,-0.048209,0.000000,-0.061112,0.518912,-0.000000,0.315695,-0.182866,0.000000,0.041702,0.071017,-0.000000
artstein,56.200000,1.993821,0.157097,1.311552,-0.022206,0.000000,-0.066946,0.518192,-0.000000,0.317732,-0.179303,0.000000,0.040901,0.071482,-0.000000
artstein,56.250000,1.991927,0.179517,1.311656,0.003800,0.000000,-0.072771,0.517406,-0.000000,0.319729,-0.175717,0.000000,0.040094,0.071937,-0.000000
artstein,56.300000,1.989782,0.201914,1.311467,0.029805,0.000000,-0.078587,0.516555,-0.000000,0.321685,-0.172109,0.000000,0.039282,0.072384,-0.000000
artstein,56.350000,1.987384,0.224286,1.310985,0.055807,0.000000,-0.084393,0.515638,-0.000000,0.323601,-0.168479,0.000000,0.038465,0.072821,-0.000000
artstein,56.400000,1.984735,0.246629,1.310211,0.081802,0.000000,-0.090189,0.514656,-0.000000,0.325476,-0.164828,0.000000,0.037644,0.073249,-0.000000
artstein,56.450000,1.981835,0.268942,1.309145,0.107786,0.000000,-0.095973,0.513609,-0.000000,0.327310,-0.161156,0.000000,0.036817,0.073668,-0.000000
artstein,56.500000,1.978684,0.291220,1.307786,0.133756,0.000000,-0.101745,0.512496,-0.000000,0.329102,-0.157464,0.000000,0.035986,0.074078,-0.000000
artstein,56.550000,1.975283,0.313461,1.306135,0.159710,0.000000,-0.107504,0.511319,-0.000000,0.330852,-0.153751,0.000000,0.035151,0.074478,-0.000000
artstein,56.600000,1.971631,0.335663,1.304193,0.185643,0.000000,-0.113249,0.510078,-0.000000,0.332561,-0.150019,0.000000,0.034310,0.074868,-0.000000
artstein,56.650000,1.967731,0.357822,1.301958,0.211553,0.000000,-0.118980,0.508771,-0.000000,0.334228,-0.146269,0.000000,0.033466,0.075250,-0.000000
artstein,56.700000,1.963581,0.379936,1.299433,0.237436,0.000000,-0.124696,0.507401,-0.000000,0.335852,-0.142499,0.000000,0.032617,0.075621,-0.000000
artstein,56.750000,1.959182,0.402001,1.296616,0.263289,0.000000,-0.130397,0.505966,-0.000000,0.337434,-0.138712,0.000000,0.031765,0.075984,-0.000000
artstein,56.800000,1.954536,0.424016,1.293509,0.289109,0.000000,-0.136080,0.504467,-0.000000,0.338973,-0.134907,0.000000,0.030908,0.076336,-0.000000
artstein,56.850000,1.949642,0.445978,1.290111,0.314892,0.000000,-0.141747,0.502904,-0.000000,0.340469,-0.131085,0.000000,0.030047,0.076679,-0.000000
artstein,56.900000,1.944502,0.467882,1.286424,0.340635,0.000000,-0.147395,0.501277,-0.000000,0.341922,-0.127247,0.000000,0.029183,0.077012,-0.000000
artstein,56.950000,1.939115,0.489728,1.282447,0.366336,0.000000,-0.153025,0.499588,-0.000000,0.343332,-0.123392,0.000000,0.028314,0.077335,-0.000000
artstein,57.000000,1.933483,0.511512,1.278181,0.391989,0.000000,-0.158636,0.497834,-0.000000,0.344699,-0.119522,0.000000,0.027443,0.077649,-0.000000
artstein,57.050000,1.927606,0.533230,1.273627,0.417594,0.000000,-0.164226,0.496018,-0.000000,0.346021,-0.115637,0.000000,0.026567,0.077953,-0.000000
artstein,57.100000,1.921485,0.554882,1.268786,0.443145,0.000000,-0.169796,0.494139,-0.000000,0.347300,-0.111737,0.000000,0.025689,0.078247,-0.000000
artstein,57.150000,1.915122,0.576463,1.263657,0.468640,0.000000,-0.175344,0.492198,-0.000000,0.348535,-0.107823,0.000000,0.024807,0.078531,-0.000000
artstein,57.200000,1.908515,0.597971,1.258242,0.494076,0.000000,-0.180870,0.490194,-0.000000,0.349726,-0.103895,0.000000,0.023922,0.078805,-0.000000
artstein,57.250000,1.901667,0.619404,1.252540,0.519450,0.000000,-0.186373,0.488128,-0.000000,0.350873,-0.099954,0.000000,0.023034,0.079069,-0.000000
artstein,57.300000,1.894579,0.640758,1.246554,0.544757,0.000000,-0.191853,0.486001,-0.000000,0.351975,-0.096000,0.000000,0.022143,0.079323,-0.000000
artstein,57.350000,1.887251,0.662031,1.240284,0.569996,0.000000,-0.197308,0.483812,-0.000000,0.353033,-0.092035,0.000000,0.021249,0.079567,-0.000000
artstein,57.400000,1.879684,0.683220,1.233730,0.595163,0.000000,-0.202738,0.481562,-0.000000,0.354046,-0.088057,0.000000,0.020353,0.079801,-0.000000
artstein,57.450000,1.871879,0.704323,1.226893,0.620254,0.000000,-0.208143,0.479250,-0.000000,0.355014,-0.084069,0.000000,0.019453,0.080025,-0.000000
artstein,57.500000,1.863837,0.725336,1.219774,0.645267,0.000000,-0.213521,0.476878,-0.000000,0.355937,-0.080070,0.000000,0.018552,0.080239,-0.000000
artstein,57.550000,1.855559,0.746258,1.212374,0.670198,0.000000,-0.218873,0.474446,-0.000000,0.356816,-0.076060,0.000000,0.017648,0.080443,-0.000000
artstein,57.600000,1.847046,0.767086,1.204695,0.695044,0.000000,-0.224196,0.471954,-0.000000,0.357649,-0.072041,0.000000,0.016742,0.080636,-0.000000
artstein,57.650000,1.838300,0.787816,1.196736,0.719802,0.000000,-0.229491,0.469402,-0.000000,0.358436,-0.068013,0.000000,0.015834,0.080819,-0.000000
artstein,57.700000,1.829321,0.808446,1.188500,0.744470,0.000000,-0.234757,0.466790,-0.000000,0.359179,-0.063977,0.000000,0.014924,0.080992,-0.000000
artstein,57.750000,1.820110,0.828975,1.179986,0.769043,0.000000,-0.239994,0.464120,-0.000000,0.359876,-0.059932,0.000000,0.014012,0.081155,-0.000000
artstein,57.800000,1.810669,0.849398,1.171197,0.793518,0.000000,-0.245200,0.461391,-0.000000,0.360527,-0.055880,0.000000,0.013098,0.081308,-0.000000
artstein,57.850000,1.800999,0.869714,1.162132,0.817893,0.000000,-0.250375,0.458603,-0.000000,0.361133,-0.051820,0.000000,0.012182,0.081450,-0.000000
artstein,57.900000,1.791101,0.889920,1.152794,0.842165,0.000000,-0.255518,0.455757,-0.000000,0.361693,-0.047754,0.000000,0.011265,0.081582,-0.000000
artstein,57.950000,1.780976,0.910013,1.143184,0.866330,0.000000,-0.260629,0.452854,-0.000000,0.362208,-0.043682,0.000000,0.010347,0.081703,-0.000000
artstein,58.000000,1.770626,0.929991,1.133302,0.890386,0.000000,-0.265707,0.449893,-0.000000,0.362676,-0.039605,0.000000,0.009427,0.081814,-0.000000
artstein,58.050000,1.760052,0.949851,1.123151,0.914329,0.000000,-0.270752,0.446876,-0.000000,0.363099,-0.035522,0.000000,0.008506,0.081915,-0.000000
artstein,58.100000,1.749255,0.969591,1.112730,0.938156,0.000000,-0.275762,0.443802,-0.000000,0.363475,-0.031435,0.000000,0.007584,0.082006,-0.000000
artstein,58.150000,1.738237,0.989208,1.102043,0.961864,0.000000,-0.280737,0.440671,-0.000000,0.363806,-0.027344,0.000000,0.006661,0.082086,-0.000000
artstein,58.200000,1.726998,1.008701,1.091089,0.985451,0.000000,-0.285677,0.437485,-0.000000,0.364090,-0.023250,0.000000,0.005737,0.082156,-0.000000
artstein,58.250000,1.715541,1.028065,1.079870,1.008913,0.000000,-0.290580,0.434244,-0.000000,0.364329,-0.019152,0.000000,0.004812,0.082215,-0.000000
artstein,58.300000,1.703867,1.047299,1.068389,1.032247,0.000000,-0.295447,0.430947,-0.000000,0.364521,-0.015053,0.000000,0.003887,0.082264,-0.000000
artstein,58.350000,1.691978,1.066401,1.056645,1.055450,0.000000,-0.300276,0.427596,-0.000000,0.364668,-0.010951,0.000000,0.002961,0.082302,-0.000000
artstein,58.400000,1.679874,1.085368,1.044642,1.078520,0.000000,-0.305068,0.424191,-0.000000,0.364768,-0.006848,0.000000,0.002035,0.082331,-0.000000
artstein,58.450000,1.667557,1.104198,1.032379,1.101454,0.000000,-0.309820,0.420732,-0.000000,0.364822,-0.002744,0.000000,0.001109,0.082348,-0.000000
artstein,58.500000,1.655030,1.122887,1.019859,1.124248,0.000000,-0.314534,0.417220,-0.000000,0.364829,0.001361,0.000000,0.000183,0.082356,-0.000000
artstein,58.550000,1.642293,1.141435,1.007084,1.146900,0.000000,-0.319208,0.413655,-0.000000,0.364791,0.005465,0.000000,-0.000744,0.082352,-0.000000
artstein,58.600000,1.629348,1.159838,0.994055,1.169406,0.000000,-0.323841,0.410038,-0.000000,0.364707,0.009568,0.000000,-0.001670,0.082339,-0.000000
artstein,58.650000,1.616197,1.178095,0.980773,1.191765,0.000000,-0.328433,0.406369,-0.000000,0.364576,0.013670,0.000000,-0.002596,0.082315,-0.000000
artstein,58.700000,1.602842,1.196202,0.967240,1.213973,0.000000,-0.332984,0.402649,-0.000000,0.364399,0.017771,0.000000,-0.003522,0.082280,-0.000000
artstein,58.750000,1.589283,1.214158,0.953459,1.236027,0.000000,-0.337493,0.398877,-0.000000,0.364176,0.021869,0.000000,-0.004448,0.082236,-0.000000
artstein,58.800000,1.575524,1.231960,0.939430,1.257925,0.000000,-0.341959,0.395055,-0.000000,0.363907,0.025965,0.000000,-0.005373,0.082180,-0.000000
artstein,58.850000,1.561565,1.249606,0.925156,1.279663,0.000000,-0.346381,0.391183,-0.000000,0.363592,0.030057,0.000000,-0.006297,0.082115,-0.000000
artstein,58.900000,1.547408,1.267094,0.910639,1.301240,0.000000,-0.350760,0.387262,-0.000000,0.363231,0.034145,0.000000,-0.007220,0.082039,-0.000000
artstein,58.950000,1.533056,1.284422,0.895879,1.322652,0.000000,-0.355094,0.383291,-0.000000,0.362823,0.038229,0.000000,-0.008143,0.081952,-0.000000
artstein,59.000000,1.518509,1.301587,0.880880,1.343896,0.000000,-0.359384,0.379272,-0.000000,0.362370,0.042309,0.000000,-0.009064,0.081855,-0.000000
artstein,59.050000,1.503771,1.318588,0.865642,1.364971,0.000000,-0.363628,0.375205,-0.000000,0.361871,0.046383,0.000000,-0.009984,0.081748,-0.000000
artstein,59.100000,1.488842,1.335422,0.850168,1.385872,0.000000,-0.367826,0.371091,-0.000000,0.361327,0.050451,0.000000,-0.010903,0.081631,-0.000000
artstein,59.150000,1.473724,1.352086,0.834461,1.406599,0.000000,-0.371977,0.366929,-0.000000,0.360736,0.054512,0.000000,-0.011821,0.081503,-0.000000
artstein,59.200000,1.458420,1.368580,0.818521,1.427147,0.000000,-0.376082,0.362722,-0.000000,0.360100,0.058567,0.000000,-0.012737,0.081365,-0.000000
artstein,59.250000,1.442932,1.384900,0.802350,1.447514,0.000000,-0.380138,0.358468,-0.000000,0.359419,0.062614,0.000000,-0.013652,0.081216,-0.000000
artstein,59.300000,1.427261,1.401045,0.785952,1.467699,-0.000000,-0.384147,0.354169,-0.000000,0.358691,0.066654,-0.000000,-0.014564,0.081058,-0.000000
artstein,59.350000,1.411409,1.417013,0.769328,1.487697,-0.000000,-0.388107,0.349825,-0.000000,0.357919,0.070685,-0.000000,-0.015475,0.080889,-0.000000
artstein,59.400000,1.395379,1.432801,0.752480,1.507508,-0.000000,-0.392018,0.345436,-0.000000,0.357101,0.074707,-0.000000,-0.016384,0.080709,-0.000000
artstein,59.450000,1.379172,1.448408,0.735410,1.527127,-0.000000,-0.395879,0.341004,-0.000000,0.356238,0.078719,-0.000000,-0.017291,0.080520,-0.000000
artstein,59.500000,1.362790,1.463832,0.718120,1.546554,-0.000000,-0.399690,0.336529,-0.000000,0.355330,0.082722,-0.000000,-0.018196,0.080320,-0.000000
artstein,59.550000,1.346236,1.479070,0.700613,1.565784,-0.000000,-0.403451,0.332012,-0.000000,0.354377,0.086714,-0.000000,-0.019098,0.080111,-0.000000
artstein,59.600000,1.329512,1.494121,0.682891,1.584817,-0.000000,-0.407160,0.327452,-0.000000,0.353379,0.090695,-0.000000,-0.019998,0.079891,-0.000000
artstein,59.650000,1.312619,1.508984,0.664955,1.603649,-0.000000,-0.410818,0.322851,-0.000000,0.352336,0.094665,-0.000000,-0.020896,0.079661,-0.000000
artstein,59.700000,1.295560,1.523655,0.646809,1.622277,-0.000000,-0.414424,0.318209,-0.000000,0.351249,0.098623,-0.000000,-0.021791,0.079420,-0.000000
artstein,59.750000,1.278338,1.538133,0.628455,1.640701,-0.000000,-0.417978,0.313526,-0.000000,0.350117,0.102568,-0.000000,-0.022683,0.079170,-0.000000
artstein,59.800000,1.260953,1.552417,0.609894,1.658917,-0.000000,-0.421479,0.308804,0.000000,0.348941,0.106500,-0.000000,-0.023572,0.078910,-0.000000
artstein,59.850000,1.243409,1.566504,0.591130,1.676923,-0.000000,-0.424926,0.304043,0.000000,0.347721,0.110419,-0.000000,-0.024458,0.078640,-0.000000
artstein,59.900000,1.225707,1.580393,0.572164,1.694717,-0.000000,-0.428319,0.299244,0.000000,0.346457,0.114324,-0.000000,-0.025341,0.078360,-0.000000
artstein,59.950000,1.207851,1.594082,0.553000,1.712296,-0.000000,-0.431659,0.294406,0.000000,0.345149,0.118214,-0.000000,-0.026221,0.078070,-0.000000
artstein,60.000000,1.189841,1.607569,0.533638,1.729658,-0.000000,-0.434943,0.289532,0.000000,0.343797,0.122089,-0.000000,-0.027098,0.077770,-0.000000
artstein,60.050000,1.171681,1.620853,0.514083,1.746802,-0.000000,-0.438173,0.284620,0.000000,0.342402,0.125949,-0.000000,-0.027971,0.077460,-0.000000
artstein_linear,0.050000,1.999873,0.022500,3.800000,-0.500000,-0.500000,-0.038546,0.032153,0.025000,2.800127,-0.522500,-0.500000,0.005062,-0.449972,0.000000
artstein_linear,0.100000,1.999494,0.044996,3.800000,-0.500000,-0.500000,-0.063461,0.052931,0.039948,2.800506,-0.544996,-0.500000,0.010124,-0.449886,0.000000
artstein_linear,0.150000,1.998861,0.067487,3.800000,-0.500000,-0.500000,-0.081050,0.067590,0.049700,2.801139,-0.567487,-0.500000,0.015185,-0.449744,0.000000
artstein_linear,0.200000,1.997975,0.089970,3.800000,-0.500000,-0.500000,-0.094699,0.078952,0.056737,2.802025,-0.589970,-0.500000,0.020243,-0.449544,0.000000
artstein_linear,0.250000,1.996837,0.112441,3.799947,-0.499956,-0.499966,-0.106225,0.088530,0.062325,2.803110,-0.612397,-0.499966,0.022672,-0.447097,0.001704
artstein_linear,0.300000,1.995445,0.134898,3.799660,-0.499716,-0.499781,-0.116566,0.097104,0.067084,2.804214,-0.634614,-0.499781,0.022040,-0.442042,0.005309
artstein_linear,0.350000,1.993802,0.157337,3.799034,-0.499194,-0.499385,-0.126232,0.105099,0.071340,2.805232,-0.656531,-0.499385,0.019769,-0.435567,0.009818
artstein_linear,0.400000,1.991905,0.179757,3.798012,-0.498342,-0.498750,-0.135508,0.112751,0.075265,2.806107,-0.678099,-0.498750,0.016622,-0.428311,0.014724
artstein_linear,0.450000,1.989757,0.202154,3.796565,-0.497136,-0.497864,-0.144548,0.120189,0.078951,2.806808,-0.699290,-0.497864,0.013009,-0.420617,0.019768
artstein_linear,0.500000,1.987357,0.224526,3.794678,-0.495562,-0.496725,-0.153441,0.127483,0.082448,2.807321,-0.720088,-0.496725,0.009152,-0.412672,0.024816
artstein_linear,0.550000,1.984705,0.246869,3.792342,-0.493615,-0.495335,-0.162233,0.134673,0.085783,2.807637,-0.740484,-0.495335,0.005173,-0.404580,0.029798
artstein_linear,0.600000,1.981803,0.269181,3.789554,-0.491292,-0.493699,-0.170950,0.141778,0.088969,2.807751,-0.760473,-0.493699,0.001141,-0.396399,0.034676
artstein_linear,0.650000,1.978649,0.291458,3.786313,-0.488593,-0.491823,-0.179607,0.148811,0.092017,2.807664,-0.780051,-0.491823,-0.002907,-0.388163,0.039433
artstein_linear,0.700000,1.975245,0.313699,3.782619,-0.485518,-0.489713,-0.188212,0.155776,0.094931,2.807374,-0.799217,-0.489713,-0.006952,-0.379890,0.044058
artstein_linear,0.750000,1.971591,0.335900,3.778474,-0.482068,-0.487376,-0.196769,0.162675,0.097715,2.806883,-0.817968,-0.487376,-0.010981,-0.371591,0.048546
artstein_linear,0.800000,1.967687,0.358059,3.773878,-0.478245,-0.484818,-0.205279,0.169510,0.100371,2.806191,-0.836304,-0.484818,-0.014989,-0.363274,0.052896
artstein_linear,0.850000,1.963535,0.380173,3.768834,-0.474052,-0.482047,-0.213744,0.176280,0.102902,2.805299,-0.854225,-0.482047,-0.018972,-0.354943,0.057108
artstein_linear,0.900000,1.959134,0.402238,3.763342,-0.469490,-0.479070,-0.222164,0.182985,0.105309,2.804208,-0.871728,-0.479070,-0.022929,-0.346601,0.061181
artstein_linear,0.950000,1.954485,0.424252,3.757406,-0.464562,-0.475893,-0.230540,0.189624,0.107595,2.802921,-0.888814,-0.475893,-0.026859,-0.338251,0.065117
artstein_linear,1.000000,1.949588,0.446213,3.751027,-0.459271,-0.472523,-0.238871,0.196196,0.109762,2.801438,-0.905483,-0.472523,-0.030762,-0.329894,0.068916
artstein_linear,1.050000,1.944445,0.468117,3.744206,-0.453618,-0.468967,-0.247156,0.202699,0.111811,2.799761,-0.921735,-0.468967,-0.034638,-0.321533,0.072580
artstein_linear,1.100000,1.939056,0.489962,3.736947,-0.447606,-0.465232,-0.255397,0.209133,0.113744,2.797891,-0.937568,-0.465232,-0.038486,-0.313169,0.076110
artstein_linear,1.150000,1.933421,0.511745,3.729251,-0.441239,-0.461325,-0.263591,0.215497,0.115562,2.795830,-0.952983,-0.461325,-0.042307,-0.304803,0.079507
artstein_linear,1.200000,1.927542,0.533463,3.721120,-0.434518,-0.457252,-0.271740,0.221788,0.117269,2.793578,-0.967981,-0.457252,-0.046100,-0.296439,0.082772
artstein_linear,1.250000,1.921418,0.555114,3.712556,-0.427447,-0.453019,-0.279842,0.228007,0.118865,2.791137,-0.982560,-0.453019,-0.049868,-0.288076,0.085907
artstein_linear,1.300000,1.915052,0.576694,3.703561,-0.420028,-0.448633,-0.287897,0.234152,0.120352,2.788509,-0.996722,-0.448633,-0.053608,-0.279717,0.088914
artstein_linear,1.350000,1.908443,0.598201,3.694138,-0.412265,-0.444101,-0.295905,0.240222,0.121733,2.785695,-1.010466,-0.444101,-0.057323,-0.271362,0.091794
artstein_linear,1.400000,1.901593,0.619633,3.684289,-0.404160,-0.439429,-0.303866,0.246217,0.123010,2.782696,-1.023793,-0.439429,-0.061012,-0.263014,0.094549
artstein_linear,1.450000,1.894502,0.640986,3.674015,-0.395717,-0.434622,-0.311779,0.252134,0.124183,2.779513,-1.036703,-0.434622,-0.064674,-0.254675,0.097179
artstein_linear,1.500000,1.887171,0.662258,3.663319,-0.386938,-0.429688,-0.319644,0.257973,0.125255,2.776148,-1.049196,-0.429688,-0.068312,-0.246344,0.099688
artstein_linear,1.550000,1.879601,0.683447,3.652203,-0.377827,-0.424632,-0.327461,0.263733,0.126229,2.772602,-1.061274,-0.424632,-0.071924,-0.238024,0.102075
artstein_linear,1.600000,1.871794,0.704548,3.640670,-0.368387,-0.419460,-0.335228,0.269412,0.127105,2.768876,-1.072936,-0.419460,-0.075511,-0.229717,0.104344
artstein_linear,1.650000,1.863749,0.725561,3.628721,-0.358622,-0.414178,-0.342947,0.275011,0.127887,2.764972,-1.084183,-0.414178,-0.079074,-0.221423,0.106496
artstein_linear,1.700000,1.855469,0.746482,3.616359,-0.348535,-0.408792,-0.350616,0.280528,0.128575,2.760890,-1.095017,-0.408792,-0.082612,-0.213145,0.108532
artstein_linear,1.750000,1.846954,0.767308,3.603586,-0.338129,-0.403307,-0.358235,0.285962,0.129172,2.756633,-1.105437,-0.403307,-0.086125,-0.204883,0.110455
artstein_linear,1.800000,1.838205,0.788038,3.590405,-0.327407,-0.397730,-0.365803,0.291313,0.129680,2.752200,-1.115445,-0.397730,-0.089615,-0.196639,0.112265
artstein_linear,1.850000,1.829223,0.808667,3.576817,-0.316374,-0.392065,-0.373321,0.296578,0.130101,2.747594,-1.125041,-0.392065,-0.093081,-0.188414,0.113966
artstein_linear,1.900000,1.820010,0.829194,3.562825,-0.305033,-0.386319,-0.380788,0.301758,0.130437,2.742815,-1.134228,-0.386319,-0.096523,-0.180210,0.115558
artstein_linear,1.950000,1.810567,0.849616,3.548432,-0.293388,-0.380496,-0.388204,0.306852,0.130689,2.737865,-1.143004,-0.380496,-0.099942,-0.172028,0.117044
artstein_linear,2.000000,1.800894,0.869931,3.533639,-0.281442,-0.374602,-0.395568,0.311859,0.130860,2.732745,-1.151373,-0.374602,-0.103338,-0.163869,0.118424
artstein_linear,2.050000,1.790994,0.890136,3.518449,-0.269199,-0.368643,-0.402880,0.316777,0.130951,2.727456,-1.159335,-0.368643,-0.106712,-0.155735,0.119702
artstein_linear,2.100000,1.780867,0.910228,3.502865,-0.256663,-0.362622,-0.410140,0.321607,0.130965,2.721999,-1.166891,-0.362622,-0.110062,-0.147627,0.120879
artstein_linear,2.150000,1.770514,0.930204,3.486889,-0.243838,-0.356545,-0.417347,0.326348,0.130903,2.716375,-1.174043,-0.356545,-0.113390,-0.139546,0.121957
artstein_linear,2.200000,1.759937,0.950063,3.470523,-0.230728,-0.350418,-0.424501,0.330998,0.130768,2.710586,-1.180791,-0.350418,-0.116696,-0.131494,0.122938
artstein_linear,2.250000,1.749138,0.969802,3.453770,-0.217336,-0.344244,-0.431601,0.335557,0.130562,2.704632,-1.187138,-0.344244,-0.119980,-0.123471,0.123824
artstein_linear,2.300000,1.738117,0.989418,3.436632,-0.203668,-0.338028,-0.438648,0.340024,0.130285,2.698514,-1.193086,-0.338028,-0.123242,-0.115480,0.124616
artstein_linear,2.350000,1.726877,1.008909,3.419111,-0.189726,-0.331776,-0.445640,0.344399,0.129941,2.692235,-1.198635,-0.331776,-0.126482,-0.107521,0.125316
artstein_linear,2.400000,1.715417,1.028272,3.401211,-0.175515,-0.325492,-0.452578,0.348682,0.129531,2.685794,-1.203787,-0.325492,-0.129701,-0.099595,0.125927
artstein_linear,2.450000,1.703741,1.047505,3.382934,-0.161039,-0.319179,-0.459462,0.352870,0.129058,2.679193,-1.208544,-0.319179,-0.132899,-0.091704,0.126450
artstein_linear,2.500000,1.691849,1.066605,3.364282,-0.146302,-0.312843,-0.466289,0.356964,0.128522,2.672433,-1.212908,-0.312843,-0.136076,-0.083849,0.126888
artstein_linear,2.550000,1.679743,1.085571,3.345257,-0.131309,-0.306488,-0.473062,0.360964,0.127925,2.665514,-1.216880,-0.306488,-0.139232,-0.076031,0.127242
artstein_linear,2.600000,1.667424,1.104399,3.325863,-0.116064,-0.300117,-0.479778,0.364868,0.127271,2.658439,-1.220463,-0.300117,-0.142368,-0.068252,0.127513
artstein_linear,2.650000,1.654894,1.123087,3.306102,-0.100571,-0.293735,-0.486439,0.368676,0.126560,2.651208,-1.223658,-0.293735,-0.145483,-0.060511,0.127705
artstein_linear,2.700000,1.642155,1.141633,3.285977,-0.084835,-0.287346,-0.493043,0.372387,0.125794,2.643821,-1.226468,-0.287346,-0.148577,-0.052812,0.127819
artstein_linear,2.750000,1.629208,1.160035,3.265489,-0.068859,-0.280954,-0.499589,0.376002,0.124976,2.636281,-1.228894,-0.280954,-0.151652,-0.045154,0.127856
artstein_linear,2.800000,1.616055,1.178290,3.244643,-0.052649,-0.274562,-0.506079,0.379519,0.124107,2.628588,-1.230939,-0.274562,-0.154707,-0.037539,0.127819
artstein_linear,2.850000,1.602697,1.196395,3.223440,-0.036209,-0.268174,-0.512511,0.382938,0.123188,2.620742,-1.232604,-0.268174,-0.157742,-0.029968,0.127710
artstein_linear,2.900000,1.589137,1.214349,3.201883,-0.019544,-0.261793,-0.518885,0.386258,0.122222,2.612746,-1.233893,-0.261793,-0.160757,-0.022442,0.127530
artstein_linear,2.950000,1.575375,1.232150,3.179975,-0.002657,-0.255423,-0.525201,0.389480,0.121210,2.604600,-1.234807,-0.255423,-0.163753,-0.014962,0.127282
artstein_linear,3.000000,1.561414,1.249795,3.157718,0.014446,-0.249068,-0.531458,0.392603,0.120154,2.596304,-1.235348,-0.249068,-0.166730,-0.007529,0.126966
artstein_linear,3.050000,1.547255,1.267281,3.135116,0.031761,-0.242731,-0.537656,0.395625,0.119056,2.587861,-1.235520,-0.242731,-0.169688,-0.000145,0.126586
artstein_linear,3.100000,1.532901,1.284607,3.112171,0.049283,-0.236414,-0.543795,0.398548,0.117918,2.579270,-1.235324,-0.236414,-0.172627,0.007191,0.126143
artstein_linear,3.150000,1.518352,1.301771,3.088886,0.067008,-0.230122,-0.549874,0.401370,0.116740,2.570533,-1.234763,-0.230122,-0.175547,0.014476,0.125639
artstein_linear,3.200000,1.503611,1.318769,3.065263,0.084930,-0.223856,-0.555893,0.404092,0.115525,2.561651,-1.233839,-0.223856,-0.178448,0.021710,0.125076
artstein_linear,3.250000,1.488680,1.335601,3.041305,0.103046,-0.217621,-0.561852,0.406712,0.114275,2.552625,-1.232555,-0.217621,-0.181331,0.028892,0.124454
artstein_linear,3.300000,1.473561,1.352264,3.017016,0.121350,-0.211418,-0.567750,0.409232,0.112991,2.543455,-1.230914,-0.211418,-0.184195,0.036020,0.123778
artstein_linear,3.350000,1.458255,1.368756,2.992398,0.139837,-0.205250,-0.573588,0.411649,0.111674,2.534143,-1.228919,-0.205250,-0.187042,0.043095,0.123047
artstein_linear,3.400000,1.442765,1.385074,2.967453,0.158503,-0.199121,-0.579364,0.413965,0.110327,2.524689,-1.226571,-0.199121,-0.189870,0.050114,0.122264
artstein_linear,3.450000,1.427092,1.401217,2.942186,0.177342,-0.193032,-0.585078,0.416179,0.108950,2.515094,-1.223875,-0.193032,-0.192680,0.057077,0.121431
artstein_linear,3.500000,1.411238,1.417183,2.916598,0.196351,-0.186987,-0.590731,0.418290,0.107546,2.505360,-1.220832,-0.186987,-0.195472,0.063984,0.120549
artstein_linear,3.550000,1.395206,1.432969,2.890692,0.215524,-0.180987,-0.596321,0.420299,0.106115,2.495486,-1.217446,-0.180987,-0.198246,0.070833,0.119620
artstein_linear,3.600000,1.378997,1.448574,2.864472,0.234856,-0.175034,-0.601848,0.422205,0.104660,2.485475,-1.213719,-0.175034,-0.201003,0.077623,0.118647
artstein_linear,3.650000,1.362613,1.463996,2.837940,0.254342,-0.169132,-0.607313,0.424008,0.103181,2.475327,-1.209654,-0.169132,-0.203742,0.084353,0.117629
artstein_linear,3.700000,1.346058,1.479233,2.811100,0.273977,-0.163282,-0.612714,0.425709,0.101681,2.465042,-1.205256,-0.163282,-0.206464,0.091023,0.116570
artstein_linear,3.750000,1.329331,1.494282,2.783953,0.293757,-0.157486,-0.618052,0.427306,0.100160,2.454622,-1.200525,-0.157486,-0.209169,0.097632,0.115471
artstein_linear,3.800000,1.312437,1.509142,2.756505,0.313676,-0.151746,-0.623326,0.428800,0.098620,2.444067,-1.195466,-0.151746,-0.211856,0.104179,0.114333
artstein_linear,3.850000,1.295376,1.523811,2.728756,0.333729,-0.146064,-0.628535,0.430191,0.097063,2.433379,-1.190082,-0.146064,-0.214526,0.110664,0.113159
artstein_linear,3.900000,1.278152,1.538287,2.700710,0.353911,-0.140442,-0.633680,0.431479,0.095489,2.422558,-1.184376,-0.140442,-0.217179,0.117084,0.111949
artstein_linear,3.950000,1.260766,1.552569,2.672371,0.374218,-0.134881,-0.638761,0.432663,0.093900,2.411605,-1.178351,-0.134881,-0.219815,0.123440,0.110706
artstein_linear,4.000000,1.243220,1.566654,2.643741,0.394644,-0.129384,-0.643776,0.433744,0.092297,2.400521,-1.172010,-0.129384,-0.222434,0.129731,0.109430
artstein_linear,4.050000,1.225517,1.580541,2.614824,0.415184,-0.123951,-0.648725,0.434722,0.090682,2.389307,-1.165356,-0.123951,-0.225036,0.135956,0.108124
artstein_linear,4.100000,1.207659,1.594227,2.585622,0.435833,-0.118584,-0.653609,0.435596,0.089056,2.377964,-1.158394,-0.118584,-0.227621,0.142115,0.106789
artstein_linear,4.150000,1.189647,1.607712,2.556139,0.456587,-0.113285,-0.658427,0.436367,0.087420,2.366492,-1.151126,-0.113285,-0.230190,0.148206,0.105427
artstein_linear,4.200000,1.171486,1.620994,2.526377,0.477439,-0.108055,-0.663179,0.437035,0.085775,2.354892,-1.143555,-0.108055,-0.232742,0.154229,0.104038
artstein_linear,4.250000,1.153176,1.634070,2.496341,0.498385,-0.102895,-0.667864,0.437599,0.084122,2.343165,-1.135686,-0.102895,-0.235277,0.160184,0.102625
artstein_linear,4.300000,1.134720,1.646940,2.466032,0.519419,-0.097807,-0.672482,0.438061,0.082463,2.331312,-1.127521,-0.097807,-0.237796,0.166069,0.101188
artstein_linear,4.350000,1.116120,1.659601,2.435454,0.540537,-0.092790,-0.677032,0.438419,0.080798,2.319334,-1.119064,-0.092790,-0.240298,0.171884,0.099730
artstein_linear,4.400000,1.097380,1.672052,2.404611,0.561734,-0.087848,-0.681515,0.438675,0.079130,2.307232,-1.110318,-0.087848,-0.242784,0.177629,0.098252
artstein_linear,4.450000,1.078500,1.684291,2.373506,0.583004,-0.082980,-0.685931,0.438828,0.077457,2.295006,-1.101287,-0.082980,-0.245254,0.183302,0.096754
artstein_linear,4.500000,1.059484,1.696318,2.342141,0.604342,-0.078187,-0.690278,0.438879,0.075783,2.282657,-1.091975,-0.078187,-0.247707,0.188904,0.095239
artstein_linear,4.550000,1.040334,1.708129,2.310520,0.625744,-0.073470,-0.694557,0.438827,0.074108,2.270186,-1.082386,-0.073470,-0.250144,0.194433,0.093708
artstein_linear,4.600000,1.021052,1.719725,2.278646,0.647203,-0.068831,-0.698767,0.438673,0.072432,2.257594,-1.072522,-0.068831,-0.252564,0.199889,0.092161
artstein_linear,4.650000,1.001641,1.731102,2.246523,0.668715,-0.064269,-0.702908,0.438417,0.070757,2.244882,-1.062388,-0.064269,-0.254968,0.205271,0.090601
artstein_linear,4.700000,0.982103,1.742261,2.214153,0.690275,-0.059786,-0.706980,0.438060,0.069084,2.232050,-1.051986,-0.059786,-0.257356,0.210579,0.089028
artstein_linear,4.750000,0.962441,1.753199,2.181541,0.711877,-0.055382,-0.710983,0.437601,0.067414,2.219100,-1.041322,-0.055382,-0.259728,0.215813,0.087443
artstein_linear,4.800000,0.942657,1.763916,2.148689,0.733517,-0.051057,-0.714915,0.437041,0.065747,2.206032,-1.030399,-0.051057,-0.262083,0.220972,0.085849
artstein_linear,4.850000,0.922753,1.774409,2.115600,0.755189,-0.046812,-0.718778,0.436381,0.064084,2.192847,-1.019220,-0.046812,-0.264423,0.226054,0.084246
artstein_linear,4.900000,0.902733,1.784677,2.082278,0.776888,-0.042648,-0.722570,0.435619,0.062427,2.179545,-1.007789,-0.042648,-0.266746,0.231061,0.082634
artstein_linear,4.950000,0.882599,1.794720,2.048727,0.798609,-0.038564,-0.726292,0.434758,0.060776,2.166128,-0.996110,-0.038564,-0.269052,0.235991,0.081017
artstein_linear,5.000000,0.862353,1.804535,2.014950,0.820348,-0.034562,-0.729943,0.433796,0.059132,2.152597,-0.984188,-0.034562,-0.271343,0.240844,0.079393
artstein_linear,5.050000,0.841998,1.814122,1.980949,0.842098,-0.030641,-0.733523,0.432735,0.057495,2.138951,-0.972024,-0.030641,-0.273617,0.245620,0.077765
artstein_linear,5.100000,0.821536,1.823480,1.946729,0.863855,-0.026801,-0.737032,0.431575,0.055867,2.125193,-0.959625,-0.026801,-0.275875,0.250317,0.076134
artstein_linear,5.150000,0.800970,1.832606,1.912293,0.885613,-0.023043,-0.740469,0.430317,0.054247,2.111323,-0.946993,-0.023043,-0.278117,0.254936,0.074500
artstein_linear,5.200000,0.780303,1.841501,1.877644,0.907368,-0.019366,-0.743834,0.428960,0.052638,2.097341,-0.934133,-0.019366,-0.280342,0.259477,0.072864
artstein_linear,5.250000,0.759538,1.850163,1.842786,0.929115,-0.015772,-0.747128,0.427505,0.051039,2.083248,-0.921048,-0.015772,-0.282551,0.263938,0.071229
artstein_linear,5.300000,0.738676,1.858590,1.807722,0.950848,-0.012259,-0.750349,0.425952,0.049451,2.069046,-0.907743,-0.012259,-0.284744,0.268320,0.069593
artstein_linear,5.350000,0.717720,1.866783,1.772456,0.972562,-0.008828,-0.753497,0.424303,0.047875,2.054735,-0.894221,-0.008828,-0.286921,0.272622,0.067959
artstein_linear,5.400000,0.696674,1.874739,1.736990,0.994253,-0.005479,-0.756573,0.422557,0.046311,2.040316,-0.880486,-0.005479,-0.289081,0.276844,0.066328
artstein_linear,5.450000,0.675539,1.882458,1.701329,1.015915,-0.002211,-0.759576,0.420715,0.044760,2.025790,-0.866542,-0.002211,-0.291224,0.280986,0.064699
artstein_linear,5.500000,0.654319,1.889938,1.665477,1.037544,0.000976,-0.762505,0.418777,0.043223,2.011157,-0.852395,0.000976,-0.293351,0.285046,0.063075
artstein_linear,5.550000,0.633017,1.897179,1.629436,1.059133,0.004081,-0.765362,0.416745,0.041700,1.996419,-0.838046,0.004081,-0.295462,0.289026,0.061455
artstein_linear,5.600000,0.611634,1.904181,1.593210,1.080679,0.007106,-0.768144,0.414617,0.040191,1.981576,-0.823501,0.007106,-0.297556,0.292924,0.059841
artstein_linear,5.650000,0.590174,1.910941,1.556802,1.102177,0.010050,-0.770853,0.412396,0.038698,1.966629,-0.808764,0.010050,-0.299634,0.296741,0.058234
artstein_linear,5.700000,0.568639,1.917459,1.520217,1.123621,0.012914,-0.773488,0.410082,0.037220,1.951578,-0.793838,0.012914,-0.301694,0.300476,0.056633
artstein_linear,5.750000,0.547032,1.923735,1.483458,1.145007,0.015698,-0.776049,0.407675,0.035757,1.936426,-0.778728,0.015698,-0.303738,0.304129,0.055041
artstein_linear,5.800000,0.525355,1.929767,1.446527,1.166329,0.018403,-0.778535,0.405176,0.034312,1.921172,-0.763438,0.018403,-0.305765,0.307699,0.053458
artstein_linear,5.850000,0.503613,1.935555,1.409430,1.187583,0.021029,-0.780947,0.402585,0.032883,1.905818,-0.747972,0.021029,-0.307776,0.311187,0.051883
artstein_linear,5.900000,0.481806,1.941098,1.372170,1.208764,0.023577,-0.783284,0.399903,0.031472,1.890363,-0.732335,0.023577,-0.309769,0.314592,0.050319
artstein_linear,5.950000,0.459939,1.946396,1.334749,1.229867,0.026046,-0.785546,0.397131,0.030078,1.874810,-0.716529,0.026046,-0.311745,0.317915,0.048765
artstein_linear,6.000000,0.438013,1.951447,1.297172,1.250887,0.028439,-0.787732,0.394269,0.028702,1.859159,-0.700560,0.028439,-0.313705,0.321154,0.047223
artstein_linear,6.050000,0.416032,1.956251,1.259443,1.271820,0.030754,-0.789844,0.391318,0.027344,1.843411,-0.684431,0.030754,-0.315647,0.324310,0.045693
artstein_linear,6.100000,0.393999,1.960807,1.221564,1.292660,0.032993,-0.791880,0.388279,0.026005,1.827566,-0.668147,0.032993,-0.317572,0.327383,0.044175
artstein_linear,6.150000,0.371915,1.965116,1.183541,1.313403,0.035157,-0.793840,0.385152,0.024685,1.811626,-0.651712,0.035157,-0.319479,0.330373,0.042670
artstein_linear,6.200000,0.349784,1.969175,1.145375,1.334045,0.037246,-0.795725,0.381938,0.023384,1.795591,-0.635130,0.037246,-0.321369,0.333279,0.041178
artstein_linear,6.250000,0.327610,1.972986,1.107072,1.354580,0.039261,-0.797533,0.378638,0.022102,1.779462,-0.618406,0.039261,-0.323242,0.336101,0.039701
artstein_linear,6.300000,0.305393,1.976546,1.068634,1.375004,0.041203,-0.799266,0.375252,0.020841,1.763241,-0.601543,0.041203,-0.325097,0.338840,0.038238
artstein_linear,6.350000,0.283138,1.979857,1.030066,1.395312,0.043071,-0.800922,0.371782,0.019599,1.746928,-0.584545,0.043071,-0.326934,0.341495,0.036790
artstein_linear,6.400000,0.260847,1.982917,0.991371,1.415500,0.044868,-0.802502,0.368228,0.018377,1.730523,-0.567417,0.044868,-0.328754,0.344066,0.035358
artstein_linear,6.450000,0.238524,1.985726,0.952552,1.435562,0.046594,-0.804006,0.364591,0.017176,1.714029,-0.550163,0.046594,-0.330555,0.346553,0.033941
artstein_linear,6.500000,0.216170,1.988283,0.913615,1.455496,0.048249,-0.805432,0.360871,0.015995,1.697445,-0.532787,0.048249,-0.332339,0.348956,0.032541
artstein_linear,6.550000,0.193788,1.990589,0.874561,1.475295,0.049835,-0.806782,0.357070,0.014835,1.680773,-0.515294,0.049835,-0.334104,0.351276,0.031158
artstein_linear,6.600000,0.171382,1.992644,0.835395,1.494956,0.051352,-0.808055,0.353187,0.013695,1.664013,-0.497687,0.051352,-0.335852,0.353511,0.029792
artstein_linear,6.650000,0.148955,1.994445,0.796122,1.514474,0.052801,-0.809251,0.349225,0.012577,1.647167,-0.479971,0.052801,-0.337581,0.355663,0.028443
artstein_linear,6.700000,0.126508,1.995995,0.756743,1.533845,0.054184,-0.810370,0.345184,0.011479,1.630235,-0.462150,0.054184,-0.339291,0.357731,0.027112
artstein_linear,6.750000,0.104046,1.997292,0.717264,1.553064,0.055500,-0.811412,0.341064,0.010403,1.613219,-0.444228,0.055500,-0.340983,0.359715,0.025799
artstein_linear,6.800000,0.081570,1.998336,0.677688,1.572126,0.056751,-0.812377,0.336867,0.009348,1.596118,-0.426209,0.056751,-0.342656,0.361615,0.024504
artstein_linear,6.850000,0.059084,1.999127,0.638019,1.591029,0.057938,-0.813264,0.332594,0.008314,1.578935,-0.408098,0.057938,-0.344310,0.363432,0.023228
artstein_linear,6.900000,0.036591,1.999665,0.598261,1.609767,0.059062,-0.814073,0.328244,0.007302,1.561670,-0.389899,0.059062,-0.345946,0.365165,0.021971
artstein_linear,6.950000,0.014093,1.999950,0.558417,1.628335,0.060124,-0.814806,0.323820,0.006311,1.544324,-0.371615,0.060124,-0.347562,0.366815,0.020733
artstein_linear,7.000000,-0.008407,1.999982,0.518491,1.646731,0.061124,-0.815460,0.319322,0.005341,1.526898,-0.353251,0.061124,-0.349159,0.368381,0.019515
artstein_linear,7.050000,-0.030906,1.999761,0.478487,1.664950,0.062064,-0.816037,0.314751,0.004393,1.509394,-0.334812,0.062064,-0.350737,0.369864,0.018316
artstein_linear,7.100000,-0.053401,1.999287,0.438410,1.682987,0.062945,-0.816536,0.310107,0.003467,1.491811,-0.316300,0.062945,-0.352295,0.371264,0.017137
artstein_linear,7.150000,-0.075889,1.998560,0.398262,1.700838,0.063767,-0.816957,0.305393,0.002561,1.474151,-0.297722,0.063767,-0.353834,0.372581,0.015978
artstein_linear,7.200000,-0.098368,1.997579,0.358047,1.718500,0.064532,-0.817300,0.300608,0.001678,1.456415,-0.279080,0.064532,-0.355353,0.373815,0.014839
artstein_linear,7.250000,-0.120834,1.996346,0.317770,1.735968,0.065240,-0.817565,0.295754,0.000815,1.438603,-0.260378,0.065240,-0.356852,0.374966,0.013720
artstein_linear,7.300000,-0.143284,1.994861,0.277434,1.753239,0.065893,-0.817753,0.290832,-0.000026,1.420718,-0.241622,0.065893,-0.358331,0.376035,0.012622
artstein_linear,7.350000,-0.165717,1.993123,0.237043,1.770309,0.066492,-0.817862,0.285843,-0.000846,1.402760,-0.222814,0.066492,-0.359790,0.377022,0.011544
artstein_linear,7.400000,-0.188129,1.991132,0.196601,1.787173,0.067038,-0.817894,0.280787,-0.001645,1.384730,-0.203960,0.067038,-0.361228,0.377927,0.010486
artstein_linear,7.450000,-0.210517,1.988890,0.156111,1.803828,0.067531,-0.817847,0.275665,-0.002422,1.366628,-0.185062,0.067531,-0.362646,0.378750,0.009450
artstein_linear,7.500000,-0.232878,1.986396,0.115579,1.820269,0.067973,-0.817722,0.270480,-0.003179,1.348457,-0.166126,0.067973,-0.364044,0.379491,0.008434
artstein_linear,7.550000,-0.255210,1.983650,0.075007,1.836495,0.068365,-0.817520,0.265231,-0.003914,1.330216,-0.147156,0.068365,-0.365420,0.380151,0.007439
artstein_linear,7.600000,-0.277509,1.980654,0.034399,1.852499,0.068708,-0.817239,0.259919,-0.004629,1.311908,-0.128154,0.068708,-0.366776,0.380729,0.006465
artstein_linear,7.650000,-0.299773,1.977406,-0.006241,1.868280,0.069003,-0.816880,0.254546,-0.005323,1.293533,-0.109126,0.069003,-0.368111,0.381227,0.005512
artstein_linear,7.700000,-0.322000,1.973909,-0.046908,1.883833,0.069251,-0.816443,0.249113,-0.005997,1.275091,-0.090076,0.069251,-0.369424,0.381644,0.004580
artstein_linear,7.750000,-0.344185,1.970162,-0.087600,1.899154,0.069452,-0.815928,0.243621,-0.006650,1.256586,-0.071007,0.069452,-0.370716,0.381981,0.003668
artstein_linear,7.800000,-0.366327,1.966165,-0.128311,1.914241,0.069609,-0.815335,0.238070,-0.007282,1.238016,-0.051924,0.069609,-0.371987,0.382238,0.002778
artstein_linear,7.850000,-0.388423,1.961919,-0.169039,1.929090,0.069722,-0.814665,0.232463,-0.007895,1.219384,-0.032830,0.069722,-0.373235,0.382415,0.001909
artstein_linear,7.900000,-0.410470,1.957426,-0.209780,1.943696,0.069792,-0.813916,0.226799,-0.008487,1.200690,-0.013729,0.069792,-0.374462,0.382513,0.001060
artstein_linear,7.950000,-0.432464,1.952684,-0.250528,1.958058,0.069820,-0.813089,0.221080,-0.009060,1.181936,0.005374,0.069820,-0.375667,0.382532,0.000232
artstein_linear,8.000000,-0.454404,1.947695,-0.291282,1.972171,0.069808,-0.812185,0.215307,-0.009613,1.163123,0.024475,0.069808,-0.376850,0.382472,-0.000575
artstein_linear,8.050000,-0.476287,1.942460,-0.332036,1.986032,0.069756,-0.811202,0.209481,-0.010146,1.144251,0.043572,0.069756,-0.378010,0.382333,-0.001361
artstein_linear,8.100000,-0.498109,1.936979,-0.372786,1.999638,0.069665,-0.810142,0.203603,-0.010661,1.125322,0.062659,0.069665,-0.379148,0.382117,-0.002127
artstein_linear,8.150000,-0.519868,1.931253,-0.413530,2.012986,0.069536,-0.809005,0.197675,-0.011156,1.106337,0.081733,0.069536,-0.380263,0.381823,-0.002872
artstein_linear,8.200000,-0.541561,1.925282,-0.454263,2.026073,0.069371,-0.807789,0.191697,-0.011632,1.087298,0.100791,0.069371,-0.381356,0.381452,-0.003596
artstein_linear,8.250000,-0.563186,1.919068,-0.494981,2.038895,0.069170,-0.806497,0.185671,-0.012089,1.068205,0.119827,0.069170,-0.382425,0.381004,-0.004300
artstein_linear,8.300000,-0.584739,1.912611,-0.535680,2.051450,0.068934,-0.805127,0.179597,-0.012528,1.049059,0.138839,0.068934,-0.383471,0.380480,-0.004984
artstein_linear,8.350000,-0.606218,1.905912,-0.576356,2.063734,0.068665,-0.803679,0.173477,-0.012949,1.029862,0.157823,0.068665,-0.384494,0.379879,-0.005648
artstein_linear,8.400000,-0.627621,1.898971,-0.617006,2.075745,0.068364,-0.802155,0.167312,-0.013352,1.010615,0.176774,0.068364,-0.385493,0.379203,-0.006292
artstein_linear,8.450000,-0.648944,1.891790,-0.657626,2.087480,0.068030,-0.800553,0.161102,-0.013736,0.991319,0.195689,0.068030,-0.386469,0.378452,-0.006916
artstein_linear,8.500000,-0.670186,1.884370,-0.698211,2.098935,0.067666,-0.798874,0.154850,-0.014104,0.971974,0.214565,0.067666,-0.387421,0.377626,-0.007520
artstein_linear,8.550000,-0.691342,1.876712,-0.738758,2.110109,0.067273,-0.797119,0.148556,-0.014454,0.952584,0.233397,0.067273,-0.388349,0.376726,-0.008105
artstein_linear,8.600000,-0.712411,1.868815,-0.779263,2.120998,0.066851,-0.795287,0.142222,-0.014786,0.933148,0.252182,0.066851,-0.389252,0.375752,-0.008670
artstein_linear,8.650000,-0.733389,1.860683,-0.819722,2.131599,0.066401,-0.793378,0.135848,-0.015102,0.913667,0.270917,0.066401,-0.390132,0.374705,-0.009216
artstein_linear,8.700000,-0.754275,1.852315,-0.860131,2.141911,0.065924,-0.791393,0.129436,-0.015401,0.894144,0.289596,0.065924,-0.390986,0.373585,-0.009742
artstein_linear,8.750000,-0.775065,1.843712,-0.900486,2.151930,0.065422,-0.789332,0.122986,-0.015684,0.874579,0.308218,0.065422,-0.391816,0.372393,-0.010250
artstein_linear,8.800000,-0.795758,1.834876,-0.940784,2.161654,0.064895,-0.787194,0.116501,-0.015951,0.854974,0.326779,0.064895,-0.392621,0.371128,-0.010740
artstein_linear,8.850000,-0.816349,1.825808,-0.981021,2.171081,0.064344,-0.784981,0.109981,-0.016201,0.835329,0.345273,0.064344,-0.393402,0.369793,-0.011210
artstein_linear,8.900000,-0.836838,1.816508,-1.021192,2.180208,0.063770,-0.782691,0.103427,-0.016436,0.815646,0.363700,0.063770,-0.394157,0.368386,-0.011663
artstein_linear,8.950000,-0.857220,1.806979,-1.061294,2.189033,0.063173,-0.780327,0.096841,-0.016656,0.795926,0.382053,0.063173,-0.394886,0.366909,-0.012097
artstein_linear,9.000000,-0.877494,1.797221,-1.101322,2.197553,0.062556,-0.777887,0.090223,-0.016861,0.776171,0.400332,0.062556,-0.395590,0.365363,-0.012513
artstein_linear,9.050000,-0.897657,1.787236,-1.141274,2.205766,0.061918,-0.775371,0.083576,-0.017051,0.756382,0.418530,0.061918,-0.396268,0.363747,-0.012912
artstein_linear,9.100000,-0.917706,1.777025,-1.181146,2.213671,0.061261,-0.772781,0.076899,-0.017226,0.736560,0.436646,0.061261,-0.396921,0.362063,-0.013293
artstein_linear,9.150000,-0.937639,1.766588,-1.220933,2.221264,0.060586,-0.770116,0.070195,-0.017387,0.716706,0.454676,0.060586,-0.397547,0.360310,-0.013657
artstein_linear,9.200000,-0.957453,1.755928,-1.260631,2.228545,0.059893,-0.767376,0.063464,-0.017534,0.696822,0.472617,0.059893,-0.398148,0.358490,-0.014004
artstein_linear,9.250000,-0.977146,1.745046,-1.300237,2.235510,0.059182,-0.764562,0.056708,-0.017667,0.676909,0.490464,0.059182,-0.398721,0.356603,-0.014334
artstein_linear,9.300000,-0.996716,1.733943,-1.339747,2.242158,0.058456,-0.761674,0.049927,-0.017786,0.656968,0.508216,0.058456,-0.399269,0.354650,-0.014647
artstein_linear,9.350000,-1.016159,1.722620,-1.379158,2.248488,0.057715,-0.758712,0.043124,-0.017893,0.637001,0.525868,0.057715,-0.399789,0.352630,-0.014944
artstein_linear,9.400000,-1.035474,1.711080,-1.418465,2.254496,0.056959,-0.755676,0.036298,-0.017986,0.617009,0.543417,0.056959,-0.400283,0.350546,-0.015225
artstein_linear,9.450000,-1.054658,1.699323,-1.457664,2.260182,0.056190,-0.752568,0.029452,-0.018067,0.596994,0.560860,0.056190,-0.400750,0.348397,-0.015491
artstein_linear,9.500000,-1.073708,1.687350,-1.496752,2.265544,0.055408,-0.749386,0.022587,-0.018135,0.576956,0.578194,0.055408,-0.401189,0.346184,-0.015740
artstein_linear,9.550000,-1.092622,1.675165,-1.535725,2.270580,0.054614,-0.746131,0.015703,-0.018191,0.556897,0.595415,0.054614,-0.401602,0.343907,-0.015975
artstein_linear,9.600000,-1.111398,1.662767,-1.574580,2.275288,0.053809,-0.742803,0.008803,-0.018236,0.536818,0.612521,0.053809,-0.401986,0.341568,-0.016194
artstein_linear,9.650000,-1.130034,1.650159,-1.613312,2.279667,0.052993,-0.739404,0.001886,-0.018268,0.516722,0.629508,0.052993,-0.402343,0.339167,-0.016398
artstein_linear,9.700000,-1.148526,1.637342,-1.651918,2.283715,0.052167,-0.735932,-0.005045,-0.018290,0.496608,0.646374,0.052167,-0.402673,0.336705,-0.016588
artstein_linear,9.750000,-1.166873,1.624317,-1.690394,2.287432,0.051332,-0.732389,-0.011989,-0.018300,0.476479,0.663114,0.051332,-0.402974,0.334181,-0.016764
artstein_linear,9.800000,-1.185072,1.611088,-1.728736,2.290815,0.050489,-0.728774,-0.018946,-0.018300,0.456336,0.679727,0.050489,-0.403247,0.331598,-0.016925
artstein_linear,9.850000,-1.203122,1.597654,-1.766941,2.293863,0.049639,-0.725088,-0.025913,-0.018289,0.436181,0.696209,0.049639,-0.403492,0.328955,-0.017073
artstein_linear,9.900000,-1.221019,1.584018,-1.805005,2.296576,0.048781,-0.721332,-0.032891,-0.018268,0.416014,0.712558,0.048781,-0.403708,0.326253,-0.017207
artstein_linear,9.950000,-1.238761,1.570182,-1.842924,2.298951,0.047917,-0.717505,-0.039877,-0.018237,0.395838,0.728770,0.047917,-0.403896,0.323493,-0.017328
artstein_linear,10.000000,-1.256347,1.556146,-1.880694,2.300988,0.047047,-0.713608,-0.046870,-0.018196,0.375653,0.744842,0.047047,-0.404055,0.320675,-0.017436
artstein_linear,10.050000,-1.273774,1.541914,-1.918312,2.302686,0.046172,-0.709642,-0.053870,-0.018146,0.355462,0.760772,0.046172,-0.404185,0.317801,-0.017531
artstein_linear,10.100000,-1.291040,1.527487,-1.955775,2.304043,0.045293,-0.705606,-0.060875,-0.018087,0.335264,0.776556,0.045293,-0.404286,0.314871,-0.017614
artstein_linear,10.150000,-1.308142,1.512867,-1.993078,2.305059,0.044410,-0.701501,-0.067883,-0.018019,0.315063,0.792193,0.044410,-0.404358,0.311885,-0.017684
artstein_linear,10.200000,-1.325078,1.498055,-2.030218,2.305733,0.043524,-0.697327,-0.074895,-0.017942,0.294860,0.807679,0.043524,-0.404401,0.308845,-0.017743
artstein_linear,10.250000,-1.341847,1.483053,-2.067192,2.306064,0.042636,-0.693085,-0.081907,-0.017857,0.274655,0.823011,0.042636,-0.404414,0.305750,-0.017790
artstein_linear,10.300000,-1.358446,1.467864,-2.103995,2.306051,0.041745,-0.688776,-0.088920,-0.017764,0.254451,0.838187,0.041745,-0.404398,0.302603,-0.017825
artstein_linear,10.350000,-1.374874,1.452489,-2.140625,2.305693,0.040853,-0.684398,-0.095932,-0.017663,0.234249,0.853205,0.040853,-0.404352,0.299403,-0.017850
artstein_linear,10.400000,-1.391127,1.436930,-2.177077,2.304990,0.039960,-0.679954,-0.102942,-0.017554,0.214050,0.868061,0.039960,-0.404276,0.296151,-0.017863
artstein_linear,10.450000,-1.407204,1.421189,-2.213348,2.303942,0.039067,-0.675443,-0.109948,-0.017438,0.193856,0.882753,0.039067,-0.404170,0.292848,-0.017866
artstein_linear,10.500000,-1.423103,1.405268,-2.249434,2.302547,0.038174,-0.670866,-0.116950,-0.017315,0.173668,0.897279,0.038174,-0.404034,0.289494,-0.017859
artstein_linear,10.550000,-1.438822,1.389170,-2.285333,2.300805,0.037281,-0.666222,-0.123946,-0.017185,0.153489,0.911636,0.037281,-0.403868,0.286092,-0.017841
artstein_linear,10.600000,-1.454358,1.372895,-2.321040,2.298716,0.036390,-0.661514,-0.130936,-0.017049,0.133318,0.925821,0.036390,-0.403671,0.282640,-0.017814
artstein_linear,10.650000,-1.469711,1.356447,-2.356552,2.296280,0.035500,-0.656740,-0.137917,-0.016906,0.113159,0.939832,0.035500,-0.403444,0.279140,-0.017777
artstein_linear,10.700000,-1.484878,1.339828,-2.391866,2.293495,0.034613,-0.651902,-0.144889,-0.016757,0.093012,0.953668,0.034613,-0.403186,0.275593,-0.017731
artstein_linear,10.750000,-1.499857,1.323038,-2.426978,2.290363,0.033728,-0.646999,-0.151851,-0.016603,0.072879,0.967325,0.033728,-0.402898,0.271999,-0.017676
artstein_linear,10.800000,-1.514646,1.306082,-2.461884,2.286882,0.032846,-0.642033,-0.158801,-0.016442,0.052761,0.980801,0.032846,-0.402578,0.268359,-0.017613
artstein_linear,10.850000,-1.529243,1.288959,-2.496582,2.283053,0.031967,-0.637004,-0.165739,-0.016277,0.032661,0.994093,0.031967,-0.402228,0.264675,-0.017540
artstein_linear,10.900000,-1.543647,1.271674,-2.531067,2.278875,0.031093,-0.631912,-0.172662,-0.016106,0.012579,1.007201,0.031093,-0.401847,0.260946,-0.017460
artstein_linear,10.950000,-1.557855,1.254228,-2.565337,2.274349,0.030222,-0.626758,-0.179571,-0.015930,-0.007482,1.020121,0.030222,-0.401434,0.257173,-0.017371
artstein_linear,11.000000,-1.571866,1.236623,-2.599388,2.269474,0.029357,-0.621541,-0.186463,-0.015750,-0.027522,1.032851,0.029357,-0.400990,0.253358,-0.017275
artstein_linear,11.050000,-1.585678,1.218862,-2.633217,2.264251,0.028496,-0.616264,-0.193338,-0.015565,-0.047539,1.045389,0.028496,-0.400515,0.249501,-0.017171
artstein_linear,11.100000,-1.599290,1.200946,-2.666820,2.258680,0.027641,-0.610926,-0.200195,-0.015376,-0.067530,1.057734,0.027641,-0.400009,0.245603,-0.017060
artstein_linear,11.150000,-1.612699,1.182879,-2.700195,2.252761,0.026791,-0.605527,-0.207032,-0.015182,-0.087496,1.069883,0.026791,-0.399470,0.241664,-0.016942
artstein_linear,11.200000,-1.625904,1.164661,-2.733337,2.246495,0.025947,-0.600069,-0.213848,-0.014985,-0.107433,1.081833,0.025947,-0.398900,0.237686,-0.016818
artstein_linear,11.250000,-1.638903,1.146297,-2.766244,2.239881,0.025110,-0.594551,-0.220642,-0.014785,-0.127341,1.093584,0.025110,-0.398299,0.233669,-0.016687
artstein_linear,11.300000,-1.651695,1.127787,-2.798912,2.232920,0.024280,-0.588975,-0.227414,-0.014581,-0.147217,1.105133,0.024280,-0.397665,0.229614,-0.016549
artstein_linear,11.350000,-1.664278,1.109134,-2.831339,2.225613,0.023457,-0.583340,-0.234161,-0.014373,-0.167061,1.116479,0.023457,-0.397000,0.225521,-0.016406
artstein_linear,11.400000,-1.676650,1.090341,-2.863520,2.217960,0.022641,-0.577648,-0.240883,-0.014163,-0.186870,1.127619,0.022641,-0.396302,0.221393,-0.016257
artstein_linear,11.450000,-1.688810,1.071410,-2.895453,2.209962,0.021833,-0.571899,-0.247579,-0.013950,-0.206643,1.138552,0.021833,-0.395573,0.217229,-0.016102
artstein_linear,11.500000,-1.700756,1.052344,-2.927135,2.201619,0.021032,-0.566093,-0.254247,-0.013734,-0.226379,1.149276,0.021032,-0.394811,0.213030,-0.015942
artstein_linear,11.550000,-1.712487,1.033144,-2.958563,2.192933,0.020240,-0.560231,-0.260887,-0.013516,-0.246076,1.159789,0.020240,-0.394017,0.208797,-0.015777
artstein_linear,11.600000,-1.724002,1.013814,-2.989733,2.183903,0.019456,-0.554313,-0.267497,-0.013296,-0.265731,1.170089,0.019456,-0.393191,0.204531,-0.015606
artstein_linear,11.650000,-1.735298,0.994355,-3.020642,2.174531,0.018681,-0.548341,-0.274076,-0.013073,-0.285345,1.180176,0.018681,-0.392332,0.200232,-0.015432
artstein_linear,11.700000,-1.746374,0.974770,-3.051288,2.164817,0.017915,-0.542314,-0.280623,-0.012849,-0.304914,1.190047,0.017915,-0.391441,0.195902,-0.015253
artstein_linear,11.750000,-1.757230,0.955062,-3.081667,2.154763,0.017158,-0.536233,-0.287138,-0.012623,-0.324438,1.199700,0.017158,-0.390517,0.191542,-0.015069
artstein_linear,11.800000,-1.767863,0.935233,-3.111777,2.144369,0.016410,-0.530100,-0.293619,-0.012395,-0.343914,1.209135,0.016410,-0.389561,0.187151,-0.014882
artstein_linear,11.850000,-1.778272,0.915286,-3.141613,2.133637,0.015672,-0.523914,-0.300065,-0.012166,-0.363342,1.218350,0.015672,-0.388572,0.182731,-0.014691
artstein_linear,11.900000,-1.788456,0.895223,-3.171175,2.122567,0.014943,-0.517676,-0.306474,-0.011936,-0.382718,1.227344,0.014943,-0.387551,0.178284,-0.014496
artstein_linear,11.950000,-1.798414,0.875047,-3.200457,2.111161,0.014224,-0.511386,-0.312847,-0.011705,-0.402043,1.236114,0.014224,-0.386497,0.173808,-0.014298
artstein_linear,12.000000,-1.808144,0.854760,-3.229458,2.099420,0.013515,-0.505046,-0.319181,-0.011473,-0.421314,1.244660,0.013515,-0.385410,0.169307,-0.014096
artstein_linear,12.050000,-1.817646,0.834364,-3.258175,2.087345,0.012816,-0.498656,-0.325477,-0.011240,-0.440530,1.252980,0.012816,-0.384291,0.164779,-0.013892
artstein_linear,12.100000,-1.826917,0.813864,-3.286605,2.074938,0.012128,-0.492216,-0.331732,-0.011007,-0.459688,1.261074,0.012128,-0.383138,0.160227,-0.013685
artstein_linear,12.150000,-1.835957,0.793260,-3.314745,2.062199,0.011450,-0.485728,-0.337946,-0.010773,-0.478788,1.268939,0.011450,-0.381953,0.155650,-0.013475
artstein_linear,12.200000,-1.844765,0.772555,-3.342592,2.049131,0.010782,-0.479191,-0.344117,-0.010539,-0.497827,1.276576,0.010782,-0.380735,0.151050,-0.013262
artstein_linear,12.250000,-1.853339,0.751753,-3.370144,2.035735,0.010126,-0.472607,-0.350246,-0.010305,-0.516805,1.283981,0.010126,-0.379484,0.146428,-0.013048
artstein_linear,12.300000,-1.861679,0.730856,-3.397398,2.022012,0.009480,-0.465976,-0.356330,-0.010071,-0.535719,1.291156,0.009480,-0.378201,0.141784,-0.012831
artstein_linear,12.350000,-1.869783,0.709866,-3.424351,2.007964,0.008845,-0.459299,-0.362369,-0.009837,-0.554567,1.298097,0.008845,-0.376884,0.137119,-0.012613
artstein_linear,12.400000,-1.877651,0.688787,-3.451000,1.993592,0.008220,-0.452576,-0.368362,-0.009603,-0.573349,1.304805,0.008220,-0.375534,0.132435,-0.012393
artstein_linear,12.450000,-1.885281,0.667620,-3.477343,1.978899,0.007607,-0.445808,-0.374308,-0.009370,-0.592062,1.311279,0.007607,-0.374152,0.127731,-0.012171
artstein_linear,12.500000,-1.892672,0.646369,-3.503377,1.963886,0.007006,-0.438996,-0.380206,-0.009137,-0.610705,1.317517,0.007006,-0.372736,0.123009,-0.011948
artstein_linear,12.550000,-1.899824,0.625036,-3.529100,1.948555,0.006415,-0.432141,-0.386054,-0.008905,-0.629276,1.323519,0.006415,-0.371288,0.118270,-0.011724
artstein_linear,12.600000,-1.906735,0.603624,-3.554508,1.932907,0.005835,-0.425242,-0.391853,-0.008674,-0.647773,1.329283,0.005835,-0.369807,0.113514,-0.011498
artstein_linear,12.650000,-1.913405,0.582135,-3.579601,1.916945,0.005267,-0.418302,-0.397601,-0.008443,-0.666196,1.334810,0.005267,-0.368292,0.108742,-0.011272
artstein_linear,12.700000,-1.919833,0.560573,-3.604374,1.900671,0.004710,-0.411320,-0.403297,-0.008213,-0.684542,1.340098,0.004710,-0.366745,0.103955,-0.011045
artstein_linear,12.750000,-1.926018,0.538940,-3.628826,1.884086,0.004165,-0.404297,-0.408940,-0.007985,-0.702809,1.345146,0.004165,-0.365165,0.099154,-0.010818
artstein_linear,12.800000,-1.931959,0.517239,-3.652955,1.867192,0.003631,-0.397235,-0.414529,-0.007758,-0.720996,1.349954,0.003631,-0.363552,0.094340,-0.010589
artstein_linear,12.850000,-1.937655,0.495472,-3.676757,1.849993,0.003108,-0.390133,-0.420064,-0.007532,-0.739101,1.354521,0.003108,-0.361907,0.089514,-0.010361
artstein_linear,12.900000,-1.943107,0.473642,-3.700230,1.832489,0.002597,-0.382992,-0.425544,-0.007307,-0.757124,1.358847,0.002597,-0.360228,0.084676,-0.010133
artstein_linear,12.950000,-1.948312,0.451753,-3.723373,1.814683,0.002097,-0.375814,-0.430967,-0.007084,-0.775061,1.362931,0.002097,-0.358517,0.079827,-0.009904
artstein_linear,13.000000,-1.953271,0.429806,-3.746182,1.796578,0.001609,-0.368599,-0.436333,-0.006862,-0.792911,1.366772,0.001609,-0.356773,0.074968,-0.009675
artstein_linear,13.050000,-1.957982,0.407805,-3.768656,1.778176,0.001132,-0.361347,-0.441641,-0.006643,-0.810674,1.370370,0.001132,-0.354996,0.070099,-0.009447
artstein_linear,13.100000,-1.962446,0.385753,-3.790792,1.759478,0.000666,-0.354059,-0.446890,-0.006424,-0.828346,1.373725,0.000666,-0.353187,0.065223,-0.009219
artstein_linear,13.150000,-1.966662,0.363651,-3.812589,1.740488,0.000212,-0.346737,-0.452079,-0.006208,-0.845927,1.376836,0.000212,-0.351345,0.060339,-0.008992
artstein_linear,13.200000,-1.970628,0.341504,-3.834043,1.721207,-0.000231,-0.339380,-0.457207,-0.005994,-0.863415,1.379703,-0.000231,-0.349471,0.055448,-0.008765
artstein_linear,13.250000,-1.974345,0.319313,-3.855154,1.701639,-0.000663,-0.331991,-0.462275,-0.005781,-0.880808,1.382326,-0.000663,-0.347564,0.050552,-0.008539
artstein_linear,13.300000,-1.977813,0.297082,-3.875918,1.681786,-0.001083,-0.324568,-0.467280,-0.005571,-0.898105,1.384704,-0.001083,-0.345624,0.045651,-0.008313
artstein_linear,13.350000,-1.981029,0.274813,-3.896334,1.661650,-0.001492,-0.317114,-0.472222,-0.005363,-0.915304,1.386837,-0.001492,-0.343653,0.040745,-0.008089
artstein_linear,13.400000,-1.983996,0.252510,-3.916399,1.641234,-0.001890,-0.309628,-0.477100,-0.005157,-0.932403,1.388725,-0.001890,-0.341649,0.035836,-0.007866
artstein_linear,13.450000,-1.986711,0.230174,-3.936112,1.620542,-0.002276,-0.302112,-0.481913,-0.004953,-0.949401,1.390367,-0.002276,-0.339613,0.030924,-0.007643
artstein_linear,13.500000,-1.989174,0.207810,-3.955471,1.599574,-0.002652,-0.294567,-0.486662,-0.004751,-0.966297,1.391765,-0.002652,-0.337544,0.026010,-0.007422
artstein_linear,13.550000,-1.991386,0.185419,-3.974474,1.578335,-0.003016,-0.286993,-0.491344,-0.004552,-0.983088,1.392916,-0.003016,-0.335444,0.021096,-0.007203
artstein_linear,13.600000,-1.993346,0.163004,-3.993119,1.556827,-0.003370,-0.279391,-0.495959,-0.004355,-0.999772,1.393823,-0.003370,-0.333312,0.016181,-0.006984
artstein_linear,13.650000,-1.995054,0.140569,-4.011404,1.535053,-0.003713,-0.271762,-0.500507,-0.004161,-1.016350,1.394484,-0.003713,-0.331148,0.011267,-0.006768
artstein_linear,13.700000,-1.996509,0.118117,-4.029327,1.513016,-0.004045,-0.264106,-0.504986,-0.003970,-1.032818,1.394899,-0.004045,-0.328952,0.006355,-0.006553
artstein_linear,13.750000,-1.997712,0.095649,-4.046887,1.490718,-0.004366,-0.256425,-0.509396,-0.003780,-1.049175,1.395069,-0.004366,-0.326725,0.001444,-0.006339
artstein_linear,13.800000,-1.998661,0.073169,-4.064081,1.468163,-0.004677,-0.248720,-0.513737,-0.003594,-1.065420,1.394994,-0.004677,-0.324466,-0.003463,-0.006127
artstein_linear,13.850000,-1.999358,0.050680,-4.080909,1.445354,-0.004977,-0.240990,-0.518007,-0.003410,-1.081552,1.394674,-0.004977,-0.322176,-0.008366,-0.005917
artstein_linear,13.900000,-1.999801,0.028184,-4.097369,1.422294,-0.005266,-0.233237,-0.522206,-0.003229,-1.097567,1.394109,-0.005266,-0.319854,-0.013265,-0.005709
artstein_linear,13.950000,-1.999992,0.005685,-4.113458,1.398985,-0.005546,-0.225462,-0.526334,-0.003050,-1.113466,1.393300,-0.005546,-0.317501,-0.018159,-0.005503
artstein_linear,14.000000,-1.999929,-0.016814,-4.129175,1.375432,-0.005815,-0.217665,-0.530389,-0.002875,-1.129246,1.392247,-0.005815,-0.315117,-0.023046,-0.005299
artstein_linear,14.050000,-1.999614,-0.039312,-4.144520,1.351637,-0.006074,-0.209847,-0.534370,-0.002702,-1.144906,1.390949,-0.006074,-0.312703,-0.027926,-0.005098
artstein_linear,14.100000,-1.999045,-0.061805,-4.159489,1.327603,-0.006323,-0.202010,-0.538279,-0.002531,-1.160445,1.389408,-0.006323,-0.310257,-0.032799,-0.004898
artstein_linear,14.150000,-1.998223,-0.084290,-4.174083,1.303335,-0.006562,-0.194154,-0.542112,-0.002364,-1.175860,1.387624,-0.006562,-0.307781,-0.037663,-0.004700
artstein_linear,14.200000,-1.997148,-0.106764,-4.188299,1.278834,-0.006791,-0.186279,-0.545871,-0.002200,-1.191150,1.385598,-0.006791,-0.305274,-0.042518,-0.004505
artstein_linear,14.250000,-1.995821,-0.129225,-4.202135,1.254104,-0.007010,-0.178387,-0.549555,-0.002038,-1.206314,1.383329,-0.007010,-0.302737,-0.047363,-0.004313
artstein_linear,14.300000,-1.994241,-0.151669,-4.215592,1.229149,-0.007220,-0.170479,-0.553162,-0.001880,-1.221351,1.380818,-0.007220,-0.300170,-0.052197,-0.004122
artstein_linear,14.350000,-1.992408,-0.174094,-4.228667,1.203973,-0.007421,-0.162555,-0.556693,-0.001724,-1.236258,1.378067,-0.007421,-0.297573,-0.057019,-0.003934
artstein_linear,14.400000,-1.990324,-0.196497,-4.241359,1.178577,-0.007612,-0.154616,-0.560146,-0.001571,-1.251035,1.375075,-0.007612,-0.294945,-0.061829,-0.003749
artstein_linear,14.450000,-1.987987,-0.218875,-4.253667,1.152967,-0.007794,-0.146663,-0.563521,-0.001422,-1.265679,1.371843,-0.007794,-0.292288,-0.066626,-0.003566
artstein_linear,14.500000,-1.985399,-0.241226,-4.265589,1.127146,-0.007967,-0.138697,-0.566818,-0.001275,-1.280190,1.368372,-0.007967,-0.289602,-0.071409,-0.003385
artstein_linear,14.550000,-1.982560,-0.263546,-4.277125,1.101116,-0.008131,-0.130719,-0.570037,-0.001131,-1.294565,1.364662,-0.008131,-0.286886,-0.076178,-0.003208
artstein_linear,14.600000,-1.979470,-0.285833,-4.288274,1.074882,-0.008286,-0.122730,-0.573176,-0.000990,-1.308804,1.360715,-0.008286,-0.284141,-0.080931,-0.003033
artstein_linear,14.650000,-1.976129,-0.308083,-4.299034,1.048448,-0.008433,-0.114729,-0.576235,-0.000852,-1.322905,1.356531,-0.008433,-0.281367,-0.085668,-0.002860
artstein_linear,14.700000,-1.972538,-0.330295,-4.309404,1.021816,-0.008570,-0.106719,-0.579213,-0.000718,-1.336866,1.352110,-0.008570,-0.278565,-0.090388,-0.002691
artstein_linear,14.750000,-1.968697,-0.352464,-4.319384,0.994991,-0.008700,-0.098701,-0.582111,-0.000586,-1.350687,1.347455,-0.008700,-0.275733,-0.095091,-0.002524
artstein_linear,14.800000,-1.964608,-0.374589,-4.328972,0.967976,-0.008821,-0.090674,-0.584928,-0.000457,-1.364364,1.342565,-0.008821,-0.272873,-0.099776,-0.002359
artstein_linear,14.850000,-1.960269,-0.396667,-4.338168,0.940775,-0.008934,-0.082640,-0.587663,-0.000331,-1.377899,1.337442,-0.008934,-0.269985,-0.104442,-0.002198
artstein_linear,14.900000,-1.955683,-0.418694,-4.346970,0.913392,-0.009040,-0.074600,-0.590315,-0.000208,-1.391288,1.332086,-0.009040,-0.267069,-0.109088,-0.002040
artstein_linear,14.950000,-1.950849,-0.440669,-4.355379,0.885830,-0.009137,-0.066555,-0.592885,-0.000088,-1.404530,1.326499,-0.009137,-0.264125,-0.113714,-0.001884
artstein_linear,15.000000,-1.945768,-0.462588,-4.363392,0.858094,-0.009227,-0.058505,-0.595372,0.000029,-1.417624,1.320682,-0.009227,-0.261154,-0.118318,-0.001731
artstein_linear,15.050000,-1.940441,-0.484448,-4.371010,0.830187,-0.009309,-0.050451,-0.597775,0.000143,-1.430570,1.314635,-0.009309,-0.258155,-0.122901,-0.001581
artstein_linear,15.100000,-1.934868,-0.506247,-4.378232,0.802113,-0.009383,-0.042395,-0.600095,0.000254,-1.443364,1.308360,-0.009383,-0.255129,-0.127462,-0.001434
artstein_linear,15.150000,-1.929050,-0.527981,-4.385057,0.773876,-0.009451,-0.034337,-0.602330,0.000362,-1.456006,1.301857,-0.009451,-0.252076,-0.131999,-0.001290
artstein_linear,15.200000,-1.922989,-0.549649,-4.391484,0.745480,-0.009511,-0.026278,-0.604481,0.000467,-1.468495,1.295129,-0.009511,-0.248996,-0.136513,-0.001148
artstein_linear,15.250000,-1.916684,-0.571248,-4.397513,0.716929,-0.009564,-0.018218,-0.606547,0.000569,-1.480830,1.288177,-0.009564,-0.245890,-0.141002,-0.001010
artstein_linear,15.300000,-1.910136,-0.592774,-4.403144,0.688227,-0.009611,-0.010160,-0.608528,0.000668,-1.493008,1.281000,-0.009611,-0.242758,-0.145466,-0.000874
artstein_linear,15.350000,-1.903346,-0.614225,-4.408375,0.659377,-0.009650,-0.002103,-0.610423,0.000764,-1.505029,1.273602,-0.009650,-0.239600,-0.149904,-0.000742
artstein_linear,15.400000,-1.896316,-0.635598,-4.413208,0.630385,-0.009684,0.005951,-0.612232,0.000858,-1.516891,1.265983,-0.009684,-0.236416,-0.154315,-0.000612
artstein_linear,15.450000,-1.889046,-0.656891,-4.417640,0.601253,-0.009710,0.014002,-0.613955,0.000949,-1.528594,1.258144,-0.009710,-0.233207,-0.158700,-0.000485
artstein_linear,15.500000,-1.881536,-0.678101,-4.421672,0.571986,-0.009731,0.022049,-0.615592,0.001036,-1.540135,1.250087,-0.009731,-0.229972,-0.163056,-0.000362
artstein_linear,15.550000,-1.873789,-0.699225,-4.425303,0.542589,-0.009745,0.030090,-0.617142,0.001121,-1.551514,1.241814,-0.009745,-0.226713,-0.167385,-0.000241
artstein_linear,15.600000,-1.865804,-0.720260,-4.428534,0.513065,-0.009754,0.038125,-0.618605,0.001204,-1.562730,1.233325,-0.009754,-0.223428,-0.171684,-0.000123
artstein_linear,15.650000,-1.857583,-0.741204,-4.431364,0.483418,-0.009757,0.046154,-0.619980,0.001283,-1.573780,1.224622,-0.009757,-0.220120,-0.175953,-0.000008
artstein_linear,15.700000,-1.849127,-0.762055,-4.433792,0.453652,-0.009754,0.054174,-0.621269,0.001360,-1.584665,1.215707,-0.009754,-0.216787,-0.180192,0.000104
artstein_linear,15.750000,-1.840437,-0.782809,-4.435820,0.423772,-0.009745,0.062186,-0.622469,0.001434,-1.595382,1.206581,-0.009745,-0.213431,-0.184401,0.000214
artstein_linear,15.800000,-1.831515,-0.803464,-4.437446,0.393782,-0.009731,0.070188,-0.623582,0.001505,-1.605931,1.197246,-0.009731,-0.210050,-0.188577,0.000320
artstein_linear,15.850000,-1.822360,-0.824017,-4.438670,0.363686,-0.009712,0.078180,-0.624606,0.001573,-1.616310,1.187703,-0.009712,-0.206647,-0.192722,0.000423
artstein_linear,15.900000,-1.812975,-0.844466,-4.439493,0.333489,-0.009688,0.086160,-0.625542,0.001639,-1.626519,1.177955,-0.009688,-0.203221,-0.196833,0.000524
artstein_linear,15.950000,-1.803360,-0.864808,-4.439915,0.303193,-0.009659,0.094128,-0.626390,0.001703,-1.636555,1.168002,-0.009659,-0.199772,-0.200912,0.000622
artstein_linear,16.000000,-1.793517,-0.885041,-4.439936,0.272805,-0.009625,0.102083,-0.627149,0.001764,-1.646419,1.157846,-0.009625,-0.196300,-0.204956,0.000717
artstein_linear,16.050000,-1.783447,-0.905162,-4.439555,0.242328,-0.009586,0.110024,-0.627820,0.001822,-1.656109,1.147489,-0.009586,-0.192807,-0.208966,0.000809
artstein_linear,16.100000,-1.773151,-0.925168,-4.438774,0.211766,-0.009543,0.117950,-0.628401,0.001878,-1.665623,1.136933,-0.009543,-0.189291,-0.212941,0.000898
artstein_linear,16.150000,-1.762631,-0.945057,-4.437592,0.181124,-0.009496,0.125860,-0.628894,0.001931,-1.674961,1.126180,-0.009496,-0.185755,-0.216880,0.000985
artstein_linear,16.200000,-1.751888,-0.964826,-4.436009,0.150405,-0.009444,0.133753,-0.629297,0.001982,-1.684122,1.115231,-0.009444,-0.182197,-0.220783,0.001069
artstein_linear,16.250000,-1.740923,-0.984473,-4.434027,0.119615,-0.009388,0.141629,-0.629612,0.002030,-1.693104,1.104088,-0.009388,-0.178618,-0.224649,0.001150
artstein_linear,16.300000,-1.729738,-1.003996,-4.431644,0.088758,-0.009328,0.149486,-0.629837,0.002076,-1.701907,1.092754,-0.009328,-0.175019,-0.228477,0.001228
artstein_linear,16.350000,-1.718333,-1.023391,-4.428863,0.057837,-0.009265,0.157324,-0.629973,0.002120,-1.710529,1.081229,-0.009265,-0.171399,-0.232268,0.001304
artstein_linear,16.400000,-1.706712,-1.042658,-4.425682,0.026858,-0.009197,0.165142,-0.630019,0.002161,-1.718970,1.069516,-0.009197,-0.167760,-0.236020,0.001377
artstein_linear,16.450000,-1.694874,-1.061792,-4.422103,-0.004175,-0.009126,0.172939,-0.629976,0.002200,-1.727229,1.057617,-0.009126,-0.164101,-0.239734,0.001447
artstein_linear,16.500000,-1.682822,-1.080791,-4.418126,-0.035258,-0.009052,0.180714,-0.629844,0.002237,-1.735304,1.045533,-0.009052,-0.160423,-0.243408,0.001515
artstein_linear,16.550000,-1.670557,-1.099654,-4.413752,-0.066387,-0.008974,0.188465,-0.629622,0.002271,-1.743195,1.033268,-0.008974,-0.156726,-0.247042,0.001580
artstein_linear,16.600000,-1.658080,-1.118378,-4.408981,-0.097557,-0.008893,0.196194,-0.629311,0.002304,-1.750901,1.020822,-0.008893,-0.153011,-0.250635,0.001643
artstein_linear,16.650000,-1.645394,-1.136960,-4.403814,-0.128763,-0.008809,0.203897,-0.628910,0.002334,-1.758420,1.008197,-0.008809,-0.149277,-0.254188,0.001703
artstein_linear,16.700000,-1.632499,-1.155399,-4.398252,-0.160002,-0.008722,0.211575,-0.628420,0.002362,-1.765753,0.995397,-0.008722,-0.145526,-0.257699,0.001761
artstein_linear,16.750000,-1.619398,-1.173691,-4.392295,-0.191268,-0.008633,0.219227,-0.627841,0.002388,-1.772897,0.982422,-0.008633,-0.141757,-0.261168,0.001816
artstein_linear,16.800000,-1.606092,-1.191834,-4.385945,-0.222558,-0.008540,0.226852,-0.627173,0.002412,-1.779853,0.969276,-0.008540,-0.137971,-0.264595,0.001869
artstein_linear,16.850000,-1.592582,-1.209827,-4.379201,-0.253867,-0.008445,0.234449,-0.626415,0.002434,-1.786619,0.955960,-0.008445,-0.134169,-0.267978,0.001919
artstein_linear,16.900000,-1.578871,-1.227667,-4.372066,-0.285191,-0.008348,0.242016,-0.625568,0.002454,-1.793195,0.942476,-0.008348,-0.130350,-0.271319,0.001967
artstein_linear,16.950000,-1.564960,-1.245351,-4.364539,-0.316525,-0.008248,0.249554,-0.624632,0.002472,-1.799579,0.928826,-0.008248,-0.126515,-0.274615,0.002013
artstein_linear,17.000000,-1.550851,-1.262878,-4.356623,-0.347864,-0.008146,0.257062,-0.623608,0.002489,-1.805772,0.915014,-0.008146,-0.122664,-0.277867,0.002056
artstein_linear,17.050000,-1.536546,-1.280244,-4.348317,-0.379205,-0.008042,0.264538,-0.622494,0.002503,-1.811771,0.901040,-0.008042,-0.118798,-0.281075,0.002097
artstein_linear,17.100000,-1.522046,-1.297449,-4.339623,-0.410542,-0.007936,0.271981,-0.621292,0.002516,-1.817577,0.886907,-0.007936,-0.114918,-0.284237,0.002136
artstein_linear,17.150000,-1.507354,-1.314490,-4.330543,-0.441872,-0.007828,0.279392,-0.620001,0.002527,-1.823189,0.872618,-0.007828,-0.111022,-0.287354,0.002172
artstein_linear,17.200000,-1.492471,-1.331364,-4.321076,-0.473190,-0.007719,0.286768,-0.618622,0.002536,-1.828605,0.858174,-0.007719,-0.107113,-0.290424,0.002207
artstein_linear,17.250000,-1.477399,-1.348070,-4.311225,-0.504491,-0.007607,0.294109,-0.617155,0.002543,-1.833826,0.843579,-0.007607,-0.103190,-0.293448,0.002239
artstein_linear,17.300000,-1.462140,-1.364605,-4.300991,-0.535771,-0.007495,0.301415,-0.615600,0.002549,-1.838851,0.828834,-0.007495,-0.099254,-0.296426,0.002269
artstein_linear,17.350000,-1.446696,-1.380967,-4.290375,-0.567025,-0.007380,0.308685,-0.613957,0.002554,-1.843678,0.813942,-0.007380,-0.095304,-0.299356,0.002297
artstein_linear,17.400000,-1.431069,-1.397155,-4.279377,-0.598250,-0.007265,0.315917,-0.612226,0.002556,-1.848308,0.798904,-0.007265,-0.091343,-0.302238,0.002323
artstein_linear,17.450000,-1.415261,-1.413166,-4.268001,-0.629441,-0.007148,0.323110,-0.610408,0.002557,-1.852740,0.783725,-0.007148,-0.087369,-0.305073,0.002348
artstein_linear,17.500000,-1.399274,-1.428997,-4.256246,-0.660592,-0.007030,0.330265,-0.608503,0.002557,-1.856973,0.768405,-0.007030,-0.083383,-0.307859,0.002370
artstein_linear,17.550000,-1.383109,-1.444648,-4.244115,-0.691701,-0.006911,0.337380,-0.606511,0.002555,-1.861006,0.752948,-0.006911,-0.079386,-0.310596,0.002390
artstein_linear,17.600000,-1.366770,-1.460117,-4.231609,-0.722762,-0.006791,0.344454,-0.604432,0.002552,-1.864840,0.737355,-0.006791,-0.075378,-0.313285,0.002408
artstein_linear,17.650000,-1.350257,-1.475400,-4.218730,-0.753771,-0.006670,0.351487,-0.602267,0.002547,-1.868472,0.721629,-0.006670,-0.071359,-0.315924,0.002425
artstein_linear,17.700000,-1.333574,-1.490497,-4.205478,-0.784723,-0.006548,0.358478,-0.600016,0.002541,-1.871904,0.705774,-0.006548,-0.067331,-0.318513,0.002439
artstein_linear,17.750000,-1.316722,-1.505405,-4.191856,-0.815615,-0.006426,0.365425,-0.597679,0.002534,-1.875135,0.689790,-0.006426,-0.063292,-0.321052,0.002452
artstein_linear,17.800000,-1.299703,-1.520122,-4.177866,-0.846441,-0.006303,0.372329,-0.595257,0.002525,-1.878163,0.673681,-0.006303,-0.059245,-0.323540,0.002464
artstein_linear,17.850000,-1.282520,-1.534648,-4.163508,-0.877198,-0.006179,0.379188,-0.592750,0.002516,-1.880989,0.657450,-0.006179,-0.055188,-0.325978,0.002473
artstein_linear,17.900000,-1.265174,-1.548979,-4.148786,-0.907880,-0.006055,0.386001,-0.590157,0.002505,-1.883612,0.641098,-0.006055,-0.051124,-0.328364,0.002481
artstein_linear,17.950000,-1.247668,-1.563113,-4.133700,-0.938485,-0.005931,0.392768,-0.587481,0.002493,-1.886032,0.624629,-0.005931,-0.047051,-0.330700,0.002487
artstein_linear,18.000000,-1.230005,-1.577051,-4.118252,-0.969006,-0.005806,0.399489,-0.584720,0.002479,-1.888248,0.608045,-0.005806,-0.042970,-0.332983,0.002492
artstein_linear,18.050000,-1.212185,-1.590788,-4.102445,-0.999440,-0.005682,0.406161,-0.581875,0.002465,-1.890260,0.591348,-0.005682,-0.038883,-0.335215,0.002495
artstein_linear,18.100000,-1.194213,-1.604324,-4.086280,-1.029783,-0.005557,0.412785,-0.578947,0.002450,-1.892067,0.574541,-0.005557,-0.034788,-0.337394,0.002496
artstein_linear,18.150000,-1.176089,-1.617657,-4.069759,-1.060030,-0.005432,0.419359,-0.575937,0.002433,-1.893670,0.557627,-0.005432,-0.030688,-0.339521,0.002496
artstein_linear,18.200000,-1.157816,-1.630786,-4.052885,-1.090177,-0.005307,0.425884,-0.572843,0.002416,-1.895068,0.540609,-0.005307,-0.026581,-0.341595,0.002495
artstein_linear,18.250000,-1.139397,-1.643708,-4.035658,-1.120219,-0.005183,0.432357,-0.569668,0.002397,-1.896261,0.523488,-0.005183,-0.022469,-0.343616,0.002492
artstein_linear,18.300000,-1.120834,-1.656421,-4.018082,-1.150153,-0.005058,0.438779,-0.566410,0.002378,-1.897248,0.506268,-0.005058,-0.018352,-0.345583,0.002488
artstein_linear,18.350000,-1.102128,-1.668926,-4.000158,-1.179974,-0.004934,0.445148,-0.563072,0.002358,-1.898030,0.488952,-0.004934,-0.014231,-0.347498,0.002483
artstein_linear,18.400000,-1.083284,-1.681219,-3.981889,-1.209677,-0.004810,0.451465,-0.559652,0.002337,-1.898605,0.471541,-0.004810,-0.010105,-0.349358,0.002476
artstein_linear,18.450000,-1.064302,-1.693299,-3.963276,-1.239259,-0.004686,0.457727,-0.556153,0.002315,-1.898975,0.454040,-0.004686,-0.005976,-0.351164,0.002468
artstein_linear,18.500000,-1.045185,-1.705165,-3.944323,-1.268716,-0.004563,0.463935,-0.552573,0.002293,-1.899138,0.436449,-0.004563,-0.001844,-0.352917,0.002459
artstein_linear,18.550000,-1.025936,-1.716815,-3.925031,-1.298042,-0.004441,0.470088,-0.548914,0.002269,-1.899094,0.418773,-0.004441,0.002291,-0.354614,0.002449
artstein_linear,18.600000,-1.006558,-1.728248,-3.905402,-1.327234,-0.004319,0.476184,-0.545176,0.002245,-1.898844,0.401014,-0.004319,0.006429,-0.356258,0.002437
artstein_linear,18.650000,-0.987052,-1.739462,-3.885439,-1.356288,-0.004197,0.482224,-0.541360,0.002221,-1.898387,0.383174,-0.004197,0.010568,-0.357846,0.002425
artstein_linear,18.700000,-0.967421,-1.750456,-3.865144,-1.385199,-0.004076,0.488206,-0.537465,0.002195,-1.897724,0.365257,-0.004076,0.014709,-0.359380,0.002411
artstein_linear,18.750000,-0.947667,-1.761229,-3.844521,-1.413964,-0.003956,0.494130,-0.533494,0.002169,-1.896854,0.347265,-0.003956,0.018851,-0.360858,0.002396
artstein_linear,18.800000,-0.927794,-1.771778,-3.823570,-1.442578,-0.003837,0.499996,-0.529445,0.002143,-1.895776,0.329201,-0.003837,0.022993,-0.362281,0.002381
artstein_linear,18.850000,-0.907803,-1.782104,-3.802295,-1.471037,-0.003718,0.505802,-0.525321,0.002116,-1.894492,0.311067,-0.003718,0.027135,-0.363649,0.002364
artstein_linear,18.900000,-0.887697,-1.792204,-3.780698,-1.499337,-0.003601,0.511547,-0.521120,0.002088,-1.893001,0.292867,-0.003601,0.031277,-0.364961,0.002346
artstein_linear,18.950000,-0.867479,-1.802077,-3.758783,-1.527474,-0.003484,0.517232,-0.516845,0.002060,-1.891303,0.274603,-0.003484,0.035418,-0.366217,0.002328
artstein_linear,19.000000,-0.847151,-1.811721,-3.736550,-1.555444,-0.003368,0.522855,-0.512495,0.002031,-1.889399,0.256277,-0.003368,0.039558,-0.367417,0.002308
artstein_linear,19.050000,-0.826716,-1.821137,-3.714004,-1.583243,-0.003253,0.528416,-0.508071,0.002002,-1.887288,0.237894,-0.003253,0.043695,-0.368562,0.002288
artstein_linear,19.100000,-0.806177,-1.830322,-3.691146,-1.610867,-0.003139,0.533914,-0.503573,0.001973,-1.884970,0.219455,-0.003139,0.047831,-0.369650,0.002267
artstein_linear,19.150000,-0.785535,-1.839276,-3.667980,-1.638312,-0.003027,0.539348,-0.499003,0.001943,-1.882445,0.200964,-0.003027,0.051964,-0.370682,0.002245
artstein_linear,19.200000,-0.764794,-1.847996,-3.644509,-1.665574,-0.002915,0.544719,-0.494361,0.001913,-1.879715,0.182423,-0.002915,0.056093,-0.371658,0.002223
artstein_linear,19.250000,-0.743956,-1.856483,-3.620734,-1.692649,-0.002805,0.550024,-0.489647,0.001882,-1.876778,0.163834,-0.002805,0.060220,-0.372577,0.002200
artstein_linear,19.300000,-0.723024,-1.864735,-3.596659,-1.719533,-0.002695,0.555264,-0.484862,0.001851,-1.873636,0.145202,-0.002695,0.064341,-0.373440,0.002176
artstein_linear,19.350000,-0.702000,-1.872751,-3.572287,-1.746223,-0.002587,0.560438,-0.480007,0.001820,-1.870287,0.126528,-0.002587,0.068459,-0.374246,0.002151
artstein_linear,19.400000,-0.680888,-1.880530,-3.547621,-1.772714,-0.002480,0.565545,-0.475083,0.001789,-1.866733,0.107816,-0.002480,0.072571,-0.374996,0.002126
artstein_linear,19.450000,-0.659689,-1.888070,-3.522664,-1.799003,-0.002375,0.570585,-0.470090,0.001757,-1.862974,0.089068,-0.002375,0.076678,-0.375689,0.002100
artstein_linear,19.500000,-0.638407,-1.895372,-3.497418,-1.825086,-0.002271,0.575557,-0.465028,0.001725,-1.859010,0.070287,-0.002271,0.080779,-0.376325,0.002074
artstein_linear,19.550000,-0.617044,-1.902434,-3.471886,-1.850959,-0.002168,0.580461,-0.459900,0.001693,-1.854842,0.051476,-0.002168,0.084873,-0.376904,0.002047
artstein_linear,19.600000,-0.595603,-1.909256,-3.446072,-1.876618,-0.002066,0.585296,-0.454704,0.001661,-1.850469,0.032638,-0.002066,0.088961,-0.377427,0.002020
artstein_linear,19.650000,-0.574087,-1.915835,-3.419979,-1.902060,-0.001966,0.590060,-0.449442,0.001629,-1.845892,0.013775,-0.001966,0.093041,-0.377892,0.001992
artstein_linear,19.700000,-0.552498,-1.922172,-3.393610,-1.927281,-0.001867,0.594755,-0.444115,0.001596,-1.841112,-0.005109,-0.001867,0.097113,-0.378301,0.001964
artstein_linear,19.750000,-0.530839,-1.928266,-3.366968,-1.952278,-0.001770,0.599379,-0.438723,0.001564,-1.836129,-0.024012,-0.001770,0.101177,-0.378653,0.001935
artstein_linear,19.800000,-0.509113,-1.934116,-3.340056,-1.977046,-0.001674,0.603932,-0.433267,0.001531,-1.830943,-0.042930,-0.001674,0.105232,-0.378948,0.001906
artstein_linear,19.850000,-0.487322,-1.939721,-3.312877,-2.001582,-0.001580,0.608412,-0.427749,0.001498,-1.825555,-0.061862,-0.001580,0.109278,-0.379187,0.001877
artstein_linear,19.900000,-0.465470,-1.945080,-3.285435,-2.025884,-0.001487,0.612821,-0.422167,0.001466,-1.819965,-0.080803,-0.001487,0.113314,-0.379368,0.001847
artstein_linear,19.950000,-0.443559,-1.950194,-3.257732,-2.049946,-0.001395,0.617156,-0.416524,0.001433,-1.814174,-0.099752,-0.001395,0.117340,-0.379492,0.001817
artstein_linear,20.000000,-0.421592,-1.955060,-3.229773,-2.073766,-0.001305,0.621418,-0.410821,0.001400,-1.808182,-0.118706,-0.001305,0.121356,-0.379560,0.001786
artstein_linear,20.050000,-0.399571,-1.959679,-3.201560,-2.097340,-0.001217,0.625606,-0.405057,0.001368,-1.801990,-0.137661,-0.001217,0.125360,-0.379571,0.001756
artstein_linear,20.100000,-0.377500,-1.964050,-3.173098,-2.120665,-0.001130,0.629720,-0.399234,0.001335,-1.795598,-0.156615,-0.001130,0.129352,-0.379525,0.001725
artstein_linear,20.150000,-0.355381,-1.968173,-3.144388,-2.143737,-0.001045,0.633758,-0.393352,0.001302,-1.789007,-0.175564,-0.001045,0.133333,-0.379423,0.001694
artstein_linear,20.200000,-0.333217,-1.972046,-3.115435,-2.166554,-0.000961,0.637721,-0.387413,0.001270,-1.782218,-0.194507,-0.000961,0.137301,-0.379264,0.001663
artstein_linear,20.250000,-0.311011,-1.975670,-3.086242,-2.189111,-0.000879,0.641609,-0.381416,0.001237,-1.775231,-0.213441,-0.000879,0.141256,-0.379048,0.001631
artstein_linear,20.300000,-0.288765,-1.979044,-3.056812,-2.211405,-0.000798,0.645419,-0.375364,0.001205,-1.768047,-0.232361,-0.000798,0.145198,-0.378776,0.001600
artstein_linear,20.350000,-0.266483,-1.982167,-3.027150,-2.233434,-0.000719,0.649153,-0.369256,0.001173,-1.760667,-0.251267,-0.000719,0.149125,-0.378448,0.001568
artstein_linear,20.400000,-0.244167,-1.985040,-2.997258,-2.255194,-0.000642,0.652810,-0.363094,0.001141,-1.753091,-0.270154,-0.000642,0.153039,-0.378063,0.001537
artstein_linear,20.450000,-0.221821,-1.987661,-2.967141,-2.276682,-0.000566,0.656389,-0.356879,0.001109,-1.745320,-0.289021,-0.000566,0.156937,-0.377623,0.001505
artstein_linear,20.500000,-0.199446,-1.990030,-2.936801,-2.297894,-0.000491,0.659889,-0.350610,0.001077,-1.737355,-0.307863,-0.000491,0.160820,-0.377126,0.001473
artstein_linear,20.550000,-0.177046,-1.992148,-2.906242,-2.318828,-0.000419,0.663311,-0.344290,0.001046,-1.729196,-0.326680,-0.000419,0.164687,-0.376573,0.001441
artstein_linear,20.600000,-0.154624,-1.994014,-2.875468,-2.339480,-0.000348,0.666654,-0.337919,0.001014,-1.720845,-0.345466,-0.000348,0.168538,-0.375964,0.001409
artstein_linear,20.650000,-0.132182,-1.995627,-2.844484,-2.359848,-0.000278,0.669918,-0.331497,0.000983,-1.712302,-0.364221,-0.000278,0.172373,-0.375300,0.001377
artstein_linear,20.700000,-0.109723,-1.996988,-2.813291,-2.379929,-0.000210,0.673101,-0.325027,0.000952,-1.703568,-0.382941,-0.000210,0.176190,-0.374580,0.001345
artstein_linear,20.750000,-0.087250,-1.998096,-2.781894,-2.399719,-0.000144,0.676205,-0.318508,0.000922,-1.694644,-0.401623,-0.000144,0.179990,-0.373805,0.001313
artstein_linear,20.800000,-0.064767,-1.998951,-2.750298,-2.419216,-0.000079,0.679228,-0.311941,0.000891,-1.685531,-0.420265,-0.000079,0.183771,-0.372975,0.001281
artstein_linear,20.850000,-0.042275,-1.999553,-2.718504,-2.438417,-0.000016,0.682169,-0.305328,0.000861,-1.676229,-0.438863,-0.000016,0.187534,-0.372089,0.001250
artstein_linear,20.900000,-0.019778,-1.999902,-2.686518,-2.457318,0.000045,0.685030,-0.298669,0.000831,-1.666741,-0.457416,0.000045,0.191278,-0.371149,0.001218
artstein_linear,20.950000,0.002722,-1.999998,-2.654344,-2.475918,0.000105,0.687809,-0.291965,0.000801,-1.657066,-0.475920,0.000105,0.195003,-0.370154,0.001186
artstein_linear,21.000000,0.025221,-1.999841,-2.621984,-2.494214,0.000164,0.690505,-0.285218,0.000772,-1.647205,-0.494373,0.000164,0.198707,-0.369104,0.001155
artstein_linear,21.050000,0.047718,-1.999431,-2.589443,-2.512202,0.000221,0.693120,-0.278427,0.000743,-1.637160,-0.512771,0.000221,0.202392,-0.368000,0.001124
artstein_linear,21.100000,0.070208,-1.998767,-2.556725,-2.529880,0.000276,0.695651,-0.271595,0.000714,-1.626932,-0.531113,0.000276,0.206055,-0.366842,0.001092
artstein_linear,21.150000,0.092689,-1.997851,-2.523833,-2.547246,0.000330,0.698100,-0.264721,0.000686,-1.616522,-0.549395,0.000330,0.209698,-0.365630,0.001061
artstein_linear,21.200000,0.115158,-1.996682,-2.490772,-2.564297,0.000382,0.700465,-0.257807,0.000658,-1.605930,-0.567615,0.000382,0.213318,-0.364364,0.001031
artstein_linear,21.250000,0.137613,-1.995260,-2.457545,-2.581030,0.000432,0.702747,-0.250854,0.000630,-1.595158,-0.585770,0.000432,0.216917,-0.363044,0.001000
artstein_linear,21.300000,0.160051,-1.993586,-2.424157,-2.597443,0.000481,0.704945,-0.243863,0.000603,-1.584208,-0.603858,0.000481,0.220493,-0.361672,0.000969
artstein_linear,21.350000,0.182468,-1.991659,-2.390611,-2.613534,0.000529,0.707058,-0.236834,0.000576,-1.573079,-0.621875,0.000529,0.224046,-0.360246,0.000939
artstein_linear,21.400000,0.204862,-1.989480,-2.356912,-2.629300,0.000575,0.709088,-0.229769,0.000549,-1.561774,-0.639820,0.000575,0.227576,-0.358768,0.000909
artstein_linear,21.450000,0.227230,-1.987050,-2.323063,-2.644739,0.000620,0.711032,-0.222669,0.000523,-1.550293,-0.657689,0.000620,0.231081,-0.357237,0.000879
artstein_linear,21.500000,0.249570,-1.984368,-2.289068,-2.659848,0.000663,0.712892,-0.215534,0.000497,-1.538638,-0.675480,0.000663,0.234563,-0.355654,0.000850
artstein_linear,21.550000,0.271878,-1.981434,-2.254932,-2.674625,0.000704,0.714666,-0.208366,0.000471,-1.526810,-0.693190,0.000704,0.238020,-0.354018,0.000821
artstein_linear,21.600000,0.294151,-1.978251,-2.220659,-2.689068,0.000744,0.716355,-0.201165,0.000446,-1.514810,-0.710817,0.000744,0.241451,-0.352331,0.000792
artstein_linear,21.650000,0.316387,-1.974816,-2.186252,-2.703175,0.000783,0.717958,-0.193933,0.000421,-1.502639,-0.728359,0.000783,0.244857,-0.350593,0.000763
artstein_linear,21.700000,0.338584,-1.971132,-2.151716,-2.716944,0.000820,0.719476,-0.186670,0.000396,-1.490300,-0.745812,0.000820,0.248237,-0.348803,0.000734
artstein_linear,21.750000,0.360737,-1.967198,-2.117055,-2.730372,0.000856,0.720907,-0.179377,0.000372,-1.477792,-0.763173,0.000856,0.251591,-0.346963,0.000706
artstein_linear,21.800000,0.382845,-1.963016,-2.082273,-2.743457,0.000891,0.722253,-0.172056,0.000349,-1.465117,-0.780442,0.000891,0.254917,-0.345072,0.000678
artstein_linear,21.850000,0.404904,-1.958584,-2.047374,-2.756199,0.000924,0.723512,-0.164708,0.000325,-1.452278,-0.797614,0.000924,0.258217,-0.343130,0.000651
artstein_linear,21.900000,0.426912,-1.953905,-2.012363,-2.768594,0.000956,0.724684,-0.157333,0.000302,-1.439274,-0.814688,0.000956,0.261489,-0.341139,0.000624
artstein_linear,21.950000,0.448866,-1.948979,-1.977243,-2.780640,0.000986,0.725770,-0.149932,0.000280,-1.426108,-0.831661,0.000986,0.264732,-0.339098,0.000597
artstein_linear,22.000000,0.470763,-1.943806,-1.942018,-2.792337,0.001015,0.726769,-0.142507,0.000258,-1.412781,-0.848530,0.001015,0.267948,-0.337007,0.000570
artstein_linear,22.050000,0.492600,-1.938387,-1.906694,-2.803681,0.001043,0.727681,-0.135058,0.000236,-1.399295,-0.865294,0.001043,0.271134,-0.334868,0.000544
artstein_linear,22.100000,0.514376,-1.932723,-1.871274,-2.814672,0.001069,0.728505,-0.127587,0.000215,-1.385650,-0.881949,0.001069,0.274291,-0.332680,0.000518
artstein_linear,22.150000,0.536086,-1.926814,-1.835762,-2.825308,0.001094,0.729243,-0.120094,0.000194,-1.371848,-0.898494,0.001094,0.277418,-0.330444,0.000493
artstein_linear,22.200000,0.557728,-1.920661,-1.800163,-2.835586,0.001118,0.729893,-0.112581,0.000174,-1.357891,-0.914925,0.001118,0.280515,-0.328159,0.000468
artstein_linear,22.250000,0.579300,-1.914265,-1.764481,-2.845506,0.001141,0.730456,-0.105048,0.000154,-1.343781,-0.931240,0.001141,0.283582,-0.325827,0.000443
artstein_linear,22.300000,0.600798,-1.907627,-1.728720,-2.855065,0.001162,0.730932,-0.097497,0.000134,-1.329518,-0.947438,0.001162,0.286618,-0.323448,0.000419
artstein_linear,22.350000,0.622220,-1.900748,-1.692885,-2.864263,0.001183,0.731319,-0.089928,0.000115,-1.315105,-0.963516,0.001183,0.289623,-0.321022,0.000395
artstein_linear,22.400000,0.643564,-1.893628,-1.656979,-2.873098,0.001202,0.731620,-0.082343,0.000096,-1.300543,-0.979470,0.001202,0.292596,-0.318550,0.000371
artstein_linear,22.450000,0.664826,-1.886268,-1.621007,-2.881568,0.001219,0.731832,-0.074743,0.000078,-1.285833,-0.995300,0.001219,0.295537,-0.316031,0.000348
artstein_linear,22.500000,0.686004,-1.878669,-1.584973,-2.889672,0.001236,0.731957,-0.067128,0.000060,-1.270978,-1.011003,0.001236,0.298445,-0.313467,0.000325
artstein_linear,22.550000,0.707095,-1.870833,-1.548882,-2.897409,0.001252,0.731994,-0.059500,0.000043,-1.255978,-1.026576,0.001252,0.301321,-0.310857,0.000302
artstein_linear,22.600000,0.728097,-1.862760,-1.512739,-2.904778,0.001266,0.731944,-0.051860,0.000025,-1.240836,-1.042018,0.001266,0.304164,-0.308202,0.000280
artstein_linear,22.650000,0.749007,-1.854451,-1.476546,-2.911777,0.001280,0.731805,-0.044208,0.000009,-1.225552,-1.057326,0.001280,0.306973,-0.305503,0.000259
artstein_linear,22.700000,0.769821,-1.845908,-1.440309,-2.918405,0.001292,0.731579,-0.036547,-0.000007,-1.210130,-1.072497,0.001292,0.309748,-0.302760,0.000237
artstein_linear,22.750000,0.790539,-1.837131,-1.404031,-2.924660,0.001303,0.731265,-0.028876,-0.000023,-1.194570,-1.087530,0.001303,0.312489,-0.299973,0.000216
artstein_linear,22.800000,0.811156,-1.828121,-1.367719,-2.930543,0.001313,0.730863,-0.021197,-0.000039,-1.178874,-1.102422,0.001313,0.315195,-0.297142,0.000196
artstein_linear,22.850000,0.831670,-1.818880,-1.331374,-2.936052,0.001323,0.730374,-0.013511,-0.000054,-1.163045,-1.117172,0.001323,0.317867,-0.294269,0.000176
artstein_linear,22.900000,0.852080,-1.809409,-1.295003,-2.941186,0.001331,0.729797,-0.005819,-0.000068,-1.147083,-1.131777,0.001331,0.320503,-0.291354,0.000156
artstein_linear,22.950000,0.872381,-1.799709,-1.258609,-2.945944,0.001338,0.729132,0.001878,-0.000083,-1.130990,-1.146235,0.001338,0.323104,-0.288396,0.000137
artstein_linear,23.000000,0.892572,-1.789781,-1.222197,-2.950325,0.001344,0.728380,0.009579,-0.000096,-1.114769,-1.160544,0.001344,0.325668,-0.285397,0.000118
artstein_linear,23.050000,0.912651,-1.779626,-1.185771,-2.954328,0.001350,0.727541,0.017283,-0.000110,-1.098421,-1.174702,0.001350,0.328197,-0.282357,0.000100
artstein_linear,23.100000,0.932613,-1.769246,-1.149335,-2.957954,0.001354,0.726614,0.024989,-0.000123,-1.081948,-1.188707,0.001354,0.330688,-0.279276,0.000082
artstein_linear,23.150000,0.952458,-1.758643,-1.112894,-2.961200,0.001358,0.725599,0.032696,-0.000135,-1.065352,-1.202557,0.001358,0.333143,-0.276155,0.000064
artstein_linear,23.200000,0.972182,-1.747817,-1.076452,-2.964066,0.001360,0.724498,0.040402,-0.000147,-1.048634,-1.216250,0.001360,0.335560,-0.272994,0.000047
artstein_linear,23.250000,0.991783,-1.736769,-1.040014,-2.966553,0.001362,0.723310,0.048108,-0.000159,-1.031796,-1.229783,0.001362,0.337940,-0.269794,0.000030
artstein_linear,23.300000,1.011258,-1.725502,-1.003583,-2.968658,0.001363,0.722034,0.055810,-0.000171,-1.014842,-1.243156,0.001363,0.340282,-0.266556,0.000014
artstein_linear,23.350000,1.030606,-1.714016,-0.967165,-2.970382,0.001363,0.720672,0.063510,-0.000182,-0.997771,-1.256366,0.001363,0.342585,-0.263278,-0.000002
artstein_linear,23.400000,1.049823,-1.702314,-0.930764,-2.971724,0.001363,0.719223,0.071205,-0.000192,-0.980586,-1.269410,0.001363,0.344850,-0.259964,-0.000018
artstein_linear,23.450000,1.068907,-1.690396,-0.894383,-2.972684,0.001361,0.717688,0.078895,-0.000203,-0.963290,-1.282289,0.001361,0.347077,-0.256611,-0.000033
artstein_linear,23.500000,1.087856,-1.678264,-0.858028,-2.973262,0.001359,0.716067,0.086578,-0.000212,-0.945884,-1.294998,0.001359,0.349264,-0.253222,-0.000048
artstein_linear,23.550000,1.106667,-1.665920,-0.821703,-2.973457,0.001357,0.714359,0.094254,-0.000222,-0.928370,-1.307537,0.001357,0.351411,-0.249797,-0.000062
artstein_linear,23.600000,1.125338,-1.653364,-0.785411,-2.973268,0.001353,0.712566,0.101921,-0.000231,-0.910750,-1.319904,0.001353,0.353519,-0.246336,-0.000076
artstein_linear,23.650000,1.143867,-1.640600,-0.749158,-2.972697,0.001349,0.710686,0.109578,-0.000240,-0.893025,-1.332097,0.001349,0.355587,-0.242839,-0.000090
artstein_linear,23.700000,1.162251,-1.627628,-0.712948,-2.971742,0.001344,0.708722,0.117225,-0.000248,-0.875199,-1.344114,0.001344,0.357614,-0.239308,-0.000103
artstein_linear,23.750000,1.180488,-1.614450,-0.676785,-2.970404,0.001338,0.706672,0.124861,-0.000256,-0.857273,-1.355954,0.001338,0.359601,-0.235742,-0.000116
artstein_linear,23.800000,1.198575,-1.601067,-0.640674,-2.968682,0.001332,0.704536,0.132483,-0.000264,-0.839249,-1.367615,0.001332,0.361547,-0.232143,-0.000128
artstein_linear,23.850000,1.216511,-1.587482,-0.604618,-2.966577,0.001325,0.702317,0.140092,-0.000271,-0.821130,-1.379095,0.001325,0.363452,-0.228510,-0.000140
artstein_linear,23.900000,1.234293,-1.573697,-0.568623,-2.964089,0.001318,0.700012,0.147686,-0.000278,-0.802916,-1.390392,0.001318,0.365316,-0.224845,-0.000152
artstein_linear,23.950000,1.251919,-1.559711,-0.532692,-2.961217,0.001310,0.697623,0.155265,-0.000285,-0.784611,-1.401506,0.001310,0.367138,-0.221147,-0.000163
artstein_linear,24.000000,1.269386,-1.545529,-0.496830,-2.957962,0.001302,0.695151,0.162826,-0.000291,-0.766216,-1.412433,0.001302,0.368918,-0.217418,-0.000174
artstein_linear,24.050000,1.286692,-1.531151,-0.461041,-2.954325,0.001293,0.692594,0.170370,-0.000297,-0.747733,-1.423174,0.001293,0.370656,-0.213657,-0.000184
artstein_linear,24.100000,1.303836,-1.516579,-0.425329,-2.950305,0.001283,0.689954,0.177895,-0.000303,-0.729165,-1.433726,0.001283,0.372351,-0.209866,-0.000195
artstein_linear,24.150000,1.320815,-1.501815,-0.389699,-2.945902,0.001273,0.687231,0.185400,-0.000309,-0.710514,-1.444087,0.001273,0.374004,-0.206045,-0.000204
artstein_linear,24.200000,1.337626,-1.486861,-0.354155,-2.941118,0.001263,0.684425,0.192884,-0.000314,-0.691781,-1.454257,0.001263,0.375614,-0.202195,-0.000214
artstein_linear,24.250000,1.354268,-1.471719,-0.318702,-2.935953,0.001252,0.681537,0.200347,-0.000318,-0.672970,-1.464233,0.001252,0.377181,-0.198315,-0.000223
artstein_linear,24.300000,1.370739,-1.456391,-0.283343,-2.930406,0.001240,0.678567,0.207786,-0.000323,-0.654082,-1.474015,0.001240,0.378705,-0.194407,-0.000231
artstein_linear,24.350000,1.387036,-1.440878,-0.248082,-2.924479,0.001228,0.675514,0.215202,-0.000327,-0.635119,-1.483601,0.001228,0.380185,-0.190472,-0.000240
artstein_linear,24.400000,1.403158,-1.425183,-0.212925,-2.918173,0.001216,0.672381,0.222592,-0.000331,-0.616083,-1.492989,0.001216,0.381621,-0.186509,-0.000248
artstein_linear,24.450000,1.419102,-1.409308,-0.177875,-2.911487,0.001204,0.669166,0.229957,-0.000334,-0.596977,-1.502179,0.001204,0.383014,-0.182519,-0.000255
artstein_linear,24.500000,1.434867,-1.393254,-0.142937,-2.904423,0.001191,0.665870,0.237295,-0.000338,-0.577803,-1.511169,0.001191,0.384362,-0.178503,-0.000263
artstein_linear,24.550000,1.450450,-1.377024,-0.108114,-2.896981,0.001177,0.662495,0.244605,-0.000341,-0.558564,-1.519957,0.001177,0.385666,-0.174462,-0.000270
artstein_linear,24.600000,1.465849,-1.360620,-0.073411,-2.889162,0.001164,0.659039,0.251887,-0.000344,-0.539260,-1.528543,0.001164,0.386926,-0.170396,-0.000276
artstein_linear,24.650000,1.481063,-1.344043,-0.038832,-2.880967,0.001150,0.655504,0.259138,-0.000346,-0.519895,-1.536924,0.001150,0.388140,-0.166305,-0.000283
artstein_linear,24.700000,1.496090,-1.327296,-0.004381,-2.872398,0.001135,0.651889,0.266359,-0.000348,-0.500471,-1.545101,0.001135,0.389310,-0.162191,-0.000289
artstein_linear,24.750000,1.510927,-1.310382,0.029937,-2.863453,0.001121,0.648196,0.273548,-0.000350,-0.480990,-1.553072,0.001121,0.390435,-0.158053,-0.000294
artstein_linear,24.800000,1.525573,-1.293301,0.064119,-2.854136,0.001106,0.644425,0.280704,-0.000352,-0.461454,-1.560835,0.001106,0.391514,-0.153893,-0.000300
artstein_linear,24.850000,1.540025,-1.276057,0.098160,-2.844447,0.001091,0.640576,0.287826,-0.000353,-0.441865,-1.568389,0.001091,0.392549,-0.149710,-0.000305
artstein_linear,24.900000,1.554283,-1.258652,0.132056,-2.834386,0.001075,0.636650,0.294914,-0.000355,-0.422227,-1.575735,0.001075,0.393537,-0.145506,-0.000309
artstein_linear,24.950000,1.568344,-1.241087,0.165804,-2.823956,0.001060,0.632646,0.301966,-0.000356,-0.402540,-1.582869,0.001060,0.394480,-0.141282,-0.000314
artstein_linear,25.000000,1.582207,-1.223364,0.199399,-2.813156,0.001044,0.628567,0.308982,-0.000356,-0.382808,-1.589792,0.001044,0.395377,-0.137037,-0.000318
artstein_linear,25.050000,1.595870,-1.205488,0.232836,-2.801990,0.001028,0.624411,0.315960,-0.000357,-0.363033,-1.596502,0.001028,0.396228,-0.132772,-0.000322
artstein_linear,25.100000,1.609330,-1.187458,0.266113,-2.790457,0.001012,0.620180,0.322899,-0.000357,-0.343217,-1.602999,0.001012,0.397032,-0.128488,-0.000325
artstein_linear,25.150000,1.622587,-1.169278,0.299225,-2.778560,0.000995,0.615875,0.329799,-0.000357,-0.323362,-1.609281,0.000995,0.397791,-0.124186,-0.000329
artstein_linear,25.200000,1.635638,-1.150951,0.332168,-2.766299,0.000979,0.611494,0.336659,-0.000357,-0.303470,-1.615348,0.000979,0.398503,-0.119866,-0.000332
artstein_linear,25.250000,1.648483,-1.132477,0.364938,-2.753676,0.000962,0.607040,0.343478,-0.000357,-0.283545,-1.621198,0.000962,0.399169,-0.115529,-0.000335
artstein_linear,25.300000,1.661118,-1.113861,0.397531,-2.740692,0.000945,0.602513,0.350254,-0.000356,-0.263588,-1.626832,0.000945,0.399787,-0.111175,-0.000337
artstein_linear,25.350000,1.673544,-1.095103,0.429943,-2.727350,0.000928,0.597912,0.356987,-0.000356,-0.243601,-1.632247,0.000928,0.400360,-0.106805,-0.000339
artstein_linear,25.400000,1.685758,-1.076207,0.462170,-2.713650,0.000911,0.593240,0.363677,-0.000355,-0.223587,-1.637443,0.000911,0.400885,-0.102419,-0.000341
artstein_linear,25.450000,1.697758,-1.057174,0.494209,-2.699595,0.000894,0.588496,0.370321,-0.000354,-0.203549,-1.642421,0.000894,0.401363,-0.098019,-0.000343
artstein_linear,25.500000,1.709544,-1.038008,0.526055,-2.685185,0.000877,0.583680,0.376920,-0.000353,-0.183488,-1.647177,0.000877,0.401794,-0.093605,-0.000345
artstein_linear,25.550000,1.721113,-1.018710,0.557705,-2.670424,0.000860,0.578794,0.383472,-0.000351,-0.163407,-1.651713,0.000860,0.402178,-0.089177,-0.000346
artstein_linear,25.600000,1.732464,-0.999284,0.589155,-2.655312,0.000842,0.573838,0.389977,-0.000350,-0.143309,-1.656028,0.000842,0.402515,-0.084736,-0.000347
artstein_linear,25.650000,1.743596,-0.979731,0.620401,-2.639851,0.000825,0.568813,0.396433,-0.000348,-0.123195,-1.660120,0.000825,0.402805,-0.080282,-0.000348
artstein_linear,25.700000,1.754508,-0.960054,0.651439,-2.624043,0.000808,0.563719,0.402839,-0.000346,-0.103069,-1.663990,0.000808,0.403047,-0.075817,-0.000348
artstein_linear,25.750000,1.765197,-0.940255,0.682266,-2.607891,0.000790,0.558556,0.409196,-0.000344,-0.082931,-1.667636,0.000790,0.403242,-0.071341,-0.000349
artstein_linear,25.800000,1.775663,-0.920338,0.712877,-2.591396,0.000773,0.553327,0.415502,-0.000342,-0.062786,-1.671058,0.000773,0.403389,-0.066854,-0.000349
artstein_linear,25.850000,1.785904,-0.900304,0.743269,-2.574559,0.000755,0.548030,0.421755,-0.000339,-0.042635,-1.674256,0.000755,0.403489,-0.062358,-0.000349
artstein_linear,25.900000,1.795919,-0.880156,0.773439,-2.557384,0.000738,0.542667,0.427956,-0.000337,-0.022480,-1.677229,0.000738,0.403541,-0.057852,-0.000349
artstein_linear,25.950000,1.805707,-0.859896,0.803383,-2.539873,0.000720,0.537238,0.434104,-0.000334,-0.002324,-1.679977,0.000720,0.403546,-0.053338,-0.000348
artstein_linear,26.000000,1.815267,-0.839528,0.833097,-2.522027,0.000703,0.531744,0.440197,-0.000332,0.017830,-1.682499,0.000703,0.403502,-0.048815,-0.000348
artstein_linear,26.050000,1.824596,-0.819054,0.862577,-2.503848,0.000686,0.526186,0.446235,-0.000329,0.037981,-1.684794,0.000686,0.403412,-0.044286,-0.000347
artstein_linear,26.100000,1.833695,-0.798475,0.891821,-2.485339,0.000668,0.520564,0.452217,-0.000326,0.058126,-1.686864,0.000668,0.403273,-0.039749,-0.000346
artstein_linear,26.150000,1.842561,-0.777796,0.920823,-2.466503,0.000651,0.514879,0.458142,-0.000323,0.078262,-1.688706,0.000651,0.403087,-0.035207,-0.000345
artstein_linear,26.200000,1.851195,-0.757019,0.949582,-2.447341,0.000634,0.509132,0.464010,-0.000320,0.098387,-1.690322,0.000634,0.402853,-0.030659,-0.000343
artstein_linear,26.250000,1.859594,-0.736145,0.978094,-2.427856,0.000617,0.503324,0.469819,-0.000316,0.118500,-1.691710,0.000617,0.402571,-0.026106,-0.000342
artstein_linear,26.300000,1.867758,-0.715179,1.006354,-2.408050,0.000600,0.497454,0.475569,-0.000313,0.138596,-1.692871,0.000600,0.402242,-0.021549,-0.000340
artstein_linear,26.350000,1.875685,-0.694122,1.034360,-2.387926,0.000583,0.491524,0.481259,-0.000310,0.158675,-1.693804,0.000583,0.401864,-0.016988,-0.000338
artstein_linear,26.400000,1.883375,-0.672977,1.062108,-2.367486,0.000566,0.485535,0.486889,-0.000306,0.178733,-1.694510,0.000566,0.401440,-0.012424,-0.000336
artstein_linear,26.450000,1.890827,-0.651747,1.089595,-2.346733,0.000549,0.479487,0.492457,-0.000302,0.198768,-1.694987,0.000549,0.400967,-0.007858,-0.000334
artstein_linear,26.500000,1.898039,-0.630434,1.116818,-2.325670,0.000533,0.473380,0.497963,-0.000299,0.218779,-1.695236,0.000533,0.400447,-0.003291,-0.000332
artstein_linear,26.550000,1.905011,-0.609042,1.143773,-2.304299,0.000516,0.467217,0.503405,-0.000295,0.238761,-1.695257,0.000516,0.399879,0.001278,-0.000330
artstein_linear,26.600000,1.911742,-0.587572,1.170457,-2.282622,0.000500,0.460997,0.508785,-0.000291,0.258714,-1.695050,0.000500,0.399263,0.005847,-0.000327
artstein_linear,26.650000,1.918231,-0.566028,1.196866,-2.260643,0.000483,0.454721,0.514099,-0.000287,0.278635,-1.694614,0.000483,0.398600,0.010416,-0.000325
artstein_linear,26.700000,1.924478,-0.544413,1.222999,-2.238364,0.000467,0.448390,0.519349,-0.000283,0.298521,-1.693951,0.000467,0.397889,0.014985,-0.000322
artstein_linear,26.750000,1.930480,-0.522728,1.248850,-2.215787,0.000451,0.442005,0.524533,-0.000279,0.318370,-1.693059,0.000451,0.397131,0.019551,-0.000319
artstein_linear,26.800000,1.936239,-0.500978,1.274418,-2.192917,0.000435,0.435566,0.529650,-0.000275,0.338179,-1.691939,0.000435,0.396326,0.024116,-0.000316
artstein_linear,26.850000,1.941752,-0.479164,1.299700,-2.169756,0.000420,0.429075,0.534700,-0.000271,0.357947,-1.690592,0.000420,0.395473,0.028678,-0.000313
artstein_linear,26.900000,1.947020,-0.457289,1.324691,-2.146306,0.000404,0.422531,0.539682,-0.000266,0.377671,-1.689016,0.000404,0.394573,0.033237,-0.000310
artstein_linear,26.950000,1.952041,-0.435357,1.349389,-2.122570,0.000389,0.415937,0.544596,-0.000262,0.397348,-1.687213,0.000389,0.393626,0.037792,-0.000307
artstein_linear,27.000000,1.956815,-0.413369,1.373792,-2.098552,0.000373,0.409292,0.549441,-0.000258,0.416977,-1.685183,0.000373,0.392631,0.042342,-0.000303
artstein_linear,27.050000,1.961342,-0.391330,1.397896,-2.074255,0.000358,0.402597,0.554215,-0.000253,0.436554,-1.682925,0.000358,0.391590,0.046888,-0.000300
artstein_linear,27.100000,1.965620,-0.369240,1.421697,-2.049681,0.000343,0.395854,0.558919,-0.000249,0.456078,-1.680441,0.000343,0.390502,0.051427,-0.000296
artstein_linear,27.150000,1.969649,-0.347104,1.445195,-2.024835,0.000329,0.389063,0.563552,-0.000245,0.475545,-1.677731,0.000329,0.389367,0.055960,-0.000293
artstein_linear,27.200000,1.973430,-0.324924,1.468385,-1.999718,0.000314,0.382225,0.568113,-0.000240,0.494955,-1.674794,0.000314,0.388185,0.060486,-0.000289
artstein_linear,27.250000,1.976960,-0.302703,1.491264,-1.974334,0.000300,0.375340,0.572602,-0.000236,0.514304,-1.671631,0.000300,0.386956,0.065005,-0.000285
artstein_linear,27.300000,1.980240,-0.280443,1.513831,-1.948686,0.000286,0.368410,0.577018,-0.000231,0.533590,-1.668243,0.000286,0.385682,0.069515,-0.000281
artstein_linear,27.350000,1.983270,-0.258148,1.536081,-1.922778,0.000272,0.361436,0.581360,-0.000227,0.552812,-1.664630,0.000272,0.384360,0.074016,-0.000277
artstein_linear,27.400000,1.986048,-0.235821,1.558014,-1.896613,0.000258,0.354417,0.585628,-0.000222,0.571965,-1.660792,0.000258,0.382993,0.078508,-0.000274
artstein_linear,27.450000,1.988576,-0.213463,1.579625,-1.870193,0.000244,0.347356,0.589821,-0.000218,0.591049,-1.656730,0.000244,0.381580,0.082989,-0.000270
artstein_linear,27.500000,1.990851,-0.191079,1.600912,-1.843524,0.000231,0.340253,0.593939,-0.000213,0.610061,-1.652445,0.000231,0.380120,0.087461,-0.000265
artstein_linear,27.550000,1.992875,-0.168670,1.621873,-1.816607,0.000218,0.333109,0.597981,-0.000208,0.628998,-1.647937,0.000218,0.378615,0.091920,-0.000261
artstein_linear,27.600000,1.994646,-0.146240,1.642505,-1.789446,0.000205,0.325924,0.601947,-0.000204,0.647859,-1.643206,0.000205,0.377064,0.096368,-0.000257
artstein_linear,27.650000,1.996165,-0.123791,1.662806,-1.762046,0.000192,0.318700,0.605836,-0.000199,0.666641,-1.638254,0.000192,0.375468,0.100804,-0.000253
artstein_linear,27.700000,1.997432,-0.101327,1.682773,-1.734408,0.000180,0.311437,0.609647,-0.000195,0.685342,-1.633081,0.000180,0.373827,0.105226,-0.000249
artstein_linear,27.750000,1.998445,-0.078850,1.702404,-1.706537,0.000167,0.304137,0.613380,-0.000190,0.703959,-1.627687,0.000167,0.372140,0.109634,-0.000244
artstein_linear,27.800000,1.999206,-0.056363,1.721696,-1.678437,0.000155,0.296800,0.617035,-0.000186,0.722491,-1.622074,0.000155,0.370408,0.114029,-0.000240
artstein_linear,27.850000,1.999713,-0.033869,1.740648,-1.650110,0.000143,0.289427,0.620611,-0.000181,0.740934,-1.616241,0.000143,0.368632,0.118408,-0.000236
artstein_linear,27.900000,1.999968,-0.011371,1.759256,-1.621561,0.000132,0.282019,0.624107,-0.000176,0.759288,-1.610190,0.000132,0.366811,0.122772,-0.000231
artstein_linear,27.950000,1.999969,0.011129,1.777518,-1.592793,0.000120,0.274578,0.627524,-0.000172,0.777549,-1.603922,0.000120,0.364946,0.127120,-0.000227
artstein_linear,28.000000,1.999717,0.033628,1.795433,-1.563809,0.000109,0.267102,0.630860,-0.000167,0.795716,-1.597437,0.000109,0.363036,0.131451,-0.000223
artstein_linear,28.050000,1.999212,0.056122,1.812998,-1.534615,0.000098,0.259595,0.634115,-0.000163,0.813785,-1.590737,0.000098,0.361083,0.135765,-0.000218
artstein_linear,28.100000,1.998455,0.078609,1.830211,-1.505212,0.000087,0.252057,0.637289,-0.000158,0.831756,-1.583821,0.000087,0.359086,0.140061,-0.000214
artstein_linear,28.150000,1.997444,0.101086,1.847070,-1.475605,0.000077,0.244487,0.640381,-0.000154,0.849626,-1.576691,0.000077,0.357045,0.144339,-0.000209
artstein_linear,28.200000,1.996180,0.123551,1.863572,-1.445798,0.000066,0.236889,0.643391,-0.000150,0.867392,-1.569349,0.000066,0.354961,0.148598,-0.000205
artstein_linear,28.250000,1.994664,0.145999,1.879717,-1.415795,0.000056,0.229262,0.646319,-0.000145,0.885053,-1.561794,0.000056,0.352834,0.152837,-0.000200
artstein_linear,28.300000,1.992895,0.168430,1.895502,-1.385599,0.000046,0.221607,0.649163,-0.000141,0.902606,-1.554028,0.000046,0.350664,0.157057,-0.000196
artstein_linear,28.350000,1.990874,0.190839,1.910924,-1.355214,0.000037,0.213926,0.651924,-0.000136,0.920050,-1.546053,0.000037,0.348452,0.161255,-0.000191
artstein_linear,28.400000,1.988601,0.213223,1.925983,-1.324644,0.000027,0.206219,0.654602,-0.000132,0.937382,-1.537868,0.000027,0.346197,0.165432,-0.000187
artstein_linear,28.450000,1.986077,0.235581,1.940676,-1.293894,0.000018,0.198487,0.657195,-0.000128,0.954599,-1.529475,0.000018,0.343900,0.169588,-0.000183
artstein_linear,28.500000,1.983301,0.257909,1.955002,-1.262966,0.000009,0.190731,0.659704,-0.000124,0.971701,-1.520875,0.000009,0.341561,0.173721,-0.000178
artstein_linear,28.550000,1.980274,0.280205,1.968959,-1.231865,0.000000,0.182952,0.662129,-0.000119,0.988685,-1.512070,0.000000,0.339181,0.177831,-0.000174
artstein_linear,28.600000,1.976997,0.302464,1.982544,-1.200595,-0.000008,0.175152,0.664468,-0.000115,1.005548,-1.503060,-0.000008,0.336759,0.181918,-0.000169
artstein_linear,28.650000,1.973469,0.324686,1.995758,-1.169160,-0.000017,0.167330,0.666722,-0.000111,1.022289,-1.493847,-0.000017,0.334296,0.185981,-0.000165
artstein_linear,28.700000,1.969691,0.346867,2.008597,-1.137565,-0.000025,0.159489,0.668890,-0.000107,1.038906,-1.484431,-0.000025,0.331793,0.190019,-0.000160
artstein_linear,28.750000,1.965664,0.369003,2.021060,-1.105812,-0.000033,0.151628,0.670972,-0.000103,1.055396,-1.474815,-0.000033,0.329249,0.194032,-0.000156
artstein_linear,28.800000,1.961389,0.391093,2.033147,-1.073906,-0.000040,0.143749,0.672968,-0.000099,1.071758,-1.464999,-0.000040,0.326665,0.198020,-0.000152
artstein_linear,28.850000,1.956865,0.413133,2.044855,-1.041851,-0.000048,0.135853,0.674877,-0.000095,1.087990,-1.454984,-0.000048,0.324041,0.201981,-0.000147
artstein_linear,28.900000,1.952094,0.435122,2.056183,-1.009652,-0.000055,0.127941,0.676699,-0.000091,1.104089,-1.444773,-0.000055,0.321377,0.205916,-0.000143
artstein_linear,28.950000,1.947075,0.457055,2.067129,-0.977311,-0.000062,0.120014,0.678434,-0.000087,1.120054,-1.434366,-0.000062,0.318674,0.209823,-0.000139
artstein_linear,29.000000,1.941810,0.478930,2.077693,-0.944835,-0.000069,0.112072,0.680082,-0.000083,1.135883,-1.423765,-0.000069,0.315932,0.213703,-0.000135
artstein_linear,29.050000,1.936299,0.500744,2.087873,-0.912226,-0.000075,0.104117,0.681642,-0.000080,1.151574,-1.412971,-0.000075,0.313151,0.217555,-0.000130
artstein_linear,29.100000,1.930544,0.522496,2.097668,-0.879489,-0.000082,0.096150,0.683115,-0.000076,1.167124,-1.401985,-0.000082,0.310332,0.221378,-0.000126
artstein_linear,29.150000,1.924543,0.544181,2.107076,-0.846629,-0.000088,0.088172,0.684500,-0.000072,1.182533,-1.390809,-0.000088,0.307476,0.225171,-0.000122
artstein_linear,29.200000,1.918300,0.565797,2.116097,-0.813648,-0.000094,0.080183,0.685796,-0.000069,1.197797,-1.379445,-0.000094,0.304581,0.228935,-0.000118
artstein_linear,29.250000,1.911813,0.587342,2.124729,-0.780552,-0.000100,0.072185,0.687004,-0.000065,1.212916,-1.367894,-0.000100,0.301649,0.232668,-0.000114
artstein_linear,29.300000,1.905085,0.608812,2.132972,-0.747345,-0.000105,0.064179,0.688124,-0.000062,1.227887,-1.356157,-0.000105,0.298680,0.236371,-0.000110
artstein_linear,29.350000,1.898115,0.630205,2.140824,-0.714032,-0.000111,0.056165,0.689154,-0.000058,1.242709,-1.344237,-0.000111,0.295674,0.240043,-0.000106
artstein_linear,29.400000,1.890905,0.651519,2.148285,-0.680615,-0.000116,0.048145,0.690096,-0.000055,1.257380,-1.332134,-0.000116,0.292632,0.243682,-0.000102
artstein_linear,29.450000,1.883456,0.672750,2.155353,-0.647100,-0.000121,0.040119,0.690949,-0.000051,1.271897,-1.319850,-0.000121,0.289554,0.247290,-0.000098
artstein_linear,29.500000,1.875769,0.693895,2.162028,-0.613491,-0.000126,0.032089,0.691713,-0.000048,1.286260,-1.307387,-0.000126,0.286441,0.250865,-0.000094
artstein_linear,29.550000,1.867844,0.714953,2.168309,-0.579793,-0.000130,0.024056,0.692388,-0.000045,1.300465,-1.294746,-0.000130,0.283292,0.254407,-0.000090
artstein_linear,29.600000,1.859683,0.735921,2.174196,-0.546009,-0.000134,0.016020,0.692974,-0.000042,1.314513,-1.281930,-0.000134,0.280108,0.257915,-0.000086
artstein_linear,29.650000,1.851286,0.756795,2.179686,-0.512144,-0.000139,0.007983,0.693470,-0.000038,1.328400,-1.268940,-0.000139,0.276890,0.261388,-0.000083
artstein_linear,29.700000,1.842655,0.777574,2.184781,-0.478203,-0.000143,-0.000055,0.693876,-0.000035,1.342126,-1.255777,-0.000143,0.273637,0.264828,-0.000079
artstein_linear,29.750000,1.833791,0.798254,2.189479,-0.444189,-0.000147,-0.008092,0.694193,-0.000032,1.355688,-1.242443,-0.000147,0.270351,0.268232,-0.000075
artstein_linear,29.800000,1.824695,0.818834,2.193780,-0.410107,-0.000150,-0.016127,0.694421,-0.000029,1.369085,-1.228941,-0.000150,0.267032,0.271601,-0.000072
artstein_linear,29.850000,1.815368,0.839309,2.197682,-0.375962,-0.000154,-0.024160,0.694559,-0.000027,1.382315,-1.215271,-0.000154,0.263680,0.274934,-0.000068
artstein_linear,29.900000,1.805811,0.859678,2.201187,-0.341758,-0.000157,-0.032190,0.694607,-0.000024,1.395376,-1.201436,-0.000157,0.260295,0.278231,-0.000065
artstein_linear,29.950000,1.796025,0.879939,2.204293,-0.307499,-0.000160,-0.040215,0.694565,-0.000021,1.408268,-1.187438,-0.000160,0.256877,0.281490,-0.000061
artstein_linear,30.000000,1.786013,0.900088,2.207000,-0.273190,-0.000163,-0.048235,0.694434,-0.000018,1.420987,-1.173278,-0.000163,0.253429,0.284713,-0.000058
artstein_linear,30.050000,1.775774,0.920123,2.209308,-0.238835,-0.000166,-0.056248,0.694213,-0.000015,1.433534,-1.158958,-0.000166,0.249948,0.287898,-0.000054
artstein_linear,30.100000,1.765310,0.940042,2.211216,-0.204438,-0.000168,-0.064253,0.693903,-0.000013,1.445906,-1.144481,-0.000168,0.246437,0.291045,-0.000051
artstein_linear,30.150000,1.754623,0.959842,2.212724,-0.170005,-0.000171,-0.072251,0.693502,-0.000010,1.458101,-1.129847,-0.000171,0.242895,0.294153,-0.000048
artstein_linear,30.200000,1.743714,0.979520,2.213833,-0.135539,-0.000173,-0.080238,0.693013,-0.000008,1.470118,-1.115059,-0.000173,0.239324,0.297223,-0.000045
artstein_linear,30.250000,1.732585,0.999075,2.214541,-0.101045,-0.000175,-0.088216,0.692433,-0.000005,1.481956,-1.100120,-0.000175,0.235722,0.300253,-0.000042
artstein_linear,30.300000,1.721236,1.018503,2.214849,-0.066527,-0.000177,-0.096182,0.691764,-0.000003,1.493614,-1.085030,-0.000177,0.232091,0.303244,-0.000039
artstein_linear,30.350000,1.709669,1.037802,2.214758,-0.031990,-0.000179,-0.104135,0.691006,-0.000001,1.505089,-1.069792,-0.000179,0.228432,0.306194,-0.000035
artstein_linear,30.400000,1.697886,1.056969,2.214266,0.002562,-0.000181,-0.112075,0.690159,0.000002,1.516380,-1.054408,-0.000181,0.224744,0.309104,-0.000033
artstein_linear,30.450000,1.685888,1.076003,2.213374,0.037124,-0.000182,-0.120001,0.689222,0.000004,1.527486,-1.038880,-0.000182,0.221028,0.311974,-0.000030
artstein_linear,30.500000,1.673676,1.094901,2.212082,0.071691,-0.000184,-0.127911,0.688196,0.000006,1.538406,-1.023210,-0.000184,0.217284,0.314801,-0.000027
artstein_linear,30.550000,1.661253,1.113660,2.210391,0.106261,-0.000185,-0.135805,0.687081,0.000008,1.549138,-1.007400,-0.000185,0.213514,0.317588,-0.000024
artstein_linear,30.600000,1.648619,1.132279,2.208300,0.140827,-0.000186,-0.143682,0.685878,0.000010,1.559681,-0.991452,-0.000186,0.209717,0.320332,-0.000021
artstein_linear,30.650000,1.635777,1.150753,2.205810,0.175385,-0.000187,-0.151541,0.684585,0.000012,1.570033,-0.975368,-0.000187,0.205893,0.323034,-0.000019
artstein_linear,30.700000,1.622728,1.169083,2.202922,0.209932,-0.000188,-0.159380,0.683205,0.000014,1.580194,-0.959151,-0.000188,0.202044,0.325694,-0.000016
artstein_linear,30.750000,1.609473,1.187264,2.199634,0.244462,-0.000189,-0.167199,0.681735,0.000016,1.590161,-0.942802,-0.000189,0.198170,0.328310,-0.000013
artstein_linear,30.800000,1.596015,1.205295,2.195949,0.278971,-0.000189,-0.174997,0.680178,0.000018,1.599934,-0.926324,-0.000189,0.194271,0.330883,-0.000011
artstein_linear,30.850000,1.582355,1.223174,2.191867,0.313455,-0.000190,-0.182773,0.678532,0.000019,1.609512,-0.909719,-0.000190,0.190348,0.333413,-0.000008
artstein_linear,30.900000,1.568494,1.240897,2.187387,0.347908,-0.000190,-0.190525,0.676799,0.000021,1.618893,-0.892989,-0.000190,0.186401,0.335898,-0.000006
artstein_linear,30.950000,1.554435,1.258464,2.182511,0.382328,-0.000190,-0.198254,0.674978,0.000023,1.628076,-0.876136,-0.000190,0.182431,0.338339,-0.000004
artstein_linear,31.000000,1.540179,1.275871,2.177240,0.416709,-0.000191,-0.205957,0.673070,0.000024,1.637060,-0.859163,-0.000191,0.178438,0.340736,-0.000001
artstein_linear,31.050000,1.525729,1.293117,2.171573,0.451046,-0.000191,-0.213635,0.671075,0.000026,1.645844,-0.842071,-0.000191,0.174422,0.343087,0.000001
artstein_linear,31.100000,1.511085,1.310200,2.165512,0.485336,-0.000190,-0.221285,0.668993,0.000027,1.654427,-0.824864,-0.000190,0.170384,0.345393,0.000003
artstein_linear,31.150000,1.496250,1.327116,2.159057,0.519574,-0.000190,-0.228908,0.666824,0.000029,1.662807,-0.807542,-0.000190,0.166325,0.347654,0.000005
artstein_linear,31.200000,1.481225,1.343864,2.152209,0.553755,-0.000190,-0.236502,0.664569,0.000030,1.670984,-0.790109,-0.000190,0.162246,0.349868,0.000007
artstein_linear,31.250000,1.466013,1.360443,2.144970,0.587876,-0.000189,-0.244066,0.662227,0.000031,1.678957,-0.772567,-0.000189,0.158145,0.352037,0.000009
artstein_linear,31.300000,1.450616,1.376849,2.137340,0.621931,-0.000189,-0.251600,0.659800,0.000033,1.686724,-0.754918,-0.000189,0.154025,0.354159,0.000011
artstein_linear,31.350000,1.435035,1.393081,2.129319,0.655916,-0.000188,-0.259101,0.657288,0.000034,1.694284,-0.737165,-0.000188,0.149885,0.356234,0.000013
artstein_linear,31.400000,1.419272,1.409137,2.120910,0.689827,-0.000188,-0.266571,0.654691,0.000035,1.701638,-0.719310,-0.000188,0.145727,0.358263,0.000015
artstein_linear,31.450000,1.403330,1.425014,2.112113,0.723660,-0.000187,-0.274006,0.652008,0.000036,1.708783,-0.701354,-0.000187,0.141550,0.360244,0.000017
artstein_linear,31.500000,1.387210,1.440711,2.102928,0.757410,-0.000186,-0.281408,0.649241,0.000037,1.715718,-0.683301,-0.000186,0.137355,0.362178,0.000018
artstein_linear,31.550000,1.370915,1.456226,2.093359,0.791072,-0.000185,-0.288774,0.646390,0.000038,1.722444,-0.665154,-0.000185,0.133142,0.364063,0.000020
artstein_linear,31.600000,1.354446,1.471556,2.083405,0.824643,-0.000184,-0.296103,0.643456,0.000039,1.728959,-0.646913,-0.000184,0.128913,0.365901,0.000022
artstein_linear,31.650000,1.337805,1.486700,2.073067,0.858118,-0.000183,-0.303396,0.640438,0.000040,1.735262,-0.628582,-0.000183,0.124667,0.367691,0.000023
artstein_linear,31.700000,1.320996,1.501656,2.062348,0.891492,-0.000182,-0.310651,0.637336,0.000041,1.741352,-0.610163,-0.000182,0.120406,0.369432,0.000025
artstein_linear,31.750000,1.304019,1.516422,2.051248,0.924762,-0.000180,-0.317866,0.634153,0.000042,1.747230,-0.591659,-0.000180,0.116129,0.371125,0.000026
artstein_linear,31.800000,1.286877,1.530996,2.039770,0.957924,-0.000179,-0.325042,0.630887,0.000043,1.752893,-0.573072,-0.000179,0.111837,0.372768,0.000027
artstein_linear,31.850000,1.269572,1.545376,2.027913,0.990971,-0.000178,-0.332177,0.627539,0.000043,1.758341,-0.554404,-0.000178,0.107531,0.374363,0.000029
artstein_linear,31.900000,1.252107,1.559560,2.015680,1.023902,-0.000176,-0.339270,0.624110,0.000044,1.763574,-0.535659,-0.000176,0.103212,0.375908,0.000030
artstein_linear,31.950000,1.234483,1.573548,2.003073,1.056710,-0.000175,-0.346321,0.620600,0.000045,1.768590,-0.516837,-0.000175,0.098878,0.377404,0.000031
artstein_linear,32.000000,1.216703,1.587336,1.990093,1.089393,-0.000173,-0.353328,0.617009,0.000045,1.773390,-0.497943,-0.000173,0.094533,0.378850,0.000033
artstein_linear,32.050000,1.198768,1.600923,1.976741,1.121945,-0.000171,-0.360291,0.613339,0.000046,1.777972,-0.478978,-0.000171,0.090175,0.380246,0.000034
artstein_linear,32.100000,1.180683,1.614307,1.963019,1.154363,-0.000170,-0.367209,0.609588,0.000046,1.782337,-0.459944,-0.000170,0.085805,0.381592,0.000035
artstein_linear,32.150000,1.162447,1.627488,1.948930,1.186642,-0.000168,-0.374081,0.605759,0.000047,1.786482,-0.440845,-0.000168,0.081424,0.382887,0.000036
artstein_linear,32.200000,1.144065,1.640462,1.934474,1.218779,-0.000166,-0.380907,0.601851,0.000047,1.790409,-0.421683,-0.000166,0.077033,0.384133,0.000037
artstein_linear,32.250000,1.125538,1.653229,1.919654,1.250768,-0.000164,-0.387684,0.597865,0.000048,1.794116,-0.402461,-0.000164,0.072632,0.385328,0.000038
artstein_linear,32.300000,1.106868,1.665786,1.904471,1.282606,-0.000162,-0.394413,0.593802,0.000048,1.797603,-0.383180,-0.000162,0.068221,0.386472,0.000039
artstein_linear,32.350000,1.088058,1.678133,1.888927,1.314289,-0.000160,-0.401092,0.589661,0.000048,1.800869,-0.363844,-0.000160,0.063801,0.387565,0.000040
artstein_linear,32.400000,1.069111,1.690267,1.873025,1.345813,-0.000158,-0.407722,0.585444,0.000049,1.803914,-0.344454,-0.000158,0.059373,0.388607,0.000040
artstein_linear,32.450000,1.050028,1.702187,1.856766,1.377173,-0.000156,-0.414300,0.581151,0.000049,1.806738,-0.325015,-0.000156,0.054937,0.389598,0.000041
artstein_linear,32.500000,1.030812,1.713892,1.840152,1.408365,-0.000154,-0.420827,0.576782,0.000049,1.809340,-0.305527,-0.000154,0.050493,0.390538,0.000042
artstein_linear,32.550000,1.011466,1.725380,1.823186,1.439386,-0.000152,-0.427300,0.572338,0.000049,1.811720,-0.285994,-0.000152,0.046043,0.391427,0.000043
artstein_linear,32.600000,0.991992,1.736649,1.805869,1.470231,-0.000150,-0.433721,0.567821,0.000050,1.813877,-0.266418,-0.000150,0.041586,0.392264,0.000043
artstein_linear,32.650000,0.972393,1.747699,1.788204,1.500897,-0.000148,-0.440087,0.563229,0.000050,1.815811,-0.246802,-0.000148,0.037124,0.393049,0.000044
artstein_linear,32.700000,0.952670,1.758528,1.770193,1.531379,-0.000145,-0.446398,0.558564,0.000050,1.817523,-0.227149,-0.000145,0.032657,0.393783,0.000045
artstein_linear,32.750000,0.932827,1.769134,1.751838,1.561674,-0.000143,-0.452653,0.553827,0.000050,1.819011,-0.207460,-0.000143,0.028185,0.394465,0.000045
artstein_linear,32.800000,0.912865,1.779516,1.733141,1.591777,-0.000141,-0.458851,0.549017,0.000050,1.820276,-0.187739,-0.000141,0.023709,0.395095,0.000046
artstein_linear,32.850000,0.892788,1.789673,1.714105,1.621684,-0.000139,-0.464992,0.544136,0.000050,1.821317,-0.167989,-0.000139,0.019229,0.395673,0.000046
artstein_linear,32.900000,0.872598,1.799603,1.694733,1.651393,-0.000136,-0.471075,0.539185,0.000050,1.822134,-0.148211,-0.000136,0.014747,0.396200,0.000046
artstein_linear,32.950000,0.852298,1.809306,1.675026,1.680898,-0.000134,-0.477099,0.534163,0.000050,1.822728,-0.128408,-0.000134,0.010262,0.396674,0.000047
artstein_linear,33.000000,0.831890,1.818780,1.654987,1.710196,-0.000132,-0.483064,0.529072,0.000050,1.823097,-0.108583,-0.000132,0.005775,0.397096,0.000047
artstein_linear,33.050000,0.811376,1.828023,1.634619,1.739284,-0.000129,-0.488968,0.523912,0.000050,1.823242,-0.088739,-0.000129,0.001287,0.397466,0.000047
artstein_linear,33.100000,0.790760,1.837035,1.613923,1.768157,-0.000127,-0.494810,0.518684,0.000050,1.823163,-0.068878,-0.000127,-0.003202,0.397783,0.000048
artstein_linear,33.150000,0.770044,1.845815,1.592904,1.796812,-0.000124,-0.500591,0.513389,0.000049,1.822860,-0.049003,-0.000124,-0.007691,0.398049,0.000048
artstein_linear,33.200000,0.749230,1.854361,1.571563,1.825245,-0.000122,-0.506309,0.508027,0.000049,1.822333,-0.029116,-0.000122,-0.012179,0.398262,0.000048
artstein_linear,33.250000,0.728322,1.862672,1.549903,1.853452,-0.000120,-0.511964,0.502598,0.000049,1.821581,-0.009220,-0.000120,-0.016667,0.398423,0.000048
artstein_linear,33.300000,0.707321,1.870748,1.527926,1.881430,-0.000117,-0.517555,0.497104,0.000049,1.820605,0.010682,-0.000117,-0.021153,0.398531,0.000049
artstein_linear,33.350000,0.686231,1.878587,1.505637,1.909174,-0.000115,-0.523081,0.491546,0.000049,1.819406,0.030588,-0.000115,-0.025637,0.398587,0.000049
artstein_linear,33.400000,0.665054,1.886188,1.483036,1.936683,-0.000112,-0.528542,0.485923,0.000048,1.817982,0.050495,-0.000112,-0.030118,0.398591,0.000049
artstein_linear,33.450000,0.643792,1.893550,1.460127,1.963951,-0.000110,-0.533937,0.480237,0.000048,1.816335,0.070401,-0.000110,-0.034597,0.398543,0.000049
artstein_linear,33.500000,0.622450,1.900673,1.436914,1.990975,-0.000107,-0.539265,0.474489,0.000048,1.814464,0.090302,-0.000107,-0.039071,0.398442,0.000049
artstein_linear,33.550000,0.601028,1.907555,1.413398,2.017752,-0.000105,-0.544525,0.468679,0.000047,1.812370,0.110197,-0.000105,-0.043542,0.398289,0.000049
artstein_linear,33.600000,0.579531,1.914195,1.389583,2.044278,-0.000103,-0.549718,0.462807,0.000047,1.810053,0.130083,-0.000103,-0.048007,0.398084,0.000049
artstein_linear,33.650000,0.557960,1.920594,1.365472,2.070550,-0.000100,-0.554841,0.456876,0.000047,1.807513,0.149957,-0.000100,-0.052467,0.397826,0.000049
artstein_linear,33.700000,0.536318,1.926749,1.341068,2.096565,-0.000098,-0.559896,0.450885,0.000046,1.804750,0.169816,-0.000098,-0.056922,0.397517,0.000049
artstein_linear,33.750000,0.514609,1.932661,1.316374,2.122319,-0.000095,-0.564880,0.444835,0.000046,1.801765,0.189658,-0.000095,-0.061369,0.397155,0.000048
artstein_linear,33.800000,0.492834,1.938328,1.291392,2.147808,-0.000093,-0.569793,0.438727,0.000045,1.798558,0.209480,-0.000093,-0.065810,0.396741,0.000048
artstein_linear,33.850000,0.470997,1.943749,1.266127,2.173030,-0.000090,-0.574636,0.432561,0.000045,1.795130,0.229280,-0.000090,-0.070243,0.396275,0.000048
artstein_linear,33.900000,0.449101,1.948925,1.240581,2.197980,-0.000088,-0.579406,0.426340,0.000045,1.791480,0.249056,-0.000088,-0.074668,0.395757,0.000048
artstein_linear,33.950000,0.427147,1.953854,1.214757,2.222657,-0.000086,-0.584104,0.420063,0.000044,1.787610,0.268803,-0.000086,-0.079084,0.395187,0.000048
artstein_linear,34.000000,0.405140,1.958536,1.188659,2.247056,-0.000083,-0.588729,0.413730,0.000044,1.783519,0.288521,-0.000083,-0.083492,0.394566,0.000047
artstein_linear,34.050000,0.383081,1.962969,1.162290,2.271175,-0.000081,-0.593281,0.407344,0.000043,1.779209,0.308206,-0.000081,-0.087889,0.393893,0.000047
artstein_linear,34.100000,0.360974,1.967155,1.135653,2.295010,-0.000079,-0.597758,0.400905,0.000043,1.774679,0.327855,-0.000079,-0.092276,0.393168,0.000047
artstein_linear,34.150000,0.338821,1.971091,1.108752,2.318558,-0.000076,-0.602160,0.394413,0.000042,1.769931,0.347467,-0.000076,-0.096652,0.392391,0.000047
artstein_linear,34.200000,0.316626,1.974778,1.081590,2.341817,-0.000074,-0.606487,0.387870,0.000042,1.764964,0.367039,-0.000074,-0.101017,0.391563,0.000046
artstein_linear,34.250000,0.294390,1.978215,1.054170,2.364782,-0.000072,-0.610739,0.381276,0.000041,1.759780,0.386567,-0.000072,-0.105369,0.390684,0.000046
artstein_linear,34.300000,0.272117,1.981402,1.026495,2.387452,-0.000069,-0.614914,0.374632,0.000041,1.754379,0.406050,-0.000069,-0.109709,0.389754,0.000046
artstein_linear,34.350000,0.249809,1.984338,0.998570,2.409822,-0.000067,-0.619012,0.367939,0.000040,1.748761,0.425485,-0.000067,-0.114037,0.388773,0.000045
artstein_linear,34.400000,0.227470,1.987022,0.970398,2.431891,-0.000065,-0.623032,0.361198,0.000039,1.742928,0.444869,-0.000065,-0.118350,0.387740,0.000045
artstein_linear,34.450000,0.205102,1.989455,0.941981,2.453656,-0.000063,-0.626975,0.354409,0.000039,1.736879,0.464200,-0.000063,-0.122650,0.386657,0.000045
artstein_linear,34.500000,0.182708,1.991637,0.913325,2.475113,-0.000060,-0.630839,0.347574,0.000038,1.730617,0.483476,-0.000060,-0.126934,0.385523,0.000044
artstein_linear,34.550000,0.160291,1.993566,0.884432,2.496259,-0.000058,-0.634624,0.340694,0.000038,1.724141,0.502693,-0.000058,-0.131204,0.384339,0.000044
artstein_linear,34.600000,0.137854,1.995243,0.855306,2.517093,-0.000056,-0.638330,0.333769,0.000037,1.717452,0.521849,-0.000056,-0.135458,0.383105,0.000043
artstein_linear,34.650000,0.115399,1.996668,0.825950,2.537610,-0.000054,-0.641957,0.326800,0.000036,1.710551,0.540942,-0.000054,-0.139695,0.381820,0.000043
artstein_linear,34.700000,0.092930,1.997840,0.796369,2.557810,-0.000052,-0.645503,0.319788,0.000036,1.703439,0.559970,-0.000052,-0.143916,0.380485,0.000042
artstein_linear,34.750000,0.070449,1.998759,0.766566,2.577688,-0.000050,-0.648968,0.312735,0.000035,1.696117,0.578929,-0.000050,-0.148120,0.379101,0.000042
artstein_linear,34.800000,0.047959,1.999425,0.736544,2.597243,-0.000048,-0.652352,0.305640,0.000035,1.688586,0.597818,-0.000048,-0.152305,0.377667,0.000041
artstein_linear,34.850000,0.025463,1.999838,0.706308,2.616471,-0.000045,-0.655654,0.298505,0.000034,1.680846,0.616633,-0.000045,-0.156472,0.376183,0.000041
artstein_linear,34.900000,0.002963,1.999998,0.675862,2.635371,-0.000043,-0.658874,0.291331,0.000033,1.672898,0.635373,-0.000043,-0.160621,0.374650,0.000040
artstein_linear,34.950000,-0.019536,1.999905,0.645208,2.653939,-0.000041,-0.662012,0.284118,0.000033,1.664744,0.654034,-0.000041,-0.164750,0.373069,0.000040
artstein_linear,35.000000,-0.042034,1.999558,0.614351,2.672174,-0.000039,-0.665067,0.276868,0.000032,1.656385,0.672615,-0.000039,-0.168859,0.371438,0.000039
artstein_linear,35.050000,-0.064526,1.998959,0.583295,2.690072,-0.000038,-0.668039,0.269582,0.000032,1.647820,0.691113,-0.000038,-0.172947,0.369759,0.000039
artstein_linear,35.100000,-0.087009,1.998106,0.552043,2.707633,-0.000036,-0.670928,0.262260,0.000031,1.639053,0.709526,-0.000036,-0.177015,0.368031,0.000038
artstein_linear,35.150000,-0.109482,1.997001,0.520600,2.724852,-0.000034,-0.673732,0.254903,0.000030,1.630082,0.727851,-0.000034,-0.181061,0.366256,0.000038
artstein_linear,35.200000,-0.131941,1.995643,0.488970,2.741729,-0.000032,-0.676452,0.247513,0.000030,1.620911,0.746086,-0.000032,-0.185085,0.364432,0.000037
artstein_linear,35.250000,-0.154383,1.994033,0.457156,2.758260,-0.000030,-0.679088,0.240090,0.000029,1.611539,0.764228,-0.000030,-0.189087,0.362561,0.000036
artstein_linear,35.300000,-0.176806,1.992170,0.425162,2.774445,-0.000028,-0.681639,0.232635,0.000028,1.601968,0.782275,-0.000028,-0.193065,0.360642,0.000036
artstein_linear,35.350000,-0.199206,1.990055,0.392993,2.790279,-0.000026,-0.684104,0.225150,0.000028,1.592199,0.800225,-0.000026,-0.197020,0.358676,0.000035
artstein_linear,35.400000,-0.221581,1.987688,0.360652,2.805763,-0.000025,-0.686484,0.217635,0.000027,1.582233,0.818075,-0.000025,-0.200952,0.356664,0.000035
artstein_linear,35.450000,-0.243928,1.985069,0.328144,2.820892,-0.000023,-0.688777,0.210090,0.000026,1.572072,0.835823,-0.000023,-0.204858,0.354604,0.000034
artstein_linear,35.500000,-0.266244,1.982199,0.295472,2.835666,-0.000021,-0.690985,0.202518,0.000026,1.561716,0.853467,-0.000021,-0.208740,0.352499,0.000033
artstein_linear,35.550000,-0.288526,1.979079,0.262641,2.850083,-0.000020,-0.693106,0.194919,0.000025,1.551168,0.871004,-0.000020,-0.212597,0.350347,0.000033
artstein_linear,35.600000,-0.310772,1.975708,0.229655,2.864140,-0.000018,-0.695141,0.187294,0.000025,1.540427,0.888433,-0.000018,-0.216427,0.348150,0.000032
artstein_linear,35.650000,-0.332979,1.972086,0.196517,2.877836,-0.000016,-0.697088,0.179644,0.000024,1.529496,0.905750,-0.000016,-0.220231,0.345906,0.000032
artstein_linear,35.700000,-0.355143,1.968216,0.163233,2.891169,-0.000015,-0.698949,0.171970,0.000023,1.518376,0.922953,-0.000015,-0.224008,0.343618,0.000031
artstein_linear,35.750000,-0.377263,1.964096,0.129805,2.904137,-0.000013,-0.700721,0.164273,0.000023,1.507068,0.940041,-0.000013,-0.227758,0.341285,0.000030
artstein_linear,35.800000,-0.399335,1.959728,0.096239,2.916739,-0.000012,-0.702407,0.156554,0.000022,1.495574,0.957011,-0.000012,-0.231480,0.338907,0.000030
artstein_linear,35.850000,-0.421356,1.955111,0.062539,2.928972,-0.000010,-0.704004,0.148814,0.000021,1.483895,0.973861,-0.000010,-0.235173,0.336485,0.000029
artstein_linear,35.900000,-0.443324,1.950247,0.028708,2.940836,-0.000009,-0.705513,0.141054,0.000021,1.472032,0.990589,-0.000009,-0.238838,0.334019,0.000028
artstein_linear,35.950000,-0.465235,1.945136,-0.005248,2.952328,-0.000008,-0.706934,0.133274,0.000020,1.459987,1.007192,-0.000008,-0.242473,0.331510,0.000028
artstein_linear,36.000000,-0.487088,1.939780,-0.039327,2.963448,-0.000006,-0.708266,0.125477,0.000020,1.447761,1.023668,-0.000006,-0.246079,0.328957,0.000027
artstein_linear,36.050000,-0.508880,1.934177,-0.073523,2.974193,-0.000005,-0.709510,0.117663,0.000019,1.435357,1.040016,-0.000005,-0.249655,0.326361,0.000027
artstein_linear,36.100000,-0.530606,1.928330,-0.107832,2.984562,-0.000004,-0.710665,0.109832,0.000018,1.422775,1.056232,-0.000004,-0.253200,0.323722,0.000026
artstein_linear,36.150000,-0.552266,1.922239,-0.142250,2.994554,-0.000002,-0.711731,0.101987,0.000018,1.410016,1.072315,-0.000002,-0.256714,0.321042,0.000025
artstein_linear,36.200000,-0.573856,1.915904,-0.176772,3.004168,-0.000001,-0.712708,0.094128,0.000017,1.397083,1.088263,-0.000001,-0.260196,0.318319,0.000025
artstein_linear,36.250000,-0.595373,1.909327,-0.211395,3.013401,0.000000,-0.713595,0.086255,0.000017,1.383978,1.104074,0.000000,-0.263647,0.315554,0.000024
artstein_linear,36.300000,-0.616815,1.902509,-0.246114,3.022254,0.000001,-0.714394,0.078371,0.000016,1.370701,1.119746,0.000001,-0.267065,0.312749,0.000024
artstein_linear,36.350000,-0.638179,1.895449,-0.280925,3.030725,0.000003,-0.715103,0.070475,0.000015,1.357254,1.135276,0.000003,-0.270450,0.309903,0.000023
artstein_linear,36.400000,-0.659462,1.888150,-0.315822,3.038812,0.000004,-0.715722,0.062569,0.000015,1.343639,1.150662,0.000004,-0.273802,0.307016,0.000022
artstein_linear,36.450000,-0.680661,1.880612,-0.350803,3.046515,0.000005,-0.716252,0.054655,0.000014,1.329858,1.165903,0.000005,-0.277121,0.304089,0.000022
artstein_linear,36.500000,-0.701774,1.872835,-0.385862,3.053832,0.000006,-0.716692,0.046732,0.000014,1.315912,1.180997,0.000006,-0.280405,0.301122,0.000021
artstein_linear,36.550000,-0.722799,1.864822,-0.420995,3.060763,0.000007,-0.717042,0.038803,0.000013,1.301803,1.195941,0.000007,-0.283655,0.298116,0.000020
artstein_linear,36.600000,-0.743732,1.856573,-0.456198,3.067307,0.000008,-0.717303,0.030868,0.000013,1.287534,1.210734,0.000008,-0.286870,0.295072,0.000020
artstein_linear,36.650000,-0.764571,1.848089,-0.491467,3.073462,0.000009,-0.717474,0.022927,0.000012,1.273104,1.225374,0.000009,-0.290050,0.291988,0.000019
artstein_linear,36.700000,-0.785313,1.839370,-0.526796,3.079229,0.000010,-0.717555,0.014983,0.000012,1.258517,1.239858,0.000010,-0.293194,0.288867,0.000019
artstein_linear,36.750000,-0.805956,1.830419,-0.562182,3.084605,0.000011,-0.717546,0.007036,0.000011,1.243774,1.254186,0.000011,-0.296302,0.285707,0.000018
artstein_linear,36.800000,-0.826497,1.821237,-0.597619,3.089591,0.000012,-0.717448,-0.000913,0.000010,1.228877,1.268354,0.000012,-0.299373,0.282511,0.000018
artstein_linear,36.850000,-0.846933,1.811824,-0.633105,3.094185,0.000012,-0.717259,-0.008863,0.000010,1.213828,1.282361,0.000012,-0.302407,0.279278,0.000017
artstein_linear,36.900000,-0.867262,1.802181,-0.668633,3.098387,0.000013,-0.716981,-0.016812,0.000009,1.198629,1.296206,0.000013,-0.305405,0.276008,0.000016
artstein_linear,36.950000,-0.887481,1.792311,-0.704201,3.102197,0.000014,-0.716613,-0.024760,0.000009,1.183281,1.309887,0.000014,-0.308364,0.272702,0.000016
artstein_linear,37.000000,-0.907588,1.782213,-0.739802,3.105614,0.000015,-0.716155,-0.032707,0.000008,1.167786,1.323401,0.000015,-0.311285,0.269360,0.000015
artstein_linear,37.050000,-0.927580,1.771890,-0.775433,3.108638,0.000016,-0.715608,-0.040650,0.000008,1.152147,1.336747,0.000016,-0.314168,0.265984,0.000015
artstein_linear,37.100000,-0.947455,1.761343,-0.811090,3.111267,0.000016,-0.714971,-0.048588,0.000008,1.136364,1.349924,0.000016,-0.317013,0.262572,0.000014
artstein_linear,37.150000,-0.967209,1.750573,-0.846768,3.113502,0.000017,-0.714244,-0.056522,0.000007,1.120442,1.362929,0.000017,-0.319818,0.259127,0.000014
artstein_linear,37.200000,-0.986842,1.739581,-0.882462,3.115342,0.000018,-0.713428,-0.064449,0.000007,1.104380,1.375761,0.000018,-0.322583,0.255647,0.000013
artstein_linear,37.250000,-1.006349,1.728370,-0.918168,3.116787,0.000018,-0.712522,-0.072368,0.000006,1.088181,1.388418,0.000018,-0.325309,0.252135,0.000012
artstein_linear,37.300000,-1.025729,1.716939,-0.953881,3.117837,0.000019,-0.711528,-0.080280,0.000006,1.071848,1.400898,0.000019,-0.327995,0.248589,0.000012
artstein_linear,37.350000,-1.044979,1.705291,-0.989598,3.118492,0.000020,-0.710444,-0.088182,0.000005,1.055381,1.413201,0.000020,-0.330640,0.245011,0.000011
artstein_linear,37.400000,-1.064097,1.693427,-1.025313,3.118751,0.000020,-0.709271,-0.096074,0.000005,1.038784,1.425323,0.000020,-0.333244,0.241401,0.000011
artstein_linear,37.450000,-1.083081,1.681349,-1.061022,3.118614,0.000021,-0.708010,-0.103954,0.000004,1.022058,1.437265,0.000021,-0.335807,0.237759,0.000010
artstein_linear,37.500000,-1.101927,1.669059,-1.096721,3.118082,0.000021,-0.706659,-0.111822,0.000004,1.005206,1.449023,0.000021,-0.338328,0.234086,0.000010
artstein_linear,37.550000,-1.120634,1.656557,-1.132405,3.117154,0.000022,-0.705221,-0.119677,0.000004,0.988229,1.460597,0.000022,-0.340808,0.230383,0.000009
artstein_linear,37.600000,-1.139199,1.643845,-1.168070,3.115831,0.000022,-0.703694,-0.127517,0.000003,0.971129,1.471986,0.000022,-0.343245,0.226650,0.000009
artstein_linear,37.650000,-1.157620,1.630925,-1.203710,3.114112,0.000022,-0.702078,-0.135342,0.000003,0.953909,1.483186,0.000022,-0.345640,0.222887,0.000008
artstein_linear,37.700000,-1.175894,1.617799,-1.239323,3.111997,0.000023,-0.700375,-0.143150,0.000002,0.936571,1.494198,0.000023,-0.347992,0.219095,0.000008
artstein_linear,37.750000,-1.194019,1.604468,-1.274903,3.109488,0.000023,-0.698584,-0.150941,0.000002,0.919117,1.505020,0.000023,-0.350301,0.215274,0.000008
artstein_linear,37.800000,-1.211994,1.590934,-1.310445,3.106584,0.000024,-0.696706,-0.158714,0.000002,0.901548,1.515650,0.000024,-0.352566,0.211425,0.000007
artstein_linear,37.850000,-1.229815,1.577199,-1.345946,3.103286,0.000024,-0.694740,-0.166467,0.000001,0.883868,1.526087,0.000024,-0.354788,0.207549,0.000007
artstein_linear,37.900000,-1.247480,1.563264,-1.381401,3.099593,0.000024,-0.692687,-0.174200,0.000001,0.866079,1.536329,0.000024,-0.356966,0.203646,0.000006
artstein_linear,37.950000,-1.264987,1.549131,-1.416806,3.095507,0.000025,-0.690548,-0.181911,0.000001,0.848182,1.546376,0.000025,-0.359100,0.199716,0.000006
artstein_linear,38.000000,-1.282335,1.534802,-1.452155,3.091028,0.000025,-0.688321,-0.189600,0.000000,0.830179,1.556225,0.000025,-0.361189,0.195760,0.000005
artstein_linear,38.050000,-1.299520,1.520279,-1.487445,3.086156,0.000025,-0.686009,-0.197266,0.000000,0.812074,1.565877,0.000025,-0.363234,0.191778,0.000005
artstein_linear,38.100000,-1.316540,1.505564,-1.522672,3.080892,0.000025,-0.683611,-0.204907,-0.000000,0.793869,1.575328,0.000025,-0.365233,0.187771,0.000004
artstein_linear,38.150000,-1.333394,1.490658,-1.557830,3.075236,0.000026,-0.681127,-0.212523,-0.000001,0.775564,1.584579,0.000026,-0.367187,0.183740,0.000004
artstein_linear,38.200000,-1.350079,1.475563,-1.592915,3.069190,0.000026,-0.678558,-0.220113,-0.000001,0.757164,1.593627,0.000026,-0.369095,0.179684,0.000004
artstein_linear,38.250000,-1.366593,1.460282,-1.627924,3.062754,0.000026,-0.675903,-0.227675,-0.000001,0.738670,1.602472,0.000026,-0.370958,0.175606,0.000003
artstein_linear,38.300000,-1.382935,1.444815,-1.662851,3.055928,0.000026,-0.673164,-0.235209,-0.000001,0.720084,1.611113,0.000026,-0.372775,0.171504,0.000003
artstein_linear,38.350000,-1.399101,1.429166,-1.697692,3.048714,0.000026,-0.670341,-0.242714,-0.000002,0.701409,1.619548,0.000026,-0.374545,0.167380,0.000003
artstein_linear,38.400000,-1.415090,1.413336,-1.732443,3.041113,0.000026,-0.667434,-0.250189,-0.000002,0.682647,1.627776,0.000026,-0.376269,0.163234,0.000002
artstein_linear,38.450000,-1.430901,1.397327,-1.767100,3.033125,0.000026,-0.664443,-0.257633,-0.000002,0.663801,1.635797,0.000026,-0.377946,0.159066,0.000002
artstein_linear,38.500000,-1.446530,1.381142,-1.801658,3.024751,0.000026,-0.661368,-0.265044,-0.000003,0.644872,1.643609,0.000026,-0.379576,0.154878,0.000001
artstein_linear,38.550000,-1.461976,1.364781,-1.836112,3.015992,0.000027,-0.658211,-0.272423,-0.000003,0.625863,1.651211,0.000027,-0.381159,0.150670,0.000001
artstein_linear,38.600000,-1.477237,1.348248,-1.870460,3.006850,0.000027,-0.654972,-0.279767,-0.000003,0.606777,1.658603,0.000027,-0.382695,0.146441,0.000001
artstein_linear,38.650000,-1.492311,1.331544,-1.904695,2.997326,0.000027,-0.651650,-0.287077,-0.000003,0.587615,1.665782,0.000027,-0.384183,0.142194,0.000000
artstein_linear,38.700000,-1.507196,1.314672,-1.938815,2.987420,0.000027,-0.648246,-0.294351,-0.000003,0.568381,1.672749,0.000027,-0.385623,0.137928,0.000000
artstein_linear,38.750000,-1.521890,1.297633,-1.972814,2.977135,0.000027,-0.644762,-0.301588,-0.000004,0.549076,1.679502,0.000027,-0.387016,0.133644,-0.000000
artstein_linear,38.800000,-1.536392,1.280430,-2.006688,2.966470,0.000027,-0.641196,-0.308787,-0.000004,0.529704,1.686041,0.000027,-0.388360,0.129342,-0.000000
artstein_linear,38.850000,-1.550699,1.263065,-2.040434,2.955429,0.000027,-0.637551,-0.315947,-0.000004,0.510265,1.692364,0.000027,-0.389656,0.125024,-0.000001
artstein_linear,38.900000,-1.564810,1.245540,-2.074046,2.944011,0.000027,-0.633825,-0.323068,-0.000004,0.490764,1.698471,0.000027,-0.390904,0.120689,-0.000001
artstein_linear,38.950000,-1.578723,1.227857,-2.107521,2.932218,0.000026,-0.630020,-0.330149,-0.000004,0.471202,1.704361,0.000026,-0.392102,0.116338,-0.000001
artstein_linear,39.000000,-1.592436,1.210019,-2.140855,2.920052,0.000026,-0.626135,-0.337188,-0.000005,0.451581,1.710033,0.000026,-0.393253,0.111972,-0.000002
artstein_linear,39.050000,-1.605948,1.192028,-2.174043,2.907515,0.000026,-0.622173,-0.344185,-0.000005,0.431905,1.715487,0.000026,-0.394354,0.107591,-0.000002
artstein_linear,39.100000,-1.619256,1.173886,-2.207082,2.894608,0.000026,-0.618132,-0.351139,-0.000005,0.412175,1.720721,0.000026,-0.395406,0.103196,-0.000002
artstein_linear,39.150000,-1.632360,1.155596,-2.239966,2.881332,0.000026,-0.614014,-0.358048,-0.000005,0.392394,1.725736,0.000026,-0.396409,0.098788,-0.000002
artstein_linear,39.200000,-1.645257,1.137159,-2.272692,2.867689,0.000026,-0.609819,-0.364913,-0.000005,0.372564,1.730530,0.000026,-0.397362,0.094367,-0.000003
artstein_linear,39.250000,-1.657945,1.118578,-2.305256,2.853681,0.000026,-0.605548,-0.371731,-0.000005,0.352689,1.735103,0.000026,-0.398266,0.089933,-0.000003
artstein_linear,39.300000,-1.670424,1.099856,-2.337654,2.839309,0.000026,-0.601200,-0.378504,-0.000005,0.332770,1.739453,0.000026,-0.399121,0.085487,-0.000003
artstein_linear,39.350000,-1.682692,1.080994,-2.369882,2.824576,0.000026,-0.596777,-0.385228,-0.000006,0.312810,1.743582,0.000026,-0.399925,0.081030,-0.000003
artstein_linear,39.400000,-1.694746,1.061996,-2.401935,2.809484,0.000025,-0.592280,-0.391904,-0.000006,0.292811,1.747487,0.000025,-0.400680,0.076562,-0.000003
artstein_linear,39.450000,-1.706586,1.042863,-2.433810,2.794033,0.000025,-0.587708,-0.398531,-0.000006,0.272776,1.751170,0.000025,-0.401385,0.072084,-0.000004
artstein_linear,39.500000,-1.718210,1.023599,-2.465502,2.778226,0.000025,-0.583062,-0.405107,-0.000006,0.252708,1.754628,0.000025,-0.402040,0.067597,-0.000004
artstein_linear,39.550000,-1.729617,1.004205,-2.497008,2.762066,0.000025,-0.578344,-0.411633,-0.000006,0.232608,1.757861,0.000025,-0.402645,0.063100,-0.000004
artstein_linear,39.600000,-1.740804,0.984683,-2.528324,2.745553,0.000025,-0.573553,-0.418106,-0.000006,0.212480,1.760870,0.000025,-0.403199,0.058596,-0.000004
artstein_linear,39.650000,-1.751771,0.965037,-2.559445,2.728691,0.000024,-0.568690,-0.424528,-0.000006,0.192326,1.763654,0.000024,-0.403704,0.054083,-0.000004
artstein_linear,39.700000,-1.762517,0.945269,-2.590369,2.711481,0.000024,-0.563755,-0.430895,-0.000006,0.172148,1.766212,0.000024,-0.404158,0.049563,-0.000005
artstein_linear,39.750000,-1.773040,0.925381,-2.621090,2.693925,0.000024,-0.558750,-0.437208,-0.000006,0.151949,1.768544,0.000024,-0.404561,0.045037,-0.000005
artstein_linear,39.800000,-1.783338,0.905377,-2.651606,2.676026,0.000024,-0.553675,-0.443466,-0.000006,0.131732,1.770650,0.000024,-0.404915,0.040504,-0.000005
artstein_linear,39.850000,-1.793410,0.885257,-2.681912,2.657786,0.000023,-0.548531,-0.449669,-0.000007,0.111498,1.772529,0.000023,-0.405217,0.035966,-0.000005
artstein_linear,39.900000,-1.803256,0.865026,-2.712004,2.639207,0.000023,-0.543317,-0.455814,-0.000007,0.091251,1.774182,0.000023,-0.405469,0.031423,-0.000005
artstein_linear,39.950000,-1.812873,0.844685,-2.741879,2.620292,0.000023,-0.538036,-0.461902,-0.000007,0.070993,1.775607,0.000023,-0.405671,0.026876,-0.000005
artstein_linear,40.000000,-1.822261,0.824237,-2.771534,2.601042,0.000023,-0.532687,-0.467932,-0.000007,0.050727,1.776805,0.000023,-0.405822,0.022325,-0.000005
artstein_linear,40.050000,-1.831418,0.803685,-2.800963,2.581461,0.000022,-0.527271,-0.473903,-0.000007,0.030455,1.777776,0.000022,-0.405922,0.017771,-0.000006
artstein_linear,40.100000,-1.840343,0.783031,-2.830164,2.561550,0.000022,-0.521790,-0.479813,-0.000007,0.010179,1.778519,0.000022,-0.405971,0.013215,-0.000006
artstein_linear,40.150000,-1.849036,0.762278,-2.859133,2.541313,0.000022,-0.516242,-0.485664,-0.000007,-0.010098,1.779035,0.000022,-0.405970,0.008656,-0.000006
artstein_linear,40.200000,-1.857494,0.741429,-2.887867,2.520751,0.000021,-0.510631,-0.491453,-0.000007,-0.030373,1.779323,0.000021,-0.405918,0.004096,-0.000006
artstein_linear,40.250000,-1.865717,0.720485,-2.916361,2.499868,0.000021,-0.504955,-0.497179,-0.000007,-0.050644,1.779383,0.000021,-0.405816,-0.000464,-0.000006
artstein_linear,40.300000,-1.873705,0.699451,-2.944612,2.478666,0.000021,-0.499215,-0.502844,-0.000007,-0.070908,1.779215,0.000021,-0.405663,-0.005025,-0.000006
artstein_linear,40.350000,-1.881455,0.678328,-2.972617,2.457148,0.000021,-0.493414,-0.508444,-0.000007,-0.091162,1.778820,0.000021,-0.405459,-0.009586,-0.000006
artstein_linear,40.400000,-1.888967,0.657119,-3.000372,2.435316,0.000020,-0.487550,-0.513980,-0.000007,-0.111405,1.778197,0.000020,-0.405204,-0.014145,-0.000006
artstein_linear,40.450000,-1.896239,0.635827,-3.027873,2.413173,0.000020,-0.481625,-0.519452,-0.000007,-0.131634,1.777346,0.000020,-0.404899,-0.018703,-0.000006
artstein_linear,40.500000,-1.903272,0.614454,-3.055118,2.390722,0.000020,-0.475640,-0.524857,-0.000007,-0.151846,1.776267,0.000020,-0.404543,-0.023259,-0.000006
artstein_linear,40.550000,-1.910064,0.593004,-3.082102,2.367966,0.000019,-0.469595,-0.530197,-0.000007,-0.172038,1.774962,0.000019,-0.404137,-0.027812,-0.000006
artstein_linear,40.600000,-1.916615,0.571479,-3.108823,2.344907,0.000019,-0.463491,-0.535469,-0.000007,-0.192208,1.773428,0.000019,-0.403680,-0.032361,-0.000007
artstein_linear,40.650000,-1.922922,0.549881,-3.135277,2.321549,0.000019,-0.457329,-0.540673,-0.000007,-0.212354,1.771668,0.000019,-0.403173,-0.036907,-0.000007
artstein_linear,40.700000,-1.928987,0.528214,-3.161460,2.297895,0.000018,-0.451110,-0.545810,-0.000007,-0.232474,1.769681,0.000018,-0.402615,-0.041448,-0.000007
artstein_linear,40.750000,-1.934807,0.506480,-3.187370,2.273947,0.000018,-0.444834,-0.550877,-0.000007,-0.252563,1.767467,0.000018,-0.402007,-0.045984,-0.000007
artstein_linear,40.800000,-1.940382,0.484682,-3.213003,2.249709,0.000018,-0.438503,-0.555874,-0.000007,-0.272621,1.765027,0.000018,-0.401349,-0.050515,-0.000007
artstein_linear,40.850000,-1.945712,0.462822,-3.238356,2.225183,0.000017,-0.432116,-0.560801,-0.000007,-0.292644,1.762361,0.000017,-0.400640,-0.055039,-0.000007
artstein_linear,40.900000,-1.950796,0.440904,-3.263426,2.200373,0.000017,-0.425675,-0.565657,-0.000007,-0.312630,1.759469,0.000017,-0.399882,-0.059556,-0.000007
artstein_linear,40.950000,-1.955632,0.418930,-3.288209,2.175282,0.000017,-0.419181,-0.570442,-0.000007,-0.332577,1.756351,0.000017,-0.399073,-0.064066,-0.000007
artstein_linear,41.000000,-1.960221,0.396903,-3.312703,2.149912,0.000016,-0.412635,-0.575154,-0.000007,-0.352482,1.753009,0.000016,-0.398215,-0.068568,-0.000007
artstein_linear,41.050000,-1.964562,0.374826,-3.336905,2.124268,0.000016,-0.406036,-0.579794,-0.000007,-0.372342,1.749442,0.000016,-0.397306,-0.073061,-0.000007
artstein_linear,41.100000,-1.968655,0.352702,-3.360810,2.098353,0.000016,-0.399387,-0.584360,-0.000007,-0.392156,1.745651,0.000016,-0.396348,-0.077545,-0.000007
artstein_linear,41.150000,-1.972498,0.330532,-3.384418,2.072169,0.000015,-0.392688,-0.588852,-0.000007,-0.411920,1.741636,0.000015,-0.395340,-0.082020,-0.000007
artstein_linear,41.200000,-1.976092,0.308321,-3.407723,2.045720,0.000015,-0.385939,-0.593269,-0.000007,-0.431632,1.737398,0.000015,-0.394283,-0.086484,-0.000007
artstein_linear,41.250000,-1.979435,0.286071,-3.430724,2.019009,0.000015,-0.379142,-0.597612,-0.000007,-0.451289,1.732938,0.000015,-0.393177,-0.090937,-0.000007
artstein_linear,41.300000,-1.982528,0.263785,-3.453418,1.992040,0.000014,-0.372298,-0.601878,-0.000007,-0.470890,1.728255,0.000014,-0.392021,-0.095379,-0.000007
artstein_linear,41.350000,-1.985370,0.241465,-3.475802,1.964817,0.000014,-0.365406,-0.606069,-0.000007,-0.490432,1.723351,0.000014,-0.390816,-0.099809,-0.000007
artstein_linear,41.400000,-1.987961,0.219115,-3.497872,1.937342,0.000014,-0.358469,-0.610183,-0.000006,-0.509912,1.718226,0.000014,-0.389562,-0.104226,-0.000007
artstein_linear,41.450000,-1.990300,0.196737,-3.519627,1.909619,0.000013,-0.351488,-0.614219,-0.000006,-0.529327,1.712881,0.000013,-0.388260,-0.108630,-0.000007
artstein_linear,41.500000,-1.992387,0.174334,-3.541064,1.881651,0.000013,-0.344462,-0.618178,-0.000006,-0.548676,1.707317,0.000013,-0.386909,-0.113020,-0.000007
artstein_linear,41.550000,-1.994223,0.151909,-3.562179,1.853443,0.000013,-0.337392,-0.622058,-0.000006,-0.567956,1.701533,0.000013,-0.385509,-0.117396,-0.000007
artstein_linear,41.600000,-1.995805,0.129465,-3.582970,1.824997,0.000012,-0.330281,-0.625859,-0.000006,-0.587165,1.695532,0.000012,-0.384061,-0.121757,-0.000007
artstein_linear,41.650000,-1.997135,0.107005,-3.603435,1.796318,0.000012,-0.323128,-0.629581,-0.000006,-0.606299,1.689313,0.000012,-0.382565,-0.126103,-0.000007
artstein_linear,41.700000,-1.998213,0.084531,-3.623571,1.767408,0.000012,-0.315935,-0.633224,-0.000006,-0.625358,1.682878,0.000012,-0.381021,-0.130432,-0.000007
artstein_linear,41.750000,-1.999037,0.062046,-3.643375,1.738273,0.000011,-0.308702,-0.636786,-0.000006,-0.644338,1.676227,0.000011,-0.379429,-0.134745,-0.000007
artstein_linear,41.800000,-1.999609,0.039553,-3.662845,1.708914,0.000011,-0.301430,-0.640267,-0.000006,-0.663237,1.669361,0.000011,-0.377790,-0.139041,-0.000007
artstein_linear,41.850000,-1.999927,0.017056,-3.681979,1.679336,0.000011,-0.294121,-0.643667,-0.000006,-0.682052,1.662281,0.000011,-0.376103,-0.143320,-0.000007
artstein_linear,41.900000,-1.999993,-0.005444,-3.700774,1.649543,0.000010,-0.286775,-0.646986,-0.000006,-0.700782,1.654988,0.000010,-0.374370,-0.147580,-0.000006
artstein_linear,41.950000,-1.999805,-0.027943,-3.719228,1.619539,0.000010,-0.279392,-0.650222,-0.000006,-0.719423,1.647482,0.000010,-0.372589,-0.151822,-0.000006
artstein_linear,42.000000,-1.999364,-0.050439,-3.737338,1.589327,0.000010,-0.271975,-0.653376,-0.000006,-0.737975,1.639766,0.000010,-0.370762,-0.156044,-0.000006
artstein_linear,42.050000,-1.998670,-0.072928,-3.755103,1.558911,0.000009,-0.264524,-0.656448,-0.000006,-0.756433,1.631839,0.000009,-0.368888,-0.160246,-0.000006
artstein_linear,42.100000,-1.997723,-0.095408,-3.772519,1.528295,0.000009,-0.257040,-0.659436,-0.000005,-0.774796,1.623703,0.000009,-0.366967,-0.164428,-0.000006
artstein_linear,42.150000,-1.996523,-0.117876,-3.789586,1.497483,0.000009,-0.249523,-0.662340,-0.000005,-0.793062,1.615359,0.000009,-0.365001,-0.168589,-0.000006
artstein_linear,42.200000,-1.995071,-0.140329,-3.806300,1.466479,0.000008,-0.241975,-0.665160,-0.000005,-0.811229,1.606807,0.000008,-0.362989,-0.172729,-0.000006
artstein_linear,42.250000,-1.993366,-0.162764,-3.822659,1.435286,0.000008,-0.234397,-0.667896,-0.000005,-0.829293,1.598050,0.000008,-0.360932,-0.176847,-0.000006
artstein_linear,42.300000,-1.991409,-0.185178,-3.838662,1.403909,0.000008,-0.226790,-0.670547,-0.000005,-0.847253,1.589088,0.000008,-0.358829,-0.180942,-0.000006
artstein_linear,42.350000,-1.989200,-0.207570,-3.854307,1.372352,0.000007,-0.219154,-0.673114,-0.000005,-0.865107,1.579921,0.000007,-0.356681,-0.185014,-0.000006
artstein_linear,42.400000,-1.986739,-0.229935,-3.869591,1.340618,0.000007,-0.211490,-0.675594,-0.000005,-0.882852,1.570553,0.000007,-0.354489,-0.189063,-0.000006
artstein_linear,42.450000,-1.984026,-0.252270,-3.884512,1.308712,0.000007,-0.203801,-0.677989,-0.000005,-0.900486,1.560982,0.000007,-0.352252,-0.193088,-0.000006
artstein_linear,42.500000,-1.981063,-0.274574,-3.899070,1.276638,0.000007,-0.196085,-0.680298,-0.000005,-0.918007,1.551212,0.000007,-0.349970,-0.197088,-0.000006
artstein_linear,42.550000,-1.977848,-0.296843,-3.913261,1.244399,0.000006,-0.188346,-0.682521,-0.000005,-0.935413,1.541242,0.000006,-0.347645,-0.201063,-0.000006
artstein_linear,42.600000,-1.974384,-0.319075,-3.927085,1.212000,0.000006,-0.180582,-0.684657,-0.000005,-0.952701,1.531075,0.000006,-0.345276,-0.205012,-0.000006
artstein_linear,42.650000,-1.970669,-0.341266,-3.940539,1.179445,0.000006,-0.172796,-0.686707,-0.000005,-0.969870,1.520711,0.000006,-0.342864,-0.208935,-0.000006
artstein_linear,42.700000,-1.966705,-0.363414,-3.953622,1.146739,0.000005,-0.164989,-0.688669,-0.000004,-0.986916,1.510153,0.000005,-0.340409,-0.212832,-0.000005
artstein_linear,42.750000,-1.962493,-0.385516,-3.966331,1.113884,0.000005,-0.157161,-0.690543,-0.000004,-1.003839,1.499400,0.000005,-0.337911,-0.216701,-0.000005
artstein_linear,42.800000,-1.958032,-0.407569,-3.978667,1.080886,0.000005,-0.149313,-0.692330,-0.000004,-1.020635,1.488455,0.000005,-0.335371,-0.220543,-0.000005
artstein_linear,42.850000,-1.953323,-0.429571,-3.990626,1.047749,0.000005,-0.141446,-0.694030,-0.000004,-1.037304,1.477319,0.000005,-0.332788,-0.224357,-0.000005
artstein_linear,42.900000,-1.948366,-0.451518,-4.002208,1.014476,0.000004,-0.133562,-0.695641,-0.000004,-1.053842,1.465994,0.000004,-0.330164,-0.228143,-0.000005
artstein_linear,42.950000,-1.943164,-0.473408,-4.013411,0.981072,0.000004,-0.125661,-0.697163,-0.000004,-1.070247,1.454480,0.000004,-0.327498,-0.231899,-0.000005
artstein_linear,43.000000,-1.937715,-0.495238,-4.024233,0.947542,0.000004,-0.117745,-0.698598,-0.000004,-1.086518,1.442780,0.000004,-0.324791,-0.235625,-0.000005
artstein_linear,43.050000,-1.932021,-0.517006,-4.034674,0.913889,0.000004,-0.109814,-0.699943,-0.000004,-1.102653,1.430894,0.000004,-0.322044,-0.239322,-0.000005
artstein_linear,43.100000,-1.926083,-0.538708,-4.044732,0.880118,0.000003,-0.101869,-0.701200,-0.000004,-1.118649,1.418825,0.000003,-0.319255,-0.242988,-0.000005
artstein_linear,43.150000,-1.919900,-0.560342,-4.054405,0.846232,0.000003,-0.093911,-0.702368,-0.000004,-1.134505,1.406574,0.000003,-0.316427,-0.246623,-0.000005
artstein_linear,43.200000,-1.913475,-0.581905,-4.063693,0.812238,0.000003,-0.085942,-0.703446,-0.000004,-1.150218,1.394142,0.000003,-0.313559,-0.250227,-0.000005
artstein_linear,43.250000,-1.906808,-0.603394,-4.072594,0.778137,0.000003,-0.077962,-0.704436,-0.000003,-1.165786,1.381531,0.000003,-0.310652,-0.253799,-0.000005
artstein_linear,43.300000,-1.899899,-0.624807,-4.081107,0.743936,0.000002,-0.069973,-0.705335,-0.000003,-1.181208,1.368743,0.000002,-0.307705,-0.257339,-0.000004
artstein_linear,43.350000,-1.892750,-0.646141,-4.089232,0.709639,0.000002,-0.061974,-0.706146,-0.000003,-1.196482,1.355779,0.000002,-0.304720,-0.260845,-0.000004
artstein_linear,43.400000,-1.885361,-0.667393,-4.096967,0.675248,0.000002,-0.053969,-0.706866,-0.000003,-1.211605,1.342641,0.000002,-0.301696,-0.264319,-0.000004
artstein_linear,43.450000,-1.877734,-0.688560,-4.104311,0.640770,0.000002,-0.045956,-0.707497,-0.000003,-1.226577,1.329331,0.000002,-0.298635,-0.267759,-0.000004
artstein_linear,43.500000,-1.869869,-0.709641,-4.111263,0.606209,0.000002,-0.037938,-0.708038,-0.000003,-1.241394,1.315850,0.000002,-0.295536,-0.271164,-0.000004
artstein_linear,43.550000,-1.861767,-0.730632,-4.117822,0.571568,0.000001,-0.029915,-0.708489,-0.000003,-1.256055,1.302199,0.000001,-0.292400,-0.274535,-0.000004
artstein_linear,43.600000,-1.853430,-0.751530,-4.123988,0.536852,0.000001,-0.021889,-0.708850,-0.000003,-1.270558,1.288382,0.000001,-0.289227,-0.277871,-0.000004
artstein_linear,43.650000,-1.844858,-0.772333,-4.129760,0.502066,0.000001,-0.013859,-0.709121,-0.000003,-1.284902,1.274399,0.000001,-0.286018,-0.281172,-0.000004
artstein_linear,43.700000,-1.836053,-0.793038,-4.135137,0.467214,0.000001,-0.005829,-0.709302,-0.000003,-1.299084,1.260252,0.000001,-0.282772,-0.284437,-0.000004
artstein_linear,43.750000,-1.827015,-0.813643,-4.140118,0.432301,0.000001,0.002203,-0.709393,-0.000003,-1.313103,1.245944,0.000001,-0.279491,-0.287665,-0.000004
artstein_linear,43.800000,-1.817746,-0.834145,-4.144703,0.397330,0.000000,0.010233,-0.709394,-0.000003,-1.326957,1.231475,0.000000,-0.276175,-0.290857,-0.000004
artstein_linear,43.850000,-1.808247,-0.854542,-4.148892,0.362307,0.000000,0.018263,-0.709304,-0.000002,-1.340644,1.216848,0.000000,-0.272825,-0.294012,-0.000004
artstein_linear,43.900000,-1.798520,-0.874830,-4.152683,0.327235,0.000000,0.026290,-0.709125,-0.000002,-1.354163,1.202065,0.000000,-0.269440,-0.297129,-0.000003
artstein_linear,43.950000,-1.788564,-0.895008,-4.156076,0.292120,-0.000000,0.034313,-0.708855,-0.000002,-1.367512,1.187127,-0.000000,-0.266020,-0.300208,-0.000003
artstein_linear,44.000000,-1.778382,-0.915072,-4.159071,0.256965,-0.000000,0.042333,-0.708496,-0.000002,-1.380689,1.172037,-0.000000,-0.262568,-0.303249,-0.000003
artstein_linear,44.050000,-1.767975,-0.935020,-4.161668,0.221776,-0.000000,0.050346,-0.708046,-0.000002,-1.393692,1.156796,-0.000000,-0.259082,-0.306252,-0.000003
artstein_linear,44.100000,-1.757345,-0.954850,-4.163865,0.186556,-0.000001,0.058353,-0.707507,-0.000002,-1.406521,1.141406,-0.000001,-0.255564,-0.309215,-0.000003
artstein_linear,44.150000,-1.746492,-0.974560,-4.165664,0.151310,-0.000001,0.066353,-0.706877,-0.000002,-1.419172,1.125870,-0.000001,-0.252014,-0.312139,-0.000003
artstein_linear,44.200000,-1.735418,-0.994146,-4.167063,0.116043,-0.000001,0.074344,-0.706158,-0.000002,-1.431645,1.110189,-0.000001,-0.248432,-0.315023,-0.000003
artstein_linear,44.250000,-1.724124,-1.013606,-4.168062,0.080759,-0.000001,0.082326,-0.705349,-0.000002,-1.443939,1.094365,-0.000001,-0.244818,-0.317867,-0.000003
artstein_linear,44.300000,-1.712612,-1.032938,-4.168662,0.045462,-0.000001,0.090297,-0.704450,-0.000002,-1.456050,1.078400,-0.000001,-0.241174,-0.320670,-0.000003
artstein_linear,44.350000,-1.700883,-1.052139,-4.168863,0.010158,-0.000001,0.098257,-0.703462,-0.000002,-1.467979,1.062296,-0.000001,-0.237500,-0.323432,-0.000003
artstein_linear,44.400000,-1.688939,-1.071207,-4.168663,-0.025150,-0.000001,0.106204,-0.702385,-0.000002,-1.479724,1.046056,-0.000001,-0.233795,-0.326154,-0.000003
artstein_linear,44.450000,-1.676782,-1.090139,-4.168064,-0.060457,-0.000002,0.114138,-0.701218,-0.000002,-1.491282,1.029682,-0.000002,-0.230061,-0.328833,-0.000003
artstein_linear,44.500000,-1.664412,-1.108933,-4.167065,-0.095759,-0.000002,0.122057,-0.699962,-0.000001,-1.502653,1.013174,-0.000002,-0.226298,-0.331471,-0.000002
artstein_linear,44.550000,-1.651831,-1.127588,-4.165666,-0.131051,-0.000002,0.129961,-0.698618,-0.000001,-1.513835,0.996537,-0.000002,-0.222507,-0.334066,-0.000002
artstein_linear,44.600000,-1.639042,-1.146099,-4.163869,-0.166328,-0.000002,0.137848,-0.697184,-0.000001,-1.524827,0.979771,-0.000002,-0.218687,-0.336619,-0.000002
artstein_linear,44.650000,-1.626045,-1.164465,-4.161672,-0.201586,-0.000002,0.145718,-0.695662,-0.000001,-1.535627,0.962879,-0.000002,-0.214840,-0.339129,-0.000002
artstein_linear,44.700000,-1.612842,-1.182684,-4.159076,-0.236821,-0.000002,0.153569,-0.694051,-0.000001,-1.546235,0.945863,-0.000002,-0.210966,-0.341595,-0.000002
artstein_linear,44.750000,-1.599435,-1.200753,-4.156082,-0.272028,-0.000002,0.161401,-0.692352,-0.000001,-1.556647,0.928725,-0.000002,-0.207065,-0.344018,-0.000002
artstein_linear,44.800000,-1.585825,-1.218671,-4.152690,-0.307203,-0.000002,0.169212,-0.690566,-0.000001,-1.566865,0.911467,-0.000002,-0.203138,-0.346397,-0.000002
artstein_linear,44.850000,-1.572015,-1.236434,-4.148900,-0.342341,-0.000002,0.177002,-0.688691,-0.000001,-1.576885,0.894093,-0.000002,-0.199186,-0.348732,-0.000002
artstein_linear,44.900000,-1.558006,-1.254040,-4.144713,-0.377438,-0.000002,0.184769,-0.686729,-0.000001,-1.586707,0.876602,-0.000002,-0.195208,-0.351023,-0.000002
artstein_linear,44.950000,-1.543800,-1.271488,-4.140129,-0.412489,-0.000003,0.192513,-0.684680,-0.000001,-1.596330,0.858999,-0.000003,-0.191206,-0.353268,-0.000002
artstein_linear,45.000000,-1.529398,-1.288775,-4.135150,-0.447489,-0.000003,0.200233,-0.682543,-0.000001,-1.605752,0.841286,-0.000003,-0.187179,-0.355469,-0.000002
artstein_linear,45.050000,-1.514803,-1.305899,-4.129775,-0.482436,-0.000003,0.207927,-0.680320,-0.000001,-1.614972,0.823463,-0.000003,-0.183129,-0.357624,-0.000002
artstein_linear,45.100000,-1.500016,-1.322857,-4.124005,-0.517323,-0.000003,0.215595,-0.678010,-0.000001,-1.623989,0.805535,-0.000003,-0.179056,-0.359734,-0.000002
artstein_linear,45.150000,-1.485039,-1.339648,-4.117841,-0.552146,-0.000003,0.223236,-0.675615,-0.000001,-1.632802,0.787502,-0.000003,-0.174960,-0.361797,-0.000001
artstein_linear,45.200000,-1.469875,-1.356270,-4.111284,-0.586902,-0.000003,0.230848,-0.673133,-0.000001,-1.641409,0.769368,-0.000003,-0.170842,-0.363815,-0.000001
artstein_linear,45.250000,-1.454524,-1.372720,-4.104335,-0.621585,-0.000003,0.238432,-0.670566,-0.000000,-1.649811,0.751135,-0.000003,-0.166703,-0.365786,-0.000001
artstein_linear,45.300000,-1.438989,-1.388996,-4.096994,-0.656191,-0.000003,0.245985,-0.667913,-0.000000,-1.658005,0.732805,-0.000003,-0.162543,-0.367711,-0.000001
artstein_linear,45.350000,-1.423272,-1.405097,-4.089262,-0.690717,-0.000003,0.253507,-0.665176,-0.000000,-1.665990,0.714380,-0.000003,-0.158362,-0.369588,-0.000001
artstein_linear,45.400000,-1.407375,-1.421019,-4.081141,-0.725156,-0.000003,0.260996,-0.662354,-0.000000,-1.673766,0.695863,-0.000003,-0.154161,-0.371419,-0.000001
artstein_linear,45.450000,-1.391300,-1.436762,-4.072632,-0.759506,-0.000003,0.268453,-0.659447,-0.000000,-1.681332,0.677256,-0.000003,-0.149940,-0.373202,-0.000001
artstein_linear,45.500000,-1.375049,-1.452323,-4.063734,-0.793762,-0.000003,0.275876,-0.656457,-0.000000,-1.688686,0.658561,-0.000003,-0.145701,-0.374937,-0.000001
artstein_linear,45.550000,-1.358623,-1.467700,-4.054451,-0.827919,-0.000003,0.283264,-0.653384,-0.000000,-1.695828,0.639781,-0.000003,-0.141443,-0.376625,-0.000001
artstein_linear,45.600000,-1.342026,-1.482891,-4.044782,-0.861973,-0.000003,0.290617,-0.650227,-0.000000,-1.702756,0.620919,-0.000003,-0.137167,-0.378265,-0.000001
artstein_linear,45.650000,-1.325259,-1.497895,-4.034730,-0.895919,-0.000003,0.297932,-0.646988,-0.000000,-1.709471,0.601976,-0.000003,-0.132874,-0.379856,-0.000001
artstein_linear,45.700000,-1.308324,-1.512709,-4.024294,-0.929754,-0.000003,0.305210,-0.643666,-0.000000,-1.715970,0.582955,-0.000003,-0.128564,-0.381399,-0.000001
artstein_linear,45.750000,-1.291224,-1.527331,-4.013478,-0.963473,-0.000004,0.312449,-0.640263,0.000000,-1.722254,0.563858,-0.000004,-0.124238,-0.382893,-0.000001
artstein_linear,45.800000,-1.273960,-1.541761,-4.002281,-0.997072,-0.000004,0.319649,-0.636778,0.000000,-1.728321,0.544689,-0.000004,-0.119896,-0.384339,-0.000001
artstein_linear,45.850000,-1.256535,-1.555995,-3.990706,-1.030546,-0.000004,0.326808,-0.633212,0.000000,-1.734171,0.525449,-0.000004,-0.115539,-0.385735,-0.000001
artstein_linear,45.900000,-1.238951,-1.570032,-3.978754,-1.063892,-0.000004,0.333926,-0.629566,0.000000,-1.739803,0.506140,-0.000004,-0.111168,-0.387082,-0.000000
artstein_linear,45.950000,-1.221210,-1.583871,-3.966426,-1.097105,-0.000004,0.341002,-0.625839,0.000000,-1.745216,0.486766,-0.000004,-0.106782,-0.388380,-0.000000
artstein_linear,46.000000,-1.203315,-1.597509,-3.953724,-1.130180,-0.000004,0.348035,-0.622033,0.000000,-1.750409,0.467329,-0.000004,-0.102382,-0.389628,-0.000000
artstein_linear,46.050000,-1.185267,-1.610945,-3.940649,-1.163114,-0.000004,0.355024,-0.618148,0.000000,-1.755383,0.447831,-0.000004,-0.097970,-0.390827,-0.000000
artstein_linear,46.100000,-1.167069,-1.624177,-3.927204,-1.195902,-0.000004,0.361968,-0.614184,0.000000,-1.760135,0.428274,-0.000004,-0.093545,-0.391976,-0.000000
artstein_linear,46.150000,-1.148724,-1.637203,-3.913390,-1.228541,-0.000004,0.368866,-0.610143,0.000000,-1.764666,0.408662,-0.000004,-0.089109,-0.393075,-0.000000
artstein_linear,46.200000,-1.130233,-1.650022,-3.899208,-1.261026,-0.000004,0.375717,-0.606023,0.000000,-1.768976,0.388997,-0.000004,-0.084661,-0.394123,-0.000000
artstein_linear,46.250000,-1.111599,-1.662633,-3.884661,-1.293352,-0.000004,0.382521,-0.601827,0.000000,-1.773063,0.369280,-0.000004,-0.080202,-0.395122,-0.000000
artstein_linear,46.300000,-1.092824,-1.675033,-3.869751,-1.325517,-0.000004,0.389277,-0.597553,0.000000,-1.776926,0.349516,-0.000004,-0.075734,-0.396070,-0.000000
artstein_linear,46.350000,-1.073911,-1.687221,-3.854478,-1.357515,-0.000004,0.395984,-0.593204,0.000000,-1.780567,0.329706,-0.000004,-0.071255,-0.396967,-0.000000
artstein_linear,46.400000,-1.054863,-1.699195,-3.838845,-1.389343,-0.000004,0.402640,-0.588780,0.000000,-1.783983,0.309852,-0.000004,-0.066768,-0.397814,-0.000000
artstein_linear,46.450000,-1.035680,-1.710955,-3.822855,-1.420997,-0.000004,0.409246,-0.584280,0.000001,-1.787175,0.289958,-0.000004,-0.062272,-0.398610,0.000000
artstein_linear,46.500000,-1.016367,-1.722498,-3.806509,-1.452472,-0.000004,0.415800,-0.579706,0.000001,-1.790142,0.270026,-0.000004,-0.057768,-0.399356,0.000000
artstein_linear,46.550000,-0.996925,-1.733823,-3.789809,-1.483765,-0.000004,0.422302,-0.575059,0.000001,-1.792884,0.250058,-0.000004,-0.053256,-0.400050,0.000000
artstein_linear,46.600000,-0.977357,-1.744928,-3.772757,-1.514871,-0.000004,0.428750,-0.570338,0.000001,-1.795400,0.230057,-0.000004,-0.048738,-0.400693,0.000000
artstein_linear,46.650000,-0.957665,-1.755813,-3.755356,-1.545787,-0.000004,0.435144,-0.565545,0.000001,-1.797691,0.210025,-0.000004,-0.044214,-0.401286,0.000000
artstein_linear,46.700000,-0.937852,-1.766475,-3.737607,-1.576509,-0.000004,0.441483,-0.560680,0.000001,-1.799755,0.189966,-0.000004,-0.039684,-0.401827,0.000000
artstein_linear,46.750000,-0.917920,-1.776914,-3.719513,-1.607033,-0.000004,0.447766,-0.555743,0.000001,-1.801593,0.169881,-0.000004,-0.035149,-0.402316,0.000000
artstein_linear,46.800000,-0.897872,-1.787128,-3.701076,-1.637355,-0.000004,0.453993,-0.550736,0.000001,-1.803204,0.149773,-0.000004,-0.030609,-0.402755,0.000000
artstein_linear,46.850000,-0.877710,-1.797116,-3.682299,-1.667470,-0.000004,0.460162,-0.545658,0.000001,-1.804589,0.129645,-0.000004,-0.026065,-0.403142,0.000000
artstein_linear,46.900000,-0.857438,-1.806876,-3.663184,-1.697376,-0.000004,0.466273,-0.540512,0.000001,-1.805746,0.109499,-0.000004,-0.021519,-0.403478,0.000000
artstein_linear,46.950000,-0.837057,-1.816407,-3.643733,-1.727069,-0.000004,0.472326,-0.535296,0.000001,-1.806676,0.089339,-0.000004,-0.016969,-0.403762,0.000000
artstein_linear,47.000000,-0.816570,-1.825709,-3.623949,-1.756544,-0.000004,0.478319,-0.530012,0.000001,-1.807379,0.069165,-0.000004,-0.012417,-0.403995,0.000000
artstein_linear,47.050000,-0.795979,-1.834780,-3.603834,-1.785798,-0.000004,0.484251,-0.524661,0.000001,-1.807855,0.048982,-0.000004,-0.007863,-0.404177,0.000000
artstein_linear,47.100000,-0.775288,-1.843618,-3.583390,-1.814828,-0.000004,0.490122,-0.519243,0.000001,-1.808103,0.028791,-0.000004,-0.003308,-0.404306,0.000000
artstein_linear,47.150000,-0.754499,-1.852224,-3.562622,-1.843628,-0.000004,0.495931,-0.513759,0.000001,-1.808123,0.008595,-0.000004,0.001247,-0.404385,0.000001
artstein_linear,47.200000,-0.733614,-1.860594,-3.541530,-1.872197,-0.000003,0.501678,-0.508210,0.000001,-1.807916,-0.011603,-0.000003,0.005802,-0.404411,0.000001
artstein_linear,47.250000,-0.712636,-1.868729,-3.520118,-1.900530,-0.000003,0.507361,-0.502596,0.000001,-1.807482,-0.031800,-0.000003,0.010357,-0.404386,0.000001
artstein_linear,47.300000,-0.691568,-1.876628,-3.498388,-1.928623,-0.000003,0.512980,-0.496917,0.000001,-1.806820,-0.051995,-0.000003,0.014910,-0.404310,0.000001
artstein_linear,47.350000,-0.670413,-1.884289,-3.476343,-1.956474,-0.000003,0.518535,-0.491176,0.000001,-1.805930,-0.072185,-0.000003,0.019462,-0.404182,0.000001
artstein_linear,47.400000,-0.649173,-1.891712,-3.453986,-1.984078,-0.000003,0.524024,-0.485372,0.000001,-1.804814,-0.092366,-0.000003,0.024011,-0.404003,0.000001
artstein_linear,47.450000,-0.627850,-1.898896,-3.431320,-2.011432,-0.000003,0.529446,-0.479507,0.000001,-1.803470,-0.112537,-0.000003,0.028558,-0.403772,0.000001
artstein_linear,47.500000,-0.606448,-1.905839,-3.408348,-2.038533,-0.000003,0.534802,-0.473580,0.000001,-1.801899,-0.132694,-0.000003,0.033100,-0.403489,0.000001
artstein_linear,47.550000,-0.584970,-1.912540,-3.385072,-2.065376,-0.000003,0.540091,-0.467593,0.000001,-1.800102,-0.152836,-0.000003,0.037639,-0.403155,0.000001
artstein_linear,47.600000,-0.563417,-1.919000,-3.361495,-2.091960,-0.000003,0.545311,-0.461546,0.000001,-1.798078,-0.172959,-0.000003,0.042173,-0.402770,0.000001
artstein_linear,47.650000,-0.541793,-1.925217,-3.337621,-2.118279,-0.000003,0.550462,-0.455441,0.000001,-1.795828,-0.193062,-0.000003,0.046702,-0.402333,0.000001
artstein_linear,47.700000,-0.520101,-1.931190,-3.313452,-2.144331,-0.000003,0.555544,-0.449278,0.000001,-1.793351,-0.213141,-0.000003,0.051225,-0.401845,0.000001
artstein_linear,47.750000,-0.498342,-1.936919,-3.288992,-2.170113,-0.000003,0.560555,-0.443057,0.000001,-1.790649,-0.233195,-0.000003,0.055742,-0.401306,0.000001
artstein_linear,47.800000,-0.476521,-1.942403,-3.264243,-2.195622,-0.000003,0.565496,-0.436780,0.000001,-1.787722,-0.253219,-0.000003,0.060252,-0.400716,0.000001
artstein_linear,47.850000,-0.454639,-1.947640,-3.239209,-2.220853,-0.000003,0.570366,-0.430448,0.000001,-1.784570,-0.273213,-0.000003,0.064754,-0.400074,0.000001
artstein_linear,47.900000,-0.432700,-1.952632,-3.213892,-2.245804,-0.000003,0.575163,-0.424060,0.000001,-1.781193,-0.293173,-0.000003,0.069249,-0.399382,0.000001
artstein_linear,47.950000,-0.410706,-1.957376,-3.188297,-2.270472,-0.000003,0.579888,-0.417619,0.000001,-1.777591,-0.313096,-0.000003,0.073734,-0.398639,0.000001
artstein_linear,48.000000,-0.388660,-1.961872,-3.162426,-2.294854,-0.000003,0.584539,-0.411124,0.000001,-1.773766,-0.332981,-0.000003,0.078211,-0.397844,0.000001
artstein_linear,48.050000,-0.366565,-1.966121,-3.136283,-2.318946,-0.000003,0.589117,-0.404577,0.000001,-1.769718,-0.352825,-0.000003,0.082678,-0.397000,0.000001
artstein_linear,48.100000,-0.344423,-1.970120,-3.109870,-2.342745,-0.000003,0.593621,-0.397979,0.000001,-1.765447,-0.372625,-0.000003,0.087134,-0.396104,0.000001
artstein_linear,48.150000,-0.322238,-1.973870,-3.083192,-2.366248,-0.000003,0.598049,-0.391329,0.000001,-1.760954,-0.392378,-0.000003,0.091580,-0.395158,0.000001
artstein_linear,48.200000,-0.300012,-1.977370,-3.056251,-2.389453,-0.000003,0.602402,-0.384630,0.000001,-1.756239,-0.412083,-0.000003,0.096014,-0.394162,0.000001
artstein_linear,48.250000,-0.277748,-1.980620,-3.029051,-2.412357,-0.000003,0.606679,-0.377882,0.000001,-1.751303,-0.431736,-0.000003,0.100436,-0.393115,0.000001
artstein_linear,48.300000,-0.255449,-1.983619,-3.001596,-2.434955,-0.000003,0.610879,-0.371086,0.000001,-1.746147,-0.451336,-0.000003,0.104845,-0.392019,0.000001
artstein_linear,48.350000,-0.233117,-1.986368,-2.973888,-2.457247,-0.000003,0.615002,-0.364242,0.000001,-1.740770,-0.470879,-0.000003,0.109242,-0.390872,0.000001
artstein_linear,48.400000,-0.210757,-1.988864,-2.945932,-2.479228,-0.000003,0.619047,-0.357352,0.000001,-1.735175,-0.490363,-0.000003,0.113624,-0.389675,0.000001
artstein_linear,48.450000,-0.188369,-1.991110,-2.917730,-2.500896,-0.000003,0.623014,-0.350417,0.000001,-1.729361,-0.509786,-0.000003,0.117993,-0.388429,0.000001
artstein_linear,48.500000,-0.165958,-1.993103,-2.889287,-2.522248,-0.000002,0.626903,-0.343436,0.000001,-1.723330,-0.529146,-0.000002,0.122347,-0.387134,0.000001
artstein_linear,48.550000,-0.143525,-1.994843,-2.860606,-2.543282,-0.000002,0.630712,-0.336412,0.000001,-1.717081,-0.548438,-0.000002,0.126685,-0.385789,0.000001
artstein_linear,48.600000,-0.121075,-1.996332,-2.831691,-2.563994,-0.000002,0.634442,-0.329345,0.000001,-1.710616,-0.567663,-0.000002,0.131008,-0.384394,0.000001
artstein_linear,48.650000,-0.098609,-1.997568,-2.802545,-2.584383,-0.000002,0.638092,-0.322236,0.000001,-1.703936,-0.586816,-0.000002,0.135314,-0.382951,0.000001
artstein_linear,48.700000,-0.076130,-1.998551,-2.773172,-2.604445,-0.000002,0.641661,-0.315086,0.000001,-1.697042,-0.605895,-0.000002,0.139603,-0.381459,0.000001
artstein_linear,48.750000,-0.053642,-1.999281,-2.743575,-2.624179,-0.000002,0.645149,-0.307896,0.000001,-1.689933,-0.624898,-0.000002,0.143875,-0.379919,0.000001
artstein_linear,48.800000,-0.031147,-1.999757,-2.713760,-2.643580,-0.000002,0.648555,-0.300667,0.000001,-1.682612,-0.643823,-0.000002,0.148128,-0.378330,0.000001
artstein_linear,48.850000,-0.008649,-1.999981,-2.683728,-2.662648,-0.000002,0.651880,-0.293399,0.000001,-1.675079,-0.662667,-0.000002,0.152364,-0.376693,0.000001
artstein_linear,48.900000,0.013851,-1.999952,-2.653484,-2.681379,-0.000002,0.655123,-0.286094,0.000001,-1.667335,-0.681427,-0.000002,0.156580,-0.375007,0.000001
artstein_linear,48.950000,0.036349,-1.999670,-2.623032,-2.699772,-0.000002,0.658282,-0.278752,0.000001,-1.659382,-0.700102,-0.000002,0.160776,-0.373274,0.000001
artstein_linear,49.000000,0.058843,-1.999134,-2.592376,-2.717823,-0.000002,0.661359,-0.271374,0.000001,-1.651219,-0.718689,-0.000002,0.164952,-0.371494,0.000001
artstein_linear,49.050000,0.081329,-1.998346,-2.561519,-2.735531,-0.000002,0.664352,-0.263962,0.000001,-1.642848,-0.737186,-0.000002,0.169107,-0.369666,0.000001
artstein_linear,49.100000,0.103805,-1.997304,-2.530466,-2.752894,-0.000002,0.667261,-0.256517,0.000001,-1.634271,-0.755589,-0.000002,0.173242,-0.367791,0.000001
artstein_linear,49.150000,0.126267,-1.996010,-2.499220,-2.769908,-0.000002,0.670086,-0.249038,0.000001,-1.625487,-0.773898,-0.000002,0.177354,-0.365869,0.000001
artstein_linear,49.200000,0.148714,-1.994463,-2.467785,-2.786572,-0.000002,0.672826,-0.241528,0.000001,-1.616499,-0.792109,-0.000002,0.181444,-0.363900,0.000001
artstein_linear,49.250000,0.171142,-1.992664,-2.436166,-2.802884,-0.000002,0.675481,-0.233987,0.000001,-1.607308,-0.810220,-0.000002,0.185512,-0.361886,0.000001
artstein_linear,49.300000,0.193548,-1.990613,-2.404366,-2.818842,-0.000002,0.678051,-0.226416,0.000001,-1.597914,-0.828229,-0.000002,0.189556,-0.359825,0.000001
artstein_linear,49.350000,0.215930,-1.988309,-2.372389,-2.834443,-0.000002,0.680536,-0.218816,0.000001,-1.588318,-0.846134,-0.000002,0.193576,-0.357718,0.000001
artstein_linear,49.400000,0.238284,-1.985754,-2.340239,-2.849687,-0.000002,0.682934,-0.211188,0.000001,-1.578523,-0.863932,-0.000002,0.197572,-0.355565,0.000001
artstein_linear,49.450000,0.260608,-1.982948,-2.307921,-2.864569,-0.000002,0.685246,-0.203533,0.000001,-1.568529,-0.881621,-0.000002,0.201543,-0.353367,0.000001
artstein_linear,49.500000,0.282899,-1.979891,-2.275438,-2.879090,-0.000002,0.687472,-0.195852,0.000001,-1.558337,-0.899199,-0.000002,0.205489,-0.351125,0.000001
artstein_linear,49.550000,0.305155,-1.976583,-2.242795,-2.893247,-0.000001,0.689611,-0.188145,0.000001,-1.547950,-0.916664,-0.000001,0.209409,-0.348837,0.000001
artstein_linear,49.600000,0.327372,-1.973025,-2.209995,-2.907038,-0.000001,0.691662,-0.180415,0.000001,-1.537367,-0.934013,-0.000001,0.213303,-0.346505,0.000001
artstein_linear,49.650000,0.349547,-1.969217,-2.177043,-2.920461,-0.000001,0.693627,-0.172662,0.000001,-1.526590,-0.951244,-0.000001,0.217170,-0.344129,0.000001
artstein_linear,49.700000,0.371678,-1.965160,-2.143944,-2.933515,-0.000001,0.695504,-0.164887,0.000001,-1.515622,-0.968354,-0.000001,0.221010,-0.341709,0.000001
artstein_linear,49.750000,0.393762,-1.960855,-2.110700,-2.946198,-0.000001,0.697293,-0.157090,0.000001,-1.504462,-0.985343,-0.000001,0.224822,-0.339246,0.000001
artstein_linear,49.800000,0.415796,-1.956301,-2.077317,-2.958508,-0.000001,0.698994,-0.149273,0.000001,-1.493113,-1.002207,-0.000001,0.228605,-0.336739,0.000001
artstein_linear,49.850000,0.437778,-1.951500,-2.043798,-2.970445,-0.000001,0.700606,-0.141438,0.000001,-1.481576,-1.018945,-0.000001,0.232360,-0.334189,0.000001
artstein_linear,49.900000,0.459704,-1.946451,-2.010148,-2.982005,-0.000001,0.702131,-0.133584,0.000001,-1.469852,-1.035554,-0.000001,0.236086,-0.331597,0.000001
artstein_linear,49.950000,0.481572,-1.941156,-1.976371,-2.993189,-0.000001,0.703566,-0.125712,0.000001,-1.457943,-1.052032,-0.000001,0.239781,-0.328962,0.000001
artstein_linear,50.000000,0.503379,-1.935616,-1.942471,-3.003994,-0.000001,0.704913,-0.117825,0.000001,-1.445851,-1.068378,-0.000001,0.243447,-0.326286,0.000001
artstein_linear,50.050000,0.525123,-1.929831,-1.908453,-3.014418,-0.000001,0.706170,-0.109923,0.000001,-1.433576,-1.084588,-0.000001,0.247082,-0.323568,0.000001
artstein_linear,50.100000,0.546800,-1.923801,-1.874321,-3.024462,-0.000001,0.707339,-0.102006,0.000001,-1.421121,-1.100661,-0.000001,0.250687,-0.320809,0.000001
artstein_linear,50.150000,0.568407,-1.917528,-1.840079,-3.034123,-0.000001,0.708418,-0.094076,0.000001,-1.408487,-1.116595,-0.000001,0.254259,-0.318009,0.000001
artstein_linear,50.200000,0.589943,-1.911012,-1.805732,-3.043400,-0.000001,0.709408,-0.086134,0.000001,-1.395675,-1.132388,-0.000001,0.257800,-0.315168,0.000001
artstein_linear,50.250000,0.611404,-1.904254,-1.771283,-3.052292,-0.000001,0.710308,-0.078181,0.000001,-1.382687,-1.148038,-0.000001,0.261308,-0.312287,0.000001
artstein_linear,50.300000,0.632788,-1.897256,-1.736738,-3.060798,-0.000001,0.711118,-0.070218,0.000001,-1.369526,-1.163543,-0.000001,0.264783,-0.309367,0.000001
artstein_linear,50.350000,0.654091,-1.890017,-1.702100,-3.068917,-0.000001,0.711839,-0.062246,0.000001,-1.356192,-1.178900,-0.000001,0.268225,-0.306407,0.000001
artstein_linear,50.400000,0.675312,-1.882539,-1.667374,-3.076648,-0.000001,0.712470,-0.054265,0.000001,-1.342687,-1.194109,-0.000001,0.271633,-0.303408,0.000001
artstein_linear,50.450000,0.696448,-1.874823,-1.632565,-3.083989,-0.000001,0.713011,-0.046278,0.000001,-1.329013,-1.209166,-0.000001,0.275007,-0.300370,0.000001
artstein_linear,50.500000,0.717495,-1.866869,-1.597676,-3.090940,-0.000001,0.713461,-0.038284,0.000001,-1.315171,-1.224071,-0.000001,0.278347,-0.297294,0.000001
artstein_linear,50.550000,0.738451,-1.858680,-1.562712,-3.097500,-0.000001,0.713822,-0.030286,0.000001,-1.301164,-1.238820,-0.000001,0.281651,-0.294180,0.000001
artstein_linear,50.600000,0.759314,-1.850254,-1.527678,-3.103668,-0.000001,0.714092,-0.022283,0.000001,-1.286993,-1.253413,-0.000001,0.284920,-0.291029,0.000001
artstein_linear,50.650000,0.780081,-1.841595,-1.492578,-3.109443,-0.000001,0.714273,-0.014277,0.000001,-1.272660,-1.267848,-0.000001,0.288153,-0.287840,0.000001
artstein_linear,50.700000,0.800749,-1.832703,-1.457417,-3.114825,-0.000001,0.714363,-0.006269,0.000001,-1.258166,-1.282122,-0.000001,0.291350,-0.284615,0.000001
artstein_linear,50.750000,0.821316,-1.823579,-1.422198,-3.119813,-0.000001,0.714363,0.001739,0.000001,-1.243514,-1.296234,-0.000001,0.294510,-0.281354,0.000001
artstein_linear,50.800000,0.841779,-1.814224,-1.386926,-3.124405,-0.000000,0.714272,0.009748,0.000001,-1.228705,-1.310182,-0.000000,0.297633,-0.278057,0.000001
artstein_linear,50.850000,0.862135,-1.804639,-1.351606,-3.128603,-0.000000,0.714092,0.017756,0.000001,-1.213742,-1.323963,-0.000000,0.300718,-0.274724,0.000001
artstein_linear,50.900000,0.882383,-1.794826,-1.316243,-3.132404,-0.000000,0.713821,0.025762,0.000000,-1.198625,-1.337578,-0.000000,0.303766,-0.271357,0.000001
artstein_linear,50.950000,0.902518,-1.784786,-1.280840,-3.135809,-0.000000,0.713460,0.033764,0.000000,-1.183358,-1.351023,-0.000000,0.306776,-0.267954,0.000001
artstein_linear,51.000000,0.922539,-1.774520,-1.245402,-3.138817,-0.000000,0.713009,0.041763,0.000000,-1.167941,-1.364297,-0.000000,0.309746,-0.264518,0.000001
artstein_linear,51.050000,0.942444,-1.764029,-1.209934,-3.141428,-0.000000,0.712468,0.049756,0.000000,-1.152378,-1.377398,-0.000000,0.312678,-0.261048,0.000001
artstein_linear,51.100000,0.962229,-1.753315,-1.174439,-3.143641,-0.000000,0.711837,0.057744,0.000000,-1.136669,-1.390326,-0.000000,0.315571,-0.257545,0.000001
artstein_linear,51.150000,0.981893,-1.742380,-1.138924,-3.145456,-0.000000,0.711116,0.065724,0.000000,-1.120817,-1.403077,-0.000000,0.318423,-0.254008,0.000001
artstein_linear,51.200000,1.001432,-1.731223,-1.103392,-3.146873,-0.000000,0.710306,0.073696,0.000000,-1.104823,-1.415650,-0.000000,0.321236,-0.250440,0.000001
artstein_linear,51.250000,1.020844,-1.719848,-1.067847,-3.147892,-0.000000,0.709405,0.081659,0.000000,-1.088691,-1.428044,-0.000000,0.324008,-0.246839,0.000001
artstein_linear,51.300000,1.040128,-1.708255,-1.032294,-3.148512,-0.000000,0.708415,0.089612,0.000000,-1.072421,-1.440257,-0.000000,0.326739,-0.243208,0.000001
artstein_linear,51.350000,1.059279,-1.696445,-0.996737,-3.148734,-0.000000,0.707336,0.097553,0.000000,-1.056017,-1.452288,-0.000000,0.329429,-0.239545,0.000001
artstein_linear,51.400000,1.078297,-1.684421,-0.961182,-3.148557,-0.000000,0.706167,0.105483,0.000000,-1.039479,-1.464135,-0.000000,0.332078,-0.235851,0.000001
artstein_linear,51.450000,1.097178,-1.672184,-0.925632,-3.147981,-0.000000,0.704909,0.113399,0.000000,-1.022810,-1.475797,-0.000000,0.334685,-0.232128,0.000001
artstein_linear,51.500000,1.115920,-1.659735,-0.890092,-3.147007,-0.000000,0.703562,0.121301,0.000000,-1.006013,-1.487272,-0.000000,0.337250,-0.228375,0.000001
artstein_linear,51.550000,1.134521,-1.647077,-0.854567,-3.145635,-0.000000,0.702126,0.129188,0.000000,-0.989088,-1.498558,-0.000000,0.339772,-0.224593,0.000000
artstein_linear,51.600000,1.152979,-1.634209,-0.819061,-3.143864,-0.000000,0.700601,0.137059,0.000000,-0.972039,-1.509654,-0.000000,0.342251,-0.220782,0.000000
artstein_linear,51.650000,1.171290,-1.621135,-0.783578,-3.141695,0.000000,0.698988,0.144913,0.000000,-0.954868,-1.520560,0.000000,0.344687,-0.216943,0.000000
artstein_linear,51.700000,1.189454,-1.607856,-0.748123,-3.139128,0.000000,0.697287,0.152748,0.000000,-0.937576,-1.531272,0.000000,0.347080,-0.213077,0.000000
artstein_linear,51.750000,1.207466,-1.594373,-0.712700,-3.136164,0.000000,0.695498,0.160564,0.000000,-0.920167,-1.541791,0.000000,0.349429,-0.209183,0.000000
artstein_linear,51.800000,1.225326,-1.580688,-0.677315,-3.132803,0.000000,0.693620,0.168360,0.000000,-0.902641,-1.552114,0.000000,0.351734,-0.205262,0.000000
artstein_linear,51.850000,1.243031,-1.566804,-0.641970,-3.129045,0.000000,0.691656,0.176135,0.000000,-0.885001,-1.562241,0.000000,0.353995,-0.201316,0.000000
artstein_linear,51.900000,1.260578,-1.552721,-0.606672,-3.124891,0.000000,0.689603,0.183888,0.000000,-0.867250,-1.572170,0.000000,0.356211,-0.197344,0.000000
artstein_linear,51.950000,1.277966,-1.538441,-0.571424,-3.120341,0.000000,0.687464,0.191618,0.000000,-0.849390,-1.581900,0.000000,0.358382,-0.193346,0.000000
artstein_linear,52.000000,1.295193,-1.523967,-0.536230,-3.115396,0.000000,0.685238,0.199323,0.000000,-0.831423,-1.591429,0.000000,0.360508,-0.189324,0.000000
artstein_linear,52.050000,1.312255,-1.509300,-0.501096,-3.110057,0.000000,0.682925,0.207004,0.000000,-0.813351,-1.600756,0.000000,0.362589,-0.185278,0.000000
artstein_linear,52.100000,1.329151,-1.494442,-0.466025,-3.104323,0.000000,0.680527,0.214658,0.000000,-0.795177,-1.609881,0.000000,0.364624,-0.181208,0.000000
artstein_linear,52.150000,1.345879,-1.479395,-0.431023,-3.098197,0.000000,0.678042,0.222285,0.000000,-0.776902,-1.618802,0.000000,0.366613,-0.177116,0.000000
artstein_linear,52.200000,1.362437,-1.464160,-0.396093,-3.091678,0.000000,0.675471,0.229885,0.000000,-0.758530,-1.627517,0.000000,0.368555,-0.173000,0.000000
artstein_linear,52.250000,1.378822,-1.448741,-0.361239,-3.084767,0.000000,0.672815,0.237455,0.000000,-0.740062,-1.636027,0.000000,0.370452,-0.168863,0.000000
artstein_linear,52.300000,1.395033,-1.433138,-0.326467,-3.077466,0.000000,0.670075,0.244995,0.000000,-0.721500,-1.644329,0.000000,0.372301,-0.164704,0.000000
artstein_linear,52.350000,1.411067,-1.417353,-0.291781,-3.069775,0.000000,0.667249,0.252505,0.000000,-0.702848,-1.652422,0.000000,0.374104,-0.160524,0.000000
artstein_linear,52.400000,1.426923,-1.401389,-0.257185,-3.061696,0.000000,0.664340,0.259983,0.000000,-0.684108,-1.660307,0.000000,0.375859,-0.156323,0.000000
artstein_linear,52.450000,1.442598,-1.385248,-0.222683,-3.053228,0.000000,0.661346,0.267428,0.000000,-0.665281,-1.667980,0.000000,0.377567,-0.152103,0.000000
artstein_linear,52.500000,1.458090,-1.368931,-0.188280,-3.044374,0.000000,0.658269,0.274839,0.000000,-0.646370,-1.675443,0.000000,0.379228,-0.147863,0.000000
artstein_linear,52.550000,1.473398,-1.352442,-0.153980,-3.035134,0.000000,0.655109,0.282215,0.000000,-0.627378,-1.682693,0.000000,0.380840,-0.143604,0.000000
artstein_linear,52.600000,1.488519,-1.335781,-0.119788,-3.025510,0.000000,0.651865,0.289556,0.000000,-0.608307,-1.689729,0.000000,0.382405,-0.139327,0.000000
artstein_linear,52.650000,1.503452,-1.318951,-0.085707,-3.015503,0.000000,0.648540,0.296861,0.000000,-0.589159,-1.696552,0.000000,0.383921,-0.135032,0.000000
artstein_linear,52.700000,1.518195,-1.301954,-0.051742,-3.005113,0.000000,0.645133,0.304128,0.000000,-0.569937,-1.703159,0.000000,0.385389,-0.130720,0.000000
artstein_linear,52.750000,1.532746,-1.284792,-0.017898,-2.994343,0.000000,0.641644,0.311356,0.000000,-0.550644,-1.709551,0.000000,0.386809,-0.126392,0.000000
artstein_linear,52.800000,1.547102,-1.267468,0.015822,-2.983193,0.000000,0.638074,0.318546,0.000000,-0.531281,-1.715726,0.000000,0.388179,-0.122047,0.000000
artstein_linear,52.850000,1.561263,-1.249983,0.049412,-2.971666,0.000000,0.634424,0.325695,0.000000,-0.511851,-1.721683,0.000000,0.389501,-0.117686,0.000000
artstein_linear,52.900000,1.575226,-1.232340,0.082870,-2.959762,0.000000,0.630693,0.332803,0.000000,-0.492356,-1.727422,0.000000,0.390774,-0.113311,0.000000
artstein_linear,52.950000,1.588990,-1.214541,0.116190,-2.947483,0.000000,0.626883,0.339869,0.000000,-0.472800,-1.732942,0.000000,0.391997,-0.108921,0.000000
artstein_linear,53.000000,1.602553,-1.196588,0.149369,-2.934831,0.000000,0.622994,0.346891,0.000000,-0.453184,-1.738243,0.000000,0.393171,-0.104517,0.000000
artstein_linear,53.050000,1.615913,-1.178484,0.182402,-2.921807,0.000000,0.619026,0.353871,0.000000,-0.433511,-1.743323,0.000000,0.394295,-0.100100,0.000000
artstein_linear,53.100000,1.629068,-1.160231,0.215285,-2.908413,0.000000,0.614980,0.360805,0.000000,-0.413784,-1.748182,0.000000,0.395370,-0.095670,0.000000
artstein_linear,53.150000,1.642018,-1.141831,0.248013,-2.894650,0.000000,0.610856,0.367694,0.000000,-0.394004,-1.752819,0.000000,0.396394,-0.091228,0.000000
artstein_linear,53.200000,1.654759,-1.123287,0.280584,-2.880521,0.000000,0.606655,0.374536,0.000000,-0.374175,-1.757234,0.000000,0.397369,-0.086774,0.000000
artstein_linear,53.250000,1.667291,-1.104600,0.312992,-2.866026,0.000000,0.602377,0.381332,0.000000,-0.354299,-1.761427,0.000000,0.398293,-0.082309,0.000000
artstein_linear,53.300000,1.679612,-1.085773,0.345234,-2.851169,0.000000,0.598023,0.388079,0.000000,-0.334378,-1.765396,0.000000,0.399168,-0.077834,0.000000
artstein_linear,53.350000,1.691720,-1.066809,0.377305,-2.835950,0.000000,0.593594,0.394776,0.000000,-0.314415,-1.769141,0.000000,0.399991,-0.073348,0.000000
artstein_linear,53.400000,1.703615,-1.047710,0.409202,-2.820372,0.000000,0.589090,0.401424,0.000000,-0.294412,-1.772662,0.000000,0.400765,-0.068853,0.000000
artstein_linear,53.450000,1.715293,-1.028479,0.440920,-2.804436,0.000000,0.584511,0.408022,-0.000000,-0.274373,-1.775958,0.000000,0.401488,-0.064350,0.000000
artstein_linear,53.500000,1.726755,-1.009117,0.472456,-2.788146,0.000000,0.579858,0.414567,-0.000000,-0.254299,-1.779028,0.000000,0.402160,-0.059838,0.000000
artstein_linear,53.550000,1.737998,-0.989628,0.503805,-2.771501,0.000001,0.575133,0.421061,-0.000000,-0.234193,-1.781874,0.000001,0.402782,-0.055318,0.000000
artstein_linear,53.600000,1.749021,-0.970013,0.534963,-2.754506,0.000001,0.570334,0.427501,-0.000000,-0.214058,-1.784493,0.000001,0.403352,-0.050792,0.000000
artstein_linear,53.650000,1.759823,-0.950276,0.565927,-2.737162,0.000001,0.565464,0.433887,-0.000000,-0.193895,-1.786886,0.000001,0.403872,-0.046258,0.000000
artstein_linear,53.700000,1.770402,-0.930418,0.596693,-2.719470,0.000001,0.560522,0.440218,-0.000000,-0.173709,-1.789052,0.000001,0.404341,-0.041719,0.000000
artstein_linear,53.750000,1.780757,-0.910442,0.627256,-2.701434,0.000001,0.555509,0.446494,-0.000000,-0.153500,-1.790992,0.000001,0.404759,-0.037175,0.000000
artstein_linear,53.800000,1.790886,-0.890352,0.657614,-2.683056,0.000001,0.550426,0.452713,-0.000000,-0.133273,-1.792704,0.000001,0.405125,-0.032626,0.000000
artstein_linear,53.850000,1.800789,-0.870148,0.687761,-2.664338,0.000001,0.545274,0.458874,-0.000000,-0.113028,-1.794189,0.000001,0.405441,-0.028072,0.000000
artstein_linear,53.900000,1.810464,-0.849835,0.717694,-2.645282,0.000001,0.540053,0.464978,-0.000000,-0.092770,-1.795447,0.000001,0.405705,-0.023515,0.000000
artstein_linear,53.950000,1.819910,-0.829414,0.747410,-2.625890,0.000001,0.534763,0.471023,-0.000000,-0.072500,-1.796477,0.000001,0.405919,-0.018955,0.000000
artstein_linear,54.000000,1.829126,-0.808888,0.776905,-2.606166,0.000001,0.529406,0.477009,-0.000000,-0.052221,-1.797279,0.000001,0.406081,-0.014392,0.000000
artstein_linear,54.050000,1.838110,-0.788259,0.806175,-2.586112,0.000001,0.523982,0.482934,-0.000000,-0.031935,-1.797853,0.000001,0.406192,-0.009828,0.000000
artstein_linear,54.100000,1.846861,-0.767531,0.835215,-2.565730,0.000001,0.518492,0.488798,-0.000000,-0.011646,-1.798199,0.000001,0.406251,-0.005262,-0.000000
artstein_linear,54.150000,1.855379,-0.746706,0.864024,-2.545022,0.000001,0.512937,0.494600,-0.000000,0.008645,-1.798317,0.000001,0.406259,-0.000695,-0.000000
artstein_linear,54.200000,1.863662,-0.725786,0.892596,-2.523992,0.000001,0.507316,0.500340,-0.000000,0.028935,-1.798206,0.000001,0.406216,0.003871,-0.000000
artstein_linear,54.250000,1.871709,-0.704774,0.920929,-2.502642,0.000001,0.501632,0.506016,-0.000000,0.049220,-1.797868,0.000001,0.406122,0.008438,-0.000000
artstein_linear,54.300000,1.879519,-0.683673,0.949019,-2.480975,0.000001,0.495884,0.511629,-0.000000,0.069500,-1.797302,0.000001,0.405977,0.013003,-0.000000
artstein_linear,54.350000,1.887091,-0.662486,0.976861,-2.458994,0.000001,0.490074,0.517176,-0.000000,0.089770,-1.796508,0.000001,0.405780,0.017567,-0.000000
artstein_linear,54.400000,1.894424,-0.641215,1.004454,-2.436700,0.000001,0.484201,0.522658,-0.000000,0.110030,-1.795486,0.000001,0.405532,0.022128,-0.000000
artstein_linear,54.450000,1.901518,-0.619862,1.031793,-2.414098,0.000001,0.478268,0.528075,-0.000000,0.130275,-1.794236,0.000001,0.405233,0.026687,-0.000000
artstein_linear,54.500000,1.908371,-0.598431,1.058874,-2.391190,0.000001,0.472274,0.533424,-0.000000,0.150503,-1.792758,0.000001,0.404882,0.031243,-0.000000
artstein_linear,54.550000,1.914982,-0.576925,1.085695,-2.367978,0.000001,0.466221,0.538706,-0.000000,0.170713,-1.791054,0.000001,0.404481,0.035794,-0.000000
artstein_linear,54.600000,1.921352,-0.555345,1.112252,-2.344467,0.000001,0.460108,0.543919,-0.000000,0.190900,-1.789122,0.000001,0.404028,0.040341,-0.000000
artstein_linear,54.650000,1.927477,-0.533695,1.138541,-2.320658,0.000001,0.453938,0.549064,-0.000000,0.211064,-1.786963,0.000001,0.403525,0.044883,-0.000000
artstein_linear,54.700000,1.933359,-0.511978,1.164560,-2.296555,0.000000,0.447710,0.554140,-0.000000,0.231201,-1.784577,0.000000,0.402970,0.049420,-0.000000
artstein_linear,54.750000,1.938997,-0.490196,1.190305,-2.272161,0.000000,0.441425,0.559145,-0.000000,0.251308,-1.781965,0.000000,0.402365,0.053950,-0.000000
artstein_linear,54.800000,1.944389,-0.468351,1.215772,-2.247478,0.000000,0.435085,0.564079,-0.000000,0.271384,-1.779127,0.000000,0.401709,0.058473,-0.000000
artstein_linear,54.850000,1.949534,-0.446448,1.240959,-2.222511,0.000000,0.428690,0.568943,-0.000000,0.291425,-1.776063,0.000000,0.401002,0.062989,-0.000000
artstein_linear,54.900000,1.954433,-0.424488,1.265863,-2.197262,0.000000,0.422241,0.573734,-0.000000,0.311429,-1.772774,0.000000,0.400245,0.067497,-0.000000
artstein_linear,54.950000,1.959085,-0.402474,1.290479,-2.171734,0.000000,0.415738,0.578452,-0.000000,0.331394,-1.769260,0.000000,0.399437,0.071997,-0.000000
artstein_linear,55.000000,1.963489,-0.380409,1.314806,-2.145931,0.000000,0.409183,0.583098,-0.000000,0.351317,-1.765522,0.000000,0.398578,0.076487,-0.000000
artstein_linear,55.050000,1.967644,-0.358296,1.338840,-2.119856,0.000000,0.402576,0.587669,-0.000000,0.371196,-1.761559,0.000000,0.397670,0.080968,-0.000000
artstein_linear,55.100000,1.971550,-0.336138,1.362578,-2.093512,0.000000,0.395919,0.592166,-0.000000,0.391027,-1.757373,0.000000,0.396711,0.085439,-0.000000
artstein_linear,55.150000,1.975207,-0.313938,1.386016,-2.066902,0.000000,0.389211,0.596589,-0.000000,0.410809,-1.752965,0.000000,0.395702,0.089899,-0.000000
artstein_linear,55.200000,1.978614,-0.291697,1.409153,-2.040031,0.000000,0.382454,0.600935,-0.000000,0.430539,-1.748333,0.000000,0.394643,0.094347,-0.000000
artstein_linear,55.250000,1.981770,-0.269420,1.431985,-2.012900,0.000000,0.375649,0.605206,-0.000000,0.450215,-1.743481,0.000000,0.393534,0.098784,-0.000000
artstein_linear,55.300000,1.984676,-0.247108,1.454509,-1.985514,0.000000,0.368796,0.609400,-0.000000,0.469833,-1.738406,0.000000,0.392375,0.103208,-0.000000
artstein_linear,55.350000,1.987330,-0.224765,1.476722,-1.957877,0.000000,0.361897,0.613517,-0.000000,0.489392,-1.733112,0.000000,0.391167,0.107619,-0.000000
artstein_linear,55.400000,1.989733,-0.202394,1.498622,-1.929991,0.000000,0.354952,0.617556,-0.000000,0.508890,-1.727597,0.000000,0.389910,0.112017,-0.000000
artstein_linear,55.450000,1.991884,-0.179997,1.520206,-1.901861,0.000000,0.347963,0.621517,-0.000000,0.528323,-1.721863,0.000000,0.388603,0.116400,-0.000000
artstein_linear,55.500000,1.993783,-0.157578,1.541471,-1.873489,0.000000,0.340929,0.625400,-0.000000,0.547689,-1.715911,0.000000,0.387248,0.120769,-0.000000
artstein_linear,55.550000,1.995429,-0.135138,1.562415,-1.844879,0.000000,0.333852,0.629203,-0.000000,0.566985,-1.709741,0.000000,0.385843,0.125122,-0.000000
artstein_linear,55.600000,1.996823,-0.112682,1.583034,-1.816036,0.000000,0.326734,0.632927,-0.000000,0.586211,-1.703354,0.000000,0.384390,0.129459,-0.000000
artstein_linear,55.650000,1.997964,-0.090211,1.603326,-1.786962,0.000000,0.319573,0.636571,-0.000000,0.605361,-1.696751,0.000000,0.382888,0.133780,-0.000000
artstein_linear,55.700000,1.998853,-0.067728,1.623289,-1.757661,0.000000,0.312373,0.640133,-0.000000,0.624436,-1.689933,0.000000,0.381337,0.138085,-0.000000
artstein_linear,55.750000,1.999488,-0.045237,1.642920,-1.728137,0.000000,0.305133,0.643615,-0.000000,0.643431,-1.682900,0.000000,0.379739,0.142371,-0.000000
artstein_linear,55.800000,1.999871,-0.022741,1.662216,-1.698394,0.000000,0.297855,0.647016,-0.000000,0.662345,-1.675654,0.000000,0.378093,0.146640,-0.000000
artstein_linear,55.850000,2.000000,-0.000241,1.681176,-1.668436,0.000000,0.290539,0.650334,-0.000000,0.681176,-1.668195,0.000000,0.376398,0.150890,-0.000000
artstein_linear,55.900000,1.999876,0.022258,1.699796,-1.638266,0.000000,0.283186,0.653571,-0.000000,0.699920,-1.660524,0.000000,0.374657,0.155121,-0.000000
artstein_linear,55.950000,1.999499,0.044755,1.718075,-1.607888,0.000000,0.275797,0.656724,-0.000000,0.718576,-1.652643,0.000000,0.372868,0.159333,-0.000000
artstein_linear,56.000000,1.998869,0.067246,1.736010,-1.577306,0.000000,0.268374,0.659795,-0.000000,0.737141,-1.644552,0.000000,0.371032,0.163524,-0.000000
artstein_linear,56.050000,1.997986,0.089729,1.753598,-1.546524,0.000000,0.260917,0.662781,-0.000000,0.755612,-1.636253,0.000000,0.369149,0.167694,-0.000000
artstein_linear,56.100000,1.996850,0.112200,1.770839,-1.515545,0.000000,0.253427,0.665684,-0.000000,0.773988,-1.627745,0.000000,0.367219,0.171844,-0.000000
artstein_linear,56.150000,1.995462,0.134657,1.787728,-1.484375,0.000000,0.245904,0.668503,-0.000000,0.792267,-1.619032,0.000000,0.365243,0.175971,-0.000000
artstein_linear,56.200000,1.993821,0.157097,1.804265,-1.453016,0.000000,0.238351,0.671237,-0.000000,0.810445,-1.610112,0.000000,0.363221,0.180077,-0.000000
artstein_linear,56.250000,1.991927,0.179517,1.820448,-1.421472,0.000000,0.230768,0.673886,-0.000000,0.828521,-1.600989,0.000000,0.361153,0.184159,-0.000000
artstein_linear,56.300000,1.989782,0.201914,1.836273,-1.389748,0.000000,0.223155,0.676450,-0.000000,0.846492,-1.591662,0.000000,0.359039,0.188218,-0.000000
artstein_linear,56.350000,1.987384,0.224286,1.851740,-1.357847,0.000000,0.215515,0.678928,-0.000000,0.864356,-1.582133,0.000000,0.356880,0.192254,-0.000000
artstein_linear,56.400000,1.984735,0.246629,1.866845,-1.325774,0.000000,0.207847,0.681320,-0.000000,0.882110,-1.572404,0.000000,0.354676,0.196265,-0.000000
artstein_linear,56.450000,1.981835,0.268942,1.881589,-1.293533,0.000000,0.200153,0.683626,-0.000000,0.899753,-1.562475,0.000000,0.352428,0.200251,-0.000000
artstein_linear,56.500000,1.978684,0.291220,1.895967,-1.261128,0.000000,0.192434,0.685845,-0.000000,0.917283,-1.552348,0.000000,0.350134,0.204211,-0.000000
artstein_linear,56.550000,1.975283,0.313461,1.909979,-1.228562,0.000000,0.184690,0.687978,-0.000000,0.934696,-1.542023,0.000000,0.347797,0.208146,-0.000000
artstein_linear,56.600000,1.971631,0.335663,1.923623,-1.195841,0.000000,0.176923,0.690023,-0.000000,0.951992,-1.531503,0.000000,0.345415,0.212055,-0.000000
artstein_linear,56.650000,1.967731,0.357822,1.936897,-1.162967,0.000000,0.169134,0.691981,-0.000000,0.969167,-1.520789,0.000000,0.342990,0.215936,-0.000000
artstein_linear,56.700000,1.963581,0.379936,1.949800,-1.129946,0.000000,0.161323,0.693851,-0.000000,0.986219,-1.509881,0.000000,0.340521,0.219791,-0.000000
artstein_linear,56.750000,1.959182,0.402001,1.962329,-1.096781,0.000000,0.153492,0.695634,-0.000000,1.003147,-1.498782,0.000000,0.338010,0.223617,-0.000000
artstein_linear,56.800000,1.954536,0.424016,1.974484,-1.063477,0.000000,0.145642,0.697328,-0.000000,1.019948,-1.487493,0.000000,0.335456,0.227415,-0.000000
artstein_linear,56.850000,1.949642,0.445978,1.986262,-1.030038,0.000000,0.137773,0.698934,-0.000000,1.036620,-1.476015,0.000000,0.332859,0.231185,-0.000000
artstein_linear,56.900000,1.944502,0.467882,1.997663,-0.996468,0.000000,0.129887,0.700452,-0.000000,1.053162,-1.464350,0.000000,0.330220,0.234925,-0.000000
artstein_linear,56.950000,1.939115,0.489728,2.008684,-0.962771,0.000000,0.121985,0.701881,-0.000000,1.069570,-1.452499,0.000000,0.327540,0.238635,-0.000000
artstein_linear,57.000000,1.933483,0.511512,2.019325,-0.928952,0.000000,0.114067,0.703221,-0.000000,1.085842,-1.440463,0.000000,0.324818,0.242315,-0.000000
artstein_linear,57.050000,1.927606,0.533230,2.029584,-0.895015,0.000000,0.106134,0.704472,-0.000000,1.101978,-1.428245,0.000000,0.322055,0.245964,-0.000000
artstein_linear,57.100000,1.921485,0.554882,2.039460,-0.860964,0.000000,0.098189,0.705634,-0.000000,1.117974,-1.415845,0.000000,0.319252,0.249583,-0.000000
artstein_linear,57.150000,1.915122,0.576463,2.048951,-0.826803,0.000000,0.090231,0.706706,-0.000000,1.133829,-1.403266,0.000000,0.316408,0.253169,-0.000000
artstein_linear,57.200000,1.908515,0.597971,2.058056,-0.792537,0.000000,0.082261,0.707689,-0.000000,1.149541,-1.390508,0.000000,0.313524,0.256724,-0.000000
artstein_linear,57.250000,1.901667,0.619404,2.066775,-0.758171,0.000000,0.074282,0.708582,-0.000000,1.165107,-1.377574,0.000000,0.310601,0.260246,-0.000000
artstein_linear,57.300000,1.894579,0.640758,2.075105,-0.723708,0.000000,0.066293,0.709386,-0.000000,1.180526,-1.364466,0.000000,0.307638,0.263735,-0.000000
artstein_linear,57.350000,1.887251,0.662031,2.083047,-0.689153,0.000000,0.058295,0.710100,-0.000000,1.195796,-1.351184,0.000000,0.304636,0.267190,-0.000000
artstein_linear,57.400000,1.879684,0.683220,2.090599,-0.654510,0.000000,0.050290,0.710724,-0.000000,1.210915,-1.337730,0.000000,0.301596,0.270612,-0.000000
artstein_linear,57.450000,1.871879,0.704323,2.097760,-0.619784,0.000000,0.042279,0.711257,-0.000000,1.225881,-1.324107,0.000000,0.298518,0.273999,-0.000000
artstein_linear,57.500000,1.863837,0.725336,2.104528,-0.584979,0.000000,0.034263,0.711701,-0.000000,1.240692,-1.310315,0.000000,0.295402,0.277352,-0.000000
artstein_linear,57.550000,1.855559,0.746258,2.110905,-0.550099,0.000000,0.026242,0.712055,-0.000000,1.255346,-1.296358,0.000000,0.292249,0.280670,-0.000000
artstein_linear,57.600000,1.847046,0.767086,2.116887,-0.515150,0.000000,0.018218,0.712318,-0.000000,1.269841,-1.282235,0.000000,0.289059,0.283951,-0.000000
artstein_linear,57.650000,1.838300,0.787816,2.122476,-0.480134,0.000000,0.010192,0.712491,-0.000000,1.284176,-1.267950,0.000000,0.285832,0.287197,-0.000000
artstein_linear,57.700000,1.829321,0.808446,2.127669,-0.445058,0.000000,0.002164,0.712575,-0.000000,1.298348,-1.253504,0.000000,0.282569,0.290407,-0.000000
artstein_linear,57.750000,1.820110,0.828975,2.132467,-0.409924,0.000000,-0.005863,0.712567,-0.000000,1.312357,-1.238899,0.000000,0.279271,0.293580,-0.000000
artstein_linear,57.800000,1.810669,0.849398,2.136869,-0.374738,0.000000,-0.013890,0.712470,-0.000000,1.326199,-1.224136,0.000000,0.275937,0.296715,-0.000000
artstein_linear,57.850000,1.800999,0.869714,2.140873,-0.339504,0.000000,-0.021916,0.712282,-0.000000,1.339874,-1.209218,0.000000,0.272568,0.299813,-0.000000
artstein_linear,57.900000,1.791101,0.889920,2.144481,-0.304227,0.000000,-0.029938,0.712004,-0.000000,1.353380,-1.194147,0.000000,0.269165,0.302873,-0.000000
artstein_linear,57.950000,1.780976,0.910013,2.147691,-0.268911,0.000000,-0.037957,0.711636,-0.000000,1.366714,-1.178924,0.000000,0.265728,0.305895,-0.000000
artstein_linear,58.000000,1.770626,0.929991,2.150502,-0.233560,0.000000,-0.045970,0.711178,-0.000000,1.379876,-1.163551,0.000000,0.262257,0.308878,-0.000000
artstein_linear,58.050000,1.760052,0.949851,2.152916,-0.198179,0.000000,-0.053978,0.710630,-0.000000,1.392864,-1.148031,0.000000,0.258753,0.311822,-0.000000
artstein_linear,58.100000,1.749255,0.969591,2.154930,-0.162773,0.000000,-0.061979,0.709991,-0.000000,1.405675,-1.132364,0.000000,0.255216,0.314726,-0.000000
artstein_linear,58.150000,1.738237,0.989208,2.156545,-0.127346,0.000000,-0.069972,0.709263,-0.000000,1.418309,-1.116554,0.000000,0.251648,0.317590,-0.000000
artstein_linear,58.200000,1.726998,1.008701,2.157761,-0.091902,0.000000,-0.077957,0.708445,-0.000000,1.430763,-1.100602,0.000000,0.248047,0.320414,-0.000000
artstein_linear,58.250000,1.715541,1.028065,2.158578,-0.056446,0.000000,-0.085931,0.707537,-0.000000,1.443037,-1.084511,0.000000,0.244415,0.323198,-0.000000
artstein_linear,58.300000,1.703867,1.047299,2.158995,-0.020982,0.000000,-0.093894,0.706540,-0.000000,1.455128,-1.068281,0.000000,0.240752,0.325940,-0.000000
artstein_linear,58.350000,1.691978,1.066401,2.159013,0.014485,0.000000,-0.101846,0.705453,-0.000000,1.467035,-1.051916,0.000000,0.237058,0.328641,-0.000000
artstein_linear,58.400000,1.679874,1.085368,2.158631,0.049950,0.000000,-0.109785,0.704277,-0.000000,1.478757,-1.035418,0.000000,0.233335,0.331301,-0.000000
artstein_linear,58.450000,1.667557,1.104198,2.157849,0.085410,0.000000,-0.117710,0.703011,-0.000000,1.490292,-1.018788,0.000000,0.229582,0.333918,-0.000000
artstein_linear,58.500000,1.655030,1.122887,2.156668,0.120859,0.000000,-0.125619,0.701657,-0.000000,1.501639,-1.002028,0.000000,0.225800,0.336493,-0.000000
artstein_linear,58.550000,1.642293,1.141435,2.155088,0.156293,0.000000,-0.133513,0.700214,-0.000000,1.512795,-0.985142,0.000000,0.221990,0.339026,-0.000000
artstein_linear,58.600000,1.629348,1.159838,2.153109,0.191708,0.000000,-0.141390,0.698682,-0.000000,1.523761,-0.968130,0.000000,0.218151,0.341515,-0.000000
artstein_linear,58.650000,1.616197,1.178095,2.150731,0.227100,0.000000,-0.149249,0.697061,-0.000000,1.534534,-0.950995,0.000000,0.214285,0.343962,-0.000000
artstein_linear,58.700000,1.602842,1.196202,2.147955,0.262463,0.000000,-0.157090,0.695352,-0.000000,1.545113,-0.933739,0.000000,0.210392,0.346364,-0.000000
artstein_linear,58.750000,1.589283,1.214158,2.144780,0.297793,0.000000,-0.164910,0.693555,-0.000000,1.555497,-0.916365,0.000000,0.206472,0.348723,-0.000000
artstein_linear,58.800000,1.575524,1.231960,2.141208,0.333086,0.000000,-0.172709,0.691671,-0.000000,1.565684,-0.898874,0.000000,0.202527,0.351038,-0.000000
artstein_linear,58.850000,1.561565,1.249606,2.137238,0.368337,0.000000,-0.180487,0.689698,-0.000000,1.575673,-0.881270,0.000000,0.198555,0.353308,-0.000000
artstein_linear,58.900000,1.547408,1.267094,2.132871,0.403542,0.000000,-0.188242,0.687639,-0.000000,1.585463,-0.863553,0.000000,0.194558,0.355533,-0.000000
artstein_linear,58.950000,1.533056,1.284422,2.128109,0.438696,0.000000,-0.195973,0.685492,-0.000000,1.595053,-0.845726,0.000000,0.190537,0.357714,-0.000000
artstein_linear,59.000000,1.518509,1.301587,2.122950,0.473795,0.000000,-0.203679,0.683258,-0.000000,1.604441,-0.827792,0.000000,0.186492,0.359848,-0.000000
artstein_linear,59.050000,1.503771,1.318588,2.117397,0.508835,0.000000,-0.211359,0.680938,-0.000000,1.613627,-0.809753,0.000000,0.182423,0.361938,-0.000000
artstein_linear,59.100000,1.488842,1.335422,2.111449,0.543810,0.000000,-0.219012,0.678532,-0.000000,1.622608,-0.791611,0.000000,0.178331,0.363981,-0.000000
artstein_linear,59.150000,1.473724,1.352086,2.105108,0.578718,0.000000,-0.226638,0.676039,-0.000000,1.631384,-0.773369,0.000000,0.174217,0.365978,-0.000000
artstein_linear,59.200000,1.458420,1.368580,2.098374,0.613552,0.000000,-0.234235,0.673461,-0.000000,1.639954,-0.755028,0.000000,0.170080,0.367929,-0.000000
artstein_linear,59.250000,1.442932,1.384900,2.091249,0.648309,0.000000,-0.241803,0.670798,-0.000000,1.648317,-0.736591,0.000000,0.165922,0.369834,-0.000000
artstein_linear,59.300000,1.427261,1.401045,2.083732,0.682985,0.000000,-0.249340,0.668049,-0.000000,1.656471,-0.718060,0.000000,0.161743,0.371691,-0.000000
artstein_linear,59.350000,1.411409,1.417013,2.075825,0.717574,-0.000000,-0.256845,0.665217,-0.000000,1.664417,-0.699438,-0.000000,0.157544,0.373501,-0.000000
artstein_linear,59.400000,1.395379,1.432801,2.067530,0.752073,-0.000000,-0.264318,0.662299,-0.000000,1.672151,-0.680728,-0.000000,0.153324,0.375264,-0.000000
artstein_linear,59.450000,1.379172,1.448408,2.058846,0.786478,-0.000000,-0.271757,0.659298,-0.000000,1.679675,-0.661930,-0.000000,0.149085,0.376980,-0.000000
artstein_linear,59.500000,1.362790,1.463832,2.049776,0.820783,-0.000000,-0.279162,0.656214,-0.000000,1.686986,-0.643049,-0.000000,0.144828,0.378647,-0.000000
artstein_linear,59.550000,1.346236,1.479070,2.040319,0.854984,-0.000000,-0.286532,0.653046,-0.000000,1.694083,-0.624086,-0.000000,0.140552,0.380267,-0.000000
artstein_linear,59.600000,1.329512,1.494121,2.030479,0.889078,-0.000000,-0.293865,0.649796,-0.000000,1.700967,-0.605043,-0.000000,0.136258,0.381838,-0.000000
artstein_linear,59.650000,1.312619,1.508984,2.020255,0.923060,-0.000000,-0.301161,0.646463,-0.000000,1.707636,-0.585924,-0.000000,0.131947,0.383361,-0.000000
artstein_linear,59.700000,1.295560,1.523655,2.009649,0.956925,-0.000000,-0.308419,0.643048,-0.000000,1.714089,-0.566730,-0.000000,0.127619,0.384836,-0.000000
artstein_linear,59.750000,1.278338,1.538133,1.998662,0.990669,-0.000000,-0.315638,0.639552,-0.000000,1.720325,-0.547464,-0.000000,0.123276,0.386261,-0.000000
artstein_linear,59.800000,1.260953,1.552417,1.987296,1.024289,-0.000000,-0.322817,0.635975,-0.000000,1.726343,-0.528128,-0.000000,0.118916,0.387638,-0.000000
artstein_linear,59.850000,1.243409,1.566504,1.975553,1.057779,-0.000000,-0.329955,0.632317,-0.000000,1.732144,-0.508725,-0.000000,0.114542,0.388966,-0.000000
artstein_linear,59.900000,1.225707,1.580393,1.963433,1.091135,-0.000000,-0.337052,0.628579,-0.000000,1.737725,-0.489257,-0.000000,0.110153,0.390244,-0.000000
artstein_linear,59.950000,1.207851,1.594082,1.950938,1.124354,-0.000000,-0.344106,0.624762,-0.000000,1.743087,-0.469727,-0.000000,0.105750,0.391473,-0.000000
artstein_linear,60.000000,1.189841,1.607569,1.938070,1.157431,-0.000000,-0.351116,0.620865,-0.000000,1.748229,-0.450138,-0.000000,0.101334,0.392652,-0.000000
artstein_linear,60.050000,1.171681,1.620853,1.924831,1.190362,-0.000000,-0.358082,0.616890,-0.000000,1.753149,-0.430491,-0.000000,0.096905,0.393781,-0.000000
