time_s,leader_x_m,leader_y_m,leader_vx_map_ms,leader_vy_map_ms,leader_v_ms,leader_yaw_rad,leader_omega_rads,follower_x_m,follower_y_m,follower_vx_map_ms,follower_vy_map_ms,follower_v_ms,follower_yaw_rad,follower_omega_rads,distance_m
0.0006,0.1813,1.7844,-0.2620,-0.1576,0.3058,0.0867,0.0058,-2.0559,1.8996,0.4002,-0.0510,0.4034,-0.1100,0.0134,2.2401
0.0098,0.1784,1.7828,-0.2630,-0.1581,0.3069,0.0851,0.0089,-2.0519,1.8990,0.3999,-0.0510,0.4031,-0.1091,0.0079,2.2333
0.0101,0.1762,1.7817,-0.2651,-0.1591,0.3092,0.0841,0.0120,-2.0488,1.8985,0.4016,-0.0515,0.4049,-0.1079,0.0065,2.2281
0.0202,0.1733,1.7799,-0.2659,-0.1590,0.3098,0.0826,0.0122,-2.0448,1.8979,0.4011,-0.0517,0.4044,-0.1054,0.0084,2.2212
0.0204,0.1709,1.7786,-0.2684,-0.1597,0.3123,0.0814,0.0095,-2.0414,1.8974,0.4011,-0.0517,0.4044,-0.1039,0.0084,2.2155
0.0402,0.1685,1.7771,-0.2700,-0.1599,0.3137,0.0798,0.0094,-2.0380,1.8969,0.4044,-0.0525,0.4078,-0.1027,0.0082,2.2097
0.0405,0.1663,1.7759,-0.2700,-0.1599,0.3137,0.0783,0.0094,-2.0349,1.8966,0.4051,-0.0527,0.4085,-0.1015,0.0078,2.2046
0.0601,0.1639,1.7745,-0.2723,-0.1600,0.3159,0.0764,-0.0026,-2.0316,1.8961,0.4052,-0.0527,0.4086,-0.1007,0.0078,2.1988
0.0604,0.1611,1.7729,-0.2723,-0.1600,0.3159,0.0729,-0.0026,-2.0278,1.8955,0.4052,-0.0527,0.4086,-0.0977,0.0078,2.1923
0.0697,0.1585,1.7715,-0.2747,-0.1608,0.3183,0.0703,-0.0072,-2.0244,1.8949,0.4052,-0.0532,0.4087,-0.0952,0.0094,2.1864
0.0699,0.1562,1.7702,-0.2747,-0.1608,0.3183,0.0687,-0.0072,-2.0210,1.8944,0.4052,-0.0532,0.4087,-0.0939,0.0094,2.1807
0.0903,0.1539,1.7690,-0.2770,-0.1627,0.3213,0.0674,-0.0074,-2.0177,1.8940,0.4058,-0.0539,0.4094,-0.0924,0.0060,2.1752
0.0906,0.1512,1.7675,-0.2770,-0.1627,0.3213,0.0652,-0.0074,-2.0140,1.8935,0.4058,-0.0539,0.4094,-0.0909,0.0060,2.1689
0.1002,0.1491,1.7664,-0.2785,-0.1644,0.3234,0.0635,0.0015,-2.0108,1.8930,0.4068,-0.0540,0.4103,-0.0889,0.0038,2.1636
0.1005,0.1462,1.7647,-0.2785,-0.1644,0.3234,0.0604,0.0015,-2.0070,1.8924,0.4068,-0.0540,0.4103,-0.0861,0.0038,2.1570
0.1202,0.1438,1.7634,-0.2807,-0.1663,0.3263,0.0587,0.0117,-2.0037,1.8920,0.4076,-0.0545,0.4112,-0.0829,0.0088,2.1514
0.1205,0.1413,1.7621,-0.2807,-0.1663,0.3263,0.0563,0.0117,-2.0001,1.8916,0.4076,-0.0545,0.4112,-0.0810,0.0088,2.1453
0.1401,0.1388,1.7609,-0.2831,-0.1671,0.3288,0.0545,0.0168,-1.9969,1.8912,0.4086,-0.0551,0.4123,-0.0788,0.0100,2.1397
0.1404,0.1364,1.7597,-0.2831,-0.1671,0.3288,0.0527,0.0168,-1.9935,1.8908,0.4092,-0.0552,0.4129,-0.0770,0.0096,2.1339
0.1499,0.1340,1.7584,-0.2850,-0.1665,0.3301,0.0510,0.0161,-1.9902,1.8904,0.4089,-0.0553,0.4126,-0.0752,0.0098,2.1283
0.1504,0.1314,1.7571,-0.2850,-0.1665,0.3301,0.0489,0.0161,-1.9867,1.8898,0.4089,-0.0553,0.4126,-0.0731,0.0098,2.1223
0.1702,0.1289,1.7558,-0.2869,-0.1658,0.3314,0.0471,0.0135,-1.9832,1.8892,0.4088,-0.0559,0.4126,-0.0709,0.0113,2.1163
0.1705,0.1266,1.7546,-0.2869,-0.1658,0.3314,0.0458,0.0135,-1.9800,1.8886,0.4088,-0.0559,0.4126,-0.0683,0.0113,2.1109
0.1904,0.1222,1.7520,-0.2883,-0.1653,0.3323,0.0441,-0.0040,-1.9766,1.8881,0.4085,-0.0567,0.4124,-0.0659,0.0135,2.1031
0.1907,0.1222,1.7520,-0.2883,-0.1653,0.3323,0.0441,-0.0040,-1.9737,1.8877,0.4085,-0.0567,0.4124,-0.0635,0.0135,2.1002
0.2001,0.1195,1.7503,-0.2883,-0.1652,0.3323,0.0426,-0.0053,-1.9697,1.8872,0.4078,-0.0570,0.4118,-0.0614,0.0130,2.0937
0.2006,0.1172,1.7487,-0.2883,-0.1652,0.3323,0.0413,-0.0053,-1.9664,1.8868,0.4099,-0.0573,0.4139,-0.0590,0.0107,2.0882
0.2204,0.1122,1.7458,-0.2904,-0.1673,0.3351,0.0371,0.0015,-1.9627,1.8863,0.4095,-0.0575,0.4136,-0.0567,0.0100,2.0797
0.2209,0.1122,1.7458,-0.2904,-0.1673,0.3351,0.0371,0.0015,-1.9594,1.8859,0.4103,-0.0578,0.4143,-0.0541,0.0105,2.0764
0.2403,0.1100,1.7447,-0.2903,-0.1673,0.3350,0.0350,0.0026,-1.9562,1.8855,0.4096,-0.0578,0.4137,-0.0528,0.0099,2.0710
0.2406,0.1073,1.7433,-0.2903,-0.1673,0.3350,0.0332,0.0026,-1.9528,1.8850,0.4096,-0.0578,0.4137,-0.0499,0.0099,2.0649
0.2502,0.1050,1.7421,-0.2913,-0.1671,0.3358,0.0318,0.0023,-1.9495,1.8845,0.4091,-0.0579,0.4132,-0.0483,0.0117,2.0594
0.2506,0.1025,1.7407,-0.2913,-0.1671,0.3358,0.0297,0.0023,-1.9460,1.8841,0.4091,-0.0579,0.4132,-0.0463,0.0117,2.0535
0.2702,0.1003,1.7394,-0.2918,-0.1667,0.3361,0.0282,0.0006,-1.9427,1.8836,0.4095,-0.0581,0.4136,-0.0438,0.0107,2.0481
0.2707,0.0978,1.7380,-0.2921,-0.1667,0.3363,0.0270,0.0004,-1.9391,1.8831,0.4101,-0.0584,0.4142,-0.0405,0.0113,2.0421
0.2901,0.0956,1.7368,-0.2917,-0.1666,0.3359,0.0259,0.0008,-1.9359,1.8827,0.4102,-0.0584,0.4144,-0.0373,0.0114,2.0368
0.2905,0.0934,1.7356,-0.2917,-0.1666,0.3359,0.0247,0.0008,-1.9324,1.8822,0.4102,-0.0584,0.4144,-0.0328,0.0114,2.0311
0.3005,0.0885,1.7328,-0.2910,-0.1661,0.3351,0.0218,0.0032,-1.9294,1.8818,0.4098,-0.0580,0.4139,-0.0298,0.0103,2.0234
0.3008,0.0885,1.7328,-0.2910,-0.1661,0.3351,0.0218,0.0032,-1.9255,1.8812,0.4090,-0.0580,0.4131,-0.0265,0.0095,2.0194
0.3200,0.0862,1.7315,-0.2923,-0.1667,0.3365,0.0206,0.0046,-1.9224,1.8808,0.4107,-0.0580,0.4148,-0.0235,0.0091,2.0142
0.3203,0.0841,1.7303,-0.2923,-0.1667,0.3365,0.0196,0.0046,-1.9191,1.8804,0.4107,-0.0580,0.4148,-0.0216,0.0091,2.0088
0.3402,0.0814,1.7288,-0.2914,-0.1652,0.3350,0.0188,0.0038,-1.9153,1.8799,0.4093,-0.0576,0.4133,-0.0184,0.0062,2.0024
0.3408,0.0794,1.7277,-0.2914,-0.1652,0.3350,0.0184,0.0038,-1.9125,1.8795,0.4093,-0.0576,0.4133,-0.0147,0.0062,1.9976
0.3500,0.0768,1.7263,-0.2914,-0.1645,0.3346,0.0177,-0.0011,-1.9087,1.8790,0.4092,-0.0574,0.4132,-0.0107,0.0035,1.9913
0.3504,0.0748,1.7251,-0.2914,-0.1645,0.3346,0.0173,-0.0011,-1.9055,1.8786,0.4091,-0.0575,0.4131,-0.0073,0.0037,1.9863
0.3704,0.0725,1.7237,-0.2910,-0.1640,0.3340,0.0169,-0.0038,-1.9020,1.8782,0.4091,-0.0575,0.4131,-0.0034,0.0055,1.9806
0.3709,0.0705,1.7225,-0.2910,-0.1640,0.3340,0.0165,-0.0038,-1.8989,1.8779,0.4093,-0.0574,0.4133,-0.0003,0.0041,1.9755
0.3900,0.0683,1.7211,-0.2906,-0.1642,0.3338,0.0160,-0.0027,-1.8952,1.8776,0.4096,-0.0573,0.4136,0.0022,0.0036,1.9698
0.3903,0.0661,1.7198,-0.2896,-0.1637,0.3327,0.0155,-0.0012,-1.8920,1.8772,0.4096,-0.0569,0.4136,0.0067,-0.0011,1.9645
0.4000,0.0638,1.7184,-0.2891,-0.1635,0.3321,0.0148,0.0006,-1.8885,1.8768,0.4097,-0.0567,0.4136,0.0101,0.0005,1.9587
0.4003,0.0612,1.7169,-0.2891,-0.1635,0.3321,0.0139,0.0006,-1.8849,1.8764,0.4097,-0.0566,0.4136,0.0134,0.0010,1.9527
0.4201,0.0591,1.7156,-0.2889,-0.1629,0.3316,0.0125,0.0026,-1.8817,1.8760,0.4095,-0.0565,0.4134,0.0171,0.0006,1.9474
0.4204,0.0570,1.7144,-0.2889,-0.1629,0.3316,0.0108,0.0026,-1.8784,1.8757,0.4091,-0.0563,0.4129,0.0196,-0.0009,1.9422
0.4299,0.0551,1.7133,-0.2874,-0.1615,0.3296,0.0093,-0.0038,-1.8753,1.8753,0.4084,-0.0558,0.4122,0.0220,-0.0023,1.9372
0.4400,0.0527,1.7118,-0.2865,-0.1609,0.3286,0.0074,-0.0055,-1.8715,1.8748,0.4080,-0.0557,0.4118,0.0253,-0.0025,1.9311
0.4403,0.0509,1.7108,-0.2862,-0.1608,0.3283,0.0067,-0.0091,-1.8687,1.8744,0.4086,-0.0558,0.4123,0.0282,-0.0024,1.9266
0.4600,0.0485,1.7095,-0.2848,-0.1601,0.3267,0.0059,-0.0116,-1.8649,1.8739,0.4076,-0.0555,0.4113,0.0317,-0.0022,1.9205
0.4701,0.0465,1.7083,-0.2840,-0.1598,0.3259,0.0052,-0.0144,-1.8619,1.8734,0.4079,-0.0553,0.4116,0.0351,-0.0045,1.9155
0.4704,0.0443,1.7071,-0.2840,-0.1598,0.3259,0.0044,-0.0144,-1.8585,1.8728,0.4079,-0.0553,0.4116,0.0388,-0.0045,1.9100
0.4898,0.0423,1.7059,-0.2835,-0.1598,0.3254,0.0038,-0.0154,-1.8551,1.8723,0.4082,-0.0556,0.4120,0.0408,-0.0038,1.9047
0.4900,0.0400,1.7045,-0.2835,-0.1598,0.3254,0.0032,-0.0154,-1.8515,1.8717,0.4082,-0.0556,0.4120,0.0449,-0.0038,1.8989
0.5003,0.0379,1.7031,-0.2825,-0.1598,0.3246,0.0020,-0.0086,-1.8477,1.8712,0.4088,-0.0558,0.4126,0.0479,-0.0043,1.8931
0.5005,0.0359,1.7018,-0.2811,-0.1595,0.3231,0.0009,-0.0064,-1.8444,1.8707,0.4084,-0.0556,0.4121,0.0505,-0.0072,1.8879
0.5201,0.0337,1.7004,-0.2806,-0.1598,0.3229,0.0004,-0.0029,-1.8407,1.8702,0.4089,-0.0557,0.4126,0.0531,-0.0087,1.8820
0.5204,0.0317,1.6992,-0.2806,-0.1598,0.3229,-0.0005,-0.0029,-1.8375,1.8697,0.4082,-0.0553,0.4119,0.0548,-0.0093,1.8769
0.5401,0.0296,1.6978,-0.2785,-0.1588,0.3206,-0.0016,0.0063,-1.8341,1.8691,0.4078,-0.0553,0.4115,0.0575,-0.0081,1.8716
0.5404,0.0276,1.6967,-0.2785,-0.1588,0.3206,-0.0021,0.0063,-1.8310,1.8686,0.4078,-0.0553,0.4115,0.0598,-0.0081,1.8666
0.5500,0.0258,1.6956,-0.2775,-0.1584,0.3195,-0.0027,0.0093,-1.8281,1.8682,0.4078,-0.0559,0.4116,0.0614,-0.0004,1.8619
0.5504,0.0235,1.6941,-0.2775,-0.1584,0.3195,-0.0038,0.0093,-1.8242,1.8674,0.4070,-0.0559,0.4109,0.0629,0.0024,1.8558
0.5701,0.0216,1.6930,-0.2752,-0.1577,0.3172,-0.0044,0.0086,-1.8209,1.8668,0.4073,-0.0563,0.4112,0.0646,0.0102,1.8507
0.5705,0.0195,1.6917,-0.2752,-0.1577,0.3172,-0.0054,0.0086,-1.8173,1.8661,0.4070,-0.0562,0.4109,0.0668,0.0098,1.8450
0.5799,0.0175,1.6906,-0.2734,-0.1570,0.3153,-0.0063,0.0073,-1.8138,1.8655,0.4075,-0.0566,0.4114,0.0681,0.0130,1.8397
0.5898,0.0154,1.6894,-0.2727,-0.1568,0.3145,-0.0070,0.0052,-1.8100,1.8648,0.4079,-0.0570,0.4118,0.0704,0.0128,1.8338
0.5901,0.0136,1.6885,-0.2727,-0.1568,0.3145,-0.0071,0.0052,-1.8067,1.8643,0.4080,-0.0573,0.4120,0.0710,0.0139,1.8288
0.6100,0.0114,1.6871,-0.2709,-0.1558,0.3125,-0.0075,-0.0072,-1.8029,1.8637,0.4081,-0.0574,0.4121,0.0727,0.0130,1.8228
0.6104,0.0096,1.6860,-0.2709,-0.1558,0.3125,-0.0081,-0.0072,-1.7996,1.8631,0.4082,-0.0576,0.4122,0.0731,0.0087,1.8178
0.6301,0.0078,1.6849,-0.2685,-0.1549,0.3100,-0.0086,-0.0129,-1.7963,1.8624,0.4083,-0.0578,0.4124,0.0742,0.0067,1.8128
0.6305,0.0059,1.6837,-0.2685,-0.1549,0.3100,-0.0091,-0.0129,-1.7931,1.8617,0.4076,-0.0582,0.4118,0.0743,0.0078,1.8078
0.6400,0.0036,1.6821,-0.2660,-0.1544,0.3075,-0.0097,-0.0134,-1.7894,1.8608,0.4075,-0.0589,0.4117,0.0746,0.0084,1.8019
0.6403,0.0018,1.6810,-0.2660,-0.1544,0.3075,-0.0102,-0.0134,-1.7865,1.8602,0.4075,-0.0589,0.4117,0.0746,0.0084,1.7972
0.6599,-0.0003,1.6796,-0.2643,-0.1549,0.3064,-0.0109,-0.0119,-1.7828,1.8594,0.4075,-0.0603,0.4120,0.0752,0.0121,1.7916
0.6699,-0.0025,1.6781,-0.2636,-0.1552,0.3058,-0.0115,-0.0087,-1.7795,1.8585,0.4076,-0.0608,0.4122,0.0756,0.0126,1.7861
0.6703,-0.0041,1.6771,-0.2636,-0.1552,0.3058,-0.0120,-0.0087,-1.7762,1.8578,0.4076,-0.0608,0.4122,0.0759,0.0126,1.7813
0.6801,-0.0062,1.6757,-0.2613,-0.1549,0.3038,-0.0132,0.0033,-1.7726,1.8567,0.4076,-0.0617,0.4122,0.0762,0.0146,1.7757
0.6806,-0.0079,1.6746,-0.2613,-0.1549,0.3038,-0.0141,0.0033,-1.7692,1.8560,0.4079,-0.0628,0.4127,0.0766,0.0167,1.7706
0.7002,-0.0095,1.6736,-0.2601,-0.1548,0.3027,-0.0146,0.0036,-1.7663,1.8552,0.4090,-0.0635,0.4139,0.0776,0.0158,1.7662
0.7005,-0.0114,1.6723,-0.2601,-0.1548,0.3027,-0.0151,0.0036,-1.7624,1.8543,0.4090,-0.0635,0.4139,0.0791,0.0158,1.7604
0.7206,-0.0132,1.6711,-0.2571,-0.1528,0.2991,-0.0156,0.0006,-1.7592,1.8533,0.4080,-0.0650,0.4132,0.0802,0.0167,1.7555
0.7208,-0.0148,1.6700,-0.2571,-0.1528,0.2991,-0.0161,0.0006,-1.7559,1.8525,0.4080,-0.0650,0.4132,0.0804,0.0167,1.7506
0.7303,-0.0165,1.6689,-0.2542,-0.1517,0.2960,-0.0164,-0.0067,-1.7529,1.8515,0.4071,-0.0669,0.4126,0.0806,0.0106,1.7461
0.7309,-0.0184,1.6675,-0.2529,-0.1516,0.2949,-0.0167,-0.0078,-1.7492,1.8503,0.4066,-0.0679,0.4122,0.0808,0.0090,1.7404
0.7500,-0.0200,1.6662,-0.2513,-0.1516,0.2935,-0.0171,-0.0076,-1.7462,1.8492,0.4071,-0.0693,0.4129,0.0811,0.0097,1.7358
0.7504,-0.0216,1.6650,-0.2513,-0.1516,0.2935,-0.0174,-0.0076,-1.7429,1.8482,0.4067,-0.0706,0.4128,0.0814,0.0087,1.7311
0.7701,-0.0232,1.6638,-0.2481,-0.1513,0.2906,-0.0176,-0.0059,-1.7397,1.8472,0.4062,-0.0717,0.4125,0.0817,0.0097,1.7263
0.7704,-0.0251,1.6624,-0.2481,-0.1513,0.2906,-0.0178,-0.0059,-1.7361,1.8460,0.4060,-0.0729,0.4125,0.0824,0.0086,1.7208
0.7800,-0.0268,1.6612,-0.2459,-0.1514,0.2888,-0.0178,-0.0054,-1.7328,1.8451,0.4060,-0.0741,0.4127,0.0829,0.0085,1.7159
0.7803,-0.0285,1.6600,-0.2459,-0.1514,0.2888,-0.0178,-0.0054,-1.7296,1.8440,0.4060,-0.0741,0.4127,0.0831,0.0085,1.7110
0.8004,-0.0304,1.6587,-0.2438,-0.1512,0.2869,-0.0178,-0.0053,-1.7263,1.8430,0.4056,-0.0764,0.4127,0.0829,0.0061,1.7059
0.8008,-0.0320,1.6576,-0.2438,-0.1512,0.2869,-0.0177,-0.0053,-1.7235,1.8419,0.4061,-0.0776,0.4135,0.0828,0.0058,1.7015
0.8202,-0.0336,1.6564,-0.2410,-0.1503,0.2840,-0.0177,-0.0056,-1.7203,1.8408,0.4039,-0.0787,0.4115,0.0827,0.0062,1.6967
0.8205,-0.0355,1.6549,-0.2397,-0.1502,0.2829,-0.0178,-0.0058,-1.7170,1.8396,0.4044,-0.0798,0.4122,0.0827,0.0048,1.6916
0.8301,-0.0375,1.6535,-0.2393,-0.1508,0.2828,-0.0180,-0.0057,-1.7133,1.8383,0.4042,-0.0816,0.4124,0.0826,0.0032,1.6860
0.8306,-0.0391,1.6523,-0.2393,-0.1508,0.2828,-0.0180,-0.0057,-1.7104,1.8373,0.4042,-0.0816,0.4124,0.0826,0.0032,1.6816
0.8503,-0.0411,1.6508,-0.2369,-0.1508,0.2808,-0.0179,-0.0027,-1.7065,1.8359,0.4041,-0.0845,0.4129,0.0826,-0.0000,1.6757
0.8507,-0.0425,1.6497,-0.2369,-0.1508,0.2808,-0.0179,-0.0027,-1.7036,1.8348,0.4041,-0.0845,0.4129,0.0826,-0.0000,1.6713
0.8699,-0.0444,1.6482,-0.2347,-0.1509,0.2790,-0.0178,-0.0009,-1.6999,1.8334,0.4040,-0.0876,0.4134,0.0826,-0.0031,1.6659
0.8702,-0.0460,1.6469,-0.2347,-0.1509,0.2790,-0.0178,-0.0009,-1.6968,1.8321,0.4040,-0.0876,0.4134,0.0827,-0.0031,1.6611
0.8798,-0.0475,1.6457,-0.2330,-0.1511,0.2777,-0.0178,-0.0017,-1.6935,1.8309,0.4042,-0.0916,0.4145,0.0827,-0.0080,1.6563
0.8801,-0.0492,1.6443,-0.2330,-0.1511,0.2777,-0.0178,-0.0017,-1.6902,1.8294,0.4042,-0.0916,0.4145,0.0827,-0.0080,1.6514
0.8998,-0.0508,1.6430,-0.2307,-0.1509,0.2757,-0.0178,-0.0025,-1.6868,1.8281,0.4036,-0.0956,0.4148,0.0827,-0.0099,1.6464
0.9097,-0.0527,1.6413,-0.2291,-0.1508,0.2742,-0.0177,-0.0024,-1.6831,1.8265,0.4035,-0.0975,0.4151,0.0827,-0.0117,1.6409
0.9100,-0.0527,1.6413,-0.2291,-0.1508,0.2742,-0.0177,-0.0024,-1.6799,1.8254,0.4037,-0.0998,0.4159,0.0828,-0.0116,1.6376
0.9198,-0.0558,1.6386,-0.2263,-0.1510,0.2720,-0.0176,-0.0042,-1.6764,1.8239,0.4035,-0.1014,0.4160,0.0829,-0.0116,1.6311
0.9200,-0.0575,1.6372,-0.2263,-0.1510,0.2720,-0.0175,-0.0042,-1.6729,1.8224,0.4035,-0.1014,0.4160,0.0829,-0.0116,1.6260
0.9402,-0.0593,1.6355,-0.2251,-0.1521,0.2717,-0.0169,-0.0043,-1.6694,1.8207,0.4048,-0.1058,0.4184,0.0829,-0.0136,1.6208
0.9404,-0.0607,1.6342,-0.2240,-0.1527,0.2711,-0.0167,-0.0020,-1.6666,1.8195,0.4042,-0.1081,0.4184,0.0829,-0.0136,1.6166
0.9601,-0.0622,1.6327,-0.2230,-0.1533,0.2706,-0.0164,0.0012,-1.6635,1.8181,0.4042,-0.1098,0.4189,0.0828,-0.0169,1.6120
0.9604,-0.0641,1.6310,-0.2215,-0.1536,0.2696,-0.0158,0.0054,-1.6599,1.8163,0.4028,-0.1116,0.4180,0.0828,-0.0134,1.6066
0.9700,-0.0656,1.6294,-0.2210,-0.1548,0.2698,-0.0149,0.0083,-1.6566,1.8148,0.4040,-0.1142,0.4198,0.0828,-0.0128,1.6018
0.9703,-0.0670,1.6279,-0.2199,-0.1554,0.2693,-0.0139,0.0073,-1.6532,1.8132,0.4038,-0.1160,0.4201,0.0828,-0.0129,1.5970
0.9900,-0.0684,1.6265,-0.2187,-0.1559,0.2686,-0.0133,0.0058,-1.6498,1.8117,0.4037,-0.1181,0.4206,0.0829,-0.0122,1.5922
0.9903,-0.0698,1.6250,-0.2187,-0.1559,0.2686,-0.0125,0.0058,-1.6463,1.8102,0.4035,-0.1200,0.4210,0.0830,-0.0123,1.5873
1.0002,-0.0711,1.6235,-0.2153,-0.1562,0.2660,-0.0121,0.0011,-1.6429,1.8087,0.4029,-0.1219,0.4209,0.0832,-0.0113,1.5826
1.0202,-0.0728,1.6218,-0.2141,-0.1566,0.2653,-0.0120,-0.0031,-1.6392,1.8069,0.4030,-0.1241,0.4217,0.0835,-0.0096,1.5773
1.0208,-0.0741,1.6205,-0.2141,-0.1566,0.2653,-0.0119,-0.0031,-1.6362,1.8056,0.4029,-0.1268,0.4224,0.0836,-0.0111,1.5731
1.0303,-0.0757,1.6187,-0.2115,-0.1574,0.2636,-0.0119,-0.0134,-1.6328,1.8040,0.4026,-0.1283,0.4225,0.0837,-0.0096,1.5681
1.0306,-0.0773,1.6171,-0.2106,-0.1582,0.2634,-0.0120,-0.0146,-1.6294,1.8023,0.4027,-0.1303,0.4232,0.0837,-0.0104,1.5632
1.0502,-0.0790,1.6154,-0.2097,-0.1592,0.2633,-0.0121,-0.0161,-1.6263,1.8007,0.4032,-0.1326,0.4245,0.0836,-0.0114,1.5584
1.0504,-0.0805,1.6138,-0.2097,-0.1592,0.2633,-0.0121,-0.0161,-1.6229,1.7991,0.4032,-0.1326,0.4245,0.0836,-0.0114,1.5535
1.0601,-0.0820,1.6121,-0.2079,-0.1607,0.2628,-0.0121,-0.0106,-1.6197,1.7974,0.4026,-0.1366,0.4252,0.0830,-0.0183,1.5488
1.0604,-0.0836,1.6104,-0.2079,-0.1607,0.2628,-0.0120,-0.0106,-1.6162,1.7956,0.4026,-0.1366,0.4252,0.0821,-0.0183,1.5437
1.0802,-0.0850,1.6089,-0.2062,-0.1627,0.2627,-0.0118,-0.0036,-1.6134,1.7940,0.4022,-0.1410,0.4262,0.0813,-0.0188,1.5396
1.0901,-0.0876,1.6058,-0.2050,-0.1634,0.2622,-0.0111,-0.0011,-1.6103,1.7922,0.4008,-0.1430,0.4255,0.0791,-0.0165,1.5340
1.0903,-0.0876,1.6058,-0.2050,-0.1634,0.2622,-0.0111,-0.0011,-1.6078,1.7908,0.3994,-0.1452,0.4250,0.0786,-0.0176,1.5314
1.1102,-0.0891,1.6040,-0.2025,-0.1654,0.2615,-0.0105,0.0086,-1.6049,1.7890,0.3978,-0.1471,0.4241,0.0770,-0.0170,1.5271
1.1106,-0.0903,1.6025,-0.2025,-0.1654,0.2615,-0.0102,0.0086,-1.6025,1.7875,0.3959,-0.1493,0.4231,0.0763,-0.0158,1.5236
1.1201,-0.0916,1.6007,-0.1997,-0.1671,0.2604,-0.0098,0.0110,-1.6000,1.7858,0.3940,-0.1511,0.4220,0.0763,-0.0123,1.5198
1.1204,-0.0930,1.5988,-0.1997,-0.1671,0.2604,-0.0093,0.0110,-1.5972,1.7840,0.3940,-0.1511,0.4220,0.0760,-0.0123,1.5156
1.1400,-0.0943,1.5971,-0.1977,-0.1696,0.2605,-0.0090,0.0080,-1.5943,1.7824,0.3918,-0.1555,0.4215,0.0760,-0.0068,1.5115
1.1404,-0.0957,1.5953,-0.1977,-0.1696,0.2605,-0.0085,0.0080,-1.5913,1.7808,0.3918,-0.1555,0.4215,0.0760,-0.0068,1.5070
1.1502,-0.0969,1.5937,-0.1950,-0.1713,0.2596,-0.0080,0.0056,-1.5883,1.7794,0.3904,-0.1589,0.4214,0.0761,-0.0070,1.5029
1.1505,-0.0983,1.5918,-0.1950,-0.1713,0.2596,-0.0076,0.0056,-1.5850,1.7778,0.3904,-0.1589,0.4214,0.0756,-0.0070,1.4983
1.1702,-0.0996,1.5899,-0.1916,-0.1727,0.2579,-0.0073,-0.0028,-1.5818,1.7763,0.3890,-0.1614,0.4212,0.0745,-0.0133,1.4939
1.1802,-0.1008,1.5881,-0.1911,-0.1744,0.2587,-0.0073,-0.0052,-1.5790,1.7748,0.3888,-0.1631,0.4216,0.0732,-0.0222,1.4899
1.1808,-0.1017,1.5867,-0.1911,-0.1744,0.2587,-0.0074,-0.0052,-1.5768,1.7736,0.3888,-0.1631,0.4216,0.0718,-0.0222,1.4869
1.2001,-0.1031,1.5847,-0.1876,-0.1758,0.2571,-0.0075,-0.0044,-1.5739,1.7718,0.3848,-0.1648,0.4186,0.0692,-0.0285,1.4827
1.2006,-0.1046,1.5827,-0.1876,-0.1758,0.2571,-0.0075,-0.0044,-1.5713,1.7699,0.3847,-0.1668,0.4193,0.0653,-0.0267,1.4786
1.2100,-0.1058,1.5809,-0.1864,-0.1792,0.2585,-0.0075,-0.0012,-1.5690,1.7683,0.3822,-0.1687,0.4178,0.0624,-0.0245,1.4751
1.2103,-0.1071,1.5792,-0.1864,-0.1792,0.2585,-0.0075,-0.0012,-1.5665,1.7666,0.3804,-0.1700,0.4166,0.0598,-0.0194,1.4715
1.2300,-0.1083,1.5772,-0.1844,-0.1816,0.2588,-0.0074,0.0021,-1.5639,1.7650,0.3786,-0.1716,0.4157,0.0580,-0.0163,1.4677
1.2304,-0.1093,1.5754,-0.1844,-0.1816,0.2588,-0.0072,0.0021,-1.5614,1.7634,0.3786,-0.1716,0.4157,0.0568,-0.0163,1.4642
1.2400,-0.1105,1.5735,-0.1819,-0.1842,0.2588,-0.0070,0.0029,-1.5585,1.7617,0.3756,-0.1738,0.4139,0.0561,-0.0160,1.4602
1.2500,-0.1116,1.5716,-0.1810,-0.1855,0.2592,-0.0069,0.0026,-1.5555,1.7599,0.3754,-0.1751,0.4142,0.0543,-0.0138,1.4561
1.2505,-0.1125,1.5700,-0.1810,-0.1855,0.2592,-0.0069,0.0026,-1.5529,1.7586,0.3754,-0.1751,0.4142,0.0530,-0.0138,1.4527
1.2704,-0.1138,1.5679,-0.1786,-0.1876,0.2590,-0.0069,0.0017,-1.5499,1.7568,0.3736,-0.1771,0.4135,0.0510,-0.0142,1.4485
1.2707,-0.1147,1.5662,-0.1786,-0.1876,0.2590,-0.0070,0.0017,-1.5472,1.7552,0.3725,-0.1785,0.4131,0.0480,-0.0150,1.4449
1.2901,-0.1158,1.5644,-0.1759,-0.1900,0.2590,-0.0070,-0.0002,-1.5446,1.7536,0.3712,-0.1798,0.4125,0.0462,-0.0165,1.4413
1.2906,-0.1170,1.5625,-0.1746,-0.1912,0.2589,-0.0073,-0.0011,-1.5421,1.7517,0.3700,-0.1809,0.4118,0.0422,-0.0174,1.4377
1.3001,-0.1181,1.5606,-0.1732,-0.1925,0.2590,-0.0078,-0.0027,-1.5399,1.7500,0.3684,-0.1825,0.4111,0.0388,-0.0228,1.4344
1.3005,-0.1192,1.5587,-0.1732,-0.1925,0.2590,-0.0083,-0.0027,-1.5377,1.7481,0.3684,-0.1825,0.4111,0.0347,-0.0228,1.4310
1.3201,-0.1204,1.5566,-0.1712,-0.1953,0.2597,-0.0091,-0.0032,-1.5354,1.7462,0.3652,-0.1854,0.4095,0.0299,-0.0263,1.4276
1.3205,-0.1214,1.5548,-0.1712,-0.1953,0.2597,-0.0099,-0.0032,-1.5333,1.7444,0.3652,-0.1854,0.4095,0.0256,-0.0263,1.4245
1.3298,-0.1224,1.5530,-0.1678,-0.1973,0.2590,-0.0109,-0.0036,-1.5312,1.7426,0.3602,-0.1878,0.4062,0.0210,-0.0163,1.4214
1.3303,-0.1235,1.5511,-0.1678,-0.1973,0.2590,-0.0116,-0.0036,-1.5287,1.7406,0.3585,-0.1893,0.4054,0.0164,-0.0154,1.4179
1.3502,-0.1245,1.5494,-0.1650,-0.1995,0.2588,-0.0125,-0.0042,-1.5266,1.7390,0.3555,-0.1906,0.4034,0.0129,-0.0087,1.4149
1.3508,-0.1254,1.5476,-0.1650,-0.1995,0.2588,-0.0137,-0.0042,-1.5243,1.7371,0.3539,-0.1917,0.4025,0.0091,-0.0073,1.4117
1.3701,-0.1265,1.5457,-0.1621,-0.2013,0.2584,-0.0148,-0.0036,-1.5219,1.7351,0.3512,-0.1926,0.4005,0.0060,-0.0050,1.4082
1.3706,-0.1276,1.5439,-0.1611,-0.2025,0.2588,-0.0158,-0.0035,-1.5199,1.7332,0.3497,-0.1941,0.4000,0.0024,-0.0044,1.4051
1.3901,-0.1289,1.5419,-0.1602,-0.2037,0.2591,-0.0170,-0.0033,-1.5175,1.7308,0.3473,-0.1954,0.3985,-0.0018,-0.0037,1.4014
1.3906,-0.1298,1.5401,-0.1602,-0.2037,0.2591,-0.0178,-0.0033,-1.5158,1.7289,0.3473,-0.1954,0.3985,-0.0036,-0.0037,1.3988
1.4001,-0.1308,1.5382,-0.1581,-0.2057,0.2595,-0.0187,-0.0007,-1.5135,1.7268,0.3420,-0.1984,0.3953,-0.0050,-0.0010,1.3955
1.4005,-0.1316,1.5364,-0.1581,-0.2057,0.2595,-0.0196,-0.0007,-1.5114,1.7248,0.3420,-0.1984,0.3953,-0.0062,-0.0010,1.3926
1.4204,-0.1334,1.5327,-0.1551,-0.2074,0.2590,-0.0224,0.0003,-1.5087,1.7223,0.3371,-0.2012,0.3925,-0.0079,-0.0017,1.3883
1.4206,-0.1334,1.5327,-0.1551,-0.2074,0.2590,-0.0224,0.0003,-1.5066,1.7204,0.3352,-0.2032,0.3920,-0.0101,-0.0030,1.3860
1.4399,-0.1343,1.5308,-0.1519,-0.2091,0.2584,-0.0242,0.0004,-1.5042,1.7182,0.3326,-0.2040,0.3902,-0.0131,-0.0004,1.3827
1.4402,-0.1343,1.5308,-0.1519,-0.2091,0.2584,-0.0242,0.0004,-1.5020,1.7161,0.3326,-0.2040,0.3902,-0.0164,-0.0004,1.3801
1.4498,-0.1361,1.5271,-0.1490,-0.2104,0.2578,-0.0262,0.0000,-1.4999,1.7140,0.3294,-0.2069,0.3890,-0.0193,0.0031,1.3766
1.4500,-0.1371,1.5252,-0.1490,-0.2104,0.2578,-0.0268,0.0000,-1.4978,1.7116,0.3294,-0.2069,0.3890,-0.0241,0.0031,1.3734
1.4702,-0.1379,1.5236,-0.1461,-0.2115,0.2570,-0.0279,-0.0010,-1.4962,1.7096,0.3243,-0.2094,0.3860,-0.0272,0.0030,1.3710
1.4705,-0.1391,1.5215,-0.1461,-0.2115,0.2570,-0.0296,-0.0010,-1.4943,1.7069,0.3208,-0.2104,0.3836,-0.0338,0.0055,1.3678
1.4801,-0.1400,1.5197,-0.1441,-0.2129,0.2571,-0.0309,-0.0028,-1.4928,1.7048,0.3179,-0.2125,0.3824,-0.0364,0.0050,1.3654
1.4804,-0.1410,1.5177,-0.1441,-0.2129,0.2571,-0.0332,-0.0028,-1.4909,1.7023,0.3179,-0.2125,0.3824,-0.0380,0.0050,1.3624
1.5001,-0.1419,1.5160,-0.1425,-0.2146,0.2576,-0.0346,-0.0014,-1.4893,1.7002,0.3108,-0.2158,0.3784,-0.0383,0.0008,1.3599
1.5004,-0.1429,1.5140,-0.1415,-0.2151,0.2574,-0.0358,0.0001,-1.4870,1.6976,0.3073,-0.2169,0.3761,-0.0381,-0.0009,1.3566
1.5201,-0.1439,1.5121,-0.1402,-0.2156,0.2572,-0.0374,0.0020,-1.4848,1.6950,0.3043,-0.2186,0.3747,-0.0375,0.0047,1.3533
1.5204,-0.1449,1.5102,-0.1397,-0.2167,0.2579,-0.0386,0.0034,-1.4825,1.6926,0.3028,-0.2212,0.3750,-0.0373,0.0070,1.3500
1.5403,-0.1458,1.5083,-0.1385,-0.2170,0.2575,-0.0400,0.0030,-1.4802,1.6902,0.3005,-0.2229,0.3742,-0.0373,0.0120,1.3467
1.5405,-0.1468,1.5064,-0.1385,-0.2170,0.2575,-0.0413,0.0030,-1.4779,1.6878,0.3005,-0.2229,0.3742,-0.0373,0.0120,1.3434
1.5499,-0.1478,1.5044,-0.1356,-0.2179,0.2566,-0.0430,-0.0029,-1.4756,1.6853,0.2967,-0.2257,0.3728,-0.0385,0.0118,1.3401
1.5502,-0.1486,1.5028,-0.1347,-0.2186,0.2568,-0.0442,-0.0087,-1.4739,1.6832,0.2944,-0.2274,0.3720,-0.0410,0.0105,1.3375
1.5703,-0.1493,1.5012,-0.1334,-0.2187,0.2562,-0.0451,-0.0145,-1.4724,1.6812,0.2916,-0.2284,0.3704,-0.0430,0.0076,1.3352
1.5705,-0.1505,1.4989,-0.1334,-0.2187,0.2562,-0.0461,-0.0145,-1.4699,1.6784,0.2916,-0.2284,0.3704,-0.0453,0.0076,1.3315
1.5801,-0.1515,1.4968,-0.1310,-0.2199,0.2560,-0.0466,-0.0195,-1.4678,1.6759,0.2871,-0.2312,0.3686,-0.0458,-0.0049,1.3284
1.5804,-0.1524,1.4949,-0.1310,-0.2199,0.2560,-0.0471,-0.0195,-1.4657,1.6736,0.2871,-0.2312,0.3686,-0.0465,-0.0049,1.3254
1.6002,-0.1534,1.4928,-0.1296,-0.2217,0.2568,-0.0474,-0.0193,-1.4636,1.6709,0.2842,-0.2344,0.3684,-0.0475,-0.0133,1.3223
1.6004,-0.1543,1.4908,-0.1296,-0.2217,0.2568,-0.0476,-0.0193,-1.4618,1.6683,0.2842,-0.2344,0.3684,-0.0495,-0.0133,1.3195
1.6200,-0.1550,1.4891,-0.1280,-0.2232,0.2573,-0.0478,-0.0171,-1.4604,1.6660,0.2815,-0.2383,0.3689,-0.0513,-0.0053,1.3173
1.6203,-0.1558,1.4872,-0.1269,-0.2233,0.2568,-0.0482,-0.0159,-1.4588,1.6633,0.2793,-0.2395,0.3680,-0.0532,-0.0026,1.3148
1.6301,-0.1568,1.4852,-0.1256,-0.2232,0.2561,-0.0488,-0.0145,-1.4570,1.6604,0.2769,-0.2413,0.3673,-0.0543,0.0004,1.3120
1.6305,-0.1576,1.4834,-0.1256,-0.2232,0.2561,-0.0490,-0.0145,-1.4555,1.6579,0.2746,-0.2441,0.3674,-0.0548,0.0024,1.3096
1.6501,-0.1585,1.4814,-0.1237,-0.2239,0.2558,-0.0492,-0.0164,-1.4535,1.6553,0.2716,-0.2457,0.3662,-0.0551,0.0043,1.3067
1.6504,-0.1595,1.4794,-0.1237,-0.2239,0.2558,-0.0494,-0.0164,-1.4515,1.6527,0.2694,-0.2483,0.3664,-0.0553,0.0036,1.3036
1.6703,-0.1613,1.4754,-0.1224,-0.2248,0.2559,-0.0493,-0.0168,-1.4495,1.6502,0.2670,-0.2502,0.3659,-0.0557,-0.0021,1.3000
1.6705,-0.1613,1.4754,-0.1224,-0.2248,0.2559,-0.0493,-0.0168,-1.4473,1.6474,0.2670,-0.2502,0.3659,-0.0566,-0.0021,1.2974
1.6803,-0.1621,1.4735,-0.1209,-0.2254,0.2557,-0.0492,-0.0177,-1.4454,1.6450,0.2634,-0.2546,0.3664,-0.0577,-0.0010,1.2947
1.6806,-0.1628,1.4715,-0.1209,-0.2254,0.2557,-0.0491,-0.0177,-1.4437,1.6424,0.2628,-0.2571,0.3676,-0.0599,-0.0004,1.2922
1.7003,-0.1636,1.4695,-0.1195,-0.2263,0.2559,-0.0491,-0.0184,-1.4419,1.6397,0.2606,-0.2587,0.3672,-0.0621,-0.0069,1.2896
1.7006,-0.1644,1.4675,-0.1195,-0.2263,0.2559,-0.0491,-0.0184,-1.4405,1.6371,0.2606,-0.2587,0.3672,-0.0649,-0.0069,1.2873
1.7203,-0.1653,1.4652,-0.1171,-0.2269,0.2554,-0.0491,-0.0190,-1.4391,1.6342,0.2570,-0.2624,0.3673,-0.0683,-0.0102,1.2849
1.7207,-0.1660,1.4634,-0.1165,-0.2280,0.2560,-0.0490,-0.0157,-1.4380,1.6317,0.2550,-0.2649,0.3677,-0.0709,-0.0073,1.2831
1.7301,-0.1669,1.4613,-0.1154,-0.2276,0.2552,-0.0490,-0.0143,-1.4369,1.6287,0.2517,-0.2666,0.3667,-0.0737,-0.0041,1.2809
1.7305,-0.1676,1.4594,-0.1154,-0.2276,0.2552,-0.0490,-0.0143,-1.4359,1.6260,0.2491,-0.2694,0.3670,-0.0770,-0.0028,1.2791
1.7503,-0.1684,1.4573,-0.1143,-0.2282,0.2552,-0.0489,-0.0138,-1.4346,1.6231,0.2452,-0.2713,0.3657,-0.0788,-0.0033,1.2770
1.7506,-0.1689,1.4556,-0.1135,-0.2285,0.2552,-0.0488,-0.0138,-1.4335,1.6206,0.2419,-0.2737,0.3652,-0.0792,-0.0031,1.2753
1.7701,-0.1696,1.4536,-0.1129,-0.2289,0.2552,-0.0486,-0.0139,-1.4320,1.6178,0.2388,-0.2761,0.3650,-0.0792,-0.0049,1.2730
1.7705,-0.1704,1.4514,-0.1129,-0.2289,0.2552,-0.0480,-0.0139,-1.4304,1.6148,0.2388,-0.2761,0.3650,-0.0795,-0.0049,1.2706
1.7800,-0.1710,1.4494,-0.1112,-0.2295,0.2550,-0.0477,-0.0134,-1.4289,1.6122,0.2336,-0.2806,0.3651,-0.0806,-0.0113,1.2685
1.7803,-0.1718,1.4471,-0.1112,-0.2295,0.2550,-0.0475,-0.0134,-1.4274,1.6092,0.2336,-0.2806,0.3651,-0.0817,-0.0113,1.2661
1.7999,-0.1724,1.4450,-0.1096,-0.2307,0.2554,-0.0474,-0.0097,-1.4262,1.6062,0.2294,-0.2851,0.3659,-0.0833,-0.0118,1.2641
1.8003,-0.1732,1.4429,-0.1096,-0.2307,0.2554,-0.0473,-0.0097,-1.4249,1.6034,0.2294,-0.2851,0.3659,-0.0849,-0.0118,1.2620
1.8099,-0.1737,1.4409,-0.1079,-0.2316,0.2555,-0.0473,-0.0056,-1.4237,1.6006,0.2255,-0.2896,0.3671,-0.0856,-0.0091,1.2601
1.8104,-0.1744,1.4386,-0.1079,-0.2316,0.2555,-0.0474,-0.0056,-1.4223,1.5972,0.2255,-0.2896,0.3671,-0.0864,-0.0091,1.2578
1.8304,-0.1750,1.4367,-0.1061,-0.2323,0.2554,-0.0473,-0.0008,-1.4211,1.5943,0.2220,-0.2945,0.3688,-0.0869,-0.0064,1.2561
1.8401,-0.1756,1.4345,-0.1051,-0.2326,0.2552,-0.0473,-0.0013,-1.4196,1.5911,0.2201,-0.2965,0.3693,-0.0875,0.0011,1.2538
1.8406,-0.1760,1.4327,-0.1051,-0.2326,0.2552,-0.0472,-0.0013,-1.4185,1.5885,0.2182,-0.2991,0.3702,-0.0877,-0.0009,1.2522
1.8600,-0.1765,1.4305,-0.1031,-0.2333,0.2551,-0.0472,-0.0035,-1.4170,1.5852,0.2163,-0.3010,0.3706,-0.0881,-0.0022,1.2500
1.8605,-0.1769,1.4286,-0.1022,-0.2343,0.2556,-0.0472,-0.0056,-1.4156,1.5825,0.2147,-0.3038,0.3720,-0.0884,-0.0043,1.2482
1.8702,-0.1774,1.4263,-0.1008,-0.2343,0.2550,-0.0470,-0.0069,-1.4142,1.5795,0.2126,-0.3052,0.3720,-0.0890,-0.0046,1.2462
1.8799,-0.1781,1.4239,-0.0996,-0.2351,0.2554,-0.0469,-0.0082,-1.4127,1.5763,0.2113,-0.3072,0.3729,-0.0898,-0.0060,1.2440
1.8803,-0.1785,1.4219,-0.0983,-0.2359,0.2555,-0.0469,-0.0104,-1.4115,1.5735,0.2098,-0.3091,0.3735,-0.0907,-0.0113,1.2422
1.9003,-0.1796,1.4175,-0.0967,-0.2374,0.2563,-0.0466,-0.0122,-1.4101,1.5701,0.2086,-0.3109,0.3744,-0.0922,-0.0114,1.2399
1.9005,-0.1796,1.4175,-0.0967,-0.2374,0.2563,-0.0466,-0.0122,-1.4090,1.5673,0.2069,-0.3134,0.3755,-0.0930,-0.0127,1.2385
1.9200,-0.1801,1.4152,-0.0959,-0.2378,0.2565,-0.0466,-0.0123,-1.4077,1.5641,0.2049,-0.3149,0.3757,-0.0941,-0.0133,1.2366
1.9203,-0.1804,1.4132,-0.0948,-0.2382,0.2564,-0.0465,-0.0102,-1.4066,1.5614,0.2021,-0.3163,0.3753,-0.0947,-0.0160,1.2352
1.9300,-0.1808,1.4108,-0.0940,-0.2390,0.2569,-0.0465,-0.0081,-1.4053,1.5580,0.2000,-0.3182,0.3758,-0.0957,-0.0162,1.2333
1.9303,-0.1813,1.4086,-0.0931,-0.2401,0.2575,-0.0465,-0.0066,-1.4041,1.5549,0.1978,-0.3205,0.3766,-0.0963,-0.0178,1.2315
1.9499,-0.1817,1.4067,-0.0923,-0.2407,0.2578,-0.0465,-0.0058,-1.4029,1.5520,0.1958,-0.3224,0.3772,-0.0968,-0.0178,1.2298
1.9502,-0.1822,1.4043,-0.0923,-0.2407,0.2578,-0.0463,-0.0058,-1.4014,1.5486,0.1958,-0.3224,0.3772,-0.0974,-0.0178,1.2277
1.9598,-0.1827,1.4021,-0.0902,-0.2418,0.2580,-0.0462,-0.0044,-1.3999,1.5455,0.1927,-0.3260,0.3787,-0.0984,-0.0159,1.2257
1.9600,-0.1831,1.4000,-0.0902,-0.2418,0.2580,-0.0461,-0.0044,-1.3985,1.5425,0.1927,-0.3260,0.3787,-0.0999,-0.0159,1.2238
1.9801,-0.1834,1.3978,-0.0879,-0.2430,0.2584,-0.0460,-0.0010,-1.3972,1.5395,0.1915,-0.3290,0.3806,-0.1013,-0.0149,1.2221
1.9900,-0.1840,1.3935,-0.0867,-0.2437,0.2587,-0.0459,0.0006,-1.3957,1.5360,0.1911,-0.3306,0.3818,-0.1035,-0.0137,1.2201
1.9902,-0.1840,1.3935,-0.0867,-0.2437,0.2587,-0.0459,0.0006,-1.3948,1.5335,0.1911,-0.3306,0.3818,-0.1046,-0.0137,1.2188
2.0100,-0.1844,1.3910,-0.0843,-0.2449,0.2590,-0.0459,0.0051,-1.3934,1.5300,0.1890,-0.3335,0.3833,-0.1065,-0.0113,1.2170
2.0103,-0.1848,1.3890,-0.0843,-0.2449,0.2590,-0.0456,0.0051,-1.3924,1.5270,0.1872,-0.3351,0.3839,-0.1076,-0.0194,1.2155
2.0201,-0.1852,1.3868,-0.0816,-0.2463,0.2595,-0.0454,0.0061,-1.3913,1.5237,0.1848,-0.3360,0.3835,-0.1092,-0.0230,1.2139
2.0205,-0.1856,1.3846,-0.0816,-0.2463,0.2595,-0.0450,0.0061,-1.3901,1.5204,0.1825,-0.3377,0.3838,-0.1111,-0.0272,1.2122
2.0401,-0.1860,1.3822,-0.0795,-0.2475,0.2599,-0.0443,0.0085,-1.3889,1.5172,0.1801,-0.3396,0.3844,-0.1129,-0.0248,1.2104
2.0404,-0.1863,1.3801,-0.0795,-0.2475,0.2599,-0.0439,0.0085,-1.3877,1.5142,0.1781,-0.3412,0.3849,-0.1148,-0.0241,1.2088
2.0602,-0.1866,1.3779,-0.0769,-0.2486,0.2602,-0.0435,0.0146,-1.3864,1.5110,0.1759,-0.3422,0.3848,-0.1166,-0.0257,1.2072
2.0605,-0.1868,1.3759,-0.0769,-0.2486,0.2602,-0.0430,0.0146,-1.3853,1.5079,0.1759,-0.3422,0.3848,-0.1181,-0.0257,1.2057
2.0701,-0.1871,1.3736,-0.0750,-0.2507,0.2617,-0.0426,0.0183,-1.3840,1.5048,0.1741,-0.3467,0.3880,-0.1201,-0.0249,1.2041
2.0704,-0.1874,1.3713,-0.0750,-0.2507,0.2617,-0.0421,0.0183,-1.3827,1.5016,0.1717,-0.3473,0.3874,-0.1232,-0.0166,1.2024
2.0901,-0.1876,1.3691,-0.0717,-0.2510,0.2610,-0.0416,0.0208,-1.3815,1.4986,0.1702,-0.3486,0.3880,-0.1249,-0.0092,1.2009
2.0904,-0.1879,1.3667,-0.0717,-0.2510,0.2610,-0.0409,0.0208,-1.3802,1.4953,0.1685,-0.3500,0.3884,-0.1265,-0.0061,1.1992
2.1002,-0.1881,1.3646,-0.0691,-0.2523,0.2616,-0.0404,0.0223,-1.3790,1.4922,0.1668,-0.3513,0.3888,-0.1276,-0.0073,1.1977
2.1005,-0.1883,1.3624,-0.0691,-0.2523,0.2616,-0.0400,0.0223,-1.3780,1.4891,0.1655,-0.3523,0.3892,-0.1291,-0.0109,1.1964
2.1203,-0.1884,1.3601,-0.0666,-0.2534,0.2620,-0.0394,0.0213,-1.3768,1.4860,0.1647,-0.3539,0.3903,-0.1308,-0.0105,1.1951
2.1206,-0.1885,1.3579,-0.0666,-0.2534,0.2620,-0.0389,0.0213,-1.3756,1.4828,0.1639,-0.3546,0.3907,-0.1323,-0.0140,1.1936
2.1398,-0.1886,1.3558,-0.0635,-0.2546,0.2624,-0.0383,0.0225,-1.3745,1.4797,0.1629,-0.3552,0.3908,-0.1329,-0.0208,1.1923
2.1401,-0.1887,1.3536,-0.0635,-0.2546,0.2624,-0.0377,0.0225,-1.3732,1.4766,0.1629,-0.3552,0.3908,-0.1331,-0.0208,1.1909
2.1600,-0.1889,1.3511,-0.0605,-0.2557,0.2628,-0.0369,0.0246,-1.3717,1.4731,0.1606,-0.3575,0.3919,-0.1344,-0.0212,1.1891
2.1604,-0.1891,1.3490,-0.0605,-0.2557,0.2628,-0.0364,0.0246,-1.3706,1.4702,0.1595,-0.3592,0.3930,-0.1363,-0.0139,1.1876
2.1701,-0.1894,1.3467,-0.0577,-0.2571,0.2635,-0.0356,0.0259,-1.3694,1.4670,0.1579,-0.3600,0.3930,-0.1378,-0.0105,1.1862
2.1705,-0.1897,1.3442,-0.0577,-0.2571,0.2635,-0.0350,0.0259,-1.3682,1.4638,0.1579,-0.3600,0.3930,-0.1396,-0.0105,1.1846
2.1901,-0.1899,1.3420,-0.0552,-0.2585,0.2644,-0.0345,0.0302,-1.3671,1.4606,0.1544,-0.3625,0.3940,-0.1406,-0.0111,1.1832
2.1904,-0.1901,1.3397,-0.0552,-0.2585,0.2644,-0.0341,0.0302,-1.3659,1.4574,0.1531,-0.3636,0.3946,-0.1417,-0.0084,1.1817
2.1998,-0.1903,1.3373,-0.0529,-0.2597,0.2650,-0.0337,0.0354,-1.3646,1.4540,0.1520,-0.3646,0.3950,-0.1433,-0.0068,1.1801
2.2002,-0.1905,1.3349,-0.0529,-0.2597,0.2650,-0.0334,0.0354,-1.3633,1.4507,0.1520,-0.3646,0.3950,-0.1464,-0.0068,1.1785
2.2201,-0.1907,1.3328,-0.0504,-0.2605,0.2653,-0.0329,0.0349,-1.3623,1.4476,0.1515,-0.3671,0.3971,-0.1485,-0.0038,1.1772
2.2205,-0.1909,1.3305,-0.0504,-0.2605,0.2653,-0.0325,0.0349,-1.3613,1.4444,0.1515,-0.3671,0.3971,-0.1500,-0.0038,1.1759
2.2399,-0.1910,1.3287,-0.0480,-0.2615,0.2659,-0.0320,0.0330,-1.3605,1.4417,0.1511,-0.3687,0.3984,-0.1510,-0.0028,1.1749
2.2404,-0.1912,1.3261,-0.0480,-0.2615,0.2659,-0.0317,0.0330,-1.3591,1.4382,0.1507,-0.3686,0.3982,-0.1523,-0.0042,1.1733
2.2499,-0.1913,1.3240,-0.0455,-0.2624,0.2663,-0.0316,0.0341,-1.3580,1.4350,0.1509,-0.3699,0.3995,-0.1533,-0.0093,1.1720
2.2501,-0.1913,1.3218,-0.0455,-0.2624,0.2663,-0.0314,0.0341,-1.3565,1.4316,0.1509,-0.3699,0.3995,-0.1542,-0.0093,1.1704
2.2701,-0.1914,1.3197,-0.0434,-0.2637,0.2672,-0.0312,0.0337,-1.3552,1.4285,0.1510,-0.3723,0.4017,-0.1550,-0.0100,1.1689
2.2705,-0.1915,1.3176,-0.0434,-0.2637,0.2672,-0.0309,0.0337,-1.3539,1.4254,0.1510,-0.3723,0.4017,-0.1570,-0.0100,1.1674
2.2902,-0.1917,1.3133,-0.0396,-0.2632,0.2662,-0.0303,0.0290,-1.3527,1.4223,0.1500,-0.3737,0.4026,-0.1588,-0.0029,1.1662
2.2903,-0.1917,1.3133,-0.0396,-0.2632,0.2662,-0.0303,0.0290,-1.3516,1.4192,0.1493,-0.3737,0.4025,-0.1608,-0.0002,1.1648
2.3000,-0.1919,1.3109,-0.0385,-0.2634,0.2662,-0.0300,0.0278,-1.3504,1.4158,0.1491,-0.3740,0.4027,-0.1618,0.0035,1.1633
2.3005,-0.1921,1.3088,-0.0385,-0.2634,0.2662,-0.0295,0.0278,-1.3494,1.4128,0.1491,-0.3740,0.4027,-0.1625,0.0035,1.1620
2.3203,-0.1923,1.3063,-0.0366,-0.2641,0.2666,-0.0287,0.0222,-1.3482,1.4093,0.1486,-0.3756,0.4040,-0.1636,0.0037,1.1605
2.3208,-0.1925,1.3042,-0.0357,-0.2647,0.2671,-0.0282,0.0226,-1.3471,1.4061,0.1482,-0.3757,0.4039,-0.1642,0.0034,1.1591
2.3400,-0.1926,1.3019,-0.0350,-0.2650,0.2673,-0.0275,0.0240,-1.3459,1.4028,0.1480,-0.3764,0.4044,-0.1649,-0.0051,1.1577
2.3403,-0.1928,1.2998,-0.0350,-0.2650,0.2673,-0.0269,0.0240,-1.3448,1.3997,0.1480,-0.3764,0.4044,-0.1656,-0.0051,1.1563
2.3501,-0.1929,1.2977,-0.0335,-0.2659,0.2680,-0.0264,0.0284,-1.3438,1.3966,0.1474,-0.3777,0.4054,-0.1660,-0.0082,1.1551
2.3505,-0.1931,1.2953,-0.0335,-0.2659,0.2680,-0.0258,0.0284,-1.3425,1.3931,0.1464,-0.3772,0.4046,-0.1667,-0.0060,1.1536
2.3703,-0.1932,1.2931,-0.0323,-0.2664,0.2684,-0.0252,0.0333,-1.3413,1.3898,0.1463,-0.3787,0.4060,-0.1672,-0.0056,1.1521
2.3708,-0.1933,1.2909,-0.0316,-0.2664,0.2683,-0.0249,0.0346,-1.3402,1.3866,0.1458,-0.3794,0.4065,-0.1677,-0.0049,1.1508
2.3902,-0.1934,1.2889,-0.0305,-0.2661,0.2679,-0.0247,0.0354,-1.3393,1.3835,0.1450,-0.3794,0.4062,-0.1683,-0.0017,1.1498
2.3906,-0.1934,1.2865,-0.0305,-0.2661,0.2679,-0.0244,0.0354,-1.3381,1.3800,0.1450,-0.3794,0.4062,-0.1690,-0.0017,1.1485
2.3999,-0.1935,1.2846,-0.0285,-0.2659,0.2674,-0.0242,0.0367,-1.3372,1.3768,0.1439,-0.3803,0.4066,-0.1694,0.0029,1.1474
2.4002,-0.1935,1.2822,-0.0285,-0.2659,0.2674,-0.0240,0.0367,-1.3359,1.3733,0.1439,-0.3803,0.4066,-0.1699,0.0029,1.1459
2.4204,-0.1936,1.2801,-0.0269,-0.2659,0.2673,-0.0237,0.0347,-1.3345,1.3701,0.1436,-0.3816,0.4078,-0.1702,0.0107,1.1444
2.4207,-0.1937,1.2779,-0.0264,-0.2662,0.2675,-0.0234,0.0324,-1.3331,1.3670,0.1443,-0.3825,0.4088,-0.1707,0.0110,1.1429
2.4403,-0.1938,1.2757,-0.0257,-0.2658,0.2671,-0.0232,0.0322,-1.3317,1.3637,0.1444,-0.3820,0.4084,-0.1717,0.0120,1.1413
2.4409,-0.1939,1.2734,-0.0257,-0.2658,0.2671,-0.0231,0.0322,-1.3305,1.3606,0.1444,-0.3820,0.4084,-0.1726,0.0120,1.1399
2.4498,-0.1940,1.2710,-0.0245,-0.2666,0.2677,-0.0230,0.0344,-1.3293,1.3573,0.1448,-0.3829,0.4093,-0.1741,0.0155,1.1385
2.4501,-0.1941,1.2689,-0.0245,-0.2666,0.2677,-0.0229,0.0344,-1.3283,1.3543,0.1443,-0.3827,0.4090,-0.1758,0.0153,1.1375
2.4703,-0.1941,1.2665,-0.0228,-0.2662,0.2672,-0.0229,0.0347,-1.3274,1.3509,0.1432,-0.3825,0.4084,-0.1774,0.0145,1.1364
2.4705,-0.1942,1.2646,-0.0228,-0.2662,0.2672,-0.0229,0.0347,-1.3267,1.3482,0.1432,-0.3825,0.4084,-0.1779,0.0145,1.1357
2.4903,-0.1942,1.2623,-0.0216,-0.2664,0.2672,-0.0230,0.0333,-1.3258,1.3448,0.1410,-0.3826,0.4077,-0.1781,0.0061,1.1346
2.4908,-0.1943,1.2601,-0.0216,-0.2664,0.2672,-0.0231,0.0333,-1.3248,1.3416,0.1410,-0.3826,0.4077,-0.1779,0.0061,1.1335
2.5001,-0.1943,1.2581,-0.0205,-0.2667,0.2675,-0.0231,0.0299,-1.3237,1.3385,0.1398,-0.3837,0.4084,-0.1776,-0.0012,1.1323
2.5005,-0.1943,1.2560,-0.0205,-0.2667,0.2675,-0.0233,0.0299,-1.3224,1.3354,0.1398,-0.3837,0.4084,-0.1775,-0.0012,1.1309
2.5302,-0.1943,1.2539,-0.0190,-0.2659,0.2666,-0.0235,0.0283,-1.3209,1.3323,0.1401,-0.3831,0.4079,-0.1776,-0.0018,1.1293
2.5306,-0.1943,1.2515,-0.0190,-0.2659,0.2666,-0.0241,0.0283,-1.3195,1.3291,0.1401,-0.3831,0.4079,-0.1783,-0.0018,1.1279
2.5400,-0.1943,1.2493,-0.0175,-0.2660,0.2666,-0.0245,0.0266,-1.3183,1.3261,0.1412,-0.3826,0.4078,-0.1789,-0.0063,1.1266
2.5403,-0.1943,1.2470,-0.0175,-0.2660,0.2666,-0.0251,0.0266,-1.3171,1.3227,0.1412,-0.3826,0.4078,-0.1801,-0.0063,1.1253
2.5498,-0.1944,1.2449,-0.0161,-0.2662,0.2667,-0.0254,0.0251,-1.3160,1.3197,0.1411,-0.3830,0.4082,-0.1816,-0.0046,1.1241
2.5501,-0.1944,1.2427,-0.0161,-0.2662,0.2667,-0.0259,0.0251,-1.3150,1.3165,0.1411,-0.3830,0.4082,-0.1826,-0.0046,1.1230
2.5701,-0.1944,1.2406,-0.0151,-0.2662,0.2667,-0.0262,0.0252,-1.3139,1.3132,0.1406,-0.3828,0.4078,-0.1829,-0.0029,1.1219
2.5705,-0.1944,1.2383,-0.0151,-0.2662,0.2667,-0.0264,0.0252,-1.3129,1.3100,0.1402,-0.3831,0.4080,-0.1826,-0.0038,1.1208
2.5798,-0.1944,1.2363,-0.0141,-0.2661,0.2664,-0.0267,0.0239,-1.3119,1.3070,0.1395,-0.3833,0.4079,-0.1824,-0.0065,1.1197
2.5800,-0.1945,1.2340,-0.0141,-0.2661,0.2664,-0.0270,0.0239,-1.3109,1.3038,0.1395,-0.3833,0.4079,-0.1823,-0.0065,1.1186
2.6001,-0.1945,1.2316,-0.0131,-0.2653,0.2656,-0.0271,0.0235,-1.3097,1.3005,0.1387,-0.3829,0.4072,-0.1822,-0.0060,1.1174
2.6004,-0.1945,1.2294,-0.0127,-0.2659,0.2662,-0.0272,0.0251,-1.3085,1.2976,0.1386,-0.3833,0.4076,-0.1818,-0.0055,1.1161
2.6202,-0.1946,1.2272,-0.0125,-0.2660,0.2663,-0.0274,0.0282,-1.3072,1.2945,0.1389,-0.3831,0.4075,-0.1812,-0.0067,1.1146
2.6204,-0.1947,1.2250,-0.0125,-0.2660,0.2663,-0.0275,0.0282,-1.3059,1.2916,0.1393,-0.3829,0.4075,-0.1808,-0.0090,1.1132
2.6301,-0.1948,1.2228,-0.0123,-0.2657,0.2660,-0.0274,0.0305,-1.3046,1.2885,0.1394,-0.3823,0.4069,-0.1804,-0.0131,1.1118
2.6304,-0.1948,1.2207,-0.0123,-0.2657,0.2660,-0.0273,0.0305,-1.3034,1.2855,0.1394,-0.3823,0.4069,-0.1803,-0.0131,1.1105
2.6600,-0.1949,1.2184,-0.0122,-0.2659,0.2662,-0.0273,0.0328,-1.3023,1.2823,0.1396,-0.3821,0.4068,-0.1803,-0.0170,1.1093
2.6603,-0.1949,1.2164,-0.0122,-0.2659,0.2662,-0.0273,0.0328,-1.3014,1.2795,0.1389,-0.3816,0.4061,-0.1805,-0.0183,1.1083
2.6702,-0.1949,1.2141,-0.0115,-0.2653,0.2655,-0.0272,0.0337,-1.3005,1.2764,0.1383,-0.3814,0.4057,-0.1811,-0.0194,1.1074
2.6705,-0.1949,1.2121,-0.0115,-0.2653,0.2655,-0.0272,0.0337,-1.2997,1.2733,0.1378,-0.3813,0.4054,-0.1812,-0.0195,1.1065
2.6903,-0.1949,1.2099,-0.0104,-0.2643,0.2645,-0.0272,0.0310,-1.2989,1.2703,0.1370,-0.3809,0.4048,-0.1811,-0.0188,1.1057
2.6905,-0.1949,1.2077,-0.0104,-0.2643,0.2645,-0.0271,0.0310,-1.2979,1.2670,0.1370,-0.3809,0.4048,-0.1805,-0.0188,1.1046
2.7002,-0.1949,1.2058,-0.0096,-0.2638,0.2640,-0.0270,0.0251,-1.2971,1.2642,0.1359,-0.3808,0.4043,-0.1789,-0.0155,1.1038
2.7005,-0.1949,1.2033,-0.0096,-0.2638,0.2640,-0.0267,0.0251,-1.2960,1.2607,0.1349,-0.3797,0.4029,-0.1772,-0.0166,1.1026
2.7100,-0.1949,1.2013,-0.0089,-0.2633,0.2635,-0.0266,0.0223,-1.2952,1.2579,0.1346,-0.3799,0.4030,-0.1760,-0.0182,1.1017
2.7105,-0.1949,1.1990,-0.0089,-0.2633,0.2635,-0.0264,0.0223,-1.2942,1.2545,0.1342,-0.3795,0.4025,-0.1744,-0.0199,1.1007
2.7300,-0.1949,1.1970,-0.0080,-0.2630,0.2631,-0.0265,0.0225,-1.2934,1.2515,0.1341,-0.3798,0.4028,-0.1729,-0.0197,1.0999
2.7303,-0.1949,1.1948,-0.0080,-0.2630,0.2631,-0.0265,0.0225,-1.2924,1.2483,0.1341,-0.3798,0.4028,-0.1704,-0.0197,1.0989
2.7504,-0.1948,1.1929,-0.0074,-0.2626,0.2627,-0.0265,0.0203,-1.2915,1.2453,0.1334,-0.3797,0.4024,-0.1687,-0.0142,1.0980
2.7509,-0.1947,1.1907,-0.0074,-0.2626,0.2627,-0.0266,0.0203,-1.2905,1.2422,0.1329,-0.3796,0.4022,-0.1661,-0.0098,1.0970
2.7704,-0.1947,1.1887,-0.0068,-0.2622,0.2623,-0.0267,0.0201,-1.2896,1.2392,0.1321,-0.3789,0.4013,-0.1645,-0.0106,1.0960
2.7707,-0.1946,1.1866,-0.0068,-0.2622,0.2623,-0.0274,0.0201,-1.2885,1.2362,0.1321,-0.3789,0.4013,-0.1628,-0.0106,1.0950
2.7798,-0.1946,1.1844,-0.0063,-0.2620,0.2621,-0.0280,0.0223,-1.2875,1.2331,0.1309,-0.3785,0.4005,-0.1612,-0.0110,1.0940
2.7800,-0.1946,1.1824,-0.0063,-0.2620,0.2621,-0.0284,0.0223,-1.2867,1.2302,0.1309,-0.3785,0.4005,-0.1597,-0.0110,1.0932
2.7999,-0.1945,1.1799,-0.0058,-0.2618,0.2619,-0.0286,0.0239,-1.2858,1.2268,0.1299,-0.3781,0.3998,-0.1576,-0.0099,1.0923
2.8001,-0.1945,1.1782,-0.0058,-0.2618,0.2619,-0.0285,0.0239,-1.2852,1.2242,0.1299,-0.3781,0.3998,-0.1562,-0.0099,1.0917
2.8200,-0.1943,1.1759,-0.0048,-0.2613,0.2613,-0.0285,0.0233,-1.2842,1.2207,0.1285,-0.3771,0.3985,-0.1541,-0.0097,1.0908
2.8203,-0.1942,1.1741,-0.0048,-0.2613,0.2613,-0.0285,0.0233,-1.2835,1.2183,0.1285,-0.3771,0.3985,-0.1526,-0.0097,1.0902
2.8299,-0.1940,1.1718,-0.0035,-0.2603,0.2603,-0.0284,0.0190,-1.2824,1.2151,0.1271,-0.3758,0.3967,-0.1502,-0.0113,1.0893
2.8305,-0.1939,1.1697,-0.0035,-0.2603,0.2603,-0.0284,0.0190,-1.2814,1.2121,0.1270,-0.3756,0.3964,-0.1479,-0.0126,1.0883
2.8501,-0.1938,1.1675,-0.0023,-0.2602,0.2602,-0.0284,0.0158,-1.2805,1.2091,0.1267,-0.3751,0.3959,-0.1463,-0.0122,1.0874
2.8504,-0.1938,1.1654,-0.0019,-0.2603,0.2603,-0.0284,0.0152,-1.2796,1.2062,0.1266,-0.3751,0.3959,-0.1445,-0.0121,1.0866
2.8603,-0.1937,1.1611,-0.0010,-0.2595,0.2595,-0.0282,0.0149,-1.2788,1.2032,0.1258,-0.3739,0.3945,-0.1428,-0.0114,1.0860
2.8608,-0.1937,1.1611,-0.0010,-0.2595,0.2595,-0.0282,0.0149,-1.2780,1.2001,0.1250,-0.3733,0.3936,-0.1409,-0.0103,1.0850
2.8800,-0.1936,1.1592,-0.0007,-0.2595,0.2595,-0.0282,0.0146,-1.2772,1.1974,0.1244,-0.3728,0.3930,-0.1390,-0.0098,1.0842
2.8803,-0.1936,1.1570,-0.0005,-0.2595,0.2595,-0.0280,0.0145,-1.2763,1.1942,0.1242,-0.3722,0.3924,-0.1372,-0.0091,1.0833
2.9003,-0.1936,1.1551,-0.0004,-0.2591,0.2591,-0.0276,0.0133,-1.2755,1.1915,0.1237,-0.3715,0.3915,-0.1354,-0.0102,1.0825
2.9007,-0.1936,1.1529,-0.0004,-0.2591,0.2591,-0.0274,0.0133,-1.2744,1.1883,0.1237,-0.3715,0.3915,-0.1334,-0.0102,1.0814
2.9098,-0.1936,1.1510,-0.0001,-0.2586,0.2586,-0.0272,0.0129,-1.2736,1.1856,0.1228,-0.3700,0.3899,-0.1317,-0.0116,1.0806
2.9101,-0.1935,1.1489,-0.0001,-0.2586,0.2586,-0.0269,0.0129,-1.2727,1.1827,0.1218,-0.3690,0.3886,-0.1302,-0.0104,1.0797
2.9301,-0.1934,1.1468,0.0004,-0.2578,0.2578,-0.0265,0.0118,-1.2717,1.1797,0.1209,-0.3686,0.3879,-0.1289,-0.0085,1.0788
2.9305,-0.1933,1.1449,0.0004,-0.2578,0.2578,-0.0264,0.0118,-1.2709,1.1770,0.1200,-0.3680,0.3870,-0.1274,-0.0069,1.0781
2.9501,-0.1931,1.1428,0.0012,-0.2569,0.2569,-0.0262,0.0100,-1.2700,1.1739,0.1191,-0.3673,0.3861,-0.1254,-0.0074,1.0773
2.9506,-0.1929,1.1410,0.0012,-0.2569,0.2569,-0.0261,0.0100,-1.2691,1.1713,0.1186,-0.3668,0.3855,-0.1246,-0.0055,1.0766
2.9701,-0.1927,1.1390,0.0022,-0.2559,0.2559,-0.0262,0.0086,-1.2682,1.1684,0.1184,-0.3660,0.3847,-0.1225,-0.0051,1.0759
2.9704,-0.1925,1.1372,0.0028,-0.2550,0.2550,-0.0263,0.0083,-1.2673,1.1657,0.1184,-0.3650,0.3837,-0.1208,-0.0041,1.0751
2.9802,-0.1923,1.1351,0.0032,-0.2550,0.2550,-0.0264,0.0085,-1.2663,1.1629,0.1189,-0.3650,0.3839,-0.1185,-0.0041,1.0743
2.9807,-0.1922,1.1333,0.0032,-0.2550,0.2550,-0.0264,0.0085,-1.2654,1.1604,0.1189,-0.3650,0.3839,-0.1168,-0.0041,1.0735
2.9999,-0.1921,1.1315,0.0041,-0.2538,0.2538,-0.0264,0.0098,-1.2645,1.1577,0.1189,-0.3625,0.3815,-0.1161,-0.0027,1.0728
3.0002,-0.1919,1.1294,0.0041,-0.2538,0.2538,-0.0264,0.0098,-1.2637,1.1549,0.1183,-0.3615,0.3804,-0.1146,-0.0024,1.0721
3.0101,-0.1917,1.1274,0.0047,-0.2532,0.2532,-0.0264,0.0120,-1.2630,1.1523,0.1173,-0.3611,0.3797,-0.1129,-0.0010,1.0716
3.0105,-0.1914,1.1254,0.0047,-0.2532,0.2532,-0.0262,0.0120,-1.2622,1.1496,0.1159,-0.3601,0.3783,-0.1113,0.0014,1.0711
3.0299,-0.1908,1.1215,0.0058,-0.2522,0.2523,-0.0255,0.0140,-1.2616,1.1470,0.1146,-0.3592,0.3770,-0.1089,0.0031,1.0711
3.0302,-0.1908,1.1215,0.0058,-0.2522,0.2523,-0.0255,0.0140,-1.2608,1.1442,0.1146,-0.3592,0.3770,-0.1062,0.0031,1.0702
3.0500,-0.1906,1.1197,0.0071,-0.2511,0.2512,-0.0250,0.0135,-1.2600,1.1418,0.1126,-0.3571,0.3745,-0.1045,0.0041,1.0697
3.0503,-0.1903,1.1178,0.0071,-0.2511,0.2512,-0.0244,0.0135,-1.2591,1.1392,0.1120,-0.3558,0.3730,-0.1028,0.0031,1.0690
3.0601,-0.1900,1.1160,0.0082,-0.2499,0.2501,-0.0240,0.0125,-1.2581,1.1367,0.1118,-0.3546,0.3718,-0.1017,0.0018,1.0683
3.0604,-0.1897,1.1140,0.0082,-0.2499,0.2501,-0.0238,0.0125,-1.2568,1.1339,0.1118,-0.3546,0.3718,-0.1005,0.0018,1.0674
3.0800,-0.1893,1.1122,0.0095,-0.2486,0.2488,-0.0237,0.0099,-1.2559,1.1316,0.1121,-0.3521,0.3695,-0.0992,0.0018,1.0667
3.0802,-0.1889,1.1102,0.0095,-0.2486,0.2488,-0.0237,0.0099,-1.2549,1.1290,0.1121,-0.3521,0.3695,-0.0979,0.0018,1.0662
3.1004,-0.1880,1.1063,0.0111,-0.2475,0.2478,-0.0240,0.0068,-1.2539,1.1264,0.1120,-0.3497,0.3672,-0.0958,-0.0016,1.0661
3.1006,-0.1880,1.1063,0.0111,-0.2475,0.2478,-0.0240,0.0068,-1.2531,1.1239,0.1116,-0.3483,0.3657,-0.0937,-0.0017,1.0652
3.1100,-0.1876,1.1044,0.0131,-0.2462,0.2465,-0.0240,0.0016,-1.2522,1.1216,0.1109,-0.3472,0.3645,-0.0919,-0.0008,1.0648
3.1103,-0.1872,1.1023,0.0131,-0.2462,0.2465,-0.0241,0.0016,-1.2514,1.1190,0.1109,-0.3472,0.3645,-0.0897,-0.0008,1.0643
3.1301,-0.1868,1.1002,0.0149,-0.2455,0.2459,-0.0244,0.0020,-1.2505,1.1163,0.1090,-0.3453,0.3621,-0.0875,0.0070,1.0638
3.1304,-0.1868,1.1002,0.0149,-0.2455,0.2459,-0.0244,0.0020,-1.2496,1.1139,0.1090,-0.3453,0.3621,-0.0855,0.0070,1.0629
3.1501,-0.1860,1.0962,0.0168,-0.2448,0.2454,-0.0248,0.0124,-1.2487,1.1113,0.1077,-0.3432,0.3597,-0.0828,0.0154,1.0628
3.1504,-0.1855,1.0944,0.0168,-0.2448,0.2454,-0.0250,0.0124,-1.2478,1.1089,0.1077,-0.3432,0.3597,-0.0802,0.0154,1.0624
3.1600,-0.1850,1.0926,0.0188,-0.2439,0.2446,-0.0251,0.0125,-1.2470,1.1064,0.1073,-0.3413,0.3577,-0.0780,0.0271,1.0621
3.1604,-0.1842,1.0906,0.0188,-0.2439,0.2446,-0.0254,0.0125,-1.2459,1.1036,0.1071,-0.3399,0.3564,-0.0747,0.0296,1.0618
3.1799,-0.1835,1.0887,0.0214,-0.2429,0.2439,-0.0257,0.0089,-1.2449,1.1009,0.1076,-0.3395,0.3562,-0.0720,0.0346,1.0615
3.1802,-0.1828,1.0867,0.0214,-0.2429,0.2439,-0.0264,0.0089,-1.2438,1.0983,0.1076,-0.3395,0.3562,-0.0690,0.0346,1.0610
3.2003,-0.1823,1.0850,0.0241,-0.2420,0.2432,-0.0268,0.0083,-1.2429,1.0960,0.1083,-0.3373,0.3543,-0.0664,0.0462,1.0606
3.2005,-0.1817,1.0828,0.0241,-0.2420,0.2432,-0.0270,0.0083,-1.2417,1.0934,0.1083,-0.3373,0.3543,-0.0629,0.0462,1.0601
3.2008,-0.1812,1.0811,0.0251,-0.2416,0.2429,-0.0271,0.0100,-1.2409,1.0913,0.1085,-0.3363,0.3533,-0.0605,0.0499,1.0597
3.2200,-0.1804,1.0789,0.0275,-0.2403,0.2419,-0.0270,0.0203,-1.2397,1.0885,0.1087,-0.3332,0.3505,-0.0573,0.0548,1.0594
3.2203,-0.1798,1.0771,0.0275,-0.2403,0.2419,-0.0270,0.0203,-1.2388,1.0863,0.1090,-0.3319,0.3493,-0.0540,0.0554,1.0591
3.2402,-0.1793,1.0756,0.0302,-0.2397,0.2416,-0.0269,0.0298,-1.2380,1.0842,0.1092,-0.3304,0.3480,-0.0511,0.0585,1.0588
3.2406,-0.1786,1.0735,0.0302,-0.2397,0.2416,-0.0269,0.0298,-1.2368,1.0817,0.1088,-0.3282,0.3458,-0.0479,0.0572,1.0583
3.2502,-0.1771,1.0696,0.0337,-0.2380,0.2404,-0.0270,0.0367,-1.2356,1.0794,0.1095,-0.3272,0.3450,-0.0452,0.0561,1.0585
3.2505,-0.1771,1.0696,0.0337,-0.2380,0.2404,-0.0270,0.0367,-1.2343,1.0772,0.1098,-0.3255,0.3435,-0.0432,0.0573,1.0572
3.2699,-0.1764,1.0678,0.0351,-0.2383,0.2408,-0.0274,0.0362,-1.2332,1.0750,0.1104,-0.3242,0.3425,-0.0415,0.0581,1.0569
3.2701,-0.1755,1.0658,0.0351,-0.2383,0.2408,-0.0278,0.0362,-1.2321,1.0728,0.1104,-0.3242,0.3425,-0.0395,0.0581,1.0567
3.2899,-0.1747,1.0640,0.0382,-0.2372,0.2403,-0.0283,0.0356,-1.2312,1.0706,0.1107,-0.3207,0.3392,-0.0377,0.0580,1.0566
3.2901,-0.1737,1.0620,0.0382,-0.2372,0.2403,-0.0287,0.0356,-1.2303,1.0683,0.1107,-0.3207,0.3392,-0.0361,0.0580,1.0565
3.3001,-0.1729,1.0601,0.0415,-0.2359,0.2395,-0.0290,0.0357,-1.2295,1.0662,0.1110,-0.3171,0.3360,-0.0343,0.0599,1.0566
3.3005,-0.1722,1.0583,0.0415,-0.2359,0.2395,-0.0293,0.0357,-1.2288,1.0639,0.1113,-0.3160,0.3351,-0.0324,0.0606,1.0566
3.3201,-0.1714,1.0566,0.0443,-0.2351,0.2393,-0.0297,0.0363,-1.2280,1.0618,0.1109,-0.3136,0.3327,-0.0295,0.0634,1.0566
3.3205,-0.1705,1.0547,0.0443,-0.2351,0.2393,-0.0305,0.0363,-1.2271,1.0596,0.1110,-0.3129,0.3320,-0.0268,0.0655,1.0566
3.3404,-0.1696,1.0529,0.0470,-0.2342,0.2389,-0.0310,0.0365,-1.2262,1.0573,0.1106,-0.3108,0.3299,-0.0236,0.0678,1.0565
3.3409,-0.1689,1.0513,0.0486,-0.2337,0.2387,-0.0313,0.0365,-1.2253,1.0555,0.1106,-0.3095,0.3287,-0.0221,0.0697,1.0564
3.3497,-0.1678,1.0493,0.0499,-0.2324,0.2377,-0.0320,0.0365,-1.2241,1.0529,0.1102,-0.3073,0.3265,-0.0204,0.0728,1.0563
3.3503,-0.1678,1.0493,0.0499,-0.2324,0.2377,-0.0320,0.0365,-1.2232,1.0511,0.1109,-0.3065,0.3259,-0.0184,0.0784,1.0554
3.3704,-0.1662,1.0455,0.0533,-0.2315,0.2375,-0.0327,0.0349,-1.2219,1.0488,0.1112,-0.3043,0.3239,-0.0158,0.0813,1.0558
3.3708,-0.1656,1.0441,0.0550,-0.2311,0.2376,-0.0330,0.0344,-1.2211,1.0473,0.1120,-0.3027,0.3227,-0.0142,0.0831,1.0555
3.3900,-0.1647,1.0420,0.0560,-0.2302,0.2369,-0.0336,0.0343,-1.2197,1.0451,0.1122,-0.3002,0.3205,-0.0115,0.0832,1.0550
3.3905,-0.1640,1.0403,0.0579,-0.2301,0.2373,-0.0340,0.0343,-1.2187,1.0433,0.1132,-0.2983,0.3190,-0.0094,0.0816,1.0547
3.4002,-0.1631,1.0384,0.0593,-0.2296,0.2372,-0.0342,0.0346,-1.2177,1.0414,0.1135,-0.2963,0.3173,-0.0074,0.0779,1.0545
3.4007,-0.1623,1.0366,0.0593,-0.2296,0.2372,-0.0343,0.0346,-1.2167,1.0395,0.1135,-0.2963,0.3173,-0.0058,0.0779,1.0544
3.4204,-0.1604,1.0328,0.0625,-0.2288,0.2372,-0.0342,0.0345,-1.2156,1.0377,0.1138,-0.2922,0.3135,-0.0039,0.0746,1.0553
3.4208,-0.1604,1.0328,0.0625,-0.2288,0.2372,-0.0342,0.0345,-1.2145,1.0357,0.1141,-0.2901,0.3117,-0.0019,0.0727,1.0541
3.4302,-0.1595,1.0310,0.0661,-0.2281,0.2375,-0.0343,0.0349,-1.2135,1.0339,0.1145,-0.2881,0.3100,-0.0002,0.0711,1.0541
3.4501,-0.1584,1.0291,0.0677,-0.2278,0.2377,-0.0344,0.0368,-1.2123,1.0319,0.1148,-0.2860,0.3082,0.0018,0.0710,1.0539
3.4506,-0.1575,1.0273,0.0677,-0.2278,0.2377,-0.0343,0.0368,-1.2113,1.0303,0.1148,-0.2860,0.3082,0.0034,0.0710,1.0538
3.4600,-0.1566,1.0254,0.0709,-0.2274,0.2382,-0.0344,0.0432,-1.2101,1.0286,0.1157,-0.2819,0.3047,0.0047,0.0685,1.0535
3.4603,-0.1555,1.0236,0.0709,-0.2274,0.2382,-0.0349,0.0432,-1.2089,1.0267,0.1157,-0.2819,0.3047,0.0062,0.0685,1.0533
3.4802,-0.1544,1.0215,0.0740,-0.2272,0.2390,-0.0358,0.0479,-1.2076,1.0247,0.1168,-0.2780,0.3015,0.0079,0.0679,1.0532
3.4806,-0.1534,1.0198,0.0740,-0.2272,0.2390,-0.0367,0.0479,-1.2065,1.0230,0.1168,-0.2780,0.3015,0.0090,0.0679,1.0532
3.4900,-0.1523,1.0180,0.0777,-0.2270,0.2399,-0.0375,0.0536,-1.2054,1.0212,0.1177,-0.2748,0.2989,0.0102,0.0718,1.0531
3.4902,-0.1509,1.0160,0.0777,-0.2270,0.2399,-0.0391,0.0536,-1.2041,1.0193,0.1177,-0.2748,0.2989,0.0117,0.0718,1.0531
3.5101,-0.1497,1.0141,0.0820,-0.2268,0.2412,-0.0402,0.0538,-1.2028,1.0174,0.1193,-0.2713,0.2963,0.0127,0.0798,1.0530
3.5105,-0.1487,1.0122,0.0820,-0.2268,0.2412,-0.0413,0.0538,-1.2015,1.0156,0.1204,-0.2697,0.2953,0.0139,0.0799,1.0528
3.5302,-0.1477,1.0103,0.0855,-0.2264,0.2420,-0.0423,0.0518,-1.2001,1.0139,0.1215,-0.2678,0.2941,0.0152,0.0796,1.0524
3.5305,-0.1469,1.0084,0.0855,-0.2264,0.2420,-0.0433,0.0518,-1.1988,1.0122,0.1215,-0.2678,0.2941,0.0159,0.0796,1.0519
3.5399,-0.1462,1.0065,0.0878,-0.2262,0.2426,-0.0440,0.0531,-1.1976,1.0107,0.1240,-0.2639,0.2916,0.0161,0.0756,1.0514
3.5401,-0.1453,1.0043,0.0878,-0.2262,0.2426,-0.0443,0.0531,-1.1962,1.0087,0.1240,-0.2639,0.2916,0.0165,0.0756,1.0509
3.5597,-0.1445,1.0025,0.0900,-0.2270,0.2441,-0.0442,0.0546,-1.1951,1.0070,0.1257,-0.2610,0.2897,0.0169,0.0756,1.0506
3.5600,-0.1437,1.0006,0.0900,-0.2270,0.2441,-0.0442,0.0546,-1.1941,1.0053,0.1260,-0.2594,0.2883,0.0183,0.0771,1.0504
3.5802,-0.1429,0.9986,0.0919,-0.2267,0.2447,-0.0441,0.0567,-1.1929,1.0035,0.1256,-0.2573,0.2863,0.0193,0.0788,1.0500
3.5805,-0.1423,0.9967,0.0919,-0.2267,0.2447,-0.0445,0.0567,-1.1918,1.0019,0.1260,-0.2561,0.2854,0.0200,0.0815,1.0496
3.5898,-0.1417,0.9949,0.0932,-0.2270,0.2454,-0.0453,0.0630,-1.1906,1.0002,0.1261,-0.2541,0.2837,0.0210,0.0829,1.0489
3.5901,-0.1412,0.9930,0.0932,-0.2270,0.2454,-0.0459,0.0630,-1.1893,0.9985,0.1267,-0.2524,0.2824,0.0217,0.0825,1.0480
3.6101,-0.1408,0.9910,0.0934,-0.2266,0.2451,-0.0463,0.0720,-1.1878,0.9968,0.1276,-0.2508,0.2814,0.0224,0.0819,1.0471
3.6105,-0.1403,0.9893,0.0934,-0.2266,0.2451,-0.0463,0.0720,-1.1867,0.9953,0.1288,-0.2496,0.2809,0.0225,0.0812,1.0464
3.6198,-0.1397,0.9874,0.0938,-0.2259,0.2446,-0.0461,0.0776,-1.1855,0.9935,0.1294,-0.2474,0.2792,0.0222,0.0796,1.0458
3.6201,-0.1390,0.9856,0.0938,-0.2259,0.2446,-0.0461,0.0776,-1.1845,0.9918,0.1294,-0.2474,0.2792,0.0208,0.0796,1.0455
3.6403,-0.1381,0.9839,0.0950,-0.2252,0.2444,-0.0461,0.0653,-1.1838,0.9902,0.1303,-0.2442,0.2767,0.0191,0.0788,1.0457
3.6406,-0.1371,0.9822,0.0950,-0.2252,0.2444,-0.0464,0.0653,-1.1832,0.9885,0.1303,-0.2442,0.2767,0.0176,0.0788,1.0461
3.6602,-0.1362,0.9805,0.0968,-0.2244,0.2444,-0.0466,0.0637,-1.1827,0.9868,0.1291,-0.2407,0.2731,0.0169,0.0789,1.0466
3.6605,-0.1352,0.9787,0.0968,-0.2244,0.2444,-0.0468,0.0637,-1.1821,0.9853,0.1291,-0.2407,0.2731,0.0168,0.0789,1.0469
3.6802,-0.1344,0.9771,0.0980,-0.2238,0.2443,-0.0468,0.0658,-1.1814,0.9838,0.1275,-0.2366,0.2687,0.0164,0.0765,1.0471
3.6805,-0.1334,0.9752,0.0980,-0.2238,0.2443,-0.0468,0.0658,-1.1803,0.9822,0.1275,-0.2366,0.2687,0.0158,0.0765,1.0469
3.6901,-0.1325,0.9735,0.0989,-0.2230,0.2439,-0.0467,0.0656,-1.1791,0.9806,0.1271,-0.2324,0.2649,0.0153,0.0662,1.0466
3.7001,-0.1315,0.9716,0.0997,-0.2230,0.2443,-0.0465,0.0640,-1.1777,0.9791,0.1276,-0.2308,0.2637,0.0151,0.0642,1.0463
3.7003,-0.1307,0.9699,0.0997,-0.2230,0.2443,-0.0463,0.0640,-1.1766,0.9778,0.1276,-0.2308,0.2637,0.0149,0.0642,1.0460
3.7202,-0.1297,0.9680,0.1010,-0.2223,0.2442,-0.0457,0.0544,-1.1753,0.9762,0.1285,-0.2269,0.2608,0.0140,0.0605,1.0456
3.7303,-0.1289,0.9662,0.1013,-0.2219,0.2439,-0.0451,0.0486,-1.1742,0.9748,0.1288,-0.2246,0.2589,0.0132,0.0588,1.0453
3.7306,-0.1283,0.9648,0.1013,-0.2219,0.2439,-0.0447,0.0486,-1.1734,0.9736,0.1293,-0.2229,0.2577,0.0129,0.0550,1.0451
3.7401,-0.1274,0.9628,0.1020,-0.2214,0.2438,-0.0442,0.0454,-1.1723,0.9718,0.1294,-0.2213,0.2563,0.0125,0.0548,1.0449
3.7405,-0.1266,0.9610,0.1020,-0.2214,0.2438,-0.0433,0.0454,-1.1713,0.9703,0.1291,-0.2197,0.2548,0.0123,0.0547,1.0448
3.7600,-0.1257,0.9591,0.1025,-0.2213,0.2439,-0.0424,0.0431,-1.1704,0.9687,0.1285,-0.2182,0.2533,0.0120,0.0547,1.0448
3.7603,-0.1250,0.9574,0.1025,-0.2213,0.2439,-0.0420,0.0431,-1.1697,0.9673,0.1285,-0.2182,0.2533,0.0117,0.0547,1.0448
3.7802,-0.1240,0.9554,0.1029,-0.2206,0.2434,-0.0404,0.0469,-1.1687,0.9655,0.1271,-0.2154,0.2500,0.0113,0.0567,1.0448
3.7806,-0.1232,0.9538,0.1030,-0.2208,0.2437,-0.0391,0.0504,-1.1681,0.9641,0.1268,-0.2146,0.2493,0.0110,0.0569,1.0450
3.7899,-0.1222,0.9520,0.1030,-0.2204,0.2433,-0.0373,0.0524,-1.1674,0.9624,0.1263,-0.2131,0.2477,0.0103,0.0565,1.0453
3.7902,-0.1212,0.9505,0.1030,-0.2204,0.2433,-0.0359,0.0524,-1.1668,0.9610,0.1263,-0.2131,0.2477,0.0099,0.0565,1.0456
3.8102,-0.1203,0.9490,0.1035,-0.2193,0.2425,-0.0347,0.0500,-1.1662,0.9595,0.1255,-0.2104,0.2449,0.0098,0.0558,1.0460
3.8105,-0.1191,0.9472,0.1035,-0.2193,0.2425,-0.0330,0.0500,-1.1654,0.9578,0.1251,-0.2088,0.2434,0.0096,0.0534,1.0464
3.8203,-0.1180,0.9456,0.1047,-0.2187,0.2425,-0.0317,0.0482,-1.1645,0.9564,0.1253,-0.2081,0.2429,0.0097,0.0537,1.0466
3.8206,-0.1168,0.9437,0.1047,-0.2187,0.2425,-0.0300,0.0482,-1.1633,0.9549,0.1253,-0.2066,0.2416,0.0099,0.0519,1.0465
3.8401,-0.1159,0.9421,0.1056,-0.2182,0.2425,-0.0289,0.0472,-1.1622,0.9535,0.1257,-0.2049,0.2404,0.0100,0.0503,1.0464
3.8405,-0.1148,0.9403,0.1056,-0.2182,0.2425,-0.0275,0.0472,-1.1610,0.9521,0.1257,-0.2049,0.2404,0.0100,0.0503,1.0463
3.8500,-0.1139,0.9388,0.1061,-0.2180,0.2425,-0.0254,0.0485,-1.1601,0.9508,0.1263,-0.2018,0.2381,0.0100,0.0357,1.0462
3.8505,-0.1129,0.9369,0.1061,-0.2180,0.2425,-0.0230,0.0485,-1.1591,0.9491,0.1262,-0.2006,0.2370,0.0100,0.0310,1.0463
3.8700,-0.1119,0.9353,0.1066,-0.2172,0.2419,-0.0209,0.0488,-1.1584,0.9477,0.1257,-0.1994,0.2357,0.0097,0.0293,1.0465
3.8704,-0.1108,0.9336,0.1066,-0.2172,0.2419,-0.0186,0.0488,-1.1576,0.9462,0.1257,-0.1994,0.2357,0.0093,0.0293,1.0469
3.8901,-0.1097,0.9319,0.1077,-0.2166,0.2419,-0.0167,0.0477,-1.1568,0.9447,0.1242,-0.1979,0.2336,0.0094,0.0272,1.0472
3.8905,-0.1085,0.9302,0.1077,-0.2166,0.2419,-0.0147,0.0477,-1.1559,0.9432,0.1238,-0.1972,0.2328,0.0100,0.0262,1.0475
3.9100,-0.1074,0.9284,0.1093,-0.2164,0.2424,-0.0126,0.0467,-1.1550,0.9416,0.1235,-0.1963,0.2319,0.0116,0.0180,1.0477
3.9102,-0.1063,0.9267,0.1093,-0.2164,0.2424,-0.0105,0.0467,-1.1540,0.9399,0.1235,-0.1963,0.2319,0.0138,0.0180,1.0478
3.9201,-0.1051,0.9249,0.1102,-0.2160,0.2425,-0.0079,0.0459,-1.1529,0.9381,0.1232,-0.1955,0.2310,0.0154,0.0048,1.0479
3.9205,-0.1041,0.9233,0.1102,-0.2160,0.2425,-0.0062,0.0459,-1.1520,0.9364,0.1231,-0.1953,0.2308,0.0164,0.0020,1.0480
3.9403,-0.1029,0.9215,0.1108,-0.2155,0.2423,-0.0047,0.0408,-1.1510,0.9345,0.1231,-0.1951,0.2307,0.0176,0.0023,1.0482
3.9408,-0.1019,0.9201,0.1108,-0.2155,0.2423,-0.0034,0.0408,-1.1501,0.9328,0.1231,-0.1951,0.2307,0.0181,0.0023,1.0483
3.9600,-0.1006,0.9185,0.1112,-0.2143,0.2415,-0.0020,0.0207,-1.1491,0.9309,0.1223,-0.1950,0.2302,0.0192,0.0035,1.0486
3.9603,-0.0995,0.9172,0.1112,-0.2143,0.2415,-0.0009,0.0207,-1.1483,0.9294,0.1219,-0.1953,0.2302,0.0202,0.0029,1.0488
3.9698,-0.0983,0.9157,0.1120,-0.2128,0.2405,0.0001,-0.0011,-1.1472,0.9278,0.1212,-0.1947,0.2293,0.0209,0.0017,1.0489
3.9700,-0.0969,0.9140,0.1120,-0.2128,0.2405,0.0001,-0.0011,-1.1460,0.9262,0.1212,-0.1947,0.2293,0.0215,0.0017,1.0492
3.9898,-0.0955,0.9124,0.1129,-0.2114,0.2397,-0.0002,-0.0082,-1.1448,0.9244,0.1210,-0.1936,0.2283,0.0217,-0.0102,1.0494
3.9900,-0.0943,0.9109,0.1129,-0.2114,0.2397,-0.0004,-0.0082,-1.1438,0.9230,0.1210,-0.1936,0.2283,0.0215,-0.0102,1.0496
4.0002,-0.0932,0.9095,0.1132,-0.2101,0.2387,-0.0004,-0.0050,-1.1430,0.9214,0.1205,-0.1926,0.2271,0.0213,-0.0232,1.0499
4.0008,-0.0918,0.9079,0.1132,-0.2101,0.2387,-0.0001,-0.0050,-1.1421,0.9196,0.1195,-0.1920,0.2262,0.0216,-0.0250,1.0503
4.0201,-0.0907,0.9066,0.1136,-0.2086,0.2375,0.0002,-0.0027,-1.1413,0.9181,0.1189,-0.1921,0.2259,0.0225,-0.0264,1.0507
4.0204,-0.0893,0.9052,0.1141,-0.2074,0.2367,0.0005,-0.0058,-1.1405,0.9163,0.1176,-0.1916,0.2248,0.0239,-0.0277,1.0512
4.0402,-0.0879,0.9039,0.1152,-0.2064,0.2364,0.0009,-0.0095,-1.1396,0.9147,0.1167,-0.1917,0.2244,0.0253,-0.0300,1.0517
4.0499,-0.0848,0.9008,0.1166,-0.2053,0.2361,0.0015,-0.0110,-1.1385,0.9129,0.1160,-0.1920,0.2243,0.0269,-0.0332,1.0537
4.0501,-0.0848,0.9008,0.1166,-0.2053,0.2361,0.0015,-0.0110,-1.1374,0.9114,0.1155,-0.1917,0.2238,0.0277,-0.0341,1.0526
4.0700,-0.0833,0.8993,0.1194,-0.2034,0.2359,0.0016,-0.0115,-1.1361,0.9098,0.1154,-0.1913,0.2234,0.0283,-0.0348,1.0529
4.0702,-0.0819,0.8979,0.1194,-0.2034,0.2359,0.0018,-0.0115,-1.1350,0.9081,0.1154,-0.1913,0.2234,0.0286,-0.0348,1.0531
4.0801,-0.0804,0.8962,0.1220,-0.2014,0.2354,0.0019,-0.0104,-1.1337,0.9063,0.1158,-0.1908,0.2232,0.0294,-0.0397,1.0534
4.0804,-0.0788,0.8947,0.1220,-0.2014,0.2354,0.0021,-0.0104,-1.1325,0.9045,0.1162,-0.1911,0.2237,0.0303,-0.0430,1.0537
4.0996,-0.0774,0.8933,0.1258,-0.2005,0.2367,0.0026,-0.0148,-1.1314,0.9029,0.1162,-0.1915,0.2240,0.0312,-0.0459,1.0540
4.0999,-0.0774,0.8933,0.1258,-0.2005,0.2367,0.0026,-0.0148,-1.1301,0.9011,0.1162,-0.1915,0.2240,0.0327,-0.0459,1.0527
4.1100,-0.0743,0.8904,0.1297,-0.1984,0.2370,0.0038,-0.0233,-1.1288,0.8993,0.1154,-0.1914,0.2235,0.0339,-0.0504,1.0546
4.1201,-0.0725,0.8889,0.1321,-0.1979,0.2379,0.0048,-0.0235,-1.1274,0.8973,0.1157,-0.1920,0.2242,0.0364,-0.0500,1.0549
4.1203,-0.0711,0.8877,0.1321,-0.1979,0.2379,0.0055,-0.0235,-1.1262,0.8958,0.1157,-0.1920,0.2242,0.0377,-0.0500,1.0552
4.1402,-0.0694,0.8863,0.1359,-0.1960,0.2385,0.0059,-0.0248,-1.1250,0.8941,0.1165,-0.1921,0.2247,0.0382,-0.0558,1.0557
4.1405,-0.0677,0.8848,0.1359,-0.1960,0.2385,0.0062,-0.0248,-1.1237,0.8922,0.1165,-0.1921,0.2247,0.0386,-0.0558,1.0560
4.1501,-0.0664,0.8836,0.1388,-0.1948,0.2392,0.0064,-0.0246,-1.1226,0.8906,0.1191,-0.1926,0.2265,0.0387,-0.0659,1.0563
4.1505,-0.0647,0.8819,0.1388,-0.1948,0.2392,0.0067,-0.0246,-1.1214,0.8884,0.1191,-0.1926,0.2265,0.0391,-0.0659,1.0567
4.1700,-0.0634,0.8804,0.1410,-0.1937,0.2396,0.0068,-0.0230,-1.1204,0.8866,0.1214,-0.1937,0.2286,0.0396,-0.0689,1.0571
4.1802,-0.0619,0.8787,0.1420,-0.1935,0.2400,0.0073,-0.0209,-1.1193,0.8846,0.1220,-0.1945,0.2296,0.0410,-0.0683,1.0575
4.1804,-0.0605,0.8774,0.1420,-0.1935,0.2400,0.0077,-0.0209,-1.1183,0.8829,0.1220,-0.1945,0.2296,0.0419,-0.0683,1.0578
4.2000,-0.0588,0.8758,0.1439,-0.1921,0.2400,0.0083,-0.0145,-1.1170,0.8809,0.1215,-0.1954,0.2301,0.0439,-0.0694,1.0582
4.2004,-0.0573,0.8746,0.1439,-0.1921,0.2400,0.0088,-0.0145,-1.1158,0.8793,0.1216,-0.1965,0.2310,0.0449,-0.0691,1.0584
4.2098,-0.0555,0.8731,0.1467,-0.1908,0.2406,0.0093,-0.0132,-1.1142,0.8773,0.1217,-0.1971,0.2316,0.0460,-0.0702,1.0587
4.2100,-0.0540,0.8718,0.1467,-0.1908,0.2406,0.0094,-0.0132,-1.1129,0.8756,0.1222,-0.1980,0.2326,0.0467,-0.0708,1.0589
4.2300,-0.0524,0.8706,0.1499,-0.1888,0.2410,0.0099,-0.0145,-1.1115,0.8739,0.1226,-0.1983,0.2332,0.0472,-0.0714,1.0591
4.2305,-0.0507,0.8691,0.1499,-0.1888,0.2410,0.0101,-0.0145,-1.1102,0.8719,0.1236,-0.1994,0.2346,0.0480,-0.0722,1.0595
4.2500,-0.0491,0.8678,0.1534,-0.1873,0.2421,0.0101,-0.0158,-1.1090,0.8700,0.1242,-0.1998,0.2352,0.0486,-0.0715,1.0599
4.2504,-0.0473,0.8665,0.1534,-0.1873,0.2421,0.0105,-0.0158,-1.1078,0.8682,0.1248,-0.2005,0.2362,0.0489,-0.0709,1.0605
4.2601,-0.0457,0.8652,0.1568,-0.1852,0.2427,0.0106,-0.0224,-1.1066,0.8664,0.1253,-0.2010,0.2369,0.0495,-0.0700,1.0610
4.2605,-0.0438,0.8637,0.1586,-0.1845,0.2433,0.0108,-0.0246,-1.1052,0.8643,0.1261,-0.2019,0.2381,0.0506,-0.0667,1.0614
4.2802,-0.0422,0.8625,0.1603,-0.1833,0.2435,0.0112,-0.0300,-1.1040,0.8627,0.1271,-0.2022,0.2389,0.0521,-0.0651,1.0618
4.2805,-0.0403,0.8611,0.1619,-0.1825,0.2440,0.0112,-0.0337,-1.1026,0.8607,0.1271,-0.2022,0.2389,0.0542,-0.0651,1.0623
4.3000,-0.0385,0.8598,0.1637,-0.1818,0.2447,0.0114,-0.0372,-1.1011,0.8589,0.1297,-0.2034,0.2412,0.0550,-0.0647,1.0626
4.3003,-0.0367,0.8584,0.1637,-0.1818,0.2447,0.0117,-0.0372,-1.0998,0.8570,0.1297,-0.2034,0.2412,0.0555,-0.0647,1.0632
4.3099,-0.0348,0.8569,0.1672,-0.1813,0.2466,0.0119,-0.0374,-1.0986,0.8551,0.1327,-0.2050,0.2442,0.0562,-0.0681,1.0638
4.3105,-0.0332,0.8557,0.1672,-0.1813,0.2466,0.0122,-0.0374,-1.0976,0.8534,0.1335,-0.2053,0.2448,0.0570,-0.0691,1.0644
4.3305,-0.0294,0.8530,0.1696,-0.1798,0.2472,0.0128,-0.0337,-1.0964,0.8514,0.1338,-0.2059,0.2456,0.0589,-0.0693,1.0671
4.3307,-0.0294,0.8530,0.1696,-0.1798,0.2472,0.0128,-0.0337,-1.0953,0.8496,0.1337,-0.2071,0.2465,0.0609,-0.0680,1.0660
4.3398,-0.0274,0.8517,0.1730,-0.1783,0.2485,0.0131,-0.0331,-1.0939,0.8476,0.1338,-0.2079,0.2472,0.0638,-0.0655,1.0665
4.3401,-0.0257,0.8506,0.1730,-0.1783,0.2485,0.0131,-0.0331,-1.0927,0.8459,0.1338,-0.2079,0.2472,0.0652,-0.0655,1.0671
4.3597,-0.0239,0.8493,0.1765,-0.1764,0.2496,0.0135,-0.0352,-1.0913,0.8441,0.1348,-0.2098,0.2494,0.0663,-0.0615,1.0674
4.3601,-0.0221,0.8480,0.1765,-0.1764,0.2496,0.0138,-0.0352,-1.0898,0.8423,0.1348,-0.2098,0.2494,0.0671,-0.0615,1.0677
4.3800,-0.0205,0.8468,0.1796,-0.1747,0.2505,0.0141,-0.0381,-1.0885,0.8407,0.1372,-0.2108,0.2515,0.0681,-0.0630,1.0680
4.3805,-0.0186,0.8454,0.1807,-0.1737,0.2506,0.0146,-0.0380,-1.0869,0.8388,0.1382,-0.2109,0.2522,0.0689,-0.0634,1.0684
4.3998,-0.0169,0.8441,0.1822,-0.1732,0.2514,0.0149,-0.0389,-1.0855,0.8371,0.1397,-0.2118,0.2537,0.0698,-0.0649,1.0686
4.4000,-0.0150,0.8426,0.1822,-0.1732,0.2514,0.0157,-0.0389,-1.0839,0.8352,0.1397,-0.2118,0.2537,0.0709,-0.0649,1.0690
4.4100,-0.0133,0.8415,0.1848,-0.1716,0.2522,0.0165,-0.0410,-1.0826,0.8335,0.1421,-0.2127,0.2558,0.0713,-0.0544,1.0693
4.4104,-0.0113,0.8403,0.1848,-0.1716,0.2522,0.0174,-0.0410,-1.0811,0.8317,0.1421,-0.2127,0.2558,0.0719,-0.0544,1.0698
4.4303,-0.0095,0.8390,0.1875,-0.1692,0.2526,0.0183,-0.0430,-1.0796,0.8299,0.1437,-0.2127,0.2567,0.0728,-0.0426,1.0701
4.4402,-0.0074,0.8375,0.1891,-0.1687,0.2534,0.0193,-0.0416,-1.0780,0.8280,0.1449,-0.2130,0.2576,0.0734,-0.0418,1.0706
4.4407,-0.0058,0.8365,0.1909,-0.1681,0.2543,0.0196,-0.0339,-1.0767,0.8266,0.1449,-0.2130,0.2576,0.0739,-0.0418,1.0709
4.4501,-0.0040,0.8353,0.1922,-0.1672,0.2547,0.0203,-0.0274,-1.0752,0.8250,0.1469,-0.2125,0.2583,0.0746,-0.0421,1.0713
4.4505,-0.0021,0.8340,0.1922,-0.1672,0.2547,0.0213,-0.0274,-1.0736,0.8231,0.1469,-0.2125,0.2583,0.0751,-0.0421,1.0716
4.4702,-0.0002,0.8329,0.1949,-0.1662,0.2562,0.0219,-0.0096,-1.0720,0.8215,0.1493,-0.2125,0.2597,0.0757,-0.0405,1.0718
4.4705,0.0019,0.8316,0.1949,-0.1662,0.2562,0.0226,-0.0096,-1.0702,0.8197,0.1493,-0.2125,0.2597,0.0766,-0.0405,1.0721
4.4801,0.0038,0.8304,0.1976,-0.1649,0.2574,0.0227,-0.0068,-1.0685,0.8181,0.1518,-0.2129,0.2615,0.0769,-0.0330,1.0724
4.4803,0.0057,0.8291,0.1976,-0.1649,0.2574,0.0230,-0.0068,-1.0667,0.8164,0.1518,-0.2129,0.2615,0.0770,-0.0330,1.0724
4.5004,0.0072,0.8280,0.2000,-0.1636,0.2583,0.0233,-0.0139,-1.0651,0.8151,0.1543,-0.2130,0.2631,0.0771,-0.0269,1.0724
4.5105,0.0091,0.8265,0.2008,-0.1631,0.2587,0.0237,-0.0150,-1.0632,0.8133,0.1558,-0.2128,0.2637,0.0775,-0.0260,1.0724
4.5109,0.0106,0.8254,0.2008,-0.1631,0.2587,0.0243,-0.0150,-1.0615,0.8120,0.1577,-0.2126,0.2647,0.0774,-0.0285,1.0722
4.5305,0.0125,0.8239,0.2025,-0.1625,0.2596,0.0251,-0.0109,-1.0596,0.8104,0.1596,-0.2122,0.2655,0.0773,-0.0322,1.0721
4.5309,0.0141,0.8229,0.2025,-0.1625,0.2596,0.0257,-0.0109,-1.0579,0.8091,0.1618,-0.2118,0.2666,0.0772,-0.0336,1.0721
4.5404,0.0160,0.8217,0.2041,-0.1620,0.2606,0.0263,-0.0035,-1.0561,0.8076,0.1634,-0.2113,0.2671,0.0766,-0.0348,1.0721
4.5503,0.0180,0.8205,0.2043,-0.1609,0.2601,0.0269,-0.0036,-1.0541,0.8059,0.1648,-0.2105,0.2673,0.0750,-0.0341,1.0722
4.5505,0.0197,0.8195,0.2043,-0.1609,0.2601,0.0275,-0.0036,-1.0525,0.8046,0.1648,-0.2105,0.2673,0.0733,-0.0341,1.0723
4.5700,0.0217,0.8183,0.2061,-0.1597,0.2607,0.0279,-0.0048,-1.0507,0.8031,0.1673,-0.2103,0.2687,0.0717,-0.0347,1.0725
4.5703,0.0236,0.8171,0.2061,-0.1597,0.2607,0.0282,-0.0048,-1.0490,0.8016,0.1686,-0.2100,0.2693,0.0706,-0.0351,1.0727
4.5797,0.0256,0.8159,0.2080,-0.1583,0.2614,0.0286,-0.0118,-1.0471,0.8000,0.1695,-0.2094,0.2694,0.0694,-0.0320,1.0728
4.5799,0.0275,0.8148,0.2080,-0.1583,0.2614,0.0287,-0.0118,-1.0452,0.7984,0.1695,-0.2094,0.2694,0.0685,-0.0320,1.0729
4.6001,0.0294,0.8136,0.2099,-0.1570,0.2621,0.0291,-0.0216,-1.0432,0.7969,0.1722,-0.2089,0.2708,0.0678,-0.0256,1.0727
4.6004,0.0310,0.8126,0.2099,-0.1570,0.2621,0.0294,-0.0216,-1.0413,0.7956,0.1722,-0.2089,0.2708,0.0671,-0.0256,1.0724
4.6201,0.0327,0.8116,0.2105,-0.1556,0.2618,0.0297,-0.0266,-1.0393,0.7943,0.1750,-0.2074,0.2714,0.0668,-0.0253,1.0721
4.6203,0.0347,0.8103,0.2105,-0.1556,0.2618,0.0304,-0.0266,-1.0370,0.7929,0.1750,-0.2074,0.2714,0.0656,-0.0253,1.0718
4.6298,0.0366,0.8090,0.2114,-0.1548,0.2620,0.0309,-0.0313,-1.0349,0.7914,0.1784,-0.2058,0.2724,0.0645,-0.0258,1.0716
4.6302,0.0385,0.8078,0.2114,-0.1548,0.2620,0.0318,-0.0313,-1.0328,0.7900,0.1784,-0.2058,0.2724,0.0634,-0.0258,1.0715
4.6502,0.0403,0.8067,0.2124,-0.1540,0.2624,0.0328,-0.0332,-1.0309,0.7886,0.1817,-0.2043,0.2734,0.0615,-0.0291,1.0713
4.6505,0.0422,0.8054,0.2124,-0.1540,0.2624,0.0342,-0.0332,-1.0288,0.7871,0.1836,-0.2039,0.2744,0.0596,-0.0319,1.0712
4.6702,0.0438,0.8044,0.2138,-0.1529,0.2629,0.0353,-0.0370,-1.0271,0.7859,0.1852,-0.2026,0.2746,0.0583,-0.0325,1.0710
4.6705,0.0457,0.8030,0.2138,-0.1529,0.2629,0.0374,-0.0370,-1.0250,0.7843,0.1867,-0.2014,0.2746,0.0562,-0.0325,1.0709
4.6803,0.0475,0.8019,0.2152,-0.1515,0.2631,0.0383,-0.0420,-1.0231,0.7831,0.1885,-0.2005,0.2752,0.0555,-0.0327,1.0708
4.6806,0.0494,0.8005,0.2160,-0.1511,0.2636,0.0396,-0.0434,-1.0209,0.7817,0.1904,-0.1996,0.2758,0.0541,-0.0334,1.0704
4.7003,0.0511,0.7994,0.2164,-0.1505,0.2636,0.0406,-0.0403,-1.0188,0.7804,0.1922,-0.1984,0.2762,0.0537,-0.0340,1.0702
4.7007,0.0530,0.7982,0.2169,-0.1503,0.2639,0.0415,-0.0354,-1.0164,0.7790,0.1938,-0.1976,0.2768,0.0528,-0.0334,1.0696
4.7203,0.0548,0.7972,0.2169,-0.1497,0.2635,0.0426,-0.0311,-1.0141,0.7777,0.1955,-0.1964,0.2772,0.0516,-0.0320,1.0691
4.7206,0.0565,0.7962,0.2175,-0.1494,0.2639,0.0433,-0.0302,-1.0119,0.7764,0.1975,-0.1958,0.2781,0.0503,-0.0309,1.0687
4.7298,0.0587,0.7950,0.2180,-0.1487,0.2639,0.0440,-0.0302,-1.0096,0.7748,0.1992,-0.1949,0.2787,0.0482,-0.0296,1.0685
4.7301,0.0606,0.7941,0.2180,-0.1487,0.2639,0.0447,-0.0302,-1.0075,0.7735,0.1992,-0.1949,0.2787,0.0472,-0.0296,1.0683
4.7502,0.0626,0.7931,0.2192,-0.1475,0.2643,0.0449,-0.0298,-1.0053,0.7721,0.2030,-0.1931,0.2802,0.0459,-0.0268,1.0680
4.7504,0.0643,0.7921,0.2192,-0.1475,0.2643,0.0455,-0.0298,-1.0031,0.7709,0.2030,-0.1931,0.2802,0.0447,-0.0268,1.0677
4.7701,0.0664,0.7909,0.2199,-0.1461,0.2640,0.0455,-0.0269,-1.0005,0.7695,0.2069,-0.1908,0.2815,0.0435,-0.0306,1.0672
4.7703,0.0682,0.7899,0.2199,-0.1461,0.2640,0.0459,-0.0269,-0.9984,0.7683,0.2069,-0.1908,0.2815,0.0427,-0.0306,1.0668
4.7800,0.0701,0.7888,0.2209,-0.1453,0.2644,0.0465,-0.0255,-0.9960,0.7670,0.2113,-0.1887,0.2833,0.0418,-0.0319,1.0663
4.7804,0.0722,0.7877,0.2209,-0.1453,0.2644,0.0470,-0.0255,-0.9935,0.7657,0.2113,-0.1887,0.2833,0.0405,-0.0319,1.0660
4.8004,0.0762,0.7856,0.2218,-0.1434,0.2641,0.0497,-0.0210,-0.9911,0.7644,0.2152,-0.1864,0.2847,0.0391,-0.0315,1.0674
4.8007,0.0762,0.7856,0.2218,-0.1434,0.2641,0.0497,-0.0210,-0.9887,0.7631,0.2175,-0.1853,0.2858,0.0378,-0.0322,1.0651
4.8201,0.0780,0.7846,0.2220,-0.1426,0.2638,0.0503,-0.0212,-0.9865,0.7618,0.2198,-0.1841,0.2868,0.0364,-0.0374,1.0648
4.8205,0.0799,0.7835,0.2220,-0.1426,0.2638,0.0508,-0.0212,-0.9842,0.7605,0.2223,-0.1831,0.2880,0.0352,-0.0408,1.0643
4.8300,0.0816,0.7825,0.2223,-0.1415,0.2635,0.0512,-0.0239,-0.9820,0.7593,0.2245,-0.1816,0.2888,0.0337,-0.0412,1.0639
4.8303,0.0838,0.7813,0.2223,-0.1415,0.2635,0.0515,-0.0239,-0.9796,0.7578,0.2245,-0.1816,0.2888,0.0323,-0.0412,1.0636
4.8499,0.0856,0.7803,0.2223,-0.1408,0.2632,0.0517,-0.0186,-0.9774,0.7564,0.2287,-0.1797,0.2908,0.0303,-0.0351,1.0633
4.8502,0.0874,0.7795,0.2223,-0.1408,0.2632,0.0520,-0.0186,-0.9755,0.7553,0.2287,-0.1797,0.2908,0.0296,-0.0351,1.0632
4.8703,0.0894,0.7785,0.2226,-0.1396,0.2628,0.0523,-0.0149,-0.9732,0.7539,0.2316,-0.1777,0.2919,0.0284,-0.0244,1.0629
4.8707,0.0916,0.7775,0.2226,-0.1396,0.2628,0.0522,-0.0149,-0.9708,0.7525,0.2316,-0.1777,0.2919,0.0280,-0.0244,1.0627
4.8799,0.0934,0.7766,0.2242,-0.1386,0.2636,0.0521,-0.0155,-0.9685,0.7513,0.2353,-0.1764,0.2941,0.0274,-0.0206,1.0622
4.8802,0.0953,0.7755,0.2242,-0.1386,0.2636,0.0520,-0.0155,-0.9660,0.7501,0.2353,-0.1764,0.2941,0.0270,-0.0206,1.0616
4.8999,0.0973,0.7742,0.2245,-0.1372,0.2631,0.0519,-0.0139,-0.9634,0.7488,0.2390,-0.1741,0.2956,0.0264,-0.0161,1.0610
4.9002,0.0990,0.7734,0.2245,-0.1372,0.2631,0.0519,-0.0139,-0.9611,0.7477,0.2390,-0.1741,0.2956,0.0259,-0.0161,1.0604
4.9204,0.1011,0.7723,0.2246,-0.1363,0.2627,0.0518,-0.0105,-0.9584,0.7464,0.2430,-0.1716,0.2975,0.0249,-0.0169,1.0598
4.9210,0.1029,0.7713,0.2249,-0.1360,0.2628,0.0518,-0.0093,-0.9561,0.7453,0.2454,-0.1705,0.2988,0.0238,-0.0183,1.0593
4.9299,0.1049,0.7704,0.2249,-0.1352,0.2624,0.0517,-0.0090,-0.9537,0.7441,0.2469,-0.1691,0.2993,0.0226,-0.0197,1.0589
4.9304,0.1068,0.7696,0.2249,-0.1352,0.2624,0.0516,-0.0090,-0.9515,0.7429,0.2469,-0.1691,0.2993,0.0213,-0.0197,1.0587
4.9502,0.1089,0.7686,0.2252,-0.1339,0.2620,0.0517,-0.0095,-0.9491,0.7415,0.2503,-0.1673,0.3011,0.0197,-0.0204,1.0583
4.9507,0.1109,0.7677,0.2252,-0.1339,0.2620,0.0517,-0.0095,-0.9468,0.7402,0.2503,-0.1673,0.3011,0.0180,-0.0204,1.0580
4.9699,0.1128,0.7667,0.2259,-0.1327,0.2620,0.0517,-0.0114,-0.9443,0.7389,0.2536,-0.1659,0.3031,0.0163,-0.0170,1.0575
4.9702,0.1144,0.7659,0.2259,-0.1327,0.2620,0.0518,-0.0114,-0.9422,0.7378,0.2536,-0.1659,0.3031,0.0154,-0.0170,1.0569
4.9800,0.1163,0.7648,0.2250,-0.1314,0.2606,0.0520,-0.0103,-0.9396,0.7365,0.2559,-0.1637,0.3038,0.0144,-0.0139,1.0563
4.9805,0.1184,0.7637,0.2250,-0.1314,0.2606,0.0522,-0.0103,-0.9370,0.7351,0.2577,-0.1631,0.3050,0.0132,-0.0139,1.0558
5.0001,0.1202,0.7630,0.2255,-0.1308,0.2607,0.0523,-0.0053,-0.9349,0.7340,0.2594,-0.1628,0.3063,0.0125,-0.0143,1.0555
5.0005,0.1220,0.7622,0.2255,-0.1308,0.2607,0.0523,-0.0053,-0.9327,0.7329,0.2594,-0.1628,0.3063,0.0118,-0.0143,1.0551
5.0099,0.1241,0.7614,0.2257,-0.1285,0.2597,0.0523,-0.0065,-0.9304,0.7316,0.2610,-0.1608,0.3065,0.0107,-0.0107,1.0549
5.0101,0.1262,0.7603,0.2257,-0.1285,0.2597,0.0523,-0.0065,-0.9279,0.7302,0.2610,-0.1608,0.3065,0.0094,-0.0107,1.0545
5.0300,0.1280,0.7594,0.2275,-0.1272,0.2607,0.0522,-0.0121,-0.9257,0.7291,0.2634,-0.1604,0.3084,0.0083,-0.0039,1.0541
5.0305,0.1300,0.7585,0.2275,-0.1272,0.2607,0.0521,-0.0121,-0.9231,0.7279,0.2644,-0.1599,0.3091,0.0074,-0.0011,1.0536
5.0505,0.1320,0.7574,0.2280,-0.1266,0.2608,0.0515,-0.0142,-0.9205,0.7264,0.2658,-0.1595,0.3100,0.0066,-0.0010,1.0530
5.0509,0.1339,0.7566,0.2280,-0.1266,0.2608,0.0512,-0.0142,-0.9181,0.7253,0.2658,-0.1595,0.3100,0.0059,-0.0010,1.0525
5.0599,0.1359,0.7557,0.2283,-0.1259,0.2607,0.0506,-0.0143,-0.9157,0.7239,0.2687,-0.1587,0.3120,0.0049,-0.0016,1.0520
5.0602,0.1378,0.7549,0.2283,-0.1259,0.2607,0.0499,-0.0143,-0.9135,0.7227,0.2700,-0.1584,0.3130,0.0044,0.0008,1.0518
5.0803,0.1400,0.7540,0.2284,-0.1243,0.2600,0.0490,-0.0123,-0.9111,0.7213,0.2711,-0.1578,0.3137,0.0040,0.0015,1.0516
5.0807,0.1418,0.7533,0.2286,-0.1237,0.2599,0.0483,-0.0089,-0.9090,0.7202,0.2719,-0.1574,0.3142,0.0038,0.0033,1.0513
5.1003,0.1440,0.7523,0.2286,-0.1231,0.2596,0.0472,-0.0069,-0.9065,0.7188,0.2725,-0.1565,0.3142,0.0036,0.0028,1.0510
5.1007,0.1456,0.7516,0.2286,-0.1231,0.2596,0.0463,-0.0069,-0.9045,0.7177,0.2734,-0.1563,0.3149,0.0036,0.0018,1.0507
5.1102,0.1476,0.7507,0.2293,-0.1221,0.2597,0.0446,-0.0058,-0.9021,0.7165,0.2736,-0.1557,0.3148,0.0034,0.0015,1.0502
5.1104,0.1496,0.7498,0.2298,-0.1217,0.2600,0.0433,-0.0044,-0.8997,0.7154,0.2744,-0.1556,0.3155,0.0033,0.0007,1.0498
5.1299,0.1514,0.7490,0.2298,-0.1209,0.2597,0.0418,-0.0026,-0.8972,0.7143,0.2747,-0.1550,0.3154,0.0032,0.0011,1.0492
5.1301,0.1535,0.7481,0.2298,-0.1209,0.2597,0.0404,-0.0026,-0.8947,0.7132,0.2747,-0.1550,0.3154,0.0031,0.0011,1.0488
5.1499,0.1554,0.7474,0.2300,-0.1194,0.2591,0.0397,-0.0021,-0.8922,0.7121,0.2763,-0.1537,0.3162,0.0030,-0.0003,1.0482
5.1502,0.1575,0.7465,0.2300,-0.1194,0.2591,0.0390,-0.0021,-0.8898,0.7110,0.2763,-0.1537,0.3162,0.0029,-0.0003,1.0479
5.1602,0.1594,0.7456,0.2307,-0.1178,0.2590,0.0387,-0.0013,-0.8875,0.7099,0.2780,-0.1522,0.3170,0.0025,0.0011,1.0476
5.1700,0.1616,0.7446,0.2313,-0.1174,0.2595,0.0382,-0.0014,-0.8850,0.7085,0.2791,-0.1520,0.3178,0.0016,0.0007,1.0473
5.1703,0.1634,0.7437,0.2313,-0.1174,0.2595,0.0379,-0.0014,-0.8828,0.7073,0.2791,-0.1520,0.3178,0.0012,0.0007,1.0468
5.1900,0.1649,0.7430,0.2318,-0.1163,0.2593,0.0375,-0.0001,-0.8808,0.7063,0.2806,-0.1517,0.3190,0.0012,0.0047,1.0464
5.1903,0.1671,0.7420,0.2318,-0.1163,0.2593,0.0371,-0.0001,-0.8783,0.7050,0.2800,-0.1508,0.3181,0.0013,0.0070,1.0461
5.2002,0.1689,0.7412,0.2320,-0.1148,0.2588,0.0369,-0.0077,-0.8760,0.7040,0.2810,-0.1508,0.3190,0.0012,0.0067,1.0456
5.2005,0.1708,0.7405,0.2320,-0.1148,0.2588,0.0362,-0.0077,-0.8737,0.7030,0.2810,-0.1500,0.3185,0.0011,0.0065,1.0453
5.2201,0.1728,0.7397,0.2321,-0.1134,0.2583,0.0355,-0.0126,-0.8712,0.7019,0.2808,-0.1494,0.3181,0.0011,0.0030,1.0447
5.2204,0.1747,0.7389,0.2321,-0.1134,0.2583,0.0350,-0.0126,-0.8687,0.7008,0.2815,-0.1490,0.3185,0.0009,-0.0014,1.0442
5.2403,0.1767,0.7382,0.2322,-0.1122,0.2579,0.0343,-0.0120,-0.8663,0.6998,0.2818,-0.1479,0.3182,0.0005,-0.0055,1.0437
5.2406,0.1786,0.7373,0.2323,-0.1118,0.2578,0.0337,-0.0110,-0.8639,0.6986,0.2824,-0.1473,0.3185,0.0002,-0.0083,1.0433
5.2498,0.1804,0.7365,0.2321,-0.1116,0.2576,0.0330,-0.0108,-0.8618,0.6977,0.2827,-0.1469,0.3186,0.0000,-0.0094,1.0429
5.2502,0.1825,0.7355,0.2321,-0.1116,0.2576,0.0325,-0.0108,-0.8593,0.6964,0.2827,-0.1469,0.3186,-0.0002,-0.0094,1.0426
5.2701,0.1844,0.7347,0.2322,-0.1108,0.2573,0.0317,-0.0107,-0.8571,0.6952,0.2824,-0.1463,0.3180,-0.0001,-0.0083,1.0422
5.2704,0.1864,0.7339,0.2322,-0.1108,0.2573,0.0298,-0.0107,-0.8549,0.6941,0.2825,-0.1462,0.3181,-0.0003,-0.0084,1.0421
5.2902,0.1884,0.7331,0.2326,-0.1098,0.2572,0.0289,-0.0155,-0.8525,0.6929,0.2822,-0.1459,0.3177,-0.0003,-0.0087,1.0417
5.2906,0.1902,0.7324,0.2326,-0.1098,0.2572,0.0277,-0.0155,-0.8503,0.6918,0.2822,-0.1459,0.3177,-0.0005,-0.0087,1.0413
5.2997,0.1922,0.7315,0.2320,-0.1086,0.2562,0.0267,-0.0213,-0.8478,0.6907,0.2816,-0.1451,0.3168,-0.0004,-0.0058,1.0408
5.3000,0.1941,0.7307,0.2320,-0.1086,0.2562,0.0261,-0.0213,-0.8455,0.6898,0.2819,-0.1448,0.3169,-0.0006,-0.0017,1.0404
5.3202,0.1977,0.7292,0.2323,-0.1071,0.2558,0.0250,-0.0213,-0.8432,0.6887,0.2819,-0.1441,0.3166,-0.0006,0.0014,1.0416
5.3206,0.1977,0.7292,0.2323,-0.1071,0.2558,0.0250,-0.0213,-0.8410,0.6878,0.2820,-0.1437,0.3165,-0.0008,0.0014,1.0395
5.3403,0.1998,0.7283,0.2322,-0.1066,0.2555,0.0240,-0.0213,-0.8386,0.6866,0.2821,-0.1431,0.3163,-0.0010,0.0003,1.0392
5.3406,0.2015,0.7275,0.2322,-0.1066,0.2555,0.0237,-0.0213,-0.8364,0.6855,0.2821,-0.1431,0.3163,-0.0013,0.0003,1.0388
5.3501,0.2034,0.7268,0.2318,-0.1055,0.2547,0.0230,-0.0249,-0.8340,0.6844,0.2821,-0.1418,0.3158,-0.0016,-0.0062,1.0383
5.3506,0.2054,0.7260,0.2318,-0.1055,0.2547,0.0220,-0.0249,-0.8318,0.6833,0.2830,-0.1418,0.3165,-0.0019,-0.0056,1.0381
5.3701,0.2073,0.7252,0.2319,-0.1050,0.2545,0.0214,-0.0261,-0.8296,0.6822,0.2827,-0.1412,0.3160,-0.0018,-0.0036,1.0378
5.3705,0.2093,0.7244,0.2319,-0.1050,0.2545,0.0208,-0.0261,-0.8272,0.6810,0.2827,-0.1412,0.3160,-0.0017,-0.0036,1.0373
5.3901,0.2111,0.7236,0.2317,-0.1044,0.2541,0.0203,-0.0284,-0.8249,0.6801,0.2826,-0.1405,0.3156,-0.0016,-0.0006,1.0369
5.3906,0.2130,0.7226,0.2317,-0.1044,0.2541,0.0199,-0.0284,-0.8225,0.6790,0.2822,-0.1401,0.3151,-0.0016,0.0015,1.0364
5.4001,0.2148,0.7219,0.2314,-0.1032,0.2534,0.0195,-0.0275,-0.8202,0.6779,0.2818,-0.1397,0.3145,-0.0014,0.0038,1.0359
5.4005,0.2168,0.7211,0.2314,-0.1032,0.2534,0.0192,-0.0275,-0.8178,0.6769,0.2818,-0.1397,0.3145,-0.0008,0.0038,1.0355
5.4197,0.2186,0.7204,0.2313,-0.1024,0.2530,0.0185,-0.0274,-0.8156,0.6759,0.2812,-0.1391,0.3137,-0.0006,0.0043,1.0351
5.4200,0.2205,0.7198,0.2313,-0.1024,0.2530,0.0177,-0.0274,-0.8133,0.6750,0.2812,-0.1391,0.3137,-0.0004,0.0043,1.0348
5.4403,0.2224,0.7193,0.2313,-0.1012,0.2524,0.0157,-0.0278,-0.8111,0.6741,0.2809,-0.1383,0.3131,-0.0005,0.0046,1.0345
5.4408,0.2243,0.7186,0.2313,-0.1012,0.2524,0.0139,-0.0278,-0.8089,0.6731,0.2809,-0.1383,0.3131,-0.0006,0.0046,1.0342
5.4497,0.2264,0.7178,0.2309,-0.1000,0.2516,0.0127,-0.0288,-0.8065,0.6720,0.2804,-0.1368,0.3120,-0.0007,0.0060,1.0340
5.4500,0.2284,0.7170,0.2309,-0.1000,0.2516,0.0117,-0.0288,-0.8042,0.6710,0.2804,-0.1368,0.3120,-0.0007,0.0060,1.0336
5.4701,0.2304,0.7164,0.2313,-0.0993,0.2517,0.0112,-0.0300,-0.8021,0.6700,0.2802,-0.1358,0.3114,-0.0007,0.0040,1.0335
5.4704,0.2325,0.7159,0.2320,-0.0990,0.2522,0.0108,-0.0297,-0.8001,0.6693,0.2802,-0.1358,0.3114,-0.0007,0.0040,1.0336
5.4799,0.2347,0.7152,0.2324,-0.0980,0.2522,0.0104,-0.0292,-0.7976,0.6684,0.2791,-0.1345,0.3098,-0.0009,0.0061,1.0334
5.4804,0.2367,0.7146,0.2324,-0.0980,0.2522,0.0100,-0.0292,-0.7954,0.6677,0.2791,-0.1345,0.3098,-0.0013,0.0061,1.0331
5.5003,0.2387,0.7140,0.2331,-0.0968,0.2524,0.0096,-0.0281,-0.7931,0.6669,0.2790,-0.1327,0.3090,-0.0014,0.0062,1.0329
5.5007,0.2406,0.7134,0.2331,-0.0968,0.2524,0.0092,-0.0281,-0.7908,0.6661,0.2790,-0.1327,0.3090,-0.0018,0.0062,1.0325
5.5199,0.2426,0.7128,0.2330,-0.0960,0.2520,0.0087,-0.0254,-0.7886,0.6653,0.2791,-0.1311,0.3084,-0.0020,0.0059,1.0322
5.5202,0.2443,0.7122,0.2330,-0.0960,0.2520,0.0083,-0.0254,-0.7864,0.6645,0.2791,-0.1311,0.3084,-0.0020,0.0059,1.0317
5.5300,0.2462,0.7117,0.2325,-0.0944,0.2509,0.0077,-0.0232,-0.7841,0.6637,0.2786,-0.1292,0.3071,-0.0019,0.0065,1.0314
5.5304,0.2482,0.7110,0.2325,-0.0944,0.2509,0.0072,-0.0232,-0.7819,0.6630,0.2786,-0.1292,0.3071,-0.0018,0.0065,1.0312
5.5497,0.2501,0.7105,0.2323,-0.0927,0.2501,0.0067,-0.0238,-0.7799,0.6624,0.2771,-0.1268,0.3047,-0.0018,0.0080,1.0311
5.5500,0.2522,0.7100,0.2323,-0.0927,0.2501,0.0057,-0.0238,-0.7776,0.6618,0.2765,-0.1257,0.3038,-0.0018,0.0085,1.0309
5.5702,0.2541,0.7096,0.2327,-0.0913,0.2500,0.0049,-0.0221,-0.7756,0.6612,0.2762,-0.1243,0.3029,-0.0017,0.0082,1.0309
5.5705,0.2564,0.7090,0.2326,-0.0908,0.2497,0.0039,-0.0205,-0.7733,0.6604,0.2756,-0.1231,0.3019,-0.0017,0.0081,1.0308
5.5902,0.2583,0.7085,0.2329,-0.0902,0.2497,0.0028,-0.0190,-0.7712,0.6598,0.2755,-0.1218,0.3013,-0.0018,0.0080,1.0306
5.5907,0.2600,0.7080,0.2329,-0.0902,0.2497,0.0023,-0.0190,-0.7690,0.6593,0.2755,-0.1218,0.3013,-0.0018,0.0080,1.0302
5.6000,0.2618,0.7075,0.2320,-0.0885,0.2483,0.0017,-0.0175,-0.7669,0.6587,0.2749,-0.1190,0.2995,-0.0021,0.0070,1.0299
5.6002,0.2638,0.7069,0.2320,-0.0885,0.2483,0.0014,-0.0175,-0.7647,0.6581,0.2749,-0.1190,0.2995,-0.0028,0.0070,1.0296
5.6202,0.2658,0.7063,0.2324,-0.0875,0.2483,0.0013,-0.0174,-0.7625,0.6575,0.2749,-0.1168,0.2987,-0.0032,0.0042,1.0294
5.6204,0.2674,0.7059,0.2324,-0.0870,0.2481,0.0010,-0.0169,-0.7606,0.6571,0.2744,-0.1157,0.2978,-0.0035,0.0042,1.0292
5.6300,0.2697,0.7054,0.2319,-0.0863,0.2474,0.0011,-0.0158,-0.7583,0.6564,0.2731,-0.1145,0.2962,-0.0039,0.0066,1.0291
5.6303,0.2716,0.7049,0.2319,-0.0863,0.2474,0.0008,-0.0158,-0.7563,0.6559,0.2731,-0.1145,0.2962,-0.0042,0.0066,1.0290
5.6502,0.2737,0.7044,0.2324,-0.0848,0.2474,0.0007,-0.0139,-0.7541,0.6553,0.2719,-0.1124,0.2942,-0.0043,0.0109,1.0289
5.6505,0.2758,0.7039,0.2324,-0.0848,0.2474,0.0008,-0.0139,-0.7518,0.6546,0.2714,-0.1114,0.2934,-0.0041,0.0111,1.0288
5.6702,0.2778,0.7034,0.2328,-0.0835,0.2473,0.0009,-0.0133,-0.7498,0.6542,0.2714,-0.1105,0.2930,-0.0040,0.0111,1.0288
5.6705,0.2798,0.7028,0.2324,-0.0825,0.2466,0.0011,-0.0138,-0.7477,0.6538,0.2704,-0.1085,0.2913,-0.0034,0.0125,1.0286
5.6802,0.2816,0.7024,0.2328,-0.0818,0.2467,0.0018,-0.0152,-0.7455,0.6534,0.2702,-0.1069,0.2906,-0.0030,0.0141,1.0282
5.6805,0.2834,0.7019,0.2328,-0.0818,0.2467,0.0025,-0.0152,-0.7433,0.6529,0.2707,-0.1058,0.2906,-0.0026,0.0138,1.0278
5.7002,0.2852,0.7015,0.2326,-0.0802,0.2460,0.0037,-0.0120,-0.7412,0.6525,0.2701,-0.1042,0.2895,-0.0026,0.0144,1.0276
5.7005,0.2871,0.7011,0.2326,-0.0802,0.2460,0.0044,-0.0120,-0.7389,0.6520,0.2701,-0.1042,0.2895,-0.0024,0.0144,1.0272
5.7204,0.2889,0.7008,0.2325,-0.0788,0.2455,0.0046,-0.0070,-0.7369,0.6516,0.2696,-0.1019,0.2882,-0.0022,0.0185,1.0270
5.7301,0.2910,0.7004,0.2321,-0.0779,0.2448,0.0052,-0.0080,-0.7346,0.6512,0.2685,-0.1006,0.2867,-0.0019,0.0225,1.0267
5.7304,0.2927,0.7001,0.2321,-0.0779,0.2448,0.0051,-0.0080,-0.7326,0.6508,0.2685,-0.1006,0.2867,-0.0016,0.0225,1.0265
5.7401,0.2949,0.6998,0.2320,-0.0760,0.2442,0.0054,-0.0094,-0.7302,0.6505,0.2674,-0.0980,0.2848,-0.0012,0.0247,1.0263
5.7403,0.2968,0.6994,0.2326,-0.0751,0.2444,0.0058,-0.0114,-0.7283,0.6502,0.2674,-0.0980,0.2848,-0.0009,0.0247,1.0263
5.7602,0.2987,0.6992,0.2330,-0.0741,0.2445,0.0068,-0.0118,-0.7263,0.6499,0.2671,-0.0950,0.2835,-0.0007,0.0237,1.0261
5.7605,0.3007,0.6989,0.2330,-0.0741,0.2445,0.0089,-0.0118,-0.7241,0.6497,0.2671,-0.0950,0.2835,-0.0003,0.0237,1.0260
5.7800,0.3025,0.6987,0.2326,-0.0716,0.2434,0.0101,-0.0118,-0.7221,0.6494,0.2660,-0.0912,0.2812,0.0001,0.0196,1.0258
5.7804,0.3045,0.6985,0.2326,-0.0716,0.2434,0.0114,-0.0118,-0.7200,0.6491,0.2656,-0.0894,0.2802,0.0006,0.0186,1.0257
5.7899,0.3062,0.6983,0.2323,-0.0692,0.2424,0.0123,-0.0053,-0.7180,0.6488,0.2651,-0.0876,0.2792,0.0010,0.0160,1.0254
5.8001,0.3083,0.6981,0.2319,-0.0681,0.2417,0.0133,-0.0045,-0.7157,0.6485,0.2646,-0.0859,0.2782,0.0014,0.0153,1.0252
5.8004,0.3098,0.6980,0.2319,-0.0681,0.2417,0.0141,-0.0045,-0.7139,0.6483,0.2646,-0.0859,0.2782,0.0018,0.0153,1.0249
5.8203,0.3119,0.6978,0.2316,-0.0655,0.2406,0.0151,-0.0061,-0.7117,0.6481,0.2634,-0.0829,0.2761,0.0026,0.0160,1.0248
5.8206,0.3137,0.6977,0.2316,-0.0655,0.2406,0.0163,-0.0061,-0.7097,0.6479,0.2634,-0.0829,0.2761,0.0028,0.0160,1.0246
5.8301,0.3156,0.6975,0.2320,-0.0631,0.2405,0.0174,-0.0081,-0.7076,0.6478,0.2626,-0.0796,0.2744,0.0031,0.0165,1.0244
5.8305,0.3175,0.6974,0.2320,-0.0631,0.2405,0.0183,-0.0081,-0.7056,0.6477,0.2619,-0.0775,0.2731,0.0031,0.0154,1.0243
5.8502,0.3197,0.6972,0.2319,-0.0602,0.2396,0.0195,-0.0083,-0.7032,0.6475,0.2616,-0.0757,0.2723,0.0034,0.0135,1.0242
5.8505,0.3214,0.6971,0.2319,-0.0602,0.2396,0.0204,-0.0083,-0.7014,0.6473,0.2616,-0.0757,0.2723,0.0039,0.0135,1.0240
5.8601,0.3233,0.6971,0.2321,-0.0578,0.2392,0.0212,-0.0062,-0.6994,0.6472,0.2609,-0.0719,0.2706,0.0043,0.0070,1.0239
5.8606,0.3254,0.6970,0.2320,-0.0564,0.2388,0.0219,-0.0037,-0.6972,0.6471,0.2604,-0.0698,0.2696,0.0046,0.0063,1.0238
5.8799,0.3272,0.6970,0.2323,-0.0548,0.2386,0.0225,-0.0034,-0.6952,0.6470,0.2599,-0.0678,0.2686,0.0049,0.0058,1.0237
5.8802,0.3292,0.6970,0.2323,-0.0548,0.2386,0.0233,-0.0034,-0.6930,0.6470,0.2599,-0.0678,0.2686,0.0051,0.0058,1.0234
5.9000,0.3311,0.6970,0.2323,-0.0513,0.2379,0.0243,-0.0029,-0.6909,0.6469,0.2590,-0.0640,0.2668,0.0049,0.0029,1.0232
5.9004,0.3330,0.6970,0.2323,-0.0513,0.2379,0.0254,-0.0029,-0.6887,0.6469,0.2590,-0.0640,0.2668,0.0049,0.0029,1.0229
5.9203,0.3348,0.6970,0.2325,-0.0482,0.2374,0.0261,0.0011,-0.6869,0.6468,0.2583,-0.0601,0.2652,0.0049,-0.0089,1.0230
5.9206,0.3367,0.6970,0.2325,-0.0482,0.2374,0.0265,0.0011,-0.6850,0.6468,0.2583,-0.0601,0.2652,0.0049,-0.0089,1.0229
5.9300,0.3389,0.6970,0.2325,-0.0457,0.2369,0.0269,0.0050,-0.6829,0.6468,0.2566,-0.0563,0.2627,0.0049,-0.0130,1.0230
5.9305,0.3409,0.6970,0.2325,-0.0457,0.2369,0.0270,0.0050,-0.6809,0.6467,0.2564,-0.0546,0.2622,0.0052,-0.0131,1.0230
5.9503,0.3429,0.6971,0.2331,-0.0432,0.2371,0.0274,0.0089,-0.6788,0.6467,0.2560,-0.0526,0.2614,0.0056,-0.0154,1.0230
5.9507,0.3449,0.6971,0.2330,-0.0415,0.2367,0.0274,0.0116,-0.6768,0.6467,0.2554,-0.0506,0.2604,0.0061,-0.0170,1.0229
5.9701,0.3469,0.6971,0.2330,-0.0399,0.2364,0.0272,0.0127,-0.6747,0.6467,0.2549,-0.0486,0.2595,0.0069,-0.0183,1.0229
5.9706,0.3487,0.6971,0.2330,-0.0399,0.2364,0.0271,0.0127,-0.6728,0.6467,0.2547,-0.0467,0.2589,0.0074,-0.0206,1.0228
5.9800,0.3510,0.6974,0.2324,-0.0375,0.2354,0.0261,0.0118,-0.6705,0.6467,0.2545,-0.0452,0.2584,0.0081,-0.0216,1.0227
5.9805,0.3527,0.6976,0.2324,-0.0375,0.2354,0.0238,0.0118,-0.6685,0.6467,0.2543,-0.0434,0.2580,0.0086,-0.0209,1.0225
6.0002,0.3545,0.6979,0.2321,-0.0340,0.2345,0.0207,0.0104,-0.6664,0.6467,0.2538,-0.0420,0.2572,0.0090,-0.0202,1.0222
6.0004,0.3557,0.6981,0.2321,-0.0340,0.2345,0.0188,0.0104,-0.6645,0.6467,0.2533,-0.0403,0.2565,0.0093,-0.0197,1.0215
6.0102,0.3568,0.6984,0.2301,-0.0305,0.2321,0.0174,0.0060,-0.6626,0.6467,0.2526,-0.0387,0.2555,0.0096,-0.0193,1.0207
6.0107,0.3575,0.6986,0.2301,-0.0305,0.2321,0.0166,0.0060,-0.6606,0.6468,0.2526,-0.0387,0.2555,0.0098,-0.0193,1.0195
6.0299,0.3582,0.6989,0.2265,-0.0272,0.2281,0.0161,0.0022,-0.6587,0.6468,0.2515,-0.0355,0.2540,0.0101,-0.0198,1.0182
6.0301,0.3588,0.6992,0.2265,-0.0272,0.2281,0.0161,0.0022,-0.6564,0.6470,0.2509,-0.0338,0.2531,0.0102,-0.0200,1.0166
6.0499,0.3595,0.6995,0.2213,-0.0236,0.2226,0.0164,0.0018,-0.6544,0.6471,0.2510,-0.0321,0.2530,0.0103,-0.0199,1.0153
6.0501,0.3606,0.6999,0.2213,-0.0236,0.2226,0.0166,0.0018,-0.6522,0.6472,0.2510,-0.0321,0.2530,0.0101,-0.0199,1.0142
6.0602,0.3620,0.7002,0.2168,-0.0202,0.2178,0.0168,-0.0005,-0.6503,0.6473,0.2508,-0.0291,0.2525,0.0101,-0.0203,1.0136
6.0702,0.3641,0.7005,0.2156,-0.0188,0.2165,0.0169,-0.0008,-0.6480,0.6474,0.2507,-0.0278,0.2522,0.0100,-0.0203,1.0134
6.0705,0.3657,0.7008,0.2153,-0.0168,0.2160,0.0169,-0.0002,-0.6463,0.6475,0.2507,-0.0260,0.2520,0.0100,-0.0201,1.0134
6.0900,0.3674,0.7011,0.2149,-0.0154,0.2154,0.0169,-0.0006,-0.6445,0.6475,0.2498,-0.0247,0.2510,0.0099,-0.0193,1.0133
6.0902,0.3692,0.7014,0.2149,-0.0154,0.2154,0.0155,-0.0006,-0.6424,0.6476,0.2498,-0.0247,0.2510,0.0098,-0.0193,1.0130
6.1100,0.3706,0.7018,0.2147,-0.0122,0.2151,0.0124,-0.0016,-0.6403,0.6476,0.2490,-0.0223,0.2500,0.0095,-0.0154,1.0123
6.1103,0.3718,0.7021,0.2147,-0.0122,0.2151,0.0097,-0.0016,-0.6382,0.6477,0.2488,-0.0209,0.2497,0.0092,-0.0117,1.0114
6.1201,0.3729,0.7024,0.2121,-0.0085,0.2123,0.0077,-0.0004,-0.6361,0.6477,0.2487,-0.0196,0.2494,0.0088,-0.0098,1.0105
6.1203,0.3740,0.7028,0.2110,-0.0070,0.2111,0.0058,0.0003,-0.6337,0.6478,0.2490,-0.0187,0.2497,0.0085,-0.0086,1.0092
6.1400,0.3749,0.7032,0.2086,-0.0050,0.2087,0.0046,0.0011,-0.6318,0.6478,0.2491,-0.0173,0.2497,0.0082,-0.0075,1.0082
6.1501,0.3760,0.7037,0.2065,-0.0035,0.2065,0.0033,0.0012,-0.6294,0.6478,0.2490,-0.0162,0.2495,0.0076,-0.0070,1.0070
6.1504,0.3770,0.7041,0.2047,-0.0015,0.2047,0.0030,0.0007,-0.6275,0.6478,0.2493,-0.0149,0.2498,0.0069,-0.0058,1.0061
6.1601,0.3798,0.7049,0.2024,0.0005,0.2024,0.0016,0.0006,-0.6253,0.6478,0.2486,-0.0136,0.2490,0.0054,-0.0059,1.0066
6.1603,0.3798,0.7049,0.2024,0.0005,0.2024,0.0016,0.0006,-0.6230,0.6478,0.2486,-0.0136,0.2490,0.0030,-0.0059,1.0044
6.1798,0.3814,0.7054,0.2000,0.0042,0.2001,0.0009,0.0005,-0.6208,0.6478,0.2494,-0.0120,0.2497,0.0004,-0.0121,1.0038
6.1801,0.3829,0.7058,0.2000,0.0042,0.2001,0.0000,0.0005,-0.6187,0.6478,0.2495,-0.0111,0.2497,-0.0023,-0.0100,1.0033
6.1901,0.3844,0.7062,0.1991,0.0078,0.1992,-0.0017,-0.0027,-0.6167,0.6478,0.2492,-0.0103,0.2494,-0.0043,-0.0066,1.0028
6.1903,0.3858,0.7066,0.1991,0.0078,0.1992,-0.0051,-0.0027,-0.6144,0.6478,0.2492,-0.0103,0.2494,-0.0060,-0.0066,1.0020
6.2101,0.3869,0.7070,0.1975,0.0111,0.1978,-0.0087,-0.0075,-0.6124,0.6477,0.2490,-0.0086,0.2491,-0.0068,-0.0037,1.0010
6.2104,0.3880,0.7076,0.1975,0.0111,0.1978,-0.0139,-0.0075,-0.6099,0.6477,0.2490,-0.0086,0.2491,-0.0072,-0.0037,0.9997
6.2302,0.3890,0.7080,0.1941,0.0143,0.1947,-0.0189,-0.0071,-0.6078,0.6477,0.2493,-0.0068,0.2494,-0.0071,-0.0004,0.9987
6.2305,0.3900,0.7084,0.1941,0.0143,0.1947,-0.0227,-0.0071,-0.6059,0.6477,0.2493,-0.0068,0.2494,-0.0073,-0.0004,0.9978
6.2499,0.3913,0.7088,0.1901,0.0173,0.1909,-0.0265,-0.0061,-0.6040,0.6477,0.2485,-0.0054,0.2486,-0.0076,0.0014,0.9971
6.2502,0.3928,0.7092,0.1901,0.0173,0.1909,-0.0302,-0.0061,-0.6021,0.6477,0.2485,-0.0054,0.2486,-0.0078,0.0014,0.9968
6.2599,0.3944,0.7095,0.1882,0.0200,0.1893,-0.0330,-0.0082,-0.6004,0.6478,0.2483,-0.0044,0.2483,-0.0081,0.0019,0.9967
6.2602,0.3961,0.7098,0.1882,0.0200,0.1893,-0.0355,-0.0082,-0.5985,0.6478,0.2483,-0.0044,0.2483,-0.0082,0.0019,0.9965
6.2801,0.3978,0.7100,0.1872,0.0221,0.1885,-0.0381,-0.0083,-0.5967,0.6479,0.2472,-0.0032,0.2472,-0.0084,0.0041,0.9964
6.2804,0.3996,0.7102,0.1872,0.0221,0.1885,-0.0408,-0.0083,-0.5947,0.6480,0.2472,-0.0032,0.2472,-0.0086,0.0041,0.9962
6.2900,0.4016,0.7104,0.1867,0.0237,0.1882,-0.0434,-0.0065,-0.5924,0.6482,0.2465,-0.0018,0.2465,-0.0093,0.0045,0.9959
6.2903,0.4035,0.7106,0.1867,0.0237,0.1882,-0.0460,-0.0065,-0.5902,0.6484,0.2465,-0.0018,0.2465,-0.0100,0.0045,0.9957
6.3101,0.4052,0.7107,0.1874,0.0252,0.1890,-0.0481,-0.0042,-0.5882,0.6486,0.2472,0.0001,0.2472,-0.0110,0.0043,0.9953
6.3106,0.4069,0.7109,0.1874,0.0252,0.1890,-0.0506,-0.0042,-0.5862,0.6488,0.2471,0.0010,0.2471,-0.0118,0.0045,0.9951
6.3300,0.4087,0.7111,0.1863,0.0265,0.1882,-0.0530,-0.0045,-0.5844,0.6490,0.2470,0.0017,0.2470,-0.0133,0.0041,0.9950
6.3303,0.4104,0.7112,0.1863,0.0265,0.1882,-0.0550,-0.0045,-0.5826,0.6492,0.2465,0.0024,0.2465,-0.0143,0.0044,0.9950
6.3399,0.4125,0.7114,0.1859,0.0276,0.1880,-0.0578,-0.0069,-0.5808,0.6493,0.2458,0.0030,0.2459,-0.0157,0.0050,0.9952
6.3403,0.4145,0.7115,0.1859,0.0276,0.1880,-0.0595,-0.0069,-0.5790,0.6495,0.2458,0.0030,0.2459,-0.0173,0.0050,0.9954
6.3602,0.4166,0.7116,0.1863,0.0287,0.1885,-0.0618,-0.0085,-0.5771,0.6497,0.2449,0.0043,0.2449,-0.0185,0.0058,0.9957
6.3605,0.4187,0.7117,0.1866,0.0291,0.1888,-0.0641,-0.0084,-0.5753,0.6499,0.2445,0.0049,0.2445,-0.0199,0.0066,0.9959
6.3802,0.4207,0.7118,0.1867,0.0294,0.1890,-0.0654,-0.0077,-0.5735,0.6501,0.2439,0.0055,0.2440,-0.0214,0.0074,0.9961
6.3900,0.4228,0.7119,0.1868,0.0296,0.1891,-0.0671,-0.0061,-0.5714,0.6503,0.2435,0.0061,0.2435,-0.0229,0.0076,0.9962
6.3905,0.4246,0.7120,0.1868,0.0296,0.1891,-0.0680,-0.0061,-0.5698,0.6505,0.2431,0.0067,0.2432,-0.0241,0.0090,0.9964
6.4003,0.4267,0.7122,0.1872,0.0301,0.1896,-0.0692,-0.0057,-0.5680,0.6508,0.2421,0.0072,0.2422,-0.0251,0.0141,0.9967
6.4007,0.4288,0.7123,0.1872,0.0301,0.1896,-0.0705,-0.0057,-0.5662,0.6511,0.2413,0.0078,0.2414,-0.0265,0.0208,0.9969
6.4201,0.4310,0.7124,0.1880,0.0306,0.1905,-0.0721,-0.0097,-0.5644,0.6515,0.2414,0.0085,0.2415,-0.0282,0.0243,0.9972
6.4205,0.4331,0.7126,0.1880,0.0306,0.1905,-0.0737,-0.0097,-0.5627,0.6518,0.2411,0.0093,0.2413,-0.0298,0.0256,0.9977
6.4301,0.4350,0.7127,0.1884,0.0311,0.1909,-0.0752,-0.0122,-0.5612,0.6521,0.2403,0.0101,0.2405,-0.0308,0.0257,0.9981
6.4305,0.4374,0.7128,0.1884,0.0311,0.1909,-0.0772,-0.0122,-0.5593,0.6524,0.2403,0.0101,0.2405,-0.0319,0.0257,0.9986
6.4501,0.4395,0.7129,0.1890,0.0315,0.1916,-0.0786,-0.0173,-0.5579,0.6527,0.2389,0.0115,0.2392,-0.0328,0.0271,0.9992
6.4506,0.4417,0.7130,0.1890,0.0315,0.1916,-0.0800,-0.0173,-0.5563,0.6530,0.2389,0.0115,0.2392,-0.0337,0.0271,0.9998
6.4702,0.4438,0.7132,0.1896,0.0319,0.1922,-0.0811,-0.0230,-0.5548,0.6533,0.2369,0.0127,0.2372,-0.0346,0.0290,1.0003
6.4706,0.4461,0.7133,0.1896,0.0319,0.1922,-0.0828,-0.0230,-0.5530,0.6537,0.2369,0.0127,0.2372,-0.0357,0.0290,1.0009
6.4806,0.4483,0.7134,0.1903,0.0319,0.1929,-0.0837,-0.0258,-0.5514,0.6540,0.2349,0.0140,0.2353,-0.0363,0.0320,1.0015
6.4811,0.4506,0.7136,0.1911,0.0317,0.1937,-0.0844,-0.0265,-0.5497,0.6545,0.2341,0.0147,0.2346,-0.0375,0.0319,1.0020
6.5000,0.4529,0.7138,0.1922,0.0314,0.1947,-0.0853,-0.0263,-0.5479,0.6551,0.2335,0.0156,0.2341,-0.0385,0.0321,1.0025
6.5005,0.4551,0.7140,0.1922,0.0314,0.1947,-0.0857,-0.0263,-0.5462,0.6556,0.2333,0.0167,0.2339,-0.0395,0.0326,1.0030
6.5205,0.4574,0.7142,0.1966,0.0312,0.1991,-0.0865,-0.0204,-0.5443,0.6561,0.2328,0.0177,0.2335,-0.0408,0.0328,1.0034
6.5209,0.4596,0.7145,0.1997,0.0311,0.2021,-0.0869,-0.0171,-0.5428,0.6565,0.2326,0.0186,0.2333,-0.0417,0.0342,1.0041
6.5399,0.4620,0.7149,0.2028,0.0313,0.2052,-0.0876,-0.0140,-0.5411,0.6571,0.2318,0.0194,0.2326,-0.0432,0.0353,1.0047
6.5402,0.4641,0.7152,0.2063,0.0314,0.2087,-0.0882,-0.0049,-0.5395,0.6575,0.2307,0.0202,0.2315,-0.0442,0.0361,1.0053
6.5502,0.4666,0.7156,0.2093,0.0314,0.2116,-0.0892,0.0034,-0.5378,0.6581,0.2298,0.0209,0.2308,-0.0453,0.0363,1.0060
6.5506,0.4687,0.7159,0.2093,0.0314,0.2116,-0.0899,0.0034,-0.5365,0.6585,0.2298,0.0209,0.2308,-0.0462,0.0363,1.0068
6.5700,0.4710,0.7162,0.2134,0.0314,0.2157,-0.0905,0.0089,-0.5349,0.6590,0.2276,0.0225,0.2287,-0.0471,0.0347,1.0075
6.5703,0.4732,0.7166,0.2139,0.0313,0.2162,-0.0911,0.0057,-0.5332,0.6596,0.2263,0.0233,0.2275,-0.0482,0.0341,1.0081
6.5800,0.4755,0.7169,0.2151,0.0315,0.2174,-0.0915,0.0019,-0.5317,0.6601,0.2261,0.0243,0.2274,-0.0488,0.0341,1.0088
6.5803,0.4780,0.7173,0.2162,0.0316,0.2185,-0.0916,-0.0019,-0.5298,0.6607,0.2256,0.0252,0.2270,-0.0498,0.0339,1.0094
6.6003,0.4803,0.7177,0.2176,0.0317,0.2199,-0.0918,-0.0047,-0.5282,0.6613,0.2252,0.0263,0.2267,-0.0507,0.0325,1.0101
6.6100,0.4829,0.7182,0.2194,0.0318,0.2217,-0.0918,-0.0052,-0.5264,0.6620,0.2242,0.0273,0.2258,-0.0516,0.0318,1.0108
6.6103,0.4851,0.7185,0.2194,0.0318,0.2217,-0.0918,-0.0052,-0.5251,0.6625,0.2242,0.0273,0.2258,-0.0522,0.0318,1.0117
6.6300,0.4876,0.7190,0.2244,0.0322,0.2267,-0.0919,-0.0042,-0.5234,0.6631,0.2221,0.0295,0.2240,-0.0529,0.0307,1.0126
6.6302,0.4898,0.7194,0.2244,0.0322,0.2267,-0.0922,-0.0042,-0.5221,0.6637,0.2221,0.0295,0.2240,-0.0533,0.0307,1.0135
6.6400,0.4923,0.7200,0.2300,0.0325,0.2322,-0.0924,0.0022,-0.5203,0.6645,0.2194,0.0318,0.2217,-0.0546,0.0285,1.0141
6.6403,0.4945,0.7205,0.2300,0.0325,0.2322,-0.0924,0.0022,-0.5188,0.6651,0.2194,0.0318,0.2217,-0.0557,0.0285,1.0148
6.6600,0.4969,0.7210,0.2350,0.0327,0.2372,-0.0922,0.0055,-0.5172,0.6658,0.2173,0.0345,0.2201,-0.0566,0.0247,1.0156
6.6603,0.4991,0.7214,0.2350,0.0327,0.2372,-0.0920,0.0055,-0.5157,0.6665,0.2173,0.0345,0.2201,-0.0573,0.0247,1.0163
6.6699,0.5039,0.7222,0.2386,0.0328,0.2408,-0.0891,0.0064,-0.5143,0.6671,0.2145,0.0373,0.2178,-0.0583,0.0203,1.0197
6.6700,0.5039,0.7222,0.2386,0.0328,0.2408,-0.0891,0.0064,-0.5127,0.6679,0.2129,0.0387,0.2164,-0.0599,0.0169,1.0180
6.6901,0.5061,0.7227,0.2419,0.0329,0.2441,-0.0876,0.0106,-0.5113,0.6686,0.2120,0.0402,0.2158,-0.0607,0.0133,1.0188
6.6903,0.5084,0.7232,0.2435,0.0331,0.2457,-0.0868,0.0098,-0.5098,0.6693,0.2120,0.0402,0.2158,-0.0621,0.0133,1.0196
6.7102,0.5106,0.7238,0.2451,0.0331,0.2474,-0.0867,0.0103,-0.5084,0.6699,0.2094,0.0431,0.2138,-0.0634,0.0091,1.0204
6.7199,0.5132,0.7244,0.2474,0.0335,0.2496,-0.0862,0.0088,-0.5067,0.6707,0.2080,0.0444,0.2127,-0.0647,0.0064,1.0213
6.7201,0.5152,0.7247,0.2474,0.0335,0.2496,-0.0858,0.0088,-0.5054,0.6713,0.2080,0.0444,0.2127,-0.0660,0.0064,1.0220
6.7302,0.5176,0.7251,0.2525,0.0335,0.2547,-0.0845,0.0110,-0.5038,0.6720,0.2049,0.0470,0.2102,-0.0681,0.0010,1.0228
6.7305,0.5201,0.7254,0.2552,0.0333,0.2574,-0.0830,0.0250,-0.5022,0.6727,0.2043,0.0484,0.2100,-0.0700,0.0003,1.0236
6.7502,0.5224,0.7257,0.2576,0.0332,0.2597,-0.0820,0.0410,-0.5007,0.6734,0.2036,0.0499,0.2096,-0.0714,-0.0008,1.0244
6.7505,0.5249,0.7259,0.2576,0.0332,0.2597,-0.0808,0.0410,-0.4991,0.6743,0.2036,0.0499,0.2096,-0.0730,-0.0008,1.0254
6.7605,0.5271,0.7262,0.2611,0.0329,0.2631,-0.0800,0.0549,-0.4978,0.6750,0.2024,0.0530,0.2093,-0.0744,-0.0084,1.0262
6.7802,0.5294,0.7267,0.2619,0.0329,0.2640,-0.0794,0.0580,-0.4962,0.6760,0.2013,0.0545,0.2086,-0.0763,-0.0135,1.0268
6.7805,0.5316,0.7272,0.2619,0.0329,0.2640,-0.0797,0.0580,-0.4947,0.6768,0.2013,0.0545,0.2086,-0.0777,-0.0135,1.0275
6.7898,0.5338,0.7278,0.2641,0.0341,0.2662,-0.0797,0.0585,-0.4928,0.6776,0.2001,0.0577,0.2082,-0.0802,-0.0253,1.0279
6.7901,0.5357,0.7284,0.2641,0.0341,0.2662,-0.0797,0.0585,-0.4912,0.6783,0.2001,0.0577,0.2082,-0.0819,-0.0253,1.0281
6.8101,0.5373,0.7290,0.2643,0.0357,0.2667,-0.0797,0.0478,-0.4897,0.6789,0.1980,0.0599,0.2069,-0.0836,-0.0293,1.0282
6.8104,0.5396,0.7300,0.2643,0.0366,0.2669,-0.0802,0.0419,-0.4880,0.6796,0.1970,0.0607,0.2061,-0.0851,-0.0296,1.0288
6.8299,0.5414,0.7308,0.2654,0.0382,0.2681,-0.0812,0.0136,-0.4864,0.6802,0.1966,0.0615,0.2060,-0.0864,-0.0296,1.0290
6.8303,0.5433,0.7316,0.2654,0.0382,0.2681,-0.0835,0.0136,-0.4846,0.6807,0.1966,0.0615,0.2060,-0.0882,-0.0296,1.0292
6.8401,0.5451,0.7324,0.2657,0.0408,0.2688,-0.0857,0.0068,-0.4830,0.6812,0.1960,0.0631,0.2059,-0.0894,-0.0145,1.0294
6.8404,0.5470,0.7332,0.2657,0.0408,0.2688,-0.0882,0.0068,-0.4813,0.6817,0.1955,0.0637,0.2056,-0.0904,-0.0069,1.0297
6.8600,0.5489,0.7339,0.2650,0.0433,0.2685,-0.0893,0.0036,-0.4797,0.6822,0.1953,0.0645,0.2056,-0.0913,-0.0024,1.0299
6.8604,0.5510,0.7349,0.2650,0.0433,0.2685,-0.0909,0.0036,-0.4779,0.6828,0.1953,0.0645,0.2056,-0.0918,-0.0024,1.0302
6.8701,0.5528,0.7356,0.2645,0.0463,0.2685,-0.0917,-0.0052,-0.4763,0.6834,0.1947,0.0659,0.2055,-0.0923,-0.0007,1.0304
6.8705,0.5548,0.7364,0.2645,0.0463,0.2685,-0.0928,-0.0052,-0.4746,0.6841,0.1947,0.0659,0.2055,-0.0935,-0.0007,1.0307
6.8901,0.5570,0.7371,0.2639,0.0489,0.2684,-0.0937,-0.0130,-0.4728,0.6848,0.1938,0.0675,0.2052,-0.0946,-0.0030,1.0311
6.8904,0.5592,0.7379,0.2647,0.0502,0.2694,-0.0939,-0.0136,-0.4710,0.6857,0.1941,0.0686,0.2059,-0.0956,-0.0043,1.0316
6.9103,0.5612,0.7386,0.2649,0.0516,0.2699,-0.0945,-0.0141,-0.4696,0.6863,0.1940,0.0698,0.2062,-0.0969,-0.0054,1.0321
6.9106,0.5634,0.7395,0.2649,0.0516,0.2699,-0.0950,-0.0141,-0.4680,0.6870,0.1933,0.0705,0.2058,-0.0985,-0.0053,1.0327
6.9199,0.5657,0.7404,0.2649,0.0541,0.2704,-0.0955,-0.0171,-0.4661,0.6878,0.1929,0.0712,0.2056,-0.0996,-0.0060,1.0332
6.9202,0.5677,0.7412,0.2649,0.0541,0.2704,-0.0958,-0.0171,-0.4646,0.6884,0.1929,0.0712,0.2056,-0.1004,-0.0060,1.0336
6.9403,0.5719,0.7427,0.2653,0.0586,0.2716,-0.0963,-0.0155,-0.4626,0.6892,0.1934,0.0727,0.2066,-0.1012,-0.0043,1.0360
6.9407,0.5719,0.7427,0.2653,0.0586,0.2716,-0.0963,-0.0155,-0.4611,0.6897,0.1934,0.0727,0.2066,-0.1017,-0.0043,1.0344
6.9601,0.5742,0.7434,0.2649,0.0596,0.2715,-0.0964,-0.0134,-0.4589,0.6905,0.1936,0.0740,0.2073,-0.1027,-0.0032,1.0345
6.9606,0.5762,0.7441,0.2651,0.0608,0.2720,-0.0964,-0.0098,-0.4573,0.6911,0.1947,0.0750,0.2086,-0.1034,-0.0034,1.0349
6.9706,0.5806,0.7457,0.2650,0.0619,0.2721,-0.0962,-0.0064,-0.4552,0.6919,0.1950,0.0757,0.2092,-0.1042,-0.0044,1.0372
6.9708,0.5806,0.7457,0.2650,0.0619,0.2721,-0.0962,-0.0064,-0.4535,0.6925,0.1956,0.0765,0.2100,-0.1047,-0.0054,1.0355
6.9900,0.5832,0.7465,0.2646,0.0645,0.2724,-0.0959,-0.0037,-0.4516,0.6932,0.1958,0.0770,0.2104,-0.1056,-0.0057,1.0362
6.9903,0.5853,0.7473,0.2646,0.0645,0.2724,-0.0956,-0.0037,-0.4500,0.6938,0.1961,0.0775,0.2108,-0.1060,-0.0060,1.0366
7.0100,0.5875,0.7482,0.2647,0.0671,0.2730,-0.0954,-0.0116,-0.4481,0.6944,0.1958,0.0775,0.2106,-0.1067,-0.0055,1.0370
7.0104,0.5898,0.7491,0.2647,0.0671,0.2730,-0.0953,-0.0116,-0.4461,0.6951,0.1958,0.0775,0.2106,-0.1073,-0.0055,1.0373
7.0198,0.5921,0.7500,0.2649,0.0698,0.2739,-0.0952,-0.0175,-0.4441,0.6957,0.1965,0.0780,0.2114,-0.1077,-0.0020,1.0376
7.0203,0.5944,0.7509,0.2649,0.0698,0.2739,-0.0951,-0.0175,-0.4420,0.6964,0.1975,0.0783,0.2124,-0.1081,0.0023,1.0378
7.0400,0.5965,0.7517,0.2648,0.0719,0.2744,-0.0949,-0.0173,-0.4401,0.6971,0.1982,0.0787,0.2133,-0.1085,0.0044,1.0380
7.0500,0.5989,0.7527,0.2646,0.0729,0.2745,-0.0947,-0.0174,-0.4378,0.6979,0.1989,0.0791,0.2141,-0.1089,0.0059,1.0381
7.0502,0.6009,0.7535,0.2646,0.0741,0.2748,-0.0946,-0.0175,-0.4359,0.6986,0.2001,0.0797,0.2154,-0.1092,0.0088,1.0383
7.0598,0.6032,0.7544,0.2645,0.0752,0.2750,-0.0943,-0.0183,-0.4338,0.6993,0.2012,0.0801,0.2166,-0.1094,0.0098,1.0384
7.0601,0.6054,0.7552,0.2645,0.0752,0.2750,-0.0940,-0.0183,-0.4317,0.7000,0.2012,0.0801,0.2166,-0.1097,0.0098,1.0385
7.0799,0.6079,0.7561,0.2643,0.0773,0.2754,-0.0934,-0.0209,-0.4294,0.7009,0.2032,0.0808,0.2186,-0.1100,0.0118,1.0387
7.0802,0.6099,0.7570,0.2643,0.0773,0.2754,-0.0927,-0.0209,-0.4273,0.7016,0.2032,0.0808,0.2186,-0.1104,0.0118,1.0387
7.1003,0.6121,0.7578,0.2638,0.0794,0.2755,-0.0921,-0.0210,-0.4253,0.7023,0.2049,0.0817,0.2206,-0.1112,0.0142,1.0389
7.1009,0.6143,0.7588,0.2638,0.0794,0.2755,-0.0913,-0.0210,-0.4232,0.7031,0.2057,0.0821,0.2215,-0.1117,0.0149,1.0390
7.1100,0.6164,0.7597,0.2628,0.0813,0.2751,-0.0908,-0.0235,-0.4212,0.7039,0.2064,0.0823,0.2222,-0.1122,0.0151,1.0391
7.1103,0.6190,0.7609,0.2628,0.0813,0.2751,-0.0898,-0.0235,-0.4187,0.7049,0.2064,0.0823,0.2222,-0.1134,0.0151,1.0392
7.1303,0.6211,0.7618,0.2627,0.0838,0.2757,-0.0891,-0.0322,-0.4166,0.7058,0.2094,0.0836,0.2255,-0.1140,0.0154,1.0392
7.1309,0.6234,0.7627,0.2626,0.0848,0.2759,-0.0881,-0.0360,-0.4144,0.7066,0.2110,0.0842,0.2272,-0.1145,0.0154,1.0393
7.1498,0.6255,0.7634,0.2622,0.0854,0.2758,-0.0873,-0.0364,-0.4123,0.7073,0.2119,0.0842,0.2280,-0.1153,0.0156,1.0392
7.1501,0.6277,0.7642,0.2622,0.0854,0.2758,-0.0863,-0.0364,-0.4099,0.7081,0.2132,0.0844,0.2293,-0.1166,0.0167,1.0391
7.1702,0.6318,0.7658,0.2617,0.0865,0.2756,-0.0841,-0.0345,-0.4076,0.7090,0.2147,0.0846,0.2308,-0.1178,0.0163,1.0410
7.1704,0.6318,0.7658,0.2617,0.0865,0.2756,-0.0841,-0.0345,-0.4055,0.7098,0.2162,0.0850,0.2324,-0.1189,0.0163,1.0388
7.1803,0.6363,0.7676,0.2610,0.0881,0.2755,-0.0827,-0.0300,-0.4028,0.7109,0.2177,0.0853,0.2338,-0.1186,0.0165,1.0407
7.1805,0.6363,0.7676,0.2610,0.0881,0.2755,-0.0827,-0.0300,-0.4006,0.7117,0.2198,0.0860,0.2360,-0.1186,0.0162,1.0385
7.2001,0.6389,0.7686,0.2605,0.0898,0.2755,-0.0816,-0.0327,-0.3981,0.7127,0.2212,0.0861,0.2374,-0.1186,0.0164,1.0385
7.2004,0.6410,0.7694,0.2605,0.0898,0.2755,-0.0809,-0.0327,-0.3960,0.7134,0.2212,0.0861,0.2374,-0.1187,0.0164,1.0384
7.2099,0.6433,0.7704,0.2608,0.0913,0.2763,-0.0804,-0.0318,-0.3937,0.7144,0.2248,0.0870,0.2411,-0.1191,0.0171,1.0384
7.2102,0.6455,0.7714,0.2602,0.0920,0.2760,-0.0800,-0.0312,-0.3914,0.7152,0.2261,0.0873,0.2424,-0.1193,0.0172,1.0384
7.2301,0.6476,0.7725,0.2604,0.0934,0.2767,-0.0794,-0.0313,-0.3890,0.7162,0.2280,0.0879,0.2444,-0.1194,0.0170,1.0381
7.2303,0.6494,0.7733,0.2604,0.0934,0.2767,-0.0788,-0.0313,-0.3869,0.7169,0.2280,0.0879,0.2444,-0.1197,0.0170,1.0379
7.2501,0.6513,0.7742,0.2587,0.0958,0.2758,-0.0781,-0.0568,-0.3844,0.7179,0.2306,0.0885,0.2470,-0.1199,0.0191,1.0372
7.2504,0.6535,0.7752,0.2578,0.0969,0.2754,-0.0775,-0.0638,-0.3819,0.7189,0.2326,0.0889,0.2490,-0.1201,0.0235,1.0370
7.2598,0.6553,0.7760,0.2572,0.0985,0.2754,-0.0769,-0.0688,-0.3796,0.7198,0.2344,0.0893,0.2509,-0.1202,0.0320,1.0365
7.2601,0.6575,0.7768,0.2572,0.0985,0.2754,-0.0762,-0.0688,-0.3771,0.7207,0.2364,0.0894,0.2527,-0.1204,0.0395,1.0361
7.2799,0.6594,0.7776,0.2563,0.1002,0.2752,-0.0757,-0.0662,-0.3749,0.7216,0.2382,0.0894,0.2545,-0.1205,0.0483,1.0358
7.2901,0.6616,0.7785,0.2556,0.1008,0.2748,-0.0750,-0.0637,-0.3722,0.7227,0.2396,0.0896,0.2558,-0.1204,0.0535,1.0353
7.2904,0.6634,0.7793,0.2555,0.1014,0.2749,-0.0743,-0.0603,-0.3700,0.7235,0.2413,0.0901,0.2575,-0.1204,0.0561,1.0349
7.3000,0.6655,0.7803,0.2555,0.1017,0.2751,-0.0735,-0.0526,-0.3672,0.7245,0.2425,0.0904,0.2588,-0.1205,0.0557,1.0343
7.3002,0.6674,0.7813,0.2555,0.1017,0.2751,-0.0728,-0.0526,-0.3649,0.7253,0.2425,0.0904,0.2588,-0.1205,0.0557,1.0338
7.3199,0.6696,0.7824,0.2557,0.1026,0.2755,-0.0724,-0.0186,-0.3622,0.7263,0.2462,0.0915,0.2626,-0.1206,0.0551,1.0333
7.3202,0.6719,0.7834,0.2557,0.1026,0.2755,-0.0712,-0.0186,-0.3597,0.7272,0.2484,0.0922,0.2650,-0.1207,0.0511,1.0331
7.3304,0.6740,0.7843,0.2571,0.1036,0.2772,-0.0705,-0.0131,-0.3574,0.7282,0.2498,0.0930,0.2666,-0.1209,0.0414,1.0329
7.3307,0.6763,0.7853,0.2571,0.1036,0.2772,-0.0696,-0.0131,-0.3549,0.7293,0.2514,0.0940,0.2684,-0.1212,0.0344,1.0328
7.3502,0.6782,0.7860,0.2585,0.1042,0.2788,-0.0686,-0.0110,-0.3527,0.7302,0.2527,0.0951,0.2701,-0.1213,0.0297,1.0324
7.3506,0.6804,0.7870,0.2585,0.1042,0.2788,-0.0667,-0.0110,-0.3500,0.7313,0.2527,0.0951,0.2701,-0.1216,0.0297,1.0319
7.3700,0.6823,0.7878,0.2588,0.1042,0.2789,-0.0650,-0.0019,-0.3476,0.7323,0.2557,0.0970,0.2735,-0.1219,0.0249,1.0314
7.3703,0.6843,0.7887,0.2590,0.1044,0.2793,-0.0636,0.0049,-0.3450,0.7334,0.2574,0.0979,0.2754,-0.1224,0.0245,1.0308
7.3904,0.6883,0.7907,0.2587,0.1053,0.2793,-0.0611,0.0115,-0.3425,0.7344,0.2591,0.0986,0.2772,-0.1229,0.0253,1.0324
7.3906,0.6883,0.7907,0.2587,0.1053,0.2793,-0.0611,0.0115,-0.3399,0.7354,0.2606,0.0991,0.2788,-0.1236,0.0259,1.0297
7.4001,0.6906,0.7918,0.2582,0.1055,0.2790,-0.0601,0.0130,-0.3372,0.7365,0.2623,0.0994,0.2805,-0.1243,0.0268,1.0293
7.4005,0.6928,0.7929,0.2582,0.1055,0.2790,-0.0589,0.0130,-0.3345,0.7375,0.2648,0.1003,0.2832,-0.1247,0.0270,1.0288
7.4202,0.6949,0.7939,0.2588,0.1069,0.2800,-0.0579,0.0172,-0.3320,0.7385,0.2670,0.1010,0.2855,-0.1252,0.0273,1.0283
7.4206,0.6968,0.7949,0.2588,0.1069,0.2800,-0.0570,0.0172,-0.3296,0.7394,0.2683,0.1014,0.2869,-0.1256,0.0260,1.0279
7.4399,0.6991,0.7961,0.2582,0.1074,0.2796,-0.0558,0.0187,-0.3267,0.7406,0.2700,0.1019,0.2886,-0.1265,0.0252,1.0274
7.4402,0.7009,0.7971,0.2582,0.1074,0.2796,-0.0552,0.0187,-0.3242,0.7415,0.2700,0.1019,0.2886,-0.1268,0.0252,1.0266
7.4499,0.7031,0.7983,0.2579,0.1089,0.2800,-0.0541,0.0168,-0.3215,0.7428,0.2737,0.1037,0.2927,-0.1272,0.0255,1.0260
7.4501,0.7051,0.7994,0.2579,0.1089,0.2800,-0.0532,0.0168,-0.3188,0.7439,0.2737,0.1037,0.2927,-0.1276,0.0255,1.0253
7.4699,0.7071,0.8004,0.2576,0.1106,0.2804,-0.0524,0.0138,-0.3161,0.7450,0.2770,0.1056,0.2965,-0.1277,0.0261,1.0247
7.4702,0.7091,0.8015,0.2576,0.1106,0.2804,-0.0517,0.0138,-0.3134,0.7461,0.2770,0.1056,0.2965,-0.1277,0.0261,1.0240
7.4900,0.7110,0.8025,0.2569,0.1116,0.2801,-0.0510,0.0118,-0.3107,0.7472,0.2803,0.1072,0.3000,-0.1277,0.0266,1.0231
7.4905,0.7130,0.8036,0.2569,0.1116,0.2801,-0.0506,0.0118,-0.3078,0.7485,0.2819,0.1079,0.3018,-0.1276,0.0265,1.0224
7.5001,0.7148,0.8047,0.2556,0.1127,0.2793,-0.0503,0.0215,-0.3053,0.7496,0.2843,0.1093,0.3046,-0.1277,0.0254,1.0216
7.5098,0.7169,0.8060,0.2546,0.1131,0.2785,-0.0502,0.0241,-0.3022,0.7509,0.2855,0.1103,0.3061,-0.1278,0.0243,1.0206
7.5102,0.7186,0.8071,0.2546,0.1131,0.2785,-0.0501,0.0241,-0.2998,0.7519,0.2877,0.1116,0.3086,-0.1279,0.0219,1.0199
7.5299,0.7207,0.8082,0.2531,0.1142,0.2777,-0.0500,0.0288,-0.2969,0.7530,0.2885,0.1123,0.3096,-0.1280,0.0173,1.0191
7.5302,0.7226,0.8092,0.2531,0.1142,0.2777,-0.0498,0.0288,-0.2943,0.7541,0.2885,0.1123,0.3096,-0.1281,0.0173,1.0184
7.5402,0.7246,0.8103,0.2523,0.1151,0.2773,-0.0495,0.0275,-0.2915,0.7553,0.2916,0.1139,0.3131,-0.1283,0.0150,1.0176
7.5405,0.7265,0.8113,0.2523,0.1151,0.2773,-0.0490,0.0275,-0.2889,0.7565,0.2916,0.1139,0.3131,-0.1284,0.0150,1.0169
7.5597,0.7284,0.8124,0.2511,0.1156,0.2764,-0.0483,0.0268,-0.2863,0.7578,0.2940,0.1159,0.3160,-0.1285,0.0146,1.0162
7.5599,0.7302,0.8135,0.2511,0.1156,0.2764,-0.0473,0.0268,-0.2838,0.7590,0.2940,0.1159,0.3160,-0.1287,0.0146,1.0155
7.5700,0.7319,0.8146,0.2496,0.1166,0.2755,-0.0465,0.0265,-0.2813,0.7601,0.2956,0.1179,0.3183,-0.1288,0.0116,1.0146
7.5703,0.7340,0.8160,0.2481,0.1170,0.2743,-0.0455,0.0258,-0.2784,0.7614,0.2963,0.1185,0.3191,-0.1289,0.0097,1.0138
7.5900,0.7358,0.8171,0.2481,0.1180,0.2747,-0.0445,0.0257,-0.2757,0.7624,0.2980,0.1197,0.3211,-0.1291,0.0090,1.0130
7.6001,0.7379,0.8183,0.2475,0.1185,0.2744,-0.0435,0.0255,-0.2729,0.7636,0.2992,0.1202,0.3225,-0.1293,0.0083,1.0123
7.6003,0.7399,0.8193,0.2475,0.1185,0.2744,-0.0425,0.0255,-0.2701,0.7647,0.2992,0.1202,0.3225,-0.1295,0.0083,1.0114
7.6201,0.7416,0.8202,0.2470,0.1192,0.2743,-0.0417,0.0260,-0.2676,0.7656,0.3022,0.1217,0.3258,-0.1296,0.0113,1.0107
7.6203,0.7437,0.8213,0.2470,0.1192,0.2743,-0.0407,0.0260,-0.2647,0.7668,0.3022,0.1217,0.3258,-0.1297,0.0113,1.0099
7.6302,0.7456,0.8224,0.2452,0.1191,0.2725,-0.0401,0.0380,-0.2621,0.7679,0.3037,0.1220,0.3273,-0.1298,0.0141,1.0092
7.6399,0.7477,0.8237,0.2444,0.1194,0.2720,-0.0392,0.0386,-0.2592,0.7692,0.3045,0.1226,0.3283,-0.1298,0.0155,1.0083
7.6402,0.7494,0.8247,0.2444,0.1194,0.2720,-0.0383,0.0386,-0.2566,0.7703,0.3062,0.1239,0.3303,-0.1299,0.0149,1.0075
7.6600,0.7512,0.8260,0.2433,0.1211,0.2718,-0.0373,0.0371,-0.2539,0.7716,0.3065,0.1244,0.3308,-0.1300,0.0156,1.0065
7.6603,0.7528,0.8271,0.2433,0.1211,0.2718,-0.0362,0.0371,-0.2514,0.7727,0.3075,0.1253,0.3321,-0.1300,0.0160,1.0057
7.6802,0.7549,0.8284,0.2420,0.1226,0.2713,-0.0352,0.0285,-0.2484,0.7739,0.3082,0.1258,0.3329,-0.1299,0.0164,1.0048
7.6806,0.7567,0.8294,0.2420,0.1226,0.2713,-0.0344,0.0285,-0.2459,0.7748,0.3082,0.1258,0.3329,-0.1299,0.0164,1.0040
7.6900,0.7587,0.8307,0.2407,0.1236,0.2705,-0.0333,0.0313,-0.2428,0.7761,0.3096,0.1263,0.3344,-0.1294,0.0221,1.0031
7.6903,0.7605,0.8318,0.2407,0.1236,0.2705,-0.0323,0.0313,-0.2402,0.7771,0.3096,0.1263,0.3344,-0.1288,0.0221,1.0021
7.7102,0.7623,0.8331,0.2390,0.1247,0.2696,-0.0313,0.0363,-0.2374,0.7784,0.3116,0.1274,0.3367,-0.1280,0.0256,1.0012
7.7104,0.7640,0.8343,0.2390,0.1247,0.2696,-0.0306,0.0363,-0.2347,0.7796,0.3116,0.1274,0.3367,-0.1275,0.0256,1.0002
7.7201,0.7655,0.8355,0.2370,0.1258,0.2683,-0.0302,0.0362,-0.2323,0.7808,0.3133,0.1288,0.3387,-0.1270,0.0270,0.9993
7.7203,0.7675,0.8369,0.2370,0.1258,0.2683,-0.0297,0.0362,-0.2297,0.7822,0.3133,0.1292,0.3389,-0.1265,0.0268,0.9987
7.7402,0.7692,0.8380,0.2361,0.1271,0.2681,-0.0291,0.0358,-0.2273,0.7835,0.3144,0.1305,0.3404,-0.1264,0.0265,0.9981
7.7405,0.7713,0.8394,0.2361,0.1271,0.2681,-0.0284,0.0358,-0.2246,0.7850,0.3144,0.1305,0.3404,-0.1263,0.0265,0.9974
7.7602,0.7728,0.8405,0.2355,0.1284,0.2682,-0.0278,0.0323,-0.2225,0.7861,0.3146,0.1322,0.3413,-0.1261,0.0214,0.9968
7.7605,0.7747,0.8420,0.2355,0.1284,0.2682,-0.0266,0.0323,-0.2198,0.7876,0.3146,0.1322,0.3413,-0.1257,0.0214,0.9960
7.7701,0.7763,0.8432,0.2344,0.1303,0.2682,-0.0258,0.0223,-0.2173,0.7887,0.3146,0.1337,0.3418,-0.1255,0.0188,0.9951
7.7798,0.7780,0.8446,0.2337,0.1312,0.2680,-0.0247,0.0173,-0.2146,0.7900,0.3151,0.1343,0.3425,-0.1251,0.0181,0.9941
7.7800,0.7795,0.8457,0.2337,0.1312,0.2680,-0.0240,0.0173,-0.2121,0.7910,0.3151,0.1343,0.3425,-0.1247,0.0181,0.9931
7.8001,0.7812,0.8469,0.2321,0.1328,0.2674,-0.0233,0.0135,-0.2094,0.7922,0.3157,0.1350,0.3434,-0.1240,0.0191,0.9922
7.8004,0.7830,0.8482,0.2321,0.1328,0.2674,-0.0222,0.0135,-0.2068,0.7934,0.3157,0.1350,0.3434,-0.1231,0.0191,0.9913
7.8203,0.7848,0.8494,0.2313,0.1337,0.2671,-0.0210,0.0155,-0.2041,0.7947,0.3162,0.1362,0.3443,-0.1219,0.0204,0.9904
7.8205,0.7865,0.8506,0.2303,0.1340,0.2664,-0.0201,0.0177,-0.2016,0.7961,0.3161,0.1369,0.3445,-0.1207,0.0208,0.9896
7.8301,0.7898,0.8531,0.2293,0.1343,0.2657,-0.0181,0.0216,-0.1992,0.7976,0.3162,0.1378,0.3449,-0.1199,0.0198,0.9905
7.8304,0.7898,0.8531,0.2293,0.1343,0.2657,-0.0181,0.0216,-0.1968,0.7989,0.3162,0.1378,0.3449,-0.1187,0.0198,0.9881
7.8500,0.7914,0.8545,0.2269,0.1356,0.2644,-0.0170,0.0259,-0.1944,0.8004,0.3163,0.1393,0.3456,-0.1175,0.0151,0.9873
7.8503,0.7930,0.8560,0.2269,0.1356,0.2644,-0.0162,0.0259,-0.1919,0.8018,0.3163,0.1393,0.3456,-0.1165,0.0151,0.9864
7.8703,0.7946,0.8572,0.2253,0.1380,0.2642,-0.0156,0.0231,-0.1896,0.8029,0.3163,0.1409,0.3462,-0.1156,0.0085,0.9857
7.8706,0.7961,0.8585,0.2253,0.1380,0.2642,-0.0152,0.0231,-0.1871,0.8040,0.3163,0.1409,0.3462,-0.1149,0.0085,0.9848
7.8801,0.7977,0.8598,0.2237,0.1396,0.2637,-0.0145,0.0146,-0.1847,0.8050,0.3158,0.1412,0.3460,-0.1138,0.0100,0.9839
7.8805,0.7993,0.8611,0.2237,0.1396,0.2637,-0.0138,0.0146,-0.1820,0.8062,0.3157,0.1413,0.3459,-0.1121,0.0107,0.9829
7.8999,0.8010,0.8626,0.2219,0.1409,0.2629,-0.0126,0.0132,-0.1795,0.8075,0.3157,0.1415,0.3460,-0.1102,0.0122,0.9820
7.9004,0.8010,0.8626,0.2219,0.1409,0.2629,-0.0126,0.0132,-0.1771,0.8086,0.3157,0.1415,0.3460,-0.1082,0.0122,0.9796
7.9201,0.8041,0.8654,0.2194,0.1420,0.2614,-0.0110,0.0134,-0.1748,0.8099,0.3147,0.1422,0.3453,-0.1068,0.0163,0.9805
7.9204,0.8055,0.8667,0.2194,0.1420,0.2614,-0.0105,0.0134,-0.1727,0.8112,0.3147,0.1422,0.3453,-0.1055,0.0163,0.9798
7.9300,0.8072,0.8683,0.2174,0.1437,0.2606,-0.0101,0.0156,-0.1704,0.8127,0.3137,0.1437,0.3451,-0.1043,0.0177,0.9792
7.9304,0.8087,0.8696,0.2174,0.1437,0.2606,-0.0098,0.0156,-0.1683,0.8140,0.3137,0.1437,0.3451,-0.1036,0.0177,0.9786
7.9501,0.8100,0.8709,0.2155,0.1451,0.2598,-0.0096,0.0170,-0.1664,0.8152,0.3117,0.1450,0.3438,-0.1030,0.0155,0.9780
7.9505,0.8117,0.8724,0.2155,0.1451,0.2598,-0.0091,0.0170,-0.1640,0.8166,0.3117,0.1450,0.3438,-0.1023,0.0155,0.9773
7.9601,0.8134,0.8740,0.2133,0.1460,0.2585,-0.0087,0.0175,-0.1615,0.8180,0.3096,0.1453,0.3420,-0.1016,0.0138,0.9765
7.9605,0.8148,0.8755,0.2127,0.1471,0.2586,-0.0080,0.0175,-0.1593,0.8193,0.3092,0.1460,0.3419,-0.1007,0.0125,0.9757
7.9798,0.8162,0.8769,0.2115,0.1480,0.2581,-0.0073,0.0174,-0.1571,0.8206,0.3083,0.1465,0.3413,-0.1000,0.0107,0.9749
7.9801,0.8178,0.8786,0.2115,0.1480,0.2581,-0.0067,0.0174,-0.1547,0.8220,0.3083,0.1465,0.3413,-0.0986,0.0107,0.9741
8.0002,0.8189,0.8800,0.2095,0.1500,0.2576,-0.0062,0.0136,-0.1529,0.8231,0.3062,0.1471,0.3397,-0.0977,0.0102,0.9735
8.0006,0.8205,0.8817,0.2095,0.1500,0.2576,-0.0055,0.0136,-0.1506,0.8245,0.3062,0.1471,0.3397,-0.0961,0.0102,0.9728
8.0099,0.8217,0.8831,0.2071,0.1514,0.2565,-0.0050,0.0121,-0.1488,0.8256,0.3032,0.1472,0.3370,-0.0949,0.0112,0.9722
8.0104,0.8231,0.8847,0.2071,0.1514,0.2565,-0.0046,0.0121,-0.1468,0.8270,0.3021,0.1475,0.3361,-0.0938,0.0114,0.9716
8.0301,0.8243,0.8860,0.2049,0.1529,0.2556,-0.0043,0.0085,-0.1450,0.8283,0.3003,0.1481,0.3348,-0.0928,0.0135,0.9711
8.0306,0.8258,0.8874,0.2049,0.1529,0.2556,-0.0039,0.0085,-0.1429,0.8297,0.3003,0.1481,0.3348,-0.0918,0.0135,0.9705
8.0502,0.8271,0.8888,0.2023,0.1543,0.2545,-0.0032,0.0095,-0.1409,0.8310,0.2971,0.1488,0.3323,-0.0908,0.0103,0.9698
8.0505,0.8286,0.8904,0.2013,0.1551,0.2541,-0.0024,0.0110,-0.1388,0.8325,0.2971,0.1488,0.3323,-0.0896,0.0103,0.9691
8.0599,0.8299,0.8921,0.2003,0.1561,0.2539,-0.0016,0.0112,-0.1369,0.8338,0.2950,0.1494,0.3306,-0.0886,0.0096,0.9685
8.0603,0.8310,0.8937,0.2003,0.1561,0.2539,-0.0011,0.0112,-0.1350,0.8351,0.2950,0.1494,0.3306,-0.0877,0.0096,0.9677
8.0798,0.8321,0.8954,0.1981,0.1581,0.2535,-0.0010,0.0105,-0.1328,0.8365,0.2926,0.1500,0.3288,-0.0861,0.0108,0.9667
8.0800,0.8330,0.8969,0.1981,0.1581,0.2535,-0.0010,0.0105,-0.1311,0.8377,0.2926,0.1500,0.3288,-0.0847,0.0108,0.9660
8.1002,0.8343,0.8986,0.1944,0.1596,0.2515,-0.0012,0.0105,-0.1291,0.8393,0.2891,0.1506,0.3260,-0.0829,0.0121,0.9652
8.1007,0.8353,0.8999,0.1927,0.1607,0.2509,-0.0014,0.0111,-0.1274,0.8406,0.2891,0.1506,0.3260,-0.0817,0.0121,0.9645
8.1099,0.8364,0.9014,0.1907,0.1612,0.2498,-0.0014,0.0118,-0.1257,0.8419,0.2854,0.1517,0.3232,-0.0806,0.0119,0.9640
8.1102,0.8378,0.9029,0.1907,0.1612,0.2498,-0.0015,0.0118,-0.1239,0.8434,0.2854,0.1517,0.3232,-0.0793,0.0119,0.9635
8.1300,0.8392,0.9043,0.1882,0.1631,0.2490,-0.0015,0.0184,-0.1221,0.8449,0.2817,0.1533,0.3207,-0.0784,0.0086,0.9631
8.1303,0.8405,0.9059,0.1882,0.1631,0.2490,-0.0015,0.0184,-0.1202,0.8465,0.2817,0.1533,0.3207,-0.0771,0.0086,0.9626
8.1503,0.8417,0.9074,0.1856,0.1644,0.2480,-0.0014,0.0215,-0.1186,0.8479,0.2779,0.1545,0.3179,-0.0758,0.0086,0.9622
8.1508,0.8430,0.9090,0.1856,0.1644,0.2480,-0.0012,0.0215,-0.1168,0.8495,0.2779,0.1545,0.3179,-0.0745,0.0086,0.9616
8.1599,0.8440,0.9104,0.1835,0.1660,0.2475,-0.0005,0.0200,-0.1152,0.8509,0.2741,0.1557,0.3152,-0.0735,0.0080,0.9611
8.1601,0.8451,0.9119,0.1824,0.1667,0.2471,0.0002,0.0198,-0.1137,0.8522,0.2741,0.1557,0.3152,-0.0727,0.0080,0.9606
8.1802,0.8463,0.9135,0.1803,0.1670,0.2457,0.0009,0.0194,-0.1119,0.8538,0.2695,0.1566,0.3117,-0.0714,0.0036,0.9601
8.1805,0.8473,0.9149,0.1803,0.1670,0.2457,0.0015,0.0194,-0.1105,0.8551,0.2679,0.1580,0.3110,-0.0700,0.0020,0.9596
8.2000,0.8485,0.9165,0.1771,0.1684,0.2444,0.0018,0.0148,-0.1088,0.8566,0.2647,0.1581,0.3083,-0.0683,0.0011,0.9592
8.2004,0.8496,0.9180,0.1771,0.1684,0.2444,0.0021,0.0148,-0.1072,0.8579,0.2647,0.1581,0.3083,-0.0670,0.0011,0.9587
8.2099,0.8509,0.9197,0.1747,0.1700,0.2437,0.0025,0.0134,-0.1055,0.8595,0.2604,0.1591,0.3051,-0.0655,0.0082,0.9583
8.2102,0.8519,0.9211,0.1747,0.1700,0.2437,0.0027,0.0134,-0.1040,0.8608,0.2604,0.1591,0.3051,-0.0641,0.0082,0.9578
8.2298,0.8532,0.9229,0.1728,0.1712,0.2432,0.0031,0.0199,-0.1023,0.8626,0.2566,0.1601,0.3024,-0.0619,0.0165,0.9574
8.2302,0.8541,0.9241,0.1728,0.1712,0.2432,0.0031,0.0199,-0.1011,0.8639,0.2566,0.1601,0.3024,-0.0609,0.0165,0.9571
8.2504,0.8554,0.9257,0.1698,0.1721,0.2418,0.0034,0.0257,-0.0996,0.8657,0.2524,0.1610,0.2994,-0.0594,0.0198,0.9569
8.2507,0.8564,0.9271,0.1698,0.1721,0.2418,0.0036,0.0257,-0.0984,0.8673,0.2524,0.1610,0.2994,-0.0581,0.0198,0.9567
8.2602,0.8575,0.9288,0.1672,0.1733,0.2408,0.0035,0.0309,-0.0970,0.8691,0.2482,0.1623,0.2965,-0.0567,0.0221,0.9563
8.2605,0.8584,0.9302,0.1672,0.1733,0.2408,0.0034,0.0309,-0.0958,0.8706,0.2456,0.1630,0.2947,-0.0557,0.0209,0.9561
8.2801,0.8592,0.9317,0.1642,0.1739,0.2392,0.0033,0.0451,-0.0946,0.8723,0.2429,0.1638,0.2930,-0.0549,0.0209,0.9557
8.2803,0.8601,0.9333,0.1642,0.1739,0.2392,0.0030,0.0451,-0.0934,0.8741,0.2429,0.1638,0.2930,-0.0538,0.0209,0.9553
8.3001,0.8611,0.9350,0.1613,0.1752,0.2382,0.0023,0.0533,-0.0920,0.8758,0.2376,0.1661,0.2899,-0.0526,0.0206,0.9550
8.3003,0.8621,0.9366,0.1613,0.1752,0.2382,0.0017,0.0533,-0.0908,0.8774,0.2376,0.1661,0.2899,-0.0515,0.0206,0.9547
8.3097,0.8631,0.9382,0.1581,0.1768,0.2372,0.0012,0.0546,-0.0896,0.8791,0.2319,0.1680,0.2864,-0.0505,0.0187,0.9545
8.3200,0.8644,0.9401,0.1566,0.1776,0.2368,0.0005,0.0530,-0.0881,0.8810,0.2291,0.1687,0.2845,-0.0491,0.0187,0.9544
8.3202,0.8654,0.9416,0.1558,0.1790,0.2373,0.0003,0.0508,-0.0870,0.8826,0.2291,0.1687,0.2845,-0.0481,0.0187,0.9542
8.3401,0.8665,0.9434,0.1545,0.1796,0.2369,0.0002,0.0490,-0.0857,0.8843,0.2245,0.1700,0.2816,-0.0467,0.0199,0.9541
8.3404,0.8675,0.9450,0.1535,0.1805,0.2369,0.0001,0.0478,-0.0846,0.8860,0.2222,0.1708,0.2803,-0.0454,0.0221,0.9539
8.3502,0.8686,0.9467,0.1522,0.1809,0.2364,-0.0000,0.0484,-0.0834,0.8877,0.2197,0.1713,0.2785,-0.0439,0.0262,0.9538
8.3505,0.8696,0.9484,0.1522,0.1809,0.2364,-0.0000,0.0484,-0.0822,0.8895,0.2197,0.1713,0.2785,-0.0425,0.0262,0.9536
8.3703,0.8707,0.9503,0.1500,0.1824,0.2361,-0.0000,0.0483,-0.0810,0.8914,0.2148,0.1732,0.2759,-0.0415,0.0279,0.9535
8.3706,0.8716,0.9520,0.1500,0.1824,0.2361,0.0002,0.0483,-0.0799,0.8931,0.2123,0.1748,0.2750,-0.0403,0.0269,0.9534
8.3904,0.8725,0.9535,0.1479,0.1844,0.2364,0.0003,0.0478,-0.0790,0.8947,0.2095,0.1761,0.2737,-0.0394,0.0270,0.9533
8.3907,0.8736,0.9556,0.1479,0.1844,0.2364,0.0003,0.0478,-0.0779,0.8968,0.2095,0.1761,0.2737,-0.0381,0.0270,0.9533
8.4002,0.8745,0.9573,0.1453,0.1860,0.2360,0.0004,0.0465,-0.0771,0.8985,0.2032,0.1787,0.2706,-0.0370,0.0243,0.9534
8.4104,0.8756,0.9593,0.1440,0.1866,0.2357,0.0008,0.0456,-0.0760,0.9007,0.2001,0.1798,0.2690,-0.0357,0.0233,0.9534
8.4106,0.8765,0.9611,0.1440,0.1866,0.2357,0.0013,0.0456,-0.0751,0.9025,0.2001,0.1798,0.2690,-0.0345,0.0233,0.9535
8.4301,0.8774,0.9628,0.1420,0.1888,0.2362,0.0015,0.0434,-0.0743,0.9042,0.1951,0.1825,0.2672,-0.0330,0.0218,0.9535
8.4305,0.8783,0.9647,0.1420,0.1888,0.2362,0.0017,0.0434,-0.0734,0.9061,0.1951,0.1825,0.2672,-0.0317,0.0218,0.9535
8.4401,0.8792,0.9665,0.1393,0.1900,0.2356,0.0018,0.0427,-0.0724,0.9079,0.1899,0.1842,0.2646,-0.0303,0.0213,0.9535
8.4405,0.8802,0.9684,0.1384,0.1913,0.2361,0.0018,0.0431,-0.0715,0.9097,0.1879,0.1853,0.2640,-0.0283,0.0216,0.9535
8.4600,0.8812,0.9701,0.1370,0.1920,0.2359,0.0020,0.0429,-0.0706,0.9115,0.1849,0.1862,0.2625,-0.0262,0.0225,0.9536
8.4603,0.8822,0.9719,0.1356,0.1922,0.2352,0.0024,0.0425,-0.0697,0.9133,0.1818,0.1870,0.2607,-0.0236,0.0245,0.9537
8.4798,0.8831,0.9735,0.1348,0.1929,0.2353,0.0029,0.0422,-0.0689,0.9150,0.1791,0.1880,0.2597,-0.0210,0.0269,0.9538
8.4801,0.8840,0.9752,0.1348,0.1929,0.2353,0.0039,0.0422,-0.0680,0.9167,0.1791,0.1880,0.2597,-0.0179,0.0269,0.9538
8.4897,0.8850,0.9770,0.1325,0.1932,0.2342,0.0051,0.0432,-0.0670,0.9183,0.1734,0.1894,0.2568,-0.0148,0.0240,0.9538
8.4900,0.8860,0.9789,0.1325,0.1932,0.2342,0.0067,0.0432,-0.0659,0.9198,0.1734,0.1894,0.2568,-0.0110,0.0240,0.9538
8.5100,0.8868,0.9806,0.1311,0.1944,0.2345,0.0079,0.0469,-0.0650,0.9210,0.1694,0.1907,0.2551,-0.0076,0.0212,0.9537
8.5201,0.8879,0.9828,0.1303,0.1950,0.2345,0.0090,0.0497,-0.0638,0.9224,0.1676,0.1907,0.2539,-0.0035,0.0219,0.9536
8.5205,0.8887,0.9846,0.1303,0.1950,0.2345,0.0097,0.0497,-0.0630,0.9235,0.1676,0.1907,0.2539,-0.0004,0.0219,0.9536
8.5299,0.8896,0.9866,0.1286,0.1972,0.2355,0.0106,0.0465,-0.0621,0.9248,0.1641,0.1904,0.2513,0.0029,0.0391,0.9537
8.5302,0.8906,0.9886,0.1286,0.1972,0.2355,0.0115,0.0465,-0.0613,0.9263,0.1641,0.1904,0.2513,0.0069,0.0391,0.9539
8.5500,0.8915,0.9904,0.1270,0.1996,0.2366,0.0119,0.0415,-0.0607,0.9277,0.1593,0.1907,0.2485,0.0106,0.0593,0.9542
8.5599,0.8925,0.9923,0.1258,0.1998,0.2361,0.0126,0.0408,-0.0601,0.9294,0.1563,0.1905,0.2464,0.0148,0.0612,0.9547
8.5605,0.8933,0.9941,0.1258,0.1998,0.2361,0.0130,0.0408,-0.0597,0.9309,0.1563,0.1905,0.2464,0.0183,0.0612,0.9552
8.5800,0.8942,0.9960,0.1247,0.2008,0.2364,0.0135,0.0421,-0.0594,0.9326,0.1505,0.1915,0.2435,0.0229,0.0578,0.9558
8.5804,0.8949,0.9978,0.1247,0.2008,0.2364,0.0140,0.0421,-0.0593,0.9340,0.1505,0.1915,0.2435,0.0268,0.0578,0.9563
8.5899,0.8964,1.0017,0.1238,0.2018,0.2367,0.0146,0.0431,-0.0591,0.9356,0.1438,0.1926,0.2403,0.0302,0.0540,0.9578
8.5902,0.8964,1.0017,0.1238,0.2018,0.2367,0.0146,0.0431,-0.0588,0.9371,0.1401,0.1926,0.2381,0.0332,0.0531,0.9574
8.6100,0.8973,1.0038,0.1224,0.2035,0.2374,0.0147,0.0430,-0.0584,0.9385,0.1372,0.1930,0.2368,0.0366,0.0525,0.9580
8.6105,0.8982,1.0055,0.1224,0.2035,0.2374,0.0153,0.0430,-0.0580,0.9399,0.1345,0.1933,0.2355,0.0400,0.0532,0.9585
8.6199,0.8993,1.0072,0.1209,0.2053,0.2382,0.0161,0.0368,-0.0574,0.9413,0.1318,0.1930,0.2337,0.0427,0.0532,0.9590
8.6300,0.9007,1.0090,0.1203,0.2057,0.2383,0.0173,0.0348,-0.0567,0.9426,0.1293,0.1927,0.2320,0.0459,0.0524,0.9596
8.6304,0.9017,1.0106,0.1203,0.2057,0.2383,0.0184,0.0348,-0.0561,0.9439,0.1293,0.1927,0.2320,0.0502,0.0524,0.9601
8.6500,0.9030,1.0127,0.1200,0.2064,0.2388,0.0198,0.0341,-0.0551,0.9456,0.1252,0.1920,0.2292,0.0544,0.0625,0.9605
8.6503,0.9041,1.0145,0.1200,0.2064,0.2388,0.0214,0.0341,-0.0545,0.9473,0.1234,0.1923,0.2285,0.0593,0.0656,0.9609
8.6702,0.9047,1.0159,0.1201,0.2081,0.2402,0.0222,0.0349,-0.0541,0.9487,0.1214,0.1930,0.2280,0.0626,0.0647,0.9612
8.6704,0.9056,1.0177,0.1201,0.2081,0.2402,0.0233,0.0349,-0.0538,0.9506,0.1190,0.1930,0.2267,0.0668,0.0630,0.9618
8.6797,0.9066,1.0197,0.1186,0.2084,0.2398,0.0243,0.0325,-0.0535,0.9525,0.1163,0.1934,0.2257,0.0707,0.0619,0.9625
8.6800,0.9075,1.0216,0.1186,0.2084,0.2398,0.0248,0.0325,-0.0534,0.9545,0.1163,0.1934,0.2257,0.0745,0.0619,0.9633
8.7004,0.9083,1.0233,0.1181,0.2102,0.2411,0.0250,0.0315,-0.0533,0.9563,0.1108,0.1958,0.2250,0.0767,0.0477,0.9640
8.7010,0.9094,1.0254,0.1181,0.2102,0.2411,0.0253,0.0315,-0.0532,0.9583,0.1078,0.1967,0.2243,0.0787,0.0421,0.9649
8.7203,0.9102,1.0272,0.1170,0.2114,0.2416,0.0257,0.0291,-0.0530,0.9600,0.1046,0.1977,0.2236,0.0811,0.0405,0.9656
8.7206,0.9112,1.0294,0.1170,0.2114,0.2416,0.0260,0.0291,-0.0527,0.9620,0.1046,0.1977,0.2236,0.0829,0.0405,0.9662
8.7300,0.9120,1.0313,0.1159,0.2131,0.2426,0.0265,0.0210,-0.0522,0.9638,0.0992,0.1988,0.2221,0.0847,0.0379,0.9666
8.7302,0.9129,1.0334,0.1159,0.2131,0.2426,0.0273,0.0210,-0.0516,0.9657,0.0992,0.1988,0.2221,0.0873,0.0379,0.9669
8.7500,0.9136,1.0352,0.1151,0.2154,0.2442,0.0277,0.0123,-0.0512,0.9677,0.0961,0.2000,0.2219,0.0914,0.0330,0.9672
8.7503,0.9146,1.0374,0.1144,0.2162,0.2446,0.0280,0.0076,-0.0506,0.9698,0.0944,0.2008,0.2219,0.0953,0.0318,0.9676
8.7702,0.9154,1.0392,0.1142,0.2172,0.2454,0.0283,-0.0010,-0.0501,0.9718,0.0927,0.2015,0.2218,0.0980,0.0289,0.9679
8.7705,0.9164,1.0412,0.1142,0.2172,0.2454,0.0289,-0.0010,-0.0497,0.9739,0.0914,0.2023,0.2221,0.1003,0.0254,0.9684
8.7800,0.9171,1.0428,0.1143,0.2190,0.2471,0.0296,-0.0097,-0.0493,0.9757,0.0900,0.2032,0.2222,0.1018,0.0156,0.9687
8.7802,0.9180,1.0448,0.1143,0.2190,0.2471,0.0309,-0.0097,-0.0490,0.9779,0.0900,0.2032,0.2222,0.1038,0.0156,0.9693
8.8003,0.9190,1.0468,0.1137,0.2196,0.2473,0.0325,-0.0115,-0.0487,0.9802,0.0861,0.2043,0.2217,0.1056,0.0064,0.9700
8.8005,0.9199,1.0487,0.1137,0.2196,0.2473,0.0337,-0.0115,-0.0486,0.9821,0.0861,0.2043,0.2217,0.1067,0.0064,0.9708
8.8202,0.9210,1.0507,0.1136,0.2209,0.2484,0.0355,-0.0117,-0.0485,0.9844,0.0820,0.2061,0.2218,0.1075,0.0023,0.9717
8.8205,0.9218,1.0525,0.1136,0.2209,0.2484,0.0364,-0.0117,-0.0485,0.9863,0.0820,0.2061,0.2218,0.1082,0.0023,0.9725
8.8299,0.9228,1.0545,0.1128,0.2218,0.2489,0.0376,-0.0100,-0.0486,0.9885,0.0770,0.2075,0.2213,0.1089,0.0089,0.9736
8.8302,0.9235,1.0564,0.1128,0.2218,0.2489,0.0392,-0.0100,-0.0486,0.9904,0.0770,0.2075,0.2213,0.1098,0.0089,0.9744
8.8503,0.9243,1.0584,0.1120,0.2227,0.2493,0.0410,-0.0102,-0.0487,0.9926,0.0719,0.2089,0.2210,0.1111,0.0129,0.9752
8.8506,0.9252,1.0604,0.1120,0.2227,0.2493,0.0428,-0.0102,-0.0489,0.9948,0.0694,0.2097,0.2209,0.1121,0.0141,0.9763
8.8703,0.9261,1.0625,0.1112,0.2240,0.2501,0.0442,-0.0101,-0.0491,0.9969,0.0666,0.2106,0.2209,0.1135,0.0158,0.9774
8.8706,0.9268,1.0643,0.1112,0.2240,0.2501,0.0455,-0.0101,-0.0493,0.9988,0.0637,0.2110,0.2204,0.1142,0.0179,0.9783
8.8799,0.9277,1.0665,0.1103,0.2246,0.2503,0.0464,-0.0138,-0.0494,1.0011,0.0613,0.2115,0.2202,0.1152,0.0176,0.9792
8.8803,0.9286,1.0686,0.1103,0.2246,0.2503,0.0477,-0.0138,-0.0494,1.0034,0.0613,0.2115,0.2202,0.1170,0.0176,0.9801
8.8999,0.9292,1.0704,0.1099,0.2261,0.2514,0.0484,-0.0147,-0.0494,1.0053,0.0570,0.2131,0.2206,0.1184,0.0149,0.9807
8.9101,0.9300,1.0726,0.1093,0.2263,0.2514,0.0492,-0.0147,-0.0493,1.0076,0.0554,0.2135,0.2206,0.1205,0.0140,0.9814
8.9105,0.9306,1.0744,0.1093,0.2263,0.2514,0.0498,-0.0147,-0.0493,1.0096,0.0554,0.2135,0.2206,0.1220,0.0140,0.9820
8.9201,0.9313,1.0762,0.1082,0.2266,0.2510,0.0505,-0.0135,-0.0492,1.0118,0.0517,0.2143,0.2204,0.1232,0.0090,0.9827
8.9205,0.9322,1.0783,0.1082,0.2266,0.2510,0.0514,-0.0135,-0.0492,1.0140,0.0517,0.2143,0.2204,0.1244,0.0090,0.9835
8.9399,0.9331,1.0805,0.1078,0.2272,0.2515,0.0525,-0.0132,-0.0491,1.0164,0.0483,0.2158,0.2212,0.1255,0.0083,0.9843
8.9402,0.9338,1.0825,0.1078,0.2272,0.2515,0.0532,-0.0132,-0.0490,1.0186,0.0467,0.2171,0.2221,0.1265,0.0087,0.9848
8.9601,0.9344,1.0844,0.1072,0.2282,0.2521,0.0539,-0.0126,-0.0488,1.0207,0.0451,0.2177,0.2223,0.1273,0.0093,0.9853
8.9603,0.9352,1.0867,0.1072,0.2282,0.2521,0.0544,-0.0126,-0.0485,1.0232,0.0451,0.2177,0.2223,0.1281,0.0093,0.9858
8.9698,0.9358,1.0886,0.1060,0.2296,0.2529,0.0549,-0.0127,-0.0483,1.0253,0.0424,0.2197,0.2237,0.1286,0.0088,0.9862
8.9800,0.9366,1.0908,0.1055,0.2301,0.2531,0.0554,-0.0128,-0.0480,1.0279,0.0413,0.2206,0.2244,0.1296,0.0094,0.9866
8.9803,0.9372,1.0927,0.1055,0.2301,0.2531,0.0558,-0.0128,-0.0478,1.0301,0.0400,0.2223,0.2259,0.1303,0.0137,0.9870
9.0001,0.9378,1.0947,0.1045,0.2314,0.2539,0.0564,-0.0182,-0.0476,1.0324,0.0385,0.2237,0.2269,0.1309,0.0170,0.9874
9.0005,0.9384,1.0968,0.1045,0.2314,0.2539,0.0566,-0.0182,-0.0474,1.0348,0.0366,0.2252,0.2281,0.1317,0.0167,0.9877
9.0100,0.9389,1.0989,0.1031,0.2323,0.2541,0.0568,-0.0231,-0.0472,1.0372,0.0352,0.2276,0.2303,0.1326,0.0161,0.9880
9.0103,0.9394,1.1011,0.1031,0.2323,0.2541,0.0568,-0.0231,-0.0470,1.0398,0.0352,0.2276,0.2303,0.1333,0.0161,0.9883
9.0300,0.9398,1.1034,0.1014,0.2330,0.2542,0.0566,-0.0292,-0.0467,1.0425,0.0320,0.2327,0.2349,0.1340,-0.0004,0.9884
9.0303,0.9402,1.1055,0.1005,0.2336,0.2543,0.0565,-0.0342,-0.0464,1.0449,0.0308,0.2354,0.2374,0.1344,-0.0111,0.9885
9.0502,0.9405,1.1074,0.0991,0.2337,0.2539,0.0559,-0.0361,-0.0461,1.0473,0.0297,0.2371,0.2390,0.1351,-0.0188,0.9885
9.0598,0.9409,1.1097,0.0981,0.2341,0.2538,0.0547,-0.0389,-0.0458,1.0499,0.0291,0.2391,0.2409,0.1357,-0.0208,0.9885
9.0602,0.9413,1.1115,0.0981,0.2341,0.2538,0.0540,-0.0389,-0.0455,1.0523,0.0291,0.2391,0.2409,0.1363,-0.0208,0.9886
9.0697,0.9419,1.1138,0.0960,0.2350,0.2538,0.0537,-0.0447,-0.0451,1.0551,0.0285,0.2428,0.2445,0.1371,-0.0189,0.9888
9.0700,0.9424,1.1157,0.0960,0.2350,0.2538,0.0536,-0.0447,-0.0449,1.0576,0.0285,0.2428,0.2445,0.1373,-0.0189,0.9890
9.0903,0.9429,1.1177,0.0948,0.2359,0.2543,0.0537,-0.0485,-0.0448,1.0601,0.0287,0.2471,0.2488,0.1374,-0.0191,0.9893
9.0907,0.9433,1.1197,0.0943,0.2360,0.2541,0.0539,-0.0531,-0.0446,1.0627,0.0286,0.2490,0.2506,0.1375,-0.0214,0.9896
9.1000,0.9438,1.1217,0.0938,0.2359,0.2539,0.0541,-0.0551,-0.0445,1.0654,0.0283,0.2512,0.2528,0.1376,-0.0222,0.9899
9.1005,0.9445,1.1237,0.0938,0.2359,0.2539,0.0541,-0.0551,-0.0442,1.0682,0.0283,0.2512,0.2528,0.1379,-0.0222,0.9902
9.1202,0.9450,1.1256,0.0924,0.2364,0.2538,0.0543,-0.0556,-0.0439,1.0708,0.0276,0.2567,0.2581,0.1381,-0.0205,0.9904
9.1205,0.9456,1.1277,0.0914,0.2368,0.2538,0.0544,-0.0554,-0.0435,1.0735,0.0270,0.2590,0.2604,0.1384,-0.0194,0.9906
9.1402,0.9460,1.1296,0.0898,0.2375,0.2539,0.0546,-0.0554,-0.0432,1.0760,0.0263,0.2618,0.2631,0.1387,-0.0210,0.9907
9.1408,0.9465,1.1320,0.0898,0.2375,0.2539,0.0548,-0.0554,-0.0427,1.0789,0.0257,0.2643,0.2656,0.1391,-0.0268,0.9907
9.1601,0.9468,1.1339,0.0869,0.2385,0.2539,0.0548,-0.0570,-0.0423,1.0814,0.0247,0.2665,0.2677,0.1399,-0.0303,0.9906
9.1608,0.9471,1.1359,0.0869,0.2385,0.2539,0.0547,-0.0570,-0.0419,1.0839,0.0243,0.2681,0.2692,0.1405,-0.0384,0.9904
9.1701,0.9475,1.1381,0.0848,0.2401,0.2546,0.0547,-0.0576,-0.0412,1.0868,0.0245,0.2703,0.2714,0.1415,-0.0537,0.9900
9.1705,0.9479,1.1405,0.0848,0.2401,0.2546,0.0538,-0.0576,-0.0404,1.0896,0.0245,0.2703,0.2714,0.1423,-0.0537,0.9896
9.1901,0.9482,1.1424,0.0826,0.2416,0.2553,0.0529,-0.0582,-0.0398,1.0919,0.0263,0.2742,0.2754,0.1431,-0.0745,0.9893
9.1905,0.9486,1.1447,0.0826,0.2416,0.2553,0.0520,-0.0582,-0.0392,1.0946,0.0271,0.2749,0.2763,0.1438,-0.0687,0.9891
9.2103,0.9494,1.1491,0.0804,0.2426,0.2556,0.0502,-0.0570,-0.0388,1.0972,0.0281,0.2766,0.2780,0.1443,-0.0660,0.9896
9.2105,0.9494,1.1491,0.0804,0.2426,0.2556,0.0502,-0.0570,-0.0383,1.0998,0.0288,0.2777,0.2792,0.1447,-0.0678,0.9889
9.2201,0.9499,1.1515,0.0784,0.2437,0.2560,0.0497,-0.0600,-0.0378,1.1025,0.0295,0.2795,0.2810,0.1456,-0.0644,0.9889
9.2205,0.9502,1.1537,0.0784,0.2437,0.2560,0.0494,-0.0600,-0.0373,1.1052,0.0298,0.2811,0.2826,0.1471,-0.0594,0.9887
9.2400,0.9505,1.1558,0.0765,0.2449,0.2565,0.0490,-0.0633,-0.0369,1.1078,0.0299,0.2829,0.2845,0.1482,-0.0588,0.9886
9.2403,0.9508,1.1580,0.0765,0.2449,0.2565,0.0484,-0.0633,-0.0364,1.1105,0.0295,0.2842,0.2857,0.1495,-0.0568,0.9883
9.2501,0.9511,1.1603,0.0744,0.2455,0.2565,0.0475,-0.0584,-0.0358,1.1133,0.0297,0.2857,0.2873,0.1505,-0.0595,0.9880
9.2503,0.9515,1.1625,0.0744,0.2455,0.2565,0.0465,-0.0584,-0.0351,1.1163,0.0297,0.2857,0.2873,0.1515,-0.0595,0.9877
9.2700,0.9518,1.1646,0.0721,0.2466,0.2570,0.0459,-0.0574,-0.0346,1.1189,0.0300,0.2889,0.2905,0.1519,-0.0654,0.9874
9.2702,0.9522,1.1668,0.0721,0.2466,0.2570,0.0455,-0.0574,-0.0338,1.1218,0.0300,0.2889,0.2905,0.1523,-0.0654,0.9871
9.2901,0.9527,1.1689,0.0703,0.2479,0.2577,0.0456,-0.0520,-0.0332,1.1247,0.0309,0.2922,0.2939,0.1525,-0.0563,0.9868
9.2904,0.9531,1.1711,0.0693,0.2481,0.2576,0.0456,-0.0514,-0.0325,1.1275,0.0316,0.2935,0.2952,0.1527,-0.0552,0.9866
9.3001,0.9534,1.1733,0.0681,0.2486,0.2577,0.0455,-0.0515,-0.0320,1.1302,0.0324,0.2946,0.2964,0.1528,-0.0534,0.9864
9.3004,0.9537,1.1759,0.0681,0.2486,0.2577,0.0453,-0.0515,-0.0316,1.1333,0.0324,0.2946,0.2964,0.1528,-0.0534,0.9862
9.3203,0.9540,1.1781,0.0655,0.2502,0.2587,0.0451,-0.0503,-0.0312,1.1361,0.0338,0.2978,0.2997,0.1526,-0.0572,0.9861
9.3205,0.9542,1.1804,0.0655,0.2502,0.2587,0.0449,-0.0503,-0.0309,1.1391,0.0338,0.2978,0.2997,0.1524,-0.0572,0.9860
9.3401,0.9544,1.1827,0.0628,0.2518,0.2595,0.0443,-0.0511,-0.0306,1.1420,0.0353,0.3012,0.3033,0.1520,-0.0641,0.9858
9.3404,0.9547,1.1849,0.0628,0.2518,0.2595,0.0430,-0.0511,-0.0302,1.1447,0.0361,0.3030,0.3052,0.1511,-0.0669,0.9857
9.3502,0.9555,1.1895,0.0608,0.2530,0.2602,0.0408,-0.0531,-0.0297,1.1477,0.0369,0.3042,0.3064,0.1504,-0.0686,0.9860
9.3504,0.9555,1.1895,0.0608,0.2530,0.2602,0.0408,-0.0531,-0.0291,1.1507,0.0385,0.3059,0.3083,0.1497,-0.0699,0.9853
9.3700,0.9559,1.1918,0.0588,0.2541,0.2608,0.0400,-0.0531,-0.0286,1.1536,0.0401,0.3076,0.3102,0.1494,-0.0725,0.9852
9.3704,0.9562,1.1938,0.0582,0.2551,0.2616,0.0396,-0.0511,-0.0282,1.1561,0.0414,0.3095,0.3123,0.1491,-0.0728,0.9851
9.3899,0.9566,1.1964,0.0570,0.2547,0.2610,0.0394,-0.0502,-0.0277,1.1594,0.0423,0.3101,0.3130,0.1483,-0.0733,0.9850
9.3902,0.9569,1.1986,0.0561,0.2555,0.2616,0.0394,-0.0504,-0.0273,1.1622,0.0433,0.3121,0.3151,0.1476,-0.0761,0.9849
9.4001,0.9572,1.2007,0.0554,0.2563,0.2622,0.0392,-0.0509,-0.0269,1.1649,0.0440,0.3138,0.3168,0.1461,-0.0772,0.9847
9.4005,0.9574,1.2032,0.0554,0.2563,0.2622,0.0390,-0.0509,-0.0264,1.1679,0.0440,0.3138,0.3168,0.1446,-0.0772,0.9845
9.4200,0.9577,1.2055,0.0537,0.2576,0.2631,0.0387,-0.0517,-0.0259,1.1706,0.0458,0.3166,0.3199,0.1425,-0.0727,0.9842
9.4204,0.9580,1.2078,0.0537,0.2576,0.2631,0.0382,-0.0517,-0.0255,1.1734,0.0458,0.3166,0.3199,0.1407,-0.0727,0.9841
9.4296,0.9582,1.2099,0.0516,0.2590,0.2641,0.0381,-0.0518,-0.0252,1.1759,0.0475,0.3187,0.3222,0.1394,-0.0692,0.9839
9.4299,0.9585,1.2125,0.0516,0.2590,0.2641,0.0377,-0.0518,-0.0248,1.1790,0.0475,0.3187,0.3222,0.1374,-0.0692,0.9838
9.4499,0.9587,1.2146,0.0494,0.2599,0.2645,0.0375,-0.0536,-0.0244,1.1815,0.0484,0.3208,0.3244,0.1360,-0.0692,0.9837
9.4504,0.9589,1.2172,0.0485,0.2603,0.2648,0.0371,-0.0547,-0.0238,1.1846,0.0484,0.3208,0.3244,0.1341,-0.0692,0.9832
9.4701,0.9592,1.2196,0.0474,0.2610,0.2653,0.0369,-0.0558,-0.0231,1.1873,0.0495,0.3229,0.3267,0.1323,-0.0715,0.9828
9.4705,0.9594,1.2218,0.0474,0.2610,0.2653,0.0368,-0.0558,-0.0225,1.1900,0.0503,0.3241,0.3280,0.1308,-0.0730,0.9824
9.4900,0.9597,1.2240,0.0456,0.2620,0.2659,0.0367,-0.0589,-0.0220,1.1926,0.0511,0.3243,0.3283,0.1294,-0.0745,0.9821
9.4904,0.9600,1.2262,0.0456,0.2620,0.2659,0.0365,-0.0589,-0.0214,1.1954,0.0517,0.3250,0.3291,0.1278,-0.0758,0.9818
9.4999,0.9603,1.2286,0.0443,0.2631,0.2668,0.0364,-0.0613,-0.0209,1.1982,0.0525,0.3260,0.3302,0.1264,-0.0755,0.9816
9.5002,0.9605,1.2307,0.0443,0.2631,0.2668,0.0364,-0.0613,-0.0204,1.2009,0.0525,0.3260,0.3302,0.1248,-0.0755,0.9813
9.5200,0.9606,1.2330,0.0431,0.2636,0.2671,0.0364,-0.0575,-0.0200,1.2039,0.0535,0.3275,0.3318,0.1235,-0.0753,0.9810
9.5203,0.9608,1.2353,0.0431,0.2636,0.2671,0.0364,-0.0575,-0.0195,1.2068,0.0541,0.3282,0.3326,0.1222,-0.0792,0.9807
9.5399,0.9609,1.2377,0.0419,0.2638,0.2671,0.0364,-0.0445,-0.0191,1.2096,0.0543,0.3285,0.3330,0.1197,-0.0811,0.9804
9.5402,0.9610,1.2399,0.0419,0.2638,0.2671,0.0363,-0.0445,-0.0187,1.2123,0.0543,0.3285,0.3330,0.1176,-0.0811,0.9801
9.5498,0.9612,1.2423,0.0410,0.2650,0.2681,0.0362,-0.0388,-0.0183,1.2153,0.0549,0.3302,0.3347,0.1148,-0.0828,0.9799
9.5501,0.9614,1.2445,0.0410,0.2650,0.2681,0.0360,-0.0388,-0.0180,1.2178,0.0549,0.3302,0.3347,0.1127,-0.0828,0.9798
9.5700,0.9615,1.2466,0.0402,0.2658,0.2689,0.0359,-0.0331,-0.0178,1.2204,0.0550,0.3310,0.3356,0.1106,-0.0820,0.9796
9.5704,0.9617,1.2490,0.0402,0.2658,0.2689,0.0355,-0.0331,-0.0175,1.2234,0.0550,0.3310,0.3356,0.1087,-0.0820,0.9795
9.5799,0.9618,1.2511,0.0388,0.2666,0.2694,0.0352,-0.0308,-0.0172,1.2260,0.0549,0.3317,0.3362,0.1071,-0.0824,0.9794
9.6000,0.9619,1.2536,0.0380,0.2668,0.2695,0.0347,-0.0277,-0.0168,1.2290,0.0552,0.3319,0.3365,0.1050,-0.0825,0.9790
9.6005,0.9620,1.2558,0.0372,0.2678,0.2704,0.0343,-0.0260,-0.0163,1.2316,0.0557,0.3326,0.3372,0.1029,-0.0831,0.9787
9.6098,0.9621,1.2582,0.0364,0.2681,0.2706,0.0336,-0.0258,-0.0157,1.2344,0.0563,0.3323,0.3371,0.1008,-0.0847,0.9781
9.6101,0.9621,1.2601,0.0353,0.2689,0.2713,0.0333,-0.0269,-0.0153,1.2366,0.0569,0.3324,0.3372,0.0997,-0.0854,0.9778
9.6300,0.9623,1.2628,0.0343,0.2691,0.2713,0.0328,-0.0281,-0.0146,1.2397,0.0572,0.3316,0.3365,0.0975,-0.0851,0.9772
9.6303,0.9624,1.2650,0.0343,0.2691,0.2713,0.0324,-0.0281,-0.0141,1.2422,0.0578,0.3323,0.3373,0.0964,-0.0882,0.9768
9.6397,0.9625,1.2672,0.0327,0.2707,0.2726,0.0321,-0.0280,-0.0136,1.2449,0.0582,0.3323,0.3374,0.0946,-0.0873,0.9763
9.6399,0.9626,1.2693,0.0320,0.2704,0.2723,0.0319,-0.0284,-0.0131,1.2475,0.0582,0.3323,0.3374,0.0928,-0.0873,0.9760
9.6603,0.9628,1.2735,0.0317,0.2708,0.2726,0.0314,-0.0284,-0.0125,1.2502,0.0586,0.3323,0.3375,0.0904,-0.0768,0.9756
9.6605,0.9628,1.2735,0.0317,0.2708,0.2726,0.0314,-0.0284,-0.0121,1.2527,0.0588,0.3327,0.3378,0.0885,-0.0597,0.9751
9.6699,0.9629,1.2757,0.0307,0.2708,0.2725,0.0311,-0.0272,-0.0115,1.2554,0.0582,0.3318,0.3368,0.0860,-0.0439,0.9746
9.6703,0.9631,1.2780,0.0307,0.2708,0.2725,0.0307,-0.0272,-0.0109,1.2582,0.0578,0.3316,0.3366,0.0833,-0.0375,0.9742
9.6903,0.9633,1.2800,0.0299,0.2713,0.2730,0.0305,-0.0259,-0.0104,1.2606,0.0579,0.3325,0.3375,0.0819,-0.0386,0.9738
9.6908,0.9634,1.2825,0.0299,0.2713,0.2730,0.0301,-0.0259,-0.0097,1.2633,0.0579,0.3325,0.3375,0.0800,-0.0386,0.9733
9.7104,0.9635,1.2845,0.0288,0.2712,0.2727,0.0298,-0.0231,-0.0092,1.2658,0.0581,0.3323,0.3373,0.0783,-0.0390,0.9729
9.7109,0.9635,1.2870,0.0280,0.2707,0.2722,0.0291,-0.0208,-0.0086,1.2686,0.0581,0.3319,0.3370,0.0765,-0.0427,0.9723
9.7303,0.9636,1.2887,0.0273,0.2710,0.2723,0.0288,-0.0156,-0.0082,1.2708,0.0584,0.3322,0.3373,0.0753,-0.0464,0.9719
9.7309,0.9636,1.2911,0.0273,0.2710,0.2723,0.0284,-0.0156,-0.0076,1.2736,0.0582,0.3312,0.3363,0.0736,-0.0470,0.9713
9.7404,0.9636,1.2936,0.0261,0.2706,0.2719,0.0278,-0.0172,-0.0069,1.2765,0.0586,0.3316,0.3367,0.0719,-0.0461,0.9707
9.7408,0.9637,1.2959,0.0257,0.2712,0.2724,0.0275,-0.0166,-0.0063,1.2791,0.0586,0.3316,0.3367,0.0704,-0.0461,0.9701
9.7600,0.9638,1.2980,0.0252,0.2712,0.2724,0.0273,-0.0168,-0.0057,1.2817,0.0591,0.3318,0.3370,0.0694,-0.0376,0.9696
9.7603,0.9639,1.3002,0.0252,0.2712,0.2724,0.0271,-0.0168,-0.0051,1.2843,0.0591,0.3318,0.3370,0.0685,-0.0376,0.9691
9.7697,0.9639,1.3023,0.0242,0.2714,0.2724,0.0269,-0.0210,-0.0047,1.2866,0.0589,0.3308,0.3360,0.0673,-0.0314,0.9688
9.7699,0.9640,1.3044,0.0242,0.2714,0.2724,0.0268,-0.0210,-0.0044,1.2892,0.0589,0.3308,0.3360,0.0661,-0.0314,0.9685
9.7901,0.9640,1.3068,0.0226,0.2711,0.2721,0.0268,-0.0287,-0.0041,1.2920,0.0575,0.3290,0.3340,0.0642,-0.0289,0.9682
9.7905,0.9640,1.3088,0.0226,0.2711,0.2721,0.0267,-0.0287,-0.0039,1.2944,0.0568,0.3290,0.3339,0.0628,-0.0285,0.9680
9.8101,0.9641,1.3110,0.0213,0.2711,0.2719,0.0267,-0.0294,-0.0036,1.2970,0.0563,0.3283,0.3331,0.0609,-0.0276,0.9677
9.8104,0.9641,1.3129,0.0213,0.2711,0.2719,0.0264,-0.0294,-0.0032,1.2993,0.0563,0.3283,0.3331,0.0594,-0.0276,0.9674
9.8202,0.9643,1.3172,0.0201,0.2695,0.2703,0.0261,-0.0267,-0.0027,1.3019,0.0560,0.3262,0.3310,0.0581,-0.0244,0.9671
9.8204,0.9643,1.3172,0.0201,0.2695,0.2703,0.0261,-0.0267,-0.0022,1.3041,0.0560,0.3262,0.3310,0.0573,-0.0244,0.9666
9.8401,0.9645,1.3194,0.0199,0.2690,0.2698,0.0262,-0.0229,-0.0016,1.3067,0.0568,0.3243,0.3293,0.0568,-0.0184,0.9662
9.8404,0.9647,1.3216,0.0199,0.2690,0.2698,0.0261,-0.0229,-0.0010,1.3093,0.0572,0.3240,0.3290,0.0561,-0.0169,0.9657
9.8602,0.9648,1.3238,0.0193,0.2690,0.2697,0.0261,-0.0162,-0.0005,1.3115,0.0574,0.3231,0.3281,0.0555,-0.0162,0.9654
9.8605,0.9649,1.3261,0.0187,0.2686,0.2692,0.0261,-0.0159,0.0000,1.3142,0.0571,0.3217,0.3268,0.0548,-0.0156,0.9649
9.8702,0.9649,1.3282,0.0180,0.2686,0.2692,0.0260,-0.0167,0.0005,1.3165,0.0572,0.3212,0.3263,0.0537,-0.0150,0.9645
9.8799,0.9650,1.3308,0.0176,0.2688,0.2694,0.0260,-0.0200,0.0010,1.3190,0.0574,0.3207,0.3258,0.0522,-0.0135,0.9640
9.8801,0.9650,1.3308,0.0176,0.2688,0.2694,0.0260,-0.0200,0.0015,1.3212,0.0574,0.3207,0.3258,0.0513,-0.0135,0.9635
9.9002,0.9651,1.3348,0.0162,0.2682,0.2687,0.0258,-0.0225,0.0019,1.3235,0.0577,0.3181,0.3233,0.0504,-0.0026,0.9632
9.9005,0.9651,1.3372,0.0162,0.2682,0.2687,0.0257,-0.0225,0.0025,1.3262,0.0577,0.3181,0.3233,0.0493,-0.0026,0.9627
9.9098,0.9652,1.3389,0.0153,0.2680,0.2684,0.0257,-0.0224,0.0028,1.3282,0.0577,0.3165,0.3218,0.0489,0.0044,0.9625
9.9101,0.9653,1.3412,0.0153,0.2680,0.2684,0.0256,-0.0224,0.0031,1.3309,0.0577,0.3165,0.3218,0.0479,0.0044,0.9622
9.9301,0.9653,1.3433,0.0145,0.2668,0.2672,0.0257,-0.0217,0.0034,1.3335,0.0572,0.3152,0.3203,0.0463,0.0032,0.9619
9.9304,0.9654,1.3456,0.0145,0.2668,0.2672,0.0257,-0.0217,0.0038,1.3362,0.0572,0.3152,0.3203,0.0449,0.0032,0.9617
9.9503,0.9655,1.3476,0.0138,0.2662,0.2666,0.0258,-0.0196,0.0040,1.3386,0.0570,0.3144,0.3195,0.0434,0.0019,0.9615
9.9506,0.9655,1.3496,0.0138,0.2662,0.2666,0.0258,-0.0196,0.0043,1.3411,0.0570,0.3144,0.3195,0.0422,0.0019,0.9612
9.9600,0.9656,1.3516,0.0132,0.2648,0.2651,0.0258,-0.0146,0.0046,1.3436,0.0562,0.3129,0.3179,0.0407,0.0029,0.9610
9.9602,0.9656,1.3538,0.0128,0.2641,0.2644,0.0258,-0.0112,0.0050,1.3462,0.0562,0.3129,0.3179,0.0388,0.0029,0.9607
9.9803,0.9656,1.3558,0.0124,0.2641,0.2644,0.0258,-0.0088,0.0052,1.3485,0.0549,0.3124,0.3172,0.0377,0.0033,0.9605
9.9806,0.9657,1.3580,0.0124,0.2641,0.2644,0.0258,-0.0088,0.0055,1.3511,0.0549,0.3124,0.3172,0.0361,0.0033,0.9602
10.0001,0.9657,1.3598,0.0114,0.2636,0.2639,0.0258,-0.0027,0.0057,1.3532,0.0537,0.3113,0.3159,0.0348,0.0023,0.9600
10.0006,0.9657,1.3620,0.0114,0.2636,0.2639,0.0256,-0.0027,0.0059,1.3556,0.0531,0.3100,0.3145,0.0330,0.0019,0.9598
10.0099,0.9657,1.3640,0.0104,0.2627,0.2629,0.0255,-0.0002,0.0061,1.3579,0.0526,0.3094,0.3138,0.0313,0.0025,0.9596
10.0103,0.9657,1.3663,0.0104,0.2627,0.2629,0.0252,-0.0002,0.0064,1.3604,0.0526,0.3094,0.3138,0.0297,0.0025,0.9592
10.0302,0.9656,1.3684,0.0098,0.2620,0.2622,0.0250,-0.0005,0.0067,1.3628,0.0519,0.3073,0.3117,0.0279,0.0098,0.9590
10.0305,0.9656,1.3706,0.0095,0.2615,0.2617,0.0249,-0.0001,0.0069,1.3652,0.0516,0.3064,0.3107,0.0257,0.0124,0.9587
10.0503,0.9657,1.3726,0.0092,0.2614,0.2616,0.0248,0.0006,0.0071,1.3676,0.0513,0.3058,0.3100,0.0239,0.0134,0.9585
10.0507,0.9657,1.3745,0.0092,0.2614,0.2616,0.0246,0.0006,0.0073,1.3698,0.0508,0.3047,0.3089,0.0225,0.0133,0.9584
10.0603,0.9657,1.3767,0.0085,0.2600,0.2602,0.0241,-0.0005,0.0075,1.3724,0.0505,0.3040,0.3082,0.0200,0.0124,0.9582
10.0606,0.9657,1.3787,0.0083,0.2602,0.2603,0.0237,-0.0007,0.0077,1.3747,0.0504,0.3038,0.3080,0.0181,0.0120,0.9581
10.0801,0.9657,1.3806,0.0079,0.2593,0.2595,0.0234,-0.0009,0.0079,1.3769,0.0502,0.3024,0.3066,0.0168,0.0131,0.9579
10.0806,0.9657,1.3826,0.0077,0.2590,0.2591,0.0231,-0.0006,0.0081,1.3792,0.0501,0.3017,0.3058,0.0153,0.0146,0.9576
10.1001,0.9657,1.3845,0.0075,0.2581,0.2582,0.0225,0.0010,0.0083,1.3815,0.0497,0.3005,0.3046,0.0140,0.0172,0.9574
10.1099,0.9657,1.3866,0.0073,0.2575,0.2576,0.0218,0.0031,0.0085,1.3840,0.0493,0.2998,0.3038,0.0125,0.0196,0.9572
10.1102,0.9657,1.3886,0.0073,0.2575,0.2576,0.0214,0.0031,0.0086,1.3864,0.0493,0.2998,0.3038,0.0106,0.0196,0.9571
10.1201,0.9657,1.3907,0.0070,0.2569,0.2570,0.0209,0.0069,0.0087,1.3889,0.0479,0.2996,0.3034,0.0089,0.0144,0.9570
10.1205,0.9657,1.3927,0.0070,0.2569,0.2570,0.0204,0.0069,0.0087,1.3912,0.0479,0.2996,0.3034,0.0071,0.0144,0.9570
10.1402,0.9657,1.3948,0.0066,0.2555,0.2556,0.0202,0.0087,0.0088,1.3936,0.0456,0.2980,0.3015,0.0051,0.0034,0.9569
10.1404,0.9657,1.3966,0.0066,0.2555,0.2556,0.0199,0.0087,0.0089,1.3956,0.0456,0.2980,0.3015,0.0035,0.0034,0.9568
10.1602,0.9657,1.3989,0.0060,0.2546,0.2546,0.0192,0.0087,0.0090,1.3978,0.0438,0.2960,0.2993,0.0019,0.0017,0.9567
10.1607,0.9657,1.4009,0.0060,0.2546,0.2546,0.0184,0.0087,0.0091,1.4000,0.0438,0.2960,0.2993,-0.0001,0.0017,0.9566
10.1700,0.9657,1.4031,0.0057,0.2547,0.2547,0.0181,0.0048,0.0092,1.4023,0.0423,0.2946,0.2976,-0.0023,0.0024,0.9564
10.1702,0.9656,1.4052,0.0057,0.2547,0.2547,0.0175,0.0048,0.0093,1.4046,0.0423,0.2946,0.2976,-0.0042,0.0024,0.9563
10.1900,0.9656,1.4069,0.0051,0.2543,0.2543,0.0173,0.0010,0.0093,1.4066,0.0403,0.2928,0.2955,-0.0056,0.0055,0.9563
10.1904,0.9656,1.4090,0.0051,0.2543,0.2543,0.0168,0.0010,0.0093,1.4091,0.0394,0.2919,0.2946,-0.0079,0.0042,0.9563
10.1999,0.9656,1.4108,0.0045,0.2530,0.2531,0.0166,0.0001,0.0093,1.4112,0.0382,0.2915,0.2940,-0.0098,0.0023,0.9563
10.2002,0.9656,1.4128,0.0045,0.2530,0.2531,0.0165,0.0001,0.0093,1.4135,0.0382,0.2915,0.2940,-0.0115,0.0023,0.9563
10.2200,0.9656,1.4147,0.0041,0.2516,0.2517,0.0166,0.0007,0.0094,1.4157,0.0358,0.2897,0.2919,-0.0137,-0.0004,0.9562
10.2203,0.9656,1.4167,0.0041,0.2519,0.2520,0.0167,0.0021,0.0094,1.4180,0.0351,0.2898,0.2919,-0.0153,-0.0014,0.9562
10.2404,0.9656,1.4183,0.0039,0.2512,0.2512,0.0168,0.0053,0.0094,1.4200,0.0339,0.2888,0.2908,-0.0162,-0.0042,0.9562
10.2409,0.9655,1.4204,0.0039,0.2512,0.2512,0.0168,0.0053,0.0095,1.4224,0.0327,0.2869,0.2888,-0.0176,-0.0056,0.9561
10.2500,0.9655,1.4225,0.0036,0.2491,0.2492,0.0169,0.0125,0.0095,1.4247,0.0315,0.2864,0.2882,-0.0190,-0.0085,0.9559
10.2502,0.9654,1.4246,0.0036,0.2491,0.2492,0.0171,0.0125,0.0096,1.4270,0.0315,0.2864,0.2882,-0.0208,-0.0085,0.9558
10.2702,0.9653,1.4266,0.0031,0.2488,0.2488,0.0172,0.0188,0.0096,1.4292,0.0295,0.2856,0.2871,-0.0224,-0.0141,0.9557
10.2708,0.9653,1.4283,0.0031,0.2488,0.2488,0.0173,0.0188,0.0096,1.4313,0.0287,0.2853,0.2867,-0.0238,-0.0146,0.9556
10.2903,0.9652,1.4303,0.0026,0.2478,0.2478,0.0173,0.0201,0.0096,1.4336,0.0282,0.2842,0.2856,-0.0253,-0.0136,0.9556
10.2905,0.9651,1.4324,0.0024,0.2471,0.2471,0.0174,0.0210,0.0097,1.4358,0.0282,0.2842,0.2856,-0.0270,-0.0136,0.9555
10.3100,0.9651,1.4343,0.0022,0.2472,0.2472,0.0174,0.0226,0.0097,1.4379,0.0271,0.2829,0.2842,-0.0279,-0.0126,0.9554
10.3104,0.9650,1.4362,0.0022,0.2472,0.2472,0.0174,0.0226,0.0097,1.4401,0.0265,0.2819,0.2832,-0.0290,-0.0123,0.9553
10.3202,0.9649,1.4382,0.0018,0.2465,0.2465,0.0173,0.0244,0.0098,1.4422,0.0259,0.2816,0.2828,-0.0298,-0.0134,0.9552
10.3205,0.9649,1.4402,0.0018,0.2465,0.2465,0.0173,0.0244,0.0098,1.4444,0.0248,0.2806,0.2817,-0.0306,-0.0157,0.9551
10.3401,0.9648,1.4422,0.0011,0.2460,0.2460,0.0172,0.0196,0.0099,1.4466,0.0240,0.2805,0.2815,-0.0317,-0.0167,0.9549
10.3404,0.9647,1.4444,0.0011,0.2460,0.2460,0.0167,0.0196,0.0099,1.4488,0.0240,0.2805,0.2815,-0.0323,-0.0167,0.9548
10.3501,0.9647,1.4462,0.0001,0.2454,0.2454,0.0165,0.0153,0.0100,1.4507,0.0218,0.2790,0.2799,-0.0332,-0.0211,0.9547
10.3504,0.9646,1.4483,-0.0003,0.2448,0.2448,0.0156,0.0156,0.0101,1.4530,0.0210,0.2784,0.2792,-0.0342,-0.0224,0.9545
10.3701,0.9645,1.4502,-0.0006,0.2443,0.2443,0.0144,0.0159,0.0102,1.4551,0.0201,0.2776,0.2783,-0.0349,-0.0245,0.9543
10.3704,0.9644,1.4518,-0.0006,0.2443,0.2443,0.0135,0.0159,0.0102,1.4570,0.0194,0.2773,0.2780,-0.0353,-0.0270,0.9542
10.3901,0.9642,1.4538,-0.0012,0.2421,0.2421,0.0126,0.0215,0.0103,1.4592,0.0184,0.2759,0.2765,-0.0358,-0.0297,0.9539
10.3904,0.9641,1.4557,-0.0012,0.2421,0.2421,0.0115,0.0215,0.0104,1.4613,0.0184,0.2759,0.2765,-0.0362,-0.0297,0.9537
10.3999,0.9640,1.4574,-0.0019,0.2417,0.2417,0.0107,0.0253,0.0105,1.4633,0.0170,0.2757,0.2762,-0.0367,-0.0392,0.9534
10.4002,0.9638,1.4594,-0.0019,0.2417,0.2417,0.0092,0.0253,0.0107,1.4656,0.0170,0.2757,0.2762,-0.0375,-0.0392,0.9532
10.4202,0.9637,1.4613,-0.0027,0.2411,0.2411,0.0078,0.0298,0.0108,1.4678,0.0158,0.2748,0.2752,-0.0383,-0.0434,0.9529
10.4205,0.9636,1.4632,-0.0027,0.2411,0.2411,0.0068,0.0298,0.0109,1.4698,0.0154,0.2737,0.2741,-0.0388,-0.0435,0.9527
10.4403,0.9635,1.4651,-0.0035,0.2398,0.2398,0.0056,0.0334,0.0109,1.4720,0.0149,0.2727,0.2731,-0.0391,-0.0423,0.9526
10.4406,0.9635,1.4669,-0.0035,0.2398,0.2398,0.0048,0.0334,0.0110,1.4739,0.0149,0.2727,0.2731,-0.0395,-0.0423,0.9525
10.4502,0.9634,1.4687,-0.0040,0.2386,0.2386,0.0040,0.0337,0.0110,1.4761,0.0139,0.2708,0.2711,-0.0400,-0.0398,0.9524
10.4505,0.9634,1.4704,-0.0040,0.2386,0.2386,0.0034,0.0337,0.0111,1.4781,0.0139,0.2708,0.2711,-0.0403,-0.0398,0.9523
10.4700,0.9633,1.4726,-0.0043,0.2377,0.2377,0.0020,0.0313,0.0111,1.4805,0.0130,0.2690,0.2693,-0.0403,-0.0389,0.9522
10.4703,0.9632,1.4743,-0.0043,0.2377,0.2377,0.0008,0.0313,0.0112,1.4824,0.0124,0.2685,0.2688,-0.0404,-0.0383,0.9521
10.4904,0.9631,1.4760,-0.0048,0.2370,0.2371,-0.0005,0.0295,0.0113,1.4845,0.0120,0.2679,0.2682,-0.0407,-0.0376,0.9519
10.4906,0.9629,1.4779,-0.0048,0.2370,0.2371,-0.0019,0.0295,0.0113,1.4866,0.0120,0.2679,0.2682,-0.0409,-0.0376,0.9516
10.5000,0.9627,1.4798,-0.0055,0.2362,0.2362,-0.0031,0.0286,0.0114,1.4887,0.0113,0.2667,0.2670,-0.0411,-0.0411,0.9514
10.5004,0.9624,1.4817,-0.0055,0.2362,0.2362,-0.0041,0.0286,0.0114,1.4908,0.0113,0.2667,0.2670,-0.0416,-0.0411,0.9510
10.5200,0.9622,1.4834,-0.0065,0.2354,0.2355,-0.0047,0.0285,0.0114,1.4927,0.0106,0.2659,0.2661,-0.0419,-0.0458,0.9507
10.5202,0.9618,1.4852,-0.0065,0.2354,0.2355,-0.0053,0.0285,0.0115,1.4947,0.0106,0.2659,0.2661,-0.0420,-0.0458,0.9504
10.5403,0.9614,1.4872,-0.0077,0.2336,0.2337,-0.0061,0.0284,0.0115,1.4968,0.0095,0.2638,0.2640,-0.0422,-0.0491,0.9500
10.5407,0.9611,1.4889,-0.0077,0.2336,0.2337,-0.0066,0.0284,0.0115,1.4985,0.0091,0.2631,0.2632,-0.0425,-0.0492,0.9497
10.5502,0.9608,1.4909,-0.0091,0.2325,0.2327,-0.0067,0.0277,0.0115,1.5005,0.0087,0.2618,0.2619,-0.0425,-0.0484,0.9494
10.5506,0.9604,1.4928,-0.0091,0.2325,0.2327,-0.0070,0.0277,0.0115,1.5026,0.0087,0.2618,0.2619,-0.0424,-0.0484,0.9490
10.5703,0.9602,1.4945,-0.0105,0.2323,0.2325,-0.0071,0.0263,0.0115,1.5044,0.0081,0.2604,0.2605,-0.0423,-0.0462,0.9487
10.5706,0.9599,1.4964,-0.0111,0.2317,0.2320,-0.0072,0.0262,0.0115,1.5064,0.0081,0.2604,0.2605,-0.0422,-0.0462,0.9484
10.5801,0.9596,1.4982,-0.0116,0.2316,0.2319,-0.0075,0.0256,0.0115,1.5082,0.0073,0.2590,0.2591,-0.0418,-0.0443,0.9482
10.5806,0.9593,1.5000,-0.0116,0.2316,0.2319,-0.0077,0.0256,0.0115,1.5102,0.0068,0.2580,0.2581,-0.0410,-0.0430,0.9479
10.6001,0.9590,1.5017,-0.0127,0.2311,0.2314,-0.0077,0.0247,0.0115,1.5120,0.0064,0.2574,0.2575,-0.0401,-0.0422,0.9476
10.6006,0.9587,1.5033,-0.0133,0.2301,0.2304,-0.0078,0.0227,0.0115,1.5139,0.0060,0.2561,0.2561,-0.0394,-0.0415,0.9473
10.6200,0.9583,1.5053,-0.0140,0.2295,0.2299,-0.0079,0.0231,0.0115,1.5160,0.0058,0.2550,0.2550,-0.0384,-0.0375,0.9469
10.6204,0.9579,1.5071,-0.0140,0.2295,0.2299,-0.0084,0.0231,0.0114,1.5179,0.0058,0.2550,0.2550,-0.0374,-0.0375,0.9466
10.6301,0.9576,1.5090,-0.0154,0.2288,0.2293,-0.0087,0.0229,0.0114,1.5199,0.0055,0.2535,0.2535,-0.0365,-0.0305,0.9462
10.6304,0.9572,1.5110,-0.0154,0.2288,0.2293,-0.0090,0.0229,0.0114,1.5218,0.0053,0.2527,0.2527,-0.0359,-0.0315,0.9458
10.6502,0.9567,1.5129,-0.0170,0.2287,0.2294,-0.0091,0.0230,0.0114,1.5239,0.0052,0.2525,0.2526,-0.0354,-0.0328,0.9454
10.6505,0.9563,1.5146,-0.0179,0.2282,0.2289,-0.0093,0.0224,0.0113,1.5257,0.0048,0.2521,0.2522,-0.0350,-0.0345,0.9451
10.6700,0.9560,1.5164,-0.0186,0.2275,0.2283,-0.0092,0.0235,0.0113,1.5275,0.0044,0.2514,0.2514,-0.0343,-0.0361,0.9448
10.6704,0.9556,1.5183,-0.0186,0.2275,0.2283,-0.0091,0.0235,0.0112,1.5295,0.0040,0.2504,0.2504,-0.0335,-0.0394,0.9445
10.6803,0.9553,1.5200,-0.0200,0.2262,0.2271,-0.0087,0.0230,0.0111,1.5313,0.0038,0.2498,0.2499,-0.0329,-0.0424,0.9442
10.6806,0.9549,1.5217,-0.0200,0.2262,0.2271,-0.0079,0.0230,0.0111,1.5330,0.0036,0.2494,0.2494,-0.0323,-0.0427,0.9439
10.7001,0.9544,1.5234,-0.0214,0.2254,0.2264,-0.0076,0.0184,0.0111,1.5346,0.0035,0.2478,0.2479,-0.0317,-0.0421,0.9435
10.7004,0.9544,1.5234,-0.0214,0.2254,0.2264,-0.0076,0.0184,0.0110,1.5366,0.0035,0.2478,0.2479,-0.0310,-0.0421,0.9435
10.7203,0.9533,1.5272,-0.0234,0.2253,0.2266,-0.0073,0.0145,0.0109,1.5384,0.0033,0.2462,0.2462,-0.0304,-0.0410,0.9425
10.7208,0.9528,1.5291,-0.0234,0.2253,0.2266,-0.0072,0.0145,0.0108,1.5402,0.0033,0.2462,0.2462,-0.0299,-0.0410,0.9420
10.7300,0.9522,1.5308,-0.0256,0.2247,0.2262,-0.0068,0.0067,0.0107,1.5420,0.0029,0.2444,0.2444,-0.0294,-0.0364,0.9416
10.7302,0.9517,1.5326,-0.0256,0.2247,0.2262,-0.0065,0.0067,0.0106,1.5436,0.0026,0.2440,0.2440,-0.0288,-0.0345,0.9412
10.7504,0.9512,1.5343,-0.0276,0.2243,0.2260,-0.0062,0.0033,0.0105,1.5453,0.0022,0.2426,0.2426,-0.0283,-0.0314,0.9408
10.7508,0.9507,1.5361,-0.0285,0.2235,0.2253,-0.0056,0.0020,0.0103,1.5472,0.0018,0.2412,0.2412,-0.0278,-0.0292,0.9404
10.7702,0.9501,1.5381,-0.0295,0.2230,0.2250,-0.0043,0.0007,0.0102,1.5490,0.0014,0.2402,0.2402,-0.0273,-0.0272,0.9400
10.7707,0.9501,1.5381,-0.0295,0.2230,0.2250,-0.0043,0.0007,0.0100,1.5506,0.0014,0.2402,0.2402,-0.0268,-0.0272,0.9401
10.7798,0.9489,1.5418,-0.0315,0.2231,0.2254,-0.0022,0.0004,0.0099,1.5523,0.0007,0.2386,0.2386,-0.0263,-0.0284,0.9391
10.7800,0.9483,1.5436,-0.0315,0.2231,0.2254,-0.0017,0.0004,0.0097,1.5539,0.0007,0.2386,0.2386,-0.0260,-0.0284,0.9387
10.8002,0.9476,1.5455,-0.0336,0.2225,0.2250,-0.0011,-0.0054,0.0095,1.5556,0.0001,0.2361,0.2361,-0.0261,-0.0270,0.9382
10.8005,0.9470,1.5472,-0.0336,0.2225,0.2250,-0.0009,-0.0054,0.0093,1.5571,0.0001,0.2361,0.2361,-0.0258,-0.0270,0.9378
10.8204,0.9464,1.5490,-0.0359,0.2220,0.2249,-0.0005,-0.0085,0.0091,1.5586,-0.0008,0.2340,0.2340,-0.0255,-0.0200,0.9373
10.8210,0.9457,1.5508,-0.0371,0.2216,0.2247,-0.0000,-0.0077,0.0088,1.5602,-0.0013,0.2329,0.2329,-0.0254,-0.0186,0.9369
10.8303,0.9450,1.5526,-0.0383,0.2212,0.2245,0.0005,-0.0070,0.0085,1.5619,-0.0020,0.2317,0.2317,-0.0253,-0.0175,0.9366
10.8308,0.9443,1.5545,-0.0383,0.2212,0.2245,0.0010,-0.0070,0.0082,1.5635,-0.0027,0.2307,0.2307,-0.0251,-0.0154,0.9362
10.8499,0.9436,1.5564,-0.0408,0.2202,0.2239,0.0015,-0.0057,0.0079,1.5651,-0.0034,0.2294,0.2294,-0.0249,-0.0125,0.9358
10.8502,0.9429,1.5582,-0.0408,0.2202,0.2239,0.0018,-0.0057,0.0076,1.5666,-0.0042,0.2288,0.2288,-0.0247,-0.0104,0.9354
10.8701,0.9422,1.5598,-0.0434,0.2198,0.2240,0.0024,-0.0049,0.0073,1.5681,-0.0050,0.2273,0.2273,-0.0244,-0.0082,0.9349
10.8704,0.9414,1.5618,-0.0445,0.2192,0.2237,0.0031,-0.0050,0.0070,1.5697,-0.0057,0.2259,0.2259,-0.0237,-0.0051,0.9344
10.8799,0.9405,1.5637,-0.0460,0.2199,0.2247,0.0042,-0.0050,0.0067,1.5713,-0.0064,0.2254,0.2255,-0.0230,-0.0032,0.9339
10.8802,0.9397,1.5656,-0.0474,0.2199,0.2249,0.0052,-0.0055,0.0063,1.5729,-0.0073,0.2242,0.2244,-0.0219,-0.0027,0.9334
10.9009,0.9381,1.5690,-0.0488,0.2198,0.2251,0.0068,-0.0080,0.0059,1.5744,-0.0083,0.2231,0.2233,-0.0210,-0.0017,0.9322
10.9011,0.9381,1.5690,-0.0488,0.2198,0.2251,0.0068,-0.0080,0.0055,1.5758,-0.0083,0.2231,0.2233,-0.0203,-0.0017,0.9326
10.9202,0.9372,1.5708,-0.0514,0.2192,0.2252,0.0074,-0.0132,0.0052,1.5772,-0.0103,0.2204,0.2207,-0.0192,-0.0054,0.9321
10.9206,0.9364,1.5725,-0.0514,0.2192,0.2252,0.0082,-0.0132,0.0048,1.5786,-0.0103,0.2204,0.2207,-0.0181,-0.0054,0.9316
10.9301,0.9355,1.5745,-0.0543,0.2186,0.2253,0.0094,-0.0177,0.0044,1.5801,-0.0122,0.2175,0.2178,-0.0172,-0.0072,0.9311
10.9303,0.9348,1.5761,-0.0543,0.2186,0.2253,0.0105,-0.0177,0.0041,1.5813,-0.0122,0.2175,0.2178,-0.0162,-0.0072,0.9307
10.9500,0.9340,1.5778,-0.0574,0.2184,0.2259,0.0113,-0.0217,0.0038,1.5826,-0.0138,0.2148,0.2152,-0.0151,-0.0080,0.9302
10.9504,0.9330,1.5799,-0.0574,0.2184,0.2259,0.0119,-0.0217,0.0033,1.5842,-0.0138,0.2148,0.2152,-0.0135,-0.0080,0.9297
10.9603,0.9314,1.5831,-0.0622,0.2176,0.2264,0.0125,-0.0218,0.0030,1.5854,-0.0155,0.2122,0.2127,-0.0123,-0.0079,0.9284
10.9605,0.9314,1.5831,-0.0622,0.2176,0.2264,0.0125,-0.0218,0.0026,1.5866,-0.0155,0.2122,0.2127,-0.0112,-0.0079,0.9288
10.9799,0.9304,1.5849,-0.0636,0.2177,0.2268,0.0130,-0.0220,0.0021,1.5879,-0.0172,0.2083,0.2090,-0.0097,-0.0059,0.9283
10.9804,0.9295,1.5867,-0.0636,0.2177,0.2268,0.0132,-0.0220,0.0017,1.5893,-0.0183,0.2069,0.2077,-0.0079,-0.0027,0.9278
11.0001,0.9286,1.5884,-0.0669,0.2176,0.2277,0.0134,-0.0220,0.0013,1.5904,-0.0193,0.2053,0.2062,-0.0068,0.0002,0.9273
11.0005,0.9275,1.5902,-0.0669,0.2176,0.2277,0.0134,-0.0220,0.0008,1.5918,-0.0201,0.2034,0.2044,-0.0056,0.0020,0.9267
11.0101,0.9265,1.5920,-0.0698,0.2170,0.2280,0.0134,-0.0221,0.0004,1.5929,-0.0212,0.2019,0.2030,-0.0047,0.0060,0.9261
11.0105,0.9256,1.5938,-0.0713,0.2172,0.2286,0.0134,-0.0221,0.0000,1.5941,-0.0221,0.2005,0.2017,-0.0035,0.0087,0.9255
11.0300,0.9245,1.5956,-0.0725,0.2171,0.2289,0.0132,-0.0221,-0.0004,1.5953,-0.0229,0.1988,0.2001,-0.0018,0.0097,0.9249
11.0304,0.9233,1.5976,-0.0725,0.2171,0.2289,0.0131,-0.0221,-0.0009,1.5967,-0.0229,0.1988,0.2001,0.0006,0.0097,0.9242
11.0502,0.9223,1.5994,-0.0755,0.2175,0.2302,0.0131,-0.0243,-0.0014,1.5979,-0.0247,0.1964,0.1979,0.0027,0.0089,0.9237
11.0507,0.9213,1.6010,-0.0755,0.2175,0.2302,0.0130,-0.0243,-0.0020,1.5990,-0.0258,0.1947,0.1964,0.0048,0.0080,0.9233
11.0599,0.9205,1.6024,-0.0782,0.2163,0.2300,0.0130,-0.0265,-0.0025,1.5999,-0.0269,0.1929,0.1947,0.0060,0.0072,0.9229
11.0603,0.9194,1.6041,-0.0782,0.2163,0.2300,0.0129,-0.0265,-0.0031,1.6010,-0.0269,0.1929,0.1947,0.0077,0.0072,0.9226
11.0800,0.9185,1.6057,-0.0809,0.2154,0.2301,0.0128,-0.0254,-0.0038,1.6021,-0.0292,0.1893,0.1915,0.0094,0.0066,0.9223
11.0805,0.9174,1.6075,-0.0809,0.2154,0.2301,0.0122,-0.0254,-0.0046,1.6035,-0.0292,0.1893,0.1915,0.0112,0.0066,0.9220
11.1003,0.9164,1.6093,-0.0838,0.2149,0.2307,0.0120,-0.0226,-0.0054,1.6048,-0.0322,0.1865,0.1893,0.0125,0.0095,0.9218
11.1007,0.9155,1.6110,-0.0838,0.2149,0.2307,0.0118,-0.0226,-0.0060,1.6059,-0.0322,0.1865,0.1893,0.0134,0.0095,0.9215
11.1203,0.9146,1.6126,-0.0864,0.2153,0.2320,0.0116,-0.0224,-0.0067,1.6071,-0.0350,0.1841,0.1874,0.0143,0.0129,0.9213
11.1207,0.9135,1.6146,-0.0874,0.2148,0.2319,0.0111,-0.0239,-0.0075,1.6085,-0.0363,0.1821,0.1857,0.0159,0.0146,0.9210
11.1299,0.9124,1.6164,-0.0890,0.2150,0.2327,0.0102,-0.0249,-0.0083,1.6098,-0.0379,0.1810,0.1850,0.0171,0.0172,0.9207
11.1302,0.9113,1.6181,-0.0890,0.2150,0.2327,0.0092,-0.0249,-0.0091,1.6112,-0.0379,0.1810,0.1850,0.0182,0.0172,0.9205
11.1501,0.9103,1.6199,-0.0916,0.2143,0.2331,0.0080,-0.0246,-0.0099,1.6126,-0.0411,0.1787,0.1833,0.0194,0.0197,0.9202
11.1505,0.9095,1.6214,-0.0916,0.2143,0.2331,0.0072,-0.0246,-0.0105,1.6137,-0.0411,0.1787,0.1833,0.0201,0.0197,0.9199
11.1600,0.9082,1.6233,-0.0938,0.2136,0.2332,0.0059,-0.0215,-0.0113,1.6154,-0.0436,0.1761,0.1814,0.0209,0.0214,0.9195
11.1605,0.9072,1.6249,-0.0956,0.2138,0.2342,0.0046,-0.0195,-0.0120,1.6167,-0.0451,0.1756,0.1813,0.0212,0.0225,0.9192
11.1799,0.9061,1.6265,-0.0969,0.2132,0.2342,0.0036,-0.0182,-0.0127,1.6181,-0.0464,0.1745,0.1806,0.0218,0.0235,0.9189
11.1804,0.9050,1.6284,-0.0983,0.2131,0.2347,0.0025,-0.0178,-0.0136,1.6197,-0.0477,0.1738,0.1802,0.0226,0.0235,0.9185
11.2004,0.9039,1.6301,-0.0999,0.2134,0.2357,0.0012,-0.0156,-0.0143,1.6211,-0.0493,0.1734,0.1803,0.0235,0.0234,0.9183
11.2008,0.9029,1.6318,-0.1010,0.2135,0.2362,-0.0004,-0.0152,-0.0151,1.6224,-0.0507,0.1729,0.1801,0.0251,0.0228,0.9180
11.2099,0.9019,1.6335,-0.1020,0.2127,0.2359,-0.0021,-0.0151,-0.0158,1.6237,-0.0521,0.1716,0.1794,0.0265,0.0223,0.9178
11.2102,0.9008,1.6351,-0.1020,0.2127,0.2359,-0.0033,-0.0151,-0.0166,1.6250,-0.0521,0.1716,0.1794,0.0281,0.0223,0.9175
11.2299,0.8996,1.6369,-0.1039,0.2121,0.2362,-0.0049,-0.0102,-0.0174,1.6265,-0.0548,0.1697,0.1783,0.0299,0.0222,0.9171
11.2302,0.8988,1.6382,-0.1039,0.2121,0.2362,-0.0062,-0.0102,-0.0180,1.6277,-0.0548,0.1697,0.1783,0.0311,0.0222,0.9168
11.2404,0.8975,1.6401,-0.1059,0.2113,0.2363,-0.0081,-0.0104,-0.0189,1.6293,-0.0572,0.1681,0.1775,0.0324,0.0225,0.9165
11.2409,0.8964,1.6419,-0.1059,0.2113,0.2363,-0.0094,-0.0104,-0.0197,1.6309,-0.0572,0.1681,0.1775,0.0332,0.0225,0.9162
11.2601,0.8954,1.6437,-0.1085,0.2116,0.2378,-0.0107,-0.0099,-0.0205,1.6324,-0.0600,0.1674,0.1778,0.0341,0.0241,0.9160
11.2604,0.8945,1.6452,-0.1085,0.2116,0.2378,-0.0115,-0.0099,-0.0214,1.6337,-0.0600,0.1674,0.1778,0.0347,0.0241,0.9160
11.2801,0.8933,1.6471,-0.1100,0.2105,0.2375,-0.0129,-0.0099,-0.0226,1.6356,-0.0628,0.1663,0.1777,0.0356,0.0256,0.9160
11.2804,0.8922,1.6489,-0.1112,0.2108,0.2383,-0.0146,-0.0087,-0.0238,1.6373,-0.0628,0.1663,0.1777,0.0363,0.0256,0.9161
11.2900,0.8912,1.6504,-0.1124,0.2106,0.2387,-0.0157,-0.0065,-0.0247,1.6387,-0.0671,0.1667,0.1797,0.0371,0.0254,0.9160
11.2904,0.8901,1.6522,-0.1124,0.2106,0.2387,-0.0183,-0.0065,-0.0259,1.6404,-0.0685,0.1662,0.1798,0.0377,0.0219,0.9161
11.3100,0.8892,1.6537,-0.1138,0.2100,0.2388,-0.0199,-0.0043,-0.0268,1.6419,-0.0704,0.1667,0.1809,0.0379,0.0230,0.9161
11.3104,0.8881,1.6555,-0.1138,0.2100,0.2388,-0.0225,-0.0043,-0.0281,1.6437,-0.0719,0.1664,0.1813,0.0383,0.0227,0.9162
11.3299,0.8869,1.6573,-0.1153,0.2095,0.2392,-0.0237,-0.0020,-0.0292,1.6456,-0.0738,0.1670,0.1826,0.0388,0.0227,0.9162
11.3302,0.8860,1.6589,-0.1153,0.2095,0.2392,-0.0255,-0.0020,-0.0302,1.6472,-0.0754,0.1673,0.1836,0.0391,0.0218,0.9162
11.3502,0.8849,1.6606,-0.1167,0.2089,0.2393,-0.0271,-0.0028,-0.0313,1.6491,-0.0768,0.1674,0.1842,0.0395,0.0206,0.9163
11.3505,0.8838,1.6623,-0.1167,0.2089,0.2393,-0.0286,-0.0028,-0.0325,1.6509,-0.0768,0.1674,0.1842,0.0398,0.0206,0.9164
11.3598,0.8829,1.6637,-0.1181,0.2082,0.2394,-0.0296,-0.0051,-0.0336,1.6527,-0.0801,0.1687,0.1867,0.0398,0.0183,0.9165
11.3602,0.8816,1.6655,-0.1181,0.2082,0.2394,-0.0308,-0.0051,-0.0349,1.6546,-0.0801,0.1687,0.1867,0.0397,0.0183,0.9165
11.3800,0.8805,1.6670,-0.1197,0.2075,0.2395,-0.0316,-0.0060,-0.0360,1.6564,-0.0837,0.1698,0.1893,0.0396,0.0174,0.9165
11.3802,0.8793,1.6685,-0.1197,0.2075,0.2395,-0.0326,-0.0060,-0.0371,1.6581,-0.0837,0.1698,0.1893,0.0395,0.0174,0.9165
11.3899,0.8781,1.6701,-0.1207,0.2058,0.2386,-0.0336,-0.0052,-0.0383,1.6599,-0.0868,0.1703,0.1911,0.0394,0.0182,0.9164
11.3903,0.8769,1.6718,-0.1207,0.2058,0.2386,-0.0345,-0.0052,-0.0395,1.6618,-0.0868,0.1703,0.1911,0.0394,0.0182,0.9164
11.4103,0.8755,1.6736,-0.1224,0.2056,0.2393,-0.0348,-0.0021,-0.0408,1.6639,-0.0900,0.1721,0.1942,0.0391,0.0218,0.9163
11.4105,0.8743,1.6752,-0.1233,0.2055,0.2396,-0.0352,-0.0019,-0.0421,1.6658,-0.0900,0.1721,0.1942,0.0390,0.0218,0.9164
11.4300,0.8731,1.6767,-0.1242,0.2053,0.2399,-0.0355,-0.0013,-0.0433,1.6678,-0.0938,0.1745,0.1981,0.0388,0.0206,0.9164
11.4304,0.8719,1.6782,-0.1242,0.2053,0.2399,-0.0357,-0.0013,-0.0446,1.6697,-0.0954,0.1753,0.1996,0.0388,0.0182,0.9165
11.4500,0.8706,1.6797,-0.1258,0.2043,0.2399,-0.0360,0.0009,-0.0458,1.6715,-0.0973,0.1768,0.2018,0.0388,0.0163,0.9165
11.4503,0.8694,1.6811,-0.1258,0.2043,0.2399,-0.0361,0.0009,-0.0471,1.6733,-0.0973,0.1768,0.2018,0.0389,0.0163,0.9166
11.4598,0.8682,1.6827,-0.1270,0.2026,0.2391,-0.0362,0.0055,-0.0484,1.6751,-0.1008,0.1783,0.2048,0.0393,0.0101,0.9166
11.4600,0.8669,1.6843,-0.1270,0.2026,0.2391,-0.0365,0.0055,-0.0497,1.6769,-0.1008,0.1783,0.2048,0.0402,0.0101,0.9166
11.4701,0.8656,1.6859,-0.1291,0.2024,0.2400,-0.0366,0.0106,-0.0509,1.6786,-0.1046,0.1806,0.2087,0.0410,0.0061,0.9166
11.4705,0.8644,1.6875,-0.1291,0.2024,0.2400,-0.0366,0.0106,-0.0523,1.6804,-0.1046,0.1806,0.2087,0.0420,0.0061,0.9167
11.4897,0.8631,1.6891,-0.1302,0.2016,0.2400,-0.0365,0.0107,-0.0536,1.6823,-0.1080,0.1823,0.2119,0.0425,0.0033,0.9167
11.4900,0.8618,1.6906,-0.1302,0.2016,0.2400,-0.0366,0.0107,-0.0549,1.6840,-0.1080,0.1823,0.2119,0.0429,0.0033,0.9167
11.5103,0.8592,1.6938,-0.1322,0.2006,0.2402,-0.0365,0.0087,-0.0563,1.6859,-0.1114,0.1845,0.2155,0.0439,0.0090,0.9156
11.5106,0.8592,1.6938,-0.1322,0.2006,0.2402,-0.0365,0.0087,-0.0577,1.6878,-0.1135,0.1860,0.2179,0.0451,0.0088,0.9169
11.5300,0.8579,1.6952,-0.1328,0.2000,0.2400,-0.0364,0.0091,-0.0591,1.6896,-0.1156,0.1874,0.2201,0.0459,0.0077,0.9170
11.5304,0.8565,1.6967,-0.1328,0.2000,0.2400,-0.0363,0.0091,-0.0606,1.6916,-0.1156,0.1874,0.2201,0.0472,0.0077,0.9171
11.5399,0.8553,1.6981,-0.1336,0.1981,0.2389,-0.0361,0.0138,-0.0619,1.6933,-0.1193,0.1898,0.2242,0.0474,0.0050,0.9173
11.5403,0.8541,1.6995,-0.1336,0.1981,0.2389,-0.0359,0.0138,-0.0634,1.6951,-0.1193,0.1898,0.2242,0.0476,0.0050,0.9175
11.5601,0.8527,1.7011,-0.1345,0.1971,0.2386,-0.0358,0.0196,-0.0649,1.6971,-0.1228,0.1923,0.2282,0.0479,0.0038,0.9176
11.5604,0.8514,1.7025,-0.1345,0.1971,0.2386,-0.0357,0.0196,-0.0663,1.6988,-0.1228,0.1923,0.2282,0.0483,0.0038,0.9178
11.5703,0.8502,1.7040,-0.1360,0.1969,0.2393,-0.0352,0.0200,-0.0677,1.7006,-0.1264,0.1956,0.2329,0.0483,0.0046,0.9179
11.5706,0.8487,1.7056,-0.1360,0.1969,0.2393,-0.0340,0.0200,-0.0693,1.7026,-0.1264,0.1956,0.2329,0.0482,0.0046,0.9180
11.5902,0.8475,1.7068,-0.1374,0.1961,0.2394,-0.0328,0.0145,-0.0706,1.7044,-0.1293,0.1984,0.2368,0.0482,-0.0008,0.9181
11.5906,0.8462,1.7082,-0.1379,0.1950,0.2388,-0.0313,0.0116,-0.0721,1.7062,-0.1305,0.1993,0.2382,0.0481,-0.0038,0.9184
11.6100,0.8449,1.7096,-0.1385,0.1945,0.2388,-0.0299,0.0114,-0.0736,1.7080,-0.1322,0.2006,0.2403,0.0482,-0.0057,0.9185
11.6102,0.8436,1.7109,-0.1385,0.1945,0.2388,-0.0287,0.0114,-0.0752,1.7098,-0.1322,0.2006,0.2403,0.0485,-0.0057,0.9188
11.6300,0.8423,1.7123,-0.1397,0.1926,0.2380,-0.0276,0.0118,-0.0766,1.7115,-0.1353,0.2027,0.2437,0.0487,-0.0094,0.9189
11.6306,0.8410,1.7137,-0.1397,0.1926,0.2380,-0.0265,0.0118,-0.0780,1.7132,-0.1365,0.2034,0.2449,0.0488,-0.0089,0.9190
11.6401,0.8397,1.7151,-0.1406,0.1911,0.2372,-0.0254,0.0126,-0.0795,1.7150,-0.1377,0.2041,0.2462,0.0488,-0.0081,0.9191
11.6405,0.8382,1.7166,-0.1406,0.1911,0.2372,-0.0246,0.0126,-0.0810,1.7168,-0.1377,0.2041,0.2462,0.0487,-0.0081,0.9192
11.6599,0.8369,1.7179,-0.1425,0.1903,0.2377,-0.0241,0.0130,-0.0824,1.7185,-0.1410,0.2062,0.2498,0.0484,-0.0086,0.9193
11.6602,0.8354,1.7193,-0.1425,0.1903,0.2377,-0.0233,0.0130,-0.0841,1.7204,-0.1410,0.2062,0.2498,0.0484,-0.0086,0.9194
11.6804,0.8339,1.7205,-0.1436,0.1888,0.2372,-0.0226,0.0127,-0.0855,1.7220,-0.1442,0.2073,0.2525,0.0483,-0.0087,0.9195
11.6808,0.8326,1.7217,-0.1444,0.1881,0.2371,-0.0219,0.0135,-0.0870,1.7235,-0.1457,0.2077,0.2537,0.0484,-0.0083,0.9196
11.6899,0.8311,1.7230,-0.1448,0.1867,0.2362,-0.0213,0.0147,-0.0886,1.7252,-0.1469,0.2076,0.2543,0.0484,-0.0080,0.9197
11.6903,0.8297,1.7243,-0.1457,0.1858,0.2361,-0.0207,0.0161,-0.0900,1.7267,-0.1486,0.2082,0.2559,0.0483,-0.0009,0.9197
11.7101,0.8283,1.7256,-0.1464,0.1849,0.2358,-0.0201,0.0189,-0.0914,1.7283,-0.1498,0.2086,0.2568,0.0477,0.0032,0.9197
11.7104,0.8267,1.7270,-0.1472,0.1842,0.2358,-0.0196,0.0193,-0.0932,1.7302,-0.1512,0.2093,0.2582,0.0468,0.0057,0.9199
11.7202,0.8252,1.7283,-0.1483,0.1838,0.2362,-0.0190,0.0193,-0.0949,1.7319,-0.1533,0.2103,0.2603,0.0463,0.0073,0.9201
11.7208,0.8236,1.7296,-0.1483,0.1838,0.2362,-0.0182,0.0193,-0.0966,1.7337,-0.1550,0.2107,0.2616,0.0459,0.0062,0.9203
11.7400,0.8222,1.7308,-0.1502,0.1827,0.2366,-0.0175,0.0188,-0.0982,1.7354,-0.1572,0.2120,0.2639,0.0457,0.0026,0.9204
11.7403,0.8208,1.7320,-0.1507,0.1814,0.2359,-0.0168,0.0188,-0.0998,1.7370,-0.1587,0.2121,0.2649,0.0455,-0.0054,0.9206
11.7603,0.8195,1.7330,-0.1513,0.1802,0.2353,-0.0166,0.0188,-0.1013,1.7385,-0.1602,0.2122,0.2659,0.0453,-0.0085,0.9209
11.7606,0.8182,1.7342,-0.1513,0.1802,0.2353,-0.0165,0.0188,-0.1030,1.7401,-0.1616,0.2122,0.2667,0.0449,-0.0075,0.9212
11.7799,0.8168,1.7355,-0.1526,0.1781,0.2345,-0.0162,0.0227,-0.1046,1.7416,-0.1633,0.2127,0.2681,0.0447,-0.0072,0.9214
11.7802,0.8154,1.7368,-0.1526,0.1781,0.2345,-0.0160,0.0227,-0.1064,1.7432,-0.1633,0.2127,0.2681,0.0448,-0.0072,0.9218
11.7901,0.8137,1.7382,-0.1536,0.1757,0.2333,-0.0158,0.0274,-0.1082,1.7446,-0.1652,0.2118,0.2686,0.0449,-0.0068,0.9220
11.7903,0.8120,1.7396,-0.1550,0.1754,0.2341,-0.0158,0.0272,-0.1100,1.7461,-0.1670,0.2119,0.2698,0.0453,-0.0078,0.9220
11.8102,0.8105,1.7407,-0.1563,0.1747,0.2345,-0.0157,0.0258,-0.1114,1.7473,-0.1682,0.2113,0.2701,0.0455,-0.0089,0.9220
11.8200,0.8088,1.7422,-0.1574,0.1742,0.2348,-0.0155,0.0236,-0.1132,1.7489,-0.1692,0.2110,0.2704,0.0456,-0.0067,0.9220
11.8203,0.8073,1.7433,-0.1574,0.1742,0.2348,-0.0156,0.0236,-0.1147,1.7503,-0.1692,0.2110,0.2704,0.0455,-0.0067,0.9221
11.8302,0.8057,1.7446,-0.1592,0.1719,0.2343,-0.0155,0.0219,-0.1167,1.7521,-0.1711,0.2095,0.2705,0.0454,0.0070,0.9224
11.8305,0.8042,1.7456,-0.1592,0.1719,0.2343,-0.0155,0.0219,-0.1184,1.7535,-0.1711,0.2095,0.2705,0.0452,0.0070,0.9227
11.8503,0.8026,1.7468,-0.1613,0.1701,0.2344,-0.0155,0.0231,-0.1204,1.7551,-0.1742,0.2088,0.2720,0.0448,0.0101,0.9231
11.8506,0.8012,1.7478,-0.1624,0.1690,0.2344,-0.0155,0.0248,-0.1221,1.7568,-0.1758,0.2084,0.2726,0.0444,0.0094,0.9233
11.8701,0.7995,1.7489,-0.1634,0.1681,0.2344,-0.0155,0.0265,-0.1239,1.7585,-0.1770,0.2082,0.2733,0.0437,0.0080,0.9235
11.8704,0.7980,1.7500,-0.1634,0.1681,0.2344,-0.0154,0.0265,-0.1257,1.7600,-0.1770,0.2082,0.2733,0.0430,0.0080,0.9238
11.8798,0.7964,1.7511,-0.1649,0.1660,0.2340,-0.0153,0.0304,-0.1275,1.7616,-0.1794,0.2073,0.2742,0.0427,-0.0014,0.9240
11.8801,0.7946,1.7523,-0.1649,0.1660,0.2340,-0.0151,0.0304,-0.1294,1.7631,-0.1794,0.2073,0.2742,0.0423,-0.0014,0.9241
11.9000,0.7931,1.7533,-0.1670,0.1643,0.2342,-0.0147,0.0343,-0.1312,1.7643,-0.1822,0.2064,0.2753,0.0421,-0.0047,0.9243
11.9003,0.7916,1.7544,-0.1670,0.1643,0.2342,-0.0145,0.0343,-0.1329,1.7656,-0.1822,0.2064,0.2753,0.0422,-0.0047,0.9245
11.9200,0.7900,1.7555,-0.1678,0.1617,0.2331,-0.0142,0.0366,-0.1346,1.7669,-0.1842,0.2035,0.2745,0.0422,-0.0028,0.9247
11.9204,0.7885,1.7567,-0.1678,0.1617,0.2331,-0.0135,0.0366,-0.1365,1.7683,-0.1851,0.2021,0.2740,0.0421,-0.0003,0.9250
11.9299,0.7868,1.7579,-0.1693,0.1599,0.2329,-0.0127,0.0363,-0.1382,1.7697,-0.1863,0.2011,0.2741,0.0421,0.0030,0.9251
11.9303,0.7850,1.7592,-0.1693,0.1599,0.2329,-0.0119,0.0363,-0.1402,1.7713,-0.1873,0.1999,0.2740,0.0416,0.0087,0.9253
11.9502,0.7835,1.7602,-0.1713,0.1589,0.2337,-0.0115,0.0355,-0.1420,1.7726,-0.1888,0.1996,0.2747,0.0413,0.0128,0.9256
11.9504,0.7816,1.7615,-0.1713,0.1589,0.2337,-0.0104,0.0355,-0.1441,1.7741,-0.1888,0.1996,0.2747,0.0413,0.0128,0.9258
11.9600,0.7797,1.7627,-0.1732,0.1575,0.2340,-0.0096,0.0339,-0.1462,1.7756,-0.1914,0.1980,0.2754,0.0411,0.0177,0.9260
11.9604,0.7781,1.7638,-0.1743,0.1568,0.2344,-0.0091,0.0326,-0.1480,1.7769,-0.1930,0.1974,0.2761,0.0410,0.0182,0.9262
11.9797,0.7763,1.7651,-0.1750,0.1558,0.2343,-0.0084,0.0310,-0.1499,1.7783,-0.1941,0.1965,0.2762,0.0406,0.0171,0.9263
11.9799,0.7745,1.7665,-0.1761,0.1551,0.2347,-0.0076,0.0301,-0.1520,1.7798,-0.1952,0.1957,0.2764,0.0397,0.0151,0.9266
12.0002,0.7728,1.7677,-0.1771,0.1547,0.2352,-0.0070,0.0267,-0.1539,1.7812,-0.1967,0.1951,0.2770,0.0391,0.0100,0.9269
12.0005,0.7711,1.7689,-0.1771,0.1547,0.2352,-0.0064,0.0267,-0.1560,1.7825,-0.1967,0.1951,0.2770,0.0389,0.0100,0.9272
12.0100,0.7695,1.7699,-0.1787,0.1532,0.2354,-0.0056,0.0266,-0.1579,1.7837,-0.1992,0.1932,0.2775,0.0389,0.0057,0.9275
12.0103,0.7676,1.7711,-0.1787,0.1532,0.2354,-0.0050,0.0266,-0.1600,1.7851,-0.2003,0.1918,0.2773,0.0391,0.0066,0.9277
12.0300,0.7659,1.7721,-0.1805,0.1517,0.2358,-0.0042,0.0244,-0.1618,1.7863,-0.2018,0.1909,0.2778,0.0391,0.0073,0.9278
12.0302,0.7641,1.7733,-0.1805,0.1517,0.2358,-0.0033,0.0244,-0.1638,1.7877,-0.2018,0.1909,0.2778,0.0391,0.0073,0.9280
12.0504,0.7607,1.7755,-0.1825,0.1504,0.2365,-0.0024,0.0217,-0.1656,1.7890,-0.2037,0.1887,0.2777,0.0391,0.0126,0.9265
12.0506,0.7607,1.7755,-0.1825,0.1504,0.2365,-0.0024,0.0217,-0.1676,1.7903,-0.2045,0.1877,0.2776,0.0391,0.0130,0.9284
12.0602,0.7591,1.7765,-0.1839,0.1488,0.2366,-0.0020,0.0211,-0.1696,1.7916,-0.2053,0.1865,0.2773,0.0392,0.0128,0.9288
12.0607,0.7571,1.7778,-0.1847,0.1479,0.2366,-0.0012,0.0209,-0.1719,1.7932,-0.2053,0.1865,0.2773,0.0393,0.0128,0.9291
12.0802,0.7554,1.7788,-0.1862,0.1475,0.2375,-0.0006,0.0223,-0.1738,1.7945,-0.2084,0.1853,0.2788,0.0394,0.0113,0.9293
12.0806,0.7537,1.7799,-0.1867,0.1466,0.2373,-0.0006,0.0232,-0.1757,1.7957,-0.2090,0.1837,0.2783,0.0393,0.0105,0.9296
12.1002,0.7517,1.7811,-0.1875,0.1461,0.2377,-0.0001,0.0244,-0.1778,1.7972,-0.2101,0.1827,0.2784,0.0390,0.0112,0.9297
12.1004,0.7500,1.7820,-0.1875,0.1461,0.2377,0.0002,0.0244,-0.1800,1.7985,-0.2114,0.1821,0.2790,0.0383,0.0125,0.9301
12.1102,0.7484,1.7830,-0.1898,0.1449,0.2388,0.0003,0.0278,-0.1821,1.7997,-0.2126,0.1809,0.2792,0.0378,0.0149,0.9306
12.1106,0.7466,1.7841,-0.1904,0.1441,0.2388,0.0005,0.0298,-0.1844,1.8011,-0.2138,0.1798,0.2793,0.0372,0.0161,0.9312
12.1300,0.7448,1.7853,-0.1914,0.1436,0.2393,0.0005,0.0323,-0.1866,1.8025,-0.2156,0.1791,0.2803,0.0368,0.0189,0.9316
12.1302,0.7431,1.7864,-0.1924,0.1432,0.2398,0.0010,0.0345,-0.1888,1.8039,-0.2156,0.1791,0.2803,0.0363,0.0189,0.9321
12.1502,0.7415,1.7875,-0.1931,0.1425,0.2400,0.0012,0.0342,-0.1911,1.8053,-0.2188,0.1777,0.2818,0.0358,0.0208,0.9328
12.1506,0.7398,1.7886,-0.1934,0.1418,0.2398,0.0017,0.0332,-0.1933,1.8067,-0.2202,0.1769,0.2825,0.0357,0.0209,0.9333
12.1601,0.7379,1.7898,-0.1941,0.1413,0.2401,0.0024,0.0331,-0.1958,1.8084,-0.2218,0.1764,0.2834,0.0354,0.0206,0.9339
12.1606,0.7360,1.7909,-0.1950,0.1410,0.2407,0.0029,0.0327,-0.1981,1.8098,-0.2235,0.1760,0.2845,0.0356,0.0164,0.9344
12.1799,0.7342,1.7920,-0.1958,0.1407,0.2411,0.0037,0.0325,-0.2005,1.8112,-0.2252,0.1757,0.2856,0.0357,0.0123,0.9348
12.1803,0.7327,1.7929,-0.1958,0.1407,0.2411,0.0044,0.0325,-0.2025,1.8124,-0.2252,0.1757,0.2856,0.0358,0.0123,0.9354
12.2000,0.7309,1.7940,-0.1967,0.1397,0.2413,0.0044,0.0320,-0.2047,1.8136,-0.2277,0.1744,0.2868,0.0360,0.0018,0.9358
12.2005,0.7290,1.7950,-0.1967,0.1397,0.2413,0.0045,0.0320,-0.2069,1.8150,-0.2294,0.1738,0.2878,0.0361,-0.0014,0.9361
12.2101,0.7271,1.7962,-0.1986,0.1389,0.2423,0.0047,0.0304,-0.2094,1.8163,-0.2310,0.1733,0.2888,0.0369,-0.0035,0.9367
12.2106,0.7252,1.7971,-0.1986,0.1389,0.2423,0.0054,0.0304,-0.2115,1.8174,-0.2310,0.1733,0.2888,0.0377,-0.0035,0.9370
12.2302,0.7232,1.7982,-0.1998,0.1377,0.2427,0.0058,0.0313,-0.2140,1.8188,-0.2332,0.1711,0.2892,0.0387,0.0009,0.9375
12.2307,0.7218,1.7989,-0.2009,0.1373,0.2433,0.0058,0.0340,-0.2158,1.8197,-0.2349,0.1702,0.2900,0.0389,0.0153,0.9378
12.2501,0.7198,1.7999,-0.2007,0.1361,0.2425,0.0058,0.0348,-0.2182,1.8212,-0.2351,0.1686,0.2893,0.0391,0.0238,0.9383
12.2506,0.7179,1.8010,-0.2007,0.1361,0.2425,0.0058,0.0348,-0.2207,1.8227,-0.2369,0.1685,0.2907,0.0392,0.0276,0.9389
12.2600,0.7161,1.8022,-0.2032,0.1360,0.2446,0.0056,0.0361,-0.2230,1.8242,-0.2388,0.1684,0.2922,0.0392,0.0246,0.9394
12.2602,0.7142,1.8033,-0.2032,0.1360,0.2446,0.0055,0.0361,-0.2257,1.8257,-0.2388,0.1684,0.2922,0.0393,0.0246,0.9402
12.2802,0.7125,1.8045,-0.2051,0.1357,0.2459,0.0055,0.0304,-0.2280,1.8270,-0.2422,0.1682,0.2949,0.0396,0.0150,0.9408
12.2807,0.7108,1.8054,-0.2051,0.1357,0.2459,0.0055,0.0304,-0.2303,1.8282,-0.2422,0.1682,0.2949,0.0396,0.0150,0.9414
12.2999,0.7090,1.8064,-0.2059,0.1345,0.2459,0.0055,0.0283,-0.2327,1.8294,-0.2442,0.1671,0.2959,0.0396,0.0081,0.9420
12.3002,0.7072,1.8073,-0.2059,0.1336,0.2454,0.0056,0.0280,-0.2348,1.8305,-0.2453,0.1666,0.2965,0.0396,0.0057,0.9423
12.3100,0.7055,1.8082,-0.2066,0.1332,0.2458,0.0057,0.0286,-0.2370,1.8316,-0.2467,0.1663,0.2975,0.0392,0.0041,0.9428
12.3103,0.7036,1.8093,-0.2066,0.1332,0.2458,0.0060,0.0286,-0.2394,1.8328,-0.2477,0.1654,0.2978,0.0382,0.0016,0.9432
12.3301,0.7017,1.8104,-0.2075,0.1321,0.2460,0.0059,0.0284,-0.2417,1.8340,-0.2493,0.1650,0.2990,0.0367,0.0044,0.9437
12.3306,0.6999,1.8115,-0.2075,0.1321,0.2460,0.0058,0.0284,-0.2441,1.8354,-0.2499,0.1640,0.2989,0.0360,0.0047,0.9443
12.3500,0.6982,1.8125,-0.2086,0.1317,0.2467,0.0058,0.0280,-0.2463,1.8367,-0.2514,0.1638,0.3000,0.0355,0.0057,0.9448
12.3503,0.6964,1.8135,-0.2086,0.1317,0.2467,0.0058,0.0280,-0.2489,1.8382,-0.2519,0.1631,0.3001,0.0353,0.0051,0.9456
12.3598,0.6945,1.8146,-0.2095,0.1315,0.2474,0.0054,0.0274,-0.2512,1.8396,-0.2535,0.1628,0.3013,0.0353,0.0030,0.9460
12.3601,0.6925,1.8157,-0.2101,0.1313,0.2478,0.0046,0.0253,-0.2538,1.8410,-0.2546,0.1622,0.3018,0.0352,0.0031,0.9466
12.3800,0.6908,1.8167,-0.2110,0.1315,0.2487,0.0040,0.0243,-0.2560,1.8420,-0.2561,0.1619,0.3030,0.0354,0.0028,0.9471
12.3803,0.6889,1.8179,-0.2110,0.1315,0.2487,0.0031,0.0243,-0.2584,1.8431,-0.2569,0.1608,0.3031,0.0356,0.0047,0.9476
12.3898,0.6872,1.8189,-0.2114,0.1313,0.2488,0.0018,0.0192,-0.2606,1.8442,-0.2580,0.1601,0.3036,0.0356,0.0073,0.9481
12.3901,0.6851,1.8200,-0.2114,0.1313,0.2488,0.0010,0.0192,-0.2630,1.8455,-0.2580,0.1601,0.3036,0.0356,0.0073,0.9485
12.4099,0.6835,1.8210,-0.2130,0.1312,0.2502,0.0005,0.0164,-0.2651,1.8466,-0.2603,0.1597,0.3053,0.0355,0.0109,0.9490
12.4102,0.6817,1.8220,-0.2130,0.1312,0.2502,0.0002,0.0164,-0.2675,1.8479,-0.2603,0.1597,0.3053,0.0354,0.0109,0.9496
12.4300,0.6800,1.8230,-0.2135,0.1306,0.2503,-0.0003,0.0159,-0.2697,1.8491,-0.2622,0.1592,0.3067,0.0353,0.0081,0.9500
12.4303,0.6780,1.8241,-0.2135,0.1306,0.2503,-0.0005,0.0159,-0.2719,1.8504,-0.2622,0.1592,0.3067,0.0351,0.0081,0.9503
12.4403,0.6760,1.8253,-0.2139,0.1300,0.2503,-0.0009,0.0150,-0.2744,1.8518,-0.2634,0.1583,0.3073,0.0351,0.0021,0.9508
12.4406,0.6741,1.8264,-0.2139,0.1300,0.2503,-0.0012,0.0150,-0.2768,1.8531,-0.2648,0.1584,0.3086,0.0351,-0.0011,0.9513
12.4601,0.6724,1.8275,-0.2149,0.1300,0.2512,-0.0013,0.0072,-0.2790,1.8541,-0.2654,0.1580,0.3089,0.0352,-0.0049,0.9518
12.4603,0.6707,1.8285,-0.2146,0.1296,0.2507,-0.0014,0.0047,-0.2812,1.8552,-0.2654,0.1580,0.3089,0.0352,-0.0049,0.9523
12.4802,0.6690,1.8296,-0.2147,0.1295,0.2507,-0.0016,0.0031,-0.2834,1.8562,-0.2664,0.1567,0.3091,0.0354,-0.0051,0.9527
12.4804,0.6672,1.8307,-0.2147,0.1295,0.2507,-0.0017,0.0031,-0.2856,1.8572,-0.2664,0.1567,0.3091,0.0361,-0.0051,0.9532
12.4900,0.6634,1.8327,-0.2149,0.1279,0.2501,-0.0019,0.0061,-0.2879,1.8582,-0.2674,0.1548,0.3089,0.0368,-0.0004,0.9516
12.4902,0.6634,1.8327,-0.2149,0.1279,0.2501,-0.0019,0.0061,-0.2902,1.8593,-0.2678,0.1539,0.3089,0.0372,0.0011,0.9540
12.5101,0.6617,1.8335,-0.2154,0.1276,0.2504,-0.0019,0.0062,-0.2923,1.8603,-0.2685,0.1536,0.3093,0.0372,0.0075,0.9544
12.5104,0.6598,1.8345,-0.2154,0.1276,0.2504,-0.0022,0.0062,-0.2946,1.8617,-0.2688,0.1533,0.3094,0.0370,0.0092,0.9547
12.5303,0.6581,1.8354,-0.2156,0.1268,0.2502,-0.0028,0.0088,-0.2968,1.8629,-0.2691,0.1533,0.3097,0.0369,0.0081,0.9553
12.5306,0.6565,1.8363,-0.2156,0.1268,0.2502,-0.0032,0.0088,-0.2988,1.8641,-0.2699,0.1532,0.3104,0.0368,0.0070,0.9557
12.5400,0.6545,1.8375,-0.2152,0.1260,0.2494,-0.0037,0.0085,-0.3012,1.8654,-0.2700,0.1529,0.3102,0.0368,0.0015,0.9561
12.5499,0.6524,1.8386,-0.2158,0.1261,0.2499,-0.0039,0.0078,-0.3037,1.8668,-0.2712,0.1529,0.3113,0.0366,-0.0084,0.9565
12.5502,0.6508,1.8395,-0.2158,0.1261,0.2499,-0.0043,0.0078,-0.3057,1.8677,-0.2712,0.1529,0.3113,0.0365,-0.0084,0.9569
12.5704,0.6488,1.8406,-0.2166,0.1261,0.2506,-0.0045,0.0049,-0.3079,1.8687,-0.2721,0.1522,0.3118,0.0365,-0.0144,0.9571
12.5707,0.6469,1.8415,-0.2166,0.1261,0.2506,-0.0047,0.0049,-0.3100,1.8697,-0.2720,0.1510,0.3111,0.0363,-0.0127,0.9574
12.5801,0.6451,1.8424,-0.2169,0.1253,0.2505,-0.0051,0.0027,-0.3122,1.8709,-0.2724,0.1505,0.3112,0.0358,-0.0106,0.9577
12.5805,0.6431,1.8434,-0.2169,0.1253,0.2505,-0.0054,0.0027,-0.3147,1.8721,-0.2724,0.1505,0.3112,0.0353,-0.0106,0.9582
12.6001,0.6413,1.8443,-0.2172,0.1248,0.2505,-0.0055,-0.0018,-0.3169,1.8732,-0.2737,0.1498,0.3120,0.0349,-0.0100,0.9586
12.6004,0.6394,1.8452,-0.2172,0.1248,0.2505,-0.0057,-0.0018,-0.3192,1.8744,-0.2737,0.1498,0.3120,0.0345,-0.0100,0.9590
12.6200,0.6376,1.8461,-0.2179,0.1244,0.2509,-0.0060,-0.0057,-0.3214,1.8755,-0.2742,0.1494,0.3123,0.0344,-0.0126,0.9594
12.6202,0.6358,1.8469,-0.2180,0.1240,0.2508,-0.0062,-0.0079,-0.3234,1.8765,-0.2742,0.1494,0.3123,0.0342,-0.0126,0.9597
12.6301,0.6338,1.8478,-0.2180,0.1232,0.2504,-0.0063,-0.0098,-0.3256,1.8775,-0.2736,0.1481,0.3111,0.0339,-0.0192,0.9599
12.6305,0.6318,1.8488,-0.2180,0.1232,0.2504,-0.0066,-0.0098,-0.3279,1.8786,-0.2736,0.1481,0.3111,0.0336,-0.0192,0.9602
12.6503,0.6298,1.8497,-0.2195,0.1227,0.2515,-0.0066,-0.0070,-0.3301,1.8795,-0.2737,0.1466,0.3105,0.0333,-0.0215,0.9603
12.6599,0.6278,1.8507,-0.2200,0.1223,0.2517,-0.0066,-0.0069,-0.3324,1.8805,-0.2735,0.1456,0.3099,0.0328,-0.0205,0.9606
12.6604,0.6260,1.8517,-0.2200,0.1223,0.2517,-0.0066,-0.0069,-0.3343,1.8813,-0.2735,0.1456,0.3099,0.0325,-0.0205,0.9608
12.6801,0.6241,1.8528,-0.2200,0.1216,0.2514,-0.0065,-0.0067,-0.3366,1.8823,-0.2724,0.1430,0.3077,0.0320,-0.0117,0.9612
12.6804,0.6222,1.8537,-0.2200,0.1216,0.2514,-0.0063,-0.0067,-0.3389,1.8834,-0.2724,0.1430,0.3077,0.0310,-0.0117,0.9615
12.6902,0.6203,1.8547,-0.2211,0.1217,0.2523,-0.0056,-0.0091,-0.3410,1.8845,-0.2728,0.1421,0.3075,0.0302,-0.0094,0.9618
12.6905,0.6183,1.8557,-0.2211,0.1217,0.2523,-0.0049,-0.0091,-0.3433,1.8856,-0.2728,0.1421,0.3075,0.0290,-0.0094,0.9621
12.7103,0.6163,1.8566,-0.2214,0.1213,0.2525,-0.0038,-0.0120,-0.3456,1.8866,-0.2728,0.1413,0.3072,0.0285,-0.0153,0.9624
12.7107,0.6145,1.8574,-0.2215,0.1208,0.2523,-0.0030,-0.0129,-0.3478,1.8876,-0.2724,0.1407,0.3066,0.0280,-0.0199,0.9627
12.7203,0.6126,1.8582,-0.2216,0.1206,0.2523,-0.0025,-0.0134,-0.3499,1.8884,-0.2725,0.1402,0.3065,0.0282,-0.0274,0.9630
12.7206,0.6106,1.8591,-0.2212,0.1200,0.2516,-0.0006,-0.0166,-0.3522,1.8892,-0.2718,0.1392,0.3053,0.0280,-0.0394,0.9632
12.7402,0.6090,1.8597,-0.2225,0.1204,0.2530,0.0012,-0.0175,-0.3541,1.8899,-0.2728,0.1391,0.3062,0.0279,-0.0399,0.9635
12.7407,0.6071,1.8605,-0.2225,0.1204,0.2530,0.0018,-0.0175,-0.3561,1.8906,-0.2717,0.1374,0.3044,0.0276,-0.0409,0.9636
12.7602,0.6051,1.8613,-0.2217,0.1189,0.2515,0.0023,-0.0152,-0.3582,1.8914,-0.2707,0.1358,0.3029,0.0267,-0.0388,0.9638
12.7607,0.6032,1.8622,-0.2217,0.1189,0.2515,0.0026,-0.0152,-0.3604,1.8923,-0.2704,0.1345,0.3020,0.0254,-0.0359,0.9641
12.7799,0.6014,1.8632,-0.2220,0.1178,0.2513,0.0028,-0.0059,-0.3625,1.8932,-0.2694,0.1331,0.3005,0.0241,-0.0228,0.9644
12.7801,0.5994,1.8643,-0.2220,0.1178,0.2513,0.0027,-0.0059,-0.3648,1.8942,-0.2694,0.1331,0.3005,0.0230,-0.0228,0.9647
12.7901,0.5973,1.8654,-0.2228,0.1178,0.2520,0.0028,-0.0067,-0.3671,1.8953,-0.2690,0.1321,0.2997,0.0218,-0.0119,0.9649
12.7906,0.5953,1.8664,-0.2228,0.1178,0.2520,0.0033,-0.0067,-0.3692,1.8964,-0.2689,0.1319,0.2996,0.0208,-0.0120,0.9650
12.8099,0.5935,1.8672,-0.2238,0.1183,0.2531,0.0040,-0.0214,-0.3713,1.8973,-0.2689,0.1318,0.2995,0.0202,-0.0182,0.9653
12.8102,0.5916,1.8680,-0.2238,0.1183,0.2531,0.0054,-0.0214,-0.3734,1.8983,-0.2687,0.1315,0.2991,0.0200,-0.0294,0.9655
12.8197,0.5898,1.8685,-0.2239,0.1173,0.2528,0.0069,-0.0225,-0.3755,1.8990,-0.2681,0.1309,0.2983,0.0201,-0.0409,0.9658
12.8199,0.5880,1.8691,-0.2239,0.1173,0.2528,0.0082,-0.0225,-0.3776,1.8998,-0.2681,0.1309,0.2983,0.0203,-0.0409,0.9660
12.8403,0.5861,1.8697,-0.2239,0.1153,0.2518,0.0089,-0.0133,-0.3796,1.9004,-0.2669,0.1288,0.2964,0.0205,-0.0431,0.9661
12.8407,0.5841,1.8702,-0.2239,0.1153,0.2518,0.0094,-0.0133,-0.3815,1.9011,-0.2666,0.1275,0.2955,0.0206,-0.0402,0.9661
12.8602,0.5825,1.8708,-0.2246,0.1134,0.2516,0.0098,0.0010,-0.3831,1.9016,-0.2654,0.1257,0.2936,0.0206,-0.0335,0.9661
12.8605,0.5805,1.8716,-0.2240,0.1124,0.2506,0.0099,0.0019,-0.3852,1.9024,-0.2654,0.1257,0.2936,0.0205,-0.0335,0.9662
12.8697,0.5785,1.8724,-0.2239,0.1117,0.2502,0.0099,0.0002,-0.3873,1.9033,-0.2628,0.1229,0.2901,0.0199,-0.0185,0.9663
12.8699,0.5764,1.8734,-0.2239,0.1117,0.2502,0.0098,0.0002,-0.3895,1.9044,-0.2628,0.1229,0.2901,0.0182,-0.0185,0.9663
12.8901,0.5745,1.8740,-0.2251,0.1110,0.2510,0.0098,-0.0076,-0.3915,1.9055,-0.2622,0.1226,0.2895,0.0167,-0.0200,0.9665
12.8904,0.5725,1.8747,-0.2251,0.1110,0.2510,0.0097,-0.0076,-0.3937,1.9065,-0.2618,0.1226,0.2891,0.0156,-0.0234,0.9667
12.9100,0.5686,1.8760,-0.2257,0.1088,0.2506,0.0097,-0.0072,-0.3956,1.9073,-0.2613,0.1220,0.2884,0.0150,-0.0311,0.9647
12.9103,0.5686,1.8760,-0.2257,0.1088,0.2506,0.0097,-0.0072,-0.3976,1.9080,-0.2608,0.1212,0.2876,0.0147,-0.0345,0.9667
12.9197,0.5667,1.8766,-0.2261,0.1080,0.2506,0.0097,-0.0057,-0.3995,1.9086,-0.2600,0.1202,0.2865,0.0143,-0.0344,0.9668
12.9199,0.5649,1.8772,-0.2261,0.1080,0.2506,0.0099,-0.0057,-0.4014,1.9091,-0.2597,0.1190,0.2857,0.0141,-0.0331,0.9669
12.9400,0.5630,1.8777,-0.2262,0.1061,0.2499,0.0103,-0.0046,-0.4035,1.9098,-0.2590,0.1174,0.2844,0.0136,-0.0318,0.9670
12.9403,0.5611,1.8783,-0.2262,0.1061,0.2499,0.0107,-0.0046,-0.4055,1.9105,-0.2590,0.1174,0.2844,0.0126,-0.0318,0.9672
12.9600,0.5592,1.8790,-0.2261,0.1037,0.2487,0.0110,0.0012,-0.4076,1.9113,-0.2574,0.1148,0.2818,0.0117,-0.0224,0.9673
12.9603,0.5572,1.8797,-0.2261,0.1037,0.2487,0.0113,0.0012,-0.4098,1.9122,-0.2574,0.1148,0.2818,0.0109,-0.0224,0.9675
12.9700,0.5550,1.8804,-0.2272,0.1023,0.2492,0.0116,0.0052,-0.4119,1.9130,-0.2572,0.1139,0.2813,0.0098,-0.0207,0.9674
12.9702,0.5532,1.8810,-0.2272,0.1023,0.2492,0.0118,0.0052,-0.4137,1.9138,-0.2572,0.1139,0.2813,0.0089,-0.0207,0.9675
12.9900,0.5511,1.8816,-0.2280,0.1007,0.2493,0.0126,0.0058,-0.4157,1.9146,-0.2562,0.1132,0.2801,0.0082,-0.0282,0.9674
12.9903,0.5492,1.8822,-0.2280,0.1007,0.2493,0.0129,0.0058,-0.4174,1.9152,-0.2562,0.1132,0.2801,0.0075,-0.0282,0.9672
13.0101,0.5470,1.8828,-0.2284,0.0990,0.2489,0.0135,-0.0025,-0.4194,1.9159,-0.2544,0.1117,0.2779,0.0066,-0.0409,0.9670
13.0104,0.5450,1.8833,-0.2284,0.0990,0.2489,0.0140,-0.0025,-0.4213,1.9164,-0.2544,0.1117,0.2779,0.0062,-0.0409,0.9669
13.0202,0.5431,1.8837,-0.2295,0.0975,0.2494,0.0144,-0.0078,-0.4232,1.9169,-0.2535,0.1095,0.2762,0.0059,-0.0448,0.9669
13.0205,0.5408,1.8842,-0.2295,0.0975,0.2494,0.0145,-0.0078,-0.4253,1.9174,-0.2529,0.1079,0.2750,0.0059,-0.0442,0.9667
13.0398,0.5388,1.8846,-0.2313,0.0958,0.2504,0.0143,-0.0071,-0.4272,1.9178,-0.2531,0.1066,0.2746,0.0061,-0.0391,0.9666
13.0401,0.5367,1.8851,-0.2313,0.0958,0.2504,0.0142,-0.0071,-0.4290,1.9182,-0.2531,0.1066,0.2746,0.0063,-0.0391,0.9663
13.0598,0.5347,1.8856,-0.2314,0.0929,0.2494,0.0141,-0.0030,-0.4307,1.9184,-0.2507,0.1027,0.2710,0.0065,-0.0239,0.9660
13.0601,0.5327,1.8862,-0.2314,0.0929,0.2494,0.0140,-0.0030,-0.4326,1.9188,-0.2500,0.1014,0.2698,0.0069,-0.0216,0.9659
13.0697,0.5306,1.8869,-0.2322,0.0913,0.2495,0.0140,-0.0027,-0.4345,1.9193,-0.2494,0.1001,0.2688,0.0070,-0.0212,0.9657
13.0699,0.5286,1.8876,-0.2326,0.0908,0.2497,0.0140,-0.0092,-0.4364,1.9197,-0.2494,0.1001,0.2688,0.0069,-0.0212,0.9655
13.0905,0.5266,1.8883,-0.2329,0.0903,0.2498,0.0140,-0.0131,-0.4383,1.9203,-0.2482,0.0977,0.2668,0.0068,-0.0186,0.9655
13.0909,0.5248,1.8888,-0.2329,0.0903,0.2498,0.0140,-0.0131,-0.4402,1.9207,-0.2472,0.0963,0.2653,0.0068,-0.0190,0.9656
13.1101,0.5226,1.8894,-0.2329,0.0891,0.2494,0.0140,-0.0208,-0.4424,1.9213,-0.2467,0.0950,0.2644,0.0068,-0.0186,0.9655
13.1104,0.5208,1.8898,-0.2337,0.0885,0.2499,0.0140,-0.0246,-0.4440,1.9216,-0.2464,0.0937,0.2636,0.0070,-0.0238,0.9653
13.1201,0.5186,1.8901,-0.2336,0.0874,0.2494,0.0144,-0.0279,-0.4459,1.9222,-0.2452,0.0922,0.2620,0.0073,-0.0257,0.9650
13.1205,0.5186,1.8901,-0.2336,0.0874,0.2494,0.0144,-0.0279,-0.4477,1.9226,-0.2452,0.0922,0.2620,0.0074,-0.0257,0.9668
13.1401,0.5147,1.8905,-0.2341,0.0850,0.2491,0.0155,-0.0328,-0.4495,1.9230,-0.2442,0.0902,0.2603,0.0073,-0.0308,0.9647
13.1403,0.5129,1.8907,-0.2341,0.0850,0.2491,0.0157,-0.0328,-0.4512,1.9234,-0.2442,0.0902,0.2603,0.0073,-0.0308,0.9646
13.1603,0.5109,1.8909,-0.2338,0.0819,0.2477,0.0157,-0.0300,-0.4531,1.9238,-0.2422,0.0877,0.2576,0.0073,-0.0343,0.9645
13.1607,0.5089,1.8912,-0.2338,0.0819,0.2477,0.0156,-0.0300,-0.4550,1.9241,-0.2422,0.0877,0.2576,0.0072,-0.0343,0.9644
13.1700,0.5069,1.8916,-0.2343,0.0791,0.2473,0.0155,-0.0279,-0.4567,1.9244,-0.2412,0.0856,0.2560,0.0074,-0.0355,0.9642
13.1703,0.5048,1.8920,-0.2343,0.0791,0.2473,0.0156,-0.0279,-0.4587,1.9247,-0.2412,0.0856,0.2560,0.0079,-0.0355,0.9641
13.1900,0.5029,1.8924,-0.2348,0.0767,0.2470,0.0156,-0.0276,-0.4604,1.9249,-0.2398,0.0825,0.2536,0.0083,-0.0350,0.9638
13.1903,0.5007,1.8927,-0.2348,0.0767,0.2470,0.0158,-0.0276,-0.4623,1.9252,-0.2388,0.0809,0.2521,0.0087,-0.0319,0.9635
13.2000,0.4989,1.8930,-0.2352,0.0741,0.2466,0.0162,-0.0300,-0.4639,1.9255,-0.2380,0.0792,0.2508,0.0088,-0.0294,0.9634
13.2002,0.4969,1.8931,-0.2348,0.0728,0.2459,0.0171,-0.0298,-0.4659,1.9258,-0.2367,0.0777,0.2491,0.0088,-0.0246,0.9633
13.2203,0.4950,1.8932,-0.2352,0.0714,0.2458,0.0178,-0.0295,-0.4676,1.9262,-0.2362,0.0766,0.2483,0.0088,-0.0216,0.9632
13.2208,0.4929,1.8933,-0.2352,0.0700,0.2454,0.0185,-0.0298,-0.4695,1.9266,-0.2354,0.0757,0.2473,0.0091,-0.0203,0.9630
13.2402,0.4912,1.8933,-0.2353,0.0683,0.2450,0.0189,-0.0298,-0.4711,1.9268,-0.2347,0.0747,0.2463,0.0094,-0.0203,0.9629
13.2407,0.4891,1.8934,-0.2353,0.0683,0.2450,0.0193,-0.0298,-0.4729,1.9270,-0.2340,0.0738,0.2453,0.0102,-0.0210,0.9626
13.2602,0.4872,1.8935,-0.2359,0.0658,0.2449,0.0196,-0.0344,-0.4745,1.9271,-0.2337,0.0727,0.2447,0.0116,-0.0216,0.9622
13.2605,0.4852,1.8936,-0.2360,0.0643,0.2446,0.0201,-0.0399,-0.4761,1.9273,-0.2337,0.0727,0.2447,0.0136,-0.0216,0.9618
13.2700,0.4829,1.8937,-0.2361,0.0628,0.2443,0.0217,-0.0433,-0.4778,1.9274,-0.2312,0.0699,0.2416,0.0155,-0.0288,0.9613
13.2702,0.4810,1.8938,-0.2369,0.0611,0.2447,0.0226,-0.0444,-0.4793,1.9275,-0.2312,0.0699,0.2416,0.0173,-0.0288,0.9609
13.2899,0.4790,1.8938,-0.2368,0.0589,0.2440,0.0231,-0.0438,-0.4808,1.9275,-0.2289,0.0665,0.2384,0.0192,-0.0279,0.9604
13.2902,0.4772,1.8938,-0.2368,0.0589,0.2440,0.0235,-0.0438,-0.4825,1.9275,-0.2274,0.0643,0.2363,0.0216,-0.0245,0.9602
13.3099,0.4750,1.8938,-0.2363,0.0547,0.2426,0.0234,-0.0297,-0.4842,1.9275,-0.2264,0.0622,0.2348,0.0240,-0.0177,0.9598
13.3102,0.4733,1.8938,-0.2363,0.0547,0.2426,0.0234,-0.0297,-0.4856,1.9275,-0.2264,0.0622,0.2348,0.0259,-0.0177,0.9595
13.3200,0.4713,1.8938,-0.2366,0.0517,0.2421,0.0233,-0.0276,-0.4871,1.9275,-0.2243,0.0585,0.2318,0.0278,-0.0063,0.9590
13.3202,0.4690,1.8939,-0.2366,0.0517,0.2421,0.0231,-0.0276,-0.4889,1.9275,-0.2243,0.0585,0.2318,0.0299,-0.0063,0.9585
13.3399,0.4671,1.8939,-0.2379,0.0495,0.2430,0.0230,-0.0369,-0.4904,1.9275,-0.2226,0.0553,0.2294,0.0308,-0.0026,0.9580
13.3403,0.4649,1.8940,-0.2379,0.0495,0.2430,0.0229,-0.0369,-0.4921,1.9275,-0.2216,0.0541,0.2281,0.0321,-0.0019,0.9577
13.3501,0.4629,1.8941,-0.2383,0.0475,0.2430,0.0228,-0.0563,-0.4937,1.9275,-0.2212,0.0528,0.2274,0.0328,-0.0034,0.9572
13.3503,0.4606,1.8942,-0.2392,0.0466,0.2437,0.0227,-0.0598,-0.4956,1.9275,-0.2212,0.0528,0.2274,0.0338,-0.0034,0.9568
13.3701,0.4587,1.8942,-0.2398,0.0452,0.2440,0.0226,-0.0593,-0.4972,1.9274,-0.2208,0.0501,0.2264,0.0354,-0.0036,0.9564
13.3704,0.4567,1.8942,-0.2398,0.0452,0.2440,0.0226,-0.0593,-0.4988,1.9274,-0.2208,0.0501,0.2264,0.0371,-0.0036,0.9561
13.3902,0.4545,1.8943,-0.2394,0.0417,0.2430,0.0226,-0.0528,-0.5005,1.9274,-0.2187,0.0459,0.2235,0.0387,-0.0029,0.9556
13.3905,0.4524,1.8943,-0.2394,0.0417,0.2430,0.0225,-0.0528,-0.5021,1.9274,-0.2180,0.0438,0.2223,0.0401,-0.0017,0.9551
13.3999,0.4503,1.8943,-0.2401,0.0391,0.2433,0.0220,-0.0517,-0.5038,1.9272,-0.2169,0.0418,0.2209,0.0412,0.0032,0.9546
13.4002,0.4480,1.8944,-0.2401,0.0391,0.2433,0.0216,-0.0517,-0.5056,1.9270,-0.2169,0.0418,0.2209,0.0413,0.0032,0.9541
13.4201,0.4458,1.8944,-0.2414,0.0368,0.2441,0.0215,-0.0528,-0.5072,1.9269,-0.2160,0.0381,0.2194,0.0410,0.0114,0.9536
13.4204,0.4438,1.8945,-0.2414,0.0368,0.2441,0.0214,-0.0528,-0.5087,1.9268,-0.2154,0.0365,0.2185,0.0407,0.0159,0.9531
13.4401,0.4416,1.8945,-0.2421,0.0345,0.2446,0.0214,-0.0542,-0.5107,1.9267,-0.2146,0.0353,0.2175,0.0396,0.0189,0.9528
13.4404,0.4394,1.8945,-0.2421,0.0345,0.2446,0.0212,-0.0542,-0.5126,1.9267,-0.2145,0.0339,0.2172,0.0383,0.0202,0.9526
13.4500,0.4372,1.8945,-0.2434,0.0325,0.2456,0.0210,-0.0563,-0.5145,1.9268,-0.2143,0.0325,0.2167,0.0373,0.0199,0.9523
13.4503,0.4351,1.8945,-0.2434,0.0325,0.2456,0.0205,-0.0563,-0.5163,1.9268,-0.2143,0.0325,0.2167,0.0367,0.0199,0.9520
13.4702,0.4329,1.8945,-0.2440,0.0296,0.2458,0.0196,-0.0556,-0.5183,1.9268,-0.2131,0.0292,0.2151,0.0363,0.0168,0.9518
13.4706,0.4312,1.8945,-0.2440,0.0296,0.2458,0.0188,-0.0556,-0.5198,1.9269,-0.2129,0.0276,0.2147,0.0362,0.0145,0.9516
13.4901,0.4291,1.8945,-0.2440,0.0269,0.2455,0.0182,-0.0465,-0.5218,1.9270,-0.2122,0.0262,0.2138,0.0359,0.0149,0.9514
13.4904,0.4269,1.8945,-0.2440,0.0269,0.2455,0.0177,-0.0465,-0.5237,1.9272,-0.2122,0.0262,0.2138,0.0355,0.0149,0.9512
13.5000,0.4246,1.8945,-0.2445,0.0245,0.2458,0.0170,-0.0367,-0.5259,1.9272,-0.2127,0.0240,0.2140,0.0354,0.0137,0.9510
13.5003,0.4224,1.8945,-0.2450,0.0234,0.2461,0.0165,-0.0336,-0.5279,1.9273,-0.2127,0.0240,0.2140,0.0355,0.0137,0.9509
13.5203,0.4204,1.8945,-0.2453,0.0224,0.2463,0.0164,-0.0334,-0.5297,1.9272,-0.2131,0.0217,0.2142,0.0356,0.0180,0.9507
13.5207,0.4181,1.8945,-0.2453,0.0224,0.2463,0.0163,-0.0334,-0.5316,1.9272,-0.2130,0.0207,0.2140,0.0358,0.0191,0.9503
13.5300,0.4161,1.8946,-0.2454,0.0207,0.2462,0.0162,-0.0403,-0.5335,1.9272,-0.2126,0.0195,0.2135,0.0357,0.0193,0.9501
13.5403,0.4118,1.8946,-0.2459,0.0190,0.2466,0.0161,-0.0438,-0.5356,1.9270,-0.2127,0.0186,0.2135,0.0352,0.0224,0.9480
13.5406,0.4118,1.8946,-0.2459,0.0190,0.2466,0.0161,-0.0438,-0.5373,1.9270,-0.2127,0.0186,0.2135,0.0341,0.0224,0.9496
13.5599,0.4097,1.8946,-0.2458,0.0181,0.2465,0.0159,-0.0440,-0.5394,1.9270,-0.2131,0.0171,0.2138,0.0318,0.0326,0.9496
13.5602,0.4076,1.8946,-0.2458,0.0181,0.2465,0.0157,-0.0440,-0.5414,1.9270,-0.2135,0.0163,0.2142,0.0284,0.0329,0.9496
13.5801,0.4055,1.8946,-0.2461,0.0155,0.2466,0.0154,-0.0364,-0.5435,1.9270,-0.2139,0.0155,0.2145,0.0255,0.0319,0.9495
13.5804,0.4032,1.8946,-0.2463,0.0141,0.2467,0.0153,-0.0312,-0.5458,1.9274,-0.2139,0.0155,0.2145,0.0218,0.0319,0.9495
13.5899,0.4011,1.8946,-0.2469,0.0127,0.2472,0.0153,-0.0264,-0.5476,1.9279,-0.2150,0.0143,0.2154,0.0201,0.0298,0.9493
13.5902,0.3990,1.8946,-0.2469,0.0127,0.2472,0.0154,-0.0264,-0.5496,1.9283,-0.2150,0.0143,0.2154,0.0192,0.0298,0.9492
13.6100,0.3969,1.8946,-0.2472,0.0103,0.2475,0.0155,-0.0183,-0.5516,1.9286,-0.2145,0.0140,0.2150,0.0189,0.0311,0.9491
13.6105,0.3947,1.8946,-0.2472,0.0103,0.2475,0.0155,-0.0183,-0.5537,1.9288,-0.2145,0.0140,0.2150,0.0193,0.0311,0.9490
13.6297,0.3927,1.8946,-0.2478,0.0089,0.2479,0.0156,-0.0124,-0.5556,1.9288,-0.2156,0.0132,0.2160,0.0196,0.0314,0.9489
13.6301,0.3905,1.8945,-0.2478,0.0089,0.2479,0.0166,-0.0124,-0.5577,1.9287,-0.2157,0.0124,0.2161,0.0217,0.0297,0.9488
13.6401,0.3884,1.8945,-0.2484,0.0081,0.2486,0.0174,-0.0137,-0.5594,1.9286,-0.2164,0.0113,0.2167,0.0236,0.0305,0.9485
13.6405,0.3861,1.8944,-0.2489,0.0076,0.2490,0.0182,-0.0165,-0.5614,1.9283,-0.2164,0.0113,0.2167,0.0261,0.0305,0.9481
13.6600,0.3838,1.8942,-0.2497,0.0069,0.2498,0.0190,-0.0162,-0.5633,1.9278,-0.2167,0.0091,0.2169,0.0280,0.0360,0.9477
13.6603,0.3820,1.8941,-0.2497,0.0069,0.2498,0.0194,-0.0162,-0.5649,1.9275,-0.2167,0.0091,0.2169,0.0287,0.0360,0.9474
13.6803,0.3794,1.8939,-0.2500,0.0050,0.2500,0.0200,-0.0129,-0.5673,1.9271,-0.2163,0.0063,0.2164,0.0293,0.0491,0.9473
13.6806,0.3777,1.8937,-0.2507,0.0036,0.2507,0.0204,-0.0111,-0.5691,1.9269,-0.2163,0.0063,0.2164,0.0294,0.0491,0.9473
13.6902,0.3753,1.8936,-0.2504,0.0027,0.2504,0.0209,-0.0076,-0.5715,1.9268,-0.2173,0.0040,0.2173,0.0295,0.0549,0.9474
13.6906,0.3733,1.8935,-0.2509,0.0017,0.2509,0.0212,-0.0045,-0.5735,1.9267,-0.2173,0.0040,0.2173,0.0296,0.0549,0.9474
13.7101,0.3711,1.8934,-0.2511,0.0011,0.2511,0.0220,-0.0038,-0.5759,1.9267,-0.2192,0.0024,0.2192,0.0300,0.0560,0.9476
13.7105,0.3690,1.8933,-0.2511,0.0011,0.2511,0.0229,-0.0038,-0.5781,1.9267,-0.2200,0.0017,0.2200,0.0304,0.0549,0.9477
13.7202,0.3668,1.8932,-0.2520,0.0002,0.2520,0.0241,-0.0048,-0.5804,1.9267,-0.2209,0.0010,0.2209,0.0312,0.0492,0.9478
13.7299,0.3645,1.8930,-0.2523,-0.0001,0.2523,0.0262,-0.0056,-0.5827,1.9267,-0.2218,0.0004,0.2218,0.0322,0.0421,0.9478
13.7302,0.3645,1.8930,-0.2523,-0.0001,0.2523,0.0262,-0.0056,-0.5848,1.9267,-0.2218,0.0004,0.2218,0.0323,0.0421,0.9499
13.7503,0.3605,1.8925,-0.2533,-0.0013,0.2533,0.0280,-0.0054,-0.5869,1.9266,-0.2238,-0.0005,0.2238,0.0327,0.0401,0.9480
13.7507,0.3585,1.8922,-0.2533,-0.0013,0.2533,0.0285,-0.0054,-0.5893,1.9265,-0.2238,-0.0005,0.2238,0.0331,0.0401,0.9483
13.7705,0.3562,1.8918,-0.2535,-0.0028,0.2535,0.0290,0.0052,-0.5917,1.9264,-0.2264,-0.0014,0.2264,0.0331,0.0414,0.9486
13.7708,0.3543,1.8916,-0.2534,-0.0038,0.2534,0.0293,0.0096,-0.5939,1.9263,-0.2278,-0.0020,0.2278,0.0336,0.0426,0.9488
13.7801,0.3521,1.8914,-0.2535,-0.0043,0.2535,0.0299,0.0118,-0.5963,1.9261,-0.2293,-0.0024,0.2293,0.0344,0.0440,0.9490
13.7804,0.3502,1.8914,-0.2535,-0.0043,0.2535,0.0303,0.0118,-0.5983,1.9259,-0.2293,-0.0024,0.2293,0.0346,0.0440,0.9491
13.8004,0.3479,1.8913,-0.2540,-0.0049,0.2540,0.0311,0.0118,-0.6008,1.9258,-0.2317,-0.0031,0.2317,0.0351,0.0421,0.9493
13.8008,0.3457,1.8913,-0.2543,-0.0050,0.2543,0.0323,0.0105,-0.6031,1.9257,-0.2317,-0.0031,0.2317,0.0352,0.0421,0.9495
13.8102,0.3435,1.8912,-0.2551,-0.0050,0.2552,0.0339,0.0081,-0.6056,1.9258,-0.2351,-0.0035,0.2351,0.0350,0.0397,0.9498
13.8108,0.3413,1.8912,-0.2555,-0.0052,0.2556,0.0349,0.0036,-0.6081,1.9258,-0.2370,-0.0035,0.2370,0.0349,0.0378,0.9500
13.8302,0.3393,1.8911,-0.2555,-0.0054,0.2556,0.0355,0.0014,-0.6106,1.9258,-0.2385,-0.0033,0.2385,0.0342,0.0341,0.9506
13.8304,0.3370,1.8908,-0.2555,-0.0057,0.2555,0.0364,0.0014,-0.6132,1.9259,-0.2385,-0.0033,0.2385,0.0337,0.0341,0.9509
13.8502,0.3350,1.8906,-0.2557,-0.0063,0.2558,0.0373,0.0056,-0.6155,1.9260,-0.2421,-0.0032,0.2421,0.0334,0.0159,0.9511
13.8506,0.3329,1.8903,-0.2558,-0.0069,0.2559,0.0387,0.0081,-0.6180,1.9261,-0.2434,-0.0030,0.2434,0.0335,0.0116,0.9515
13.8702,0.3308,1.8901,-0.2555,-0.0076,0.2556,0.0394,0.0098,-0.6205,1.9262,-0.2448,-0.0027,0.2448,0.0336,0.0071,0.9520
13.8705,0.3287,1.8898,-0.2555,-0.0076,0.2556,0.0400,0.0098,-0.6229,1.9263,-0.2448,-0.0027,0.2448,0.0336,0.0071,0.9523
13.8801,0.3267,1.8895,-0.2560,-0.0089,0.2561,0.0406,0.0140,-0.6252,1.9264,-0.2481,-0.0022,0.2482,0.0337,0.0014,0.9526
13.8804,0.3244,1.8893,-0.2560,-0.0089,0.2561,0.0419,0.0140,-0.6278,1.9263,-0.2481,-0.0022,0.2482,0.0338,0.0014,0.9529
13.9003,0.3220,1.8891,-0.2560,-0.0099,0.2562,0.0429,0.0151,-0.6303,1.9263,-0.2514,-0.0021,0.2514,0.0339,-0.0007,0.9531
13.9007,0.3199,1.8890,-0.2560,-0.0099,0.2562,0.0438,0.0151,-0.6328,1.9263,-0.2514,-0.0021,0.2514,0.0340,-0.0007,0.9534
13.9201,0.3177,1.8888,-0.2561,-0.0108,0.2563,0.0448,0.0140,-0.6355,1.9260,-0.2544,-0.0015,0.2544,0.0340,-0.0046,0.9539
13.9204,0.3156,1.8887,-0.2561,-0.0108,0.2563,0.0457,0.0140,-0.6381,1.9257,-0.2544,-0.0015,0.2544,0.0339,-0.0046,0.9544
13.9299,0.3133,1.8886,-0.2565,-0.0115,0.2568,0.0472,0.0120,-0.6406,1.9255,-0.2588,-0.0021,0.2588,0.0339,-0.0103,0.9546
13.9301,0.3113,1.8885,-0.2565,-0.0115,0.2568,0.0491,0.0120,-0.6429,1.9253,-0.2588,-0.0021,0.2588,0.0339,-0.0103,0.9549
13.9499,0.3091,1.8883,-0.2562,-0.0121,0.2564,0.0511,0.0025,-0.6454,1.9253,-0.2605,-0.0028,0.2605,0.0339,-0.0072,0.9552
13.9501,0.3071,1.8882,-0.2562,-0.0121,0.2564,0.0528,0.0025,-0.6479,1.9253,-0.2605,-0.0028,0.2605,0.0339,-0.0072,0.9556
13.9702,0.3051,1.8879,-0.2562,-0.0127,0.2565,0.0546,-0.0053,-0.6502,1.9253,-0.2631,-0.0031,0.2631,0.0340,-0.0052,0.9560
13.9705,0.3031,1.8876,-0.2562,-0.0127,0.2565,0.0565,-0.0053,-0.6527,1.9253,-0.2631,-0.0031,0.2631,0.0343,-0.0052,0.9565
13.9801,0.3009,1.8869,-0.2563,-0.0138,0.2567,0.0584,-0.0098,-0.6554,1.9254,-0.2657,-0.0031,0.2657,0.0355,-0.0036,0.9571
13.9803,0.2988,1.8863,-0.2563,-0.0138,0.2567,0.0604,-0.0098,-0.6581,1.9254,-0.2673,-0.0033,0.2673,0.0369,-0.0041,0.9577
14.0002,0.2970,1.8859,-0.2563,-0.0163,0.2569,0.0620,-0.0073,-0.6603,1.9254,-0.2688,-0.0035,0.2688,0.0380,-0.0109,0.9582
14.0004,0.2946,1.8853,-0.2563,-0.0163,0.2569,0.0641,-0.0073,-0.6633,1.9254,-0.2688,-0.0037,0.2688,0.0390,-0.0144,0.9587
14.0203,0.2927,1.8849,-0.2556,-0.0184,0.2563,0.0654,0.0052,-0.6657,1.9252,-0.2707,-0.0038,0.2708,0.0397,-0.0150,0.9592
14.0206,0.2903,1.8846,-0.2556,-0.0191,0.2563,0.0669,0.0080,-0.6685,1.9249,-0.2720,-0.0040,0.2721,0.0404,-0.0137,0.9597
14.0300,0.2883,1.8844,-0.2556,-0.0198,0.2564,0.0685,0.0116,-0.6713,1.9245,-0.2738,-0.0045,0.2738,0.0401,-0.0115,0.9604
14.0302,0.2861,1.8842,-0.2556,-0.0198,0.2564,0.0708,0.0116,-0.6737,1.9239,-0.2738,-0.0045,0.2738,0.0403,-0.0115,0.9606
14.0500,0.2841,1.8839,-0.2554,-0.0209,0.2562,0.0723,0.0048,-0.6759,1.9234,-0.2762,-0.0063,0.2763,0.0407,0.0093,0.9608
14.0503,0.2821,1.8836,-0.2554,-0.0209,0.2562,0.0740,0.0048,-0.6784,1.9231,-0.2762,-0.0063,0.2763,0.0407,0.0093,0.9613
14.0600,0.2800,1.8830,-0.2552,-0.0221,0.2561,0.0760,0.0016,-0.6809,1.9229,-0.2780,-0.0078,0.2781,0.0406,0.0100,0.9618
14.0603,0.2779,1.8825,-0.2552,-0.0221,0.2561,0.0778,0.0016,-0.6836,1.9228,-0.2780,-0.0078,0.2781,0.0405,0.0100,0.9623
14.0801,0.2759,1.8819,-0.2551,-0.0243,0.2563,0.0792,0.0044,-0.6861,1.9228,-0.2801,-0.0085,0.2802,0.0404,0.0118,0.9628
14.0804,0.2738,1.8814,-0.2551,-0.0243,0.2563,0.0806,0.0044,-0.6887,1.9229,-0.2801,-0.0085,0.2802,0.0405,0.0118,0.9633
14.1000,0.2715,1.8810,-0.2547,-0.0263,0.2560,0.0822,0.0114,-0.6914,1.9229,-0.2821,-0.0100,0.2822,0.0408,0.0072,0.9638
14.1004,0.2696,1.8808,-0.2547,-0.0263,0.2560,0.0839,0.0114,-0.6937,1.9230,-0.2821,-0.0100,0.2822,0.0421,0.0072,0.9642
14.1099,0.2654,1.8802,-0.2545,-0.0276,0.2560,0.0876,0.0122,-0.6963,1.9230,-0.2841,-0.0112,0.2844,0.0435,-0.0020,0.9627
14.1101,0.2654,1.8802,-0.2545,-0.0276,0.2560,0.0876,0.0122,-0.6986,1.9229,-0.2841,-0.0112,0.2844,0.0447,-0.0020,0.9650
14.1301,0.2632,1.8797,-0.2546,-0.0288,0.2562,0.0889,0.0045,-0.7012,1.9227,-0.2860,-0.0118,0.2863,0.0470,-0.0016,0.9653
14.1305,0.2612,1.8793,-0.2546,-0.0288,0.2562,0.0900,0.0045,-0.7035,1.9222,-0.2860,-0.0118,0.2863,0.0497,-0.0016,0.9656
14.1499,0.2591,1.8786,-0.2545,-0.0304,0.2563,0.0915,0.0046,-0.7062,1.9215,-0.2882,-0.0128,0.2884,0.0536,0.0003,0.9662
14.1502,0.2570,1.8779,-0.2545,-0.0304,0.2563,0.0929,0.0046,-0.7086,1.9207,-0.2882,-0.0128,0.2884,0.0569,0.0003,0.9666
14.1599,0.2550,1.8773,-0.2536,-0.0325,0.2556,0.0939,0.0025,-0.7109,1.9199,-0.2907,-0.0143,0.2910,0.0589,0.0182,0.9668
14.1602,0.2528,1.8766,-0.2536,-0.0325,0.2556,0.0951,0.0025,-0.7133,1.9191,-0.2907,-0.0143,0.2910,0.0602,0.0182,0.9670
14.1801,0.2506,1.8761,-0.2533,-0.0345,0.2556,0.0959,0.0071,-0.7156,1.9187,-0.2920,-0.0159,0.2924,0.0607,0.0247,0.9672
14.1805,0.2485,1.8756,-0.2533,-0.0345,0.2556,0.0968,0.0071,-0.7181,1.9183,-0.2930,-0.0165,0.2935,0.0616,0.0215,0.9676
14.2000,0.2465,1.8752,-0.2535,-0.0359,0.2560,0.0982,0.0069,-0.7206,1.9181,-0.2932,-0.0170,0.2937,0.0624,0.0206,0.9681
14.2003,0.2445,1.8747,-0.2535,-0.0359,0.2560,0.0998,0.0069,-0.7230,1.9180,-0.2942,-0.0172,0.2947,0.0628,0.0226,0.9686
14.2100,0.2426,1.8742,-0.2532,-0.0374,0.2559,0.1013,0.0047,-0.7255,1.9180,-0.2944,-0.0174,0.2949,0.0632,0.0221,0.9691
14.2105,0.2406,1.8736,-0.2532,-0.0374,0.2559,0.1030,0.0047,-0.7281,1.9180,-0.2948,-0.0175,0.2953,0.0637,0.0263,0.9697
14.2303,0.2383,1.8726,-0.2523,-0.0393,0.2554,0.1051,-0.0037,-0.7308,1.9179,-0.2953,-0.0175,0.2958,0.0656,0.0243,0.9702
14.2307,0.2365,1.8717,-0.2523,-0.0408,0.2556,0.1066,-0.0055,-0.7330,1.9179,-0.2962,-0.0176,0.2967,0.0678,0.0121,0.9706
14.2500,0.2347,1.8708,-0.2520,-0.0421,0.2555,0.1077,-0.0057,-0.7353,1.9177,-0.2963,-0.0177,0.2969,0.0705,0.0049,0.9711
14.2504,0.2327,1.8697,-0.2520,-0.0421,0.2555,0.1084,-0.0057,-0.7378,1.9174,-0.2963,-0.0177,0.2969,0.0746,0.0049,0.9717
14.2598,0.2306,1.8686,-0.2515,-0.0450,0.2555,0.1084,-0.0088,-0.7403,1.9167,-0.2970,-0.0182,0.2976,0.0792,-0.0017,0.9721
14.2601,0.2288,1.8678,-0.2515,-0.0450,0.2555,0.1081,-0.0088,-0.7426,1.9160,-0.2970,-0.0182,0.2976,0.0828,-0.0017,0.9726
14.2799,0.2267,1.8670,-0.2510,-0.0476,0.2554,0.1079,-0.0037,-0.7450,1.9151,-0.2973,-0.0205,0.2980,0.0873,-0.0064,0.9729
14.2802,0.2251,1.8665,-0.2510,-0.0476,0.2554,0.1077,-0.0037,-0.7470,1.9144,-0.2974,-0.0220,0.2982,0.0902,-0.0017,0.9733
14.3003,0.2230,1.8657,-0.2500,-0.0497,0.2549,0.1075,-0.0061,-0.7496,1.9137,-0.2973,-0.0230,0.2982,0.0928,0.0037,0.9737
14.3008,0.2210,1.8649,-0.2498,-0.0512,0.2550,0.1076,-0.0119,-0.7520,1.9130,-0.2975,-0.0243,0.2984,0.0947,0.0087,0.9742
14.3100,0.2190,1.8639,-0.2496,-0.0528,0.2551,0.1076,-0.0103,-0.7545,1.9125,-0.2978,-0.0254,0.2989,0.0961,0.0105,0.9748
14.3104,0.2170,1.8629,-0.2496,-0.0528,0.2551,0.1078,-0.0103,-0.7572,1.9120,-0.2978,-0.0265,0.2990,0.0971,0.0107,0.9754
14.3302,0.2152,1.8620,-0.2486,-0.0566,0.2550,0.1080,-0.0027,-0.7598,1.9117,-0.2982,-0.0275,0.2995,0.0979,0.0104,0.9762
14.3307,0.2132,1.8610,-0.2484,-0.0581,0.2551,0.1081,-0.0011,-0.7624,1.9114,-0.2982,-0.0275,0.2995,0.0990,0.0104,0.9769
14.3398,0.2111,1.8600,-0.2478,-0.0596,0.2548,0.1083,-0.0010,-0.7649,1.9112,-0.2984,-0.0289,0.2998,0.1014,0.0162,0.9773
14.3400,0.2092,1.8590,-0.2478,-0.0596,0.2548,0.1084,-0.0010,-0.7673,1.9109,-0.2984,-0.0289,0.2998,0.1038,0.0162,0.9778
14.3601,0.2072,1.8581,-0.2473,-0.0627,0.2551,0.1085,0.0029,-0.7697,1.9106,-0.2986,-0.0303,0.3001,0.1068,0.0105,0.9783
14.3604,0.2052,1.8572,-0.2473,-0.0627,0.2551,0.1085,0.0029,-0.7721,1.9100,-0.2984,-0.0313,0.3001,0.1098,0.0105,0.9787
14.3797,0.2032,1.8564,-0.2471,-0.0652,0.2555,0.1085,0.0011,-0.7746,1.9094,-0.2984,-0.0326,0.3001,0.1131,0.0105,0.9792
14.3799,0.2012,1.8555,-0.2471,-0.0652,0.2555,0.1086,0.0011,-0.7770,1.9087,-0.2984,-0.0326,0.3001,0.1167,0.0105,0.9796
14.3898,0.1993,1.8546,-0.2464,-0.0677,0.2555,0.1089,-0.0018,-0.7794,1.9079,-0.2984,-0.0353,0.3005,0.1200,0.0118,0.9801
14.3901,0.1973,1.8536,-0.2464,-0.0677,0.2555,0.1090,-0.0018,-0.7818,1.9072,-0.2984,-0.0353,0.3005,0.1223,0.0118,0.9805
14.4098,0.1953,1.8525,-0.2452,-0.0709,0.2553,0.1091,-0.0063,-0.7842,1.9064,-0.2980,-0.0382,0.3005,0.1242,0.0113,0.9810
14.4102,0.1933,1.8514,-0.2452,-0.0709,0.2553,0.1091,-0.0063,-0.7866,1.9057,-0.2980,-0.0382,0.3005,0.1269,0.0113,0.9814
14.4301,0.1914,1.8504,-0.2445,-0.0746,0.2557,0.1090,-0.0001,-0.7890,1.9049,-0.2970,-0.0402,0.2997,0.1295,0.0129,0.9819
14.4304,0.1894,1.8494,-0.2445,-0.0746,0.2557,0.1090,-0.0001,-0.7914,1.9043,-0.2969,-0.0411,0.2997,0.1318,0.0155,0.9824
14.4502,0.1875,1.8486,-0.2438,-0.0781,0.2560,0.1088,0.0147,-0.7938,1.9038,-0.2970,-0.0420,0.2999,0.1342,0.0185,0.9828
14.4505,0.1857,1.8478,-0.2438,-0.0781,0.2560,0.1084,0.0147,-0.7961,1.9032,-0.2970,-0.0420,0.2999,0.1367,0.0185,0.9834
14.4600,0.1836,1.8468,-0.2427,-0.0808,0.2558,0.1074,0.0217,-0.7988,1.9025,-0.2966,-0.0442,0.2998,0.1399,0.0166,0.9840
14.4603,0.1817,1.8458,-0.2427,-0.0808,0.2558,0.1064,0.0217,-0.8010,1.9018,-0.2966,-0.0442,0.2998,0.1433,0.0166,0.9843
14.4801,0.1799,1.8449,-0.2427,-0.0834,0.2567,0.1054,0.0192,-0.8033,1.9011,-0.2967,-0.0470,0.3004,0.1468,0.0201,0.9848
14.4804,0.1778,1.8439,-0.2427,-0.0834,0.2567,0.1042,0.0192,-0.8059,1.9002,-0.2967,-0.0470,0.3004,0.1502,0.0201,0.9853
14.4899,0.1758,1.8431,-0.2420,-0.0847,0.2564,0.1033,0.0125,-0.8082,1.8995,-0.2955,-0.0503,0.2998,0.1527,0.0323,0.9856
14.4902,0.1741,1.8423,-0.2420,-0.0847,0.2564,0.1026,0.0125,-0.8105,1.8990,-0.2958,-0.0517,0.3003,0.1549,0.0368,0.9862
14.5104,0.1722,1.8414,-0.2411,-0.0859,0.2559,0.1020,-0.0012,-0.8129,1.8984,-0.2945,-0.0527,0.2992,0.1572,0.0364,0.9868
14.5201,0.1698,1.8402,-0.2409,-0.0870,0.2562,0.1008,-0.0035,-0.8158,1.8976,-0.2945,-0.0537,0.2993,0.1603,0.0341,0.9873
14.5203,0.1681,1.8393,-0.2409,-0.0870,0.2562,0.0999,-0.0035,-0.8180,1.8970,-0.2945,-0.0537,0.2993,0.1624,0.0341,0.9878
14.5302,0.1662,1.8382,-0.2405,-0.0903,0.2569,0.0992,-0.0001,-0.8204,1.8963,-0.2934,-0.0550,0.2985,0.1646,0.0091,0.9883
14.5305,0.1641,1.8370,-0.2405,-0.0903,0.2569,0.0979,-0.0001,-0.8230,1.8954,-0.2934,-0.0550,0.2985,0.1670,0.0091,0.9888
14.5504,0.1622,1.8359,-0.2401,-0.0939,0.2578,0.0967,0.0059,-0.8253,1.8945,-0.2942,-0.0560,0.2995,0.1693,-0.0098,0.9892
14.5507,0.1604,1.8349,-0.2401,-0.0939,0.2578,0.0957,0.0059,-0.8276,1.8935,-0.2938,-0.0571,0.2993,0.1715,-0.0117,0.9897
14.5703,0.1586,1.8340,-0.2393,-0.0963,0.2579,0.0946,0.0117,-0.8298,1.8926,-0.2933,-0.0586,0.2991,0.1738,-0.0133,0.9902
14.5705,0.1565,1.8329,-0.2393,-0.0963,0.2579,0.0933,0.0117,-0.8324,1.8916,-0.2933,-0.0586,0.2991,0.1762,-0.0133,0.9906
14.5802,0.1545,1.8320,-0.2388,-0.0980,0.2581,0.0923,0.0053,-0.8348,1.8907,-0.2926,-0.0625,0.2992,0.1783,-0.0031,0.9910
14.5805,0.1525,1.8309,-0.2388,-0.0980,0.2581,0.0915,0.0053,-0.8373,1.8897,-0.2922,-0.0644,0.2992,0.1800,0.0061,0.9915
14.6004,0.1507,1.8300,-0.2381,-0.1002,0.2584,0.0908,0.0004,-0.8395,1.8890,-0.2919,-0.0664,0.2993,0.1815,0.0170,0.9920
14.6007,0.1488,1.8288,-0.2381,-0.1002,0.2584,0.0902,0.0004,-0.8419,1.8881,-0.2916,-0.0680,0.2994,0.1839,0.0210,0.9925
14.6202,0.1470,1.8278,-0.2372,-0.1033,0.2587,0.0895,0.0042,-0.8442,1.8872,-0.2913,-0.0698,0.2995,0.1856,0.0263,0.9930
14.6208,0.1455,1.8269,-0.2372,-0.1033,0.2587,0.0889,0.0042,-0.8462,1.8864,-0.2913,-0.0698,0.2995,0.1873,0.0263,0.9934
14.6402,0.1432,1.8257,-0.2355,-0.1056,0.2581,0.0880,0.0105,-0.8487,1.8851,-0.2901,-0.0726,0.2990,0.1899,0.0246,0.9937
14.6405,0.1412,1.8246,-0.2355,-0.1056,0.2581,0.0871,0.0105,-0.8508,1.8837,-0.2904,-0.0744,0.2998,0.1922,0.0235,0.9938
14.6502,0.1390,1.8233,-0.2358,-0.1080,0.2594,0.0859,0.0084,-0.8532,1.8821,-0.2893,-0.0755,0.2990,0.1946,0.0137,0.9939
14.6505,0.1370,1.8223,-0.2358,-0.1080,0.2594,0.0845,0.0084,-0.8553,1.8808,-0.2893,-0.0755,0.2990,0.1961,0.0137,0.9941
14.6702,0.1351,1.8213,-0.2360,-0.1100,0.2604,0.0833,0.0078,-0.8575,1.8797,-0.2890,-0.0781,0.2993,0.1970,-0.0007,0.9943
14.6706,0.1333,1.8204,-0.2360,-0.1100,0.2604,0.0823,0.0078,-0.8596,1.8786,-0.2890,-0.0781,0.2993,0.1976,-0.0007,0.9946
14.6904,0.1312,1.8192,-0.2347,-0.1114,0.2598,0.0805,0.0045,-0.8619,1.8774,-0.2880,-0.0801,0.2989,0.1987,-0.0027,0.9948
14.6907,0.1294,1.8182,-0.2347,-0.1114,0.2598,0.0791,0.0045,-0.8639,1.8763,-0.2880,-0.0801,0.2989,0.2007,-0.0027,0.9950
14.7004,0.1276,1.8173,-0.2343,-0.1139,0.2605,0.0775,0.0088,-0.8659,1.8752,-0.2866,-0.0836,0.2986,0.2028,-0.0118,0.9952
14.7008,0.1256,1.8163,-0.2343,-0.1139,0.2605,0.0761,0.0088,-0.8681,1.8738,-0.2866,-0.0836,0.2986,0.2056,-0.0118,0.9953
14.7102,0.1236,1.8153,-0.2340,-0.1158,0.2611,0.0749,0.0160,-0.8701,1.8722,-0.2852,-0.0884,0.2985,0.2086,-0.0160,0.9953
14.7303,0.1214,1.8142,-0.2340,-0.1166,0.2615,0.0736,0.0193,-0.8723,1.8705,-0.2841,-0.0915,0.2985,0.2113,-0.0085,0.9953
14.7307,0.1195,1.8132,-0.2340,-0.1166,0.2615,0.0727,0.0193,-0.8742,1.8689,-0.2829,-0.0949,0.2984,0.2133,0.0048,0.9953
14.7403,0.1175,1.8122,-0.2339,-0.1170,0.2615,0.0717,0.0199,-0.8762,1.8674,-0.2824,-0.0980,0.2989,0.2151,0.0144,0.9952
14.7406,0.1157,1.8112,-0.2342,-0.1172,0.2619,0.0706,0.0185,-0.8781,1.8659,-0.2817,-0.1008,0.2992,0.2162,0.0236,0.9954
14.7602,0.1136,1.8100,-0.2339,-0.1170,0.2615,0.0693,0.0132,-0.8804,1.8644,-0.2807,-0.1030,0.2990,0.2173,0.0287,0.9955
14.7605,0.1117,1.8090,-0.2339,-0.1170,0.2615,0.0681,0.0132,-0.8824,1.8631,-0.2801,-0.1047,0.2990,0.2181,0.0312,0.9956
14.7802,0.1099,1.8081,-0.2341,-0.1177,0.2620,0.0663,0.0043,-0.8845,1.8618,-0.2796,-0.1059,0.2990,0.2191,0.0309,0.9958
14.7805,0.1080,1.8072,-0.2341,-0.1177,0.2620,0.0652,0.0043,-0.8866,1.8604,-0.2796,-0.1059,0.2990,0.2202,0.0309,0.9960
14.7899,0.1061,1.8063,-0.2343,-0.1187,0.2626,0.0642,0.0074,-0.8886,1.8590,-0.2793,-0.1081,0.2995,0.2216,0.0163,0.9962
14.7902,0.1041,1.8053,-0.2337,-0.1188,0.2622,0.0633,0.0143,-0.8908,1.8574,-0.2781,-0.1094,0.2989,0.2232,0.0077,0.9963
14.8101,0.1025,1.8045,-0.2337,-0.1191,0.2623,0.0629,0.0131,-0.8926,1.8560,-0.2775,-0.1112,0.2989,0.2245,0.0032,0.9964
14.8107,0.1006,1.8034,-0.2330,-0.1189,0.2616,0.0620,0.0103,-0.8946,1.8544,-0.2760,-0.1130,0.2983,0.2258,0.0029,0.9965
14.8200,0.0988,1.8023,-0.2327,-0.1190,0.2613,0.0612,0.0089,-0.8964,1.8528,-0.2747,-0.1154,0.2979,0.2267,0.0031,0.9965
14.8203,0.0970,1.8012,-0.2327,-0.1190,0.2613,0.0597,0.0089,-0.8984,1.8511,-0.2733,-0.1179,0.2976,0.2276,-0.0004,0.9966
14.8404,0.0952,1.8002,-0.2324,-0.1196,0.2613,0.0582,0.0088,-0.9004,1.8495,-0.2721,-0.1207,0.2976,0.2285,0.0095,0.9968
14.8408,0.0932,1.7992,-0.2324,-0.1196,0.2613,0.0568,0.0088,-0.9026,1.8479,-0.2721,-0.1207,0.2976,0.2294,0.0095,0.9970
14.8602,0.0915,1.7983,-0.2319,-0.1197,0.2610,0.0558,0.0035,-0.9044,1.8466,-0.2706,-0.1261,0.2986,0.2297,0.0243,0.9971
14.8606,0.0896,1.7973,-0.2319,-0.1197,0.2610,0.0548,0.0035,-0.9065,1.8452,-0.2695,-0.1279,0.2983,0.2301,0.0277,0.9973
14.8700,0.0877,1.7963,-0.2311,-0.1198,0.2604,0.0536,0.0018,-0.9087,1.8436,-0.2690,-0.1297,0.2986,0.2308,0.0293,0.9975
14.8703,0.0859,1.7953,-0.2311,-0.1198,0.2604,0.0524,0.0018,-0.9106,1.8422,-0.2690,-0.1297,0.2986,0.2315,0.0293,0.9977
14.8902,0.0840,1.7941,-0.2305,-0.1205,0.2601,0.0512,0.0021,-0.9127,1.8405,-0.2673,-0.1330,0.2985,0.2322,0.0258,0.9978
14.8904,0.0823,1.7932,-0.2305,-0.1205,0.2601,0.0504,0.0021,-0.9145,1.8391,-0.2673,-0.1330,0.2985,0.2325,0.0258,0.9978
14.9100,0.0803,1.7921,-0.2300,-0.1208,0.2598,0.0490,0.0097,-0.9166,1.8374,-0.2654,-0.1360,0.2982,0.2334,0.0244,0.9980
14.9103,0.0787,1.7912,-0.2300,-0.1208,0.2598,0.0476,0.0097,-0.9184,1.8359,-0.2654,-0.1360,0.2982,0.2341,0.0244,0.9981
14.9200,0.0768,1.7902,-0.2292,-0.1205,0.2590,0.0466,0.0113,-0.9204,1.8342,-0.2636,-0.1395,0.2983,0.2347,0.0200,0.9982
14.9203,0.0752,1.7894,-0.2292,-0.1205,0.2590,0.0458,0.0113,-0.9223,1.8328,-0.2628,-0.1414,0.2984,0.2350,0.0145,0.9985
14.9403,0.0733,1.7885,-0.2285,-0.1201,0.2581,0.0448,0.0057,-0.9244,1.8312,-0.2619,-0.1431,0.2984,0.2351,0.0099,0.9986
14.9406,0.0716,1.7877,-0.2285,-0.1201,0.2581,0.0439,0.0057,-0.9262,1.8299,-0.2619,-0.1431,0.2984,0.2351,0.0099,0.9987
14.9600,0.0698,1.7867,-0.2283,-0.1201,0.2579,0.0428,0.0052,-0.9283,1.8284,-0.2602,-0.1466,0.2986,0.2350,0.0128,0.9990
14.9603,0.0678,1.7856,-0.2276,-0.1201,0.2574,0.0413,0.0046,-0.9305,1.8268,-0.2602,-0.1466,0.2986,0.2350,0.0128,0.9991
14.9700,0.0643,1.7834,-0.2273,-0.1205,0.2573,0.0392,0.0051,-0.9322,1.8254,-0.2589,-0.1501,0.2992,0.2350,0.0148,0.9973
14.9703,0.0643,1.7834,-0.2273,-0.1205,0.2573,0.0392,0.0051,-0.9343,1.8237,-0.2577,-0.1513,0.2989,0.2348,0.0142,0.9994
14.9902,0.0626,1.7824,-0.2270,-0.1210,0.2573,0.0381,0.0058,-0.9361,1.8222,-0.2568,-0.1531,0.2989,0.2347,0.0123,0.9995
14.9905,0.0607,1.7814,-0.2264,-0.1213,0.2568,0.0366,0.0061,-0.9381,1.8205,-0.2558,-0.1547,0.2989,0.2345,0.0095,0.9995
15.0102,0.0590,1.7805,-0.2268,-0.1219,0.2575,0.0352,0.0078,-0.9399,1.8190,-0.2552,-0.1570,0.2996,0.2342,0.0096,0.9997
15.0105,0.0571,1.7796,-0.2268,-0.1219,0.2575,0.0344,0.0078,-0.9419,1.8172,-0.2540,-0.1588,0.2996,0.2338,0.0105,0.9997
15.0201,0.0535,1.7775,-0.2254,-0.1213,0.2559,0.0329,0.0111,-0.9438,1.8155,-0.2522,-0.1607,0.2990,0.2335,0.0125,0.9980
15.0203,0.0535,1.7775,-0.2254,-0.1213,0.2559,0.0329,0.0111,-0.9457,1.8138,-0.2516,-0.1630,0.2998,0.2331,0.0177,0.9999
15.0402,0.0499,1.7754,-0.2248,-0.1211,0.2553,0.0316,0.0073,-0.9476,1.8121,-0.2507,-0.1651,0.3002,0.2322,0.0282,0.9983
15.0405,0.0499,1.7754,-0.2248,-0.1211,0.2553,0.0316,0.0073,-0.9495,1.8106,-0.2493,-0.1667,0.2999,0.2312,0.0348,1.0001
15.0602,0.0481,1.7743,-0.2246,-0.1211,0.2551,0.0303,0.0049,-0.9515,1.8090,-0.2485,-0.1679,0.2999,0.2299,0.0359,1.0002
15.0604,0.0464,1.7733,-0.2246,-0.1211,0.2551,0.0297,0.0049,-0.9533,1.8076,-0.2485,-0.1679,0.2999,0.2291,0.0359,1.0003
15.0698,0.0443,1.7720,-0.2245,-0.1214,0.2552,0.0291,0.0040,-0.9555,1.8059,-0.2470,-0.1700,0.2999,0.2281,0.0317,1.0004
15.0700,0.0428,1.7711,-0.2245,-0.1214,0.2552,0.0277,0.0040,-0.9571,1.8046,-0.2470,-0.1700,0.2999,0.2277,0.0317,1.0004
15.0902,0.0407,1.7700,-0.2235,-0.1217,0.2545,0.0256,0.0063,-0.9591,1.8028,-0.2446,-0.1721,0.2991,0.2270,0.0185,1.0004
15.0906,0.0390,1.7691,-0.2235,-0.1217,0.2545,0.0246,0.0063,-0.9607,1.8013,-0.2446,-0.1721,0.2991,0.2260,0.0185,1.0003
15.1101,0.0373,1.7682,-0.2234,-0.1217,0.2544,0.0236,0.0042,-0.9625,1.7996,-0.2425,-0.1754,0.2993,0.2251,0.0170,1.0003
15.1103,0.0355,1.7671,-0.2234,-0.1217,0.2544,0.0220,0.0042,-0.9643,1.7978,-0.2425,-0.1754,0.2993,0.2234,0.0170,1.0003
15.1202,0.0319,1.7648,-0.2234,-0.1218,0.2545,0.0197,-0.0021,-0.9661,1.7962,-0.2402,-0.1788,0.2994,0.2216,0.0211,0.9985
15.1205,0.0319,1.7648,-0.2234,-0.1218,0.2545,0.0197,-0.0021,-0.9681,1.7945,-0.2402,-0.1788,0.2994,0.2195,0.0211,1.0004
15.1400,0.0303,1.7638,-0.2227,-0.1217,0.2538,0.0186,-0.0013,-0.9698,1.7932,-0.2388,-0.1811,0.2997,0.2175,0.0260,1.0005
15.1404,0.0282,1.7624,-0.2227,-0.1217,0.2538,0.0168,-0.0013,-0.9719,1.7916,-0.2379,-0.1810,0.2989,0.2154,0.0253,1.0005
15.1499,0.0265,1.7614,-0.2216,-0.1218,0.2529,0.0159,0.0003,-0.9736,1.7902,-0.2373,-0.1811,0.2985,0.2135,0.0217,1.0004
15.1502,0.0245,1.7602,-0.2216,-0.1218,0.2529,0.0152,0.0003,-0.9755,1.7887,-0.2373,-0.1811,0.2985,0.2116,0.0217,1.0004
15.1701,0.0229,1.7593,-0.2211,-0.1223,0.2527,0.0144,0.0008,-0.9772,1.7873,-0.2360,-0.1819,0.2980,0.2104,0.0140,1.0004
15.1705,0.0211,1.7582,-0.2211,-0.1223,0.2527,0.0135,0.0008,-0.9789,1.7857,-0.2352,-0.1827,0.2978,0.2088,0.0138,1.0004
15.1903,0.0193,1.7571,-0.2203,-0.1220,0.2518,0.0130,-0.0020,-0.9807,1.7842,-0.2341,-0.1834,0.2974,0.2072,0.0159,1.0004
15.1906,0.0175,1.7560,-0.2202,-0.1222,0.2518,0.0126,-0.0028,-0.9825,1.7826,-0.2335,-0.1844,0.2975,0.2053,0.0221,1.0004
15.2000,0.0157,1.7548,-0.2201,-0.1225,0.2519,0.0119,-0.0033,-0.9843,1.7810,-0.2332,-0.1853,0.2978,0.2029,0.0291,1.0003
15.2004,0.0139,1.7536,-0.2201,-0.1225,0.2519,0.0114,-0.0033,-0.9861,1.7796,-0.2325,-0.1855,0.2974,0.2003,0.0334,1.0003
15.2203,0.0122,1.7526,-0.2194,-0.1233,0.2517,0.0106,0.0007,-0.9879,1.7782,-0.2320,-0.1853,0.2969,0.1978,0.0344,1.0004
15.2208,0.0102,1.7514,-0.2194,-0.1233,0.2517,0.0096,0.0007,-0.9898,1.7767,-0.2313,-0.1845,0.2959,0.1952,0.0324,1.0004
15.2402,0.0084,1.7503,-0.2186,-0.1238,0.2512,0.0090,0.0022,-0.9916,1.7754,-0.2313,-0.1844,0.2958,0.1927,0.0293,1.0003
15.2407,0.0067,1.7493,-0.2183,-0.1238,0.2509,0.0080,0.0020,-0.9935,1.7741,-0.2308,-0.1838,0.2951,0.1903,0.0230,1.0006
15.2500,0.0049,1.7482,-0.2180,-0.1238,0.2507,0.0067,0.0017,-0.9955,1.7725,-0.2309,-0.1836,0.2950,0.1883,0.0177,1.0007
15.2502,0.0029,1.7471,-0.2180,-0.1238,0.2507,0.0058,0.0017,-0.9974,1.7709,-0.2309,-0.1836,0.2950,0.1858,0.0177,1.0006
15.2701,0.0012,1.7460,-0.2176,-0.1237,0.2503,0.0048,0.0002,-0.9994,1.7693,-0.2301,-0.1844,0.2948,0.1837,0.0128,1.0009
15.2706,-0.0008,1.7447,-0.2172,-0.1241,0.2502,0.0040,0.0002,-1.0015,1.7676,-0.2301,-0.1844,0.2948,0.1813,0.0128,1.0010
15.2900,-0.0023,1.7437,-0.2175,-0.1249,0.2508,0.0036,0.0005,-1.0030,1.7664,-0.2297,-0.1855,0.2952,0.1792,0.0174,1.0009
15.2904,-0.0044,1.7425,-0.2175,-0.1249,0.2508,0.0028,0.0005,-1.0052,1.7648,-0.2297,-0.1855,0.2952,0.1760,0.0174,1.0011
15.2999,-0.0062,1.7414,-0.2171,-0.1258,0.2509,0.0023,0.0020,-1.0069,1.7635,-0.2289,-0.1853,0.2945,0.1741,0.0259,1.0010
15.3002,-0.0082,1.7401,-0.2171,-0.1258,0.2509,0.0019,0.0020,-1.0089,1.7620,-0.2289,-0.1853,0.2945,0.1709,0.0259,1.0010
15.3203,-0.0098,1.7391,-0.2177,-0.1265,0.2518,0.0009,0.0042,-1.0106,1.7607,-0.2288,-0.1847,0.2940,0.1679,0.0238,1.0011
15.3207,-0.0114,1.7380,-0.2177,-0.1265,0.2518,-0.0001,0.0042,-1.0124,1.7594,-0.2288,-0.1847,0.2940,0.1653,0.0238,1.0012
15.3400,-0.0132,1.7369,-0.2167,-0.1264,0.2509,-0.0006,0.0041,-1.0144,1.7580,-0.2279,-0.1833,0.2925,0.1622,0.0186,1.0015
15.3403,-0.0148,1.7357,-0.2167,-0.1264,0.2509,-0.0013,0.0041,-1.0164,1.7566,-0.2279,-0.1833,0.2925,0.1587,0.0186,1.0019
15.3501,-0.0166,1.7344,-0.2161,-0.1269,0.2506,-0.0026,0.0073,-1.0185,1.7552,-0.2277,-0.1825,0.2918,0.1559,0.0128,1.0022
15.3505,-0.0182,1.7332,-0.2161,-0.1269,0.2506,-0.0040,0.0073,-1.0206,1.7538,-0.2277,-0.1825,0.2918,0.1530,0.0128,1.0026
15.3703,-0.0201,1.7319,-0.2156,-0.1282,0.2509,-0.0049,0.0086,-1.0225,1.7525,-0.2281,-0.1827,0.2922,0.1495,0.0137,1.0026
15.3707,-0.0218,1.7309,-0.2156,-0.1282,0.2509,-0.0052,0.0086,-1.0242,1.7513,-0.2281,-0.1827,0.2922,0.1461,0.0137,1.0026
15.3903,-0.0238,1.7295,-0.2154,-0.1288,0.2510,-0.0058,0.0087,-1.0264,1.7498,-0.2272,-0.1819,0.2910,0.1427,0.0179,1.0027
15.3906,-0.0255,1.7285,-0.2156,-0.1292,0.2513,-0.0063,0.0078,-1.0282,1.7487,-0.2273,-0.1813,0.2907,0.1400,0.0193,1.0029
15.4002,-0.0275,1.7273,-0.2155,-0.1294,0.2514,-0.0067,0.0055,-1.0303,1.7473,-0.2274,-0.1809,0.2906,0.1364,0.0197,1.0030
15.4007,-0.0291,1.7262,-0.2155,-0.1294,0.2514,-0.0071,0.0055,-1.0321,1.7461,-0.2273,-0.1803,0.2901,0.1336,0.0195,1.0032
15.4201,-0.0308,1.7250,-0.2156,-0.1300,0.2518,-0.0076,0.0010,-1.0341,1.7449,-0.2274,-0.1796,0.2898,0.1303,0.0184,1.0035
15.4204,-0.0324,1.7239,-0.2156,-0.1300,0.2518,-0.0078,0.0010,-1.0359,1.7438,-0.2274,-0.1796,0.2898,0.1277,0.0184,1.0037
15.4401,-0.0343,1.7227,-0.2153,-0.1309,0.2519,-0.0083,0.0013,-1.0379,1.7425,-0.2272,-0.1780,0.2886,0.1233,0.0170,1.0038
15.4404,-0.0359,1.7216,-0.2152,-0.1316,0.2523,-0.0086,0.0006,-1.0398,1.7413,-0.2271,-0.1775,0.2883,0.1205,0.0107,1.0040
15.4500,-0.0377,1.7205,-0.2151,-0.1321,0.2524,-0.0090,0.0000,-1.0416,1.7401,-0.2271,-0.1772,0.2880,0.1176,0.0068,1.0041
15.4503,-0.0395,1.7192,-0.2151,-0.1321,0.2524,-0.0094,0.0000,-1.0436,1.7387,-0.2271,-0.1772,0.2880,0.1149,0.0068,1.0043
15.4700,-0.0412,1.7180,-0.2147,-0.1327,0.2524,-0.0098,-0.0013,-1.0454,1.7374,-0.2263,-0.1762,0.2868,0.1119,0.0048,1.0044
15.4703,-0.0428,1.7170,-0.2147,-0.1327,0.2524,-0.0105,-0.0013,-1.0473,1.7362,-0.2263,-0.1762,0.2868,0.1092,0.0048,1.0047
15.4800,-0.0444,1.7158,-0.2141,-0.1329,0.2520,-0.0110,-0.0012,-1.0492,1.7350,-0.2260,-0.1749,0.2858,0.1061,0.0093,1.0050
15.4802,-0.0463,1.7145,-0.2141,-0.1329,0.2520,-0.0116,-0.0012,-1.0513,1.7337,-0.2260,-0.1749,0.2858,0.1028,0.0093,1.0052
15.5000,-0.0477,1.7135,-0.2139,-0.1337,0.2522,-0.0120,-0.0002,-1.0530,1.7328,-0.2263,-0.1736,0.2852,0.1004,0.0136,1.0056
15.5003,-0.0493,1.7123,-0.2139,-0.1337,0.2522,-0.0125,-0.0002,-1.0550,1.7317,-0.2263,-0.1736,0.2852,0.0972,0.0136,1.0059
15.5201,-0.0511,1.7112,-0.2129,-0.1345,0.2518,-0.0129,0.0027,-1.0571,1.7305,-0.2263,-0.1711,0.2837,0.0937,0.0121,1.0062
15.5204,-0.0528,1.7101,-0.2129,-0.1345,0.2518,-0.0135,0.0027,-1.0591,1.7295,-0.2266,-0.1700,0.2833,0.0905,0.0081,1.0065
15.5402,-0.0544,1.7091,-0.2125,-0.1348,0.2516,-0.0140,0.0065,-1.0609,1.7284,-0.2267,-0.1686,0.2825,0.0881,-0.0012,1.0067
15.5405,-0.0559,1.7082,-0.2125,-0.1348,0.2516,-0.0145,0.0065,-1.0626,1.7274,-0.2265,-0.1673,0.2816,0.0857,-0.0077,1.0069
15.5496,-0.0576,1.7069,-0.2117,-0.1345,0.2508,-0.0154,0.0047,-1.0646,1.7263,-0.2262,-0.1664,0.2808,0.0822,-0.0091,1.0072
15.5499,-0.0576,1.7069,-0.2117,-0.1345,0.2508,-0.0154,0.0047,-1.0662,1.7254,-0.2262,-0.1664,0.2808,0.0793,-0.0091,1.0088
15.5701,-0.0609,1.7046,-0.2108,-0.1346,0.2501,-0.0166,-0.0019,-1.0683,1.7242,-0.2259,-0.1645,0.2794,0.0757,-0.0068,1.0077
15.5704,-0.0624,1.7035,-0.2108,-0.1346,0.2501,-0.0173,-0.0019,-1.0702,1.7232,-0.2257,-0.1634,0.2787,0.0730,-0.0059,1.0080
15.5903,-0.0640,1.7023,-0.2103,-0.1352,0.2500,-0.0184,-0.0042,-1.0722,1.7221,-0.2262,-0.1628,0.2787,0.0692,-0.0041,1.0083
15.5906,-0.0656,1.7012,-0.2095,-0.1354,0.2494,-0.0190,-0.0024,-1.0740,1.7210,-0.2262,-0.1628,0.2787,0.0658,-0.0041,1.0087
15.6002,-0.0672,1.7000,-0.2092,-0.1359,0.2495,-0.0193,0.0008,-1.0760,1.7199,-0.2266,-0.1605,0.2777,0.0626,-0.0021,1.0090
15.6005,-0.0689,1.6987,-0.2092,-0.1359,0.2495,-0.0197,0.0008,-1.0780,1.7187,-0.2266,-0.1605,0.2777,0.0592,-0.0021,1.0093
15.6198,-0.0703,1.6976,-0.2088,-0.1367,0.2495,-0.0199,0.0061,-1.0798,1.7177,-0.2274,-0.1582,0.2770,0.0569,-0.0034,1.0098
15.6201,-0.0717,1.6964,-0.2088,-0.1367,0.2495,-0.0201,0.0061,-1.0817,1.7167,-0.2274,-0.1582,0.2770,0.0537,-0.0034,1.0101
15.6298,-0.0732,1.6952,-0.2072,-0.1369,0.2484,-0.0201,0.0049,-1.0834,1.7159,-0.2271,-0.1556,0.2753,0.0510,-0.0073,1.0104
15.6300,-0.0748,1.6938,-0.2072,-0.1369,0.2484,-0.0204,0.0049,-1.0854,1.7150,-0.2271,-0.1556,0.2753,0.0473,-0.0073,1.0109
15.6502,-0.0761,1.6926,-0.2060,-0.1372,0.2475,-0.0204,0.0016,-1.0871,1.7143,-0.2271,-0.1532,0.2739,0.0450,-0.0131,1.0113
15.6599,-0.0775,1.6912,-0.2051,-0.1375,0.2469,-0.0204,0.0004,-1.0891,1.7134,-0.2271,-0.1519,0.2732,0.0418,-0.0168,1.0118
15.6603,-0.0787,1.6902,-0.2051,-0.1375,0.2469,-0.0203,0.0004,-1.0908,1.7126,-0.2271,-0.1519,0.2732,0.0396,-0.0168,1.0123
15.6802,-0.0801,1.6889,-0.2032,-0.1382,0.2458,-0.0202,-0.0002,-1.0926,1.7116,-0.2272,-0.1494,0.2719,0.0365,-0.0253,1.0127
15.6805,-0.0817,1.6876,-0.2024,-0.1385,0.2452,-0.0203,0.0001,-1.0945,1.7105,-0.2273,-0.1481,0.2712,0.0328,-0.0249,1.0131
15.6902,-0.0829,1.6865,-0.2019,-0.1390,0.2452,-0.0203,-0.0001,-1.0962,1.7095,-0.2277,-0.1474,0.2712,0.0301,-0.0253,1.0135
15.6905,-0.0845,1.6851,-0.2019,-0.1390,0.2452,-0.0203,-0.0001,-1.0982,1.7083,-0.2277,-0.1474,0.2712,0.0271,-0.0253,1.0140
15.7102,-0.0860,1.6838,-0.2005,-0.1394,0.2442,-0.0205,-0.0072,-1.1001,1.7073,-0.2278,-0.1454,0.2703,0.0243,-0.0292,1.0144
15.7105,-0.0874,1.6826,-0.2005,-0.1394,0.2442,-0.0206,-0.0072,-1.1019,1.7064,-0.2278,-0.1454,0.2703,0.0220,-0.0292,1.0147
15.7201,-0.0888,1.6813,-0.1992,-0.1399,0.2435,-0.0207,-0.0116,-1.1036,1.7056,-0.2279,-0.1436,0.2694,0.0201,-0.0292,1.0151
15.7203,-0.0903,1.6799,-0.1981,-0.1401,0.2426,-0.0212,-0.0085,-1.1057,1.7047,-0.2279,-0.1436,0.2694,0.0173,-0.0292,1.0157
15.7403,-0.0916,1.6786,-0.1974,-0.1409,0.2425,-0.0217,-0.0027,-1.1075,1.7039,-0.2282,-0.1415,0.2685,0.0152,-0.0301,1.0162
15.7406,-0.0929,1.6773,-0.1974,-0.1409,0.2425,-0.0225,-0.0027,-1.1093,1.7030,-0.2282,-0.1415,0.2685,0.0129,-0.0301,1.0167
15.7601,-0.0943,1.6761,-0.1956,-0.1418,0.2416,-0.0226,-0.0016,-1.1112,1.7020,-0.2277,-0.1391,0.2668,0.0110,-0.0337,1.0172
15.7606,-0.0955,1.6748,-0.1956,-0.1418,0.2416,-0.0227,-0.0016,-1.1129,1.7010,-0.2277,-0.1391,0.2668,0.0090,-0.0337,1.0177
15.7700,-0.0967,1.6735,-0.1935,-0.1424,0.2402,-0.0227,-0.0038,-1.1146,1.7000,-0.2269,-0.1366,0.2649,0.0071,-0.0330,1.0183
15.7705,-0.0979,1.6721,-0.1935,-0.1424,0.2402,-0.0228,-0.0038,-1.1166,1.6990,-0.2269,-0.1366,0.2649,0.0047,-0.0330,1.0190
15.7902,-0.0992,1.6705,-0.1911,-0.1432,0.2388,-0.0227,-0.0071,-1.1186,1.6979,-0.2271,-0.1348,0.2641,0.0021,-0.0278,1.0197
15.7907,-0.1003,1.6692,-0.1911,-0.1432,0.2388,-0.0226,-0.0071,-1.1203,1.6971,-0.2267,-0.1338,0.2633,0.0005,-0.0225,1.0203
15.8101,-0.1018,1.6675,-0.1884,-0.1445,0.2374,-0.0225,-0.0062,-1.1222,1.6962,-0.2267,-0.1329,0.2628,-0.0015,-0.0218,1.0209
15.8106,-0.1030,1.6660,-0.1872,-0.1452,0.2369,-0.0225,-0.0050,-1.1240,1.6954,-0.2266,-0.1317,0.2621,-0.0028,-0.0236,1.0215
15.8203,-0.1042,1.6647,-0.1864,-0.1461,0.2368,-0.0223,-0.0049,-1.1258,1.6946,-0.2268,-0.1307,0.2618,-0.0042,-0.0249,1.0220
15.8206,-0.1054,1.6633,-0.1855,-0.1467,0.2365,-0.0220,-0.0056,-1.1276,1.6938,-0.2267,-0.1296,0.2612,-0.0059,-0.0256,1.0227
15.8401,-0.1067,1.6618,-0.1844,-0.1472,0.2359,-0.0214,-0.0078,-1.1294,1.6929,-0.2263,-0.1284,0.2602,-0.0076,-0.0257,1.0231
15.8404,-0.1081,1.6603,-0.1844,-0.1472,0.2359,-0.0203,-0.0078,-1.1313,1.6919,-0.2259,-0.1276,0.2594,-0.0096,-0.0269,1.0236
15.8602,-0.1093,1.6590,-0.1832,-0.1481,0.2356,-0.0194,-0.0109,-1.1330,1.6910,-0.2255,-0.1267,0.2586,-0.0116,-0.0268,1.0242
15.8608,-0.1106,1.6573,-0.1832,-0.1481,0.2356,-0.0189,-0.0109,-1.1349,1.6899,-0.2255,-0.1267,0.2586,-0.0136,-0.0268,1.0248
15.8701,-0.1117,1.6558,-0.1808,-0.1492,0.2344,-0.0187,-0.0104,-1.1365,1.6889,-0.2247,-0.1252,0.2572,-0.0152,-0.0236,1.0254
15.8704,-0.1129,1.6542,-0.1808,-0.1492,0.2344,-0.0187,-0.0104,-1.1384,1.6879,-0.2246,-0.1247,0.2569,-0.0174,-0.0223,1.0260
15.8903,-0.1141,1.6527,-0.1782,-0.1506,0.2333,-0.0186,-0.0096,-1.1401,1.6871,-0.2241,-0.1238,0.2560,-0.0198,-0.0209,1.0265
15.8905,-0.1154,1.6512,-0.1773,-0.1515,0.2332,-0.0186,-0.0072,-1.1419,1.6862,-0.2238,-0.1232,0.2555,-0.0219,-0.0202,1.0271
15.9103,-0.1167,1.6497,-0.1760,-0.1522,0.2326,-0.0183,-0.0048,-1.1436,1.6853,-0.2233,-0.1223,0.2546,-0.0239,-0.0203,1.0275
15.9108,-0.1179,1.6481,-0.1760,-0.1522,0.2326,-0.0178,-0.0048,-1.1454,1.6845,-0.2229,-0.1216,0.2539,-0.0264,-0.0195,1.0281
15.9202,-0.1191,1.6465,-0.1742,-0.1539,0.2324,-0.0175,-0.0044,-1.1470,1.6836,-0.2225,-0.1208,0.2532,-0.0282,-0.0201,1.0287
15.9208,-0.1202,1.6448,-0.1732,-0.1549,0.2324,-0.0171,-0.0045,-1.1488,1.6826,-0.2223,-0.1204,0.2528,-0.0304,-0.0213,1.0293
15.9403,-0.1213,1.6432,-0.1718,-0.1558,0.2319,-0.0165,-0.0043,-1.1504,1.6817,-0.2217,-0.1197,0.2519,-0.0322,-0.0165,1.0298
15.9407,-0.1224,1.6416,-0.1708,-0.1569,0.2319,-0.0155,-0.0034,-1.1521,1.6808,-0.2213,-0.1191,0.2514,-0.0341,-0.0131,1.0304
15.9602,-0.1236,1.6399,-0.1694,-0.1578,0.2315,-0.0146,-0.0023,-1.1538,1.6799,-0.2209,-0.1186,0.2507,-0.0362,-0.0103,1.0310
15.9605,-0.1246,1.6384,-0.1681,-0.1586,0.2311,-0.0138,-0.0016,-1.1553,1.6791,-0.2203,-0.1176,0.2497,-0.0380,-0.0100,1.0316
15.9700,-0.1258,1.6365,-0.1666,-0.1594,0.2306,-0.0130,-0.0019,-1.1572,1.6782,-0.2198,-0.1166,0.2488,-0.0401,-0.0119,1.0322
15.9703,-0.1269,1.6350,-0.1661,-0.1609,0.2312,-0.0126,-0.0023,-1.1589,1.6773,-0.2199,-0.1162,0.2487,-0.0417,-0.0142,1.0328
15.9901,-0.1281,1.6333,-0.1651,-0.1617,0.2311,-0.0119,-0.0031,-1.1607,1.6764,-0.2194,-0.1155,0.2479,-0.0436,-0.0165,1.0336
15.9904,-0.1291,1.6318,-0.1651,-0.1617,0.2311,-0.0112,-0.0031,-1.1623,1.6756,-0.2189,-0.1146,0.2471,-0.0451,-0.0188,1.0341
16.0100,-0.1302,1.6303,-0.1629,-0.1634,0.2307,-0.0100,-0.0055,-1.1640,1.6747,-0.2186,-0.1144,0.2467,-0.0466,-0.0177,1.0347
16.0102,-0.1315,1.6285,-0.1629,-0.1634,0.2307,-0.0092,-0.0055,-1.1657,1.6736,-0.2186,-0.1144,0.2467,-0.0487,-0.0177,1.0352
16.0199,-0.1326,1.6269,-0.1608,-0.1655,0.2307,-0.0088,-0.0108,-1.1673,1.6727,-0.2171,-0.1138,0.2451,-0.0501,-0.0137,1.0358
16.0202,-0.1338,1.6251,-0.1608,-0.1655,0.2307,-0.0081,-0.0108,-1.1690,1.6718,-0.2171,-0.1138,0.2451,-0.0516,-0.0137,1.0363
16.0399,-0.1349,1.6236,-0.1587,-0.1680,0.2311,-0.0079,-0.0118,-1.1704,1.6710,-0.2161,-0.1133,0.2440,-0.0532,-0.0029,1.0366
16.0403,-0.1360,1.6219,-0.1587,-0.1680,0.2311,-0.0077,-0.0118,-1.1720,1.6702,-0.2155,-0.1128,0.2433,-0.0552,-0.0032,1.0371
16.0502,-0.1370,1.6204,-0.1568,-0.1701,0.2313,-0.0078,-0.0058,-1.1734,1.6694,-0.2148,-0.1122,0.2423,-0.0565,-0.0047,1.0376
16.0505,-0.1382,1.6187,-0.1559,-0.1712,0.2316,-0.0080,-0.0039,-1.1751,1.6685,-0.2145,-0.1120,0.2419,-0.0577,-0.0055,1.0381
16.0699,-0.1392,1.6172,-0.1546,-0.1719,0.2312,-0.0081,-0.0028,-1.1766,1.6676,-0.2135,-0.1115,0.2408,-0.0590,-0.0054,1.0386
16.0701,-0.1403,1.6155,-0.1546,-0.1719,0.2312,-0.0081,-0.0028,-1.1782,1.6667,-0.2135,-0.1115,0.2408,-0.0603,-0.0054,1.0392
16.0902,-0.1414,1.6138,-0.1525,-0.1736,0.2311,-0.0081,-0.0019,-1.1797,1.6658,-0.2121,-0.1108,0.2393,-0.0615,-0.0075,1.0396
16.0905,-0.1424,1.6123,-0.1525,-0.1736,0.2311,-0.0081,-0.0019,-1.1811,1.6650,-0.2121,-0.1108,0.2393,-0.0623,-0.0075,1.0400
16.0999,-0.1437,1.6105,-0.1505,-0.1754,0.2311,-0.0080,-0.0024,-1.1828,1.6640,-0.2103,-0.1098,0.2372,-0.0637,-0.0088,1.0405
16.1003,-0.1448,1.6087,-0.1505,-0.1754,0.2311,-0.0078,-0.0024,-1.1842,1.6631,-0.2103,-0.1098,0.2372,-0.0649,-0.0088,1.0408
16.1201,-0.1460,1.6070,-0.1492,-0.1778,0.2321,-0.0077,-0.0014,-1.1857,1.6623,-0.2088,-0.1091,0.2356,-0.0660,-0.0110,1.0412
16.1204,-0.1469,1.6055,-0.1492,-0.1778,0.2321,-0.0077,-0.0014,-1.1870,1.6615,-0.2088,-0.1091,0.2356,-0.0665,-0.0110,1.0416
16.1400,-0.1480,1.6037,-0.1475,-0.1794,0.2322,-0.0078,0.0012,-1.1886,1.6605,-0.2072,-0.1089,0.2341,-0.0673,-0.0101,1.0421
16.1404,-0.1490,1.6021,-0.1475,-0.1794,0.2322,-0.0078,0.0012,-1.1898,1.6596,-0.2062,-0.1091,0.2333,-0.0679,-0.0026,1.0424
16.1501,-0.1501,1.6005,-0.1458,-0.1810,0.2324,-0.0079,0.0003,-1.1912,1.6588,-0.2054,-0.1093,0.2327,-0.0688,0.0012,1.0428
16.1505,-0.1501,1.6005,-0.1458,-0.1810,0.2324,-0.0079,0.0003,-1.1927,1.6580,-0.2054,-0.1093,0.2327,-0.0697,0.0012,1.0442
16.1698,-0.1523,1.5969,-0.1448,-0.1828,0.2332,-0.0085,-0.0012,-1.1942,1.6570,-0.2038,-0.1093,0.2312,-0.0705,0.0104,1.0437
16.1701,-0.1534,1.5951,-0.1448,-0.1828,0.2332,-0.0093,-0.0012,-1.1957,1.6560,-0.2038,-0.1093,0.2312,-0.0712,0.0104,1.0440
16.1901,-0.1544,1.5934,-0.1435,-0.1851,0.2342,-0.0101,-0.0018,-1.1970,1.6551,-0.2023,-0.1089,0.2298,-0.0719,0.0086,1.0444
16.1905,-0.1555,1.5916,-0.1435,-0.1851,0.2342,-0.0111,-0.0018,-1.1984,1.6541,-0.2023,-0.1089,0.2298,-0.0730,0.0086,1.0448
16.2001,-0.1565,1.5900,-0.1420,-0.1871,0.2348,-0.0120,0.0035,-1.1997,1.6532,-0.2003,-0.1085,0.2278,-0.0740,0.0070,1.0452
16.2004,-0.1576,1.5879,-0.1409,-0.1877,0.2348,-0.0130,0.0050,-1.2013,1.6520,-0.2003,-0.1085,0.2278,-0.0751,0.0070,1.0456
16.2203,-0.1586,1.5861,-0.1403,-0.1894,0.2357,-0.0137,0.0063,-1.2026,1.6509,-0.1988,-0.1089,0.2267,-0.0761,0.0078,1.0460
16.2206,-0.1596,1.5844,-0.1403,-0.1894,0.2357,-0.0146,0.0063,-1.2039,1.6499,-0.1988,-0.1089,0.2267,-0.0773,0.0078,1.0463
16.2402,-0.1604,1.5829,-0.1385,-0.1909,0.2358,-0.0158,-0.0002,-1.2050,1.6490,-0.1963,-0.1096,0.2249,-0.0783,0.0094,1.0467
16.2406,-0.1614,1.5811,-0.1385,-0.1909,0.2358,-0.0172,-0.0002,-1.2066,1.6479,-0.1963,-0.1096,0.2249,-0.0788,0.0094,1.0473
16.2600,-0.1625,1.5792,-0.1370,-0.1925,0.2362,-0.0190,-0.0009,-1.2081,1.6467,-0.1945,-0.1101,0.2235,-0.0794,0.0140,1.0478
16.2605,-0.1632,1.5778,-0.1364,-0.1938,0.2370,-0.0197,-0.0002,-1.2091,1.6459,-0.1938,-0.1106,0.2231,-0.0798,0.0124,1.0481
16.2698,-0.1644,1.5755,-0.1354,-0.1941,0.2367,-0.0213,0.0008,-1.2108,1.6444,-0.1925,-0.1103,0.2219,-0.0805,0.0111,1.0486
16.2702,-0.1652,1.5738,-0.1354,-0.1941,0.2367,-0.0227,0.0008,-1.2120,1.6432,-0.1922,-0.1112,0.2221,-0.0804,0.0099,1.0491
16.2899,-0.1661,1.5720,-0.1347,-0.1965,0.2382,-0.0249,-0.0016,-1.2133,1.6421,-0.1910,-0.1115,0.2211,-0.0805,0.0067,1.0495
16.2901,-0.1671,1.5702,-0.1338,-0.1969,0.2381,-0.0266,-0.0018,-1.2145,1.6409,-0.1910,-0.1115,0.2211,-0.0808,0.0067,1.0498
16.3001,-0.1681,1.5682,-0.1334,-0.1979,0.2387,-0.0285,-0.0017,-1.2159,1.6395,-0.1885,-0.1124,0.2194,-0.0810,-0.0007,1.0502
16.3003,-0.1688,1.5665,-0.1334,-0.1979,0.2387,-0.0302,-0.0017,-1.2169,1.6384,-0.1885,-0.1124,0.2194,-0.0814,-0.0007,1.0505
16.3203,-0.1697,1.5645,-0.1316,-0.1991,0.2386,-0.0319,-0.0022,-1.2181,1.6372,-0.1857,-0.1139,0.2178,-0.0818,0.0006,1.0509
16.3207,-0.1705,1.5627,-0.1311,-0.2003,0.2394,-0.0337,-0.0029,-1.2192,1.6361,-0.1846,-0.1148,0.2174,-0.0820,0.0001,1.0512
16.3400,-0.1714,1.5609,-0.1303,-0.2012,0.2397,-0.0352,-0.0040,-1.2203,1.6349,-0.1831,-0.1154,0.2165,-0.0821,-0.0012,1.0515
16.3405,-0.1724,1.5589,-0.1303,-0.2012,0.2397,-0.0363,-0.0040,-1.2214,1.6335,-0.1831,-0.1154,0.2165,-0.0822,-0.0012,1.0517
16.3501,-0.1733,1.5571,-0.1285,-0.2029,0.2401,-0.0375,-0.0049,-1.2226,1.6322,-0.1803,-0.1167,0.2148,-0.0824,-0.0018,1.0520
16.3506,-0.1742,1.5550,-0.1279,-0.2038,0.2406,-0.0388,-0.0052,-1.2238,1.6308,-0.1792,-0.1176,0.2143,-0.0826,-0.0029,1.0523
16.3699,-0.1750,1.5532,-0.1273,-0.2046,0.2410,-0.0398,-0.0056,-1.2249,1.6295,-0.1780,-0.1183,0.2137,-0.0827,-0.0051,1.0526
16.3702,-0.1750,1.5532,-0.1273,-0.2046,0.2410,-0.0398,-0.0056,-1.2259,1.6281,-0.1780,-0.1183,0.2137,-0.0828,-0.0051,1.0535
16.3801,-0.1767,1.5496,-0.1259,-0.2056,0.2411,-0.0424,-0.0073,-1.2268,1.6268,-0.1749,-0.1196,0.2119,-0.0830,-0.0074,1.0530
16.3806,-0.1777,1.5474,-0.1259,-0.2056,0.2411,-0.0440,-0.0073,-1.2280,1.6252,-0.1749,-0.1196,0.2119,-0.0835,-0.0074,1.0532
16.4002,-0.1785,1.5457,-0.1245,-0.2076,0.2420,-0.0447,-0.0118,-1.2288,1.6239,-0.1721,-0.1220,0.2109,-0.0838,-0.0080,1.0533
16.4007,-0.1793,1.5438,-0.1245,-0.2076,0.2420,-0.0458,-0.0118,-1.2298,1.6225,-0.1704,-0.1229,0.2101,-0.0846,-0.0091,1.0534
16.4202,-0.1802,1.5418,-0.1229,-0.2086,0.2421,-0.0472,-0.0129,-1.2309,1.6211,-0.1688,-0.1238,0.2094,-0.0851,-0.0099,1.0536
16.4205,-0.1811,1.5400,-0.1229,-0.2086,0.2421,-0.0481,-0.0129,-1.2319,1.6196,-0.1688,-0.1238,0.2094,-0.0854,-0.0099,1.0539
16.4400,-0.1819,1.5379,-0.1217,-0.2095,0.2423,-0.0493,-0.0128,-1.2331,1.6179,-0.1662,-0.1261,0.2087,-0.0858,-0.0099,1.0542
16.4403,-0.1826,1.5363,-0.1217,-0.2095,0.2423,-0.0501,-0.0128,-1.2341,1.6166,-0.1654,-0.1275,0.2088,-0.0859,-0.0128,1.0545
16.4501,-0.1834,1.5342,-0.1203,-0.2106,0.2426,-0.0511,-0.0157,-1.2352,1.6149,-0.1640,-0.1283,0.2083,-0.0864,-0.0142,1.0548
16.4506,-0.1841,1.5323,-0.1203,-0.2106,0.2426,-0.0519,-0.0157,-1.2362,1.6135,-0.1640,-0.1283,0.2083,-0.0871,-0.0142,1.0552
16.4699,-0.1850,1.5303,-0.1192,-0.2121,0.2433,-0.0525,-0.0207,-1.2373,1.6118,-0.1617,-0.1313,0.2083,-0.0879,-0.0153,1.0554
16.4703,-0.1857,1.5284,-0.1192,-0.2121,0.2433,-0.0527,-0.0207,-1.2382,1.6104,-0.1617,-0.1313,0.2083,-0.0887,-0.0153,1.0557
16.4899,-0.1865,1.5264,-0.1177,-0.2131,0.2434,-0.0530,-0.0269,-1.2392,1.6089,-0.1587,-0.1339,0.2076,-0.0898,-0.0125,1.0559
16.4901,-0.1873,1.5243,-0.1177,-0.2131,0.2434,-0.0533,-0.0269,-1.2402,1.6072,-0.1569,-0.1350,0.2070,-0.0915,-0.0122,1.0561
16.5001,-0.1880,1.5223,-0.1163,-0.2149,0.2444,-0.0537,-0.0268,-1.2411,1.6056,-0.1557,-0.1367,0.2072,-0.0930,-0.0128,1.0563
16.5003,-0.1888,1.5201,-0.1163,-0.2149,0.2444,-0.0545,-0.0268,-1.2421,1.6039,-0.1557,-0.1367,0.2072,-0.0947,-0.0128,1.0566
16.5200,-0.1894,1.5182,-0.1146,-0.2168,0.2452,-0.0548,-0.0209,-1.2430,1.6024,-0.1528,-0.1395,0.2069,-0.0961,-0.0135,1.0570
16.5203,-0.1901,1.5161,-0.1146,-0.2168,0.2452,-0.0553,-0.0209,-1.2440,1.6007,-0.1528,-0.1395,0.2069,-0.0972,-0.0135,1.0573
16.5300,-0.1908,1.5142,-0.1126,-0.2180,0.2453,-0.0559,-0.0179,-1.2450,1.5991,-0.1501,-0.1421,0.2067,-0.0987,-0.0186,1.0577
16.5397,-0.1915,1.5122,-0.1118,-0.2188,0.2457,-0.0567,-0.0182,-1.2460,1.5975,-0.1493,-0.1437,0.2072,-0.1005,-0.0193,1.0580
16.5400,-0.1921,1.5106,-0.1118,-0.2188,0.2457,-0.0568,-0.0182,-1.2468,1.5961,-0.1493,-0.1437,0.2072,-0.1016,-0.0193,1.0582
16.5602,-0.1929,1.5084,-0.1103,-0.2196,0.2457,-0.0567,-0.0195,-1.2479,1.5943,-0.1468,-0.1467,0.2075,-0.1037,-0.0192,1.0585
16.5605,-0.1937,1.5063,-0.1095,-0.2205,0.2462,-0.0566,-0.0202,-1.2491,1.5925,-0.1457,-0.1484,0.2079,-0.1063,-0.0224,1.0589
16.5700,-0.1944,1.5043,-0.1090,-0.2217,0.2470,-0.0568,-0.0207,-1.2502,1.5907,-0.1451,-0.1503,0.2089,-0.1080,-0.0256,1.0593
16.5703,-0.1950,1.5023,-0.1090,-0.2217,0.2470,-0.0570,-0.0207,-1.2513,1.5890,-0.1451,-0.1503,0.2089,-0.1100,-0.0256,1.0598
16.5901,-0.1956,1.5005,-0.1072,-0.2230,0.2474,-0.0571,-0.0215,-1.2523,1.5873,-0.1431,-0.1537,0.2099,-0.1125,-0.0252,1.0602
16.5904,-0.1963,1.4983,-0.1072,-0.2230,0.2474,-0.0570,-0.0215,-1.2534,1.5854,-0.1431,-0.1537,0.2099,-0.1152,-0.0252,1.0607
16.6099,-0.1969,1.4964,-0.1051,-0.2243,0.2477,-0.0570,-0.0224,-1.2543,1.5837,-0.1412,-0.1572,0.2113,-0.1169,-0.0252,1.0610
16.6102,-0.1975,1.4945,-0.1051,-0.2243,0.2477,-0.0570,-0.0224,-1.2553,1.5818,-0.1412,-0.1572,0.2113,-0.1187,-0.0252,1.0613
16.6199,-0.1982,1.4925,-0.1032,-0.2251,0.2477,-0.0571,-0.0228,-1.2562,1.5800,-0.1392,-0.1608,0.2127,-0.1207,-0.0257,1.0616
16.6203,-0.1989,1.4904,-0.1032,-0.2251,0.2477,-0.0573,-0.0228,-1.2572,1.5780,-0.1392,-0.1608,0.2127,-0.1225,-0.0257,1.0619
16.6400,-0.1995,1.4884,-0.1017,-0.2266,0.2484,-0.0575,-0.0231,-1.2582,1.5761,-0.1372,-0.1649,0.2145,-0.1241,-0.0265,1.0624
16.6403,-0.2001,1.4864,-0.1017,-0.2266,0.2484,-0.0577,-0.0231,-1.2592,1.5741,-0.1368,-0.1671,0.2160,-0.1257,-0.0272,1.0627
16.6602,-0.2011,1.4826,-0.1001,-0.2281,0.2491,-0.0578,-0.0225,-1.2602,1.5722,-0.1359,-0.1695,0.2173,-0.1276,-0.0288,1.0629
16.6605,-0.2011,1.4826,-0.1001,-0.2281,0.2491,-0.0578,-0.0225,-1.2611,1.5704,-0.1359,-0.1695,0.2173,-0.1290,-0.0288,1.0636
16.6699,-0.2016,1.4806,-0.0977,-0.2286,0.2486,-0.0579,-0.0215,-1.2621,1.5683,-0.1337,-0.1734,0.2190,-0.1306,-0.0310,1.0641
16.6702,-0.2021,1.4787,-0.0977,-0.2286,0.2486,-0.0579,-0.0215,-1.2630,1.5663,-0.1328,-0.1755,0.2201,-0.1319,-0.0312,1.0646
16.6902,-0.2026,1.4766,-0.0954,-0.2295,0.2485,-0.0580,-0.0210,-1.2640,1.5641,-0.1321,-0.1776,0.2214,-0.1332,-0.0313,1.0649
16.6905,-0.2031,1.4746,-0.0954,-0.2295,0.2485,-0.0580,-0.0210,-1.2648,1.5622,-0.1321,-0.1776,0.2214,-0.1343,-0.0313,1.0653
16.7103,-0.2037,1.4725,-0.0933,-0.2307,0.2489,-0.0582,-0.0214,-1.2657,1.5600,-0.1303,-0.1820,0.2238,-0.1354,-0.0311,1.0657
16.7107,-0.2041,1.4705,-0.0921,-0.2309,0.2485,-0.0581,-0.0227,-1.2665,1.5581,-0.1289,-0.1840,0.2246,-0.1362,-0.0317,1.0659
16.7304,-0.2045,1.4686,-0.0910,-0.2312,0.2484,-0.0581,-0.0225,-1.2672,1.5561,-0.1277,-0.1856,0.2252,-0.1367,-0.0315,1.0663
16.7306,-0.2050,1.4665,-0.0910,-0.2312,0.2484,-0.0581,-0.0225,-1.2681,1.5539,-0.1277,-0.1856,0.2252,-0.1373,-0.0315,1.0667
16.7400,-0.2054,1.4645,-0.0892,-0.2327,0.2492,-0.0581,-0.0198,-1.2690,1.5518,-0.1261,-0.1903,0.2283,-0.1378,-0.0316,1.0672
16.7405,-0.2058,1.4623,-0.0880,-0.2332,0.2492,-0.0581,-0.0176,-1.2699,1.5496,-0.1261,-0.1903,0.2283,-0.1382,-0.0316,1.0677
16.7603,-0.2063,1.4604,-0.0867,-0.2337,0.2493,-0.0575,-0.0166,-1.2708,1.5473,-0.1238,-0.1943,0.2303,-0.1384,-0.0300,1.0681
16.7606,-0.2068,1.4581,-0.0867,-0.2337,0.2493,-0.0561,-0.0166,-1.2717,1.5450,-0.1238,-0.1943,0.2303,-0.1386,-0.0300,1.0685
16.7704,-0.2072,1.4560,-0.0848,-0.2348,0.2496,-0.0552,-0.0120,-1.2724,1.5428,-0.1219,-0.1989,0.2333,-0.1387,-0.0286,1.0688
16.7799,-0.2075,1.4542,-0.0840,-0.2356,0.2501,-0.0548,-0.0094,-1.2731,1.5408,-0.1208,-0.2008,0.2343,-0.1390,-0.0280,1.0691
16.7803,-0.2079,1.4521,-0.0840,-0.2356,0.2501,-0.0540,-0.0094,-1.2739,1.5384,-0.1208,-0.2008,0.2343,-0.1392,-0.0280,1.0695
16.8002,-0.2084,1.4498,-0.0818,-0.2362,0.2500,-0.0533,-0.0088,-1.2749,1.5358,-0.1188,-0.2049,0.2369,-0.1395,-0.0269,1.0700
16.8006,-0.2087,1.4480,-0.0807,-0.2369,0.2503,-0.0525,-0.0096,-1.2756,1.5336,-0.1181,-0.2075,0.2388,-0.1396,-0.0267,1.0703
16.8198,-0.2091,1.4459,-0.0798,-0.2370,0.2501,-0.0517,-0.0088,-1.2763,1.5313,-0.1175,-0.2095,0.2402,-0.1397,-0.0257,1.0706
16.8201,-0.2095,1.4437,-0.0798,-0.2370,0.2501,-0.0510,-0.0088,-1.2771,1.5286,-0.1165,-0.2118,0.2418,-0.1397,-0.0235,1.0709
16.8302,-0.2099,1.4418,-0.0780,-0.2380,0.2504,-0.0503,-0.0047,-1.2777,1.5265,-0.1159,-0.2149,0.2441,-0.1397,-0.0209,1.0712
16.8306,-0.2103,1.4396,-0.0769,-0.2381,0.2502,-0.0497,-0.0030,-1.2784,1.5239,-0.1159,-0.2149,0.2441,-0.1398,-0.0209,1.0714
16.8498,-0.2107,1.4376,-0.0759,-0.2387,0.2505,-0.0493,-0.0010,-1.2790,1.5216,-0.1140,-0.2191,0.2470,-0.1397,-0.0172,1.0717
16.8601,-0.2111,1.4354,-0.0748,-0.2389,0.2504,-0.0488,0.0001,-1.2798,1.5191,-0.1130,-0.2212,0.2484,-0.1398,-0.0163,1.0720
16.8606,-0.2114,1.4335,-0.0737,-0.2392,0.2503,-0.0482,0.0017,-1.2803,1.5169,-0.1119,-0.2233,0.2498,-0.1397,-0.0167,1.0722
16.8703,-0.2117,1.4313,-0.0727,-0.2395,0.2503,-0.0476,0.0031,-1.2810,1.5144,-0.1109,-0.2251,0.2510,-0.1397,-0.0166,1.0725
16.8707,-0.2119,1.4293,-0.0727,-0.2395,0.2503,-0.0469,0.0031,-1.2816,1.5120,-0.1103,-0.2275,0.2528,-0.1396,-0.0162,1.0728
16.8902,-0.2122,1.4271,-0.0705,-0.2405,0.2506,-0.0463,0.0041,-1.2822,1.5094,-0.1095,-0.2296,0.2544,-0.1391,-0.0161,1.0732
16.8907,-0.2125,1.4249,-0.0691,-0.2406,0.2504,-0.0457,0.0048,-1.2829,1.5070,-0.1085,-0.2315,0.2557,-0.1385,-0.0148,1.0735
16.9102,-0.2128,1.4227,-0.0681,-0.2415,0.2509,-0.0449,0.0055,-1.2836,1.5043,-0.1081,-0.2338,0.2576,-0.1378,-0.0132,1.0739
16.9106,-0.2132,1.4206,-0.0670,-0.2422,0.2513,-0.0440,0.0056,-1.2842,1.5019,-0.1081,-0.2338,0.2576,-0.1374,-0.0132,1.0742
16.9203,-0.2135,1.4185,-0.0658,-0.2425,0.2513,-0.0430,0.0059,-1.2848,1.4993,-0.1067,-0.2384,0.2612,-0.1371,-0.0082,1.0744
16.9304,-0.2139,1.4160,-0.0649,-0.2431,0.2516,-0.0421,0.0064,-1.2855,1.4964,-0.1059,-0.2405,0.2628,-0.1358,-0.0057,1.0746
16.9309,-0.2142,1.4141,-0.0649,-0.2431,0.2516,-0.0415,0.0064,-1.2860,1.4941,-0.1059,-0.2405,0.2628,-0.1352,-0.0057,1.0748
16.9503,-0.2145,1.4120,-0.0632,-0.2443,0.2524,-0.0406,0.0089,-1.2865,1.4914,-0.1040,-0.2450,0.2662,-0.1338,-0.0004,1.0749
16.9508,-0.2148,1.4098,-0.0632,-0.2443,0.2524,-0.0402,0.0089,-1.2870,1.4888,-0.1040,-0.2450,0.2662,-0.1327,-0.0004,1.0750
16.9598,-0.2152,1.4074,-0.0613,-0.2450,0.2526,-0.0397,0.0132,-1.2875,1.4859,-0.1015,-0.2493,0.2692,-0.1316,0.0020,1.0752
16.9601,-0.2155,1.4052,-0.0613,-0.2450,0.2526,-0.0394,0.0132,-1.2880,1.4833,-0.1015,-0.2493,0.2692,-0.1309,0.0020,1.0752
16.9803,-0.2159,1.4030,-0.0596,-0.2465,0.2536,-0.0387,0.0192,-1.2884,1.4805,-0.0994,-0.2542,0.2730,-0.1300,0.0019,1.0753
16.9809,-0.2162,1.4009,-0.0596,-0.2465,0.2536,-0.0380,0.0192,-1.2888,1.4779,-0.0983,-0.2568,0.2750,-0.1295,0.0023,1.0753
17.0003,-0.2165,1.3988,-0.0578,-0.2470,0.2537,-0.0376,0.0197,-1.2891,1.4753,-0.0971,-0.2586,0.2763,-0.1291,0.0025,1.0753
17.0008,-0.2169,1.3964,-0.0578,-0.2470,0.2537,-0.0369,0.0197,-1.2896,1.4723,-0.0971,-0.2586,0.2763,-0.1288,0.0025,1.0754
17.0099,-0.2172,1.3944,-0.0562,-0.2474,0.2537,-0.0363,0.0199,-1.2901,1.4697,-0.0951,-0.2631,0.2798,-0.1286,0.0019,1.0756
17.0199,-0.2175,1.3920,-0.0556,-0.2478,0.2539,-0.0357,0.0192,-1.2907,1.4668,-0.0942,-0.2655,0.2817,-0.1281,0.0023,1.0758
17.0202,-0.2177,1.3900,-0.0556,-0.2478,0.2539,-0.0353,0.0192,-1.2911,1.4642,-0.0942,-0.2655,0.2817,-0.1275,0.0023,1.0760
17.0401,-0.2180,1.3875,-0.0539,-0.2485,0.2543,-0.0348,0.0199,-1.2916,1.4611,-0.0921,-0.2699,0.2852,-0.1267,0.0030,1.0761
17.0404,-0.2182,1.3852,-0.0529,-0.2493,0.2549,-0.0346,0.0221,-1.2920,1.4583,-0.0911,-0.2727,0.2875,-0.1259,0.0063,1.0763
17.0599,-0.2183,1.3836,-0.0522,-0.2507,0.2560,-0.0344,0.0225,-1.2921,1.4561,-0.0903,-0.2756,0.2900,-0.1254,0.0107,1.0763
17.0601,-0.2185,1.3811,-0.0522,-0.2507,0.2560,-0.0340,0.0225,-1.2925,1.4529,-0.0903,-0.2756,0.2900,-0.1246,0.0107,1.0764
17.0699,-0.2186,1.3789,-0.0495,-0.2504,0.2552,-0.0335,0.0240,-1.2928,1.4501,-0.0867,-0.2791,0.2922,-0.1239,0.0193,1.0765
17.0702,-0.2188,1.3766,-0.0485,-0.2509,0.2555,-0.0330,0.0242,-1.2932,1.4472,-0.0867,-0.2791,0.2922,-0.1230,0.0193,1.0767
17.0902,-0.2189,1.3745,-0.0475,-0.2514,0.2559,-0.0326,0.0240,-1.2935,1.4447,-0.0838,-0.2835,0.2957,-0.1227,0.0180,1.0769
17.0905,-0.2191,1.3720,-0.0475,-0.2514,0.2559,-0.0322,0.0240,-1.2940,1.4417,-0.0825,-0.2852,0.2969,-0.1221,0.0159,1.0772
17.0999,-0.2192,1.3700,-0.0456,-0.2525,0.2566,-0.0318,0.0245,-1.2943,1.4390,-0.0812,-0.2875,0.2987,-0.1219,0.0099,1.0773
17.1003,-0.2193,1.3675,-0.0456,-0.2525,0.2566,-0.0315,0.0245,-1.2947,1.4359,-0.0812,-0.2875,0.2987,-0.1215,0.0099,1.0776
17.1200,-0.2194,1.3655,-0.0436,-0.2539,0.2576,-0.0312,0.0251,-1.2950,1.4333,-0.0789,-0.2918,0.3023,-0.1213,0.0077,1.0777
17.1300,-0.2198,1.3609,-0.0425,-0.2540,0.2575,-0.0306,0.0259,-1.2955,1.4300,-0.0777,-0.2934,0.3036,-0.1207,0.0083,1.0780
17.1302,-0.2198,1.3609,-0.0425,-0.2540,0.2575,-0.0306,0.0259,-1.2959,1.4272,-0.0767,-0.2961,0.3058,-0.1202,0.0081,1.0782
17.1499,-0.2199,1.3586,-0.0405,-0.2551,0.2583,-0.0305,0.0320,-1.2964,1.4242,-0.0754,-0.2978,0.3072,-0.1196,0.0093,1.0785
17.1502,-0.2200,1.3563,-0.0405,-0.2551,0.2583,-0.0303,0.0320,-1.2968,1.4211,-0.0743,-0.2999,0.3089,-0.1187,0.0117,1.0788
17.1602,-0.2201,1.3523,-0.0387,-0.2563,0.2592,-0.0300,0.0338,-1.2971,1.4183,-0.0732,-0.3022,0.3110,-0.1180,0.0127,1.0790
17.1604,-0.2201,1.3523,-0.0387,-0.2563,0.2592,-0.0300,0.0338,-1.2974,1.4154,-0.0721,-0.3041,0.3126,-0.1175,0.0141,1.0791
17.1801,-0.2202,1.3499,-0.0370,-0.2567,0.2593,-0.0299,0.0331,-1.2976,1.4125,-0.0706,-0.3057,0.3137,-0.1172,0.0147,1.0792
17.1805,-0.2204,1.3475,-0.0370,-0.2567,0.2593,-0.0297,0.0331,-1.2979,1.4093,-0.0691,-0.3077,0.3154,-0.1169,0.0152,1.0793
17.2002,-0.2205,1.3455,-0.0354,-0.2581,0.2605,-0.0295,0.0322,-1.2981,1.4066,-0.0678,-0.3097,0.3171,-0.1167,0.0143,1.0794
17.2005,-0.2206,1.3432,-0.0354,-0.2581,0.2605,-0.0289,0.0322,-1.2984,1.4037,-0.0665,-0.3112,0.3182,-0.1168,0.0139,1.0795
17.2103,-0.2207,1.3411,-0.0339,-0.2585,0.2607,-0.0283,0.0310,-1.2987,1.4008,-0.0654,-0.3126,0.3194,-0.1165,0.0134,1.0797
17.2106,-0.2208,1.3390,-0.0339,-0.2585,0.2607,-0.0280,0.0310,-1.2990,1.3979,-0.0654,-0.3126,0.3194,-0.1162,0.0134,1.0798
17.2300,-0.2208,1.3366,-0.0324,-0.2592,0.2612,-0.0277,0.0267,-1.2994,1.3947,-0.0635,-0.3162,0.3226,-0.1157,0.0100,1.0801
17.2305,-0.2209,1.3346,-0.0324,-0.2592,0.2612,-0.0273,0.0267,-1.2997,1.3918,-0.0635,-0.3162,0.3226,-0.1149,0.0100,1.0803
17.2502,-0.2210,1.3323,-0.0310,-0.2598,0.2616,-0.0269,0.0201,-1.3000,1.3887,-0.0613,-0.3199,0.3257,-0.1142,0.0104,1.0805
17.2505,-0.2211,1.3300,-0.0310,-0.2598,0.2616,-0.0266,0.0201,-1.3002,1.3857,-0.0601,-0.3218,0.3273,-0.1126,0.0108,1.0806
17.2601,-0.2212,1.3279,-0.0297,-0.2607,0.2623,-0.0263,0.0204,-1.3004,1.3828,-0.0588,-0.3232,0.3285,-0.1116,0.0111,1.0805
17.2605,-0.2214,1.3256,-0.0289,-0.2605,0.2621,-0.0261,0.0198,-1.3005,1.3799,-0.0573,-0.3243,0.3293,-0.1104,0.0114,1.0805
17.2801,-0.2216,1.3231,-0.0283,-0.2609,0.2625,-0.0257,0.0227,-1.3006,1.3768,-0.0561,-0.3258,0.3306,-0.1086,0.0113,1.0804
17.2806,-0.2217,1.3211,-0.0283,-0.2609,0.2625,-0.0256,0.0227,-1.3007,1.3741,-0.0550,-0.3282,0.3327,-0.1078,0.0094,1.0803
17.3001,-0.2218,1.3187,-0.0275,-0.2620,0.2634,-0.0255,0.0266,-1.3009,1.3709,-0.0536,-0.3286,0.3330,-0.1066,0.0088,1.0804
17.3004,-0.2218,1.3166,-0.0275,-0.2620,0.2634,-0.0254,0.0266,-1.3011,1.3679,-0.0519,-0.3297,0.3338,-0.1054,0.0081,1.0804
17.3103,-0.2219,1.3144,-0.0262,-0.2628,0.2641,-0.0253,0.0276,-1.3012,1.3650,-0.0508,-0.3314,0.3353,-0.1042,0.0080,1.0805
17.3105,-0.2219,1.3122,-0.0256,-0.2630,0.2643,-0.0251,0.0268,-1.3014,1.3619,-0.0508,-0.3314,0.3353,-0.1024,0.0080,1.0806
17.3301,-0.2220,1.3100,-0.0248,-0.2631,0.2643,-0.0249,0.0252,-1.3015,1.3590,-0.0485,-0.3335,0.3370,-0.1005,0.0061,1.0806
17.3305,-0.2221,1.3077,-0.0248,-0.2631,0.2643,-0.0247,0.0252,-1.3015,1.3559,-0.0485,-0.3335,0.3370,-0.0987,0.0061,1.0806
17.3501,-0.2221,1.3055,-0.0235,-0.2638,0.2648,-0.0246,0.0226,-1.3016,1.3530,-0.0462,-0.3361,0.3393,-0.0974,0.0062,1.0806
17.3505,-0.2222,1.3033,-0.0235,-0.2638,0.2648,-0.0244,0.0226,-1.3017,1.3501,-0.0462,-0.3361,0.3393,-0.0963,0.0062,1.0806
17.3600,-0.2222,1.3013,-0.0222,-0.2643,0.2652,-0.0242,0.0211,-1.3018,1.3474,-0.0440,-0.3380,0.3408,-0.0953,0.0053,1.0806
17.3603,-0.2223,1.2988,-0.0222,-0.2643,0.2652,-0.0241,0.0211,-1.3020,1.3441,-0.0440,-0.3380,0.3408,-0.0935,0.0053,1.0806
17.3802,-0.2223,1.2968,-0.0212,-0.2650,0.2658,-0.0240,0.0206,-1.3021,1.3414,-0.0420,-0.3405,0.3430,-0.0925,0.0051,1.0807
17.3806,-0.2223,1.2946,-0.0212,-0.2650,0.2658,-0.0239,0.0206,-1.3022,1.3385,-0.0420,-0.3405,0.3430,-0.0911,0.0051,1.0807
17.3899,-0.2224,1.2926,-0.0202,-0.2649,0.2656,-0.0238,0.0179,-1.3023,1.3357,-0.0399,-0.3418,0.3441,-0.0893,0.0047,1.0808
17.3904,-0.2224,1.2901,-0.0202,-0.2649,0.2656,-0.0238,0.0179,-1.3023,1.3328,-0.0388,-0.3425,0.3447,-0.0880,0.0035,1.0808
17.4106,-0.2224,1.2879,-0.0191,-0.2651,0.2658,-0.0237,0.0166,-1.3024,1.3299,-0.0375,-0.3430,0.3450,-0.0861,0.0003,1.0808
17.4109,-0.2225,1.2857,-0.0186,-0.2654,0.2660,-0.0235,0.0172,-1.3024,1.3273,-0.0363,-0.3439,0.3458,-0.0844,-0.0040,1.0807
17.4302,-0.2226,1.2833,-0.0180,-0.2656,0.2662,-0.0232,0.0197,-1.3025,1.3244,-0.0352,-0.3441,0.3459,-0.0823,-0.0075,1.0807
17.4308,-0.2227,1.2811,-0.0180,-0.2656,0.2662,-0.0226,0.0197,-1.3025,1.3216,-0.0338,-0.3442,0.3458,-0.0807,-0.0133,1.0806
17.4399,-0.2227,1.2788,-0.0169,-0.2659,0.2665,-0.0222,0.0258,-1.3026,1.3186,-0.0329,-0.3449,0.3465,-0.0791,-0.0152,1.0806
17.4402,-0.2228,1.2768,-0.0169,-0.2659,0.2665,-0.0217,0.0258,-1.3027,1.3159,-0.0321,-0.3457,0.3472,-0.0777,-0.0164,1.0806
17.4599,-0.2228,1.2747,-0.0159,-0.2660,0.2664,-0.0208,0.0281,-1.3028,1.3129,-0.0315,-0.3459,0.3474,-0.0761,-0.0159,1.0806
17.4602,-0.2229,1.2728,-0.0159,-0.2660,0.2664,-0.0203,0.0281,-1.3029,1.3101,-0.0306,-0.3460,0.3473,-0.0744,-0.0132,1.0806
17.4801,-0.2229,1.2708,-0.0147,-0.2648,0.2652,-0.0198,0.0270,-1.3028,1.3075,-0.0298,-0.3463,0.3476,-0.0728,-0.0089,1.0805
17.4804,-0.2230,1.2687,-0.0147,-0.2648,0.2652,-0.0192,0.0270,-1.3028,1.3047,-0.0289,-0.3460,0.3473,-0.0708,-0.0080,1.0804
17.4902,-0.2230,1.2667,-0.0135,-0.2644,0.2647,-0.0189,0.0254,-1.3028,1.3021,-0.0281,-0.3464,0.3475,-0.0690,-0.0091,1.0804
17.4905,-0.2230,1.2643,-0.0129,-0.2643,0.2646,-0.0184,0.0243,-1.3027,1.2991,-0.0273,-0.3463,0.3474,-0.0672,-0.0096,1.0803
17.5102,-0.2230,1.2622,-0.0122,-0.2642,0.2645,-0.0178,0.0227,-1.3027,1.2966,-0.0262,-0.3464,0.3474,-0.0659,-0.0140,1.0802
17.5109,-0.2230,1.2600,-0.0122,-0.2642,0.2645,-0.0172,0.0227,-1.3026,1.2938,-0.0252,-0.3462,0.3471,-0.0648,-0.0171,1.0801
17.5200,-0.2231,1.2579,-0.0111,-0.2639,0.2641,-0.0170,0.0215,-1.3026,1.2911,-0.0239,-0.3460,0.3468,-0.0638,-0.0188,1.0800
17.5204,-0.2231,1.2556,-0.0111,-0.2639,0.2641,-0.0166,0.0215,-1.3025,1.2883,-0.0239,-0.3460,0.3468,-0.0624,-0.0188,1.0799
17.5402,-0.2231,1.2536,-0.0102,-0.2637,0.2639,-0.0161,0.0188,-1.3024,1.2855,-0.0218,-0.3457,0.3464,-0.0610,-0.0213,1.0798
17.5404,-0.2231,1.2514,-0.0099,-0.2634,0.2635,-0.0157,0.0187,-1.3023,1.2829,-0.0209,-0.3454,0.3461,-0.0598,-0.0249,1.0796
17.5601,-0.2231,1.2494,-0.0097,-0.2644,0.2646,-0.0155,0.0192,-1.3022,1.2804,-0.0203,-0.3464,0.3470,-0.0586,-0.0254,1.0795
17.5604,-0.2231,1.2473,-0.0097,-0.2644,0.2646,-0.0154,0.0192,-1.3020,1.2777,-0.0194,-0.3452,0.3457,-0.0576,-0.0249,1.0793
17.5800,-0.2231,1.2452,-0.0090,-0.2631,0.2633,-0.0152,0.0198,-1.3018,1.2752,-0.0184,-0.3448,0.3453,-0.0564,-0.0235,1.0791
17.5803,-0.2231,1.2429,-0.0090,-0.2631,0.2633,-0.0150,0.0198,-1.3016,1.2724,-0.0184,-0.3448,0.3453,-0.0549,-0.0235,1.0788
17.5901,-0.2231,1.2409,-0.0084,-0.2632,0.2633,-0.0150,0.0213,-1.3013,1.2698,-0.0161,-0.3445,0.3449,-0.0534,-0.0218,1.0786
17.5904,-0.2231,1.2390,-0.0084,-0.2632,0.2633,-0.0151,0.0213,-1.3011,1.2674,-0.0146,-0.3437,0.3440,-0.0528,-0.0160,1.0784
17.6099,-0.2231,1.2365,-0.0078,-0.2620,0.2622,-0.0152,0.0210,-1.3008,1.2645,-0.0136,-0.3432,0.3435,-0.0519,-0.0178,1.0781
17.6102,-0.2231,1.2347,-0.0076,-0.2620,0.2621,-0.0152,0.0207,-1.3007,1.2620,-0.0136,-0.3432,0.3435,-0.0515,-0.0178,1.0779
17.6305,-0.2231,1.2327,-0.0073,-0.2615,0.2616,-0.0153,0.0200,-1.3006,1.2594,-0.0113,-0.3425,0.3427,-0.0514,-0.0185,1.0778
17.6308,-0.2231,1.2305,-0.0073,-0.2615,0.2616,-0.0155,0.0200,-1.3005,1.2568,-0.0113,-0.3425,0.3427,-0.0515,-0.0185,1.0777
17.6402,-0.2231,1.2284,-0.0067,-0.2607,0.2608,-0.0158,0.0143,-1.3005,1.2540,-0.0091,-0.3408,0.3409,-0.0514,-0.0193,1.0777
17.6405,-0.2231,1.2262,-0.0067,-0.2607,0.2608,-0.0163,0.0143,-1.3004,1.2513,-0.0082,-0.3403,0.3404,-0.0510,-0.0189,1.0776
17.6601,-0.2231,1.2241,-0.0062,-0.2603,0.2603,-0.0168,0.0158,-1.3003,1.2488,-0.0073,-0.3395,0.3396,-0.0508,-0.0156,1.0775
17.6604,-0.2231,1.2221,-0.0061,-0.2603,0.2604,-0.0175,0.0175,-1.3002,1.2462,-0.0065,-0.3390,0.3391,-0.0505,-0.0158,1.0773
17.6699,-0.2231,1.2202,-0.0059,-0.2604,0.2604,-0.0179,0.0183,-1.3000,1.2439,-0.0056,-0.3385,0.3386,-0.0504,-0.0151,1.0772
17.6704,-0.2230,1.2180,-0.0059,-0.2604,0.2604,-0.0183,0.0183,-1.2997,1.2411,-0.0048,-0.3372,0.3372,-0.0503,-0.0156,1.0769
17.6901,-0.2230,1.2161,-0.0053,-0.2591,0.2592,-0.0185,0.0185,-1.2994,1.2386,-0.0036,-0.3363,0.3363,-0.0500,-0.0145,1.0767
17.6904,-0.2228,1.2138,-0.0053,-0.2591,0.2592,-0.0187,0.0185,-1.2991,1.2360,-0.0026,-0.3359,0.3359,-0.0499,-0.0143,1.0765
17.7101,-0.2226,1.2118,-0.0044,-0.2588,0.2588,-0.0188,0.0188,-1.2987,1.2336,-0.0013,-0.3353,0.3353,-0.0494,-0.0140,1.0763
17.7104,-0.2224,1.2099,-0.0039,-0.2585,0.2586,-0.0190,0.0195,-1.2984,1.2313,-0.0001,-0.3343,0.3343,-0.0489,-0.0118,1.0761
17.7203,-0.2222,1.2076,-0.0033,-0.2582,0.2582,-0.0193,0.0212,-1.2979,1.2286,0.0012,-0.3332,0.3332,-0.0485,-0.0111,1.0759
17.7206,-0.2220,1.2057,-0.0027,-0.2580,0.2580,-0.0197,0.0252,-1.2975,1.2263,0.0029,-0.3322,0.3322,-0.0481,-0.0117,1.0757
17.7401,-0.2218,1.2035,-0.0022,-0.2579,0.2579,-0.0204,0.0266,-1.2970,1.2238,0.0044,-0.3311,0.3311,-0.0479,-0.0131,1.0754
17.7405,-0.2216,1.2015,-0.0022,-0.2579,0.2579,-0.0207,0.0266,-1.2966,1.2214,0.0044,-0.3311,0.3311,-0.0478,-0.0131,1.0751
17.7602,-0.2214,1.1993,-0.0010,-0.2571,0.2571,-0.0212,0.0272,-1.2961,1.2189,0.0073,-0.3286,0.3287,-0.0475,-0.0143,1.0749
17.7606,-0.2213,1.1974,-0.0010,-0.2571,0.2571,-0.0218,0.0272,-1.2958,1.2166,0.0073,-0.3286,0.3287,-0.0475,-0.0143,1.0747
17.7799,-0.2211,1.1954,0.0001,-0.2563,0.2563,-0.0226,0.0258,-1.2954,1.2142,0.0094,-0.3266,0.3268,-0.0474,-0.0132,1.0744
17.7803,-0.2210,1.1934,0.0001,-0.2563,0.2563,-0.0233,0.0258,-1.2949,1.2118,0.0104,-0.3252,0.3253,-0.0474,-0.0111,1.0741
17.7899,-0.2207,1.1911,0.0014,-0.2555,0.2556,-0.0242,0.0244,-1.2942,1.2092,0.0116,-0.3245,0.3247,-0.0473,-0.0104,1.0737
17.7901,-0.2204,1.1894,0.0014,-0.2555,0.2556,-0.0245,0.0244,-1.2936,1.2072,0.0116,-0.3245,0.3247,-0.0472,-0.0104,1.0733
17.8101,-0.2201,1.1874,0.0028,-0.2544,0.2544,-0.0250,0.0243,-1.2929,1.2047,0.0149,-0.3215,0.3219,-0.0470,-0.0110,1.0729
17.8106,-0.2198,1.1853,0.0028,-0.2544,0.2544,-0.0254,0.0243,-1.2920,1.2023,0.0167,-0.3205,0.3209,-0.0468,-0.0129,1.0724
17.8201,-0.2195,1.1835,0.0043,-0.2537,0.2538,-0.0257,0.0233,-1.2913,1.2002,0.0186,-0.3192,0.3197,-0.0467,-0.0147,1.0719
17.8302,-0.2192,1.1814,0.0049,-0.2532,0.2532,-0.0264,0.0212,-1.2905,1.1978,0.0203,-0.3175,0.3182,-0.0464,-0.0162,1.0713
17.8306,-0.2190,1.1796,0.0057,-0.2525,0.2525,-0.0269,0.0175,-1.2898,1.1957,0.0222,-0.3162,0.3170,-0.0464,-0.0185,1.0709
17.8500,-0.2187,1.1773,0.0063,-0.2518,0.2519,-0.0275,0.0161,-1.2890,1.1931,0.0237,-0.3146,0.3154,-0.0464,-0.0193,1.0704
17.8505,-0.2185,1.1755,0.0070,-0.2520,0.2521,-0.0281,0.0153,-1.2886,1.1911,0.0255,-0.3140,0.3151,-0.0465,-0.0212,1.0702
17.8702,-0.2183,1.1735,0.0075,-0.2515,0.2516,-0.0287,0.0159,-1.2882,1.1888,0.0266,-0.3126,0.3137,-0.0465,-0.0214,1.0700
17.8704,-0.2181,1.1714,0.0075,-0.2515,0.2516,-0.0289,0.0159,-1.2881,1.1865,0.0266,-0.3126,0.3137,-0.0473,-0.0214,1.0701
17.8800,-0.2179,1.1692,0.0084,-0.2509,0.2510,-0.0292,0.0178,-1.2880,1.1843,0.0280,-0.3098,0.3111,-0.0486,-0.0198,1.0702
17.8803,-0.2177,1.1672,0.0084,-0.2509,0.2510,-0.0295,0.0178,-1.2879,1.1822,0.0280,-0.3098,0.3111,-0.0494,-0.0198,1.0703
17.8999,-0.2175,1.1652,0.0094,-0.2508,0.2509,-0.0297,0.0193,-1.2878,1.1801,0.0288,-0.3071,0.3084,-0.0494,-0.0194,1.0704
17.9004,-0.2172,1.1630,0.0094,-0.2508,0.2509,-0.0296,0.0193,-1.2875,1.1778,0.0291,-0.3053,0.3067,-0.0490,-0.0175,1.0704
17.9100,-0.2170,1.1611,0.0104,-0.2497,0.2499,-0.0296,0.0200,-1.2871,1.1759,0.0297,-0.3042,0.3057,-0.0488,-0.0144,1.0702
17.9105,-0.2167,1.1588,0.0104,-0.2497,0.2499,-0.0298,0.0200,-1.2862,1.1736,0.0306,-0.3028,0.3043,-0.0465,-0.0112,1.0695
17.9300,-0.2165,1.1570,0.0117,-0.2489,0.2492,-0.0300,0.0151,-1.2853,1.1719,0.0326,-0.3014,0.3032,-0.0454,-0.0022,1.0689
17.9303,-0.2161,1.1548,0.0124,-0.2484,0.2487,-0.0303,0.0139,-1.2843,1.1699,0.0344,-0.2995,0.3015,-0.0447,-0.0020,1.0683
17.9504,-0.2158,1.1529,0.0132,-0.2480,0.2483,-0.0306,0.0131,-1.2835,1.1679,0.0366,-0.2974,0.2996,-0.0444,-0.0079,1.0678
17.9508,-0.2155,1.1510,0.0139,-0.2479,0.2483,-0.0311,0.0127,-1.2829,1.1660,0.0384,-0.2959,0.2984,-0.0447,-0.0152,1.0674
17.9598,-0.2152,1.1491,0.0146,-0.2474,0.2478,-0.0316,0.0132,-1.2823,1.1639,0.0399,-0.2938,0.2965,-0.0447,-0.0207,1.0672
17.9601,-0.2149,1.1473,0.0146,-0.2474,0.2478,-0.0319,0.0132,-1.2818,1.1620,0.0399,-0.2938,0.2965,-0.0460,-0.0207,1.0670
17.9799,-0.2144,1.1452,0.0161,-0.2471,0.2476,-0.0321,0.0138,-1.2813,1.1596,0.0421,-0.2910,0.2940,-0.0474,-0.0236,1.0669
17.9802,-0.2144,1.1452,0.0161,-0.2471,0.2476,-0.0321,0.0138,-1.2808,1.1576,0.0421,-0.2910,0.2940,-0.0483,-0.0236,1.0664
18.0001,-0.2137,1.1414,0.0178,-0.2466,0.2473,-0.0330,0.0146,-1.2804,1.1556,0.0439,-0.2890,0.2923,-0.0487,-0.0208,1.0668
18.0004,-0.2133,1.1396,0.0178,-0.2466,0.2473,-0.0334,0.0146,-1.2798,1.1535,0.0448,-0.2871,0.2906,-0.0484,-0.0165,1.0666
18.0097,-0.2129,1.1376,0.0195,-0.2453,0.2461,-0.0340,0.0132,-1.2791,1.1514,0.0458,-0.2861,0.2898,-0.0479,-0.0134,1.0663
18.0100,-0.2126,1.1357,0.0195,-0.2453,0.2461,-0.0348,0.0132,-1.2784,1.1494,0.0458,-0.2861,0.2898,-0.0472,-0.0134,1.0659
18.0302,-0.2123,1.1337,0.0209,-0.2445,0.2454,-0.0354,0.0125,-1.2776,1.1473,0.0484,-0.2834,0.2875,-0.0468,-0.0128,1.0653
18.0305,-0.2120,1.1318,0.0215,-0.2438,0.2447,-0.0358,0.0125,-1.2768,1.1453,0.0499,-0.2819,0.2863,-0.0463,-0.0146,1.0649
18.0504,-0.2117,1.1301,0.0222,-0.2435,0.2445,-0.0358,0.0125,-1.2761,1.1434,0.0513,-0.2804,0.2851,-0.0459,-0.0150,1.0645
18.0508,-0.2112,1.1282,0.0222,-0.2435,0.2445,-0.0360,0.0125,-1.2753,1.1413,0.0513,-0.2804,0.2851,-0.0456,-0.0150,1.0642
18.0600,-0.2108,1.1264,0.0238,-0.2424,0.2436,-0.0364,0.0103,-1.2747,1.1394,0.0537,-0.2782,0.2833,-0.0455,-0.0162,1.0640
18.0700,-0.2102,1.1244,0.0246,-0.2418,0.2430,-0.0370,0.0099,-1.2740,1.1371,0.0546,-0.2768,0.2821,-0.0454,-0.0164,1.0639
18.0702,-0.2098,1.1227,0.0246,-0.2418,0.2430,-0.0377,0.0099,-1.2736,1.1353,0.0546,-0.2768,0.2821,-0.0456,-0.0164,1.0639
18.0901,-0.2092,1.1206,0.0267,-0.2405,0.2420,-0.0383,0.0087,-1.2729,1.1330,0.0560,-0.2743,0.2799,-0.0457,-0.0158,1.0637
18.0904,-0.2088,1.1188,0.0267,-0.2405,0.2420,-0.0387,0.0087,-1.2724,1.1311,0.0560,-0.2743,0.2799,-0.0457,-0.0158,1.0636
18.1101,-0.2083,1.1169,0.0286,-0.2403,0.2420,-0.0390,0.0084,-1.2717,1.1291,0.0575,-0.2725,0.2785,-0.0456,-0.0082,1.0634
18.1104,-0.2079,1.1152,0.0296,-0.2392,0.2410,-0.0394,0.0081,-1.2710,1.1274,0.0583,-0.2707,0.2769,-0.0457,-0.0052,1.0631
18.1199,-0.2075,1.1134,0.0304,-0.2390,0.2409,-0.0398,0.0079,-1.2702,1.1255,0.0593,-0.2692,0.2757,-0.0457,-0.0056,1.0628
18.1202,-0.2069,1.1114,0.0304,-0.2390,0.2409,-0.0404,0.0079,-1.2693,1.1234,0.0607,-0.2678,0.2746,-0.0456,-0.0061,1.0624
18.1399,-0.2065,1.1098,0.0324,-0.2382,0.2404,-0.0407,0.0072,-1.2686,1.1217,0.0625,-0.2668,0.2740,-0.0456,-0.0069,1.0621
18.1402,-0.2061,1.1080,0.0324,-0.2382,0.2404,-0.0410,0.0072,-1.2678,1.1197,0.0638,-0.2645,0.2721,-0.0457,-0.0087,1.0618
18.1501,-0.2056,1.1061,0.0341,-0.2365,0.2389,-0.0416,0.0023,-1.2671,1.1178,0.0653,-0.2632,0.2712,-0.0459,-0.0129,1.0615
18.1503,-0.2051,1.1041,0.0341,-0.2365,0.2389,-0.0419,0.0023,-1.2663,1.1158,0.0653,-0.2632,0.2712,-0.0464,-0.0129,1.0612
18.1701,-0.2048,1.1023,0.0359,-0.2359,0.2386,-0.0423,0.0004,-1.2657,1.1140,0.0677,-0.2607,0.2694,-0.0471,-0.0126,1.0610
18.1704,-0.2043,1.1003,0.0366,-0.2358,0.2387,-0.0425,0.0010,-1.2650,1.1119,0.0685,-0.2599,0.2687,-0.0480,-0.0094,1.0608
18.1901,-0.2039,1.0985,0.0375,-0.2354,0.2383,-0.0428,0.0016,-1.2645,1.1100,0.0693,-0.2584,0.2676,-0.0485,-0.0074,1.0607
18.1904,-0.2034,1.0966,0.0375,-0.2354,0.2383,-0.0428,0.0016,-1.2638,1.1079,0.0699,-0.2573,0.2666,-0.0485,-0.0062,1.0605
18.2099,-0.2029,1.0948,0.0389,-0.2344,0.2376,-0.0430,0.0011,-1.2631,1.1059,0.0706,-0.2562,0.2658,-0.0482,-0.0030,1.0602
18.2102,-0.2024,1.0930,0.0389,-0.2344,0.2376,-0.0432,0.0011,-1.2622,1.1039,0.0706,-0.2562,0.2658,-0.0475,-0.0030,1.0599
18.2200,-0.2018,1.0911,0.0401,-0.2339,0.2373,-0.0436,0.0005,-1.2612,1.1018,0.0723,-0.2549,0.2650,-0.0465,0.0136,1.0594
18.2204,-0.2013,1.0892,0.0401,-0.2339,0.2373,-0.0447,0.0005,-1.2601,1.0997,0.0734,-0.2537,0.2641,-0.0454,0.0209,1.0589
18.2402,-0.2008,1.0876,0.0414,-0.2330,0.2367,-0.0452,-0.0017,-1.2593,1.0980,0.0748,-0.2532,0.2640,-0.0453,0.0228,1.0586
18.2405,-0.2001,1.0855,0.0414,-0.2330,0.2367,-0.0456,-0.0017,-1.2584,1.0960,0.0753,-0.2515,0.2625,-0.0451,0.0241,1.0583
18.2499,-0.1994,1.0836,0.0429,-0.2319,0.2358,-0.0459,-0.0021,-1.2576,1.0941,0.0764,-0.2508,0.2621,-0.0448,0.0267,1.0582
18.2503,-0.1987,1.0816,0.0429,-0.2319,0.2358,-0.0462,-0.0021,-1.2569,1.0922,0.0764,-0.2508,0.2621,-0.0446,0.0267,1.0582
18.2701,-0.1978,1.0795,0.0452,-0.2316,0.2359,-0.0465,0.0018,-1.2560,1.0900,0.0778,-0.2488,0.2607,-0.0442,0.0304,1.0583
18.2705,-0.1972,1.0776,0.0452,-0.2316,0.2359,-0.0470,0.0018,-1.2553,1.0881,0.0787,-0.2483,0.2605,-0.0438,0.0307,1.0582
18.2902,-0.1967,1.0759,0.0476,-0.2314,0.2363,-0.0475,0.0064,-1.2547,1.0863,0.0791,-0.2474,0.2598,-0.0434,0.0316,1.0581
18.2905,-0.1967,1.0759,0.0476,-0.2314,0.2363,-0.0475,0.0064,-1.2539,1.0843,0.0791,-0.2474,0.2598,-0.0428,0.0316,1.0572
18.2998,-0.1956,1.0724,0.0487,-0.2306,0.2357,-0.0485,0.0130,-1.2531,1.0825,0.0795,-0.2457,0.2583,-0.0424,0.0381,1.0576
18.3000,-0.1948,1.0703,0.0487,-0.2306,0.2357,-0.0495,0.0130,-1.2519,1.0802,0.0796,-0.2445,0.2571,-0.0415,0.0423,1.0572
18.3204,-0.1942,1.0686,0.0500,-0.2301,0.2354,-0.0497,0.0178,-1.2510,1.0785,0.0803,-0.2442,0.2571,-0.0412,0.0461,1.0569
18.3208,-0.1935,1.0667,0.0507,-0.2297,0.2352,-0.0499,0.0218,-1.2499,1.0764,0.0806,-0.2434,0.2564,-0.0409,0.0491,1.0565
18.3401,-0.1928,1.0649,0.0515,-0.2295,0.2352,-0.0502,0.0262,-1.2488,1.0746,0.0811,-0.2427,0.2559,-0.0407,0.0514,1.0561
18.3405,-0.1920,1.0632,0.0515,-0.2295,0.2352,-0.0503,0.0262,-1.2479,1.0728,0.0819,-0.2422,0.2557,-0.0407,0.0550,1.0559
18.3501,-0.1913,1.0613,0.0533,-0.2283,0.2344,-0.0511,0.0334,-1.2469,1.0709,0.0821,-0.2405,0.2541,-0.0407,0.0570,1.0556
18.3506,-0.1906,1.0596,0.0533,-0.2283,0.2344,-0.0516,0.0334,-1.2459,1.0691,0.0821,-0.2405,0.2541,-0.0408,0.0570,1.0554
18.3700,-0.1897,1.0576,0.0554,-0.2278,0.2344,-0.0523,0.0307,-1.2449,1.0670,0.0846,-0.2395,0.2540,-0.0409,0.0568,1.0552
18.3705,-0.1889,1.0559,0.0554,-0.2278,0.2344,-0.0528,0.0307,-1.2438,1.0649,0.0864,-0.2391,0.2542,-0.0409,0.0575,1.0550
18.3901,-0.1880,1.0542,0.0579,-0.2265,0.2338,-0.0534,0.0277,-1.2428,1.0628,0.0882,-0.2388,0.2546,-0.0409,0.0589,1.0549
18.3906,-0.1872,1.0525,0.0579,-0.2265,0.2338,-0.0545,0.0277,-1.2420,1.0610,0.0882,-0.2388,0.2546,-0.0408,0.0589,1.0549
18.4001,-0.1862,1.0506,0.0606,-0.2255,0.2335,-0.0549,0.0228,-1.2411,1.0588,0.0915,-0.2383,0.2553,-0.0407,0.0645,1.0549
18.4006,-0.1854,1.0488,0.0606,-0.2255,0.2335,-0.0553,0.0228,-1.2403,1.0569,0.0915,-0.2383,0.2553,-0.0405,0.0645,1.0549
18.4201,-0.1845,1.0468,0.0633,-0.2246,0.2333,-0.0558,0.0191,-1.2394,1.0548,0.0937,-0.2380,0.2558,-0.0404,0.0658,1.0550
18.4208,-0.1838,1.0451,0.0633,-0.2246,0.2333,-0.0561,0.0191,-1.2386,1.0529,0.0935,-0.2376,0.2553,-0.0403,0.0636,1.0549
18.4403,-0.1830,1.0431,0.0654,-0.2238,0.2332,-0.0564,0.0177,-1.2376,1.0508,0.0933,-0.2380,0.2556,-0.0403,0.0660,1.0546
18.4408,-0.1824,1.0412,0.0654,-0.2238,0.2332,-0.0565,0.0177,-1.2366,1.0489,0.0935,-0.2382,0.2559,-0.0401,0.0729,1.0543
18.4498,-0.1816,1.0391,0.0669,-0.2234,0.2332,-0.0564,0.0263,-1.2353,1.0467,0.0938,-0.2381,0.2559,-0.0400,0.0804,1.0537
18.4500,-0.1810,1.0373,0.0678,-0.2239,0.2339,-0.0563,0.0309,-1.2343,1.0448,0.0951,-0.2386,0.2568,-0.0399,0.0839,1.0533
18.4702,-0.1801,1.0354,0.0684,-0.2235,0.2338,-0.0561,0.0320,-1.2332,1.0428,0.0960,-0.2382,0.2568,-0.0400,0.0828,1.0531
18.4707,-0.1793,1.0337,0.0684,-0.2235,0.2338,-0.0559,0.0320,-1.2322,1.0410,0.0973,-0.2383,0.2573,-0.0400,0.0819,1.0529
18.4802,-0.1783,1.0318,0.0703,-0.2230,0.2338,-0.0558,0.0341,-1.2310,1.0389,0.0982,-0.2372,0.2567,-0.0404,0.0810,1.0527
18.4808,-0.1771,1.0298,0.0703,-0.2230,0.2338,-0.0557,0.0341,-1.2299,1.0368,0.0997,-0.2375,0.2575,-0.0408,0.0807,1.0527
18.5002,-0.1761,1.0279,0.0731,-0.2233,0.2350,-0.0556,0.0363,-1.2289,1.0347,0.1010,-0.2376,0.2582,-0.0412,0.0820,1.0528
18.5008,-0.1750,1.0261,0.0731,-0.2233,0.2350,-0.0555,0.0363,-1.2279,1.0326,0.1019,-0.2376,0.2586,-0.0417,0.0840,1.0528
18.5202,-0.1740,1.0242,0.0757,-0.2231,0.2356,-0.0555,0.0389,-1.2269,1.0307,0.1026,-0.2376,0.2588,-0.0425,0.0858,1.0529
18.5204,-0.1730,1.0222,0.0757,-0.2231,0.2356,-0.0552,0.0389,-1.2258,1.0285,0.1026,-0.2376,0.2588,-0.0432,0.0858,1.0528
18.5402,-0.1718,1.0201,0.0787,-0.2231,0.2365,-0.0551,0.0420,-1.2246,1.0265,0.1036,-0.2376,0.2592,-0.0442,0.0910,1.0528
18.5405,-0.1706,1.0181,0.0787,-0.2231,0.2365,-0.0550,0.0420,-1.2232,1.0245,0.1036,-0.2376,0.2592,-0.0451,0.0910,1.0526
18.5501,-0.1694,1.0160,0.0821,-0.2239,0.2385,-0.0548,0.0484,-1.2217,1.0224,0.1058,-0.2379,0.2604,-0.0462,0.0943,1.0523
18.5504,-0.1684,1.0142,0.0821,-0.2239,0.2385,-0.0544,0.0484,-1.2205,1.0205,0.1058,-0.2379,0.2604,-0.0472,0.0943,1.0521
18.5700,-0.1673,1.0121,0.0848,-0.2244,0.2399,-0.0535,0.0533,-1.2191,1.0184,0.1085,-0.2377,0.2612,-0.0485,0.0955,1.0519
18.5704,-0.1663,1.0103,0.0848,-0.2244,0.2399,-0.0528,0.0533,-1.2182,1.0165,0.1085,-0.2377,0.2612,-0.0503,0.0955,1.0519
18.5902,-0.1653,1.0084,0.0869,-0.2247,0.2409,-0.0524,0.0556,-1.2175,1.0144,0.1107,-0.2375,0.2621,-0.0535,0.0963,1.0522
18.5905,-0.1646,1.0067,0.0869,-0.2247,0.2409,-0.0525,0.0556,-1.2171,1.0127,0.1107,-0.2375,0.2621,-0.0563,0.0963,1.0526
18.5999,-0.1637,1.0048,0.0885,-0.2243,0.2411,-0.0527,0.0570,-1.2170,1.0109,0.1105,-0.2368,0.2613,-0.0600,0.0935,1.0533
18.6002,-0.1629,1.0030,0.0885,-0.2243,0.2411,-0.0533,0.0570,-1.2170,1.0092,0.1105,-0.2368,0.2613,-0.0645,0.0935,1.0541
18.6201,-0.1620,1.0010,0.0900,-0.2245,0.2418,-0.0537,0.0593,-1.2171,1.0073,0.1081,-0.2365,0.2600,-0.0700,0.0940,1.0551
18.6204,-0.1612,0.9992,0.0909,-0.2249,0.2426,-0.0539,0.0611,-1.2172,1.0058,0.1062,-0.2364,0.2591,-0.0749,0.0947,1.0560
18.6302,-0.1602,0.9974,0.0915,-0.2244,0.2423,-0.0540,0.0611,-1.2172,1.0043,0.1041,-0.2352,0.2572,-0.0785,0.0950,1.0570
18.6401,-0.1590,0.9953,0.0926,-0.2248,0.2431,-0.0541,0.0611,-1.2172,1.0025,0.1027,-0.2348,0.2563,-0.0816,0.0945,1.0583
18.6404,-0.1581,0.9935,0.0926,-0.2248,0.2431,-0.0541,0.0611,-1.2172,1.0011,0.1027,-0.2348,0.2563,-0.0834,0.0945,1.0591
18.6600,-0.1571,0.9913,0.0950,-0.2252,0.2444,-0.0540,0.0658,-1.2165,0.9993,0.0998,-0.2334,0.2538,-0.0850,0.0936,1.0595
18.6603,-0.1564,0.9897,0.0950,-0.2252,0.2444,-0.0539,0.0658,-1.2159,0.9981,0.0998,-0.2334,0.2538,-0.0862,0.0936,1.0595
18.6802,-0.1555,0.9876,0.0967,-0.2252,0.2451,-0.0524,0.0694,-1.2149,0.9965,0.0996,-0.2318,0.2523,-0.0886,0.0939,1.0594
18.6804,-0.1546,0.9857,0.0967,-0.2252,0.2451,-0.0503,0.0694,-1.2139,0.9949,0.1003,-0.2309,0.2518,-0.0918,0.0935,1.0593
18.6901,-0.1538,0.9838,0.0984,-0.2256,0.2461,-0.0485,0.0730,-1.2132,0.9933,0.1011,-0.2303,0.2515,-0.0944,0.0943,1.0595
18.6903,-0.1527,0.9819,0.0984,-0.2256,0.2461,-0.0468,0.0730,-1.2125,0.9915,0.1011,-0.2303,0.2515,-0.0975,0.0943,1.0598
18.7102,-0.1518,0.9802,0.1003,-0.2258,0.2471,-0.0453,0.0741,-1.2119,0.9898,0.1012,-0.2289,0.2502,-0.1005,0.0865,1.0602
18.7105,-0.1507,0.9783,0.1003,-0.2258,0.2471,-0.0440,0.0741,-1.2115,0.9881,0.1006,-0.2281,0.2493,-0.1028,0.0768,1.0608
18.7203,-0.1497,0.9766,0.1023,-0.2256,0.2477,-0.0426,0.0727,-1.2111,0.9864,0.0994,-0.2274,0.2482,-0.1045,0.0711,1.0614
18.7206,-0.1486,0.9746,0.1030,-0.2251,0.2476,-0.0410,0.0723,-1.2106,0.9844,0.0981,-0.2267,0.2470,-0.1070,0.0712,1.0620
18.7403,-0.1476,0.9728,0.1044,-0.2259,0.2489,-0.0398,0.0721,-1.2102,0.9828,0.0975,-0.2272,0.2472,-0.1082,0.0708,1.0626
18.7406,-0.1465,0.9708,0.1050,-0.2254,0.2487,-0.0377,0.0703,-1.2097,0.9809,0.0963,-0.2264,0.2460,-0.1088,0.0693,1.0633
18.7600,-0.1454,0.9690,0.1059,-0.2256,0.2492,-0.0363,0.0674,-1.2093,0.9793,0.0956,-0.2263,0.2457,-0.1092,0.0668,1.0639
18.7603,-0.1443,0.9671,0.1059,-0.2256,0.2492,-0.0343,0.0674,-1.2087,0.9775,0.0956,-0.2263,0.2457,-0.1091,0.0668,1.0644
18.7803,-0.1433,0.9654,0.1070,-0.2247,0.2489,-0.0325,0.0575,-1.2081,0.9759,0.0946,-0.2250,0.2441,-0.1089,0.0655,1.0648
18.7806,-0.1423,0.9637,0.1077,-0.2245,0.2490,-0.0310,0.0560,-1.2074,0.9743,0.0945,-0.2245,0.2436,-0.1088,0.0655,1.0651
18.7901,-0.1410,0.9617,0.1088,-0.2245,0.2495,-0.0295,0.0529,-1.2064,0.9723,0.0946,-0.2242,0.2433,-0.1089,0.0647,1.0654
18.7905,-0.1401,0.9599,0.1088,-0.2245,0.2495,-0.0283,0.0529,-1.2056,0.9706,0.0946,-0.2242,0.2433,-0.1093,0.0647,1.0656
18.8102,-0.1388,0.9578,0.1110,-0.2250,0.2509,-0.0269,0.0463,-1.2047,0.9686,0.0949,-0.2239,0.2432,-0.1095,0.0642,1.0660
18.8106,-0.1380,0.9562,0.1118,-0.2249,0.2511,-0.0262,0.0462,-1.2041,0.9669,0.0943,-0.2232,0.2423,-0.1096,0.0682,1.0662
18.8200,-0.1369,0.9544,0.1124,-0.2248,0.2513,-0.0247,0.0454,-1.2034,0.9651,0.0938,-0.2231,0.2420,-0.1095,0.0688,1.0665
18.8203,-0.1359,0.9527,0.1124,-0.2248,0.2513,-0.0230,0.0454,-1.2027,0.9633,0.0938,-0.2231,0.2420,-0.1094,0.0688,1.0669
18.8401,-0.1348,0.9508,0.1137,-0.2243,0.2515,-0.0213,0.0416,-1.2019,0.9615,0.0922,-0.2226,0.2409,-0.1090,0.0682,1.0672
18.8405,-0.1337,0.9492,0.1137,-0.2243,0.2515,-0.0199,0.0416,-1.2012,0.9597,0.0922,-0.2226,0.2409,-0.1080,0.0682,1.0676
18.8598,-0.1326,0.9475,0.1152,-0.2242,0.2521,-0.0184,0.0393,-1.2004,0.9579,0.0914,-0.2225,0.2405,-0.1069,0.0674,1.0678
18.8600,-0.1315,0.9456,0.1152,-0.2242,0.2521,-0.0162,0.0393,-1.1996,0.9561,0.0914,-0.2225,0.2405,-0.1055,0.0674,1.0682
18.8700,-0.1291,0.9419,0.1165,-0.2240,0.2525,-0.0113,0.0406,-1.1986,0.9542,0.0906,-0.2218,0.2396,-0.1049,0.0654,1.0696
18.8702,-0.1291,0.9419,0.1165,-0.2240,0.2525,-0.0113,0.0406,-1.1977,0.9524,0.0906,-0.2218,0.2396,-0.1042,0.0654,1.0686
18.8903,-0.1279,0.9401,0.1177,-0.2246,0.2536,-0.0088,0.0473,-1.1970,0.9506,0.0902,-0.2209,0.2386,-0.1041,0.0611,1.0691
18.8907,-0.1268,0.9384,0.1177,-0.2246,0.2536,-0.0066,0.0473,-1.1962,0.9487,0.0902,-0.2209,0.2386,-0.1033,0.0611,1.0694
18.9101,-0.1257,0.9369,0.1188,-0.2245,0.2540,-0.0045,0.0533,-1.1955,0.9471,0.0898,-0.2202,0.2378,-0.1028,0.0558,1.0698
18.9104,-0.1244,0.9350,0.1188,-0.2245,0.2540,-0.0018,0.0533,-1.1946,0.9451,0.0895,-0.2194,0.2370,-0.1019,0.0542,1.0702
18.9198,-0.1232,0.9335,0.1202,-0.2237,0.2539,-0.0001,0.0552,-1.1939,0.9434,0.0896,-0.2195,0.2371,-0.1009,0.0497,1.0707
18.9200,-0.1217,0.9316,0.1202,-0.2237,0.2539,0.0019,0.0552,-1.1930,0.9413,0.0896,-0.2195,0.2371,-0.0997,0.0497,1.0713
18.9399,-0.1203,0.9298,0.1226,-0.2230,0.2545,0.0043,0.0502,-1.1920,0.9394,0.0892,-0.2189,0.2364,-0.0984,0.0416,1.0717
18.9402,-0.1190,0.9282,0.1226,-0.2230,0.2545,0.0062,0.0502,-1.1911,0.9375,0.0892,-0.2189,0.2364,-0.0977,0.0368,1.0721
18.9601,-0.1176,0.9264,0.1253,-0.2219,0.2548,0.0086,0.0402,-1.1901,0.9356,0.0884,-0.2183,0.2356,-0.0964,0.0336,1.0725
18.9604,-0.1165,0.9248,0.1267,-0.2219,0.2555,0.0105,0.0388,-1.1891,0.9339,0.0884,-0.2184,0.2356,-0.0953,0.0301,1.0727
18.9699,-0.1151,0.9229,0.1273,-0.2212,0.2552,0.0127,0.0367,-1.1878,0.9319,0.0881,-0.2178,0.2350,-0.0933,0.0271,1.0728
18.9703,-0.1140,0.9213,0.1273,-0.2212,0.2552,0.0142,0.0367,-1.1867,0.9303,0.0887,-0.2182,0.2355,-0.0921,0.0238,1.0728
18.9899,-0.1125,0.9194,0.1286,-0.2210,0.2557,0.0163,0.0352,-1.1853,0.9282,0.0885,-0.2172,0.2345,-0.0907,0.0189,1.0728
18.9901,-0.1115,0.9180,0.1286,-0.2210,0.2557,0.0176,0.0352,-1.1843,0.9268,0.0892,-0.2171,0.2347,-0.0897,0.0095,1.0728
19.0101,-0.1101,0.9163,0.1293,-0.2199,0.2551,0.0194,0.0352,-1.1832,0.9249,0.0892,-0.2158,0.2335,-0.0883,0.0012,1.0732
19.0104,-0.1087,0.9146,0.1299,-0.2195,0.2551,0.0215,0.0353,-1.1822,0.9230,0.0893,-0.2153,0.2330,-0.0874,-0.0060,1.0735
19.0200,-0.1071,0.9130,0.1307,-0.2192,0.2553,0.0237,0.0354,-1.1812,0.9211,0.0894,-0.2154,0.2332,-0.0868,-0.0103,1.0742
19.0203,-0.1054,0.9114,0.1307,-0.2192,0.2553,0.0258,0.0354,-1.1801,0.9192,0.0891,-0.2149,0.2327,-0.0860,-0.0134,1.0747
19.0401,-0.1037,0.9099,0.1328,-0.2176,0.2549,0.0277,0.0321,-1.1788,0.9173,0.0890,-0.2147,0.2324,-0.0849,-0.0124,1.0751
19.0404,-0.1021,0.9084,0.1328,-0.2176,0.2549,0.0297,0.0321,-1.1774,0.9154,0.0890,-0.2147,0.2324,-0.0832,-0.0124,1.0753
19.0601,-0.1008,0.9070,0.1346,-0.2153,0.2539,0.0310,0.0209,-1.1761,0.9139,0.0887,-0.2139,0.2315,-0.0817,-0.0174,1.0754
19.0700,-0.0993,0.9054,0.1352,-0.2144,0.2535,0.0326,0.0145,-1.1744,0.9120,0.0887,-0.2133,0.2310,-0.0804,-0.0195,1.0752
19.0702,-0.0982,0.9042,0.1352,-0.2144,0.2535,0.0338,0.0145,-1.1732,0.9106,0.0894,-0.2129,0.2309,-0.0798,-0.0217,1.0749
19.0800,-0.0969,0.9026,0.1361,-0.2123,0.2522,0.0351,0.0013,-1.1717,0.9087,0.0901,-0.2118,0.2302,-0.0793,-0.0279,1.0747
19.0803,-0.0955,0.9010,0.1361,-0.2123,0.2522,0.0368,0.0013,-1.1703,0.9068,0.0916,-0.2115,0.2305,-0.0790,-0.0339,1.0748
19.1001,-0.0942,0.8996,0.1381,-0.2115,0.2525,0.0376,-0.0058,-1.1693,0.9052,0.0935,-0.2118,0.2316,-0.0787,-0.0376,1.0751
19.1003,-0.0927,0.8980,0.1389,-0.2105,0.2522,0.0383,-0.0047,-1.1682,0.9033,0.0953,-0.2115,0.2320,-0.0784,-0.0395,1.0755
19.1101,-0.0911,0.8964,0.1404,-0.2100,0.2526,0.0397,-0.0048,-1.1670,0.9013,0.0975,-0.2117,0.2331,-0.0780,-0.0410,1.0760
19.1198,-0.0894,0.8946,0.1419,-0.2093,0.2529,0.0407,-0.0048,-1.1657,0.8992,0.1001,-0.2120,0.2344,-0.0770,-0.0421,1.0764
19.1201,-0.0882,0.8933,0.1419,-0.2093,0.2529,0.0414,-0.0048,-1.1647,0.8975,0.1001,-0.2120,0.2344,-0.0755,-0.0421,1.0765
19.1399,-0.0867,0.8917,0.1441,-0.2082,0.2532,0.0427,-0.0025,-1.1632,0.8954,0.1052,-0.2137,0.2382,-0.0739,-0.0396,1.0765
19.1402,-0.0853,0.8903,0.1441,-0.2082,0.2532,0.0441,-0.0025,-1.1616,0.8936,0.1081,-0.2141,0.2398,-0.0723,-0.0384,1.0764
19.1599,-0.0836,0.8887,0.1457,-0.2064,0.2527,0.0451,-0.0030,-1.1598,0.8916,0.1111,-0.2150,0.2420,-0.0707,-0.0381,1.0762
19.1603,-0.0836,0.8887,0.1457,-0.2064,0.2527,0.0451,-0.0030,-1.1585,0.8899,0.1133,-0.2154,0.2434,-0.0689,-0.0403,1.0749
19.1701,-0.0805,0.8860,0.1483,-0.2044,0.2525,0.0469,-0.0058,-1.1568,0.8878,0.1148,-0.2162,0.2448,-0.0679,-0.0417,1.0764
19.1704,-0.0789,0.8846,0.1483,-0.2044,0.2525,0.0473,-0.0058,-1.1554,0.8859,0.1148,-0.2162,0.2448,-0.0673,-0.0417,1.0765
19.1902,-0.0775,0.8833,0.1514,-0.2022,0.2526,0.0477,-0.0110,-1.1541,0.8841,0.1170,-0.2179,0.2473,-0.0668,-0.0457,1.0766
19.1906,-0.0762,0.8819,0.1514,-0.2022,0.2526,0.0480,-0.0110,-1.1528,0.8822,0.1180,-0.2185,0.2484,-0.0660,-0.0451,1.0767
19.2000,-0.0747,0.8805,0.1531,-0.2000,0.2519,0.0485,-0.0133,-1.1513,0.8803,0.1193,-0.2185,0.2489,-0.0647,-0.0412,1.0766
19.2004,-0.0730,0.8789,0.1531,-0.2000,0.2519,0.0500,-0.0133,-1.1494,0.8783,0.1193,-0.2185,0.2489,-0.0620,-0.0412,1.0764
19.2202,-0.0716,0.8777,0.1555,-0.1989,0.2524,0.0507,-0.0080,-1.1479,0.8767,0.1242,-0.2196,0.2523,-0.0603,-0.0421,1.0763
19.2205,-0.0697,0.8762,0.1555,-0.1989,0.2524,0.0514,-0.0080,-1.1458,0.8747,0.1242,-0.2196,0.2523,-0.0578,-0.0421,1.0761
19.2402,-0.0667,0.8738,0.1579,-0.1968,0.2523,0.0521,-0.0061,-1.1441,0.8731,0.1296,-0.2196,0.2550,-0.0570,-0.0428,1.0774
19.2405,-0.0667,0.8738,0.1579,-0.1968,0.2523,0.0521,-0.0061,-1.1424,0.8713,0.1296,-0.2196,0.2550,-0.0562,-0.0428,1.0757
19.2502,-0.0650,0.8723,0.1595,-0.1941,0.2513,0.0524,-0.0076,-1.1408,0.8695,0.1347,-0.2193,0.2574,-0.0548,-0.0466,1.0757
19.2505,-0.0636,0.8710,0.1608,-0.1934,0.2515,0.0530,-0.0087,-1.1392,0.8676,0.1371,-0.2196,0.2589,-0.0535,-0.0485,1.0756
19.2699,-0.0621,0.8695,0.1614,-0.1923,0.2510,0.0537,-0.0086,-1.1376,0.8656,0.1390,-0.2199,0.2601,-0.0526,-0.0490,1.0755
19.2701,-0.0606,0.8683,0.1625,-0.1919,0.2514,0.0546,-0.0088,-1.1363,0.8638,0.1390,-0.2199,0.2601,-0.0520,-0.0490,1.0757
19.2900,-0.0590,0.8669,0.1632,-0.1909,0.2511,0.0558,-0.0070,-1.1349,0.8618,0.1421,-0.2208,0.2626,-0.0509,-0.0488,1.0759
19.2904,-0.0575,0.8658,0.1632,-0.1909,0.2511,0.0569,-0.0070,-1.1337,0.8602,0.1430,-0.2209,0.2632,-0.0498,-0.0487,1.0762
19.3000,-0.0556,0.8646,0.1651,-0.1882,0.2504,0.0579,-0.0063,-1.1321,0.8582,0.1438,-0.2208,0.2635,-0.0478,-0.0472,1.0766
19.3003,-0.0540,0.8635,0.1665,-0.1865,0.2500,0.0587,-0.0078,-1.1306,0.8566,0.1452,-0.2208,0.2643,-0.0457,-0.0500,1.0766
19.3200,-0.0522,0.8623,0.1680,-0.1854,0.2502,0.0594,-0.0128,-1.1287,0.8548,0.1471,-0.2207,0.2652,-0.0424,-0.0518,1.0765
19.3203,-0.0505,0.8612,0.1680,-0.1854,0.2502,0.0595,-0.0128,-1.1268,0.8532,0.1471,-0.2207,0.2652,-0.0404,-0.0518,1.0763
19.3401,-0.0488,0.8599,0.1708,-0.1831,0.2504,0.0597,-0.0172,-1.1247,0.8514,0.1518,-0.2202,0.2675,-0.0390,-0.0524,1.0759
19.3405,-0.0471,0.8586,0.1708,-0.1831,0.2504,0.0601,-0.0172,-1.1229,0.8498,0.1518,-0.2202,0.2675,-0.0375,-0.0524,1.0758
19.3499,-0.0454,0.8575,0.1731,-0.1811,0.2505,0.0601,-0.0185,-1.1210,0.8481,0.1567,-0.2198,0.2699,-0.0365,-0.0613,1.0756
19.3501,-0.0438,0.8563,0.1731,-0.1811,0.2505,0.0603,-0.0185,-1.1195,0.8465,0.1567,-0.2198,0.2699,-0.0352,-0.0613,1.0757
19.3699,-0.0419,0.8552,0.1753,-0.1786,0.2503,0.0604,-0.0202,-1.1179,0.8447,0.1602,-0.2192,0.2715,-0.0336,-0.0645,1.0761
19.3704,-0.0400,0.8541,0.1753,-0.1786,0.2503,0.0603,-0.0202,-1.1163,0.8429,0.1602,-0.2192,0.2715,-0.0318,-0.0645,1.0763
19.3800,-0.0381,0.8530,0.1782,-0.1756,0.2502,0.0602,-0.0247,-1.1145,0.8410,0.1629,-0.2190,0.2729,-0.0303,-0.0627,1.0765
19.4002,-0.0360,0.8515,0.1796,-0.1743,0.2503,0.0601,-0.0261,-1.1125,0.8390,0.1648,-0.2191,0.2742,-0.0286,-0.0606,1.0765
19.4006,-0.0346,0.8506,0.1796,-0.1743,0.2503,0.0601,-0.0261,-1.1110,0.8377,0.1674,-0.2194,0.2760,-0.0270,-0.0578,1.0765
19.4097,-0.0325,0.8493,0.1824,-0.1725,0.2511,0.0601,-0.0304,-1.1088,0.8360,0.1691,-0.2189,0.2766,-0.0250,-0.0554,1.0764
19.4100,-0.0305,0.8480,0.1824,-0.1725,0.2511,0.0600,-0.0304,-1.1065,0.8342,0.1716,-0.2182,0.2776,-0.0225,-0.0518,1.0760
19.4300,-0.0289,0.8469,0.1853,-0.1709,0.2521,0.0600,-0.0321,-1.1045,0.8327,0.1748,-0.2184,0.2798,-0.0212,-0.0505,1.0757
19.4305,-0.0269,0.8456,0.1856,-0.1695,0.2514,0.0600,-0.0315,-1.1022,0.8309,0.1769,-0.2172,0.2802,-0.0200,-0.0516,1.0755
19.4501,-0.0252,0.8446,0.1869,-0.1685,0.2517,0.0600,-0.0313,-1.1004,0.8293,0.1796,-0.2170,0.2816,-0.0193,-0.0545,1.0754
19.4507,-0.0232,0.8435,0.1869,-0.1685,0.2517,0.0601,-0.0313,-1.0987,0.8277,0.1814,-0.2164,0.2824,-0.0182,-0.0555,1.0756
19.4600,-0.0213,0.8424,0.1888,-0.1657,0.2512,0.0601,-0.0312,-1.0968,0.8260,0.1827,-0.2158,0.2828,-0.0171,-0.0532,1.0757
19.4605,-0.0194,0.8413,0.1888,-0.1657,0.2512,0.0604,-0.0312,-1.0951,0.8243,0.1827,-0.2158,0.2828,-0.0155,-0.0532,1.0759
19.4802,-0.0178,0.8403,0.1914,-0.1632,0.2515,0.0605,-0.0350,-1.0936,0.8229,0.1854,-0.2153,0.2842,-0.0131,-0.0477,1.0760
19.4806,-0.0157,0.8390,0.1914,-0.1632,0.2515,0.0605,-0.0350,-1.0913,0.8211,0.1854,-0.2153,0.2842,-0.0101,-0.0477,1.0758
19.4899,-0.0139,0.8379,0.1935,-0.1606,0.2515,0.0606,-0.0395,-1.0892,0.8196,0.1878,-0.2143,0.2849,-0.0069,-0.0273,1.0755
19.4901,-0.0120,0.8367,0.1935,-0.1606,0.2515,0.0605,-0.0395,-1.0869,0.8180,0.1878,-0.2143,0.2849,-0.0037,-0.0273,1.0751
19.5099,-0.0101,0.8356,0.1962,-0.1591,0.2526,0.0607,-0.0412,-1.0844,0.8166,0.1927,-0.2138,0.2878,-0.0019,-0.0124,1.0745
19.5102,-0.0083,0.8346,0.1962,-0.1591,0.2526,0.0606,-0.0412,-1.0822,0.8153,0.1927,-0.2138,0.2878,0.0004,-0.0124,1.0741
19.5299,-0.0062,0.8334,0.1976,-0.1568,0.2523,0.0606,-0.0419,-1.0798,0.8138,0.1980,-0.2116,0.2898,0.0021,-0.0161,1.0738
19.5302,-0.0044,0.8324,0.1976,-0.1568,0.2523,0.0608,-0.0419,-1.0778,0.8124,0.1980,-0.2116,0.2898,0.0030,-0.0161,1.0735
19.5399,-0.0023,0.8312,0.1986,-0.1551,0.2520,0.0609,-0.0381,-1.0757,0.8109,0.2021,-0.2097,0.2912,0.0046,-0.0294,1.0736
19.5401,-0.0004,0.8300,0.1996,-0.1544,0.2524,0.0611,-0.0312,-1.0737,0.8093,0.2021,-0.2097,0.2912,0.0057,-0.0294,1.0735
19.5600,0.0018,0.8288,0.2008,-0.1541,0.2531,0.0610,-0.0243,-1.0717,0.8078,0.2049,-0.2091,0.2927,0.0075,-0.0270,1.0737
19.5604,0.0036,0.8278,0.2008,-0.1541,0.2531,0.0610,-0.0243,-1.0698,0.8063,0.2054,-0.2084,0.2926,0.0098,-0.0231,1.0737
19.5801,0.0052,0.8270,0.2038,-0.1527,0.2546,0.0610,-0.0119,-1.0680,0.8050,0.2067,-0.2085,0.2936,0.0109,-0.0158,1.0734
19.5804,0.0073,0.8257,0.2043,-0.1512,0.2542,0.0610,-0.0055,-1.0655,0.8034,0.2074,-0.2073,0.2932,0.0136,-0.0079,1.0730
19.5899,0.0092,0.8245,0.2056,-0.1505,0.2548,0.0609,-0.0058,-1.0629,0.8018,0.2098,-0.2069,0.2947,0.0153,-0.0002,1.0724
19.5902,0.0110,0.8235,0.2056,-0.1505,0.2548,0.0602,-0.0058,-1.0605,0.8005,0.2127,-0.2068,0.2967,0.0173,0.0046,1.0718
19.6099,0.0129,0.8223,0.2074,-0.1491,0.2554,0.0600,-0.0093,-1.0579,0.7991,0.2154,-0.2057,0.2979,0.0190,0.0074,1.0711
19.6102,0.0148,0.8212,0.2074,-0.1491,0.2554,0.0597,-0.0093,-1.0554,0.7978,0.2154,-0.2057,0.2979,0.0208,0.0074,1.0704
19.6198,0.0167,0.8200,0.2083,-0.1469,0.2548,0.0593,-0.0127,-1.0530,0.7965,0.2207,-0.2029,0.2998,0.0221,0.0006,1.0700
19.6199,0.0188,0.8188,0.2083,-0.1469,0.2548,0.0590,-0.0127,-1.0505,0.7951,0.2207,-0.2029,0.2998,0.0235,0.0006,1.0695
19.6401,0.0207,0.8178,0.2109,-0.1459,0.2564,0.0584,-0.0140,-1.0485,0.7940,0.2254,-0.2006,0.3017,0.0247,-0.0060,1.0695
19.6404,0.0228,0.8165,0.2109,-0.1459,0.2564,0.0579,-0.0140,-1.0461,0.7925,0.2262,-0.1992,0.3014,0.0254,-0.0069,1.0692
19.6602,0.0247,0.8155,0.2130,-0.1445,0.2573,0.0572,-0.0173,-1.0441,0.7912,0.2275,-0.1982,0.3017,0.0260,-0.0075,1.0690
19.6605,0.0264,0.8145,0.2138,-0.1440,0.2578,0.0562,-0.0189,-1.0420,0.7900,0.2289,-0.1975,0.3023,0.0275,-0.0069,1.0687
19.6800,0.0284,0.8132,0.2138,-0.1429,0.2572,0.0555,-0.0213,-1.0394,0.7885,0.2296,-0.1956,0.3016,0.0295,-0.0022,1.0681
19.6803,0.0302,0.8122,0.2138,-0.1429,0.2572,0.0548,-0.0213,-1.0372,0.7874,0.2296,-0.1956,0.3016,0.0312,-0.0022,1.0676
19.6902,0.0321,0.8109,0.2154,-0.1422,0.2581,0.0546,-0.0235,-1.0346,0.7861,0.2340,-0.1934,0.3036,0.0322,-0.0039,1.0670
19.6904,0.0340,0.8098,0.2165,-0.1420,0.2589,0.0540,-0.0243,-1.0321,0.7848,0.2364,-0.1923,0.3047,0.0340,-0.0061,1.0665
19.7102,0.0361,0.8086,0.2174,-0.1415,0.2594,0.0541,-0.0266,-1.0296,0.7835,0.2383,-0.1910,0.3054,0.0349,-0.0077,1.0660
19.7105,0.0379,0.8077,0.2174,-0.1415,0.2594,0.0542,-0.0266,-1.0275,0.7824,0.2395,-0.1896,0.3054,0.0360,-0.0070,1.0657
19.7196,0.0401,0.8065,0.2191,-0.1400,0.2600,0.0542,-0.0363,-1.0251,0.7809,0.2407,-0.1887,0.3059,0.0374,-0.0060,1.0655
19.7199,0.0420,0.8054,0.2191,-0.1400,0.2600,0.0541,-0.0363,-1.0228,0.7797,0.2414,-0.1875,0.3056,0.0386,-0.0051,1.0651
19.7403,0.0439,0.8042,0.2205,-0.1394,0.2609,0.0539,-0.0419,-1.0205,0.7785,0.2427,-0.1868,0.3062,0.0404,-0.0026,1.0647
19.7406,0.0458,0.8029,0.2205,-0.1394,0.2609,0.0541,-0.0419,-1.0181,0.7771,0.2427,-0.1868,0.3062,0.0423,-0.0026,1.0642
19.7601,0.0476,0.8017,0.2217,-0.1388,0.2616,0.0542,-0.0396,-1.0158,0.7760,0.2453,-0.1847,0.3071,0.0438,0.0019,1.0637
19.7604,0.0497,0.8005,0.2225,-0.1385,0.2620,0.0542,-0.0348,-1.0133,0.7746,0.2467,-0.1832,0.3073,0.0462,0.0025,1.0632
19.7802,0.0515,0.7994,0.2235,-0.1380,0.2627,0.0542,-0.0309,-1.0109,0.7734,0.2487,-0.1820,0.3082,0.0484,0.0024,1.0627
19.7805,0.0535,0.7984,0.2235,-0.1380,0.2627,0.0542,-0.0309,-1.0086,0.7723,0.2487,-0.1820,0.3082,0.0507,0.0024,1.0624
19.7897,0.0556,0.7973,0.2249,-0.1369,0.2633,0.0542,-0.0321,-1.0061,0.7711,0.2526,-0.1790,0.3096,0.0521,-0.0025,1.0620
19.7899,0.0556,0.7973,0.2249,-0.1369,0.2633,0.0542,-0.0321,-1.0038,0.7698,0.2526,-0.1790,0.3096,0.0543,-0.0025,1.0597
19.8103,0.0595,0.7951,0.2263,-0.1367,0.2644,0.0534,-0.0312,-1.0016,0.7687,0.2567,-0.1767,0.3117,0.0555,-0.0102,1.0614
19.8106,0.0614,0.7941,0.2270,-0.1368,0.2651,0.0529,-0.0268,-0.9993,0.7676,0.2581,-0.1758,0.3123,0.0569,-0.0111,1.0610
19.8201,0.0633,0.7930,0.2271,-0.1364,0.2649,0.0523,-0.0231,-0.9971,0.7665,0.2588,-0.1745,0.3121,0.0587,-0.0101,1.0607
19.8205,0.0653,0.7918,0.2271,-0.1364,0.2649,0.0518,-0.0231,-0.9945,0.7653,0.2588,-0.1745,0.3121,0.0601,-0.0101,1.0601
19.8402,0.0674,0.7906,0.2281,-0.1362,0.2657,0.0502,-0.0216,-0.9920,0.7642,0.2603,-0.1721,0.3121,0.0619,-0.0081,1.0597
19.8405,0.0693,0.7896,0.2281,-0.1362,0.2657,0.0497,-0.0216,-0.9896,0.7633,0.2603,-0.1721,0.3121,0.0624,-0.0081,1.0592
19.8603,0.0712,0.7886,0.2295,-0.1358,0.2666,0.0487,-0.0208,-0.9872,0.7623,0.2629,-0.1697,0.3129,0.0632,-0.0045,1.0587
19.8606,0.0731,0.7876,0.2300,-0.1355,0.2669,0.0477,-0.0204,-0.9848,0.7613,0.2645,-0.1683,0.3135,0.0638,-0.0040,1.0582
19.8700,0.0751,0.7865,0.2300,-0.1351,0.2667,0.0471,-0.0194,-0.9823,0.7602,0.2663,-0.1667,0.3141,0.0653,-0.0059,1.0577
19.8705,0.0768,0.7855,0.2300,-0.1351,0.2667,0.0460,-0.0194,-0.9800,0.7592,0.2680,-0.1654,0.3149,0.0665,-0.0082,1.0572
19.8902,0.0788,0.7843,0.2299,-0.1349,0.2666,0.0451,-0.0152,-0.9773,0.7579,0.2690,-0.1636,0.3149,0.0690,-0.0104,1.0565
19.8906,0.0805,0.7834,0.2297,-0.1346,0.2662,0.0443,-0.0129,-0.9753,0.7569,0.2703,-0.1622,0.3152,0.0706,-0.0136,1.0561
19.9105,0.0846,0.7815,0.2301,-0.1344,0.2665,0.0417,-0.0121,-0.9729,0.7558,0.2714,-0.1615,0.3158,0.0727,-0.0128,1.0578
19.9107,0.0846,0.7815,0.2301,-0.1344,0.2665,0.0417,-0.0121,-0.9707,0.7548,0.2718,-0.1604,0.3156,0.0741,-0.0106,1.0556
19.9202,0.0868,0.7806,0.2302,-0.1330,0.2659,0.0397,-0.0131,-0.9681,0.7538,0.2716,-0.1588,0.3146,0.0755,-0.0078,1.0553
19.9205,0.0889,0.7796,0.2302,-0.1330,0.2659,0.0385,-0.0131,-0.9656,0.7528,0.2716,-0.1588,0.3146,0.0770,-0.0078,1.0548
19.9402,0.0907,0.7786,0.2314,-0.1320,0.2664,0.0372,-0.0139,-0.9633,0.7520,0.2732,-0.1561,0.3147,0.0782,-0.0009,1.0544
19.9407,0.0925,0.7775,0.2314,-0.1320,0.2664,0.0364,-0.0139,-0.9609,0.7511,0.2742,-0.1546,0.3148,0.0794,-0.0003,1.0537
19.9601,0.0942,0.7765,0.2315,-0.1321,0.2665,0.0357,-0.0131,-0.9587,0.7502,0.2756,-0.1533,0.3154,0.0802,-0.0032,1.0532
19.9605,0.0961,0.7752,0.2315,-0.1321,0.2665,0.0346,-0.0131,-0.9562,0.7491,0.2756,-0.1533,0.3154,0.0805,-0.0032,1.0526
19.9699,0.0980,0.7743,0.2309,-0.1321,0.2660,0.0341,-0.0079,-0.9539,0.7482,0.2778,-0.1503,0.3159,0.0809,-0.0070,1.0522
19.9702,0.0999,0.7733,0.2314,-0.1322,0.2665,0.0335,-0.0062,-0.9516,0.7470,0.2778,-0.1503,0.3159,0.0813,-0.0070,1.0518
19.9902,0.1018,0.7723,0.2313,-0.1316,0.2661,0.0332,-0.0053,-0.9493,0.7459,0.2796,-0.1482,0.3164,0.0820,-0.0117,1.0515
19.9905,0.1038,0.7713,0.2313,-0.1316,0.2661,0.0325,-0.0053,-0.9469,0.7449,0.2797,-0.1472,0.3161,0.0835,-0.0114,1.0510
20.0099,0.1056,0.7703,0.2316,-0.1309,0.2660,0.0321,-0.0054,-0.9445,0.7439,0.2800,-0.1464,0.3159,0.0850,-0.0095,1.0505
20.0102,0.1073,0.7695,0.2316,-0.1309,0.2660,0.0319,-0.0054,-0.9423,0.7430,0.2800,-0.1464,0.3159,0.0859,-0.0095,1.0499
20.0201,0.1094,0.7684,0.2311,-0.1302,0.2653,0.0314,-0.0058,-0.9396,0.7420,0.2798,-0.1445,0.3149,0.0869,-0.0026,1.0493
20.0203,0.1112,0.7674,0.2311,-0.1302,0.2653,0.0313,-0.0058,-0.9372,0.7410,0.2798,-0.1445,0.3149,0.0879,-0.0026,1.0487
20.0398,0.1133,0.7665,0.2313,-0.1300,0.2653,0.0310,-0.0063,-0.9347,0.7400,0.2812,-0.1429,0.3154,0.0889,0.0045,1.0483
20.0402,0.1149,0.7657,0.2313,-0.1300,0.2653,0.0305,-0.0063,-0.9325,0.7391,0.2812,-0.1429,0.3154,0.0895,0.0045,1.0478
20.0600,0.1172,0.7645,0.2306,-0.1286,0.2641,0.0295,-0.0067,-0.9298,0.7380,0.2823,-0.1404,0.3153,0.0905,0.0007,1.0474
20.0602,0.1190,0.7637,0.2306,-0.1286,0.2641,0.0289,-0.0067,-0.9277,0.7371,0.2839,-0.1397,0.3164,0.0912,-0.0018,1.0470
20.0702,0.1229,0.7616,0.2306,-0.1283,0.2639,0.0273,-0.0065,-0.9253,0.7361,0.2843,-0.1384,0.3162,0.0918,-0.0023,1.0485
20.0704,0.1229,0.7616,0.2306,-0.1283,0.2639,0.0273,-0.0065,-0.9228,0.7351,0.2854,-0.1378,0.3170,0.0926,-0.0026,1.0461
20.0903,0.1247,0.7607,0.2313,-0.1282,0.2645,0.0264,-0.0049,-0.9205,0.7343,0.2852,-0.1364,0.3162,0.0930,-0.0046,1.0455
20.0905,0.1268,0.7595,0.2309,-0.1277,0.2638,0.0252,-0.0039,-0.9178,0.7334,0.2852,-0.1364,0.3162,0.0937,-0.0046,1.0450
20.1103,0.1285,0.7586,0.2317,-0.1280,0.2647,0.0243,-0.0026,-0.9155,0.7327,0.2853,-0.1342,0.3153,0.0941,-0.0076,1.0444
20.1105,0.1304,0.7576,0.2312,-0.1275,0.2641,0.0236,-0.0029,-0.9130,0.7318,0.2853,-0.1342,0.3153,0.0943,-0.0076,1.0437
20.1200,0.1323,0.7566,0.2313,-0.1272,0.2640,0.0229,-0.0049,-0.9107,0.7310,0.2848,-0.1319,0.3138,0.0943,-0.0041,1.0434
20.1299,0.1344,0.7555,0.2313,-0.1268,0.2638,0.0219,-0.0063,-0.9081,0.7300,0.2846,-0.1311,0.3133,0.0944,-0.0016,1.0429
20.1302,0.1361,0.7547,0.2313,-0.1268,0.2638,0.0211,-0.0063,-0.9061,0.7293,0.2846,-0.1311,0.3133,0.0942,-0.0016,1.0425
20.1500,0.1381,0.7537,0.2309,-0.1263,0.2632,0.0204,-0.0062,-0.9035,0.7285,0.2849,-0.1293,0.3128,0.0941,0.0052,1.0420
20.1502,0.1400,0.7527,0.2309,-0.1263,0.2632,0.0196,-0.0062,-0.9013,0.7279,0.2849,-0.1293,0.3128,0.0940,0.0052,1.0416
20.1601,0.1420,0.7518,0.2308,-0.1255,0.2627,0.0186,-0.0044,-0.8987,0.7272,0.2856,-0.1266,0.3124,0.0939,0.0061,1.0411
20.1603,0.1439,0.7509,0.2308,-0.1255,0.2627,0.0177,-0.0044,-0.8963,0.7265,0.2856,-0.1266,0.3124,0.0937,0.0061,1.0405
20.1802,0.1459,0.7499,0.2310,-0.1247,0.2625,0.0167,-0.0033,-0.8938,0.7258,0.2862,-0.1240,0.3119,0.0934,0.0066,1.0400
20.1805,0.1479,0.7489,0.2310,-0.1247,0.2625,0.0160,-0.0033,-0.8912,0.7250,0.2867,-0.1232,0.3120,0.0929,0.0073,1.0395
20.2000,0.1497,0.7480,0.2317,-0.1241,0.2629,0.0154,-0.0038,-0.8891,0.7244,0.2868,-0.1222,0.3117,0.0925,0.0082,1.0391
20.2003,0.1516,0.7471,0.2314,-0.1234,0.2623,0.0152,-0.0039,-0.8867,0.7236,0.2861,-0.1209,0.3107,0.0921,0.0086,1.0386
20.2102,0.1534,0.7461,0.2309,-0.1231,0.2617,0.0150,-0.0024,-0.8845,0.7228,0.2858,-0.1197,0.3099,0.0918,0.0087,1.0381
20.2105,0.1555,0.7450,0.2309,-0.1232,0.2617,0.0149,0.0006,-0.8821,0.7220,0.2860,-0.1190,0.3098,0.0918,0.0084,1.0379
20.2299,0.1571,0.7442,0.2308,-0.1230,0.2615,0.0150,0.0040,-0.8801,0.7213,0.2859,-0.1178,0.3092,0.0916,0.0081,1.0374
20.2302,0.1591,0.7433,0.2308,-0.1230,0.2615,0.0149,0.0040,-0.8778,0.7205,0.2854,-0.1168,0.3084,0.0914,0.0082,1.0371
20.2502,0.1628,0.7416,0.2305,-0.1212,0.2604,0.0148,0.0043,-0.8753,0.7197,0.2855,-0.1158,0.3081,0.0912,0.0084,1.0383
20.2505,0.1628,0.7416,0.2305,-0.1212,0.2604,0.0148,0.0043,-0.8729,0.7190,0.2856,-0.1149,0.3079,0.0911,0.0091,1.0360
20.2703,0.1650,0.7406,0.2305,-0.1204,0.2600,0.0144,-0.0018,-0.8703,0.7181,0.2858,-0.1140,0.3077,0.0909,0.0083,1.0355
20.2707,0.1667,0.7399,0.2305,-0.1204,0.2600,0.0142,-0.0018,-0.8682,0.7174,0.2859,-0.1130,0.3074,0.0910,0.0074,1.0351
20.2799,0.1687,0.7389,0.2302,-0.1191,0.2592,0.0138,-0.0128,-0.8657,0.7166,0.2854,-0.1120,0.3066,0.0910,0.0066,1.0347
20.2803,0.1706,0.7379,0.2302,-0.1191,0.2592,0.0136,-0.0128,-0.8635,0.7157,0.2854,-0.1120,0.3066,0.0911,0.0066,1.0344
20.3002,0.1725,0.7369,0.2301,-0.1187,0.2590,0.0134,-0.0177,-0.8615,0.7149,0.2851,-0.1107,0.3059,0.0910,0.0052,1.0342
20.3005,0.1742,0.7361,0.2301,-0.1187,0.2590,0.0134,-0.0177,-0.8595,0.7142,0.2851,-0.1107,0.3059,0.0910,0.0052,1.0340
20.3099,0.1763,0.7350,0.2294,-0.1181,0.2580,0.0133,-0.0176,-0.8570,0.7132,0.2841,-0.1090,0.3043,0.0910,0.0069,1.0336
20.3103,0.1783,0.7341,0.2294,-0.1181,0.2580,0.0132,-0.0176,-0.8549,0.7124,0.2841,-0.1090,0.3043,0.0910,0.0069,1.0334
20.3301,0.1802,0.7332,0.2301,-0.1178,0.2586,0.0130,-0.0175,-0.8526,0.7116,0.2845,-0.1083,0.3044,0.0911,0.0090,1.0331
20.3303,0.1823,0.7324,0.2301,-0.1178,0.2586,0.0128,-0.0175,-0.8503,0.7108,0.2845,-0.1083,0.3044,0.0910,0.0090,1.0328
20.3402,0.1841,0.7316,0.2298,-0.1165,0.2576,0.0124,-0.0171,-0.8481,0.7101,0.2833,-0.1068,0.3028,0.0910,0.0125,1.0325
20.3405,0.1864,0.7307,0.2297,-0.1160,0.2573,0.0114,-0.0171,-0.8457,0.7093,0.2829,-0.1063,0.3022,0.0910,0.0149,1.0323
20.3600,0.1881,0.7299,0.2303,-0.1158,0.2578,0.0107,-0.0195,-0.8436,0.7087,0.2830,-0.1061,0.3022,0.0909,0.0158,1.0320
20.3699,0.1902,0.7290,0.2300,-0.1153,0.2573,0.0101,-0.0213,-0.8410,0.7077,0.2823,-0.1053,0.3013,0.0907,0.0161,1.0314
20.3702,0.1919,0.7282,0.2300,-0.1153,0.2573,0.0097,-0.0213,-0.8389,0.7070,0.2823,-0.1053,0.3013,0.0906,0.0161,1.0310
20.3900,0.1941,0.7273,0.2301,-0.1146,0.2571,0.0092,-0.0256,-0.8362,0.7061,0.2823,-0.1044,0.3010,0.0905,0.0155,1.0305
20.3903,0.1957,0.7266,0.2301,-0.1146,0.2571,0.0087,-0.0256,-0.8342,0.7054,0.2822,-0.1036,0.3006,0.0904,0.0155,1.0301
20.4002,0.1976,0.7259,0.2304,-0.1135,0.2569,0.0081,-0.0267,-0.8318,0.7047,0.2822,-0.1029,0.3004,0.0902,0.0135,1.0296
20.4006,0.1996,0.7251,0.2304,-0.1135,0.2569,0.0077,-0.0267,-0.8294,0.7039,0.2822,-0.1022,0.3001,0.0898,0.0103,1.0292
20.4202,0.2014,0.7243,0.2300,-0.1129,0.2562,0.0072,-0.0288,-0.8273,0.7032,0.2825,-0.1018,0.3003,0.0895,0.0081,1.0289
20.4206,0.2034,0.7234,0.2300,-0.1129,0.2562,0.0066,-0.0288,-0.8250,0.7023,0.2825,-0.1018,0.3003,0.0886,0.0081,1.0286
20.4402,0.2051,0.7226,0.2291,-0.1124,0.2552,0.0063,-0.0296,-0.8229,0.7016,0.2814,-0.1010,0.2990,0.0880,0.0076,1.0282
20.4405,0.2070,0.7218,0.2291,-0.1124,0.2552,0.0060,-0.0296,-0.8208,0.7010,0.2808,-0.1007,0.2984,0.0872,0.0082,1.0280
20.4500,0.2088,0.7210,0.2290,-0.1113,0.2546,0.0060,-0.0298,-0.8184,0.7003,0.2802,-0.1001,0.2976,0.0863,0.0102,1.0275
20.4501,0.2109,0.7202,0.2290,-0.1113,0.2546,0.0056,-0.0298,-0.8159,0.6994,0.2802,-0.1001,0.2976,0.0851,0.0102,1.0271
20.4704,0.2128,0.7195,0.2297,-0.1101,0.2547,0.0050,-0.0306,-0.8138,0.6986,0.2805,-0.0995,0.2976,0.0846,0.0097,1.0267
20.4708,0.2145,0.7189,0.2297,-0.1101,0.2547,0.0042,-0.0306,-0.8115,0.6979,0.2803,-0.0991,0.2973,0.0841,0.0089,1.0262
20.4901,0.2165,0.7183,0.2292,-0.1087,0.2537,0.0034,-0.0315,-0.8091,0.6971,0.2801,-0.0982,0.2969,0.0837,0.0050,1.0258
20.4905,0.2185,0.7175,0.2292,-0.1087,0.2537,0.0030,-0.0315,-0.8068,0.6963,0.2804,-0.0977,0.2970,0.0833,0.0017,1.0255
20.5003,0.2204,0.7168,0.2294,-0.1076,0.2533,0.0027,-0.0325,-0.8046,0.6955,0.2801,-0.0972,0.2965,0.0827,-0.0001,1.0253
20.5008,0.2223,0.7160,0.2294,-0.1076,0.2533,0.0026,-0.0325,-0.8024,0.6948,0.2801,-0.0972,0.2965,0.0826,-0.0001,1.0250
20.5201,0.2244,0.7152,0.2301,-0.1069,0.2538,0.0027,-0.0305,-0.8001,0.6939,0.2798,-0.0965,0.2960,0.0819,-0.0049,1.0247
20.5205,0.2261,0.7146,0.2301,-0.1065,0.2535,0.0028,-0.0294,-0.7983,0.6934,0.2791,-0.0962,0.2952,0.0810,-0.0077,1.0245
20.5401,0.2282,0.7137,0.2297,-0.1057,0.2528,0.0030,-0.0293,-0.7957,0.6925,0.2778,-0.0953,0.2937,0.0803,-0.0077,1.0241
20.5408,0.2298,0.7131,0.2297,-0.1057,0.2528,0.0031,-0.0293,-0.7937,0.6918,0.2780,-0.0949,0.2938,0.0793,-0.0120,1.0238
20.5500,0.2319,0.7124,0.2298,-0.1052,0.2528,0.0031,-0.0316,-0.7915,0.6910,0.2776,-0.0947,0.2933,0.0768,-0.0126,1.0236
20.5503,0.2335,0.7117,0.2298,-0.1052,0.2528,0.0031,-0.0316,-0.7896,0.6902,0.2765,-0.0940,0.2921,0.0753,-0.0124,1.0234
20.5702,0.2354,0.7112,0.2291,-0.1039,0.2516,0.0032,-0.0326,-0.7878,0.6896,0.2761,-0.0938,0.2916,0.0743,-0.0131,1.0235
20.5706,0.2375,0.7105,0.2289,-0.1029,0.2510,0.0035,-0.0327,-0.7856,0.6887,0.2749,-0.0931,0.2902,0.0734,-0.0133,1.0233
20.5799,0.2392,0.7100,0.2292,-0.1022,0.2509,0.0038,-0.0325,-0.7837,0.6880,0.2745,-0.0929,0.2898,0.0732,-0.0131,1.0232
20.5801,0.2413,0.7093,0.2292,-0.1022,0.2509,0.0038,-0.0325,-0.7814,0.6872,0.2745,-0.0929,0.2898,0.0726,-0.0131,1.0230
20.6000,0.2432,0.7087,0.2290,-0.1004,0.2500,0.0039,-0.0318,-0.7794,0.6865,0.2729,-0.0924,0.2881,0.0716,-0.0147,1.0228
20.6100,0.2454,0.7080,0.2293,-0.0997,0.2500,0.0038,-0.0303,-0.7770,0.6857,0.2722,-0.0923,0.2874,0.0701,-0.0136,1.0226
20.6103,0.2471,0.7076,0.2293,-0.0997,0.2500,0.0037,-0.0303,-0.7751,0.6851,0.2722,-0.0923,0.2874,0.0694,-0.0136,1.0224
20.6301,0.2491,0.7071,0.2296,-0.0980,0.2496,0.0037,-0.0267,-0.7729,0.6843,0.2714,-0.0918,0.2865,0.0685,-0.0125,1.0223
20.6304,0.2511,0.7066,0.2296,-0.0980,0.2496,0.0036,-0.0267,-0.7708,0.6836,0.2704,-0.0914,0.2854,0.0677,-0.0129,1.0222
20.6400,0.2530,0.7061,0.2300,-0.0962,0.2493,0.0035,-0.0251,-0.7688,0.6830,0.2706,-0.0914,0.2856,0.0666,-0.0129,1.0220
20.6403,0.2549,0.7055,0.2300,-0.0962,0.2493,0.0035,-0.0251,-0.7665,0.6823,0.2695,-0.0910,0.2845,0.0654,-0.0134,1.0217
20.6601,0.2570,0.7049,0.2298,-0.0944,0.2484,0.0035,-0.0218,-0.7643,0.6815,0.2695,-0.0912,0.2845,0.0637,-0.0136,1.0215
20.6604,0.2587,0.7044,0.2298,-0.0944,0.2484,0.0035,-0.0218,-0.7622,0.6808,0.2695,-0.0912,0.2845,0.0622,-0.0136,1.0211
20.6802,0.2606,0.7039,0.2295,-0.0930,0.2476,0.0035,-0.0170,-0.7600,0.6800,0.2683,-0.0913,0.2835,0.0609,-0.0132,1.0209
20.6805,0.2625,0.7035,0.2295,-0.0930,0.2476,0.0035,-0.0170,-0.7578,0.6793,0.2683,-0.0913,0.2835,0.0594,-0.0132,1.0206
20.6901,0.2644,0.7031,0.2291,-0.0908,0.2464,0.0035,-0.0140,-0.7557,0.6785,0.2668,-0.0915,0.2821,0.0580,-0.0111,1.0204
20.6903,0.2663,0.7027,0.2291,-0.0908,0.2464,0.0035,-0.0140,-0.7536,0.6777,0.2668,-0.0915,0.2821,0.0565,-0.0111,1.0202
20.7103,0.2682,0.7023,0.2296,-0.0887,0.2461,0.0036,-0.0130,-0.7515,0.6769,0.2663,-0.0919,0.2817,0.0548,-0.0082,1.0200
20.7106,0.2702,0.7017,0.2296,-0.0876,0.2458,0.0038,-0.0134,-0.7494,0.6762,0.2660,-0.0919,0.2814,0.0525,-0.0086,1.0199
20.7301,0.2722,0.7013,0.2295,-0.0866,0.2453,0.0045,-0.0138,-0.7473,0.6755,0.2655,-0.0917,0.2809,0.0502,-0.0092,1.0198
20.7305,0.2740,0.7008,0.2295,-0.0866,0.2453,0.0056,-0.0138,-0.7453,0.6749,0.2655,-0.0916,0.2809,0.0486,-0.0091,1.0197
20.7401,0.2761,0.7003,0.2298,-0.0849,0.2450,0.0063,-0.0134,-0.7430,0.6740,0.2649,-0.0914,0.2802,0.0462,-0.0089,1.0195
20.7403,0.2780,0.6999,0.2298,-0.0849,0.2450,0.0067,-0.0134,-0.7412,0.6733,0.2645,-0.0913,0.2798,0.0449,-0.0081,1.0196
20.7603,0.2800,0.6995,0.2304,-0.0832,0.2450,0.0073,-0.0118,-0.7392,0.6725,0.2635,-0.0914,0.2789,0.0433,-0.0070,1.0195
20.7606,0.2817,0.6992,0.2300,-0.0822,0.2443,0.0077,-0.0094,-0.7374,0.6718,0.2623,-0.0912,0.2777,0.0423,-0.0046,1.0195
20.7800,0.2839,0.6988,0.2301,-0.0813,0.2441,0.0084,-0.0077,-0.7353,0.6710,0.2616,-0.0912,0.2770,0.0408,-0.0000,1.0196
20.7804,0.2857,0.6985,0.2304,-0.0801,0.2439,0.0088,-0.0046,-0.7335,0.6703,0.2609,-0.0911,0.2764,0.0402,0.0070,1.0196
20.7899,0.2898,0.6978,0.2302,-0.0788,0.2433,0.0095,-0.0048,-0.7315,0.6697,0.2600,-0.0908,0.2754,0.0384,0.0066,1.0217
20.7901,0.2898,0.6978,0.2302,-0.0788,0.2433,0.0095,-0.0048,-0.7295,0.6691,0.2600,-0.0904,0.2753,0.0365,0.0061,1.0197
20.8099,0.2917,0.6975,0.2312,-0.0766,0.2435,0.0097,-0.0058,-0.7277,0.6686,0.2600,-0.0901,0.2752,0.0352,0.0048,1.0197
20.8102,0.2938,0.6972,0.2312,-0.0766,0.2435,0.0102,-0.0058,-0.7256,0.6681,0.2587,-0.0891,0.2736,0.0338,0.0038,1.0198
20.8200,0.2957,0.6969,0.2309,-0.0738,0.2424,0.0109,-0.0067,-0.7235,0.6675,0.2586,-0.0886,0.2733,0.0329,0.0035,1.0196
20.8202,0.2976,0.6967,0.2309,-0.0738,0.2424,0.0114,-0.0067,-0.7214,0.6670,0.2586,-0.0886,0.2733,0.0310,0.0035,1.0195
20.8400,0.2995,0.6965,0.2307,-0.0713,0.2415,0.0118,-0.0079,-0.7194,0.6664,0.2577,-0.0878,0.2723,0.0285,0.0096,1.0194
20.8501,0.3016,0.6964,0.2307,-0.0702,0.2411,0.0119,-0.0085,-0.7174,0.6657,0.2574,-0.0875,0.2718,0.0256,0.0137,1.0194
20.8505,0.3031,0.6963,0.2307,-0.0702,0.2411,0.0120,-0.0085,-0.7160,0.6653,0.2574,-0.0875,0.2718,0.0243,0.0137,1.0195
20.8701,0.3054,0.6962,0.2299,-0.0673,0.2395,0.0120,-0.0077,-0.7138,0.6645,0.2553,-0.0867,0.2697,0.0226,0.0154,1.0197
20.8706,0.3071,0.6961,0.2299,-0.0673,0.2395,0.0118,-0.0077,-0.7122,0.6639,0.2544,-0.0864,0.2687,0.0211,0.0162,1.0199
20.8801,0.3092,0.6961,0.2305,-0.0642,0.2393,0.0117,-0.0079,-0.7105,0.6634,0.2533,-0.0861,0.2675,0.0199,0.0167,1.0202
20.8805,0.3112,0.6960,0.2302,-0.0624,0.2385,0.0117,-0.0081,-0.7086,0.6628,0.2515,-0.0854,0.2656,0.0187,0.0182,1.0203
20.8899,0.3134,0.6959,0.2310,-0.0613,0.2390,0.0116,-0.0074,-0.7067,0.6621,0.2512,-0.0853,0.2653,0.0176,0.0191,1.0206
20.9099,0.3155,0.6958,0.2316,-0.0600,0.2392,0.0115,-0.0053,-0.7048,0.6615,0.2503,-0.0851,0.2644,0.0167,0.0200,1.0209
20.9104,0.3175,0.6957,0.2316,-0.0600,0.2392,0.0109,-0.0053,-0.7031,0.6609,0.2503,-0.0851,0.2644,0.0157,0.0200,1.0211
20.9199,0.3198,0.6956,0.2321,-0.0571,0.2390,0.0101,-0.0035,-0.7012,0.6603,0.2484,-0.0845,0.2624,0.0144,0.0219,1.0215
20.9202,0.3216,0.6956,0.2321,-0.0571,0.2390,0.0098,-0.0035,-0.6995,0.6599,0.2484,-0.0845,0.2624,0.0134,0.0219,1.0217
20.9399,0.3239,0.6955,0.2329,-0.0539,0.2390,0.0091,-0.0037,-0.6976,0.6594,0.2468,-0.0835,0.2605,0.0125,0.0224,1.0221
20.9402,0.3258,0.6955,0.2329,-0.0539,0.2390,0.0087,-0.0037,-0.6958,0.6590,0.2468,-0.0835,0.2605,0.0116,0.0224,1.0222
20.9601,0.3279,0.6955,0.2339,-0.0510,0.2394,0.0085,-0.0049,-0.6938,0.6585,0.2452,-0.0825,0.2587,0.0102,0.0245,1.0224
20.9606,0.3300,0.6955,0.2340,-0.0493,0.2391,0.0085,-0.0026,-0.6920,0.6580,0.2443,-0.0817,0.2576,0.0094,0.0237,1.0227
20.9697,0.3319,0.6955,0.2345,-0.0480,0.2394,0.0085,0.0023,-0.6904,0.6576,0.2436,-0.0812,0.2568,0.0088,0.0210,1.0229
20.9700,0.3344,0.6955,0.2345,-0.0480,0.2394,0.0084,0.0023,-0.6882,0.6569,0.2423,-0.0806,0.2553,0.0079,0.0187,1.0234
20.9899,0.3365,0.6955,0.2358,-0.0455,0.2401,0.0084,0.0075,-0.6865,0.6564,0.2417,-0.0803,0.2547,0.0072,0.0170,1.0237
20.9902,0.3387,0.6956,0.2358,-0.0455,0.2401,0.0082,0.0075,-0.6845,0.6558,0.2407,-0.0797,0.2536,0.0065,0.0166,1.0240
21.0104,0.3408,0.6956,0.2366,-0.0424,0.2404,0.0080,0.0081,-0.6826,0.6553,0.2402,-0.0794,0.2530,0.0059,0.0168,1.0242
21.0108,0.3430,0.6957,0.2370,-0.0409,0.2405,0.0076,0.0079,-0.6806,0.6548,0.2396,-0.0789,0.2523,0.0055,0.0176,1.0244
21.0199,0.3451,0.6958,0.2373,-0.0390,0.2405,0.0069,0.0075,-0.6784,0.6544,0.2390,-0.0782,0.2515,0.0036,0.0185,1.0243
21.0202,0.3472,0.6960,0.2373,-0.0390,0.2405,0.0061,0.0075,-0.6763,0.6540,0.2390,-0.0782,0.2515,0.0021,0.0185,1.0243
21.0401,0.3492,0.6961,0.2380,-0.0355,0.2407,0.0051,0.0084,-0.6742,0.6536,0.2389,-0.0770,0.2510,0.0012,0.0142,1.0244
21.0405,0.3511,0.6962,0.2388,-0.0339,0.2412,0.0038,0.0092,-0.6725,0.6532,0.2389,-0.0770,0.2510,0.0010,0.0142,1.0245
21.0601,0.3532,0.6964,0.2385,-0.0322,0.2406,0.0024,0.0101,-0.6703,0.6527,0.2381,-0.0755,0.2498,0.0004,0.0103,1.0245
21.0605,0.3549,0.6966,0.2394,-0.0306,0.2414,0.0006,0.0108,-0.6684,0.6522,0.2386,-0.0751,0.2501,0.0001,0.0103,1.0243
21.0702,0.3564,0.6968,0.2390,-0.0292,0.2408,-0.0009,0.0114,-0.6664,0.6517,0.2389,-0.0747,0.2503,-0.0004,0.0097,1.0237
21.0707,0.3576,0.6970,0.2390,-0.0292,0.2408,-0.0019,0.0114,-0.6643,0.6512,0.2389,-0.0747,0.2503,-0.0007,0.0097,1.0229
21.0900,0.3588,0.6974,0.2368,-0.0259,0.2382,-0.0024,0.0106,-0.6621,0.6507,0.2388,-0.0735,0.2499,-0.0014,0.0099,1.0219
21.0903,0.3599,0.6977,0.2368,-0.0259,0.2382,-0.0031,0.0106,-0.6601,0.6504,0.2387,-0.0729,0.2496,-0.0021,0.0106,1.0211
21.1102,0.3614,0.6980,0.2335,-0.0221,0.2345,-0.0039,0.0046,-0.6578,0.6499,0.2387,-0.0723,0.2494,-0.0027,0.0103,1.0204
21.1105,0.3631,0.6983,0.2335,-0.0221,0.2345,-0.0041,0.0046,-0.6558,0.6496,0.2383,-0.0714,0.2488,-0.0033,0.0097,1.0201
21.1200,0.3652,0.6986,0.2319,-0.0186,0.2327,-0.0043,0.0010,-0.6536,0.6493,0.2385,-0.0709,0.2488,-0.0041,0.0094,1.0200
21.1202,0.3673,0.6989,0.2319,-0.0186,0.2327,-0.0053,0.0010,-0.6516,0.6490,0.2385,-0.0709,0.2488,-0.0049,0.0094,1.0201
21.1401,0.3692,0.6992,0.2323,-0.0153,0.2328,-0.0066,-0.0001,-0.6496,0.6487,0.2384,-0.0692,0.2483,-0.0055,0.0090,1.0201
21.1404,0.3714,0.6995,0.2324,-0.0138,0.2328,-0.0096,-0.0015,-0.6474,0.6484,0.2383,-0.0685,0.2479,-0.0059,0.0093,1.0201
21.1500,0.3729,0.6998,0.2330,-0.0120,0.2333,-0.0108,-0.0022,-0.6454,0.6481,0.2383,-0.0678,0.2477,-0.0061,0.0102,1.0197
21.1503,0.3745,0.7002,0.2330,-0.0120,0.2333,-0.0118,-0.0022,-0.6432,0.6478,0.2377,-0.0668,0.2469,-0.0065,0.0107,1.0191
21.1701,0.3758,0.7005,0.2317,-0.0084,0.2319,-0.0129,-0.0057,-0.6412,0.6477,0.2378,-0.0660,0.2468,-0.0069,0.0105,1.0184
21.1704,0.3772,0.7010,0.2317,-0.0084,0.2319,-0.0146,-0.0057,-0.6390,0.6475,0.2378,-0.0660,0.2468,-0.0076,0.0105,1.0176
21.1901,0.3784,0.7013,0.2294,-0.0050,0.2294,-0.0163,-0.0077,-0.6370,0.6474,0.2377,-0.0635,0.2460,-0.0080,0.0084,1.0169
21.1904,0.3800,0.7017,0.2294,-0.0050,0.2294,-0.0182,-0.0077,-0.6348,0.6473,0.2377,-0.0635,0.2460,-0.0084,0.0084,1.0163
21.2002,0.3816,0.7019,0.2273,-0.0021,0.2273,-0.0205,-0.0094,-0.6327,0.6472,0.2375,-0.0607,0.2452,-0.0084,0.0011,1.0158
21.2008,0.3834,0.7022,0.2273,-0.0021,0.2273,-0.0229,-0.0094,-0.6305,0.6471,0.2375,-0.0607,0.2452,-0.0084,0.0011,1.0154
21.2202,0.3854,0.7024,0.2263,0.0009,0.2263,-0.0258,-0.0102,-0.6281,0.6469,0.2377,-0.0582,0.2447,-0.0082,0.0014,1.0150
21.2204,0.3874,0.7027,0.2264,0.0024,0.2264,-0.0289,-0.0110,-0.6256,0.6467,0.2384,-0.0572,0.2451,-0.0075,0.0024,1.0145
21.2402,0.3889,0.7030,0.2267,0.0038,0.2267,-0.0312,-0.0111,-0.6233,0.6466,0.2394,-0.0562,0.2459,-0.0067,0.0057,1.0138
21.2405,0.3905,0.7032,0.2256,0.0053,0.2256,-0.0346,-0.0108,-0.6212,0.6466,0.2394,-0.0548,0.2455,-0.0057,0.0074,1.0133
21.2498,0.3921,0.7035,0.2249,0.0066,0.2250,-0.0374,-0.0112,-0.6190,0.6466,0.2399,-0.0534,0.2458,-0.0053,0.0068,1.0127
21.2501,0.3936,0.7037,0.2249,0.0066,0.2250,-0.0395,-0.0112,-0.6170,0.6466,0.2399,-0.0534,0.2458,-0.0050,0.0068,1.0122
21.2703,0.3954,0.7040,0.2237,0.0090,0.2239,-0.0415,-0.0123,-0.6147,0.6466,0.2407,-0.0506,0.2460,-0.0048,0.0019,1.0117
21.2706,0.3972,0.7042,0.2237,0.0090,0.2239,-0.0433,-0.0123,-0.6125,0.6466,0.2412,-0.0489,0.2461,-0.0050,-0.0046,1.0113
21.2903,0.3988,0.7044,0.2229,0.0114,0.2232,-0.0444,-0.0133,-0.6105,0.6466,0.2422,-0.0475,0.2468,-0.0052,-0.0042,1.0109
21.2906,0.4010,0.7046,0.2229,0.0114,0.2232,-0.0462,-0.0133,-0.6080,0.6466,0.2422,-0.0475,0.2468,-0.0055,-0.0042,1.0107
21.3000,0.4029,0.7048,0.2223,0.0136,0.2227,-0.0482,-0.0144,-0.6058,0.6466,0.2429,-0.0451,0.2471,-0.0071,-0.0017,1.0104
21.3004,0.4049,0.7050,0.2223,0.0136,0.2227,-0.0504,-0.0144,-0.6037,0.6466,0.2437,-0.0441,0.2476,-0.0091,0.0010,1.0103
21.3202,0.4068,0.7051,0.2223,0.0156,0.2228,-0.0523,-0.0147,-0.6018,0.6466,0.2438,-0.0429,0.2476,-0.0104,0.0022,1.0102
21.3204,0.4086,0.7053,0.2221,0.0164,0.2228,-0.0541,-0.0149,-0.5998,0.6466,0.2438,-0.0429,0.2476,-0.0121,0.0022,1.0101
21.3399,0.4103,0.7054,0.2220,0.0172,0.2226,-0.0562,-0.0157,-0.5980,0.6466,0.2433,-0.0407,0.2467,-0.0135,-0.0042,1.0100
21.3402,0.4122,0.7056,0.2220,0.0172,0.2226,-0.0581,-0.0157,-0.5958,0.6467,0.2433,-0.0407,0.2467,-0.0156,-0.0042,1.0097
21.3500,0.4142,0.7057,0.2213,0.0184,0.2221,-0.0600,-0.0148,-0.5937,0.6467,0.2432,-0.0381,0.2461,-0.0170,-0.0103,1.0096
21.3599,0.4161,0.7058,0.2222,0.0188,0.2230,-0.0619,-0.0146,-0.5915,0.6467,0.2446,-0.0372,0.2474,-0.0185,-0.0106,1.0094
21.3604,0.4179,0.7059,0.2222,0.0188,0.2230,-0.0635,-0.0146,-0.5895,0.6467,0.2446,-0.0372,0.2474,-0.0203,-0.0106,1.0091
21.3802,0.4199,0.7059,0.2215,0.0195,0.2224,-0.0655,-0.0124,-0.5873,0.6467,0.2455,-0.0345,0.2479,-0.0217,-0.0109,1.0089
21.3806,0.4219,0.7060,0.2215,0.0195,0.2224,-0.0671,-0.0124,-0.5851,0.6468,0.2464,-0.0333,0.2487,-0.0238,-0.0117,1.0087
21.3900,0.4257,0.7061,0.2213,0.0200,0.2222,-0.0703,-0.0086,-0.5832,0.6469,0.2470,-0.0319,0.2490,-0.0251,-0.0121,1.0106
21.3902,0.4257,0.7061,0.2213,0.0200,0.2222,-0.0703,-0.0086,-0.5810,0.6470,0.2470,-0.0304,0.2488,-0.0267,-0.0129,1.0084
21.4098,0.4275,0.7062,0.2204,0.0206,0.2214,-0.0715,-0.0097,-0.5791,0.6472,0.2477,-0.0289,0.2494,-0.0282,-0.0143,1.0083
21.4199,0.4297,0.7063,0.2201,0.0209,0.2211,-0.0728,-0.0106,-0.5770,0.6474,0.2481,-0.0275,0.2496,-0.0308,-0.0147,1.0084
21.4204,0.4313,0.7063,0.2201,0.0209,0.2211,-0.0737,-0.0106,-0.5752,0.6475,0.2484,-0.0259,0.2497,-0.0326,-0.0158,1.0083
21.4404,0.4332,0.7064,0.2195,0.0215,0.2206,-0.0751,-0.0115,-0.5733,0.6476,0.2486,-0.0248,0.2498,-0.0350,-0.0153,1.0082
21.4408,0.4353,0.7064,0.2195,0.0215,0.2206,-0.0775,-0.0115,-0.5712,0.6477,0.2486,-0.0235,0.2497,-0.0376,-0.0154,1.0082
21.4500,0.4372,0.7065,0.2191,0.0218,0.2202,-0.0793,-0.0121,-0.5693,0.6479,0.2493,-0.0225,0.2504,-0.0405,-0.0137,1.0082
21.4503,0.4396,0.7065,0.2186,0.0218,0.2197,-0.0812,-0.0135,-0.5669,0.6481,0.2491,-0.0213,0.2500,-0.0446,-0.0081,1.0082
21.4703,0.4417,0.7065,0.2191,0.0219,0.2202,-0.0822,-0.0164,-0.5650,0.6482,0.2500,-0.0200,0.2508,-0.0472,0.0012,1.0084
21.4707,0.4435,0.7065,0.2191,0.0219,0.2202,-0.0830,-0.0164,-0.5633,0.6483,0.2500,-0.0200,0.2508,-0.0498,0.0012,1.0084
21.4903,0.4456,0.7065,0.2181,0.0220,0.2193,-0.0840,-0.0181,-0.5613,0.6484,0.2500,-0.0173,0.2506,-0.0529,0.0118,1.0086
21.4907,0.4475,0.7066,0.2181,0.0220,0.2193,-0.0847,-0.0181,-0.5594,0.6486,0.2500,-0.0173,0.2506,-0.0553,0.0118,1.0086
21.5000,0.4495,0.7066,0.2176,0.0220,0.2188,-0.0853,-0.0182,-0.5575,0.6488,0.2503,-0.0144,0.2507,-0.0585,0.0144,1.0086
21.5102,0.4518,0.7067,0.2172,0.0220,0.2184,-0.0861,-0.0194,-0.5554,0.6490,0.2502,-0.0131,0.2506,-0.0618,0.0153,1.0088
21.5105,0.4534,0.7068,0.2175,0.0220,0.2186,-0.0863,-0.0203,-0.5537,0.6492,0.2503,-0.0116,0.2506,-0.0642,0.0174,1.0087
21.5303,0.4555,0.7069,0.2167,0.0220,0.2178,-0.0869,-0.0204,-0.5517,0.6494,0.2494,-0.0104,0.2497,-0.0673,0.0220,1.0088
21.5308,0.4577,0.7070,0.2166,0.0218,0.2177,-0.0873,-0.0205,-0.5497,0.6496,0.2492,-0.0092,0.2494,-0.0709,0.0269,1.0090
21.5398,0.4598,0.7071,0.2169,0.0217,0.2179,-0.0876,-0.0204,-0.5479,0.6498,0.2490,-0.0079,0.2491,-0.0745,0.0309,1.0093
21.5400,0.4619,0.7073,0.2169,0.0217,0.2179,-0.0877,-0.0204,-0.5460,0.6500,0.2490,-0.0079,0.2491,-0.0777,0.0309,1.0096
21.5602,0.4638,0.7075,0.2173,0.0218,0.2184,-0.0880,-0.0216,-0.5443,0.6502,0.2486,-0.0053,0.2487,-0.0807,0.0291,1.0097
21.5608,0.4659,0.7077,0.2178,0.0218,0.2189,-0.0883,-0.0228,-0.5424,0.6504,0.2482,-0.0040,0.2483,-0.0846,0.0282,1.0099
21.5699,0.4678,0.7079,0.2190,0.0218,0.2200,-0.0885,-0.0236,-0.5407,0.6506,0.2479,-0.0025,0.2479,-0.0874,0.0280,1.0101
21.5902,0.4701,0.7081,0.2205,0.0217,0.2216,-0.0889,-0.0207,-0.5386,0.6508,0.2473,-0.0012,0.2473,-0.0915,0.0279,1.0103
21.5908,0.4720,0.7082,0.2205,0.0217,0.2216,-0.0891,-0.0207,-0.5369,0.6509,0.2469,0.0001,0.2469,-0.0946,0.0277,1.0105
21.6001,0.4743,0.7084,0.2242,0.0211,0.2252,-0.0894,-0.0044,-0.5347,0.6511,0.2463,0.0011,0.2463,-0.0982,0.0279,1.0107
21.6004,0.4764,0.7086,0.2242,0.0211,0.2252,-0.0897,-0.0044,-0.5330,0.6513,0.2463,0.0011,0.2463,-0.1011,0.0279,1.0110
21.6203,0.4787,0.7088,0.2266,0.0206,0.2276,-0.0899,0.0019,-0.5312,0.6515,0.2456,0.0033,0.2457,-0.1041,0.0294,1.0115
21.6209,0.4808,0.7090,0.2266,0.0206,0.2276,-0.0901,0.0019,-0.5293,0.6517,0.2448,0.0043,0.2449,-0.1070,0.0310,1.0117
21.6299,0.4829,0.7092,0.2270,0.0201,0.2279,-0.0902,0.0002,-0.5274,0.6520,0.2446,0.0054,0.2446,-0.1099,0.0324,1.0120
21.6301,0.4853,0.7096,0.2270,0.0201,0.2279,-0.0903,0.0002,-0.5254,0.6523,0.2446,0.0054,0.2446,-0.1134,0.0324,1.0123
21.6500,0.4874,0.7100,0.2278,0.0202,0.2287,-0.0906,-0.0046,-0.5237,0.6525,0.2440,0.0078,0.2441,-0.1161,0.0344,1.0127
21.6600,0.4898,0.7104,0.2290,0.0203,0.2299,-0.0913,-0.0054,-0.5215,0.6529,0.2435,0.0088,0.2437,-0.1202,0.0359,1.0130
21.6603,0.4918,0.7107,0.2290,0.0203,0.2299,-0.0918,-0.0054,-0.5200,0.6531,0.2435,0.0088,0.2437,-0.1224,0.0359,1.0134
21.6801,0.4942,0.7110,0.2319,0.0202,0.2328,-0.0924,-0.0027,-0.5181,0.6533,0.2424,0.0108,0.2426,-0.1255,0.0378,1.0139
21.6804,0.4962,0.7114,0.2319,0.0202,0.2328,-0.0929,-0.0027,-0.5163,0.6535,0.2424,0.0108,0.2426,-0.1285,0.0378,1.0142
21.6898,0.4984,0.7118,0.2355,0.0200,0.2363,-0.0933,0.0045,-0.5144,0.6537,0.2413,0.0122,0.2416,-0.1321,0.0438,1.0145
21.6901,0.5006,0.7122,0.2355,0.0200,0.2363,-0.0937,0.0045,-0.5126,0.6539,0.2413,0.0122,0.2416,-0.1353,0.0438,1.0149
21.7103,0.5029,0.7127,0.2381,0.0206,0.2389,-0.0939,0.0063,-0.5108,0.6542,0.2402,0.0135,0.2406,-0.1379,0.0523,1.0154
21.7106,0.5052,0.7132,0.2391,0.0211,0.2400,-0.0940,0.0056,-0.5089,0.6546,0.2395,0.0144,0.2399,-0.1409,0.0535,1.0158
21.7200,0.5075,0.7138,0.2396,0.0216,0.2406,-0.0940,0.0043,-0.5071,0.6549,0.2384,0.0153,0.2388,-0.1438,0.0502,1.0163
21.7203,0.5097,0.7144,0.2396,0.0216,0.2406,-0.0939,0.0043,-0.5052,0.6553,0.2370,0.0163,0.2376,-0.1461,0.0432,1.0167
21.7401,0.5121,0.7149,0.2416,0.0228,0.2427,-0.0938,0.0030,-0.5034,0.6557,0.2363,0.0173,0.2369,-0.1492,0.0363,1.0172
21.7404,0.5143,0.7154,0.2416,0.0228,0.2427,-0.0937,0.0030,-0.5016,0.6561,0.2363,0.0173,0.2369,-0.1524,0.0363,1.0176
21.7602,0.5163,0.7159,0.2444,0.0238,0.2456,-0.0937,0.0142,-0.4998,0.6565,0.2349,0.0191,0.2356,-0.1554,0.0252,1.0179
21.7605,0.5184,0.7164,0.2444,0.0238,0.2456,-0.0936,0.0142,-0.4980,0.6570,0.2349,0.0191,0.2356,-0.1590,0.0252,1.0181
21.7699,0.5203,0.7169,0.2460,0.0249,0.2473,-0.0936,0.0290,-0.4962,0.6575,0.2334,0.0209,0.2343,-0.1615,0.0250,1.0183
21.7702,0.5224,0.7174,0.2463,0.0255,0.2476,-0.0935,0.0389,-0.4944,0.6579,0.2324,0.0218,0.2334,-0.1645,0.0224,1.0185
21.7902,0.5244,0.7179,0.2473,0.0260,0.2486,-0.0936,0.0441,-0.4925,0.6584,0.2323,0.0226,0.2334,-0.1671,0.0181,1.0187
21.7905,0.5265,0.7184,0.2470,0.0266,0.2484,-0.0936,0.0521,-0.4906,0.6589,0.2311,0.0235,0.2323,-0.1697,0.0128,1.0188
21.8103,0.5285,0.7189,0.2472,0.0272,0.2487,-0.0936,0.0598,-0.4888,0.6594,0.2305,0.0245,0.2318,-0.1720,0.0058,1.0190
21.8106,0.5305,0.7194,0.2472,0.0272,0.2487,-0.0937,0.0598,-0.4869,0.6599,0.2305,0.0245,0.2318,-0.1739,0.0058,1.0191
21.8304,0.5326,0.7201,0.2474,0.0285,0.2490,-0.0944,0.0607,-0.4850,0.6603,0.2297,0.0266,0.2312,-0.1776,-0.0049,1.0193
21.8307,0.5346,0.7208,0.2474,0.0285,0.2490,-0.0957,0.0607,-0.4831,0.6608,0.2296,0.0275,0.2313,-0.1799,-0.0134,1.0195
21.8400,0.5365,0.7216,0.2487,0.0307,0.2506,-0.0967,0.0595,-0.4810,0.6613,0.2298,0.0284,0.2316,-0.1825,-0.0168,1.0193
21.8403,0.5384,0.7227,0.2487,0.0307,0.2506,-0.0977,0.0595,-0.4792,0.6618,0.2296,0.0294,0.2315,-0.1847,-0.0160,1.0193
21.8601,0.5398,0.7234,0.2484,0.0339,0.2507,-0.0990,0.0328,-0.4776,0.6621,0.2290,0.0301,0.2310,-0.1864,-0.0139,1.0192
21.8604,0.5414,0.7243,0.2484,0.0339,0.2507,-0.1015,0.0328,-0.4756,0.6625,0.2290,0.0301,0.2310,-0.1893,-0.0139,1.0188
21.8699,0.5431,0.7253,0.2469,0.0369,0.2497,-0.1044,0.0127,-0.4736,0.6630,0.2277,0.0315,0.2299,-0.1913,-0.0127,1.0185
21.8701,0.5447,0.7262,0.2469,0.0369,0.2497,-0.1077,0.0127,-0.4715,0.6636,0.2277,0.0315,0.2299,-0.1940,-0.0127,1.0181
21.8899,0.5463,0.7269,0.2457,0.0404,0.2490,-0.1105,0.0087,-0.4696,0.6642,0.2272,0.0335,0.2296,-0.1956,-0.0145,1.0178
21.8902,0.5482,0.7277,0.2457,0.0404,0.2490,-0.1127,0.0087,-0.4673,0.6649,0.2272,0.0335,0.2296,-0.1977,-0.0145,1.0174
21.9000,0.5498,0.7285,0.2449,0.0431,0.2487,-0.1145,0.0104,-0.4654,0.6654,0.2273,0.0357,0.2301,-0.1992,-0.0149,1.0172
21.9201,0.5517,0.7294,0.2446,0.0446,0.2486,-0.1166,0.0079,-0.4634,0.6661,0.2273,0.0365,0.2302,-0.2006,-0.0148,1.0171
21.9204,0.5535,0.7303,0.2439,0.0463,0.2483,-0.1186,0.0021,-0.4616,0.6666,0.2271,0.0373,0.2301,-0.2020,-0.0116,1.0171
21.9299,0.5555,0.7311,0.2443,0.0479,0.2490,-0.1197,-0.0024,-0.4598,0.6672,0.2272,0.0382,0.2304,-0.2031,-0.0105,1.0173
21.9301,0.5576,0.7318,0.2443,0.0479,0.2490,-0.1205,-0.0024,-0.4580,0.6678,0.2272,0.0382,0.2304,-0.2039,-0.0105,1.0175
21.9499,0.5594,0.7324,0.2445,0.0508,0.2497,-0.1212,-0.0048,-0.4562,0.6682,0.2264,0.0401,0.2299,-0.2045,-0.0102,1.0177
21.9503,0.5615,0.7331,0.2445,0.0508,0.2497,-0.1219,-0.0048,-0.4543,0.6687,0.2261,0.0407,0.2298,-0.2051,-0.0117,1.0178
21.9703,0.5635,0.7338,0.2438,0.0533,0.2496,-0.1225,-0.0072,-0.4525,0.6692,0.2253,0.0413,0.2290,-0.2052,-0.0137,1.0180
21.9707,0.5656,0.7346,0.2438,0.0533,0.2496,-0.1229,-0.0072,-0.4503,0.6697,0.2253,0.0413,0.2290,-0.2055,-0.0137,1.0180
21.9804,0.5696,0.7360,0.2444,0.0561,0.2507,-0.1234,-0.0067,-0.4485,0.6701,0.2259,0.0428,0.2299,-0.2054,-0.0175,1.0201
21.9808,0.5696,0.7360,0.2444,0.0561,0.2507,-0.1234,-0.0067,-0.4462,0.6706,0.2257,0.0434,0.2298,-0.2054,-0.0180,1.0178
21.9999,0.5715,0.7366,0.2440,0.0589,0.2510,-0.1231,-0.0088,-0.4442,0.6710,0.2264,0.0441,0.2306,-0.2052,-0.0168,1.0178
22.0001,0.5738,0.7373,0.2440,0.0589,0.2510,-0.1230,-0.0088,-0.4417,0.6716,0.2264,0.0441,0.2306,-0.2051,-0.0168,1.0176
22.0100,0.5757,0.7379,0.2440,0.0612,0.2516,-0.1226,-0.0079,-0.4396,0.6721,0.2274,0.0451,0.2318,-0.2051,-0.0139,1.0174
22.0102,0.5778,0.7384,0.2440,0.0612,0.2516,-0.1217,-0.0079,-0.4376,0.6726,0.2280,0.0457,0.2326,-0.2051,-0.0122,1.0176
22.0302,0.5799,0.7391,0.2446,0.0632,0.2527,-0.1206,-0.0064,-0.4357,0.6732,0.2280,0.0463,0.2327,-0.2050,-0.0115,1.0177
22.0307,0.5818,0.7398,0.2446,0.0632,0.2527,-0.1198,-0.0064,-0.4339,0.6738,0.2280,0.0463,0.2327,-0.2049,-0.0115,1.0178
22.0501,0.5839,0.7407,0.2441,0.0654,0.2527,-0.1193,-0.0076,-0.4319,0.6745,0.2281,0.0480,0.2331,-0.2048,-0.0134,1.0180
22.0507,0.5858,0.7414,0.2441,0.0654,0.2527,-0.1186,-0.0076,-0.4302,0.6750,0.2282,0.0489,0.2334,-0.2047,-0.0126,1.0181
22.0703,0.5882,0.7424,0.2439,0.0678,0.2531,-0.1179,-0.0098,-0.4279,0.6757,0.2282,0.0497,0.2335,-0.2043,-0.0130,1.0183
22.0708,0.5901,0.7430,0.2439,0.0678,0.2531,-0.1176,-0.0098,-0.4262,0.6761,0.2290,0.0506,0.2345,-0.2038,-0.0130,1.0185
22.0805,0.5921,0.7438,0.2445,0.0703,0.2545,-0.1171,-0.0133,-0.4241,0.6765,0.2290,0.0511,0.2346,-0.2030,-0.0112,1.0185
22.0809,0.5943,0.7448,0.2441,0.0715,0.2544,-0.1165,-0.0139,-0.4219,0.6771,0.2290,0.0515,0.2347,-0.2013,-0.0085,1.0184
22.1001,0.5959,0.7454,0.2446,0.0730,0.2553,-0.1161,-0.0140,-0.4201,0.6775,0.2300,0.0523,0.2359,-0.2006,-0.0074,1.0183
22.1004,0.5979,0.7463,0.2446,0.0730,0.2553,-0.1154,-0.0140,-0.4179,0.6781,0.2292,0.0527,0.2352,-0.1998,-0.0069,1.0181
22.1100,0.5997,0.7471,0.2431,0.0753,0.2545,-0.1143,-0.0140,-0.4160,0.6788,0.2302,0.0537,0.2364,-0.1991,-0.0072,1.0179
22.1104,0.6019,0.7480,0.2431,0.0753,0.2545,-0.1131,-0.0140,-0.4137,0.6796,0.2302,0.0537,0.2364,-0.1984,-0.0072,1.0179
22.1303,0.6040,0.7488,0.2423,0.0780,0.2545,-0.1117,-0.0172,-0.4115,0.6804,0.2313,0.0558,0.2379,-0.1980,-0.0096,1.0178
22.1309,0.6060,0.7496,0.2423,0.0780,0.2545,-0.1106,-0.0172,-0.4095,0.6811,0.2313,0.0558,0.2379,-0.1976,-0.0096,1.0178
22.1502,0.6081,0.7504,0.2414,0.0799,0.2543,-0.1095,-0.0191,-0.4074,0.6818,0.2317,0.0576,0.2388,-0.1974,-0.0137,1.0178
22.1507,0.6103,0.7511,0.2414,0.0799,0.2543,-0.1087,-0.0191,-0.4054,0.6824,0.2325,0.0585,0.2398,-0.1969,-0.0157,1.0180
22.1600,0.6123,0.7518,0.2409,0.0815,0.2543,-0.1076,-0.0188,-0.4034,0.6831,0.2324,0.0591,0.2398,-0.1959,-0.0153,1.0180
22.1700,0.6146,0.7527,0.2410,0.0823,0.2547,-0.1061,-0.0179,-0.4008,0.6839,0.2333,0.0600,0.2409,-0.1959,-0.0153,1.0178
22.1702,0.6165,0.7535,0.2408,0.0833,0.2548,-0.1052,-0.0175,-0.3988,0.6846,0.2333,0.0600,0.2409,-0.1954,-0.0153,1.0177
22.1901,0.6184,0.7542,0.2407,0.0842,0.2550,-0.1042,-0.0148,-0.3968,0.6852,0.2351,0.0622,0.2431,-0.1949,-0.0189,1.0175
22.1904,0.6205,0.7551,0.2407,0.0842,0.2550,-0.1028,-0.0148,-0.3945,0.6859,0.2353,0.0629,0.2436,-0.1939,-0.0212,1.0174
22.2100,0.6225,0.7559,0.2397,0.0858,0.2546,-0.1016,-0.0163,-0.3924,0.6865,0.2362,0.0639,0.2447,-0.1921,-0.0228,1.0173
22.2103,0.6246,0.7568,0.2397,0.0858,0.2546,-0.1003,-0.0163,-0.3901,0.6872,0.2362,0.0639,0.2447,-0.1904,-0.0228,1.0171
22.2201,0.6267,0.7576,0.2389,0.0871,0.2542,-0.0984,-0.0168,-0.3879,0.6879,0.2376,0.0653,0.2464,-0.1885,-0.0187,1.0170
22.2204,0.6289,0.7585,0.2389,0.0871,0.2542,-0.0972,-0.0168,-0.3855,0.6887,0.2376,0.0653,0.2464,-0.1870,-0.0187,1.0168
22.2401,0.6305,0.7590,0.2383,0.0882,0.2541,-0.0962,-0.0184,-0.3837,0.6892,0.2394,0.0668,0.2485,-0.1864,-0.0109,1.0166
22.2501,0.6327,0.7599,0.2369,0.0883,0.2529,-0.0939,-0.0218,-0.3810,0.6902,0.2395,0.0671,0.2487,-0.1839,-0.0056,1.0161
22.2503,0.6348,0.7607,0.2369,0.0883,0.2529,-0.0923,-0.0218,-0.3787,0.6911,0.2395,0.0671,0.2487,-0.1819,-0.0056,1.0159
22.2601,0.6369,0.7616,0.2370,0.0896,0.2534,-0.0905,-0.0244,-0.3764,0.6919,0.2423,0.0692,0.2519,-0.1800,-0.0012,1.0157
22.2604,0.6391,0.7626,0.2370,0.0896,0.2534,-0.0888,-0.0244,-0.3740,0.6928,0.2423,0.0692,0.2519,-0.1783,-0.0012,1.0155
22.2799,0.6411,0.7634,0.2376,0.0913,0.2545,-0.0877,-0.0428,-0.3720,0.6935,0.2444,0.0706,0.2544,-0.1770,0.0042,1.0155
22.2803,0.6433,0.7644,0.2376,0.0913,0.2545,-0.0868,-0.0428,-0.3699,0.6943,0.2444,0.0706,0.2544,-0.1751,0.0042,1.0156
22.2900,0.6454,0.7654,0.2377,0.0930,0.2553,-0.0863,-0.0569,-0.3678,0.6951,0.2452,0.0718,0.2555,-0.1734,0.0097,1.0156
22.2904,0.6476,0.7665,0.2377,0.0930,0.2553,-0.0847,-0.0569,-0.3657,0.6960,0.2456,0.0725,0.2561,-0.1721,0.0132,1.0157
22.3101,0.6496,0.7673,0.2383,0.0952,0.2566,-0.0839,-0.0639,-0.3636,0.6968,0.2463,0.0733,0.2569,-0.1705,0.0184,1.0157
22.3104,0.6518,0.7683,0.2383,0.0958,0.2568,-0.0827,-0.0622,-0.3614,0.6978,0.2466,0.0739,0.2574,-0.1690,0.0220,1.0156
22.3301,0.6538,0.7693,0.2385,0.0964,0.2573,-0.0819,-0.0625,-0.3591,0.6987,0.2472,0.0750,0.2583,-0.1678,0.0321,1.0154
22.3304,0.6559,0.7705,0.2385,0.0964,0.2573,-0.0813,-0.0625,-0.3567,0.6996,0.2472,0.0750,0.2583,-0.1662,0.0321,1.0151
22.3400,0.6577,0.7714,0.2387,0.0976,0.2579,-0.0809,-0.0547,-0.3546,0.7003,0.2484,0.0765,0.2599,-0.1651,0.0375,1.0147
22.3403,0.6597,0.7724,0.2387,0.0976,0.2579,-0.0804,-0.0547,-0.3521,0.7011,0.2484,0.0765,0.2599,-0.1630,0.0375,1.0143
22.3602,0.6617,0.7734,0.2398,0.0979,0.2590,-0.0791,-0.0173,-0.3498,0.7019,0.2509,0.0781,0.2628,-0.1612,0.0367,1.0140
22.3605,0.6637,0.7743,0.2398,0.0979,0.2590,-0.0784,-0.0173,-0.3475,0.7027,0.2509,0.0781,0.2628,-0.1595,0.0367,1.0138
22.3803,0.6660,0.7754,0.2413,0.0979,0.2604,-0.0777,-0.0025,-0.3452,0.7037,0.2520,0.0795,0.2643,-0.1579,0.0400,1.0137
22.3806,0.6678,0.7763,0.2413,0.0979,0.2604,-0.0772,-0.0025,-0.3431,0.7045,0.2526,0.0802,0.2650,-0.1563,0.0431,1.0135
22.3899,0.6701,0.7773,0.2430,0.0988,0.2623,-0.0761,-0.0041,-0.3407,0.7056,0.2528,0.0806,0.2654,-0.1548,0.0445,1.0134
22.3904,0.6722,0.7783,0.2430,0.0988,0.2623,-0.0753,-0.0041,-0.3387,0.7066,0.2528,0.0806,0.2654,-0.1534,0.0445,1.0134
22.4102,0.6763,0.7803,0.2448,0.0997,0.2643,-0.0726,0.0000,-0.3365,0.7076,0.2534,0.0822,0.2665,-0.1523,0.0450,1.0154
22.4104,0.6763,0.7803,0.2448,0.0997,0.2643,-0.0726,0.0000,-0.3345,0.7085,0.2538,0.0831,0.2671,-0.1514,0.0459,1.0134
22.4300,0.6784,0.7813,0.2457,0.1001,0.2653,-0.0713,0.0007,-0.3323,0.7094,0.2543,0.0837,0.2677,-0.1501,0.0458,1.0133
22.4305,0.6805,0.7823,0.2457,0.1001,0.2653,-0.0700,0.0007,-0.3301,0.7104,0.2543,0.0837,0.2677,-0.1492,0.0458,1.0131
22.4400,0.6826,0.7832,0.2459,0.1009,0.2658,-0.0683,0.0055,-0.3278,0.7114,0.2558,0.0852,0.2696,-0.1478,0.0425,1.0130
22.4405,0.6848,0.7842,0.2459,0.1009,0.2658,-0.0668,0.0055,-0.3254,0.7124,0.2568,0.0862,0.2709,-0.1463,0.0393,1.0127
22.4602,0.6869,0.7853,0.2466,0.1022,0.2669,-0.0648,0.0145,-0.3230,0.7134,0.2578,0.0873,0.2722,-0.1436,0.0349,1.0125
22.4697,0.6891,0.7863,0.2469,0.1030,0.2676,-0.0631,0.0177,-0.3208,0.7144,0.2588,0.0884,0.2735,-0.1419,0.0316,1.0124
22.4700,0.6907,0.7871,0.2469,0.1030,0.2676,-0.0621,0.0177,-0.3190,0.7152,0.2591,0.0894,0.2741,-0.1407,0.0303,1.0122
22.4903,0.6932,0.7884,0.2466,0.1038,0.2675,-0.0601,0.0191,-0.3164,0.7164,0.2590,0.0900,0.2742,-0.1384,0.0286,1.0122
22.4907,0.6955,0.7895,0.2466,0.1038,0.2675,-0.0587,0.0191,-0.3142,0.7175,0.2596,0.0915,0.2753,-0.1367,0.0269,1.0123
22.5002,0.6998,0.7918,0.2480,0.1059,0.2697,-0.0556,0.0186,-0.3119,0.7187,0.2599,0.0929,0.2761,-0.1353,0.0254,1.0143
22.5005,0.6998,0.7918,0.2480,0.1059,0.2697,-0.0556,0.0186,-0.3097,0.7199,0.2599,0.0929,0.2761,-0.1340,0.0254,1.0121
22.5200,0.7018,0.7929,0.2482,0.1078,0.2706,-0.0545,0.0161,-0.3076,0.7211,0.2598,0.0957,0.2769,-0.1327,0.0233,1.0119
22.5202,0.7039,0.7941,0.2482,0.1078,0.2706,-0.0532,0.0161,-0.3054,0.7223,0.2598,0.0957,0.2769,-0.1315,0.0233,1.0118
22.5298,0.7059,0.7953,0.2480,0.1100,0.2713,-0.0522,0.0153,-0.3032,0.7234,0.2606,0.0982,0.2785,-0.1303,0.0233,1.0116
22.5303,0.7080,0.7966,0.2480,0.1100,0.2713,-0.0510,0.0153,-0.3008,0.7246,0.2606,0.0982,0.2785,-0.1290,0.0233,1.0114
22.5503,0.7099,0.7977,0.2481,0.1118,0.2722,-0.0501,0.0164,-0.2988,0.7256,0.2621,0.1002,0.2806,-0.1277,0.0237,1.0113
22.5507,0.7122,0.7990,0.2481,0.1118,0.2722,-0.0490,0.0164,-0.2964,0.7268,0.2628,0.1011,0.2816,-0.1257,0.0245,1.0112
22.5700,0.7140,0.7999,0.2479,0.1132,0.2725,-0.0482,0.0212,-0.2944,0.7279,0.2630,0.1021,0.2821,-0.1248,0.0241,1.0110
22.5703,0.7161,0.8012,0.2479,0.1132,0.2725,-0.0468,0.0212,-0.2922,0.7292,0.2630,0.1021,0.2821,-0.1226,0.0241,1.0108
22.5802,0.7178,0.8021,0.2479,0.1146,0.2732,-0.0461,0.0260,-0.2903,0.7301,0.2640,0.1052,0.2842,-0.1212,0.0218,1.0107
22.5807,0.7199,0.8034,0.2479,0.1146,0.2732,-0.0449,0.0260,-0.2881,0.7315,0.2631,0.1062,0.2837,-0.1193,0.0210,1.0105
22.6000,0.7218,0.8047,0.2480,0.1161,0.2738,-0.0445,0.0282,-0.2859,0.7327,0.2641,0.1080,0.2854,-0.1177,0.0202,1.0103
22.6003,0.7238,0.8059,0.2480,0.1161,0.2738,-0.0437,0.0282,-0.2837,0.7340,0.2641,0.1080,0.2854,-0.1164,0.0202,1.0101
22.6200,0.7258,0.8071,0.2483,0.1177,0.2748,-0.0429,0.0268,-0.2815,0.7352,0.2646,0.1104,0.2867,-0.1155,0.0180,1.0098
22.6203,0.7278,0.8082,0.2477,0.1182,0.2745,-0.0421,0.0247,-0.2793,0.7364,0.2646,0.1104,0.2867,-0.1144,0.0180,1.0096
22.6301,0.7297,0.8093,0.2476,0.1188,0.2746,-0.0412,0.0244,-0.2771,0.7376,0.2643,0.1121,0.2871,-0.1136,0.0165,1.0093
22.6304,0.7317,0.8105,0.2476,0.1188,0.2746,-0.0395,0.0244,-0.2747,0.7389,0.2648,0.1131,0.2880,-0.1126,0.0178,1.0090
22.6504,0.7337,0.8117,0.2472,0.1203,0.2749,-0.0383,0.0263,-0.2725,0.7402,0.2654,0.1143,0.2889,-0.1111,0.0184,1.0087
22.6509,0.7354,0.8129,0.2472,0.1203,0.2749,-0.0372,0.0263,-0.2703,0.7413,0.2654,0.1143,0.2889,-0.1100,0.0184,1.0083
22.6701,0.7372,0.8140,0.2464,0.1221,0.2750,-0.0360,0.0279,-0.2682,0.7424,0.2662,0.1165,0.2906,-0.1089,0.0185,1.0079
22.6704,0.7389,0.8153,0.2464,0.1221,0.2750,-0.0349,0.0279,-0.2661,0.7436,0.2652,0.1169,0.2899,-0.1074,0.0198,1.0076
22.6800,0.7407,0.8165,0.2448,0.1236,0.2742,-0.0339,0.0242,-0.2642,0.7448,0.2654,0.1181,0.2904,-0.1064,0.0208,1.0074
22.6803,0.7426,0.8180,0.2448,0.1236,0.2742,-0.0323,0.0242,-0.2619,0.7464,0.2654,0.1181,0.2904,-0.1055,0.0208,1.0071
22.7000,0.7445,0.8191,0.2443,0.1257,0.2748,-0.0313,0.0241,-0.2598,0.7477,0.2652,0.1210,0.2915,-0.1046,0.0212,1.0068
22.7100,0.7467,0.8205,0.2439,0.1265,0.2747,-0.0297,0.0243,-0.2572,0.7492,0.2652,0.1223,0.2921,-0.1034,0.0176,1.0064
22.7102,0.7481,0.8214,0.2439,0.1265,0.2747,-0.0287,0.0243,-0.2553,0.7501,0.2652,0.1223,0.2921,-0.1026,0.0176,1.0059
22.7301,0.7502,0.8229,0.2427,0.1276,0.2742,-0.0273,0.0246,-0.2526,0.7515,0.2651,0.1243,0.2928,-0.1008,0.0132,1.0053
22.7304,0.7518,0.8240,0.2427,0.1276,0.2742,-0.0260,0.0246,-0.2505,0.7526,0.2658,0.1256,0.2940,-0.0993,0.0131,1.0049
22.7401,0.7553,0.8265,0.2426,0.1299,0.2752,-0.0228,0.0233,-0.2482,0.7538,0.2663,0.1268,0.2950,-0.0978,0.0154,1.0061
22.7404,0.7553,0.8265,0.2426,0.1299,0.2752,-0.0228,0.0233,-0.2462,0.7550,0.2655,0.1272,0.2944,-0.0964,0.0204,1.0041
22.7602,0.7571,0.8277,0.2410,0.1315,0.2745,-0.0215,0.0150,-0.2442,0.7564,0.2649,0.1278,0.2942,-0.0948,0.0227,1.0038
22.7604,0.7589,0.8289,0.2410,0.1315,0.2745,-0.0199,0.0150,-0.2422,0.7579,0.2649,0.1278,0.2942,-0.0938,0.0227,1.0037
22.7699,0.7608,0.8302,0.2397,0.1327,0.2740,-0.0181,0.0193,-0.2401,0.7594,0.2637,0.1302,0.2941,-0.0931,0.0218,1.0034
22.7701,0.7625,0.8315,0.2397,0.1327,0.2740,-0.0166,0.0193,-0.2381,0.7609,0.2637,0.1302,0.2941,-0.0922,0.0218,1.0031
22.7899,0.7641,0.8328,0.2384,0.1342,0.2736,-0.0155,0.0232,-0.2362,0.7622,0.2636,0.1332,0.2954,-0.0915,0.0183,1.0027
22.7903,0.7658,0.8341,0.2384,0.1342,0.2736,-0.0141,0.0232,-0.2339,0.7636,0.2632,0.1342,0.2955,-0.0908,0.0165,1.0021
22.8102,0.7673,0.8354,0.2364,0.1353,0.2724,-0.0129,0.0205,-0.2318,0.7649,0.2636,0.1353,0.2962,-0.0901,0.0155,1.0016
22.8200,0.7691,0.8368,0.2354,0.1362,0.2720,-0.0119,0.0217,-0.2296,0.7663,0.2636,0.1361,0.2967,-0.0890,0.0154,1.0012
22.8203,0.7705,0.8379,0.2346,0.1371,0.2717,-0.0114,0.0229,-0.2278,0.7674,0.2635,0.1370,0.2970,-0.0881,0.0169,1.0008
22.8300,0.7724,0.8394,0.2334,0.1371,0.2707,-0.0102,0.0237,-0.2255,0.7689,0.2627,0.1374,0.2965,-0.0867,0.0228,1.0003
22.8303,0.7741,0.8407,0.2330,0.1378,0.2707,-0.0092,0.0234,-0.2235,0.7702,0.2627,0.1374,0.2965,-0.0853,0.0228,1.0000
22.8501,0.7758,0.8421,0.2327,0.1387,0.2709,-0.0079,0.0226,-0.2212,0.7718,0.2622,0.1397,0.2971,-0.0838,0.0327,0.9996
22.8504,0.7774,0.8434,0.2323,0.1395,0.2710,-0.0069,0.0215,-0.2194,0.7732,0.2618,0.1412,0.2974,-0.0831,0.0336,0.9993
22.8600,0.7789,0.8446,0.2314,0.1400,0.2705,-0.0058,0.0137,-0.2177,0.7745,0.2607,0.1425,0.2971,-0.0822,0.0308,0.9991
22.8700,0.7809,0.8462,0.2304,0.1407,0.2699,-0.0038,0.0133,-0.2154,0.7763,0.2597,0.1436,0.2968,-0.0812,0.0276,0.9987
22.8702,0.7823,0.8475,0.2297,0.1417,0.2699,-0.0028,0.0140,-0.2136,0.7778,0.2597,0.1436,0.2968,-0.0807,0.0276,0.9984
22.8898,0.7842,0.8490,0.2290,0.1425,0.2697,-0.0021,0.0143,-0.2113,0.7794,0.2591,0.1466,0.2977,-0.0800,0.0242,0.9979
22.8901,0.7857,0.8503,0.2290,0.1425,0.2697,-0.0010,0.0143,-0.2093,0.7808,0.2588,0.1476,0.2979,-0.0792,0.0246,0.9975
22.9099,0.7874,0.8517,0.2270,0.1439,0.2688,0.0001,0.0148,-0.2071,0.7824,0.2586,0.1484,0.2982,-0.0783,0.0250,0.9969
22.9101,0.7889,0.8530,0.2270,0.1439,0.2688,0.0009,0.0148,-0.2051,0.7838,0.2586,0.1484,0.2982,-0.0772,0.0250,0.9964
22.9201,0.7904,0.8544,0.2251,0.1454,0.2680,0.0016,0.0275,-0.2032,0.7853,0.2587,0.1507,0.2993,-0.0761,0.0249,0.9960
22.9205,0.7920,0.8560,0.2251,0.1454,0.2680,0.0026,0.0275,-0.2010,0.7871,0.2583,0.1519,0.2996,-0.0747,0.0257,0.9954
22.9404,0.7934,0.8573,0.2229,0.1474,0.2673,0.0038,0.0273,-0.1991,0.7886,0.2581,0.1534,0.3002,-0.0734,0.0269,0.9949
22.9500,0.7950,0.8588,0.2215,0.1481,0.2665,0.0047,0.0253,-0.1971,0.7903,0.2573,0.1544,0.3001,-0.0725,0.0276,0.9944
22.9505,0.7964,0.8603,0.2215,0.1481,0.2665,0.0052,0.0253,-0.1951,0.7920,0.2566,0.1559,0.3003,-0.0713,0.0270,0.9939
22.9602,0.7979,0.8618,0.2189,0.1500,0.2654,0.0058,0.0167,-0.1930,0.7937,0.2558,0.1572,0.3002,-0.0695,0.0268,0.9932
22.9606,0.7993,0.8632,0.2189,0.1500,0.2654,0.0063,0.0167,-0.1911,0.7953,0.2557,0.1586,0.3008,-0.0678,0.0293,0.9928
22.9801,0.8008,0.8646,0.2172,0.1522,0.2653,0.0066,0.0154,-0.1892,0.7969,0.2558,0.1603,0.3018,-0.0667,0.0329,0.9924
22.9806,0.8023,0.8659,0.2172,0.1522,0.2653,0.0069,0.0154,-0.1876,0.7984,0.2558,0.1603,0.3018,-0.0656,0.0329,0.9922
23.0001,0.8041,0.8675,0.2136,0.1527,0.2626,0.0071,0.0169,-0.1857,0.8004,0.2532,0.1618,0.3005,-0.0643,0.0382,0.9921
23.0005,0.8057,0.8688,0.2136,0.1527,0.2626,0.0076,0.0169,-0.1841,0.8021,0.2532,0.1618,0.3005,-0.0634,0.0382,0.9920
23.0202,0.8073,0.8702,0.2118,0.1539,0.2618,0.0084,0.0184,-0.1824,0.8042,0.2512,0.1644,0.3002,-0.0628,0.0388,0.9918
23.0204,0.8085,0.8715,0.2118,0.1539,0.2618,0.0087,0.0184,-0.1809,0.8058,0.2505,0.1662,0.3006,-0.0623,0.0382,0.9916
23.0301,0.8099,0.8730,0.2094,0.1548,0.2604,0.0091,0.0205,-0.1791,0.8075,0.2490,0.1670,0.2998,-0.0619,0.0378,0.9912
23.0402,0.8116,0.8749,0.2081,0.1554,0.2597,0.0094,0.0211,-0.1770,0.8096,0.2481,0.1683,0.2998,-0.0605,0.0377,0.9907
23.0406,0.8127,0.8762,0.2081,0.1554,0.2597,0.0095,0.0211,-0.1754,0.8111,0.2481,0.1683,0.2998,-0.0595,0.0377,0.9902
23.0601,0.8143,0.8779,0.2055,0.1570,0.2586,0.0094,0.0213,-0.1733,0.8132,0.2468,0.1711,0.3003,-0.0578,0.0380,0.9897
23.0603,0.8157,0.8793,0.2055,0.1570,0.2586,0.0094,0.0213,-0.1716,0.8150,0.2468,0.1711,0.3003,-0.0564,0.0380,0.9894
23.0697,0.8172,0.8808,0.2034,0.1587,0.2579,0.0093,0.0211,-0.1698,0.8170,0.2457,0.1742,0.3012,-0.0543,0.0391,0.9891
23.0701,0.8172,0.8808,0.2034,0.1587,0.2579,0.0093,0.0211,-0.1680,0.8190,0.2457,0.1742,0.3012,-0.0526,0.0391,0.9871
23.0902,0.8204,0.8838,0.2020,0.1603,0.2579,0.0095,0.0187,-0.1661,0.8211,0.2447,0.1778,0.3024,-0.0509,0.0388,0.9885
23.0906,0.8215,0.8850,0.2020,0.1603,0.2579,0.0096,0.0187,-0.1646,0.8226,0.2447,0.1778,0.3024,-0.0498,0.0388,0.9881
23.1001,0.8229,0.8864,0.1994,0.1606,0.2560,0.0097,0.0175,-0.1628,0.8245,0.2427,0.1798,0.3020,-0.0482,0.0409,0.9876
23.1006,0.8244,0.8880,0.1994,0.1606,0.2560,0.0098,0.0175,-0.1608,0.8266,0.2427,0.1798,0.3020,-0.0461,0.0409,0.9871
23.1201,0.8256,0.8894,0.1972,0.1618,0.2551,0.0098,0.0182,-0.1592,0.8284,0.2414,0.1828,0.3028,-0.0444,0.0456,0.9866
23.1299,0.8271,0.8912,0.1956,0.1624,0.2542,0.0097,0.0180,-0.1573,0.8307,0.2403,0.1839,0.3026,-0.0420,0.0469,0.9863
23.1301,0.8283,0.8926,0.1956,0.1624,0.2542,0.0097,0.0180,-0.1559,0.8327,0.2403,0.1839,0.3026,-0.0407,0.0469,0.9860
23.1502,0.8297,0.8942,0.1932,0.1642,0.2535,0.0094,0.0152,-0.1544,0.8348,0.2376,0.1875,0.3027,-0.0389,0.0466,0.9858
23.1507,0.8308,0.8955,0.1932,0.1642,0.2535,0.0092,0.0152,-0.1529,0.8367,0.2376,0.1875,0.3027,-0.0379,0.0466,0.9855
23.1599,0.8320,0.8969,0.1908,0.1654,0.2525,0.0088,0.0131,-0.1514,0.8387,0.2348,0.1908,0.3026,-0.0365,0.0460,0.9851
23.1601,0.8331,0.8984,0.1896,0.1657,0.2518,0.0083,0.0140,-0.1498,0.8407,0.2348,0.1908,0.3026,-0.0352,0.0460,0.9847
23.1799,0.8342,0.8998,0.1884,0.1661,0.2512,0.0075,0.0155,-0.1483,0.8426,0.2325,0.1941,0.3029,-0.0334,0.0444,0.9842
23.1801,0.8352,0.9014,0.1884,0.1661,0.2512,0.0071,0.0155,-0.1467,0.8446,0.2325,0.1941,0.3029,-0.0314,0.0444,0.9835
23.2001,0.8362,0.9029,0.1852,0.1669,0.2493,0.0068,0.0189,-0.1453,0.8466,0.2305,0.1964,0.3029,-0.0296,0.0430,0.9831
23.2004,0.8373,0.9045,0.1852,0.1669,0.2493,0.0065,0.0189,-0.1438,0.8486,0.2305,0.1964,0.3029,-0.0282,0.0430,0.9827
23.2101,0.8385,0.9059,0.1814,0.1679,0.2472,0.0063,0.0209,-0.1424,0.8506,0.2268,0.1988,0.3016,-0.0270,0.0438,0.9824
23.2198,0.8398,0.9076,0.1808,0.1690,0.2475,0.0061,0.0207,-0.1408,0.8527,0.2258,0.2009,0.3023,-0.0257,0.0435,0.9821
23.2200,0.8410,0.9089,0.1808,0.1690,0.2475,0.0059,0.0207,-0.1394,0.8547,0.2258,0.2009,0.3023,-0.0242,0.0435,0.9819
23.2402,0.8422,0.9104,0.1783,0.1698,0.2462,0.0059,0.0221,-0.1378,0.8567,0.2222,0.2041,0.3017,-0.0231,0.0408,0.9815
23.2406,0.8434,0.9120,0.1783,0.1698,0.2462,0.0060,0.0221,-0.1362,0.8589,0.2208,0.2057,0.3018,-0.0217,0.0362,0.9810
23.2501,0.8444,0.9136,0.1762,0.1711,0.2456,0.0064,0.0249,-0.1346,0.8609,0.2201,0.2077,0.3026,-0.0202,0.0342,0.9805
23.2504,0.8454,0.9151,0.1762,0.1711,0.2456,0.0069,0.0249,-0.1333,0.8630,0.2201,0.2077,0.3026,-0.0186,0.0342,0.9801
23.2700,0.8463,0.9166,0.1729,0.1724,0.2442,0.0072,0.0225,-0.1320,0.8649,0.2178,0.2102,0.3027,-0.0172,0.0352,0.9797
23.2702,0.8475,0.9183,0.1729,0.1724,0.2442,0.0074,0.0225,-0.1305,0.8672,0.2178,0.2102,0.3027,-0.0156,0.0352,0.9794
23.2903,0.8499,0.9211,0.1690,0.1737,0.2423,0.0078,0.0180,-0.1294,0.8690,0.2151,0.2127,0.3025,-0.0145,0.0370,0.9807
23.2905,0.8499,0.9211,0.1690,0.1737,0.2423,0.0078,0.0180,-0.1280,0.8711,0.2135,0.2136,0.3020,-0.0133,0.0372,0.9792
23.3001,0.8512,0.9226,0.1682,0.1740,0.2420,0.0086,0.0176,-0.1266,0.8732,0.2117,0.2150,0.3017,-0.0118,0.0360,0.9790
23.3004,0.8524,0.9240,0.1682,0.1740,0.2420,0.0093,0.0176,-0.1252,0.8751,0.2117,0.2150,0.3017,-0.0103,0.0360,0.9788
23.3201,0.8537,0.9255,0.1665,0.1744,0.2411,0.0099,0.0218,-0.1237,0.8773,0.2088,0.2176,0.3016,-0.0086,0.0344,0.9786
23.3204,0.8546,0.9268,0.1665,0.1744,0.2411,0.0104,0.0218,-0.1226,0.8792,0.2088,0.2176,0.3016,-0.0071,0.0344,0.9784
23.3399,0.8559,0.9284,0.1645,0.1748,0.2400,0.0110,0.0262,-0.1211,0.8815,0.2056,0.2206,0.3016,-0.0053,0.0224,0.9781
23.3402,0.8571,0.9298,0.1645,0.1748,0.2400,0.0113,0.0262,-0.1198,0.8836,0.2056,0.2206,0.3016,-0.0041,0.0224,0.9780
23.3500,0.8583,0.9314,0.1625,0.1753,0.2390,0.0118,0.0306,-0.1184,0.8859,0.2029,0.2237,0.3020,-0.0026,0.0159,0.9777
23.3504,0.8594,0.9328,0.1625,0.1753,0.2390,0.0119,0.0306,-0.1171,0.8879,0.2021,0.2254,0.3027,-0.0016,0.0156,0.9775
23.3701,0.8605,0.9346,0.1609,0.1764,0.2388,0.0118,0.0395,-0.1156,0.8902,0.2012,0.2267,0.3031,-0.0003,0.0155,0.9772
23.3704,0.8615,0.9361,0.1594,0.1767,0.2380,0.0116,0.0422,-0.1143,0.8923,0.1996,0.2276,0.3027,0.0008,0.0137,0.9768
23.3901,0.8623,0.9375,0.1584,0.1773,0.2377,0.0115,0.0455,-0.1132,0.8941,0.1985,0.2290,0.3031,0.0017,0.0127,0.9765
23.3905,0.8633,0.9391,0.1584,0.1773,0.2377,0.0115,0.0455,-0.1120,0.8962,0.1985,0.2290,0.3031,0.0026,0.0127,0.9762
23.4001,0.8645,0.9410,0.1552,0.1777,0.2359,0.0115,0.0478,-0.1106,0.8986,0.1947,0.2308,0.3020,0.0033,0.0124,0.9761
23.4005,0.8657,0.9428,0.1552,0.1777,0.2359,0.0114,0.0478,-0.1093,0.9008,0.1947,0.2308,0.3020,0.0038,0.0124,0.9759
23.4204,0.8668,0.9445,0.1536,0.1795,0.2362,0.0113,0.0483,-0.1080,0.9028,0.1916,0.2340,0.3025,0.0042,0.0115,0.9756
23.4207,0.8678,0.9462,0.1536,0.1795,0.2362,0.0112,0.0483,-0.1065,0.9047,0.1905,0.2350,0.3025,0.0043,0.0109,0.9752
23.4402,0.8688,0.9481,0.1515,0.1805,0.2357,0.0112,0.0481,-0.1050,0.9065,0.1890,0.2352,0.3017,0.0048,0.0098,0.9747
23.4405,0.8697,0.9499,0.1515,0.1805,0.2357,0.0111,0.0481,-0.1036,0.9082,0.1890,0.2352,0.3017,0.0057,0.0098,0.9742
23.4497,0.8706,0.9517,0.1495,0.1821,0.2356,0.0110,0.0458,-0.1023,0.9097,0.1869,0.2356,0.3007,0.0069,0.0104,0.9738
23.4597,0.8717,0.9538,0.1484,0.1828,0.2355,0.0107,0.0459,-0.1006,0.9115,0.1857,0.2354,0.2999,0.0088,0.0136,0.9732
23.4599,0.8727,0.9555,0.1477,0.1839,0.2359,0.0107,0.0461,-0.0992,0.9131,0.1857,0.2354,0.2999,0.0096,0.0136,0.9728
23.4802,0.8736,0.9573,0.1467,0.1847,0.2358,0.0108,0.0459,-0.0979,0.9147,0.1839,0.2357,0.2989,0.0100,0.0192,0.9724
23.4805,0.8746,0.9590,0.1467,0.1847,0.2358,0.0109,0.0459,-0.0966,0.9164,0.1839,0.2357,0.2989,0.0106,0.0192,0.9722
23.4901,0.8757,0.9609,0.1447,0.1863,0.2359,0.0113,0.0446,-0.0953,0.9183,0.1820,0.2360,0.2980,0.0117,0.0156,0.9719
23.4905,0.8766,0.9627,0.1431,0.1869,0.2354,0.0116,0.0437,-0.0942,0.9203,0.1820,0.2360,0.2980,0.0123,0.0156,0.9718
23.5101,0.8775,0.9646,0.1419,0.1879,0.2355,0.0122,0.0418,-0.0932,0.9222,0.1798,0.2364,0.2970,0.0129,0.0110,0.9716
23.5106,0.8786,0.9667,0.1419,0.1879,0.2355,0.0127,0.0418,-0.0920,0.9246,0.1783,0.2361,0.2958,0.0134,0.0047,0.9715
23.5299,0.8794,0.9683,0.1400,0.1904,0.2363,0.0128,0.0355,-0.0912,0.9261,0.1777,0.2376,0.2967,0.0136,-0.0008,0.9715
23.5301,0.8805,0.9703,0.1400,0.1904,0.2363,0.0132,0.0355,-0.0899,0.9281,0.1777,0.2376,0.2967,0.0138,-0.0008,0.9714
23.5400,0.8816,0.9719,0.1380,0.1909,0.2355,0.0136,0.0329,-0.0887,0.9295,0.1741,0.2368,0.2940,0.0141,-0.0033,0.9712
23.5503,0.8828,0.9738,0.1378,0.1916,0.2360,0.0141,0.0327,-0.0873,0.9310,0.1734,0.2367,0.2934,0.0143,-0.0022,0.9710
23.5507,0.8838,0.9754,0.1369,0.1917,0.2356,0.0150,0.0327,-0.0860,0.9323,0.1734,0.2367,0.2934,0.0145,-0.0022,0.9707
23.5703,0.8846,0.9770,0.1362,0.1923,0.2356,0.0159,0.0334,-0.0848,0.9335,0.1712,0.2346,0.2904,0.0147,0.0250,0.9704
23.5707,0.8856,0.9790,0.1362,0.1923,0.2356,0.0172,0.0334,-0.0834,0.9351,0.1700,0.2330,0.2884,0.0150,0.0361,0.9700
23.5801,0.8865,0.9807,0.1336,0.1934,0.2351,0.0185,0.0377,-0.0823,0.9367,0.1692,0.2322,0.2873,0.0159,0.0449,0.9697
23.5806,0.8873,0.9825,0.1336,0.1934,0.2351,0.0195,0.0377,-0.0812,0.9383,0.1676,0.2312,0.2856,0.0182,0.0471,0.9696
23.6003,0.8882,0.9844,0.1316,0.1952,0.2354,0.0202,0.0400,-0.0805,0.9401,0.1668,0.2315,0.2853,0.0205,0.0445,0.9697
23.6007,0.8891,0.9864,0.1316,0.1952,0.2354,0.0206,0.0400,-0.0798,0.9420,0.1668,0.2315,0.2853,0.0219,0.0445,0.9700
23.6203,0.8900,0.9884,0.1295,0.1967,0.2356,0.0212,0.0399,-0.0793,0.9438,0.1619,0.2309,0.2820,0.0224,0.0382,0.9703
23.6208,0.8909,0.9905,0.1288,0.1981,0.2362,0.0216,0.0397,-0.0786,0.9455,0.1619,0.2309,0.2820,0.0226,0.0382,0.9706
23.6300,0.8918,0.9923,0.1277,0.1987,0.2362,0.0219,0.0401,-0.0780,0.9470,0.1575,0.2297,0.2785,0.0229,0.0389,0.9708
23.6303,0.8928,0.9942,0.1277,0.1987,0.2362,0.0222,0.0401,-0.0772,0.9486,0.1559,0.2287,0.2768,0.0230,0.0397,0.9710
23.6503,0.8938,0.9961,0.1262,0.2000,0.2365,0.0223,0.0405,-0.0761,0.9504,0.1543,0.2276,0.2750,0.0232,0.0423,0.9710
23.6508,0.8948,0.9979,0.1262,0.2000,0.2365,0.0226,0.0405,-0.0751,0.9521,0.1535,0.2272,0.2742,0.0237,0.0473,0.9710
23.6700,0.8958,0.9999,0.1257,0.2020,0.2379,0.0230,0.0399,-0.0740,0.9539,0.1527,0.2268,0.2734,0.0249,0.0509,0.9708
23.6703,0.8966,1.0017,0.1253,0.2030,0.2386,0.0233,0.0395,-0.0730,0.9556,0.1518,0.2264,0.2726,0.0265,0.0523,0.9707
23.6800,0.8976,1.0038,0.1248,0.2037,0.2389,0.0238,0.0380,-0.0720,0.9575,0.1506,0.2260,0.2716,0.0286,0.0519,0.9707
23.6803,0.8984,1.0056,0.1248,0.2037,0.2389,0.0243,0.0380,-0.0713,0.9594,0.1506,0.2260,0.2716,0.0299,0.0519,0.9708
23.7001,0.8995,1.0076,0.1244,0.2053,0.2400,0.0248,0.0361,-0.0706,0.9615,0.1479,0.2256,0.2697,0.0316,0.0493,0.9712
23.7003,0.9007,1.0096,0.1244,0.2053,0.2400,0.0252,0.0361,-0.0699,0.9635,0.1479,0.2256,0.2697,0.0331,0.0493,0.9717
23.7202,0.9015,1.0110,0.1245,0.2073,0.2418,0.0254,0.0329,-0.0694,0.9651,0.1450,0.2259,0.2684,0.0336,0.0493,0.9720
23.7205,0.9025,1.0130,0.1245,0.2073,0.2418,0.0258,0.0329,-0.0686,0.9672,0.1450,0.2259,0.2684,0.0343,0.0493,0.9722
23.7303,0.9035,1.0148,0.1231,0.2081,0.2418,0.0267,0.0308,-0.0678,0.9692,0.1416,0.2251,0.2659,0.0362,0.0482,0.9724
23.7306,0.9044,1.0167,0.1226,0.2088,0.2421,0.0274,0.0296,-0.0669,0.9711,0.1401,0.2250,0.2650,0.0386,0.0480,0.9724
23.7502,0.9052,1.0185,0.1220,0.2093,0.2423,0.0281,0.0274,-0.0660,0.9731,0.1385,0.2245,0.2638,0.0414,0.0477,0.9723
23.7505,0.9062,1.0205,0.1220,0.2093,0.2423,0.0286,0.0274,-0.0651,0.9751,0.1385,0.2245,0.2638,0.0445,0.0477,0.9723
23.7701,0.9070,1.0223,0.1215,0.2107,0.2432,0.0290,0.0273,-0.0643,0.9770,0.1364,0.2243,0.2625,0.0475,0.0459,0.9724
23.7704,0.9080,1.0242,0.1215,0.2107,0.2432,0.0292,0.0273,-0.0634,0.9791,0.1355,0.2243,0.2620,0.0505,0.0432,0.9725
23.7798,0.9089,1.0260,0.1209,0.2118,0.2439,0.0297,0.0273,-0.0626,0.9810,0.1342,0.2237,0.2609,0.0528,0.0416,0.9725
23.7800,0.9099,1.0281,0.1209,0.2118,0.2439,0.0303,0.0273,-0.0617,0.9832,0.1342,0.2237,0.2609,0.0554,0.0416,0.9726
23.8001,0.9117,1.0319,0.1200,0.2140,0.2453,0.0316,0.0268,-0.0610,0.9851,0.1327,0.2242,0.2605,0.0574,0.0419,0.9738
23.8003,0.9117,1.0319,0.1200,0.2140,0.2453,0.0316,0.0268,-0.0601,0.9871,0.1327,0.2242,0.2605,0.0600,0.0419,0.9729
23.8201,0.9126,1.0338,0.1186,0.2157,0.2462,0.0323,0.0201,-0.0594,0.9894,0.1301,0.2240,0.2591,0.0628,0.0384,0.9730
23.8204,0.9135,1.0357,0.1186,0.2157,0.2462,0.0330,0.0201,-0.0588,0.9914,0.1287,0.2240,0.2583,0.0656,0.0389,0.9733
23.8303,0.9145,1.0377,0.1177,0.2178,0.2476,0.0337,0.0123,-0.0583,0.9935,0.1276,0.2244,0.2581,0.0689,0.0373,0.9738
23.8307,0.9154,1.0395,0.1177,0.2178,0.2476,0.0342,0.0123,-0.0579,0.9956,0.1276,0.2244,0.2581,0.0735,0.0373,0.9744
23.8500,0.9163,1.0414,0.1167,0.2195,0.2486,0.0350,0.0046,-0.0575,0.9977,0.1237,0.2241,0.2559,0.0762,0.0294,0.9748
23.8505,0.9171,1.0431,0.1167,0.2195,0.2486,0.0357,0.0046,-0.0571,0.9996,0.1218,0.2237,0.2547,0.0783,0.0236,0.9752
23.8699,0.9181,1.0452,0.1154,0.2206,0.2490,0.0369,-0.0039,-0.0566,1.0019,0.1199,0.2234,0.2536,0.0814,0.0221,0.9757
23.8701,0.9190,1.0470,0.1154,0.2206,0.2490,0.0375,-0.0039,-0.0562,1.0037,0.1181,0.2234,0.2527,0.0836,0.0241,0.9762
23.8799,0.9200,1.0490,0.1149,0.2216,0.2496,0.0383,-0.0098,-0.0559,1.0059,0.1162,0.2229,0.2514,0.0859,0.0252,0.9768
23.8803,0.9208,1.0507,0.1149,0.2216,0.2496,0.0389,-0.0098,-0.0557,1.0077,0.1162,0.2229,0.2514,0.0881,0.0252,0.9775
23.9002,0.9217,1.0525,0.1150,0.2231,0.2510,0.0392,-0.0111,-0.0556,1.0098,0.1125,0.2232,0.2499,0.0902,0.0283,0.9783
23.9005,0.9226,1.0544,0.1150,0.2231,0.2510,0.0396,-0.0111,-0.0555,1.0119,0.1125,0.2232,0.2499,0.0918,0.0283,0.9790
23.9097,0.9234,1.0563,0.1138,0.2233,0.2506,0.0404,-0.0120,-0.0553,1.0139,0.1077,0.2222,0.2469,0.0932,0.0354,0.9796
23.9099,0.9242,1.0583,0.1138,0.2233,0.2506,0.0417,-0.0120,-0.0551,1.0159,0.1053,0.2222,0.2459,0.0945,0.0377,0.9802
23.9300,0.9250,1.0602,0.1129,0.2241,0.2510,0.0428,-0.0124,-0.0548,1.0178,0.1029,0.2225,0.2451,0.0964,0.0387,0.9807
23.9303,0.9260,1.0623,0.1129,0.2241,0.2510,0.0437,-0.0124,-0.0542,1.0201,0.1005,0.2226,0.2442,0.0994,0.0383,0.9811
23.9505,0.9276,1.0661,0.1122,0.2248,0.2512,0.0459,-0.0163,-0.0538,1.0219,0.0988,0.2238,0.2447,0.1017,0.0372,0.9824
23.9508,0.9276,1.0661,0.1122,0.2248,0.2512,0.0459,-0.0163,-0.0533,1.0240,0.0969,0.2245,0.2445,0.1047,0.0328,0.9818
23.9597,0.9285,1.0679,0.1118,0.2247,0.2509,0.0468,-0.0191,-0.0529,1.0261,0.0945,0.2250,0.2441,0.1073,0.0244,0.9823
23.9599,0.9292,1.0695,0.1118,0.2247,0.2509,0.0477,-0.0191,-0.0526,1.0280,0.0925,0.2259,0.2441,0.1090,0.0197,0.9827
23.9801,0.9302,1.0715,0.1112,0.2246,0.2506,0.0489,-0.0198,-0.0522,1.0304,0.0905,0.2267,0.2441,0.1112,0.0173,0.9832
23.9806,0.9311,1.0735,0.1112,0.2250,0.2509,0.0505,-0.0183,-0.0517,1.0327,0.0889,0.2280,0.2447,0.1137,0.0170,0.9837
24.0002,0.9318,1.0751,0.1110,0.2251,0.2509,0.0512,-0.0165,-0.0513,1.0348,0.0872,0.2286,0.2447,0.1160,0.0162,0.9840
24.0005,0.9326,1.0769,0.1105,0.2248,0.2504,0.0524,-0.0131,-0.0510,1.0370,0.0858,0.2290,0.2445,0.1183,0.0153,0.9843
24.0104,0.9334,1.0790,0.1102,0.2247,0.2503,0.0535,-0.0099,-0.0505,1.0393,0.0846,0.2295,0.2446,0.1206,0.0201,0.9847
24.0108,0.9341,1.0809,0.1097,0.2247,0.2500,0.0543,-0.0063,-0.0501,1.0414,0.0846,0.2295,0.2446,0.1222,0.0201,0.9849
24.0302,0.9349,1.0831,0.1094,0.2252,0.2504,0.0552,-0.0046,-0.0496,1.0437,0.0822,0.2306,0.2448,0.1246,0.0236,0.9853
24.0306,0.9355,1.0850,0.1094,0.2252,0.2504,0.0557,-0.0046,-0.0492,1.0457,0.0822,0.2306,0.2448,0.1261,0.0236,0.9855
24.0502,0.9362,1.0869,0.1079,0.2262,0.2506,0.0559,-0.0038,-0.0487,1.0477,0.0791,0.2324,0.2455,0.1282,0.0207,0.9857
24.0506,0.9369,1.0890,0.1079,0.2262,0.2506,0.0562,-0.0038,-0.0482,1.0499,0.0791,0.2324,0.2455,0.1302,0.0207,0.9859
24.0604,0.9378,1.0911,0.1063,0.2271,0.2508,0.0566,-0.0092,-0.0477,1.0523,0.0755,0.2353,0.2471,0.1324,-0.0057,0.9862
24.0609,0.9386,1.0931,0.1063,0.2271,0.2508,0.0570,-0.0092,-0.0472,1.0546,0.0742,0.2376,0.2489,0.1345,-0.0154,0.9866
24.0801,0.9393,1.0949,0.1061,0.2283,0.2517,0.0574,-0.0150,-0.0468,1.0569,0.0724,0.2389,0.2496,0.1362,-0.0218,0.9868
24.0901,0.9400,1.0972,0.1057,0.2284,0.2517,0.0583,-0.0169,-0.0463,1.0593,0.0709,0.2405,0.2507,0.1376,-0.0229,0.9871
24.0906,0.9404,1.0989,0.1057,0.2284,0.2517,0.0587,-0.0169,-0.0460,1.0612,0.0698,0.2420,0.2518,0.1383,-0.0233,0.9871
24.1102,0.9408,1.1014,0.1043,0.2290,0.2516,0.0591,-0.0224,-0.0454,1.0637,0.0690,0.2421,0.2517,0.1396,-0.0237,0.9868
24.1107,0.9410,1.1034,0.1043,0.2290,0.2516,0.0591,-0.0224,-0.0448,1.0656,0.0690,0.2434,0.2530,0.1407,-0.0203,0.9866
24.1201,0.9414,1.1057,0.1021,0.2299,0.2516,0.0589,-0.0363,-0.0440,1.0679,0.0689,0.2437,0.2533,0.1439,-0.0181,0.9861
24.1206,0.9416,1.1077,0.1021,0.2299,0.2516,0.0589,-0.0363,-0.0434,1.0698,0.0693,0.2448,0.2544,0.1462,-0.0178,0.9857
24.1400,0.9420,1.1101,0.0996,0.2307,0.2513,0.0584,-0.0454,-0.0428,1.0722,0.0692,0.2456,0.2552,0.1488,-0.0153,0.9855
24.1404,0.9424,1.1121,0.0985,0.2318,0.2518,0.0579,-0.0521,-0.0423,1.0743,0.0688,0.2472,0.2566,0.1510,-0.0158,0.9854
24.1601,0.9428,1.1142,0.0971,0.2319,0.2514,0.0576,-0.0537,-0.0419,1.0765,0.0676,0.2478,0.2569,0.1526,-0.0206,0.9854
24.1605,0.9433,1.1164,0.0971,0.2319,0.2514,0.0574,-0.0537,-0.0414,1.0788,0.0676,0.2478,0.2569,0.1545,-0.0206,0.9855
24.1700,0.9437,1.1184,0.0951,0.2330,0.2517,0.0575,-0.0585,-0.0410,1.0808,0.0651,0.2498,0.2581,0.1568,-0.0250,0.9854
24.1703,0.9442,1.1206,0.0951,0.2330,0.2517,0.0576,-0.0585,-0.0404,1.0831,0.0641,0.2505,0.2586,0.1586,-0.0323,0.9852
24.1899,0.9446,1.1226,0.0932,0.2336,0.2515,0.0581,-0.0627,-0.0398,1.0850,0.0634,0.2512,0.2591,0.1598,-0.0407,0.9851
24.1902,0.9451,1.1246,0.0932,0.2336,0.2515,0.0588,-0.0627,-0.0393,1.0872,0.0634,0.2512,0.2591,0.1609,-0.0407,0.9851
24.2003,0.9455,1.1265,0.0912,0.2340,0.2511,0.0592,-0.0623,-0.0389,1.0891,0.0626,0.2512,0.2589,0.1616,-0.0497,0.9851
24.2005,0.9460,1.1285,0.0897,0.2339,0.2505,0.0598,-0.0594,-0.0386,1.0911,0.0620,0.2512,0.2588,0.1626,-0.0521,0.9853
24.2203,0.9464,1.1307,0.0890,0.2350,0.2513,0.0607,-0.0589,-0.0382,1.0932,0.0617,0.2520,0.2595,0.1638,-0.0531,0.9854
24.2209,0.9468,1.1330,0.0890,0.2350,0.2513,0.0614,-0.0589,-0.0377,1.0954,0.0608,0.2520,0.2592,0.1655,-0.0527,0.9853
24.2400,0.9472,1.1353,0.0866,0.2364,0.2517,0.0617,-0.0594,-0.0371,1.0973,0.0601,0.2524,0.2594,0.1676,-0.0521,0.9850
24.2403,0.9475,1.1374,0.0856,0.2373,0.2522,0.0618,-0.0595,-0.0364,1.0993,0.0596,0.2524,0.2593,0.1695,-0.0505,0.9846
24.2499,0.9479,1.1397,0.0846,0.2378,0.2524,0.0618,-0.0612,-0.0355,1.1013,0.0593,0.2524,0.2593,0.1719,-0.0494,0.9842
24.2502,0.9482,1.1417,0.0846,0.2378,0.2524,0.0616,-0.0612,-0.0348,1.1032,0.0593,0.2524,0.2593,0.1743,-0.0494,0.9838
24.2699,0.9487,1.1442,0.0824,0.2388,0.2526,0.0615,-0.0623,-0.0340,1.1056,0.0589,0.2524,0.2592,0.1770,-0.0449,0.9835
24.2702,0.9491,1.1462,0.0824,0.2388,0.2526,0.0615,-0.0623,-0.0335,1.1076,0.0589,0.2524,0.2592,0.1791,-0.0449,0.9834
24.2901,0.9495,1.1480,0.0806,0.2402,0.2534,0.0614,-0.0618,-0.0332,1.1095,0.0582,0.2530,0.2596,0.1801,-0.0480,0.9834
24.2904,0.9500,1.1505,0.0806,0.2402,0.2534,0.0611,-0.0618,-0.0329,1.1119,0.0582,0.2530,0.2596,0.1811,-0.0480,0.9836
24.3002,0.9503,1.1527,0.0785,0.2412,0.2536,0.0608,-0.0609,-0.0326,1.1142,0.0562,0.2537,0.2599,0.1815,-0.0610,0.9837
24.3005,0.9507,1.1551,0.0785,0.2412,0.2536,0.0603,-0.0609,-0.0323,1.1165,0.0551,0.2541,0.2600,0.1814,-0.0644,0.9837
24.3200,0.9510,1.1573,0.0761,0.2426,0.2542,0.0599,-0.0581,-0.0320,1.1186,0.0542,0.2543,0.2600,0.1812,-0.0673,0.9837
24.3203,0.9513,1.1598,0.0761,0.2426,0.2542,0.0593,-0.0581,-0.0316,1.1210,0.0537,0.2546,0.2602,0.1811,-0.0685,0.9837
24.3401,0.9516,1.1620,0.0736,0.2440,0.2549,0.0585,-0.0576,-0.0313,1.1232,0.0533,0.2550,0.2605,0.1812,-0.0680,0.9837
24.3404,0.9519,1.1644,0.0736,0.2440,0.2549,0.0579,-0.0576,-0.0309,1.1254,0.0533,0.2550,0.2605,0.1815,-0.0680,0.9836
24.3501,0.9522,1.1665,0.0712,0.2459,0.2560,0.0574,-0.0577,-0.0306,1.1274,0.0531,0.2553,0.2608,0.1818,-0.0607,0.9836
24.3504,0.9527,1.1689,0.0712,0.2459,0.2560,0.0572,-0.0577,-0.0303,1.1298,0.0531,0.2553,0.2608,0.1822,-0.0607,0.9837
24.3702,0.9530,1.1710,0.0691,0.2473,0.2568,0.0572,-0.0578,-0.0300,1.1318,0.0527,0.2558,0.2612,0.1822,-0.0618,0.9837
24.3705,0.9533,1.1734,0.0691,0.2473,0.2568,0.0572,-0.0578,-0.0296,1.1340,0.0527,0.2558,0.2612,0.1824,-0.0618,0.9837
24.3900,0.9536,1.1758,0.0667,0.2488,0.2576,0.0572,-0.0593,-0.0292,1.1363,0.0525,0.2563,0.2617,0.1825,-0.0623,0.9836
24.3902,0.9538,1.1779,0.0667,0.2488,0.2576,0.0570,-0.0593,-0.0288,1.1384,0.0525,0.2563,0.2617,0.1826,-0.0623,0.9834
24.4000,0.9539,1.1803,0.0641,0.2508,0.2589,0.0569,-0.0596,-0.0283,1.1408,0.0536,0.2571,0.2626,0.1828,-0.0677,0.9830
24.4004,0.9541,1.1825,0.0641,0.2508,0.2589,0.0566,-0.0596,-0.0279,1.1431,0.0536,0.2571,0.2626,0.1829,-0.0677,0.9828
24.4201,0.9544,1.1850,0.0614,0.2524,0.2597,0.0563,-0.0594,-0.0274,1.1457,0.0549,0.2584,0.2642,0.1831,-0.0754,0.9825
24.4206,0.9546,1.1870,0.0614,0.2524,0.2597,0.0561,-0.0594,-0.0271,1.1479,0.0549,0.2584,0.2642,0.1831,-0.0754,0.9825
24.4298,0.9551,1.1894,0.0593,0.2536,0.2604,0.0557,-0.0582,-0.0267,1.1505,0.0553,0.2601,0.2659,0.1829,-0.0769,0.9826
24.4301,0.9555,1.1915,0.0593,0.2536,0.2604,0.0555,-0.0582,-0.0264,1.1527,0.0553,0.2601,0.2659,0.1829,-0.0769,0.9826
24.4502,0.9558,1.1938,0.0575,0.2549,0.2613,0.0555,-0.0514,-0.0259,1.1551,0.0550,0.2615,0.2672,0.1825,-0.0774,0.9825
24.4505,0.9561,1.1960,0.0575,0.2549,0.2613,0.0555,-0.0514,-0.0255,1.1574,0.0550,0.2615,0.2672,0.1823,-0.0774,0.9824
24.4701,0.9564,1.1982,0.0553,0.2563,0.2622,0.0554,-0.0436,-0.0252,1.1597,0.0548,0.2625,0.2682,0.1819,-0.0769,0.9824
24.4705,0.9568,1.2003,0.0553,0.2563,0.2622,0.0552,-0.0436,-0.0249,1.1623,0.0549,0.2634,0.2690,0.1814,-0.0762,0.9824
24.4800,0.9570,1.2025,0.0531,0.2576,0.2631,0.0549,-0.0410,-0.0247,1.1647,0.0545,0.2637,0.2693,0.1808,-0.0760,0.9825
24.4804,0.9573,1.2048,0.0531,0.2576,0.2631,0.0548,-0.0410,-0.0245,1.1673,0.0545,0.2637,0.2693,0.1794,-0.0760,0.9825
24.5003,0.9575,1.2071,0.0508,0.2594,0.2644,0.0546,-0.0420,-0.0244,1.1697,0.0536,0.2651,0.2705,0.1780,-0.0718,0.9826
24.5006,0.9577,1.2094,0.0508,0.2594,0.2644,0.0544,-0.0420,-0.0242,1.1722,0.0536,0.2651,0.2705,0.1766,-0.0718,0.9826
24.5199,0.9579,1.2117,0.0485,0.2607,0.2652,0.0543,-0.0429,-0.0239,1.1747,0.0525,0.2657,0.2709,0.1754,-0.0701,0.9825
24.5201,0.9582,1.2142,0.0485,0.2607,0.2652,0.0535,-0.0429,-0.0235,1.1773,0.0525,0.2657,0.2709,0.1744,-0.0701,0.9824
24.5401,0.9585,1.2164,0.0466,0.2621,0.2662,0.0526,-0.0516,-0.0231,1.1798,0.0522,0.2671,0.2722,0.1735,-0.0684,0.9822
24.5406,0.9588,1.2186,0.0466,0.2621,0.2662,0.0523,-0.0516,-0.0226,1.1823,0.0522,0.2681,0.2731,0.1726,-0.0686,0.9821
24.5501,0.9591,1.2210,0.0452,0.2634,0.2673,0.0519,-0.0647,-0.0222,1.1849,0.0522,0.2692,0.2742,0.1711,-0.0689,0.9820
24.5507,0.9594,1.2231,0.0452,0.2634,0.2673,0.0517,-0.0647,-0.0218,1.1874,0.0521,0.2700,0.2750,0.1699,-0.0699,0.9819
24.5702,0.9597,1.2254,0.0433,0.2640,0.2675,0.0515,-0.0608,-0.0215,1.1901,0.0517,0.2702,0.2751,0.1685,-0.0700,0.9819
24.5706,0.9599,1.2273,0.0433,0.2640,0.2675,0.0514,-0.0608,-0.0213,1.1925,0.0517,0.2702,0.2751,0.1674,-0.0700,0.9819
24.5798,0.9602,1.2297,0.0413,0.2648,0.2680,0.0512,-0.0587,-0.0210,1.1954,0.0510,0.2712,0.2759,0.1656,-0.0702,0.9818
24.5800,0.9603,1.2319,0.0403,0.2650,0.2680,0.0513,-0.0561,-0.0208,1.1979,0.0506,0.2720,0.2767,0.1641,-0.0684,0.9816
24.6002,0.9604,1.2342,0.0399,0.2659,0.2689,0.0513,-0.0546,-0.0204,1.2006,0.0505,0.2735,0.2782,0.1628,-0.0691,0.9814
24.6005,0.9605,1.2364,0.0399,0.2659,0.2689,0.0511,-0.0546,-0.0201,1.2031,0.0499,0.2738,0.2783,0.1617,-0.0703,0.9812
24.6201,0.9606,1.2385,0.0390,0.2660,0.2688,0.0509,-0.0416,-0.0199,1.2056,0.0494,0.2750,0.2794,0.1605,-0.0728,0.9811
24.6206,0.9607,1.2408,0.0390,0.2660,0.2688,0.0507,-0.0416,-0.0196,1.2083,0.0481,0.2754,0.2795,0.1590,-0.0763,0.9809
24.6298,0.9609,1.2430,0.0382,0.2662,0.2690,0.0502,-0.0333,-0.0194,1.2109,0.0475,0.2769,0.2809,0.1573,-0.0807,0.9808
24.6303,0.9610,1.2456,0.0382,0.2662,0.2690,0.0491,-0.0333,-0.0190,1.2138,0.0475,0.2769,0.2809,0.1547,-0.0807,0.9805
24.6502,0.9611,1.2477,0.0373,0.2670,0.2696,0.0483,-0.0267,-0.0187,1.2164,0.0467,0.2790,0.2829,0.1532,-0.0836,0.9802
24.6600,0.9612,1.2501,0.0366,0.2670,0.2695,0.0473,-0.0266,-0.0183,1.2191,0.0465,0.2798,0.2836,0.1507,-0.0831,0.9799
24.6603,0.9612,1.2520,0.0366,0.2670,0.2695,0.0469,-0.0266,-0.0181,1.2214,0.0465,0.2798,0.2836,0.1494,-0.0831,0.9798
24.6798,0.9612,1.2545,0.0350,0.2671,0.2694,0.0462,-0.0218,-0.0178,1.2245,0.0458,0.2812,0.2849,0.1479,-0.0707,0.9795
24.6801,0.9613,1.2566,0.0350,0.2671,0.2694,0.0457,-0.0218,-0.0176,1.2269,0.0458,0.2812,0.2849,0.1461,-0.0707,0.9793
24.6902,0.9614,1.2589,0.0335,0.2681,0.2702,0.0452,-0.0202,-0.0174,1.2297,0.0445,0.2838,0.2873,0.1443,-0.0545,0.9792
24.6907,0.9614,1.2612,0.0335,0.2681,0.2702,0.0449,-0.0202,-0.0172,1.2324,0.0445,0.2838,0.2873,0.1421,-0.0545,0.9790
24.7102,0.9614,1.2633,0.0317,0.2693,0.2712,0.0447,-0.0220,-0.0169,1.2350,0.0435,0.2865,0.2898,0.1398,-0.0484,0.9788
24.7107,0.9615,1.2656,0.0309,0.2695,0.2713,0.0443,-0.0226,-0.0167,1.2378,0.0433,0.2878,0.2910,0.1376,-0.0469,0.9786
24.7201,0.9615,1.2677,0.0301,0.2699,0.2716,0.0440,-0.0234,-0.0165,1.2405,0.0430,0.2893,0.2924,0.1356,-0.0465,0.9784
24.7301,0.9616,1.2701,0.0295,0.2694,0.2710,0.0437,-0.0238,-0.0162,1.2436,0.0425,0.2902,0.2933,0.1327,-0.0463,0.9781
24.7304,0.9617,1.2721,0.0295,0.2694,0.2710,0.0436,-0.0238,-0.0159,1.2462,0.0419,0.2925,0.2955,0.1303,-0.0504,0.9780
24.7500,0.9618,1.2744,0.0284,0.2693,0.2708,0.0432,-0.0214,-0.0156,1.2490,0.0409,0.2939,0.2968,0.1269,-0.0524,0.9778
24.7503,0.9619,1.2761,0.0284,0.2693,0.2708,0.0429,-0.0214,-0.0154,1.2513,0.0398,0.2953,0.2980,0.1254,-0.0533,0.9777
24.7698,0.9621,1.2784,0.0274,0.2687,0.2701,0.0421,-0.0197,-0.0151,1.2542,0.0388,0.2961,0.2986,0.1225,-0.0533,0.9775
24.7701,0.9624,1.2806,0.0274,0.2687,0.2701,0.0412,-0.0197,-0.0148,1.2571,0.0388,0.2961,0.2986,0.1197,-0.0533,0.9774
24.7800,0.9625,1.2829,0.0265,0.2689,0.2702,0.0405,-0.0185,-0.0144,1.2599,0.0375,0.2991,0.3014,0.1171,-0.0522,0.9772
24.7803,0.9626,1.2849,0.0265,0.2689,0.2702,0.0401,-0.0185,-0.0140,1.2625,0.0375,0.2991,0.3014,0.1152,-0.0522,0.9769
24.8001,0.9627,1.2871,0.0254,0.2689,0.2701,0.0394,-0.0168,-0.0137,1.2651,0.0377,0.3011,0.3035,0.1128,-0.0381,0.9767
24.8004,0.9628,1.2894,0.0254,0.2689,0.2701,0.0389,-0.0168,-0.0133,1.2678,0.0379,0.3020,0.3043,0.1108,-0.0330,0.9764
24.8203,0.9629,1.2916,0.0243,0.2686,0.2697,0.0383,-0.0169,-0.0129,1.2704,0.0380,0.3026,0.3050,0.1089,-0.0315,0.9760
24.8205,0.9630,1.2939,0.0238,0.2685,0.2696,0.0376,-0.0163,-0.0125,1.2731,0.0382,0.3035,0.3059,0.1069,-0.0301,0.9757
24.8301,0.9631,1.2960,0.0234,0.2684,0.2694,0.0371,-0.0120,-0.0122,1.2755,0.0383,0.3043,0.3067,0.1050,-0.0271,0.9755
24.8304,0.9632,1.2984,0.0234,0.2684,0.2694,0.0369,-0.0120,-0.0118,1.2783,0.0382,0.3046,0.3070,0.1024,-0.0248,0.9752
24.8502,0.9633,1.3006,0.0226,0.2680,0.2689,0.0368,-0.0136,-0.0115,1.2810,0.0383,0.3059,0.3083,0.0999,-0.0204,0.9750
24.8504,0.9634,1.3026,0.0226,0.2680,0.2689,0.0366,-0.0136,-0.0113,1.2835,0.0383,0.3059,0.3083,0.0975,-0.0204,0.9749
24.8702,0.9635,1.3049,0.0215,0.2674,0.2682,0.0364,-0.0201,-0.0112,1.2864,0.0379,0.3074,0.3098,0.0938,-0.0159,0.9748
24.8704,0.9635,1.3072,0.0209,0.2678,0.2686,0.0362,-0.0215,-0.0110,1.2894,0.0376,0.3093,0.3115,0.0903,-0.0169,0.9747
24.8800,0.9636,1.3091,0.0204,0.2676,0.2684,0.0359,-0.0227,-0.0109,1.2920,0.0372,0.3107,0.3130,0.0871,-0.0180,0.9746
24.8804,0.9637,1.3112,0.0204,0.2676,0.2684,0.0357,-0.0227,-0.0106,1.2947,0.0372,0.3107,0.3130,0.0842,-0.0180,0.9745
24.9001,0.9638,1.3136,0.0198,0.2665,0.2672,0.0352,-0.0219,-0.0102,1.2977,0.0363,0.3126,0.3147,0.0803,-0.0215,0.9741
24.9004,0.9640,1.3155,0.0198,0.2665,0.2672,0.0349,-0.0219,-0.0098,1.3002,0.0363,0.3126,0.3147,0.0788,-0.0215,0.9739
24.9199,0.9642,1.3179,0.0197,0.2660,0.2667,0.0346,-0.0192,-0.0093,1.3031,0.0361,0.3142,0.3162,0.0760,-0.0254,0.9736
24.9202,0.9644,1.3198,0.0196,0.2657,0.2664,0.0347,-0.0155,-0.0090,1.3055,0.0361,0.3146,0.3167,0.0737,-0.0282,0.9735
24.9301,0.9645,1.3222,0.0195,0.2657,0.2665,0.0344,-0.0159,-0.0087,1.3084,0.0362,0.3154,0.3174,0.0711,-0.0285,0.9733
24.9304,0.9646,1.3242,0.0188,0.2655,0.2662,0.0341,-0.0156,-0.0084,1.3107,0.0362,0.3154,0.3174,0.0690,-0.0285,0.9731
24.9504,0.9647,1.3286,0.0183,0.2654,0.2660,0.0336,-0.0170,-0.0081,1.3133,0.0359,0.3161,0.3182,0.0665,-0.0263,0.9729
24.9506,0.9647,1.3286,0.0183,0.2654,0.2660,0.0336,-0.0170,-0.0078,1.3160,0.0355,0.3164,0.3184,0.0637,-0.0264,0.9725
24.9598,0.9647,1.3308,0.0170,0.2650,0.2656,0.0331,-0.0217,-0.0074,1.3186,0.0354,0.3172,0.3192,0.0615,-0.0275,0.9721
24.9802,0.9647,1.3329,0.0165,0.2652,0.2658,0.0327,-0.0247,-0.0070,1.3212,0.0356,0.3177,0.3197,0.0593,-0.0284,0.9719
24.9806,0.9648,1.3352,0.0165,0.2652,0.2658,0.0323,-0.0247,-0.0067,1.3239,0.0357,0.3178,0.3198,0.0571,-0.0280,0.9716
24.9899,0.9649,1.3374,0.0156,0.2653,0.2658,0.0316,-0.0278,-0.0065,1.3267,0.0360,0.3185,0.3205,0.0544,-0.0273,0.9715
24.9904,0.9650,1.3393,0.0156,0.2653,0.2658,0.0314,-0.0278,-0.0064,1.3291,0.0360,0.3185,0.3205,0.0516,-0.0273,0.9714
25.0104,0.9650,1.3415,0.0151,0.2645,0.2649,0.0310,-0.0323,-0.0063,1.3319,0.0360,0.3188,0.3208,0.0486,-0.0245,0.9714
25.0107,0.9651,1.3435,0.0148,0.2643,0.2647,0.0308,-0.0319,-0.0062,1.3344,0.0358,0.3193,0.3213,0.0455,-0.0242,0.9713
25.0201,0.9652,1.3458,0.0144,0.2636,0.2640,0.0307,-0.0292,-0.0060,1.3373,0.0355,0.3194,0.3214,0.0425,-0.0242,0.9712
25.0205,0.9652,1.3478,0.0144,0.2636,0.2640,0.0307,-0.0292,-0.0058,1.3397,0.0355,0.3194,0.3214,0.0404,-0.0242,0.9710
25.0403,0.9653,1.3499,0.0134,0.2629,0.2632,0.0307,-0.0123,-0.0055,1.3424,0.0346,0.3199,0.3217,0.0384,-0.0244,0.9708
25.0407,0.9653,1.3519,0.0134,0.2629,0.2632,0.0305,-0.0123,-0.0053,1.3449,0.0346,0.3199,0.3217,0.0365,-0.0244,0.9706
25.0599,0.9653,1.3540,0.0123,0.2618,0.2621,0.0305,-0.0056,-0.0050,1.3475,0.0338,0.3200,0.3218,0.0347,-0.0248,0.9703
25.0603,0.9654,1.3560,0.0123,0.2618,0.2621,0.0302,-0.0056,-0.0047,1.3502,0.0337,0.3202,0.3219,0.0324,-0.0253,0.9701
25.0697,0.9654,1.3579,0.0113,0.2613,0.2615,0.0302,-0.0074,-0.0044,1.3526,0.0337,0.3201,0.3219,0.0304,-0.0254,0.9698
25.0700,0.9654,1.3602,0.0113,0.2613,0.2615,0.0300,-0.0074,-0.0040,1.3555,0.0338,0.3202,0.3220,0.0276,-0.0252,0.9695
25.0903,0.9654,1.3619,0.0105,0.2610,0.2612,0.0295,-0.0054,-0.0038,1.3578,0.0340,0.3202,0.3220,0.0259,-0.0242,0.9692
25.0906,0.9655,1.3640,0.0105,0.2610,0.2612,0.0285,-0.0054,-0.0035,1.3604,0.0340,0.3202,0.3220,0.0238,-0.0242,0.9689
25.1103,0.9655,1.3659,0.0101,0.2596,0.2598,0.0276,-0.0034,-0.0032,1.3627,0.0339,0.3196,0.3214,0.0222,-0.0213,0.9687
25.1107,0.9655,1.3680,0.0101,0.2596,0.2598,0.0270,-0.0034,-0.0029,1.3653,0.0338,0.3192,0.3210,0.0208,-0.0195,0.9684
25.1203,0.9655,1.3702,0.0097,0.2591,0.2593,0.0263,-0.0011,-0.0026,1.3678,0.0340,0.3194,0.3212,0.0191,-0.0180,0.9681
25.1208,0.9655,1.3722,0.0097,0.2591,0.2593,0.0259,-0.0011,-0.0025,1.3702,0.0340,0.3191,0.3209,0.0179,-0.0160,0.9679
25.1400,0.9655,1.3744,0.0092,0.2584,0.2586,0.0254,0.0017,-0.0023,1.3730,0.0338,0.3187,0.3205,0.0161,-0.0147,0.9678
25.1405,0.9655,1.3763,0.0090,0.2577,0.2578,0.0248,0.0021,-0.0022,1.3755,0.0333,0.3185,0.3202,0.0144,-0.0147,0.9677
25.1602,0.9655,1.3786,0.0089,0.2572,0.2574,0.0239,0.0028,-0.0021,1.3784,0.0329,0.3183,0.3200,0.0120,-0.0154,0.9676
25.1607,0.9655,1.3805,0.0087,0.2570,0.2571,0.0235,0.0029,-0.0020,1.3808,0.0325,0.3185,0.3202,0.0104,-0.0178,0.9675
25.1701,0.9655,1.3826,0.0086,0.2570,0.2571,0.0233,0.0033,-0.0018,1.3835,0.0322,0.3188,0.3204,0.0086,-0.0212,0.9673
25.1705,0.9655,1.3845,0.0086,0.2570,0.2571,0.0228,0.0033,-0.0016,1.3859,0.0322,0.3188,0.3204,0.0070,-0.0212,0.9671
25.1902,0.9655,1.3864,0.0083,0.2557,0.2559,0.0224,0.0037,-0.0015,1.3882,0.0319,0.3179,0.3195,0.0057,-0.0233,0.9669
25.1907,0.9655,1.3884,0.0082,0.2549,0.2550,0.0221,0.0031,-0.0013,1.3906,0.0318,0.3170,0.3186,0.0042,-0.0221,0.9668
25.2003,0.9655,1.3906,0.0081,0.2545,0.2546,0.0218,0.0008,-0.0011,1.3932,0.0317,0.3164,0.3180,0.0021,-0.0213,0.9665
25.2007,0.9655,1.3928,0.0081,0.2545,0.2546,0.0210,0.0008,-0.0008,1.3958,0.0317,0.3164,0.3180,0.0000,-0.0213,0.9662
25.2199,0.9655,1.3947,0.0079,0.2543,0.2544,0.0207,-0.0015,-0.0005,1.3981,0.0318,0.3159,0.3175,-0.0016,-0.0199,0.9660
25.2203,0.9655,1.3970,0.0079,0.2543,0.2544,0.0201,-0.0015,-0.0002,1.4008,0.0318,0.3159,0.3175,-0.0033,-0.0199,0.9656
25.2399,0.9655,1.3987,0.0077,0.2537,0.2538,0.0194,-0.0014,0.0000,1.4030,0.0320,0.3144,0.3160,-0.0044,-0.0137,0.9654
25.2500,0.9655,1.4011,0.0075,0.2533,0.2534,0.0182,-0.0021,0.0003,1.4059,0.0319,0.3135,0.3151,-0.0067,-0.0120,0.9652
25.2502,0.9654,1.4031,0.0075,0.2533,0.2534,0.0177,-0.0021,0.0004,1.4082,0.0319,0.3135,0.3151,-0.0083,-0.0120,0.9650
25.2599,0.9654,1.4053,0.0070,0.2541,0.2542,0.0166,-0.0037,0.0006,1.4108,0.0317,0.3139,0.3155,-0.0102,-0.0131,0.9649
25.2602,0.9653,1.4073,0.0065,0.2539,0.2540,0.0161,-0.0043,0.0007,1.4132,0.0313,0.3132,0.3148,-0.0120,-0.0150,0.9647
25.2800,0.9653,1.4093,0.0060,0.2534,0.2535,0.0153,-0.0062,0.0008,1.4155,0.0309,0.3122,0.3137,-0.0138,-0.0133,0.9645
25.2803,0.9652,1.4113,0.0060,0.2534,0.2535,0.0148,-0.0062,0.0010,1.4179,0.0303,0.3112,0.3127,-0.0150,-0.0116,0.9643
25.3001,0.9652,1.4134,0.0052,0.2529,0.2529,0.0144,-0.0076,0.0012,1.4204,0.0300,0.3109,0.3123,-0.0161,-0.0102,0.9640
25.3003,0.9651,1.4155,0.0052,0.2529,0.2529,0.0142,-0.0076,0.0015,1.4229,0.0300,0.3109,0.3123,-0.0174,-0.0102,0.9636
25.3100,0.9650,1.4173,0.0046,0.2523,0.2523,0.0139,-0.0072,0.0017,1.4250,0.0296,0.3101,0.3115,-0.0181,-0.0071,0.9633
25.3103,0.9650,1.4194,0.0043,0.2515,0.2515,0.0136,-0.0070,0.0020,1.4276,0.0296,0.3101,0.3115,-0.0189,-0.0071,0.9630
25.3299,0.9649,1.4211,0.0040,0.2509,0.2509,0.0134,-0.0060,0.0021,1.4298,0.0289,0.3089,0.3102,-0.0195,-0.0068,0.9629
25.3301,0.9649,1.4233,0.0040,0.2509,0.2509,0.0134,-0.0060,0.0022,1.4324,0.0289,0.3089,0.3102,-0.0204,-0.0068,0.9627
25.3399,0.9648,1.4252,0.0033,0.2498,0.2498,0.0134,-0.0008,0.0023,1.4345,0.0280,0.3081,0.3094,-0.0216,-0.0112,0.9625
25.3401,0.9647,1.4272,0.0033,0.2498,0.2498,0.0130,-0.0008,0.0025,1.4370,0.0280,0.3081,0.3094,-0.0234,-0.0112,0.9623
25.3602,0.9647,1.4290,0.0026,0.2493,0.2493,0.0127,0.0065,0.0026,1.4392,0.0276,0.3071,0.3084,-0.0247,-0.0148,0.9621
25.3605,0.9646,1.4310,0.0026,0.2493,0.2493,0.0122,0.0065,0.0028,1.4416,0.0276,0.3055,0.3068,-0.0259,-0.0138,0.9619
25.3801,0.9645,1.4329,0.0021,0.2477,0.2478,0.0118,0.0102,0.0029,1.4439,0.0276,0.3044,0.3056,-0.0275,-0.0126,0.9617
25.3804,0.9645,1.4349,0.0021,0.2477,0.2478,0.0115,0.0102,0.0030,1.4462,0.0275,0.3037,0.3049,-0.0294,-0.0119,0.9615
25.3901,0.9645,1.4368,0.0017,0.2474,0.2474,0.0111,0.0129,0.0031,1.4485,0.0273,0.3030,0.3042,-0.0308,-0.0109,0.9614
25.3904,0.9644,1.4387,0.0017,0.2474,0.2474,0.0106,0.0129,0.0033,1.4507,0.0266,0.3015,0.3027,-0.0326,-0.0093,0.9613
25.4102,0.9644,1.4408,0.0010,0.2465,0.2465,0.0101,0.0136,0.0034,1.4531,0.0261,0.3011,0.3022,-0.0343,-0.0092,0.9611
25.4105,0.9643,1.4428,0.0004,0.2458,0.2458,0.0096,0.0102,0.0036,1.4554,0.0254,0.3001,0.3012,-0.0360,-0.0081,0.9609
25.4303,0.9643,1.4449,-0.0001,0.2459,0.2459,0.0089,0.0097,0.0038,1.4578,0.0252,0.2997,0.3008,-0.0378,-0.0089,0.9605
25.4306,0.9642,1.4468,-0.0001,0.2459,0.2459,0.0085,0.0097,0.0040,1.4598,0.0250,0.2988,0.2998,-0.0388,-0.0095,0.9603
25.4403,0.9640,1.4508,-0.0008,0.2453,0.2453,0.0075,0.0079,0.0042,1.4619,0.0248,0.2982,0.2992,-0.0401,-0.0107,0.9599
25.4405,0.9640,1.4508,-0.0008,0.2453,0.2453,0.0075,0.0079,0.0043,1.4641,0.0246,0.2972,0.2982,-0.0415,-0.0114,0.9598
25.4602,0.9639,1.4528,-0.0013,0.2445,0.2445,0.0067,0.0100,0.0044,1.4663,0.0241,0.2964,0.2973,-0.0431,-0.0119,0.9595
25.4605,0.9636,1.4549,-0.0013,0.2445,0.2445,0.0060,0.0100,0.0046,1.4686,0.0241,0.2964,0.2973,-0.0449,-0.0119,0.9592
25.4800,0.9635,1.4565,-0.0023,0.2439,0.2439,0.0056,0.0146,0.0046,1.4704,0.0232,0.2948,0.2957,-0.0465,-0.0134,0.9589
25.4902,0.9632,1.4588,-0.0027,0.2426,0.2426,0.0048,0.0155,0.0047,1.4728,0.0227,0.2930,0.2939,-0.0485,-0.0135,0.9586
25.4906,0.9631,1.4604,-0.0027,0.2426,0.2426,0.0042,0.0155,0.0048,1.4745,0.0227,0.2930,0.2939,-0.0501,-0.0135,0.9583
25.5002,0.9629,1.4626,-0.0038,0.2421,0.2421,0.0034,0.0194,0.0050,1.4767,0.0225,0.2907,0.2916,-0.0519,-0.0136,0.9580
25.5007,0.9629,1.4646,-0.0042,0.2422,0.2423,0.0029,0.0193,0.0052,1.4786,0.0227,0.2897,0.2905,-0.0533,-0.0127,0.9577
25.5201,0.9628,1.4667,-0.0045,0.2421,0.2422,0.0024,0.0196,0.0055,1.4808,0.0228,0.2884,0.2893,-0.0542,-0.0120,0.9574
25.5204,0.9628,1.4684,-0.0045,0.2421,0.2422,0.0022,0.0196,0.0056,1.4825,0.0228,0.2884,0.2893,-0.0549,-0.0120,0.9573
25.5300,0.9627,1.4703,-0.0049,0.2412,0.2413,0.0019,0.0185,0.0057,1.4845,0.0227,0.2856,0.2865,-0.0557,-0.0111,0.9571
25.5305,0.9627,1.4723,-0.0049,0.2412,0.2413,0.0013,0.0185,0.0058,1.4866,0.0225,0.2843,0.2852,-0.0566,-0.0111,0.9569
25.5498,0.9626,1.4743,-0.0052,0.2409,0.2409,0.0007,0.0200,0.0059,1.4887,0.0222,0.2833,0.2842,-0.0574,-0.0112,0.9568
25.5501,0.9624,1.4762,-0.0052,0.2409,0.2409,0.0001,0.0200,0.0060,1.4907,0.0222,0.2833,0.2842,-0.0581,-0.0112,0.9566
25.5704,0.9622,1.4780,-0.0059,0.2404,0.2405,-0.0005,0.0228,0.0060,1.4924,0.0213,0.2810,0.2818,-0.0587,-0.0200,0.9563
25.5707,0.9620,1.4798,-0.0063,0.2402,0.2403,-0.0012,0.0229,0.0061,1.4944,0.0208,0.2797,0.2805,-0.0591,-0.0221,0.9561
25.5800,0.9617,1.4818,-0.0069,0.2394,0.2394,-0.0016,0.0211,0.0061,1.4962,0.0202,0.2778,0.2785,-0.0594,-0.0240,0.9557
25.5805,0.9614,1.4837,-0.0069,0.2394,0.2394,-0.0018,0.0211,0.0061,1.4980,0.0202,0.2778,0.2785,-0.0598,-0.0240,0.9554
25.6004,0.9611,1.4856,-0.0080,0.2394,0.2396,-0.0021,0.0210,0.0062,1.4998,0.0192,0.2752,0.2759,-0.0605,-0.0238,0.9550
25.6009,0.9607,1.4876,-0.0080,0.2394,0.2396,-0.0025,0.0210,0.0063,1.5015,0.0189,0.2741,0.2748,-0.0608,-0.0235,0.9546
25.6203,0.9604,1.4896,-0.0094,0.2391,0.2393,-0.0028,0.0201,0.0064,1.5033,0.0184,0.2725,0.2731,-0.0610,-0.0239,0.9542
25.6208,0.9602,1.4915,-0.0101,0.2387,0.2389,-0.0030,0.0186,0.0064,1.5049,0.0180,0.2710,0.2716,-0.0613,-0.0249,0.9539
25.6400,0.9599,1.4936,-0.0106,0.2385,0.2388,-0.0033,0.0173,0.0065,1.5068,0.0177,0.2693,0.2699,-0.0618,-0.0250,0.9535
25.6405,0.9596,1.4953,-0.0113,0.2383,0.2386,-0.0034,0.0159,0.0065,1.5085,0.0175,0.2675,0.2681,-0.0623,-0.0220,0.9532
25.6500,0.9593,1.4973,-0.0118,0.2381,0.2384,-0.0036,0.0149,0.0065,1.5104,0.0174,0.2660,0.2666,-0.0629,-0.0202,0.9529
25.6503,0.9591,1.4991,-0.0118,0.2381,0.2384,-0.0035,0.0149,0.0065,1.5122,0.0174,0.2660,0.2666,-0.0633,-0.0202,0.9526
25.6699,0.9587,1.5011,-0.0129,0.2374,0.2377,-0.0035,0.0119,0.0066,1.5141,0.0170,0.2627,0.2632,-0.0638,-0.0151,0.9522
25.6701,0.9583,1.5030,-0.0129,0.2374,0.2377,-0.0036,0.0119,0.0066,1.5160,0.0170,0.2627,0.2632,-0.0645,-0.0151,0.9518
25.6799,0.9576,1.5067,-0.0143,0.2371,0.2376,-0.0038,0.0123,0.0067,1.5178,0.0165,0.2601,0.2606,-0.0651,-0.0125,0.9510
25.6801,0.9576,1.5067,-0.0143,0.2371,0.2376,-0.0038,0.0123,0.0068,1.5195,0.0164,0.2593,0.2598,-0.0654,-0.0137,0.9509
25.7006,0.9573,1.5086,-0.0157,0.2365,0.2370,-0.0040,0.0167,0.0069,1.5212,0.0162,0.2578,0.2583,-0.0658,-0.0143,0.9505
25.7010,0.9569,1.5103,-0.0164,0.2360,0.2365,-0.0040,0.0193,0.0069,1.5228,0.0159,0.2561,0.2566,-0.0661,-0.0146,0.9500
25.7100,0.9564,1.5125,-0.0172,0.2350,0.2357,-0.0040,0.0199,0.0070,1.5247,0.0154,0.2541,0.2546,-0.0665,-0.0155,0.9494
25.7102,0.9560,1.5143,-0.0172,0.2350,0.2357,-0.0040,0.0199,0.0071,1.5265,0.0154,0.2541,0.2546,-0.0666,-0.0155,0.9490
25.7303,0.9556,1.5163,-0.0190,0.2348,0.2355,-0.0040,0.0168,0.0071,1.5282,0.0145,0.2514,0.2519,-0.0667,-0.0186,0.9485
25.7308,0.9553,1.5182,-0.0190,0.2348,0.2355,-0.0040,0.0168,0.0072,1.5299,0.0142,0.2505,0.2509,-0.0667,-0.0204,0.9481
25.7504,0.9549,1.5200,-0.0204,0.2341,0.2350,-0.0037,0.0157,0.0072,1.5316,0.0138,0.2481,0.2485,-0.0667,-0.0204,0.9477
25.7509,0.9545,1.5218,-0.0204,0.2341,0.2350,-0.0032,0.0157,0.0073,1.5332,0.0138,0.2481,0.2485,-0.0667,-0.0204,0.9473
25.7600,0.9540,1.5237,-0.0218,0.2330,0.2340,-0.0030,0.0132,0.0073,1.5348,0.0134,0.2448,0.2452,-0.0666,-0.0166,0.9468
25.7604,0.9535,1.5257,-0.0218,0.2330,0.2340,-0.0029,0.0132,0.0073,1.5365,0.0132,0.2433,0.2437,-0.0662,-0.0163,0.9463
25.7802,0.9530,1.5274,-0.0235,0.2328,0.2340,-0.0026,0.0137,0.0073,1.5380,0.0130,0.2420,0.2423,-0.0655,-0.0166,0.9458
25.7807,0.9525,1.5291,-0.0235,0.2328,0.2340,-0.0023,0.0137,0.0073,1.5397,0.0130,0.2420,0.2423,-0.0649,-0.0166,0.9453
25.8001,0.9520,1.5309,-0.0254,0.2316,0.2330,-0.0015,0.0109,0.0073,1.5412,0.0122,0.2386,0.2389,-0.0644,-0.0172,0.9448
25.8004,0.9515,1.5326,-0.0254,0.2316,0.2330,-0.0008,0.0109,0.0073,1.5428,0.0122,0.2386,0.2389,-0.0637,-0.0172,0.9443
25.8099,0.9510,1.5344,-0.0270,0.2306,0.2322,-0.0003,0.0117,0.0073,1.5444,0.0111,0.2355,0.2358,-0.0627,-0.0166,0.9438
25.8102,0.9506,1.5361,-0.0270,0.2306,0.2322,0.0002,0.0117,0.0072,1.5459,0.0106,0.2337,0.2339,-0.0615,-0.0158,0.9434
25.8299,0.9500,1.5379,-0.0287,0.2300,0.2318,0.0013,0.0127,0.0072,1.5475,0.0103,0.2323,0.2325,-0.0601,-0.0148,0.9429
25.8302,0.9495,1.5398,-0.0287,0.2300,0.2318,0.0025,0.0127,0.0071,1.5491,0.0099,0.2302,0.2304,-0.0590,-0.0132,0.9424
25.8499,0.9490,1.5417,-0.0306,0.2293,0.2314,0.0038,0.0098,0.0070,1.5508,0.0095,0.2290,0.2292,-0.0574,-0.0112,0.9420
25.8502,0.9485,1.5434,-0.0306,0.2293,0.2314,0.0050,0.0098,0.0070,1.5522,0.0095,0.2290,0.2292,-0.0562,-0.0112,0.9416
25.8599,0.9478,1.5453,-0.0323,0.2286,0.2309,0.0060,0.0046,0.0069,1.5540,0.0087,0.2261,0.2263,-0.0548,-0.0105,0.9410
25.8601,0.9472,1.5470,-0.0335,0.2284,0.2309,0.0066,0.0030,0.0068,1.5557,0.0082,0.2248,0.2249,-0.0536,-0.0103,0.9405
25.8802,0.9458,1.5505,-0.0360,0.2278,0.2306,0.0074,-0.0006,0.0066,1.5573,0.0077,0.2236,0.2237,-0.0523,-0.0104,0.9392
25.8804,0.9458,1.5505,-0.0360,0.2278,0.2306,0.0074,-0.0006,0.0065,1.5589,0.0072,0.2222,0.2223,-0.0510,-0.0105,0.9393
25.9002,0.9451,1.5524,-0.0373,0.2275,0.2306,0.0079,-0.0019,0.0064,1.5605,0.0067,0.2209,0.2210,-0.0494,-0.0106,0.9387
25.9005,0.9445,1.5540,-0.0373,0.2275,0.2306,0.0082,-0.0019,0.0064,1.5619,0.0067,0.2209,0.2210,-0.0481,-0.0106,0.9382
25.9098,0.9438,1.5558,-0.0398,0.2264,0.2299,0.0086,-0.0035,0.0063,1.5634,0.0059,0.2175,0.2175,-0.0463,-0.0085,0.9375
25.9101,0.9430,1.5576,-0.0398,0.2264,0.2299,0.0091,-0.0035,0.0062,1.5650,0.0059,0.2175,0.2175,-0.0445,-0.0085,0.9369
25.9300,0.9423,1.5593,-0.0425,0.2254,0.2294,0.0096,-0.0030,0.0061,1.5665,0.0047,0.2144,0.2145,-0.0429,-0.0050,0.9362
25.9304,0.9416,1.5610,-0.0425,0.2254,0.2294,0.0109,-0.0030,0.0059,1.5680,0.0041,0.2134,0.2134,-0.0410,-0.0038,0.9357
25.9502,0.9408,1.5627,-0.0451,0.2245,0.2290,0.0126,-0.0026,0.0058,1.5695,0.0036,0.2123,0.2123,-0.0392,-0.0034,0.9350
25.9505,0.9400,1.5645,-0.0451,0.2245,0.2290,0.0141,-0.0026,0.0057,1.5711,0.0030,0.2108,0.2108,-0.0371,-0.0029,0.9344
25.9600,0.9392,1.5662,-0.0477,0.2235,0.2285,0.0151,-0.0045,0.0055,1.5726,0.0025,0.2097,0.2097,-0.0354,-0.0021,0.9338
25.9602,0.9385,1.5678,-0.0487,0.2226,0.2279,0.0161,-0.0069,0.0053,1.5740,0.0025,0.2097,0.2097,-0.0334,-0.0021,0.9332
25.9800,0.9376,1.5696,-0.0499,0.2227,0.2282,0.0172,-0.0079,0.0051,1.5755,0.0014,0.2072,0.2072,-0.0314,-0.0021,0.9325
25.9804,0.9367,1.5713,-0.0499,0.2227,0.2282,0.0183,-0.0079,0.0049,1.5770,0.0007,0.2054,0.2054,-0.0293,-0.0021,0.9318
26.0000,0.9359,1.5729,-0.0528,0.2219,0.2281,0.0194,-0.0106,0.0047,1.5784,0.0002,0.2050,0.2050,-0.0270,-0.0001,0.9312
26.0002,0.9350,1.5747,-0.0528,0.2219,0.2281,0.0204,-0.0106,0.0046,1.5799,0.0002,0.2050,0.2050,-0.0249,-0.0001,0.9304
26.0102,0.9341,1.5763,-0.0558,0.2202,0.2272,0.0214,-0.0110,0.0044,1.5813,-0.0013,0.2025,0.2025,-0.0224,0.0037,0.9297
26.0105,0.9333,1.5780,-0.0574,0.2192,0.2266,0.0220,-0.0102,0.0042,1.5828,-0.0022,0.2009,0.2009,-0.0191,0.0046,0.9291
26.0301,0.9324,1.5797,-0.0589,0.2191,0.2269,0.0223,-0.0101,0.0040,1.5843,-0.0028,0.2006,0.2006,-0.0162,0.0038,0.9284
26.0305,0.9314,1.5814,-0.0607,0.2188,0.2271,0.0224,-0.0105,0.0038,1.5858,-0.0035,0.1995,0.1996,-0.0131,0.0034,0.9277
26.0500,0.9307,1.5830,-0.0625,0.2182,0.2270,0.0223,-0.0123,0.0036,1.5870,-0.0042,0.1984,0.1985,-0.0112,0.0033,0.9271
26.0505,0.9297,1.5848,-0.0625,0.2182,0.2270,0.0221,-0.0123,0.0034,1.5886,-0.0042,0.1984,0.1985,-0.0083,0.0033,0.9264
26.0598,0.9288,1.5865,-0.0654,0.2171,0.2268,0.0220,-0.0176,0.0031,1.5900,-0.0052,0.1958,0.1958,-0.0055,0.0129,0.9257
26.0600,0.9279,1.5882,-0.0668,0.2169,0.2270,0.0219,-0.0189,0.0028,1.5914,-0.0052,0.1958,0.1958,-0.0029,0.0129,0.9251
26.0803,0.9269,1.5899,-0.0683,0.2168,0.2273,0.0218,-0.0212,0.0025,1.5930,-0.0064,0.1942,0.1943,-0.0002,0.0174,0.9244
26.0807,0.9259,1.5916,-0.0683,0.2168,0.2273,0.0213,-0.0212,0.0021,1.5944,-0.0064,0.1942,0.1943,0.0020,0.0174,0.9238
26.1000,0.9251,1.5932,-0.0710,0.2157,0.2271,0.0210,-0.0237,0.0017,1.5958,-0.0080,0.1928,0.1930,0.0047,0.0167,0.9233
26.1005,0.9240,1.5949,-0.0710,0.2157,0.2271,0.0201,-0.0237,0.0013,1.5973,-0.0089,0.1921,0.1923,0.0074,0.0157,0.9228
26.1099,0.9230,1.5966,-0.0734,0.2146,0.2268,0.0197,-0.0255,0.0008,1.5986,-0.0100,0.1915,0.1918,0.0101,0.0147,0.9222
26.1103,0.9220,1.5983,-0.0734,0.2146,0.2268,0.0193,-0.0255,0.0004,1.6001,-0.0100,0.1915,0.1918,0.0124,0.0147,0.9216
26.1301,0.9210,1.5999,-0.0764,0.2136,0.2269,0.0187,-0.0283,-0.0001,1.6016,-0.0121,0.1905,0.1909,0.0146,0.0146,0.9211
26.1304,0.9200,1.6014,-0.0764,0.2136,0.2269,0.0178,-0.0283,-0.0006,1.6030,-0.0121,0.1905,0.1909,0.0169,0.0146,0.9206
26.1404,0.9180,1.6044,-0.0793,0.2121,0.2264,0.0161,-0.0275,-0.0011,1.6043,-0.0142,0.1890,0.1896,0.0190,0.0114,0.9191
26.1407,0.9180,1.6044,-0.0793,0.2121,0.2264,0.0161,-0.0275,-0.0019,1.6059,-0.0153,0.1879,0.1885,0.0214,0.0096,0.9199
26.1599,0.9170,1.6059,-0.0821,0.2106,0.2260,0.0152,-0.0236,-0.0027,1.6073,-0.0168,0.1874,0.1882,0.0237,0.0091,0.9197
26.1602,0.9161,1.6075,-0.0833,0.2095,0.2255,0.0143,-0.0220,-0.0034,1.6088,-0.0185,0.1864,0.1873,0.0261,0.0081,0.9195
26.1804,0.9151,1.6092,-0.0845,0.2089,0.2253,0.0137,-0.0179,-0.0041,1.6102,-0.0200,0.1856,0.1867,0.0285,0.0079,0.9192
26.1809,0.9142,1.6108,-0.0845,0.2089,0.2253,0.0131,-0.0179,-0.0047,1.6115,-0.0216,0.1846,0.1859,0.0304,0.0077,0.9189
26.2003,0.9132,1.6125,-0.0869,0.2082,0.2257,0.0123,-0.0158,-0.0054,1.6130,-0.0230,0.1841,0.1856,0.0321,0.0070,0.9186
26.2009,0.9123,1.6143,-0.0869,0.2082,0.2257,0.0116,-0.0158,-0.0060,1.6144,-0.0245,0.1836,0.1852,0.0334,0.0059,0.9183
26.2101,0.9113,1.6160,-0.0892,0.2079,0.2263,0.0107,-0.0169,-0.0068,1.6160,-0.0260,0.1832,0.1850,0.0346,0.0056,0.9181
26.2104,0.9103,1.6176,-0.0903,0.2070,0.2259,0.0101,-0.0165,-0.0076,1.6174,-0.0277,0.1825,0.1845,0.0353,0.0059,0.9179
26.2300,0.9094,1.6191,-0.0913,0.2065,0.2258,0.0098,-0.0172,-0.0083,1.6187,-0.0293,0.1817,0.1841,0.0360,0.0072,0.9177
26.2402,0.9083,1.6209,-0.0923,0.2056,0.2254,0.0090,-0.0155,-0.0091,1.6202,-0.0308,0.1810,0.1836,0.0370,0.0086,0.9174
26.2407,0.9074,1.6223,-0.0923,0.2056,0.2254,0.0087,-0.0155,-0.0099,1.6215,-0.0308,0.1810,0.1836,0.0379,0.0086,0.9172
26.2500,0.9063,1.6239,-0.0950,0.2046,0.2256,0.0081,-0.0140,-0.0107,1.6230,-0.0342,0.1798,0.1830,0.0389,0.0092,0.9170
26.2503,0.9052,1.6256,-0.0950,0.2046,0.2256,0.0073,-0.0140,-0.0115,1.6244,-0.0359,0.1795,0.1830,0.0400,0.0091,0.9167
26.2702,0.9042,1.6272,-0.0975,0.2038,0.2259,0.0066,-0.0105,-0.0123,1.6258,-0.0376,0.1792,0.1831,0.0411,0.0092,0.9165
26.2704,0.9031,1.6289,-0.0975,0.2038,0.2259,0.0055,-0.0105,-0.0132,1.6274,-0.0376,0.1792,0.1831,0.0420,0.0092,0.9163
26.2902,0.9023,1.6304,-0.0999,0.2031,0.2263,0.0043,-0.0097,-0.0139,1.6286,-0.0409,0.1786,0.1833,0.0426,0.0101,0.9162
26.2905,0.9012,1.6322,-0.0999,0.2031,0.2263,0.0031,-0.0097,-0.0149,1.6304,-0.0409,0.1786,0.1833,0.0430,0.0101,0.9161
26.3100,0.9002,1.6339,-0.1017,0.2027,0.2268,0.0022,-0.0082,-0.0159,1.6319,-0.0444,0.1783,0.1838,0.0435,0.0091,0.9161
26.3103,0.8992,1.6355,-0.1017,0.2027,0.2268,0.0014,-0.0082,-0.0170,1.6334,-0.0444,0.1783,0.1838,0.0438,0.0091,0.9161
26.3201,0.8982,1.6370,-0.1037,0.2021,0.2272,0.0005,-0.0088,-0.0180,1.6349,-0.0484,0.1780,0.1844,0.0440,0.0061,0.9162
26.3204,0.8971,1.6387,-0.1048,0.2018,0.2273,-0.0008,-0.0103,-0.0190,1.6363,-0.0504,0.1778,0.1849,0.0440,0.0054,0.9161
26.3402,0.8949,1.6423,-0.1059,0.2015,0.2277,-0.0028,-0.0101,-0.0201,1.6379,-0.0524,0.1777,0.1853,0.0440,0.0050,0.9151
26.3404,0.8949,1.6423,-0.1059,0.2015,0.2277,-0.0028,-0.0101,-0.0213,1.6394,-0.0545,0.1776,0.1858,0.0438,0.0051,0.9162
26.3500,0.8939,1.6442,-0.1080,0.2011,0.2283,-0.0041,-0.0069,-0.0225,1.6411,-0.0566,0.1773,0.1861,0.0435,0.0059,0.9163
26.3503,0.8930,1.6458,-0.1080,0.2011,0.2283,-0.0051,-0.0069,-0.0235,1.6427,-0.0588,0.1778,0.1873,0.0430,0.0063,0.9165
26.3703,0.8918,1.6478,-0.1097,0.2011,0.2291,-0.0063,-0.0045,-0.0246,1.6445,-0.0607,0.1775,0.1876,0.0420,0.0062,0.9164
26.3705,0.8909,1.6494,-0.1107,0.2015,0.2299,-0.0076,-0.0042,-0.0256,1.6460,-0.0627,0.1777,0.1884,0.0413,0.0054,0.9165
26.3902,0.8899,1.6511,-0.1112,0.2013,0.2300,-0.0091,-0.0052,-0.0267,1.6476,-0.0645,0.1775,0.1888,0.0407,0.0027,0.9166
26.3905,0.8888,1.6528,-0.1112,0.2013,0.2300,-0.0103,-0.0052,-0.0278,1.6491,-0.0645,0.1775,0.1888,0.0400,0.0027,0.9166
26.4002,0.8877,1.6545,-0.1126,0.2007,0.2301,-0.0116,-0.0051,-0.0289,1.6508,-0.0684,0.1773,0.1900,0.0390,0.0020,0.9166
26.4005,0.8867,1.6560,-0.1126,0.2007,0.2301,-0.0123,-0.0051,-0.0299,1.6522,-0.0705,0.1778,0.1913,0.0381,0.0025,0.9166
26.4202,0.8857,1.6577,-0.1141,0.2004,0.2307,-0.0137,-0.0028,-0.0311,1.6538,-0.0724,0.1776,0.1918,0.0369,0.0046,0.9168
26.4205,0.8846,1.6594,-0.1141,0.2004,0.2307,-0.0152,-0.0028,-0.0323,1.6555,-0.0724,0.1776,0.1918,0.0354,0.0046,0.9169
26.4300,0.8836,1.6611,-0.1154,0.2002,0.2310,-0.0166,-0.0030,-0.0335,1.6572,-0.0768,0.1780,0.1938,0.0341,0.0071,0.9171
26.4303,0.8824,1.6630,-0.1154,0.2002,0.2310,-0.0180,-0.0030,-0.0349,1.6590,-0.0790,0.1783,0.1950,0.0323,0.0068,0.9173
26.4502,0.8803,1.6663,-0.1172,0.2001,0.2319,-0.0206,-0.0027,-0.0361,1.6605,-0.0815,0.1788,0.1965,0.0311,0.0062,0.9164
26.4505,0.8803,1.6663,-0.1172,0.2001,0.2319,-0.0206,-0.0027,-0.0374,1.6621,-0.0815,0.1788,0.1965,0.0296,0.0062,0.9178
26.4700,0.8793,1.6679,-0.1178,0.2003,0.2323,-0.0218,-0.0020,-0.0386,1.6637,-0.0859,0.1791,0.1986,0.0282,0.0065,0.9179
26.4703,0.8780,1.6698,-0.1178,0.2003,0.2323,-0.0228,-0.0020,-0.0400,1.6655,-0.0859,0.1791,0.1986,0.0257,0.0065,0.9180
26.4803,0.8768,1.6714,-0.1193,0.2004,0.2332,-0.0240,0.0009,-0.0413,1.6672,-0.0902,0.1799,0.2012,0.0241,0.0066,0.9181
26.4805,0.8756,1.6731,-0.1197,0.2002,0.2333,-0.0249,0.0017,-0.0426,1.6689,-0.0925,0.1805,0.2028,0.0226,0.0050,0.9183
26.5000,0.8745,1.6746,-0.1205,0.2004,0.2338,-0.0262,0.0012,-0.0439,1.6706,-0.0948,0.1811,0.2044,0.0211,0.0036,0.9184
26.5003,0.8733,1.6763,-0.1205,0.2004,0.2338,-0.0265,0.0012,-0.0452,1.6723,-0.0948,0.1811,0.2044,0.0196,0.0036,0.9186
26.5200,0.8721,1.6780,-0.1215,0.1999,0.2339,-0.0275,0.0025,-0.0466,1.6740,-0.0992,0.1820,0.2073,0.0184,0.0008,0.9187
26.5203,0.8711,1.6794,-0.1215,0.1999,0.2339,-0.0282,0.0025,-0.0478,1.6756,-0.0992,0.1820,0.2073,0.0176,0.0008,0.9189
26.5400,0.8698,1.6810,-0.1226,0.1993,0.2340,-0.0291,0.0025,-0.0492,1.6773,-0.1036,0.1826,0.2099,0.0166,-0.0020,0.9190
26.5404,0.8685,1.6827,-0.1226,0.1993,0.2340,-0.0296,0.0025,-0.0506,1.6790,-0.1036,0.1826,0.2099,0.0155,-0.0020,0.9191
26.5499,0.8672,1.6844,-0.1243,0.1994,0.2350,-0.0309,0.0083,-0.0522,1.6809,-0.1084,0.1839,0.2135,0.0145,-0.0059,0.9193
26.5502,0.8660,1.6859,-0.1243,0.1994,0.2350,-0.0317,0.0083,-0.0534,1.6823,-0.1110,0.1846,0.2154,0.0137,-0.0058,0.9194
26.5702,0.8646,1.6877,-0.1257,0.1988,0.2351,-0.0328,0.0115,-0.0550,1.6842,-0.1130,0.1847,0.2165,0.0127,-0.0053,0.9196
26.5706,0.8635,1.6891,-0.1265,0.1989,0.2357,-0.0334,0.0115,-0.0562,1.6858,-0.1130,0.1847,0.2165,0.0117,-0.0053,0.9197
26.5803,0.8609,1.6925,-0.1267,0.1985,0.2355,-0.0343,0.0108,-0.0577,1.6875,-0.1175,0.1855,0.2196,0.0110,-0.0050,0.9186
26.5805,0.8609,1.6925,-0.1267,0.1985,0.2355,-0.0343,0.0108,-0.0593,1.6894,-0.1197,0.1862,0.2214,0.0103,-0.0047,0.9202
26.6000,0.8596,1.6941,-0.1284,0.1987,0.2365,-0.0346,0.0093,-0.0607,1.6911,-0.1221,0.1871,0.2234,0.0094,-0.0042,0.9204
26.6005,0.8581,1.6958,-0.1284,0.1987,0.2365,-0.0350,0.0093,-0.0624,1.6930,-0.1240,0.1877,0.2249,0.0085,-0.0039,0.9205
26.6203,0.8569,1.6972,-0.1299,0.1985,0.2372,-0.0355,0.0141,-0.0637,1.6946,-0.1265,0.1888,0.2273,0.0081,-0.0039,0.9206
26.6207,0.8554,1.6988,-0.1299,0.1985,0.2372,-0.0359,0.0141,-0.0653,1.6964,-0.1265,0.1888,0.2273,0.0077,-0.0039,0.9207
26.6298,0.8542,1.7003,-0.1311,0.1979,0.2374,-0.0362,0.0198,-0.0667,1.6981,-0.1304,0.1896,0.2302,0.0072,-0.0044,0.9209
26.6304,0.8542,1.7003,-0.1311,0.1979,0.2374,-0.0362,0.0198,-0.0683,1.6999,-0.1323,0.1901,0.2316,0.0066,-0.0039,0.9225
26.6502,0.8516,1.7034,-0.1325,0.1981,0.2383,-0.0370,0.0230,-0.0697,1.7016,-0.1344,0.1911,0.2336,0.0060,-0.0031,0.9213
26.6507,0.8503,1.7050,-0.1325,0.1981,0.2383,-0.0369,0.0230,-0.0712,1.7034,-0.1358,0.1915,0.2347,0.0052,-0.0025,0.9215
26.6703,0.8490,1.7065,-0.1334,0.1981,0.2388,-0.0368,0.0209,-0.0728,1.7051,-0.1371,0.1921,0.2360,0.0049,-0.0019,0.9218
26.6707,0.8477,1.7080,-0.1342,0.1980,0.2392,-0.0367,0.0161,-0.0744,1.7068,-0.1387,0.1926,0.2374,0.0045,-0.0013,0.9220
26.6802,0.8462,1.7096,-0.1348,0.1976,0.2393,-0.0364,0.0129,-0.0761,1.7086,-0.1406,0.1933,0.2390,0.0044,-0.0003,0.9223
26.6805,0.8450,1.7109,-0.1359,0.1976,0.2398,-0.0358,0.0123,-0.0776,1.7102,-0.1427,0.1941,0.2409,0.0044,0.0016,0.9226
26.7007,0.8436,1.7124,-0.1364,0.1967,0.2394,-0.0351,0.0132,-0.0794,1.7122,-0.1444,0.1944,0.2422,0.0042,0.0031,0.9230
26.7010,0.8422,1.7139,-0.1364,0.1967,0.2394,-0.0344,0.0132,-0.0811,1.7141,-0.1467,0.1955,0.2444,0.0040,0.0039,0.9233
26.7202,0.8410,1.7151,-0.1381,0.1957,0.2396,-0.0341,0.0164,-0.0826,1.7157,-0.1486,0.1962,0.2461,0.0038,0.0031,0.9236
26.7205,0.8397,1.7165,-0.1381,0.1957,0.2396,-0.0339,0.0164,-0.0842,1.7174,-0.1501,0.1966,0.2473,0.0039,0.0008,0.9240
26.7298,0.8366,1.7196,-0.1405,0.1947,0.2401,-0.0334,0.0205,-0.0862,1.7193,-0.1520,0.1973,0.2491,0.0040,-0.0026,0.9228
26.7300,0.8366,1.7196,-0.1405,0.1947,0.2401,-0.0334,0.0205,-0.0877,1.7207,-0.1541,0.1981,0.2509,0.0046,-0.0070,0.9244
26.7503,0.8351,1.7211,-0.1415,0.1946,0.2406,-0.0332,0.0206,-0.0894,1.7224,-0.1557,0.1984,0.2522,0.0059,-0.0068,0.9245
26.7506,0.8338,1.7224,-0.1424,0.1945,0.2410,-0.0330,0.0200,-0.0908,1.7238,-0.1575,0.1988,0.2536,0.0067,-0.0066,0.9247
26.7701,0.8324,1.7237,-0.1428,0.1935,0.2405,-0.0330,0.0201,-0.0924,1.7255,-0.1586,0.1987,0.2543,0.0074,-0.0027,0.9248
26.7705,0.8308,1.7253,-0.1436,0.1930,0.2406,-0.0328,0.0225,-0.0942,1.7273,-0.1586,0.1987,0.2543,0.0086,-0.0027,0.9250
26.7799,0.8295,1.7265,-0.1445,0.1926,0.2408,-0.0326,0.0251,-0.0957,1.7288,-0.1620,0.1999,0.2573,0.0101,0.0019,0.9252
26.7900,0.8278,1.7281,-0.1455,0.1923,0.2411,-0.0324,0.0250,-0.0976,1.7306,-0.1637,0.2004,0.2587,0.0128,0.0011,0.9254
26.7903,0.8264,1.7295,-0.1455,0.1923,0.2411,-0.0322,0.0250,-0.0991,1.7320,-0.1637,0.2004,0.2587,0.0147,0.0011,0.9255
26.8101,0.8250,1.7310,-0.1476,0.1914,0.2417,-0.0318,0.0226,-0.1005,1.7333,-0.1664,0.2001,0.2603,0.0166,-0.0001,0.9255
26.8104,0.8234,1.7323,-0.1484,0.1910,0.2419,-0.0312,0.0211,-0.1019,1.7346,-0.1671,0.1998,0.2605,0.0180,0.0001,0.9253
26.8201,0.8219,1.7337,-0.1495,0.1906,0.2423,-0.0307,0.0199,-0.1034,1.7362,-0.1678,0.1996,0.2607,0.0191,0.0025,0.9253
26.8204,0.8203,1.7350,-0.1495,0.1906,0.2423,-0.0305,0.0199,-0.1050,1.7378,-0.1688,0.1997,0.2614,0.0204,0.0088,0.9254
26.8404,0.8172,1.7376,-0.1513,0.1889,0.2420,-0.0295,0.0170,-0.1067,1.7393,-0.1698,0.1997,0.2621,0.0212,0.0126,0.9239
26.8406,0.8172,1.7376,-0.1513,0.1889,0.2420,-0.0295,0.0170,-0.1086,1.7411,-0.1709,0.1998,0.2629,0.0217,0.0148,0.9258
26.8597,0.8159,1.7387,-0.1533,0.1869,0.2418,-0.0291,0.0185,-0.1100,1.7424,-0.1723,0.1999,0.2639,0.0225,0.0136,0.9259
26.8601,0.8140,1.7402,-0.1533,0.1869,0.2418,-0.0287,0.0185,-0.1120,1.7442,-0.1732,0.1995,0.2642,0.0240,0.0128,0.9260
26.8699,0.8124,1.7415,-0.1557,0.1849,0.2417,-0.0284,0.0201,-0.1136,1.7457,-0.1748,0.1995,0.2652,0.0246,0.0127,0.9260
26.8702,0.8106,1.7428,-0.1557,0.1849,0.2417,-0.0277,0.0201,-0.1152,1.7472,-0.1748,0.1995,0.2652,0.0248,0.0127,0.9258
26.8901,0.8089,1.7440,-0.1586,0.1834,0.2425,-0.0272,0.0239,-0.1167,1.7487,-0.1770,0.1993,0.2665,0.0250,0.0167,0.9256
26.8904,0.8072,1.7452,-0.1586,0.1834,0.2425,-0.0268,0.0239,-0.1184,1.7502,-0.1770,0.1993,0.2665,0.0250,0.0167,0.9257
26.9001,0.8058,1.7463,-0.1609,0.1815,0.2426,-0.0267,0.0288,-0.1200,1.7516,-0.1790,0.1988,0.2675,0.0254,0.0277,0.9258
26.9004,0.8040,1.7476,-0.1619,0.1806,0.2426,-0.0267,0.0302,-0.1219,1.7533,-0.1790,0.1988,0.2675,0.0260,0.0277,0.9259
26.9200,0.8024,1.7488,-0.1633,0.1799,0.2430,-0.0267,0.0322,-0.1236,1.7549,-0.1815,0.1988,0.2692,0.0269,0.0228,0.9260
26.9203,0.8008,1.7500,-0.1633,0.1799,0.2430,-0.0267,0.0322,-0.1254,1.7566,-0.1815,0.1988,0.2692,0.0280,0.0228,0.9262
26.9402,0.7991,1.7512,-0.1656,0.1778,0.2430,-0.0264,0.0339,-0.1272,1.7583,-0.1837,0.1989,0.2707,0.0282,0.0103,0.9263
26.9405,0.7976,1.7523,-0.1656,0.1778,0.2430,-0.0262,0.0339,-0.1289,1.7599,-0.1845,0.1987,0.2711,0.0288,0.0071,0.9264
26.9598,0.7960,1.7535,-0.1677,0.1755,0.2427,-0.0258,0.0340,-0.1307,1.7615,-0.1855,0.1988,0.2720,0.0294,0.0059,0.9267
26.9601,0.7944,1.7545,-0.1677,0.1755,0.2427,-0.0254,0.0340,-0.1325,1.7629,-0.1855,0.1988,0.2720,0.0306,0.0059,0.9269
26.9800,0.7928,1.7557,-0.1697,0.1732,0.2425,-0.0250,0.0353,-0.1343,1.7643,-0.1877,0.1986,0.2732,0.0324,0.0028,0.9272
26.9804,0.7913,1.7568,-0.1702,0.1717,0.2418,-0.0244,0.0344,-0.1361,1.7656,-0.1886,0.1977,0.2732,0.0339,0.0033,0.9274
26.9899,0.7896,1.7581,-0.1710,0.1707,0.2416,-0.0235,0.0336,-0.1379,1.7671,-0.1895,0.1967,0.2731,0.0347,0.0043,0.9276
26.9903,0.7881,1.7593,-0.1710,0.1707,0.2416,-0.0231,0.0336,-0.1396,1.7684,-0.1895,0.1967,0.2731,0.0350,0.0043,0.9277
27.0100,0.7865,1.7605,-0.1728,0.1693,0.2419,-0.0225,0.0333,-0.1414,1.7699,-0.1913,0.1956,0.2736,0.0348,0.0149,0.9279
27.0104,0.7865,1.7605,-0.1728,0.1693,0.2419,-0.0225,0.0333,-0.1432,1.7714,-0.1913,0.1956,0.2736,0.0348,0.0149,0.9298
27.0196,0.7832,1.7629,-0.1745,0.1673,0.2418,-0.0217,0.0327,-0.1453,1.7729,-0.1933,0.1946,0.2743,0.0354,0.0259,0.9285
27.0198,0.7812,1.7642,-0.1745,0.1673,0.2418,-0.0211,0.0327,-0.1475,1.7747,-0.1933,0.1946,0.2743,0.0359,0.0259,0.9287
27.0402,0.7778,1.7665,-0.1779,0.1653,0.2429,-0.0204,0.0282,-0.1494,1.7761,-0.1966,0.1947,0.2767,0.0370,0.0275,0.9273
27.0405,0.7778,1.7665,-0.1779,0.1653,0.2429,-0.0204,0.0282,-0.1512,1.7775,-0.1975,0.1942,0.2770,0.0377,0.0235,0.9291
27.0602,0.7762,1.7675,-0.1786,0.1641,0.2426,-0.0197,0.0270,-0.1529,1.7788,-0.1980,0.1932,0.2767,0.0379,0.0182,0.9292
27.0606,0.7746,1.7686,-0.1786,0.1641,0.2426,-0.0189,0.0270,-0.1545,1.7800,-0.1990,0.1929,0.2771,0.0380,0.0158,0.9292
27.0702,0.7729,1.7697,-0.1801,0.1617,0.2420,-0.0183,0.0269,-0.1565,1.7814,-0.1991,0.1916,0.2763,0.0385,0.0166,0.9294
27.0705,0.7711,1.7709,-0.1801,0.1617,0.2420,-0.0179,0.0269,-0.1584,1.7826,-0.1991,0.1916,0.2763,0.0389,0.0166,0.9296
27.0901,0.7691,1.7722,-0.1824,0.1603,0.2428,-0.0175,0.0296,-0.1605,1.7841,-0.2015,0.1902,0.2771,0.0396,0.0197,0.9297
27.0905,0.7677,1.7730,-0.1824,0.1603,0.2428,-0.0173,0.0296,-0.1619,1.7850,-0.2023,0.1894,0.2772,0.0398,0.0247,0.9297
27.1104,0.7656,1.7743,-0.1838,0.1579,0.2423,-0.0169,0.0316,-0.1642,1.7868,-0.2023,0.1878,0.2761,0.0396,0.0259,0.9298
27.1107,0.7639,1.7753,-0.1851,0.1570,0.2427,-0.0166,0.0307,-0.1659,1.7881,-0.2036,0.1874,0.2767,0.0395,0.0262,0.9299
27.1201,0.7618,1.7766,-0.1860,0.1562,0.2429,-0.0165,0.0301,-0.1682,1.7898,-0.2044,0.1869,0.2770,0.0394,0.0257,0.9301
27.1205,0.7603,1.7775,-0.1860,0.1562,0.2429,-0.0159,0.0301,-0.1702,1.7913,-0.2058,0.1869,0.2779,0.0393,0.0244,0.9306
27.1401,0.7588,1.7784,-0.1878,0.1545,0.2432,-0.0156,0.0235,-0.1722,1.7926,-0.2070,0.1864,0.2786,0.0393,0.0186,0.9311
27.1405,0.7570,1.7794,-0.1878,0.1545,0.2432,-0.0151,0.0235,-0.1745,1.7941,-0.2070,0.1864,0.2786,0.0392,0.0186,0.9315
27.1600,0.7554,1.7804,-0.1892,0.1520,0.2427,-0.0148,0.0228,-0.1763,1.7953,-0.2094,0.1850,0.2794,0.0391,0.0057,0.9319
27.1605,0.7536,1.7814,-0.1898,0.1508,0.2424,-0.0143,0.0248,-0.1783,1.7967,-0.2102,0.1839,0.2793,0.0389,0.0047,0.9320
27.1700,0.7519,1.7824,-0.1907,0.1498,0.2426,-0.0136,0.0258,-0.1803,1.7979,-0.2110,0.1832,0.2794,0.0380,0.0053,0.9323
27.1704,0.7501,1.7833,-0.1907,0.1498,0.2426,-0.0134,0.0258,-0.1822,1.7989,-0.2110,0.1832,0.2794,0.0377,0.0053,0.9324
27.1901,0.7484,1.7843,-0.1922,0.1474,0.2423,-0.0133,0.0322,-0.1842,1.8000,-0.2122,0.1807,0.2787,0.0374,0.0135,0.9327
27.1905,0.7465,1.7855,-0.1922,0.1474,0.2423,-0.0133,0.0322,-0.1865,1.8014,-0.2122,0.1807,0.2787,0.0370,0.0135,0.9331
27.2099,0.7450,1.7864,-0.1942,0.1462,0.2430,-0.0131,0.0369,-0.1883,1.8026,-0.2142,0.1785,0.2788,0.0365,0.0237,0.9335
27.2101,0.7432,1.7877,-0.1942,0.1462,0.2430,-0.0127,0.0369,-0.1907,1.8043,-0.2142,0.1785,0.2788,0.0356,0.0237,0.9340
27.2200,0.7416,1.7887,-0.1957,0.1451,0.2437,-0.0124,0.0336,-0.1927,1.8056,-0.2161,0.1772,0.2795,0.0349,0.0249,0.9345
27.2202,0.7399,1.7898,-0.1957,0.1451,0.2437,-0.0120,0.0336,-0.1949,1.8070,-0.2161,0.1772,0.2795,0.0347,0.0249,0.9350
27.2404,0.7384,1.7908,-0.1962,0.1433,0.2430,-0.0117,0.0319,-0.1970,1.8082,-0.2175,0.1755,0.2794,0.0344,0.0252,0.9355
27.2409,0.7367,1.7918,-0.1965,0.1424,0.2427,-0.0116,0.0319,-0.1990,1.8094,-0.2185,0.1751,0.2800,0.0343,0.0204,0.9359
27.2499,0.7349,1.7929,-0.1968,0.1413,0.2423,-0.0112,0.0320,-0.2012,1.8106,-0.2192,0.1741,0.2800,0.0342,0.0197,0.9362
27.2502,0.7333,1.7938,-0.1968,0.1413,0.2423,-0.0111,0.0320,-0.2031,1.8117,-0.2192,0.1741,0.2800,0.0340,0.0197,0.9366
27.2702,0.7315,1.7949,-0.1982,0.1401,0.2427,-0.0110,0.0305,-0.2052,1.8130,-0.2214,0.1724,0.2806,0.0333,0.0144,0.9369
27.2708,0.7297,1.7959,-0.1982,0.1401,0.2427,-0.0110,0.0305,-0.2074,1.8143,-0.2221,0.1714,0.2806,0.0321,0.0148,0.9373
27.2903,0.7280,1.7969,-0.1996,0.1388,0.2431,-0.0110,0.0291,-0.2096,1.8156,-0.2234,0.1711,0.2814,0.0316,0.0165,0.9378
27.2908,0.7263,1.7979,-0.1997,0.1376,0.2425,-0.0110,0.0302,-0.2118,1.8169,-0.2241,0.1701,0.2813,0.0311,0.0179,0.9382
27.2999,0.7243,1.7989,-0.2003,0.1366,0.2425,-0.0109,0.0309,-0.2141,1.8182,-0.2253,0.1698,0.2822,0.0308,0.0179,0.9386
27.3002,0.7225,1.7999,-0.2003,0.1366,0.2425,-0.0109,0.0309,-0.2163,1.8196,-0.2272,0.1699,0.2837,0.0304,0.0181,0.9391
27.3200,0.7206,1.8009,-0.2018,0.1352,0.2429,-0.0110,0.0350,-0.2185,1.8209,-0.2289,0.1698,0.2850,0.0298,0.0153,0.9394
27.3203,0.7188,1.8019,-0.2018,0.1352,0.2429,-0.0109,0.0350,-0.2208,1.8222,-0.2289,0.1698,0.2850,0.0295,0.0153,0.9398
27.3398,0.7170,1.8030,-0.2031,0.1339,0.2433,-0.0109,0.0408,-0.2230,1.8236,-0.2315,0.1690,0.2866,0.0288,0.0049,0.9402
27.3401,0.7152,1.8041,-0.2031,0.1339,0.2433,-0.0110,0.0408,-0.2253,1.8250,-0.2326,0.1685,0.2872,0.0280,0.0024,0.9407
27.3500,0.7136,1.8051,-0.2040,0.1330,0.2435,-0.0110,0.0396,-0.2274,1.8261,-0.2334,0.1678,0.2874,0.0278,0.0004,0.9412
27.3502,0.7116,1.8063,-0.2040,0.1330,0.2435,-0.0109,0.0396,-0.2298,1.8275,-0.2347,0.1674,0.2883,0.0274,-0.0005,0.9417
27.3697,0.7100,1.8073,-0.2048,0.1322,0.2438,-0.0107,0.0372,-0.2321,1.8286,-0.2356,0.1664,0.2885,0.0271,-0.0021,0.9423
27.3700,0.7083,1.8082,-0.2048,0.1322,0.2438,-0.0103,0.0372,-0.2342,1.8297,-0.2356,0.1664,0.2885,0.0269,-0.0021,0.9427
27.3901,0.7066,1.8091,-0.2046,0.1308,0.2428,-0.0099,0.0335,-0.2362,1.8309,-0.2380,0.1651,0.2896,0.0262,-0.0023,0.9431
27.3904,0.7048,1.8101,-0.2046,0.1308,0.2428,-0.0089,0.0335,-0.2385,1.8320,-0.2380,0.1651,0.2896,0.0259,-0.0023,0.9435
27.3998,0.7028,1.8111,-0.2050,0.1297,0.2426,-0.0079,0.0269,-0.2407,1.8332,-0.2402,0.1637,0.2906,0.0251,-0.0121,0.9438
27.4001,0.7011,1.8121,-0.2059,0.1296,0.2433,-0.0073,0.0237,-0.2428,1.8344,-0.2402,0.1637,0.2906,0.0245,-0.0121,0.9442
27.4201,0.6990,1.8133,-0.2059,0.1290,0.2430,-0.0066,0.0217,-0.2453,1.8358,-0.2419,0.1623,0.2913,0.0239,-0.0079,0.9446
27.4204,0.6974,1.8143,-0.2059,0.1290,0.2430,-0.0064,0.0217,-0.2474,1.8370,-0.2419,0.1623,0.2913,0.0235,-0.0079,0.9451
27.4403,0.6955,1.8155,-0.2067,0.1286,0.2435,-0.0066,0.0195,-0.2498,1.8383,-0.2440,0.1608,0.2922,0.0231,0.0034,0.9456
27.4407,0.6936,1.8166,-0.2072,0.1286,0.2438,-0.0065,0.0178,-0.2521,1.8395,-0.2454,0.1600,0.2929,0.0228,0.0060,0.9460
27.4499,0.6917,1.8176,-0.2079,0.1287,0.2445,-0.0062,0.0169,-0.2544,1.8407,-0.2466,0.1593,0.2936,0.0223,0.0062,0.9463
27.4504,0.6899,1.8186,-0.2079,0.1287,0.2445,-0.0058,0.0169,-0.2566,1.8417,-0.2473,0.1583,0.2936,0.0219,0.0076,0.9467
27.4700,0.6880,1.8197,-0.2091,0.1282,0.2453,-0.0056,0.0145,-0.2590,1.8429,-0.2482,0.1575,0.2939,0.0213,0.0096,0.9472
27.4703,0.6862,1.8207,-0.2097,0.1281,0.2457,-0.0057,0.0136,-0.2611,1.8441,-0.2494,0.1572,0.2948,0.0205,0.0094,0.9476
27.4800,0.6844,1.8217,-0.2103,0.1279,0.2462,-0.0055,0.0140,-0.2633,1.8454,-0.2501,0.1571,0.2954,0.0196,0.0087,0.9480
27.4804,0.6824,1.8229,-0.2103,0.1279,0.2462,-0.0054,0.0140,-0.2657,1.8470,-0.2501,0.1571,0.2954,0.0180,0.0087,0.9485
27.4999,0.6806,1.8239,-0.2113,0.1273,0.2467,-0.0050,0.0148,-0.2681,1.8485,-0.2523,0.1574,0.2974,0.0174,-0.0029,0.9490
27.5002,0.6806,1.8239,-0.2113,0.1273,0.2467,-0.0050,0.0148,-0.2703,1.8497,-0.2523,0.1574,0.2974,0.0168,-0.0029,0.9512
27.5202,0.6771,1.8257,-0.2121,0.1264,0.2469,-0.0044,0.0140,-0.2724,1.8509,-0.2541,0.1568,0.2986,0.0166,-0.0323,0.9499
27.5299,0.6751,1.8269,-0.2121,0.1257,0.2466,-0.0037,0.0137,-0.2749,1.8523,-0.2543,0.1560,0.2984,0.0163,-0.0329,0.9504
27.5303,0.6736,1.8277,-0.2121,0.1257,0.2466,-0.0033,0.0137,-0.2768,1.8532,-0.2543,0.1560,0.2984,0.0163,-0.0329,0.9507
27.5401,0.6717,1.8287,-0.2120,0.1247,0.2460,-0.0022,0.0126,-0.2791,1.8544,-0.2550,0.1543,0.2980,0.0162,-0.0251,0.9512
27.5404,0.6699,1.8298,-0.2120,0.1247,0.2460,-0.0014,0.0126,-0.2813,1.8555,-0.2550,0.1543,0.2980,0.0161,-0.0251,0.9515
27.5603,0.6663,1.8318,-0.2130,0.1247,0.2468,0.0005,0.0079,-0.2836,1.8567,-0.2568,0.1535,0.2992,0.0158,-0.0164,0.9502
27.5607,0.6663,1.8318,-0.2130,0.1247,0.2468,0.0005,0.0079,-0.2858,1.8579,-0.2581,0.1533,0.3001,0.0153,-0.0131,0.9525
27.5803,0.6626,1.8337,-0.2131,0.1243,0.2467,0.0015,0.0057,-0.2882,1.8592,-0.2587,0.1529,0.3005,0.0146,-0.0115,0.9512
27.5806,0.6626,1.8337,-0.2131,0.1243,0.2467,0.0015,0.0057,-0.2904,1.8604,-0.2596,0.1531,0.3013,0.0140,-0.0145,0.9534
27.5900,0.6607,1.8347,-0.2130,0.1230,0.2460,0.0019,0.0037,-0.2927,1.8618,-0.2599,0.1526,0.3013,0.0133,-0.0207,0.9538
27.5904,0.6587,1.8357,-0.2130,0.1230,0.2460,0.0021,0.0037,-0.2951,1.8632,-0.2599,0.1526,0.3013,0.0126,-0.0207,0.9542
27.6102,0.6569,1.8365,-0.2138,0.1228,0.2465,0.0020,0.0059,-0.2972,1.8643,-0.2619,0.1528,0.3032,0.0122,-0.0267,0.9546
27.6106,0.6550,1.8375,-0.2138,0.1228,0.2465,0.0020,0.0059,-0.2996,1.8656,-0.2626,0.1525,0.3036,0.0116,-0.0287,0.9550
27.6301,0.6532,1.8384,-0.2137,0.1218,0.2459,0.0021,0.0100,-0.3018,1.8667,-0.2629,0.1515,0.3034,0.0109,-0.0323,0.9555
27.6306,0.6515,1.8394,-0.2141,0.1219,0.2464,0.0019,0.0107,-0.3041,1.8678,-0.2632,0.1509,0.3033,0.0108,-0.0308,0.9560
27.6398,0.6497,1.8404,-0.2146,0.1221,0.2469,0.0018,0.0104,-0.3063,1.8688,-0.2637,0.1503,0.3035,0.0104,-0.0274,0.9564
27.6402,0.6476,1.8415,-0.2146,0.1221,0.2469,0.0017,0.0104,-0.3086,1.8699,-0.2637,0.1503,0.3035,0.0099,-0.0274,0.9566
27.6598,0.6456,1.8426,-0.2156,0.1222,0.2478,0.0017,0.0086,-0.3110,1.8712,-0.2645,0.1492,0.3037,0.0089,-0.0175,0.9571
27.6600,0.6439,1.8435,-0.2160,0.1224,0.2483,0.0016,0.0076,-0.3131,1.8722,-0.2645,0.1492,0.3037,0.0086,-0.0175,0.9574
27.6801,0.6420,1.8444,-0.2158,0.1222,0.2480,0.0014,0.0054,-0.3154,1.8735,-0.2654,0.1486,0.3042,0.0077,-0.0206,0.9579
27.6806,0.6402,1.8453,-0.2158,0.1222,0.2480,0.0014,0.0054,-0.3176,1.8746,-0.2665,0.1490,0.3053,0.0074,-0.0292,0.9583
27.6899,0.6382,1.8464,-0.2164,0.1221,0.2485,0.0012,-0.0019,-0.3202,1.8760,-0.2668,0.1492,0.3057,0.0067,-0.0395,0.9589
27.6901,0.6364,1.8475,-0.2165,0.1219,0.2485,0.0011,-0.0046,-0.3224,1.8772,-0.2668,0.1492,0.3057,0.0063,-0.0395,0.9593
27.7107,0.6328,1.8494,-0.2172,0.1221,0.2491,0.0007,-0.0065,-0.3246,1.8783,-0.2681,0.1491,0.3068,0.0061,-0.0504,0.9578
27.7109,0.6328,1.8494,-0.2172,0.1221,0.2491,0.0007,-0.0065,-0.3268,1.8793,-0.2679,0.1480,0.3061,0.0059,-0.0502,0.9601
27.7202,0.6308,1.8504,-0.2177,0.1214,0.2492,0.0005,-0.0072,-0.3291,1.8803,-0.2682,0.1474,0.3060,0.0055,-0.0497,0.9604
27.7207,0.6288,1.8514,-0.2182,0.1211,0.2496,0.0002,-0.0073,-0.3315,1.8814,-0.2684,0.1466,0.3059,0.0053,-0.0436,0.9607
27.7401,0.6269,1.8524,-0.2191,0.1212,0.2504,0.0000,-0.0079,-0.3338,1.8824,-0.2689,0.1463,0.3061,0.0050,-0.0376,0.9611
27.7404,0.6248,1.8534,-0.2196,0.1212,0.2509,0.0001,-0.0086,-0.3362,1.8835,-0.2695,0.1460,0.3065,0.0049,-0.0345,0.9615
27.7603,0.6230,1.8542,-0.2202,0.1210,0.2512,0.0001,-0.0087,-0.3384,1.8846,-0.2702,0.1459,0.3070,0.0049,-0.0323,0.9619
27.7608,0.6209,1.8553,-0.2202,0.1210,0.2512,0.0002,-0.0087,-0.3408,1.8859,-0.2702,0.1459,0.3070,0.0050,-0.0323,0.9622
27.7798,0.6192,1.8561,-0.2212,0.1208,0.2520,0.0002,-0.0127,-0.3429,1.8869,-0.2711,0.1458,0.3078,0.0051,-0.0342,0.9625
27.7801,0.6173,1.8570,-0.2212,0.1208,0.2520,0.0006,-0.0127,-0.3451,1.8880,-0.2711,0.1458,0.3078,0.0052,-0.0342,0.9628
27.7900,0.6154,1.8578,-0.2214,0.1201,0.2519,0.0009,-0.0136,-0.3473,1.8891,-0.2710,0.1448,0.3072,0.0053,-0.0369,0.9632
27.7904,0.6135,1.8586,-0.2214,0.1201,0.2519,0.0011,-0.0136,-0.3495,1.8901,-0.2710,0.1448,0.3072,0.0058,-0.0369,0.9635
27.8101,0.6114,1.8593,-0.2217,0.1193,0.2517,0.0023,-0.0150,-0.3518,1.8912,-0.2708,0.1438,0.3066,0.0064,-0.0376,0.9637
27.8108,0.6096,1.8599,-0.2217,0.1193,0.2517,0.0033,-0.0150,-0.3539,1.8922,-0.2709,0.1432,0.3064,0.0072,-0.0372,0.9640
27.8299,0.6074,1.8607,-0.2221,0.1178,0.2515,0.0038,-0.0074,-0.3561,1.8933,-0.2706,0.1426,0.3059,0.0086,-0.0374,0.9640
27.8302,0.6056,1.8616,-0.2221,0.1178,0.2515,0.0040,-0.0074,-0.3581,1.8942,-0.2706,0.1426,0.3059,0.0092,-0.0374,0.9642
27.8399,0.6035,1.8625,-0.2229,0.1172,0.2518,0.0040,-0.0040,-0.3603,1.8952,-0.2702,0.1412,0.3049,0.0099,-0.0371,0.9643
27.8401,0.6016,1.8636,-0.2229,0.1172,0.2518,0.0040,-0.0040,-0.3623,1.8961,-0.2700,0.1404,0.3043,0.0106,-0.0339,0.9644
27.8601,0.5994,1.8647,-0.2240,0.1169,0.2527,0.0040,-0.0044,-0.3647,1.8972,-0.2697,0.1400,0.3039,0.0119,-0.0321,0.9647
27.8603,0.5976,1.8655,-0.2240,0.1169,0.2527,0.0039,-0.0044,-0.3667,1.8981,-0.2697,0.1400,0.3039,0.0131,-0.0321,0.9648
27.8700,0.5936,1.8670,-0.2253,0.1162,0.2535,0.0052,-0.0209,-0.3689,1.8990,-0.2691,0.1390,0.3029,0.0144,-0.0282,0.9631
27.8702,0.5936,1.8670,-0.2253,0.1162,0.2535,0.0052,-0.0209,-0.3711,1.9000,-0.2694,0.1386,0.3029,0.0155,-0.0289,0.9653
27.8902,0.5918,1.8675,-0.2258,0.1157,0.2537,0.0065,-0.0210,-0.3731,1.9010,-0.2697,0.1383,0.3031,0.0160,-0.0295,0.9655
27.8904,0.5898,1.8681,-0.2258,0.1149,0.2534,0.0080,-0.0197,-0.3753,1.9020,-0.2693,0.1379,0.3025,0.0163,-0.0309,0.9658
27.9099,0.5882,1.8684,-0.2260,0.1138,0.2530,0.0090,-0.0177,-0.3773,1.9028,-0.2693,0.1376,0.3024,0.0165,-0.0326,0.9661
27.9103,0.5861,1.8690,-0.2257,0.1126,0.2522,0.0096,-0.0117,-0.3795,1.9039,-0.2689,0.1369,0.3017,0.0166,-0.0337,0.9662
27.9202,0.5840,1.8695,-0.2260,0.1113,0.2519,0.0098,-0.0046,-0.3817,1.9048,-0.2684,0.1361,0.3009,0.0169,-0.0332,0.9663
27.9207,0.5819,1.8702,-0.2268,0.1104,0.2522,0.0096,-0.0008,-0.3839,1.9058,-0.2686,0.1356,0.3009,0.0173,-0.0324,0.9664
27.9400,0.5799,1.8709,-0.2273,0.1094,0.2522,0.0094,0.0042,-0.3859,1.9066,-0.2681,0.1349,0.3001,0.0175,-0.0300,0.9664
27.9403,0.5778,1.8717,-0.2273,0.1094,0.2522,0.0092,0.0042,-0.3879,1.9075,-0.2681,0.1349,0.3001,0.0177,-0.0300,0.9664
27.9601,0.5759,1.8724,-0.2278,0.1082,0.2522,0.0092,0.0036,-0.3899,1.9083,-0.2672,0.1337,0.2987,0.0179,-0.0278,0.9665
27.9603,0.5739,1.8732,-0.2278,0.1082,0.2522,0.0091,0.0036,-0.3921,1.9093,-0.2672,0.1337,0.2987,0.0183,-0.0278,0.9666
27.9698,0.5719,1.8739,-0.2282,0.1070,0.2521,0.0090,-0.0001,-0.3942,1.9101,-0.2662,0.1327,0.2974,0.0185,-0.0285,0.9668
27.9701,0.5699,1.8746,-0.2282,0.1070,0.2521,0.0087,-0.0001,-0.3963,1.9109,-0.2661,0.1320,0.2970,0.0189,-0.0288,0.9669
27.9901,0.5679,1.8752,-0.2289,0.1057,0.2522,0.0087,-0.0074,-0.3985,1.9118,-0.2659,0.1310,0.2965,0.0194,-0.0284,0.9671
27.9904,0.5659,1.8757,-0.2291,0.1045,0.2518,0.0086,-0.0062,-0.4006,1.9126,-0.2656,0.1295,0.2954,0.0197,-0.0268,0.9672
28.0100,0.5641,1.8761,-0.2293,0.1035,0.2516,0.0086,-0.0043,-0.4024,1.9132,-0.2650,0.1283,0.2944,0.0203,-0.0090,0.9673
28.0102,0.5620,1.8766,-0.2293,0.1035,0.2516,0.0086,-0.0043,-0.4047,1.9141,-0.2650,0.1283,0.2944,0.0207,-0.0090,0.9674
28.0201,0.5600,1.8771,-0.2303,0.1017,0.2517,0.0085,0.0034,-0.4070,1.9149,-0.2646,0.1263,0.2932,0.0213,0.0011,0.9677
28.0204,0.5580,1.8777,-0.2303,0.1017,0.2517,0.0085,0.0034,-0.4091,1.9157,-0.2646,0.1263,0.2932,0.0219,0.0011,0.9679
28.0402,0.5559,1.8784,-0.2310,0.0999,0.2517,0.0085,0.0051,-0.4114,1.9166,-0.2645,0.1250,0.2925,0.0224,-0.0004,0.9681
28.0405,0.5540,1.8791,-0.2310,0.0999,0.2517,0.0086,0.0051,-0.4136,1.9174,-0.2645,0.1250,0.2925,0.0230,-0.0004,0.9683
28.0600,0.5519,1.8797,-0.2318,0.0985,0.2518,0.0086,0.0056,-0.4157,1.9182,-0.2645,0.1238,0.2921,0.0233,-0.0025,0.9684
28.0604,0.5500,1.8804,-0.2318,0.0985,0.2518,0.0086,0.0056,-0.4178,1.9190,-0.2642,0.1231,0.2915,0.0236,-0.0086,0.9686
28.0700,0.5481,1.8809,-0.2325,0.0970,0.2519,0.0086,0.0049,-0.4196,1.9197,-0.2639,0.1222,0.2908,0.0237,-0.0135,0.9685
28.0704,0.5460,1.8815,-0.2325,0.0970,0.2519,0.0086,0.0049,-0.4216,1.9203,-0.2639,0.1222,0.2908,0.0237,-0.0135,0.9683
28.0899,0.5437,1.8823,-0.2333,0.0956,0.2521,0.0086,0.0019,-0.4238,1.9213,-0.2623,0.1199,0.2884,0.0236,-0.0155,0.9683
28.0901,0.5417,1.8827,-0.2333,0.0956,0.2521,0.0087,0.0019,-0.4257,1.9220,-0.2623,0.1199,0.2884,0.0236,-0.0155,0.9682
28.0998,0.5398,1.8833,-0.2339,0.0941,0.2521,0.0087,-0.0008,-0.4275,1.9226,-0.2611,0.1176,0.2863,0.0236,-0.0159,0.9680
28.1001,0.5374,1.8839,-0.2343,0.0935,0.2523,0.0087,-0.0034,-0.4297,1.9233,-0.2611,0.1176,0.2863,0.0236,-0.0159,0.9679
28.1204,0.5353,1.8845,-0.2352,0.0928,0.2529,0.0086,-0.0059,-0.4317,1.9238,-0.2602,0.1154,0.2846,0.0236,-0.0169,0.9678
28.1209,0.5333,1.8852,-0.2352,0.0928,0.2529,0.0086,-0.0059,-0.4336,1.9242,-0.2602,0.1154,0.2846,0.0249,-0.0169,0.9677
28.1399,0.5313,1.8858,-0.2364,0.0917,0.2536,0.0086,-0.0100,-0.4353,1.9244,-0.2591,0.1128,0.2826,0.0261,-0.0131,0.9674
28.1401,0.5294,1.8865,-0.2364,0.0917,0.2536,0.0085,-0.0100,-0.4371,1.9246,-0.2591,0.1128,0.2826,0.0274,-0.0131,0.9672
28.1603,0.5273,1.8872,-0.2365,0.0900,0.2530,0.0084,-0.0205,-0.4390,1.9249,-0.2570,0.1094,0.2793,0.0286,-0.0117,0.9670
28.1607,0.5253,1.8877,-0.2365,0.0900,0.2530,0.0085,-0.0205,-0.4408,1.9252,-0.2570,0.1094,0.2793,0.0296,-0.0117,0.9669
28.1699,0.5233,1.8882,-0.2373,0.0884,0.2532,0.0085,-0.0271,-0.4428,1.9256,-0.2555,0.1061,0.2767,0.0304,-0.0031,0.9668
28.1703,0.5214,1.8887,-0.2373,0.0884,0.2532,0.0087,-0.0271,-0.4447,1.9261,-0.2555,0.1061,0.2767,0.0309,-0.0031,0.9669
28.1902,0.5192,1.8892,-0.2376,0.0867,0.2529,0.0090,-0.0316,-0.4470,1.9266,-0.2542,0.1029,0.2742,0.0322,0.0009,0.9669
28.1906,0.5172,1.8896,-0.2381,0.0855,0.2530,0.0097,-0.0323,-0.4490,1.9272,-0.2542,0.1029,0.2742,0.0337,0.0009,0.9669
28.2102,0.5152,1.8899,-0.2386,0.0842,0.2530,0.0101,-0.0316,-0.4509,1.9275,-0.2533,0.1000,0.2723,0.0356,0.0005,0.9668
28.2106,0.5132,1.8902,-0.2388,0.0829,0.2528,0.0106,-0.0308,-0.4527,1.9279,-0.2526,0.0985,0.2711,0.0378,-0.0019,0.9666
28.2200,0.5109,1.8906,-0.2392,0.0817,0.2528,0.0116,-0.0289,-0.4548,1.9282,-0.2519,0.0972,0.2700,0.0396,-0.0044,0.9665
28.2203,0.5091,1.8908,-0.2392,0.0817,0.2528,0.0122,-0.0289,-0.4567,1.9285,-0.2515,0.0957,0.2691,0.0407,-0.0066,0.9665
28.2403,0.5073,1.8910,-0.2394,0.0787,0.2520,0.0125,-0.0274,-0.4584,1.9288,-0.2504,0.0942,0.2676,0.0413,-0.0077,0.9665
28.2408,0.5054,1.8912,-0.2392,0.0772,0.2513,0.0125,-0.0268,-0.4605,1.9291,-0.2494,0.0927,0.2660,0.0417,-0.0090,0.9666
28.2500,0.5034,1.8915,-0.2388,0.0756,0.2505,0.0125,-0.0271,-0.4626,1.9296,-0.2485,0.0911,0.2647,0.0420,-0.0132,0.9668
28.2507,0.5013,1.8917,-0.2388,0.0756,0.2505,0.0126,-0.0271,-0.4648,1.9300,-0.2485,0.0898,0.2642,0.0425,-0.0156,0.9668
28.2701,0.4993,1.8920,-0.2392,0.0729,0.2501,0.0127,-0.0279,-0.4668,1.9306,-0.2480,0.0884,0.2632,0.0428,-0.0181,0.9669
28.2706,0.4973,1.8922,-0.2392,0.0729,0.2501,0.0129,-0.0279,-0.4688,1.9310,-0.2480,0.0884,0.2632,0.0430,-0.0181,0.9669
28.2902,0.4954,1.8923,-0.2399,0.0705,0.2501,0.0132,-0.0294,-0.4707,1.9315,-0.2475,0.0860,0.2621,0.0428,-0.0230,0.9669
28.2906,0.4934,1.8924,-0.2399,0.0705,0.2501,0.0135,-0.0294,-0.4727,1.9318,-0.2475,0.0860,0.2621,0.0427,-0.0230,0.9670
28.2997,0.4914,1.8924,-0.2401,0.0676,0.2494,0.0137,-0.0280,-0.4747,1.9322,-0.2465,0.0834,0.2602,0.0426,-0.0238,0.9670
28.3000,0.4897,1.8925,-0.2401,0.0676,0.2494,0.0136,-0.0280,-0.4766,1.9325,-0.2465,0.0834,0.2602,0.0425,-0.0238,0.9671
28.3201,0.4876,1.8927,-0.2398,0.0653,0.2485,0.0135,-0.0291,-0.4786,1.9326,-0.2454,0.0806,0.2583,0.0428,-0.0244,0.9670
28.3205,0.4858,1.8929,-0.2398,0.0653,0.2485,0.0132,-0.0291,-0.4802,1.9327,-0.2454,0.0806,0.2583,0.0435,-0.0244,0.9668
28.3402,0.4837,1.8932,-0.2395,0.0625,0.2475,0.0125,-0.0356,-0.4820,1.9326,-0.2442,0.0769,0.2560,0.0457,-0.0227,0.9665
28.3406,0.4817,1.8935,-0.2395,0.0625,0.2475,0.0120,-0.0356,-0.4835,1.9326,-0.2433,0.0748,0.2546,0.0472,-0.0143,0.9660
28.3500,0.4796,1.8938,-0.2398,0.0599,0.2472,0.0119,-0.0369,-0.4852,1.9325,-0.2425,0.0729,0.2533,0.0480,-0.0048,0.9656
28.3502,0.4777,1.8940,-0.2398,0.0599,0.2472,0.0120,-0.0369,-0.4870,1.9325,-0.2410,0.0706,0.2511,0.0478,0.0027,0.9655
28.3699,0.4756,1.8942,-0.2397,0.0570,0.2464,0.0121,-0.0290,-0.4889,1.9326,-0.2406,0.0688,0.2503,0.0474,0.0096,0.9653
28.3702,0.4739,1.8943,-0.2397,0.0570,0.2464,0.0122,-0.0290,-0.4906,1.9327,-0.2406,0.0688,0.2503,0.0468,0.0096,0.9652
28.3800,0.4718,1.8944,-0.2396,0.0546,0.2457,0.0122,-0.0255,-0.4927,1.9330,-0.2391,0.0653,0.2479,0.0442,0.0166,0.9653
28.3802,0.4697,1.8945,-0.2400,0.0537,0.2460,0.0121,-0.0262,-0.4949,1.9334,-0.2392,0.0640,0.2476,0.0410,0.0165,0.9654
28.4000,0.4677,1.8946,-0.2402,0.0529,0.2459,0.0119,-0.0303,-0.4969,1.9339,-0.2391,0.0628,0.2472,0.0391,0.0166,0.9655
28.4002,0.4660,1.8946,-0.2410,0.0523,0.2466,0.0117,-0.0378,-0.4987,1.9342,-0.2393,0.0621,0.2473,0.0383,0.0151,0.9655
28.4199,0.4639,1.8947,-0.2402,0.0513,0.2456,0.0116,-0.0462,-0.5007,1.9346,-0.2383,0.0607,0.2459,0.0378,0.0121,0.9654
28.4202,0.4619,1.8949,-0.2402,0.0513,0.2456,0.0113,-0.0462,-0.5026,1.9350,-0.2383,0.0607,0.2459,0.0372,0.0121,0.9654
28.4403,0.4600,1.8950,-0.2399,0.0493,0.2449,0.0113,-0.0595,-0.5045,1.9354,-0.2374,0.0585,0.2445,0.0366,0.0056,0.9654
28.4406,0.4578,1.8950,-0.2399,0.0493,0.2449,0.0110,-0.0595,-0.5066,1.9358,-0.2374,0.0576,0.2443,0.0360,0.0043,0.9653
28.4503,0.4539,1.8950,-0.2401,0.0452,0.2443,0.0111,-0.0617,-0.5086,1.9361,-0.2374,0.0567,0.2441,0.0355,0.0031,0.9634
28.4504,0.4539,1.8950,-0.2401,0.0452,0.2443,0.0111,-0.0617,-0.5107,1.9364,-0.2375,0.0556,0.2439,0.0348,0.0018,0.9654
28.4702,0.4520,1.8950,-0.2399,0.0436,0.2439,0.0110,-0.0580,-0.5126,1.9366,-0.2372,0.0542,0.2433,0.0346,0.0010,0.9654
28.4705,0.4502,1.8950,-0.2399,0.0436,0.2439,0.0107,-0.0580,-0.5143,1.9368,-0.2367,0.0529,0.2426,0.0343,0.0005,0.9654
28.4903,0.4461,1.8949,-0.2396,0.0396,0.2428,0.0103,-0.0450,-0.5165,1.9370,-0.2360,0.0517,0.2416,0.0340,-0.0003,0.9635
28.4906,0.4461,1.8949,-0.2396,0.0396,0.2428,0.0103,-0.0450,-0.5183,1.9373,-0.2360,0.0517,0.2416,0.0338,-0.0003,0.9653
28.4998,0.4440,1.8948,-0.2397,0.0384,0.2427,0.0102,-0.0449,-0.5202,1.9375,-0.2354,0.0493,0.2406,0.0338,-0.0054,0.9651
28.5000,0.4419,1.8948,-0.2403,0.0374,0.2432,0.0102,-0.0491,-0.5220,1.9376,-0.2354,0.0493,0.2406,0.0338,-0.0054,0.9649
28.5202,0.4399,1.8947,-0.2401,0.0364,0.2428,0.0103,-0.0531,-0.5238,1.9377,-0.2345,0.0471,0.2392,0.0340,-0.0099,0.9647
28.5205,0.4379,1.8947,-0.2402,0.0352,0.2428,0.0104,-0.0555,-0.5256,1.9378,-0.2337,0.0457,0.2381,0.0344,-0.0097,0.9644
28.5402,0.4358,1.8947,-0.2403,0.0341,0.2427,0.0105,-0.0542,-0.5275,1.9377,-0.2331,0.0440,0.2372,0.0359,-0.0097,0.9642
28.5405,0.4338,1.8947,-0.2403,0.0341,0.2427,0.0105,-0.0542,-0.5292,1.9377,-0.2331,0.0440,0.2372,0.0379,-0.0097,0.9640
28.5500,0.4317,1.8947,-0.2403,0.0313,0.2424,0.0105,-0.0534,-0.5311,1.9376,-0.2313,0.0404,0.2348,0.0399,-0.0083,0.9637
28.5503,0.4297,1.8946,-0.2403,0.0313,0.2424,0.0105,-0.0534,-0.5329,1.9374,-0.2308,0.0388,0.2341,0.0419,-0.0014,0.9636
28.5702,0.4279,1.8946,-0.2406,0.0286,0.2423,0.0105,-0.0486,-0.5345,1.9372,-0.2302,0.0369,0.2332,0.0432,0.0050,0.9633
28.5705,0.4260,1.8946,-0.2406,0.0286,0.2423,0.0106,-0.0486,-0.5362,1.9370,-0.2297,0.0351,0.2324,0.0444,0.0079,0.9631
28.5900,0.4239,1.8946,-0.2400,0.0261,0.2414,0.0107,-0.0449,-0.5380,1.9368,-0.2293,0.0334,0.2317,0.0466,0.0082,0.9628
28.5904,0.4220,1.8946,-0.2395,0.0247,0.2408,0.0108,-0.0442,-0.5396,1.9367,-0.2284,0.0311,0.2305,0.0489,0.0090,0.9625
28.6002,0.4199,1.8946,-0.2394,0.0237,0.2405,0.0109,-0.0440,-0.5413,1.9364,-0.2278,0.0293,0.2297,0.0521,0.0107,0.9621
28.6006,0.4177,1.8945,-0.2394,0.0237,0.2405,0.0112,-0.0440,-0.5430,1.9360,-0.2277,0.0275,0.2293,0.0549,0.0133,0.9616
28.6198,0.4157,1.8945,-0.2395,0.0212,0.2404,0.0112,-0.0421,-0.5445,1.9356,-0.2267,0.0253,0.2281,0.0570,0.0168,0.9611
28.6200,0.4136,1.8945,-0.2395,0.0212,0.2404,0.0112,-0.0421,-0.5460,1.9352,-0.2267,0.0253,0.2281,0.0581,0.0168,0.9605
28.6302,0.4117,1.8945,-0.2393,0.0185,0.2400,0.0111,-0.0375,-0.5474,1.9350,-0.2248,0.0222,0.2259,0.0586,0.0199,0.9600
28.6305,0.4095,1.8945,-0.2393,0.0185,0.2400,0.0111,-0.0375,-0.5493,1.9347,-0.2248,0.0222,0.2259,0.0591,0.0199,0.9597
28.6502,0.4055,1.8945,-0.2397,0.0147,0.2402,0.0112,-0.0244,-0.5511,1.9344,-0.2244,0.0202,0.2253,0.0598,0.0218,0.9574
28.6504,0.4055,1.8945,-0.2397,0.0147,0.2402,0.0112,-0.0244,-0.5527,1.9342,-0.2242,0.0191,0.2250,0.0603,0.0175,0.9591
28.6703,0.4037,1.8945,-0.2396,0.0136,0.2400,0.0113,-0.0234,-0.5544,1.9340,-0.2238,0.0180,0.2245,0.0611,0.0142,0.9589
28.6707,0.4016,1.8945,-0.2392,0.0126,0.2396,0.0117,-0.0201,-0.5562,1.9337,-0.2231,0.0167,0.2238,0.0625,0.0137,0.9586
28.6798,0.3996,1.8945,-0.2396,0.0117,0.2398,0.0127,-0.0181,-0.5579,1.9333,-0.2229,0.0152,0.2235,0.0640,0.0164,0.9582
28.6800,0.3974,1.8945,-0.2396,0.0117,0.2398,0.0137,-0.0181,-0.5598,1.9329,-0.2229,0.0152,0.2235,0.0655,0.0164,0.9580
28.7004,0.3954,1.8944,-0.2395,0.0098,0.2397,0.0143,-0.0154,-0.5616,1.9327,-0.2216,0.0115,0.2219,0.0661,0.0287,0.9577
28.7008,0.3936,1.8944,-0.2395,0.0098,0.2397,0.0146,-0.0154,-0.5632,1.9325,-0.2213,0.0102,0.2216,0.0663,0.0335,0.9575
28.7202,0.3914,1.8943,-0.2392,0.0082,0.2394,0.0155,-0.0115,-0.5651,1.9323,-0.2208,0.0092,0.2210,0.0668,0.0363,0.9573
28.7207,0.3893,1.8942,-0.2392,0.0082,0.2394,0.0163,-0.0115,-0.5671,1.9321,-0.2205,0.0082,0.2206,0.0672,0.0369,0.9572
28.7301,0.3873,1.8942,-0.2396,0.0069,0.2397,0.0168,-0.0065,-0.5689,1.9320,-0.2208,0.0073,0.2209,0.0678,0.0356,0.9569
28.7303,0.3851,1.8942,-0.2396,0.0069,0.2397,0.0175,-0.0065,-0.5708,1.9319,-0.2208,0.0073,0.2209,0.0686,0.0356,0.9566
28.7504,0.3828,1.8942,-0.2406,0.0060,0.2407,0.0187,-0.0079,-0.5727,1.9318,-0.2205,0.0056,0.2206,0.0698,0.0336,0.9563
28.7508,0.3806,1.8941,-0.2406,0.0060,0.2407,0.0199,-0.0079,-0.5747,1.9317,-0.2205,0.0056,0.2206,0.0709,0.0336,0.9560
28.7703,0.3786,1.8941,-0.2414,0.0048,0.2414,0.0212,-0.0058,-0.5765,1.9316,-0.2198,0.0033,0.2198,0.0718,0.0265,0.9558
28.7705,0.3765,1.8941,-0.2414,0.0048,0.2414,0.0223,-0.0058,-0.5783,1.9314,-0.2198,0.0033,0.2198,0.0728,0.0265,0.9556
28.7806,0.3722,1.8941,-0.2416,0.0038,0.2416,0.0242,-0.0034,-0.5803,1.9312,-0.2190,0.0007,0.2190,0.0735,0.0281,0.9532
28.7809,0.3722,1.8941,-0.2416,0.0038,0.2416,0.0242,-0.0034,-0.5823,1.9311,-0.2193,-0.0005,0.2193,0.0739,0.0294,0.9552
28.8001,0.3701,1.8941,-0.2425,0.0035,0.2426,0.0254,-0.0065,-0.5843,1.9309,-0.2191,-0.0016,0.2191,0.0742,0.0294,0.9551
28.8004,0.3682,1.8941,-0.2426,0.0034,0.2426,0.0267,-0.0174,-0.5860,1.9307,-0.2191,-0.0016,0.2191,0.0747,0.0294,0.9550
28.8200,0.3662,1.8941,-0.2429,0.0032,0.2429,0.0283,-0.0247,-0.5880,1.9306,-0.2189,-0.0034,0.2189,0.0751,0.0312,0.9549
28.8203,0.3641,1.8939,-0.2429,0.0032,0.2429,0.0307,-0.0247,-0.5899,1.9304,-0.2189,-0.0034,0.2189,0.0757,0.0312,0.9548
28.8299,0.3622,1.8935,-0.2434,0.0021,0.2434,0.0326,-0.0261,-0.5919,1.9301,-0.2195,-0.0046,0.2195,0.0770,0.0311,0.9547
28.8301,0.3603,1.8930,-0.2434,0.0021,0.2434,0.0337,-0.0261,-0.5937,1.9297,-0.2195,-0.0046,0.2195,0.0776,0.0311,0.9547
28.8501,0.3583,1.8923,-0.2428,-0.0010,0.2428,0.0353,-0.0146,-0.5956,1.9294,-0.2203,-0.0057,0.2203,0.0781,0.0171,0.9546
28.8505,0.3565,1.8917,-0.2428,-0.0010,0.2428,0.0363,-0.0146,-0.5974,1.9290,-0.2208,-0.0064,0.2208,0.0784,0.0122,0.9546
28.8702,0.3546,1.8913,-0.2425,-0.0046,0.2425,0.0368,0.0063,-0.5991,1.9287,-0.2208,-0.0070,0.2209,0.0786,0.0069,0.9544
28.8707,0.3525,1.8910,-0.2425,-0.0046,0.2425,0.0369,0.0063,-0.6011,1.9285,-0.2208,-0.0070,0.2209,0.0783,0.0069,0.9544
28.8799,0.3505,1.8907,-0.2426,-0.0066,0.2427,0.0370,0.0093,-0.6032,1.9284,-0.2209,-0.0084,0.2211,0.0783,0.0061,0.9544
28.8802,0.3485,1.8905,-0.2426,-0.0066,0.2427,0.0373,0.0093,-0.6053,1.9283,-0.2209,-0.0084,0.2211,0.0782,0.0061,0.9545
28.8998,0.3465,1.8903,-0.2424,-0.0079,0.2425,0.0386,0.0093,-0.6074,1.9282,-0.2207,-0.0103,0.2209,0.0780,0.0096,0.9547
28.9001,0.3446,1.8901,-0.2424,-0.0079,0.2425,0.0400,0.0093,-0.6093,1.9281,-0.2210,-0.0114,0.2213,0.0780,0.0095,0.9547
28.9200,0.3427,1.8899,-0.2428,-0.0090,0.2429,0.0421,0.0086,-0.6113,1.9280,-0.2213,-0.0123,0.2217,0.0781,0.0110,0.9548
28.9202,0.3407,1.8896,-0.2428,-0.0090,0.2429,0.0443,0.0086,-0.6133,1.9279,-0.2213,-0.0123,0.2217,0.0781,0.0110,0.9548
28.9299,0.3387,1.8892,-0.2425,-0.0106,0.2427,0.0459,0.0151,-0.6154,1.9279,-0.2215,-0.0142,0.2220,0.0782,0.0088,0.9549
28.9303,0.3368,1.8889,-0.2425,-0.0115,0.2428,0.0471,0.0183,-0.6175,1.9278,-0.2218,-0.0151,0.2223,0.0783,0.0071,0.9551
28.9504,0.3327,1.8884,-0.2421,-0.0122,0.2424,0.0505,0.0196,-0.6197,1.9278,-0.2218,-0.0160,0.2223,0.0786,0.0088,0.9532
28.9506,0.3327,1.8884,-0.2421,-0.0122,0.2424,0.0505,0.0196,-0.6218,1.9277,-0.2221,-0.0167,0.2228,0.0792,0.0094,0.9553
28.9599,0.3307,1.8882,-0.2424,-0.0133,0.2427,0.0528,0.0191,-0.6240,1.9275,-0.2224,-0.0174,0.2230,0.0800,0.0084,0.9554
28.9602,0.3286,1.8880,-0.2424,-0.0133,0.2427,0.0546,0.0191,-0.6260,1.9273,-0.2224,-0.0174,0.2230,0.0802,0.0084,0.9554
28.9801,0.3265,1.8878,-0.2431,-0.0139,0.2435,0.0568,0.0144,-0.6280,1.9268,-0.2234,-0.0190,0.2242,0.0813,0.0107,0.9553
28.9804,0.3243,1.8876,-0.2431,-0.0139,0.2435,0.0594,0.0144,-0.6302,1.9264,-0.2234,-0.0190,0.2242,0.0819,0.0107,0.9553
29.0002,0.3224,1.8873,-0.2435,-0.0146,0.2439,0.0613,0.0051,-0.6321,1.9260,-0.2236,-0.0218,0.2247,0.0816,0.0164,0.9553
29.0005,0.3204,1.8870,-0.2435,-0.0146,0.2439,0.0626,0.0051,-0.6342,1.9257,-0.2239,-0.0229,0.2251,0.0815,0.0196,0.9554
29.0100,0.3183,1.8867,-0.2431,-0.0154,0.2435,0.0641,0.0018,-0.6366,1.9254,-0.2245,-0.0239,0.2258,0.0810,0.0211,0.9558
29.0102,0.3162,1.8863,-0.2431,-0.0154,0.2435,0.0656,0.0018,-0.6390,1.9250,-0.2256,-0.0246,0.2269,0.0810,0.0199,0.9559
29.0301,0.3140,1.8859,-0.2433,-0.0168,0.2439,0.0673,0.0032,-0.6411,1.9246,-0.2267,-0.0255,0.2281,0.0811,0.0124,0.9559
29.0401,0.3119,1.8855,-0.2436,-0.0177,0.2442,0.0691,0.0033,-0.6433,1.9242,-0.2273,-0.0262,0.2288,0.0828,0.0135,0.9559
29.0404,0.3099,1.8851,-0.2438,-0.0185,0.2445,0.0705,0.0026,-0.6453,1.9239,-0.2280,-0.0269,0.2296,0.0838,0.0140,0.9560
29.0600,0.3079,1.8847,-0.2436,-0.0192,0.2444,0.0718,0.0020,-0.6473,1.9237,-0.2285,-0.0274,0.2302,0.0847,0.0083,0.9561
29.0603,0.3058,1.8844,-0.2436,-0.0192,0.2444,0.0735,0.0020,-0.6498,1.9235,-0.2289,-0.0275,0.2306,0.0848,0.0030,0.9564
29.0699,0.3038,1.8839,-0.2441,-0.0205,0.2450,0.0754,0.0021,-0.6523,1.9233,-0.2305,-0.0274,0.2322,0.0851,0.0009,0.9569
29.0704,0.3019,1.8835,-0.2441,-0.0205,0.2450,0.0770,0.0021,-0.6544,1.9231,-0.2323,-0.0275,0.2339,0.0855,-0.0035,0.9571
29.0900,0.2998,1.8831,-0.2440,-0.0221,0.2450,0.0787,0.0030,-0.6566,1.9230,-0.2327,-0.0274,0.2343,0.0859,-0.0013,0.9573
29.0904,0.2978,1.8826,-0.2440,-0.0221,0.2450,0.0808,0.0030,-0.6588,1.9228,-0.2327,-0.0274,0.2343,0.0861,-0.0013,0.9575
29.1103,0.2938,1.8818,-0.2438,-0.0247,0.2451,0.0842,0.0067,-0.6610,1.9227,-0.2351,-0.0270,0.2367,0.0864,0.0015,0.9557
29.1105,0.2938,1.8818,-0.2438,-0.0247,0.2451,0.0842,0.0067,-0.6632,1.9224,-0.2351,-0.0270,0.2367,0.0867,0.0015,0.9578
29.1199,0.2916,1.8814,-0.2439,-0.0254,0.2453,0.0867,0.0074,-0.6655,1.9221,-0.2374,-0.0264,0.2388,0.0873,0.0010,0.9579
29.1201,0.2896,1.8810,-0.2439,-0.0254,0.2453,0.0889,0.0074,-0.6676,1.9217,-0.2374,-0.0264,0.2388,0.0877,0.0010,0.9581
29.1403,0.2876,1.8807,-0.2443,-0.0269,0.2458,0.0907,0.0086,-0.6698,1.9214,-0.2404,-0.0265,0.2418,0.0881,-0.0033,0.9582
29.1406,0.2856,1.8803,-0.2443,-0.0269,0.2458,0.0924,0.0086,-0.6719,1.9210,-0.2404,-0.0265,0.2418,0.0885,-0.0033,0.9584
29.1502,0.2837,1.8798,-0.2435,-0.0285,0.2452,0.0937,0.0098,-0.6739,1.9206,-0.2417,-0.0270,0.2432,0.0886,0.0007,0.9585
29.1505,0.2814,1.8792,-0.2435,-0.0285,0.2452,0.0956,0.0098,-0.6765,1.9201,-0.2424,-0.0273,0.2439,0.0884,0.0050,0.9588
29.1703,0.2775,1.8782,-0.2445,-0.0318,0.2466,0.0986,0.0121,-0.6787,1.9197,-0.2441,-0.0278,0.2457,0.0886,0.0119,0.9571
29.1707,0.2775,1.8782,-0.2445,-0.0318,0.2466,0.0986,0.0121,-0.6807,1.9194,-0.2450,-0.0280,0.2466,0.0887,0.0142,0.9591
29.1902,0.2754,1.8777,-0.2442,-0.0326,0.2464,0.1002,0.0119,-0.6830,1.9190,-0.2456,-0.0280,0.2472,0.0890,0.0135,0.9592
29.1906,0.2731,1.8771,-0.2442,-0.0326,0.2464,0.1016,0.0119,-0.6853,1.9187,-0.2463,-0.0278,0.2478,0.0895,0.0104,0.9593
29.2100,0.2711,1.8766,-0.2446,-0.0347,0.2470,0.1025,0.0109,-0.6874,1.9184,-0.2474,-0.0279,0.2490,0.0902,0.0077,0.9594
29.2105,0.2691,1.8760,-0.2446,-0.0347,0.2470,0.1030,0.0109,-0.6896,1.9181,-0.2474,-0.0279,0.2490,0.0922,0.0077,0.9596
29.2200,0.2668,1.8755,-0.2448,-0.0365,0.2475,0.1038,0.0083,-0.6920,1.9177,-0.2491,-0.0284,0.2507,0.0954,0.0039,0.9598
29.2205,0.2647,1.8749,-0.2450,-0.0375,0.2479,0.1048,0.0074,-0.6943,1.9171,-0.2499,-0.0289,0.2516,0.0989,0.0023,0.9599
29.2400,0.2628,1.8744,-0.2451,-0.0386,0.2482,0.1058,0.0077,-0.6963,1.9166,-0.2507,-0.0298,0.2525,0.1016,0.0033,0.9600
29.2403,0.2608,1.8739,-0.2451,-0.0386,0.2482,0.1070,0.0077,-0.6984,1.9160,-0.2511,-0.0307,0.2529,0.1034,0.0057,0.9601
29.2601,0.2585,1.8731,-0.2441,-0.0406,0.2475,0.1083,0.0053,-0.7007,1.9153,-0.2514,-0.0316,0.2534,0.1042,0.0165,0.9602
29.2606,0.2565,1.8726,-0.2441,-0.0406,0.2475,0.1093,0.0053,-0.7029,1.9149,-0.2521,-0.0327,0.2542,0.1043,0.0251,0.9604
29.2703,0.2544,1.8718,-0.2441,-0.0431,0.2479,0.1101,0.0027,-0.7053,1.9146,-0.2528,-0.0332,0.2550,0.1041,0.0308,0.9607
29.2706,0.2523,1.8711,-0.2442,-0.0445,0.2482,0.1109,0.0027,-0.7078,1.9143,-0.2528,-0.0332,0.2550,0.1039,0.0308,0.9610
29.2899,0.2503,1.8705,-0.2442,-0.0459,0.2485,0.1114,0.0036,-0.7100,1.9141,-0.2548,-0.0338,0.2571,0.1041,0.0356,0.9613
29.2902,0.2482,1.8698,-0.2442,-0.0459,0.2485,0.1122,0.0036,-0.7122,1.9138,-0.2548,-0.0338,0.2571,0.1048,0.0356,0.9614
29.3004,0.2460,1.8692,-0.2439,-0.0485,0.2487,0.1126,0.0105,-0.7146,1.9135,-0.2559,-0.0341,0.2581,0.1062,0.0322,0.9616
29.3009,0.2439,1.8686,-0.2445,-0.0498,0.2495,0.1128,0.0134,-0.7169,1.9132,-0.2571,-0.0345,0.2594,0.1083,0.0260,0.9618
29.3204,0.2415,1.8678,-0.2446,-0.0510,0.2499,0.1131,0.0112,-0.7194,1.9127,-0.2578,-0.0348,0.2601,0.1109,0.0225,0.9620
29.3209,0.2395,1.8672,-0.2446,-0.0510,0.2499,0.1135,0.0112,-0.7217,1.9122,-0.2590,-0.0353,0.2614,0.1133,0.0199,0.9623
29.3402,0.2375,1.8665,-0.2453,-0.0527,0.2509,0.1137,0.0032,-0.7240,1.9117,-0.2597,-0.0356,0.2621,0.1156,0.0172,0.9626
29.3408,0.2354,1.8657,-0.2453,-0.0527,0.2509,0.1138,0.0032,-0.7264,1.9110,-0.2597,-0.0356,0.2621,0.1184,0.0172,0.9629
29.3500,0.2334,1.8649,-0.2458,-0.0533,0.2515,0.1139,-0.0141,-0.7286,1.9104,-0.2617,-0.0366,0.2643,0.1218,0.0112,0.9631
29.3503,0.2314,1.8641,-0.2458,-0.0533,0.2515,0.1139,-0.0141,-0.7309,1.9097,-0.2625,-0.0372,0.2652,0.1243,0.0102,0.9634
29.3704,0.2294,1.8633,-0.2463,-0.0544,0.2522,0.1139,-0.0177,-0.7332,1.9091,-0.2636,-0.0380,0.2663,0.1257,0.0150,0.9636
29.3709,0.2272,1.8625,-0.2463,-0.0544,0.2522,0.1140,-0.0177,-0.7356,1.9085,-0.2636,-0.0380,0.2663,0.1270,0.0150,0.9638
29.3899,0.2247,1.8616,-0.2467,-0.0565,0.2531,0.1140,-0.0088,-0.7381,1.9079,-0.2648,-0.0398,0.2678,0.1277,0.0137,0.9640
29.3902,0.2225,1.8608,-0.2467,-0.0565,0.2531,0.1139,-0.0088,-0.7406,1.9075,-0.2648,-0.0398,0.2678,0.1279,0.0137,0.9642
29.4002,0.2204,1.8601,-0.2479,-0.0590,0.2548,0.1139,-0.0030,-0.7430,1.9072,-0.2663,-0.0413,0.2695,0.1286,0.0068,0.9645
29.4005,0.2183,1.8595,-0.2479,-0.0590,0.2548,0.1138,-0.0030,-0.7454,1.9070,-0.2663,-0.0413,0.2695,0.1299,0.0068,0.9648
29.4199,0.2162,1.8588,-0.2489,-0.0608,0.2562,0.1137,-0.0027,-0.7479,1.9066,-0.2682,-0.0421,0.2715,0.1325,-0.0001,0.9652
29.4202,0.2141,1.8581,-0.2489,-0.0608,0.2562,0.1138,-0.0027,-0.7502,1.9060,-0.2682,-0.0421,0.2715,0.1357,-0.0001,0.9654
29.4300,0.2120,1.8573,-0.2492,-0.0623,0.2569,0.1138,-0.0071,-0.7524,1.9052,-0.2695,-0.0438,0.2730,0.1385,-0.0022,0.9656
29.4303,0.2099,1.8565,-0.2492,-0.0623,0.2569,0.1138,-0.0071,-0.7547,1.9042,-0.2695,-0.0438,0.2730,0.1418,-0.0022,0.9657
29.4502,0.2079,1.8558,-0.2496,-0.0642,0.2577,0.1138,-0.0108,-0.7567,1.9032,-0.2699,-0.0472,0.2740,0.1451,-0.0015,0.9658
29.4506,0.2058,1.8549,-0.2496,-0.0642,0.2577,0.1138,-0.0108,-0.7589,1.9022,-0.2699,-0.0472,0.2740,0.1480,-0.0015,0.9659
29.4700,0.2034,1.8539,-0.2497,-0.0666,0.2585,0.1139,-0.0100,-0.7613,1.9011,-0.2699,-0.0507,0.2746,0.1509,0.0111,0.9659
29.4704,0.2034,1.8539,-0.2497,-0.0666,0.2585,0.1139,-0.0100,-0.7631,1.9004,-0.2699,-0.0507,0.2746,0.1527,0.0111,0.9677
29.4902,0.1994,1.8524,-0.2497,-0.0691,0.2591,0.1139,-0.0054,-0.7655,1.8995,-0.2702,-0.0530,0.2754,0.1536,0.0228,0.9661
29.4905,0.1973,1.8516,-0.2497,-0.0691,0.2591,0.1139,-0.0054,-0.7679,1.8988,-0.2707,-0.0537,0.2760,0.1539,0.0209,0.9664
29.4999,0.1950,1.8508,-0.2501,-0.0714,0.2601,0.1138,0.0005,-0.7704,1.8982,-0.2715,-0.0544,0.2769,0.1542,0.0173,0.9666
29.5002,0.1930,1.8500,-0.2501,-0.0714,0.2601,0.1137,0.0005,-0.7727,1.8976,-0.2715,-0.0544,0.2769,0.1543,0.0173,0.9668
29.5199,0.1908,1.8492,-0.2507,-0.0734,0.2612,0.1135,0.0028,-0.7753,1.8970,-0.2721,-0.0556,0.2777,0.1546,0.0125,0.9672
29.5202,0.1887,1.8484,-0.2507,-0.0734,0.2612,0.1132,0.0028,-0.7775,1.8963,-0.2721,-0.0556,0.2777,0.1554,0.0125,0.9674
29.5302,0.1869,1.8476,-0.2505,-0.0750,0.2615,0.1129,0.0010,-0.7797,1.8955,-0.2727,-0.0567,0.2786,0.1567,0.0104,0.9678
29.5305,0.1849,1.8467,-0.2501,-0.0757,0.2613,0.1126,0.0019,-0.7821,1.8945,-0.2730,-0.0575,0.2790,0.1581,0.0093,0.9682
29.5499,0.1828,1.8457,-0.2499,-0.0768,0.2614,0.1121,0.0030,-0.7846,1.8934,-0.2736,-0.0588,0.2798,0.1604,0.0103,0.9685
29.5502,0.1808,1.8448,-0.2499,-0.0768,0.2614,0.1113,0.0030,-0.7867,1.8923,-0.2744,-0.0606,0.2810,0.1622,0.0125,0.9688
29.5701,0.1788,1.8439,-0.2500,-0.0792,0.2622,0.1105,0.0067,-0.7889,1.8911,-0.2740,-0.0624,0.2810,0.1639,0.0149,0.9689
29.5704,0.1765,1.8430,-0.2500,-0.0792,0.2622,0.1091,0.0067,-0.7913,1.8898,-0.2732,-0.0643,0.2807,0.1651,0.0204,0.9689
29.5903,0.1745,1.8423,-0.2508,-0.0811,0.2636,0.1080,0.0082,-0.7934,1.8889,-0.2738,-0.0666,0.2818,0.1654,0.0247,0.9690
29.5906,0.1724,1.8415,-0.2506,-0.0816,0.2636,0.1070,0.0065,-0.7956,1.8879,-0.2738,-0.0666,0.2818,0.1655,0.0247,0.9691
29.6003,0.1681,1.8398,-0.2509,-0.0829,0.2642,0.1051,-0.0056,-0.7979,1.8869,-0.2736,-0.0700,0.2824,0.1653,0.0343,0.9671
29.6006,0.1681,1.8398,-0.2509,-0.0829,0.2642,0.1051,-0.0056,-0.8004,1.8858,-0.2736,-0.0700,0.2824,0.1649,0.0343,0.9696
29.6202,0.1660,1.8387,-0.2514,-0.0841,0.2650,0.1043,-0.0102,-0.8027,1.8847,-0.2744,-0.0733,0.2840,0.1647,0.0350,0.9698
29.6205,0.1639,1.8375,-0.2514,-0.0841,0.2650,0.1035,-0.0102,-0.8052,1.8836,-0.2744,-0.0733,0.2840,0.1642,0.0350,0.9702
29.6300,0.1619,1.8364,-0.2514,-0.0871,0.2660,0.1030,-0.0118,-0.8075,1.8827,-0.2753,-0.0762,0.2856,0.1640,0.0319,0.9705
29.6304,0.1597,1.8350,-0.2514,-0.0871,0.2660,0.1025,-0.0118,-0.8100,1.8816,-0.2753,-0.0762,0.2856,0.1637,0.0319,0.9708
29.6503,0.1577,1.8340,-0.2519,-0.0905,0.2677,0.1018,0.0065,-0.8122,1.8807,-0.2761,-0.0787,0.2871,0.1633,0.0264,0.9711
29.6506,0.1555,1.8330,-0.2519,-0.0905,0.2677,0.1007,0.0065,-0.8148,1.8795,-0.2766,-0.0798,0.2879,0.1627,0.0204,0.9714
29.6599,0.1535,1.8322,-0.2519,-0.0923,0.2683,0.1000,0.0133,-0.8172,1.8784,-0.2767,-0.0813,0.2884,0.1626,0.0092,0.9718
29.6604,0.1513,1.8313,-0.2518,-0.0928,0.2683,0.0990,0.0119,-0.8198,1.8771,-0.2767,-0.0813,0.2884,0.1627,0.0092,0.9722
29.6803,0.1493,1.8304,-0.2523,-0.0938,0.2691,0.0986,0.0112,-0.8221,1.8759,-0.2782,-0.0846,0.2908,0.1628,-0.0073,0.9725
29.6806,0.1472,1.8294,-0.2523,-0.0938,0.2691,0.0982,0.0112,-0.8247,1.8744,-0.2782,-0.0846,0.2908,0.1640,-0.0073,0.9730
29.7000,0.1454,1.8285,-0.2517,-0.0954,0.2692,0.0978,0.0052,-0.8269,1.8731,-0.2789,-0.0886,0.2926,0.1650,-0.0033,0.9734
29.7006,0.1435,1.8274,-0.2517,-0.0954,0.2692,0.0974,0.0052,-0.8293,1.8717,-0.2790,-0.0906,0.2934,0.1656,0.0019,0.9738
29.7203,0.1415,1.8263,-0.2512,-0.0973,0.2694,0.0968,0.0025,-0.8317,1.8703,-0.2793,-0.0928,0.2943,0.1657,0.0117,0.9742
29.7206,0.1395,1.8253,-0.2512,-0.0973,0.2694,0.0961,0.0025,-0.8341,1.8692,-0.2794,-0.0948,0.2951,0.1655,0.0182,0.9745
29.7303,0.1373,1.8240,-0.2504,-0.0993,0.2694,0.0956,0.0011,-0.8367,1.8679,-0.2795,-0.0959,0.2955,0.1654,0.0179,0.9751
29.7306,0.1354,1.8229,-0.2504,-0.0993,0.2694,0.0945,0.0011,-0.8392,1.8669,-0.2809,-0.0973,0.2973,0.1651,0.0172,0.9755
29.7502,0.1334,1.8215,-0.2508,-0.1020,0.2708,0.0931,0.0049,-0.8417,1.8657,-0.2815,-0.0982,0.2981,0.1649,0.0118,0.9761
29.7505,0.1316,1.8204,-0.2508,-0.1020,0.2708,0.0919,0.0049,-0.8439,1.8646,-0.2815,-0.0982,0.2981,0.1650,0.0118,0.9765
29.7702,0.1295,1.8192,-0.2499,-0.1042,0.2708,0.0901,0.0129,-0.8464,1.8634,-0.2821,-0.1007,0.2995,0.1650,0.0053,0.9770
29.7706,0.1276,1.8181,-0.2499,-0.1042,0.2708,0.0884,0.0129,-0.8489,1.8621,-0.2821,-0.1007,0.2995,0.1653,0.0053,0.9775
29.7799,0.1255,1.8169,-0.2494,-0.1060,0.2710,0.0866,0.0162,-0.8515,1.8606,-0.2822,-0.1044,0.3009,0.1660,0.0015,0.9779
29.7802,0.1235,1.8158,-0.2494,-0.1060,0.2710,0.0857,0.0162,-0.8539,1.8592,-0.2831,-0.1070,0.3026,0.1664,0.0030,0.9783
29.7998,0.1213,1.8147,-0.2494,-0.1080,0.2718,0.0848,0.0131,-0.8564,1.8578,-0.2833,-0.1092,0.3036,0.1666,0.0058,0.9787
29.8001,0.1196,1.8137,-0.2494,-0.1080,0.2718,0.0838,0.0131,-0.8587,1.8567,-0.2833,-0.1092,0.3036,0.1665,0.0058,0.9792
29.8203,0.1175,1.8125,-0.2486,-0.1098,0.2717,0.0827,0.0169,-0.8613,1.8554,-0.2836,-0.1130,0.3052,0.1665,0.0134,0.9797
29.8206,0.1156,1.8115,-0.2481,-0.1107,0.2717,0.0817,0.0204,-0.8637,1.8542,-0.2838,-0.1147,0.3061,0.1665,0.0145,0.9803
29.8300,0.1137,1.8103,-0.2477,-0.1114,0.2716,0.0806,0.0236,-0.8662,1.8528,-0.2840,-0.1161,0.3068,0.1669,0.0139,0.9808
29.8305,0.1117,1.8091,-0.2475,-0.1123,0.2718,0.0792,0.0248,-0.8688,1.8513,-0.2840,-0.1161,0.3068,0.1673,0.0139,0.9814
29.8499,0.1097,1.8080,-0.2474,-0.1131,0.2720,0.0775,0.0243,-0.8713,1.8497,-0.2847,-0.1195,0.3088,0.1676,0.0123,0.9818
29.8503,0.1081,1.8073,-0.2475,-0.1138,0.2725,0.0764,0.0248,-0.8732,1.8484,-0.2853,-0.1214,0.3101,0.1678,0.0129,0.9822
29.8699,0.1061,1.8062,-0.2466,-0.1137,0.2715,0.0753,0.0210,-0.8758,1.8469,-0.2847,-0.1226,0.3099,0.1679,0.0078,0.9827
29.8703,0.1043,1.8053,-0.2466,-0.1137,0.2715,0.0740,0.0210,-0.8781,1.8455,-0.2847,-0.1226,0.3099,0.1677,0.0078,0.9832
29.8801,0.1023,1.8042,-0.2458,-0.1144,0.2711,0.0730,0.0137,-0.8807,1.8442,-0.2851,-0.1259,0.3117,0.1670,0.0147,0.9838
29.8806,0.1005,1.8032,-0.2458,-0.1144,0.2711,0.0723,0.0137,-0.8831,1.8430,-0.2851,-0.1274,0.3123,0.1656,0.0157,0.9844
29.9001,0.0988,1.8022,-0.2440,-0.1153,0.2699,0.0715,0.0042,-0.8854,1.8419,-0.2850,-0.1291,0.3129,0.1644,0.0214,0.9850
29.9004,0.0971,1.8012,-0.2440,-0.1153,0.2699,0.0708,0.0042,-0.8876,1.8407,-0.2850,-0.1291,0.3129,0.1637,0.0214,0.9856
29.9204,0.0952,1.7999,-0.2423,-0.1166,0.2689,0.0700,0.0031,-0.8901,1.8392,-0.2845,-0.1325,0.3139,0.1634,0.0294,0.9861
29.9209,0.0933,1.7987,-0.2419,-0.1177,0.2690,0.0692,0.0054,-0.8926,1.8376,-0.2844,-0.1347,0.3147,0.1632,0.0304,0.9866
29.9297,0.0913,1.7974,-0.2416,-0.1188,0.2693,0.0682,0.0084,-0.8950,1.8359,-0.2848,-0.1369,0.3160,0.1627,0.0348,0.9870
29.9300,0.0913,1.7974,-0.2416,-0.1188,0.2693,0.0682,0.0084,-0.8971,1.8347,-0.2848,-0.1369,0.3160,0.1618,0.0348,0.9891
29.9502,0.0874,1.7951,-0.2407,-0.1203,0.2691,0.0660,0.0139,-0.8997,1.8333,-0.2848,-0.1390,0.3169,0.1599,0.0410,0.9879
29.9504,0.0855,1.7940,-0.2407,-0.1203,0.2691,0.0649,0.0139,-0.9020,1.8321,-0.2848,-0.1390,0.3169,0.1581,0.0410,0.9882
29.9600,0.0838,1.7930,-0.2406,-0.1218,0.2697,0.0639,0.0178,-0.9043,1.8311,-0.2861,-0.1401,0.3186,0.1571,0.0299,0.9888
29.9603,0.0819,1.7920,-0.2406,-0.1218,0.2697,0.0630,0.0178,-0.9067,1.8298,-0.2861,-0.1401,0.3186,0.1567,0.0299,0.9893
29.9801,0.0802,1.7910,-0.2395,-0.1226,0.2690,0.0618,0.0185,-0.9089,1.8285,-0.2870,-0.1411,0.3199,0.1565,0.0074,0.9898
29.9804,0.0783,1.7899,-0.2395,-0.1226,0.2690,0.0602,0.0185,-0.9114,1.8269,-0.2867,-0.1421,0.3200,0.1568,0.0043,0.9903
30.0000,0.0765,1.7890,-0.2381,-0.1234,0.2682,0.0590,0.0174,-0.9136,1.8253,-0.2869,-0.1439,0.3210,0.1571,0.0047,0.9908
30.0003,0.0746,1.7879,-0.2381,-0.1234,0.2682,0.0583,0.0174,-0.9159,1.8236,-0.2864,-0.1457,0.3214,0.1572,0.0066,0.9912
30.0201,0.0728,1.7870,-0.2368,-0.1242,0.2674,0.0570,0.0139,-0.9181,1.8220,-0.2865,-0.1481,0.3225,0.1572,0.0125,0.9915
30.0203,0.0708,1.7860,-0.2368,-0.1242,0.2674,0.0557,0.0139,-0.9203,1.8205,-0.2865,-0.1481,0.3225,0.1572,0.0125,0.9918
30.0302,0.0688,1.7848,-0.2358,-0.1248,0.2668,0.0547,0.0113,-0.9227,1.8191,-0.2857,-0.1515,0.3234,0.1562,0.0264,0.9921
30.0305,0.0670,1.7838,-0.2358,-0.1248,0.2668,0.0532,0.0113,-0.9249,1.8178,-0.2857,-0.1515,0.3234,0.1554,0.0264,0.9924
30.0502,0.0651,1.7828,-0.2359,-0.1257,0.2673,0.0521,0.0089,-0.9271,1.8166,-0.2855,-0.1535,0.3241,0.1541,0.0320,0.9928
30.0506,0.0631,1.7816,-0.2359,-0.1257,0.2673,0.0509,0.0089,-0.9296,1.8152,-0.2852,-0.1535,0.3238,0.1530,0.0309,0.9933
30.0703,0.0614,1.7806,-0.2354,-0.1264,0.2672,0.0496,0.0056,-0.9317,1.8139,-0.2857,-0.1542,0.3247,0.1527,0.0296,0.9937
30.0706,0.0596,1.7796,-0.2347,-0.1265,0.2667,0.0482,0.0038,-0.9338,1.8125,-0.2855,-0.1544,0.3245,0.1522,0.0254,0.9939
30.0801,0.0574,1.7784,-0.2339,-0.1267,0.2660,0.0467,0.0039,-0.9364,1.8107,-0.2851,-0.1546,0.3244,0.1518,0.0179,0.9943
30.0804,0.0557,1.7774,-0.2339,-0.1267,0.2660,0.0454,0.0039,-0.9387,1.8092,-0.2861,-0.1564,0.3260,0.1512,0.0114,0.9949
30.1003,0.0540,1.7765,-0.2333,-0.1281,0.2662,0.0442,0.0093,-0.9409,1.8079,-0.2860,-0.1572,0.3264,0.1507,0.0071,0.9954
30.1006,0.0523,1.7754,-0.2333,-0.1281,0.2662,0.0432,0.0093,-0.9431,1.8066,-0.2860,-0.1572,0.3264,0.1499,0.0071,0.9959
30.1101,0.0487,1.7732,-0.2315,-0.1286,0.2649,0.0407,0.0181,-0.9456,1.8051,-0.2855,-0.1584,0.3265,0.1490,0.0075,0.9948
30.1103,0.0487,1.7732,-0.2315,-0.1286,0.2649,0.0407,0.0181,-0.9479,1.8036,-0.2858,-0.1593,0.3272,0.1485,0.0077,0.9970
30.1302,0.0468,1.7721,-0.2304,-0.1286,0.2639,0.0398,0.0185,-0.9502,1.8021,-0.2852,-0.1600,0.3271,0.1475,0.0087,0.9974
30.1399,0.0451,1.7710,-0.2302,-0.1286,0.2637,0.0387,0.0117,-0.9525,1.8005,-0.2853,-0.1611,0.3277,0.1467,0.0084,0.9980
30.1402,0.0435,1.7700,-0.2302,-0.1286,0.2637,0.0382,0.0117,-0.9545,1.7991,-0.2853,-0.1611,0.3277,0.1455,0.0084,0.9985
30.1603,0.0418,1.7690,-0.2285,-0.1281,0.2619,0.0374,-0.0012,-0.9567,1.7976,-0.2847,-0.1631,0.3281,0.1441,0.0096,0.9989
30.1606,0.0401,1.7681,-0.2285,-0.1281,0.2619,0.0367,-0.0012,-0.9589,1.7961,-0.2838,-0.1638,0.3276,0.1428,0.0168,0.9994
30.1700,0.0380,1.7668,-0.2268,-0.1283,0.2606,0.0356,-0.0025,-0.9615,1.7943,-0.2836,-0.1647,0.3279,0.1405,0.0256,1.0000
30.1705,0.0364,1.7658,-0.2268,-0.1283,0.2606,0.0349,-0.0025,-0.9636,1.7930,-0.2835,-0.1655,0.3283,0.1387,0.0317,1.0004
30.1904,0.0347,1.7648,-0.2258,-0.1292,0.2601,0.0341,0.0015,-0.9658,1.7915,-0.2830,-0.1659,0.3281,0.1368,0.0318,1.0008
30.1907,0.0330,1.7638,-0.2252,-0.1291,0.2596,0.0332,0.0042,-0.9679,1.7902,-0.2822,-0.1658,0.3273,0.1351,0.0296,1.0012
30.2101,0.0313,1.7628,-0.2248,-0.1293,0.2594,0.0322,0.0067,-0.9702,1.7887,-0.2819,-0.1659,0.3271,0.1330,0.0265,1.0018
30.2106,0.0297,1.7619,-0.2248,-0.1293,0.2594,0.0308,0.0067,-0.9722,1.7874,-0.2817,-0.1659,0.3270,0.1313,0.0211,1.0023
30.2201,0.0280,1.7609,-0.2236,-0.1289,0.2581,0.0294,0.0093,-0.9745,1.7860,-0.2810,-0.1658,0.3263,0.1299,0.0179,1.0028
30.2205,0.0262,1.7600,-0.2236,-0.1289,0.2581,0.0286,0.0093,-0.9768,1.7847,-0.2808,-0.1662,0.3263,0.1281,0.0178,1.0033
30.2397,0.0246,1.7591,-0.2222,-0.1281,0.2565,0.0280,-0.0001,-0.9789,1.7833,-0.2801,-0.1665,0.3258,0.1263,0.0193,1.0037
30.2400,0.0228,1.7581,-0.2222,-0.1281,0.2565,0.0271,-0.0001,-0.9812,1.7819,-0.2801,-0.1665,0.3258,0.1242,0.0193,1.0043
30.2604,0.0213,1.7572,-0.2211,-0.1269,0.2549,0.0265,-0.0070,-0.9831,1.7807,-0.2789,-0.1675,0.3253,0.1228,0.0207,1.0047
30.2608,0.0195,1.7561,-0.2206,-0.1265,0.2543,0.0260,-0.0131,-0.9854,1.7793,-0.2784,-0.1677,0.3250,0.1212,0.0202,1.0052
30.2701,0.0179,1.7551,-0.2200,-0.1262,0.2536,0.0256,-0.0176,-0.9875,1.7781,-0.2779,-0.1681,0.3247,0.1195,0.0197,1.0056
30.2704,0.0160,1.7539,-0.2200,-0.1262,0.2536,0.0250,-0.0176,-0.9898,1.7767,-0.2772,-0.1680,0.3242,0.1177,0.0200,1.0061
30.2903,0.0141,1.7527,-0.2189,-0.1260,0.2526,0.0244,-0.0166,-0.9920,1.7752,-0.2766,-0.1679,0.3235,0.1165,0.0198,1.0064
30.2906,0.0123,1.7515,-0.2189,-0.1260,0.2526,0.0239,-0.0166,-0.9942,1.7738,-0.2766,-0.1679,0.3235,0.1158,0.0198,1.0068
30.3001,0.0106,1.7505,-0.2180,-0.1263,0.2520,0.0237,-0.0083,-0.9962,1.7725,-0.2755,-0.1680,0.3227,0.1152,0.0182,1.0071
30.3006,0.0088,1.7494,-0.2180,-0.1263,0.2520,0.0230,-0.0083,-0.9984,1.7712,-0.2755,-0.1680,0.3227,0.1145,0.0182,1.0074
30.3202,0.0068,1.7482,-0.2174,-0.1262,0.2514,0.0220,-0.0065,-1.0006,1.7699,-0.2741,-0.1682,0.3216,0.1135,0.0195,1.0077
30.3207,0.0050,1.7471,-0.2174,-0.1262,0.2514,0.0212,-0.0065,-1.0028,1.7687,-0.2741,-0.1682,0.3216,0.1128,0.0195,1.0080
30.3400,0.0032,1.7460,-0.2175,-0.1266,0.2516,0.0207,-0.0053,-1.0049,1.7676,-0.2733,-0.1682,0.3209,0.1120,0.0244,1.0084
30.3403,0.0014,1.7449,-0.2169,-0.1262,0.2509,0.0200,-0.0033,-1.0072,1.7665,-0.2733,-0.1682,0.3209,0.1109,0.0244,1.0089
30.3502,-0.0002,1.7438,-0.2164,-0.1263,0.2506,0.0191,-0.0034,-1.0093,1.7654,-0.2718,-0.1664,0.3187,0.1096,0.0226,1.0093
30.3506,-0.0020,1.7426,-0.2164,-0.1263,0.2506,0.0182,-0.0034,-1.0116,1.7642,-0.2718,-0.1664,0.3187,0.1082,0.0226,1.0098
30.3701,-0.0039,1.7414,-0.2162,-0.1272,0.2509,0.0176,-0.0028,-1.0139,1.7630,-0.2716,-0.1653,0.3179,0.1069,0.0081,1.0102
30.3705,-0.0056,1.7404,-0.2162,-0.1272,0.2509,0.0169,-0.0028,-1.0159,1.7620,-0.2716,-0.1653,0.3179,0.1057,0.0081,1.0106
30.3899,-0.0074,1.7392,-0.2158,-0.1277,0.2507,0.0159,-0.0004,-1.0182,1.7607,-0.2705,-0.1643,0.3165,0.1044,0.0012,1.0111
30.3902,-0.0088,1.7382,-0.2158,-0.1277,0.2507,0.0152,-0.0004,-1.0201,1.7597,-0.2702,-0.1645,0.3163,0.1035,0.0008,1.0115
30.3999,-0.0107,1.7369,-0.2150,-0.1279,0.2502,0.0146,0.0057,-1.0225,1.7584,-0.2692,-0.1643,0.3154,0.1020,0.0014,1.0120
30.4002,-0.0124,1.7358,-0.2157,-0.1285,0.2510,0.0140,0.0063,-1.0247,1.7571,-0.2696,-0.1647,0.3160,0.1008,0.0047,1.0125
30.4201,-0.0141,1.7346,-0.2152,-0.1283,0.2505,0.0136,0.0057,-1.0268,1.7559,-0.2692,-0.1643,0.3154,0.0997,0.0096,1.0130
30.4203,-0.0158,1.7333,-0.2152,-0.1283,0.2505,0.0129,0.0057,-1.0291,1.7546,-0.2692,-0.1643,0.3154,0.0985,0.0096,1.0135
30.4401,-0.0177,1.7319,-0.2141,-0.1283,0.2496,0.0122,0.0044,-1.0313,1.7533,-0.2682,-0.1627,0.3137,0.0974,0.0053,1.0138
30.4404,-0.0194,1.7308,-0.2141,-0.1283,0.2496,0.0116,0.0044,-1.0333,1.7522,-0.2684,-0.1628,0.3140,0.0965,0.0015,1.0141
30.4500,-0.0212,1.7296,-0.2136,-0.1287,0.2494,0.0112,0.0010,-1.0354,1.7510,-0.2672,-0.1622,0.3126,0.0956,0.0006,1.0145
30.4502,-0.0230,1.7284,-0.2136,-0.1287,0.2494,0.0106,0.0010,-1.0375,1.7499,-0.2672,-0.1622,0.3126,0.0947,0.0006,1.0148
30.4697,-0.0248,1.7272,-0.2135,-0.1292,0.2495,0.0098,-0.0025,-1.0396,1.7488,-0.2665,-0.1623,0.3121,0.0935,0.0050,1.0151
30.4700,-0.0266,1.7261,-0.2135,-0.1292,0.2495,0.0093,-0.0025,-1.0417,1.7477,-0.2660,-0.1621,0.3114,0.0920,0.0081,1.0153
30.4900,-0.0284,1.7249,-0.2135,-0.1298,0.2498,0.0090,-0.0048,-1.0437,1.7467,-0.2656,-0.1615,0.3109,0.0906,0.0055,1.0155
30.4903,-0.0297,1.7240,-0.2135,-0.1298,0.2498,0.0087,-0.0048,-1.0453,1.7458,-0.2656,-0.1615,0.3109,0.0897,0.0055,1.0158
30.5001,-0.0316,1.7226,-0.2124,-0.1300,0.2490,0.0079,-0.0044,-1.0475,1.7445,-0.2634,-0.1590,0.3077,0.0883,0.0004,1.0161
30.5004,-0.0335,1.7213,-0.2124,-0.1300,0.2490,0.0072,-0.0044,-1.0495,1.7432,-0.2634,-0.1590,0.3077,0.0866,0.0004,1.0163
30.5201,-0.0354,1.7200,-0.2126,-0.1314,0.2499,0.0065,0.0015,-1.0516,1.7419,-0.2628,-0.1576,0.3065,0.0841,-0.0021,1.0165
30.5203,-0.0370,1.7190,-0.2126,-0.1314,0.2499,0.0061,0.0015,-1.0534,1.7409,-0.2628,-0.1576,0.3065,0.0827,-0.0021,1.0167
30.5402,-0.0388,1.7179,-0.2115,-0.1316,0.2491,0.0057,0.0038,-1.0553,1.7399,-0.2615,-0.1563,0.3046,0.0807,-0.0109,1.0168
30.5404,-0.0405,1.7168,-0.2115,-0.1316,0.2491,0.0048,0.0038,-1.0575,1.7388,-0.2615,-0.1563,0.3046,0.0785,-0.0109,1.0173
30.5500,-0.0422,1.7156,-0.2112,-0.1320,0.2490,0.0038,0.0045,-1.0595,1.7377,-0.2607,-0.1557,0.3037,0.0767,-0.0103,1.0175
30.5504,-0.0439,1.7145,-0.2112,-0.1320,0.2490,0.0031,0.0045,-1.0613,1.7368,-0.2607,-0.1557,0.3037,0.0752,-0.0103,1.0177
30.5703,-0.0458,1.7131,-0.2107,-0.1323,0.2488,0.0023,0.0061,-1.0634,1.7355,-0.2593,-0.1543,0.3017,0.0736,-0.0105,1.0179
30.5706,-0.0474,1.7120,-0.2107,-0.1331,0.2492,0.0019,0.0069,-1.0651,1.7344,-0.2592,-0.1541,0.3015,0.0728,-0.0105,1.0180
30.5804,-0.0489,1.7110,-0.2095,-0.1327,0.2480,0.0014,0.0073,-1.0668,1.7331,-0.2574,-0.1526,0.2992,0.0718,-0.0104,1.0181
30.5806,-0.0507,1.7098,-0.2092,-0.1329,0.2479,0.0008,0.0067,-1.0687,1.7318,-0.2563,-0.1522,0.2981,0.0704,-0.0082,1.0183
30.6003,-0.0525,1.7087,-0.2094,-0.1332,0.2482,0.0003,0.0069,-1.0705,1.7307,-0.2556,-0.1520,0.2974,0.0684,-0.0036,1.0182
30.6007,-0.0542,1.7075,-0.2096,-0.1336,0.2486,-0.0002,0.0071,-1.0724,1.7295,-0.2556,-0.1520,0.2974,0.0669,-0.0036,1.0184
30.6200,-0.0559,1.7064,-0.2094,-0.1336,0.2484,-0.0010,0.0068,-1.0742,1.7285,-0.2536,-0.1511,0.2952,0.0652,0.0007,1.0186
30.6203,-0.0575,1.7053,-0.2094,-0.1336,0.2484,-0.0015,0.0068,-1.0760,1.7275,-0.2536,-0.1511,0.2952,0.0638,0.0007,1.0188
30.6298,-0.0591,1.7042,-0.2086,-0.1335,0.2477,-0.0022,0.0015,-1.0777,1.7266,-0.2517,-0.1491,0.2926,0.0622,-0.0003,1.0188
30.6300,-0.0609,1.7029,-0.2086,-0.1335,0.2477,-0.0026,0.0015,-1.0795,1.7255,-0.2517,-0.1491,0.2926,0.0607,-0.0003,1.0188
30.6501,-0.0624,1.7017,-0.2088,-0.1343,0.2483,-0.0032,-0.0001,-1.0812,1.7245,-0.2499,-0.1472,0.2900,0.0591,-0.0033,1.0190
30.6504,-0.0642,1.7005,-0.2088,-0.1343,0.2483,-0.0039,-0.0001,-1.0828,1.7234,-0.2499,-0.1472,0.2900,0.0574,-0.0033,1.0189
30.6703,-0.0657,1.6994,-0.2085,-0.1351,0.2484,-0.0045,0.0001,-1.0844,1.7223,-0.2477,-0.1454,0.2872,0.0560,-0.0125,1.0190
30.6706,-0.0673,1.6983,-0.2085,-0.1351,0.2484,-0.0048,0.0001,-1.0860,1.7213,-0.2477,-0.1454,0.2872,0.0549,-0.0125,1.0190
30.6802,-0.0690,1.6970,-0.2074,-0.1350,0.2474,-0.0050,-0.0005,-1.0879,1.7200,-0.2447,-0.1434,0.2836,0.0539,-0.0146,1.0191
30.6806,-0.0704,1.6960,-0.2074,-0.1350,0.2474,-0.0054,-0.0005,-1.0895,1.7190,-0.2441,-0.1431,0.2830,0.0525,-0.0155,1.0193
30.7001,-0.0722,1.6946,-0.2069,-0.1358,0.2475,-0.0057,-0.0059,-1.0914,1.7179,-0.2433,-0.1424,0.2819,0.0511,-0.0170,1.0195
30.7003,-0.0736,1.6934,-0.2069,-0.1358,0.2475,-0.0058,-0.0059,-1.0931,1.7169,-0.2433,-0.1424,0.2819,0.0495,-0.0170,1.0198
30.7203,-0.0750,1.6922,-0.2066,-0.1370,0.2479,-0.0059,-0.0127,-1.0946,1.7161,-0.2417,-0.1409,0.2798,0.0484,-0.0208,1.0200
30.7206,-0.0764,1.6910,-0.2066,-0.1370,0.2479,-0.0060,-0.0127,-1.0963,1.7152,-0.2417,-0.1409,0.2798,0.0469,-0.0208,1.0202
30.7300,-0.0780,1.6897,-0.2053,-0.1380,0.2474,-0.0061,-0.0007,-1.0981,1.7141,-0.2392,-0.1390,0.2766,0.0454,-0.0227,1.0204
30.7303,-0.0796,1.6884,-0.2053,-0.1380,0.2474,-0.0062,-0.0007,-1.0997,1.7130,-0.2392,-0.1390,0.2766,0.0441,-0.0227,1.0204
30.7504,-0.0810,1.6873,-0.2048,-0.1394,0.2477,-0.0064,0.0065,-1.1012,1.7121,-0.2371,-0.1378,0.2742,0.0427,-0.0226,1.0206
30.7507,-0.0825,1.6861,-0.2045,-0.1398,0.2477,-0.0064,0.0074,-1.1029,1.7111,-0.2362,-0.1373,0.2732,0.0413,-0.0221,1.0207
30.7701,-0.0839,1.6848,-0.2040,-0.1402,0.2475,-0.0067,0.0079,-1.1046,1.7101,-0.2350,-0.1364,0.2718,0.0397,-0.0216,1.0210
30.7704,-0.0853,1.6836,-0.2036,-0.1407,0.2475,-0.0067,0.0053,-1.1061,1.7093,-0.2343,-0.1360,0.2709,0.0382,-0.0213,1.0211
30.7802,-0.0868,1.6822,-0.2027,-0.1405,0.2467,-0.0069,0.0042,-1.1079,1.7083,-0.2327,-0.1348,0.2689,0.0362,-0.0217,1.0214
30.7806,-0.0884,1.6809,-0.2027,-0.1405,0.2467,-0.0070,0.0042,-1.1095,1.7074,-0.2327,-0.1348,0.2689,0.0346,-0.0217,1.0215
30.8002,-0.0898,1.6796,-0.2014,-0.1413,0.2460,-0.0073,-0.0005,-1.1112,1.7064,-0.2307,-0.1329,0.2662,0.0332,-0.0238,1.0217
30.8006,-0.0911,1.6785,-0.2014,-0.1413,0.2460,-0.0077,-0.0005,-1.1128,1.7054,-0.2307,-0.1329,0.2662,0.0315,-0.0238,1.0221
30.8200,-0.0925,1.6771,-0.1996,-0.1418,0.2449,-0.0083,0.0013,-1.1143,1.7043,-0.2288,-0.1318,0.2640,0.0299,-0.0252,1.0222
30.8203,-0.0940,1.6758,-0.1996,-0.1418,0.2449,-0.0086,0.0013,-1.1160,1.7031,-0.2288,-0.1318,0.2640,0.0279,-0.0252,1.0224
30.8302,-0.0954,1.6745,-0.1979,-0.1425,0.2439,-0.0089,-0.0018,-1.1177,1.7021,-0.2264,-0.1312,0.2617,0.0260,-0.0226,1.0226
30.8306,-0.0967,1.6732,-0.1979,-0.1425,0.2439,-0.0092,-0.0018,-1.1192,1.7012,-0.2264,-0.1312,0.2617,0.0239,-0.0226,1.0229
30.8501,-0.0979,1.6719,-0.1962,-0.1433,0.2430,-0.0097,-0.0056,-1.1208,1.7002,-0.2241,-0.1306,0.2594,0.0221,-0.0138,1.0233
30.8505,-0.0993,1.6705,-0.1962,-0.1433,0.2430,-0.0104,-0.0056,-1.1227,1.6991,-0.2241,-0.1306,0.2594,0.0204,-0.0138,1.0237
30.8704,-0.1006,1.6691,-0.1946,-0.1443,0.2423,-0.0106,-0.0062,-1.1243,1.6982,-0.2222,-0.1303,0.2576,0.0191,-0.0053,1.0241
30.8709,-0.1020,1.6676,-0.1946,-0.1443,0.2423,-0.0107,-0.0062,-1.1260,1.6972,-0.2207,-0.1297,0.2560,0.0177,-0.0025,1.0244
30.8799,-0.1032,1.6663,-0.1928,-0.1455,0.2416,-0.0109,-0.0050,-1.1275,1.6964,-0.2200,-0.1296,0.2554,0.0166,-0.0001,1.0247
30.8802,-0.1046,1.6647,-0.1928,-0.1455,0.2416,-0.0112,-0.0050,-1.1292,1.6953,-0.2185,-0.1287,0.2536,0.0151,0.0026,1.0251
30.9003,-0.1058,1.6634,-0.1916,-0.1471,0.2416,-0.0112,-0.0049,-1.1307,1.6944,-0.2183,-0.1288,0.2535,0.0137,0.0036,1.0254
30.9009,-0.1071,1.6620,-0.1916,-0.1471,0.2416,-0.0112,-0.0049,-1.1322,1.6936,-0.2165,-0.1279,0.2515,0.0119,0.0028,1.0256
30.9200,-0.1084,1.6606,-0.1893,-0.1475,0.2400,-0.0112,-0.0052,-1.1338,1.6926,-0.2151,-0.1270,0.2498,0.0099,0.0027,1.0259
30.9202,-0.1095,1.6593,-0.1893,-0.1475,0.2400,-0.0112,-0.0052,-1.1352,1.6918,-0.2151,-0.1270,0.2498,0.0080,0.0027,1.0263
30.9300,-0.1108,1.6577,-0.1874,-0.1479,0.2387,-0.0112,-0.0066,-1.1371,1.6908,-0.2123,-0.1255,0.2467,0.0063,0.0038,1.0268
30.9302,-0.1120,1.6561,-0.1874,-0.1479,0.2387,-0.0116,-0.0066,-1.1386,1.6899,-0.2123,-0.1255,0.2467,0.0049,0.0038,1.0271
30.9501,-0.1133,1.6545,-0.1853,-0.1494,0.2380,-0.0124,-0.0103,-1.1402,1.6889,-0.2106,-0.1247,0.2447,0.0033,0.0022,1.0275
30.9505,-0.1143,1.6532,-0.1853,-0.1494,0.2380,-0.0130,-0.0103,-1.1414,1.6882,-0.2106,-0.1247,0.2447,0.0022,0.0022,1.0277
30.9701,-0.1157,1.6516,-0.1827,-0.1504,0.2366,-0.0140,-0.0102,-1.1431,1.6871,-0.2077,-0.1233,0.2416,0.0005,-0.0059,1.0280
30.9703,-0.1169,1.6502,-0.1827,-0.1504,0.2366,-0.0147,-0.0102,-1.1444,1.6863,-0.2077,-0.1233,0.2416,-0.0008,-0.0059,1.0282
30.9799,-0.1192,1.6471,-0.1795,-0.1528,0.2357,-0.0156,-0.0082,-1.1461,1.6851,-0.2054,-0.1228,0.2393,-0.0031,-0.0027,1.0275
30.9802,-0.1192,1.6471,-0.1795,-0.1528,0.2357,-0.0156,-0.0082,-1.1474,1.6842,-0.2047,-0.1230,0.2389,-0.0047,0.0036,1.0289
31.0003,-0.1204,1.6455,-0.1791,-0.1538,0.2361,-0.0159,-0.0084,-1.1489,1.6830,-0.2043,-0.1233,0.2386,-0.0062,0.0057,1.0293
31.0006,-0.1214,1.6440,-0.1791,-0.1538,0.2361,-0.0162,-0.0084,-1.1504,1.6819,-0.2028,-0.1229,0.2371,-0.0080,0.0065,1.0297
31.0202,-0.1225,1.6425,-0.1759,-0.1547,0.2342,-0.0163,-0.0090,-1.1520,1.6809,-0.2018,-0.1226,0.2361,-0.0099,0.0079,1.0302
31.0205,-0.1235,1.6409,-0.1759,-0.1547,0.2342,-0.0163,-0.0090,-1.1534,1.6800,-0.2007,-0.1220,0.2349,-0.0116,0.0084,1.0305
31.0298,-0.1245,1.6394,-0.1732,-0.1563,0.2333,-0.0164,-0.0099,-1.1547,1.6791,-0.1999,-0.1218,0.2341,-0.0133,0.0078,1.0310
31.0301,-0.1257,1.6374,-0.1732,-0.1563,0.2333,-0.0164,-0.0099,-1.1565,1.6779,-0.1988,-0.1216,0.2330,-0.0153,0.0074,1.0316
31.0499,-0.1267,1.6358,-0.1705,-0.1587,0.2329,-0.0165,-0.0106,-1.1579,1.6770,-0.1981,-0.1218,0.2326,-0.0166,0.0073,1.0321
31.0502,-0.1279,1.6340,-0.1705,-0.1587,0.2329,-0.0166,-0.0106,-1.1596,1.6760,-0.1981,-0.1218,0.2326,-0.0182,0.0073,1.0326
31.0703,-0.1289,1.6325,-0.1680,-0.1609,0.2326,-0.0166,-0.0130,-1.1610,1.6751,-0.1966,-0.1216,0.2312,-0.0194,0.0102,1.0330
31.0705,-0.1299,1.6309,-0.1662,-0.1613,0.2316,-0.0165,-0.0139,-1.1626,1.6741,-0.1952,-0.1209,0.2296,-0.0207,0.0111,1.0335
31.0797,-0.1311,1.6292,-0.1651,-0.1622,0.2314,-0.0165,-0.0141,-1.1641,1.6730,-0.1949,-0.1205,0.2292,-0.0222,0.0105,1.0340
31.0800,-0.1323,1.6274,-0.1651,-0.1622,0.2314,-0.0165,-0.0141,-1.1657,1.6720,-0.1949,-0.1205,0.2292,-0.0235,0.0105,1.0344
31.1003,-0.1332,1.6259,-0.1632,-0.1648,0.2319,-0.0165,-0.0154,-1.1671,1.6711,-0.1939,-0.1197,0.2279,-0.0250,0.0012,1.0348
31.1006,-0.1342,1.6244,-0.1632,-0.1648,0.2319,-0.0166,-0.0154,-1.1684,1.6702,-0.1939,-0.1197,0.2279,-0.0260,0.0012,1.0353
31.1097,-0.1354,1.6226,-0.1599,-0.1662,0.2307,-0.0170,-0.0165,-1.1701,1.6691,-0.1921,-0.1186,0.2258,-0.0271,-0.0030,1.0358
31.1101,-0.1365,1.6209,-0.1590,-0.1676,0.2310,-0.0176,-0.0153,-1.1716,1.6682,-0.1921,-0.1186,0.2258,-0.0278,-0.0030,1.0363
31.1603,-0.1377,1.6191,-0.1580,-0.1687,0.2311,-0.0183,-0.0125,-1.1733,1.6672,-0.1913,-0.1187,0.2251,-0.0295,-0.0048,1.0367
31.1606,-0.1388,1.6175,-0.1580,-0.1687,0.2311,-0.0190,-0.0125,-1.1747,1.6662,-0.1913,-0.1187,0.2251,-0.0307,-0.0048,1.0370
31.1608,-0.1400,1.6158,-0.1573,-0.1701,0.2317,-0.0195,-0.0107,-1.1762,1.6652,-0.1913,-0.1189,0.2252,-0.0327,-0.0104,1.0374
31.1610,-0.1411,1.6141,-0.1558,-0.1706,0.2311,-0.0198,-0.0110,-1.1777,1.6641,-0.1904,-0.1186,0.2243,-0.0338,-0.0098,1.0378
31.1613,-0.1422,1.6125,-0.1550,-0.1718,0.2314,-0.0200,-0.0115,-1.1792,1.6630,-0.1900,-0.1186,0.2240,-0.0351,-0.0105,1.0382
31.1615,-0.1434,1.6108,-0.1539,-0.1728,0.2314,-0.0201,-0.0116,-1.1807,1.6618,-0.1898,-0.1186,0.2238,-0.0371,-0.0093,1.0386
31.1799,-0.1455,1.6074,-0.1523,-0.1752,0.2321,-0.0201,-0.0107,-1.1821,1.6607,-0.1895,-0.1189,0.2237,-0.0388,-0.0069,1.0380
31.1802,-0.1455,1.6074,-0.1523,-0.1752,0.2321,-0.0201,-0.0107,-1.1838,1.6596,-0.1886,-0.1185,0.2227,-0.0408,-0.0066,1.0396
31.2003,-0.1464,1.6058,-0.1501,-0.1772,0.2322,-0.0202,-0.0060,-1.1853,1.6586,-0.1886,-0.1189,0.2229,-0.0419,-0.0063,1.0403
31.2006,-0.1474,1.6041,-0.1501,-0.1772,0.2322,-0.0203,-0.0060,-1.1868,1.6576,-0.1878,-0.1186,0.2221,-0.0434,-0.0049,1.0408
31.2100,-0.1483,1.6025,-0.1476,-0.1786,0.2317,-0.0205,-0.0003,-1.1882,1.6566,-0.1874,-0.1187,0.2218,-0.0449,-0.0045,1.0413
31.2105,-0.1493,1.6007,-0.1476,-0.1786,0.2317,-0.0207,-0.0003,-1.1897,1.6556,-0.1870,-0.1189,0.2217,-0.0464,-0.0040,1.0418
31.2300,-0.1503,1.5991,-0.1458,-0.1806,0.2321,-0.0208,-0.0020,-1.1911,1.6545,-0.1867,-0.1192,0.2215,-0.0473,-0.0034,1.0423
31.2304,-0.1514,1.5972,-0.1458,-0.1806,0.2321,-0.0208,-0.0020,-1.1925,1.6534,-0.1867,-0.1192,0.2215,-0.0485,-0.0034,1.0426
31.2503,-0.1526,1.5954,-0.1436,-0.1823,0.2321,-0.0207,-0.0035,-1.1940,1.6523,-0.1855,-0.1191,0.2205,-0.0505,-0.0059,1.0429
31.2506,-0.1536,1.5938,-0.1436,-0.1823,0.2321,-0.0208,-0.0035,-1.1953,1.6512,-0.1854,-0.1197,0.2207,-0.0523,-0.0074,1.0433
31.2598,-0.1547,1.5921,-0.1422,-0.1845,0.2329,-0.0209,-0.0027,-1.1968,1.6499,-0.1848,-0.1199,0.2203,-0.0537,-0.0077,1.0437
31.2602,-0.1547,1.5921,-0.1422,-0.1845,0.2329,-0.0209,-0.0027,-1.1980,1.6488,-0.1848,-0.1199,0.2203,-0.0548,-0.0077,1.0448
31.2802,-0.1566,1.5889,-0.1405,-0.1860,0.2331,-0.0215,-0.0005,-1.1995,1.6475,-0.1837,-0.1209,0.2200,-0.0562,-0.0079,1.0445
31.2806,-0.1575,1.5872,-0.1405,-0.1860,0.2331,-0.0223,-0.0005,-1.2007,1.6465,-0.1831,-0.1216,0.2198,-0.0575,-0.0059,1.0449
31.3003,-0.1587,1.5852,-0.1383,-0.1875,0.2330,-0.0233,-0.0024,-1.2022,1.6452,-0.1824,-0.1218,0.2194,-0.0592,-0.0041,1.0452
31.3007,-0.1598,1.5835,-0.1379,-0.1889,0.2339,-0.0241,-0.0046,-1.2035,1.6441,-0.1821,-0.1223,0.2194,-0.0599,-0.0024,1.0455
31.3097,-0.1609,1.5817,-0.1375,-0.1900,0.2345,-0.0250,-0.0038,-1.2050,1.6428,-0.1815,-0.1225,0.2190,-0.0602,-0.0046,1.0459
31.3101,-0.1618,1.5802,-0.1375,-0.1900,0.2345,-0.0259,-0.0038,-1.2062,1.6418,-0.1814,-0.1229,0.2191,-0.0607,-0.0063,1.0462
31.3301,-0.1628,1.5785,-0.1357,-0.1912,0.2344,-0.0268,-0.0008,-1.2075,1.6407,-0.1803,-0.1226,0.2181,-0.0613,-0.0105,1.0466
31.3306,-0.1637,1.5769,-0.1357,-0.1912,0.2344,-0.0278,-0.0008,-1.2088,1.6396,-0.1803,-0.1226,0.2181,-0.0617,-0.0105,1.0469
31.3404,-0.1656,1.5735,-0.1341,-0.1928,0.2348,-0.0304,-0.0003,-1.2100,1.6385,-0.1791,-0.1231,0.2173,-0.0620,-0.0269,1.0464
31.3408,-0.1656,1.5735,-0.1341,-0.1928,0.2348,-0.0304,-0.0003,-1.2114,1.6372,-0.1783,-0.1234,0.2168,-0.0631,-0.0311,1.0477
31.3600,-0.1665,1.5719,-0.1325,-0.1938,0.2348,-0.0322,-0.0044,-1.2127,1.6359,-0.1775,-0.1238,0.2164,-0.0641,-0.0321,1.0482
31.3698,-0.1677,1.5700,-0.1318,-0.1944,0.2349,-0.0334,-0.0061,-1.2142,1.6344,-0.1768,-0.1244,0.2162,-0.0657,-0.0323,1.0484
31.3701,-0.1686,1.5684,-0.1318,-0.1944,0.2349,-0.0345,-0.0061,-1.2154,1.6332,-0.1768,-0.1244,0.2162,-0.0661,-0.0323,1.0488
31.3901,-0.1695,1.5666,-0.1309,-0.1957,0.2354,-0.0358,-0.0051,-1.2168,1.6318,-0.1759,-0.1263,0.2165,-0.0668,-0.0349,1.0493
31.3903,-0.1705,1.5648,-0.1300,-0.1962,0.2353,-0.0370,-0.0055,-1.2181,1.6305,-0.1759,-0.1263,0.2165,-0.0673,-0.0349,1.0497
31.4001,-0.1714,1.5630,-0.1294,-0.1972,0.2358,-0.0386,-0.0060,-1.2194,1.6292,-0.1748,-0.1279,0.2166,-0.0680,-0.0329,1.0500
31.4003,-0.1724,1.5613,-0.1294,-0.1972,0.2358,-0.0404,-0.0060,-1.2206,1.6278,-0.1748,-0.1279,0.2166,-0.0685,-0.0329,1.0503
31.4201,-0.1733,1.5596,-0.1281,-0.1987,0.2364,-0.0414,-0.0061,-1.2217,1.6266,-0.1736,-0.1295,0.2166,-0.0688,-0.0325,1.0506
31.4299,-0.1743,1.5579,-0.1277,-0.1994,0.2368,-0.0430,-0.0051,-1.2230,1.6252,-0.1730,-0.1304,0.2167,-0.0692,-0.0325,1.0508
31.4302,-0.1752,1.5564,-0.1277,-0.1994,0.2368,-0.0448,-0.0051,-1.2241,1.6239,-0.1730,-0.1304,0.2167,-0.0693,-0.0325,1.0511
31.4398,-0.1762,1.5547,-0.1264,-0.1995,0.2361,-0.0468,-0.0073,-1.2252,1.6225,-0.1710,-0.1318,0.2159,-0.0696,-0.0305,1.0512
31.4400,-0.1773,1.5529,-0.1264,-0.1995,0.2361,-0.0482,-0.0073,-1.2263,1.6210,-0.1710,-0.1318,0.2159,-0.0697,-0.0305,1.0512
31.4600,-0.1785,1.5509,-0.1259,-0.2006,0.2369,-0.0493,-0.0095,-1.2275,1.6195,-0.1697,-0.1343,0.2164,-0.0700,-0.0217,1.0512
31.4602,-0.1794,1.5491,-0.1259,-0.2006,0.2369,-0.0502,-0.0095,-1.2285,1.6180,-0.1697,-0.1343,0.2164,-0.0700,-0.0217,1.0513
31.4803,-0.1813,1.5456,-0.1252,-0.2021,0.2377,-0.0515,-0.0109,-1.2295,1.6167,-0.1683,-0.1366,0.2167,-0.0698,-0.0196,1.0506
31.4805,-0.1813,1.5456,-0.1252,-0.2021,0.2377,-0.0515,-0.0109,-1.2306,1.6152,-0.1669,-0.1370,0.2159,-0.0697,-0.0208,1.0517
31.4999,-0.1823,1.5437,-0.1241,-0.2029,0.2378,-0.0525,-0.0101,-1.2318,1.6135,-0.1664,-0.1379,0.2161,-0.0697,-0.0226,1.0518
31.5002,-0.1831,1.5421,-0.1240,-0.2037,0.2385,-0.0532,-0.0098,-1.2327,1.6121,-0.1657,-0.1391,0.2163,-0.0697,-0.0263,1.0520
31.5101,-0.1840,1.5402,-0.1233,-0.2038,0.2382,-0.0540,-0.0097,-1.2339,1.6105,-0.1646,-0.1397,0.2159,-0.0695,-0.0303,1.0522
31.5104,-0.1849,1.5382,-0.1233,-0.2038,0.2382,-0.0548,-0.0097,-1.2351,1.6085,-0.1638,-0.1409,0.2160,-0.0687,-0.0320,1.0526
31.5299,-0.1856,1.5366,-0.1228,-0.2054,0.2393,-0.0552,-0.0115,-1.2361,1.6072,-0.1636,-0.1429,0.2172,-0.0683,-0.0310,1.0528
31.5400,-0.1865,1.5345,-0.1223,-0.2055,0.2391,-0.0560,-0.0124,-1.2372,1.6054,-0.1627,-0.1438,0.2172,-0.0681,-0.0305,1.0531
31.5403,-0.1871,1.5330,-0.1216,-0.2058,0.2390,-0.0562,-0.0142,-1.2379,1.6041,-0.1614,-0.1450,0.2169,-0.0681,-0.0287,1.0532
31.5500,-0.1879,1.5310,-0.1209,-0.2057,0.2385,-0.0566,-0.0154,-1.2389,1.6025,-0.1600,-0.1459,0.2165,-0.0682,-0.0282,1.0534
31.5503,-0.1888,1.5289,-0.1209,-0.2057,0.2385,-0.0569,-0.0154,-1.2401,1.6006,-0.1600,-0.1459,0.2165,-0.0684,-0.0282,1.0537
31.5702,-0.1897,1.5268,-0.1199,-0.2073,0.2394,-0.0574,-0.0168,-1.2412,1.5988,-0.1581,-0.1490,0.2173,-0.0684,-0.0272,1.0540
31.5704,-0.1904,1.5250,-0.1199,-0.2073,0.2394,-0.0578,-0.0168,-1.2422,1.5972,-0.1581,-0.1490,0.2173,-0.0685,-0.0272,1.0543
31.5899,-0.1911,1.5231,-0.1186,-0.2084,0.2398,-0.0582,-0.0177,-1.2432,1.5955,-0.1561,-0.1516,0.2176,-0.0688,-0.0260,1.0546
31.5902,-0.1918,1.5209,-0.1176,-0.2087,0.2396,-0.0586,-0.0165,-1.2443,1.5937,-0.1550,-0.1529,0.2177,-0.0691,-0.0255,1.0549
31.6002,-0.1925,1.5191,-0.1172,-0.2099,0.2404,-0.0589,-0.0160,-1.2452,1.5921,-0.1544,-0.1548,0.2186,-0.0697,-0.0246,1.0552
31.6005,-0.1933,1.5171,-0.1172,-0.2099,0.2404,-0.0592,-0.0160,-1.2462,1.5902,-0.1544,-0.1548,0.2186,-0.0704,-0.0246,1.0555
31.6197,-0.1940,1.5150,-0.1157,-0.2110,0.2407,-0.0594,-0.0162,-1.2472,1.5885,-0.1521,-0.1577,0.2191,-0.0711,-0.0229,1.0557
31.6199,-0.1948,1.5128,-0.1157,-0.2110,0.2407,-0.0597,-0.0162,-1.2482,1.5866,-0.1521,-0.1577,0.2191,-0.0719,-0.0229,1.0560
31.6402,-0.1960,1.5090,-0.1132,-0.2131,0.2414,-0.0603,-0.0165,-1.2491,1.5849,-0.1499,-0.1612,0.2201,-0.0727,-0.0095,1.0559
31.6405,-0.1960,1.5090,-0.1132,-0.2131,0.2414,-0.0603,-0.0165,-1.2501,1.5833,-0.1489,-0.1626,0.2205,-0.0738,-0.0061,1.0567
31.6498,-0.1971,1.5047,-0.1121,-0.2137,0.2413,-0.0612,-0.0157,-1.2511,1.5815,-0.1478,-0.1638,0.2206,-0.0752,-0.0052,1.0567
31.6500,-0.1971,1.5047,-0.1121,-0.2137,0.2413,-0.0612,-0.0157,-1.2520,1.5797,-0.1468,-0.1652,0.2209,-0.0762,-0.0065,1.0575
31.6698,-0.1976,1.5028,-0.1098,-0.2155,0.2419,-0.0619,-0.0153,-1.2530,1.5781,-0.1456,-0.1666,0.2213,-0.0772,-0.0080,1.0580
31.6701,-0.1982,1.5008,-0.1098,-0.2155,0.2419,-0.0624,-0.0153,-1.2539,1.5763,-0.1456,-0.1666,0.2213,-0.0778,-0.0080,1.0584
31.6798,-0.1988,1.4988,-0.1076,-0.2167,0.2419,-0.0628,-0.0157,-1.2547,1.5747,-0.1435,-0.1688,0.2215,-0.0782,-0.0138,1.0587
31.6802,-0.1995,1.4967,-0.1067,-0.2170,0.2418,-0.0630,-0.0158,-1.2557,1.5727,-0.1435,-0.1688,0.2215,-0.0788,-0.0138,1.0589
31.7002,-0.2001,1.4947,-0.1063,-0.2183,0.2428,-0.0633,-0.0159,-1.2565,1.5709,-0.1408,-0.1717,0.2221,-0.0796,-0.0189,1.0592
31.7005,-0.2007,1.4927,-0.1063,-0.2183,0.2428,-0.0640,-0.0159,-1.2574,1.5690,-0.1408,-0.1717,0.2221,-0.0808,-0.0189,1.0594
31.7204,-0.2012,1.4908,-0.1049,-0.2195,0.2432,-0.0646,-0.0169,-1.2583,1.5672,-0.1386,-0.1752,0.2234,-0.0814,-0.0186,1.0598
31.7208,-0.2017,1.4889,-0.1049,-0.2195,0.2432,-0.0651,-0.0169,-1.2593,1.5653,-0.1386,-0.1752,0.2234,-0.0820,-0.0186,1.0603
31.7301,-0.2023,1.4867,-0.1029,-0.2204,0.2432,-0.0658,-0.0184,-1.2604,1.5632,-0.1364,-0.1785,0.2247,-0.0825,-0.0167,1.0609
31.7303,-0.2028,1.4846,-0.1018,-0.2210,0.2433,-0.0662,-0.0186,-1.2614,1.5612,-0.1358,-0.1806,0.2260,-0.0831,-0.0154,1.0614
31.7503,-0.2033,1.4827,-0.1005,-0.2215,0.2432,-0.0667,-0.0192,-1.2623,1.5592,-0.1350,-0.1822,0.2267,-0.0842,-0.0131,1.0618
31.7506,-0.2039,1.4805,-0.1005,-0.2215,0.2432,-0.0670,-0.0192,-1.2633,1.5572,-0.1350,-0.1822,0.2267,-0.0849,-0.0131,1.0621
31.7601,-0.2044,1.4785,-0.0985,-0.2232,0.2440,-0.0671,-0.0202,-1.2640,1.5555,-0.1330,-0.1854,0.2281,-0.0854,-0.0118,1.0623
31.7603,-0.2050,1.4761,-0.0985,-0.2232,0.2440,-0.0672,-0.0202,-1.2648,1.5534,-0.1319,-0.1866,0.2285,-0.0861,-0.0117,1.0626
31.7801,-0.2054,1.4741,-0.0968,-0.2255,0.2454,-0.0674,-0.0167,-1.2656,1.5514,-0.1307,-0.1882,0.2291,-0.0866,-0.0121,1.0630
31.7804,-0.2059,1.4719,-0.0968,-0.2255,0.2454,-0.0677,-0.0167,-1.2664,1.5492,-0.1297,-0.1902,0.2302,-0.0871,-0.0125,1.0633
31.8003,-0.2062,1.4701,-0.0943,-0.2265,0.2453,-0.0681,-0.0109,-1.2671,1.5474,-0.1284,-0.1919,0.2309,-0.0874,-0.0125,1.0637
31.8101,-0.2066,1.4678,-0.0927,-0.2269,0.2451,-0.0685,-0.0119,-1.2680,1.5451,-0.1272,-0.1935,0.2315,-0.0877,-0.0104,1.0642
31.8106,-0.2069,1.4660,-0.0927,-0.2269,0.2451,-0.0688,-0.0119,-1.2686,1.5431,-0.1272,-0.1935,0.2315,-0.0887,-0.0104,1.0646
31.8303,-0.2072,1.4639,-0.0901,-0.2284,0.2455,-0.0691,-0.0126,-1.2693,1.5411,-0.1249,-0.1974,0.2336,-0.0897,-0.0042,1.0649
31.8307,-0.2075,1.4619,-0.0888,-0.2293,0.2459,-0.0692,-0.0131,-1.2698,1.5392,-0.1236,-0.1994,0.2345,-0.0901,-0.0012,1.0651
31.8399,-0.2080,1.4599,-0.0876,-0.2298,0.2460,-0.0692,-0.0131,-1.2704,1.5371,-0.1222,-0.2009,0.2352,-0.0909,0.0043,1.0653
31.8498,-0.2085,1.4575,-0.0867,-0.2308,0.2465,-0.0692,-0.0121,-1.2712,1.5348,-0.1208,-0.2028,0.2360,-0.0915,0.0067,1.0655
31.8501,-0.2088,1.4557,-0.0867,-0.2308,0.2465,-0.0692,-0.0121,-1.2717,1.5331,-0.1208,-0.2028,0.2360,-0.0922,0.0067,1.0657
31.8703,-0.2094,1.4534,-0.0848,-0.2324,0.2473,-0.0693,-0.0083,-1.2725,1.5307,-0.1181,-0.2057,0.2372,-0.0934,0.0031,1.0660
31.8707,-0.2096,1.4516,-0.0832,-0.2332,0.2476,-0.0692,-0.0108,-1.2730,1.5288,-0.1166,-0.2075,0.2381,-0.0942,0.0030,1.0662
31.8802,-0.2101,1.4494,-0.0821,-0.2336,0.2476,-0.0692,-0.0116,-1.2737,1.5263,-0.1152,-0.2089,0.2386,-0.0951,0.0030,1.0665
31.8807,-0.2105,1.4474,-0.0810,-0.2343,0.2479,-0.0691,-0.0112,-1.2744,1.5240,-0.1152,-0.2089,0.2386,-0.0961,0.0030,1.0667
31.9001,-0.2110,1.4448,-0.0799,-0.2348,0.2480,-0.0690,-0.0109,-1.2752,1.5212,-0.1124,-0.2129,0.2408,-0.0969,0.0002,1.0669
31.9005,-0.2114,1.4431,-0.0792,-0.2364,0.2493,-0.0690,-0.0102,-1.2757,1.5192,-0.1124,-0.2129,0.2408,-0.0976,0.0002,1.0671
31.9100,-0.2118,1.4408,-0.0779,-0.2364,0.2489,-0.0690,-0.0100,-1.2763,1.5168,-0.1101,-0.2174,0.2437,-0.0986,0.0080,1.0672
31.9104,-0.2122,1.4387,-0.0779,-0.2364,0.2489,-0.0690,-0.0100,-1.2769,1.5145,-0.1101,-0.2174,0.2437,-0.0993,0.0080,1.0674
31.9301,-0.2125,1.4367,-0.0757,-0.2383,0.2500,-0.0689,-0.0041,-1.2775,1.5123,-0.1078,-0.2213,0.2462,-0.1001,0.0086,1.0677
31.9304,-0.2129,1.4345,-0.0746,-0.2393,0.2507,-0.0688,0.0012,-1.2781,1.5098,-0.1078,-0.2213,0.2462,-0.1015,0.0086,1.0679
31.9501,-0.2132,1.4324,-0.0734,-0.2405,0.2514,-0.0685,0.0040,-1.2787,1.5074,-0.1059,-0.2254,0.2491,-0.1022,0.0073,1.0682
31.9503,-0.2135,1.4303,-0.0718,-0.2411,0.2516,-0.0680,0.0040,-1.2792,1.5051,-0.1059,-0.2254,0.2491,-0.1027,0.0073,1.0684
31.9596,-0.2138,1.4283,-0.0700,-0.2412,0.2511,-0.0676,0.0037,-1.2797,1.5026,-0.1036,-0.2288,0.2512,-0.1036,0.0030,1.0685
31.9598,-0.2142,1.4261,-0.0700,-0.2412,0.2511,-0.0668,0.0037,-1.2803,1.5001,-0.1036,-0.2288,0.2512,-0.1043,0.0030,1.0686
31.9797,-0.2146,1.4240,-0.0678,-0.2427,0.2520,-0.0659,0.0022,-1.2809,1.4975,-0.1015,-0.2332,0.2543,-0.1053,0.0017,1.0688
31.9799,-0.2150,1.4218,-0.0678,-0.2427,0.2520,-0.0651,0.0022,-1.2815,1.4949,-0.1015,-0.2332,0.2543,-0.1061,0.0017,1.0690
32.0000,-0.2153,1.4197,-0.0653,-0.2438,0.2524,-0.0641,0.0021,-1.2821,1.4924,-0.0995,-0.2371,0.2571,-0.1068,0.0040,1.0692
32.0002,-0.2156,1.4175,-0.0653,-0.2438,0.2524,-0.0636,0.0021,-1.2826,1.4899,-0.0995,-0.2371,0.2571,-0.1070,0.0040,1.0695
32.0097,-0.2159,1.4153,-0.0632,-0.2455,0.2535,-0.0629,0.0040,-1.2831,1.4872,-0.0974,-0.2411,0.2601,-0.1074,0.0058,1.0697
32.0100,-0.2162,1.4131,-0.0632,-0.2455,0.2535,-0.0619,0.0040,-1.2836,1.4844,-0.0959,-0.2427,0.2610,-0.1079,0.0084,1.0698
32.0299,-0.2165,1.4111,-0.0611,-0.2470,0.2545,-0.0614,0.0072,-1.2840,1.4819,-0.0951,-0.2455,0.2632,-0.1080,0.0107,1.0699
32.0301,-0.2168,1.4089,-0.0611,-0.2470,0.2545,-0.0608,0.0072,-1.2845,1.4793,-0.0951,-0.2455,0.2632,-0.1082,0.0107,1.0700
32.0501,-0.2172,1.4069,-0.0594,-0.2481,0.2551,-0.0602,0.0099,-1.2850,1.4768,-0.0932,-0.2495,0.2663,-0.1086,0.0130,1.0701
32.0503,-0.2175,1.4049,-0.0594,-0.2481,0.2551,-0.0596,0.0099,-1.2855,1.4742,-0.0932,-0.2495,0.2663,-0.1087,0.0130,1.0703
32.0600,-0.2177,1.4028,-0.0573,-0.2479,0.2544,-0.0588,0.0115,-1.2861,1.4718,-0.0908,-0.2527,0.2685,-0.1092,0.0124,1.0706
32.0604,-0.2180,1.4006,-0.0573,-0.2479,0.2544,-0.0578,0.0115,-1.2866,1.4689,-0.0908,-0.2527,0.2685,-0.1097,0.0124,1.0708
32.0802,-0.2182,1.3986,-0.0553,-0.2487,0.2548,-0.0572,0.0117,-1.2872,1.4664,-0.0889,-0.2566,0.2716,-0.1100,0.0082,1.0711
32.0900,-0.2185,1.3960,-0.0543,-0.2490,0.2548,-0.0561,0.0114,-1.2878,1.4633,-0.0880,-0.2583,0.2728,-0.1104,0.0053,1.0714
32.0903,-0.2187,1.3941,-0.0543,-0.2490,0.2548,-0.0553,0.0114,-1.2882,1.4607,-0.0880,-0.2583,0.2728,-0.1106,0.0053,1.0715
32.1101,-0.2190,1.3917,-0.0525,-0.2499,0.2553,-0.0546,0.0123,-1.2887,1.4577,-0.0860,-0.2626,0.2764,-0.1108,0.0045,1.0717
32.1104,-0.2193,1.3895,-0.0525,-0.2499,0.2553,-0.0536,0.0123,-1.2891,1.4549,-0.0860,-0.2626,0.2764,-0.1110,0.0045,1.0718
32.1201,-0.2197,1.3870,-0.0506,-0.2510,0.2561,-0.0530,0.0138,-1.2895,1.4520,-0.0839,-0.2671,0.2800,-0.1113,0.0057,1.0717
32.1204,-0.2200,1.3848,-0.0506,-0.2510,0.2561,-0.0523,0.0138,-1.2898,1.4493,-0.0824,-0.2692,0.2815,-0.1113,0.0065,1.0718
32.1401,-0.2202,1.3825,-0.0491,-0.2523,0.2570,-0.0519,0.0187,-1.2901,1.4466,-0.0813,-0.2713,0.2832,-0.1115,0.0057,1.0718
32.1404,-0.2204,1.3802,-0.0491,-0.2523,0.2570,-0.0514,0.0187,-1.2905,1.4439,-0.0813,-0.2713,0.2832,-0.1116,0.0057,1.0720
32.1500,-0.2205,1.3781,-0.0476,-0.2534,0.2578,-0.0509,0.0208,-1.2909,1.4412,-0.0788,-0.2752,0.2862,-0.1117,0.0054,1.0722
32.1503,-0.2207,1.3758,-0.0476,-0.2534,0.2578,-0.0504,0.0208,-1.2913,1.4383,-0.0777,-0.2770,0.2877,-0.1120,0.0047,1.0725
32.1700,-0.2208,1.3738,-0.0461,-0.2539,0.2581,-0.0502,0.0204,-1.2917,1.4357,-0.0767,-0.2794,0.2898,-0.1121,0.0057,1.0727
32.1802,-0.2210,1.3714,-0.0452,-0.2541,0.2581,-0.0496,0.0199,-1.2921,1.4326,-0.0756,-0.2813,0.2913,-0.1122,0.0066,1.0729
32.1804,-0.2211,1.3693,-0.0452,-0.2541,0.2581,-0.0492,0.0199,-1.2925,1.4299,-0.0756,-0.2813,0.2913,-0.1122,0.0066,1.0731
32.2002,-0.2213,1.3669,-0.0432,-0.2548,0.2584,-0.0485,0.0177,-1.2929,1.4268,-0.0736,-0.2857,0.2950,-0.1121,0.0108,1.0732
32.2005,-0.2215,1.3649,-0.0432,-0.2548,0.2584,-0.0482,0.0177,-1.2931,1.4243,-0.0736,-0.2857,0.2950,-0.1121,0.0108,1.0733
32.2100,-0.2217,1.3625,-0.0414,-0.2557,0.2590,-0.0477,0.0185,-1.2934,1.4214,-0.0712,-0.2895,0.2982,-0.1120,0.0102,1.0733
32.2104,-0.2218,1.3604,-0.0414,-0.2557,0.2590,-0.0472,0.0185,-1.2936,1.4188,-0.0712,-0.2895,0.2982,-0.1120,0.0102,1.0733
32.2302,-0.2221,1.3579,-0.0402,-0.2570,0.2601,-0.0462,0.0202,-1.2938,1.4157,-0.0686,-0.2930,0.3009,-0.1119,0.0085,1.0733
32.2305,-0.2223,1.3557,-0.0402,-0.2570,0.2601,-0.0457,0.0202,-1.2939,1.4130,-0.0686,-0.2930,0.3009,-0.1118,0.0085,1.0732
32.2499,-0.2224,1.3534,-0.0389,-0.2580,0.2609,-0.0450,0.0243,-1.2941,1.4103,-0.0650,-0.2963,0.3033,-0.1116,0.0079,1.0732
32.2501,-0.2227,1.3509,-0.0389,-0.2580,0.2609,-0.0443,0.0243,-1.2944,1.4073,-0.0650,-0.2963,0.3033,-0.1111,0.0079,1.0733
32.2599,-0.2229,1.3487,-0.0375,-0.2591,0.2618,-0.0434,0.0294,-1.2948,1.4046,-0.0624,-0.2997,0.3062,-0.1108,0.0040,1.0733
32.2601,-0.2230,1.3464,-0.0375,-0.2591,0.2618,-0.0425,0.0294,-1.2951,1.4018,-0.0624,-0.2997,0.3062,-0.1101,0.0040,1.0735
32.2799,-0.2232,1.3442,-0.0361,-0.2594,0.2619,-0.0417,0.0323,-1.2955,1.3990,-0.0606,-0.3033,0.3092,-0.1097,0.0030,1.0737
32.2802,-0.2233,1.3420,-0.0361,-0.2594,0.2619,-0.0404,0.0323,-1.2959,1.3961,-0.0598,-0.3048,0.3106,-0.1091,0.0019,1.0739
32.2999,-0.2233,1.3399,-0.0348,-0.2599,0.2622,-0.0398,0.0246,-1.2961,1.3934,-0.0589,-0.3063,0.3119,-0.1086,0.0010,1.0741
32.3003,-0.2234,1.3376,-0.0348,-0.2599,0.2622,-0.0390,0.0246,-1.2964,1.3905,-0.0580,-0.3079,0.3133,-0.1080,-0.0005,1.0743
32.3101,-0.2235,1.3354,-0.0337,-0.2605,0.2627,-0.0381,0.0211,-1.2967,1.3875,-0.0568,-0.3092,0.3144,-0.1072,-0.0041,1.0744
32.3105,-0.2236,1.3333,-0.0337,-0.2605,0.2627,-0.0375,0.0211,-1.2969,1.3848,-0.0568,-0.3092,0.3144,-0.1064,-0.0041,1.0745
32.3302,-0.2238,1.3309,-0.0329,-0.2612,0.2633,-0.0369,0.0149,-1.2971,1.3817,-0.0552,-0.3126,0.3175,-0.1060,-0.0059,1.0746
32.3306,-0.2239,1.3290,-0.0329,-0.2612,0.2633,-0.0363,0.0149,-1.2973,1.3791,-0.0552,-0.3126,0.3175,-0.1055,-0.0059,1.0746
32.3502,-0.2241,1.3264,-0.0319,-0.2618,0.2637,-0.0356,0.0152,-1.2975,1.3759,-0.0537,-0.3160,0.3205,-0.1048,-0.0078,1.0746
32.3506,-0.2242,1.3243,-0.0311,-0.2622,0.2640,-0.0352,0.0160,-1.2977,1.3732,-0.0537,-0.3160,0.3205,-0.1042,-0.0078,1.0747
32.3602,-0.2243,1.3217,-0.0306,-0.2630,0.2647,-0.0345,0.0169,-1.2980,1.3701,-0.0520,-0.3197,0.3239,-0.1036,-0.0046,1.0748
32.3607,-0.2244,1.3197,-0.0299,-0.2634,0.2651,-0.0341,0.0219,-1.2982,1.3674,-0.0520,-0.3197,0.3239,-0.1033,-0.0046,1.0748
32.3802,-0.2245,1.3173,-0.0295,-0.2639,0.2656,-0.0336,0.0255,-1.2985,1.3643,-0.0503,-0.3227,0.3266,-0.1022,-0.0039,1.0750
32.3807,-0.2246,1.3153,-0.0295,-0.2639,0.2656,-0.0332,0.0255,-1.2986,1.3616,-0.0503,-0.3227,0.3266,-0.1013,-0.0039,1.0750
32.4002,-0.2248,1.3132,-0.0284,-0.2641,0.2656,-0.0326,0.0295,-1.2987,1.3588,-0.0485,-0.3248,0.3284,-0.1008,-0.0038,1.0749
32.4005,-0.2249,1.3109,-0.0284,-0.2641,0.2656,-0.0322,0.0295,-1.2989,1.3559,-0.0485,-0.3248,0.3284,-0.1004,-0.0038,1.0749
32.4099,-0.2250,1.3087,-0.0271,-0.2643,0.2656,-0.0318,0.0277,-1.2991,1.3530,-0.0463,-0.3265,0.3298,-0.0999,-0.0129,1.0750
32.4103,-0.2251,1.3064,-0.0271,-0.2643,0.2656,-0.0313,0.0277,-1.2993,1.3500,-0.0455,-0.3276,0.3307,-0.0997,-0.0141,1.0751
32.4302,-0.2252,1.3043,-0.0259,-0.2646,0.2658,-0.0310,0.0235,-1.2996,1.3474,-0.0448,-0.3290,0.3320,-0.0996,-0.0150,1.0752
32.4308,-0.2253,1.3018,-0.0259,-0.2646,0.2658,-0.0307,0.0235,-1.2999,1.3444,-0.0441,-0.3297,0.3326,-0.0993,-0.0161,1.0754
32.4397,-0.2254,1.2998,-0.0250,-0.2654,0.2665,-0.0305,0.0200,-1.3001,1.3417,-0.0435,-0.3308,0.3337,-0.0991,-0.0168,1.0755
32.4400,-0.2255,1.2973,-0.0250,-0.2654,0.2665,-0.0302,0.0200,-1.3003,1.3387,-0.0435,-0.3308,0.3337,-0.0988,-0.0168,1.0756
32.4602,-0.2256,1.2953,-0.0241,-0.2661,0.2671,-0.0300,0.0218,-1.3005,1.3360,-0.0422,-0.3327,0.3353,-0.0984,-0.0142,1.0757
32.4604,-0.2257,1.2931,-0.0235,-0.2659,0.2670,-0.0298,0.0234,-1.3007,1.3331,-0.0415,-0.3332,0.3358,-0.0982,-0.0147,1.0758
32.4802,-0.2258,1.2910,-0.0230,-0.2662,0.2671,-0.0296,0.0238,-1.3009,1.3304,-0.0410,-0.3338,0.3363,-0.0975,-0.0168,1.0759
32.4805,-0.2258,1.2888,-0.0230,-0.2662,0.2671,-0.0293,0.0238,-1.3012,1.3274,-0.0410,-0.3338,0.3363,-0.0969,-0.0168,1.0760
32.5002,-0.2259,1.2866,-0.0216,-0.2660,0.2668,-0.0291,0.0240,-1.3014,1.3246,-0.0393,-0.3350,0.3373,-0.0962,-0.0176,1.0762
32.5004,-0.2259,1.2843,-0.0216,-0.2660,0.2668,-0.0287,0.0240,-1.3015,1.3218,-0.0393,-0.3350,0.3373,-0.0956,-0.0176,1.0762
32.5098,-0.2259,1.2820,-0.0206,-0.2664,0.2672,-0.0283,0.0235,-1.3016,1.3187,-0.0378,-0.3362,0.3383,-0.0944,-0.0196,1.0763
32.5100,-0.2260,1.2798,-0.0206,-0.2664,0.2672,-0.0279,0.0235,-1.3017,1.3160,-0.0378,-0.3362,0.3383,-0.0939,-0.0196,1.0763
32.5301,-0.2261,1.2775,-0.0196,-0.2665,0.2672,-0.0273,0.0241,-1.3018,1.3130,-0.0361,-0.3369,0.3388,-0.0933,-0.0260,1.0763
32.5304,-0.2262,1.2755,-0.0192,-0.2671,0.2678,-0.0266,0.0246,-1.3019,1.3102,-0.0355,-0.3378,0.3396,-0.0929,-0.0304,1.0763
32.5397,-0.2263,1.2733,-0.0187,-0.2669,0.2676,-0.0259,0.0252,-1.3020,1.3074,-0.0347,-0.3382,0.3399,-0.0920,-0.0306,1.0762
32.5400,-0.2263,1.2733,-0.0187,-0.2669,0.2676,-0.0259,0.0252,-1.3020,1.3046,-0.0347,-0.3382,0.3399,-0.0912,-0.0306,1.0762
32.5602,-0.2264,1.2690,-0.0178,-0.2674,0.2680,-0.0244,0.0239,-1.3020,1.3017,-0.0331,-0.3393,0.3409,-0.0909,-0.0305,1.0761
32.5605,-0.2265,1.2668,-0.0174,-0.2676,0.2682,-0.0234,0.0233,-1.3021,1.2989,-0.0320,-0.3402,0.3417,-0.0900,-0.0298,1.0761
32.5798,-0.2265,1.2648,-0.0170,-0.2676,0.2682,-0.0226,0.0236,-1.3022,1.2962,-0.0309,-0.3402,0.3416,-0.0894,-0.0277,1.0761
32.5900,-0.2266,1.2604,-0.0161,-0.2672,0.2677,-0.0215,0.0242,-1.3023,1.2932,-0.0301,-0.3405,0.3418,-0.0885,-0.0258,1.0762
32.5903,-0.2266,1.2604,-0.0161,-0.2672,0.2677,-0.0215,0.0242,-1.3024,1.2906,-0.0301,-0.3405,0.3418,-0.0877,-0.0258,1.0762
32.5999,-0.2267,1.2581,-0.0158,-0.2676,0.2680,-0.0209,0.0246,-1.3024,1.2877,-0.0283,-0.3403,0.3415,-0.0873,-0.0263,1.0761
32.6002,-0.2268,1.2560,-0.0158,-0.2676,0.2680,-0.0206,0.0246,-1.3024,1.2851,-0.0283,-0.3403,0.3415,-0.0868,-0.0263,1.0760
32.6202,-0.2268,1.2538,-0.0149,-0.2670,0.2674,-0.0202,0.0246,-1.3024,1.2825,-0.0266,-0.3397,0.3407,-0.0866,-0.0299,1.0759
32.6204,-0.2269,1.2518,-0.0149,-0.2670,0.2674,-0.0199,0.0246,-1.3024,1.2800,-0.0266,-0.3397,0.3407,-0.0865,-0.0299,1.0758
32.6301,-0.2269,1.2473,-0.0139,-0.2660,0.2664,-0.0194,0.0233,-1.3023,1.2772,-0.0251,-0.3385,0.3394,-0.0865,-0.0349,1.0759
32.6303,-0.2269,1.2473,-0.0139,-0.2660,0.2664,-0.0194,0.0233,-1.3023,1.2745,-0.0245,-0.3388,0.3397,-0.0862,-0.0352,1.0757
32.6500,-0.2269,1.2455,-0.0129,-0.2658,0.2661,-0.0192,0.0233,-1.3022,1.2720,-0.0236,-0.3389,0.3397,-0.0859,-0.0348,1.0757
32.6504,-0.2268,1.2431,-0.0129,-0.2658,0.2661,-0.0191,0.0233,-1.3020,1.2689,-0.0226,-0.3385,0.3392,-0.0849,-0.0333,1.0755
32.6703,-0.2268,1.2413,-0.0123,-0.2655,0.2658,-0.0190,0.0241,-1.3019,1.2666,-0.0214,-0.3389,0.3395,-0.0839,-0.0319,1.0753
32.6705,-0.2268,1.2390,-0.0121,-0.2649,0.2651,-0.0189,0.0244,-1.3016,1.2635,-0.0214,-0.3389,0.3395,-0.0832,-0.0319,1.0751
32.6801,-0.2268,1.2371,-0.0117,-0.2647,0.2650,-0.0188,0.0264,-1.3015,1.2610,-0.0189,-0.3381,0.3386,-0.0821,-0.0282,1.0749
32.6901,-0.2268,1.2349,-0.0114,-0.2643,0.2646,-0.0185,0.0274,-1.3012,1.2581,-0.0179,-0.3378,0.3383,-0.0809,-0.0276,1.0747
32.6904,-0.2268,1.2331,-0.0110,-0.2639,0.2641,-0.0184,0.0279,-1.3011,1.2557,-0.0168,-0.3375,0.3379,-0.0799,-0.0228,1.0745
32.7101,-0.2268,1.2310,-0.0107,-0.2636,0.2638,-0.0182,0.0280,-1.3009,1.2530,-0.0161,-0.3372,0.3376,-0.0787,-0.0200,1.0743
32.7104,-0.2268,1.2291,-0.0102,-0.2629,0.2631,-0.0181,0.0274,-1.3007,1.2507,-0.0150,-0.3368,0.3371,-0.0778,-0.0185,1.0742
32.7203,-0.2267,1.2269,-0.0098,-0.2626,0.2627,-0.0179,0.0278,-1.3004,1.2480,-0.0143,-0.3362,0.3365,-0.0767,-0.0188,1.0739
32.7206,-0.2267,1.2247,-0.0098,-0.2626,0.2627,-0.0176,0.0278,-1.3000,1.2452,-0.0143,-0.3362,0.3365,-0.0754,-0.0188,1.0735
32.7402,-0.2266,1.2228,-0.0089,-0.2620,0.2621,-0.0175,0.0258,-1.2997,1.2429,-0.0122,-0.3356,0.3359,-0.0747,-0.0178,1.0733
32.7405,-0.2265,1.2206,-0.0089,-0.2620,0.2621,-0.0174,0.0258,-1.2993,1.2402,-0.0112,-0.3347,0.3349,-0.0740,-0.0199,1.0729
32.7602,-0.2265,1.2187,-0.0078,-0.2607,0.2608,-0.0171,0.0221,-1.2990,1.2377,-0.0097,-0.3343,0.3344,-0.0737,-0.0218,1.0727
32.7605,-0.2264,1.2166,-0.0078,-0.2607,0.2608,-0.0170,0.0221,-1.2986,1.2352,-0.0097,-0.3343,0.3344,-0.0738,-0.0218,1.0724
32.7800,-0.2263,1.2147,-0.0067,-0.2596,0.2597,-0.0169,0.0150,-1.2983,1.2326,-0.0070,-0.3332,0.3333,-0.0738,-0.0205,1.0722
32.7802,-0.2262,1.2125,-0.0067,-0.2596,0.2597,-0.0165,0.0150,-1.2979,1.2300,-0.0070,-0.3332,0.3333,-0.0740,-0.0205,1.0719
32.7899,-0.2261,1.2107,-0.0058,-0.2589,0.2590,-0.0164,0.0158,-1.2976,1.2275,-0.0042,-0.3323,0.3323,-0.0739,-0.0128,1.0717
32.7904,-0.2260,1.2087,-0.0058,-0.2589,0.2590,-0.0163,0.0158,-1.2973,1.2251,-0.0042,-0.3323,0.3323,-0.0735,-0.0128,1.0715
32.8098,-0.2259,1.2064,-0.0051,-0.2577,0.2578,-0.0162,0.0173,-1.2969,1.2223,-0.0019,-0.3308,0.3308,-0.0728,-0.0066,1.0711
32.8101,-0.2259,1.2045,-0.0051,-0.2577,0.2578,-0.0160,0.0173,-1.2966,1.2200,-0.0005,-0.3304,0.3304,-0.0718,-0.0014,1.0708
32.8302,-0.2258,1.2021,-0.0044,-0.2575,0.2576,-0.0159,0.0256,-1.2961,1.2174,0.0006,-0.3295,0.3295,-0.0706,-0.0001,1.0704
32.8306,-0.2257,1.2002,-0.0044,-0.2575,0.2576,-0.0156,0.0256,-1.2957,1.2151,0.0006,-0.3295,0.3295,-0.0696,-0.0001,1.0701
32.8400,-0.2256,1.1981,-0.0037,-0.2575,0.2575,-0.0151,0.0302,-1.2953,1.2126,0.0032,-0.3281,0.3281,-0.0686,0.0008,1.0698
32.8407,-0.2255,1.1960,-0.0037,-0.2575,0.2575,-0.0147,0.0302,-1.2949,1.2101,0.0044,-0.3266,0.3267,-0.0686,0.0002,1.0695
32.8602,-0.2253,1.1940,-0.0026,-0.2566,0.2566,-0.0144,0.0328,-1.2946,1.2078,0.0057,-0.3262,0.3263,-0.0680,-0.0005,1.0693
32.8606,-0.2251,1.1918,-0.0020,-0.2554,0.2554,-0.0143,0.0289,-1.2942,1.2053,0.0069,-0.3245,0.3246,-0.0675,-0.0007,1.0692
32.8701,-0.2249,1.1898,-0.0014,-0.2558,0.2558,-0.0141,0.0258,-1.2939,1.2028,0.0079,-0.3243,0.3244,-0.0675,-0.0002,1.0690
32.8704,-0.2248,1.1879,-0.0008,-0.2550,0.2550,-0.0142,0.0233,-1.2935,1.2005,0.0079,-0.3243,0.3244,-0.0671,-0.0002,1.0688
32.8902,-0.2246,1.1859,-0.0002,-0.2550,0.2550,-0.0143,0.0227,-1.2931,1.1982,0.0102,-0.3223,0.3224,-0.0668,0.0071,1.0686
32.8904,-0.2244,1.1839,-0.0002,-0.2550,0.2550,-0.0143,0.0227,-1.2927,1.1960,0.0112,-0.3212,0.3214,-0.0662,0.0080,1.0683
32.9100,-0.2242,1.1820,0.0010,-0.2540,0.2540,-0.0143,0.0231,-1.2921,1.1939,0.0124,-0.3198,0.3200,-0.0659,0.0075,1.0680
32.9103,-0.2239,1.1800,0.0010,-0.2540,0.2540,-0.0144,0.0231,-1.2915,1.1917,0.0124,-0.3198,0.3200,-0.0656,0.0075,1.0676
32.9201,-0.2237,1.1780,0.0024,-0.2529,0.2529,-0.0146,0.0205,-1.2909,1.1895,0.0157,-0.3167,0.3171,-0.0656,0.0018,1.0673
32.9205,-0.2234,1.1759,0.0024,-0.2529,0.2529,-0.0150,0.0205,-1.2903,1.1872,0.0157,-0.3167,0.3171,-0.0656,0.0018,1.0669
32.9398,-0.2232,1.1739,0.0038,-0.2517,0.2517,-0.0156,0.0199,-1.2897,1.1849,0.0192,-0.3143,0.3149,-0.0657,0.0009,1.0666
32.9401,-0.2229,1.1718,0.0038,-0.2517,0.2517,-0.0158,0.0199,-1.2892,1.1827,0.0192,-0.3143,0.3149,-0.0658,0.0009,1.0663
32.9498,-0.2227,1.1697,0.0051,-0.2510,0.2511,-0.0162,0.0186,-1.2887,1.1805,0.0222,-0.3121,0.3129,-0.0658,0.0029,1.0660
32.9501,-0.2225,1.1676,0.0051,-0.2510,0.2511,-0.0166,0.0186,-1.2883,1.1782,0.0222,-0.3121,0.3129,-0.0652,0.0029,1.0658
32.9700,-0.2223,1.1655,0.0064,-0.2509,0.2510,-0.0166,0.0208,-1.2878,1.1760,0.0249,-0.3098,0.3108,-0.0645,0.0065,1.0656
32.9702,-0.2219,1.1634,0.0064,-0.2509,0.2510,-0.0167,0.0208,-1.2874,1.1738,0.0249,-0.3098,0.3108,-0.0640,0.0065,1.0655
32.9899,-0.2216,1.1613,0.0077,-0.2508,0.2509,-0.0168,0.0226,-1.2868,1.1715,0.0276,-0.3072,0.3085,-0.0636,0.0071,1.0652
32.9902,-0.2213,1.1593,0.0077,-0.2508,0.2509,-0.0168,0.0226,-1.2862,1.1695,0.0276,-0.3072,0.3085,-0.0633,0.0071,1.0650
33.0001,-0.2210,1.1573,0.0092,-0.2499,0.2501,-0.0171,0.0230,-1.2857,1.1672,0.0305,-0.3046,0.3062,-0.0630,0.0084,1.0648
33.0004,-0.2206,1.1554,0.0092,-0.2499,0.2501,-0.0179,0.0230,-1.2851,1.1651,0.0318,-0.3029,0.3046,-0.0625,0.0081,1.0645
33.0201,-0.2202,1.1536,0.0108,-0.2489,0.2491,-0.0186,0.0207,-1.2846,1.1630,0.0332,-0.3018,0.3037,-0.0620,0.0093,1.0644
33.0205,-0.2198,1.1516,0.0108,-0.2489,0.2491,-0.0195,0.0207,-1.2840,1.1609,0.0344,-0.2999,0.3019,-0.0617,0.0104,1.0642
33.0401,-0.2194,1.1496,0.0127,-0.2478,0.2481,-0.0207,0.0161,-1.2835,1.1588,0.0358,-0.2987,0.3009,-0.0611,0.0097,1.0641
33.0404,-0.2190,1.1475,0.0137,-0.2475,0.2479,-0.0218,0.0158,-1.2829,1.1566,0.0370,-0.2973,0.2996,-0.0608,0.0095,1.0639
33.0599,-0.2186,1.1455,0.0147,-0.2473,0.2478,-0.0232,0.0174,-1.2823,1.1546,0.0383,-0.2960,0.2985,-0.0607,0.0093,1.0637
33.0601,-0.2183,1.1435,0.0147,-0.2473,0.2478,-0.0237,0.0174,-1.2817,1.1526,0.0395,-0.2942,0.2968,-0.0608,0.0093,1.0635
33.0698,-0.2178,1.1415,0.0165,-0.2466,0.2471,-0.0243,0.0184,-1.2812,1.1505,0.0407,-0.2926,0.2954,-0.0607,0.0091,1.0634
33.0700,-0.2174,1.1395,0.0165,-0.2466,0.2471,-0.0249,0.0184,-1.2807,1.1485,0.0407,-0.2926,0.2954,-0.0606,0.0091,1.0634
33.0901,-0.2169,1.1376,0.0184,-0.2458,0.2464,-0.0259,0.0194,-1.2802,1.1464,0.0431,-0.2894,0.2926,-0.0606,0.0084,1.0634
33.0904,-0.2164,1.1358,0.0184,-0.2458,0.2464,-0.0266,0.0194,-1.2798,1.1444,0.0431,-0.2894,0.2926,-0.0605,0.0084,1.0634
33.0998,-0.2160,1.1339,0.0206,-0.2445,0.2453,-0.0274,0.0184,-1.2792,1.1424,0.0453,-0.2865,0.2900,-0.0602,0.0060,1.0633
33.1000,-0.2156,1.1320,0.0206,-0.2445,0.2453,-0.0279,0.0184,-1.2786,1.1403,0.0463,-0.2854,0.2892,-0.0601,0.0057,1.0630
33.1201,-0.2152,1.1300,0.0224,-0.2435,0.2446,-0.0287,0.0137,-1.2779,1.1382,0.0475,-0.2844,0.2883,-0.0599,0.0065,1.0627
33.1204,-0.2147,1.1281,0.0234,-0.2436,0.2447,-0.0294,0.0106,-1.2772,1.1361,0.0489,-0.2837,0.2879,-0.0597,0.0073,1.0625
33.1401,-0.2142,1.1262,0.0244,-0.2429,0.2441,-0.0301,0.0086,-1.2764,1.1341,0.0504,-0.2822,0.2867,-0.0596,0.0089,1.0623
33.1404,-0.2137,1.1245,0.0244,-0.2429,0.2441,-0.0306,0.0086,-1.2759,1.1324,0.0504,-0.2822,0.2867,-0.0594,0.0089,1.0622
33.1603,-0.2130,1.1224,0.0263,-0.2419,0.2433,-0.0315,0.0063,-1.2751,1.1302,0.0526,-0.2792,0.2841,-0.0593,0.0092,1.0621
33.1605,-0.2125,1.1206,0.0277,-0.2415,0.2431,-0.0320,0.0069,-1.2745,1.1285,0.0538,-0.2774,0.2826,-0.0592,0.0094,1.0620
33.1701,-0.2118,1.1187,0.0287,-0.2415,0.2432,-0.0327,0.0074,-1.2737,1.1265,0.0548,-0.2762,0.2816,-0.0592,0.0092,1.0619
33.1704,-0.2113,1.1170,0.0287,-0.2415,0.2432,-0.0331,0.0074,-1.2730,1.1246,0.0548,-0.2762,0.2816,-0.0593,0.0092,1.0618
33.1900,-0.2100,1.1133,0.0310,-0.2403,0.2423,-0.0339,0.0069,-1.2723,1.1225,0.0568,-0.2727,0.2786,-0.0592,0.0072,1.0623
33.1903,-0.2100,1.1133,0.0310,-0.2403,0.2423,-0.0339,0.0069,-1.2718,1.1207,0.0568,-0.2727,0.2786,-0.0593,0.0072,1.0618
33.2001,-0.2094,1.1114,0.0335,-0.2396,0.2420,-0.0343,0.0062,-1.2713,1.1188,0.0586,-0.2700,0.2763,-0.0593,-0.0003,1.0619
33.2004,-0.2086,1.1093,0.0335,-0.2396,0.2420,-0.0350,0.0062,-1.2707,1.1167,0.0586,-0.2700,0.2763,-0.0593,-0.0003,1.0621
33.2200,-0.2080,1.1076,0.0363,-0.2396,0.2423,-0.0357,0.0061,-1.2701,1.1149,0.0601,-0.2679,0.2746,-0.0593,-0.0033,1.0622
33.2204,-0.2073,1.1057,0.0363,-0.2396,0.2423,-0.0368,0.0061,-1.2695,1.1129,0.0601,-0.2679,0.2746,-0.0591,-0.0033,1.0622
33.2403,-0.2067,1.1037,0.0387,-0.2379,0.2410,-0.0377,0.0044,-1.2689,1.1109,0.0610,-0.2646,0.2715,-0.0589,-0.0031,1.0622
33.2406,-0.2062,1.1018,0.0387,-0.2379,0.2410,-0.0386,0.0044,-1.2681,1.1087,0.0617,-0.2641,0.2712,-0.0585,0.0013,1.0619
33.2503,-0.2052,1.0980,0.0414,-0.2372,0.2408,-0.0397,0.0027,-1.2675,1.1070,0.0624,-0.2629,0.2702,-0.0580,0.0051,1.0623
33.2506,-0.2052,1.0980,0.0414,-0.2372,0.2408,-0.0397,0.0027,-1.2666,1.1048,0.0630,-0.2615,0.2690,-0.0575,0.0074,1.0614
33.2701,-0.2047,1.0962,0.0423,-0.2372,0.2410,-0.0400,0.0019,-1.2657,1.1028,0.0640,-0.2606,0.2684,-0.0565,0.0077,1.0611
33.2705,-0.2041,1.0942,0.0431,-0.2371,0.2409,-0.0404,0.0015,-1.2648,1.1007,0.0651,-0.2596,0.2676,-0.0554,0.0091,1.0607
33.2899,-0.2034,1.0925,0.0442,-0.2367,0.2408,-0.0410,0.0010,-1.2640,1.0988,0.0663,-0.2585,0.2669,-0.0545,0.0070,1.0606
33.2904,-0.2026,1.0907,0.0442,-0.2367,0.2408,-0.0417,0.0010,-1.2632,1.0967,0.0663,-0.2585,0.2669,-0.0537,0.0070,1.0606
33.3001,-0.2018,1.0887,0.0467,-0.2361,0.2407,-0.0433,0.0003,-1.2624,1.0946,0.0683,-0.2568,0.2657,-0.0523,0.0106,1.0606
33.3006,-0.2011,1.0869,0.0467,-0.2361,0.2407,-0.0438,0.0003,-1.2617,1.0926,0.0683,-0.2568,0.2657,-0.0516,0.0106,1.0606
33.3201,-0.2004,1.0848,0.0495,-0.2351,0.2403,-0.0449,-0.0023,-1.2608,1.0904,0.0698,-0.2548,0.2642,-0.0507,0.0146,1.0605
33.3205,-0.1998,1.0830,0.0509,-0.2346,0.2400,-0.0457,-0.0037,-1.2602,1.0885,0.0706,-0.2540,0.2636,-0.0499,0.0203,1.0604
33.3402,-0.1991,1.0808,0.0518,-0.2344,0.2400,-0.0462,-0.0012,-1.2593,1.0863,0.0711,-0.2532,0.2630,-0.0486,0.0234,1.0602
33.3406,-0.1985,1.0790,0.0518,-0.2344,0.2400,-0.0465,-0.0012,-1.2585,1.0844,0.0711,-0.2532,0.2630,-0.0474,0.0234,1.0600
33.3499,-0.1977,1.0769,0.0539,-0.2338,0.2400,-0.0471,0.0147,-1.2574,1.0820,0.0727,-0.2515,0.2618,-0.0451,0.0353,1.0597
33.3501,-0.1970,1.0751,0.0539,-0.2338,0.2400,-0.0472,0.0147,-1.2566,1.0801,0.0727,-0.2515,0.2618,-0.0439,0.0353,1.0596
33.3702,-0.1962,1.0733,0.0562,-0.2334,0.2401,-0.0472,0.0271,-1.2556,1.0782,0.0753,-0.2503,0.2614,-0.0430,0.0390,1.0593
33.3706,-0.1953,1.0713,0.0562,-0.2334,0.2401,-0.0474,0.0271,-1.2544,1.0761,0.0753,-0.2503,0.2614,-0.0424,0.0390,1.0591
33.3902,-0.1944,1.0693,0.0589,-0.2331,0.2404,-0.0475,0.0269,-1.2533,1.0742,0.0782,-0.2487,0.2607,-0.0416,0.0342,1.0589
33.3907,-0.1936,1.0676,0.0589,-0.2331,0.2404,-0.0475,0.0269,-1.2522,1.0723,0.0782,-0.2487,0.2607,-0.0406,0.0342,1.0586
33.4003,-0.1930,1.0659,0.0615,-0.2328,0.2408,-0.0477,0.0273,-1.2513,1.0706,0.0809,-0.2473,0.2602,-0.0397,0.0341,1.0583
33.4007,-0.1920,1.0640,0.0615,-0.2328,0.2408,-0.0478,0.0273,-1.2502,1.0685,0.0809,-0.2473,0.2602,-0.0381,0.0341,1.0582
33.4202,-0.1913,1.0623,0.0638,-0.2320,0.2406,-0.0478,0.0330,-1.2492,1.0667,0.0826,-0.2463,0.2598,-0.0367,0.0408,1.0579
33.4206,-0.1905,1.0602,0.0638,-0.2320,0.2406,-0.0483,0.0330,-1.2481,1.0646,0.0833,-0.2455,0.2593,-0.0356,0.0446,1.0576
33.4404,-0.1898,1.0586,0.0658,-0.2314,0.2406,-0.0486,0.0327,-1.2472,1.0628,0.0843,-0.2453,0.2593,-0.0345,0.0465,1.0575
33.4408,-0.1889,1.0568,0.0658,-0.2314,0.2406,-0.0491,0.0327,-1.2462,1.0607,0.0850,-0.2443,0.2587,-0.0337,0.0470,1.0573
33.4501,-0.1879,1.0550,0.0681,-0.2299,0.2398,-0.0495,0.0267,-1.2451,1.0587,0.0861,-0.2440,0.2587,-0.0328,0.0496,1.0572
33.4505,-0.1869,1.0533,0.0681,-0.2299,0.2398,-0.0501,0.0267,-1.2440,1.0568,0.0861,-0.2440,0.2587,-0.0318,0.0496,1.0571
33.4701,-0.1859,1.0514,0.0711,-0.2285,0.2394,-0.0508,0.0183,-1.2427,1.0547,0.0886,-0.2429,0.2585,-0.0304,0.0573,1.0568
33.4705,-0.1849,1.0496,0.0711,-0.2285,0.2394,-0.0513,0.0183,-1.2414,1.0527,0.0886,-0.2429,0.2585,-0.0296,0.0573,1.0565
33.4900,-0.1841,1.0477,0.0741,-0.2277,0.2395,-0.0517,0.0134,-1.2402,1.0509,0.0919,-0.2422,0.2590,-0.0287,0.0660,1.0561
33.4903,-0.1834,1.0459,0.0741,-0.2277,0.2395,-0.0518,0.0134,-1.2391,1.0491,0.0919,-0.2422,0.2590,-0.0282,0.0660,1.0557
33.4999,-0.1826,1.0437,0.0758,-0.2268,0.2391,-0.0519,0.0122,-1.2377,1.0470,0.0943,-0.2406,0.2584,-0.0269,0.0672,1.0552
33.5001,-0.1820,1.0419,0.0758,-0.2268,0.2391,-0.0519,0.0122,-1.2367,1.0454,0.0943,-0.2406,0.2584,-0.0257,0.0672,1.0547
33.5200,-0.1814,1.0401,0.0772,-0.2269,0.2397,-0.0517,0.0177,-1.2354,1.0435,0.0968,-0.2394,0.2582,-0.0250,0.0681,1.0541
33.5203,-0.1806,1.0381,0.0778,-0.2270,0.2400,-0.0517,0.0218,-1.2342,1.0416,0.0983,-0.2391,0.2585,-0.0250,0.0672,1.0535
33.5400,-0.1797,1.0362,0.0784,-0.2269,0.2401,-0.0510,0.0267,-1.2330,1.0397,0.0997,-0.2386,0.2586,-0.0251,0.0671,1.0533
33.5403,-0.1788,1.0345,0.0784,-0.2269,0.2401,-0.0504,0.0267,-1.2319,1.0377,0.0997,-0.2386,0.2586,-0.0251,0.0671,1.0531
33.5499,-0.1776,1.0324,0.0805,-0.2261,0.2400,-0.0500,0.0361,-1.2307,1.0356,0.1019,-0.2377,0.2586,-0.0254,0.0688,1.0531
33.5502,-0.1765,1.0305,0.0821,-0.2263,0.2407,-0.0497,0.0388,-1.2296,1.0337,0.1019,-0.2377,0.2586,-0.0256,0.0688,1.0531
33.5698,-0.1756,1.0288,0.0835,-0.2260,0.2409,-0.0495,0.0392,-1.2287,1.0319,0.1042,-0.2378,0.2597,-0.0257,0.0761,1.0531
33.5701,-0.1744,1.0267,0.0835,-0.2260,0.2409,-0.0494,0.0392,-1.2275,1.0297,0.1042,-0.2378,0.2597,-0.0258,0.0761,1.0531
33.5797,-0.1734,1.0249,0.0859,-0.2257,0.2415,-0.0492,0.0384,-1.2264,1.0280,0.1066,-0.2376,0.2604,-0.0258,0.0763,1.0530
33.5799,-0.1722,1.0229,0.0859,-0.2257,0.2415,-0.0487,0.0384,-1.2251,1.0259,0.1066,-0.2376,0.2604,-0.0258,0.0763,1.0529
33.6001,-0.1710,1.0208,0.0885,-0.2260,0.2427,-0.0484,0.0402,-1.2237,1.0240,0.1094,-0.2371,0.2611,-0.0259,0.0800,1.0528
33.6004,-0.1698,1.0189,0.0885,-0.2260,0.2427,-0.0481,0.0402,-1.2222,1.0220,0.1094,-0.2371,0.2611,-0.0259,0.0800,1.0524
33.6200,-0.1686,1.0169,0.0917,-0.2263,0.2442,-0.0476,0.0474,-1.2207,1.0201,0.1128,-0.2366,0.2621,-0.0261,0.0818,1.0521
33.6203,-0.1673,1.0149,0.0917,-0.2263,0.2442,-0.0471,0.0474,-1.2190,1.0180,0.1128,-0.2366,0.2621,-0.0266,0.0818,1.0517
33.6401,-0.1662,1.0130,0.0947,-0.2263,0.2454,-0.0464,0.0541,-1.2176,1.0161,0.1162,-0.2362,0.2633,-0.0278,0.0839,1.0514
33.6403,-0.1652,1.0111,0.0947,-0.2263,0.2454,-0.0458,0.0541,-1.2166,1.0143,0.1162,-0.2362,0.2633,-0.0286,0.0839,1.0514
33.6502,-0.1641,1.0090,0.0970,-0.2268,0.2467,-0.0452,0.0576,-1.2155,1.0121,0.1186,-0.2362,0.2644,-0.0301,0.0839,1.0514
33.6505,-0.1635,1.0075,0.0970,-0.2268,0.2467,-0.0449,0.0576,-1.2150,1.0106,0.1186,-0.2362,0.2644,-0.0313,0.0839,1.0516
33.6700,-0.1624,1.0053,0.0980,-0.2261,0.2464,-0.0444,0.0571,-1.2145,1.0084,0.1188,-0.2357,0.2639,-0.0347,0.0844,1.0521
33.6703,-0.1615,1.0035,0.0980,-0.2261,0.2464,-0.0441,0.0571,-1.2141,1.0066,0.1188,-0.2357,0.2639,-0.0375,0.0844,1.0526
33.6801,-0.1604,1.0014,0.0996,-0.2269,0.2478,-0.0437,0.0614,-1.2137,1.0047,0.1178,-0.2360,0.2638,-0.0415,0.0911,1.0532
33.6804,-0.1595,0.9997,0.0996,-0.2269,0.2478,-0.0434,0.0614,-1.2133,1.0030,0.1173,-0.2357,0.2632,-0.0447,0.0943,1.0538
33.7003,-0.1583,0.9978,0.1011,-0.2271,0.2486,-0.0430,0.0632,-1.2128,1.0013,0.1170,-0.2353,0.2628,-0.0484,0.0969,1.0545
33.7005,-0.1570,0.9957,0.1011,-0.2271,0.2486,-0.0424,0.0632,-1.2123,0.9997,0.1170,-0.2353,0.2628,-0.0529,0.0969,1.0553
33.7203,-0.1560,0.9939,0.1032,-0.2272,0.2495,-0.0415,0.0637,-1.2119,0.9984,0.1168,-0.2340,0.2615,-0.0563,0.1037,1.0559
33.7206,-0.1549,0.9920,0.1040,-0.2274,0.2501,-0.0406,0.0657,-1.2115,0.9969,0.1165,-0.2331,0.2606,-0.0603,0.1048,1.0566
33.7300,-0.1539,0.9900,0.1048,-0.2275,0.2505,-0.0393,0.0672,-1.2110,0.9954,0.1161,-0.2322,0.2596,-0.0636,0.1050,1.0571
33.7399,-0.1529,0.9878,0.1056,-0.2275,0.2508,-0.0368,0.0677,-1.2104,0.9936,0.1156,-0.2310,0.2583,-0.0667,0.1051,1.0576
33.7401,-0.1521,0.9861,0.1056,-0.2275,0.2508,-0.0351,0.0677,-1.2099,0.9922,0.1156,-0.2310,0.2583,-0.0681,0.1051,1.0578
33.7602,-0.1512,0.9841,0.1073,-0.2280,0.2519,-0.0333,0.0693,-1.2092,0.9904,0.1150,-0.2296,0.2568,-0.0705,0.0995,1.0580
33.7604,-0.1503,0.9823,0.1073,-0.2280,0.2519,-0.0322,0.0693,-1.2085,0.9888,0.1150,-0.2296,0.2568,-0.0734,0.0995,1.0583
33.7701,-0.1494,0.9805,0.1088,-0.2278,0.2525,-0.0310,0.0697,-1.2080,0.9872,0.1144,-0.2282,0.2553,-0.0762,0.0966,1.0586
33.7704,-0.1484,0.9786,0.1088,-0.2278,0.2525,-0.0301,0.0697,-1.2074,0.9853,0.1136,-0.2271,0.2539,-0.0791,0.0951,1.0590
33.7903,-0.1474,0.9769,0.1100,-0.2277,0.2529,-0.0293,0.0697,-1.2069,0.9838,0.1133,-0.2270,0.2537,-0.0813,0.0944,1.0595
33.7906,-0.1462,0.9749,0.1100,-0.2277,0.2529,-0.0281,0.0697,-1.2063,0.9821,0.1126,-0.2258,0.2523,-0.0840,0.0917,1.0601
33.8100,-0.1452,0.9731,0.1111,-0.2276,0.2533,-0.0274,0.0702,-1.2057,0.9806,0.1121,-0.2250,0.2514,-0.0855,0.0893,1.0606
33.8104,-0.1441,0.9713,0.1118,-0.2276,0.2536,-0.0262,0.0701,-1.2050,0.9789,0.1119,-0.2240,0.2504,-0.0865,0.0876,1.0609
33.8202,-0.1432,0.9696,0.1125,-0.2271,0.2535,-0.0252,0.0697,-1.2043,0.9774,0.1116,-0.2229,0.2493,-0.0867,0.0843,1.0611
33.8206,-0.1420,0.9674,0.1125,-0.2271,0.2535,-0.0243,0.0697,-1.2032,0.9755,0.1118,-0.2223,0.2488,-0.0868,0.0818,1.0612
33.8400,-0.1411,0.9657,0.1141,-0.2267,0.2538,-0.0231,0.0534,-1.2023,0.9740,0.1121,-0.2215,0.2483,-0.0873,0.0735,1.0612
33.8403,-0.1402,0.9640,0.1141,-0.2267,0.2538,-0.0219,0.0534,-1.2015,0.9723,0.1121,-0.2215,0.2483,-0.0877,0.0735,1.0613
33.8600,-0.1392,0.9622,0.1150,-0.2259,0.2534,-0.0205,0.0400,-1.2006,0.9707,0.1119,-0.2195,0.2464,-0.0885,0.0694,1.0614
33.8605,-0.1380,0.9602,0.1150,-0.2259,0.2534,-0.0183,0.0400,-1.1997,0.9687,0.1119,-0.2195,0.2464,-0.0890,0.0694,1.0617
33.8802,-0.1367,0.9583,0.1165,-0.2262,0.2544,-0.0169,0.0360,-1.1988,0.9669,0.1117,-0.2190,0.2458,-0.0894,0.0678,1.0621
33.8805,-0.1357,0.9565,0.1165,-0.2262,0.2544,-0.0156,0.0360,-1.1981,0.9653,0.1112,-0.2185,0.2451,-0.0894,0.0672,1.0625
33.8901,-0.1346,0.9548,0.1175,-0.2256,0.2543,-0.0140,0.0394,-1.1973,0.9635,0.1103,-0.2179,0.2442,-0.0891,0.0670,1.0628
33.8905,-0.1334,0.9530,0.1175,-0.2256,0.2543,-0.0123,0.0394,-1.1963,0.9616,0.1098,-0.2177,0.2438,-0.0890,0.0670,1.0630
33.9103,-0.1322,0.9511,0.1192,-0.2259,0.2555,-0.0108,0.0399,-1.1953,0.9598,0.1099,-0.2179,0.2440,-0.0882,0.0674,1.0631
33.9106,-0.1312,0.9495,0.1196,-0.2257,0.2555,-0.0089,0.0376,-1.1943,0.9580,0.1099,-0.2175,0.2437,-0.0876,0.0678,1.0631
33.9302,-0.1300,0.9474,0.1202,-0.2256,0.2556,-0.0065,0.0364,-1.1932,0.9558,0.1098,-0.2174,0.2436,-0.0867,0.0680,1.0632
33.9307,-0.1291,0.9458,0.1202,-0.2256,0.2556,-0.0041,0.0364,-1.1924,0.9542,0.1098,-0.2174,0.2436,-0.0859,0.0680,1.0633
33.9400,-0.1280,0.9441,0.1214,-0.2256,0.2562,-0.0020,0.0412,-1.1914,0.9523,0.1097,-0.2172,0.2434,-0.0846,0.0653,1.0634
33.9403,-0.1268,0.9421,0.1214,-0.2256,0.2562,0.0004,0.0412,-1.1901,0.9503,0.1097,-0.2172,0.2434,-0.0832,0.0653,1.0634
33.9600,-0.1257,0.9406,0.1223,-0.2257,0.2567,0.0024,0.0486,-1.1891,0.9486,0.1098,-0.2167,0.2430,-0.0820,0.0597,1.0634
33.9604,-0.1243,0.9388,0.1223,-0.2257,0.2567,0.0045,0.0486,-1.1878,0.9465,0.1099,-0.2164,0.2427,-0.0807,0.0549,1.0635
33.9697,-0.1231,0.9372,0.1231,-0.2253,0.2567,0.0064,0.0543,-1.1868,0.9447,0.1097,-0.2163,0.2425,-0.0793,0.0490,1.0637
33.9700,-0.1219,0.9357,0.1231,-0.2253,0.2567,0.0078,0.0543,-1.1858,0.9429,0.1097,-0.2163,0.2425,-0.0778,0.0490,1.0639
33.9899,-0.1205,0.9338,0.1244,-0.2242,0.2563,0.0091,0.0562,-1.1848,0.9409,0.1088,-0.2161,0.2420,-0.0757,0.0416,1.0643
34.0001,-0.1191,0.9319,0.1258,-0.2243,0.2572,0.0112,0.0556,-1.1837,0.9388,0.1087,-0.2164,0.2422,-0.0726,0.0345,1.0646
34.0006,-0.1181,0.9304,0.1258,-0.2243,0.2572,0.0128,0.0556,-1.1829,0.9373,0.1081,-0.2164,0.2420,-0.0709,0.0248,1.0649
34.0200,-0.1169,0.9286,0.1278,-0.2230,0.2570,0.0148,0.0524,-1.1820,0.9353,0.1075,-0.2162,0.2414,-0.0695,0.0185,1.0651
34.0204,-0.1157,0.9268,0.1290,-0.2230,0.2577,0.0169,0.0486,-1.1812,0.9334,0.1069,-0.2165,0.2414,-0.0684,0.0155,1.0656
34.0300,-0.1145,0.9250,0.1299,-0.2227,0.2578,0.0188,0.0465,-1.1804,0.9313,0.1059,-0.2165,0.2410,-0.0666,0.0140,1.0659
34.0303,-0.1132,0.9232,0.1299,-0.2227,0.2578,0.0212,0.0465,-1.1796,0.9294,0.1059,-0.2165,0.2410,-0.0653,0.0140,1.0664
34.0500,-0.1119,0.9215,0.1312,-0.2226,0.2583,0.0237,0.0367,-1.1787,0.9276,0.1047,-0.2168,0.2407,-0.0634,0.0106,1.0668
34.0502,-0.1107,0.9199,0.1312,-0.2226,0.2583,0.0264,0.0367,-1.1777,0.9258,0.1047,-0.2168,0.2407,-0.0607,0.0106,1.0670
34.0701,-0.1082,0.9166,0.1316,-0.2213,0.2575,0.0305,0.0328,-1.1766,0.9242,0.1038,-0.2157,0.2394,-0.0591,-0.0057,1.0685
34.0703,-0.1082,0.9166,0.1316,-0.2213,0.2575,0.0305,0.0328,-1.1752,0.9224,0.1041,-0.2155,0.2393,-0.0573,-0.0149,1.0671
34.0799,-0.1054,0.9132,0.1325,-0.2202,0.2569,0.0363,0.0321,-1.1739,0.9208,0.1044,-0.2145,0.2386,-0.0565,-0.0201,1.0685
34.0802,-0.1054,0.9132,0.1325,-0.2202,0.2569,0.0363,0.0321,-1.1725,0.9189,0.1044,-0.2145,0.2386,-0.0560,-0.0201,1.0671
34.1001,-0.1041,0.9116,0.1335,-0.2193,0.2567,0.0383,0.0274,-1.1714,0.9172,0.1051,-0.2140,0.2384,-0.0557,-0.0268,1.0673
34.1004,-0.1028,0.9101,0.1335,-0.2193,0.2567,0.0406,0.0274,-1.1704,0.9155,0.1051,-0.2140,0.2384,-0.0552,-0.0268,1.0676
34.1200,-0.1015,0.9084,0.1340,-0.2176,0.2556,0.0428,0.0227,-1.1695,0.9135,0.1036,-0.2131,0.2369,-0.0546,-0.0337,1.0680
34.1203,-0.1004,0.9068,0.1340,-0.2176,0.2556,0.0450,0.0227,-1.1686,0.9116,0.1036,-0.2131,0.2369,-0.0538,-0.0337,1.0682
34.1300,-0.0990,0.9049,0.1340,-0.2163,0.2544,0.0483,0.0165,-1.1674,0.9095,0.1010,-0.2128,0.2355,-0.0522,-0.0412,1.0684
34.1303,-0.0979,0.9033,0.1340,-0.2163,0.2544,0.0501,0.0165,-1.1663,0.9077,0.1005,-0.2132,0.2357,-0.0506,-0.0418,1.0684
34.1502,-0.0967,0.9018,0.1347,-0.2157,0.2543,0.0517,0.0098,-1.1652,0.9060,0.1005,-0.2131,0.2357,-0.0489,-0.0421,1.0685
34.1506,-0.0954,0.9004,0.1347,-0.2157,0.2543,0.0542,0.0098,-1.1638,0.9042,0.1007,-0.2123,0.2349,-0.0466,-0.0422,1.0685
34.1600,-0.0936,0.8985,0.1362,-0.2143,0.2540,0.0573,0.0061,-1.1621,0.9021,0.1024,-0.2128,0.2362,-0.0438,-0.0420,1.0685
34.1603,-0.0921,0.8970,0.1362,-0.2143,0.2540,0.0591,0.0061,-1.1607,0.9003,0.1024,-0.2128,0.2362,-0.0419,-0.0420,1.0687
34.1800,-0.0905,0.8954,0.1389,-0.2130,0.2543,0.0607,0.0022,-1.1594,0.8984,0.1067,-0.2126,0.2379,-0.0403,-0.0453,1.0689
34.1804,-0.0892,0.8938,0.1389,-0.2130,0.2543,0.0622,0.0022,-1.1582,0.8965,0.1085,-0.2125,0.2386,-0.0390,-0.0476,1.0691
34.2001,-0.0878,0.8922,0.1406,-0.2118,0.2542,0.0639,-0.0008,-1.1572,0.8947,0.1101,-0.2130,0.2398,-0.0375,-0.0500,1.0693
34.2004,-0.0865,0.8906,0.1406,-0.2118,0.2542,0.0656,-0.0008,-1.1561,0.8927,0.1113,-0.2134,0.2407,-0.0356,-0.0524,1.0696
34.2100,-0.0854,0.8892,0.1410,-0.2103,0.2532,0.0672,0.0004,-1.1552,0.8910,0.1123,-0.2141,0.2417,-0.0341,-0.0524,1.0698
34.2103,-0.0837,0.8875,0.1410,-0.2103,0.2532,0.0696,0.0004,-1.1538,0.8888,0.1123,-0.2141,0.2417,-0.0317,-0.0524,1.0701
34.2301,-0.0822,0.8861,0.1424,-0.2090,0.2529,0.0706,0.0022,-1.1525,0.8870,0.1153,-0.2161,0.2449,-0.0300,-0.0498,1.0703
34.2304,-0.0806,0.8847,0.1435,-0.2078,0.2525,0.0716,0.0022,-1.1509,0.8850,0.1171,-0.2167,0.2464,-0.0281,-0.0473,1.0703
34.2499,-0.0792,0.8835,0.1446,-0.2063,0.2519,0.0728,0.0004,-1.1496,0.8834,0.1190,-0.2172,0.2477,-0.0252,-0.0424,1.0704
34.2503,-0.0774,0.8820,0.1446,-0.2063,0.2519,0.0737,0.0004,-1.1479,0.8815,0.1190,-0.2172,0.2477,-0.0219,-0.0424,1.0705
34.2601,-0.0759,0.8806,0.1474,-0.2041,0.2518,0.0749,-0.0045,-1.1464,0.8797,0.1225,-0.2179,0.2499,-0.0199,-0.0389,1.0705
34.2604,-0.0743,0.8791,0.1474,-0.2041,0.2518,0.0760,-0.0045,-1.1448,0.8778,0.1225,-0.2179,0.2499,-0.0173,-0.0389,1.0705
34.2801,-0.0728,0.8777,0.1502,-0.2027,0.2523,0.0768,-0.0078,-1.1434,0.8759,0.1263,-0.2187,0.2525,-0.0146,-0.0396,1.0706
34.2805,-0.0714,0.8766,0.1502,-0.2027,0.2523,0.0777,-0.0078,-1.1422,0.8744,0.1263,-0.2187,0.2525,-0.0130,-0.0396,1.0708
34.3002,-0.0695,0.8749,0.1519,-0.2005,0.2516,0.0787,-0.0036,-1.1402,0.8721,0.1294,-0.2189,0.2542,-0.0104,-0.0424,1.0707
34.3006,-0.0681,0.8737,0.1519,-0.2005,0.2516,0.0792,-0.0036,-1.1388,0.8705,0.1294,-0.2189,0.2542,-0.0086,-0.0424,1.0707
34.3097,-0.0663,0.8723,0.1542,-0.1988,0.2516,0.0799,0.0002,-1.1368,0.8685,0.1338,-0.2202,0.2577,-0.0063,-0.0423,1.0706
34.3099,-0.0648,0.8711,0.1542,-0.1988,0.2516,0.0805,0.0002,-1.1351,0.8668,0.1338,-0.2202,0.2577,-0.0040,-0.0423,1.0703
34.3300,-0.0631,0.8698,0.1569,-0.1970,0.2518,0.0809,0.0004,-1.1330,0.8651,0.1384,-0.2211,0.2608,-0.0026,-0.0415,1.0700
34.3305,-0.0616,0.8687,0.1579,-0.1952,0.2511,0.0815,-0.0008,-1.1314,0.8636,0.1403,-0.2208,0.2616,-0.0011,-0.0422,1.0698
34.3502,-0.0601,0.8676,0.1590,-0.1940,0.2508,0.0827,-0.0021,-1.1297,0.8620,0.1419,-0.2208,0.2625,-0.0001,-0.0440,1.0696
34.3506,-0.0583,0.8664,0.1590,-0.1940,0.2508,0.0840,-0.0021,-1.1278,0.8601,0.1419,-0.2208,0.2625,0.0008,-0.0440,1.0696
34.3604,-0.0565,0.8654,0.1619,-0.1916,0.2508,0.0849,-0.0046,-1.1263,0.8585,0.1456,-0.2211,0.2648,0.0016,-0.0460,1.0699
34.3607,-0.0546,0.8643,0.1619,-0.1916,0.2508,0.0857,-0.0046,-1.1248,0.8566,0.1456,-0.2211,0.2648,0.0027,-0.0460,1.0702
34.3803,-0.0530,0.8634,0.1643,-0.1880,0.2496,0.0860,-0.0107,-1.1235,0.8551,0.1481,-0.2205,0.2657,0.0032,-0.0471,1.0705
34.3807,-0.0511,0.8621,0.1643,-0.1880,0.2496,0.0865,-0.0107,-1.1217,0.8530,0.1481,-0.2205,0.2657,0.0039,-0.0471,1.0707
34.4006,-0.0494,0.8610,0.1671,-0.1855,0.2496,0.0865,-0.0175,-1.1202,0.8514,0.1512,-0.2209,0.2677,0.0049,-0.0454,1.0708
34.4012,-0.0477,0.8598,0.1679,-0.1840,0.2491,0.0862,-0.0182,-1.1186,0.8497,0.1523,-0.2204,0.2679,0.0057,-0.0440,1.0709
34.4099,-0.0462,0.8587,0.1691,-0.1827,0.2489,0.0862,-0.0190,-1.1168,0.8481,0.1534,-0.2201,0.2683,0.0064,-0.0433,1.0707
34.4102,-0.0445,0.8576,0.1691,-0.1827,0.2489,0.0862,-0.0190,-1.1150,0.8465,0.1534,-0.2201,0.2683,0.0076,-0.0433,1.0706
34.4306,-0.0427,0.8565,0.1711,-0.1797,0.2481,0.0861,-0.0212,-1.1132,0.8450,0.1563,-0.2185,0.2687,0.0094,-0.0440,1.0706
34.4311,-0.0408,0.8555,0.1728,-0.1786,0.2485,0.0860,-0.0238,-1.1111,0.8435,0.1584,-0.2183,0.2697,0.0106,-0.0474,1.0704
34.4402,-0.0389,0.8544,0.1744,-0.1772,0.2486,0.0853,-0.0263,-1.1091,0.8419,0.1605,-0.2177,0.2705,0.0118,-0.0538,1.0703
34.4406,-0.0370,0.8532,0.1758,-0.1755,0.2484,0.0840,-0.0290,-1.1071,0.8402,0.1622,-0.2168,0.2708,0.0133,-0.0562,1.0702
34.4602,-0.0351,0.8522,0.1774,-0.1747,0.2490,0.0830,-0.0308,-1.1051,0.8386,0.1640,-0.2167,0.2718,0.0138,-0.0582,1.0701
34.4607,-0.0336,0.8512,0.1784,-0.1733,0.2487,0.0821,-0.0321,-1.1034,0.8371,0.1653,-0.2158,0.2718,0.0145,-0.0600,1.0700
34.4803,-0.0317,0.8499,0.1791,-0.1721,0.2484,0.0808,-0.0321,-1.1016,0.8353,0.1667,-0.2151,0.2721,0.0156,-0.0588,1.0700
34.4808,-0.0301,0.8490,0.1791,-0.1721,0.2484,0.0801,-0.0321,-1.1000,0.8339,0.1667,-0.2151,0.2721,0.0165,-0.0588,1.0700
34.4902,-0.0282,0.8477,0.1807,-0.1696,0.2479,0.0793,-0.0338,-1.0979,0.8321,0.1696,-0.2140,0.2731,0.0181,-0.0485,1.0699
34.4907,-0.0263,0.8466,0.1807,-0.1696,0.2479,0.0785,-0.0338,-1.0961,0.8304,0.1714,-0.2135,0.2738,0.0204,-0.0380,1.0698
34.5102,-0.0244,0.8456,0.1835,-0.1676,0.2485,0.0778,-0.0365,-1.0941,0.8289,0.1737,-0.2137,0.2754,0.0216,-0.0325,1.0698
34.5108,-0.0226,0.8446,0.1835,-0.1676,0.2485,0.0773,-0.0365,-1.0921,0.8274,0.1737,-0.2137,0.2754,0.0227,-0.0325,1.0697
34.5301,-0.0205,0.8436,0.1862,-0.1643,0.2483,0.0763,-0.0389,-1.0901,0.8258,0.1782,-0.2120,0.2769,0.0241,-0.0267,1.0697
34.5306,-0.0185,0.8424,0.1862,-0.1643,0.2483,0.0757,-0.0389,-1.0877,0.8242,0.1807,-0.2110,0.2778,0.0258,-0.0285,1.0693
34.5399,-0.0167,0.8414,0.1894,-0.1615,0.2489,0.0750,-0.0402,-1.0856,0.8228,0.1838,-0.2103,0.2793,0.0272,-0.0317,1.0690
34.5401,-0.0149,0.8403,0.1894,-0.1615,0.2489,0.0743,-0.0402,-1.0834,0.8214,0.1838,-0.2103,0.2793,0.0283,-0.0317,1.0687
34.5599,-0.0131,0.8391,0.1916,-0.1591,0.2491,0.0733,-0.0395,-1.0813,0.8199,0.1885,-0.2088,0.2813,0.0293,-0.0309,1.0683
34.5700,-0.0112,0.8380,0.1927,-0.1582,0.2493,0.0719,-0.0393,-1.0792,0.8185,0.1907,-0.2085,0.2826,0.0305,-0.0250,1.0682
34.5703,-0.0094,0.8371,0.1927,-0.1582,0.2493,0.0711,-0.0393,-1.0773,0.8171,0.1920,-0.2080,0.2830,0.0311,-0.0217,1.0680
34.5902,-0.0073,0.8361,0.1948,-0.1556,0.2494,0.0698,-0.0386,-1.0751,0.8155,0.1933,-0.2073,0.2835,0.0322,-0.0205,1.0680
34.5906,-0.0053,0.8351,0.1948,-0.1556,0.2494,0.0687,-0.0386,-1.0730,0.8140,0.1949,-0.2068,0.2842,0.0340,-0.0172,1.0679
34.6001,-0.0035,0.8340,0.1977,-0.1532,0.2501,0.0675,-0.0363,-1.0708,0.8125,0.1969,-0.2065,0.2853,0.0353,-0.0149,1.0675
34.6100,-0.0014,0.8329,0.1987,-0.1521,0.2502,0.0659,-0.0346,-1.0685,0.8110,0.1993,-0.2060,0.2866,0.0372,-0.0139,1.0673
34.6103,0.0002,0.8321,0.1987,-0.1521,0.2502,0.0647,-0.0346,-1.0664,0.8098,0.1993,-0.2060,0.2866,0.0382,-0.0139,1.0669
34.6300,0.0024,0.8307,0.2011,-0.1494,0.2506,0.0631,-0.0294,-1.0638,0.8082,0.2043,-0.2037,0.2885,0.0398,-0.0141,1.0664
34.6303,0.0041,0.8298,0.2011,-0.1494,0.2506,0.0624,-0.0294,-1.0616,0.8070,0.2043,-0.2037,0.2885,0.0410,-0.0141,1.0660
34.6409,0.0077,0.8277,0.2055,-0.1465,0.2524,0.0599,-0.0161,-1.0590,0.8055,0.2093,-0.2013,0.2904,0.0423,-0.0188,1.0670
34.6412,0.0077,0.8277,0.2055,-0.1465,0.2524,0.0599,-0.0161,-1.0569,0.8043,0.2093,-0.2013,0.2904,0.0443,-0.0188,1.0649
34.6601,0.0095,0.8267,0.2062,-0.1453,0.2522,0.0589,-0.0150,-1.0545,0.8029,0.2139,-0.1997,0.2926,0.0452,-0.0202,1.0643
34.6604,0.0113,0.8257,0.2062,-0.1453,0.2522,0.0570,-0.0150,-1.0523,0.8016,0.2152,-0.1984,0.2927,0.0462,-0.0211,1.0639
34.6797,0.0132,0.8246,0.2068,-0.1426,0.2512,0.0556,-0.0188,-1.0500,0.8001,0.2169,-0.1975,0.2934,0.0466,-0.0206,1.0635
34.6800,0.0151,0.8234,0.2068,-0.1426,0.2512,0.0540,-0.0188,-1.0478,0.7987,0.2169,-0.1975,0.2934,0.0471,-0.0206,1.0632
34.6903,0.0169,0.8225,0.2086,-0.1407,0.2516,0.0526,-0.0188,-1.0458,0.7974,0.2208,-0.1956,0.2950,0.0483,-0.0193,1.0630
34.6906,0.0188,0.8215,0.2086,-0.1407,0.2516,0.0515,-0.0188,-1.0436,0.7962,0.2208,-0.1956,0.2950,0.0493,-0.0193,1.0627
34.7103,0.0209,0.8203,0.2106,-0.1382,0.2519,0.0498,-0.0212,-1.0412,0.7947,0.2251,-0.1928,0.2964,0.0509,-0.0191,1.0625
34.7106,0.0229,0.8192,0.2127,-0.1378,0.2534,0.0488,-0.0218,-1.0389,0.7933,0.2251,-0.1928,0.2964,0.0519,-0.0191,1.0622
34.7302,0.0249,0.8183,0.2133,-0.1365,0.2532,0.0473,-0.0227,-1.0366,0.7921,0.2298,-0.1910,0.2988,0.0529,-0.0205,1.0618
34.7305,0.0269,0.8173,0.2133,-0.1365,0.2532,0.0458,-0.0227,-1.0343,0.7909,0.2318,-0.1898,0.2996,0.0538,-0.0228,1.0614
34.7402,0.0289,0.8162,0.2149,-0.1347,0.2536,0.0445,-0.0248,-1.0319,0.7897,0.2333,-0.1882,0.2998,0.0545,-0.0243,1.0611
34.7405,0.0308,0.8151,0.2149,-0.1347,0.2536,0.0434,-0.0248,-1.0294,0.7884,0.2354,-0.1874,0.3009,0.0554,-0.0258,1.0605
34.7601,0.0323,0.8141,0.2164,-0.1339,0.2545,0.0429,-0.0263,-1.0273,0.7874,0.2370,-0.1862,0.3014,0.0562,-0.0265,1.0599
34.7605,0.0345,0.8127,0.2164,-0.1339,0.2545,0.0421,-0.0263,-1.0245,0.7859,0.2382,-0.1846,0.3014,0.0574,-0.0261,1.0593
34.7698,0.0362,0.8115,0.2176,-0.1329,0.2550,0.0419,-0.0259,-1.0222,0.7847,0.2405,-0.1838,0.3027,0.0582,-0.0249,1.0587
34.7701,0.0383,0.8103,0.2176,-0.1329,0.2550,0.0418,-0.0259,-1.0197,0.7832,0.2405,-0.1838,0.3027,0.0594,-0.0249,1.0583
34.7902,0.0420,0.8081,0.2194,-0.1314,0.2558,0.0415,-0.0354,-1.0172,0.7820,0.2450,-0.1823,0.3054,0.0602,-0.0234,1.0595
34.7905,0.0420,0.8081,0.2194,-0.1314,0.2558,0.0415,-0.0354,-1.0148,0.7808,0.2450,-0.1823,0.3054,0.0610,-0.0234,1.0571
34.8100,0.0439,0.8070,0.2202,-0.1312,0.2563,0.0412,-0.0391,-1.0125,0.7796,0.2480,-0.1794,0.3061,0.0618,-0.0269,1.0568
34.8103,0.0457,0.8059,0.2202,-0.1312,0.2563,0.0409,-0.0391,-1.0102,0.7783,0.2486,-0.1778,0.3056,0.0627,-0.0275,1.0562
34.8197,0.0477,0.8046,0.2209,-0.1304,0.2565,0.0401,-0.0438,-1.0078,0.7770,0.2497,-0.1770,0.3061,0.0638,-0.0280,1.0558
34.8201,0.0495,0.8034,0.2216,-0.1304,0.2571,0.0394,-0.0423,-1.0055,0.7757,0.2505,-0.1763,0.3063,0.0644,-0.0259,1.0553
34.8403,0.0512,0.8022,0.2222,-0.1307,0.2578,0.0392,-0.0409,-1.0032,0.7744,0.2517,-0.1758,0.3071,0.0655,-0.0230,1.0548
34.8406,0.0530,0.8011,0.2222,-0.1307,0.2578,0.0385,-0.0409,-1.0010,0.7732,0.2517,-0.1758,0.3071,0.0666,-0.0230,1.0543
34.8601,0.0549,0.8000,0.2226,-0.1306,0.2581,0.0380,-0.0353,-0.9985,0.7721,0.2538,-0.1738,0.3075,0.0673,-0.0191,1.0538
34.8701,0.0570,0.7988,0.2227,-0.1309,0.2583,0.0367,-0.0323,-0.9960,0.7709,0.2556,-0.1728,0.3085,0.0682,-0.0180,1.0534
34.8704,0.0588,0.7979,0.2227,-0.1309,0.2583,0.0359,-0.0323,-0.9938,0.7699,0.2575,-0.1716,0.3094,0.0687,-0.0197,1.0529
34.8800,0.0607,0.7967,0.2236,-0.1310,0.2591,0.0350,-0.0241,-0.9914,0.7687,0.2594,-0.1704,0.3104,0.0694,-0.0209,1.0525
34.8804,0.0625,0.7957,0.2236,-0.1310,0.2591,0.0343,-0.0241,-0.9892,0.7677,0.2594,-0.1704,0.3104,0.0696,-0.0209,1.0520
34.9004,0.0645,0.7945,0.2238,-0.1306,0.2591,0.0335,-0.0174,-0.9865,0.7666,0.2620,-0.1674,0.3109,0.0699,-0.0249,1.0514
34.9007,0.0664,0.7933,0.2238,-0.1306,0.2591,0.0325,-0.0174,-0.9841,0.7655,0.2620,-0.1674,0.3109,0.0703,-0.0249,1.0509
34.9201,0.0682,0.7923,0.2253,-0.1308,0.2605,0.0317,-0.0163,-0.9818,0.7644,0.2654,-0.1653,0.3127,0.0707,-0.0262,1.0504
34.9204,0.0703,0.7912,0.2253,-0.1308,0.2605,0.0309,-0.0163,-0.9793,0.7631,0.2654,-0.1653,0.3127,0.0711,-0.0262,1.0499
34.9301,0.0721,0.7901,0.2259,-0.1307,0.2610,0.0304,-0.0147,-0.9771,0.7620,0.2678,-0.1638,0.3139,0.0715,-0.0224,1.0495
34.9304,0.0740,0.7891,0.2259,-0.1307,0.2610,0.0298,-0.0147,-0.9747,0.7609,0.2678,-0.1638,0.3139,0.0721,-0.0224,1.0491
34.9504,0.0759,0.7882,0.2257,-0.1306,0.2607,0.0298,-0.0131,-0.9725,0.7598,0.2686,-0.1620,0.3137,0.0726,-0.0134,1.0488
34.9604,0.0780,0.7870,0.2258,-0.1301,0.2606,0.0295,-0.0124,-0.9699,0.7586,0.2692,-0.1608,0.3135,0.0729,-0.0101,1.0482
34.9608,0.0798,0.7860,0.2262,-0.1303,0.2611,0.0291,-0.0123,-0.9676,0.7578,0.2692,-0.1608,0.3135,0.0731,-0.0101,1.0477
34.9803,0.0817,0.7849,0.2266,-0.1304,0.2615,0.0287,-0.0124,-0.9652,0.7568,0.2717,-0.1587,0.3146,0.0731,-0.0083,1.0472
34.9808,0.0834,0.7839,0.2266,-0.1304,0.2615,0.0283,-0.0124,-0.9629,0.7560,0.2728,-0.1570,0.3147,0.0732,-0.0116,1.0467
34.9901,0.0855,0.7829,0.2271,-0.1301,0.2618,0.0272,-0.0109,-0.9605,0.7550,0.2741,-0.1559,0.3153,0.0733,-0.0137,1.0464
34.9904,0.0875,0.7818,0.2271,-0.1301,0.2618,0.0264,-0.0109,-0.9580,0.7540,0.2749,-0.1541,0.3151,0.0733,-0.0165,1.0459
35.0101,0.0895,0.7808,0.2277,-0.1297,0.2621,0.0253,-0.0115,-0.9556,0.7530,0.2762,-0.1529,0.3156,0.0733,-0.0177,1.0455
35.0105,0.0914,0.7796,0.2279,-0.1297,0.2622,0.0243,-0.0121,-0.9532,0.7520,0.2762,-0.1529,0.3156,0.0731,-0.0177,1.0450
35.0202,0.0929,0.7788,0.2280,-0.1300,0.2625,0.0236,-0.0131,-0.9514,0.7512,0.2777,-0.1508,0.3160,0.0731,-0.0213,1.0446
35.0207,0.0950,0.7775,0.2280,-0.1300,0.2625,0.0230,-0.0131,-0.9489,0.7499,0.2777,-0.1508,0.3160,0.0731,-0.0213,1.0442
35.0403,0.0966,0.7764,0.2270,-0.1300,0.2616,0.0224,-0.0115,-0.9469,0.7490,0.2775,-0.1486,0.3148,0.0732,-0.0212,1.0438
35.0406,0.0986,0.7752,0.2270,-0.1300,0.2616,0.0222,-0.0115,-0.9446,0.7480,0.2775,-0.1486,0.3148,0.0733,-0.0212,1.0435
35.0600,0.1003,0.7743,0.2270,-0.1302,0.2617,0.0221,-0.0099,-0.9426,0.7471,0.2777,-0.1469,0.3142,0.0733,-0.0201,1.0432
35.0603,0.1023,0.7734,0.2267,-0.1296,0.2612,0.0220,-0.0099,-0.9404,0.7461,0.2774,-0.1456,0.3132,0.0733,-0.0167,1.0430
35.0699,0.1042,0.7725,0.2269,-0.1293,0.2612,0.0217,-0.0095,-0.9382,0.7452,0.2778,-0.1447,0.3132,0.0734,-0.0143,1.0428
35.0701,0.1060,0.7716,0.2269,-0.1293,0.2612,0.0215,-0.0095,-0.9361,0.7442,0.2778,-0.1447,0.3132,0.0734,-0.0143,1.0425
35.0903,0.1082,0.7704,0.2266,-0.1291,0.2608,0.0212,-0.0066,-0.9336,0.7431,0.2779,-0.1425,0.3123,0.0734,-0.0121,1.0422
35.0908,0.1101,0.7693,0.2266,-0.1291,0.2608,0.0212,-0.0066,-0.9315,0.7422,0.2788,-0.1418,0.3128,0.0735,-0.0119,1.0419
35.1100,0.1121,0.7682,0.2271,-0.1294,0.2613,0.0211,-0.0095,-0.9291,0.7411,0.2786,-0.1406,0.3120,0.0735,-0.0103,1.0415
35.1103,0.1138,0.7672,0.2271,-0.1294,0.2613,0.0210,-0.0095,-0.9270,0.7402,0.2786,-0.1406,0.3120,0.0736,-0.0103,1.0412
35.1198,0.1159,0.7659,0.2273,-0.1297,0.2617,0.0205,-0.0095,-0.9245,0.7391,0.2789,-0.1391,0.3117,0.0740,-0.0087,1.0408
35.1201,0.1178,0.7650,0.2273,-0.1297,0.2617,0.0200,-0.0095,-0.9223,0.7383,0.2789,-0.1391,0.3117,0.0744,-0.0087,1.0404
35.1397,0.1197,0.7640,0.2274,-0.1295,0.2617,0.0196,-0.0107,-0.9200,0.7375,0.2787,-0.1375,0.3108,0.0749,-0.0058,1.0401
35.1401,0.1216,0.7630,0.2274,-0.1295,0.2617,0.0192,-0.0107,-0.9179,0.7368,0.2779,-0.1361,0.3095,0.0750,-0.0058,1.0398
35.1498,0.1237,0.7619,0.2278,-0.1293,0.2620,0.0186,-0.0116,-0.9155,0.7358,0.2781,-0.1352,0.3092,0.0752,-0.0055,1.0395
35.1501,0.1256,0.7609,0.2278,-0.1293,0.2620,0.0177,-0.0116,-0.9133,0.7348,0.2781,-0.1352,0.3092,0.0753,-0.0055,1.0393
35.1701,0.1276,0.7598,0.2286,-0.1295,0.2627,0.0167,-0.0087,-0.9110,0.7339,0.2779,-0.1334,0.3083,0.0754,-0.0035,1.0390
35.1801,0.1296,0.7587,0.2288,-0.1294,0.2629,0.0157,-0.0098,-0.9085,0.7329,0.2780,-0.1324,0.3079,0.0755,-0.0024,1.0384
35.1804,0.1313,0.7579,0.2288,-0.1294,0.2629,0.0149,-0.0098,-0.9064,0.7322,0.2780,-0.1324,0.3079,0.0756,-0.0024,1.0380
35.2001,0.1335,0.7567,0.2287,-0.1292,0.2627,0.0136,-0.0130,-0.9038,0.7312,0.2788,-0.1305,0.3078,0.0757,0.0006,1.0376
35.2003,0.1354,0.7557,0.2287,-0.1292,0.2627,0.0126,-0.0130,-0.9015,0.7304,0.2788,-0.1305,0.3078,0.0757,0.0006,1.0372
35.2199,0.1374,0.7548,0.2290,-0.1291,0.2629,0.0118,-0.0146,-0.8992,0.7295,0.2794,-0.1286,0.3076,0.0757,0.0010,1.0369
35.2202,0.1394,0.7539,0.2290,-0.1289,0.2627,0.0108,-0.0154,-0.8969,0.7287,0.2794,-0.1286,0.3076,0.0756,0.0010,1.0366
35.2301,0.1412,0.7530,0.2290,-0.1288,0.2627,0.0101,-0.0154,-0.8949,0.7279,0.2793,-0.1269,0.3068,0.0756,0.0012,1.0364
35.2303,0.1432,0.7519,0.2290,-0.1288,0.2627,0.0091,-0.0154,-0.8925,0.7270,0.2787,-0.1259,0.3058,0.0756,0.0026,1.0360
35.2500,0.1453,0.7506,0.2286,-0.1287,0.2624,0.0078,-0.0126,-0.8900,0.7260,0.2788,-0.1253,0.3056,0.0755,0.0042,1.0356
35.2503,0.1471,0.7496,0.2286,-0.1287,0.2624,0.0073,-0.0126,-0.8878,0.7252,0.2788,-0.1253,0.3056,0.0755,0.0042,1.0352
35.2603,0.1489,0.7486,0.2296,-0.1290,0.2634,0.0066,-0.0118,-0.8857,0.7243,0.2789,-0.1244,0.3054,0.0755,0.0053,1.0349
35.2606,0.1508,0.7475,0.2296,-0.1290,0.2634,0.0063,-0.0118,-0.8833,0.7233,0.2777,-0.1233,0.3039,0.0754,0.0061,1.0344
35.2801,0.1526,0.7466,0.2293,-0.1280,0.2627,0.0058,-0.0142,-0.8812,0.7225,0.2778,-0.1227,0.3037,0.0752,0.0064,1.0341
35.2804,0.1548,0.7455,0.2293,-0.1280,0.2627,0.0052,-0.0142,-0.8788,0.7214,0.2778,-0.1227,0.3037,0.0748,0.0064,1.0338
35.3004,0.1585,0.7436,0.2292,-0.1271,0.2620,0.0043,-0.0107,-0.8766,0.7205,0.2770,-0.1212,0.3023,0.0744,0.0118,1.0354
35.3007,0.1585,0.7436,0.2292,-0.1271,0.2620,0.0043,-0.0107,-0.8742,0.7196,0.2765,-0.1205,0.3017,0.0737,0.0134,1.0330
35.3102,0.1622,0.7417,0.2293,-0.1264,0.2619,0.0040,-0.0064,-0.8720,0.7189,0.2766,-0.1199,0.3015,0.0731,0.0138,1.0345
35.3105,0.1622,0.7417,0.2293,-0.1264,0.2619,0.0040,-0.0064,-0.8698,0.7181,0.2766,-0.1199,0.3015,0.0723,0.0138,1.0323
35.3302,0.1644,0.7406,0.2291,-0.1259,0.2614,0.0038,-0.0083,-0.8674,0.7171,0.2760,-0.1178,0.3001,0.0711,0.0125,1.0320
35.3305,0.1661,0.7398,0.2291,-0.1259,0.2614,0.0036,-0.0083,-0.8655,0.7163,0.2760,-0.1178,0.3001,0.0707,0.0125,1.0318
35.3502,0.1682,0.7387,0.2297,-0.1248,0.2614,0.0035,-0.0151,-0.8634,0.7153,0.2754,-0.1161,0.2989,0.0701,0.0115,1.0318
35.3505,0.1701,0.7378,0.2297,-0.1248,0.2614,0.0035,-0.0151,-0.8613,0.7143,0.2754,-0.1161,0.2989,0.0696,0.0115,1.0317
35.3606,0.1723,0.7367,0.2305,-0.1244,0.2619,0.0035,-0.0224,-0.8592,0.7132,0.2744,-0.1154,0.2977,0.0694,0.0164,1.0317
35.3610,0.1740,0.7358,0.2305,-0.1242,0.2618,0.0036,-0.0246,-0.8573,0.7124,0.2737,-0.1153,0.2969,0.0694,0.0227,1.0316
35.3802,0.1762,0.7346,0.2305,-0.1241,0.2618,0.0037,-0.0255,-0.8549,0.7113,0.2730,-0.1150,0.2963,0.0693,0.0251,1.0313
35.3806,0.1777,0.7339,0.2305,-0.1241,0.2618,0.0037,-0.0255,-0.8531,0.7107,0.2731,-0.1148,0.2962,0.0693,0.0269,1.0310
35.4001,0.1797,0.7330,0.2304,-0.1236,0.2614,0.0039,-0.0271,-0.8508,0.7099,0.2721,-0.1141,0.2951,0.0694,0.0265,1.0307
35.4005,0.1816,0.7320,0.2304,-0.1236,0.2614,0.0042,-0.0271,-0.8485,0.7091,0.2721,-0.1141,0.2951,0.0695,0.0265,1.0304
35.4102,0.1837,0.7311,0.2304,-0.1225,0.2609,0.0043,-0.0276,-0.8462,0.7082,0.2712,-0.1128,0.2937,0.0695,0.0257,1.0301
35.4106,0.1858,0.7302,0.2304,-0.1225,0.2609,0.0042,-0.0276,-0.8440,0.7074,0.2712,-0.1128,0.2937,0.0693,0.0257,1.0300
35.4299,0.1876,0.7295,0.2310,-0.1218,0.2612,0.0042,-0.0272,-0.8419,0.7067,0.2707,-0.1115,0.2927,0.0693,0.0257,1.0298
35.4301,0.1896,0.7285,0.2310,-0.1218,0.2612,0.0040,-0.0272,-0.8396,0.7058,0.2707,-0.1115,0.2927,0.0691,0.0257,1.0294
35.4404,0.1914,0.7277,0.2313,-0.1211,0.2611,0.0036,-0.0278,-0.8375,0.7051,0.2704,-0.1103,0.2920,0.0689,0.0243,1.0291
35.4501,0.1935,0.7267,0.2308,-0.1209,0.2606,0.0032,-0.0279,-0.8351,0.7042,0.2699,-0.1095,0.2913,0.0688,0.0233,1.0288
35.4506,0.1952,0.7260,0.2310,-0.1206,0.2606,0.0030,-0.0285,-0.8331,0.7035,0.2696,-0.1089,0.2907,0.0685,0.0227,1.0286
35.4700,0.1972,0.7252,0.2309,-0.1200,0.2602,0.0026,-0.0284,-0.8307,0.7027,0.2690,-0.1085,0.2900,0.0679,0.0228,1.0282
35.4705,0.1989,0.7245,0.2309,-0.1200,0.2602,0.0025,-0.0284,-0.8288,0.7020,0.2689,-0.1083,0.2898,0.0675,0.0259,1.0280
35.4901,0.2010,0.7237,0.2310,-0.1188,0.2598,0.0024,-0.0318,-0.8265,0.7013,0.2683,-0.1079,0.2892,0.0665,0.0276,1.0278
35.4905,0.2030,0.7229,0.2310,-0.1188,0.2598,0.0024,-0.0318,-0.8243,0.7006,0.2683,-0.1079,0.2892,0.0656,0.0276,1.0275
35.4997,0.2046,0.7221,0.2309,-0.1179,0.2592,0.0024,-0.0307,-0.8223,0.7000,0.2673,-0.1068,0.2878,0.0645,0.0288,1.0272
35.5002,0.2066,0.7212,0.2309,-0.1179,0.2592,0.0024,-0.0307,-0.8201,0.6993,0.2673,-0.1068,0.2878,0.0636,0.0288,1.0269
35.5203,0.2083,0.7204,0.2304,-0.1168,0.2584,0.0025,-0.0277,-0.8179,0.6986,0.2663,-0.1053,0.2863,0.0625,0.0255,1.0265
35.5208,0.2100,0.7197,0.2304,-0.1168,0.2584,0.0026,-0.0277,-0.8157,0.6979,0.2663,-0.1053,0.2863,0.0618,0.0255,1.0259
35.5402,0.2117,0.7190,0.2300,-0.1155,0.2574,0.0025,-0.0282,-0.8137,0.6971,0.2663,-0.1041,0.2860,0.0609,0.0246,1.0256
35.5406,0.2136,0.7183,0.2300,-0.1155,0.2574,0.0024,-0.0282,-0.8113,0.6962,0.2664,-0.1038,0.2859,0.0602,0.0250,1.0252
35.5500,0.2154,0.7177,0.2301,-0.1138,0.2567,0.0021,-0.0305,-0.8093,0.6955,0.2666,-0.1035,0.2860,0.0594,0.0263,1.0249
35.5505,0.2172,0.7172,0.2301,-0.1138,0.2567,0.0019,-0.0305,-0.8072,0.6948,0.2666,-0.1035,0.2860,0.0586,0.0263,1.0247
35.5702,0.2192,0.7165,0.2299,-0.1124,0.2559,0.0018,-0.0303,-0.8050,0.6942,0.2663,-0.1025,0.2853,0.0576,0.0269,1.0245
35.5706,0.2213,0.7158,0.2301,-0.1121,0.2560,0.0017,-0.0299,-0.8029,0.6935,0.2663,-0.1025,0.2853,0.0562,0.0269,1.0244
35.5799,0.2233,0.7150,0.2305,-0.1115,0.2561,0.0015,-0.0290,-0.8007,0.6927,0.2664,-0.1015,0.2851,0.0550,0.0261,1.0241
35.5802,0.2250,0.7144,0.2305,-0.1115,0.2561,0.0013,-0.0290,-0.7986,0.6920,0.2658,-0.1008,0.2843,0.0528,0.0259,1.0239
35.6000,0.2269,0.7136,0.2299,-0.1100,0.2549,0.0009,-0.0255,-0.7965,0.6913,0.2658,-0.1004,0.2841,0.0510,0.0234,1.0236
35.6003,0.2285,0.7130,0.2299,-0.1100,0.2549,0.0008,-0.0255,-0.7946,0.6907,0.2651,-0.0995,0.2832,0.0495,0.0205,1.0233
35.6202,0.2304,0.7123,0.2293,-0.1084,0.2536,0.0008,-0.0266,-0.7925,0.6900,0.2647,-0.0989,0.2826,0.0468,0.0188,1.0231
35.6207,0.2320,0.7117,0.2293,-0.1084,0.2536,0.0009,-0.0266,-0.7907,0.6893,0.2640,-0.0983,0.2818,0.0449,0.0160,1.0230
35.6398,0.2337,0.7111,0.2284,-0.1066,0.2521,0.0009,-0.0270,-0.7890,0.6887,0.2631,-0.0979,0.2807,0.0427,0.0147,1.0229
35.6401,0.2357,0.7106,0.2280,-0.1057,0.2513,0.0010,-0.0268,-0.7873,0.6881,0.2621,-0.0976,0.2797,0.0409,0.0136,1.0232
35.6501,0.2377,0.7101,0.2281,-0.1048,0.2510,0.0011,-0.0267,-0.7853,0.6874,0.2612,-0.0973,0.2787,0.0390,0.0119,1.0232
35.6504,0.2397,0.7095,0.2279,-0.1037,0.2504,0.0011,-0.0261,-0.7832,0.6865,0.2605,-0.0969,0.2779,0.0370,0.0097,1.0232
35.6700,0.2416,0.7090,0.2281,-0.1028,0.2502,0.0011,-0.0256,-0.7813,0.6858,0.2601,-0.0966,0.2775,0.0350,0.0086,1.0232
35.6703,0.2434,0.7084,0.2280,-0.1017,0.2496,0.0012,-0.0227,-0.7794,0.6850,0.2594,-0.0963,0.2767,0.0330,0.0074,1.0232
35.6802,0.2452,0.7079,0.2277,-0.1006,0.2490,0.0012,-0.0184,-0.7778,0.6844,0.2580,-0.0957,0.2752,0.0312,0.0066,1.0232
35.6805,0.2474,0.7072,0.2277,-0.1006,0.2490,0.0012,-0.0184,-0.7756,0.6836,0.2573,-0.0955,0.2744,0.0284,0.0045,1.0233
35.7003,0.2492,0.7068,0.2277,-0.0989,0.2483,0.0012,-0.0129,-0.7738,0.6830,0.2563,-0.0951,0.2734,0.0268,0.0019,1.0232
35.7100,0.2514,0.7062,0.2275,-0.0979,0.2477,0.0012,-0.0114,-0.7716,0.6823,0.2555,-0.0948,0.2725,0.0248,-0.0010,1.0232
35.7103,0.2529,0.7059,0.2279,-0.0971,0.2477,0.0012,-0.0076,-0.7698,0.6817,0.2552,-0.0945,0.2722,0.0222,-0.0035,1.0230
35.7302,0.2549,0.7054,0.2272,-0.0960,0.2466,0.0012,-0.0058,-0.7675,0.6808,0.2543,-0.0940,0.2711,0.0179,-0.0043,1.0227
35.7307,0.2569,0.7049,0.2272,-0.0960,0.2466,0.0012,-0.0058,-0.7655,0.6801,0.2543,-0.0940,0.2711,0.0153,-0.0043,1.0227
35.7404,0.2587,0.7045,0.2275,-0.0939,0.2461,0.0013,-0.0048,-0.7637,0.6794,0.2540,-0.0939,0.2708,0.0144,-0.0041,1.0227
35.7407,0.2607,0.7040,0.2268,-0.0924,0.2449,0.0013,-0.0039,-0.7619,0.6787,0.2526,-0.0931,0.2692,0.0135,-0.0037,1.0229
35.7603,0.2626,0.7036,0.2273,-0.0912,0.2449,0.0013,-0.0028,-0.7600,0.6781,0.2520,-0.0928,0.2685,0.0123,-0.0036,1.0229
35.7606,0.2646,0.7031,0.2274,-0.0900,0.2446,0.0014,-0.0016,-0.7579,0.6773,0.2513,-0.0924,0.2677,0.0101,-0.0044,1.0229
35.7702,0.2686,0.7024,0.2279,-0.0876,0.2442,0.0017,-0.0005,-0.7560,0.6767,0.2509,-0.0920,0.2672,0.0086,-0.0058,1.0250
35.7704,0.2686,0.7024,0.2279,-0.0876,0.2442,0.0017,-0.0005,-0.7539,0.6760,0.2509,-0.0920,0.2672,0.0075,-0.0058,1.0229
35.7902,0.2705,0.7020,0.2277,-0.0863,0.2435,0.0019,0.0005,-0.7521,0.6755,0.2497,-0.0907,0.2656,0.0063,-0.0161,1.0230
35.7905,0.2725,0.7016,0.2279,-0.0852,0.2434,0.0021,0.0010,-0.7502,0.6749,0.2489,-0.0899,0.2646,0.0053,-0.0192,1.0231
35.8102,0.2765,0.7009,0.2286,-0.0829,0.2431,0.0026,0.0012,-0.7483,0.6743,0.2480,-0.0894,0.2636,0.0036,-0.0212,1.0252
35.8105,0.2765,0.7009,0.2286,-0.0829,0.2431,0.0026,0.0012,-0.7466,0.6738,0.2475,-0.0891,0.2630,0.0020,-0.0220,1.0234
35.8200,0.2786,0.7004,0.2285,-0.0816,0.2427,0.0031,0.0021,-0.7446,0.6732,0.2464,-0.0886,0.2619,0.0011,-0.0225,1.0235
35.8203,0.2805,0.7001,0.2285,-0.0816,0.2427,0.0037,0.0021,-0.7427,0.6726,0.2464,-0.0886,0.2619,0.0000,-0.0225,1.0235
35.8402,0.2826,0.6997,0.2289,-0.0794,0.2422,0.0042,0.0052,-0.7405,0.6719,0.2457,-0.0876,0.2608,-0.0014,-0.0221,1.0235
35.8406,0.2844,0.6995,0.2289,-0.0794,0.2422,0.0045,0.0052,-0.7387,0.6713,0.2457,-0.0876,0.2608,-0.0027,-0.0221,1.0235
35.8602,0.2866,0.6992,0.2285,-0.0767,0.2411,0.0043,0.0080,-0.7366,0.6706,0.2453,-0.0861,0.2600,-0.0043,-0.0253,1.0237
35.8605,0.2886,0.6990,0.2287,-0.0750,0.2407,0.0044,0.0084,-0.7348,0.6701,0.2451,-0.0852,0.2595,-0.0054,-0.0290,1.0238
35.8697,0.2907,0.6987,0.2292,-0.0736,0.2407,0.0046,0.0083,-0.7328,0.6695,0.2450,-0.0846,0.2592,-0.0067,-0.0295,1.0239
35.8699,0.2928,0.6985,0.2292,-0.0736,0.2407,0.0049,0.0083,-0.7307,0.6688,0.2450,-0.0846,0.2592,-0.0078,-0.0295,1.0240
35.8902,0.2947,0.6983,0.2303,-0.0709,0.2409,0.0057,0.0064,-0.7288,0.6682,0.2447,-0.0837,0.2587,-0.0087,-0.0285,1.0240
35.8905,0.2968,0.6981,0.2303,-0.0709,0.2409,0.0064,0.0064,-0.7269,0.6675,0.2447,-0.0837,0.2587,-0.0098,-0.0285,1.0241
35.9100,0.2986,0.6980,0.2304,-0.0679,0.2402,0.0069,0.0058,-0.7251,0.6669,0.2433,-0.0831,0.2571,-0.0104,-0.0270,1.0241
35.9105,0.3007,0.6978,0.2304,-0.0679,0.2402,0.0075,0.0058,-0.7230,0.6663,0.2433,-0.0831,0.2571,-0.0119,-0.0270,1.0242
35.9202,0.3026,0.6977,0.2298,-0.0648,0.2388,0.0079,0.0061,-0.7211,0.6658,0.2419,-0.0821,0.2555,-0.0133,-0.0251,1.0242
35.9206,0.3049,0.6976,0.2298,-0.0648,0.2388,0.0083,0.0061,-0.7189,0.6651,0.2416,-0.0817,0.2550,-0.0142,-0.0241,1.0243
35.9400,0.3067,0.6975,0.2305,-0.0619,0.2387,0.0084,0.0057,-0.7171,0.6645,0.2413,-0.0814,0.2546,-0.0146,-0.0231,1.0243
35.9499,0.3090,0.6974,0.2307,-0.0605,0.2385,0.0085,0.0055,-0.7149,0.6638,0.2409,-0.0812,0.2542,-0.0156,-0.0223,1.0245
35.9502,0.3090,0.6974,0.2307,-0.0605,0.2385,0.0085,0.0055,-0.7135,0.6633,0.2409,-0.0812,0.2542,-0.0161,-0.0223,1.0231
35.9700,0.3128,0.6972,0.2309,-0.0574,0.2379,0.0087,0.0049,-0.7115,0.6626,0.2392,-0.0804,0.2524,-0.0170,-0.0199,1.0249
35.9703,0.3151,0.6972,0.2309,-0.0574,0.2379,0.0089,0.0049,-0.7095,0.6618,0.2392,-0.0804,0.2524,-0.0177,-0.0199,1.0252
35.9801,0.3169,0.6971,0.2323,-0.0547,0.2386,0.0090,0.0111,-0.7078,0.6611,0.2386,-0.0805,0.2518,-0.0185,-0.0168,1.0253
35.9899,0.3193,0.6970,0.2318,-0.0532,0.2378,0.0091,0.0133,-0.7054,0.6603,0.2375,-0.0803,0.2507,-0.0199,-0.0158,1.0254
35.9901,0.3209,0.6969,0.2318,-0.0532,0.2378,0.0093,0.0133,-0.7040,0.6599,0.2375,-0.0803,0.2507,-0.0206,-0.0158,1.0255
36.0100,0.3231,0.6968,0.2325,-0.0504,0.2379,0.0094,0.0142,-0.7019,0.6592,0.2367,-0.0802,0.2499,-0.0218,-0.0113,1.0257
36.0103,0.3251,0.6967,0.2329,-0.0488,0.2380,0.0095,0.0131,-0.7000,0.6586,0.2367,-0.0802,0.2499,-0.0225,-0.0113,1.0258
36.0201,0.3273,0.6967,0.2337,-0.0474,0.2384,0.0100,0.0125,-0.6980,0.6579,0.2359,-0.0801,0.2491,-0.0235,-0.0054,1.0260
36.0206,0.3293,0.6966,0.2337,-0.0474,0.2384,0.0103,0.0125,-0.6962,0.6573,0.2359,-0.0801,0.2491,-0.0242,-0.0054,1.0263
36.0404,0.3333,0.6966,0.2352,-0.0448,0.2394,0.0110,0.0117,-0.6942,0.6566,0.2349,-0.0797,0.2481,-0.0251,-0.0041,1.0282
36.0406,0.3333,0.6966,0.2352,-0.0448,0.2394,0.0110,0.0117,-0.6927,0.6561,0.2342,-0.0794,0.2473,-0.0257,-0.0042,1.0268
36.0600,0.3357,0.6966,0.2358,-0.0423,0.2396,0.0113,0.0126,-0.6906,0.6555,0.2331,-0.0789,0.2461,-0.0266,-0.0050,1.0271
36.0605,0.3379,0.6966,0.2358,-0.0423,0.2396,0.0118,0.0126,-0.6887,0.6549,0.2332,-0.0788,0.2462,-0.0276,-0.0052,1.0274
36.0702,0.3401,0.6966,0.2373,-0.0398,0.2406,0.0122,0.0149,-0.6867,0.6543,0.2326,-0.0785,0.2455,-0.0289,-0.0057,1.0277
36.0705,0.3423,0.6966,0.2377,-0.0384,0.2408,0.0124,0.0163,-0.6848,0.6538,0.2325,-0.0784,0.2454,-0.0297,-0.0060,1.0280
36.0903,0.3445,0.6966,0.2381,-0.0368,0.2410,0.0122,0.0172,-0.6828,0.6533,0.2317,-0.0779,0.2445,-0.0307,-0.0073,1.0282
36.0907,0.3466,0.6967,0.2381,-0.0368,0.2410,0.0118,0.0172,-0.6808,0.6527,0.2317,-0.0779,0.2445,-0.0319,-0.0073,1.0283
36.1002,0.3484,0.6969,0.2394,-0.0337,0.2417,0.0111,0.0166,-0.6790,0.6522,0.2315,-0.0772,0.2440,-0.0327,-0.0079,1.0284
36.1008,0.3508,0.6971,0.2399,-0.0323,0.2421,0.0094,0.0161,-0.6769,0.6515,0.2313,-0.0770,0.2438,-0.0336,-0.0072,1.0287
36.1203,0.3526,0.6972,0.2407,-0.0304,0.2426,0.0083,0.0138,-0.6752,0.6509,0.2311,-0.0768,0.2436,-0.0339,-0.0060,1.0289
36.1205,0.3544,0.6974,0.2407,-0.0304,0.2426,0.0066,0.0138,-0.6733,0.6503,0.2311,-0.0768,0.2436,-0.0343,-0.0060,1.0287
36.1403,0.3561,0.6976,0.2414,-0.0276,0.2429,0.0045,0.0131,-0.6713,0.6498,0.2314,-0.0768,0.2438,-0.0346,-0.0015,1.0285
36.1407,0.3573,0.6977,0.2408,-0.0262,0.2422,0.0035,0.0130,-0.6696,0.6494,0.2314,-0.0768,0.2438,-0.0350,-0.0015,1.0280
36.1607,0.3587,0.6980,0.2392,-0.0248,0.2405,0.0028,0.0125,-0.6674,0.6489,0.2313,-0.0760,0.2434,-0.0361,0.0025,1.0272
36.1610,0.3596,0.6981,0.2380,-0.0232,0.2391,0.0024,0.0106,-0.6658,0.6487,0.2317,-0.0752,0.2436,-0.0367,0.0045,1.0266
36.1699,0.3612,0.6985,0.2360,-0.0217,0.2370,0.0015,0.0054,-0.6634,0.6482,0.2311,-0.0742,0.2427,-0.0375,0.0047,1.0258
36.1702,0.3627,0.6988,0.2360,-0.0217,0.2370,0.0010,0.0054,-0.6616,0.6479,0.2311,-0.0742,0.2427,-0.0380,0.0047,1.0256
36.1901,0.3647,0.6992,0.2351,-0.0182,0.2358,0.0006,-0.0097,-0.6594,0.6474,0.2323,-0.0731,0.2436,-0.0389,0.0045,1.0255
36.1904,0.3665,0.6994,0.2351,-0.0182,0.2358,0.0002,-0.0097,-0.6576,0.6471,0.2324,-0.0724,0.2434,-0.0395,0.0069,1.0254
36.2099,0.3686,0.6997,0.2347,-0.0147,0.2351,-0.0004,-0.0129,-0.6555,0.6466,0.2324,-0.0719,0.2432,-0.0400,0.0108,1.0255
36.2101,0.3705,0.7000,0.2347,-0.0147,0.2351,-0.0014,-0.0129,-0.6535,0.6462,0.2324,-0.0719,0.2432,-0.0403,0.0108,1.0254
36.2201,0.3724,0.7003,0.2351,-0.0117,0.2354,-0.0029,-0.0160,-0.6513,0.6458,0.2326,-0.0709,0.2432,-0.0409,0.0184,1.0252
36.2203,0.3739,0.7007,0.2351,-0.0117,0.2354,-0.0035,-0.0160,-0.6493,0.6454,0.2326,-0.0709,0.2432,-0.0413,0.0184,1.0247
36.2400,0.3751,0.7010,0.2339,-0.0085,0.2340,-0.0042,-0.0158,-0.6474,0.6451,0.2323,-0.0693,0.2424,-0.0420,0.0177,1.0240
36.2499,0.3765,0.7015,0.2328,-0.0070,0.2329,-0.0053,-0.0165,-0.6452,0.6448,0.2326,-0.0686,0.2425,-0.0425,0.0170,1.0233
36.2503,0.3775,0.7018,0.2328,-0.0070,0.2329,-0.0064,-0.0165,-0.6435,0.6446,0.2326,-0.0686,0.2425,-0.0432,0.0170,1.0226
36.2597,0.3791,0.7022,0.2299,-0.0036,0.2299,-0.0088,-0.0184,-0.6412,0.6443,0.2331,-0.0670,0.2425,-0.0440,0.0165,1.0220
36.2599,0.3804,0.7025,0.2299,-0.0036,0.2299,-0.0102,-0.0184,-0.6392,0.6440,0.2331,-0.0670,0.2425,-0.0446,0.0165,1.0213
36.2802,0.3824,0.7029,0.2277,-0.0006,0.2277,-0.0131,-0.0198,-0.6369,0.6435,0.2336,-0.0655,0.2426,-0.0452,0.0191,1.0210
36.2805,0.3840,0.7031,0.2277,-0.0006,0.2277,-0.0149,-0.0198,-0.6350,0.6432,0.2340,-0.0651,0.2429,-0.0453,0.0237,1.0207
36.3001,0.3857,0.7034,0.2269,0.0023,0.2269,-0.0170,-0.0207,-0.6329,0.6429,0.2343,-0.0646,0.2431,-0.0456,0.0260,1.0204
36.3004,0.3876,0.7036,0.2269,0.0023,0.2269,-0.0202,-0.0207,-0.6306,0.6425,0.2347,-0.0641,0.2433,-0.0459,0.0283,1.0200
36.3101,0.3891,0.7038,0.2260,0.0048,0.2260,-0.0227,-0.0205,-0.6283,0.6422,0.2355,-0.0636,0.2439,-0.0463,0.0300,1.0193
36.3105,0.3906,0.7041,0.2252,0.0059,0.2252,-0.0260,-0.0187,-0.6260,0.6418,0.2364,-0.0632,0.2447,-0.0465,0.0313,1.0185
36.3301,0.3919,0.7043,0.2240,0.0073,0.2241,-0.0289,-0.0171,-0.6239,0.6415,0.2371,-0.0626,0.2453,-0.0465,0.0324,1.0177
36.3400,0.3932,0.7045,0.2228,0.0084,0.2229,-0.0326,-0.0168,-0.6216,0.6412,0.2376,-0.0621,0.2456,-0.0463,0.0339,1.0168
36.3404,0.3944,0.7047,0.2228,0.0084,0.2229,-0.0356,-0.0168,-0.6199,0.6411,0.2376,-0.0621,0.2456,-0.0463,0.0339,1.0163
36.3497,0.3961,0.7051,0.2200,0.0105,0.2203,-0.0399,-0.0182,-0.6177,0.6409,0.2376,-0.0604,0.2451,-0.0458,0.0342,1.0159
36.3501,0.3976,0.7054,0.2200,0.0105,0.2203,-0.0438,-0.0182,-0.6160,0.6407,0.2379,-0.0595,0.2452,-0.0453,0.0337,1.0156
36.3698,0.3994,0.7058,0.2180,0.0128,0.2183,-0.0478,-0.0206,-0.6138,0.6406,0.2376,-0.0588,0.2447,-0.0449,0.0335,1.0153
36.3700,0.4009,0.7061,0.2180,0.0128,0.2183,-0.0511,-0.0206,-0.6118,0.6405,0.2376,-0.0588,0.2447,-0.0447,0.0335,1.0149
36.3899,0.4025,0.7063,0.2162,0.0151,0.2168,-0.0533,-0.0204,-0.6096,0.6404,0.2378,-0.0566,0.2444,-0.0446,0.0331,1.0142
36.3904,0.4040,0.7065,0.2162,0.0151,0.2168,-0.0552,-0.0204,-0.6072,0.6404,0.2378,-0.0566,0.2444,-0.0447,0.0331,1.0134
36.4001,0.4055,0.7068,0.2143,0.0169,0.2150,-0.0575,-0.0205,-0.6050,0.6403,0.2392,-0.0543,0.2453,-0.0448,0.0332,1.0126
36.4005,0.4071,0.7070,0.2143,0.0169,0.2150,-0.0603,-0.0205,-0.6027,0.6403,0.2392,-0.0543,0.2453,-0.0449,0.0332,1.0120
36.4199,0.4086,0.7072,0.2128,0.0184,0.2136,-0.0629,-0.0212,-0.6007,0.6403,0.2406,-0.0520,0.2461,-0.0452,0.0311,1.0115
36.4201,0.4103,0.7075,0.2128,0.0184,0.2136,-0.0654,-0.0212,-0.5986,0.6403,0.2406,-0.0520,0.2461,-0.0462,0.0311,1.0111
36.4405,0.4120,0.7077,0.2109,0.0198,0.2118,-0.0675,-0.0216,-0.5966,0.6403,0.2407,-0.0496,0.2457,-0.0472,0.0291,1.0109
36.4409,0.4139,0.7079,0.2109,0.0198,0.2118,-0.0696,-0.0216,-0.5946,0.6402,0.2407,-0.0496,0.2457,-0.0487,0.0291,1.0108
36.4499,0.4157,0.7080,0.2098,0.0209,0.2109,-0.0719,-0.0211,-0.5925,0.6402,0.2407,-0.0471,0.2452,-0.0503,0.0272,1.0105
36.4501,0.4175,0.7081,0.2098,0.0209,0.2109,-0.0735,-0.0211,-0.5904,0.6402,0.2420,-0.0462,0.2464,-0.0515,0.0266,1.0102
36.4704,0.4193,0.7083,0.2093,0.0218,0.2105,-0.0751,-0.0223,-0.5881,0.6402,0.2421,-0.0448,0.2462,-0.0532,0.0250,1.0097
36.4707,0.4210,0.7084,0.2093,0.0218,0.2105,-0.0769,-0.0223,-0.5860,0.6403,0.2421,-0.0448,0.2462,-0.0547,0.0250,1.0093
36.4901,0.4230,0.7085,0.2083,0.0225,0.2095,-0.0790,-0.0263,-0.5835,0.6403,0.2435,-0.0417,0.2471,-0.0567,0.0188,1.0089
36.4906,0.4247,0.7085,0.2083,0.0225,0.2095,-0.0808,-0.0263,-0.5817,0.6403,0.2435,-0.0417,0.2471,-0.0586,0.0188,1.0087
36.5003,0.4267,0.7086,0.2076,0.0233,0.2089,-0.0825,-0.0271,-0.5795,0.6405,0.2446,-0.0391,0.2477,-0.0604,0.0074,1.0084
36.5007,0.4284,0.7087,0.2076,0.0233,0.2089,-0.0837,-0.0271,-0.5777,0.6406,0.2446,-0.0391,0.2477,-0.0619,0.0074,1.0084
36.5206,0.4324,0.7087,0.2067,0.0239,0.2080,-0.0862,-0.0263,-0.5755,0.6408,0.2447,-0.0359,0.2473,-0.0645,0.0038,1.0102
36.5209,0.4324,0.7087,0.2067,0.0239,0.2080,-0.0862,-0.0263,-0.5738,0.6410,0.2449,-0.0341,0.2473,-0.0662,0.0042,1.0084
36.5400,0.4343,0.7087,0.2062,0.0242,0.2077,-0.0873,-0.0206,-0.5718,0.6411,0.2449,-0.0326,0.2471,-0.0683,0.0041,1.0083
36.5405,0.4362,0.7087,0.2062,0.0242,0.2077,-0.0883,-0.0206,-0.5697,0.6412,0.2449,-0.0326,0.2471,-0.0707,0.0041,1.0082
36.5498,0.4385,0.7087,0.2058,0.0243,0.2073,-0.0898,-0.0192,-0.5672,0.6415,0.2460,-0.0298,0.2478,-0.0732,0.0045,1.0079
36.5501,0.4405,0.7087,0.2058,0.0243,0.2073,-0.0912,-0.0192,-0.5649,0.6417,0.2460,-0.0298,0.2478,-0.0762,0.0045,1.0076
36.5701,0.4424,0.7088,0.2052,0.0243,0.2067,-0.0924,-0.0216,-0.5628,0.6419,0.2477,-0.0264,0.2491,-0.0781,0.0073,1.0074
36.5706,0.4446,0.7088,0.2052,0.0243,0.2067,-0.0940,-0.0216,-0.5605,0.6422,0.2477,-0.0264,0.2491,-0.0810,0.0073,1.0073
36.5798,0.4464,0.7089,0.2045,0.0244,0.2060,-0.0952,-0.0264,-0.5586,0.6424,0.2486,-0.0232,0.2497,-0.0825,0.0134,1.0072
36.5801,0.4485,0.7090,0.2045,0.0244,0.2060,-0.0970,-0.0264,-0.5566,0.6426,0.2484,-0.0218,0.2494,-0.0839,0.0153,1.0073
36.6002,0.4505,0.7090,0.2039,0.0245,0.2053,-0.0986,-0.0320,-0.5546,0.6428,0.2482,-0.0202,0.2491,-0.0857,0.0167,1.0074
36.6006,0.4526,0.7091,0.2039,0.0245,0.2053,-0.1000,-0.0320,-0.5527,0.6431,0.2482,-0.0202,0.2491,-0.0873,0.0167,1.0074
36.6199,0.4547,0.7091,0.2037,0.0240,0.2051,-0.1008,-0.0286,-0.5506,0.6433,0.2484,-0.0169,0.2490,-0.0890,0.0205,1.0074
36.6201,0.4566,0.7091,0.2041,0.0238,0.2055,-0.1014,-0.0277,-0.5487,0.6436,0.2492,-0.0152,0.2496,-0.0911,0.0218,1.0075
36.6301,0.4588,0.7092,0.2045,0.0235,0.2059,-0.1019,-0.0273,-0.5466,0.6439,0.2491,-0.0135,0.2495,-0.0926,0.0204,1.0075
36.6304,0.4608,0.7092,0.2055,0.0232,0.2068,-0.1023,-0.0262,-0.5445,0.6443,0.2491,-0.0135,0.2495,-0.0942,0.0204,1.0074
36.6501,0.4632,0.7094,0.2071,0.0231,0.2084,-0.1030,-0.0230,-0.5421,0.6449,0.2502,-0.0102,0.2504,-0.0962,0.0189,1.0074
36.6504,0.4652,0.7096,0.2071,0.0231,0.2084,-0.1034,-0.0230,-0.5402,0.6453,0.2502,-0.0102,0.2504,-0.0981,0.0189,1.0074
36.6700,0.4676,0.7098,0.2112,0.0229,0.2125,-0.1040,-0.0056,-0.5380,0.6459,0.2513,-0.0067,0.2514,-0.1003,0.0128,1.0076
36.6702,0.4697,0.7100,0.2112,0.0229,0.2125,-0.1044,-0.0056,-0.5361,0.6463,0.2513,-0.0067,0.2514,-0.1022,0.0128,1.0078
36.6801,0.4719,0.7102,0.2139,0.0225,0.2151,-0.1048,0.0116,-0.5341,0.6467,0.2510,-0.0032,0.2510,-0.1038,0.0117,1.0080
36.6804,0.4740,0.7104,0.2143,0.0221,0.2154,-0.1052,0.0123,-0.5322,0.6471,0.2506,-0.0015,0.2507,-0.1052,0.0114,1.0082
36.7002,0.4762,0.7106,0.2149,0.0220,0.2160,-0.1056,0.0117,-0.5301,0.6475,0.2508,-0.0000,0.2508,-0.1063,0.0104,1.0082
36.7005,0.4785,0.7108,0.2149,0.0220,0.2160,-0.1062,0.0117,-0.5279,0.6479,0.2508,-0.0000,0.2508,-0.1077,0.0104,1.0083
36.7202,0.4804,0.7110,0.2159,0.0216,0.2170,-0.1065,0.0068,-0.5261,0.6483,0.2512,0.0035,0.2512,-0.1088,0.0076,1.0084
36.7205,0.4828,0.7113,0.2159,0.0213,0.2170,-0.1069,0.0056,-0.5237,0.6488,0.2505,0.0050,0.2506,-0.1099,0.0074,1.0084
36.7301,0.4848,0.7116,0.2178,0.0213,0.2189,-0.1075,0.0056,-0.5218,0.6491,0.2513,0.0067,0.2513,-0.1107,0.0068,1.0085
36.7304,0.4872,0.7120,0.2178,0.0213,0.2189,-0.1082,0.0056,-0.5196,0.6495,0.2513,0.0067,0.2513,-0.1114,0.0068,1.0087
36.7501,0.4893,0.7123,0.2213,0.0211,0.2223,-0.1091,0.0100,-0.5177,0.6499,0.2511,0.0094,0.2513,-0.1122,0.0079,1.0089
36.7602,0.4917,0.7129,0.2235,0.0212,0.2245,-0.1103,0.0128,-0.5154,0.6504,0.2516,0.0105,0.2518,-0.1138,0.0090,1.0091
36.7605,0.4936,0.7132,0.2235,0.0212,0.2245,-0.1109,0.0128,-0.5137,0.6507,0.2516,0.0105,0.2518,-0.1147,0.0090,1.0092
36.7803,0.4957,0.7136,0.2264,0.0213,0.2274,-0.1113,0.0152,-0.5118,0.6512,0.2510,0.0135,0.2514,-0.1160,0.0105,1.0095
36.7807,0.4980,0.7141,0.2264,0.0213,0.2274,-0.1117,0.0152,-0.5099,0.6517,0.2510,0.0135,0.2514,-0.1176,0.0105,1.0098
36.7900,0.5025,0.7152,0.2279,0.0220,0.2290,-0.1125,0.0104,-0.5079,0.6522,0.2502,0.0169,0.2507,-0.1188,0.0092,1.0124
36.7903,0.5025,0.7152,0.2279,0.0220,0.2290,-0.1125,0.0104,-0.5060,0.6527,0.2502,0.0169,0.2507,-0.1203,0.0092,1.0104
36.8101,0.5046,0.7155,0.2298,0.0231,0.2310,-0.1126,0.0039,-0.5043,0.6531,0.2492,0.0204,0.2500,-0.1213,0.0095,1.0107
36.8104,0.5071,0.7161,0.2298,0.0231,0.2310,-0.1127,0.0039,-0.5021,0.6537,0.2492,0.0204,0.2500,-0.1229,0.0095,1.0112
36.8202,0.5092,0.7167,0.2330,0.0240,0.2343,-0.1126,-0.0011,-0.5003,0.6543,0.2478,0.0238,0.2490,-0.1240,0.0078,1.0115
36.8206,0.5114,0.7171,0.2330,0.0240,0.2343,-0.1125,-0.0011,-0.4986,0.6549,0.2471,0.0256,0.2485,-0.1252,0.0055,1.0119
36.8399,0.5136,0.7175,0.2364,0.0252,0.2377,-0.1124,0.0069,-0.4968,0.6555,0.2461,0.0273,0.2476,-0.1264,0.0028,1.0122
36.8403,0.5160,0.7179,0.2364,0.0252,0.2377,-0.1119,0.0069,-0.4947,0.6563,0.2463,0.0289,0.2480,-0.1284,0.0014,1.0126
36.8600,0.5178,0.7183,0.2397,0.0257,0.2410,-0.1109,0.0289,-0.4931,0.6569,0.2459,0.0309,0.2478,-0.1296,0.0004,1.0128
36.8604,0.5200,0.7186,0.2397,0.0257,0.2410,-0.1101,0.0289,-0.4911,0.6577,0.2459,0.0309,0.2478,-0.1311,0.0004,1.0129
36.8702,0.5221,0.7189,0.2412,0.0256,0.2425,-0.1093,0.0439,-0.4892,0.6584,0.2454,0.0341,0.2478,-0.1332,-0.0010,1.0130
36.8705,0.5242,0.7192,0.2412,0.0256,0.2425,-0.1083,0.0439,-0.4874,0.6591,0.2454,0.0341,0.2478,-0.1351,-0.0010,1.0134
36.8902,0.5264,0.7197,0.2434,0.0259,0.2448,-0.1069,0.0566,-0.4854,0.6600,0.2444,0.0373,0.2472,-0.1374,-0.0056,1.0135
36.8905,0.5284,0.7200,0.2434,0.0259,0.2448,-0.1060,0.0566,-0.4837,0.6607,0.2437,0.0392,0.2469,-0.1394,-0.0118,1.0139
36.9101,0.5307,0.7205,0.2459,0.0265,0.2473,-0.1049,0.0604,-0.4818,0.6616,0.2424,0.0408,0.2458,-0.1422,-0.0177,1.0142
36.9105,0.5326,0.7210,0.2459,0.0265,0.2473,-0.1037,0.0604,-0.4803,0.6623,0.2424,0.0408,0.2458,-0.1444,-0.0177,1.0146
36.9199,0.5349,0.7218,0.2479,0.0275,0.2494,-0.1021,0.0596,-0.4782,0.6632,0.2408,0.0439,0.2448,-0.1468,-0.0255,1.0148
36.9203,0.5365,0.7223,0.2479,0.0275,0.2494,-0.0999,0.0596,-0.4764,0.6639,0.2408,0.0439,0.2448,-0.1488,-0.0255,1.0146
36.9401,0.5380,0.7230,0.2489,0.0294,0.2507,-0.0980,0.0482,-0.4746,0.6645,0.2404,0.0473,0.2450,-0.1504,-0.0269,1.0143
36.9405,0.5399,0.7239,0.2489,0.0294,0.2507,-0.0980,0.0482,-0.4727,0.6652,0.2404,0.0473,0.2450,-0.1521,-0.0269,1.0143
36.9602,0.5418,0.7248,0.2483,0.0317,0.2503,-0.0978,0.0099,-0.4705,0.6660,0.2396,0.0499,0.2447,-0.1538,-0.0250,1.0140
36.9606,0.5435,0.7256,0.2483,0.0317,0.2503,-0.0983,0.0099,-0.4684,0.6667,0.2396,0.0499,0.2447,-0.1552,-0.0250,1.0136
36.9697,0.5448,0.7262,0.2483,0.0347,0.2507,-0.0986,-0.0008,-0.4668,0.6672,0.2394,0.0529,0.2452,-0.1562,-0.0233,1.0133
36.9802,0.5471,0.7270,0.2475,0.0356,0.2501,-0.0991,-0.0005,-0.4645,0.6680,0.2384,0.0538,0.2444,-0.1581,-0.0213,1.0132
36.9806,0.5488,0.7277,0.2481,0.0371,0.2508,-0.0996,0.0013,-0.4627,0.6685,0.2384,0.0538,0.2444,-0.1592,-0.0213,1.0132
37.0000,0.5509,0.7285,0.2482,0.0383,0.2512,-0.1000,0.0005,-0.4606,0.6692,0.2380,0.0564,0.2446,-0.1606,-0.0070,1.0132
37.0004,0.5527,0.7293,0.2482,0.0383,0.2512,-0.1003,0.0005,-0.4587,0.6697,0.2380,0.0564,0.2446,-0.1615,-0.0070,1.0132
37.0198,0.5544,0.7301,0.2485,0.0413,0.2519,-0.1005,-0.0062,-0.4568,0.6701,0.2379,0.0581,0.2449,-0.1623,0.0073,1.0130
37.0200,0.5564,0.7308,0.2485,0.0413,0.2519,-0.1005,-0.0062,-0.4548,0.6706,0.2379,0.0581,0.2449,-0.1631,0.0073,1.0131
37.0300,0.5584,0.7316,0.2481,0.0442,0.2520,-0.1005,-0.0159,-0.4528,0.6711,0.2378,0.0592,0.2451,-0.1639,0.0169,1.0130
37.0304,0.5606,0.7323,0.2481,0.0442,0.2520,-0.1004,-0.0159,-0.4508,0.6717,0.2378,0.0592,0.2451,-0.1648,0.0169,1.0131
37.0501,0.5625,0.7331,0.2487,0.0473,0.2532,-0.1001,-0.0179,-0.4489,0.6723,0.2379,0.0609,0.2455,-0.1654,0.0228,1.0132
37.0503,0.5646,0.7340,0.2487,0.0473,0.2532,-0.0994,-0.0179,-0.4467,0.6730,0.2379,0.0609,0.2455,-0.1666,0.0228,1.0132
37.0597,0.5665,0.7347,0.2483,0.0505,0.2534,-0.0985,-0.0179,-0.4449,0.6736,0.2363,0.0626,0.2445,-0.1679,0.0226,1.0132
37.0599,0.5685,0.7355,0.2483,0.0505,0.2534,-0.0977,-0.0179,-0.4429,0.6743,0.2358,0.0635,0.2442,-0.1691,0.0201,1.0132
37.0801,0.5704,0.7362,0.2477,0.0533,0.2534,-0.0968,-0.0198,-0.4410,0.6749,0.2352,0.0642,0.2439,-0.1698,0.0163,1.0132
37.0806,0.5724,0.7370,0.2477,0.0533,0.2534,-0.0959,-0.0198,-0.4390,0.6755,0.2352,0.0642,0.2439,-0.1708,0.0163,1.0133
37.0999,0.5742,0.7376,0.2477,0.0561,0.2540,-0.0950,-0.0171,-0.4372,0.6761,0.2352,0.0659,0.2443,-0.1714,0.0139,1.0133
37.1002,0.5763,0.7383,0.2477,0.0561,0.2540,-0.0940,-0.0171,-0.4352,0.6767,0.2352,0.0659,0.2443,-0.1718,0.0139,1.0134
37.1202,0.5786,0.7392,0.2474,0.0585,0.2542,-0.0920,-0.0177,-0.4329,0.6775,0.2349,0.0672,0.2443,-0.1725,0.0108,1.0134
37.1208,0.5807,0.7399,0.2474,0.0585,0.2542,-0.0907,-0.0177,-0.4309,0.6782,0.2354,0.0684,0.2452,-0.1731,0.0102,1.0135
37.1300,0.5829,0.7408,0.2482,0.0615,0.2557,-0.0891,-0.0161,-0.4288,0.6789,0.2357,0.0692,0.2456,-0.1735,0.0106,1.0136
37.1302,0.5851,0.7417,0.2482,0.0615,0.2557,-0.0881,-0.0161,-0.4268,0.6795,0.2357,0.0692,0.2456,-0.1738,0.0106,1.0138
37.1503,0.5869,0.7425,0.2485,0.0649,0.2569,-0.0875,-0.0237,-0.4250,0.6801,0.2355,0.0705,0.2458,-0.1738,0.0143,1.0138
37.1507,0.5890,0.7433,0.2474,0.0661,0.2560,-0.0867,-0.0247,-0.4230,0.6807,0.2342,0.0703,0.2445,-0.1738,0.0173,1.0139
37.1600,0.5913,0.7443,0.2475,0.0675,0.2566,-0.0856,-0.0264,-0.4207,0.6817,0.2343,0.0708,0.2448,-0.1741,0.0205,1.0139
37.1603,0.5931,0.7451,0.2475,0.0675,0.2566,-0.0851,-0.0264,-0.4189,0.6824,0.2343,0.0708,0.2448,-0.1744,0.0205,1.0140
37.1800,0.5952,0.7461,0.2468,0.0701,0.2566,-0.0841,-0.0284,-0.4168,0.6833,0.2343,0.0723,0.2452,-0.1748,0.0229,1.0139
37.1803,0.5970,0.7468,0.2468,0.0701,0.2566,-0.0831,-0.0284,-0.4150,0.6840,0.2343,0.0723,0.2452,-0.1753,0.0229,1.0140
37.2001,0.5989,0.7477,0.2460,0.0729,0.2566,-0.0822,-0.0292,-0.4130,0.6847,0.2344,0.0738,0.2457,-0.1759,0.0232,1.0139
37.2003,0.6009,0.7485,0.2460,0.0729,0.2566,-0.0818,-0.0292,-0.4111,0.6853,0.2344,0.0738,0.2457,-0.1766,0.0232,1.0140
37.2005,0.6032,0.7494,0.2455,0.0743,0.2565,-0.0809,-0.0306,-0.4089,0.6861,0.2341,0.0744,0.2456,-0.1769,0.0228,1.0140
37.2200,0.6052,0.7502,0.2456,0.0769,0.2573,-0.0802,-0.0334,-0.4071,0.6867,0.2344,0.0757,0.2463,-0.1772,0.0220,1.0143
37.2203,0.6072,0.7508,0.2456,0.0769,0.2573,-0.0796,-0.0334,-0.4053,0.6873,0.2344,0.0757,0.2463,-0.1775,0.0220,1.0145
37.2400,0.6098,0.7519,0.2448,0.0784,0.2570,-0.0783,-0.0314,-0.4028,0.6883,0.2330,0.0763,0.2451,-0.1784,0.0216,1.0146
37.2500,0.6121,0.7529,0.2453,0.0797,0.2579,-0.0771,-0.0289,-0.4007,0.6893,0.2336,0.0775,0.2461,-0.1791,0.0188,1.0149
37.2503,0.6133,0.7533,0.2453,0.0797,0.2579,-0.0767,-0.0289,-0.3996,0.6896,0.2340,0.0788,0.2469,-0.1792,0.0161,1.0149
37.2597,0.6159,0.7546,0.2431,0.0810,0.2562,-0.0757,-0.0210,-0.3971,0.6904,0.2316,0.0784,0.2445,-0.1795,0.0148,1.0151
37.2600,0.6179,0.7555,0.2431,0.0810,0.2562,-0.0751,-0.0210,-0.3952,0.6911,0.2332,0.0794,0.2464,-0.1796,0.0139,1.0152
37.2802,0.6200,0.7566,0.2443,0.0838,0.2583,-0.0744,-0.0205,-0.3932,0.6918,0.2332,0.0798,0.2464,-0.1797,0.0139,1.0153
37.2804,0.6221,0.7576,0.2443,0.0838,0.2583,-0.0737,-0.0205,-0.3912,0.6925,0.2332,0.0798,0.2464,-0.1797,0.0139,1.0154
37.3004,0.6243,0.7586,0.2437,0.0859,0.2584,-0.0727,-0.0179,-0.3891,0.6932,0.2334,0.0806,0.2469,-0.1798,0.0133,1.0156
37.3006,0.6264,0.7595,0.2437,0.0859,0.2584,-0.0717,-0.0179,-0.3873,0.6939,0.2334,0.0806,0.2469,-0.1800,0.0133,1.0157
37.3101,0.6284,0.7604,0.2436,0.0879,0.2590,-0.0706,-0.0249,-0.3852,0.6946,0.2340,0.0815,0.2478,-0.1810,0.0128,1.0158
37.3104,0.6304,0.7613,0.2426,0.0886,0.2583,-0.0692,-0.0245,-0.3830,0.6955,0.2337,0.0817,0.2476,-0.1808,0.0115,1.0155
37.3302,0.6326,0.7623,0.2423,0.0891,0.2582,-0.0680,-0.0281,-0.3808,0.6964,0.2346,0.0823,0.2486,-0.1809,0.0110,1.0155
37.3305,0.6345,0.7632,0.2423,0.0891,0.2582,-0.0670,-0.0281,-0.3789,0.6971,0.2356,0.0830,0.2498,-0.1810,0.0107,1.0156
37.3500,0.6370,0.7643,0.2419,0.0914,0.2586,-0.0658,-0.0367,-0.3766,0.6978,0.2357,0.0831,0.2500,-0.1811,0.0113,1.0157
37.3503,0.6390,0.7652,0.2419,0.0914,0.2586,-0.0648,-0.0367,-0.3747,0.6984,0.2357,0.0831,0.2500,-0.1810,0.0113,1.0159
37.3600,0.6413,0.7663,0.2422,0.0939,0.2598,-0.0637,-0.0543,-0.3726,0.6991,0.2367,0.0828,0.2508,-0.1811,0.0134,1.0162
37.3603,0.6433,0.7672,0.2422,0.0939,0.2598,-0.0629,-0.0543,-0.3709,0.6996,0.2367,0.0828,0.2508,-0.1810,0.0134,1.0164
37.3801,0.6455,0.7682,0.2425,0.0965,0.2609,-0.0622,-0.0698,-0.3689,0.7003,0.2366,0.0824,0.2506,-0.1808,0.0179,1.0166
37.3806,0.6479,0.7694,0.2425,0.0965,0.2609,-0.0614,-0.0698,-0.3665,0.7011,0.2366,0.0824,0.2506,-0.1808,0.0179,1.0168
37.3899,0.6499,0.7703,0.2431,0.0994,0.2626,-0.0608,-0.0779,-0.3645,0.7018,0.2377,0.0822,0.2515,-0.1805,0.0247,1.0167
37.4099,0.6523,0.7716,0.2429,0.1005,0.2629,-0.0601,-0.0795,-0.3619,0.7028,0.2384,0.0822,0.2522,-0.1796,0.0281,1.0166
37.4101,0.6541,0.7725,0.2433,0.1022,0.2639,-0.0597,-0.0792,-0.3601,0.7034,0.2384,0.0822,0.2522,-0.1788,0.0281,1.0165
37.4202,0.6562,0.7737,0.2430,0.1030,0.2639,-0.0594,-0.0778,-0.3577,0.7043,0.2404,0.0823,0.2541,-0.1778,0.0352,1.0163
37.4205,0.6581,0.7746,0.2430,0.1030,0.2639,-0.0590,-0.0778,-0.3557,0.7051,0.2404,0.0823,0.2541,-0.1772,0.0352,1.0162
37.4402,0.6603,0.7757,0.2432,0.1045,0.2647,-0.0585,-0.0622,-0.3535,0.7061,0.2415,0.0824,0.2552,-0.1764,0.0371,1.0162
37.4406,0.6624,0.7767,0.2432,0.1045,0.2647,-0.0580,-0.0622,-0.3513,0.7070,0.2415,0.0824,0.2552,-0.1758,0.0371,1.0161
37.4505,0.6643,0.7778,0.2451,0.1057,0.2669,-0.0577,-0.0167,-0.3493,0.7078,0.2428,0.0837,0.2568,-0.1755,0.0359,1.0160
37.4603,0.6666,0.7790,0.2451,0.1059,0.2670,-0.0569,-0.0059,-0.3468,0.7089,0.2425,0.0837,0.2565,-0.1751,0.0345,1.0159
37.4606,0.6684,0.7800,0.2451,0.1059,0.2670,-0.0564,-0.0059,-0.3449,0.7096,0.2425,0.0837,0.2565,-0.1747,0.0345,1.0157
37.4804,0.6708,0.7813,0.2471,0.1077,0.2696,-0.0559,-0.0072,-0.3425,0.7105,0.2439,0.0848,0.2582,-0.1742,0.0330,1.0157
37.4807,0.6728,0.7823,0.2475,0.1085,0.2702,-0.0554,-0.0095,-0.3405,0.7112,0.2440,0.0850,0.2584,-0.1732,0.0294,1.0158
37.4901,0.6754,0.7835,0.2481,0.1092,0.2711,-0.0545,-0.0087,-0.3381,0.7122,0.2444,0.0853,0.2589,-0.1715,0.0269,1.0160
37.4903,0.6775,0.7844,0.2481,0.1092,0.2711,-0.0535,-0.0087,-0.3362,0.7131,0.2444,0.0853,0.2589,-0.1703,0.0269,1.0162
37.5100,0.6798,0.7855,0.2495,0.1102,0.2728,-0.0521,-0.0006,-0.3341,0.7141,0.2450,0.0868,0.2599,-0.1693,0.0138,1.0164
37.5105,0.6818,0.7864,0.2495,0.1102,0.2728,-0.0509,-0.0006,-0.3322,0.7151,0.2450,0.0868,0.2599,-0.1689,0.0138,1.0165
37.5303,0.6834,0.7871,0.2506,0.1111,0.2742,-0.0498,0.0086,-0.3305,0.7157,0.2453,0.0889,0.2609,-0.1684,-0.0005,1.0164
37.5307,0.6857,0.7884,0.2506,0.1111,0.2742,-0.0487,0.0086,-0.3281,0.7167,0.2453,0.0889,0.2609,-0.1675,-0.0005,1.0163
37.5400,0.6901,0.7908,0.2503,0.1122,0.2743,-0.0466,0.0119,-0.3257,0.7175,0.2453,0.0900,0.2613,-0.1665,-0.0085,1.0185
37.5402,0.6901,0.7908,0.2503,0.1122,0.2743,-0.0466,0.0119,-0.3234,0.7183,0.2463,0.0904,0.2624,-0.1649,-0.0056,1.0161
37.5601,0.6921,0.7918,0.2510,0.1137,0.2755,-0.0458,0.0133,-0.3212,0.7190,0.2468,0.0906,0.2629,-0.1638,-0.0003,1.0159
37.5605,0.6946,0.7931,0.2510,0.1137,0.2755,-0.0446,0.0133,-0.3187,0.7200,0.2468,0.0906,0.2629,-0.1621,-0.0003,1.0159
37.5801,0.6964,0.7940,0.2522,0.1152,0.2773,-0.0438,0.0175,-0.3169,0.7208,0.2484,0.0914,0.2646,-0.1612,0.0090,1.0159
37.5901,0.6988,0.7952,0.2520,0.1155,0.2772,-0.0425,0.0188,-0.3145,0.7220,0.2481,0.0918,0.2645,-0.1597,0.0096,1.0159
37.5906,0.7006,0.7962,0.2520,0.1155,0.2772,-0.0415,0.0188,-0.3124,0.7230,0.2491,0.0929,0.2659,-0.1589,0.0087,1.0157
37.6004,0.7029,0.7975,0.2528,0.1171,0.2786,-0.0406,0.0191,-0.3099,0.7242,0.2496,0.0938,0.2667,-0.1577,0.0085,1.0154
37.6009,0.7048,0.7986,0.2531,0.1184,0.2794,-0.0394,0.0184,-0.3078,0.7251,0.2506,0.0949,0.2680,-0.1566,0.0083,1.0153
37.6201,0.7069,0.7998,0.2524,0.1188,0.2789,-0.0382,0.0144,-0.3055,0.7260,0.2502,0.0951,0.2676,-0.1548,0.0083,1.0151
37.6203,0.7091,0.8009,0.2524,0.1188,0.2789,-0.0373,0.0144,-0.3031,0.7269,0.2502,0.0951,0.2676,-0.1525,0.0083,1.0150
37.6302,0.7111,0.8020,0.2524,0.1204,0.2796,-0.0364,0.0176,-0.3009,0.7279,0.2513,0.0961,0.2690,-0.1507,0.0076,1.0148
37.6307,0.7135,0.8033,0.2521,0.1207,0.2795,-0.0346,0.0220,-0.2985,0.7291,0.2517,0.0967,0.2696,-0.1485,0.0062,1.0146
37.6500,0.7152,0.8044,0.2531,0.1217,0.2808,-0.0337,0.0236,-0.2964,0.7302,0.2530,0.0981,0.2714,-0.1471,0.0056,1.0143
37.6504,0.7174,0.8058,0.2531,0.1217,0.2808,-0.0330,0.0236,-0.2938,0.7315,0.2530,0.0981,0.2714,-0.1452,0.0056,1.0139
37.6700,0.7190,0.8070,0.2522,0.1230,0.2806,-0.0325,0.0259,-0.2917,0.7324,0.2538,0.0996,0.2726,-0.1437,0.0040,1.0135
37.6703,0.7211,0.8084,0.2522,0.1230,0.2806,-0.0321,0.0259,-0.2892,0.7337,0.2544,0.1001,0.2734,-0.1422,0.0028,1.0130
37.6801,0.7228,0.8094,0.2518,0.1246,0.2810,-0.0319,0.0210,-0.2871,0.7347,0.2552,0.1007,0.2743,-0.1409,0.0018,1.0127
37.6804,0.7247,0.8104,0.2517,0.1251,0.2811,-0.0312,0.0207,-0.2850,0.7358,0.2559,0.1015,0.2753,-0.1399,0.0016,1.0124
37.7002,0.7267,0.8115,0.2514,0.1254,0.2810,-0.0299,0.0209,-0.2827,0.7371,0.2561,0.1022,0.2757,-0.1386,0.0016,1.0122
37.7007,0.7287,0.8125,0.2514,0.1254,0.2810,-0.0289,0.0209,-0.2806,0.7384,0.2561,0.1022,0.2757,-0.1375,0.0016,1.0121
37.7203,0.7308,0.8137,0.2511,0.1262,0.2810,-0.0275,0.0245,-0.2783,0.7396,0.2565,0.1046,0.2770,-0.1366,0.0019,1.0119
37.7206,0.7326,0.8146,0.2512,0.1270,0.2814,-0.0265,0.0273,-0.2764,0.7406,0.2575,0.1058,0.2784,-0.1360,0.0012,1.0117
37.7400,0.7349,0.8161,0.2508,0.1276,0.2814,-0.0250,0.0277,-0.2739,0.7420,0.2579,0.1068,0.2791,-0.1346,0.0008,1.0115
37.7403,0.7366,0.8172,0.2508,0.1276,0.2814,-0.0242,0.0277,-0.2718,0.7430,0.2579,0.1068,0.2791,-0.1336,0.0008,1.0111
37.7502,0.7387,0.8185,0.2488,0.1284,0.2800,-0.0227,0.0178,-0.2693,0.7442,0.2579,0.1074,0.2793,-0.1320,0.0026,1.0107
37.7504,0.7406,0.8197,0.2488,0.1284,0.2800,-0.0216,0.0178,-0.2670,0.7455,0.2579,0.1074,0.2793,-0.1307,0.0026,1.0103
37.7702,0.7422,0.8205,0.2494,0.1302,0.2814,-0.0209,0.0179,-0.2650,0.7465,0.2603,0.1101,0.2826,-0.1296,0.0057,1.0099
37.7704,0.7443,0.8218,0.2494,0.1302,0.2814,-0.0199,0.0179,-0.2625,0.7478,0.2603,0.1101,0.2826,-0.1276,0.0057,1.0095
37.7802,0.7461,0.8228,0.2485,0.1303,0.2806,-0.0190,0.0189,-0.2604,0.7490,0.2613,0.1120,0.2843,-0.1259,0.0062,1.0092
37.7804,0.7482,0.8242,0.2485,0.1303,0.2806,-0.0176,0.0189,-0.2578,0.7504,0.2613,0.1120,0.2843,-0.1233,0.0062,1.0087
37.8000,0.7499,0.8253,0.2479,0.1312,0.2804,-0.0166,0.0232,-0.2557,0.7515,0.2628,0.1143,0.2866,-0.1218,0.0068,1.0083
37.8003,0.7519,0.8267,0.2479,0.1312,0.2804,-0.0152,0.0232,-0.2533,0.7529,0.2628,0.1143,0.2866,-0.1200,0.0068,1.0078
37.8202,0.7537,0.8279,0.2469,0.1326,0.2802,-0.0139,0.0238,-0.2510,0.7542,0.2639,0.1165,0.2885,-0.1180,0.0076,1.0074
37.8205,0.7553,0.8290,0.2465,0.1333,0.2802,-0.0129,0.0235,-0.2489,0.7554,0.2640,0.1175,0.2889,-0.1169,0.0076,1.0069
37.8304,0.7572,0.8301,0.2453,0.1333,0.2792,-0.0116,0.0231,-0.2466,0.7567,0.2637,0.1179,0.2888,-0.1148,0.0090,1.0064
37.8401,0.7591,0.8315,0.2452,0.1339,0.2794,-0.0098,0.0249,-0.2441,0.7582,0.2646,0.1192,0.2902,-0.1125,0.0091,1.0059
37.8405,0.7606,0.8325,0.2443,0.1343,0.2788,-0.0086,0.0297,-0.2421,0.7594,0.2650,0.1208,0.2913,-0.1107,0.0093,1.0053
37.8601,0.7622,0.8337,0.2433,0.1346,0.2781,-0.0074,0.0320,-0.2399,0.7608,0.2653,0.1221,0.2921,-0.1087,0.0093,1.0048
37.8604,0.7638,0.8351,0.2433,0.1346,0.2781,-0.0064,0.0320,-0.2378,0.7623,0.2655,0.1236,0.2929,-0.1061,0.0095,1.0042
37.8703,0.7652,0.8362,0.2410,0.1358,0.2766,-0.0058,0.0347,-0.2359,0.7636,0.2662,0.1253,0.2942,-0.1047,0.0098,1.0037
37.8706,0.7671,0.8377,0.2410,0.1358,0.2766,-0.0048,0.0347,-0.2334,0.7653,0.2662,0.1253,0.2942,-0.1027,0.0098,1.0032
37.8901,0.7688,0.8389,0.2384,0.1366,0.2748,-0.0044,0.0357,-0.2314,0.7667,0.2662,0.1284,0.2955,-0.1009,0.0090,1.0028
37.8999,0.7709,0.8404,0.2379,0.1371,0.2746,-0.0035,0.0359,-0.2288,0.7684,0.2663,0.1297,0.2962,-0.0982,0.0083,1.0023
37.9002,0.7723,0.8413,0.2379,0.1371,0.2746,-0.0029,0.0359,-0.2269,0.7695,0.2663,0.1297,0.2962,-0.0961,0.0083,1.0018
37.9199,0.7743,0.8428,0.2365,0.1376,0.2737,-0.0020,0.0376,-0.2244,0.7710,0.2663,0.1320,0.2972,-0.0933,0.0087,1.0013
37.9201,0.7758,0.8440,0.2365,0.1376,0.2737,-0.0012,0.0376,-0.2224,0.7723,0.2666,0.1334,0.2981,-0.0914,0.0090,1.0007
37.9302,0.7774,0.8453,0.2353,0.1388,0.2732,-0.0005,0.0346,-0.2201,0.7737,0.2667,0.1343,0.2986,-0.0891,0.0105,1.0001
37.9305,0.7789,0.8465,0.2353,0.1388,0.2732,-0.0002,0.0346,-0.2182,0.7751,0.2667,0.1343,0.2986,-0.0865,0.0105,0.9996
37.9501,0.7807,0.8479,0.2329,0.1395,0.2715,0.0003,0.0284,-0.2159,0.7769,0.2663,0.1362,0.2991,-0.0838,0.0166,0.9991
37.9504,0.7822,0.8491,0.2329,0.1395,0.2715,0.0005,0.0284,-0.2140,0.7784,0.2663,0.1362,0.2991,-0.0821,0.0166,0.9987
37.9600,0.7838,0.8503,0.2313,0.1401,0.2704,0.0006,0.0282,-0.2119,0.7800,0.2657,0.1391,0.2999,-0.0808,0.0202,0.9982
37.9801,0.7857,0.8518,0.2309,0.1406,0.2703,0.0008,0.0291,-0.2095,0.7818,0.2659,0.1407,0.3008,-0.0789,0.0197,0.9976
37.9803,0.7870,0.8530,0.2309,0.1406,0.2703,0.0010,0.0291,-0.2074,0.7832,0.2659,0.1407,0.3008,-0.0776,0.0197,0.9969
37.9903,0.7887,0.8545,0.2284,0.1414,0.2686,0.0010,0.0303,-0.2051,0.7848,0.2660,0.1440,0.3025,-0.0755,0.0182,0.9962
37.9908,0.7900,0.8557,0.2284,0.1414,0.2686,0.0011,0.0303,-0.2031,0.7862,0.2660,0.1440,0.3025,-0.0741,0.0182,0.9956
38.0101,0.7915,0.8571,0.2251,0.1426,0.2665,0.0013,0.0296,-0.2009,0.7879,0.2662,0.1463,0.3038,-0.0720,0.0188,0.9948
38.0105,0.7929,0.8583,0.2235,0.1432,0.2654,0.0012,0.0269,-0.1991,0.7894,0.2662,0.1463,0.3038,-0.0701,0.0188,0.9944
38.0197,0.7946,0.8598,0.2223,0.1439,0.2648,0.0013,0.0242,-0.1970,0.7913,0.2663,0.1487,0.3050,-0.0684,0.0192,0.9939
38.0201,0.7962,0.8612,0.2223,0.1439,0.2648,0.0013,0.0242,-0.1950,0.7930,0.2663,0.1487,0.3050,-0.0662,0.0192,0.9935
38.0400,0.7975,0.8623,0.2210,0.1456,0.2646,0.0013,0.0218,-0.1932,0.7945,0.2662,0.1527,0.3069,-0.0647,0.0205,0.9930
38.0501,0.7991,0.8639,0.2193,0.1455,0.2632,0.0015,0.0209,-0.1909,0.7964,0.2650,0.1540,0.3065,-0.0631,0.0185,0.9923
38.0503,0.8003,0.8650,0.2193,0.1455,0.2632,0.0016,0.0209,-0.1890,0.7979,0.2650,0.1540,0.3065,-0.0618,0.0185,0.9916
38.0702,0.8020,0.8666,0.2164,0.1465,0.2613,0.0017,0.0203,-0.1865,0.7998,0.2644,0.1578,0.3079,-0.0600,0.0117,0.9907
38.0707,0.8033,0.8679,0.2164,0.1465,0.2613,0.0017,0.0203,-0.1846,0.8014,0.2644,0.1597,0.3089,-0.0586,0.0084,0.9902
38.0798,0.8049,0.8694,0.2139,0.1479,0.2601,0.0017,0.0218,-0.1824,0.8032,0.2647,0.1612,0.3099,-0.0558,0.0090,0.9895
38.0801,0.8049,0.8694,0.2139,0.1479,0.2601,0.0017,0.0218,-0.1808,0.8047,0.2647,0.1612,0.3099,-0.0544,0.0090,0.9878
38.1003,0.8078,0.8721,0.2110,0.1488,0.2582,0.0017,0.0210,-0.1788,0.8065,0.2633,0.1634,0.3099,-0.0529,0.0116,0.9887
38.1007,0.8094,0.8735,0.2110,0.1488,0.2582,0.0017,0.0210,-0.1768,0.8084,0.2623,0.1647,0.3098,-0.0509,0.0121,0.9883
38.1101,0.8108,0.8750,0.2091,0.1498,0.2572,0.0017,0.0214,-0.1750,0.8101,0.2619,0.1666,0.3104,-0.0490,0.0130,0.9879
38.1104,0.8122,0.8764,0.2091,0.1498,0.2572,0.0017,0.0214,-0.1731,0.8118,0.2611,0.1682,0.3105,-0.0470,0.0136,0.9873
38.1303,0.8136,0.8778,0.2061,0.1509,0.2554,0.0018,0.0224,-0.1711,0.8136,0.2602,0.1698,0.3107,-0.0452,0.0147,0.9868
38.1400,0.8153,0.8795,0.2049,0.1516,0.2549,0.0020,0.0222,-0.1689,0.8156,0.2596,0.1714,0.3111,-0.0429,0.0154,0.9862
38.1404,0.8164,0.8807,0.2049,0.1516,0.2549,0.0020,0.0222,-0.1673,0.8170,0.2592,0.1730,0.3116,-0.0414,0.0168,0.9858
38.1602,0.8180,0.8823,0.2024,0.1527,0.2535,0.0022,0.0216,-0.1653,0.8189,0.2580,0.1735,0.3110,-0.0394,0.0189,0.9853
38.1605,0.8194,0.8837,0.2012,0.1529,0.2527,0.0023,0.0222,-0.1635,0.8206,0.2571,0.1748,0.3109,-0.0374,0.0216,0.9849
38.1699,0.8210,0.8853,0.2007,0.1534,0.2526,0.0023,0.0231,-0.1616,0.8225,0.2565,0.1763,0.3112,-0.0355,0.0271,0.9846
38.1701,0.8223,0.8866,0.2007,0.1534,0.2526,0.0024,0.0231,-0.1599,0.8241,0.2565,0.1763,0.3112,-0.0344,0.0271,0.9843
38.1899,0.8239,0.8881,0.1990,0.1544,0.2518,0.0026,0.0234,-0.1580,0.8261,0.2543,0.1788,0.3109,-0.0333,0.0326,0.9838
38.1902,0.8252,0.8895,0.1990,0.1544,0.2518,0.0027,0.0234,-0.1563,0.8279,0.2539,0.1806,0.3115,-0.0322,0.0348,0.9834
38.2001,0.8265,0.8909,0.1969,0.1561,0.2513,0.0028,0.0231,-0.1546,0.8295,0.2528,0.1815,0.3112,-0.0308,0.0358,0.9830
38.2004,0.8280,0.8927,0.1969,0.1561,0.2513,0.0031,0.0231,-0.1526,0.8317,0.2520,0.1823,0.3110,-0.0290,0.0367,0.9826
38.2197,0.8293,0.8942,0.1944,0.1580,0.2506,0.0032,0.0157,-0.1510,0.8335,0.2514,0.1841,0.3116,-0.0270,0.0375,0.9822
38.2200,0.8308,0.8960,0.1944,0.1580,0.2506,0.0036,0.0157,-0.1492,0.8356,0.2508,0.1858,0.3121,-0.0243,0.0391,0.9818
38.2400,0.8319,0.8975,0.1918,0.1598,0.2496,0.0039,0.0156,-0.1475,0.8374,0.2495,0.1872,0.3119,-0.0227,0.0420,0.9813
38.2403,0.8330,0.8991,0.1918,0.1598,0.2496,0.0039,0.0156,-0.1459,0.8393,0.2495,0.1872,0.3119,-0.0214,0.0420,0.9808
38.2599,0.8340,0.9007,0.1887,0.1613,0.2483,0.0038,0.0172,-0.1444,0.8412,0.2468,0.1903,0.3116,-0.0201,0.0419,0.9802
38.2602,0.8350,0.9024,0.1887,0.1613,0.2483,0.0038,0.0172,-0.1427,0.8431,0.2468,0.1903,0.3116,-0.0184,0.0419,0.9795
38.2700,0.8363,0.9041,0.1857,0.1637,0.2475,0.0033,0.0177,-0.1408,0.8452,0.2447,0.1933,0.3118,-0.0159,0.0404,0.9788
38.2703,0.8374,0.9055,0.1857,0.1637,0.2475,0.0031,0.0177,-0.1392,0.8469,0.2435,0.1947,0.3117,-0.0141,0.0401,0.9784
38.2902,0.8389,0.9072,0.1826,0.1654,0.2464,0.0028,0.0179,-0.1374,0.8490,0.2423,0.1959,0.3116,-0.0113,0.0402,0.9780
38.2904,0.8400,0.9085,0.1826,0.1654,0.2464,0.0027,0.0179,-0.1360,0.8507,0.2423,0.1959,0.3116,-0.0097,0.0402,0.9777
38.3000,0.8416,0.9104,0.1802,0.1662,0.2452,0.0026,0.0193,-0.1343,0.8530,0.2393,0.1983,0.3108,-0.0076,0.0409,0.9776
38.3003,0.8427,0.9119,0.1802,0.1662,0.2452,0.0027,0.0193,-0.1329,0.8550,0.2393,0.1983,0.3108,-0.0061,0.0409,0.9773
38.3204,0.8438,0.9135,0.1781,0.1680,0.2449,0.0027,0.0195,-0.1315,0.8570,0.2362,0.2016,0.3106,-0.0050,0.0423,0.9770
38.3206,0.8450,0.9151,0.1771,0.1690,0.2448,0.0030,0.0193,-0.1300,0.8590,0.2349,0.2034,0.3107,-0.0038,0.0424,0.9766
38.3401,0.8462,0.9169,0.1756,0.1699,0.2444,0.0038,0.0172,-0.1283,0.8612,0.2331,0.2047,0.3103,-0.0022,0.0429,0.9762
38.3404,0.8475,0.9185,0.1756,0.1699,0.2444,0.0045,0.0172,-0.1268,0.8633,0.2315,0.2060,0.3099,-0.0004,0.0433,0.9758
38.3503,0.8487,0.9199,0.1737,0.1719,0.2444,0.0051,0.0100,-0.1255,0.8651,0.2305,0.2078,0.3103,0.0015,0.0434,0.9757
38.3506,0.8501,0.9214,0.1737,0.1719,0.2444,0.0064,0.0100,-0.1240,0.8674,0.2287,0.2086,0.3096,0.0037,0.0432,0.9756
38.3700,0.8513,0.9229,0.1726,0.1728,0.2442,0.0076,0.0122,-0.1228,0.8694,0.2276,0.2102,0.3098,0.0058,0.0432,0.9755
38.3803,0.8526,0.9245,0.1723,0.1734,0.2444,0.0085,0.0187,-0.1213,0.8716,0.2263,0.2117,0.3098,0.0071,0.0428,0.9753
38.3808,0.8536,0.9258,0.1709,0.1736,0.2436,0.0092,0.0251,-0.1202,0.8735,0.2242,0.2126,0.3090,0.0082,0.0426,0.9752
38.3999,0.8550,0.9276,0.1695,0.1740,0.2429,0.0103,0.0278,-0.1184,0.8759,0.2224,0.2136,0.3084,0.0103,0.0431,0.9748
38.4002,0.8559,0.9290,0.1682,0.1746,0.2424,0.0108,0.0277,-0.1172,0.8777,0.2224,0.2136,0.3084,0.0121,0.0431,0.9745
38.4099,0.8571,0.9306,0.1672,0.1753,0.2422,0.0115,0.0274,-0.1157,0.8799,0.2194,0.2165,0.3083,0.0138,0.0422,0.9741
38.4101,0.8582,0.9321,0.1656,0.1756,0.2414,0.0121,0.0281,-0.1143,0.8820,0.2175,0.2177,0.3077,0.0155,0.0402,0.9738
38.4302,0.8592,0.9337,0.1648,0.1762,0.2413,0.0124,0.0304,-0.1130,0.8842,0.2161,0.2194,0.3079,0.0169,0.0350,0.9734
38.4306,0.8604,0.9355,0.1648,0.1762,0.2413,0.0128,0.0304,-0.1116,0.8865,0.2143,0.2209,0.3078,0.0185,0.0292,0.9732
38.4402,0.8613,0.9369,0.1630,0.1780,0.2413,0.0130,0.0362,-0.1105,0.8884,0.2131,0.2228,0.3083,0.0194,0.0248,0.9730
38.4405,0.8625,0.9387,0.1630,0.1780,0.2413,0.0132,0.0362,-0.1093,0.8907,0.2131,0.2228,0.3083,0.0209,0.0248,0.9730
38.4601,0.8636,0.9402,0.1606,0.1792,0.2406,0.0133,0.0407,-0.1084,0.8927,0.2093,0.2246,0.3070,0.0219,0.0256,0.9731
38.4605,0.8649,0.9421,0.1606,0.1792,0.2406,0.0136,0.0407,-0.1071,0.8950,0.2071,0.2254,0.3061,0.0233,0.0277,0.9732
38.4802,0.8659,0.9435,0.1585,0.1805,0.2402,0.0138,0.0413,-0.1062,0.8969,0.2047,0.2264,0.3052,0.0244,0.0296,0.9733
38.4806,0.8670,0.9454,0.1585,0.1805,0.2402,0.0140,0.0413,-0.1050,0.8990,0.2047,0.2264,0.3052,0.0254,0.0296,0.9732
38.5002,0.8680,0.9470,0.1568,0.1818,0.2401,0.0144,0.0420,-0.1039,0.9010,0.2002,0.2285,0.3038,0.0262,0.0256,0.9730
38.5006,0.8689,0.9488,0.1568,0.1818,0.2401,0.0147,0.0420,-0.1028,0.9031,0.2002,0.2285,0.3038,0.0270,0.0256,0.9728
38.5101,0.8698,0.9505,0.1548,0.1834,0.2400,0.0148,0.0416,-0.1017,0.9052,0.1962,0.2304,0.3026,0.0278,0.0241,0.9726
38.5105,0.8708,0.9524,0.1539,0.1844,0.2401,0.0149,0.0417,-0.1004,0.9073,0.1948,0.2316,0.3026,0.0289,0.0209,0.9722
38.5299,0.8718,0.9541,0.1525,0.1852,0.2399,0.0150,0.0425,-0.0990,0.9091,0.1932,0.2320,0.3019,0.0308,0.0152,0.9719
38.5302,0.8727,0.9558,0.1511,0.1859,0.2396,0.0151,0.0436,-0.0976,0.9105,0.1919,0.2321,0.3012,0.0326,0.0117,0.9713
38.5400,0.8738,0.9578,0.1503,0.1870,0.2399,0.0153,0.0445,-0.0959,0.9119,0.1913,0.2321,0.3007,0.0347,0.0110,0.9708
38.5404,0.8748,0.9595,0.1503,0.1870,0.2399,0.0156,0.0445,-0.0944,0.9133,0.1913,0.2321,0.3007,0.0360,0.0110,0.9703
38.5601,0.8759,0.9614,0.1490,0.1890,0.2406,0.0158,0.0456,-0.0929,0.9149,0.1892,0.2308,0.2985,0.0377,0.0183,0.9699
38.5606,0.8769,0.9631,0.1490,0.1890,0.2406,0.0160,0.0456,-0.0917,0.9165,0.1873,0.2301,0.2967,0.0391,0.0299,0.9697
38.5802,0.8779,0.9650,0.1471,0.1904,0.2406,0.0166,0.0430,-0.0908,0.9182,0.1857,0.2302,0.2957,0.0403,0.0323,0.9698
38.5807,0.8789,0.9668,0.1471,0.1904,0.2406,0.0170,0.0430,-0.0900,0.9201,0.1857,0.2302,0.2957,0.0415,0.0323,0.9700
38.5905,0.8799,0.9687,0.1455,0.1925,0.2413,0.0175,0.0419,-0.0894,0.9222,0.1815,0.2309,0.2937,0.0419,0.0292,0.9704
38.5910,0.8810,0.9707,0.1443,0.1932,0.2411,0.0179,0.0415,-0.0888,0.9246,0.1815,0.2309,0.2937,0.0420,0.0292,0.9709
38.6101,0.8819,0.9723,0.1433,0.1942,0.2414,0.0180,0.0394,-0.0882,0.9263,0.1761,0.2324,0.2916,0.0420,0.0123,0.9712
38.6105,0.8831,0.9743,0.1422,0.1946,0.2410,0.0181,0.0372,-0.0871,0.9284,0.1736,0.2325,0.2901,0.0417,0.0051,0.9713
38.6199,0.8838,0.9759,0.1418,0.1959,0.2419,0.0182,0.0357,-0.0862,0.9297,0.1719,0.2332,0.2897,0.0417,-0.0011,0.9711
38.6301,0.8849,0.9781,0.1404,0.1961,0.2412,0.0185,0.0359,-0.0847,0.9314,0.1698,0.2322,0.2877,0.0424,-0.0012,0.9707
38.6303,0.8856,0.9797,0.1404,0.1961,0.2412,0.0188,0.0359,-0.0836,0.9324,0.1698,0.2322,0.2877,0.0433,-0.0012,0.9704
38.6501,0.8866,0.9817,0.1385,0.1980,0.2416,0.0192,0.0367,-0.0821,0.9338,0.1676,0.2309,0.2853,0.0450,0.0120,0.9699
38.6506,0.8874,0.9836,0.1385,0.1980,0.2416,0.0197,0.0367,-0.0808,0.9351,0.1663,0.2298,0.2836,0.0467,0.0295,0.9695
38.6701,0.8893,0.9875,0.1361,0.1997,0.2417,0.0208,0.0378,-0.0798,0.9364,0.1653,0.2290,0.2824,0.0482,0.0337,0.9705
38.6702,0.8893,0.9875,0.1361,0.1997,0.2417,0.0208,0.0378,-0.0787,0.9382,0.1653,0.2290,0.2824,0.0506,0.0337,0.9693
38.6799,0.8904,0.9894,0.1340,0.2018,0.2423,0.0211,0.0390,-0.0781,0.9400,0.1624,0.2282,0.2801,0.0527,0.0318,0.9697
38.6802,0.8913,0.9911,0.1340,0.2018,0.2423,0.0213,0.0390,-0.0777,0.9417,0.1599,0.2278,0.2783,0.0542,0.0283,0.9703
38.7000,0.8921,0.9928,0.1322,0.2032,0.2424,0.0218,0.0393,-0.0775,0.9433,0.1572,0.2277,0.2766,0.0557,0.0257,0.9709
38.7102,0.8933,0.9949,0.1313,0.2038,0.2425,0.0222,0.0407,-0.0772,0.9453,0.1543,0.2276,0.2749,0.0571,0.0242,0.9717
38.7105,0.8940,0.9964,0.1313,0.2038,0.2425,0.0223,0.0407,-0.0770,0.9466,0.1543,0.2276,0.2749,0.0573,0.0242,0.9723
38.7300,0.8951,0.9985,0.1293,0.2044,0.2419,0.0229,0.0438,-0.0765,0.9485,0.1480,0.2262,0.2703,0.0571,0.0265,0.9729
38.7303,0.8960,1.0002,0.1287,0.2051,0.2421,0.0232,0.0437,-0.0759,0.9500,0.1453,0.2258,0.2686,0.0568,0.0257,0.9732
38.7398,0.8971,1.0024,0.1282,0.2055,0.2422,0.0235,0.0432,-0.0749,0.9519,0.1434,0.2252,0.2669,0.0565,0.0245,0.9733
38.7400,0.8981,1.0042,0.1282,0.2055,0.2422,0.0237,0.0432,-0.0740,0.9534,0.1434,0.2252,0.2669,0.0565,0.0245,0.9734
38.7603,0.8991,1.0060,0.1282,0.2070,0.2435,0.0239,0.0427,-0.0730,0.9551,0.1408,0.2244,0.2649,0.0566,0.0233,0.9734
38.7606,0.9002,1.0078,0.1282,0.2070,0.2435,0.0238,0.0427,-0.0721,0.9567,0.1394,0.2239,0.2638,0.0573,0.0226,0.9737
38.7702,0.9013,1.0097,0.1279,0.2075,0.2437,0.0238,0.0422,-0.0713,0.9585,0.1373,0.2231,0.2620,0.0596,0.0244,0.9740
38.7705,0.9025,1.0116,0.1279,0.2075,0.2437,0.0238,0.0422,-0.0705,0.9604,0.1359,0.2232,0.2613,0.0625,0.0258,0.9743
38.7902,0.9035,1.0135,0.1272,0.2088,0.2445,0.0238,0.0385,-0.0698,0.9622,0.1339,0.2227,0.2598,0.0643,0.0254,0.9746
38.7905,0.9045,1.0153,0.1272,0.2088,0.2445,0.0239,0.0385,-0.0691,0.9641,0.1339,0.2227,0.2598,0.0661,0.0254,0.9750
38.8100,0.9054,1.0170,0.1258,0.2098,0.2446,0.0239,0.0376,-0.0686,0.9658,0.1304,0.2221,0.2576,0.0678,0.0216,0.9753
38.8201,0.9065,1.0190,0.1254,0.2101,0.2447,0.0240,0.0365,-0.0678,0.9679,0.1287,0.2216,0.2563,0.0697,0.0211,0.9756
38.8204,0.9073,1.0205,0.1254,0.2101,0.2447,0.0240,0.0365,-0.0673,0.9695,0.1287,0.2216,0.2563,0.0711,0.0211,0.9759
38.8301,0.9090,1.0243,0.1246,0.2109,0.2449,0.0239,0.0349,-0.0665,0.9715,0.1255,0.2211,0.2542,0.0724,0.0208,0.9769
38.8304,0.9090,1.0243,0.1246,0.2109,0.2449,0.0239,0.0349,-0.0656,0.9735,0.1255,0.2211,0.2542,0.0743,0.0208,0.9760
38.8503,0.9098,1.0260,0.1231,0.2116,0.2448,0.0237,0.0346,-0.0649,0.9752,0.1224,0.2205,0.2522,0.0760,0.0209,0.9760
38.8506,0.9107,1.0280,0.1231,0.2116,0.2448,0.0232,0.0346,-0.0641,0.9773,0.1211,0.2202,0.2513,0.0780,0.0205,0.9761
38.8701,0.9115,1.0298,0.1211,0.2132,0.2452,0.0227,0.0317,-0.0635,0.9792,0.1197,0.2198,0.2503,0.0800,0.0200,0.9762
38.8704,0.9124,1.0320,0.1211,0.2132,0.2452,0.0226,0.0317,-0.0627,0.9814,0.1186,0.2196,0.2496,0.0819,0.0197,0.9764
38.8799,0.9131,1.0337,0.1197,0.2150,0.2461,0.0224,0.0188,-0.0621,0.9832,0.1173,0.2195,0.2489,0.0832,0.0195,0.9765
38.8898,0.9141,1.0359,0.1190,0.2158,0.2464,0.0223,0.0148,-0.0613,0.9854,0.1162,0.2194,0.2482,0.0846,0.0195,0.9767
38.8900,0.9149,1.0377,0.1190,0.2158,0.2464,0.0223,0.0148,-0.0606,0.9874,0.1162,0.2194,0.2482,0.0860,0.0195,0.9768
38.9102,0.9157,1.0393,0.1180,0.2174,0.2474,0.0224,0.0095,-0.0601,0.9892,0.1132,0.2195,0.2469,0.0879,0.0196,0.9770
38.9105,0.9165,1.0410,0.1180,0.2174,0.2474,0.0225,0.0095,-0.0594,0.9911,0.1132,0.2195,0.2469,0.0900,0.0196,0.9772
38.9200,0.9175,1.0430,0.1167,0.2179,0.2472,0.0226,0.0050,-0.0588,0.9933,0.1098,0.2183,0.2444,0.0931,0.0253,0.9775
38.9203,0.9184,1.0448,0.1167,0.2179,0.2472,0.0235,0.0050,-0.0581,0.9955,0.1098,0.2183,0.2444,0.0961,0.0253,0.9778
38.9402,0.9193,1.0465,0.1161,0.2187,0.2476,0.0245,0.0004,-0.0575,0.9976,0.1070,0.2180,0.2429,0.0990,0.0292,0.9780
38.9405,0.9203,1.0484,0.1161,0.2187,0.2476,0.0256,0.0004,-0.0568,0.9998,0.1070,0.2180,0.2429,0.1015,0.0292,0.9783
38.9602,0.9210,1.0499,0.1156,0.2194,0.2480,0.0261,-0.0049,-0.0564,1.0015,0.1051,0.2181,0.2421,0.1027,0.0240,0.9786
38.9605,0.9222,1.0522,0.1156,0.2194,0.2480,0.0276,-0.0049,-0.0559,1.0040,0.1039,0.2176,0.2412,0.1048,0.0204,0.9793
38.9698,0.9229,1.0540,0.1145,0.2203,0.2483,0.0286,-0.0067,-0.0557,1.0059,0.1024,0.2180,0.2409,0.1056,0.0161,0.9798
38.9701,0.9237,1.0559,0.1145,0.2203,0.2483,0.0300,-0.0067,-0.0556,1.0079,0.1024,0.2180,0.2409,0.1062,0.0161,0.9805
38.9900,0.9244,1.0578,0.1134,0.2211,0.2485,0.0311,-0.0107,-0.0555,1.0096,0.0988,0.2176,0.2390,0.1065,0.0237,0.9811
38.9903,0.9252,1.0597,0.1134,0.2211,0.2485,0.0320,-0.0107,-0.0553,1.0115,0.0988,0.2176,0.2390,0.1069,0.0237,0.9817
39.0102,0.9261,1.0617,0.1126,0.2219,0.2489,0.0332,-0.0130,-0.0550,1.0134,0.0951,0.2168,0.2368,0.1073,0.0312,0.9823
39.0106,0.9268,1.0634,0.1126,0.2219,0.2489,0.0339,-0.0130,-0.0546,1.0152,0.0951,0.2168,0.2368,0.1075,0.0312,0.9826
39.0304,0.9278,1.0656,0.1120,0.2220,0.2487,0.0348,-0.0153,-0.0539,1.0174,0.0915,0.2159,0.2345,0.1078,0.0442,0.9829
39.0307,0.9286,1.0673,0.1121,0.2229,0.2495,0.0359,-0.0167,-0.0532,1.0193,0.0903,0.2167,0.2348,0.1081,0.0461,0.9830
39.0399,0.9296,1.0693,0.1119,0.2230,0.2495,0.0378,-0.0167,-0.0523,1.0214,0.0888,0.2176,0.2350,0.1088,0.0448,0.9830
39.0402,0.9302,1.0709,0.1119,0.2230,0.2495,0.0390,-0.0167,-0.0517,1.0230,0.0872,0.2190,0.2357,0.1098,0.0415,0.9831
39.0601,0.9311,1.0733,0.1107,0.2227,0.2487,0.0407,-0.0163,-0.0509,1.0255,0.0853,0.2195,0.2355,0.1122,0.0335,0.9832
39.0606,0.9317,1.0750,0.1107,0.2227,0.2487,0.0416,-0.0163,-0.0504,1.0274,0.0853,0.2195,0.2355,0.1138,0.0335,0.9833
39.0700,0.9325,1.0770,0.1097,0.2237,0.2492,0.0422,-0.0157,-0.0500,1.0296,0.0826,0.2218,0.2367,0.1151,0.0224,0.9836
39.0703,0.9331,1.0791,0.1097,0.2237,0.2492,0.0428,-0.0157,-0.0496,1.0320,0.0826,0.2218,0.2367,0.1168,0.0224,0.9838
39.0901,0.9338,1.0813,0.1086,0.2246,0.2495,0.0432,-0.0157,-0.0491,1.0344,0.0809,0.2237,0.2379,0.1183,0.0248,0.9841
39.0904,0.9344,1.0833,0.1079,0.2251,0.2497,0.0439,-0.0158,-0.0487,1.0367,0.0805,0.2243,0.2383,0.1193,0.0308,0.9842
39.1100,0.9349,1.0850,0.1068,0.2253,0.2493,0.0444,-0.0144,-0.0484,1.0386,0.0801,0.2242,0.2381,0.1206,0.0381,0.9844
39.1103,0.9356,1.0872,0.1068,0.2253,0.2493,0.0450,-0.0144,-0.0479,1.0411,0.0796,0.2246,0.2383,0.1221,0.0434,0.9845
39.1200,0.9362,1.0893,0.1051,0.2258,0.2490,0.0458,-0.0126,-0.0475,1.0435,0.0785,0.2255,0.2388,0.1235,0.0473,0.9848
39.1299,0.9371,1.0916,0.1048,0.2267,0.2498,0.0468,-0.0142,-0.0470,1.0461,0.0775,0.2275,0.2404,0.1251,0.0455,0.9851
39.1302,0.9376,1.0932,0.1044,0.2269,0.2498,0.0473,-0.0173,-0.0467,1.0480,0.0775,0.2275,0.2404,0.1261,0.0455,0.9853
39.1499,0.9381,1.0951,0.1039,0.2270,0.2496,0.0478,-0.0183,-0.0464,1.0502,0.0737,0.2312,0.2427,0.1267,0.0267,0.9855
39.1501,0.9387,1.0972,0.1039,0.2270,0.2496,0.0482,-0.0183,-0.0461,1.0527,0.0737,0.2312,0.2427,0.1277,0.0267,0.9858
39.1703,0.9392,1.0994,0.1024,0.2274,0.2494,0.0487,-0.0212,-0.0458,1.0551,0.0695,0.2352,0.2453,0.1283,0.0021,0.9860
39.1707,0.9398,1.1017,0.1024,0.2274,0.2494,0.0492,-0.0212,-0.0454,1.0577,0.0695,0.2352,0.2453,0.1291,0.0021,0.9862
39.1798,0.9403,1.1037,0.1010,0.2283,0.2496,0.0493,-0.0255,-0.0452,1.0599,0.0666,0.2389,0.2480,0.1296,0.0029,0.9865
39.1801,0.9403,1.1037,0.1010,0.2283,0.2496,0.0493,-0.0255,-0.0450,1.0624,0.0666,0.2389,0.2480,0.1299,0.0029,0.9862
39.2001,0.9412,1.1080,0.0990,0.2295,0.2499,0.0494,-0.0318,-0.0448,1.0647,0.0654,0.2413,0.2500,0.1301,0.0058,0.9870
39.2006,0.9418,1.1105,0.0990,0.2295,0.2499,0.0494,-0.0318,-0.0445,1.0674,0.0654,0.2413,0.2500,0.1304,0.0058,0.9872
39.2099,0.9422,1.1125,0.0970,0.2312,0.2507,0.0494,-0.0487,-0.0442,1.0697,0.0654,0.2443,0.2529,0.1312,0.0038,0.9873
39.2200,0.9428,1.1148,0.0964,0.2321,0.2514,0.0495,-0.0520,-0.0437,1.0724,0.0656,0.2462,0.2548,0.1323,0.0022,0.9875
39.2204,0.9433,1.1167,0.0964,0.2321,0.2514,0.0496,-0.0520,-0.0433,1.0746,0.0656,0.2462,0.2548,0.1331,0.0022,0.9876
39.2401,0.9438,1.1189,0.0946,0.2329,0.2514,0.0499,-0.0600,-0.0430,1.0772,0.0651,0.2492,0.2575,0.1340,0.0004,0.9877
39.2500,0.9443,1.1209,0.0934,0.2330,0.2511,0.0504,-0.0635,-0.0426,1.0796,0.0638,0.2505,0.2585,0.1352,-0.0002,0.9877
39.2502,0.9447,1.1229,0.0934,0.2330,0.2511,0.0510,-0.0635,-0.0422,1.0820,0.0638,0.2505,0.2585,0.1364,-0.0002,0.9877
39.2598,0.9452,1.1251,0.0912,0.2338,0.2510,0.0518,-0.0648,-0.0416,1.0847,0.0617,0.2539,0.2612,0.1384,-0.0179,0.9876
39.2601,0.9452,1.1251,0.0912,0.2338,0.2510,0.0518,-0.0648,-0.0410,1.0872,0.0610,0.2559,0.2630,0.1398,-0.0375,0.9870
39.2801,0.9459,1.1296,0.0884,0.2350,0.2511,0.0527,-0.0646,-0.0404,1.0901,0.0605,0.2574,0.2644,0.1414,-0.0509,0.9871
39.2804,0.9462,1.1314,0.0884,0.2350,0.2511,0.0529,-0.0646,-0.0400,1.0922,0.0602,0.2594,0.2663,0.1424,-0.0603,0.9870
39.3002,0.9466,1.1339,0.0853,0.2359,0.2508,0.0528,-0.0668,-0.0395,1.0949,0.0596,0.2600,0.2667,0.1433,-0.0616,0.9869
39.3004,0.9470,1.1360,0.0853,0.2359,0.2508,0.0527,-0.0668,-0.0391,1.0973,0.0596,0.2600,0.2667,0.1439,-0.0616,0.9869
39.3199,0.9475,1.1381,0.0832,0.2381,0.2522,0.0527,-0.0641,-0.0386,1.0997,0.0589,0.2629,0.2695,0.1445,-0.0578,0.9868
39.3201,0.9478,1.1401,0.0832,0.2381,0.2522,0.0526,-0.0641,-0.0382,1.1018,0.0589,0.2629,0.2695,0.1451,-0.0578,0.9867
39.3301,0.9481,1.1423,0.0811,0.2391,0.2525,0.0525,-0.0623,-0.0377,1.1041,0.0582,0.2644,0.2707,0.1461,-0.0550,0.9865
39.3305,0.9483,1.1444,0.0811,0.2391,0.2525,0.0526,-0.0623,-0.0371,1.1065,0.0576,0.2653,0.2715,0.1472,-0.0538,0.9862
39.3399,0.9486,1.1467,0.0786,0.2403,0.2529,0.0528,-0.0626,-0.0364,1.1091,0.0570,0.2660,0.2720,0.1487,-0.0542,0.9858
39.3502,0.9490,1.1491,0.0778,0.2415,0.2537,0.0530,-0.0642,-0.0356,1.1119,0.0571,0.2678,0.2738,0.1499,-0.0543,0.9853
39.3507,0.9493,1.1510,0.0778,0.2415,0.2537,0.0531,-0.0642,-0.0351,1.1142,0.0571,0.2678,0.2738,0.1503,-0.0543,0.9851
39.3702,0.9501,1.1554,0.0758,0.2423,0.2539,0.0532,-0.0659,-0.0344,1.1171,0.0568,0.2701,0.2760,0.1505,-0.0698,0.9852
39.3704,0.9501,1.1554,0.0758,0.2423,0.2539,0.0532,-0.0659,-0.0339,1.1194,0.0568,0.2701,0.2760,0.1505,-0.0698,0.9846
39.3901,0.9504,1.1576,0.0739,0.2433,0.2543,0.0532,-0.0639,-0.0333,1.1219,0.0564,0.2725,0.2783,0.1505,-0.0802,0.9843
39.3904,0.9507,1.1597,0.0727,0.2434,0.2540,0.0532,-0.0618,-0.0327,1.1242,0.0564,0.2725,0.2783,0.1503,-0.0802,0.9840
39.4103,0.9514,1.1644,0.0707,0.2453,0.2553,0.0531,-0.0599,-0.0321,1.1266,0.0558,0.2735,0.2792,0.1502,-0.0817,0.9842
39.4105,0.9514,1.1644,0.0707,0.2453,0.2553,0.0531,-0.0599,-0.0314,1.1291,0.0558,0.2735,0.2792,0.1501,-0.0817,0.9834
39.4198,0.9517,1.1665,0.0697,0.2467,0.2563,0.0531,-0.0595,-0.0308,1.1315,0.0562,0.2760,0.2816,0.1500,-0.0806,0.9831
39.4200,0.9521,1.1687,0.0697,0.2467,0.2563,0.0531,-0.0595,-0.0301,1.1340,0.0562,0.2760,0.2816,0.1499,-0.0806,0.9828
39.4297,0.9524,1.1710,0.0672,0.2478,0.2568,0.0530,-0.0598,-0.0296,1.1365,0.0559,0.2770,0.2826,0.1498,-0.0789,0.9826
39.4300,0.9529,1.1734,0.0672,0.2478,0.2568,0.0529,-0.0598,-0.0290,1.1392,0.0559,0.2779,0.2834,0.1498,-0.0781,0.9825
39.4502,0.9532,1.1754,0.0651,0.2499,0.2583,0.0528,-0.0600,-0.0286,1.1416,0.0556,0.2789,0.2843,0.1493,-0.0774,0.9823
39.4603,0.9535,1.1779,0.0643,0.2511,0.2592,0.0526,-0.0591,-0.0280,1.1444,0.0556,0.2802,0.2856,0.1479,-0.0762,0.9821
39.4606,0.9538,1.1799,0.0643,0.2511,0.2592,0.0525,-0.0591,-0.0276,1.1467,0.0556,0.2802,0.2856,0.1467,-0.0762,0.9819
39.4800,0.9540,1.1821,0.0617,0.2519,0.2593,0.0524,-0.0569,-0.0271,1.1492,0.0562,0.2817,0.2873,0.1455,-0.0764,0.9816
39.4805,0.9542,1.1846,0.0617,0.2519,0.2593,0.0521,-0.0569,-0.0265,1.1518,0.0562,0.2817,0.2873,0.1439,-0.0764,0.9813
39.4902,0.9549,1.1889,0.0595,0.2535,0.2604,0.0510,-0.0529,-0.0261,1.1541,0.0579,0.2843,0.2902,0.1428,-0.0827,0.9816
39.4904,0.9549,1.1889,0.0595,0.2535,0.2604,0.0510,-0.0529,-0.0255,1.1568,0.0585,0.2851,0.2910,0.1415,-0.0855,0.9809
39.5101,0.9552,1.1909,0.0576,0.2545,0.2609,0.0505,-0.0513,-0.0251,1.1591,0.0590,0.2868,0.2928,0.1403,-0.0888,0.9808
39.5201,0.9558,1.1933,0.0568,0.2549,0.2611,0.0500,-0.0494,-0.0245,1.1620,0.0591,0.2878,0.2938,0.1384,-0.0901,0.9808
39.5205,0.9561,1.1953,0.0568,0.2549,0.2611,0.0499,-0.0494,-0.0241,1.1643,0.0591,0.2878,0.2938,0.1373,-0.0901,0.9807
39.5403,0.9565,1.1976,0.0549,0.2559,0.2617,0.0497,-0.0461,-0.0236,1.1671,0.0581,0.2900,0.2958,0.1357,-0.0940,0.9805
39.5406,0.9568,1.1997,0.0549,0.2559,0.2617,0.0493,-0.0461,-0.0230,1.1695,0.0575,0.2914,0.2970,0.1346,-0.0942,0.9803
39.5503,0.9571,1.2021,0.0532,0.2577,0.2631,0.0489,-0.0455,-0.0223,1.1721,0.0575,0.2929,0.2985,0.1334,-0.0948,0.9798
39.5506,0.9572,1.2042,0.0532,0.2577,0.2631,0.0486,-0.0455,-0.0218,1.1744,0.0575,0.2929,0.2985,0.1327,-0.0948,0.9794
39.5701,0.9574,1.2063,0.0509,0.2584,0.2633,0.0478,-0.0467,-0.0212,1.1769,0.0573,0.2941,0.2996,0.1316,-0.0961,0.9791
39.5706,0.9576,1.2086,0.0509,0.2584,0.2633,0.0470,-0.0467,-0.0208,1.1794,0.0573,0.2941,0.2996,0.1308,-0.0961,0.9788
39.5799,0.9578,1.2107,0.0489,0.2589,0.2635,0.0469,-0.0532,-0.0204,1.1819,0.0575,0.2949,0.3004,0.1290,-0.0955,0.9787
39.5804,0.9582,1.2130,0.0489,0.2589,0.2635,0.0463,-0.0532,-0.0200,1.1845,0.0575,0.2949,0.3004,0.1274,-0.0955,0.9786
39.6001,0.9585,1.2152,0.0475,0.2595,0.2638,0.0456,-0.0595,-0.0196,1.1870,0.0574,0.2958,0.3013,0.1255,-0.0939,0.9786
39.6005,0.9588,1.2172,0.0475,0.2595,0.2638,0.0452,-0.0595,-0.0193,1.1894,0.0574,0.2958,0.3013,0.1236,-0.0939,0.9785
39.6200,0.9592,1.2195,0.0465,0.2600,0.2641,0.0449,-0.0624,-0.0189,1.1920,0.0572,0.2965,0.3020,0.1219,-0.0921,0.9785
39.6205,0.9595,1.2218,0.0465,0.2600,0.2641,0.0444,-0.0624,-0.0185,1.1948,0.0572,0.2965,0.3020,0.1196,-0.0921,0.9783
39.6299,0.9597,1.2239,0.0448,0.2605,0.2644,0.0440,-0.0594,-0.0181,1.1972,0.0570,0.2974,0.3028,0.1180,-0.0874,0.9782
39.6302,0.9598,1.2258,0.0448,0.2605,0.2644,0.0437,-0.0594,-0.0178,1.1997,0.0570,0.2974,0.3028,0.1165,-0.0874,0.9780
39.6500,0.9600,1.2282,0.0435,0.2615,0.2651,0.0434,-0.0570,-0.0174,1.2026,0.0572,0.2988,0.3043,0.1144,-0.0870,0.9777
39.6504,0.9601,1.2302,0.0435,0.2615,0.2651,0.0430,-0.0570,-0.0169,1.2050,0.0575,0.2998,0.3052,0.1131,-0.0901,0.9774
39.6702,0.9603,1.2325,0.0418,0.2616,0.2649,0.0426,-0.0523,-0.0163,1.2077,0.0577,0.2998,0.3053,0.1118,-0.0929,0.9769
39.6704,0.9604,1.2347,0.0409,0.2617,0.2648,0.0421,-0.0499,-0.0158,1.2102,0.0577,0.2998,0.3053,0.1104,-0.0929,0.9765
39.6903,0.9606,1.2368,0.0403,0.2620,0.2651,0.0416,-0.0474,-0.0152,1.2128,0.0589,0.3006,0.3063,0.1090,-0.0944,0.9761
39.6907,0.9608,1.2388,0.0403,0.2620,0.2651,0.0412,-0.0474,-0.0148,1.2152,0.0589,0.3006,0.3063,0.1077,-0.0944,0.9759
39.7004,0.9610,1.2411,0.0392,0.2616,0.2645,0.0404,-0.0402,-0.0143,1.2178,0.0601,0.3008,0.3068,0.1066,-0.0940,0.9756
39.7008,0.9612,1.2432,0.0385,0.2612,0.2640,0.0396,-0.0317,-0.0139,1.2204,0.0604,0.3008,0.3068,0.1052,-0.0941,0.9753
39.7200,0.9614,1.2453,0.0380,0.2614,0.2642,0.0390,-0.0290,-0.0135,1.2229,0.0607,0.3014,0.3074,0.1041,-0.0949,0.9751
39.7204,0.9616,1.2476,0.0380,0.2614,0.2642,0.0381,-0.0290,-0.0130,1.2256,0.0607,0.3014,0.3074,0.1029,-0.0949,0.9749
39.7300,0.9619,1.2498,0.0366,0.2618,0.2643,0.0371,-0.0218,-0.0126,1.2283,0.0607,0.3020,0.3081,0.1013,-0.0963,0.9747
39.7303,0.9621,1.2521,0.0366,0.2618,0.2643,0.0362,-0.0218,-0.0122,1.2310,0.0607,0.3020,0.3081,0.0996,-0.0963,0.9746
39.7502,0.9623,1.2543,0.0357,0.2623,0.2647,0.0353,-0.0178,-0.0118,1.2335,0.0607,0.3028,0.3088,0.0977,-0.0880,0.9744
39.7506,0.9625,1.2566,0.0357,0.2623,0.2647,0.0344,-0.0178,-0.0114,1.2361,0.0607,0.3028,0.3088,0.0957,-0.0880,0.9741
39.7700,0.9626,1.2587,0.0346,0.2631,0.2653,0.0337,-0.0167,-0.0111,1.2385,0.0604,0.3029,0.3088,0.0941,-0.0577,0.9739
39.7703,0.9627,1.2610,0.0346,0.2631,0.2653,0.0328,-0.0167,-0.0108,1.2411,0.0604,0.3029,0.3088,0.0924,-0.0577,0.9737
39.7800,0.9628,1.2632,0.0335,0.2628,0.2649,0.0320,-0.0145,-0.0104,1.2436,0.0592,0.3022,0.3079,0.0910,-0.0382,0.9734
39.7902,0.9629,1.2656,0.0332,0.2635,0.2655,0.0309,-0.0136,-0.0100,1.2464,0.0591,0.3028,0.3086,0.0894,-0.0363,0.9731
39.7905,0.9630,1.2675,0.0326,0.2634,0.2654,0.0304,-0.0142,-0.0096,1.2488,0.0590,0.3029,0.3086,0.0882,-0.0368,0.9728
39.8100,0.9631,1.2698,0.0320,0.2629,0.2648,0.0299,-0.0152,-0.0092,1.2515,0.0589,0.3029,0.3086,0.0866,-0.0382,0.9725
39.8102,0.9632,1.2720,0.0320,0.2629,0.2648,0.0295,-0.0152,-0.0087,1.2542,0.0589,0.3029,0.3086,0.0852,-0.0382,0.9721
39.8301,0.9633,1.2742,0.0309,0.2638,0.2656,0.0292,-0.0152,-0.0082,1.2568,0.0590,0.3049,0.3105,0.0833,-0.0405,0.9717
39.8304,0.9634,1.2763,0.0309,0.2638,0.2656,0.0289,-0.0152,-0.0078,1.2593,0.0590,0.3049,0.3105,0.0816,-0.0405,0.9714
39.8400,0.9635,1.2783,0.0302,0.2638,0.2656,0.0286,-0.0155,-0.0074,1.2616,0.0586,0.3056,0.3112,0.0806,-0.0402,0.9711
39.8501,0.9636,1.2808,0.0297,0.2631,0.2648,0.0282,-0.0142,-0.0068,1.2646,0.0580,0.3050,0.3105,0.0792,-0.0386,0.9705
39.8503,0.9637,1.2828,0.0297,0.2631,0.2648,0.0280,-0.0142,-0.0064,1.2669,0.0580,0.3050,0.3105,0.0787,-0.0386,0.9702
39.8699,0.9637,1.2851,0.0286,0.2635,0.2651,0.0279,-0.0132,-0.0060,1.2698,0.0573,0.3054,0.3107,0.0780,-0.0215,0.9699
39.8702,0.9638,1.2872,0.0286,0.2635,0.2651,0.0276,-0.0132,-0.0058,1.2723,0.0573,0.3054,0.3107,0.0772,-0.0215,0.9697
39.8801,0.9639,1.2892,0.0274,0.2637,0.2651,0.0275,-0.0132,-0.0056,1.2748,0.0562,0.3057,0.3108,0.0760,-0.0124,0.9696
39.8804,0.9640,1.2915,0.0274,0.2637,0.2651,0.0274,-0.0132,-0.0053,1.2775,0.0562,0.3057,0.3108,0.0741,-0.0124,0.9695
39.9002,0.9642,1.2937,0.0266,0.2635,0.2649,0.0272,-0.0128,-0.0051,1.2801,0.0547,0.3066,0.3114,0.0724,-0.0123,0.9694
39.9004,0.9643,1.2960,0.0266,0.2635,0.2649,0.0271,-0.0128,-0.0049,1.2829,0.0547,0.3066,0.3114,0.0704,-0.0123,0.9693
39.9102,0.9644,1.2981,0.0259,0.2633,0.2646,0.0270,-0.0119,-0.0047,1.2854,0.0529,0.3075,0.3120,0.0687,-0.0141,0.9692
39.9201,0.9646,1.3007,0.0255,0.2634,0.2646,0.0268,-0.0124,-0.0044,1.2883,0.0522,0.3079,0.3123,0.0667,-0.0149,0.9690
39.9204,0.9646,1.3028,0.0255,0.2634,0.2646,0.0264,-0.0124,-0.0042,1.2907,0.0522,0.3079,0.3123,0.0655,-0.0149,0.9689
39.9403,0.9647,1.3052,0.0244,0.2636,0.2647,0.0259,-0.0171,-0.0040,1.2934,0.0507,0.3083,0.3124,0.0642,-0.0163,0.9688
39.9406,0.9648,1.3071,0.0237,0.2636,0.2646,0.0257,-0.0193,-0.0038,1.2957,0.0507,0.3083,0.3124,0.0631,-0.0163,0.9687
39.9602,0.9649,1.3096,0.0232,0.2634,0.2644,0.0255,-0.0216,-0.0035,1.2986,0.0495,0.3083,0.3123,0.0609,-0.0189,0.9685
39.9605,0.9650,1.3112,0.0232,0.2634,0.2644,0.0253,-0.0216,-0.0033,1.3004,0.0491,0.3084,0.3123,0.0602,-0.0185,0.9683
39.9697,0.9651,1.3135,0.0224,0.2625,0.2635,0.0249,-0.0230,-0.0029,1.3031,0.0486,0.3074,0.3112,0.0586,-0.0180,0.9681
39.9700,0.9652,1.3157,0.0224,0.2625,0.2635,0.0245,-0.0230,-0.0025,1.3057,0.0486,0.3074,0.3112,0.0575,-0.0180,0.9678
39.9902,0.9653,1.3179,0.0220,0.2622,0.2632,0.0241,-0.0218,-0.0021,1.3082,0.0480,0.3078,0.3115,0.0565,-0.0153,0.9675
39.9905,0.9654,1.3201,0.0220,0.2622,0.2632,0.0240,-0.0218,-0.0018,1.3107,0.0480,0.3078,0.3115,0.0549,-0.0153,0.9673
40.0101,0.9655,1.3222,0.0211,0.2623,0.2632,0.0238,-0.0206,-0.0017,1.3130,0.0474,0.3079,0.3115,0.0534,-0.0150,0.9672
40.0104,0.9656,1.3248,0.0206,0.2626,0.2634,0.0237,-0.0215,-0.0015,1.3158,0.0469,0.3079,0.3115,0.0511,-0.0137,0.9671
40.0203,0.9656,1.3266,0.0195,0.2629,0.2636,0.0236,-0.0240,-0.0013,1.3181,0.0462,0.3075,0.3110,0.0493,-0.0110,0.9670
40.0206,0.9657,1.3289,0.0191,0.2627,0.2634,0.0233,-0.0267,-0.0011,1.3208,0.0456,0.3075,0.3109,0.0473,-0.0079,0.9669
40.0403,0.9658,1.3311,0.0184,0.2626,0.2633,0.0233,-0.0303,-0.0009,1.3231,0.0449,0.3074,0.3107,0.0451,-0.0059,0.9667
40.0406,0.9658,1.3332,0.0184,0.2626,0.2633,0.0231,-0.0303,-0.0006,1.3256,0.0449,0.3074,0.3107,0.0436,-0.0059,0.9665
40.0603,0.9659,1.3352,0.0176,0.2621,0.2626,0.0226,-0.0295,-0.0003,1.3281,0.0434,0.3070,0.3101,0.0418,-0.0050,0.9663
40.0606,0.9659,1.3371,0.0174,0.2621,0.2627,0.0222,-0.0285,-0.0001,1.3302,0.0429,0.3073,0.3103,0.0404,-0.0053,0.9660
40.0701,0.9660,1.3395,0.0171,0.2615,0.2621,0.0216,-0.0253,0.0003,1.3330,0.0423,0.3066,0.3095,0.0381,-0.0057,0.9657
40.0705,0.9660,1.3416,0.0171,0.2615,0.2621,0.0211,-0.0253,0.0007,1.3352,0.0423,0.3066,0.3095,0.0360,-0.0057,0.9654
40.0902,0.9661,1.3437,0.0165,0.2617,0.2623,0.0208,-0.0162,0.0010,1.3376,0.0422,0.3067,0.3096,0.0342,-0.0058,0.9651
40.0908,0.9661,1.3456,0.0165,0.2617,0.2623,0.0207,-0.0162,0.0011,1.3396,0.0422,0.3067,0.3096,0.0324,-0.0058,0.9650
40.1101,0.9662,1.3476,0.0152,0.2607,0.2612,0.0208,-0.0061,0.0013,1.3419,0.0416,0.3051,0.3079,0.0301,-0.0038,0.9649
40.1106,0.9662,1.3497,0.0152,0.2607,0.2612,0.0208,-0.0061,0.0015,1.3443,0.0416,0.3051,0.3079,0.0278,-0.0038,0.9647
40.1301,0.9663,1.3520,0.0142,0.2604,0.2608,0.0207,-0.0032,0.0017,1.3469,0.0408,0.3046,0.3073,0.0248,-0.0008,0.9645
40.1399,0.9663,1.3539,0.0136,0.2604,0.2607,0.0206,-0.0033,0.0019,1.3491,0.0404,0.3042,0.3069,0.0222,-0.0004,0.9644
40.1402,0.9663,1.3563,0.0132,0.2600,0.2604,0.0204,-0.0028,0.0021,1.3520,0.0400,0.3038,0.3064,0.0193,-0.0009,0.9642
40.1406,0.9663,1.3582,0.0129,0.2610,0.2613,0.0204,-0.0020,0.0023,1.3542,0.0399,0.3047,0.3073,0.0173,-0.0021,0.9640
40.1502,0.9663,1.3604,0.0126,0.2599,0.2602,0.0205,-0.0019,0.0025,1.3567,0.0392,0.3032,0.3057,0.0147,-0.0011,0.9638
40.1506,0.9663,1.3624,0.0126,0.2599,0.2602,0.0204,-0.0019,0.0026,1.3590,0.0392,0.3032,0.3057,0.0124,-0.0011,0.9637
40.1700,0.9664,1.3646,0.0121,0.2599,0.2602,0.0203,-0.0018,0.0029,1.3613,0.0379,0.3026,0.3050,0.0104,-0.0030,0.9635
40.1704,0.9664,1.3667,0.0121,0.2599,0.2602,0.0201,-0.0018,0.0031,1.3635,0.0379,0.3026,0.3050,0.0088,-0.0030,0.9633
40.1900,0.9664,1.3687,0.0116,0.2597,0.2600,0.0200,-0.0018,0.0032,1.3655,0.0366,0.3014,0.3036,0.0074,-0.0041,0.9632
40.2000,0.9664,1.3711,0.0113,0.2598,0.2600,0.0195,-0.0015,0.0035,1.3679,0.0361,0.3007,0.3028,0.0060,-0.0047,0.9629
40.2003,0.9664,1.3730,0.0113,0.2598,0.2600,0.0191,-0.0015,0.0036,1.3699,0.0361,0.3007,0.3028,0.0050,-0.0047,0.9628
40.2200,0.9664,1.3750,0.0103,0.2597,0.2599,0.0186,-0.0021,0.0037,1.3720,0.0349,0.2990,0.3010,0.0037,-0.0053,0.9626
40.2203,0.9664,1.3771,0.0103,0.2597,0.2599,0.0178,-0.0021,0.0039,1.3742,0.0344,0.2981,0.3001,0.0024,-0.0060,0.9625
40.2299,0.9663,1.3792,0.0095,0.2590,0.2591,0.0166,-0.0027,0.0041,1.3765,0.0338,0.2971,0.2991,0.0004,-0.0068,0.9623
40.2303,0.9663,1.3814,0.0095,0.2590,0.2591,0.0158,-0.0027,0.0043,1.3791,0.0338,0.2971,0.2991,-0.0015,-0.0068,0.9620
40.2401,0.9662,1.3833,0.0083,0.2587,0.2588,0.0152,-0.0024,0.0045,1.3811,0.0330,0.2962,0.2980,-0.0033,-0.0084,0.9617
40.2602,0.9662,1.3854,0.0078,0.2581,0.2582,0.0146,-0.0022,0.0047,1.3835,0.0326,0.2953,0.2971,-0.0051,-0.0081,0.9614
40.2605,0.9661,1.3872,0.0078,0.2581,0.2582,0.0142,-0.0022,0.0049,1.3856,0.0326,0.2953,0.2971,-0.0063,-0.0081,0.9612
40.2700,0.9660,1.3895,0.0071,0.2571,0.2572,0.0134,0.0002,0.0051,1.3881,0.0320,0.2943,0.2960,-0.0081,-0.0079,0.9610
40.2703,0.9660,1.3914,0.0071,0.2571,0.2572,0.0128,0.0002,0.0052,1.3903,0.0320,0.2943,0.2960,-0.0099,-0.0079,0.9608
40.2901,0.9660,1.3933,0.0064,0.2565,0.2566,0.0123,0.0019,0.0053,1.3926,0.0312,0.2934,0.2950,-0.0111,-0.0084,0.9607
40.2903,0.9659,1.3954,0.0064,0.2565,0.2566,0.0118,0.0019,0.0054,1.3950,0.0312,0.2934,0.2950,-0.0126,-0.0084,0.9606
40.3000,0.9659,1.3976,0.0058,0.2559,0.2560,0.0115,0.0018,0.0055,1.3973,0.0300,0.2924,0.2940,-0.0143,-0.0103,0.9605
40.3003,0.9660,1.3999,0.0058,0.2559,0.2560,0.0109,0.0018,0.0056,1.3998,0.0300,0.2924,0.2940,-0.0157,-0.0103,0.9604
40.3200,0.9660,1.4018,0.0055,0.2558,0.2559,0.0105,-0.0038,0.0057,1.4019,0.0285,0.2913,0.2927,-0.0166,-0.0147,0.9603
40.3202,0.9660,1.4041,0.0053,0.2552,0.2552,0.0100,-0.0075,0.0058,1.4044,0.0285,0.2913,0.2927,-0.0182,-0.0147,0.9602
40.3403,0.9660,1.4058,0.0051,0.2555,0.2556,0.0096,-0.0088,0.0058,1.4064,0.0272,0.2902,0.2914,-0.0190,-0.0172,0.9601
40.3499,0.9659,1.4081,0.0049,0.2551,0.2552,0.0093,-0.0093,0.0059,1.4088,0.0265,0.2895,0.2907,-0.0200,-0.0193,0.9601
40.3502,0.9659,1.4099,0.0049,0.2551,0.2552,0.0087,-0.0093,0.0059,1.4108,0.0253,0.2885,0.2896,-0.0210,-0.0250,0.9600
40.3604,0.9658,1.4118,0.0044,0.2543,0.2543,0.0081,-0.0089,0.0059,1.4130,0.0247,0.2878,0.2888,-0.0218,-0.0255,0.9599
40.3606,0.9657,1.4136,0.0044,0.2543,0.2543,0.0078,-0.0089,0.0060,1.4151,0.0247,0.2878,0.2888,-0.0225,-0.0255,0.9598
40.3802,0.9656,1.4158,0.0039,0.2529,0.2529,0.0077,-0.0051,0.0060,1.4173,0.0235,0.2856,0.2866,-0.0232,-0.0247,0.9596
40.3805,0.9656,1.4176,0.0039,0.2529,0.2529,0.0077,-0.0051,0.0061,1.4193,0.0232,0.2850,0.2859,-0.0237,-0.0234,0.9595
40.4004,0.9655,1.4197,0.0031,0.2524,0.2524,0.0077,-0.0019,0.0062,1.4214,0.0228,0.2837,0.2846,-0.0240,-0.0216,0.9593
40.4009,0.9654,1.4217,0.0026,0.2520,0.2520,0.0075,-0.0010,0.0063,1.4235,0.0226,0.2826,0.2835,-0.0243,-0.0195,0.9591
40.4100,0.9653,1.4236,0.0021,0.2514,0.2514,0.0076,0.0014,0.0064,1.4256,0.0224,0.2813,0.2822,-0.0246,-0.0173,0.9589
40.4103,0.9652,1.4258,0.0021,0.2514,0.2514,0.0077,0.0014,0.0066,1.4280,0.0224,0.2813,0.2822,-0.0248,-0.0173,0.9586
40.4300,0.9651,1.4276,0.0013,0.2502,0.2502,0.0078,0.0061,0.0067,1.4300,0.0220,0.2795,0.2804,-0.0250,-0.0162,0.9584
40.4302,0.9650,1.4295,0.0013,0.2502,0.2502,0.0078,0.0061,0.0068,1.4322,0.0220,0.2795,0.2804,-0.0251,-0.0162,0.9582
40.4403,0.9649,1.4314,0.0006,0.2486,0.2486,0.0079,0.0124,0.0069,1.4344,0.0217,0.2777,0.2786,-0.0255,-0.0137,0.9580
40.4406,0.9649,1.4334,0.0006,0.2486,0.2486,0.0079,0.0124,0.0070,1.4366,0.0217,0.2777,0.2786,-0.0257,-0.0137,0.9579
40.4598,0.9648,1.4354,-0.0001,0.2476,0.2476,0.0080,0.0174,0.0071,1.4387,0.0209,0.2759,0.2767,-0.0259,-0.0114,0.9578
40.4600,0.9648,1.4374,-0.0001,0.2476,0.2476,0.0080,0.0174,0.0071,1.4407,0.0209,0.2759,0.2767,-0.0262,-0.0114,0.9577
40.4800,0.9648,1.4395,-0.0006,0.2478,0.2478,0.0080,0.0171,0.0072,1.4429,0.0201,0.2752,0.2760,-0.0264,-0.0132,0.9576
40.4803,0.9647,1.4415,-0.0009,0.2476,0.2476,0.0081,0.0162,0.0073,1.4449,0.0195,0.2744,0.2751,-0.0265,-0.0139,0.9574
40.4903,0.9646,1.4455,-0.0012,0.2472,0.2472,0.0081,0.0150,0.0074,1.4472,0.0188,0.2734,0.2741,-0.0267,-0.0139,0.9572
40.4905,0.9646,1.4455,-0.0012,0.2472,0.2472,0.0081,0.0150,0.0074,1.4490,0.0184,0.2730,0.2736,-0.0268,-0.0146,0.9572
40.5102,0.9645,1.4477,-0.0017,0.2466,0.2466,0.0081,0.0143,0.0075,1.4513,0.0182,0.2719,0.2725,-0.0269,-0.0155,0.9570
40.5105,0.9644,1.4495,-0.0021,0.2459,0.2459,0.0081,0.0144,0.0075,1.4532,0.0179,0.2710,0.2716,-0.0270,-0.0159,0.9569
40.5299,0.9643,1.4514,-0.0024,0.2458,0.2458,0.0081,0.0149,0.0076,1.4552,0.0177,0.2702,0.2707,-0.0271,-0.0154,0.9568
40.5302,0.9642,1.4535,-0.0024,0.2458,0.2458,0.0082,0.0149,0.0077,1.4573,0.0177,0.2702,0.2707,-0.0270,-0.0154,0.9565
40.5398,0.9640,1.4554,-0.0032,0.2448,0.2449,0.0082,0.0176,0.0078,1.4593,0.0171,0.2684,0.2689,-0.0270,-0.0147,0.9563
40.5400,0.9638,1.4575,-0.0032,0.2448,0.2449,0.0082,0.0176,0.0079,1.4615,0.0171,0.2684,0.2689,-0.0270,-0.0147,0.9559
40.5601,0.9636,1.4593,-0.0042,0.2446,0.2446,0.0082,0.0197,0.0080,1.4634,0.0165,0.2668,0.2673,-0.0269,-0.0153,0.9556
40.5604,0.9634,1.4614,-0.0046,0.2444,0.2444,0.0082,0.0209,0.0082,1.4657,0.0162,0.2663,0.2668,-0.0269,-0.0158,0.9552
40.5802,0.9633,1.4631,-0.0052,0.2438,0.2439,0.0082,0.0220,0.0083,1.4676,0.0157,0.2654,0.2659,-0.0268,-0.0182,0.9550
40.5806,0.9631,1.4652,-0.0056,0.2431,0.2432,0.0083,0.0214,0.0083,1.4697,0.0152,0.2647,0.2651,-0.0268,-0.0203,0.9547
40.5899,0.9630,1.4670,-0.0060,0.2431,0.2431,0.0083,0.0205,0.0084,1.4716,0.0148,0.2642,0.2646,-0.0268,-0.0226,0.9546
40.6001,0.9629,1.4691,-0.0063,0.2428,0.2429,0.0085,0.0206,0.0085,1.4739,0.0146,0.2640,0.2644,-0.0266,-0.0246,0.9543
40.6006,0.9628,1.4707,-0.0063,0.2428,0.2429,0.0087,0.0206,0.0086,1.4756,0.0146,0.2640,0.2644,-0.0264,-0.0246,0.9541
40.6200,0.9627,1.4725,-0.0069,0.2421,0.2422,0.0091,0.0213,0.0087,1.4776,0.0142,0.2627,0.2631,-0.0258,-0.0280,0.9540
40.6203,0.9625,1.4745,-0.0069,0.2421,0.2422,0.0094,0.0213,0.0088,1.4796,0.0142,0.2627,0.2631,-0.0251,-0.0280,0.9537
40.6401,0.9623,1.4763,-0.0075,0.2412,0.2413,0.0094,0.0226,0.0089,1.4815,0.0139,0.2610,0.2614,-0.0245,-0.0266,0.9534
40.6406,0.9621,1.4781,-0.0079,0.2400,0.2401,0.0093,0.0244,0.0090,1.4834,0.0136,0.2589,0.2593,-0.0241,-0.0234,0.9531
40.6500,0.9618,1.4801,-0.0084,0.2399,0.2400,0.0092,0.0256,0.0090,1.4853,0.0134,0.2584,0.2587,-0.0235,-0.0212,0.9528
40.6505,0.9614,1.4823,-0.0084,0.2399,0.2400,0.0091,0.0256,0.0091,1.4876,0.0134,0.2584,0.2587,-0.0229,-0.0212,0.9523
40.6701,0.9611,1.4840,-0.0100,0.2397,0.2399,0.0091,0.0249,0.0091,1.4893,0.0128,0.2572,0.2575,-0.0225,-0.0159,0.9520
40.6801,0.9607,1.4860,-0.0106,0.2387,0.2390,0.0091,0.0243,0.0091,1.4913,0.0124,0.2560,0.2563,-0.0221,-0.0148,0.9516
40.6805,0.9605,1.4877,-0.0106,0.2387,0.2390,0.0091,0.0243,0.0092,1.4929,0.0124,0.2560,0.2563,-0.0219,-0.0148,0.9513
40.6903,0.9602,1.4898,-0.0119,0.2380,0.2383,0.0092,0.0239,0.0092,1.4950,0.0118,0.2549,0.2552,-0.0216,-0.0147,0.9510
40.6908,0.9600,1.4915,-0.0119,0.2380,0.2383,0.0094,0.0239,0.0092,1.4968,0.0118,0.2549,0.2552,-0.0214,-0.0147,0.9508
40.7103,0.9598,1.4933,-0.0128,0.2369,0.2372,0.0097,0.0239,0.0092,1.4987,0.0112,0.2537,0.2540,-0.0212,-0.0148,0.9506
40.7107,0.9595,1.4952,-0.0128,0.2369,0.2372,0.0098,0.0239,0.0092,1.5006,0.0112,0.2537,0.2540,-0.0210,-0.0148,0.9504
40.7301,0.9593,1.4970,-0.0136,0.2362,0.2366,0.0101,0.0243,0.0092,1.5024,0.0106,0.2527,0.2529,-0.0208,-0.0140,0.9501
40.7304,0.9590,1.4988,-0.0136,0.2362,0.2366,0.0107,0.0243,0.0092,1.5041,0.0103,0.2516,0.2519,-0.0203,-0.0134,0.9499
40.7399,0.9588,1.5007,-0.0145,0.2349,0.2353,0.0108,0.0217,0.0092,1.5058,0.0098,0.2501,0.2503,-0.0201,-0.0128,0.9496
40.7402,0.9584,1.5025,-0.0145,0.2349,0.2353,0.0111,0.0217,0.0092,1.5078,0.0093,0.2494,0.2496,-0.0198,-0.0130,0.9492
40.7604,0.9580,1.5043,-0.0156,0.2343,0.2348,0.0111,0.0209,0.0091,1.5096,0.0089,0.2485,0.2487,-0.0196,-0.0127,0.9489
40.7609,0.9577,1.5059,-0.0162,0.2341,0.2346,0.0111,0.0204,0.0091,1.5113,0.0085,0.2481,0.2482,-0.0194,-0.0121,0.9487
40.7799,0.9574,1.5077,-0.0166,0.2327,0.2333,0.0112,0.0214,0.0089,1.5131,0.0080,0.2463,0.2464,-0.0192,-0.0113,0.9485
40.7802,0.9571,1.5096,-0.0166,0.2327,0.2333,0.0114,0.0214,0.0088,1.5148,0.0080,0.2463,0.2464,-0.0192,-0.0113,0.9483
40.7900,0.9566,1.5116,-0.0178,0.2325,0.2332,0.0118,0.0228,0.0086,1.5168,0.0071,0.2444,0.2445,-0.0189,-0.0086,0.9480
40.7904,0.9562,1.5134,-0.0178,0.2325,0.2332,0.0117,0.0228,0.0084,1.5186,0.0071,0.2444,0.2445,-0.0188,-0.0086,0.9478
40.8099,0.9558,1.5153,-0.0194,0.2317,0.2325,0.0120,0.0235,0.0082,1.5205,0.0059,0.2426,0.2427,-0.0188,-0.0041,0.9476
40.8102,0.9554,1.5171,-0.0194,0.2317,0.2325,0.0122,0.0235,0.0080,1.5222,0.0052,0.2413,0.2414,-0.0188,-0.0020,0.9474
40.8301,0.9550,1.5190,-0.0212,0.2305,0.2315,0.0124,0.0277,0.0078,1.5242,0.0046,0.2406,0.2406,-0.0187,-0.0012,0.9472
40.8303,0.9546,1.5206,-0.0220,0.2298,0.2309,0.0127,0.0255,0.0076,1.5258,0.0040,0.2395,0.2396,-0.0186,0.0000,0.9471
40.8399,0.9541,1.5226,-0.0227,0.2296,0.2307,0.0131,0.0241,0.0073,1.5278,0.0035,0.2389,0.2389,-0.0187,0.0006,0.9467
40.8402,0.9537,1.5243,-0.0227,0.2296,0.2307,0.0131,0.0241,0.0072,1.5294,0.0035,0.2389,0.2389,-0.0187,0.0006,0.9465
40.8601,0.9532,1.5261,-0.0244,0.2288,0.2301,0.0130,0.0228,0.0071,1.5311,0.0026,0.2373,0.2373,-0.0188,0.0017,0.9461
40.8604,0.9526,1.5279,-0.0244,0.2288,0.2301,0.0129,0.0228,0.0069,1.5330,0.0026,0.2373,0.2373,-0.0188,0.0017,0.9457
40.8699,0.9521,1.5297,-0.0262,0.2286,0.2301,0.0129,0.0187,0.0068,1.5347,0.0019,0.2358,0.2359,-0.0187,0.0006,0.9453
40.8701,0.9515,1.5315,-0.0262,0.2286,0.2301,0.0129,0.0187,0.0066,1.5366,0.0019,0.2358,0.2359,-0.0188,0.0006,0.9449
40.8902,0.9510,1.5331,-0.0281,0.2278,0.2295,0.0131,0.0156,0.0065,1.5382,0.0011,0.2345,0.2345,-0.0188,-0.0010,0.9445
40.8904,0.9506,1.5347,-0.0281,0.2278,0.2295,0.0132,0.0156,0.0064,1.5397,0.0011,0.2345,0.2345,-0.0188,-0.0010,0.9442
40.9101,0.9494,1.5383,-0.0306,0.2255,0.2275,0.0147,0.0117,0.0062,1.5415,0.0001,0.2324,0.2324,-0.0189,-0.0054,0.9432
40.9103,0.9494,1.5383,-0.0306,0.2255,0.2275,0.0147,0.0117,0.0060,1.5434,0.0001,0.2324,0.2324,-0.0192,-0.0054,0.9434
40.9199,0.9489,1.5398,-0.0316,0.2249,0.2271,0.0157,0.0097,0.0058,1.5449,-0.0013,0.2307,0.2307,-0.0196,-0.0063,0.9431
40.9202,0.9484,1.5416,-0.0316,0.2249,0.2271,0.0173,0.0097,0.0056,1.5466,-0.0019,0.2297,0.2297,-0.0201,-0.0056,0.9428
40.9400,0.9478,1.5434,-0.0332,0.2243,0.2267,0.0186,0.0058,0.0054,1.5483,-0.0024,0.2287,0.2287,-0.0205,-0.0053,0.9424
40.9404,0.9472,1.5452,-0.0332,0.2243,0.2267,0.0192,0.0058,0.0052,1.5499,-0.0024,0.2287,0.2287,-0.0208,-0.0053,0.9420
40.9601,0.9465,1.5471,-0.0354,0.2236,0.2263,0.0195,-0.0015,0.0050,1.5517,-0.0036,0.2267,0.2268,-0.0210,-0.0042,0.9415
40.9604,0.9458,1.5487,-0.0354,0.2236,0.2263,0.0195,-0.0015,0.0048,1.5533,-0.0036,0.2267,0.2268,-0.0212,-0.0042,0.9411
40.9698,0.9451,1.5506,-0.0380,0.2227,0.2259,0.0197,-0.0031,0.0044,1.5550,-0.0047,0.2251,0.2251,-0.0213,-0.0029,0.9407
40.9701,0.9445,1.5523,-0.0380,0.2227,0.2259,0.0196,-0.0031,0.0042,1.5565,-0.0047,0.2251,0.2251,-0.0213,-0.0029,0.9403
40.9901,0.9436,1.5542,-0.0405,0.2216,0.2253,0.0197,-0.0015,0.0038,1.5583,-0.0062,0.2233,0.2234,-0.0214,-0.0036,0.9398
40.9904,0.9429,1.5559,-0.0405,0.2216,0.2253,0.0200,-0.0015,0.0036,1.5599,-0.0062,0.2233,0.2234,-0.0215,-0.0036,0.9393
41.0101,0.9421,1.5577,-0.0435,0.2209,0.2251,0.0200,-0.0028,0.0033,1.5615,-0.0077,0.2217,0.2218,-0.0215,-0.0032,0.9388
41.0105,0.9413,1.5593,-0.0435,0.2209,0.2251,0.0202,-0.0028,0.0030,1.5631,-0.0077,0.2217,0.2218,-0.0211,-0.0032,0.9383
41.0303,0.9406,1.5609,-0.0462,0.2195,0.2243,0.0206,-0.0033,0.0028,1.5646,-0.0091,0.2198,0.2200,-0.0207,-0.0030,0.9378
41.0306,0.9397,1.5627,-0.0462,0.2195,0.2243,0.0214,-0.0033,0.0025,1.5662,-0.0091,0.2198,0.2200,-0.0204,-0.0030,0.9372
41.0402,0.9389,1.5644,-0.0489,0.2183,0.2237,0.0222,-0.0059,0.0022,1.5679,-0.0103,0.2178,0.2181,-0.0199,-0.0030,0.9366
41.0501,0.9380,1.5662,-0.0503,0.2180,0.2237,0.0227,-0.0077,0.0019,1.5697,-0.0110,0.2173,0.2176,-0.0190,-0.0023,0.9361
41.0505,0.9373,1.5676,-0.0503,0.2180,0.2237,0.0229,-0.0077,0.0016,1.5712,-0.0110,0.2173,0.2176,-0.0180,-0.0023,0.9357
41.0600,0.9362,1.5696,-0.0527,0.2167,0.2230,0.0233,-0.0107,0.0011,1.5732,-0.0129,0.2157,0.2161,-0.0173,-0.0009,0.9351
41.0604,0.9355,1.5711,-0.0544,0.2164,0.2231,0.0234,-0.0120,0.0008,1.5747,-0.0142,0.2150,0.2154,-0.0168,0.0004,0.9347
41.0800,0.9345,1.5730,-0.0555,0.2159,0.2230,0.0238,-0.0124,0.0003,1.5766,-0.0150,0.2142,0.2147,-0.0162,0.0021,0.9342
41.0802,0.9338,1.5744,-0.0555,0.2159,0.2230,0.0243,-0.0124,-0.0001,1.5781,-0.0150,0.2142,0.2147,-0.0159,0.0021,0.9338
41.1004,0.9330,1.5760,-0.0585,0.2149,0.2227,0.0247,-0.0148,-0.0005,1.5797,-0.0170,0.2130,0.2137,-0.0154,0.0036,0.9335
41.1008,0.9323,1.5776,-0.0597,0.2140,0.2221,0.0249,-0.0150,-0.0009,1.5813,-0.0180,0.2118,0.2125,-0.0150,0.0031,0.9331
41.1102,0.9314,1.5793,-0.0610,0.2138,0.2223,0.0251,-0.0155,-0.0013,1.5830,-0.0190,0.2114,0.2123,-0.0141,0.0032,0.9327
41.1200,0.9304,1.5811,-0.0625,0.2136,0.2226,0.0251,-0.0158,-0.0018,1.5848,-0.0200,0.2109,0.2119,-0.0130,0.0028,0.9322
41.1205,0.9297,1.5825,-0.0625,0.2136,0.2226,0.0254,-0.0158,-0.0022,1.5863,-0.0212,0.2104,0.2115,-0.0113,0.0014,0.9319
41.1400,0.9285,1.5846,-0.0653,0.2125,0.2223,0.0255,-0.0198,-0.0028,1.5882,-0.0222,0.2096,0.2108,-0.0095,0.0010,0.9313
41.1406,0.9277,1.5859,-0.0653,0.2125,0.2223,0.0256,-0.0198,-0.0032,1.5895,-0.0222,0.2096,0.2108,-0.0089,0.0010,0.9309
41.1601,0.9266,1.5879,-0.0681,0.2116,0.2223,0.0257,-0.0225,-0.0037,1.5914,-0.0244,0.2084,0.2098,-0.0078,0.0011,0.9303
41.1605,0.9256,1.5896,-0.0681,0.2116,0.2223,0.0257,-0.0225,-0.0044,1.5931,-0.0244,0.2084,0.2098,-0.0058,0.0011,0.9299
41.1702,0.9246,1.5912,-0.0710,0.2112,0.2228,0.0257,-0.0217,-0.0050,1.5946,-0.0269,0.2075,0.2092,-0.0038,0.0025,0.9296
41.1707,0.9238,1.5928,-0.0710,0.2112,0.2228,0.0256,-0.0217,-0.0055,1.5961,-0.0282,0.2066,0.2085,-0.0023,0.0033,0.9293
41.1901,0.9229,1.5944,-0.0733,0.2103,0.2227,0.0255,-0.0216,-0.0061,1.5976,-0.0294,0.2062,0.2083,-0.0009,0.0049,0.9290
41.1904,0.9218,1.5963,-0.0745,0.2093,0.2222,0.0255,-0.0221,-0.0068,1.5993,-0.0306,0.2053,0.2076,0.0014,0.0071,0.9286
41.2101,0.9208,1.5979,-0.0764,0.2097,0.2232,0.0255,-0.0229,-0.0074,1.6009,-0.0320,0.2051,0.2076,0.0033,0.0109,0.9282
41.2105,0.9196,1.5998,-0.0764,0.2097,0.2232,0.0253,-0.0229,-0.0082,1.6028,-0.0320,0.2051,0.2076,0.0049,0.0109,0.9278
41.2200,0.9186,1.6012,-0.0800,0.2092,0.2240,0.0249,-0.0283,-0.0088,1.6044,-0.0349,0.2045,0.2075,0.0064,0.0122,0.9274
41.2204,0.9175,1.6030,-0.0800,0.2092,0.2240,0.0243,-0.0283,-0.0096,1.6063,-0.0349,0.2045,0.2075,0.0082,0.0122,0.9271
41.2400,0.9165,1.6045,-0.0831,0.2083,0.2243,0.0236,-0.0266,-0.0102,1.6079,-0.0375,0.2043,0.2077,0.0105,0.0109,0.9267
41.2404,0.9156,1.6061,-0.0831,0.2083,0.2243,0.0228,-0.0266,-0.0108,1.6096,-0.0388,0.2042,0.2079,0.0119,0.0095,0.9264
41.2599,0.9146,1.6078,-0.0856,0.2071,0.2241,0.0223,-0.0248,-0.0113,1.6112,-0.0399,0.2037,0.2075,0.0136,0.0070,0.9260
41.2601,0.9137,1.6095,-0.0856,0.2071,0.2241,0.0217,-0.0248,-0.0119,1.6128,-0.0399,0.2037,0.2075,0.0155,0.0070,0.9256
41.2697,0.9128,1.6112,-0.0881,0.2072,0.2251,0.0210,-0.0228,-0.0127,1.6144,-0.0420,0.2030,0.2073,0.0178,0.0039,0.9254
41.2700,0.9117,1.6131,-0.0881,0.2072,0.2251,0.0205,-0.0228,-0.0134,1.6160,-0.0420,0.2030,0.2073,0.0203,0.0039,0.9252
41.2900,0.9108,1.6149,-0.0907,0.2071,0.2261,0.0200,-0.0251,-0.0142,1.6176,-0.0445,0.2024,0.2072,0.0231,0.0006,0.9250
41.2903,0.9098,1.6166,-0.0918,0.2067,0.2262,0.0196,-0.0251,-0.0149,1.6191,-0.0456,0.2016,0.2067,0.0259,-0.0001,0.9247
41.3000,0.9088,1.6184,-0.0928,0.2063,0.2262,0.0192,-0.0256,-0.0156,1.6208,-0.0466,0.2010,0.2063,0.0287,-0.0004,0.9244
41.3002,0.9078,1.6200,-0.0928,0.2063,0.2262,0.0188,-0.0256,-0.0162,1.6222,-0.0466,0.2010,0.2063,0.0311,-0.0004,0.9240
41.3203,0.9056,1.6235,-0.0952,0.2059,0.2268,0.0177,-0.0215,-0.0171,1.6240,-0.0485,0.2000,0.2058,0.0338,-0.0009,0.9227
41.3206,0.9056,1.6235,-0.0952,0.2059,0.2268,0.0177,-0.0215,-0.0177,1.6254,-0.0496,0.1996,0.2057,0.0356,-0.0017,0.9233
41.3402,0.9046,1.6253,-0.0981,0.2058,0.2279,0.0170,-0.0163,-0.0184,1.6270,-0.0505,0.1991,0.2054,0.0373,-0.0019,0.9229
41.3405,0.9034,1.6272,-0.0981,0.2058,0.2279,0.0160,-0.0163,-0.0192,1.6287,-0.0514,0.1983,0.2048,0.0389,-0.0019,0.9226
41.3497,0.9023,1.6289,-0.1005,0.2058,0.2290,0.0152,-0.0169,-0.0200,1.6303,-0.0528,0.1985,0.2054,0.0401,-0.0019,0.9223
41.3500,0.9014,1.6306,-0.1005,0.2058,0.2290,0.0144,-0.0169,-0.0207,1.6320,-0.0528,0.1985,0.2054,0.0411,-0.0019,0.9221
41.3701,0.9002,1.6325,-0.1025,0.2053,0.2295,0.0138,-0.0175,-0.0217,1.6337,-0.0553,0.1979,0.2055,0.0427,-0.0013,0.9218
41.3704,0.8990,1.6343,-0.1025,0.2053,0.2295,0.0132,-0.0175,-0.0227,1.6354,-0.0553,0.1979,0.2055,0.0442,-0.0013,0.9217
41.3900,0.8979,1.6360,-0.1050,0.2056,0.2308,0.0124,-0.0146,-0.0236,1.6371,-0.0585,0.1977,0.2062,0.0457,0.0030,0.9215
41.3903,0.8971,1.6373,-0.1050,0.2056,0.2308,0.0122,-0.0146,-0.0243,1.6383,-0.0603,0.1979,0.2069,0.0464,0.0083,0.9214
41.4000,0.8958,1.6394,-0.1068,0.2053,0.2314,0.0113,-0.0107,-0.0254,1.6403,-0.0612,0.1971,0.2064,0.0475,0.0096,0.9212
41.4003,0.8946,1.6412,-0.1068,0.2053,0.2314,0.0103,-0.0107,-0.0265,1.6422,-0.0612,0.1971,0.2064,0.0484,0.0096,0.9211
41.4201,0.8935,1.6430,-0.1097,0.2060,0.2334,0.0089,-0.0115,-0.0275,1.6441,-0.0650,0.1976,0.2080,0.0492,0.0104,0.9211
41.4204,0.8925,1.6448,-0.1097,0.2060,0.2334,0.0083,-0.0115,-0.0285,1.6458,-0.0650,0.1976,0.2080,0.0498,0.0104,0.9210
41.4402,0.8915,1.6466,-0.1117,0.2063,0.2346,0.0073,-0.0095,-0.0294,1.6475,-0.0682,0.1984,0.2098,0.0505,0.0087,0.9210
41.4405,0.8905,1.6484,-0.1126,0.2063,0.2350,0.0059,-0.0065,-0.0304,1.6494,-0.0697,0.1984,0.2103,0.0510,0.0076,0.9209
41.4501,0.8895,1.6502,-0.1134,0.2064,0.2355,0.0049,-0.0050,-0.0314,1.6510,-0.0713,0.1988,0.2112,0.0514,0.0068,0.9209
41.4505,0.8884,1.6519,-0.1134,0.2064,0.2355,0.0033,-0.0050,-0.0325,1.6527,-0.0713,0.1988,0.2112,0.0517,0.0068,0.9209
41.4700,0.8874,1.6536,-0.1147,0.2063,0.2360,0.0021,-0.0039,-0.0336,1.6543,-0.0745,0.1989,0.2124,0.0521,0.0069,0.9209
41.4703,0.8863,1.6554,-0.1147,0.2063,0.2360,0.0010,-0.0039,-0.0346,1.6559,-0.0760,0.1987,0.2127,0.0526,0.0074,0.9209
41.4801,0.8852,1.6572,-0.1164,0.2063,0.2369,-0.0002,-0.0002,-0.0356,1.6575,-0.0775,0.1988,0.2134,0.0529,0.0074,0.9208
41.4804,0.8840,1.6591,-0.1168,0.2059,0.2368,-0.0011,0.0012,-0.0367,1.6591,-0.0789,0.1985,0.2136,0.0535,0.0070,0.9207
41.4998,0.8829,1.6609,-0.1178,0.2063,0.2376,-0.0021,0.0012,-0.0377,1.6606,-0.0806,0.1984,0.2141,0.0539,0.0073,0.9206
41.5001,0.8818,1.6628,-0.1178,0.2063,0.2376,-0.0032,0.0012,-0.0386,1.6621,-0.0820,0.1981,0.2144,0.0540,0.0091,0.9204
41.5200,0.8807,1.6646,-0.1192,0.2070,0.2388,-0.0051,-0.0021,-0.0396,1.6637,-0.0833,0.1981,0.2149,0.0538,0.0114,0.9203
41.5203,0.8796,1.6663,-0.1192,0.2070,0.2388,-0.0064,-0.0021,-0.0406,1.6653,-0.0833,0.1981,0.2149,0.0537,0.0114,0.9202
41.5300,0.8784,1.6682,-0.1202,0.2073,0.2397,-0.0077,-0.0040,-0.0418,1.6671,-0.0863,0.1982,0.2162,0.0536,0.0160,0.9202
41.5501,0.8772,1.6700,-0.1209,0.2075,0.2401,-0.0096,-0.0026,-0.0429,1.6688,-0.0881,0.1982,0.2169,0.0531,0.0157,0.9202
41.5505,0.8763,1.6715,-0.1209,0.2075,0.2401,-0.0109,-0.0026,-0.0438,1.6702,-0.0881,0.1982,0.2169,0.0525,0.0157,0.9201
41.5601,0.8751,1.6734,-0.1220,0.2078,0.2409,-0.0124,-0.0013,-0.0450,1.6719,-0.0909,0.1980,0.2179,0.0518,0.0150,0.9201
41.5605,0.8738,1.6752,-0.1220,0.2078,0.2409,-0.0136,-0.0013,-0.0461,1.6737,-0.0909,0.1980,0.2179,0.0507,0.0150,0.9200
41.5702,0.8717,1.6787,-0.1233,0.2083,0.2420,-0.0170,0.0019,-0.0472,1.6753,-0.0938,0.1980,0.2191,0.0500,0.0160,0.9189
41.5705,0.8717,1.6787,-0.1233,0.2083,0.2420,-0.0170,0.0019,-0.0485,1.6770,-0.0951,0.1974,0.2191,0.0491,0.0164,0.9202
41.5902,0.8706,1.6804,-0.1241,0.2085,0.2427,-0.0184,0.0028,-0.0496,1.6787,-0.0968,0.1978,0.2202,0.0480,0.0137,0.9202
41.5906,0.8695,1.6823,-0.1241,0.2085,0.2427,-0.0201,0.0028,-0.0508,1.6805,-0.0968,0.1978,0.2202,0.0469,0.0137,0.9203
41.6100,0.8684,1.6840,-0.1256,0.2093,0.2441,-0.0227,0.0072,-0.0521,1.6821,-0.0998,0.1982,0.2219,0.0470,0.0052,0.9205
41.6103,0.8673,1.6857,-0.1261,0.2093,0.2444,-0.0249,0.0075,-0.0533,1.6835,-0.1016,0.1981,0.2227,0.0468,0.0048,0.9207
41.6199,0.8662,1.6875,-0.1262,0.2092,0.2443,-0.0264,0.0088,-0.0545,1.6850,-0.1031,0.1973,0.2226,0.0465,0.0054,0.9206
41.6201,0.8650,1.6893,-0.1262,0.2092,0.2443,-0.0277,0.0088,-0.0557,1.6864,-0.1031,0.1973,0.2226,0.0462,0.0054,0.9207
41.6405,0.8641,1.6909,-0.1269,0.2094,0.2449,-0.0291,0.0093,-0.0568,1.6878,-0.1058,0.1964,0.2231,0.0459,0.0096,0.9210
41.6408,0.8630,1.6927,-0.1269,0.2094,0.2449,-0.0305,0.0093,-0.0581,1.6893,-0.1073,0.1964,0.2239,0.0452,0.0115,0.9211
41.6601,0.8619,1.6944,-0.1271,0.2097,0.2452,-0.0322,0.0088,-0.0594,1.6909,-0.1087,0.1958,0.2240,0.0444,0.0120,0.9213
41.6603,0.8609,1.6960,-0.1271,0.2097,0.2452,-0.0331,0.0088,-0.0608,1.6924,-0.1101,0.1956,0.2245,0.0443,0.0108,0.9217
41.6802,0.8596,1.6977,-0.1275,0.2095,0.2452,-0.0341,0.0069,-0.0623,1.6940,-0.1116,0.1955,0.2251,0.0436,0.0100,0.9219
41.6807,0.8584,1.6993,-0.1275,0.2095,0.2452,-0.0352,0.0069,-0.0636,1.6954,-0.1134,0.1958,0.2263,0.0431,0.0076,0.9221
41.6901,0.8571,1.7011,-0.1290,0.2098,0.2463,-0.0368,0.0077,-0.0651,1.6970,-0.1150,0.1956,0.2269,0.0425,0.0054,0.9223
41.6904,0.8560,1.7027,-0.1290,0.2098,0.2463,-0.0384,0.0077,-0.0665,1.6984,-0.1150,0.1956,0.2269,0.0420,0.0054,0.9226
41.7101,0.8547,1.7047,-0.1296,0.2096,0.2464,-0.0410,0.0106,-0.0682,1.7001,-0.1182,0.1950,0.2280,0.0407,0.0012,0.9229
41.7104,0.8537,1.7063,-0.1296,0.2096,0.2464,-0.0421,0.0106,-0.0695,1.7015,-0.1182,0.1950,0.2280,0.0399,0.0012,0.9231
41.7303,0.8525,1.7081,-0.1299,0.2101,0.2470,-0.0432,0.0156,-0.0711,1.7032,-0.1213,0.1942,0.2289,0.0392,0.0039,0.9236
41.7308,0.8514,1.7097,-0.1299,0.2101,0.2470,-0.0434,0.0156,-0.0725,1.7047,-0.1230,0.1938,0.2295,0.0387,0.0050,0.9240
41.7400,0.8503,1.7112,-0.1302,0.2102,0.2473,-0.0439,0.0143,-0.0741,1.7063,-0.1246,0.1935,0.2302,0.0383,0.0064,0.9244
41.7403,0.8493,1.7126,-0.1306,0.2103,0.2475,-0.0440,0.0126,-0.0755,1.7077,-0.1246,0.1935,0.2302,0.0381,0.0064,0.9248
41.7602,0.8478,1.7144,-0.1307,0.2096,0.2470,-0.0443,0.0106,-0.0774,1.7096,-0.1283,0.1930,0.2317,0.0372,0.0097,0.9252
41.7607,0.8467,1.7158,-0.1307,0.2096,0.2470,-0.0448,0.0106,-0.0787,1.7111,-0.1283,0.1930,0.2317,0.0363,0.0097,0.9255
41.7802,0.8455,1.7173,-0.1321,0.2091,0.2473,-0.0454,0.0132,-0.0802,1.7126,-0.1322,0.1934,0.2342,0.0348,0.0108,0.9257
41.7805,0.8443,1.7189,-0.1321,0.2091,0.2473,-0.0459,0.0132,-0.0818,1.7144,-0.1335,0.1932,0.2349,0.0336,0.0115,0.9262
41.7902,0.8431,1.7206,-0.1328,0.2081,0.2469,-0.0462,0.0139,-0.0835,1.7159,-0.1353,0.1935,0.2361,0.0324,0.0116,0.9266
41.7999,0.8416,1.7225,-0.1335,0.2081,0.2473,-0.0465,0.0138,-0.0853,1.7177,-0.1372,0.1936,0.2373,0.0313,0.0087,0.9270
41.8002,0.8405,1.7239,-0.1344,0.2082,0.2478,-0.0467,0.0135,-0.0868,1.7191,-0.1394,0.1939,0.2388,0.0308,0.0054,0.9273
41.8199,0.8391,1.7255,-0.1346,0.2077,0.2475,-0.0473,0.0137,-0.0885,1.7207,-0.1411,0.1937,0.2396,0.0298,0.0063,0.9276
41.8202,0.8379,1.7268,-0.1346,0.2077,0.2475,-0.0476,0.0137,-0.0898,1.7220,-0.1411,0.1937,0.2396,0.0292,0.0063,0.9277
41.8299,0.8365,1.7283,-0.1354,0.2066,0.2471,-0.0478,0.0139,-0.0914,1.7236,-0.1444,0.1933,0.2413,0.0282,0.0071,0.9279
41.8301,0.8353,1.7296,-0.1354,0.2066,0.2471,-0.0480,0.0139,-0.0928,1.7251,-0.1460,0.1932,0.2422,0.0273,0.0071,0.9281
41.8499,0.8339,1.7311,-0.1362,0.2049,0.2460,-0.0481,0.0155,-0.0946,1.7269,-0.1473,0.1928,0.2426,0.0265,0.0071,0.9285
41.8501,0.8326,1.7326,-0.1362,0.2049,0.2460,-0.0480,0.0155,-0.0962,1.7285,-0.1473,0.1928,0.2426,0.0264,0.0071,0.9288
41.8701,0.8313,1.7340,-0.1375,0.2040,0.2461,-0.0480,0.0190,-0.0978,1.7300,-0.1510,0.1931,0.2451,0.0267,0.0057,0.9292
41.8704,0.8300,1.7355,-0.1375,0.2040,0.2461,-0.0479,0.0190,-0.0994,1.7316,-0.1510,0.1931,0.2451,0.0269,0.0057,0.9294
41.8797,0.8287,1.7368,-0.1382,0.2024,0.2451,-0.0478,0.0177,-0.1010,1.7330,-0.1536,0.1923,0.2461,0.0270,-0.0016,0.9296
41.8897,0.8271,1.7384,-0.1384,0.2016,0.2446,-0.0478,0.0147,-0.1026,1.7347,-0.1546,0.1919,0.2464,0.0271,-0.0064,0.9297
41.8899,0.8258,1.7395,-0.1384,0.2016,0.2446,-0.0478,0.0147,-0.1039,1.7361,-0.1546,0.1919,0.2464,0.0271,-0.0064,0.9298
41.9100,0.8246,1.7406,-0.1399,0.2002,0.2442,-0.0477,0.0161,-0.1052,1.7376,-0.1570,0.1916,0.2477,0.0271,-0.0077,0.9298
41.9103,0.8232,1.7419,-0.1399,0.2002,0.2442,-0.0476,0.0161,-0.1069,1.7392,-0.1570,0.1916,0.2477,0.0271,-0.0077,0.9300
41.9200,0.8217,1.7433,-0.1407,0.1978,0.2427,-0.0475,0.0184,-0.1086,1.7410,-0.1586,0.1903,0.2478,0.0271,-0.0041,0.9303
41.9202,0.8204,1.7444,-0.1416,0.1970,0.2426,-0.0475,0.0187,-0.1102,1.7426,-0.1586,0.1903,0.2478,0.0272,-0.0041,0.9306
41.9402,0.8189,1.7458,-0.1423,0.1957,0.2420,-0.0473,0.0186,-0.1119,1.7443,-0.1615,0.1901,0.2494,0.0274,-0.0026,0.9308
41.9497,0.8174,1.7471,-0.1432,0.1948,0.2418,-0.0473,0.0193,-0.1135,1.7461,-0.1630,0.1900,0.2503,0.0273,-0.0026,0.9309
41.9499,0.8163,1.7479,-0.1432,0.1948,0.2418,-0.0472,0.0193,-0.1146,1.7473,-0.1630,0.1900,0.2503,0.0273,-0.0026,0.9309
41.9600,0.8144,1.7494,-0.1443,0.1921,0.2402,-0.0473,0.0207,-0.1166,1.7494,-0.1643,0.1891,0.2505,0.0269,-0.0024,0.9309
41.9603,0.8129,1.7506,-0.1460,0.1916,0.2409,-0.0473,0.0196,-0.1181,1.7510,-0.1643,0.1891,0.2505,0.0263,-0.0024,0.9310
41.9800,0.8096,1.7529,-0.1468,0.1903,0.2403,-0.0472,0.0170,-0.1201,1.7529,-0.1671,0.1901,0.2531,0.0256,0.0008,0.9297
41.9802,0.8096,1.7529,-0.1468,0.1903,0.2403,-0.0472,0.0170,-0.1216,1.7544,-0.1689,0.1906,0.2547,0.0253,0.0009,0.9312
42.0002,0.8081,1.7540,-0.1487,0.1876,0.2394,-0.0471,0.0170,-0.1233,1.7561,-0.1697,0.1906,0.2552,0.0251,0.0008,0.9314
42.0004,0.8065,1.7551,-0.1487,0.1876,0.2394,-0.0471,0.0170,-0.1250,1.7579,-0.1697,0.1906,0.2552,0.0251,0.0008,0.9315
42.0105,0.8049,1.7562,-0.1504,0.1847,0.2382,-0.0471,0.0205,-0.1267,1.7597,-0.1727,0.1916,0.2580,0.0250,-0.0086,0.9317
42.0108,0.8034,1.7572,-0.1515,0.1832,0.2377,-0.0471,0.0241,-0.1285,1.7614,-0.1742,0.1918,0.2591,0.0249,-0.0137,0.9319
42.0302,0.8019,1.7580,-0.1525,0.1817,0.2372,-0.0471,0.0273,-0.1302,1.7630,-0.1759,0.1922,0.2605,0.0249,-0.0158,0.9321
42.0403,0.8002,1.7591,-0.1530,0.1797,0.2360,-0.0467,0.0303,-0.1321,1.7648,-0.1768,0.1919,0.2609,0.0250,-0.0173,0.9323
42.0409,0.7989,1.7598,-0.1530,0.1797,0.2360,-0.0461,0.0303,-0.1336,1.7661,-0.1783,0.1919,0.2619,0.0251,-0.0165,0.9326
42.0602,0.7972,1.7609,-0.1547,0.1766,0.2348,-0.0458,0.0342,-0.1357,1.7679,-0.1796,0.1917,0.2627,0.0251,-0.0156,0.9329
42.0605,0.7959,1.7618,-0.1557,0.1751,0.2343,-0.0457,0.0377,-0.1372,1.7694,-0.1814,0.1920,0.2642,0.0251,-0.0144,0.9331
42.0702,0.7945,1.7628,-0.1560,0.1731,0.2330,-0.0456,0.0373,-0.1390,1.7711,-0.1822,0.1916,0.2644,0.0251,-0.0117,0.9335
42.0707,0.7930,1.7639,-0.1560,0.1731,0.2330,-0.0455,0.0373,-0.1409,1.7728,-0.1835,0.1916,0.2653,0.0249,-0.0084,0.9339
42.0901,0.7916,1.7651,-0.1575,0.1705,0.2321,-0.0453,0.0379,-0.1427,1.7746,-0.1849,0.1916,0.2663,0.0249,-0.0030,0.9343
42.0905,0.7899,1.7664,-0.1581,0.1693,0.2316,-0.0450,0.0358,-0.1449,1.7766,-0.1862,0.1917,0.2672,0.0248,0.0042,0.9348
42.1101,0.7884,1.7675,-0.1591,0.1683,0.2316,-0.0449,0.0321,-0.1468,1.7783,-0.1881,0.1923,0.2690,0.0248,0.0068,0.9353
42.1105,0.7866,1.7688,-0.1591,0.1683,0.2316,-0.0446,0.0321,-0.1489,1.7804,-0.1881,0.1923,0.2690,0.0248,0.0068,0.9356
42.1199,0.7850,1.7699,-0.1614,0.1662,0.2317,-0.0445,0.0277,-0.1509,1.7822,-0.1912,0.1937,0.2721,0.0244,0.0073,0.9359
42.1204,0.7834,1.7709,-0.1614,0.1662,0.2317,-0.0443,0.0277,-0.1527,1.7839,-0.1912,0.1937,0.2721,0.0242,0.0073,0.9363
42.1397,0.7819,1.7719,-0.1632,0.1632,0.2308,-0.0440,0.0256,-0.1546,1.7855,-0.1941,0.1950,0.2752,0.0235,0.0003,0.9366
42.1400,0.7819,1.7719,-0.1632,0.1632,0.2308,-0.0440,0.0256,-0.1563,1.7870,-0.1941,0.1950,0.2752,0.0236,0.0003,0.9383
42.1603,0.7789,1.7739,-0.1651,0.1602,0.2300,-0.0438,0.0271,-0.1581,1.7884,-0.1964,0.1953,0.2769,0.0237,-0.0026,0.9371
42.1607,0.7773,1.7750,-0.1651,0.1602,0.2300,-0.0435,0.0271,-0.1599,1.7899,-0.1964,0.1953,0.2769,0.0238,-0.0026,0.9374
42.1697,0.7757,1.7760,-0.1672,0.1580,0.2301,-0.0428,0.0295,-0.1618,1.7915,-0.1984,0.1951,0.2783,0.0239,0.0033,0.9376
42.1700,0.7741,1.7770,-0.1672,0.1580,0.2301,-0.0417,0.0295,-0.1635,1.7931,-0.1990,0.1951,0.2787,0.0242,0.0064,0.9378
42.1901,0.7723,1.7781,-0.1686,0.1553,0.2293,-0.0404,0.0289,-0.1655,1.7949,-0.1999,0.1953,0.2795,0.0244,0.0077,0.9379
42.1906,0.7709,1.7789,-0.1686,0.1553,0.2293,-0.0398,0.0289,-0.1672,1.7964,-0.2008,0.1957,0.2804,0.0244,0.0084,0.9383
42.2098,0.7690,1.7802,-0.1703,0.1524,0.2285,-0.0392,0.0287,-0.1695,1.7983,-0.2014,0.1959,0.2809,0.0247,0.0087,0.9387
42.2101,0.7677,1.7810,-0.1703,0.1524,0.2285,-0.0387,0.0287,-0.1711,1.7997,-0.2027,0.1965,0.2823,0.0248,0.0072,0.9390
42.2200,0.7659,1.7823,-0.1719,0.1494,0.2278,-0.0379,0.0294,-0.1733,1.8015,-0.2032,0.1964,0.2826,0.0253,0.0062,0.9394
42.2205,0.7643,1.7833,-0.1719,0.1494,0.2278,-0.0372,0.0294,-0.1751,1.8030,-0.2032,0.1964,0.2826,0.0256,0.0062,0.9396
42.2400,0.7627,1.7844,-0.1742,0.1472,0.2281,-0.0366,0.0306,-0.1769,1.8046,-0.2051,0.1965,0.2840,0.0257,0.0022,0.9398
42.2405,0.7610,1.7854,-0.1742,0.1472,0.2281,-0.0361,0.0306,-0.1786,1.8061,-0.2057,0.1967,0.2846,0.0258,0.0010,0.9399
42.2502,0.7593,1.7865,-0.1765,0.1456,0.2288,-0.0358,0.0320,-0.1806,1.8077,-0.2063,0.1968,0.2851,0.0262,-0.0002,0.9401
42.2506,0.7574,1.7876,-0.1765,0.1456,0.2288,-0.0352,0.0320,-0.1827,1.8093,-0.2063,0.1968,0.2851,0.0271,-0.0002,0.9403
42.2702,0.7556,1.7887,-0.1786,0.1437,0.2293,-0.0350,0.0324,-0.1846,1.8107,-0.2078,0.1965,0.2860,0.0277,0.0008,0.9405
42.2707,0.7537,1.7899,-0.1786,0.1437,0.2293,-0.0349,0.0324,-0.1867,1.8122,-0.2089,0.1962,0.2866,0.0293,0.0012,0.9407
42.2802,0.7521,1.7907,-0.1812,0.1418,0.2301,-0.0344,0.0357,-0.1884,1.8135,-0.2097,0.1957,0.2868,0.0298,0.0018,0.9408
42.2999,0.7503,1.7918,-0.1819,0.1402,0.2296,-0.0334,0.0370,-0.1903,1.8150,-0.2099,0.1952,0.2866,0.0304,0.0050,0.9409
42.3001,0.7486,1.7929,-0.1819,0.1402,0.2296,-0.0325,0.0370,-0.1922,1.8165,-0.2100,0.1944,0.2862,0.0307,0.0093,0.9411
42.3099,0.7469,1.7940,-0.1839,0.1381,0.2299,-0.0318,0.0374,-0.1941,1.8179,-0.2108,0.1948,0.2870,0.0310,0.0089,0.9413
42.3103,0.7452,1.7951,-0.1839,0.1381,0.2299,-0.0311,0.0374,-0.1960,1.8193,-0.2112,0.1944,0.2870,0.0313,0.0097,0.9415
42.3302,0.7434,1.7962,-0.1853,0.1365,0.2301,-0.0306,0.0369,-0.1981,1.8209,-0.2123,0.1946,0.2880,0.0321,0.0096,0.9418
42.3307,0.7417,1.7973,-0.1864,0.1359,0.2307,-0.0302,0.0366,-0.2000,1.8224,-0.2123,0.1946,0.2880,0.0324,0.0096,0.9420
42.3400,0.7397,1.7986,-0.1872,0.1354,0.2311,-0.0296,0.0357,-0.2021,1.8239,-0.2143,0.1946,0.2895,0.0326,0.0093,0.9421
42.3402,0.7380,1.7996,-0.1872,0.1354,0.2311,-0.0294,0.0357,-0.2040,1.8253,-0.2143,0.1946,0.2895,0.0325,0.0093,0.9423
42.3600,0.7364,1.8006,-0.1892,0.1340,0.2318,-0.0291,0.0342,-0.2059,1.8267,-0.2155,0.1936,0.2897,0.0323,0.0081,0.9426
42.3602,0.7346,1.8017,-0.1892,0.1340,0.2318,-0.0290,0.0342,-0.2081,1.8282,-0.2161,0.1934,0.2900,0.0322,0.0088,0.9430
42.3800,0.7328,1.8028,-0.1908,0.1324,0.2322,-0.0287,0.0343,-0.2103,1.8296,-0.2172,0.1932,0.2907,0.0322,0.0062,0.9435
42.3802,0.7313,1.8037,-0.1917,0.1319,0.2327,-0.0283,0.0353,-0.2122,1.8308,-0.2187,0.1932,0.2918,0.0322,0.0024,0.9439
42.4001,0.7296,1.8046,-0.1917,0.1307,0.2320,-0.0281,0.0369,-0.2141,1.8320,-0.2193,0.1922,0.2916,0.0321,0.0007,0.9442
42.4004,0.7278,1.8056,-0.1917,0.1307,0.2320,-0.0279,0.0369,-0.2160,1.8332,-0.2193,0.1922,0.2916,0.0315,0.0007,0.9443
42.4101,0.7239,1.8078,-0.1946,0.1297,0.2339,-0.0267,0.0404,-0.2182,1.8346,-0.2217,0.1912,0.2927,0.0298,-0.0016,0.9425
42.4103,0.7239,1.8078,-0.1946,0.1297,0.2339,-0.0267,0.0404,-0.2203,1.8359,-0.2227,0.1907,0.2932,0.0289,-0.0061,0.9447
42.4303,0.7220,1.8089,-0.1956,0.1291,0.2343,-0.0259,0.0411,-0.2224,1.8373,-0.2235,0.1898,0.2932,0.0276,-0.0078,0.9449
42.4305,0.7205,1.8098,-0.1967,0.1289,0.2352,-0.0256,0.0416,-0.2242,1.8383,-0.2245,0.1893,0.2937,0.0268,-0.0099,0.9452
42.4404,0.7167,1.8122,-0.1977,0.1280,0.2355,-0.0229,0.0396,-0.2266,1.8397,-0.2247,0.1879,0.2929,0.0260,-0.0103,0.9437
42.4408,0.7167,1.8122,-0.1977,0.1280,0.2355,-0.0229,0.0396,-0.2286,1.8409,-0.2261,0.1873,0.2935,0.0252,-0.0112,0.9458
42.4601,0.7150,1.8133,-0.1992,0.1286,0.2371,-0.0219,0.0374,-0.2308,1.8421,-0.2279,0.1873,0.2950,0.0243,-0.0109,0.9462
42.4603,0.7135,1.8142,-0.1988,0.1277,0.2363,-0.0216,0.0343,-0.2325,1.8431,-0.2284,0.1854,0.2942,0.0234,-0.0134,0.9464
42.4803,0.7113,1.8154,-0.1988,0.1272,0.2360,-0.0210,0.0345,-0.2348,1.8445,-0.2287,0.1842,0.2936,0.0218,-0.0143,0.9465
42.4806,0.7096,1.8163,-0.1996,0.1270,0.2366,-0.0203,0.0347,-0.2368,1.8456,-0.2294,0.1832,0.2936,0.0205,-0.0123,0.9468
42.4998,0.7080,1.8172,-0.2002,0.1269,0.2370,-0.0200,0.0352,-0.2386,1.8466,-0.2304,0.1825,0.2939,0.0192,-0.0091,0.9470
42.5000,0.7062,1.8182,-0.2002,0.1269,0.2370,-0.0197,0.0352,-0.2407,1.8479,-0.2304,0.1825,0.2939,0.0175,-0.0091,0.9473
42.5102,0.7044,1.8193,-0.2008,0.1263,0.2372,-0.0195,0.0356,-0.2429,1.8492,-0.2314,0.1799,0.2931,0.0161,-0.0012,0.9477
42.5198,0.7022,1.8207,-0.2012,0.1264,0.2376,-0.0191,0.0343,-0.2452,1.8508,-0.2323,0.1792,0.2934,0.0141,0.0004,0.9479
42.5201,0.7006,1.8216,-0.2012,0.1264,0.2376,-0.0189,0.0343,-0.2469,1.8520,-0.2323,0.1792,0.2934,0.0129,0.0004,0.9480
42.5398,0.6985,1.8228,-0.2027,0.1272,0.2393,-0.0183,0.0276,-0.2493,1.8535,-0.2335,0.1780,0.2936,0.0115,-0.0018,0.9483
42.5400,0.6967,1.8238,-0.2027,0.1272,0.2393,-0.0181,0.0276,-0.2512,1.8547,-0.2344,0.1774,0.2940,0.0100,-0.0097,0.9484
42.5499,0.6945,1.8250,-0.2045,0.1280,0.2412,-0.0177,0.0223,-0.2535,1.8560,-0.2351,0.1772,0.2944,0.0087,-0.0175,0.9485
42.5503,0.6928,1.8259,-0.2045,0.1280,0.2412,-0.0173,0.0223,-0.2552,1.8570,-0.2351,0.1772,0.2944,0.0078,-0.0175,0.9485
42.5701,0.6908,1.8270,-0.2062,0.1282,0.2428,-0.0170,0.0155,-0.2573,1.8580,-0.2360,0.1751,0.2938,0.0067,-0.0260,0.9486
42.5704,0.6890,1.8281,-0.2062,0.1282,0.2428,-0.0167,0.0155,-0.2591,1.8590,-0.2360,0.1751,0.2938,0.0058,-0.0260,0.9486
42.5800,0.6853,1.8303,-0.2080,0.1284,0.2444,-0.0164,0.0133,-0.2609,1.8600,-0.2365,0.1723,0.2926,0.0042,-0.0294,0.9467
42.5802,0.6853,1.8303,-0.2080,0.1284,0.2444,-0.0164,0.0133,-0.2631,1.8613,-0.2365,0.1708,0.2917,0.0020,-0.0294,0.9489
42.6001,0.6835,1.8313,-0.2092,0.1278,0.2452,-0.0161,0.0128,-0.2649,1.8623,-0.2365,0.1694,0.2909,0.0002,-0.0272,0.9489
42.6101,0.6816,1.8324,-0.2098,0.1275,0.2455,-0.0159,0.0127,-0.2671,1.8637,-0.2362,0.1681,0.2899,-0.0012,-0.0254,0.9492
42.6105,0.6799,1.8332,-0.2098,0.1275,0.2455,-0.0157,0.0127,-0.2689,1.8646,-0.2362,0.1681,0.2899,-0.0024,-0.0254,0.9493
42.6300,0.6777,1.8344,-0.2101,0.1266,0.2453,-0.0154,0.0144,-0.2712,1.8660,-0.2360,0.1648,0.2878,-0.0044,-0.0229,0.9494
42.6304,0.6763,1.8352,-0.2101,0.1266,0.2453,-0.0152,0.0144,-0.2727,1.8668,-0.2360,0.1648,0.2878,-0.0054,-0.0229,0.9495
42.6399,0.6744,1.8362,-0.2112,0.1266,0.2462,-0.0148,0.0140,-0.2747,1.8679,-0.2362,0.1625,0.2867,-0.0066,-0.0217,0.9496
42.6403,0.6723,1.8374,-0.2112,0.1266,0.2462,-0.0143,0.0140,-0.2769,1.8693,-0.2362,0.1625,0.2867,-0.0083,-0.0217,0.9497
42.6602,0.6704,1.8385,-0.2133,0.1270,0.2482,-0.0137,0.0136,-0.2788,1.8704,-0.2375,0.1617,0.2873,-0.0095,-0.0240,0.9498
42.6606,0.6686,1.8395,-0.2133,0.1270,0.2482,-0.0133,0.0136,-0.2808,1.8715,-0.2375,0.1617,0.2873,-0.0102,-0.0240,0.9500
42.6801,0.6665,1.8405,-0.2142,0.1270,0.2490,-0.0127,0.0097,-0.2827,1.8725,-0.2381,0.1599,0.2869,-0.0112,-0.0294,0.9498
42.6806,0.6646,1.8415,-0.2142,0.1270,0.2490,-0.0124,0.0097,-0.2845,1.8734,-0.2381,0.1599,0.2869,-0.0125,-0.0294,0.9497
42.6899,0.6628,1.8424,-0.2152,0.1267,0.2498,-0.0122,0.0096,-0.2864,1.8744,-0.2380,0.1571,0.2852,-0.0138,-0.0315,0.9497
42.6901,0.6606,1.8435,-0.2162,0.1269,0.2507,-0.0119,0.0102,-0.2883,1.8755,-0.2380,0.1571,0.2852,-0.0150,-0.0315,0.9495
42.7101,0.6588,1.8444,-0.2169,0.1266,0.2512,-0.0117,0.0104,-0.2901,1.8765,-0.2377,0.1544,0.2835,-0.0158,-0.0302,0.9494
42.7103,0.6569,1.8454,-0.2169,0.1266,0.2512,-0.0116,0.0104,-0.2920,1.8775,-0.2377,0.1544,0.2835,-0.0164,-0.0302,0.9494
42.7302,0.6548,1.8465,-0.2181,0.1262,0.2520,-0.0117,0.0101,-0.2940,1.8786,-0.2374,0.1520,0.2819,-0.0172,-0.0277,0.9493
42.7308,0.6529,1.8474,-0.2181,0.1262,0.2520,-0.0117,0.0101,-0.2959,1.8795,-0.2378,0.1512,0.2818,-0.0177,-0.0257,0.9494
42.7401,0.6508,1.8483,-0.2195,0.1261,0.2531,-0.0115,0.0097,-0.2978,1.8805,-0.2380,0.1498,0.2812,-0.0185,-0.0243,0.9492
42.7406,0.6490,1.8492,-0.2203,0.1260,0.2538,-0.0113,0.0082,-0.2998,1.8814,-0.2384,0.1488,0.2810,-0.0189,-0.0209,0.9493
42.7600,0.6468,1.8502,-0.2205,0.1254,0.2537,-0.0111,0.0059,-0.3019,1.8827,-0.2382,0.1474,0.2802,-0.0200,-0.0200,0.9493
42.7603,0.6450,1.8510,-0.2212,0.1251,0.2541,-0.0108,0.0038,-0.3037,1.8836,-0.2385,0.1466,0.2800,-0.0209,-0.0193,0.9493
42.7801,0.6430,1.8520,-0.2212,0.1245,0.2538,-0.0103,0.0013,-0.3057,1.8847,-0.2381,0.1457,0.2792,-0.0218,-0.0197,0.9493
42.7803,0.6413,1.8527,-0.2215,0.1242,0.2540,-0.0101,-0.0002,-0.3074,1.8855,-0.2381,0.1450,0.2787,-0.0221,-0.0204,0.9493
42.7899,0.6396,1.8535,-0.2216,0.1239,0.2539,-0.0099,-0.0018,-0.3091,1.8863,-0.2379,0.1440,0.2781,-0.0223,-0.0211,0.9493
42.7901,0.6377,1.8543,-0.2216,0.1239,0.2539,-0.0098,-0.0018,-0.3110,1.8872,-0.2379,0.1440,0.2781,-0.0227,-0.0211,0.9493
42.8103,0.6357,1.8553,-0.2218,0.1229,0.2535,-0.0097,-0.0024,-0.3131,1.8882,-0.2376,0.1415,0.2766,-0.0229,-0.0219,0.9494
42.8108,0.6338,1.8561,-0.2223,0.1225,0.2538,-0.0096,-0.0028,-0.3148,1.8890,-0.2379,0.1405,0.2763,-0.0231,-0.0221,0.9492
42.8201,0.6318,1.8569,-0.2228,0.1220,0.2540,-0.0093,-0.0023,-0.3167,1.8899,-0.2376,0.1394,0.2755,-0.0236,-0.0210,0.9490
42.8299,0.6295,1.8579,-0.2232,0.1214,0.2541,-0.0084,-0.0022,-0.3190,1.8912,-0.2373,0.1381,0.2745,-0.0246,-0.0199,0.9490
42.8301,0.6278,1.8585,-0.2232,0.1214,0.2541,-0.0078,-0.0022,-0.3205,1.8920,-0.2373,0.1381,0.2745,-0.0253,-0.0199,0.9490
42.8504,0.6255,1.8596,-0.2237,0.1199,0.2538,-0.0072,-0.0036,-0.3229,1.8932,-0.2368,0.1361,0.2732,-0.0264,-0.0193,0.9490
42.8509,0.6238,1.8604,-0.2237,0.1199,0.2538,-0.0070,-0.0036,-0.3248,1.8942,-0.2368,0.1361,0.2732,-0.0274,-0.0193,0.9492
42.8701,0.6215,1.8613,-0.2251,0.1195,0.2549,-0.0061,-0.0044,-0.3270,1.8952,-0.2378,0.1348,0.2733,-0.0281,-0.0280,0.9491
42.8704,0.6199,1.8619,-0.2261,0.1192,0.2555,-0.0058,-0.0058,-0.3286,1.8959,-0.2378,0.1341,0.2730,-0.0289,-0.0270,0.9491
42.8796,0.6178,1.8627,-0.2258,0.1182,0.2549,-0.0054,-0.0070,-0.3307,1.8968,-0.2365,0.1326,0.2712,-0.0299,-0.0242,0.9491
42.8799,0.6159,1.8634,-0.2258,0.1182,0.2549,-0.0050,-0.0070,-0.3324,1.8975,-0.2369,0.1319,0.2711,-0.0302,-0.0224,0.9490
42.9001,0.6138,1.8641,-0.2274,0.1175,0.2560,-0.0045,-0.0107,-0.3346,1.8984,-0.2366,0.1310,0.2705,-0.0307,-0.0208,0.9490
42.9004,0.6120,1.8646,-0.2274,0.1175,0.2560,-0.0035,-0.0107,-0.3364,1.8990,-0.2371,0.1304,0.2706,-0.0311,-0.0194,0.9490
42.9202,0.6099,1.8654,-0.2277,0.1157,0.2554,-0.0033,-0.0103,-0.3383,1.8997,-0.2364,0.1289,0.2693,-0.0315,-0.0163,0.9488
42.9205,0.6079,1.8662,-0.2277,0.1157,0.2554,-0.0033,-0.0103,-0.3403,1.9005,-0.2364,0.1289,0.2693,-0.0316,-0.0163,0.9488
42.9302,0.6059,1.8670,-0.2282,0.1146,0.2554,-0.0034,-0.0077,-0.3423,1.9012,-0.2357,0.1265,0.2675,-0.0317,-0.0097,0.9489
42.9401,0.6039,1.8679,-0.2292,0.1145,0.2562,-0.0036,-0.0074,-0.3442,1.9020,-0.2361,0.1259,0.2676,-0.0315,-0.0063,0.9487
42.9403,0.6021,1.8686,-0.2292,0.1145,0.2562,-0.0037,-0.0074,-0.3460,1.9026,-0.2353,0.1246,0.2663,-0.0316,-0.0050,0.9487
42.9601,0.6001,1.8694,-0.2293,0.1129,0.2556,-0.0038,-0.0065,-0.3479,1.9033,-0.2349,0.1235,0.2653,-0.0317,-0.0047,0.9486
42.9604,0.5981,1.8701,-0.2293,0.1129,0.2556,-0.0038,-0.0065,-0.3498,1.9041,-0.2343,0.1224,0.2643,-0.0318,-0.0046,0.9486
42.9699,0.5962,1.8708,-0.2307,0.1119,0.2564,-0.0038,-0.0068,-0.3518,1.9048,-0.2347,0.1220,0.2645,-0.0319,-0.0044,0.9486
42.9702,0.5943,1.8715,-0.2307,0.1119,0.2564,-0.0038,-0.0068,-0.3539,1.9056,-0.2347,0.1220,0.2645,-0.0319,-0.0044,0.9488
42.9899,0.5923,1.8720,-0.2306,0.1102,0.2556,-0.0036,-0.0099,-0.3559,1.9064,-0.2344,0.1200,0.2633,-0.0320,-0.0109,0.9488
42.9902,0.5902,1.8726,-0.2306,0.1102,0.2556,-0.0032,-0.0099,-0.3580,1.9072,-0.2347,0.1196,0.2634,-0.0320,-0.0127,0.9489
42.9999,0.5883,1.8731,-0.2319,0.1088,0.2562,-0.0030,-0.0116,-0.3601,1.9080,-0.2347,0.1188,0.2630,-0.0320,-0.0137,0.9491
43.0201,0.5860,1.8737,-0.2320,0.1075,0.2558,-0.0028,-0.0109,-0.3622,1.9089,-0.2345,0.1175,0.2623,-0.0321,-0.0147,0.9489
43.0204,0.5844,1.8742,-0.2320,0.1075,0.2558,-0.0028,-0.0109,-0.3638,1.9094,-0.2345,0.1175,0.2623,-0.0321,-0.0147,0.9489
43.0301,0.5823,1.8749,-0.2325,0.1051,0.2551,-0.0029,-0.0007,-0.3661,1.9102,-0.2339,0.1149,0.2605,-0.0321,-0.0139,0.9490
43.0304,0.5801,1.8756,-0.2325,0.1051,0.2551,-0.0030,-0.0007,-0.3681,1.9109,-0.2339,0.1149,0.2605,-0.0320,-0.0139,0.9489
43.0501,0.5781,1.8764,-0.2332,0.1036,0.2552,-0.0030,-0.0013,-0.3702,1.9115,-0.2339,0.1124,0.2595,-0.0319,-0.0025,0.9489
43.0505,0.5761,1.8771,-0.2332,0.1036,0.2552,-0.0030,-0.0013,-0.3723,1.9120,-0.2334,0.1109,0.2584,-0.0313,0.0035,0.9490
43.0702,0.5739,1.8778,-0.2333,0.1024,0.2548,-0.0029,-0.0058,-0.3744,1.9125,-0.2341,0.1100,0.2587,-0.0307,0.0044,0.9490
43.0704,0.5718,1.8784,-0.2333,0.1024,0.2548,-0.0026,-0.0058,-0.3765,1.9130,-0.2341,0.1100,0.2587,-0.0304,0.0044,0.9490
43.0798,0.5700,1.8789,-0.2342,0.1006,0.2549,-0.0023,-0.0086,-0.3784,1.9136,-0.2348,0.1081,0.2585,-0.0306,0.0056,0.9490
43.0801,0.5676,1.8794,-0.2346,0.0996,0.2548,-0.0011,-0.0065,-0.3807,1.9144,-0.2350,0.1072,0.2583,-0.0307,0.0084,0.9489
43.0901,0.5660,1.8798,-0.2354,0.0982,0.2551,-0.0007,-0.0047,-0.3824,1.9150,-0.2351,0.1062,0.2580,-0.0308,0.0128,0.9490
43.1105,0.5637,1.8805,-0.2351,0.0971,0.2543,-0.0010,-0.0043,-0.3848,1.9161,-0.2349,0.1054,0.2575,-0.0315,0.0127,0.9491
43.1107,0.5617,1.8809,-0.2358,0.0963,0.2547,-0.0009,-0.0025,-0.3866,1.9168,-0.2353,0.1048,0.2575,-0.0318,0.0109,0.9490
43.1203,0.5575,1.8823,-0.2365,0.0944,0.2547,-0.0006,0.0008,-0.3890,1.9177,-0.2354,0.1043,0.2575,-0.0319,0.0097,0.9471
43.1206,0.5575,1.8823,-0.2365,0.0944,0.2547,-0.0006,0.0008,-0.3909,1.9185,-0.2354,0.1043,0.2575,-0.0318,0.0097,0.9491
43.1402,0.5551,1.8831,-0.2377,0.0942,0.2557,0.0001,0.0001,-0.3932,1.9193,-0.2365,0.1034,0.2581,-0.0310,-0.0069,0.9490
43.1406,0.5534,1.8836,-0.2377,0.0942,0.2557,0.0004,0.0001,-0.3950,1.9197,-0.2365,0.1034,0.2581,-0.0298,-0.0069,0.9491
43.1503,0.5511,1.8844,-0.2378,0.0925,0.2551,0.0010,-0.0064,-0.3972,1.9202,-0.2363,0.1009,0.2569,-0.0272,-0.0084,0.9489
43.1507,0.5488,1.8850,-0.2378,0.0925,0.2551,0.0016,-0.0064,-0.3994,1.9207,-0.2367,0.0996,0.2568,-0.0243,-0.0067,0.9489
43.1699,0.5470,1.8854,-0.2395,0.0910,0.2562,0.0019,-0.0137,-0.4013,1.9211,-0.2370,0.0984,0.2567,-0.0226,-0.0061,0.9489
43.1800,0.5445,1.8859,-0.2391,0.0898,0.2554,0.0029,-0.0143,-0.4037,1.9218,-0.2372,0.0973,0.2564,-0.0202,-0.0059,0.9488
43.1803,0.5424,1.8862,-0.2391,0.0898,0.2554,0.0039,-0.0143,-0.4057,1.9223,-0.2383,0.0967,0.2571,-0.0182,-0.0045,0.9488
43.2002,0.5404,1.8864,-0.2407,0.0876,0.2561,0.0047,-0.0147,-0.4079,1.9230,-0.2386,0.0959,0.2572,-0.0165,-0.0043,0.9490
43.2008,0.5384,1.8867,-0.2407,0.0876,0.2561,0.0050,-0.0147,-0.4099,1.9236,-0.2386,0.0959,0.2572,-0.0153,-0.0043,0.9490
43.2099,0.5362,1.8870,-0.2407,0.0845,0.2551,0.0055,-0.0140,-0.4122,1.9245,-0.2395,0.0943,0.2574,-0.0147,-0.0088,0.9491
43.2101,0.5342,1.8874,-0.2407,0.0845,0.2551,0.0057,-0.0140,-0.4144,1.9252,-0.2395,0.0943,0.2574,-0.0142,-0.0088,0.9494
43.2303,0.5320,1.8881,-0.2411,0.0819,0.2547,0.0057,-0.0131,-0.4165,1.9258,-0.2408,0.0933,0.2583,-0.0137,-0.0194,0.9493
43.2307,0.5299,1.8889,-0.2411,0.0819,0.2547,0.0057,-0.0131,-0.4187,1.9264,-0.2408,0.0933,0.2583,-0.0130,-0.0194,0.9493
43.2500,0.5279,1.8897,-0.2419,0.0811,0.2551,0.0057,-0.0166,-0.4209,1.9268,-0.2417,0.0917,0.2585,-0.0126,-0.0208,0.9495
43.2502,0.5259,1.8902,-0.2419,0.0811,0.2551,0.0063,-0.0166,-0.4227,1.9271,-0.2417,0.0917,0.2585,-0.0121,-0.0208,0.9494
43.2601,0.5240,1.8906,-0.2418,0.0800,0.2547,0.0068,-0.0314,-0.4246,1.9274,-0.2416,0.0889,0.2575,-0.0116,-0.0131,0.9493
43.2699,0.5199,1.8914,-0.2419,0.0793,0.2546,0.0094,-0.0334,-0.4270,1.9279,-0.2418,0.0876,0.2571,-0.0113,-0.0062,0.9476
43.2701,0.5199,1.8914,-0.2419,0.0793,0.2546,0.0094,-0.0334,-0.4289,1.9283,-0.2425,0.0864,0.2574,-0.0109,-0.0005,0.9496
43.2899,0.5179,1.8916,-0.2429,0.0773,0.2549,0.0098,-0.0332,-0.4312,1.9288,-0.2431,0.0856,0.2577,-0.0101,0.0010,0.9498
43.2902,0.5161,1.8919,-0.2429,0.0773,0.2549,0.0098,-0.0332,-0.4332,1.9293,-0.2441,0.0850,0.2585,-0.0090,0.0012,0.9500
43.3000,0.5137,1.8922,-0.2432,0.0751,0.2546,0.0098,-0.0313,-0.4355,1.9298,-0.2443,0.0841,0.2584,-0.0067,-0.0002,0.9499
43.3098,0.5118,1.8925,-0.2440,0.0739,0.2549,0.0100,-0.0311,-0.4373,1.9302,-0.2447,0.0833,0.2585,-0.0050,-0.0032,0.9499
43.3101,0.5098,1.8927,-0.2440,0.0739,0.2549,0.0099,-0.0311,-0.4395,1.9305,-0.2447,0.0833,0.2585,-0.0029,-0.0032,0.9501
43.3301,0.5074,1.8931,-0.2440,0.0716,0.2543,0.0101,-0.0309,-0.4417,1.9309,-0.2457,0.0812,0.2588,-0.0008,-0.0084,0.9499
43.3304,0.5056,1.8933,-0.2440,0.0716,0.2543,0.0102,-0.0309,-0.4437,1.9312,-0.2457,0.0812,0.2588,0.0004,-0.0084,0.9500
43.3501,0.5034,1.8936,-0.2445,0.0696,0.2542,0.0102,-0.0351,-0.4461,1.9316,-0.2463,0.0785,0.2585,0.0022,-0.0121,0.9503
43.3504,0.5016,1.8937,-0.2445,0.0696,0.2542,0.0103,-0.0351,-0.4480,1.9318,-0.2463,0.0785,0.2585,0.0040,-0.0121,0.9503
43.3599,0.4992,1.8939,-0.2444,0.0668,0.2534,0.0107,-0.0390,-0.4506,1.9320,-0.2464,0.0752,0.2576,0.0077,-0.0059,0.9506
43.3601,0.4974,1.8940,-0.2444,0.0668,0.2534,0.0111,-0.0390,-0.4526,1.9321,-0.2473,0.0736,0.2580,0.0111,-0.0061,0.9508
43.3801,0.4953,1.8941,-0.2450,0.0643,0.2533,0.0116,-0.0375,-0.4547,1.9322,-0.2481,0.0724,0.2584,0.0148,-0.0071,0.9508
43.3804,0.4934,1.8941,-0.2450,0.0643,0.2533,0.0118,-0.0375,-0.4565,1.9322,-0.2481,0.0724,0.2584,0.0173,-0.0071,0.9507
43.4000,0.4914,1.8941,-0.2451,0.0615,0.2527,0.0120,-0.0352,-0.4585,1.9322,-0.2482,0.0694,0.2577,0.0189,-0.0087,0.9507
43.4003,0.4892,1.8942,-0.2451,0.0615,0.2527,0.0124,-0.0352,-0.4607,1.9323,-0.2482,0.0694,0.2577,0.0202,-0.0087,0.9507
43.4098,0.4871,1.8942,-0.2456,0.0591,0.2526,0.0126,-0.0365,-0.4629,1.9325,-0.2487,0.0666,0.2574,0.0209,-0.0094,0.9508
43.4100,0.4849,1.8943,-0.2456,0.0591,0.2526,0.0127,-0.0365,-0.4654,1.9328,-0.2487,0.0666,0.2574,0.0224,-0.0094,0.9510
43.4299,0.4827,1.8944,-0.2461,0.0562,0.2524,0.0129,-0.0396,-0.4675,1.9330,-0.2501,0.0645,0.2583,0.0240,-0.0179,0.9510
43.4302,0.4804,1.8946,-0.2461,0.0562,0.2524,0.0129,-0.0396,-0.4698,1.9332,-0.2501,0.0645,0.2583,0.0257,-0.0179,0.9510
43.4399,0.4786,1.8946,-0.2469,0.0534,0.2526,0.0128,-0.0388,-0.4716,1.9334,-0.2511,0.0625,0.2588,0.0269,-0.0318,0.9510
43.4401,0.4762,1.8948,-0.2469,0.0520,0.2523,0.0127,-0.0385,-0.4739,1.9335,-0.2511,0.0625,0.2588,0.0294,-0.0318,0.9508
43.4602,0.4742,1.8949,-0.2479,0.0507,0.2530,0.0126,-0.0368,-0.4757,1.9335,-0.2519,0.0604,0.2591,0.0309,-0.0351,0.9507
43.4605,0.4720,1.8950,-0.2479,0.0507,0.2530,0.0126,-0.0368,-0.4778,1.9335,-0.2519,0.0604,0.2591,0.0324,-0.0351,0.9506
43.4801,0.4698,1.8950,-0.2483,0.0483,0.2529,0.0124,-0.0353,-0.4800,1.9334,-0.2521,0.0573,0.2585,0.0340,-0.0336,0.9505
43.4804,0.4678,1.8951,-0.2483,0.0483,0.2529,0.0121,-0.0353,-0.4819,1.9334,-0.2521,0.0573,0.2585,0.0360,-0.0336,0.9504
43.4900,0.4652,1.8951,-0.2491,0.0461,0.2533,0.0118,-0.0348,-0.4844,1.9333,-0.2520,0.0541,0.2577,0.0393,-0.0227,0.9504
43.4903,0.4629,1.8952,-0.2491,0.0461,0.2533,0.0115,-0.0348,-0.4868,1.9333,-0.2528,0.0522,0.2582,0.0417,-0.0181,0.9504
43.5101,0.4608,1.8952,-0.2509,0.0442,0.2547,0.0113,-0.0369,-0.4890,1.9333,-0.2533,0.0507,0.2583,0.0443,-0.0145,0.9505
43.5104,0.4587,1.8953,-0.2505,0.0430,0.2542,0.0107,-0.0451,-0.4911,1.9333,-0.2533,0.0507,0.2583,0.0467,-0.0145,0.9506
43.5300,0.4565,1.8953,-0.2513,0.0422,0.2548,0.0103,-0.0469,-0.4932,1.9332,-0.2545,0.0478,0.2589,0.0493,-0.0087,0.9505
43.5305,0.4544,1.8953,-0.2514,0.0409,0.2547,0.0100,-0.0466,-0.4954,1.9331,-0.2544,0.0460,0.2585,0.0515,-0.0036,0.9506
43.5401,0.4523,1.8954,-0.2513,0.0395,0.2544,0.0098,-0.0457,-0.4975,1.9329,-0.2546,0.0444,0.2584,0.0535,0.0018,0.9506
43.5404,0.4500,1.8954,-0.2513,0.0395,0.2544,0.0094,-0.0457,-0.4997,1.9327,-0.2546,0.0444,0.2584,0.0555,0.0018,0.9504
43.5599,0.4480,1.8955,-0.2522,0.0366,0.2548,0.0092,-0.0409,-0.5018,1.9326,-0.2548,0.0415,0.2582,0.0574,0.0109,0.9506
43.5603,0.4456,1.8956,-0.2522,0.0366,0.2548,0.0091,-0.0409,-0.5043,1.9325,-0.2548,0.0415,0.2582,0.0583,0.0109,0.9506
43.5798,0.4435,1.8957,-0.2525,0.0343,0.2548,0.0092,-0.0381,-0.5064,1.9325,-0.2555,0.0389,0.2584,0.0585,0.0170,0.9506
43.5801,0.4411,1.8957,-0.2525,0.0343,0.2548,0.0092,-0.0381,-0.5089,1.9326,-0.2555,0.0389,0.2584,0.0583,0.0170,0.9508
43.5897,0.4391,1.8958,-0.2530,0.0326,0.2551,0.0093,-0.0438,-0.5110,1.9326,-0.2565,0.0364,0.2591,0.0580,0.0057,0.9509
43.5901,0.4366,1.8958,-0.2530,0.0326,0.2551,0.0093,-0.0438,-0.5137,1.9330,-0.2565,0.0364,0.2591,0.0579,0.0057,0.9510
43.6103,0.4346,1.8959,-0.2541,0.0307,0.2560,0.0093,-0.0461,-0.5160,1.9333,-0.2579,0.0339,0.2601,0.0580,0.0021,0.9512
43.6106,0.4324,1.8959,-0.2541,0.0307,0.2560,0.0091,-0.0461,-0.5181,1.9334,-0.2579,0.0339,0.2601,0.0583,0.0021,0.9513
43.6302,0.4301,1.8959,-0.2541,0.0285,0.2557,0.0091,-0.0500,-0.5205,1.9336,-0.2583,0.0314,0.2602,0.0589,0.0076,0.9514
43.6305,0.4279,1.8959,-0.2541,0.0285,0.2557,0.0090,-0.0500,-0.5229,1.9337,-0.2593,0.0303,0.2611,0.0596,0.0124,0.9516
43.6403,0.4256,1.8959,-0.2544,0.0257,0.2557,0.0089,-0.0490,-0.5254,1.9338,-0.2595,0.0289,0.2611,0.0603,0.0143,0.9518
43.6406,0.4235,1.8959,-0.2556,0.0246,0.2568,0.0090,-0.0458,-0.5277,1.9339,-0.2609,0.0282,0.2624,0.0607,0.0152,0.9520
43.6604,0.4213,1.8959,-0.2551,0.0231,0.2561,0.0090,-0.0407,-0.5301,1.9340,-0.2610,0.0274,0.2624,0.0607,0.0142,0.9522
43.6607,0.4193,1.8960,-0.2551,0.0231,0.2561,0.0090,-0.0407,-0.5324,1.9341,-0.2610,0.0274,0.2624,0.0605,0.0142,0.9524
43.6803,0.4168,1.8959,-0.2554,0.0211,0.2563,0.0092,-0.0385,-0.5351,1.9343,-0.2623,0.0259,0.2635,0.0604,0.0136,0.9527
43.6807,0.4147,1.8959,-0.2553,0.0201,0.2560,0.0095,-0.0371,-0.5376,1.9346,-0.2628,0.0251,0.2640,0.0597,0.0130,0.9531
43.6900,0.4127,1.8959,-0.2555,0.0195,0.2563,0.0098,-0.0369,-0.5398,1.9348,-0.2639,0.0246,0.2650,0.0593,0.0124,0.9533
43.6903,0.4104,1.8959,-0.2555,0.0195,0.2563,0.0101,-0.0369,-0.5423,1.9351,-0.2639,0.0236,0.2650,0.0589,0.0113,0.9535
43.7101,0.4080,1.8959,-0.2559,0.0185,0.2566,0.0106,-0.0385,-0.5449,1.9353,-0.2648,0.0228,0.2658,0.0588,0.0129,0.9536
43.7104,0.4060,1.8959,-0.2559,0.0185,0.2566,0.0109,-0.0385,-0.5469,1.9353,-0.2648,0.0228,0.2658,0.0587,0.0129,0.9537
43.7304,0.4037,1.8959,-0.2565,0.0170,0.2571,0.0116,-0.0383,-0.5493,1.9353,-0.2651,0.0202,0.2659,0.0589,0.0202,0.9538
43.7308,0.4016,1.8959,-0.2566,0.0155,0.2570,0.0123,-0.0379,-0.5515,1.9353,-0.2655,0.0190,0.2662,0.0593,0.0200,0.9539
43.7400,0.3994,1.8959,-0.2567,0.0139,0.2571,0.0129,-0.0339,-0.5538,1.9352,-0.2657,0.0178,0.2663,0.0606,0.0228,0.9540
43.7499,0.3971,1.8958,-0.2570,0.0124,0.2573,0.0133,-0.0231,-0.5563,1.9350,-0.2658,0.0168,0.2664,0.0622,0.0331,0.9542
43.7501,0.3951,1.8958,-0.2570,0.0124,0.2573,0.0135,-0.0231,-0.5583,1.9349,-0.2658,0.0168,0.2664,0.0625,0.0331,0.9542
43.7701,0.3928,1.8958,-0.2579,0.0103,0.2581,0.0137,-0.0162,-0.5607,1.9348,-0.2675,0.0150,0.2679,0.0625,0.0291,0.9543
43.7706,0.3907,1.8957,-0.2582,0.0094,0.2584,0.0139,-0.0152,-0.5629,1.9347,-0.2675,0.0138,0.2679,0.0623,0.0236,0.9544
43.7802,0.3884,1.8956,-0.2585,0.0087,0.2586,0.0139,-0.0144,-0.5653,1.9347,-0.2680,0.0128,0.2683,0.0621,0.0209,0.9545
43.7806,0.3861,1.8956,-0.2585,0.0087,0.2586,0.0141,-0.0144,-0.5678,1.9348,-0.2680,0.0128,0.2683,0.0619,0.0209,0.9547
43.8002,0.3838,1.8956,-0.2600,0.0075,0.2601,0.0143,-0.0150,-0.5702,1.9348,-0.2693,0.0110,0.2695,0.0619,0.0141,0.9548
43.8006,0.3814,1.8955,-0.2600,0.0075,0.2601,0.0146,-0.0150,-0.5726,1.9348,-0.2694,0.0100,0.2696,0.0619,0.0063,0.9549
43.8200,0.3791,1.8955,-0.2608,0.0062,0.2609,0.0149,-0.0147,-0.5751,1.9349,-0.2706,0.0093,0.2708,0.0619,0.0002,0.9550
43.8204,0.3767,1.8955,-0.2614,0.0056,0.2614,0.0153,-0.0141,-0.5775,1.9349,-0.2710,0.0087,0.2712,0.0625,-0.0019,0.9550
43.8301,0.3746,1.8955,-0.2615,0.0049,0.2615,0.0154,-0.0108,-0.5796,1.9349,-0.2716,0.0080,0.2717,0.0632,0.0010,0.9550
43.8397,0.3720,1.8956,-0.2619,0.0044,0.2620,0.0156,-0.0075,-0.5823,1.9349,-0.2718,0.0074,0.2719,0.0649,0.0045,0.9551
43.8400,0.3700,1.8956,-0.2619,0.0044,0.2620,0.0160,-0.0075,-0.5844,1.9348,-0.2718,0.0074,0.2719,0.0654,0.0045,0.9552
43.8601,0.3675,1.8956,-0.2632,0.0037,0.2632,0.0169,-0.0044,-0.5869,1.9345,-0.2728,0.0061,0.2729,0.0662,0.0103,0.9552
43.8606,0.3655,1.8956,-0.2634,0.0033,0.2634,0.0176,-0.0055,-0.5889,1.9342,-0.2725,0.0050,0.2726,0.0665,0.0175,0.9552
43.8700,0.3633,1.8955,-0.2637,0.0031,0.2638,0.0183,-0.0058,-0.5914,1.9339,-0.2726,0.0042,0.2726,0.0666,0.0226,0.9555
43.8703,0.3610,1.8955,-0.2637,0.0031,0.2638,0.0188,-0.0058,-0.5938,1.9335,-0.2733,0.0034,0.2733,0.0667,0.0261,0.9556
43.8902,0.3588,1.8954,-0.2647,0.0028,0.2647,0.0194,-0.0052,-0.5962,1.9332,-0.2745,0.0027,0.2745,0.0666,0.0294,0.9558
43.8904,0.3566,1.8953,-0.2651,0.0026,0.2652,0.0199,-0.0064,-0.5988,1.9329,-0.2745,0.0027,0.2745,0.0664,0.0294,0.9561
43.9098,0.3544,1.8951,-0.2651,0.0022,0.2651,0.0203,-0.0058,-0.6012,1.9326,-0.2760,0.0011,0.2760,0.0663,0.0321,0.9563
43.9101,0.3525,1.8950,-0.2651,0.0022,0.2651,0.0205,-0.0058,-0.6036,1.9324,-0.2760,0.0011,0.2760,0.0662,0.0321,0.9568
43.9199,0.3504,1.8948,-0.2647,0.0013,0.2647,0.0209,-0.0031,-0.6060,1.9322,-0.2764,-0.0007,0.2764,0.0662,0.0415,0.9571
43.9201,0.3479,1.8946,-0.2647,0.0013,0.2647,0.0216,-0.0031,-0.6088,1.9320,-0.2764,-0.0007,0.2764,0.0661,0.0415,0.9575
43.9400,0.3459,1.8945,-0.2650,0.0001,0.2650,0.0221,-0.0033,-0.6114,1.9318,-0.2781,-0.0025,0.2781,0.0659,0.0539,0.9580
43.9404,0.3439,1.8944,-0.2650,0.0001,0.2650,0.0225,-0.0033,-0.6138,1.9318,-0.2795,-0.0031,0.2795,0.0657,0.0549,0.9584
43.9599,0.3417,1.8942,-0.2646,-0.0008,0.2646,0.0230,-0.0033,-0.6163,1.9317,-0.2798,-0.0034,0.2798,0.0657,0.0548,0.9587
43.9602,0.3395,1.8941,-0.2646,-0.0008,0.2646,0.0241,-0.0033,-0.6189,1.9317,-0.2798,-0.0034,0.2798,0.0656,0.0548,0.9592
43.9700,0.3374,1.8939,-0.2650,-0.0018,0.2650,0.0249,-0.0029,-0.6214,1.9316,-0.2821,-0.0036,0.2821,0.0657,0.0462,0.9595
43.9703,0.3354,1.8938,-0.2650,-0.0018,0.2650,0.0257,-0.0029,-0.6239,1.9315,-0.2828,-0.0037,0.2828,0.0659,0.0365,0.9601
43.9900,0.3333,1.8936,-0.2646,-0.0026,0.2646,0.0265,-0.0019,-0.6266,1.9313,-0.2840,-0.0038,0.2840,0.0664,0.0284,0.9606
43.9903,0.3309,1.8934,-0.2646,-0.0026,0.2646,0.0282,-0.0019,-0.6294,1.9308,-0.2840,-0.0038,0.2840,0.0669,0.0284,0.9610
44.0097,0.3292,1.8933,-0.2640,-0.0036,0.2640,0.0293,0.0001,-0.6310,1.9305,-0.2853,-0.0050,0.2853,0.0684,0.0309,0.9609
44.0100,0.3269,1.8931,-0.2640,-0.0036,0.2640,0.0312,0.0001,-0.6334,1.9301,-0.2840,-0.0057,0.2841,0.0692,0.0294,0.9611
44.0201,0.3245,1.8929,-0.2636,-0.0043,0.2637,0.0332,0.0001,-0.6361,1.9296,-0.2847,-0.0065,0.2848,0.0696,0.0302,0.9614
44.0204,0.3227,1.8927,-0.2640,-0.0048,0.2640,0.0346,-0.0008,-0.6384,1.9294,-0.2858,-0.0071,0.2859,0.0696,0.0313,0.9618
44.0402,0.3206,1.8925,-0.2635,-0.0052,0.2636,0.0363,-0.0014,-0.6409,1.9293,-0.2860,-0.0073,0.2861,0.0697,0.0268,0.9622
44.0405,0.3185,1.8923,-0.2635,-0.0052,0.2636,0.0381,-0.0014,-0.6435,1.9292,-0.2860,-0.0073,0.2861,0.0700,0.0268,0.9627
44.0600,0.3165,1.8921,-0.2631,-0.0062,0.2632,0.0394,-0.0028,-0.6459,1.9290,-0.2876,-0.0071,0.2877,0.0705,0.0133,0.9631
44.0603,0.3140,1.8918,-0.2631,-0.0062,0.2632,0.0410,-0.0028,-0.6487,1.9288,-0.2876,-0.0071,0.2877,0.0715,0.0133,0.9634
44.0703,0.3120,1.8914,-0.2632,-0.0076,0.2633,0.0426,-0.0018,-0.6509,1.9286,-0.2888,-0.0075,0.2889,0.0730,-0.0134,0.9636
44.0801,0.3096,1.8910,-0.2629,-0.0084,0.2630,0.0447,0.0008,-0.6536,1.9281,-0.2890,-0.0079,0.2891,0.0754,-0.0144,0.9640
44.0804,0.3077,1.8908,-0.2629,-0.0084,0.2630,0.0460,0.0008,-0.6559,1.9277,-0.2890,-0.0079,0.2891,0.0765,-0.0144,0.9644
44.1000,0.3054,1.8903,-0.2628,-0.0101,0.2630,0.0475,0.0038,-0.6586,1.9271,-0.2898,-0.0098,0.2900,0.0787,-0.0122,0.9648
44.1002,0.3036,1.8901,-0.2628,-0.0101,0.2630,0.0485,0.0038,-0.6608,1.9267,-0.2898,-0.0098,0.2900,0.0807,-0.0122,0.9651
44.1103,0.3015,1.8898,-0.2619,-0.0116,0.2622,0.0497,0.0045,-0.6632,1.9262,-0.2897,-0.0132,0.2900,0.0825,0.0034,0.9654
44.1106,0.2993,1.8896,-0.2619,-0.0116,0.2622,0.0514,0.0045,-0.6657,1.9257,-0.2897,-0.0132,0.2900,0.0832,0.0034,0.9657
44.1300,0.2974,1.8894,-0.2616,-0.0125,0.2619,0.0531,0.0046,-0.6679,1.9252,-0.2903,-0.0159,0.2907,0.0833,0.0102,0.9660
44.1304,0.2951,1.8892,-0.2616,-0.0125,0.2619,0.0555,0.0046,-0.6705,1.9247,-0.2903,-0.0159,0.2907,0.0839,0.0102,0.9663
44.1500,0.2934,1.8890,-0.2610,-0.0135,0.2614,0.0574,0.0025,-0.6724,1.9244,-0.2902,-0.0183,0.2908,0.0844,0.0113,0.9664
44.1601,0.2909,1.8886,-0.2604,-0.0139,0.2607,0.0605,0.0032,-0.6753,1.9239,-0.2895,-0.0190,0.2901,0.0860,0.0129,0.9668
44.1605,0.2892,1.8883,-0.2604,-0.0139,0.2607,0.0621,0.0032,-0.6773,1.9236,-0.2895,-0.0190,0.2901,0.0877,0.0129,0.9671
44.1701,0.2867,1.8879,-0.2602,-0.0152,0.2607,0.0640,0.0044,-0.6800,1.9230,-0.2897,-0.0210,0.2905,0.0918,0.0186,0.9673
44.1705,0.2848,1.8874,-0.2602,-0.0152,0.2607,0.0655,0.0044,-0.6822,1.9225,-0.2897,-0.0210,0.2905,0.0938,0.0186,0.9676
44.1901,0.2825,1.8868,-0.2598,-0.0170,0.2604,0.0672,0.0037,-0.6848,1.9219,-0.2892,-0.0242,0.2902,0.0945,0.0184,0.9680
44.1905,0.2806,1.8864,-0.2598,-0.0170,0.2604,0.0686,0.0037,-0.6869,1.9216,-0.2892,-0.0242,0.2902,0.0948,0.0184,0.9682
44.1997,0.2786,1.8859,-0.2596,-0.0190,0.2603,0.0698,0.0047,-0.6893,1.9212,-0.2893,-0.0269,0.2906,0.0950,0.0215,0.9685
44.1999,0.2762,1.8854,-0.2596,-0.0190,0.2603,0.0717,0.0047,-0.6919,1.9209,-0.2889,-0.0280,0.2902,0.0955,0.0227,0.9688
44.2203,0.2742,1.8850,-0.2595,-0.0210,0.2603,0.0729,0.0075,-0.6943,1.9207,-0.2900,-0.0288,0.2915,0.0957,0.0226,0.9692
44.2301,0.2720,1.8845,-0.2591,-0.0218,0.2600,0.0750,0.0072,-0.6970,1.9205,-0.2901,-0.0292,0.2916,0.0961,0.0234,0.9697
44.2306,0.2701,1.8841,-0.2591,-0.0218,0.2600,0.0762,0.0072,-0.6993,1.9204,-0.2901,-0.0292,0.2916,0.0962,0.0234,0.9701
44.2503,0.2678,1.8835,-0.2585,-0.0235,0.2596,0.0780,0.0064,-0.7021,1.9202,-0.2910,-0.0296,0.2925,0.0965,0.0096,0.9706
44.2507,0.2658,1.8829,-0.2585,-0.0235,0.2596,0.0795,0.0064,-0.7045,1.9200,-0.2910,-0.0296,0.2925,0.0968,0.0096,0.9710
44.2698,0.2637,1.8822,-0.2586,-0.0258,0.2599,0.0803,0.0059,-0.7071,1.9197,-0.2923,-0.0298,0.2938,0.0973,-0.0042,0.9715
44.2703,0.2637,1.8822,-0.2586,-0.0258,0.2599,0.0803,0.0059,-0.7094,1.9194,-0.2923,-0.0298,0.2938,0.0983,-0.0042,0.9738
44.2798,0.2596,1.8810,-0.2581,-0.0282,0.2596,0.0821,0.0077,-0.7119,1.9191,-0.2930,-0.0306,0.2946,0.0996,-0.0032,0.9722
44.2897,0.2574,1.8804,-0.2577,-0.0293,0.2593,0.0827,0.0077,-0.7145,1.9186,-0.2932,-0.0313,0.2948,0.1013,-0.0034,0.9726
44.2900,0.2554,1.8799,-0.2577,-0.0293,0.2593,0.0833,0.0077,-0.7167,1.9181,-0.2932,-0.0313,0.2948,0.1027,-0.0034,0.9729
44.3103,0.2532,1.8793,-0.2569,-0.0314,0.2588,0.0843,0.0087,-0.7192,1.9176,-0.2932,-0.0333,0.2951,0.1041,0.0136,0.9732
44.3107,0.2513,1.8789,-0.2569,-0.0314,0.2588,0.0853,0.0087,-0.7214,1.9172,-0.2932,-0.0333,0.2951,0.1051,0.0136,0.9735
44.3201,0.2490,1.8782,-0.2555,-0.0333,0.2577,0.0870,0.0080,-0.7242,1.9167,-0.2928,-0.0353,0.2949,0.1062,0.0258,0.9739
44.3206,0.2473,1.8777,-0.2555,-0.0333,0.2577,0.0882,0.0080,-0.7263,1.9164,-0.2928,-0.0353,0.2949,0.1069,0.0258,0.9744
44.3400,0.2448,1.8768,-0.2548,-0.0358,0.2573,0.0898,0.0032,-0.7291,1.9159,-0.2935,-0.0370,0.2958,0.1080,0.0276,0.9748
44.3403,0.2430,1.8762,-0.2548,-0.0358,0.2573,0.0908,0.0032,-0.7314,1.9155,-0.2935,-0.0370,0.2958,0.1085,0.0276,0.9752
44.3500,0.2409,1.8754,-0.2539,-0.0387,0.2569,0.0919,0.0032,-0.7341,1.9150,-0.2940,-0.0386,0.2966,0.1098,0.0255,0.9758
44.3503,0.2389,1.8747,-0.2539,-0.0387,0.2569,0.0927,0.0032,-0.7364,1.9146,-0.2940,-0.0386,0.2966,0.1118,0.0255,0.9762
44.3699,0.2369,1.8739,-0.2532,-0.0418,0.2567,0.0936,0.0030,-0.7390,1.9141,-0.2950,-0.0392,0.2976,0.1139,0.0163,0.9767
44.3800,0.2346,1.8729,-0.2529,-0.0433,0.2566,0.0944,0.0024,-0.7417,1.9135,-0.2952,-0.0396,0.2979,0.1162,0.0137,0.9771
44.3802,0.2329,1.8723,-0.2529,-0.0433,0.2566,0.0947,0.0024,-0.7438,1.9131,-0.2952,-0.0396,0.2979,0.1174,0.0137,0.9776
44.4001,0.2306,1.8713,-0.2518,-0.0463,0.2560,0.0949,0.0011,-0.7468,1.9126,-0.2951,-0.0401,0.2978,0.1193,0.0091,0.9782
44.4004,0.2289,1.8707,-0.2518,-0.0463,0.2560,0.0951,0.0011,-0.7488,1.9122,-0.2951,-0.0401,0.2978,0.1204,0.0091,0.9786
44.4100,0.2265,1.8698,-0.2510,-0.0488,0.2557,0.0956,-0.0013,-0.7517,1.9117,-0.2952,-0.0407,0.2980,0.1225,0.0061,0.9791
44.4104,0.2246,1.8691,-0.2510,-0.0488,0.2557,0.0963,-0.0013,-0.7542,1.9114,-0.2963,-0.0413,0.2992,0.1244,0.0007,0.9798
44.4301,0.2226,1.8683,-0.2515,-0.0515,0.2568,0.0971,-0.0028,-0.7567,1.9109,-0.2964,-0.0417,0.2994,0.1261,-0.0034,0.9802
44.4303,0.2206,1.8674,-0.2506,-0.0527,0.2561,0.0980,-0.0025,-0.7593,1.9104,-0.2957,-0.0421,0.2987,0.1279,-0.0078,0.9809
44.4399,0.2166,1.8656,-0.2507,-0.0542,0.2564,0.0993,-0.0014,-0.7616,1.9100,-0.2959,-0.0429,0.2990,0.1296,-0.0094,0.9792
44.4402,0.2166,1.8656,-0.2507,-0.0542,0.2564,0.0993,-0.0014,-0.7642,1.9093,-0.2959,-0.0429,0.2990,0.1319,-0.0094,0.9818
44.4600,0.2148,1.8647,-0.2502,-0.0572,0.2567,0.0997,-0.0005,-0.7666,1.9086,-0.2959,-0.0449,0.2993,0.1333,-0.0048,0.9824
44.4603,0.2127,1.8637,-0.2495,-0.0586,0.2563,0.1001,-0.0012,-0.7693,1.9080,-0.2955,-0.0461,0.2991,0.1342,0.0043,0.9830
44.4799,0.2109,1.8630,-0.2494,-0.0604,0.2566,0.1002,-0.0011,-0.7716,1.9075,-0.2958,-0.0472,0.2996,0.1348,0.0181,0.9835
44.4898,0.2088,1.8620,-0.2490,-0.0616,0.2565,0.1001,-0.0010,-0.7743,1.9069,-0.2954,-0.0481,0.2993,0.1354,0.0246,0.9841
44.4902,0.2071,1.8612,-0.2490,-0.0616,0.2565,0.1000,-0.0010,-0.7765,1.9065,-0.2954,-0.0481,0.2993,0.1356,0.0246,0.9847
44.5001,0.2049,1.8601,-0.2476,-0.0644,0.2558,0.0998,-0.0024,-0.7794,1.9060,-0.2943,-0.0485,0.2982,0.1358,0.0157,0.9854
44.5004,0.2032,1.8593,-0.2476,-0.0644,0.2558,0.0997,-0.0024,-0.7815,1.9056,-0.2943,-0.0485,0.2982,0.1362,0.0157,0.9858
44.5199,0.2011,1.8582,-0.2474,-0.0676,0.2565,0.0996,-0.0032,-0.7843,1.9050,-0.2961,-0.0489,0.3002,0.1370,0.0126,0.9865
44.5201,0.1992,1.8572,-0.2474,-0.0676,0.2565,0.0990,-0.0032,-0.7868,1.9045,-0.2961,-0.0489,0.3002,0.1383,0.0126,0.9871
44.5301,0.1973,1.8564,-0.2469,-0.0709,0.2569,0.0983,-0.0001,-0.7891,1.9040,-0.2968,-0.0500,0.3009,0.1394,0.0076,0.9876
44.5304,0.1952,1.8554,-0.2469,-0.0709,0.2569,0.0975,-0.0001,-0.7918,1.9034,-0.2968,-0.0500,0.3009,0.1409,0.0076,0.9881
44.5497,0.1932,1.8545,-0.2465,-0.0739,0.2574,0.0972,0.0018,-0.7942,1.9030,-0.2965,-0.0514,0.3010,0.1422,0.0092,0.9886
44.5602,0.1892,1.8529,-0.2461,-0.0764,0.2577,0.0964,0.0024,-0.7970,1.9022,-0.2965,-0.0521,0.3011,0.1439,0.0151,0.9874
44.5605,0.1892,1.8529,-0.2461,-0.0764,0.2577,0.0964,0.0024,-0.7992,1.9016,-0.2965,-0.0521,0.3011,0.1450,0.0151,0.9896
44.5803,0.1853,1.8511,-0.2451,-0.0783,0.2573,0.0957,-0.0005,-0.8018,1.9008,-0.2966,-0.0538,0.3014,0.1469,0.0193,0.9884
44.5805,0.1853,1.8511,-0.2451,-0.0783,0.2573,0.0957,-0.0005,-0.8040,1.9000,-0.2963,-0.0547,0.3013,0.1482,0.0214,0.9905
44.5998,0.1833,1.8501,-0.2448,-0.0793,0.2573,0.0953,-0.0013,-0.8064,1.8990,-0.2960,-0.0555,0.3012,0.1490,0.0208,0.9909
44.6001,0.1815,1.8493,-0.2448,-0.0793,0.2573,0.0948,-0.0013,-0.8086,1.8983,-0.2960,-0.0555,0.3012,0.1492,0.0208,0.9913
44.6098,0.1795,1.8484,-0.2443,-0.0815,0.2575,0.0944,-0.0012,-0.8111,1.8975,-0.2956,-0.0568,0.3010,0.1494,0.0256,0.9918
44.6199,0.1773,1.8473,-0.2440,-0.0829,0.2577,0.0938,-0.0012,-0.8137,1.8967,-0.2958,-0.0573,0.3013,0.1496,0.0251,0.9922
44.6201,0.1757,1.8466,-0.2440,-0.0829,0.2577,0.0934,-0.0012,-0.8158,1.8961,-0.2958,-0.0573,0.3013,0.1497,0.0251,0.9928
44.6403,0.1737,1.8456,-0.2433,-0.0857,0.2580,0.0932,0.0023,-0.8184,1.8954,-0.2957,-0.0582,0.3014,0.1499,0.0232,0.9934
44.6406,0.1719,1.8447,-0.2433,-0.0857,0.2580,0.0929,0.0023,-0.8207,1.8947,-0.2958,-0.0586,0.3016,0.1501,0.0211,0.9939
44.6501,0.1699,1.8435,-0.2428,-0.0886,0.2585,0.0923,0.0035,-0.8234,1.8937,-0.2966,-0.0594,0.3025,0.1504,0.0182,0.9946
44.6504,0.1681,1.8425,-0.2421,-0.0902,0.2584,0.0919,0.0044,-0.8257,1.8928,-0.2966,-0.0594,0.3025,0.1507,0.0182,0.9951
44.6700,0.1662,1.8415,-0.2422,-0.0917,0.2589,0.0910,0.0051,-0.8281,1.8919,-0.2968,-0.0615,0.3032,0.1507,0.0118,0.9955
44.6703,0.1644,1.8406,-0.2422,-0.0917,0.2589,0.0900,0.0051,-0.8304,1.8910,-0.2961,-0.0621,0.3026,0.1509,0.0116,0.9961
44.6804,0.1605,1.8386,-0.2400,-0.0944,0.2579,0.0878,0.0029,-0.8326,1.8901,-0.2965,-0.0630,0.3031,0.1510,0.0101,0.9944
44.6806,0.1605,1.8386,-0.2400,-0.0944,0.2579,0.0878,0.0029,-0.8351,1.8890,-0.2965,-0.0630,0.3031,0.1511,0.0101,0.9969
44.7001,0.1586,1.8377,-0.2403,-0.0955,0.2586,0.0866,0.0016,-0.8374,1.8880,-0.2963,-0.0652,0.3034,0.1513,0.0101,0.9973
44.7005,0.1564,1.8367,-0.2403,-0.0955,0.2586,0.0854,0.0016,-0.8399,1.8868,-0.2963,-0.0652,0.3034,0.1513,0.0101,0.9975
44.7204,0.1546,1.8358,-0.2396,-0.0975,0.2587,0.0848,-0.0052,-0.8420,1.8859,-0.2958,-0.0681,0.3036,0.1511,0.0138,0.9979
44.7207,0.1527,1.8347,-0.2392,-0.0985,0.2587,0.0839,-0.0054,-0.8443,1.8848,-0.2954,-0.0696,0.3035,0.1511,0.0154,0.9983
44.7299,0.1506,1.8336,-0.2386,-0.0995,0.2585,0.0829,-0.0048,-0.8467,1.8837,-0.2946,-0.0714,0.3032,0.1509,0.0151,0.9986
44.7301,0.1486,1.8324,-0.2386,-0.0995,0.2585,0.0821,-0.0048,-0.8492,1.8826,-0.2946,-0.0714,0.3032,0.1505,0.0151,0.9991
44.7502,0.1466,1.8313,-0.2384,-0.1022,0.2594,0.0810,0.0041,-0.8515,1.8814,-0.2943,-0.0752,0.3038,0.1500,0.0165,0.9994
44.7505,0.1446,1.8303,-0.2383,-0.1032,0.2597,0.0802,0.0072,-0.8538,1.8804,-0.2941,-0.0771,0.3040,0.1493,0.0173,0.9996
44.7701,0.1429,1.8295,-0.2382,-0.1039,0.2599,0.0797,0.0083,-0.8558,1.8794,-0.2934,-0.0787,0.3038,0.1492,0.0189,0.9999
44.7799,0.1408,1.8285,-0.2375,-0.1042,0.2594,0.0790,0.0079,-0.8582,1.8782,-0.2927,-0.0801,0.3035,0.1491,0.0192,1.0002
44.7802,0.1392,1.8278,-0.2375,-0.1042,0.2594,0.0786,0.0079,-0.8601,1.8772,-0.2927,-0.0801,0.3035,0.1490,0.0192,1.0005
44.7899,0.1372,1.8268,-0.2364,-0.1051,0.2587,0.0782,0.0059,-0.8625,1.8760,-0.2911,-0.0827,0.3027,0.1490,0.0172,1.0009
44.8002,0.1351,1.8256,-0.2363,-0.1061,0.2590,0.0775,0.0042,-0.8650,1.8746,-0.2915,-0.0843,0.3035,0.1491,0.0169,1.0013
44.8007,0.1335,1.8246,-0.2362,-0.1075,0.2595,0.0772,0.0038,-0.8669,1.8735,-0.2915,-0.0861,0.3040,0.1491,0.0183,1.0017
44.8201,0.1314,1.8232,-0.2356,-0.1086,0.2594,0.0766,0.0043,-0.8695,1.8721,-0.2910,-0.0875,0.3038,0.1489,0.0189,1.0021
44.8206,0.1298,1.8222,-0.2356,-0.1086,0.2594,0.0762,0.0043,-0.8715,1.8710,-0.2906,-0.0893,0.3040,0.1484,0.0206,1.0024
44.8300,0.1278,1.8209,-0.2350,-0.1109,0.2599,0.0759,0.0101,-0.8738,1.8697,-0.2903,-0.0908,0.3042,0.1476,0.0230,1.0027
44.8304,0.1262,1.8200,-0.2350,-0.1109,0.2599,0.0755,0.0101,-0.8756,1.8688,-0.2893,-0.0924,0.3037,0.1472,0.0247,1.0030
44.8502,0.1241,1.8189,-0.2337,-0.1124,0.2593,0.0747,0.0151,-0.8780,1.8676,-0.2884,-0.0934,0.3032,0.1465,0.0245,1.0032
44.8507,0.1222,1.8178,-0.2337,-0.1124,0.2593,0.0743,0.0151,-0.8801,1.8665,-0.2877,-0.0949,0.3029,0.1457,0.0236,1.0035
44.8599,0.1203,1.8168,-0.2334,-0.1137,0.2596,0.0739,0.0155,-0.8821,1.8654,-0.2873,-0.0962,0.3030,0.1450,0.0230,1.0036
44.8602,0.1184,1.8157,-0.2331,-0.1141,0.2596,0.0733,0.0147,-0.8842,1.8642,-0.2862,-0.0973,0.3023,0.1441,0.0190,1.0038
44.8803,0.1166,1.8147,-0.2324,-0.1143,0.2590,0.0727,0.0138,-0.8861,1.8631,-0.2850,-0.0985,0.3016,0.1435,0.0154,1.0039
44.8809,0.1146,1.8135,-0.2324,-0.1143,0.2590,0.0718,0.0138,-0.8883,1.8616,-0.2850,-0.0985,0.3016,0.1428,0.0154,1.0041
44.9001,0.1127,1.8124,-0.2320,-0.1157,0.2593,0.0710,0.0107,-0.8903,1.8604,-0.2832,-0.1018,0.3009,0.1423,0.0145,1.0042
44.9003,0.1108,1.8114,-0.2320,-0.1157,0.2593,0.0703,0.0107,-0.8924,1.8591,-0.2832,-0.1018,0.3009,0.1419,0.0145,1.0043
44.9200,0.1089,1.8104,-0.2314,-0.1169,0.2592,0.0694,0.0103,-0.8945,1.8579,-0.2812,-0.1053,0.3003,0.1417,0.0193,1.0045
44.9204,0.1070,1.8094,-0.2314,-0.1169,0.2592,0.0687,0.0103,-0.8965,1.8567,-0.2812,-0.1053,0.3003,0.1413,0.0193,1.0046
44.9298,0.1050,1.8084,-0.2312,-0.1177,0.2594,0.0677,0.0107,-0.8986,1.8555,-0.2795,-0.1085,0.2998,0.1410,0.0271,1.0047
44.9301,0.1030,1.8074,-0.2312,-0.1177,0.2594,0.0664,0.0107,-0.9007,1.8542,-0.2795,-0.1085,0.2998,0.1407,0.0271,1.0048
44.9499,0.1010,1.8062,-0.2317,-0.1185,0.2603,0.0656,0.0103,-0.9029,1.8527,-0.2783,-0.1116,0.2998,0.1401,0.0312,1.0050
44.9502,0.0994,1.8053,-0.2317,-0.1185,0.2603,0.0648,0.0103,-0.9047,1.8517,-0.2783,-0.1116,0.2998,0.1397,0.0312,1.0052
44.9598,0.0974,1.8042,-0.2307,-0.1188,0.2595,0.0638,0.0101,-0.9069,1.8504,-0.2761,-0.1139,0.2986,0.1391,0.0286,1.0053
44.9601,0.0974,1.8042,-0.2307,-0.1188,0.2595,0.0638,0.0101,-0.9088,1.8493,-0.2761,-0.1139,0.2986,0.1385,0.0286,1.0072
44.9799,0.0935,1.8020,-0.2305,-0.1194,0.2596,0.0620,0.0108,-0.9112,1.8481,-0.2744,-0.1163,0.2980,0.1380,0.0200,1.0058
44.9802,0.0919,1.8011,-0.2305,-0.1194,0.2596,0.0612,0.0108,-0.9130,1.8471,-0.2738,-0.1177,0.2981,0.1379,0.0175,1.0059
45.0001,0.0898,1.8000,-0.2305,-0.1201,0.2600,0.0601,0.0117,-0.9152,1.8458,-0.2729,-0.1189,0.2977,0.1378,0.0143,1.0060
45.0004,0.0882,1.7990,-0.2301,-0.1202,0.2596,0.0596,0.0118,-0.9170,1.8447,-0.2715,-0.1203,0.2970,0.1379,0.0085,1.0062
45.0101,0.0844,1.7967,-0.2301,-0.1206,0.2598,0.0575,0.0116,-0.9190,1.8434,-0.2710,-0.1217,0.2971,0.1377,0.0082,1.0045
45.0104,0.0844,1.7967,-0.2301,-0.1206,0.2598,0.0575,0.0116,-0.9210,1.8419,-0.2710,-0.1217,0.2971,0.1375,0.0082,1.0064
45.0298,0.0826,1.7955,-0.2295,-0.1210,0.2595,0.0564,0.0109,-0.9230,1.8405,-0.2684,-0.1252,0.2962,0.1373,0.0104,1.0066
45.0302,0.0826,1.7955,-0.2295,-0.1210,0.2595,0.0564,0.0109,-0.9250,1.8390,-0.2684,-0.1252,0.2962,0.1371,0.0104,1.0086
45.0502,0.0789,1.7932,-0.2289,-0.1220,0.2594,0.0546,0.0111,-0.9270,1.8378,-0.2665,-0.1288,0.2960,0.1362,0.0123,1.0069
45.0504,0.0772,1.7922,-0.2287,-0.1226,0.2595,0.0539,0.0113,-0.9289,1.8366,-0.2657,-0.1304,0.2959,0.1356,0.0170,1.0070
45.0598,0.0754,1.7912,-0.2276,-0.1227,0.2586,0.0533,0.0112,-0.9309,1.8353,-0.2639,-0.1313,0.2948,0.1350,0.0207,1.0073
45.0600,0.0734,1.7900,-0.2276,-0.1233,0.2589,0.0527,0.0119,-0.9331,1.8339,-0.2633,-0.1327,0.2949,0.1341,0.0204,1.0074
