time_s,leader_x_m,leader_y_m,leader_vx_ms,leader_vy_ms,leader_v_ms,follower_x_m,follower_y_m,follower_vx_ms,follower_vy_ms,follower_v_ms,distance_m
0.0007,-0.6189,1.2544,-0.0191,-0.2701,0.2708,-2.1109,1.3157,0.3301,-0.2708,0.4269,1.4932
0.0009,-0.6189,1.2544,-0.0191,-0.2701,0.2708,-2.1080,1.3133,0.3301,-0.2708,0.4269,1.4902
0.0201,-0.6190,1.2523,-0.0181,-0.2699,0.2705,-2.1051,1.3107,0.3324,-0.2750,0.4314,1.4873
0.0205,-0.6191,1.2501,-0.0176,-0.2694,0.2699,-2.1025,1.3081,0.3327,-0.2765,0.4326,1.4846
0.0402,-0.6191,1.2477,-0.0173,-0.2695,0.2701,-2.0998,1.3055,0.3336,-0.2790,0.4348,1.4818
0.0406,-0.6192,1.2456,-0.0173,-0.2695,0.2701,-2.0972,1.3028,0.3336,-0.2805,0.4359,1.4792
0.0500,-0.6192,1.2435,-0.0161,-0.2689,0.2694,-2.0947,1.3003,0.3339,-0.2823,0.4372,1.4767
0.0504,-0.6192,1.2412,-0.0161,-0.2689,0.2694,-2.0918,1.2976,0.3332,-0.2837,0.4376,1.4737
0.0703,-0.6191,1.2390,-0.0148,-0.2687,0.2691,-2.0885,1.2948,0.3340,-0.2857,0.4395,1.4705
0.0706,-0.6191,1.2368,-0.0148,-0.2687,0.2691,-2.0853,1.2921,0.3340,-0.2857,0.4395,1.4672
0.0902,-0.6191,1.2347,-0.0138,-0.2686,0.2689,-2.0822,1.2896,0.3365,-0.2895,0.4439,1.4640
0.0907,-0.6192,1.2326,-0.0134,-0.2685,0.2689,-2.0789,1.2869,0.3375,-0.2909,0.4456,1.4608
0.0999,-0.6192,1.2305,-0.0130,-0.2681,0.2684,-2.0760,1.2842,0.3381,-0.2922,0.4469,1.4578
0.1004,-0.6193,1.2282,-0.0130,-0.2681,0.2684,-2.0731,1.2817,0.3381,-0.2922,0.4469,1.4548
0.1205,-0.6193,1.2262,-0.0123,-0.2678,0.2681,-2.0705,1.2793,0.3388,-0.2946,0.4490,1.4521
0.1208,-0.6194,1.2240,-0.0123,-0.2678,0.2681,-2.0677,1.2767,0.3388,-0.2946,0.4490,1.4492
0.1405,-0.6195,1.2219,-0.0118,-0.2672,0.2675,-2.0648,1.2740,0.3399,-0.2972,0.4515,1.4462
0.1410,-0.6195,1.2198,-0.0118,-0.2672,0.2675,-2.0617,1.2715,0.3409,-0.2985,0.4531,1.4431
0.1500,-0.6196,1.2176,-0.0114,-0.2662,0.2665,-2.0583,1.2686,0.3419,-0.2993,0.4544,1.4396
0.1503,-0.6196,1.2155,-0.0114,-0.2662,0.2665,-2.0551,1.2659,0.3434,-0.3011,0.4567,1.4364
0.1704,-0.6197,1.2132,-0.0109,-0.2655,0.2658,-2.0518,1.2631,0.3439,-0.3022,0.4578,1.4330
0.1708,-0.6197,1.2110,-0.0106,-0.2655,0.2657,-2.0489,1.2606,0.3446,-0.3034,0.4591,1.4300
0.1905,-0.6197,1.2089,-0.0103,-0.2653,0.2655,-2.0457,1.2579,0.3445,-0.3045,0.4598,1.4268
0.1909,-0.6197,1.2071,-0.0100,-0.2654,0.2656,-2.0433,1.2557,0.3449,-0.3053,0.4606,1.4244
0.2002,-0.6197,1.2049,-0.0096,-0.2648,0.2650,-2.0403,1.2530,0.3443,-0.3054,0.4602,1.4215
0.2007,-0.6197,1.2026,-0.0091,-0.2644,0.2646,-2.0371,1.2503,0.3446,-0.3060,0.4608,1.4183
0.2200,-0.6196,1.2004,-0.0088,-0.2646,0.2647,-2.0342,1.2478,0.3460,-0.3071,0.4626,1.4154
0.2204,-0.6196,1.1982,-0.0088,-0.2646,0.2647,-2.0310,1.2452,0.3466,-0.3076,0.4634,1.4122
0.2298,-0.6195,1.1961,-0.0078,-0.2645,0.2646,-2.0277,1.2425,0.3479,-0.3085,0.4650,1.4090
0.2302,-0.6194,1.1938,-0.0078,-0.2645,0.2646,-2.0241,1.2398,0.3492,-0.3091,0.4663,1.4055
0.2505,-0.6193,1.1917,-0.0066,-0.2640,0.2641,-2.0208,1.2374,0.3507,-0.3096,0.4678,1.4023
0.2509,-0.6192,1.1896,-0.0062,-0.2644,0.2645,-2.0176,1.2348,0.3518,-0.3100,0.4689,1.3991
0.2602,-0.6191,1.1875,-0.0057,-0.2638,0.2639,-2.0146,1.2325,0.3521,-0.3100,0.4692,1.3961
0.2701,-0.6190,1.1851,-0.0052,-0.2637,0.2637,-2.0112,1.2298,0.3525,-0.3101,0.4695,1.3929
0.2704,-0.6190,1.1831,-0.0052,-0.2637,0.2637,-2.0083,1.2272,0.3529,-0.3101,0.4698,1.3900
0.2899,-0.6189,1.1812,-0.0042,-0.2632,0.2632,-2.0055,1.2247,0.3535,-0.3108,0.4707,1.3873
0.2902,-0.6189,1.1790,-0.0042,-0.2632,0.2632,-2.0025,1.2220,0.3535,-0.3108,0.4707,1.3843
0.3102,-0.6188,1.1768,-0.0033,-0.2625,0.2625,-1.9992,1.2192,0.3554,-0.3121,0.4729,1.3811
0.3105,-0.6187,1.1749,-0.0028,-0.2621,0.2622,-1.9961,1.2165,0.3565,-0.3127,0.4742,1.3780
0.3209,-0.6186,1.1729,-0.0022,-0.2613,0.2613,-1.9928,1.2138,0.3572,-0.3131,0.4750,1.3748
0.3213,-0.6184,1.1709,-0.0022,-0.2613,0.2613,-1.9892,1.2111,0.3585,-0.3135,0.4762,1.3714
0.3399,-0.6182,1.1690,-0.0010,-0.2604,0.2604,-1.9862,1.2086,0.3596,-0.3140,0.4774,1.3686
0.3402,-0.6180,1.1669,-0.0010,-0.2604,0.2604,-1.9827,1.2059,0.3595,-0.3139,0.4772,1.3653
0.3602,-0.6178,1.1651,0.0000,-0.2593,0.2593,-1.9798,1.2035,0.3603,-0.3142,0.4780,1.3625
0.3606,-0.6176,1.1629,0.0005,-0.2590,0.2590,-1.9765,1.2007,0.3605,-0.3142,0.4782,1.3594
0.3700,-0.6175,1.1610,0.0010,-0.2590,0.2590,-1.9736,1.1983,0.3614,-0.3148,0.4793,1.3566
0.3703,-0.6173,1.1590,0.0013,-0.2583,0.2583,-1.9707,1.1957,0.3618,-0.3147,0.4795,1.3538
0.3903,-0.6172,1.1569,0.0016,-0.2574,0.2574,-1.9675,1.1932,0.3622,-0.3144,0.4796,1.3508
0.3906,-0.6170,1.1547,0.0020,-0.2571,0.2571,-1.9642,1.1904,0.3628,-0.3143,0.4800,1.3476
0.4106,-0.6168,1.1525,0.0024,-0.2571,0.2571,-1.9606,1.1875,0.3636,-0.3148,0.4810,1.3442
0.4110,-0.6166,1.1506,0.0024,-0.2571,0.2571,-1.9575,1.1851,0.3646,-0.3151,0.4819,1.3413
0.4202,-0.6162,1.1467,0.0039,-0.2558,0.2558,-1.9539,1.1824,0.3641,-0.3142,0.4810,1.3382
0.4204,-0.6162,1.1467,0.0039,-0.2558,0.2558,-1.9512,1.1803,0.3641,-0.3142,0.4810,1.3354
0.4402,-0.6160,1.1446,0.0042,-0.2552,0.2553,-1.9477,1.1775,0.3642,-0.3136,0.4806,1.3321
0.4405,-0.6158,1.1427,0.0042,-0.2552,0.2553,-1.9448,1.1752,0.3642,-0.3136,0.4806,1.3294
0.4602,-0.6156,1.1407,0.0050,-0.2543,0.2543,-1.9415,1.1726,0.3664,-0.3130,0.4819,1.3262
0.4605,-0.6154,1.1388,0.0050,-0.2543,0.2543,-1.9383,1.1701,0.3664,-0.3130,0.4819,1.3232
0.4701,-0.6151,1.1367,0.0061,-0.2532,0.2533,-1.9349,1.1674,0.3700,-0.3134,0.4849,1.3201
0.4708,-0.6148,1.1348,0.0061,-0.2532,0.2533,-1.9315,1.1647,0.3700,-0.3134,0.4849,1.3170
0.4799,-0.6145,1.1331,0.0078,-0.2520,0.2522,-1.9284,1.1625,0.3718,-0.3130,0.4860,1.3142
0.5004,-0.6141,1.1310,0.0086,-0.2512,0.2514,-1.9251,1.1599,0.3719,-0.3120,0.4854,1.3113
0.5006,-0.6138,1.1292,0.0095,-0.2508,0.2510,-1.9221,1.1575,0.3719,-0.3120,0.4854,1.3086
0.5204,-0.6133,1.1271,0.0104,-0.2504,0.2506,-1.9186,1.1549,0.3718,-0.3116,0.4851,1.3055
0.5207,-0.6130,1.1253,0.0104,-0.2504,0.2506,-1.9155,1.1527,0.3718,-0.3116,0.4851,1.3028
0.5300,-0.6127,1.1234,0.0121,-0.2497,0.2500,-1.9122,1.1503,0.3740,-0.3108,0.4863,1.2998
0.5304,-0.6123,1.1215,0.0121,-0.2497,0.2500,-1.9088,1.1478,0.3753,-0.3104,0.4870,1.2967
0.5502,-0.6120,1.1196,0.0137,-0.2481,0.2485,-1.9054,1.1454,0.3769,-0.3100,0.4881,1.2937
0.5505,-0.6115,1.1176,0.0137,-0.2481,0.2485,-1.9018,1.1428,0.3769,-0.3100,0.4881,1.2906
0.5598,-0.6109,1.1155,0.0153,-0.2473,0.2478,-1.8984,1.1403,0.3799,-0.3096,0.4901,1.2877
0.5603,-0.6105,1.1137,0.0153,-0.2473,0.2478,-1.8954,1.1379,0.3799,-0.3096,0.4901,1.2851
0.5800,-0.6102,1.1118,0.0172,-0.2462,0.2468,-1.8922,1.1356,0.3798,-0.3082,0.4891,1.2822
0.5804,-0.6099,1.1098,0.0172,-0.2462,0.2468,-1.8889,1.1330,0.3798,-0.3082,0.4891,1.2792
0.6003,-0.6096,1.1079,0.0186,-0.2456,0.2463,-1.8856,1.1307,0.3801,-0.3078,0.4892,1.2762
0.6006,-0.6094,1.1060,0.0186,-0.2456,0.2463,-1.8822,1.1282,0.3801,-0.3078,0.4892,1.2730
0.6102,-0.6092,1.1040,0.0197,-0.2444,0.2452,-1.8788,1.1259,0.3817,-0.3070,0.4898,1.2698
0.6105,-0.6090,1.1020,0.0202,-0.2444,0.2452,-1.8754,1.1236,0.3833,-0.3069,0.4910,1.2666
0.6302,-0.6088,1.0999,0.0207,-0.2439,0.2448,-1.8719,1.1212,0.3845,-0.3061,0.4915,1.2632
0.6305,-0.6087,1.0979,0.0207,-0.2439,0.2448,-1.8688,1.1190,0.3845,-0.3061,0.4915,1.2603
0.6501,-0.6086,1.0958,0.0216,-0.2439,0.2449,-1.8656,1.1166,0.3858,-0.3049,0.4917,1.2571
0.6504,-0.6085,1.0937,0.0216,-0.2439,0.2449,-1.8624,1.1143,0.3858,-0.3049,0.4917,1.2541
0.6700,-0.6084,1.0915,0.0221,-0.2435,0.2445,-1.8592,1.1116,0.3854,-0.3033,0.4904,1.2509
0.6703,-0.6083,1.0898,0.0221,-0.2435,0.2445,-1.8563,1.1096,0.3854,-0.3033,0.4904,1.2481
0.6802,-0.6079,1.0877,0.0228,-0.2425,0.2435,-1.8528,1.1070,0.3852,-0.3020,0.4894,1.2450
0.6806,-0.6076,1.0861,0.0228,-0.2425,0.2435,-1.8497,1.1050,0.3858,-0.3017,0.4898,1.2422
0.7003,-0.6070,1.0843,0.0243,-0.2419,0.2431,-1.8460,1.1027,0.3872,-0.3013,0.4907,1.2391
0.7006,-0.6064,1.0825,0.0254,-0.2412,0.2425,-1.8424,1.1006,0.3887,-0.3006,0.4914,1.2362
0.7107,-0.6059,1.0807,0.0266,-0.2403,0.2417,-1.8390,1.0983,0.3895,-0.2994,0.4913,1.2333
0.7115,-0.6053,1.0788,0.0275,-0.2395,0.2411,-1.8357,1.0960,0.3903,-0.2989,0.4916,1.2305
0.7307,-0.6048,1.0770,0.0285,-0.2389,0.2406,-1.8329,1.0939,0.3907,-0.2983,0.4916,1.2282
0.7310,-0.6044,1.0753,0.0285,-0.2389,0.2406,-1.8302,1.0918,0.3907,-0.2983,0.4916,1.2259
0.7404,-0.6037,1.0733,0.0300,-0.2370,0.2389,-1.8272,1.0894,0.3879,-0.2961,0.4880,1.2236
0.7508,-0.6030,1.0713,0.0312,-0.2368,0.2389,-1.8242,1.0871,0.3874,-0.2960,0.4875,1.2213
0.7515,-0.6025,1.0698,0.0312,-0.2368,0.2389,-1.8214,1.0851,0.3867,-0.2954,0.4866,1.2190
0.7708,-0.6012,1.0659,0.0332,-0.2355,0.2378,-1.8179,1.0828,0.3862,-0.2947,0.4858,1.2168
0.7713,-0.6012,1.0659,0.0332,-0.2355,0.2378,-1.8148,1.0808,0.3866,-0.2941,0.4857,1.2136
0.7910,-0.5997,1.0621,0.0355,-0.2344,0.2370,-1.8116,1.0788,0.3870,-0.2928,0.4853,1.2120
0.7912,-0.5997,1.0621,0.0355,-0.2344,0.2370,-1.8081,1.0767,0.3880,-0.2918,0.4854,1.2085
0.7998,-0.5990,1.0605,0.0383,-0.2338,0.2369,-1.8052,1.0748,0.3887,-0.2907,0.4854,1.2063
0.8000,-0.5982,1.0588,0.0383,-0.2338,0.2369,-1.8023,1.0729,0.3887,-0.2907,0.4854,1.2042
0.8200,-0.5974,1.0569,0.0410,-0.2322,0.2358,-1.7994,1.0709,0.3875,-0.2871,0.4822,1.2021
0.8204,-0.5965,1.0551,0.0410,-0.2322,0.2358,-1.7965,1.0690,0.3875,-0.2871,0.4822,1.2002
0.8404,-0.5947,1.0514,0.0439,-0.2316,0.2357,-1.7939,1.0672,0.3854,-0.2843,0.4789,1.1992
0.8407,-0.5947,1.0514,0.0439,-0.2316,0.2357,-1.7907,1.0651,0.3847,-0.2829,0.4775,1.1960
0.8499,-0.5939,1.0495,0.0465,-0.2311,0.2357,-1.7878,1.0632,0.3841,-0.2816,0.4762,1.1940
0.8501,-0.5933,1.0479,0.0465,-0.2311,0.2357,-1.7849,1.0615,0.3841,-0.2816,0.4762,1.1917
0.8720,-0.5919,1.0441,0.0498,-0.2300,0.2353,-1.7817,1.0596,0.3832,-0.2783,0.4736,1.1898
0.8724,-0.5919,1.0441,0.0498,-0.2300,0.2353,-1.7786,1.0577,0.3838,-0.2774,0.4736,1.1868
0.8903,-0.5912,1.0420,0.0508,-0.2298,0.2353,-1.7755,1.0558,0.3841,-0.2760,0.4730,1.1844
0.8907,-0.5912,1.0420,0.0508,-0.2298,0.2353,-1.7725,1.0539,0.3841,-0.2760,0.4730,1.1814
0.9000,-0.5896,1.0384,0.0532,-0.2291,0.2352,-1.7698,1.0522,0.3833,-0.2730,0.4706,1.1803
0.9003,-0.5889,1.0369,0.0532,-0.2291,0.2352,-1.7674,1.0505,0.3833,-0.2730,0.4706,1.1786
0.9206,-0.5877,1.0349,0.0555,-0.2274,0.2341,-1.7642,1.0483,0.3803,-0.2693,0.4660,1.1766
0.9209,-0.5868,1.0332,0.0572,-0.2270,0.2341,-1.7615,1.0465,0.3794,-0.2682,0.4646,1.1748
0.9409,-0.5858,1.0315,0.0588,-0.2271,0.2346,-1.7587,1.0447,0.3795,-0.2675,0.4643,1.1730
0.9413,-0.5848,1.0297,0.0603,-0.2261,0.2340,-1.7557,1.0429,0.3780,-0.2656,0.4620,1.1710
0.9501,-0.5839,1.0278,0.0620,-0.2260,0.2344,-1.7527,1.0411,0.3782,-0.2647,0.4616,1.1689
0.9504,-0.5829,1.0258,0.0620,-0.2260,0.2344,-1.7494,1.0391,0.3782,-0.2647,0.4616,1.1665
0.9704,-0.5823,1.0242,0.0650,-0.2261,0.2352,-1.7467,1.0375,0.3778,-0.2620,0.4597,1.1645
0.9708,-0.5814,1.0222,0.0650,-0.2261,0.2352,-1.7433,1.0356,0.3778,-0.2620,0.4597,1.1619
0.9902,-0.5799,1.0187,0.0675,-0.2251,0.2350,-1.7403,1.0339,0.3764,-0.2583,0.4565,1.1605
0.9904,-0.5799,1.0187,0.0675,-0.2251,0.2350,-1.7373,1.0321,0.3764,-0.2583,0.4565,1.1575
1.0001,-0.5791,1.0169,0.0684,-0.2246,0.2348,-1.7347,1.0305,0.3755,-0.2556,0.4542,1.1556
1.0004,-0.5782,1.0150,0.0693,-0.2245,0.2350,-1.7318,1.0286,0.3749,-0.2540,0.4528,1.1537
1.0204,-0.5774,1.0133,0.0703,-0.2242,0.2349,-1.7293,1.0269,0.3736,-0.2525,0.4509,1.1520
1.0206,-0.5766,1.0116,0.0712,-0.2239,0.2349,-1.7268,1.0252,0.3736,-0.2525,0.4509,1.1503
1.0404,-0.5753,1.0097,0.0723,-0.2236,0.2350,-1.7240,1.0232,0.3708,-0.2501,0.4473,1.1489
1.0411,-0.5740,1.0078,0.0723,-0.2236,0.2350,-1.7215,1.0214,0.3694,-0.2491,0.4456,1.1476
1.0500,-0.5728,1.0062,0.0760,-0.2235,0.2361,-1.7188,1.0197,0.3679,-0.2481,0.4437,1.1461
1.0504,-0.5715,1.0044,0.0760,-0.2235,0.2361,-1.7161,1.0180,0.3679,-0.2481,0.4437,1.1446
1.0704,-0.5700,1.0024,0.0788,-0.2221,0.2357,-1.7130,1.0160,0.3647,-0.2445,0.4391,1.1430
1.0708,-0.5688,1.0006,0.0788,-0.2221,0.2357,-1.7101,1.0142,0.3647,-0.2445,0.4391,1.1413
1.0900,-0.5677,0.9987,0.0827,-0.2224,0.2373,-1.7072,1.0124,0.3642,-0.2426,0.4377,1.1396
1.0904,-0.5668,0.9970,0.0827,-0.2224,0.2373,-1.7044,1.0109,0.3642,-0.2426,0.4377,1.1377
1.1000,-0.5660,0.9954,0.0857,-0.2218,0.2378,-1.7020,1.0093,0.3623,-0.2396,0.4344,1.1361
1.1004,-0.5649,0.9931,0.0857,-0.2218,0.2378,-1.6987,1.0072,0.3623,-0.2396,0.4344,1.1339
1.1200,-0.5640,0.9910,0.0887,-0.2219,0.2389,-1.6960,1.0053,0.3602,-0.2373,0.4314,1.1321
1.1204,-0.5632,0.9891,0.0887,-0.2219,0.2389,-1.6933,1.0035,0.3602,-0.2373,0.4314,1.1302
1.1301,-0.5625,0.9874,0.0913,-0.2216,0.2397,-1.6909,1.0019,0.3572,-0.2353,0.4277,1.1285
1.1306,-0.5617,0.9853,0.0924,-0.2210,0.2396,-1.6881,1.0000,0.3558,-0.2342,0.4260,1.1266
1.1504,-0.5610,0.9836,0.0939,-0.2210,0.2401,-1.6858,0.9985,0.3549,-0.2333,0.4247,1.1249
1.1508,-0.5601,0.9817,0.0939,-0.2210,0.2401,-1.6832,0.9967,0.3532,-0.2316,0.4224,1.1232
1.1704,-0.5593,0.9799,0.0967,-0.2195,0.2398,-1.6808,0.9950,0.3518,-0.2299,0.4203,1.1217
1.1708,-0.5582,0.9780,0.0967,-0.2195,0.2398,-1.6783,0.9932,0.3518,-0.2299,0.4203,1.1202
1.1798,-0.5573,0.9763,0.0995,-0.2194,0.2409,-1.6758,0.9915,0.3490,-0.2276,0.4166,1.1187
1.1801,-0.5563,0.9744,0.0995,-0.2194,0.2409,-1.6734,0.9899,0.3477,-0.2271,0.4152,1.1172
1.2004,-0.5552,0.9725,0.1015,-0.2197,0.2419,-1.6706,0.9881,0.3452,-0.2256,0.4124,1.1156
1.2008,-0.5542,0.9708,0.1024,-0.2200,0.2426,-1.6682,0.9866,0.3436,-0.2249,0.4106,1.1141
1.2203,-0.5531,0.9689,0.1033,-0.2198,0.2429,-1.6656,0.9849,0.3416,-0.2234,0.4082,1.1126
1.2207,-0.5522,0.9674,0.1045,-0.2197,0.2432,-1.6633,0.9834,0.3402,-0.2223,0.4064,1.1113
1.2300,-0.5508,0.9653,0.1053,-0.2192,0.2432,-1.6606,0.9814,0.3391,-0.2210,0.4048,1.1100
1.2304,-0.5498,0.9637,0.1053,-0.2192,0.2432,-1.6585,0.9799,0.3391,-0.2210,0.4048,1.1088
1.2505,-0.5488,0.9618,0.1077,-0.2192,0.2442,-1.6562,0.9782,0.3373,-0.2190,0.4021,1.1075
1.2509,-0.5477,0.9600,0.1085,-0.2190,0.2444,-1.6541,0.9765,0.3360,-0.2179,0.4004,1.1064
1.2704,-0.5466,0.9581,0.1096,-0.2196,0.2454,-1.6518,0.9747,0.3348,-0.2173,0.3991,1.1053
1.2708,-0.5456,0.9565,0.1096,-0.2196,0.2454,-1.6497,0.9731,0.3348,-0.2173,0.3991,1.1043
1.2798,-0.5445,0.9546,0.1113,-0.2190,0.2456,-1.6474,0.9714,0.3301,-0.2153,0.3941,1.1031
1.2802,-0.5436,0.9531,0.1113,-0.2190,0.2456,-1.6454,0.9700,0.3282,-0.2149,0.3923,1.1020
1.3002,-0.5424,0.9512,0.1122,-0.2180,0.2452,-1.6431,0.9683,0.3253,-0.2133,0.3890,1.1008
1.3006,-0.5413,0.9494,0.1132,-0.2187,0.2462,-1.6408,0.9667,0.3242,-0.2132,0.3880,1.0996
1.3100,-0.5402,0.9475,0.1138,-0.2187,0.2466,-1.6385,0.9651,0.3230,-0.2124,0.3866,1.0984
1.3103,-0.5392,0.9457,0.1138,-0.2187,0.2466,-1.6361,0.9636,0.3230,-0.2124,0.3866,1.0971
1.3301,-0.5381,0.9438,0.1146,-0.2188,0.2470,-1.6337,0.9621,0.3208,-0.2107,0.3838,1.0958
1.3305,-0.5371,0.9421,0.1146,-0.2188,0.2470,-1.6313,0.9607,0.3203,-0.2100,0.3830,1.0944
1.3503,-0.5362,0.9405,0.1153,-0.2185,0.2471,-1.6290,0.9592,0.3187,-0.2088,0.3810,1.0930
1.3507,-0.5352,0.9390,0.1153,-0.2185,0.2471,-1.6268,0.9579,0.3187,-0.2088,0.3810,1.0918
1.3702,-0.5341,0.9374,0.1161,-0.2179,0.2469,-1.6248,0.9563,0.3161,-0.2073,0.3780,1.0909
1.3707,-0.5329,0.9357,0.1161,-0.2179,0.2469,-1.6229,0.9548,0.3161,-0.2073,0.3780,1.0902
1.3798,-0.5315,0.9338,0.1182,-0.2169,0.2470,-1.6210,0.9530,0.3114,-0.2059,0.3734,1.0897
1.3801,-0.5304,0.9322,0.1182,-0.2169,0.2470,-1.6196,0.9517,0.3090,-0.2056,0.3712,1.0893
1.4001,-0.5290,0.9302,0.1199,-0.2159,0.2469,-1.6176,0.9497,0.3059,-0.2045,0.3680,1.0887
1.4004,-0.5280,0.9286,0.1199,-0.2159,0.2469,-1.6158,0.9483,0.3059,-0.2045,0.3680,1.0880
1.4205,-0.5267,0.9268,0.1218,-0.2166,0.2485,-1.6137,0.9465,0.3032,-0.2045,0.3657,1.0871
1.4208,-0.5257,0.9253,0.1218,-0.2166,0.2485,-1.6118,0.9450,0.3032,-0.2045,0.3657,1.0863
1.4305,-0.5246,0.9237,0.1223,-0.2158,0.2480,-1.6099,0.9435,0.2994,-0.2032,0.3618,1.0855
1.4308,-0.5234,0.9220,0.1225,-0.2157,0.2481,-1.6079,0.9418,0.2977,-0.2025,0.3600,1.0847
1.4503,-0.5221,0.9203,0.1229,-0.2154,0.2480,-1.6061,0.9403,0.2956,-0.2021,0.3581,1.0842
1.4506,-0.5210,0.9186,0.1235,-0.2152,0.2481,-1.6046,0.9389,0.2956,-0.2021,0.3581,1.0839
1.4602,-0.5198,0.9169,0.1238,-0.2144,0.2476,-1.6029,0.9373,0.2895,-0.2005,0.3521,1.0833
1.4701,-0.5183,0.9148,0.1250,-0.2147,0.2484,-1.6009,0.9355,0.2875,-0.2005,0.3505,1.0828
1.4704,-0.5173,0.9134,0.1250,-0.2147,0.2484,-1.5994,0.9341,0.2875,-0.2005,0.3505,1.0823
1.4901,-0.5161,0.9116,0.1267,-0.2143,0.2490,-1.5977,0.9326,0.2818,-0.1996,0.3453,1.0818
1.4905,-0.5149,0.9099,0.1267,-0.2143,0.2490,-1.5959,0.9309,0.2793,-0.1991,0.3430,1.0812
1.5104,-0.5136,0.9083,0.1285,-0.2140,0.2496,-1.5943,0.9294,0.2775,-0.1991,0.3415,1.0809
1.5107,-0.5123,0.9065,0.1292,-0.2135,0.2495,-1.5925,0.9277,0.2750,-0.1985,0.3392,1.0804
1.5200,-0.5107,0.9046,0.1302,-0.2136,0.2502,-1.5905,0.9259,0.2736,-0.1984,0.3380,1.0800
1.5202,-0.5095,0.9029,0.1302,-0.2136,0.2502,-1.5888,0.9244,0.2736,-0.1984,0.3380,1.0796
1.5401,-0.5082,0.9013,0.1316,-0.2136,0.2509,-1.5871,0.9228,0.2704,-0.1977,0.3350,1.0791
1.5406,-0.5068,0.8994,0.1315,-0.2131,0.2504,-1.5850,0.9210,0.2688,-0.1972,0.3334,1.0785
1.5503,-0.5057,0.8980,0.1320,-0.2134,0.2510,-1.5834,0.9196,0.2675,-0.1973,0.3324,1.0779
1.5605,-0.5041,0.8962,0.1317,-0.2128,0.2502,-1.5812,0.9177,0.2654,-0.1970,0.3305,1.0773
1.5608,-0.5029,0.8948,0.1317,-0.2128,0.2502,-1.5797,0.9163,0.2635,-0.1967,0.3288,1.0769
1.5801,-0.5016,0.8932,0.1318,-0.2117,0.2494,-1.5779,0.9146,0.2608,-0.1959,0.3262,1.0766
1.5806,-0.5016,0.8932,0.1318,-0.2117,0.2494,-1.5763,0.9131,0.2608,-0.1959,0.3262,1.0750
1.6004,-0.4987,0.8904,0.1330,-0.2102,0.2487,-1.5747,0.9114,0.2562,-0.1955,0.3222,1.0762
1.6007,-0.4970,0.8888,0.1330,-0.2102,0.2487,-1.5732,0.9097,0.2562,-0.1955,0.3222,1.0763
1.6102,-0.4955,0.8875,0.1357,-0.2085,0.2487,-1.5717,0.9080,0.2511,-0.1951,0.3180,1.0764
1.6106,-0.4938,0.8859,0.1357,-0.2085,0.2487,-1.5702,0.9062,0.2487,-0.1946,0.3158,1.0766
1.6300,-0.4923,0.8846,0.1388,-0.2064,0.2488,-1.5688,0.9046,0.2462,-0.1947,0.3139,1.0767
1.6304,-0.4909,0.8833,0.1388,-0.2064,0.2488,-1.5675,0.9029,0.2462,-0.1947,0.3139,1.0768
1.6503,-0.4894,0.8819,0.1415,-0.2039,0.2482,-1.5660,0.9012,0.2412,-0.1941,0.3096,1.0768
1.6506,-0.4877,0.8803,0.1432,-0.2034,0.2488,-1.5641,0.8993,0.2396,-0.1945,0.3086,1.0766
1.6600,-0.4862,0.8788,0.1449,-0.2028,0.2493,-1.5625,0.8978,0.2383,-0.1948,0.3078,1.0765
1.6605,-0.4862,0.8788,0.1449,-0.2028,0.2493,-1.5608,0.8961,0.2383,-0.1948,0.3078,1.0748
1.6805,-0.4829,0.8760,0.1472,-0.2013,0.2494,-1.5591,0.8944,0.2349,-0.1941,0.3048,1.0764
1.6809,-0.4813,0.8745,0.1472,-0.2013,0.2494,-1.5575,0.8927,0.2334,-0.1941,0.3036,1.0764
1.7004,-0.4796,0.8732,0.1500,-0.1999,0.2499,-1.5559,0.8911,0.2318,-0.1944,0.3026,1.0765
1.7008,-0.4779,0.8718,0.1511,-0.1987,0.2496,-1.5545,0.8894,0.2294,-0.1941,0.3005,1.0767
1.7101,-0.4761,0.8701,0.1525,-0.1979,0.2499,-1.5528,0.8874,0.2275,-0.1945,0.2993,1.0768
1.7104,-0.4748,0.8688,0.1525,-0.1979,0.2499,-1.5516,0.8859,0.2255,-0.1950,0.2982,1.0770
1.7305,-0.4728,0.8672,0.1548,-0.1971,0.2507,-1.5499,0.8838,0.2235,-0.1951,0.2967,1.0772
1.7309,-0.4712,0.8659,0.1548,-0.1971,0.2507,-1.5484,0.8821,0.2215,-0.1952,0.2953,1.0773
1.7503,-0.4695,0.8647,0.1572,-0.1956,0.2509,-1.5469,0.8804,0.2202,-0.1957,0.2946,1.0775
1.7508,-0.4676,0.8634,0.1572,-0.1956,0.2509,-1.5452,0.8786,0.2186,-0.1957,0.2934,1.0776
1.7600,-0.4658,0.8622,0.1602,-0.1931,0.2509,-1.5435,0.8767,0.2178,-0.1958,0.2929,1.0778
1.7605,-0.4638,0.8610,0.1602,-0.1931,0.2509,-1.5419,0.8749,0.2178,-0.1958,0.2929,1.0781
1.7801,-0.4620,0.8599,0.1636,-0.1910,0.2514,-1.5404,0.8731,0.2158,-0.1965,0.2918,1.0785
1.7804,-0.4599,0.8585,0.1636,-0.1910,0.2514,-1.5387,0.8710,0.2141,-0.1965,0.2906,1.0788
1.7901,-0.4582,0.8574,0.1674,-0.1893,0.2527,-1.5372,0.8692,0.2136,-0.1980,0.2912,1.0791
1.8000,-0.4561,0.8562,0.1685,-0.1875,0.2520,-1.5355,0.8671,0.2118,-0.1981,0.2900,1.0795
1.8004,-0.4544,0.8552,0.1705,-0.1865,0.2527,-1.5341,0.8654,0.2106,-0.1992,0.2899,1.0797
1.8204,-0.4523,0.8540,0.1716,-0.1845,0.2520,-1.5323,0.8633,0.2087,-0.1995,0.2887,1.0800
1.8209,-0.4506,0.8529,0.1716,-0.1845,0.2520,-1.5307,0.8616,0.2077,-0.2007,0.2888,1.0801
1.8402,-0.4487,0.8517,0.1751,-0.1818,0.2524,-1.5289,0.8598,0.2062,-0.2010,0.2879,1.0803
1.8405,-0.4468,0.8505,0.1751,-0.1818,0.2524,-1.5272,0.8580,0.2062,-0.2010,0.2879,1.0805
1.8603,-0.4431,0.8479,0.1787,-0.1800,0.2537,-1.5254,0.8562,0.2035,-0.2024,0.2870,1.0823
1.8605,-0.4431,0.8479,0.1787,-0.1800,0.2537,-1.5239,0.8544,0.2028,-0.2034,0.2872,1.0807
1.8701,-0.4413,0.8467,0.1820,-0.1790,0.2553,-1.5223,0.8526,0.2019,-0.2039,0.2869,1.0810
1.8801,-0.4391,0.8453,0.1830,-0.1781,0.2554,-1.5203,0.8503,0.2011,-0.2043,0.2867,1.0812
1.8804,-0.4372,0.8442,0.1830,-0.1781,0.2554,-1.5188,0.8487,0.2011,-0.2043,0.2867,1.0817
1.8911,-0.4350,0.8429,0.1865,-0.1761,0.2565,-1.5171,0.8468,0.2015,-0.2059,0.2881,1.0822
1.8914,-0.4331,0.8419,0.1881,-0.1744,0.2565,-1.5156,0.8450,0.2008,-0.2058,0.2876,1.0825
1.9100,-0.4310,0.8407,0.1899,-0.1734,0.2572,-1.5138,0.8433,0.2004,-0.2064,0.2877,1.0828
1.9104,-0.4291,0.8396,0.1899,-0.1734,0.2572,-1.5121,0.8414,0.2004,-0.2064,0.2877,1.0830
1.9305,-0.4271,0.8384,0.1932,-0.1715,0.2583,-1.5104,0.8396,0.1994,-0.2071,0.2875,1.0834
1.9310,-0.4252,0.8373,0.1932,-0.1715,0.2583,-1.5088,0.8378,0.1994,-0.2071,0.2875,1.0836
1.9400,-0.4233,0.8362,0.1964,-0.1693,0.2593,-1.5070,0.8361,0.1983,-0.2080,0.2874,1.0837
1.9403,-0.4214,0.8351,0.1975,-0.1680,0.2593,-1.5053,0.8344,0.1981,-0.2083,0.2875,1.0839
1.9602,-0.4196,0.8340,0.1992,-0.1670,0.2600,-1.5035,0.8327,0.1988,-0.2089,0.2884,1.0839
1.9605,-0.4175,0.8329,0.2004,-0.1657,0.2600,-1.5015,0.8311,0.1989,-0.2091,0.2886,1.0840
1.9803,-0.4156,0.8318,0.2015,-0.1638,0.2597,-1.4997,0.8295,0.1988,-0.2088,0.2883,1.0841
1.9807,-0.4134,0.8305,0.2035,-0.1632,0.2608,-1.4976,0.8277,0.1995,-0.2093,0.2891,1.0842
1.9897,-0.4115,0.8294,0.2055,-0.1623,0.2619,-1.4957,0.8262,0.2003,-0.2097,0.2900,1.0842
1.9900,-0.4094,0.8284,0.2067,-0.1610,0.2621,-1.4938,0.8245,0.2003,-0.2097,0.2900,1.0844
2.0100,-0.4073,0.8274,0.2085,-0.1598,0.2627,-1.4919,0.8227,0.2009,-0.2098,0.2905,1.0846
2.0107,-0.4054,0.8263,0.2085,-0.1598,0.2627,-1.4901,0.8210,0.2009,-0.2098,0.2905,1.0847
2.0299,-0.4032,0.8252,0.2108,-0.1565,0.2625,-1.4882,0.8193,0.2009,-0.2098,0.2904,1.0850
2.0302,-0.4012,0.8240,0.2125,-0.1555,0.2633,-1.4863,0.8174,0.2013,-0.2103,0.2911,1.0851
2.0500,-0.3991,0.8228,0.2140,-0.1547,0.2641,-1.4843,0.8156,0.2015,-0.2108,0.2916,1.0852
2.0504,-0.3975,0.8219,0.2140,-0.1547,0.2641,-1.4828,0.8142,0.2015,-0.2108,0.2916,1.0853
2.0599,-0.3953,0.8206,0.2163,-0.1523,0.2645,-1.4804,0.8122,0.2011,-0.2107,0.2912,1.0852
2.0603,-0.3934,0.8195,0.2163,-0.1523,0.2645,-1.4785,0.8106,0.2011,-0.2107,0.2912,1.0851
2.0800,-0.3914,0.8183,0.2190,-0.1506,0.2658,-1.4763,0.8087,0.2022,-0.2113,0.2925,1.0850
2.0804,-0.3893,0.8171,0.2190,-0.1506,0.2658,-1.4743,0.8069,0.2031,-0.2117,0.2934,1.0850
2.0900,-0.3875,0.8162,0.2219,-0.1495,0.2676,-1.4725,0.8055,0.2042,-0.2124,0.2946,1.0851
2.0905,-0.3853,0.8151,0.2219,-0.1495,0.2676,-1.4705,0.8039,0.2043,-0.2117,0.2942,1.0853
2.1103,-0.3832,0.8140,0.2235,-0.1475,0.2678,-1.4685,0.8023,0.2052,-0.2115,0.2947,1.0854
2.1106,-0.3809,0.8127,0.2247,-0.1469,0.2684,-1.4663,0.8007,0.2064,-0.2113,0.2954,1.0854
2.1200,-0.3789,0.8118,0.2257,-0.1463,0.2690,-1.4643,0.7994,0.2078,-0.2109,0.2961,1.0855
2.1205,-0.3766,0.8106,0.2257,-0.1463,0.2690,-1.4621,0.7977,0.2090,-0.2104,0.2966,1.0857
2.1403,-0.3747,0.8097,0.2287,-0.1454,0.2710,-1.4603,0.7963,0.2107,-0.2105,0.2978,1.0857
2.1406,-0.3727,0.8087,0.2287,-0.1454,0.2710,-1.4582,0.7947,0.2107,-0.2105,0.2978,1.0857
2.1604,-0.3705,0.8078,0.2300,-0.1432,0.2710,-1.4561,0.7931,0.2118,-0.2092,0.2977,1.0857
2.1609,-0.3685,0.8068,0.2300,-0.1432,0.2710,-1.4539,0.7916,0.2128,-0.2092,0.2985,1.0855
2.1803,-0.3665,0.8056,0.2321,-0.1412,0.2717,-1.4514,0.7899,0.2138,-0.2090,0.2990,1.0850
2.1807,-0.3647,0.8045,0.2321,-0.1412,0.2717,-1.4492,0.7885,0.2153,-0.2090,0.3001,1.0846
2.1900,-0.3630,0.8035,0.2332,-0.1400,0.2720,-1.4469,0.7872,0.2166,-0.2085,0.3006,1.0840
2.1904,-0.3610,0.8024,0.2332,-0.1400,0.2720,-1.4443,0.7856,0.2166,-0.2085,0.3006,1.0834
2.2106,-0.3591,0.8014,0.2338,-0.1389,0.2720,-1.4419,0.7841,0.2202,-0.2076,0.3026,1.0829
2.2111,-0.3572,0.8004,0.2338,-0.1389,0.2720,-1.4395,0.7828,0.2202,-0.2076,0.3026,1.0824
2.2306,-0.3551,0.7992,0.2350,-0.1370,0.2720,-1.4370,0.7813,0.2243,-0.2061,0.3046,1.0820
2.2311,-0.3531,0.7982,0.2354,-0.1359,0.2718,-1.4346,0.7800,0.2258,-0.2049,0.3049,1.0817
2.2406,-0.3491,0.7960,0.2363,-0.1354,0.2723,-1.4321,0.7785,0.2276,-0.2041,0.3057,1.0832
2.2409,-0.3491,0.7960,0.2363,-0.1354,0.2723,-1.4298,0.7771,0.2297,-0.2038,0.3071,1.0809
2.2605,-0.3471,0.7950,0.2372,-0.1348,0.2728,-1.4276,0.7756,0.2307,-0.2030,0.3073,1.0806
2.2608,-0.3452,0.7939,0.2373,-0.1344,0.2727,-1.4252,0.7741,0.2318,-0.2022,0.3076,1.0802
2.2701,-0.3433,0.7929,0.2373,-0.1341,0.2725,-1.4230,0.7727,0.2333,-0.2016,0.3083,1.0799
2.2705,-0.3410,0.7917,0.2373,-0.1341,0.2725,-1.4203,0.7710,0.2333,-0.2016,0.3083,1.0795
2.2904,-0.3392,0.7908,0.2378,-0.1335,0.2728,-1.4181,0.7697,0.2366,-0.2001,0.3099,1.0791
2.2907,-0.3370,0.7895,0.2380,-0.1333,0.2728,-1.4154,0.7680,0.2382,-0.1991,0.3105,1.0786
2.3101,-0.3351,0.7885,0.2382,-0.1332,0.2729,-1.4130,0.7665,0.2401,-0.1982,0.3114,1.0782
2.3105,-0.3331,0.7874,0.2382,-0.1332,0.2729,-1.4106,0.7650,0.2422,-0.1978,0.3127,1.0777
2.3200,-0.3311,0.7863,0.2384,-0.1331,0.2730,-1.4082,0.7635,0.2434,-0.1964,0.3128,1.0773
2.3205,-0.3291,0.7852,0.2384,-0.1331,0.2730,-1.4057,0.7620,0.2434,-0.1964,0.3128,1.0768
2.3406,-0.3270,0.7842,0.2391,-0.1330,0.2736,-1.4033,0.7606,0.2465,-0.1957,0.3148,1.0765
2.3410,-0.3251,0.7832,0.2396,-0.1326,0.2738,-1.4010,0.7593,0.2479,-0.1948,0.3153,1.0761
2.3603,-0.3231,0.7822,0.2397,-0.1318,0.2736,-1.3986,0.7579,0.2490,-0.1937,0.3154,1.0757
2.3608,-0.3214,0.7812,0.2397,-0.1318,0.2736,-1.3963,0.7566,0.2505,-0.1929,0.3162,1.0752
2.3699,-0.3195,0.7802,0.2399,-0.1309,0.2732,-1.3938,0.7552,0.2521,-0.1921,0.3169,1.0746
2.3702,-0.3177,0.7790,0.2399,-0.1309,0.2732,-1.3914,0.7540,0.2521,-0.1921,0.3169,1.0740
2.3902,-0.3156,0.7778,0.2390,-0.1304,0.2723,-1.3887,0.7526,0.2549,-0.1894,0.3176,1.0734
2.3905,-0.3136,0.7765,0.2388,-0.1304,0.2721,-1.3862,0.7513,0.2549,-0.1894,0.3176,1.0729
2.4101,-0.3118,0.7754,0.2389,-0.1306,0.2723,-1.3838,0.7502,0.2588,-0.1874,0.3195,1.0722
2.4103,-0.3099,0.7743,0.2389,-0.1306,0.2723,-1.3812,0.7489,0.2588,-0.1874,0.3195,1.0717
2.4304,-0.3080,0.7733,0.2384,-0.1305,0.2718,-1.3786,0.7476,0.2617,-0.1850,0.3205,1.0709
2.4308,-0.3062,0.7723,0.2382,-0.1302,0.2715,-1.3763,0.7465,0.2637,-0.1839,0.3215,1.0704
2.4398,-0.3042,0.7712,0.2379,-0.1300,0.2711,-1.3737,0.7451,0.2649,-0.1828,0.3218,1.0699
2.4401,-0.3024,0.7702,0.2379,-0.1300,0.2711,-1.3714,0.7438,0.2649,-0.1828,0.3218,1.0693
2.4505,-0.3003,0.7690,0.2379,-0.1297,0.2710,-1.3690,0.7423,0.2677,-0.1813,0.3233,1.0690
2.4510,-0.2983,0.7678,0.2379,-0.1297,0.2710,-1.3665,0.7409,0.2677,-0.1813,0.3233,1.0685
2.4705,-0.2965,0.7669,0.2385,-0.1301,0.2717,-1.3643,0.7398,0.2701,-0.1804,0.3248,1.0681
2.4709,-0.2946,0.7659,0.2382,-0.1297,0.2712,-1.3617,0.7385,0.2708,-0.1795,0.3248,1.0675
2.4904,-0.2928,0.7649,0.2377,-0.1292,0.2705,-1.3593,0.7374,0.2717,-0.1784,0.3250,1.0669
2.4907,-0.2906,0.7639,0.2374,-0.1290,0.2702,-1.3564,0.7361,0.2717,-0.1784,0.3250,1.0661
2.5103,-0.2886,0.7628,0.2374,-0.1291,0.2702,-1.3537,0.7350,0.2749,-0.1767,0.3268,1.0655
2.5107,-0.2867,0.7618,0.2374,-0.1291,0.2702,-1.3512,0.7338,0.2749,-0.1767,0.3268,1.0649
2.5200,-0.2846,0.7607,0.2374,-0.1290,0.2702,-1.3487,0.7326,0.2778,-0.1745,0.3281,1.0645
2.5204,-0.2827,0.7597,0.2374,-0.1290,0.2702,-1.3463,0.7315,0.2789,-0.1733,0.3284,1.0640
2.5401,-0.2806,0.7586,0.2370,-0.1285,0.2696,-1.3436,0.7302,0.2799,-0.1719,0.3285,1.0634
2.5406,-0.2789,0.7577,0.2370,-0.1285,0.2696,-1.3413,0.7291,0.2814,-0.1708,0.3292,1.0628
2.5602,-0.2770,0.7568,0.2372,-0.1283,0.2697,-1.3387,0.7280,0.2831,-0.1702,0.3303,1.0620
2.5605,-0.2753,0.7559,0.2372,-0.1283,0.2697,-1.3363,0.7269,0.2831,-0.1702,0.3303,1.0613
2.5698,-0.2735,0.7549,0.2362,-0.1271,0.2682,-1.3337,0.7256,0.2845,-0.1674,0.3301,1.0606
2.5703,-0.2717,0.7540,0.2362,-0.1271,0.2682,-1.3311,0.7246,0.2853,-0.1662,0.3302,1.0598
2.5903,-0.2699,0.7530,0.2352,-0.1263,0.2670,-1.3285,0.7236,0.2863,-0.1647,0.3304,1.0589
2.5906,-0.2680,0.7519,0.2352,-0.1263,0.2670,-1.3258,0.7225,0.2882,-0.1639,0.3315,1.0581
2.6000,-0.2661,0.7508,0.2345,-0.1264,0.2664,-1.3230,0.7214,0.2896,-0.1628,0.3322,1.0573
2.6104,-0.2641,0.7496,0.2341,-0.1265,0.2661,-1.3200,0.7201,0.2910,-0.1620,0.3330,1.0564
2.6107,-0.2624,0.7488,0.2341,-0.1265,0.2661,-1.3177,0.7193,0.2910,-0.1620,0.3330,1.0557
2.6301,-0.2605,0.7478,0.2328,-0.1260,0.2648,-1.3150,0.7182,0.2932,-0.1602,0.3341,1.0549
2.6305,-0.2588,0.7469,0.2328,-0.1260,0.2648,-1.3126,0.7172,0.2932,-0.1602,0.3341,1.0543
2.6503,-0.2569,0.7460,0.2318,-0.1255,0.2636,-1.3101,0.7163,0.2953,-0.1581,0.3350,1.0536
2.6507,-0.2550,0.7449,0.2318,-0.1255,0.2636,-1.3074,0.7153,0.2953,-0.1581,0.3350,1.0528
2.6600,-0.2531,0.7440,0.2311,-0.1257,0.2631,-1.3046,0.7143,0.2974,-0.1557,0.3357,1.0519
2.6605,-0.2514,0.7431,0.2311,-0.1257,0.2631,-1.3021,0.7133,0.2974,-0.1557,0.3357,1.0512
2.6808,-0.2495,0.7423,0.2303,-0.1249,0.2620,-1.2995,0.7124,0.2987,-0.1532,0.3357,1.0504
2.6811,-0.2474,0.7413,0.2303,-0.1249,0.2620,-1.2967,0.7114,0.2987,-0.1532,0.3357,1.0497
2.7007,-0.2456,0.7405,0.2313,-0.1244,0.2626,-1.2941,0.7105,0.3004,-0.1516,0.3365,1.0489
2.7012,-0.2437,0.7395,0.2309,-0.1238,0.2619,-1.2914,0.7096,0.3006,-0.1502,0.3360,1.0481
2.7101,-0.2421,0.7387,0.2309,-0.1237,0.2620,-1.2890,0.7088,0.3010,-0.1491,0.3359,1.0473
2.7104,-0.2404,0.7377,0.2303,-0.1233,0.2612,-1.2865,0.7080,0.3010,-0.1480,0.3354,1.0466
2.7305,-0.2385,0.7367,0.2296,-0.1230,0.2604,-1.2838,0.7072,0.3009,-0.1466,0.3348,1.0457
2.7308,-0.2367,0.7357,0.2291,-0.1229,0.2600,-1.2811,0.7063,0.3017,-0.1457,0.3351,1.0448
2.7503,-0.2348,0.7348,0.2285,-0.1226,0.2593,-1.2783,0.7054,0.3020,-0.1445,0.3348,1.0439
2.7508,-0.2331,0.7340,0.2285,-0.1226,0.2593,-1.2759,0.7047,0.3029,-0.1435,0.3352,1.0432
2.7601,-0.2311,0.7331,0.2281,-0.1219,0.2587,-1.2731,0.7038,0.3034,-0.1419,0.3349,1.0424
2.7605,-0.2295,0.7323,0.2281,-0.1219,0.2587,-1.2706,0.7030,0.3034,-0.1419,0.3349,1.0415
2.7802,-0.2276,0.7313,0.2276,-0.1213,0.2579,-1.2680,0.7021,0.3048,-0.1394,0.3351,1.0408
2.7806,-0.2260,0.7306,0.2276,-0.1213,0.2579,-1.2656,0.7014,0.3048,-0.1378,0.3344,1.0400
2.8009,-0.2241,0.7297,0.2264,-0.1204,0.2565,-1.2628,0.7005,0.3050,-0.1366,0.3341,1.0391
2.8012,-0.2225,0.7291,0.2264,-0.1204,0.2565,-1.2606,0.7000,0.3050,-0.1366,0.3341,1.0386
2.8101,-0.2205,0.7282,0.2253,-0.1189,0.2547,-1.2577,0.6993,0.3048,-0.1330,0.3326,1.0376
2.8107,-0.2187,0.7274,0.2253,-0.1189,0.2547,-1.2553,0.6987,0.3048,-0.1330,0.3326,1.0370
2.8302,-0.2168,0.7266,0.2249,-0.1178,0.2538,-1.2527,0.6980,0.3058,-0.1296,0.3321,1.0363
2.8305,-0.2149,0.7258,0.2249,-0.1178,0.2538,-1.2502,0.6972,0.3058,-0.1296,0.3321,1.0357
2.8403,-0.2132,0.7251,0.2242,-0.1167,0.2528,-1.2479,0.6965,0.3062,-0.1268,0.3314,1.0351
2.8409,-0.2111,0.7243,0.2242,-0.1167,0.2528,-1.2453,0.6956,0.3062,-0.1268,0.3314,1.0346
2.8605,-0.2095,0.7237,0.2240,-0.1158,0.2522,-1.2431,0.6949,0.3066,-0.1247,0.3310,1.0340
2.8610,-0.2075,0.7229,0.2238,-0.1151,0.2517,-1.2404,0.6940,0.3064,-0.1234,0.3303,1.0333
2.8805,-0.2058,0.7222,0.2241,-0.1146,0.2517,-1.2381,0.6933,0.3068,-0.1225,0.3304,1.0327
2.8809,-0.2038,0.7213,0.2237,-0.1137,0.2509,-1.2353,0.6924,0.3065,-0.1214,0.3297,1.0319
2.8900,-0.2022,0.7207,0.2235,-0.1129,0.2504,-1.2331,0.6918,0.3067,-0.1204,0.3295,1.0313
2.8903,-0.2003,0.7200,0.2235,-0.1129,0.2504,-1.2305,0.6911,0.3062,-0.1191,0.3285,1.0306
2.9101,-0.1986,0.7194,0.2230,-0.1108,0.2490,-1.2282,0.6904,0.3065,-0.1183,0.3286,1.0300
2.9105,-0.1967,0.7188,0.2230,-0.1108,0.2490,-1.2257,0.6898,0.3061,-0.1170,0.3277,1.0294
2.9306,-0.1931,0.7173,0.2225,-0.1090,0.2478,-1.2233,0.6891,0.3057,-0.1157,0.3268,1.0307
2.9308,-0.1931,0.7173,0.2225,-0.1090,0.2478,-1.2207,0.6884,0.3060,-0.1147,0.3268,1.0281
2.9398,-0.1911,0.7165,0.2223,-0.1076,0.2470,-1.2182,0.6875,0.3060,-0.1133,0.3263,1.0275
2.9401,-0.1895,0.7159,0.2226,-0.1074,0.2471,-1.2161,0.6868,0.3060,-0.1133,0.3263,1.0270
2.9602,-0.1876,0.7151,0.2216,-0.1063,0.2458,-1.2136,0.6860,0.3058,-0.1110,0.3253,1.0265
2.9605,-0.1860,0.7146,0.2216,-0.1063,0.2458,-1.2116,0.6854,0.3058,-0.1110,0.3253,1.0260
2.9805,-0.1842,0.7141,0.2211,-0.1045,0.2446,-1.2093,0.6848,0.3054,-0.1087,0.3242,1.0255
2.9809,-0.1824,0.7135,0.2207,-0.1035,0.2438,-1.2069,0.6841,0.3048,-0.1074,0.3232,1.0249
3.0003,-0.1806,0.7130,0.2207,-0.1029,0.2435,-1.2045,0.6834,0.3047,-0.1065,0.3228,1.0243
3.0006,-0.1789,0.7125,0.2207,-0.1029,0.2435,-1.2023,0.6827,0.3047,-0.1065,0.3228,1.0238
3.0101,-0.1771,0.7120,0.2195,-0.1007,0.2415,-1.1999,0.6821,0.3030,-0.1044,0.3205,1.0232
3.0104,-0.1753,0.7115,0.2195,-0.1007,0.2415,-1.1977,0.6814,0.3026,-0.1035,0.3198,1.0228
3.0203,-0.1735,0.7110,0.2185,-0.0984,0.2396,-1.1954,0.6807,0.3021,-0.1025,0.3190,1.0224
3.0206,-0.1715,0.7103,0.2185,-0.0984,0.2396,-1.1930,0.6800,0.3021,-0.1025,0.3190,1.0220
3.0404,-0.1697,0.7099,0.2183,-0.0966,0.2387,-1.1909,0.6794,0.3012,-0.1004,0.3174,1.0217
3.0408,-0.1680,0.7095,0.2183,-0.0966,0.2387,-1.1891,0.6790,0.3012,-0.1004,0.3174,1.0215
3.0602,-0.1660,0.7090,0.2181,-0.0947,0.2378,-1.1870,0.6784,0.2992,-0.0981,0.3149,1.0214
3.0608,-0.1641,0.7085,0.2181,-0.0947,0.2378,-1.1847,0.6778,0.2992,-0.0981,0.3149,1.0211
3.0699,-0.1622,0.7080,0.2188,-0.0928,0.2377,-1.1824,0.6771,0.2979,-0.0957,0.3129,1.0207
3.0703,-0.1602,0.7075,0.2188,-0.0928,0.2377,-1.1801,0.6764,0.2979,-0.0957,0.3129,1.0203
3.0903,-0.1584,0.7070,0.2194,-0.0910,0.2375,-1.1779,0.6758,0.2968,-0.0943,0.3114,1.0199
3.0907,-0.1566,0.7066,0.2194,-0.0910,0.2375,-1.1756,0.6753,0.2968,-0.0943,0.3114,1.0195
3.1101,-0.1548,0.7063,0.2190,-0.0883,0.2362,-1.1737,0.6748,0.2947,-0.0922,0.3088,1.0194
3.1103,-0.1529,0.7060,0.2190,-0.0883,0.2362,-1.1718,0.6744,0.2947,-0.0922,0.3088,1.0194
3.1301,-0.1505,0.7055,0.2191,-0.0856,0.2353,-1.1696,0.6738,0.2919,-0.0898,0.3054,1.0196
3.1303,-0.1486,0.7052,0.2191,-0.0856,0.2353,-1.1680,0.6733,0.2919,-0.0898,0.3054,1.0199
3.1405,-0.1446,0.7046,0.2203,-0.0834,0.2355,-1.1661,0.6728,0.2893,-0.0878,0.3023,1.0220
3.1408,-0.1446,0.7046,0.2203,-0.0834,0.2355,-1.1642,0.6723,0.2880,-0.0870,0.3008,1.0201
3.1603,-0.1426,0.7043,0.2207,-0.0806,0.2350,-1.1623,0.6718,0.2863,-0.0860,0.2989,1.0202
3.1606,-0.1406,0.7039,0.2207,-0.0806,0.2350,-1.1603,0.6712,0.2863,-0.0860,0.2989,1.0202
3.1697,-0.1387,0.7036,0.2215,-0.0784,0.2350,-1.1583,0.6708,0.2836,-0.0842,0.2958,1.0202
3.1700,-0.1366,0.7033,0.2215,-0.0784,0.2350,-1.1563,0.6703,0.2836,-0.0842,0.2958,1.0202
3.1899,-0.1347,0.7031,0.2216,-0.0760,0.2343,-1.1545,0.6699,0.2808,-0.0821,0.2926,1.0203
3.1902,-0.1325,0.7028,0.2216,-0.0760,0.2343,-1.1524,0.6694,0.2808,-0.0821,0.2926,1.0205
3.2100,-0.1305,0.7026,0.2225,-0.0734,0.2343,-1.1508,0.6690,0.2779,-0.0805,0.2893,1.0208
3.2103,-0.1285,0.7023,0.2225,-0.0734,0.2343,-1.1490,0.6686,0.2779,-0.0805,0.2893,1.0211
3.2300,-0.1264,0.7021,0.2237,-0.0708,0.2347,-1.1473,0.6683,0.2750,-0.0788,0.2860,1.0215
3.2303,-0.1241,0.7019,0.2237,-0.0708,0.2347,-1.1454,0.6679,0.2750,-0.0788,0.2860,1.0219
3.2402,-0.1221,0.7017,0.2252,-0.0677,0.2352,-1.1437,0.6676,0.2714,-0.0768,0.2820,1.0222
3.2406,-0.1201,0.7015,0.2252,-0.0677,0.2352,-1.1419,0.6672,0.2714,-0.0768,0.2820,1.0224
3.2604,-0.1181,0.7012,0.2259,-0.0651,0.2351,-1.1400,0.6669,0.2679,-0.0749,0.2781,1.0225
3.2610,-0.1161,0.7010,0.2259,-0.0651,0.2351,-1.1380,0.6665,0.2661,-0.0738,0.2762,1.0225
3.2705,-0.1139,0.7007,0.2269,-0.0626,0.2354,-1.1360,0.6661,0.2653,-0.0730,0.2751,1.0227
3.2708,-0.1119,0.7005,0.2269,-0.0626,0.2354,-1.1343,0.6657,0.2653,-0.0730,0.2751,1.0230
3.2902,-0.1102,0.7005,0.2282,-0.0601,0.2360,-1.1329,0.6653,0.2626,-0.0715,0.2722,1.0233
3.2907,-0.1079,0.7004,0.2278,-0.0585,0.2352,-1.1312,0.6649,0.2626,-0.0715,0.2722,1.0239
3.3105,-0.1058,0.7003,0.2292,-0.0574,0.2363,-1.1296,0.6646,0.2589,-0.0701,0.2682,1.0244
3.3110,-0.1036,0.7002,0.2292,-0.0574,0.2363,-1.1277,0.6641,0.2589,-0.0701,0.2682,1.0247
3.3203,-0.1016,0.7002,0.2302,-0.0543,0.2366,-1.1259,0.6638,0.2552,-0.0691,0.2644,1.0249
3.3208,-0.0994,0.7001,0.2302,-0.0543,0.2366,-1.1238,0.6635,0.2536,-0.0684,0.2627,1.0250
3.3400,-0.0976,0.7000,0.2310,-0.0515,0.2366,-1.1221,0.6632,0.2528,-0.0675,0.2617,1.0252
3.3403,-0.0955,0.7000,0.2310,-0.0515,0.2366,-1.1202,0.6629,0.2528,-0.0675,0.2617,1.0254
3.3601,-0.0936,0.6999,0.2313,-0.0486,0.2363,-1.1186,0.6627,0.2501,-0.0653,0.2585,1.0257
3.3606,-0.0912,0.6999,0.2313,-0.0486,0.2363,-1.1167,0.6624,0.2490,-0.0644,0.2572,1.0262
3.3699,-0.0891,0.6999,0.2325,-0.0460,0.2370,-1.1151,0.6621,0.2473,-0.0632,0.2552,1.0266
3.3702,-0.0868,0.6998,0.2334,-0.0446,0.2376,-1.1131,0.6617,0.2461,-0.0625,0.2539,1.0270
3.3897,-0.0845,0.6998,0.2341,-0.0430,0.2380,-1.1112,0.6613,0.2445,-0.0615,0.2521,1.0275
3.3900,-0.0824,0.6997,0.2341,-0.0430,0.2380,-1.1095,0.6610,0.2445,-0.0615,0.2521,1.0278
3.4107,-0.0804,0.6997,0.2358,-0.0405,0.2392,-1.1077,0.6607,0.2420,-0.0601,0.2493,1.0280
3.4112,-0.0781,0.6997,0.2363,-0.0394,0.2395,-1.1057,0.6604,0.2409,-0.0595,0.2481,1.0283
3.4200,-0.0760,0.6996,0.2372,-0.0382,0.2402,-1.1039,0.6602,0.2400,-0.0588,0.2471,1.0286
3.4204,-0.0760,0.6996,0.2372,-0.0382,0.2402,-1.1021,0.6600,0.2388,-0.0579,0.2457,1.0268
3.4401,-0.0719,0.6996,0.2381,-0.0355,0.2407,-1.1002,0.6598,0.2373,-0.0568,0.2440,1.0291
3.4403,-0.0698,0.6996,0.2381,-0.0355,0.2407,-1.0985,0.6597,0.2373,-0.0568,0.2440,1.0294
3.4604,-0.0676,0.6996,0.2393,-0.0326,0.2415,-1.0967,0.6595,0.2352,-0.0542,0.2414,1.0298
3.4608,-0.0654,0.6996,0.2398,-0.0311,0.2418,-1.0949,0.6593,0.2338,-0.0530,0.2398,1.0302
3.4706,-0.0633,0.6996,0.2411,-0.0300,0.2429,-1.0931,0.6591,0.2334,-0.0522,0.2392,1.0306
3.4711,-0.0612,0.6996,0.2411,-0.0300,0.2429,-1.0913,0.6589,0.2334,-0.0522,0.2392,1.0309
3.4902,-0.0591,0.6997,0.2425,-0.0277,0.2441,-1.0895,0.6587,0.2313,-0.0504,0.2367,1.0312
3.4905,-0.0568,0.6997,0.2425,-0.0277,0.2441,-1.0876,0.6585,0.2300,-0.0493,0.2353,1.0316
3.5001,-0.0548,0.6997,0.2441,-0.0257,0.2455,-1.0860,0.6584,0.2292,-0.0484,0.2343,1.0320
3.5004,-0.0525,0.6997,0.2441,-0.0257,0.2455,-1.0840,0.6583,0.2277,-0.0472,0.2326,1.0324
3.5201,-0.0507,0.6997,0.2458,-0.0237,0.2469,-1.0824,0.6583,0.2273,-0.0461,0.2319,1.0325
3.5204,-0.0483,0.6998,0.2458,-0.0237,0.2469,-1.0803,0.6582,0.2273,-0.0461,0.2319,1.0328
3.5404,-0.0463,0.6999,0.2463,-0.0210,0.2472,-1.0785,0.6581,0.2255,-0.0436,0.2297,1.0330
3.5410,-0.0442,0.7000,0.2463,-0.0210,0.2472,-1.0765,0.6580,0.2255,-0.0436,0.2297,1.0331
3.5604,-0.0399,0.7001,0.2478,-0.0179,0.2485,-1.0746,0.6580,0.2252,-0.0418,0.2290,1.0356
3.5608,-0.0399,0.7001,0.2478,-0.0179,0.2485,-1.0727,0.6579,0.2246,-0.0408,0.2283,1.0337
3.5705,-0.0377,0.7002,0.2484,-0.0167,0.2489,-1.0708,0.6579,0.2240,-0.0397,0.2274,1.0340
3.5707,-0.0357,0.7003,0.2484,-0.0167,0.2489,-1.0689,0.6578,0.2240,-0.0397,0.2274,1.0341
3.5903,-0.0335,0.7004,0.2491,-0.0144,0.2495,-1.0667,0.6578,0.2223,-0.0371,0.2254,1.0341
3.5905,-0.0314,0.7004,0.2491,-0.0144,0.2495,-1.0648,0.6578,0.2223,-0.0371,0.2254,1.0343
3.6100,-0.0292,0.7005,0.2504,-0.0124,0.2507,-1.0628,0.6578,0.2217,-0.0349,0.2244,1.0345
3.6104,-0.0271,0.7005,0.2504,-0.0124,0.2507,-1.0610,0.6578,0.2219,-0.0339,0.2244,1.0348
3.6201,-0.0250,0.7006,0.2515,-0.0109,0.2518,-1.0591,0.6578,0.2215,-0.0331,0.2240,1.0350
3.6204,-0.0229,0.7006,0.2515,-0.0109,0.2518,-1.0572,0.6579,0.2215,-0.0331,0.2240,1.0352
3.6403,-0.0209,0.7007,0.2515,-0.0092,0.2517,-1.0554,0.6579,0.2216,-0.0310,0.2237,1.0353
3.6407,-0.0188,0.7007,0.2515,-0.0092,0.2517,-1.0533,0.6579,0.2215,-0.0299,0.2235,1.0353
3.6498,-0.0168,0.7007,0.2516,-0.0078,0.2517,-1.0515,0.6579,0.2219,-0.0288,0.2238,1.0355
3.6501,-0.0168,0.7007,0.2516,-0.0078,0.2517,-1.0492,0.6581,0.2219,-0.0288,0.2238,1.0332
3.6705,-0.0128,0.7007,0.2520,-0.0064,0.2521,-1.0476,0.6582,0.2222,-0.0263,0.2238,1.0357
3.6708,-0.0104,0.7007,0.2520,-0.0064,0.2521,-1.0453,0.6584,0.2222,-0.0263,0.2238,1.0358
3.6904,-0.0083,0.7007,0.2524,-0.0051,0.2525,-1.0435,0.6586,0.2219,-0.0237,0.2232,1.0360
3.6907,-0.0060,0.7007,0.2524,-0.0051,0.2525,-1.0414,0.6588,0.2220,-0.0226,0.2231,1.0362
3.7001,-0.0041,0.7007,0.2528,-0.0042,0.2529,-1.0395,0.6590,0.2220,-0.0210,0.2230,1.0362
3.7003,-0.0022,0.7007,0.2528,-0.0042,0.2529,-1.0375,0.6591,0.2220,-0.0210,0.2230,1.0362
3.7207,-0.0001,0.7007,0.2526,-0.0033,0.2526,-1.0354,0.6593,0.2230,-0.0190,0.2238,1.0361
3.7212,0.0018,0.7007,0.2526,-0.0033,0.2526,-1.0334,0.6594,0.2239,-0.0179,0.2246,1.0360
3.7405,0.0040,0.7006,0.2517,-0.0024,0.2517,-1.0312,0.6596,0.2240,-0.0169,0.2246,1.0360
3.7409,0.0060,0.7006,0.2517,-0.0024,0.2517,-1.0293,0.6597,0.2240,-0.0169,0.2246,1.0361
3.7502,0.0080,0.7006,0.2522,-0.0017,0.2522,-1.0272,0.6599,0.2253,-0.0150,0.2258,1.0361
3.7507,0.0101,0.7006,0.2522,-0.0017,0.2522,-1.0253,0.6600,0.2255,-0.0140,0.2259,1.0361
3.7705,0.0123,0.7007,0.2522,-0.0006,0.2522,-1.0229,0.6602,0.2254,-0.0130,0.2258,1.0359
3.7712,0.0142,0.7007,0.2522,-0.0006,0.2522,-1.0208,0.6603,0.2263,-0.0117,0.2266,1.0358
3.7905,0.0182,0.7008,0.2523,0.0003,0.2523,-1.0187,0.6604,0.2269,-0.0106,0.2272,1.0377
3.7907,0.0182,0.7008,0.2523,0.0003,0.2523,-1.0166,0.6605,0.2283,-0.0098,0.2285,1.0356
3.7998,0.0201,0.7010,0.2521,0.0008,0.2521,-1.0143,0.6606,0.2292,-0.0088,0.2293,1.0352
3.8001,0.0222,0.7013,0.2521,0.0008,0.2521,-1.0122,0.6607,0.2292,-0.0088,0.2293,1.0352
3.8207,0.0239,0.7015,0.2516,0.0021,0.2516,-1.0104,0.6608,0.2309,-0.0068,0.2310,1.0352
3.8211,0.0260,0.7018,0.2510,0.0027,0.2510,-1.0083,0.6609,0.2308,-0.0060,0.2309,1.0350
3.8404,0.0279,0.7020,0.2508,0.0035,0.2508,-1.0063,0.6610,0.2310,-0.0051,0.2311,1.0350
3.8408,0.0301,0.7023,0.2508,0.0035,0.2508,-1.0038,0.6611,0.2310,-0.0051,0.2311,1.0347
3.8499,0.0320,0.7025,0.2512,0.0046,0.2512,-1.0017,0.6612,0.2328,-0.0036,0.2329,1.0345
3.8503,0.0340,0.7026,0.2512,0.0046,0.2512,-0.9993,0.6613,0.2328,-0.0036,0.2329,1.0341
3.8704,0.0360,0.7028,0.2504,0.0055,0.2505,-0.9970,0.6614,0.2349,-0.0022,0.2349,1.0338
3.8710,0.0381,0.7030,0.2504,0.0055,0.2505,-0.9947,0.6615,0.2362,-0.0014,0.2362,1.0336
3.8906,0.0404,0.7033,0.2497,0.0063,0.2498,-0.9923,0.6616,0.2367,-0.0004,0.2367,1.0335
3.8912,0.0422,0.7035,0.2497,0.0063,0.2498,-0.9902,0.6617,0.2367,-0.0004,0.2367,1.0333
3.9001,0.0444,0.7039,0.2493,0.0076,0.2494,-0.9879,0.6618,0.2386,0.0014,0.2386,1.0332
3.9006,0.0463,0.7042,0.2493,0.0076,0.2494,-0.9858,0.6619,0.2386,0.0014,0.2386,1.0329
3.9203,0.0484,0.7045,0.2488,0.0091,0.2489,-0.9835,0.6620,0.2398,0.0031,0.2399,1.0328
3.9207,0.0503,0.7048,0.2488,0.0091,0.2489,-0.9813,0.6620,0.2398,0.0031,0.2399,1.0325
3.9399,0.0525,0.7051,0.2487,0.0104,0.2489,-0.9789,0.6621,0.2416,0.0040,0.2416,1.0323
3.9402,0.0546,0.7055,0.2487,0.0104,0.2489,-0.9768,0.6621,0.2416,0.0040,0.2416,1.0323
3.9502,0.0568,0.7059,0.2489,0.0118,0.2492,-0.9742,0.6622,0.2434,0.0049,0.2435,1.0320
3.9505,0.0589,0.7063,0.2489,0.0126,0.2492,-0.9721,0.6623,0.2434,0.0049,0.2435,1.0319
3.9701,0.0632,0.7071,0.2487,0.0134,0.2490,-0.9700,0.6624,0.2456,0.0060,0.2457,1.0341
3.9703,0.0632,0.7071,0.2487,0.0134,0.2490,-0.9675,0.6626,0.2463,0.0066,0.2464,1.0316
3.9903,0.0655,0.7076,0.2486,0.0150,0.2491,-0.9650,0.6627,0.2476,0.0073,0.2477,1.0314
3.9908,0.0674,0.7080,0.2486,0.0150,0.2491,-0.9628,0.6628,0.2476,0.0073,0.2477,1.0311
4.0003,0.0694,0.7084,0.2484,0.0166,0.2490,-0.9605,0.6630,0.2497,0.0086,0.2499,1.0309
4.0100,0.0716,0.7089,0.2484,0.0174,0.2490,-0.9579,0.6632,0.2510,0.0091,0.2511,1.0305
4.0103,0.0733,0.7093,0.2484,0.0174,0.2490,-0.9558,0.6634,0.2510,0.0091,0.2511,1.0301
4.0305,0.0753,0.7099,0.2480,0.0192,0.2488,-0.9531,0.6636,0.2533,0.0103,0.2535,1.0294
4.0313,0.0772,0.7103,0.2472,0.0201,0.2480,-0.9506,0.6638,0.2543,0.0109,0.2545,1.0289
4.0399,0.0793,0.7109,0.2471,0.0209,0.2480,-0.9480,0.6641,0.2556,0.0114,0.2559,1.0284
4.0402,0.0814,0.7115,0.2471,0.0219,0.2480,-0.9456,0.6643,0.2570,0.0121,0.2573,1.0280
4.0603,0.0833,0.7119,0.2470,0.0228,0.2481,-0.9432,0.6645,0.2581,0.0127,0.2584,1.0276
4.0702,0.0856,0.7126,0.2463,0.0236,0.2475,-0.9405,0.6649,0.2591,0.0132,0.2594,1.0272
4.0704,0.0875,0.7131,0.2463,0.0236,0.2475,-0.9382,0.6651,0.2606,0.0139,0.2610,1.0269
4.0904,0.0916,0.7143,0.2465,0.0257,0.2478,-0.9356,0.6654,0.2613,0.0145,0.2617,1.0283
4.0906,0.0916,0.7143,0.2465,0.0257,0.2478,-0.9335,0.6656,0.2622,0.0151,0.2626,1.0262
4.1000,0.0937,0.7148,0.2460,0.0276,0.2475,-0.9309,0.6660,0.2627,0.0157,0.2632,1.0258
4.1003,0.0958,0.7155,0.2460,0.0276,0.2475,-0.9284,0.6663,0.2627,0.0157,0.2632,1.0253
4.1204,0.0979,0.7161,0.2458,0.0300,0.2476,-0.9259,0.6668,0.2653,0.0170,0.2658,1.0250
4.1207,0.1000,0.7167,0.2457,0.0310,0.2477,-0.9234,0.6672,0.2664,0.0178,0.2670,1.0246
4.1401,0.1020,0.7172,0.2457,0.0321,0.2478,-0.9208,0.6676,0.2676,0.0187,0.2683,1.0240
4.1404,0.1041,0.7178,0.2457,0.0321,0.2478,-0.9183,0.6681,0.2676,0.0187,0.2683,1.0236
4.1501,0.1060,0.7183,0.2459,0.0342,0.2482,-0.9159,0.6685,0.2699,0.0203,0.2707,1.0231
4.1505,0.1080,0.7188,0.2459,0.0342,0.2482,-0.9136,0.6688,0.2712,0.0210,0.2720,1.0228
4.1706,0.1101,0.7194,0.2452,0.0361,0.2478,-0.9111,0.6693,0.2713,0.0215,0.2721,1.0224
4.1709,0.1122,0.7200,0.2457,0.0372,0.2485,-0.9086,0.6697,0.2730,0.0221,0.2739,1.0220
4.1903,0.1142,0.7205,0.2452,0.0385,0.2482,-0.9062,0.6701,0.2735,0.0226,0.2745,1.0216
4.1906,0.1164,0.7212,0.2452,0.0385,0.2482,-0.9035,0.6706,0.2735,0.0226,0.2745,1.0211
4.2002,0.1205,0.7225,0.2448,0.0410,0.2482,-0.9009,0.6712,0.2759,0.0236,0.2769,1.0227
4.2004,0.1205,0.7225,0.2448,0.0410,0.2482,-0.8984,0.6717,0.2772,0.0244,0.2783,1.0202
4.2203,0.1248,0.7239,0.2460,0.0453,0.2502,-0.8958,0.6722,0.2782,0.0251,0.2793,1.0219
4.2207,0.1248,0.7239,0.2460,0.0453,0.2502,-0.8936,0.6726,0.2792,0.0259,0.2804,1.0197
4.2399,0.1269,0.7247,0.2459,0.0466,0.2503,-0.8911,0.6732,0.2796,0.0264,0.2808,1.0193
4.2403,0.1288,0.7253,0.2459,0.0466,0.2503,-0.8889,0.6736,0.2796,0.0264,0.2808,1.0189
4.2502,0.1308,0.7260,0.2456,0.0494,0.2505,-0.8865,0.6741,0.2809,0.0278,0.2823,1.0187
4.2505,0.1327,0.7265,0.2456,0.0494,0.2505,-0.8843,0.6746,0.2814,0.0285,0.2828,1.0183
4.2705,0.1348,0.7271,0.2452,0.0517,0.2506,-0.8816,0.6751,0.2820,0.0291,0.2835,1.0178
4.2709,0.1370,0.7278,0.2452,0.0517,0.2506,-0.8789,0.6758,0.2824,0.0299,0.2840,1.0173
4.2801,0.1391,0.7285,0.2456,0.0542,0.2515,-0.8764,0.6764,0.2838,0.0309,0.2854,1.0168
4.2806,0.1410,0.7292,0.2456,0.0542,0.2515,-0.8739,0.6771,0.2838,0.0309,0.2854,1.0162
4.3002,0.1430,0.7299,0.2457,0.0568,0.2521,-0.8716,0.6777,0.2854,0.0331,0.2873,1.0159
4.3007,0.1450,0.7308,0.2457,0.0568,0.2521,-0.8691,0.6784,0.2854,0.0331,0.2873,1.0155
4.3098,0.1468,0.7316,0.2456,0.0591,0.2527,-0.8669,0.6790,0.2861,0.0354,0.2883,1.0151
4.3101,0.1489,0.7325,0.2456,0.0591,0.2527,-0.8645,0.6797,0.2871,0.0364,0.2894,1.0148
4.3302,0.1507,0.7331,0.2460,0.0613,0.2535,-0.8623,0.6802,0.2876,0.0376,0.2900,1.0144
4.3307,0.1525,0.7338,0.2460,0.0613,0.2535,-0.8599,0.6807,0.2876,0.0376,0.2900,1.0139
4.3500,0.1544,0.7344,0.2449,0.0630,0.2529,-0.8576,0.6812,0.2878,0.0392,0.2904,1.0134
4.3503,0.1565,0.7351,0.2449,0.0638,0.2531,-0.8550,0.6818,0.2881,0.0400,0.2909,1.0129
4.3703,0.1585,0.7358,0.2449,0.0650,0.2534,-0.8526,0.6825,0.2886,0.0411,0.2915,1.0125
4.3706,0.1605,0.7365,0.2449,0.0661,0.2537,-0.8503,0.6831,0.2887,0.0422,0.2918,1.0122
4.3801,0.1626,0.7373,0.2448,0.0671,0.2538,-0.8478,0.6838,0.2888,0.0433,0.2921,1.0118
4.3803,0.1645,0.7381,0.2448,0.0671,0.2538,-0.8456,0.6844,0.2888,0.0433,0.2921,1.0115
4.4005,0.1664,0.7388,0.2445,0.0691,0.2541,-0.8434,0.6851,0.2892,0.0454,0.2928,1.0112
4.4010,0.1684,0.7397,0.2445,0.0691,0.2541,-0.8410,0.6857,0.2892,0.0465,0.2929,1.0109
4.4202,0.1706,0.7406,0.2444,0.0710,0.2545,-0.8386,0.6865,0.2895,0.0476,0.2934,1.0107
4.4206,0.1724,0.7413,0.2444,0.0710,0.2545,-0.8364,0.6871,0.2895,0.0476,0.2934,1.0102
4.4301,0.1744,0.7421,0.2441,0.0730,0.2548,-0.8341,0.6877,0.2898,0.0501,0.2941,1.0099
4.4306,0.1762,0.7429,0.2441,0.0730,0.2548,-0.8318,0.6884,0.2898,0.0501,0.2941,1.0095
4.4502,0.1780,0.7438,0.2431,0.0749,0.2544,-0.8293,0.6892,0.2898,0.0526,0.2946,1.0088
4.4505,0.1800,0.7447,0.2431,0.0749,0.2544,-0.8269,0.6900,0.2899,0.0540,0.2948,1.0084
4.4602,0.1817,0.7454,0.2423,0.0768,0.2541,-0.8247,0.6907,0.2904,0.0554,0.2956,1.0079
4.4703,0.1839,0.7463,0.2416,0.0774,0.2537,-0.8220,0.6917,0.2906,0.0565,0.2960,1.0074
4.4707,0.1855,0.7469,0.2416,0.0774,0.2537,-0.8200,0.6924,0.2906,0.0565,0.2960,1.0070
4.4902,0.1875,0.7478,0.2401,0.0786,0.2527,-0.8174,0.6934,0.2900,0.0594,0.2960,1.0064
4.4904,0.1893,0.7485,0.2401,0.0786,0.2527,-0.8153,0.6942,0.2900,0.0594,0.2960,1.0060
4.5103,0.1912,0.7494,0.2397,0.0803,0.2528,-0.8130,0.6951,0.2905,0.0624,0.2971,1.0056
4.5106,0.1931,0.7502,0.2397,0.0803,0.2528,-0.8107,0.6959,0.2905,0.0624,0.2971,1.0052
4.5201,0.1950,0.7512,0.2395,0.0819,0.2531,-0.8083,0.6969,0.2901,0.0651,0.2973,1.0048
4.5303,0.1969,0.7520,0.2395,0.0826,0.2533,-0.8061,0.6978,0.2896,0.0665,0.2971,1.0045
4.5305,0.1988,0.7529,0.2395,0.0826,0.2533,-0.8040,0.6986,0.2896,0.0665,0.2971,1.0043
4.5502,0.2009,0.7540,0.2390,0.0841,0.2533,-0.8016,0.6996,0.2880,0.0691,0.2962,1.0039
4.5505,0.2027,0.7548,0.2390,0.0841,0.2533,-0.7995,0.7004,0.2880,0.0691,0.2962,1.0037
4.5705,0.2047,0.7557,0.2388,0.0857,0.2537,-0.7971,0.7013,0.2875,0.0718,0.2963,1.0032
4.5712,0.2064,0.7565,0.2388,0.0857,0.2537,-0.7948,0.7021,0.2868,0.0728,0.2959,1.0027
4.5807,0.2102,0.7583,0.2378,0.0868,0.2531,-0.7925,0.7029,0.2869,0.0739,0.2962,1.0042
4.5810,0.2102,0.7583,0.2378,0.0868,0.2531,-0.7902,0.7037,0.2863,0.0750,0.2959,1.0018
4.6000,0.2119,0.7592,0.2372,0.0881,0.2530,-0.7880,0.7046,0.2865,0.0762,0.2965,1.0014
4.6004,0.2142,0.7604,0.2372,0.0881,0.2530,-0.7856,0.7057,0.2865,0.0762,0.2965,1.0013
4.6101,0.2162,0.7613,0.2368,0.0897,0.2532,-0.7835,0.7066,0.2856,0.0787,0.2962,1.0012
4.6105,0.2182,0.7622,0.2368,0.0897,0.2532,-0.7812,0.7075,0.2849,0.0797,0.2958,1.0008
4.6304,0.2201,0.7631,0.2364,0.0911,0.2534,-0.7790,0.7083,0.2844,0.0805,0.2956,1.0007
4.6308,0.2223,0.7641,0.2363,0.0918,0.2535,-0.7767,0.7091,0.2844,0.0805,0.2956,1.0005
4.6399,0.2241,0.7650,0.2363,0.0926,0.2539,-0.7746,0.7098,0.2831,0.0822,0.2948,1.0002
4.6403,0.2262,0.7662,0.2363,0.0926,0.2539,-0.7722,0.7107,0.2831,0.0822,0.2948,0.9999
4.6604,0.2281,0.7671,0.2364,0.0948,0.2547,-0.7699,0.7116,0.2828,0.0838,0.2950,0.9996
4.6608,0.2299,0.7681,0.2360,0.0956,0.2546,-0.7677,0.7125,0.2823,0.0847,0.2947,0.9992
4.6802,0.2319,0.7690,0.2354,0.0962,0.2543,-0.7653,0.7134,0.2817,0.0856,0.2944,0.9987
4.6805,0.2338,0.7700,0.2353,0.0970,0.2545,-0.7630,0.7144,0.2818,0.0866,0.2948,0.9984
4.7006,0.2359,0.7709,0.2349,0.0976,0.2544,-0.7610,0.7155,0.2809,0.0876,0.2942,0.9984
4.7011,0.2378,0.7718,0.2349,0.0976,0.2544,-0.7590,0.7164,0.2809,0.0876,0.2942,0.9984
4.7103,0.2401,0.7728,0.2347,0.0986,0.2546,-0.7567,0.7175,0.2789,0.0895,0.2929,0.9984
4.7106,0.2419,0.7736,0.2347,0.0986,0.2546,-0.7549,0.7182,0.2789,0.0895,0.2929,0.9983
4.7301,0.2441,0.7747,0.2342,0.0993,0.2544,-0.7526,0.7192,0.2774,0.0912,0.2920,0.9983
4.7305,0.2459,0.7755,0.2342,0.0993,0.2544,-0.7508,0.7201,0.2774,0.0912,0.2920,0.9982
4.7503,0.2478,0.7766,0.2343,0.1004,0.2549,-0.7486,0.7210,0.2762,0.0929,0.2914,0.9980
4.7508,0.2499,0.7777,0.2343,0.1004,0.2549,-0.7465,0.7218,0.2759,0.0937,0.2913,0.9979
4.7602,0.2519,0.7787,0.2344,0.1023,0.2558,-0.7443,0.7227,0.2756,0.0945,0.2913,0.9977
4.7607,0.2539,0.7799,0.2344,0.1023,0.2558,-0.7420,0.7236,0.2747,0.0951,0.2907,0.9975
4.7803,0.2559,0.7809,0.2339,0.1042,0.2560,-0.7398,0.7243,0.2740,0.0955,0.2901,0.9972
4.7805,0.2577,0.7819,0.2336,0.1048,0.2560,-0.7376,0.7251,0.2740,0.0955,0.2901,0.9969
4.8003,0.2594,0.7828,0.2334,0.1053,0.2560,-0.7356,0.7259,0.2727,0.0961,0.2891,0.9966
4.8007,0.2616,0.7842,0.2328,0.1058,0.2557,-0.7332,0.7273,0.2720,0.0965,0.2886,0.9964
4.8102,0.2633,0.7852,0.2331,0.1067,0.2563,-0.7313,0.7283,0.2718,0.0978,0.2889,0.9963
4.8107,0.2653,0.7864,0.2331,0.1067,0.2563,-0.7291,0.7294,0.2712,0.0986,0.2885,0.9960
4.8301,0.2671,0.7873,0.2328,0.1078,0.2565,-0.7271,0.7304,0.2709,0.0995,0.2886,0.9959
4.8305,0.2691,0.7883,0.2328,0.1084,0.2568,-0.7250,0.7314,0.2704,0.1003,0.2884,0.9958
4.8503,0.2710,0.7893,0.2332,0.1092,0.2574,-0.7231,0.7324,0.2698,0.1014,0.2882,0.9957
4.8507,0.2731,0.7904,0.2332,0.1092,0.2574,-0.7208,0.7336,0.2691,0.1023,0.2879,0.9955
4.8597,0.2749,0.7914,0.2332,0.1107,0.2582,-0.7188,0.7346,0.2685,0.1036,0.2878,0.9953
4.8599,0.2768,0.7925,0.2332,0.1107,0.2582,-0.7166,0.7357,0.2677,0.1042,0.2873,0.9951
4.8800,0.2787,0.7935,0.2327,0.1119,0.2582,-0.7147,0.7367,0.2673,0.1052,0.2873,0.9950
4.8803,0.2806,0.7946,0.2321,0.1123,0.2578,-0.7127,0.7378,0.2661,0.1058,0.2863,0.9949
4.9002,0.2825,0.7957,0.2322,0.1130,0.2582,-0.7108,0.7388,0.2659,0.1067,0.2865,0.9949
4.9005,0.2843,0.7968,0.2322,0.1130,0.2582,-0.7089,0.7396,0.2659,0.1067,0.2865,0.9948
4.9100,0.2864,0.7980,0.2316,0.1143,0.2583,-0.7068,0.7407,0.2642,0.1078,0.2854,0.9948
4.9103,0.2883,0.7990,0.2316,0.1143,0.2583,-0.7050,0.7417,0.2636,0.1085,0.2850,0.9949
4.9298,0.2902,0.8001,0.2318,0.1155,0.2590,-0.7031,0.7429,0.2628,0.1093,0.2847,0.9950
4.9301,0.2902,0.8001,0.2318,0.1155,0.2590,-0.7013,0.7441,0.2628,0.1093,0.2847,0.9931
4.9403,0.2940,0.8023,0.2320,0.1165,0.2596,-0.6994,0.7453,0.2611,0.1113,0.2838,0.9951
4.9407,0.2961,0.8035,0.2320,0.1165,0.2596,-0.6974,0.7467,0.2611,0.1113,0.2838,0.9951
4.9600,0.2978,0.8045,0.2321,0.1176,0.2602,-0.6955,0.7476,0.2589,0.1133,0.2826,0.9949
4.9603,0.2998,0.8057,0.2321,0.1176,0.2602,-0.6933,0.7487,0.2589,0.1133,0.2826,0.9947
4.9703,0.3015,0.8067,0.2317,0.1188,0.2604,-0.6914,0.7497,0.2574,0.1141,0.2815,0.9945
4.9706,0.3035,0.8079,0.2317,0.1188,0.2604,-0.6891,0.7510,0.2574,0.1141,0.2815,0.9942
4.9903,0.3052,0.8088,0.2320,0.1202,0.2612,-0.6872,0.7520,0.2568,0.1153,0.2814,0.9941
4.9906,0.3071,0.8099,0.2320,0.1205,0.2614,-0.6853,0.7531,0.2561,0.1157,0.2810,0.9940
5.0101,0.3090,0.8111,0.2319,0.1210,0.2616,-0.6832,0.7543,0.2554,0.1162,0.2805,0.9938
5.0104,0.3109,0.8123,0.2319,0.1210,0.2616,-0.6812,0.7556,0.2554,0.1162,0.2805,0.9937
5.0301,0.3127,0.8133,0.2318,0.1222,0.2620,-0.6792,0.7568,0.2544,0.1175,0.2802,0.9935
5.0304,0.3146,0.8145,0.2318,0.1222,0.2620,-0.6771,0.7578,0.2544,0.1175,0.2802,0.9933
5.0400,0.3164,0.8157,0.2315,0.1231,0.2622,-0.6751,0.7589,0.2538,0.1184,0.2800,0.9931
5.0403,0.3180,0.8168,0.2315,0.1231,0.2622,-0.6734,0.7599,0.2538,0.1184,0.2800,0.9929
5.0602,0.3198,0.8181,0.2305,0.1239,0.2617,-0.6712,0.7612,0.2522,0.1190,0.2789,0.9927
5.0607,0.3214,0.8192,0.2303,0.1249,0.2620,-0.6695,0.7623,0.2517,0.1198,0.2788,0.9925
5.0800,0.3231,0.8205,0.2299,0.1253,0.2618,-0.6675,0.7638,0.2505,0.1205,0.2780,0.9922
5.0803,0.3247,0.8217,0.2299,0.1253,0.2618,-0.6657,0.7650,0.2505,0.1205,0.2780,0.9921
5.0897,0.3263,0.8232,0.2291,0.1269,0.2619,-0.6638,0.7664,0.2489,0.1225,0.2774,0.9917
5.0900,0.3280,0.8244,0.2291,0.1269,0.2619,-0.6620,0.7677,0.2489,0.1225,0.2774,0.9916
5.1103,0.3298,0.8255,0.2275,0.1281,0.2611,-0.6603,0.7690,0.2471,0.1240,0.2765,0.9916
5.1107,0.3316,0.8266,0.2275,0.1281,0.2611,-0.6583,0.7704,0.2464,0.1248,0.2762,0.9915
5.1198,0.3332,0.8274,0.2269,0.1287,0.2608,-0.6567,0.7716,0.2457,0.1259,0.2761,0.9915
5.1203,0.3354,0.8284,0.2269,0.1287,0.2608,-0.6546,0.7731,0.2457,0.1259,0.2761,0.9915
5.1401,0.3369,0.8293,0.2262,0.1286,0.2601,-0.6529,0.7743,0.2443,0.1279,0.2757,0.9913
5.1403,0.3387,0.8305,0.2262,0.1286,0.2601,-0.6508,0.7759,0.2434,0.1290,0.2755,0.9910
5.1604,0.3402,0.8315,0.2251,0.1286,0.2592,-0.6490,0.7772,0.2427,0.1303,0.2755,0.9907
5.1606,0.3419,0.8325,0.2243,0.1286,0.2586,-0.6471,0.7786,0.2419,0.1312,0.2752,0.9905
5.1802,0.3435,0.8337,0.2239,0.1287,0.2583,-0.6453,0.7801,0.2412,0.1321,0.2750,0.9902
5.1806,0.3450,0.8348,0.2239,0.1287,0.2583,-0.6435,0.7815,0.2400,0.1333,0.2745,0.9900
5.1904,0.3468,0.8360,0.2224,0.1297,0.2574,-0.6417,0.7831,0.2390,0.1342,0.2741,0.9899
5.1907,0.3483,0.8371,0.2219,0.1303,0.2573,-0.6402,0.7843,0.2390,0.1342,0.2741,0.9898
5.2103,0.3500,0.8383,0.2209,0.1306,0.2566,-0.6384,0.7858,0.2376,0.1358,0.2737,0.9898
5.2106,0.3515,0.8393,0.2198,0.1309,0.2558,-0.6368,0.7872,0.2367,0.1367,0.2733,0.9897
5.2302,0.3532,0.8407,0.2192,0.1314,0.2555,-0.6348,0.7890,0.2362,0.1379,0.2735,0.9894
5.2305,0.3545,0.8419,0.2182,0.1320,0.2551,-0.6331,0.7905,0.2356,0.1395,0.2738,0.9890
5.2400,0.3556,0.8431,0.2172,0.1327,0.2546,-0.6313,0.7917,0.2354,0.1408,0.2743,0.9882
5.2406,0.3563,0.8446,0.2172,0.1327,0.2546,-0.6294,0.7931,0.2354,0.1408,0.2743,0.9871
5.2605,0.3567,0.8458,0.2129,0.1339,0.2515,-0.6276,0.7945,0.2342,0.1426,0.2742,0.9856
5.2609,0.3569,0.8471,0.2096,0.1342,0.2489,-0.6259,0.7962,0.2334,0.1437,0.2741,0.9841
5.2699,0.3570,0.8482,0.2059,0.1345,0.2459,-0.6245,0.7977,0.2322,0.1453,0.2739,0.9827
5.2703,0.3571,0.8494,0.2059,0.1345,0.2459,-0.6229,0.7994,0.2322,0.1453,0.2739,0.9812
5.2903,0.3572,0.8503,0.1987,0.1352,0.2403,-0.6216,0.8007,0.2294,0.1486,0.2733,0.9801
5.2906,0.3577,0.8515,0.1987,0.1352,0.2403,-0.6201,0.8024,0.2294,0.1486,0.2733,0.9790
5.3099,0.3583,0.8525,0.1922,0.1347,0.2347,-0.6187,0.8040,0.2263,0.1503,0.2716,0.9782
5.3101,0.3595,0.8534,0.1922,0.1347,0.2347,-0.6170,0.8055,0.2253,0.1514,0.2715,0.9777
5.3301,0.3609,0.8542,0.1883,0.1339,0.2311,-0.6152,0.8071,0.2241,0.1522,0.2709,0.9772
5.3306,0.3620,0.8548,0.1875,0.1337,0.2303,-0.6136,0.8083,0.2237,0.1534,0.2713,0.9767
5.3397,0.3632,0.8557,0.1857,0.1330,0.2284,-0.6116,0.8099,0.2229,0.1539,0.2709,0.9759
5.3400,0.3632,0.8557,0.1857,0.1330,0.2284,-0.6098,0.8113,0.2229,0.1539,0.2709,0.9740
5.3600,0.3651,0.8578,0.1822,0.1323,0.2252,-0.6079,0.8131,0.2220,0.1554,0.2709,0.9740
5.3604,0.3655,0.8589,0.1822,0.1323,0.2252,-0.6065,0.8146,0.2220,0.1554,0.2709,0.9730
5.3801,0.3661,0.8602,0.1774,0.1329,0.2216,-0.6050,0.8165,0.2203,0.1579,0.2710,0.9721
5.3805,0.3667,0.8613,0.1774,0.1329,0.2216,-0.6038,0.8182,0.2203,0.1579,0.2710,0.9715
5.3902,0.3676,0.8625,0.1723,0.1335,0.2180,-0.6027,0.8199,0.2177,0.1608,0.2707,0.9712
5.3907,0.3686,0.8635,0.1703,0.1335,0.2164,-0.6016,0.8215,0.2162,0.1623,0.2704,0.9711
5.3999,0.3696,0.8645,0.1686,0.1334,0.2150,-0.6005,0.8229,0.2147,0.1636,0.2700,0.9710
5.4001,0.3711,0.8657,0.1665,0.1330,0.2131,-0.5990,0.8248,0.2126,0.1644,0.2687,0.9710
5.4209,0.3723,0.8668,0.1657,0.1334,0.2127,-0.5977,0.8265,0.2119,0.1661,0.2692,0.9709
5.4215,0.3735,0.8679,0.1642,0.1334,0.2116,-0.5965,0.8280,0.2109,0.1672,0.2691,0.9708
5.4405,0.3745,0.8689,0.1626,0.1334,0.2103,-0.5951,0.8296,0.2096,0.1679,0.2686,0.9704
5.4409,0.3755,0.8701,0.1610,0.1333,0.2090,-0.5936,0.8313,0.2087,0.1686,0.2683,0.9699
5.4602,0.3765,0.8713,0.1589,0.1331,0.2073,-0.5920,0.8330,0.2077,0.1692,0.2679,0.9693
5.4605,0.3773,0.8725,0.1589,0.1331,0.2073,-0.5906,0.8346,0.2077,0.1692,0.2679,0.9686
5.4703,0.3784,0.8749,0.1528,0.1341,0.2033,-0.5891,0.8362,0.2055,0.1716,0.2677,0.9682
5.4705,0.3784,0.8749,0.1528,0.1341,0.2033,-0.5877,0.8379,0.2055,0.1716,0.2677,0.9668
5.4901,0.3787,0.8759,0.1498,0.1340,0.2009,-0.5865,0.8395,0.2027,0.1739,0.2670,0.9659
5.4903,0.3788,0.8769,0.1498,0.1340,0.2009,-0.5852,0.8413,0.2014,0.1749,0.2668,0.9647
5.5103,0.3787,0.8782,0.1433,0.1341,0.1963,-0.5838,0.8431,0.2001,0.1762,0.2666,0.9631
5.5106,0.3786,0.8793,0.1394,0.1343,0.1936,-0.5826,0.8446,0.2001,0.1762,0.2666,0.9618
5.5199,0.3782,0.8804,0.1353,0.1340,0.1904,-0.5810,0.8464,0.1971,0.1780,0.2656,0.9597
5.5204,0.3778,0.8813,0.1353,0.1340,0.1904,-0.5796,0.8480,0.1963,0.1794,0.2659,0.9580
5.5401,0.3776,0.8822,0.1264,0.1336,0.1839,-0.5782,0.8496,0.1950,0.1804,0.2656,0.9564
5.5404,0.3776,0.8832,0.1264,0.1336,0.1839,-0.5768,0.8513,0.1950,0.1804,0.2656,0.9549
5.5602,0.3777,0.8842,0.1193,0.1328,0.1785,-0.5753,0.8533,0.1931,0.1827,0.2658,0.9535
5.5605,0.3780,0.8850,0.1193,0.1328,0.1785,-0.5741,0.8550,0.1931,0.1827,0.2658,0.9526
5.5701,0.3788,0.8857,0.1133,0.1315,0.1736,-0.5730,0.8567,0.1908,0.1854,0.2660,0.9522
5.5704,0.3797,0.8865,0.1133,0.1315,0.1736,-0.5719,0.8585,0.1908,0.1854,0.2660,0.9520
5.5898,0.3805,0.8873,0.1100,0.1296,0.1700,-0.5708,0.8603,0.1878,0.1870,0.2650,0.9517
5.5900,0.3812,0.8883,0.1100,0.1296,0.1700,-0.5695,0.8622,0.1878,0.1870,0.2650,0.9511
5.6002,0.3817,0.8891,0.1066,0.1277,0.1664,-0.5685,0.8637,0.1850,0.1889,0.2644,0.9505
5.6004,0.3821,0.8904,0.1066,0.1277,0.1664,-0.5671,0.8656,0.1850,0.1889,0.2644,0.9496
5.6201,0.3824,0.8914,0.1010,0.1276,0.1627,-0.5660,0.8671,0.1824,0.1902,0.2635,0.9487
5.6204,0.3826,0.8926,0.1010,0.1276,0.1627,-0.5649,0.8687,0.1813,0.1910,0.2633,0.9478
5.6399,0.3829,0.8937,0.0945,0.1283,0.1594,-0.5636,0.8703,0.1795,0.1911,0.2622,0.9468
5.6403,0.3832,0.8949,0.0945,0.1283,0.1594,-0.5624,0.8718,0.1795,0.1911,0.2622,0.9459
5.6603,0.3837,0.8961,0.0889,0.1289,0.1566,-0.5612,0.8734,0.1768,0.1918,0.2608,0.9451
5.6606,0.3844,0.8975,0.0889,0.1289,0.1566,-0.5600,0.8752,0.1756,0.1925,0.2606,0.9446
5.6701,0.3852,0.8986,0.0851,0.1300,0.1554,-0.5590,0.8768,0.1743,0.1932,0.2602,0.9444
5.6704,0.3861,0.8998,0.0851,0.1300,0.1554,-0.5579,0.8785,0.1743,0.1932,0.2602,0.9442
5.6902,0.3870,0.9010,0.0820,0.1300,0.1537,-0.5568,0.8803,0.1713,0.1939,0.2587,0.9440
5.6905,0.3877,0.9023,0.0820,0.1300,0.1537,-0.5558,0.8819,0.1698,0.1944,0.2582,0.9438
5.7001,0.3886,0.9039,0.0789,0.1305,0.1525,-0.5548,0.8838,0.1687,0.1952,0.2580,0.9436
5.7005,0.3892,0.9053,0.0789,0.1305,0.1525,-0.5540,0.8854,0.1671,0.1960,0.2576,0.9435
5.7202,0.3900,0.9068,0.0756,0.1321,0.1522,-0.5532,0.8870,0.1656,0.1965,0.2570,0.9434
5.7204,0.3908,0.9082,0.0756,0.1321,0.1522,-0.5525,0.8886,0.1656,0.1965,0.2570,0.9435
5.7406,0.3920,0.9099,0.0725,0.1327,0.1512,-0.5517,0.8904,0.1611,0.1963,0.2539,0.9439
5.7410,0.3931,0.9114,0.0728,0.1335,0.1520,-0.5510,0.8921,0.1591,0.1973,0.2535,0.9444
5.7502,0.3944,0.9128,0.0737,0.1336,0.1525,-0.5503,0.8937,0.1568,0.1979,0.2524,0.9449
5.7506,0.3959,0.9143,0.0737,0.1336,0.1525,-0.5495,0.8954,0.1546,0.1983,0.2515,0.9455
5.7702,0.3969,0.9155,0.0779,0.1344,0.1553,-0.5487,0.8969,0.1529,0.1984,0.2504,0.9458
5.7706,0.3982,0.9172,0.0779,0.1344,0.1553,-0.5477,0.8987,0.1529,0.1984,0.2504,0.9460
5.7904,0.3992,0.9187,0.0823,0.1355,0.1585,-0.5468,0.9003,0.1504,0.1985,0.2491,0.9462
5.7907,0.4000,0.9202,0.0823,0.1355,0.1585,-0.5460,0.9016,0.1497,0.1992,0.2492,0.9463
5.8002,0.4011,0.9220,0.0848,0.1373,0.1613,-0.5451,0.9033,0.1481,0.1984,0.2476,0.9464
5.8006,0.4020,0.9234,0.0848,0.1373,0.1613,-0.5444,0.9046,0.1481,0.1984,0.2476,0.9466
5.8200,0.4032,0.9249,0.0851,0.1401,0.1639,-0.5437,0.9061,0.1452,0.1981,0.2456,0.9471
5.8205,0.4046,0.9264,0.0851,0.1401,0.1639,-0.5430,0.9078,0.1452,0.1981,0.2456,0.9478
5.8404,0.4062,0.9278,0.0853,0.1432,0.1667,-0.5422,0.9093,0.1412,0.1988,0.2439,0.9486
5.8408,0.4077,0.9290,0.0860,0.1443,0.1680,-0.5415,0.9106,0.1388,0.1988,0.2425,0.9494
5.8501,0.4094,0.9302,0.0871,0.1448,0.1690,-0.5408,0.9122,0.1365,0.1986,0.2410,0.9504
5.8506,0.4107,0.9314,0.0871,0.1448,0.1690,-0.5403,0.9134,0.1365,0.1986,0.2410,0.9511
5.8702,0.4120,0.9328,0.0904,0.1451,0.1709,-0.5397,0.9148,0.1324,0.1977,0.2379,0.9518
5.8708,0.4130,0.9344,0.0904,0.1451,0.1709,-0.5391,0.9163,0.1305,0.1966,0.2360,0.9523
5.8902,0.4141,0.9359,0.0925,0.1461,0.1729,-0.5385,0.9178,0.1294,0.1962,0.2350,0.9528
5.8907,0.4148,0.9374,0.0925,0.1461,0.1729,-0.5381,0.9191,0.1282,0.1958,0.2340,0.9531
5.9002,0.4155,0.9390,0.0925,0.1477,0.1743,-0.5377,0.9205,0.1269,0.1953,0.2329,0.9533
5.9007,0.4162,0.9406,0.0925,0.1477,0.1743,-0.5372,0.9219,0.1269,0.1953,0.2329,0.9535
5.9202,0.4170,0.9421,0.0901,0.1498,0.1748,-0.5368,0.9232,0.1237,0.1942,0.2303,0.9539
5.9206,0.4182,0.9437,0.0901,0.1498,0.1748,-0.5363,0.9246,0.1219,0.1935,0.2286,0.9547
5.9403,0.4195,0.9452,0.0894,0.1517,0.1761,-0.5359,0.9258,0.1204,0.1932,0.2276,0.9556
5.9406,0.4211,0.9470,0.0899,0.1526,0.1771,-0.5354,0.9272,0.1184,0.1924,0.2259,0.9567
5.9501,0.4223,0.9485,0.0911,0.1539,0.1788,-0.5351,0.9283,0.1163,0.1918,0.2243,0.9576
5.9504,0.4236,0.9500,0.0911,0.1539,0.1788,-0.5347,0.9296,0.1139,0.1906,0.2221,0.9585
5.9701,0.4246,0.9513,0.0928,0.1550,0.1806,-0.5343,0.9306,0.1118,0.1900,0.2205,0.9592
5.9704,0.4256,0.9530,0.0935,0.1552,0.1812,-0.5339,0.9318,0.1118,0.1900,0.2205,0.9598
5.9803,0.4265,0.9548,0.0944,0.1563,0.1826,-0.5335,0.9328,0.1076,0.1877,0.2163,0.9603
5.9900,0.4275,0.9568,0.0957,0.1578,0.1846,-0.5329,0.9339,0.1061,0.1866,0.2146,0.9607
5.9903,0.4283,0.9583,0.0957,0.1578,0.1846,-0.5325,0.9347,0.1061,0.1866,0.2146,0.9611
6.0101,0.4293,0.9602,0.0993,0.1601,0.1884,-0.5320,0.9355,0.1026,0.1832,0.2100,0.9617
6.0105,0.4303,0.9620,0.0993,0.1601,0.1884,-0.5316,0.9363,0.1012,0.1819,0.2081,0.9623
6.0300,0.4315,0.9639,0.1043,0.1633,0.1938,-0.5311,0.9371,0.0987,0.1797,0.2050,0.9630
6.0303,0.4329,0.9657,0.1043,0.1633,0.1938,-0.5306,0.9381,0.0987,0.1797,0.2050,0.9639
6.0399,0.4341,0.9673,0.1106,0.1670,0.2003,-0.5302,0.9387,0.0953,0.1769,0.2010,0.9647
6.0402,0.4354,0.9691,0.1106,0.1670,0.2003,-0.5297,0.9396,0.0953,0.1769,0.2010,0.9655
6.0601,0.4364,0.9708,0.1153,0.1699,0.2054,-0.5293,0.9403,0.0912,0.1725,0.1951,0.9662
6.0603,0.4375,0.9727,0.1153,0.1699,0.2054,-0.5290,0.9411,0.0912,0.1725,0.1951,0.9670
6.0802,0.4386,0.9748,0.1175,0.1739,0.2098,-0.5287,0.9420,0.0879,0.1687,0.1903,0.9678
6.0806,0.4394,0.9767,0.1175,0.1739,0.2098,-0.5285,0.9427,0.0863,0.1669,0.1879,0.9685
6.0900,0.4404,0.9789,0.1178,0.1787,0.2141,-0.5283,0.9435,0.0846,0.1648,0.1852,0.9693
6.0905,0.4414,0.9809,0.1178,0.1787,0.2141,-0.5282,0.9443,0.0846,0.1648,0.1852,0.9702
6.1102,0.4425,0.9828,0.1194,0.1835,0.2189,-0.5280,0.9450,0.0807,0.1612,0.1802,0.9713
6.1105,0.4437,0.9846,0.1194,0.1835,0.2189,-0.5278,0.9457,0.0807,0.1612,0.1802,0.9723
6.1303,0.4451,0.9868,0.1227,0.1864,0.2232,-0.5276,0.9465,0.0765,0.1572,0.1748,0.9735
6.1308,0.4463,0.9886,0.1227,0.1864,0.2232,-0.5274,0.9472,0.0765,0.1572,0.1748,0.9745
6.1401,0.4474,0.9905,0.1268,0.1897,0.2282,-0.5272,0.9479,0.0724,0.1538,0.1700,0.9755
6.1404,0.4486,0.9925,0.1268,0.1897,0.2282,-0.5270,0.9488,0.0704,0.1523,0.1678,0.9766
6.1599,0.4498,0.9945,0.1298,0.1928,0.2324,-0.5269,0.9497,0.0682,0.1507,0.1654,0.9777
6.1602,0.4509,0.9966,0.1298,0.1928,0.2324,-0.5267,0.9506,0.0662,0.1490,0.1631,0.9787
6.1703,0.4520,0.9989,0.1314,0.1960,0.2360,-0.5266,0.9516,0.0645,0.1477,0.1611,0.9797
6.1706,0.4532,1.0011,0.1320,0.1982,0.2381,-0.5264,0.9526,0.0627,0.1463,0.1592,0.9807
6.1901,0.4541,1.0030,0.1324,0.2001,0.2400,-0.5262,0.9534,0.0608,0.1448,0.1570,0.9816
6.1905,0.4551,1.0053,0.1324,0.2001,0.2400,-0.5261,0.9544,0.0608,0.1448,0.1570,0.9825
6.2105,0.4561,1.0074,0.1331,0.2028,0.2426,-0.5260,0.9554,0.0575,0.1413,0.1525,0.9835
6.2110,0.4571,1.0095,0.1337,0.2041,0.2440,-0.5259,0.9563,0.0561,0.1399,0.1507,0.9844
6.2304,0.4584,1.0119,0.1342,0.2053,0.2452,-0.5257,0.9575,0.0547,0.1385,0.1489,0.9856
6.2307,0.4595,1.0140,0.1342,0.2053,0.2452,-0.5256,0.9585,0.0547,0.1385,0.1489,0.9866
6.2397,0.4607,1.0163,0.1350,0.2083,0.2483,-0.5254,0.9597,0.0523,0.1362,0.1459,0.9877
6.2400,0.4618,1.0183,0.1350,0.2083,0.2483,-0.5252,0.9607,0.0512,0.1352,0.1446,0.9887
6.2603,0.4630,1.0206,0.1347,0.2109,0.2503,-0.5250,0.9618,0.0501,0.1340,0.1430,0.9898
6.2606,0.4641,1.0225,0.1347,0.2109,0.2503,-0.5249,0.9629,0.0488,0.1329,0.1416,0.9908
6.2702,0.4654,1.0247,0.1343,0.2139,0.2526,-0.5248,0.9642,0.0476,0.1321,0.1404,0.9921
6.2707,0.4665,1.0268,0.1343,0.2139,0.2526,-0.5247,0.9655,0.0476,0.1321,0.1404,0.9931
6.2903,0.4686,1.0309,0.1346,0.2161,0.2546,-0.5247,0.9666,0.0441,0.1304,0.1376,0.9953
6.2905,0.4686,1.0309,0.1346,0.2161,0.2546,-0.5245,0.9679,0.0428,0.1299,0.1367,0.9951
6.3103,0.4698,1.0332,0.1350,0.2178,0.2562,-0.5244,0.9693,0.0411,0.1293,0.1357,0.9962
6.3107,0.4710,1.0355,0.1350,0.2178,0.2562,-0.5242,0.9707,0.0401,0.1293,0.1354,0.9973
6.3199,0.4722,1.0378,0.1356,0.2212,0.2594,-0.5241,0.9720,0.0390,0.1290,0.1348,0.9985
6.3202,0.4735,1.0400,0.1352,0.2227,0.2606,-0.5241,0.9734,0.0377,0.1285,0.1339,0.9998
6.3401,0.4749,1.0422,0.1347,0.2243,0.2616,-0.5241,0.9748,0.0363,0.1282,0.1332,1.0013
6.3406,0.4760,1.0442,0.1347,0.2243,0.2616,-0.5241,0.9761,0.0363,0.1282,0.1332,1.0024
6.3603,0.4772,1.0464,0.1333,0.2280,0.2641,-0.5241,0.9775,0.0335,0.1278,0.1322,1.0036
6.3607,0.4783,1.0486,0.1330,0.2299,0.2656,-0.5241,0.9788,0.0324,0.1281,0.1321,1.0049
6.3702,0.4794,1.0508,0.1327,0.2315,0.2668,-0.5242,0.9801,0.0311,0.1279,0.1317,1.0060
6.3706,0.4805,1.0531,0.1328,0.2329,0.2681,-0.5242,0.9815,0.0300,0.1277,0.1312,1.0073
6.3903,0.4817,1.0553,0.1328,0.2343,0.2693,-0.5243,0.9829,0.0287,0.1274,0.1306,1.0086
6.3907,0.4829,1.0575,0.1338,0.2357,0.2710,-0.5243,0.9845,0.0277,0.1276,0.1306,1.0099
6.4104,0.4840,1.0595,0.1349,0.2369,0.2726,-0.5244,0.9859,0.0267,0.1280,0.1308,1.0111
6.4108,0.4851,1.0618,0.1349,0.2369,0.2726,-0.5244,0.9874,0.0256,0.1281,0.1306,1.0123
6.4303,0.4865,1.0644,0.1363,0.2394,0.2755,-0.5244,0.9892,0.0247,0.1284,0.1308,1.0136
6.4307,0.4873,1.0662,0.1363,0.2394,0.2755,-0.5244,0.9904,0.0247,0.1284,0.1308,1.0145
6.4399,0.4885,1.0689,0.1355,0.2420,0.2774,-0.5243,0.9924,0.0230,0.1293,0.1313,1.0157
6.4404,0.4895,1.0711,0.1355,0.2420,0.2774,-0.5243,0.9941,0.0230,0.1293,0.1313,1.0168
6.4603,0.4905,1.0733,0.1345,0.2453,0.2798,-0.5243,0.9957,0.0215,0.1317,0.1335,1.0178
6.4608,0.4917,1.0756,0.1345,0.2453,0.2798,-0.5243,0.9975,0.0215,0.1317,0.1335,1.0190
6.4706,0.4928,1.0780,0.1340,0.2486,0.2825,-0.5244,0.9993,0.0200,0.1338,0.1352,1.0202
6.4709,0.4938,1.0803,0.1340,0.2486,0.2825,-0.5245,1.0010,0.0200,0.1338,0.1352,1.0214
6.4902,0.4949,1.0826,0.1346,0.2511,0.2849,-0.5246,1.0027,0.0181,0.1364,0.1376,1.0227
6.4906,0.4960,1.0848,0.1346,0.2511,0.2849,-0.5248,1.0044,0.0181,0.1364,0.1376,1.0239
6.5104,0.4974,1.0871,0.1354,0.2530,0.2869,-0.5249,1.0063,0.0154,0.1395,0.1403,1.0254
6.5108,0.4988,1.0890,0.1361,0.2536,0.2878,-0.5249,1.0080,0.0143,0.1416,0.1423,1.0268
6.5201,0.5001,1.0909,0.1368,0.2540,0.2886,-0.5248,1.0097,0.0135,0.1435,0.1441,1.0281
6.5204,0.5016,1.0929,0.1368,0.2540,0.2886,-0.5248,1.0116,0.0135,0.1435,0.1441,1.0297
6.5402,0.5030,1.0948,0.1375,0.2545,0.2892,-0.5246,1.0134,0.0116,0.1470,0.1475,1.0309
6.5405,0.5043,1.0967,0.1375,0.2545,0.2892,-0.5244,1.0154,0.0116,0.1470,0.1475,1.0319
6.5602,0.5055,1.0985,0.1380,0.2552,0.2901,-0.5241,1.0173,0.0107,0.1518,0.1521,1.0328
6.5605,0.5066,1.1004,0.1380,0.2552,0.2901,-0.5239,1.0194,0.0105,0.1541,0.1545,1.0336
6.5701,0.5077,1.1025,0.1382,0.2555,0.2905,-0.5235,1.0216,0.0103,0.1566,0.1569,1.0344
6.5705,0.5087,1.1047,0.1382,0.2555,0.2905,-0.5231,1.0238,0.0104,0.1593,0.1596,1.0350
6.5901,0.5096,1.1068,0.1386,0.2559,0.2911,-0.5226,1.0259,0.0109,0.1621,0.1625,1.0353
6.5906,0.5102,1.1090,0.1386,0.2559,0.2911,-0.5222,1.0279,0.0109,0.1621,0.1625,1.0356
6.5999,0.5108,1.1114,0.1377,0.2564,0.2910,-0.5217,1.0300,0.0120,0.1672,0.1676,1.0358
6.6001,0.5115,1.1139,0.1377,0.2564,0.2910,-0.5211,1.0323,0.0120,0.1672,0.1676,1.0358
6.6204,0.5120,1.1160,0.1354,0.2585,0.2918,-0.5206,1.0345,0.0134,0.1732,0.1738,1.0358
6.6207,0.5126,1.1180,0.1337,0.2585,0.2911,-0.5201,1.0367,0.0139,0.1760,0.1765,1.0360
6.6402,0.5133,1.1200,0.1327,0.2588,0.2909,-0.5197,1.0389,0.0145,0.1791,0.1797,1.0362
6.6405,0.5141,1.1223,0.1327,0.2588,0.2909,-0.5191,1.0416,0.0145,0.1791,0.1797,1.0364
6.6501,0.5149,1.1243,0.1311,0.2596,0.2908,-0.5186,1.0440,0.0158,0.1857,0.1864,1.0367
6.6504,0.5158,1.1264,0.1304,0.2596,0.2905,-0.5181,1.0463,0.0165,0.1886,0.1893,1.0370
6.6704,0.5166,1.1284,0.1299,0.2595,0.2902,-0.5176,1.0486,0.0172,0.1914,0.1922,1.0372
6.6709,0.5174,1.1308,0.1299,0.2595,0.2902,-0.5169,1.0511,0.0180,0.1940,0.1948,1.0374
6.6903,0.5181,1.1329,0.1284,0.2595,0.2895,-0.5164,1.0534,0.0188,0.1969,0.1978,1.0376
6.6906,0.5192,1.1355,0.1281,0.2597,0.2896,-0.5156,1.0561,0.0197,0.1998,0.2008,1.0378
6.7004,0.5199,1.1378,0.1281,0.2603,0.2902,-0.5151,1.0585,0.0209,0.2034,0.2044,1.0380
6.7008,0.5206,1.1401,0.1275,0.2608,0.2903,-0.5146,1.0610,0.0209,0.2034,0.2044,1.0381
6.7205,0.5214,1.1426,0.1269,0.2612,0.2904,-0.5139,1.0638,0.0227,0.2095,0.2107,1.0383
6.7208,0.5220,1.1451,0.1269,0.2612,0.2904,-0.5134,1.0665,0.0227,0.2095,0.2107,1.0383
6.7401,0.5224,1.1472,0.1250,0.2620,0.2903,-0.5128,1.0691,0.0245,0.2160,0.2174,1.0382
6.7404,0.5231,1.1494,0.1235,0.2619,0.2896,-0.5121,1.0718,0.0252,0.2188,0.2203,1.0381
6.7503,0.5236,1.1515,0.1226,0.2622,0.2894,-0.5114,1.0745,0.0262,0.2222,0.2238,1.0378
6.7506,0.5242,1.1536,0.1226,0.2622,0.2894,-0.5105,1.0771,0.0274,0.2254,0.2270,1.0375
6.7702,0.5247,1.1555,0.1202,0.2622,0.2884,-0.5096,1.0798,0.0288,0.2284,0.2302,1.0371
6.7706,0.5253,1.1575,0.1202,0.2622,0.2884,-0.5085,1.0825,0.0288,0.2284,0.2302,1.0366
6.7903,0.5260,1.1596,0.1177,0.2615,0.2868,-0.5075,1.0853,0.0324,0.2340,0.2363,1.0362
6.7906,0.5266,1.1616,0.1177,0.2615,0.2868,-0.5065,1.0880,0.0324,0.2340,0.2363,1.0358
6.8002,0.5272,1.1637,0.1161,0.2614,0.2860,-0.5057,1.0908,0.0360,0.2402,0.2429,1.0354
6.8007,0.5277,1.1660,0.1149,0.2609,0.2851,-0.5048,1.0937,0.0360,0.2402,0.2429,1.0350
6.8201,0.5282,1.1682,0.1135,0.2609,0.2845,-0.5039,1.0965,0.0389,0.2461,0.2491,1.0346
6.8204,0.5286,1.1705,0.1135,0.2609,0.2845,-0.5030,1.0994,0.0389,0.2461,0.2491,1.0340
6.8403,0.5290,1.1728,0.1101,0.2610,0.2832,-0.5020,1.1022,0.0422,0.2520,0.2555,1.0334
6.8407,0.5294,1.1752,0.1081,0.2611,0.2826,-0.5010,1.1051,0.0441,0.2549,0.2587,1.0328
6.8500,0.5297,1.1773,0.1067,0.2619,0.2828,-0.5002,1.1078,0.0461,0.2581,0.2622,1.0322
6.8504,0.5301,1.1796,0.1051,0.2619,0.2822,-0.4994,1.1107,0.0461,0.2581,0.2622,1.0318
6.8702,0.5305,1.1819,0.1036,0.2620,0.2817,-0.4986,1.1135,0.0496,0.2638,0.2685,1.0314
6.8706,0.5308,1.1842,0.1036,0.2620,0.2817,-0.4978,1.1164,0.0496,0.2638,0.2685,1.0308
6.8902,0.5312,1.1866,0.1007,0.2622,0.2809,-0.4968,1.1194,0.0529,0.2699,0.2750,1.0302
6.8908,0.5314,1.1890,0.1007,0.2622,0.2809,-0.4959,1.1221,0.0549,0.2730,0.2785,1.0295
6.9000,0.5317,1.1913,0.0971,0.2630,0.2803,-0.4948,1.1250,0.0570,0.2754,0.2812,1.0286
6.9003,0.5319,1.1936,0.0971,0.2630,0.2803,-0.4936,1.1278,0.0570,0.2754,0.2812,1.0277
6.9199,0.5322,1.1958,0.0936,0.2636,0.2797,-0.4924,1.1305,0.0615,0.2807,0.2874,1.0267
6.9201,0.5325,1.1980,0.0936,0.2636,0.2797,-0.4911,1.1333,0.0615,0.2807,0.2874,1.0256
6.9397,0.5329,1.2004,0.0905,0.2636,0.2787,-0.4897,1.1362,0.0666,0.2857,0.2933,1.0246
6.9399,0.5332,1.2026,0.0905,0.2636,0.2787,-0.4884,1.1390,0.0666,0.2857,0.2933,1.0236
6.9504,0.5335,1.2048,0.0873,0.2629,0.2771,-0.4872,1.1420,0.0719,0.2898,0.2986,1.0226
6.9507,0.5338,1.2071,0.0859,0.2630,0.2767,-0.4860,1.1449,0.0743,0.2926,0.3019,1.0217
6.9704,0.5342,1.2116,0.0824,0.2622,0.2749,-0.4852,1.1476,0.0766,0.2949,0.3046,1.0214
6.9707,0.5342,1.2116,0.0824,0.2622,0.2749,-0.4839,1.1507,0.0766,0.2949,0.3046,1.0200
6.9902,0.5345,1.2139,0.0808,0.2625,0.2747,-0.4827,1.1538,0.0811,0.2995,0.3102,1.0190
6.9904,0.5349,1.2163,0.0808,0.2625,0.2747,-0.4813,1.1569,0.0811,0.2995,0.3102,1.0179
7.0000,0.5352,1.2184,0.0778,0.2629,0.2742,-0.4800,1.1597,0.0870,0.3049,0.3170,1.0169
7.0002,0.5355,1.2207,0.0756,0.2627,0.2734,-0.4785,1.1629,0.0898,0.3068,0.3197,1.0156
7.0200,0.5357,1.2227,0.0734,0.2633,0.2733,-0.4773,1.1657,0.0927,0.3097,0.3233,1.0146
7.0203,0.5358,1.2248,0.0712,0.2635,0.2730,-0.4761,1.1686,0.0950,0.3120,0.3261,1.0135
7.0406,0.5360,1.2270,0.0684,0.2637,0.2724,-0.4748,1.1719,0.0974,0.3142,0.3289,1.0123
7.0409,0.5363,1.2291,0.0684,0.2637,0.2724,-0.4736,1.1750,0.0997,0.3170,0.3323,1.0113
7.0502,0.5366,1.2313,0.0638,0.2649,0.2725,-0.4723,1.1781,0.1015,0.3191,0.3348,1.0103
7.0505,0.5369,1.2336,0.0638,0.2649,0.2725,-0.4708,1.1815,0.1015,0.3191,0.3348,1.0091
7.0702,0.5373,1.2357,0.0607,0.2663,0.2731,-0.4694,1.1845,0.1060,0.3242,0.3411,1.0080
7.0705,0.5376,1.2381,0.0607,0.2663,0.2731,-0.4678,1.1878,0.1082,0.3258,0.3433,1.0066
7.0901,0.5378,1.2403,0.0576,0.2668,0.2730,-0.4662,1.1906,0.1106,0.3280,0.3461,1.0052
7.0904,0.5379,1.2428,0.0576,0.2668,0.2730,-0.4644,1.1935,0.1106,0.3280,0.3461,1.0036
7.0998,0.5381,1.2452,0.0555,0.2674,0.2731,-0.4625,1.1962,0.1156,0.3313,0.3508,1.0018
7.1001,0.5383,1.2476,0.0555,0.2674,0.2731,-0.4607,1.1988,0.1184,0.3325,0.3529,1.0002
7.1202,0.5384,1.2500,0.0536,0.2674,0.2728,-0.4588,1.2014,0.1208,0.3330,0.3542,0.9984
7.1207,0.5386,1.2524,0.0536,0.2674,0.2728,-0.4570,1.2042,0.1208,0.3330,0.3542,0.9967
7.1301,0.5388,1.2546,0.0519,0.2687,0.2737,-0.4554,1.2070,0.1264,0.3350,0.3581,0.9953
7.1304,0.5391,1.2569,0.0519,0.2687,0.2737,-0.4538,1.2101,0.1264,0.3350,0.3581,0.9940
7.1502,0.5394,1.2591,0.0500,0.2693,0.2739,-0.4525,1.2132,0.1306,0.3370,0.3615,0.9930
7.1505,0.5399,1.2613,0.0500,0.2693,0.2739,-0.4512,1.2164,0.1306,0.3370,0.3615,0.9921
7.1702,0.5404,1.2634,0.0482,0.2698,0.2741,-0.4499,1.2197,0.1339,0.3403,0.3657,0.9912
7.1705,0.5408,1.2656,0.0482,0.2698,0.2741,-0.4486,1.2228,0.1354,0.3422,0.3680,0.9903
7.1903,0.5413,1.2680,0.0468,0.2695,0.2736,-0.4470,1.2259,0.1367,0.3434,0.3696,0.9891
7.1906,0.5416,1.2702,0.0468,0.2695,0.2736,-0.4454,1.2289,0.1388,0.3451,0.3719,0.9879
7.2002,0.5418,1.2725,0.0448,0.2694,0.2731,-0.4437,1.2318,0.1404,0.3455,0.3730,0.9864
7.2005,0.5420,1.2746,0.0448,0.2694,0.2731,-0.4422,1.2346,0.1404,0.3455,0.3730,0.9850
7.2201,0.5422,1.2768,0.0429,0.2690,0.2724,-0.4406,1.2377,0.1447,0.3471,0.3760,0.9835
7.2204,0.5423,1.2792,0.0416,0.2684,0.2716,-0.4390,1.2409,0.1467,0.3477,0.3774,0.9820
7.2296,0.5425,1.2812,0.0407,0.2683,0.2714,-0.4377,1.2438,0.1488,0.3488,0.3793,0.9808
7.2299,0.5426,1.2835,0.0407,0.2683,0.2714,-0.4362,1.2470,0.1503,0.3493,0.3803,0.9795
7.2506,0.5428,1.2858,0.0391,0.2682,0.2711,-0.4348,1.2502,0.1518,0.3504,0.3819,0.9782
7.2509,0.5429,1.2882,0.0382,0.2686,0.2713,-0.4332,1.2535,0.1532,0.3513,0.3832,0.9767
7.2602,0.5430,1.2903,0.0375,0.2693,0.2719,-0.4319,1.2563,0.1547,0.3528,0.3852,0.9755
7.2699,0.5431,1.2930,0.0366,0.2697,0.2721,-0.4301,1.2595,0.1554,0.3530,0.3857,0.9738
7.2703,0.5432,1.2953,0.0355,0.2709,0.2732,-0.4287,1.2622,0.1568,0.3540,0.3872,0.9724
7.2903,0.5432,1.2978,0.0343,0.2713,0.2735,-0.4269,1.2653,0.1577,0.3538,0.3873,0.9707
7.2906,0.5432,1.2999,0.0343,0.2713,0.2735,-0.4254,1.2680,0.1577,0.3538,0.3873,0.9692
7.3102,0.5433,1.3020,0.0321,0.2725,0.2744,-0.4240,1.2709,0.1606,0.3544,0.3891,0.9677
7.3106,0.5433,1.3044,0.0311,0.2721,0.2739,-0.4222,1.2742,0.1616,0.3544,0.3895,0.9660
7.3200,0.5434,1.3065,0.0303,0.2725,0.2741,-0.4206,1.2772,0.1633,0.3553,0.3910,0.9644
7.3205,0.5435,1.3086,0.0296,0.2720,0.2736,-0.4188,1.2802,0.1648,0.3556,0.3919,0.9627
7.3404,0.5436,1.3107,0.0290,0.2716,0.2732,-0.4172,1.2832,0.1663,0.3559,0.3929,0.9612
7.3407,0.5437,1.3129,0.0290,0.2716,0.2732,-0.4156,1.2862,0.1663,0.3559,0.3929,0.9597
7.3599,0.5438,1.3148,0.0280,0.2712,0.2726,-0.4143,1.2890,0.1691,0.3568,0.3948,0.9584
7.3601,0.5439,1.3171,0.0280,0.2712,0.2726,-0.4127,1.2922,0.1702,0.3567,0.3952,0.9569
7.3701,0.5440,1.3192,0.0269,0.2703,0.2716,-0.4114,1.2950,0.1718,0.3573,0.3965,0.9556
7.3706,0.5440,1.3213,0.0269,0.2703,0.2716,-0.4099,1.2979,0.1728,0.3570,0.3967,0.9542
7.3902,0.5441,1.3237,0.0257,0.2693,0.2706,-0.4083,1.3008,0.1738,0.3569,0.3970,0.9526
7.3906,0.5441,1.3259,0.0257,0.2693,0.2706,-0.4067,1.3037,0.1738,0.3569,0.3970,0.9511
7.4106,0.5442,1.3278,0.0249,0.2691,0.2702,-0.4052,1.3064,0.1762,0.3574,0.3985,0.9496
7.4109,0.5443,1.3299,0.0249,0.2691,0.2702,-0.4035,1.3094,0.1762,0.3574,0.3985,0.9480
7.4201,0.5445,1.3339,0.0241,0.2682,0.2693,-0.4021,1.3122,0.1776,0.3577,0.3994,0.9469
7.4203,0.5445,1.3339,0.0241,0.2682,0.2693,-0.4007,1.3151,0.1779,0.3578,0.3996,0.9454
7.4403,0.5446,1.3358,0.0232,0.2670,0.2680,-0.3995,1.3179,0.1778,0.3578,0.3995,0.9442
7.4407,0.5446,1.3379,0.0232,0.2670,0.2680,-0.3982,1.3211,0.1778,0.3577,0.3995,0.9430
7.4601,0.5447,1.3398,0.0222,0.2662,0.2671,-0.3972,1.3237,0.1779,0.3581,0.3998,0.9420
7.4604,0.5447,1.3420,0.0218,0.2654,0.2662,-0.3959,1.3267,0.1777,0.3575,0.3992,0.9407
7.4702,0.5448,1.3441,0.0215,0.2657,0.2666,-0.3946,1.3297,0.1785,0.3582,0.4002,0.9396
7.4704,0.5449,1.3461,0.0215,0.2657,0.2666,-0.3935,1.3323,0.1785,0.3582,0.4002,0.9385
7.4905,0.5449,1.3481,0.0207,0.2644,0.2652,-0.3922,1.3351,0.1783,0.3569,0.3990,0.9373
7.4910,0.5450,1.3500,0.0201,0.2638,0.2645,-0.3912,1.3378,0.1781,0.3565,0.3985,0.9362
7.5102,0.5450,1.3521,0.0196,0.2632,0.2640,-0.3901,1.3406,0.1776,0.3561,0.3980,0.9351
7.5105,0.5450,1.3542,0.0196,0.2632,0.2640,-0.3890,1.3434,0.1769,0.3555,0.3971,0.9340
7.5201,0.5450,1.3564,0.0187,0.2629,0.2636,-0.3880,1.3463,0.1767,0.3555,0.3970,0.9330
7.5204,0.5450,1.3585,0.0187,0.2629,0.2636,-0.3871,1.3492,0.1767,0.3555,0.3970,0.9321
7.5401,0.5449,1.3607,0.0178,0.2631,0.2637,-0.3862,1.3520,0.1754,0.3546,0.3956,0.9312
7.5404,0.5449,1.3629,0.0174,0.2631,0.2637,-0.3854,1.3548,0.1748,0.3540,0.3948,0.9303
7.5499,0.5449,1.3650,0.0168,0.2633,0.2639,-0.3846,1.3576,0.1740,0.3534,0.3939,0.9295
7.5600,0.5449,1.3672,0.0160,0.2629,0.2634,-0.3836,1.3604,0.1726,0.3522,0.3922,0.9286
7.5603,0.5449,1.3693,0.0154,0.2631,0.2635,-0.3827,1.3630,0.1716,0.3517,0.3913,0.9276
7.5802,0.5449,1.3715,0.0148,0.2625,0.2629,-0.3817,1.3657,0.1702,0.3504,0.3896,0.9266
7.5805,0.5449,1.3737,0.0144,0.2625,0.2629,-0.3807,1.3682,0.1690,0.3501,0.3888,0.9257
7.6003,0.5450,1.3761,0.0140,0.2618,0.2622,-0.3797,1.3709,0.1674,0.3495,0.3875,0.9246
7.6006,0.5450,1.3781,0.0140,0.2618,0.2622,-0.3788,1.3733,0.1674,0.3495,0.3875,0.9238
7.6101,0.5450,1.3802,0.0134,0.2611,0.2614,-0.3780,1.3757,0.1638,0.3490,0.3855,0.9230
7.6103,0.5450,1.3825,0.0134,0.2611,0.2614,-0.3771,1.3783,0.1638,0.3490,0.3855,0.9221
7.6301,0.5450,1.3847,0.0127,0.2602,0.2606,-0.3765,1.3808,0.1596,0.3482,0.3830,0.9214
7.6304,0.5450,1.3870,0.0127,0.2602,0.2606,-0.3758,1.3834,0.1596,0.3482,0.3830,0.9207
7.6502,0.5449,1.3894,0.0117,0.2602,0.2604,-0.3751,1.3860,0.1561,0.3465,0.3800,0.9200
7.6505,0.5449,1.3919,0.0117,0.2602,0.2604,-0.3744,1.3886,0.1561,0.3465,0.3800,0.9194
7.6601,0.5449,1.3943,0.0101,0.2612,0.2614,-0.3737,1.3911,0.1536,0.3442,0.3769,0.9187
7.6604,0.5449,1.3966,0.0101,0.2612,0.2614,-0.3731,1.3935,0.1536,0.3442,0.3769,0.9180
7.6804,0.5448,1.3986,0.0081,0.2621,0.2622,-0.3727,1.3956,0.1509,0.3414,0.3733,0.9175
7.6807,0.5448,1.4012,0.0081,0.2621,0.2622,-0.3720,1.3984,0.1509,0.3414,0.3733,0.9168
7.7003,0.5447,1.4034,0.0064,0.2620,0.2621,-0.3715,1.4008,0.1468,0.3390,0.3694,0.9162
7.7007,0.5447,1.4054,0.0064,0.2620,0.2621,-0.3711,1.4032,0.1468,0.3390,0.3694,0.9158
7.7103,0.5447,1.4074,0.0054,0.2615,0.2616,-0.3707,1.4056,0.1423,0.3372,0.3660,0.9153
7.7106,0.5447,1.4095,0.0054,0.2615,0.2616,-0.3702,1.4081,0.1423,0.3372,0.3660,0.9149
7.7303,0.5447,1.4115,0.0047,0.2606,0.2606,-0.3698,1.4104,0.1375,0.3344,0.3616,0.9145
7.7307,0.5447,1.4138,0.0047,0.2606,0.2606,-0.3693,1.4129,0.1375,0.3344,0.3616,0.9140
7.7504,0.5447,1.4182,0.0039,0.2606,0.2606,-0.3688,1.4152,0.1340,0.3318,0.3578,0.9135
7.7507,0.5447,1.4182,0.0039,0.2606,0.2606,-0.3683,1.4173,0.1320,0.3301,0.3555,0.9131
7.7599,0.5447,1.4205,0.0037,0.2600,0.2600,-0.3679,1.4197,0.1297,0.3276,0.3524,0.9126
7.7602,0.5448,1.4227,0.0035,0.2604,0.2604,-0.3675,1.4218,0.1280,0.3267,0.3509,0.9123
7.7805,0.5448,1.4251,0.0033,0.2594,0.2594,-0.3671,1.4243,0.1252,0.3247,0.3480,0.9119
7.7808,0.5449,1.4272,0.0033,0.2597,0.2597,-0.3668,1.4263,0.1232,0.3241,0.3467,0.9117
7.7999,0.5449,1.4295,0.0033,0.2588,0.2588,-0.3665,1.4287,0.1202,0.3220,0.3437,0.9114
7.8002,0.5449,1.4314,0.0033,0.2588,0.2588,-0.3662,1.4308,0.1179,0.3214,0.3423,0.9111
7.8102,0.5449,1.4335,0.0032,0.2588,0.2588,-0.3659,1.4329,0.1155,0.3198,0.3400,0.9108
7.8107,0.5449,1.4355,0.0031,0.2582,0.2582,-0.3656,1.4351,0.1126,0.3175,0.3369,0.9105
7.8301,0.5449,1.4376,0.0030,0.2580,0.2580,-0.3653,1.4372,0.1099,0.3158,0.3344,0.9102
7.8402,0.5449,1.4398,0.0028,0.2580,0.2580,-0.3650,1.4396,0.1071,0.3139,0.3317,0.9099
7.8407,0.5449,1.4417,0.0028,0.2580,0.2580,-0.3648,1.4416,0.1071,0.3139,0.3317,0.9097
7.8502,0.5449,1.4441,0.0023,0.2576,0.2576,-0.3645,1.4440,0.1017,0.3108,0.3270,0.9094
7.8506,0.5448,1.4462,0.0021,0.2585,0.2585,-0.3644,1.4462,0.0995,0.3099,0.3255,0.9092
7.8704,0.5447,1.4484,0.0018,0.2583,0.2583,-0.3643,1.4483,0.0966,0.3080,0.3228,0.9089
7.8707,0.5446,1.4504,0.0018,0.2583,0.2583,-0.3642,1.4503,0.0966,0.3080,0.3228,0.9088
7.8905,0.5444,1.4528,0.0011,0.2582,0.2582,-0.3641,1.4528,0.0914,0.3050,0.3184,0.9085
7.8909,0.5443,1.4548,0.0011,0.2582,0.2582,-0.3641,1.4549,0.0883,0.3040,0.3165,0.9083
7.9000,0.5441,1.4569,0.0002,0.2579,0.2579,-0.3640,1.4569,0.0852,0.3023,0.3141,0.9081
7.9005,0.5440,1.4590,-0.0001,0.2581,0.2581,-0.3639,1.4590,0.0824,0.3010,0.3121,0.9079
7.9202,0.5439,1.4610,-0.0006,0.2580,0.2581,-0.3638,1.4610,0.0793,0.2993,0.3096,0.9077
7.9208,0.5438,1.4631,-0.0006,0.2580,0.2581,-0.3637,1.4630,0.0766,0.2977,0.3074,0.9075
7.9401,0.5437,1.4651,-0.0014,0.2585,0.2585,-0.3636,1.4650,0.0741,0.2958,0.3050,0.9072
7.9404,0.5436,1.4672,-0.0018,0.2586,0.2586,-0.3635,1.4671,0.0741,0.2958,0.3050,0.9070
7.9499,0.5434,1.4691,-0.0022,0.2585,0.2585,-0.3634,1.4690,0.0694,0.2920,0.3001,0.9068
7.9501,0.5434,1.4710,-0.0022,0.2585,0.2585,-0.3633,1.4710,0.0694,0.2920,0.3001,0.9067
7.9703,0.5432,1.4732,-0.0028,0.2581,0.2581,-0.3632,1.4732,0.0651,0.2885,0.2958,0.9064
7.9707,0.5431,1.4752,-0.0028,0.2581,0.2581,-0.3631,1.4752,0.0651,0.2885,0.2958,0.9062
7.9902,0.5430,1.4769,-0.0036,0.2581,0.2581,-0.3630,1.4770,0.0609,0.2859,0.2923,0.9060
7.9905,0.5429,1.4789,-0.0039,0.2576,0.2576,-0.3628,1.4790,0.0585,0.2837,0.2897,0.9057
7.9999,0.5428,1.4809,-0.0042,0.2577,0.2577,-0.3627,1.4811,0.0566,0.2824,0.2880,0.9055
8.0001,0.5428,1.4827,-0.0042,0.2577,0.2577,-0.3626,1.4829,0.0548,0.2810,0.2862,0.9053
8.0202,0.5427,1.4845,-0.0045,0.2571,0.2572,-0.3625,1.4848,0.0528,0.2790,0.2840,0.9052
8.0207,0.5427,1.4862,-0.0045,0.2571,0.2572,-0.3624,1.4867,0.0528,0.2790,0.2840,0.9051
8.0399,0.5427,1.4881,-0.0045,0.2554,0.2555,-0.3624,1.4887,0.0492,0.2749,0.2793,0.9051
8.0402,0.5427,1.4898,-0.0045,0.2548,0.2548,-0.3623,1.4905,0.0476,0.2734,0.2775,0.9050
8.0504,0.5426,1.4918,-0.0046,0.2538,0.2538,-0.3623,1.4926,0.0460,0.2714,0.2753,0.9049
8.0509,0.5426,1.4936,-0.0046,0.2538,0.2538,-0.3623,1.4944,0.0460,0.2714,0.2753,0.9049
8.0701,0.5425,1.4957,-0.0047,0.2528,0.2528,-0.3622,1.4965,0.0427,0.2681,0.2714,0.9048
8.0703,0.5425,1.4975,-0.0048,0.2527,0.2527,-0.3622,1.4984,0.0409,0.2670,0.2701,0.9047
8.0900,0.5425,1.4995,-0.0049,0.2520,0.2521,-0.3621,1.5004,0.0390,0.2655,0.2683,0.9046
8.0903,0.5424,1.5013,-0.0049,0.2520,0.2521,-0.3621,1.5023,0.0390,0.2655,0.2683,0.9045
8.1000,0.5423,1.5031,-0.0051,0.2505,0.2506,-0.3621,1.5040,0.0352,0.2626,0.2650,0.9044
8.1002,0.5422,1.5049,-0.0051,0.2505,0.2506,-0.3620,1.5060,0.0336,0.2615,0.2636,0.9043
8.1205,0.5421,1.5066,-0.0055,0.2493,0.2494,-0.3620,1.5079,0.0320,0.2605,0.2625,0.9041
8.1209,0.5421,1.5081,-0.0056,0.2480,0.2481,-0.3620,1.5095,0.0320,0.2605,0.2625,0.9040
8.1401,0.5419,1.5100,-0.0058,0.2469,0.2469,-0.3620,1.5114,0.0289,0.2575,0.2591,0.9039
8.1404,0.5418,1.5117,-0.0058,0.2469,0.2469,-0.3620,1.5133,0.0289,0.2575,0.2591,0.9037
8.1498,0.5415,1.5135,-0.0064,0.2445,0.2446,-0.3620,1.5151,0.0262,0.2546,0.2560,0.9035
8.1502,0.5413,1.5153,-0.0064,0.2445,0.2446,-0.3619,1.5168,0.0262,0.2546,0.2560,0.9032
8.1704,0.5409,1.5174,-0.0072,0.2420,0.2421,-0.3619,1.5189,0.0236,0.2515,0.2526,0.9028
8.1707,0.5404,1.5192,-0.0079,0.2415,0.2416,-0.3619,1.5208,0.0224,0.2509,0.2519,0.9024
8.1902,0.5400,1.5210,-0.0088,0.2413,0.2414,-0.3620,1.5227,0.0215,0.2504,0.2513,0.9019
8.1905,0.5395,1.5228,-0.0088,0.2413,0.2414,-0.3620,1.5244,0.0215,0.2504,0.2513,0.9015
8.2002,0.5390,1.5246,-0.0104,0.2387,0.2389,-0.3620,1.5264,0.0191,0.2473,0.2480,0.9011
8.2006,0.5385,1.5264,-0.0113,0.2385,0.2388,-0.3621,1.5283,0.0191,0.2473,0.2480,0.9006
8.2203,0.5380,1.5282,-0.0124,0.2381,0.2384,-0.3622,1.5302,0.0171,0.2454,0.2460,0.9002
8.2206,0.5374,1.5301,-0.0134,0.2375,0.2379,-0.3624,1.5320,0.0159,0.2441,0.2446,0.8999
8.2299,0.5369,1.5317,-0.0145,0.2371,0.2375,-0.3626,1.5338,0.0147,0.2432,0.2437,0.8996
8.2302,0.5366,1.5332,-0.0145,0.2371,0.2375,-0.3628,1.5356,0.0147,0.2432,0.2437,0.8994
8.2503,0.5363,1.5346,-0.0163,0.2342,0.2348,-0.3630,1.5373,0.0119,0.2407,0.2410,0.8993
8.2506,0.5360,1.5359,-0.0163,0.2342,0.2348,-0.3632,1.5392,0.0107,0.2399,0.2402,0.8993
8.2702,0.5359,1.5373,-0.0174,0.2309,0.2315,-0.3635,1.5410,0.0093,0.2391,0.2393,0.8993
8.2705,0.5357,1.5386,-0.0174,0.2309,0.2315,-0.3637,1.5428,0.0093,0.2391,0.2393,0.8994
8.2800,0.5354,1.5401,-0.0183,0.2270,0.2278,-0.3640,1.5447,0.0067,0.2371,0.2372,0.8995
8.2804,0.5353,1.5412,-0.0188,0.2258,0.2266,-0.3642,1.5463,0.0055,0.2369,0.2370,0.8995
8.3004,0.5352,1.5425,-0.0192,0.2235,0.2243,-0.3645,1.5480,0.0045,0.2351,0.2351,0.8997
8.3008,0.5351,1.5436,-0.0192,0.2235,0.2243,-0.3648,1.5497,0.0034,0.2345,0.2345,0.8999
8.3203,0.5350,1.5447,-0.0196,0.2201,0.2210,-0.3651,1.5515,0.0022,0.2335,0.2335,0.9002
8.3207,0.5350,1.5457,-0.0196,0.2201,0.2210,-0.3655,1.5531,0.0010,0.2328,0.2328,0.9005
8.3298,0.5350,1.5465,-0.0198,0.2162,0.2171,-0.3658,1.5547,-0.0003,0.2320,0.2320,0.9008
8.3300,0.5349,1.5475,-0.0198,0.2162,0.2171,-0.3661,1.5563,-0.0003,0.2320,0.2320,0.9011
8.3502,0.5349,1.5485,-0.0199,0.2115,0.2125,-0.3664,1.5580,-0.0027,0.2295,0.2295,0.9013
8.3505,0.5348,1.5497,-0.0200,0.2089,0.2098,-0.3668,1.5598,-0.0027,0.2295,0.2295,0.9016
8.3703,0.5346,1.5509,-0.0201,0.2069,0.2079,-0.3671,1.5616,-0.0047,0.2272,0.2272,0.9018
8.3707,0.5342,1.5523,-0.0201,0.2069,0.2079,-0.3676,1.5634,-0.0047,0.2272,0.2272,0.9018
8.3803,0.5338,1.5537,-0.0207,0.2038,0.2049,-0.3680,1.5649,-0.0067,0.2260,0.2261,0.9018
8.3807,0.5332,1.5550,-0.0207,0.2038,0.2049,-0.3684,1.5667,-0.0067,0.2260,0.2261,0.9017
8.4002,0.5328,1.5563,-0.0220,0.2004,0.2016,-0.3689,1.5684,-0.0087,0.2237,0.2239,0.9017
8.4006,0.5323,1.5575,-0.0227,0.1988,0.2001,-0.3694,1.5700,-0.0098,0.2229,0.2232,0.9018
8.4203,0.5318,1.5589,-0.0234,0.1971,0.1985,-0.3700,1.5719,-0.0109,0.2221,0.2223,0.9019
8.4207,0.5313,1.5602,-0.0234,0.1971,0.1985,-0.3706,1.5734,-0.0124,0.2217,0.2220,0.9020
8.4299,0.5308,1.5614,-0.0250,0.1942,0.1958,-0.3712,1.5748,-0.0139,0.2207,0.2211,0.9021
8.4301,0.5302,1.5628,-0.0250,0.1942,0.1958,-0.3718,1.5762,-0.0139,0.2207,0.2211,0.9021
8.4502,0.5293,1.5646,-0.0267,0.1913,0.1932,-0.3726,1.5781,-0.0166,0.2183,0.2190,0.9020
8.4507,0.5286,1.5661,-0.0283,0.1910,0.1931,-0.3732,1.5798,-0.0183,0.2181,0.2189,0.9020
8.4703,0.5281,1.5675,-0.0294,0.1902,0.1924,-0.3739,1.5815,-0.0199,0.2175,0.2184,0.9021
8.4708,0.5276,1.5688,-0.0294,0.1902,0.1924,-0.3746,1.5831,-0.0199,0.2175,0.2184,0.9023
8.4799,0.5271,1.5701,-0.0310,0.1873,0.1898,-0.3753,1.5846,-0.0231,0.2157,0.2169,0.9025
8.4802,0.5267,1.5714,-0.0317,0.1863,0.1890,-0.3760,1.5863,-0.0246,0.2152,0.2166,0.9028
8.5000,0.5263,1.5727,-0.0324,0.1851,0.1879,-0.3767,1.5879,-0.0263,0.2146,0.2163,0.9031
8.5004,0.5259,1.5740,-0.0324,0.1851,0.1879,-0.3775,1.5895,-0.0263,0.2146,0.2163,0.9035
8.5200,0.5255,1.5753,-0.0337,0.1825,0.1856,-0.3782,1.5910,-0.0298,0.2131,0.2152,0.9039
8.5203,0.5251,1.5766,-0.0337,0.1825,0.1856,-0.3791,1.5926,-0.0315,0.2124,0.2148,0.9043
8.5304,0.5245,1.5781,-0.0352,0.1808,0.1842,-0.3799,1.5943,-0.0333,0.2119,0.2145,0.9046
8.5308,0.5242,1.5792,-0.0352,0.1808,0.1842,-0.3807,1.5957,-0.0333,0.2119,0.2145,0.9050
8.5501,0.5238,1.5803,-0.0370,0.1787,0.1825,-0.3815,1.5972,-0.0367,0.2103,0.2135,0.9054
8.5505,0.5235,1.5813,-0.0370,0.1787,0.1825,-0.3823,1.5987,-0.0383,0.2092,0.2127,0.9059
8.5603,0.5232,1.5821,-0.0383,0.1753,0.1794,-0.3830,1.6002,-0.0401,0.2086,0.2124,0.9064
8.5606,0.5230,1.5830,-0.0383,0.1753,0.1794,-0.3839,1.6017,-0.0401,0.2086,0.2124,0.9071
8.5800,0.5228,1.5841,-0.0390,0.1710,0.1754,-0.3847,1.6034,-0.0434,0.2067,0.2112,0.9077
8.5803,0.5226,1.5853,-0.0390,0.1710,0.1754,-0.3855,1.6049,-0.0451,0.2059,0.2108,0.9082
8.6000,0.5223,1.5865,-0.0397,0.1680,0.1726,-0.3862,1.6064,-0.0468,0.2054,0.2106,0.9087
8.6003,0.5219,1.5878,-0.0397,0.1680,0.1726,-0.3869,1.6077,-0.0468,0.2054,0.2106,0.9090
8.6102,0.5214,1.5893,-0.0406,0.1659,0.1708,-0.3878,1.6093,-0.0497,0.2035,0.2095,0.9094
8.6105,0.5208,1.5908,-0.0415,0.1656,0.1707,-0.3886,1.6108,-0.0515,0.2029,0.2094,0.9096
8.6301,0.5203,1.5920,-0.0425,0.1653,0.1707,-0.3892,1.6121,-0.0531,0.2026,0.2094,0.9097
8.6304,0.5198,1.5933,-0.0425,0.1653,0.1707,-0.3899,1.6137,-0.0531,0.2026,0.2094,0.9099
8.6503,0.5193,1.5944,-0.0440,0.1632,0.1691,-0.3906,1.6153,-0.0559,0.2009,0.2085,0.9102
8.6506,0.5189,1.5955,-0.0440,0.1632,0.1691,-0.3914,1.6169,-0.0559,0.2009,0.2085,0.9105
8.6602,0.5184,1.5966,-0.0448,0.1604,0.1665,-0.3922,1.6186,-0.0589,0.2000,0.2085,0.9109
8.6606,0.5180,1.5976,-0.0448,0.1604,0.1665,-0.3930,1.6202,-0.0606,0.1994,0.2084,0.9112
8.6801,0.5176,1.5986,-0.0449,0.1567,0.1630,-0.3937,1.6217,-0.0621,0.1987,0.2082,0.9116
8.6804,0.5171,1.5995,-0.0449,0.1567,0.1630,-0.3945,1.6231,-0.0621,0.1987,0.2082,0.9119
8.6901,0.5167,1.6005,-0.0447,0.1535,0.1599,-0.3951,1.6244,-0.0650,0.1973,0.2077,0.9121
8.6904,0.5159,1.6018,-0.0447,0.1535,0.1599,-0.3960,1.6261,-0.0650,0.1973,0.2077,0.9122
8.7105,0.5153,1.6029,-0.0451,0.1507,0.1573,-0.3967,1.6274,-0.0677,0.1955,0.2069,0.9123
8.7108,0.5146,1.6041,-0.0451,0.1507,0.1573,-0.3974,1.6288,-0.0677,0.1955,0.2069,0.9124
8.7306,0.5138,1.6053,-0.0456,0.1480,0.1549,-0.3982,1.6303,-0.0700,0.1935,0.2058,0.9124
8.7309,0.5129,1.6067,-0.0463,0.1472,0.1544,-0.3991,1.6318,-0.0712,0.1929,0.2057,0.9123
8.7403,0.5122,1.6078,-0.0473,0.1469,0.1543,-0.3998,1.6332,-0.0725,0.1924,0.2056,0.9124
8.7406,0.5114,1.6091,-0.0482,0.1465,0.1542,-0.4007,1.6348,-0.0736,0.1918,0.2055,0.9125
8.7604,0.5107,1.6101,-0.0493,0.1463,0.1544,-0.4016,1.6362,-0.0750,0.1911,0.2053,0.9126
8.7607,0.5098,1.6113,-0.0504,0.1457,0.1542,-0.4024,1.6377,-0.0762,0.1905,0.2052,0.9126
8.7801,0.5089,1.6124,-0.0518,0.1453,0.1543,-0.4033,1.6391,-0.0774,0.1897,0.2049,0.9125
8.7804,0.5078,1.6136,-0.0518,0.1453,0.1543,-0.4042,1.6405,-0.0774,0.1897,0.2049,0.9124
8.7901,0.5067,1.6148,-0.0550,0.1448,0.1549,-0.4052,1.6420,-0.0799,0.1886,0.2048,0.9123
8.7905,0.5056,1.6162,-0.0550,0.1448,0.1549,-0.4062,1.6434,-0.0799,0.1886,0.2048,0.9122
8.8100,0.5047,1.6175,-0.0589,0.1452,0.1567,-0.4071,1.6447,-0.0828,0.1875,0.2050,0.9122
8.8103,0.5037,1.6187,-0.0589,0.1452,0.1567,-0.4080,1.6460,-0.0839,0.1865,0.2045,0.9120
8.8301,0.5026,1.6200,-0.0627,0.1461,0.1590,-0.4089,1.6473,-0.0850,0.1857,0.2042,0.9119
8.8311,0.5016,1.6212,-0.0627,0.1461,0.1590,-0.4098,1.6485,-0.0850,0.1857,0.2042,0.9118
8.8504,0.5002,1.6227,-0.0667,0.1475,0.1619,-0.4109,1.6500,-0.0873,0.1843,0.2039,0.9115
8.8508,0.4989,1.6239,-0.0667,0.1475,0.1619,-0.4117,1.6513,-0.0889,0.1840,0.2043,0.9110
8.8603,0.4974,1.6253,-0.0717,0.1485,0.1649,-0.4127,1.6527,-0.0900,0.1830,0.2039,0.9105
8.8607,0.4961,1.6265,-0.0743,0.1488,0.1663,-0.4135,1.6538,-0.0911,0.1822,0.2037,0.9101
8.8806,0.4947,1.6279,-0.0762,0.1484,0.1668,-0.4145,1.6550,-0.0920,0.1810,0.2030,0.9096
8.8810,0.4932,1.6294,-0.0781,0.1484,0.1677,-0.4154,1.6563,-0.0930,0.1802,0.2028,0.9090
8.8902,0.4918,1.6308,-0.0801,0.1487,0.1689,-0.4163,1.6573,-0.0939,0.1791,0.2022,0.9084
8.8906,0.4901,1.6324,-0.0801,0.1487,0.1689,-0.4173,1.6585,-0.0939,0.1791,0.2022,0.9078
8.9101,0.4886,1.6338,-0.0844,0.1497,0.1719,-0.4182,1.6595,-0.0959,0.1769,0.2012,0.9072
8.9106,0.4872,1.6353,-0.0844,0.1497,0.1719,-0.4192,1.6605,-0.0964,0.1752,0.2000,0.9067
8.9300,0.4857,1.6368,-0.0882,0.1503,0.1742,-0.4202,1.6615,-0.0971,0.1742,0.1994,0.9063
8.9304,0.4843,1.6382,-0.0882,0.1503,0.1742,-0.4212,1.6627,-0.0980,0.1734,0.1992,0.9058
8.9501,0.4829,1.6397,-0.0918,0.1508,0.1766,-0.4223,1.6639,-0.0989,0.1729,0.1992,0.9056
8.9505,0.4817,1.6410,-0.0918,0.1508,0.1766,-0.4234,1.6649,-0.0989,0.1729,0.1992,0.9053
8.9604,0.4803,1.6425,-0.0939,0.1498,0.1768,-0.4244,1.6658,-0.1002,0.1702,0.1975,0.9050
8.9608,0.4788,1.6441,-0.0939,0.1498,0.1768,-0.4255,1.6669,-0.1002,0.1702,0.1975,0.9045
8.9799,0.4773,1.6457,-0.0976,0.1505,0.1794,-0.4265,1.6680,-0.1016,0.1677,0.1961,0.9040
8.9802,0.4758,1.6473,-0.0976,0.1505,0.1794,-0.4275,1.6689,-0.1016,0.1677,0.1961,0.9036
8.9900,0.4745,1.6487,-0.1017,0.1517,0.1827,-0.4284,1.6697,-0.1030,0.1652,0.1947,0.9031
8.9902,0.4730,1.6503,-0.1017,0.1517,0.1827,-0.4294,1.6706,-0.1030,0.1652,0.1947,0.9026
9.0105,0.4715,1.6517,-0.1059,0.1525,0.1857,-0.4304,1.6716,-0.1038,0.1623,0.1927,0.9021
9.0200,0.4697,1.6535,-0.1081,0.1530,0.1873,-0.4316,1.6727,-0.1044,0.1612,0.1921,0.9015
9.0203,0.4684,1.6549,-0.1081,0.1530,0.1873,-0.4325,1.6735,-0.1044,0.1612,0.1921,0.9010
9.0404,0.4666,1.6566,-0.1123,0.1536,0.1902,-0.4337,1.6745,-0.1050,0.1584,0.1901,0.9005
9.0409,0.4650,1.6582,-0.1123,0.1536,0.1902,-0.4348,1.6754,-0.1060,0.1577,0.1901,0.9000
9.0500,0.4633,1.6598,-0.1175,0.1559,0.1952,-0.4359,1.6762,-0.1067,0.1564,0.1894,0.8994
9.0503,0.4617,1.6614,-0.1175,0.1559,0.1952,-0.4370,1.6769,-0.1067,0.1564,0.1894,0.8988
9.0699,0.4599,1.6631,-0.1230,0.1586,0.2008,-0.4381,1.6778,-0.1079,0.1535,0.1876,0.8981
9.0701,0.4581,1.6648,-0.1230,0.1586,0.2008,-0.4393,1.6786,-0.1079,0.1535,0.1876,0.8975
9.0900,0.4563,1.6664,-0.1294,0.1613,0.2068,-0.4404,1.6795,-0.1092,0.1505,0.1859,0.8968
9.0903,0.4546,1.6680,-0.1294,0.1613,0.2068,-0.4416,1.6803,-0.1092,0.1505,0.1859,0.8963
9.1002,0.4530,1.6696,-0.1353,0.1630,0.2119,-0.4427,1.6811,-0.1108,0.1479,0.1848,0.8958
9.1006,0.4513,1.6711,-0.1353,0.1630,0.2119,-0.4440,1.6820,-0.1108,0.1479,0.1848,0.8953
9.1200,0.4494,1.6730,-0.1402,0.1636,0.2155,-0.4454,1.6830,-0.1124,0.1453,0.1838,0.8949
9.1203,0.4476,1.6747,-0.1402,0.1636,0.2155,-0.4467,1.6838,-0.1124,0.1453,0.1838,0.8943
9.1301,0.4459,1.6762,-0.1455,0.1654,0.2202,-0.4478,1.6845,-0.1150,0.1434,0.1838,0.8938
9.1303,0.4443,1.6779,-0.1476,0.1658,0.2220,-0.4491,1.6853,-0.1158,0.1416,0.1829,0.8934
9.1501,0.4427,1.6795,-0.1501,0.1670,0.2245,-0.4503,1.6859,-0.1169,0.1400,0.1824,0.8930
9.1600,0.4407,1.6815,-0.1523,0.1681,0.2269,-0.4518,1.6868,-0.1177,0.1381,0.1815,0.8925
9.1604,0.4389,1.6833,-0.1523,0.1681,0.2269,-0.4530,1.6875,-0.1192,0.1363,0.1811,0.8919
9.1701,0.4352,1.6868,-0.1582,0.1714,0.2333,-0.4542,1.6881,-0.1201,0.1346,0.1804,0.8894
9.1702,0.4352,1.6868,-0.1582,0.1714,0.2333,-0.4554,1.6888,-0.1210,0.1329,0.1797,0.8907
9.1902,0.4337,1.6884,-0.1638,0.1745,0.2393,-0.4563,1.6893,-0.1219,0.1313,0.1792,0.8900
9.1905,0.4318,1.6902,-0.1659,0.1757,0.2417,-0.4575,1.6899,-0.1224,0.1297,0.1784,0.8893
9.2102,0.4301,1.6919,-0.1682,0.1769,0.2441,-0.4586,1.6905,-0.1231,0.1277,0.1774,0.8887
9.2105,0.4286,1.6935,-0.1682,0.1769,0.2441,-0.4596,1.6911,-0.1238,0.1263,0.1768,0.8882
9.2303,0.4268,1.6953,-0.1720,0.1790,0.2482,-0.4607,1.6916,-0.1243,0.1245,0.1760,0.8876
9.2306,0.4249,1.6971,-0.1720,0.1790,0.2482,-0.4620,1.6923,-0.1250,0.1228,0.1752,0.8869
9.2399,0.4230,1.6987,-0.1760,0.1808,0.2523,-0.4632,1.6929,-0.1258,0.1210,0.1746,0.8862
9.2406,0.4212,1.7005,-0.1760,0.1808,0.2523,-0.4645,1.6934,-0.1258,0.1210,0.1746,0.8857
9.2600,0.4195,1.7022,-0.1803,0.1829,0.2569,-0.4657,1.6940,-0.1275,0.1173,0.1733,0.8853
9.2604,0.4176,1.7040,-0.1803,0.1829,0.2569,-0.4670,1.6946,-0.1283,0.1155,0.1726,0.8847
9.2703,0.4159,1.7057,-0.1844,0.1855,0.2615,-0.4684,1.6951,-0.1292,0.1138,0.1722,0.8844
9.2706,0.4142,1.7074,-0.1844,0.1855,0.2615,-0.4699,1.6956,-0.1304,0.1120,0.1719,0.8841
9.2899,0.4123,1.7091,-0.1872,0.1876,0.2650,-0.4712,1.6961,-0.1313,0.1101,0.1713,0.8836
9.2904,0.4107,1.7107,-0.1872,0.1876,0.2650,-0.4725,1.6967,-0.1313,0.1101,0.1713,0.8833
9.3102,0.4089,1.7127,-0.1898,0.1891,0.2680,-0.4742,1.6973,-0.1326,0.1064,0.1701,0.8832
9.3105,0.4072,1.7145,-0.1898,0.1891,0.2680,-0.4756,1.6979,-0.1326,0.1064,0.1701,0.8830
9.3199,0.4055,1.7163,-0.1929,0.1916,0.2719,-0.4769,1.6985,-0.1353,0.1039,0.1705,0.8827
9.3204,0.4037,1.7183,-0.1941,0.1927,0.2735,-0.4783,1.6991,-0.1353,0.1039,0.1705,0.8822
9.3404,0.4001,1.7221,-0.1958,0.1942,0.2758,-0.4796,1.6996,-0.1371,0.1012,0.1704,0.8799
9.3407,0.4001,1.7221,-0.1958,0.1942,0.2758,-0.4812,1.7003,-0.1371,0.1012,0.1704,0.8816
9.3604,0.3982,1.7239,-0.1977,0.1963,0.2786,-0.4827,1.7009,-0.1390,0.0981,0.1701,0.8812
9.3611,0.3965,1.7258,-0.1977,0.1963,0.2786,-0.4844,1.7015,-0.1399,0.0965,0.1700,0.8812
9.3700,0.3950,1.7275,-0.1992,0.1986,0.2813,-0.4856,1.7020,-0.1416,0.0953,0.1707,0.8811
9.3705,0.3932,1.7293,-0.1992,0.1986,0.2813,-0.4870,1.7024,-0.1424,0.0939,0.1705,0.8807
9.3902,0.3917,1.7310,-0.1999,0.1999,0.2827,-0.4883,1.7028,-0.1432,0.0922,0.1704,0.8804
9.3907,0.3901,1.7326,-0.2002,0.2003,0.2832,-0.4896,1.7033,-0.1441,0.0910,0.1704,0.8803
9.4100,0.3887,1.7342,-0.2000,0.2005,0.2832,-0.4909,1.7037,-0.1447,0.0896,0.1702,0.8801
9.4104,0.3869,1.7361,-0.2000,0.2005,0.2832,-0.4926,1.7044,-0.1454,0.0885,0.1702,0.8800
9.4197,0.3853,1.7380,-0.2007,0.2017,0.2845,-0.4942,1.7050,-0.1468,0.0878,0.1711,0.8802
9.4200,0.3840,1.7398,-0.2007,0.2017,0.2845,-0.4957,1.7055,-0.1468,0.0878,0.1711,0.8804
9.4400,0.3824,1.7417,-0.2006,0.2031,0.2855,-0.4973,1.7060,-0.1490,0.0857,0.1719,0.8804
9.4405,0.3807,1.7436,-0.2006,0.2031,0.2855,-0.4989,1.7065,-0.1500,0.0843,0.1720,0.8804
9.4603,0.3788,1.7456,-0.2020,0.2052,0.2879,-0.5005,1.7070,-0.1511,0.0833,0.1725,0.8801
9.4607,0.3772,1.7472,-0.2020,0.2052,0.2879,-0.5019,1.7075,-0.1522,0.0824,0.1731,0.8800
9.4706,0.3739,1.7509,-0.2033,0.2067,0.2899,-0.5034,1.7080,-0.1529,0.0811,0.1731,0.8784
9.4709,0.3739,1.7509,-0.2033,0.2067,0.2899,-0.5051,1.7085,-0.1538,0.0800,0.1734,0.8801
9.4904,0.3723,1.7528,-0.2038,0.2073,0.2907,-0.5068,1.7090,-0.1551,0.0791,0.1742,0.8802
9.4908,0.3706,1.7547,-0.2038,0.2073,0.2907,-0.5086,1.7097,-0.1551,0.0791,0.1742,0.8804
9.5098,0.3693,1.7561,-0.2046,0.2089,0.2925,-0.5101,1.7102,-0.1583,0.0780,0.1765,0.8806
9.5101,0.3674,1.7582,-0.2046,0.2089,0.2925,-0.5124,1.7108,-0.1583,0.0780,0.1765,0.8811
9.5203,0.3660,1.7597,-0.2045,0.2093,0.2926,-0.5142,1.7114,-0.1616,0.0762,0.1787,0.8815
9.5207,0.3647,1.7611,-0.2047,0.2097,0.2931,-0.5158,1.7118,-0.1634,0.0758,0.1801,0.8819
9.5400,0.3632,1.7628,-0.2038,0.2089,0.2919,-0.5176,1.7122,-0.1643,0.0745,0.1804,0.8823
9.5403,0.3617,1.7645,-0.2038,0.2089,0.2919,-0.5194,1.7126,-0.1643,0.0745,0.1804,0.8827
9.5601,0.3604,1.7660,-0.2031,0.2094,0.2917,-0.5211,1.7129,-0.1669,0.0728,0.1821,0.8831
9.5604,0.3588,1.7679,-0.2026,0.2092,0.2912,-0.5230,1.7132,-0.1682,0.0719,0.1829,0.8835
9.5700,0.3570,1.7698,-0.2022,0.2095,0.2912,-0.5252,1.7137,-0.1698,0.0709,0.1840,0.8840
9.5702,0.3555,1.7714,-0.2022,0.2095,0.2912,-0.5271,1.7141,-0.1717,0.0701,0.1855,0.8845
9.5905,0.3538,1.7731,-0.2016,0.2099,0.2910,-0.5293,1.7145,-0.1733,0.0691,0.1866,0.8850
9.5910,0.3524,1.7745,-0.2016,0.2101,0.2911,-0.5313,1.7150,-0.1754,0.0684,0.1882,0.8857
9.6102,0.3507,1.7763,-0.2011,0.2099,0.2907,-0.5337,1.7157,-0.1772,0.0678,0.1897,0.8865
9.6105,0.3493,1.7777,-0.2011,0.2099,0.2907,-0.5357,1.7163,-0.1793,0.0673,0.1915,0.8871
9.6199,0.3475,1.7794,-0.2002,0.2095,0.2898,-0.5380,1.7171,-0.1806,0.0666,0.1925,0.8877
9.6201,0.3458,1.7810,-0.2002,0.2095,0.2898,-0.5402,1.7178,-0.1806,0.0666,0.1925,0.8882
9.6400,0.3441,1.7827,-0.2003,0.2096,0.2899,-0.5423,1.7186,-0.1847,0.0665,0.1963,0.8887
9.6403,0.3424,1.7844,-0.2003,0.2096,0.2899,-0.5445,1.7194,-0.1847,0.0665,0.1963,0.8892
9.6600,0.3408,1.7858,-0.2007,0.2097,0.2903,-0.5467,1.7201,-0.1885,0.0670,0.2000,0.8899
9.6602,0.3391,1.7874,-0.2007,0.2097,0.2903,-0.5489,1.7209,-0.1885,0.0670,0.2000,0.8905
9.6703,0.3374,1.7889,-0.1996,0.2082,0.2884,-0.5512,1.7217,-0.1918,0.0668,0.2031,0.8911
9.6706,0.3354,1.7905,-0.1993,0.2076,0.2878,-0.5538,1.7228,-0.1940,0.0672,0.2053,0.8918
9.6902,0.3338,1.7918,-0.1997,0.2075,0.2880,-0.5558,1.7237,-0.1967,0.0681,0.2082,0.8923
9.6905,0.3320,1.7934,-0.1997,0.2075,0.2880,-0.5583,1.7247,-0.1967,0.0681,0.2082,0.8929
9.7001,0.3303,1.7948,-0.1997,0.2064,0.2872,-0.5605,1.7257,-0.2016,0.0696,0.2132,0.8935
9.7003,0.3285,1.7964,-0.1997,0.2064,0.2872,-0.5630,1.7267,-0.2016,0.0696,0.2132,0.8942
9.7201,0.3267,1.7979,-0.2002,0.2057,0.2871,-0.5653,1.7277,-0.2067,0.0714,0.2187,0.8947
9.7204,0.3248,1.7994,-0.2002,0.2057,0.2871,-0.5678,1.7288,-0.2067,0.0714,0.2187,0.8954
9.7403,0.3229,1.8009,-0.2003,0.2046,0.2863,-0.5702,1.7299,-0.2117,0.0731,0.2240,0.8960
9.7406,0.3212,1.8022,-0.2003,0.2046,0.2863,-0.5726,1.7310,-0.2117,0.0731,0.2240,0.8966
9.7503,0.3193,1.8037,-0.2001,0.2032,0.2852,-0.5750,1.7321,-0.2163,0.0752,0.2290,0.8972
9.7506,0.3175,1.8051,-0.2001,0.2032,0.2852,-0.5775,1.7333,-0.2187,0.0763,0.2316,0.8980
9.7700,0.3156,1.8066,-0.2000,0.2021,0.2844,-0.5802,1.7346,-0.2210,0.0775,0.2342,0.8987
9.7703,0.3140,1.8077,-0.2000,0.2021,0.2844,-0.5825,1.7357,-0.2210,0.0775,0.2342,0.8994
9.7901,0.3119,1.8091,-0.2004,0.2006,0.2836,-0.5853,1.7371,-0.2253,0.0803,0.2392,0.9001
9.7904,0.3101,1.8104,-0.2004,0.2006,0.2836,-0.5878,1.7383,-0.2253,0.0803,0.2392,0.9008
9.7998,0.3083,1.8115,-0.2013,0.1993,0.2832,-0.5904,1.7396,-0.2306,0.0833,0.2452,0.9016
9.8003,0.3065,1.8128,-0.2013,0.1993,0.2832,-0.5926,1.7406,-0.2306,0.0833,0.2452,0.9020
9.8204,0.3047,1.8140,-0.2014,0.1964,0.2813,-0.5950,1.7418,-0.2341,0.0854,0.2491,0.9026
9.8207,0.3027,1.8154,-0.2014,0.1964,0.2813,-0.5974,1.7430,-0.2362,0.0866,0.2516,0.9031
9.8402,0.3009,1.8167,-0.2019,0.1942,0.2801,-0.5996,1.7443,-0.2382,0.0878,0.2538,0.9034
9.8405,0.2988,1.8181,-0.2019,0.1942,0.2801,-0.6021,1.7454,-0.2402,0.0894,0.2563,0.9037
9.8501,0.2970,1.8192,-0.2026,0.1919,0.2791,-0.6043,1.7466,-0.2417,0.0903,0.2580,0.9042
9.8505,0.2949,1.8205,-0.2026,0.1919,0.2791,-0.6069,1.7480,-0.2417,0.0903,0.2580,0.9047
9.8703,0.2931,1.8218,-0.2032,0.1895,0.2778,-0.6093,1.7492,-0.2452,0.0930,0.2622,0.9054
9.8706,0.2913,1.8230,-0.2032,0.1895,0.2778,-0.6117,1.7506,-0.2452,0.0930,0.2622,0.9058
9.8901,0.2892,1.8244,-0.2039,0.1873,0.2769,-0.6143,1.7521,-0.2493,0.0964,0.2673,0.9064
9.8905,0.2873,1.8257,-0.2048,0.1869,0.2773,-0.6168,1.7535,-0.2521,0.0985,0.2706,0.9070
9.8999,0.2850,1.8270,-0.2057,0.1861,0.2774,-0.6194,1.7549,-0.2543,0.1004,0.2734,0.9073
9.9004,0.2832,1.8281,-0.2057,0.1861,0.2774,-0.6217,1.7562,-0.2543,0.1004,0.2734,0.9078
9.9205,0.2814,1.8292,-0.2073,0.1838,0.2770,-0.6242,1.7577,-0.2583,0.1036,0.2783,0.9084
9.9208,0.2795,1.8304,-0.2073,0.1838,0.2770,-0.6264,1.7590,-0.2600,0.1053,0.2805,0.9088
9.9398,0.2775,1.8318,-0.2089,0.1812,0.2765,-0.6290,1.7608,-0.2615,0.1070,0.2825,0.9093
9.9402,0.2758,1.8330,-0.2089,0.1812,0.2765,-0.6312,1.7622,-0.2634,0.1096,0.2853,0.9098
9.9496,0.2739,1.8343,-0.2097,0.1787,0.2755,-0.6337,1.7638,-0.2646,0.1113,0.2870,0.9103
9.9499,0.2720,1.8355,-0.2097,0.1787,0.2755,-0.6359,1.7652,-0.2646,0.1113,0.2870,0.9106
9.9704,0.2700,1.8368,-0.2104,0.1765,0.2746,-0.6383,1.7667,-0.2679,0.1155,0.2917,0.9110
9.9708,0.2700,1.8368,-0.2104,0.1765,0.2746,-0.6407,1.7683,-0.2697,0.1176,0.2942,0.9133
9.9798,0.2660,1.8396,-0.2120,0.1745,0.2746,-0.6429,1.7698,-0.2712,0.1197,0.2964,0.9116
9.9802,0.2640,1.8410,-0.2120,0.1745,0.2746,-0.6453,1.7715,-0.2723,0.1215,0.2981,0.9119
10.0002,0.2620,1.8423,-0.2134,0.1726,0.2744,-0.6475,1.7730,-0.2735,0.1237,0.3002,0.9121
10.0006,0.2602,1.8434,-0.2146,0.1724,0.2752,-0.6497,1.7745,-0.2748,0.1257,0.3022,0.9125
10.0204,0.2583,1.8446,-0.2145,0.1705,0.2740,-0.6521,1.7760,-0.2747,0.1273,0.3027,0.9129
10.0208,0.2562,1.8460,-0.2155,0.1698,0.2744,-0.6546,1.7777,-0.2747,0.1273,0.3027,0.9134
10.0308,0.2544,1.8472,-0.2170,0.1697,0.2755,-0.6569,1.7792,-0.2776,0.1319,0.3073,0.9138
10.0311,0.2525,1.8486,-0.2170,0.1697,0.2755,-0.6592,1.7809,-0.2776,0.1319,0.3073,0.9142
10.0501,0.2505,1.8500,-0.2186,0.1682,0.2758,-0.6616,1.7825,-0.2796,0.1366,0.3112,0.9146
10.0503,0.2488,1.8512,-0.2197,0.1678,0.2765,-0.6637,1.7840,-0.2809,0.1394,0.3136,0.9150
10.0699,0.2469,1.8525,-0.2199,0.1667,0.2759,-0.6661,1.7856,-0.2813,0.1416,0.3149,0.9155
10.0702,0.2450,1.8537,-0.2199,0.1667,0.2759,-0.6685,1.7873,-0.2813,0.1416,0.3149,0.9159
10.0900,0.2429,1.8549,-0.2211,0.1647,0.2756,-0.6711,1.7891,-0.2828,0.1465,0.3185,0.9164
10.0903,0.2411,1.8561,-0.2211,0.1647,0.2756,-0.6733,1.7906,-0.2836,0.1491,0.3204,0.9167
10.0999,0.2392,1.8573,-0.2226,0.1631,0.2760,-0.6756,1.7924,-0.2840,0.1513,0.3218,0.9171
10.1002,0.2374,1.8584,-0.2226,0.1631,0.2760,-0.6777,1.7938,-0.2840,0.1513,0.3218,0.9174
10.1201,0.2353,1.8599,-0.2236,0.1612,0.2757,-0.6803,1.7956,-0.2839,0.1550,0.3234,0.9178
10.1205,0.2333,1.8612,-0.2236,0.1612,0.2757,-0.6825,1.7972,-0.2839,0.1550,0.3234,0.9181
10.1300,0.2313,1.8624,-0.2249,0.1603,0.2762,-0.6849,1.7986,-0.2847,0.1588,0.3260,0.9184
10.1303,0.2292,1.8637,-0.2249,0.1603,0.2762,-0.6873,1.8003,-0.2847,0.1588,0.3260,0.9187
10.1501,0.2275,1.8647,-0.2263,0.1586,0.2764,-0.6892,1.8015,-0.2857,0.1618,0.3283,0.9189
10.1504,0.2255,1.8659,-0.2263,0.1586,0.2764,-0.6918,1.8034,-0.2857,0.1618,0.3283,0.9194
10.1700,0.2217,1.8683,-0.2274,0.1563,0.2759,-0.6938,1.8047,-0.2857,0.1649,0.3299,0.9177
10.1703,0.2217,1.8683,-0.2274,0.1563,0.2759,-0.6964,1.8064,-0.2852,0.1659,0.3300,0.9202
10.1801,0.2199,1.8694,-0.2274,0.1556,0.2756,-0.6988,1.8078,-0.2852,0.1672,0.3306,0.9207
10.1804,0.2178,1.8706,-0.2279,0.1553,0.2758,-0.7012,1.8095,-0.2859,0.1683,0.3317,0.9211
10.2001,0.2161,1.8717,-0.2283,0.1544,0.2756,-0.7035,1.8111,-0.2859,0.1695,0.3324,0.9216
10.2007,0.2142,1.8728,-0.2283,0.1544,0.2756,-0.7057,1.8127,-0.2859,0.1695,0.3324,0.9219
10.2201,0.2124,1.8739,-0.2285,0.1527,0.2748,-0.7079,1.8147,-0.2854,0.1720,0.3332,0.9222
10.2204,0.2105,1.8751,-0.2285,0.1527,0.2748,-0.7103,1.8161,-0.2854,0.1720,0.3332,0.9228
10.2301,0.2085,1.8764,-0.2285,0.1515,0.2741,-0.7131,1.8176,-0.2850,0.1745,0.3342,0.9235
10.2304,0.2067,1.8775,-0.2289,0.1511,0.2743,-0.7154,1.8191,-0.2858,0.1755,0.3354,0.9240
10.2505,0.2046,1.8789,-0.2289,0.1507,0.2741,-0.7180,1.8209,-0.2856,0.1761,0.3355,0.9244
10.2508,0.2027,1.8801,-0.2289,0.1507,0.2741,-0.7201,1.8223,-0.2859,0.1775,0.3365,0.9247
10.2703,0.2005,1.8816,-0.2296,0.1501,0.2744,-0.7227,1.8240,-0.2852,0.1780,0.3362,0.9250
10.2707,0.1987,1.8827,-0.2296,0.1501,0.2744,-0.7248,1.8255,-0.2852,0.1780,0.3362,0.9253
10.2903,0.1947,1.8849,-0.2309,0.1498,0.2752,-0.7273,1.8273,-0.2847,0.1796,0.3366,0.9238
10.2905,0.1947,1.8849,-0.2309,0.1498,0.2752,-0.7295,1.8288,-0.2839,0.1805,0.3365,0.9259
10.2999,0.1926,1.8861,-0.2308,0.1491,0.2747,-0.7320,1.8306,-0.2832,0.1809,0.3361,0.9263
10.3003,0.1907,1.8871,-0.2308,0.1491,0.2747,-0.7346,1.8323,-0.2833,0.1822,0.3368,0.9269
10.3202,0.1884,1.8884,-0.2316,0.1488,0.2753,-0.7374,1.8342,-0.2839,0.1833,0.3379,0.9274
10.3206,0.1866,1.8894,-0.2316,0.1488,0.2753,-0.7397,1.8359,-0.2839,0.1833,0.3379,0.9278
10.3300,0.1845,1.8905,-0.2323,0.1480,0.2755,-0.7421,1.8376,-0.2845,0.1857,0.3397,0.9282
10.3401,0.1823,1.8917,-0.2327,0.1476,0.2755,-0.7447,1.8395,-0.2849,0.1867,0.3406,0.9284
10.3405,0.1805,1.8927,-0.2327,0.1476,0.2755,-0.7468,1.8411,-0.2849,0.1867,0.3406,0.9288
10.3608,0.1765,1.8951,-0.2329,0.1471,0.2755,-0.7495,1.8430,-0.2850,0.1889,0.3420,0.9275
10.3613,0.1765,1.8951,-0.2329,0.1471,0.2755,-0.7516,1.8446,-0.2852,0.1901,0.3427,0.9294
10.3697,0.1744,1.8962,-0.2333,0.1466,0.2755,-0.7542,1.8465,-0.2845,0.1908,0.3425,0.9299
10.3700,0.1724,1.8973,-0.2337,0.1464,0.2758,-0.7565,1.8483,-0.2850,0.1918,0.3436,0.9302
10.3904,0.1707,1.8981,-0.2336,0.1457,0.2753,-0.7587,1.8499,-0.2844,0.1925,0.3434,0.9306
10.3907,0.1685,1.8991,-0.2336,0.1457,0.2753,-0.7613,1.8520,-0.2838,0.1929,0.3431,0.9310
10.4104,0.1663,1.9002,-0.2330,0.1441,0.2740,-0.7639,1.8539,-0.2838,0.1940,0.3438,0.9314
10.4107,0.1643,1.9011,-0.2330,0.1441,0.2740,-0.7664,1.8558,-0.2844,0.1954,0.3451,0.9318
10.4200,0.1624,1.9020,-0.2341,0.1437,0.2747,-0.7686,1.8575,-0.2844,0.1963,0.3455,0.9321
10.4204,0.1603,1.9030,-0.2341,0.1437,0.2747,-0.7711,1.8594,-0.2844,0.1963,0.3455,0.9324
10.4401,0.1585,1.9040,-0.2344,0.1425,0.2743,-0.7732,1.8611,-0.2841,0.1971,0.3458,0.9328
10.4405,0.1564,1.9050,-0.2344,0.1425,0.2743,-0.7756,1.8630,-0.2841,0.1979,0.3463,0.9330
10.4602,0.1542,1.9061,-0.2349,0.1415,0.2742,-0.7780,1.8649,-0.2839,0.1984,0.3463,0.9331
10.4606,0.1521,1.9071,-0.2356,0.1412,0.2747,-0.7803,1.8669,-0.2842,0.1994,0.3472,0.9333
10.4702,0.1500,1.9079,-0.2358,0.1405,0.2745,-0.7826,1.8687,-0.2841,0.2003,0.3476,0.9335
10.4706,0.1482,1.9086,-0.2359,0.1395,0.2741,-0.7846,1.8704,-0.2839,0.2008,0.3478,0.9336
10.4902,0.1460,1.9094,-0.2356,0.1381,0.2731,-0.7871,1.8727,-0.2834,0.2013,0.3477,0.9338
10.4906,0.1441,1.9101,-0.2360,0.1368,0.2728,-0.7894,1.8746,-0.2836,0.2023,0.3484,0.9341
10.5103,0.1419,1.9107,-0.2359,0.1355,0.2720,-0.7918,1.8766,-0.2837,0.2032,0.3489,0.9343
10.5106,0.1401,1.9112,-0.2365,0.1346,0.2721,-0.7940,1.8786,-0.2837,0.2032,0.3489,0.9347
10.5198,0.1381,1.9119,-0.2363,0.1332,0.2712,-0.7964,1.8807,-0.2838,0.2052,0.3502,0.9350
10.5200,0.1362,1.9125,-0.2363,0.1332,0.2712,-0.7984,1.8826,-0.2838,0.2052,0.3502,0.9351
10.5400,0.1346,1.9130,-0.2364,0.1306,0.2701,-0.8004,1.8844,-0.2831,0.2068,0.3506,0.9355
10.5403,0.1328,1.9134,-0.2364,0.1306,0.2701,-0.8026,1.8863,-0.2831,0.2068,0.3506,0.9358
10.5597,0.1309,1.9140,-0.2355,0.1270,0.2675,-0.8048,1.8883,-0.2821,0.2074,0.3501,0.9361
10.5600,0.1309,1.9140,-0.2355,0.1270,0.2675,-0.8070,1.8903,-0.2821,0.2074,0.3501,0.9382
10.5700,0.1274,1.9149,-0.2357,0.1241,0.2663,-0.8092,1.8921,-0.2819,0.2093,0.3510,0.9368
10.5703,0.1254,1.9154,-0.2357,0.1241,0.2663,-0.8116,1.8944,-0.2819,0.2093,0.3510,0.9372
10.5901,0.1237,1.9157,-0.2351,0.1209,0.2644,-0.8136,1.8963,-0.2810,0.2106,0.3512,0.9375
10.5904,0.1218,1.9161,-0.2351,0.1209,0.2644,-0.8159,1.8983,-0.2810,0.2106,0.3512,0.9379
10.6104,0.1200,1.9164,-0.2347,0.1176,0.2625,-0.8181,1.9003,-0.2806,0.2118,0.3516,0.9383
10.6109,0.1181,1.9168,-0.2347,0.1176,0.2625,-0.8205,1.9023,-0.2809,0.2130,0.3525,0.9386
10.6199,0.1162,1.9172,-0.2345,0.1138,0.2607,-0.8227,1.9043,-0.2804,0.2135,0.3524,0.9390
10.6202,0.1144,1.9176,-0.2345,0.1138,0.2607,-0.8248,1.9061,-0.2804,0.2135,0.3524,0.9393
10.6403,0.1125,1.9181,-0.2339,0.1104,0.2586,-0.8270,1.9080,-0.2799,0.2150,0.3529,0.9395
10.6407,0.1107,1.9186,-0.2333,0.1088,0.2575,-0.8290,1.9097,-0.2793,0.2155,0.3528,0.9398
10.6602,0.1084,1.9193,-0.2335,0.1079,0.2572,-0.8316,1.9119,-0.2796,0.2165,0.3536,0.9401
10.6605,0.1066,1.9198,-0.2335,0.1079,0.2572,-0.8338,1.9141,-0.2796,0.2165,0.3536,0.9405
10.6698,0.1047,1.9202,-0.2341,0.1056,0.2569,-0.8361,1.9161,-0.2801,0.2188,0.3554,0.9408
10.6701,0.1047,1.9202,-0.2341,0.1056,0.2569,-0.8383,1.9181,-0.2801,0.2188,0.3554,0.9430
10.6902,0.1008,1.9210,-0.2341,0.1023,0.2555,-0.8406,1.9200,-0.2791,0.2206,0.3558,0.9415
10.6905,0.0987,1.9214,-0.2341,0.1023,0.2555,-0.8430,1.9220,-0.2788,0.2212,0.3558,0.9417
10.7000,0.0967,1.9218,-0.2347,0.0994,0.2548,-0.8452,1.9240,-0.2789,0.2220,0.3565,0.9419
10.7003,0.0947,1.9222,-0.2347,0.0994,0.2548,-0.8474,1.9260,-0.2791,0.2225,0.3569,0.9420
10.7202,0.0927,1.9226,-0.2355,0.0966,0.2545,-0.8496,1.9279,-0.2789,0.2226,0.3569,0.9423
10.7205,0.0904,1.9232,-0.2355,0.0966,0.2545,-0.8521,1.9301,-0.2789,0.2226,0.3569,0.9425
10.7404,0.0884,1.9237,-0.2361,0.0935,0.2539,-0.8544,1.9321,-0.2779,0.2249,0.3575,0.9429
10.7407,0.0862,1.9242,-0.2367,0.0923,0.2540,-0.8569,1.9344,-0.2779,0.2249,0.3575,0.9432
10.7501,0.0843,1.9245,-0.2368,0.0905,0.2535,-0.8592,1.9363,-0.2779,0.2270,0.3589,0.9436
10.7600,0.0821,1.9250,-0.2368,0.0888,0.2529,-0.8617,1.9385,-0.2782,0.2280,0.3597,0.9439
10.7603,0.0804,1.9252,-0.2368,0.0888,0.2529,-0.8637,1.9400,-0.2782,0.2280,0.3597,0.9442
10.7802,0.0785,1.9253,-0.2366,0.0851,0.2514,-0.8659,1.9417,-0.2777,0.2290,0.3600,0.9445
10.7805,0.0764,1.9254,-0.2366,0.0851,0.2514,-0.8680,1.9434,-0.2772,0.2287,0.3594,0.9446
10.7900,0.0745,1.9254,-0.2366,0.0809,0.2501,-0.8700,1.9455,-0.2771,0.2294,0.3597,0.9447
10.7904,0.0723,1.9253,-0.2366,0.0809,0.2501,-0.8725,1.9477,-0.2759,0.2298,0.3591,0.9450
10.8101,0.0704,1.9252,-0.2368,0.0763,0.2488,-0.8747,1.9494,-0.2757,0.2308,0.3596,0.9453
10.8105,0.0685,1.9252,-0.2368,0.0763,0.2488,-0.8770,1.9512,-0.2746,0.2303,0.3584,0.9458
10.8301,0.0665,1.9250,-0.2363,0.0715,0.2469,-0.8793,1.9532,-0.2746,0.2307,0.3586,0.9462
10.8304,0.0644,1.9247,-0.2363,0.0715,0.2469,-0.8820,1.9555,-0.2744,0.2311,0.3587,0.9468
10.8499,0.0626,1.9246,-0.2359,0.0659,0.2449,-0.8841,1.9572,-0.2746,0.2319,0.3594,0.9472
10.8501,0.0605,1.9245,-0.2359,0.0659,0.2449,-0.8862,1.9589,-0.2746,0.2319,0.3594,0.9474
10.8604,0.0571,1.9244,-0.2351,0.0587,0.2423,-0.8876,1.9600,-0.2733,0.2318,0.3584,0.9454
10.8607,0.0571,1.9244,-0.2351,0.0587,0.2423,-0.8892,1.9612,-0.2721,0.2308,0.3569,0.9470
10.8802,0.0554,1.9244,-0.2347,0.0564,0.2414,-0.8904,1.9622,-0.2701,0.2294,0.3544,0.9465
10.8806,0.0536,1.9243,-0.2347,0.0564,0.2414,-0.8917,1.9633,-0.2678,0.2278,0.3516,0.9461
10.9002,0.0516,1.9241,-0.2341,0.0524,0.2399,-0.8935,1.9648,-0.2661,0.2268,0.3496,0.9459
10.9006,0.0497,1.9239,-0.2341,0.0524,0.2399,-0.8952,1.9663,-0.2642,0.2256,0.3474,0.9458
10.9101,0.0480,1.9237,-0.2332,0.0475,0.2380,-0.8968,1.9677,-0.2625,0.2248,0.3456,0.9458
10.9106,0.0462,1.9235,-0.2332,0.0475,0.2380,-0.8985,1.9692,-0.2625,0.2248,0.3456,0.9458
10.9301,0.0442,1.9232,-0.2324,0.0429,0.2363,-0.9005,1.9708,-0.2597,0.2234,0.3426,0.9459
10.9303,0.0425,1.9231,-0.2324,0.0429,0.2363,-0.9021,1.9722,-0.2597,0.2234,0.3426,0.9458
10.9397,0.0406,1.9231,-0.2321,0.0383,0.2352,-0.9038,1.9736,-0.2577,0.2222,0.3403,0.9457
10.9399,0.0383,1.9231,-0.2321,0.0383,0.2352,-0.9058,1.9752,-0.2577,0.2222,0.3403,0.9456
10.9600,0.0367,1.9231,-0.2317,0.0340,0.2342,-0.9075,1.9763,-0.2558,0.2206,0.3377,0.9457
10.9603,0.0346,1.9232,-0.2317,0.0340,0.2342,-0.9094,1.9778,-0.2544,0.2189,0.3356,0.9456
10.9803,0.0327,1.9232,-0.2308,0.0305,0.2328,-0.9111,1.9791,-0.2535,0.2182,0.3345,0.9455
10.9902,0.0305,1.9232,-0.2309,0.0291,0.2327,-0.9132,1.9808,-0.2530,0.2173,0.3335,0.9455
10.9904,0.0287,1.9232,-0.2309,0.0291,0.2327,-0.9149,1.9822,-0.2530,0.2173,0.3335,0.9455
10.9999,0.0267,1.9232,-0.2306,0.0264,0.2321,-0.9171,1.9839,-0.2511,0.2152,0.3307,0.9457
11.0002,0.0247,1.9232,-0.2306,0.0250,0.2319,-0.9189,1.9853,-0.2507,0.2145,0.3299,0.9456
11.0205,0.0227,1.9231,-0.2310,0.0239,0.2322,-0.9208,1.9868,-0.2498,0.2134,0.3286,0.9456
11.0208,0.0207,1.9231,-0.2308,0.0224,0.2319,-0.9227,1.9882,-0.2489,0.2123,0.3271,0.9457
11.0399,0.0184,1.9229,-0.2310,0.0211,0.2319,-0.9248,1.9897,-0.2486,0.2111,0.3261,0.9455
11.0402,0.0162,1.9229,-0.2310,0.0211,0.2319,-0.9265,1.9912,-0.2487,0.2108,0.3260,0.9451
11.0503,0.0142,1.9229,-0.2333,0.0189,0.2341,-0.9281,1.9925,-0.2478,0.2099,0.3248,0.9449
11.0506,0.0120,1.9228,-0.2333,0.0189,0.2341,-0.9302,1.9940,-0.2466,0.2085,0.3229,0.9449
11.0702,0.0099,1.9228,-0.2341,0.0166,0.2347,-0.9320,1.9954,-0.2463,0.2074,0.3220,0.9446
11.0705,0.0076,1.9228,-0.2351,0.0158,0.2356,-0.9340,1.9970,-0.2463,0.2074,0.3220,0.9445
11.0906,0.0057,1.9227,-0.2357,0.0148,0.2361,-0.9356,1.9984,-0.2448,0.2052,0.3194,0.9444
11.0909,0.0035,1.9226,-0.2359,0.0140,0.2363,-0.9376,2.0000,-0.2440,0.2041,0.3181,0.9443
11.1002,0.0015,1.9225,-0.2366,0.0131,0.2370,-0.9394,2.0015,-0.2434,0.2035,0.3172,0.9443
11.1005,-0.0007,1.9222,-0.2370,0.0122,0.2373,-0.9415,2.0031,-0.2426,0.2024,0.3160,0.9443
11.1201,-0.0029,1.9219,-0.2374,0.0109,0.2377,-0.9435,2.0047,-0.2421,0.2015,0.3150,0.9442
11.1205,-0.0050,1.9217,-0.2384,0.0095,0.2385,-0.9454,2.0062,-0.2417,0.2007,0.3142,0.9442
11.1401,-0.0072,1.9214,-0.2388,0.0081,0.2389,-0.9473,2.0079,-0.2412,0.2000,0.3133,0.9441
11.1404,-0.0092,1.9213,-0.2395,0.0066,0.2396,-0.9491,2.0093,-0.2407,0.1998,0.3128,0.9440
11.1501,-0.0114,1.9212,-0.2399,0.0053,0.2400,-0.9510,2.0109,-0.2402,0.1991,0.3120,0.9439
11.1504,-0.0132,1.9210,-0.2399,0.0053,0.2400,-0.9528,2.0122,-0.2402,0.1991,0.3120,0.9441
11.1699,-0.0153,1.9209,-0.2396,0.0024,0.2396,-0.9547,2.0138,-0.2380,0.1964,0.3085,0.9440
11.1702,-0.0171,1.9207,-0.2396,0.0024,0.2396,-0.9565,2.0151,-0.2372,0.1954,0.3073,0.9442
11.1799,-0.0190,1.9204,-0.2397,0.0002,0.2397,-0.9583,2.0166,-0.2364,0.1940,0.3058,0.9442
11.1802,-0.0210,1.9202,-0.2397,0.0002,0.2397,-0.9602,2.0181,-0.2364,0.1940,0.3058,0.9443
11.2006,-0.0230,1.9199,-0.2395,-0.0024,0.2395,-0.9619,2.0195,-0.2344,0.1921,0.3031,0.9442
11.2011,-0.0248,1.9197,-0.2395,-0.0024,0.2395,-0.9637,2.0207,-0.2334,0.1911,0.3017,0.9443
11.2201,-0.0268,1.9195,-0.2389,-0.0051,0.2389,-0.9656,2.0220,-0.2326,0.1895,0.3001,0.9444
11.2205,-0.0291,1.9193,-0.2389,-0.0051,0.2389,-0.9677,2.0234,-0.2326,0.1895,0.3001,0.9444
11.2298,-0.0311,1.9191,-0.2391,-0.0079,0.2392,-0.9695,2.0246,-0.2314,0.1866,0.2973,0.9443
11.2302,-0.0333,1.9189,-0.2391,-0.0079,0.2392,-0.9714,2.0259,-0.2314,0.1866,0.2973,0.9442
11.2502,-0.0353,1.9187,-0.2390,-0.0105,0.2392,-0.9732,2.0271,-0.2289,0.1831,0.2931,0.9442
11.2504,-0.0375,1.9184,-0.2390,-0.0105,0.2392,-0.9752,2.0283,-0.2289,0.1831,0.2931,0.9441
11.2701,-0.0395,1.9182,-0.2393,-0.0131,0.2396,-0.9771,2.0294,-0.2271,0.1797,0.2895,0.9442
11.2704,-0.0416,1.9179,-0.2393,-0.0131,0.2396,-0.9791,2.0306,-0.2271,0.1797,0.2895,0.9443
11.2801,-0.0438,1.9174,-0.2401,-0.0149,0.2406,-0.9812,2.0324,-0.2266,0.1779,0.2880,0.9444
11.2805,-0.0455,1.9170,-0.2401,-0.0149,0.2406,-0.9829,2.0336,-0.2266,0.1779,0.2880,0.9447
11.3004,-0.0475,1.9163,-0.2400,-0.0168,0.2406,-0.9851,2.0349,-0.2259,0.1761,0.2864,0.9451
11.3008,-0.0494,1.9157,-0.2396,-0.0179,0.2403,-0.9871,2.0360,-0.2254,0.1744,0.2850,0.9454
11.3201,-0.0516,1.9150,-0.2395,-0.0190,0.2402,-0.9894,2.0373,-0.2249,0.1731,0.2838,0.9458
11.3204,-0.0535,1.9143,-0.2395,-0.0190,0.2402,-0.9914,2.0384,-0.2249,0.1731,0.2838,0.9460
11.3302,-0.0556,1.9137,-0.2401,-0.0213,0.2410,-0.9936,2.0395,-0.2242,0.1705,0.2817,0.9463
11.3305,-0.0577,1.9131,-0.2400,-0.0221,0.2410,-0.9956,2.0407,-0.2232,0.1681,0.2794,0.9465
11.3501,-0.0598,1.9125,-0.2406,-0.0230,0.2417,-0.9974,2.0418,-0.2229,0.1670,0.2786,0.9465
11.3504,-0.0620,1.9119,-0.2406,-0.0230,0.2417,-0.9996,2.0431,-0.2229,0.1670,0.2786,0.9468
11.3705,-0.0642,1.9114,-0.2418,-0.0250,0.2431,-1.0018,2.0443,-0.2240,0.1661,0.2788,0.9470
11.3710,-0.0662,1.9110,-0.2418,-0.0250,0.2431,-1.0037,2.0453,-0.2252,0.1661,0.2799,0.9471
11.3801,-0.0681,1.9106,-0.2431,-0.0268,0.2445,-1.0056,2.0464,-0.2266,0.1662,0.2810,0.9473
11.3805,-0.0703,1.9102,-0.2431,-0.0268,0.2445,-1.0079,2.0476,-0.2266,0.1662,0.2810,0.9476
11.4008,-0.0723,1.9099,-0.2437,-0.0278,0.2453,-1.0097,2.0486,-0.2288,0.1656,0.2824,0.9477
11.4013,-0.0746,1.9093,-0.2437,-0.0278,0.2453,-1.0119,2.0497,-0.2288,0.1656,0.2824,0.9478
11.4202,-0.0765,1.9087,-0.2451,-0.0287,0.2467,-1.0139,2.0507,-0.2302,0.1640,0.2826,0.9482
11.4206,-0.0784,1.9079,-0.2451,-0.0287,0.2467,-1.0160,2.0518,-0.2302,0.1640,0.2826,0.9485
11.4302,-0.0803,1.9070,-0.2453,-0.0306,0.2472,-1.0178,2.0528,-0.2309,0.1619,0.2821,0.9488
11.4306,-0.0823,1.9060,-0.2453,-0.0306,0.2472,-1.0198,2.0540,-0.2309,0.1619,0.2821,0.9491
11.4501,-0.0843,1.9051,-0.2458,-0.0341,0.2481,-1.0217,2.0552,-0.2320,0.1607,0.2822,0.9494
11.4504,-0.0863,1.9043,-0.2458,-0.0341,0.2481,-1.0237,2.0564,-0.2320,0.1607,0.2822,0.9497
11.4602,-0.0882,1.9037,-0.2460,-0.0376,0.2489,-1.0256,2.0575,-0.2325,0.1602,0.2823,0.9498
11.4606,-0.0902,1.9032,-0.2456,-0.0390,0.2487,-1.0274,2.0586,-0.2325,0.1602,0.2823,0.9500
11.4800,-0.0922,1.9027,-0.2458,-0.0401,0.2490,-1.0294,2.0595,-0.2325,0.1590,0.2816,0.9502
11.4805,-0.0942,1.9022,-0.2455,-0.0411,0.2489,-1.0312,2.0603,-0.2323,0.1573,0.2805,0.9502
11.5003,-0.0962,1.9016,-0.2460,-0.0421,0.2495,-1.0330,2.0611,-0.2325,0.1562,0.2801,0.9503
11.5007,-0.0982,1.9009,-0.2457,-0.0433,0.2495,-1.0351,2.0618,-0.2319,0.1545,0.2786,0.9506
11.5099,-0.1001,1.9001,-0.2457,-0.0446,0.2497,-1.0369,2.0625,-0.2323,0.1530,0.2782,0.9508
11.5103,-0.1020,1.8994,-0.2457,-0.0446,0.2497,-1.0387,2.0631,-0.2323,0.1530,0.2782,0.9510
11.5301,-0.1038,1.8987,-0.2454,-0.0473,0.2499,-1.0405,2.0638,-0.2320,0.1499,0.2762,0.9512
11.5305,-0.1057,1.8979,-0.2454,-0.0473,0.2499,-1.0423,2.0644,-0.2320,0.1499,0.2762,0.9513
11.5503,-0.1077,1.8972,-0.2437,-0.0499,0.2487,-1.0444,2.0652,-0.2316,0.1464,0.2740,0.9516
11.5508,-0.1096,1.8965,-0.2437,-0.0499,0.2487,-1.0459,2.0660,-0.2326,0.1455,0.2743,0.9516
11.5601,-0.1112,1.8959,-0.2433,-0.0528,0.2489,-1.0476,2.0666,-0.2316,0.1439,0.2726,0.9518
11.5605,-0.1132,1.8951,-0.2433,-0.0528,0.2489,-1.0496,2.0674,-0.2316,0.1439,0.2726,0.9520
11.5802,-0.1151,1.8944,-0.2416,-0.0553,0.2479,-1.0514,2.0681,-0.2312,0.1408,0.2707,0.9522
11.5806,-0.1171,1.8936,-0.2416,-0.0553,0.2479,-1.0532,2.0686,-0.2312,0.1408,0.2707,0.9523
11.6001,-0.1191,1.8928,-0.2412,-0.0579,0.2480,-1.0550,2.0691,-0.2311,0.1372,0.2687,0.9523
11.6005,-0.1212,1.8918,-0.2412,-0.0579,0.2480,-1.0568,2.0697,-0.2311,0.1372,0.2687,0.9524
11.6204,-0.1233,1.8908,-0.2410,-0.0608,0.2486,-1.0586,2.0703,-0.2307,0.1332,0.2664,0.9524
11.6208,-0.1251,1.8899,-0.2410,-0.0608,0.2486,-1.0602,2.0708,-0.2307,0.1332,0.2664,0.9525
11.6304,-0.1289,1.8882,-0.2399,-0.0651,0.2486,-1.0621,2.0715,-0.2296,0.1293,0.2635,0.9510
11.6307,-0.1289,1.8882,-0.2399,-0.0651,0.2486,-1.0639,2.0722,-0.2296,0.1293,0.2635,0.9529
11.6504,-0.1311,1.8874,-0.2394,-0.0661,0.2484,-1.0660,2.0729,-0.2296,0.1257,0.2618,0.9531
11.6509,-0.1329,1.8867,-0.2394,-0.0661,0.2484,-1.0675,2.0734,-0.2296,0.1257,0.2618,0.9531
11.6605,-0.1348,1.8858,-0.2394,-0.0687,0.2491,-1.0695,2.0740,-0.2294,0.1224,0.2600,0.9534
11.6610,-0.1367,1.8849,-0.2391,-0.0701,0.2492,-1.0713,2.0744,-0.2296,0.1204,0.2593,0.9535
11.6805,-0.1409,1.8828,-0.2396,-0.0731,0.2505,-1.0733,2.0750,-0.2295,0.1186,0.2583,0.9521
11.6809,-0.1409,1.8828,-0.2396,-0.0731,0.2505,-1.0753,2.0755,-0.2300,0.1169,0.2580,0.9541
11.6904,-0.1430,1.8816,-0.2397,-0.0747,0.2510,-1.0774,2.0760,-0.2302,0.1148,0.2573,0.9544
11.6907,-0.1451,1.8805,-0.2400,-0.0765,0.2519,-1.0794,2.0765,-0.2309,0.1129,0.2570,0.9546
11.7104,-0.1468,1.8797,-0.2406,-0.0784,0.2530,-1.0812,2.0767,-0.2314,0.1115,0.2568,0.9549
11.7107,-0.1488,1.8788,-0.2406,-0.0784,0.2530,-1.0832,2.0769,-0.2310,0.1094,0.2556,0.9552
11.7303,-0.1506,1.8781,-0.2394,-0.0810,0.2527,-1.0851,2.0771,-0.2310,0.1071,0.2546,0.9555
11.7306,-0.1527,1.8774,-0.2389,-0.0820,0.2526,-1.0871,2.0771,-0.2312,0.1049,0.2539,0.9555
11.7507,-0.1546,1.8768,-0.2389,-0.0829,0.2529,-1.0889,2.0771,-0.2315,0.1024,0.2531,0.9555
11.7510,-0.1568,1.8760,-0.2387,-0.0837,0.2529,-1.0909,2.0770,-0.2315,0.1024,0.2531,0.9555
11.7598,-0.1588,1.8751,-0.2385,-0.0848,0.2531,-1.0927,2.0770,-0.2313,0.0974,0.2509,0.9555
11.7600,-0.1606,1.8742,-0.2385,-0.0848,0.2531,-1.0945,2.0769,-0.2313,0.0974,0.2509,0.9557
11.7802,-0.1625,1.8731,-0.2380,-0.0874,0.2535,-1.0966,2.0768,-0.2307,0.0925,0.2486,0.9560
11.7806,-0.1645,1.8722,-0.2380,-0.0874,0.2535,-1.0985,2.0766,-0.2307,0.0887,0.2471,0.9561
11.8003,-0.1666,1.8711,-0.2380,-0.0896,0.2543,-1.1007,2.0765,-0.2312,0.0861,0.2467,0.9564
11.8006,-0.1686,1.8702,-0.2380,-0.0896,0.2543,-1.1027,2.0764,-0.2312,0.0861,0.2467,0.9566
11.8103,-0.1707,1.8693,-0.2384,-0.0910,0.2552,-1.1047,2.0763,-0.2312,0.0810,0.2449,0.9567
11.8107,-0.1726,1.8686,-0.2383,-0.0913,0.2552,-1.1066,2.0762,-0.2306,0.0782,0.2435,0.9568
11.8302,-0.1747,1.8678,-0.2380,-0.0914,0.2550,-1.1088,2.0759,-0.2303,0.0756,0.2424,0.9570
11.8306,-0.1766,1.8670,-0.2380,-0.0914,0.2550,-1.1108,2.0757,-0.2304,0.0728,0.2417,0.9572
11.8505,-0.1784,1.8662,-0.2377,-0.0921,0.2549,-1.1126,2.0754,-0.2304,0.0698,0.2408,0.9574
11.8509,-0.1804,1.8652,-0.2372,-0.0926,0.2546,-1.1148,2.0750,-0.2304,0.0671,0.2400,0.9576
11.8600,-0.1822,1.8643,-0.2368,-0.0935,0.2546,-1.1166,2.0746,-0.2303,0.0638,0.2389,0.9578
11.8604,-0.1843,1.8632,-0.2368,-0.0935,0.2546,-1.1187,2.0741,-0.2296,0.0607,0.2374,0.9580
11.8801,-0.1862,1.8622,-0.2362,-0.0955,0.2548,-1.1209,2.0735,-0.2301,0.0575,0.2371,0.9583
11.8805,-0.1884,1.8609,-0.2362,-0.0955,0.2548,-1.1231,2.0727,-0.2305,0.0543,0.2368,0.9585
11.8900,-0.1902,1.8598,-0.2362,-0.0987,0.2560,-1.1250,2.0720,-0.2306,0.0504,0.2360,0.9586
11.8903,-0.1922,1.8587,-0.2362,-0.0987,0.2560,-1.1273,2.0712,-0.2305,0.0468,0.2353,0.9590
11.9104,-0.1962,1.8568,-0.2352,-0.1013,0.2561,-1.1294,2.0705,-0.2307,0.0430,0.2347,0.9574
11.9107,-0.1962,1.8568,-0.2352,-0.1013,0.2561,-1.1315,2.0698,-0.2308,0.0397,0.2342,0.9593
11.9305,-0.1983,1.8558,-0.2355,-0.1023,0.2567,-1.1337,2.0691,-0.2310,0.0360,0.2338,0.9595
11.9308,-0.2002,1.8549,-0.2355,-0.1023,0.2567,-1.1358,2.0685,-0.2319,0.0326,0.2342,0.9596
11.9400,-0.2024,1.8539,-0.2358,-0.1023,0.2570,-1.1379,2.0678,-0.2319,0.0290,0.2337,0.9597
11.9403,-0.2043,1.8530,-0.2358,-0.1023,0.2570,-1.1401,2.0671,-0.2323,0.0252,0.2336,0.9599
11.9605,-0.2064,1.8518,-0.2361,-0.1027,0.2574,-1.1422,2.0663,-0.2326,0.0213,0.2336,0.9601
11.9609,-0.2084,1.8505,-0.2363,-0.1039,0.2582,-1.1441,2.0657,-0.2334,0.0176,0.2340,0.9601
11.9806,-0.2104,1.8491,-0.2364,-0.1052,0.2588,-1.1465,2.0648,-0.2334,0.0142,0.2338,0.9606
11.9810,-0.2121,1.8480,-0.2364,-0.1052,0.2588,-1.1484,2.0641,-0.2342,0.0107,0.2344,0.9609
12.0001,-0.2142,1.8467,-0.2357,-0.1084,0.2594,-1.1505,2.0633,-0.2344,0.0076,0.2346,0.9611
12.0004,-0.2161,1.8457,-0.2357,-0.1084,0.2594,-1.1528,2.0625,-0.2344,0.0076,0.2346,0.9615
12.0100,-0.2182,1.8447,-0.2358,-0.1104,0.2604,-1.1550,2.0615,-0.2355,0.0013,0.2355,0.9616
12.0103,-0.2202,1.8437,-0.2358,-0.1104,0.2604,-1.1572,2.0607,-0.2355,0.0013,0.2355,0.9618
12.0302,-0.2219,1.8429,-0.2364,-0.1113,0.2613,-1.1593,2.0600,-0.2370,-0.0049,0.2370,0.9622
12.0304,-0.2240,1.8417,-0.2363,-0.1116,0.2613,-1.1617,2.0591,-0.2370,-0.0049,0.2370,0.9626
12.0403,-0.2260,1.8406,-0.2366,-0.1124,0.2620,-1.1641,2.0583,-0.2389,-0.0106,0.2391,0.9630
12.0407,-0.2278,1.8396,-0.2366,-0.1132,0.2623,-1.1661,2.0577,-0.2389,-0.0106,0.2391,0.9633
12.0601,-0.2299,1.8385,-0.2364,-0.1137,0.2623,-1.1684,2.0569,-0.2403,-0.0166,0.2409,0.9636
12.0606,-0.2319,1.8373,-0.2364,-0.1137,0.2623,-1.1707,2.0561,-0.2417,-0.0193,0.2424,0.9639
12.0703,-0.2339,1.8360,-0.2373,-0.1157,0.2641,-1.1729,2.0554,-0.2422,-0.0225,0.2432,0.9642
12.0707,-0.2362,1.8345,-0.2375,-0.1167,0.2647,-1.1753,2.0545,-0.2429,-0.0253,0.2442,0.9645
12.0906,-0.2382,1.8334,-0.2383,-0.1182,0.2660,-1.1776,2.0537,-0.2443,-0.0281,0.2459,0.9648
12.0909,-0.2399,1.8326,-0.2382,-0.1188,0.2662,-1.1795,2.0530,-0.2452,-0.0308,0.2471,0.9651
12.1103,-0.2422,1.8314,-0.2374,-0.1185,0.2654,-1.1822,2.0520,-0.2453,-0.0333,0.2475,0.9656
12.1108,-0.2440,1.8306,-0.2374,-0.1185,0.2654,-1.1843,2.0512,-0.2453,-0.0333,0.2475,0.9659
12.1300,-0.2460,1.8297,-0.2378,-0.1186,0.2657,-1.1866,2.0503,-0.2483,-0.0392,0.2514,0.9662
12.1303,-0.2479,1.8287,-0.2378,-0.1186,0.2657,-1.1889,2.0495,-0.2483,-0.0392,0.2514,0.9665
12.1398,-0.2498,1.8277,-0.2379,-0.1190,0.2660,-1.1910,2.0485,-0.2498,-0.0453,0.2539,0.9668
12.1401,-0.2517,1.8266,-0.2379,-0.1190,0.2660,-1.1931,2.0476,-0.2501,-0.0487,0.2548,0.9670
12.1601,-0.2538,1.8254,-0.2376,-0.1201,0.2662,-1.1954,2.0465,-0.2511,-0.0517,0.2564,0.9672
12.1605,-0.2556,1.8242,-0.2376,-0.1201,0.2662,-1.1977,2.0454,-0.2517,-0.0550,0.2577,0.9677
12.1701,-0.2576,1.8230,-0.2378,-0.1215,0.2670,-1.1999,2.0443,-0.2528,-0.0580,0.2593,0.9679
12.1704,-0.2597,1.8218,-0.2378,-0.1215,0.2670,-1.2026,2.0430,-0.2531,-0.0615,0.2605,0.9685
12.1901,-0.2615,1.8208,-0.2377,-0.1221,0.2672,-1.2048,2.0420,-0.2545,-0.0650,0.2626,0.9689
12.1903,-0.2636,1.8197,-0.2370,-0.1216,0.2664,-1.2073,2.0409,-0.2548,-0.0679,0.2637,0.9693
12.2102,-0.2656,1.8188,-0.2370,-0.1215,0.2664,-1.2098,2.0398,-0.2558,-0.0712,0.2655,0.9697
12.2105,-0.2674,1.8180,-0.2374,-0.1217,0.2668,-1.2119,2.0389,-0.2572,-0.0738,0.2676,0.9700
12.2303,-0.2697,1.8169,-0.2372,-0.1215,0.2665,-1.2143,2.0378,-0.2573,-0.0760,0.2683,0.9701
12.2307,-0.2717,1.8157,-0.2382,-0.1225,0.2678,-1.2165,2.0367,-0.2573,-0.0760,0.2683,0.9703
12.2402,-0.2736,1.8145,-0.2380,-0.1235,0.2681,-1.2187,2.0356,-0.2587,-0.0809,0.2710,0.9706
12.2405,-0.2756,1.8132,-0.2380,-0.1235,0.2681,-1.2210,2.0346,-0.2587,-0.0809,0.2710,0.9710
12.2603,-0.2776,1.8120,-0.2376,-0.1255,0.2687,-1.2234,2.0335,-0.2602,-0.0848,0.2737,0.9714
12.2606,-0.2795,1.8109,-0.2376,-0.1255,0.2687,-1.2257,2.0324,-0.2602,-0.0848,0.2737,0.9717
12.2802,-0.2817,1.8097,-0.2379,-0.1265,0.2695,-1.2283,2.0310,-0.2623,-0.0890,0.2770,0.9721
12.2805,-0.2837,1.8087,-0.2384,-0.1270,0.2701,-1.2306,2.0298,-0.2635,-0.0916,0.2789,0.9725
12.2901,-0.2854,1.8078,-0.2383,-0.1270,0.2700,-1.2329,2.0286,-0.2642,-0.0937,0.2804,0.9730
12.2904,-0.2873,1.8067,-0.2383,-0.1270,0.2700,-1.2355,2.0273,-0.2642,-0.0937,0.2804,0.9735
12.3102,-0.2894,1.8056,-0.2375,-0.1269,0.2693,-1.2380,2.0259,-0.2657,-0.0983,0.2834,0.9739
12.3105,-0.2911,1.8046,-0.2375,-0.1269,0.2693,-1.2401,2.0247,-0.2667,-0.1009,0.2851,0.9742
12.3306,-0.2932,1.8034,-0.2371,-0.1280,0.2694,-1.2426,2.0232,-0.2671,-0.1031,0.2863,0.9746
12.3311,-0.2951,1.8023,-0.2370,-0.1288,0.2697,-1.2448,2.0219,-0.2677,-0.1055,0.2877,0.9748
12.3402,-0.2971,1.8011,-0.2370,-0.1294,0.2701,-1.2469,2.0204,-0.2680,-0.1076,0.2888,0.9747
12.3406,-0.2993,1.7998,-0.2370,-0.1294,0.2701,-1.2494,2.0185,-0.2680,-0.1076,0.2888,0.9750
12.3602,-0.3011,1.7988,-0.2377,-0.1309,0.2714,-1.2514,2.0171,-0.2692,-0.1128,0.2919,0.9751
12.3605,-0.3032,1.7976,-0.2377,-0.1309,0.2714,-1.2538,2.0154,-0.2696,-0.1150,0.2931,0.9752
12.3702,-0.3051,1.7965,-0.2378,-0.1313,0.2716,-1.2561,2.0138,-0.2701,-0.1174,0.2945,0.9756
12.3705,-0.3071,1.7952,-0.2378,-0.1313,0.2716,-1.2587,2.0119,-0.2701,-0.1174,0.2945,0.9760
12.3905,-0.3108,1.7932,-0.2374,-0.1314,0.2714,-1.2609,2.0103,-0.2711,-0.1217,0.2972,0.9746
12.3906,-0.3108,1.7932,-0.2374,-0.1314,0.2714,-1.2634,2.0084,-0.2717,-0.1234,0.2984,0.9766
12.4103,-0.3127,1.7921,-0.2372,-0.1310,0.2710,-1.2657,2.0066,-0.2723,-0.1256,0.2998,0.9769
12.4106,-0.3147,1.7911,-0.2372,-0.1310,0.2710,-1.2680,2.0049,-0.2723,-0.1256,0.2998,0.9770
12.4200,-0.3167,1.7898,-0.2371,-0.1314,0.2711,-1.2704,2.0029,-0.2732,-0.1299,0.3025,0.9772
12.4205,-0.3187,1.7886,-0.2371,-0.1314,0.2711,-1.2728,2.0011,-0.2734,-0.1323,0.3037,0.9774
12.4402,-0.3205,1.7876,-0.2370,-0.1325,0.2716,-1.2749,1.9994,-0.2739,-0.1347,0.3053,0.9776
12.4405,-0.3226,1.7865,-0.2370,-0.1325,0.2716,-1.2773,1.9976,-0.2739,-0.1347,0.3053,0.9778
12.4604,-0.3246,1.7853,-0.2365,-0.1329,0.2713,-1.2797,1.9956,-0.2745,-0.1390,0.3077,0.9780
12.4607,-0.3263,1.7843,-0.2365,-0.1329,0.2713,-1.2821,1.9936,-0.2745,-0.1390,0.3077,0.9784
12.4805,-0.3285,1.7832,-0.2360,-0.1324,0.2706,-1.2844,1.9914,-0.2760,-0.1441,0.3113,0.9784
12.4809,-0.3301,1.7825,-0.2360,-0.1324,0.2706,-1.2863,1.9897,-0.2760,-0.1468,0.3126,0.9785
12.4899,-0.3322,1.7815,-0.2360,-0.1310,0.2700,-1.2887,1.9877,-0.2759,-0.1488,0.3135,0.9785
12.4903,-0.3341,1.7805,-0.2360,-0.1310,0.2700,-1.2908,1.9857,-0.2759,-0.1488,0.3135,0.9785
12.5098,-0.3360,1.7795,-0.2359,-0.1305,0.2696,-1.2930,1.9838,-0.2760,-0.1536,0.3159,0.9786
12.5103,-0.3380,1.7784,-0.2356,-0.1304,0.2692,-1.2951,1.9816,-0.2760,-0.1536,0.3159,0.9784
12.5201,-0.3397,1.7773,-0.2356,-0.1307,0.2694,-1.2971,1.9795,-0.2758,-0.1581,0.3179,0.9785
12.5205,-0.3418,1.7760,-0.2356,-0.1307,0.2694,-1.2995,1.9771,-0.2758,-0.1581,0.3179,0.9786
12.5405,-0.3435,1.7749,-0.2356,-0.1315,0.2698,-1.3016,1.9749,-0.2755,-0.1640,0.3207,0.9787
12.5409,-0.3455,1.7737,-0.2356,-0.1315,0.2698,-1.3039,1.9725,-0.2755,-0.1640,0.3207,0.9789
12.5604,-0.3473,1.7726,-0.2353,-0.1319,0.2698,-1.3061,1.9702,-0.2757,-0.1704,0.3241,0.9790
12.5608,-0.3494,1.7715,-0.2353,-0.1319,0.2698,-1.3083,1.9678,-0.2757,-0.1704,0.3241,0.9788
12.5702,-0.3514,1.7704,-0.2349,-0.1315,0.2692,-1.3104,1.9654,-0.2752,-0.1765,0.3270,0.9786
12.5706,-0.3532,1.7693,-0.2349,-0.1315,0.2692,-1.3123,1.9631,-0.2752,-0.1765,0.3270,0.9785
12.5903,-0.3550,1.7683,-0.2338,-0.1304,0.2678,-1.3142,1.9608,-0.2739,-0.1828,0.3293,0.9783
12.5906,-0.3570,1.7673,-0.2336,-0.1301,0.2674,-1.3161,1.9585,-0.2733,-0.1859,0.3306,0.9781
12.6103,-0.3590,1.7661,-0.2341,-0.1306,0.2681,-1.3182,1.9561,-0.2734,-0.1890,0.3323,0.9778
12.6106,-0.3609,1.7650,-0.2341,-0.1306,0.2681,-1.3201,1.9537,-0.2734,-0.1890,0.3323,0.9775
12.6200,-0.3631,1.7638,-0.2339,-0.1311,0.2681,-1.3223,1.9511,-0.2715,-0.1950,0.3342,0.9773
12.6203,-0.3649,1.7628,-0.2339,-0.1311,0.2681,-1.3241,1.9488,-0.2713,-0.1985,0.3362,0.9771
12.6403,-0.3670,1.7618,-0.2341,-0.1318,0.2687,-1.3261,1.9463,-0.2705,-0.2014,0.3373,0.9767
12.6408,-0.3689,1.7608,-0.2341,-0.1318,0.2687,-1.3282,1.9438,-0.2702,-0.2044,0.3388,0.9766
12.6606,-0.3710,1.7595,-0.2345,-0.1318,0.2689,-1.3304,1.9410,-0.2702,-0.2077,0.3408,0.9764
12.6610,-0.3729,1.7584,-0.2345,-0.1318,0.2689,-1.3326,1.9385,-0.2700,-0.2109,0.3426,0.9764
12.6704,-0.3746,1.7575,-0.2346,-0.1315,0.2690,-1.3345,1.9362,-0.2698,-0.2138,0.3443,0.9764
12.6709,-0.3768,1.7562,-0.2346,-0.1315,0.2690,-1.3368,1.9335,-0.2698,-0.2138,0.3443,0.9762
12.6901,-0.3786,1.7552,-0.2341,-0.1310,0.2683,-1.3388,1.9312,-0.2685,-0.2191,0.3466,0.9761
12.6904,-0.3808,1.7539,-0.2341,-0.1310,0.2683,-1.3410,1.9284,-0.2680,-0.2218,0.3479,0.9759
12.7003,-0.3827,1.7528,-0.2344,-0.1317,0.2689,-1.3429,1.9260,-0.2674,-0.2249,0.3494,0.9756
12.7006,-0.3848,1.7516,-0.2344,-0.1317,0.2689,-1.3451,1.9232,-0.2662,-0.2277,0.3503,0.9754
12.7203,-0.3867,1.7506,-0.2349,-0.1328,0.2699,-1.3471,1.9206,-0.2664,-0.2315,0.3529,0.9754
12.7210,-0.3886,1.7494,-0.2349,-0.1328,0.2699,-1.3491,1.9181,-0.2664,-0.2315,0.3529,0.9752
12.7404,-0.3906,1.7482,-0.2338,-0.1325,0.2687,-1.3513,1.9153,-0.2653,-0.2371,0.3559,0.9751
12.7408,-0.3926,1.7472,-0.2338,-0.1325,0.2687,-1.3534,1.9128,-0.2653,-0.2406,0.3581,0.9750
12.7506,-0.3947,1.7459,-0.2341,-0.1321,0.2688,-1.3555,1.9100,-0.2648,-0.2437,0.3599,0.9746
12.7511,-0.3966,1.7448,-0.2341,-0.1321,0.2688,-1.3575,1.9074,-0.2648,-0.2437,0.3599,0.9746
12.7703,-0.3985,1.7437,-0.2341,-0.1322,0.2688,-1.3597,1.9048,-0.2637,-0.2499,0.3633,0.9746
12.7706,-0.4005,1.7425,-0.2341,-0.1322,0.2688,-1.3617,1.9022,-0.2627,-0.2523,0.3643,0.9744
12.7902,-0.4026,1.7413,-0.2338,-0.1323,0.2686,-1.3639,1.8993,-0.2622,-0.2553,0.3659,0.9742
12.7904,-0.4043,1.7402,-0.2345,-0.1331,0.2696,-1.3659,1.8967,-0.2620,-0.2586,0.3681,0.9743
12.8102,-0.4061,1.7390,-0.2340,-0.1331,0.2692,-1.3679,1.8939,-0.2608,-0.2612,0.3691,0.9742
12.8106,-0.4079,1.7380,-0.2340,-0.1331,0.2692,-1.3700,1.8913,-0.2608,-0.2612,0.3691,0.9742
12.8203,-0.4099,1.7368,-0.2336,-0.1333,0.2689,-1.3723,1.8883,-0.2597,-0.2667,0.3722,0.9743
12.8206,-0.4120,1.7356,-0.2333,-0.1332,0.2687,-1.3745,1.8854,-0.2593,-0.2698,0.3742,0.9741
12.8403,-0.4138,1.7346,-0.2339,-0.1334,0.2692,-1.3765,1.8827,-0.2594,-0.2729,0.3765,0.9740
12.8406,-0.4158,1.7334,-0.2334,-0.1330,0.2686,-1.3786,1.8797,-0.2593,-0.2754,0.3783,0.9738
12.8502,-0.4177,1.7323,-0.2331,-0.1327,0.2683,-1.3804,1.8772,-0.2584,-0.2777,0.3793,0.9735
12.8505,-0.4197,1.7310,-0.2331,-0.1327,0.2683,-1.3826,1.8741,-0.2584,-0.2777,0.3793,0.9735
12.8703,-0.4215,1.7300,-0.2331,-0.1331,0.2684,-1.3846,1.8715,-0.2576,-0.2826,0.3824,0.9735
12.8706,-0.4235,1.7288,-0.2331,-0.1331,0.2684,-1.3867,1.8685,-0.2576,-0.2826,0.3824,0.9733
12.8900,-0.4252,1.7277,-0.2328,-0.1329,0.2681,-1.3887,1.8657,-0.2560,-0.2867,0.3844,0.9733
12.8903,-0.4271,1.7267,-0.2328,-0.1329,0.2681,-1.3908,1.8628,-0.2560,-0.2867,0.3844,0.9733
12.8997,-0.4291,1.7257,-0.2325,-0.1328,0.2678,-1.3929,1.8599,-0.2548,-0.2912,0.3870,0.9731
12.9000,-0.4306,1.7249,-0.2325,-0.1328,0.2678,-1.3948,1.8573,-0.2548,-0.2912,0.3870,0.9732
12.9205,-0.4327,1.7237,-0.2319,-0.1323,0.2670,-1.3972,1.8542,-0.2535,-0.2951,0.3890,0.9734
12.9208,-0.4342,1.7227,-0.2318,-0.1323,0.2669,-1.3990,1.8516,-0.2536,-0.2974,0.3909,0.9734
12.9402,-0.4360,1.7215,-0.2311,-0.1319,0.2661,-1.4012,1.8487,-0.2526,-0.2991,0.3915,0.9735
12.9405,-0.4379,1.7202,-0.2309,-0.1323,0.2662,-1.4033,1.8457,-0.2525,-0.3013,0.3931,0.9736
12.9501,-0.4395,1.7191,-0.2306,-0.1326,0.2660,-1.4054,1.8429,-0.2520,-0.3037,0.3947,0.9738
12.9504,-0.4413,1.7180,-0.2306,-0.1326,0.2660,-1.4076,1.8400,-0.2513,-0.3054,0.3955,0.9740
12.9703,-0.4432,1.7168,-0.2299,-0.1327,0.2654,-1.4097,1.8369,-0.2510,-0.3072,0.3967,0.9740
12.9707,-0.4448,1.7157,-0.2293,-0.1328,0.2650,-1.4117,1.8341,-0.2506,-0.3091,0.3979,0.9742
12.9902,-0.4466,1.7146,-0.2294,-0.1334,0.2654,-1.4139,1.8310,-0.2508,-0.3113,0.3997,0.9743
12.9906,-0.4482,1.7135,-0.2294,-0.1334,0.2654,-1.4159,1.8283,-0.2508,-0.3113,0.3997,0.9745
13.0004,-0.4498,1.7123,-0.2283,-0.1339,0.2647,-1.4179,1.8253,-0.2501,-0.3148,0.4020,0.9747
13.0008,-0.4515,1.7110,-0.2283,-0.1339,0.2647,-1.4203,1.8221,-0.2501,-0.3148,0.4020,0.9751
13.0202,-0.4531,1.7098,-0.2271,-0.1349,0.2641,-1.4222,1.8192,-0.2504,-0.3189,0.4055,0.9752
13.0205,-0.4549,1.7086,-0.2271,-0.1349,0.2641,-1.4242,1.8163,-0.2502,-0.3205,0.4066,0.9753
13.0402,-0.4565,1.7075,-0.2262,-0.1348,0.2633,-1.4262,1.8134,-0.2495,-0.3216,0.4070,0.9755
13.0408,-0.4582,1.7064,-0.2259,-0.1347,0.2630,-1.4283,1.8104,-0.2493,-0.3231,0.4081,0.9757
13.0501,-0.4599,1.7054,-0.2255,-0.1345,0.2626,-1.4302,1.8075,-0.2487,-0.3241,0.4086,0.9757
13.0506,-0.4615,1.7043,-0.2255,-0.1345,0.2626,-1.4322,1.8045,-0.2487,-0.3241,0.4086,0.9759
13.0703,-0.4632,1.7032,-0.2243,-0.1344,0.2614,-1.4343,1.8016,-0.2479,-0.3267,0.4101,0.9760
13.0708,-0.4649,1.7022,-0.2243,-0.1344,0.2614,-1.4361,1.7988,-0.2479,-0.3277,0.4109,0.9759
13.0902,-0.4668,1.7010,-0.2235,-0.1342,0.2607,-1.4382,1.7957,-0.2477,-0.3286,0.4115,0.9760
13.0906,-0.4686,1.6998,-0.2235,-0.1342,0.2607,-1.4403,1.7929,-0.2480,-0.3301,0.4128,0.9761
13.0999,-0.4703,1.6986,-0.2232,-0.1350,0.2608,-1.4422,1.7898,-0.2482,-0.3313,0.4140,0.9761
13.1002,-0.4720,1.6974,-0.2232,-0.1350,0.2608,-1.4442,1.7869,-0.2482,-0.3313,0.4140,0.9762
13.1201,-0.4736,1.6964,-0.2222,-0.1352,0.2601,-1.4461,1.7839,-0.2482,-0.3336,0.4158,0.9764
13.1205,-0.4753,1.6952,-0.2210,-0.1349,0.2589,-1.4479,1.7809,-0.2476,-0.3344,0.4161,0.9764
13.1301,-0.4769,1.6942,-0.2207,-0.1352,0.2589,-1.4498,1.7781,-0.2476,-0.3358,0.4173,0.9765
13.1306,-0.4787,1.6929,-0.2207,-0.1352,0.2589,-1.4520,1.7748,-0.2474,-0.3366,0.4177,0.9768
13.1501,-0.4801,1.6919,-0.2195,-0.1356,0.2580,-1.4536,1.7722,-0.2476,-0.3378,0.4189,0.9769
13.1505,-0.4816,1.6907,-0.2181,-0.1352,0.2566,-1.4555,1.7693,-0.2465,-0.3377,0.4181,0.9771
13.1705,-0.4833,1.6894,-0.2174,-0.1354,0.2561,-1.4575,1.7664,-0.2459,-0.3384,0.4183,0.9772
13.1709,-0.4852,1.6881,-0.2175,-0.1362,0.2566,-1.4595,1.7634,-0.2460,-0.3397,0.4194,0.9773
13.1800,-0.4868,1.6869,-0.2168,-0.1363,0.2561,-1.4613,1.7608,-0.2454,-0.3400,0.4194,0.9773
13.1804,-0.4888,1.6856,-0.2168,-0.1363,0.2561,-1.4633,1.7577,-0.2450,-0.3408,0.4197,0.9772
13.2003,-0.4905,1.6845,-0.2160,-0.1367,0.2556,-1.4651,1.7550,-0.2446,-0.3415,0.4201,0.9772
13.2007,-0.4923,1.6834,-0.2160,-0.1367,0.2556,-1.4670,1.7521,-0.2446,-0.3415,0.4201,0.9771
13.2201,-0.4940,1.6823,-0.2149,-0.1365,0.2546,-1.4691,1.7491,-0.2439,-0.3423,0.4203,0.9773
13.2203,-0.4957,1.6813,-0.2149,-0.1365,0.2546,-1.4709,1.7463,-0.2439,-0.3423,0.4203,0.9774
13.2300,-0.4974,1.6803,-0.2141,-0.1362,0.2538,-1.4727,1.7433,-0.2435,-0.3437,0.4212,0.9773
13.2303,-0.4989,1.6793,-0.2141,-0.1362,0.2538,-1.4743,1.7405,-0.2435,-0.3437,0.4212,0.9774
13.2499,-0.5004,1.6784,-0.2126,-0.1357,0.2522,-1.4759,1.7378,-0.2419,-0.3446,0.4211,0.9773
13.2502,-0.5020,1.6773,-0.2126,-0.1357,0.2522,-1.4775,1.7349,-0.2419,-0.3446,0.4211,0.9772
13.2707,-0.5038,1.6760,-0.2109,-0.1351,0.2504,-1.4793,1.7318,-0.2399,-0.3451,0.4203,0.9771
13.2710,-0.5050,1.6749,-0.2105,-0.1354,0.2503,-1.4807,1.7292,-0.2392,-0.3461,0.4207,0.9772
13.2801,-0.5067,1.6734,-0.2090,-0.1352,0.2489,-1.4826,1.7259,-0.2380,-0.3459,0.4199,0.9773
13.2803,-0.5082,1.6722,-0.2090,-0.1352,0.2489,-1.4842,1.7230,-0.2380,-0.3459,0.4199,0.9773
13.3005,-0.5096,1.6710,-0.2077,-0.1360,0.2482,-1.4858,1.7200,-0.2364,-0.3473,0.4201,0.9774
13.3008,-0.5111,1.6697,-0.2077,-0.1360,0.2482,-1.4877,1.7171,-0.2364,-0.3473,0.4201,0.9777
13.3200,-0.5126,1.6683,-0.2064,-0.1366,0.2475,-1.4894,1.7142,-0.2354,-0.3485,0.4206,0.9779
13.3203,-0.5141,1.6670,-0.2064,-0.1366,0.2475,-1.4910,1.7114,-0.2354,-0.3485,0.4206,0.9779
13.3300,-0.5154,1.6659,-0.2041,-0.1372,0.2460,-1.4924,1.7090,-0.2330,-0.3480,0.4188,0.9780
13.3303,-0.5168,1.6647,-0.2041,-0.1372,0.2460,-1.4939,1.7063,-0.2319,-0.3473,0.4176,0.9780
13.3500,-0.5182,1.6634,-0.2019,-0.1374,0.2443,-1.4954,1.7036,-0.2307,-0.3469,0.4166,0.9781
13.3603,-0.5198,1.6618,-0.2009,-0.1379,0.2436,-1.4972,1.7007,-0.2301,-0.3470,0.4164,0.9781
13.3606,-0.5209,1.6608,-0.2009,-0.1379,0.2436,-1.4982,1.6983,-0.2301,-0.3470,0.4164,0.9780
13.3802,-0.5224,1.6593,-0.1989,-0.1384,0.2424,-1.4998,1.6954,-0.2272,-0.3463,0.4142,0.9780
13.3805,-0.5237,1.6580,-0.1989,-0.1384,0.2424,-1.5011,1.6927,-0.2272,-0.3463,0.4142,0.9780
13.3901,-0.5250,1.6567,-0.1969,-0.1394,0.2413,-1.5024,1.6900,-0.2248,-0.3460,0.4126,0.9780
13.3905,-0.5263,1.6553,-0.1969,-0.1394,0.2413,-1.5037,1.6873,-0.2232,-0.3457,0.4114,0.9780
13.4103,-0.5277,1.6539,-0.1944,-0.1407,0.2400,-1.5051,1.6846,-0.2217,-0.3452,0.4102,0.9779
13.4106,-0.5292,1.6524,-0.1941,-0.1419,0.2404,-1.5064,1.6821,-0.2207,-0.3453,0.4098,0.9777
13.4200,-0.5303,1.6511,-0.1930,-0.1425,0.2399,-1.5074,1.6797,-0.2183,-0.3442,0.4076,0.9775
13.4203,-0.5317,1.6495,-0.1930,-0.1425,0.2399,-1.5087,1.6770,-0.2183,-0.3442,0.4076,0.9774
13.4402,-0.5330,1.6480,-0.1914,-0.1440,0.2395,-1.5098,1.6747,-0.2150,-0.3434,0.4052,0.9771
13.4406,-0.5343,1.6465,-0.1914,-0.1440,0.2395,-1.5111,1.6722,-0.2150,-0.3434,0.4052,0.9772
13.4604,-0.5354,1.6450,-0.1896,-0.1452,0.2388,-1.5123,1.6699,-0.2114,-0.3413,0.4015,0.9772
13.4608,-0.5365,1.6435,-0.1896,-0.1452,0.2388,-1.5136,1.6675,-0.2094,-0.3401,0.3994,0.9773
13.4699,-0.5378,1.6419,-0.1868,-0.1465,0.2374,-1.5151,1.6649,-0.2077,-0.3388,0.3974,0.9776
13.4701,-0.5390,1.6404,-0.1868,-0.1465,0.2374,-1.5164,1.6625,-0.2077,-0.3388,0.3974,0.9777
13.4904,-0.5400,1.6390,-0.1848,-0.1483,0.2369,-1.5176,1.6603,-0.2050,-0.3370,0.3945,0.9778
13.4907,-0.5412,1.6376,-0.1848,-0.1483,0.2369,-1.5189,1.6582,-0.2050,-0.3370,0.3945,0.9779
13.5102,-0.5425,1.6358,-0.1827,-0.1495,0.2361,-1.5204,1.6558,-0.2018,-0.3343,0.3905,0.9781
13.5107,-0.5435,1.6344,-0.1819,-0.1503,0.2359,-1.5216,1.6540,-0.2002,-0.3326,0.3882,0.9783
13.5199,-0.5447,1.6327,-0.1807,-0.1508,0.2354,-1.5230,1.6517,-0.1987,-0.3305,0.3857,0.9786
13.5204,-0.5457,1.6312,-0.1807,-0.1508,0.2354,-1.5243,1.6498,-0.1987,-0.3305,0.3857,0.9788
13.5402,-0.5468,1.6296,-0.1785,-0.1526,0.2348,-1.5258,1.6476,-0.1962,-0.3272,0.3815,0.9792
13.5406,-0.5479,1.6280,-0.1785,-0.1526,0.2348,-1.5274,1.6455,-0.1951,-0.3256,0.3795,0.9796
13.5602,-0.5489,1.6265,-0.1761,-0.1549,0.2345,-1.5288,1.6436,-0.1943,-0.3240,0.3778,0.9800
13.5605,-0.5499,1.6249,-0.1761,-0.1549,0.2345,-1.5303,1.6416,-0.1943,-0.3240,0.3778,0.9806
13.5700,-0.5508,1.6233,-0.1733,-0.1567,0.2336,-1.5319,1.6397,-0.1920,-0.3199,0.3731,0.9812
13.5704,-0.5518,1.6217,-0.1717,-0.1579,0.2333,-1.5333,1.6378,-0.1920,-0.3199,0.3731,0.9817
13.5901,-0.5528,1.6200,-0.1699,-0.1585,0.2324,-1.5348,1.6358,-0.1902,-0.3159,0.3687,0.9821
13.5906,-0.5538,1.6184,-0.1685,-0.1595,0.2321,-1.5363,1.6339,-0.1902,-0.3159,0.3687,0.9826
13.6103,-0.5549,1.6167,-0.1670,-0.1604,0.2315,-1.5379,1.6320,-0.1882,-0.3118,0.3642,0.9832
13.6107,-0.5559,1.6149,-0.1670,-0.1604,0.2315,-1.5396,1.6299,-0.1882,-0.3118,0.3642,0.9838
13.6200,-0.5568,1.6132,-0.1645,-0.1630,0.2316,-1.5411,1.6281,-0.1870,-0.3079,0.3603,0.9844
13.6204,-0.5576,1.6115,-0.1645,-0.1630,0.2316,-1.5427,1.6263,-0.1870,-0.3079,0.3603,0.9852
13.6398,-0.5586,1.6096,-0.1615,-0.1654,0.2311,-1.5444,1.6244,-0.1859,-0.3034,0.3558,0.9860
13.6400,-0.5593,1.6081,-0.1597,-0.1666,0.2308,-1.5460,1.6227,-0.1849,-0.3009,0.3531,0.9867
13.6603,-0.5602,1.6064,-0.1585,-0.1676,0.2306,-1.5477,1.6208,-0.1846,-0.2990,0.3514,0.9876
13.6607,-0.5610,1.6050,-0.1585,-0.1676,0.2306,-1.5492,1.6192,-0.1843,-0.2971,0.3496,0.9883
13.6703,-0.5618,1.6036,-0.1553,-0.1689,0.2294,-1.5507,1.6175,-0.1834,-0.2945,0.3469,0.9890
13.6707,-0.5628,1.6020,-0.1553,-0.1689,0.2294,-1.5524,1.6159,-0.1834,-0.2945,0.3469,0.9897
13.6902,-0.5638,1.6004,-0.1520,-0.1698,0.2279,-1.5541,1.6144,-0.1822,-0.2898,0.3423,0.9903
13.6905,-0.5650,1.5988,-0.1520,-0.1698,0.2279,-1.5559,1.6129,-0.1815,-0.2866,0.3392,0.9910
13.7004,-0.5660,1.5972,-0.1489,-0.1714,0.2271,-1.5575,1.6115,-0.1815,-0.2842,0.3372,0.9916
13.7010,-0.5672,1.5955,-0.1489,-0.1714,0.2271,-1.5594,1.6099,-0.1815,-0.2842,0.3372,0.9923
13.7203,-0.5682,1.5940,-0.1464,-0.1737,0.2271,-1.5608,1.6085,-0.1806,-0.2784,0.3318,0.9928
13.7206,-0.5693,1.5923,-0.1464,-0.1737,0.2271,-1.5626,1.6069,-0.1798,-0.2755,0.3290,0.9934
13.7402,-0.5702,1.5909,-0.1438,-0.1759,0.2272,-1.5640,1.6054,-0.1798,-0.2727,0.3267,0.9939
13.7404,-0.5711,1.5894,-0.1427,-0.1769,0.2273,-1.5655,1.6040,-0.1798,-0.2727,0.3267,0.9946
13.7504,-0.5720,1.5879,-0.1414,-0.1779,0.2272,-1.5672,1.6025,-0.1792,-0.2676,0.3220,0.9954
13.7509,-0.5731,1.5861,-0.1414,-0.1779,0.2272,-1.5690,1.6009,-0.1795,-0.2648,0.3199,0.9960
13.7704,-0.5740,1.5847,-0.1386,-0.1796,0.2269,-1.5705,1.5996,-0.1795,-0.2618,0.3174,0.9966
13.7708,-0.5750,1.5831,-0.1379,-0.1804,0.2271,-1.5722,1.5982,-0.1795,-0.2591,0.3153,0.9973
13.7901,-0.5761,1.5813,-0.1366,-0.1807,0.2265,-1.5739,1.5967,-0.1792,-0.2554,0.3120,0.9979
13.7905,-0.5770,1.5797,-0.1366,-0.1807,0.2265,-1.5756,1.5955,-0.1792,-0.2554,0.3120,0.9987
13.8003,-0.5781,1.5778,-0.1348,-0.1825,0.2269,-1.5775,1.5939,-0.1795,-0.2492,0.3071,0.9995
13.8006,-0.5790,1.5760,-0.1348,-0.1825,0.2269,-1.5791,1.5925,-0.1795,-0.2492,0.3071,1.0003
13.8203,-0.5800,1.5742,-0.1328,-0.1845,0.2274,-1.5807,1.5912,-0.1795,-0.2434,0.3024,1.0009
13.8209,-0.5808,1.5726,-0.1328,-0.1845,0.2274,-1.5821,1.5901,-0.1794,-0.2403,0.2999,1.0015
13.8404,-0.5817,1.5708,-0.1308,-0.1866,0.2279,-1.5836,1.5889,-0.1794,-0.2377,0.2978,1.0021
13.8406,-0.5824,1.5692,-0.1297,-0.1878,0.2282,-1.5850,1.5878,-0.1794,-0.2347,0.2954,1.0028
13.8499,-0.5832,1.5675,-0.1285,-0.1884,0.2281,-1.5864,1.5865,-0.1791,-0.2317,0.2929,1.0034
13.8503,-0.5841,1.5659,-0.1285,-0.1884,0.2281,-1.5880,1.5851,-0.1791,-0.2317,0.2929,1.0041
13.8701,-0.5849,1.5644,-0.1264,-0.1897,0.2280,-1.5894,1.5837,-0.1796,-0.2265,0.2891,1.0047
13.8704,-0.5858,1.5626,-0.1264,-0.1897,0.2280,-1.5910,1.5823,-0.1796,-0.2265,0.2891,1.0054
13.8903,-0.5867,1.5609,-0.1242,-0.1909,0.2277,-1.5925,1.5808,-0.1798,-0.2209,0.2848,1.0060
13.8906,-0.5876,1.5591,-0.1242,-0.1909,0.2277,-1.5942,1.5793,-0.1798,-0.2209,0.2848,1.0069
13.9002,-0.5883,1.5575,-0.1226,-0.1924,0.2282,-1.5957,1.5781,-0.1810,-0.2159,0.2817,1.0076
13.9005,-0.5890,1.5560,-0.1226,-0.1924,0.2282,-1.5971,1.5770,-0.1810,-0.2159,0.2817,1.0083
13.9202,-0.5898,1.5542,-0.1197,-0.1928,0.2270,-1.5986,1.5757,-0.1814,-0.2103,0.2777,1.0091
13.9205,-0.5908,1.5521,-0.1197,-0.1928,0.2270,-1.6003,1.5743,-0.1814,-0.2103,0.2777,1.0098
13.9402,-0.5916,1.5504,-0.1182,-0.1947,0.2277,-1.6017,1.5731,-0.1833,-0.2054,0.2753,1.0104
13.9406,-0.5924,1.5486,-0.1182,-0.1947,0.2277,-1.6031,1.5720,-0.1833,-0.2054,0.2753,1.0110
13.9502,-0.5932,1.5466,-0.1162,-0.1957,0.2276,-1.6045,1.5708,-0.1840,-0.2004,0.2721,1.0116
13.9505,-0.5939,1.5448,-0.1162,-0.1957,0.2276,-1.6058,1.5696,-0.1840,-0.2004,0.2721,1.0122
13.9699,-0.5947,1.5428,-0.1147,-0.1975,0.2284,-1.6071,1.5684,-0.1844,-0.1959,0.2690,1.0127
13.9702,-0.5954,1.5409,-0.1147,-0.1975,0.2284,-1.6083,1.5673,-0.1844,-0.1959,0.2690,1.0133
13.9901,-0.5963,1.5387,-0.1128,-0.1990,0.2287,-1.6099,1.5659,-0.1838,-0.1903,0.2646,1.0140
13.9904,-0.5970,1.5369,-0.1128,-0.1990,0.2287,-1.6111,1.5647,-0.1838,-0.1903,0.2646,1.0145
14.0003,-0.5978,1.5349,-0.1117,-0.2013,0.2302,-1.6125,1.5635,-0.1846,-0.1869,0.2626,1.0151
14.0006,-0.5985,1.5332,-0.1106,-0.2018,0.2301,-1.6137,1.5624,-0.1842,-0.1845,0.2607,1.0157
14.0200,-0.5993,1.5313,-0.1100,-0.2023,0.2303,-1.6150,1.5612,-0.1843,-0.1831,0.2598,1.0162
14.0206,-0.5999,1.5295,-0.1100,-0.2023,0.2303,-1.6163,1.5602,-0.1839,-0.1810,0.2580,1.0168
14.0403,-0.6006,1.5276,-0.1084,-0.2034,0.2305,-1.6174,1.5590,-0.1838,-0.1793,0.2568,1.0173
14.0406,-0.6014,1.5256,-0.1076,-0.2039,0.2306,-1.6187,1.5576,-0.1832,-0.1773,0.2549,1.0178
14.0503,-0.6021,1.5236,-0.1069,-0.2047,0.2309,-1.6200,1.5564,-0.1827,-0.1757,0.2535,1.0185
14.0507,-0.6028,1.5217,-0.1069,-0.2047,0.2309,-1.6212,1.5552,-0.1827,-0.1757,0.2535,1.0189
14.0700,-0.6035,1.5199,-0.1058,-0.2063,0.2319,-1.6222,1.5541,-0.1817,-0.1728,0.2507,1.0193
14.0802,-0.6044,1.5175,-0.1053,-0.2068,0.2320,-1.6235,1.5526,-0.1806,-0.1713,0.2490,1.0197
14.0806,-0.6052,1.5155,-0.1053,-0.2068,0.2320,-1.6246,1.5515,-0.1803,-0.1704,0.2481,1.0201
14.1002,-0.6060,1.5133,-0.1047,-0.2090,0.2337,-1.6260,1.5500,-0.1796,-0.1687,0.2464,1.0207
14.1008,-0.6066,1.5116,-0.1047,-0.2090,0.2337,-1.6269,1.5491,-0.1794,-0.1678,0.2456,1.0210
14.1102,-0.6073,1.5094,-0.1034,-0.2102,0.2343,-1.6282,1.5478,-0.1780,-0.1658,0.2433,1.0216
14.1107,-0.6080,1.5072,-0.1034,-0.2102,0.2343,-1.6295,1.5465,-0.1780,-0.1658,0.2433,1.0222
14.1300,-0.6087,1.5052,-0.1024,-0.2119,0.2354,-1.6308,1.5452,-0.1767,-0.1632,0.2405,1.0228
14.1304,-0.6094,1.5031,-0.1024,-0.2119,0.2354,-1.6320,1.5439,-0.1761,-0.1622,0.2394,1.0235
14.1399,-0.6101,1.5010,-0.1016,-0.2131,0.2361,-1.6333,1.5426,-0.1752,-0.1610,0.2379,1.0240
14.1402,-0.6107,1.4990,-0.1016,-0.2131,0.2361,-1.6345,1.5413,-0.1752,-0.1610,0.2379,1.0247
14.1607,-0.6112,1.4971,-0.1010,-0.2149,0.2374,-1.6356,1.5401,-0.1737,-0.1589,0.2354,1.0253
14.1696,-0.6120,1.4948,-0.1005,-0.2158,0.2380,-1.6369,1.5386,-0.1728,-0.1581,0.2342,1.0259
14.1699,-0.6125,1.4928,-0.1005,-0.2158,0.2380,-1.6379,1.5374,-0.1728,-0.1581,0.2342,1.0264
14.1797,-0.6131,1.4907,-0.0996,-0.2184,0.2400,-1.6389,1.5362,-0.1711,-0.1569,0.2321,1.0268
14.1800,-0.6136,1.4886,-0.0996,-0.2184,0.2400,-1.6399,1.5349,-0.1711,-0.1569,0.2321,1.0273
14.1999,-0.6141,1.4866,-0.0974,-0.2203,0.2409,-1.6410,1.5337,-0.1682,-0.1560,0.2293,1.0279
14.2002,-0.6147,1.4844,-0.0974,-0.2203,0.2409,-1.6421,1.5322,-0.1682,-0.1560,0.2293,1.0285
14.2204,-0.6153,1.4823,-0.0949,-0.2221,0.2415,-1.6431,1.5307,-0.1654,-0.1553,0.2269,1.0290
14.2208,-0.6159,1.4801,-0.0942,-0.2234,0.2425,-1.6442,1.5291,-0.1645,-0.1557,0.2265,1.0294
14.2299,-0.6165,1.4782,-0.0932,-0.2244,0.2430,-1.6451,1.5277,-0.1632,-0.1557,0.2255,1.0299
14.2302,-0.6171,1.4759,-0.0932,-0.2244,0.2430,-1.6461,1.5261,-0.1632,-0.1557,0.2255,1.0302
14.2504,-0.6177,1.4739,-0.0921,-0.2270,0.2450,-1.6470,1.5246,-0.1613,-0.1558,0.2242,1.0305
14.2507,-0.6183,1.4718,-0.0921,-0.2270,0.2450,-1.6479,1.5233,-0.1613,-0.1558,0.2242,1.0308
14.2702,-0.6188,1.4697,-0.0905,-0.2287,0.2459,-1.6488,1.5218,-0.1577,-0.1553,0.2213,1.0313
14.2705,-0.6194,1.4675,-0.0897,-0.2300,0.2468,-1.6498,1.5201,-0.1566,-0.1556,0.2208,1.0317
14.2901,-0.6199,1.4655,-0.0888,-0.2312,0.2477,-1.6507,1.5187,-0.1552,-0.1562,0.2202,1.0322
14.2904,-0.6203,1.4637,-0.0888,-0.2312,0.2477,-1.6515,1.5175,-0.1536,-0.1560,0.2189,1.0326
14.3001,-0.6209,1.4612,-0.0866,-0.2321,0.2477,-1.6525,1.5158,-0.1519,-0.1560,0.2177,1.0331
14.3004,-0.6212,1.4593,-0.0866,-0.2321,0.2477,-1.6532,1.5145,-0.1500,-0.1563,0.2166,1.0334
14.3204,-0.6218,1.4568,-0.0845,-0.2335,0.2483,-1.6542,1.5127,-0.1482,-0.1561,0.2152,1.0339
14.3207,-0.6223,1.4545,-0.0845,-0.2335,0.2483,-1.6551,1.5111,-0.1482,-0.1561,0.2152,1.0344
14.3402,-0.6226,1.4523,-0.0829,-0.2361,0.2502,-1.6560,1.5096,-0.1460,-0.1580,0.2152,1.0349
14.3405,-0.6229,1.4505,-0.0829,-0.2361,0.2502,-1.6566,1.5083,-0.1447,-0.1587,0.2147,1.0353
14.3503,-0.6232,1.4482,-0.0809,-0.2373,0.2507,-1.6575,1.5064,-0.1431,-0.1590,0.2139,1.0360
14.3506,-0.6235,1.4459,-0.0799,-0.2386,0.2516,-1.6585,1.5045,-0.1422,-0.1600,0.2141,1.0366
14.3702,-0.6238,1.4438,-0.0788,-0.2400,0.2526,-1.6593,1.5029,-0.1410,-0.1611,0.2140,1.0372
14.3704,-0.6240,1.4418,-0.0788,-0.2400,0.2526,-1.6602,1.5012,-0.1410,-0.1611,0.2140,1.0378
14.3800,-0.6243,1.4395,-0.0765,-0.2416,0.2534,-1.6610,1.4994,-0.1383,-0.1621,0.2131,1.0385
14.3802,-0.6245,1.4371,-0.0765,-0.2416,0.2534,-1.6619,1.4976,-0.1370,-0.1628,0.2128,1.0391
14.4003,-0.6248,1.4350,-0.0739,-0.2440,0.2549,-1.6626,1.4961,-0.1352,-0.1634,0.2121,1.0396
14.4006,-0.6251,1.4324,-0.0739,-0.2440,0.2549,-1.6635,1.4943,-0.1352,-0.1634,0.2121,1.0402
14.4202,-0.6254,1.4303,-0.0721,-0.2471,0.2574,-1.6643,1.4927,-0.1328,-0.1654,0.2121,1.0407
14.4206,-0.6258,1.4280,-0.0721,-0.2471,0.2574,-1.6652,1.4911,-0.1312,-0.1660,0.2116,1.0413
14.4303,-0.6267,1.4234,-0.0693,-0.2493,0.2588,-1.6661,1.4893,-0.1297,-0.1664,0.2110,1.0415
14.4306,-0.6267,1.4234,-0.0693,-0.2493,0.2588,-1.6671,1.4875,-0.1287,-0.1677,0.2114,1.0424
14.4502,-0.6271,1.4212,-0.0686,-0.2504,0.2596,-1.6681,1.4856,-0.1280,-0.1691,0.2121,1.0431
14.4507,-0.6274,1.4190,-0.0686,-0.2504,0.2596,-1.6691,1.4839,-0.1272,-0.1703,0.2126,1.0437
14.4711,-0.6280,1.4146,-0.0670,-0.2516,0.2604,-1.6702,1.4821,-0.1267,-0.1714,0.2131,1.0443
14.4714,-0.6280,1.4146,-0.0670,-0.2516,0.2604,-1.6710,1.4804,-0.1263,-0.1726,0.2139,1.0451
14.4802,-0.6282,1.4126,-0.0653,-0.2527,0.2610,-1.6718,1.4789,-0.1253,-0.1738,0.2143,1.0456
14.4805,-0.6285,1.4104,-0.0653,-0.2527,0.2610,-1.6726,1.4771,-0.1253,-0.1738,0.2143,1.0463
14.5003,-0.6287,1.4081,-0.0630,-0.2531,0.2608,-1.6736,1.4753,-0.1230,-0.1753,0.2142,1.0470
14.5007,-0.6290,1.4057,-0.0630,-0.2531,0.2608,-1.6746,1.4733,-0.1222,-0.1764,0.2146,1.0478
14.5203,-0.6292,1.4033,-0.0610,-0.2551,0.2623,-1.6756,1.4715,-0.1218,-0.1783,0.2159,1.0486
14.5206,-0.6295,1.4011,-0.0599,-0.2559,0.2628,-1.6766,1.4694,-0.1211,-0.1795,0.2166,1.0494
14.5302,-0.6297,1.3988,-0.0591,-0.2569,0.2636,-1.6775,1.4675,-0.1206,-0.1815,0.2180,1.0501
14.5307,-0.6299,1.3964,-0.0591,-0.2569,0.2636,-1.6785,1.4652,-0.1206,-0.1815,0.2180,1.0508
14.5503,-0.6301,1.3945,-0.0571,-0.2583,0.2646,-1.6793,1.4635,-0.1196,-0.1848,0.2202,1.0514
14.5506,-0.6304,1.3921,-0.0571,-0.2583,0.2646,-1.6802,1.4613,-0.1196,-0.1848,0.2202,1.0520
14.5702,-0.6307,1.3900,-0.0553,-0.2592,0.2651,-1.6810,1.4593,-0.1180,-0.1879,0.2219,1.0526
14.5707,-0.6310,1.3878,-0.0553,-0.2592,0.2651,-1.6818,1.4573,-0.1176,-0.1894,0.2230,1.0531
14.5804,-0.6315,1.3832,-0.0531,-0.2593,0.2647,-1.6826,1.4552,-0.1166,-0.1906,0.2235,1.0536
14.5806,-0.6315,1.3832,-0.0531,-0.2593,0.2647,-1.6835,1.4530,-0.1160,-0.1926,0.2248,1.0543
14.5997,-0.6317,1.3808,-0.0510,-0.2601,0.2651,-1.6844,1.4508,-0.1151,-0.1940,0.2255,1.0550
14.6000,-0.6319,1.3786,-0.0510,-0.2601,0.2651,-1.6852,1.4485,-0.1150,-0.1965,0.2277,1.0556
14.6205,-0.6321,1.3762,-0.0494,-0.2616,0.2662,-1.6859,1.4462,-0.1140,-0.1985,0.2289,1.0561
14.6209,-0.6322,1.3740,-0.0483,-0.2621,0.2665,-1.6867,1.4442,-0.1130,-0.2007,0.2303,1.0568
14.6299,-0.6324,1.3718,-0.0471,-0.2624,0.2666,-1.6875,1.4419,-0.1119,-0.2021,0.2310,1.0574
14.6303,-0.6325,1.3696,-0.0471,-0.2624,0.2666,-1.6882,1.4398,-0.1119,-0.2021,0.2310,1.0580
14.6504,-0.6327,1.3671,-0.0448,-0.2627,0.2665,-1.6891,1.4373,-0.1098,-0.2056,0.2331,1.0587
14.6508,-0.6328,1.3650,-0.0448,-0.2627,0.2665,-1.6899,1.4351,-0.1098,-0.2056,0.2331,1.0594
14.6600,-0.6330,1.3625,-0.0431,-0.2643,0.2678,-1.6908,1.4325,-0.1085,-0.2100,0.2363,1.0601
14.6604,-0.6331,1.3603,-0.0431,-0.2643,0.2678,-1.6915,1.4302,-0.1085,-0.2100,0.2363,1.0607
14.6800,-0.6331,1.3580,-0.0410,-0.2652,0.2683,-1.6921,1.4278,-0.1071,-0.2145,0.2397,1.0613
14.6803,-0.6332,1.3558,-0.0410,-0.2652,0.2683,-1.6927,1.4255,-0.1071,-0.2145,0.2397,1.0618
14.6901,-0.6333,1.3535,-0.0391,-0.2656,0.2685,-1.6934,1.4230,-0.1055,-0.2188,0.2430,1.0623
14.6904,-0.6334,1.3512,-0.0391,-0.2656,0.2685,-1.6940,1.4207,-0.1055,-0.2188,0.2430,1.0628
14.7102,-0.6335,1.3492,-0.0375,-0.2664,0.2690,-1.6945,1.4185,-0.1038,-0.2231,0.2460,1.0633
14.7104,-0.6336,1.3469,-0.0375,-0.2664,0.2690,-1.6952,1.4160,-0.1038,-0.2231,0.2460,1.0638
14.7303,-0.6337,1.3446,-0.0354,-0.2665,0.2689,-1.6958,1.4135,-0.1020,-0.2262,0.2482,1.0643
14.7407,-0.6337,1.3421,-0.0344,-0.2671,0.2693,-1.6965,1.4107,-0.1012,-0.2283,0.2497,1.0650
14.7411,-0.6338,1.3401,-0.0333,-0.2676,0.2697,-1.6971,1.4083,-0.1008,-0.2309,0.2519,1.0655
14.7501,-0.6339,1.3377,-0.0321,-0.2675,0.2694,-1.6979,1.4054,-0.1002,-0.2326,0.2532,1.0662
14.7505,-0.6339,1.3356,-0.0321,-0.2675,0.2694,-1.6986,1.4027,-0.1001,-0.2358,0.2562,1.0667
14.7704,-0.6340,1.3335,-0.0302,-0.2683,0.2700,-1.6991,1.4001,-0.0995,-0.2382,0.2581,1.0672
14.7709,-0.6341,1.3311,-0.0302,-0.2683,0.2700,-1.6997,1.3972,-0.0995,-0.2382,0.2581,1.0677
14.7910,-0.6343,1.3267,-0.0284,-0.2687,0.2702,-1.7002,1.3946,-0.0980,-0.2430,0.2620,1.0680
14.7913,-0.6343,1.3267,-0.0284,-0.2687,0.2702,-1.7007,1.3918,-0.0975,-0.2457,0.2643,1.0683
14.8003,-0.6344,1.3247,-0.0270,-0.2690,0.2703,-1.7011,1.3893,-0.0965,-0.2479,0.2660,1.0687
14.8006,-0.6345,1.3225,-0.0270,-0.2690,0.2703,-1.7016,1.3867,-0.0958,-0.2504,0.2681,1.0690
14.8203,-0.6346,1.3178,-0.0253,-0.2686,0.2698,-1.7020,1.3840,-0.0947,-0.2521,0.2692,1.0695
14.8207,-0.6346,1.3178,-0.0253,-0.2686,0.2698,-1.7025,1.3810,-0.0947,-0.2521,0.2692,1.0698
14.8402,-0.6347,1.3156,-0.0239,-0.2691,0.2701,-1.7030,1.3782,-0.0931,-0.2573,0.2736,1.0702
14.8406,-0.6348,1.3133,-0.0239,-0.2691,0.2701,-1.7036,1.3754,-0.0931,-0.2573,0.2736,1.0706
14.8503,-0.6348,1.3110,-0.0231,-0.2699,0.2708,-1.7041,1.3726,-0.0921,-0.2620,0.2777,1.0710
14.8506,-0.6349,1.3090,-0.0231,-0.2699,0.2708,-1.7046,1.3701,-0.0921,-0.2620,0.2777,1.0714
14.8702,-0.6350,1.3066,-0.0222,-0.2696,0.2706,-1.7052,1.3669,-0.0905,-0.2657,0.2807,1.0719
14.8704,-0.6350,1.3045,-0.0222,-0.2696,0.2706,-1.7058,1.3641,-0.0905,-0.2657,0.2807,1.0724
14.8901,-0.6351,1.3021,-0.0215,-0.2700,0.2709,-1.7064,1.3610,-0.0895,-0.2706,0.2850,1.0729
14.8904,-0.6351,1.3000,-0.0215,-0.2700,0.2709,-1.7069,1.3582,-0.0891,-0.2733,0.2875,1.0733
14.9000,-0.6352,1.2977,-0.0208,-0.2698,0.2706,-1.7075,1.3550,-0.0886,-0.2758,0.2897,1.0738
14.9004,-0.6352,1.2959,-0.0208,-0.2698,0.2706,-1.7078,1.3524,-0.0886,-0.2758,0.2897,1.0740
14.9202,-0.6353,1.2936,-0.0196,-0.2689,0.2696,-1.7082,1.3492,-0.0871,-0.2807,0.2939,1.0744
14.9205,-0.6353,1.2914,-0.0196,-0.2689,0.2696,-1.7086,1.3463,-0.0871,-0.2807,0.2939,1.0747
14.9402,-0.6354,1.2890,-0.0182,-0.2687,0.2693,-1.7090,1.3432,-0.0849,-0.2859,0.2983,1.0749
14.9405,-0.6354,1.2867,-0.0182,-0.2687,0.2693,-1.7093,1.3402,-0.0849,-0.2859,0.2983,1.0752
14.9499,-0.6355,1.2845,-0.0167,-0.2689,0.2694,-1.7098,1.3375,-0.0824,-0.2908,0.3023,1.0756
14.9502,-0.6355,1.2822,-0.0167,-0.2689,0.2694,-1.7102,1.3345,-0.0824,-0.2908,0.3023,1.0760
14.9704,-0.6355,1.2800,-0.0154,-0.2689,0.2693,-1.7107,1.3315,-0.0801,-0.2953,0.3059,1.0765
14.9801,-0.6355,1.2777,-0.0149,-0.2691,0.2695,-1.7113,1.3282,-0.0795,-0.2979,0.3084,1.0770
14.9805,-0.6354,1.2755,-0.0149,-0.2691,0.2695,-1.7118,1.3255,-0.0795,-0.2979,0.3084,1.0775
14.9902,-0.6354,1.2732,-0.0139,-0.2697,0.2701,-1.7123,1.3222,-0.0784,-0.3032,0.3132,1.0780
14.9905,-0.6354,1.2711,-0.0139,-0.2697,0.2701,-1.7127,1.3195,-0.0784,-0.3032,0.3132,1.0784
15.0101,-0.6353,1.2688,-0.0129,-0.2692,0.2695,-1.7132,1.3165,-0.0763,-0.3076,0.3169,1.0790
15.0105,-0.6352,1.2669,-0.0129,-0.2692,0.2695,-1.7135,1.3137,-0.0763,-0.3076,0.3169,1.0793
15.0306,-0.6351,1.2625,-0.0115,-0.2684,0.2686,-1.7138,1.3106,-0.0739,-0.3114,0.3200,1.0798
15.0308,-0.6351,1.2625,-0.0115,-0.2684,0.2686,-1.7141,1.3075,-0.0727,-0.3139,0.3222,1.0799
15.0397,-0.6350,1.2605,-0.0102,-0.2679,0.2681,-1.7142,1.3048,-0.0711,-0.3154,0.3233,1.0801
15.0400,-0.6350,1.2584,-0.0102,-0.2679,0.2681,-1.7144,1.3016,-0.0711,-0.3154,0.3233,1.0803
15.0601,-0.6349,1.2540,-0.0085,-0.2676,0.2677,-1.7145,1.2986,-0.0684,-0.3194,0.3267,1.0806
15.0604,-0.6349,1.2540,-0.0085,-0.2676,0.2677,-1.7148,1.2954,-0.0684,-0.3194,0.3267,1.0807
15.0808,-0.6348,1.2521,-0.0078,-0.2676,0.2677,-1.7151,1.2924,-0.0661,-0.3238,0.3305,1.0810
15.0812,-0.6348,1.2500,-0.0078,-0.2676,0.2677,-1.7153,1.2893,-0.0649,-0.3256,0.3320,1.0812
15.0901,-0.6347,1.2479,-0.0065,-0.2665,0.2666,-1.7155,1.2862,-0.0634,-0.3275,0.3335,1.0815
15.0906,-0.6346,1.2458,-0.0059,-0.2659,0.2660,-1.7158,1.2833,-0.0621,-0.3291,0.3349,1.0818
15.1100,-0.6345,1.2436,-0.0053,-0.2656,0.2657,-1.7161,1.2803,-0.0612,-0.3304,0.3361,1.0822
15.1105,-0.6345,1.2416,-0.0053,-0.2656,0.2657,-1.7164,1.2775,-0.0603,-0.3319,0.3373,1.0824
15.1302,-0.6345,1.2396,-0.0045,-0.2649,0.2649,-1.7165,1.2748,-0.0593,-0.3334,0.3387,1.0826
15.1307,-0.6345,1.2374,-0.0045,-0.2649,0.2649,-1.7167,1.2720,-0.0581,-0.3342,0.3392,1.0827
15.1399,-0.6345,1.2350,-0.0040,-0.2644,0.2644,-1.7168,1.2689,-0.0570,-0.3356,0.3404,1.0828
15.1402,-0.6345,1.2330,-0.0037,-0.2642,0.2642,-1.7169,1.2661,-0.0570,-0.3356,0.3404,1.0829
15.1603,-0.6346,1.2307,-0.0034,-0.2640,0.2640,-1.7170,1.2630,-0.0541,-0.3381,0.3424,1.0830
15.1608,-0.6346,1.2287,-0.0034,-0.2640,0.2640,-1.7172,1.2601,-0.0525,-0.3389,0.3430,1.0831
15.1801,-0.6346,1.2265,-0.0030,-0.2631,0.2632,-1.7174,1.2571,-0.0514,-0.3402,0.3440,1.0832
15.1805,-0.6346,1.2244,-0.0030,-0.2631,0.2632,-1.7176,1.2542,-0.0514,-0.3402,0.3440,1.0834
15.1899,-0.6346,1.2222,-0.0028,-0.2628,0.2628,-1.7178,1.2511,-0.0497,-0.3426,0.3462,1.0836
15.1901,-0.6346,1.2199,-0.0026,-0.2625,0.2626,-1.7180,1.2480,-0.0497,-0.3426,0.3462,1.0837
15.2108,-0.6347,1.2180,-0.0025,-0.2626,0.2626,-1.7181,1.2453,-0.0480,-0.3454,0.3488,1.0838
15.2112,-0.6347,1.2157,-0.0025,-0.2626,0.2626,-1.7182,1.2422,-0.0472,-0.3464,0.3496,1.0839
15.2300,-0.6347,1.2138,-0.0022,-0.2623,0.2623,-1.7183,1.2395,-0.0462,-0.3474,0.3505,1.0840
15.2303,-0.6347,1.2117,-0.0022,-0.2623,0.2623,-1.7184,1.2366,-0.0462,-0.3474,0.3505,1.0840
15.2400,-0.6346,1.2098,-0.0018,-0.2607,0.2608,-1.7185,1.2337,-0.0437,-0.3481,0.3509,1.0841
15.2403,-0.6346,1.2076,-0.0018,-0.2607,0.2608,-1.7186,1.2308,-0.0427,-0.3492,0.3518,1.0843
15.2599,-0.6344,1.2055,-0.0014,-0.2601,0.2601,-1.7187,1.2279,-0.0414,-0.3490,0.3515,1.0845
15.2602,-0.6342,1.2034,-0.0014,-0.2601,0.2601,-1.7188,1.2251,-0.0414,-0.3490,0.3515,1.0848
15.2700,-0.6339,1.2014,-0.0003,-0.2602,0.2602,-1.7188,1.2223,-0.0394,-0.3501,0.3524,1.0851
15.2703,-0.6337,1.1993,-0.0003,-0.2602,0.2602,-1.7188,1.2194,-0.0394,-0.3501,0.3524,1.0853
15.2905,-0.6335,1.1973,0.0011,-0.2593,0.2593,-1.7188,1.2167,-0.0372,-0.3503,0.3523,1.0855
15.2909,-0.6334,1.1952,0.0011,-0.2593,0.2593,-1.7188,1.2139,-0.0362,-0.3501,0.3520,1.0855
15.3101,-0.6333,1.1930,0.0020,-0.2590,0.2590,-1.7187,1.2111,-0.0352,-0.3508,0.3526,1.0856
15.3104,-0.6333,1.1910,0.0022,-0.2589,0.2589,-1.7187,1.2083,-0.0344,-0.3513,0.3530,1.0856
15.3302,-0.6333,1.1887,0.0024,-0.2584,0.2584,-1.7187,1.2054,-0.0334,-0.3513,0.3529,1.0856
15.3305,-0.6333,1.1866,0.0024,-0.2584,0.2584,-1.7187,1.2026,-0.0334,-0.3513,0.3529,1.0856
15.3403,-0.6331,1.1821,0.0028,-0.2579,0.2579,-1.7187,1.1999,-0.0314,-0.3512,0.3526,1.0857
15.3404,-0.6331,1.1821,0.0028,-0.2579,0.2579,-1.7187,1.1969,-0.0303,-0.3512,0.3525,1.0856
15.3602,-0.6330,1.1800,0.0034,-0.2579,0.2579,-1.7186,1.1943,-0.0291,-0.3513,0.3525,1.0857
15.3605,-0.6329,1.1779,0.0034,-0.2579,0.2579,-1.7185,1.1916,-0.0291,-0.3513,0.3525,1.0857
15.3701,-0.6327,1.1758,0.0042,-0.2574,0.2574,-1.7183,1.1890,-0.0266,-0.3508,0.3518,1.0857
15.3704,-0.6327,1.1758,0.0042,-0.2574,0.2574,-1.7182,1.1861,-0.0266,-0.3508,0.3518,1.0855
15.3901,-0.6323,1.1717,0.0052,-0.2568,0.2568,-1.7181,1.1835,-0.0236,-0.3497,0.3505,1.0858
15.3904,-0.6321,1.1696,0.0052,-0.2568,0.2568,-1.7178,1.1808,-0.0236,-0.3497,0.3505,1.0858
15.4102,-0.6319,1.1677,0.0062,-0.2563,0.2564,-1.7177,1.1784,-0.0208,-0.3484,0.3490,1.0858
15.4104,-0.6317,1.1655,0.0062,-0.2563,0.2564,-1.7173,1.1756,-0.0208,-0.3484,0.3490,1.0857
15.4301,-0.6315,1.1634,0.0072,-0.2563,0.2564,-1.7169,1.1731,-0.0182,-0.3472,0.3477,1.0855
15.4307,-0.6312,1.1613,0.0072,-0.2563,0.2564,-1.7165,1.1704,-0.0167,-0.3465,0.3469,1.0853
15.4401,-0.6311,1.1597,0.0083,-0.2553,0.2555,-1.7161,1.1684,-0.0150,-0.3456,0.3459,1.0850
15.4405,-0.6310,1.1575,0.0086,-0.2541,0.2542,-1.7156,1.1655,-0.0136,-0.3437,0.3439,1.0846
15.4598,-0.6309,1.1555,0.0090,-0.2541,0.2543,-1.7151,1.1630,-0.0116,-0.3440,0.3442,1.0842
15.4600,-0.6307,1.1533,0.0090,-0.2541,0.2543,-1.7145,1.1604,-0.0116,-0.3440,0.3442,1.0839
15.4698,-0.6305,1.1514,0.0096,-0.2533,0.2535,-1.7141,1.1579,-0.0075,-0.3422,0.3422,1.0835
15.4701,-0.6304,1.1495,0.0096,-0.2533,0.2535,-1.7137,1.1555,-0.0075,-0.3422,0.3422,1.0833
15.4904,-0.6302,1.1474,0.0101,-0.2520,0.2522,-1.7131,1.1527,-0.0037,-0.3400,0.3400,1.0830
15.4909,-0.6300,1.1455,0.0105,-0.2517,0.2519,-1.7127,1.1505,-0.0016,-0.3389,0.3390,1.0828
15.5104,-0.6296,1.1434,0.0109,-0.2511,0.2513,-1.7122,1.1479,0.0000,-0.3380,0.3380,1.0826
15.5107,-0.6292,1.1413,0.0109,-0.2511,0.2513,-1.7116,1.1454,0.0021,-0.3371,0.3371,1.0824
15.5198,-0.6289,1.1395,0.0120,-0.2511,0.2514,-1.7111,1.1432,0.0039,-0.3366,0.3366,1.0822
15.5201,-0.6286,1.1376,0.0120,-0.2511,0.2514,-1.7105,1.1408,0.0039,-0.3366,0.3366,1.0819
15.5404,-0.6283,1.1356,0.0128,-0.2498,0.2501,-1.7099,1.1384,0.0071,-0.3334,0.3335,1.0816
15.5408,-0.6278,1.1336,0.0128,-0.2498,0.2501,-1.7092,1.1359,0.0071,-0.3334,0.3335,1.0814
15.5605,-0.6268,1.1296,0.0152,-0.2492,0.2496,-1.7084,1.1335,0.0104,-0.3314,0.3315,1.0816
15.5607,-0.6268,1.1296,0.0152,-0.2492,0.2496,-1.7077,1.1312,0.0104,-0.3314,0.3315,1.0809
15.5704,-0.6263,1.1278,0.0162,-0.2487,0.2492,-1.7069,1.1290,0.0143,-0.3283,0.3286,1.0807
15.5708,-0.6257,1.1258,0.0162,-0.2487,0.2492,-1.7061,1.1268,0.0162,-0.3268,0.3272,1.0804
15.5903,-0.6251,1.1238,0.0182,-0.2483,0.2490,-1.7053,1.1246,0.0183,-0.3250,0.3255,1.0802
15.5907,-0.6245,1.1220,0.0182,-0.2483,0.2490,-1.7045,1.1226,0.0204,-0.3234,0.3240,1.0800
15.6101,-0.6239,1.1198,0.0202,-0.2476,0.2485,-1.7037,1.1202,0.0225,-0.3215,0.3223,1.0798
15.6106,-0.6234,1.1180,0.0202,-0.2476,0.2485,-1.7030,1.1182,0.0249,-0.3201,0.3211,1.0796
15.6205,-0.6229,1.1158,0.0222,-0.2472,0.2482,-1.7023,1.1157,0.0266,-0.3187,0.3198,1.0794
15.6208,-0.6226,1.1139,0.0222,-0.2472,0.2482,-1.7019,1.1137,0.0266,-0.3187,0.3198,1.0793
15.6402,-0.6223,1.1119,0.0237,-0.2470,0.2481,-1.7014,1.1114,0.0295,-0.3167,0.3181,1.0790
15.6407,-0.6221,1.1100,0.0244,-0.2462,0.2474,-1.7009,1.1094,0.0309,-0.3152,0.3167,1.0788
15.6602,-0.6218,1.1080,0.0249,-0.2460,0.2473,-1.7003,1.1074,0.0320,-0.3133,0.3149,1.0785
15.6606,-0.6215,1.1059,0.0255,-0.2454,0.2467,-1.6995,1.1055,0.0335,-0.3112,0.3130,1.0779
15.6702,-0.6212,1.1038,0.0261,-0.2456,0.2470,-1.6984,1.1036,0.0354,-0.3092,0.3113,1.0772
15.6706,-0.6209,1.1016,0.0261,-0.2456,0.2470,-1.6972,1.1018,0.0378,-0.3069,0.3092,1.0763
15.6800,-0.6206,1.0996,0.0274,-0.2456,0.2471,-1.6961,1.1001,0.0407,-0.3048,0.3075,1.0754
15.7003,-0.6203,1.0975,0.0280,-0.2452,0.2468,-1.6950,1.0985,0.0434,-0.3019,0.3050,1.0747
15.7007,-0.6199,1.0953,0.0280,-0.2452,0.2468,-1.6939,1.0968,0.0434,-0.3019,0.3050,1.0740
15.7207,-0.6189,1.0912,0.0305,-0.2452,0.2471,-1.6929,1.0950,0.0484,-0.2970,0.3009,1.0740
15.7211,-0.6189,1.0912,0.0305,-0.2452,0.2471,-1.6922,1.0935,0.0507,-0.2945,0.2989,1.0733
15.7304,-0.6181,1.0891,0.0315,-0.2451,0.2471,-1.6914,1.0915,0.0522,-0.2921,0.2967,1.0733
15.7308,-0.6175,1.0873,0.0315,-0.2451,0.2471,-1.6909,1.0900,0.0539,-0.2902,0.2951,1.0733
15.7503,-0.6168,1.0852,0.0343,-0.2450,0.2474,-1.6901,1.0881,0.0553,-0.2875,0.2928,1.0733
15.7507,-0.6162,1.0835,0.0343,-0.2450,0.2474,-1.6894,1.0865,0.0571,-0.2854,0.2911,1.0732
15.7600,-0.6156,1.0814,0.0364,-0.2442,0.2469,-1.6885,1.0847,0.0586,-0.2827,0.2887,1.0729
15.7603,-0.6150,1.0794,0.0364,-0.2442,0.2469,-1.6876,1.0829,0.0586,-0.2827,0.2887,1.0726
15.7802,-0.6144,1.0774,0.0379,-0.2439,0.2468,-1.6867,1.0812,0.0624,-0.2788,0.2857,1.0723
15.7805,-0.6137,1.0753,0.0379,-0.2439,0.2468,-1.6856,1.0793,0.0624,-0.2788,0.2857,1.0719
15.8002,-0.6130,1.0733,0.0396,-0.2441,0.2473,-1.6848,1.0777,0.0663,-0.2748,0.2827,1.0718
15.8005,-0.6130,1.0733,0.0396,-0.2441,0.2473,-1.6840,1.0762,0.0663,-0.2748,0.2827,1.0710
15.8099,-0.6117,1.0696,0.0419,-0.2429,0.2465,-1.6833,1.0747,0.0695,-0.2696,0.2784,1.0716
15.8103,-0.6110,1.0676,0.0419,-0.2429,0.2465,-1.6824,1.0729,0.0709,-0.2672,0.2764,1.0715
15.8303,-0.6096,1.0639,0.0446,-0.2422,0.2463,-1.6816,1.0712,0.0726,-0.2649,0.2747,1.0720
15.8304,-0.6096,1.0639,0.0446,-0.2422,0.2463,-1.6807,1.0696,0.0742,-0.2629,0.2731,1.0712
15.8499,-0.6088,1.0618,0.0472,-0.2411,0.2457,-1.6797,1.0677,0.0759,-0.2606,0.2714,1.0710
15.8502,-0.6081,1.0601,0.0472,-0.2411,0.2457,-1.6789,1.0662,0.0759,-0.2606,0.2714,1.0708
15.8600,-0.6074,1.0582,0.0497,-0.2398,0.2449,-1.6780,1.0645,0.0794,-0.2561,0.2681,1.0706
15.8603,-0.6066,1.0563,0.0497,-0.2398,0.2449,-1.6771,1.0629,0.0810,-0.2541,0.2667,1.0705
15.8805,-0.6058,1.0544,0.0521,-0.2389,0.2445,-1.6761,1.0613,0.0825,-0.2521,0.2652,1.0703
15.8808,-0.6050,1.0525,0.0521,-0.2389,0.2445,-1.6751,1.0597,0.0825,-0.2521,0.2652,1.0701
15.9002,-0.6040,1.0505,0.0546,-0.2383,0.2445,-1.6739,1.0578,0.0860,-0.2477,0.2622,1.0699
15.9005,-0.6032,1.0487,0.0546,-0.2383,0.2445,-1.6729,1.0562,0.0879,-0.2460,0.2612,1.0698
15.9100,-0.6023,1.0468,0.0575,-0.2382,0.2450,-1.6719,1.0545,0.0895,-0.2445,0.2603,1.0696
15.9103,-0.6013,1.0447,0.0575,-0.2382,0.2450,-1.6707,1.0527,0.0895,-0.2445,0.2603,1.0694
15.9303,-0.6005,1.0430,0.0603,-0.2374,0.2449,-1.6697,1.0511,0.0924,-0.2408,0.2579,1.0693
15.9307,-0.5993,1.0410,0.0615,-0.2367,0.2445,-1.6687,1.0494,0.0924,-0.2408,0.2579,1.0694
15.9501,-0.5983,1.0391,0.0636,-0.2373,0.2457,-1.6679,1.0477,0.0947,-0.2379,0.2561,1.0696
15.9504,-0.5973,1.0373,0.0636,-0.2373,0.2457,-1.6671,1.0461,0.0947,-0.2379,0.2561,1.0698
15.9599,-0.5963,1.0352,0.0670,-0.2364,0.2457,-1.6661,1.0442,0.0959,-0.2340,0.2529,1.0698
15.9602,-0.5955,1.0334,0.0687,-0.2362,0.2460,-1.6651,1.0424,0.0959,-0.2340,0.2529,1.0696
15.9802,-0.5947,1.0316,0.0701,-0.2360,0.2462,-1.6641,1.0408,0.0980,-0.2309,0.2508,1.0694
15.9806,-0.5939,1.0298,0.0701,-0.2360,0.2462,-1.6630,1.0390,0.0980,-0.2309,0.2508,1.0691
15.9900,-0.5931,1.0280,0.0724,-0.2351,0.2460,-1.6621,1.0372,0.1002,-0.2274,0.2485,1.0690
15.9904,-0.5923,1.0262,0.0724,-0.2351,0.2460,-1.6611,1.0354,0.1002,-0.2274,0.2485,1.0689
16.0101,-0.5913,1.0243,0.0747,-0.2346,0.2462,-1.6603,1.0336,0.1021,-0.2251,0.2471,1.0690
16.0105,-0.5905,1.0227,0.0747,-0.2346,0.2462,-1.6596,1.0320,0.1021,-0.2251,0.2471,1.0691
16.0305,-0.5894,1.0206,0.0769,-0.2338,0.2461,-1.6586,1.0300,0.1031,-0.2224,0.2451,1.0692
16.0308,-0.5884,1.0190,0.0769,-0.2338,0.2461,-1.6577,1.0283,0.1039,-0.2216,0.2447,1.0693
16.0403,-0.5872,1.0171,0.0796,-0.2331,0.2463,-1.6565,1.0263,0.1045,-0.2201,0.2436,1.0693
16.0406,-0.5861,1.0154,0.0796,-0.2331,0.2463,-1.6554,1.0244,0.1055,-0.2192,0.2433,1.0693
16.0603,-0.5850,1.0137,0.0824,-0.2325,0.2467,-1.6544,1.0227,0.1061,-0.2181,0.2425,1.0694
16.0606,-0.5838,1.0118,0.0824,-0.2325,0.2467,-1.6532,1.0206,0.1061,-0.2181,0.2425,1.0694
16.0803,-0.5827,1.0100,0.0849,-0.2320,0.2470,-1.6520,1.0188,0.1076,-0.2167,0.2420,1.0694
16.0809,-0.5816,1.0080,0.0860,-0.2317,0.2471,-1.6508,1.0168,0.1082,-0.2160,0.2416,1.0692
16.0901,-0.5807,1.0063,0.0870,-0.2316,0.2474,-1.6497,1.0152,0.1090,-0.2155,0.2414,1.0691
16.0904,-0.5797,1.0042,0.0876,-0.2314,0.2474,-1.6485,1.0132,0.1096,-0.2148,0.2411,1.0689
16.1102,-0.5788,1.0025,0.0883,-0.2312,0.2475,-1.6476,1.0115,0.1103,-0.2140,0.2408,1.0688
16.1105,-0.5775,1.0005,0.0883,-0.2312,0.2475,-1.6464,1.0095,0.1103,-0.2140,0.2408,1.0689
16.1306,-0.5762,0.9986,0.0908,-0.2306,0.2478,-1.6454,1.0077,0.1118,-0.2124,0.2400,1.0692
16.1310,-0.5748,0.9965,0.0908,-0.2306,0.2478,-1.6442,1.0056,0.1130,-0.2120,0.2403,1.0694
16.1400,-0.5736,0.9948,0.0951,-0.2308,0.2496,-1.6434,1.0039,0.1144,-0.2114,0.2404,1.0698
16.1404,-0.5723,0.9928,0.0951,-0.2308,0.2496,-1.6424,1.0019,0.1144,-0.2114,0.2404,1.0701
16.1603,-0.5710,0.9907,0.0989,-0.2304,0.2507,-1.6415,0.9998,0.1157,-0.2111,0.2408,1.0705
16.1608,-0.5699,0.9889,0.1010,-0.2303,0.2515,-1.6406,0.9980,0.1160,-0.2115,0.2412,1.0708
16.1801,-0.5688,0.9869,0.1027,-0.2300,0.2519,-1.6396,0.9960,0.1157,-0.2113,0.2409,1.0709
16.1805,-0.5680,0.9852,0.1027,-0.2300,0.2519,-1.6386,0.9942,0.1157,-0.2113,0.2409,1.0707
16.1900,-0.5660,0.9812,0.1053,-0.2290,0.2520,-1.6374,0.9921,0.1150,-0.2118,0.2410,1.0715
16.1902,-0.5660,0.9812,0.1053,-0.2290,0.2520,-1.6365,0.9905,0.1151,-0.2128,0.2419,1.0705
16.2101,-0.5648,0.9791,0.1079,-0.2283,0.2525,-1.6351,0.9884,0.1149,-0.2126,0.2416,1.0704
16.2106,-0.5638,0.9773,0.1092,-0.2280,0.2528,-1.6339,0.9867,0.1155,-0.2131,0.2424,1.0702
16.2299,-0.5626,0.9754,0.1103,-0.2278,0.2531,-1.6326,0.9849,0.1166,-0.2134,0.2432,1.0700
16.2303,-0.5616,0.9737,0.1103,-0.2278,0.2531,-1.6313,0.9831,0.1178,-0.2134,0.2437,1.0698
16.2399,-0.5601,0.9715,0.1119,-0.2272,0.2533,-1.6297,0.9810,0.1191,-0.2138,0.2447,1.0697
16.2401,-0.5589,0.9695,0.1119,-0.2272,0.2533,-1.6285,0.9792,0.1191,-0.2138,0.2447,1.0696
16.2599,-0.5578,0.9675,0.1146,-0.2280,0.2551,-1.6272,0.9773,0.1219,-0.2148,0.2469,1.0694
16.2604,-0.5566,0.9655,0.1146,-0.2280,0.2551,-1.6259,0.9754,0.1226,-0.2148,0.2473,1.0693
16.2701,-0.5555,0.9638,0.1168,-0.2278,0.2560,-1.6247,0.9736,0.1235,-0.2149,0.2479,1.0692
16.2703,-0.5542,0.9618,0.1177,-0.2272,0.2559,-1.6233,0.9715,0.1235,-0.2149,0.2479,1.0692
16.2902,-0.5531,0.9601,0.1190,-0.2268,0.2561,-1.6221,0.9695,0.1246,-0.2158,0.2492,1.0691
16.2904,-0.5520,0.9584,0.1199,-0.2265,0.2562,-1.6209,0.9677,0.1253,-0.2165,0.2502,1.0690
16.3101,-0.5508,0.9567,0.1208,-0.2262,0.2564,-1.6197,0.9657,0.1261,-0.2171,0.2511,1.0689
16.3104,-0.5497,0.9549,0.1208,-0.2262,0.2564,-1.6184,0.9638,0.1261,-0.2171,0.2511,1.0688
16.3303,-0.5485,0.9530,0.1227,-0.2254,0.2566,-1.6170,0.9619,0.1280,-0.2182,0.2529,1.0686
16.3306,-0.5471,0.9509,0.1236,-0.2254,0.2571,-1.6157,0.9599,0.1292,-0.2186,0.2540,1.0686
16.3402,-0.5458,0.9490,0.1251,-0.2260,0.2583,-1.6144,0.9580,0.1301,-0.2193,0.2550,1.0687
16.3405,-0.5447,0.9473,0.1251,-0.2260,0.2583,-1.6133,0.9562,0.1301,-0.2193,0.2550,1.0686
16.3604,-0.5435,0.9455,0.1268,-0.2255,0.2587,-1.6120,0.9543,0.1313,-0.2200,0.2562,1.0686
16.3609,-0.5435,0.9455,0.1268,-0.2255,0.2587,-1.6110,0.9524,0.1319,-0.2204,0.2568,1.0676
16.3702,-0.5411,0.9422,0.1286,-0.2249,0.2591,-1.6099,0.9504,0.1321,-0.2210,0.2575,1.0689
16.3704,-0.5399,0.9403,0.1295,-0.2245,0.2592,-1.6088,0.9485,0.1321,-0.2210,0.2575,1.0689
16.3901,-0.5387,0.9384,0.1302,-0.2245,0.2595,-1.6075,0.9464,0.1325,-0.2223,0.2588,1.0688
16.3904,-0.5374,0.9367,0.1302,-0.2245,0.2595,-1.6062,0.9444,0.1325,-0.2223,0.2588,1.0688
16.4103,-0.5363,0.9349,0.1315,-0.2240,0.2598,-1.6050,0.9425,0.1335,-0.2236,0.2604,1.0687
16.4107,-0.5351,0.9330,0.1315,-0.2240,0.2598,-1.6036,0.9404,0.1339,-0.2241,0.2611,1.0686
16.4199,-0.5340,0.9313,0.1325,-0.2234,0.2597,-1.6022,0.9385,0.1342,-0.2245,0.2615,1.0682
16.4202,-0.5329,0.9295,0.1325,-0.2234,0.2597,-1.6008,0.9366,0.1342,-0.2245,0.2615,1.0678
16.4402,-0.5319,0.9278,0.1328,-0.2230,0.2596,-1.5995,0.9348,0.1360,-0.2257,0.2635,1.0676
16.4500,-0.5307,0.9258,0.1328,-0.2227,0.2593,-1.5980,0.9328,0.1369,-0.2258,0.2641,1.0673
16.4504,-0.5297,0.9243,0.1328,-0.2227,0.2593,-1.5967,0.9312,0.1369,-0.2258,0.2641,1.0671
16.4701,-0.5284,0.9226,0.1334,-0.2218,0.2588,-1.5952,0.9292,0.1388,-0.2260,0.2652,1.0668
16.4705,-0.5272,0.9211,0.1341,-0.2216,0.2590,-1.5938,0.9274,0.1398,-0.2265,0.2661,1.0666
16.4800,-0.5258,0.9195,0.1351,-0.2211,0.2592,-1.5924,0.9255,0.1406,-0.2268,0.2669,1.0666
16.4804,-0.5243,0.9177,0.1351,-0.2211,0.2592,-1.5908,0.9235,0.1414,-0.2271,0.2675,1.0665
16.5000,-0.5229,0.9161,0.1376,-0.2205,0.2600,-1.5893,0.9216,0.1425,-0.2275,0.2684,1.0664
16.5003,-0.5214,0.9144,0.1376,-0.2205,0.2600,-1.5877,0.9194,0.1437,-0.2276,0.2692,1.0663
16.5102,-0.5200,0.9126,0.1398,-0.2198,0.2605,-1.5863,0.9175,0.1451,-0.2283,0.2705,1.0663
16.5106,-0.5186,0.9110,0.1398,-0.2198,0.2605,-1.5848,0.9156,0.1451,-0.2283,0.2705,1.0662
16.5302,-0.5175,0.9096,0.1415,-0.2192,0.2609,-1.5835,0.9139,0.1475,-0.2289,0.2723,1.0660
16.5307,-0.5159,0.9079,0.1415,-0.2192,0.2609,-1.5817,0.9119,0.1484,-0.2288,0.2727,1.0659
16.5501,-0.5144,0.9064,0.1427,-0.2183,0.2608,-1.5802,0.9102,0.1494,-0.2287,0.2732,1.0658
16.5506,-0.5129,0.9050,0.1427,-0.2183,0.2608,-1.5785,0.9084,0.1494,-0.2287,0.2732,1.0656
16.5604,-0.5096,0.9021,0.1443,-0.2175,0.2610,-1.5768,0.9066,0.1517,-0.2285,0.2743,1.0671
16.5606,-0.5096,0.9021,0.1443,-0.2175,0.2610,-1.5751,0.9049,0.1527,-0.2281,0.2745,1.0654
16.5804,-0.5081,0.9006,0.1461,-0.2158,0.2606,-1.5735,0.9030,0.1539,-0.2278,0.2749,1.0654
16.5808,-0.5065,0.8990,0.1461,-0.2158,0.2606,-1.5717,0.9012,0.1546,-0.2276,0.2751,1.0652
16.6001,-0.5050,0.8975,0.1485,-0.2146,0.2609,-1.5700,0.8993,0.1561,-0.2281,0.2764,1.0650
16.6005,-0.5036,0.8960,0.1485,-0.2146,0.2609,-1.5684,0.8974,0.1570,-0.2279,0.2767,1.0649
16.6104,-0.5022,0.8946,0.1504,-0.2130,0.2607,-1.5669,0.8956,0.1583,-0.2283,0.2778,1.0647
16.6108,-0.5011,0.8932,0.1504,-0.2130,0.2607,-1.5654,0.8940,0.1590,-0.2278,0.2778,1.0644
16.6304,-0.4997,0.8919,0.1503,-0.2106,0.2588,-1.5638,0.8923,0.1598,-0.2274,0.2779,1.0641
16.6308,-0.4982,0.8906,0.1503,-0.2106,0.2588,-1.5620,0.8906,0.1598,-0.2274,0.2779,1.0638
16.6504,-0.4967,0.8893,0.1508,-0.2084,0.2573,-1.5603,0.8889,0.1627,-0.2266,0.2789,1.0636
16.6508,-0.4950,0.8879,0.1508,-0.2084,0.2573,-1.5583,0.8872,0.1642,-0.2258,0.2792,1.0634
16.6601,-0.4931,0.8866,0.1521,-0.2056,0.2558,-1.5565,0.8854,0.1663,-0.2252,0.2799,1.0633
16.6606,-0.4915,0.8854,0.1521,-0.2056,0.2558,-1.5549,0.8839,0.1682,-0.2252,0.2811,1.0634
16.6804,-0.4899,0.8841,0.1545,-0.2030,0.2551,-1.5531,0.8821,0.1694,-0.2243,0.2810,1.0632
16.6808,-0.4882,0.8827,0.1562,-0.2020,0.2554,-1.5514,0.8803,0.1710,-0.2242,0.2820,1.0632
16.7003,-0.4865,0.8812,0.1574,-0.2006,0.2549,-1.5496,0.8784,0.1722,-0.2237,0.2823,1.0631
16.7006,-0.4852,0.8800,0.1590,-0.2000,0.2555,-1.5480,0.8768,0.1737,-0.2242,0.2836,1.0628
16.7105,-0.4835,0.8784,0.1592,-0.1982,0.2542,-1.5459,0.8748,0.1742,-0.2233,0.2832,1.0624
16.7109,-0.4822,0.8771,0.1604,-0.1977,0.2546,-1.5442,0.8731,0.1759,-0.2238,0.2847,1.0621
16.7302,-0.4806,0.8755,0.1609,-0.1966,0.2541,-1.5421,0.8712,0.1767,-0.2234,0.2848,1.0615
16.7308,-0.4791,0.8740,0.1609,-0.1966,0.2541,-1.5403,0.8695,0.1784,-0.2237,0.2861,1.0612
16.7501,-0.4776,0.8725,0.1620,-0.1949,0.2534,-1.5385,0.8678,0.1788,-0.2229,0.2858,1.0610
16.7505,-0.4761,0.8713,0.1620,-0.1949,0.2534,-1.5367,0.8660,0.1788,-0.2229,0.2858,1.0607
16.7602,-0.4743,0.8698,0.1635,-0.1925,0.2525,-1.5348,0.8643,0.1810,-0.2224,0.2867,1.0606
16.7606,-0.4728,0.8688,0.1635,-0.1925,0.2525,-1.5333,0.8629,0.1822,-0.2222,0.2873,1.0605
16.7803,-0.4709,0.8674,0.1654,-0.1902,0.2520,-1.5314,0.8610,0.1828,-0.2215,0.2872,1.0605
16.7807,-0.4690,0.8660,0.1654,-0.1902,0.2520,-1.5294,0.8592,0.1828,-0.2215,0.2872,1.0605
16.8001,-0.4671,0.8645,0.1682,-0.1881,0.2523,-1.5275,0.8575,0.1854,-0.2205,0.2881,1.0604
16.8003,-0.4654,0.8632,0.1682,-0.1881,0.2523,-1.5259,0.8559,0.1854,-0.2205,0.2881,1.0604
16.8103,-0.4621,0.8606,0.1708,-0.1870,0.2532,-1.5242,0.8543,0.1877,-0.2196,0.2889,1.0621
16.8105,-0.4621,0.8606,0.1708,-0.1870,0.2532,-1.5224,0.8525,0.1884,-0.2190,0.2889,1.0603
16.8304,-0.4604,0.8592,0.1727,-0.1849,0.2530,-1.5207,0.8508,0.1893,-0.2186,0.2892,1.0603
16.8308,-0.4587,0.8579,0.1727,-0.1849,0.2530,-1.5188,0.8489,0.1893,-0.2186,0.2892,1.0601
16.8402,-0.4573,0.8566,0.1742,-0.1822,0.2521,-1.5171,0.8473,0.1912,-0.2181,0.2900,1.0599
16.8406,-0.4555,0.8551,0.1742,-0.1822,0.2521,-1.5151,0.8454,0.1923,-0.2178,0.2906,1.0596
16.8602,-0.4541,0.8538,0.1759,-0.1809,0.2523,-1.5134,0.8438,0.1939,-0.2178,0.2916,1.0594
16.8605,-0.4525,0.8525,0.1765,-0.1801,0.2522,-1.5115,0.8422,0.1953,-0.2172,0.2921,1.0590
16.8802,-0.4509,0.8513,0.1772,-0.1793,0.2521,-1.5097,0.8406,0.1969,-0.2165,0.2926,1.0588
16.8805,-0.4491,0.8501,0.1772,-0.1793,0.2521,-1.5077,0.8390,0.1969,-0.2165,0.2926,1.0586
16.9001,-0.4472,0.8488,0.1790,-0.1767,0.2515,-1.5057,0.8373,0.1995,-0.2148,0.2932,1.0585
16.9004,-0.4472,0.8488,0.1790,-0.1767,0.2515,-1.5038,0.8358,0.1995,-0.2148,0.2932,1.0566
16.9102,-0.4437,0.8465,0.1814,-0.1745,0.2517,-1.5018,0.8341,0.2023,-0.2133,0.2940,1.0582
16.9105,-0.4421,0.8454,0.1814,-0.1745,0.2517,-1.5000,0.8327,0.2023,-0.2133,0.2940,1.0579
16.9303,-0.4387,0.8427,0.1837,-0.1719,0.2516,-1.4976,0.8309,0.2044,-0.2115,0.2941,1.0590
16.9306,-0.4387,0.8427,0.1837,-0.1719,0.2516,-1.4958,0.8295,0.2063,-0.2114,0.2954,1.0572
16.9400,-0.4369,0.8414,0.1865,-0.1701,0.2524,-1.4936,0.8278,0.2073,-0.2106,0.2955,1.0568
16.9404,-0.4350,0.8402,0.1865,-0.1701,0.2524,-1.4915,0.8262,0.2087,-0.2100,0.2961,1.0565
16.9605,-0.4335,0.8392,0.1892,-0.1683,0.2532,-1.4898,0.8248,0.2105,-0.2099,0.2973,1.0564
16.9607,-0.4317,0.8381,0.1898,-0.1667,0.2526,-1.4878,0.8231,0.2108,-0.2088,0.2967,1.0562
16.9800,-0.4299,0.8370,0.1910,-0.1660,0.2530,-1.4858,0.8214,0.2120,-0.2085,0.2973,1.0561
16.9803,-0.4280,0.8358,0.1910,-0.1660,0.2530,-1.4839,0.8196,0.2120,-0.2085,0.2973,1.0560
16.9898,-0.4263,0.8347,0.1926,-0.1638,0.2528,-1.4819,0.8180,0.2138,-0.2077,0.2981,1.0558
16.9902,-0.4242,0.8335,0.1926,-0.1638,0.2528,-1.4798,0.8164,0.2138,-0.2077,0.2981,1.0557
17.0104,-0.4224,0.8325,0.1944,-0.1617,0.2528,-1.4777,0.8149,0.2160,-0.2060,0.2985,1.0555
17.0108,-0.4209,0.8316,0.1944,-0.1617,0.2528,-1.4758,0.8138,0.2171,-0.2052,0.2987,1.0551
17.0305,-0.4189,0.8304,0.1955,-0.1589,0.2519,-1.4734,0.8123,0.2180,-0.2036,0.2983,1.0547
17.0308,-0.4170,0.8292,0.1971,-0.1585,0.2530,-1.4710,0.8108,0.2202,-0.2032,0.2997,1.0542
17.0401,-0.4152,0.8281,0.1978,-0.1574,0.2528,-1.4688,0.8094,0.2214,-0.2022,0.2999,1.0537
17.0404,-0.4137,0.8272,0.1978,-0.1574,0.2528,-1.4668,0.8082,0.2214,-0.2022,0.2999,1.0533
17.0606,-0.4117,0.8259,0.1985,-0.1557,0.2522,-1.4645,0.8065,0.2235,-0.2005,0.3002,1.0530
17.0609,-0.4101,0.8249,0.1985,-0.1557,0.2522,-1.4625,0.8052,0.2245,-0.2002,0.3008,1.0527
17.0804,-0.4080,0.8236,0.1992,-0.1544,0.2520,-1.4602,0.8034,0.2251,-0.1994,0.3008,1.0524
17.0807,-0.4064,0.8226,0.2000,-0.1540,0.2525,-1.4583,0.8021,0.2251,-0.1994,0.3008,1.0522
17.0901,-0.4044,0.8215,0.2002,-0.1528,0.2518,-1.4560,0.8006,0.2267,-0.1981,0.3010,1.0518
17.0906,-0.4028,0.8206,0.2002,-0.1528,0.2518,-1.4541,0.7994,0.2267,-0.1981,0.3010,1.0515
17.1104,-0.4008,0.8196,0.2015,-0.1507,0.2517,-1.4516,0.7979,0.2288,-0.1960,0.3013,1.0511
17.1107,-0.3989,0.8185,0.2029,-0.1500,0.2524,-1.4493,0.7966,0.2307,-0.1955,0.3023,1.0506
17.1305,-0.3970,0.8174,0.2043,-0.1495,0.2532,-1.4469,0.7952,0.2323,-0.1948,0.3032,1.0501
17.1308,-0.3951,0.8162,0.2043,-0.1495,0.2532,-1.4444,0.7937,0.2323,-0.1948,0.3032,1.0495
17.1399,-0.3935,0.8151,0.2062,-0.1488,0.2543,-1.4423,0.7925,0.2353,-0.1938,0.3048,1.0491
17.1404,-0.3916,0.8138,0.2062,-0.1488,0.2543,-1.4400,0.7911,0.2361,-0.1929,0.3049,1.0486
17.1605,-0.3899,0.8128,0.2068,-0.1482,0.2544,-1.4380,0.7900,0.2368,-0.1920,0.3048,1.0483
17.1609,-0.3879,0.8115,0.2064,-0.1476,0.2538,-1.4358,0.7884,0.2368,-0.1920,0.3048,1.0481
17.1801,-0.3860,0.8106,0.2072,-0.1478,0.2545,-1.4337,0.7871,0.2382,-0.1908,0.3052,1.0480
17.1806,-0.3840,0.8095,0.2072,-0.1478,0.2545,-1.4317,0.7857,0.2382,-0.1908,0.3052,1.0479
17.1899,-0.3824,0.8087,0.2083,-0.1464,0.2546,-1.4299,0.7846,0.2394,-0.1891,0.3050,1.0477
17.1902,-0.3804,0.8075,0.2083,-0.1464,0.2546,-1.4275,0.7831,0.2394,-0.1891,0.3050,1.0474
17.2104,-0.3786,0.8065,0.2096,-0.1450,0.2549,-1.4254,0.7819,0.2411,-0.1873,0.3053,1.0471
17.2107,-0.3768,0.8056,0.2099,-0.1439,0.2545,-1.4231,0.7806,0.2411,-0.1859,0.3045,1.0466
17.2305,-0.3748,0.8044,0.2107,-0.1431,0.2547,-1.4207,0.7793,0.2422,-0.1851,0.3048,1.0462
17.2310,-0.3730,0.8033,0.2115,-0.1422,0.2549,-1.4183,0.7779,0.2429,-0.1840,0.3047,1.0456
17.2400,-0.3711,0.8023,0.2122,-0.1414,0.2550,-1.4160,0.7766,0.2440,-0.1832,0.3051,1.0453
17.2403,-0.3692,0.8012,0.2122,-0.1414,0.2550,-1.4140,0.7753,0.2440,-0.1832,0.3051,1.0450
17.2605,-0.3672,0.8001,0.2137,-0.1400,0.2555,-1.4117,0.7739,0.2456,-0.1815,0.3054,1.0448
17.2608,-0.3653,0.7992,0.2137,-0.1400,0.2555,-1.4096,0.7728,0.2463,-0.1807,0.3055,1.0446
17.2802,-0.3632,0.7981,0.2151,-0.1391,0.2562,-1.4074,0.7714,0.2475,-0.1802,0.3061,1.0445
17.2805,-0.3613,0.7971,0.2151,-0.1391,0.2562,-1.4052,0.7701,0.2475,-0.1802,0.3061,1.0442
17.2901,-0.3596,0.7963,0.2153,-0.1377,0.2556,-1.4034,0.7690,0.2485,-0.1782,0.3058,1.0441
17.2906,-0.3575,0.7951,0.2153,-0.1377,0.2556,-1.4011,0.7675,0.2485,-0.1782,0.3058,1.0440
17.3101,-0.3557,0.7942,0.2159,-0.1361,0.2553,-1.3991,0.7663,0.2496,-0.1769,0.3059,1.0437
17.3103,-0.3538,0.7931,0.2162,-0.1355,0.2551,-1.3967,0.7650,0.2496,-0.1769,0.3059,1.0434
17.3200,-0.3522,0.7921,0.2167,-0.1350,0.2553,-1.3948,0.7639,0.2513,-0.1751,0.3063,1.0430
17.3204,-0.3502,0.7909,0.2167,-0.1350,0.2553,-1.3922,0.7625,0.2513,-0.1751,0.3063,1.0424
17.3404,-0.3487,0.7898,0.2170,-0.1340,0.2550,-1.3902,0.7613,0.2532,-0.1729,0.3066,1.0419
17.3408,-0.3468,0.7886,0.2170,-0.1340,0.2550,-1.3878,0.7599,0.2532,-0.1729,0.3066,1.0414
17.3601,-0.3450,0.7876,0.2175,-0.1329,0.2549,-1.3857,0.7585,0.2546,-0.1712,0.3068,1.0410
17.3605,-0.3433,0.7866,0.2180,-0.1325,0.2551,-1.3836,0.7574,0.2554,-0.1706,0.3071,1.0407
17.3800,-0.3413,0.7856,0.2185,-0.1318,0.2552,-1.3813,0.7562,0.2558,-0.1696,0.3069,1.0405
17.3803,-0.3394,0.7847,0.2193,-0.1313,0.2556,-1.3793,0.7551,0.2567,-0.1688,0.3072,1.0403
17.3901,-0.3372,0.7836,0.2195,-0.1307,0.2555,-1.3770,0.7539,0.2569,-0.1678,0.3068,1.0401
17.3904,-0.3354,0.7826,0.2195,-0.1307,0.2555,-1.3750,0.7527,0.2569,-0.1678,0.3068,1.0400
17.4103,-0.3336,0.7816,0.2203,-0.1300,0.2558,-1.3730,0.7514,0.2576,-0.1661,0.3065,1.0399
17.4106,-0.3316,0.7805,0.2203,-0.1300,0.2558,-1.3710,0.7501,0.2576,-0.1661,0.3065,1.0398
17.4303,-0.3298,0.7794,0.2211,-0.1298,0.2563,-1.3690,0.7489,0.2580,-0.1653,0.3064,1.0396
17.4306,-0.3280,0.7784,0.2211,-0.1298,0.2563,-1.3671,0.7478,0.2572,-0.1640,0.3050,1.0396
17.4400,-0.3260,0.7774,0.2214,-0.1285,0.2560,-1.3649,0.7465,0.2575,-0.1635,0.3050,1.0393
17.4405,-0.3241,0.7765,0.2214,-0.1285,0.2560,-1.3628,0.7455,0.2575,-0.1635,0.3050,1.0392
17.4601,-0.3221,0.7755,0.2219,-0.1274,0.2559,-1.3606,0.7443,0.2574,-0.1615,0.3038,1.0390
17.4604,-0.3201,0.7745,0.2219,-0.1274,0.2559,-1.3583,0.7430,0.2574,-0.1615,0.3038,1.0387
17.4699,-0.3181,0.7734,0.2232,-0.1271,0.2569,-1.3561,0.7418,0.2590,-0.1601,0.3045,1.0385
17.4704,-0.3162,0.7723,0.2232,-0.1271,0.2569,-1.3539,0.7407,0.2593,-0.1591,0.3042,1.0381
17.4902,-0.3145,0.7713,0.2237,-0.1271,0.2573,-1.3520,0.7397,0.2601,-0.1579,0.3042,1.0380
17.4997,-0.3124,0.7702,0.2236,-0.1267,0.2570,-1.3496,0.7384,0.2598,-0.1567,0.3034,1.0377
17.5000,-0.3106,0.7692,0.2236,-0.1267,0.2570,-1.3476,0.7374,0.2598,-0.1567,0.3034,1.0375
17.5200,-0.3085,0.7682,0.2237,-0.1265,0.2569,-1.3454,0.7362,0.2602,-0.1549,0.3028,1.0374
17.5202,-0.3067,0.7673,0.2246,-0.1268,0.2580,-1.3434,0.7352,0.2608,-0.1551,0.3034,1.0371
17.5303,-0.3050,0.7664,0.2243,-0.1262,0.2574,-1.3415,0.7344,0.2600,-0.1541,0.3023,1.0369
17.5305,-0.3030,0.7653,0.2243,-0.1262,0.2574,-1.3393,0.7333,0.2600,-0.1541,0.3023,1.0369
17.5505,-0.2991,0.7631,0.2246,-0.1257,0.2573,-1.3372,0.7322,0.2589,-0.1523,0.3004,1.0385
17.5507,-0.2991,0.7631,0.2246,-0.1257,0.2573,-1.3351,0.7311,0.2592,-0.1519,0.3004,1.0364
17.5603,-0.2975,0.7621,0.2251,-0.1257,0.2578,-1.3332,0.7302,0.2589,-0.1507,0.2996,1.0362
17.5606,-0.2955,0.7610,0.2251,-0.1257,0.2578,-1.3309,0.7291,0.2589,-0.1507,0.2996,1.0358
17.5814,-0.2938,0.7601,0.2250,-0.1252,0.2575,-1.3291,0.7282,0.2587,-0.1484,0.2982,1.0357
17.5817,-0.2918,0.7591,0.2250,-0.1252,0.2575,-1.3267,0.7270,0.2587,-0.1484,0.2982,1.0354
17.6001,-0.2898,0.7581,0.2252,-0.1249,0.2576,-1.3248,0.7259,0.2586,-0.1472,0.2975,1.0354
17.6006,-0.2880,0.7572,0.2259,-0.1251,0.2582,-1.3228,0.7249,0.2586,-0.1469,0.2974,1.0353
17.6203,-0.2862,0.7563,0.2256,-0.1248,0.2578,-1.3209,0.7240,0.2577,-0.1460,0.2962,1.0352
17.6207,-0.2842,0.7552,0.2256,-0.1248,0.2578,-1.3188,0.7230,0.2577,-0.1460,0.2962,1.0351
17.6301,-0.2825,0.7542,0.2256,-0.1245,0.2577,-1.3169,0.7223,0.2563,-0.1443,0.2941,1.0348
17.6304,-0.2806,0.7531,0.2256,-0.1245,0.2577,-1.3147,0.7214,0.2563,-0.1443,0.2941,1.0346
17.6506,-0.2768,0.7512,0.2257,-0.1239,0.2575,-1.3128,0.7206,0.2551,-0.1420,0.2920,1.0364
17.6507,-0.2768,0.7512,0.2257,-0.1239,0.2575,-1.3106,0.7196,0.2544,-0.1412,0.2909,1.0343
17.6597,-0.2747,0.7502,0.2263,-0.1231,0.2576,-1.3083,0.7185,0.2548,-0.1408,0.2911,1.0341
17.6600,-0.2731,0.7496,0.2263,-0.1231,0.2576,-1.3065,0.7178,0.2548,-0.1408,0.2911,1.0339
17.6803,-0.2708,0.7485,0.2258,-0.1220,0.2566,-1.3041,0.7167,0.2544,-0.1387,0.2898,1.0338
17.6807,-0.2691,0.7478,0.2258,-0.1220,0.2566,-1.3023,0.7159,0.2544,-0.1387,0.2898,1.0337
17.7004,-0.2670,0.7468,0.2266,-0.1218,0.2573,-1.3000,0.7150,0.2551,-0.1373,0.2897,1.0335
17.7008,-0.2653,0.7460,0.2266,-0.1218,0.2573,-1.2981,0.7142,0.2549,-0.1363,0.2890,1.0334
17.7104,-0.2633,0.7451,0.2267,-0.1211,0.2570,-1.2960,0.7134,0.2545,-0.1353,0.2882,1.0332
17.7201,-0.2614,0.7443,0.2270,-0.1210,0.2572,-1.2939,0.7124,0.2542,-0.1345,0.2876,1.0331
17.7204,-0.2593,0.7433,0.2270,-0.1210,0.2572,-1.2918,0.7114,0.2542,-0.1345,0.2876,1.0329
17.7406,-0.2571,0.7424,0.2274,-0.1200,0.2571,-1.2896,0.7104,0.2531,-0.1329,0.2859,1.0330
17.7414,-0.2552,0.7415,0.2279,-0.1198,0.2574,-1.2876,0.7096,0.2531,-0.1329,0.2859,1.0329
17.7605,-0.2535,0.7407,0.2280,-0.1196,0.2575,-1.2858,0.7089,0.2526,-0.1314,0.2848,1.0328
17.7609,-0.2516,0.7397,0.2275,-0.1188,0.2567,-1.2838,0.7081,0.2517,-0.1301,0.2833,1.0327
17.7701,-0.2496,0.7388,0.2274,-0.1189,0.2566,-1.2815,0.7073,0.2516,-0.1293,0.2829,1.0324
17.7703,-0.2479,0.7380,0.2274,-0.1189,0.2566,-1.2797,0.7066,0.2516,-0.1293,0.2829,1.0322
17.7902,-0.2459,0.7370,0.2268,-0.1184,0.2558,-1.2774,0.7057,0.2511,-0.1271,0.2814,1.0320
17.7908,-0.2440,0.7360,0.2268,-0.1184,0.2558,-1.2753,0.7048,0.2511,-0.1271,0.2814,1.0319
17.8000,-0.2419,0.7351,0.2270,-0.1181,0.2559,-1.2732,0.7039,0.2514,-0.1254,0.2810,1.0317
17.8003,-0.2400,0.7342,0.2277,-0.1181,0.2565,-1.2711,0.7030,0.2514,-0.1254,0.2810,1.0316
17.8204,-0.2381,0.7334,0.2276,-0.1177,0.2562,-1.2692,0.7024,0.2513,-0.1239,0.2801,1.0316
17.8207,-0.2361,0.7325,0.2281,-0.1174,0.2565,-1.2671,0.7017,0.2511,-0.1230,0.2796,1.0315
17.8306,-0.2321,0.7306,0.2283,-0.1168,0.2565,-1.2651,0.7010,0.2503,-0.1216,0.2782,1.0334
17.8308,-0.2321,0.7306,0.2283,-0.1168,0.2565,-1.2630,0.7002,0.2501,-0.1205,0.2777,1.0313
17.8507,-0.2302,0.7297,0.2293,-0.1162,0.2570,-1.2610,0.6994,0.2497,-0.1194,0.2767,1.0313
17.8511,-0.2283,0.7288,0.2293,-0.1162,0.2570,-1.2592,0.6986,0.2494,-0.1183,0.2760,1.0313
17.8704,-0.2264,0.7280,0.2299,-0.1155,0.2573,-1.2573,0.6979,0.2488,-0.1175,0.2751,1.0314
17.8708,-0.2245,0.7273,0.2299,-0.1155,0.2573,-1.2555,0.6972,0.2488,-0.1175,0.2751,1.0314
17.8906,-0.2225,0.7265,0.2298,-0.1149,0.2569,-1.2535,0.6965,0.2476,-0.1158,0.2733,1.0315
17.8911,-0.2206,0.7257,0.2298,-0.1149,0.2569,-1.2515,0.6958,0.2469,-0.1148,0.2723,1.0313
17.9003,-0.2187,0.7249,0.2296,-0.1139,0.2563,-1.2494,0.6951,0.2470,-0.1139,0.2720,1.0311
17.9005,-0.2172,0.7243,0.2298,-0.1135,0.2563,-1.2477,0.6945,0.2473,-0.1127,0.2718,1.0309
17.9202,-0.2151,0.7234,0.2288,-0.1124,0.2549,-1.2453,0.6936,0.2466,-0.1111,0.2704,1.0306
17.9205,-0.2132,0.7226,0.2294,-0.1121,0.2553,-1.2432,0.6927,0.2473,-0.1107,0.2710,1.0305
17.9402,-0.2113,0.7219,0.2296,-0.1117,0.2553,-1.2413,0.6920,0.2477,-0.1101,0.2710,1.0305
17.9406,-0.2092,0.7212,0.2296,-0.1117,0.2553,-1.2393,0.6912,0.2477,-0.1101,0.2710,1.0305
17.9510,-0.2072,0.7205,0.2297,-0.1106,0.2549,-1.2373,0.6904,0.2471,-0.1086,0.2699,1.0305
17.9514,-0.2056,0.7200,0.2297,-0.1106,0.2549,-1.2357,0.6899,0.2471,-0.1086,0.2699,1.0305
17.9704,-0.2036,0.7193,0.2289,-0.1090,0.2535,-1.2334,0.6892,0.2453,-0.1062,0.2673,1.0303
17.9710,-0.2016,0.7186,0.2289,-0.1090,0.2535,-1.2312,0.6885,0.2455,-0.1051,0.2670,1.0300
17.9905,-0.1997,0.7180,0.2293,-0.1074,0.2532,-1.2292,0.6878,0.2454,-0.1044,0.2667,1.0299
17.9909,-0.1978,0.7173,0.2293,-0.1074,0.2532,-1.2273,0.6872,0.2454,-0.1044,0.2667,1.0299
18.0102,-0.1958,0.7166,0.2292,-0.1058,0.2525,-1.2253,0.6865,0.2447,-0.1025,0.2653,1.0299
18.0105,-0.1942,0.7162,0.2292,-0.1058,0.2525,-1.2238,0.6860,0.2447,-0.1025,0.2653,1.0301
18.0203,-0.1919,0.7155,0.2287,-0.1040,0.2513,-1.2217,0.6851,0.2433,-0.1005,0.2632,1.0302
18.0206,-0.1898,0.7149,0.2287,-0.1040,0.2513,-1.2197,0.6844,0.2433,-0.1005,0.2632,1.0303
18.0404,-0.1878,0.7143,0.2304,-0.1031,0.2524,-1.2176,0.6838,0.2435,-0.1000,0.2632,1.0303
18.0408,-0.1859,0.7136,0.2304,-0.1031,0.2524,-1.2157,0.6832,0.2435,-0.1000,0.2632,1.0302
18.0501,-0.1840,0.7129,0.2303,-0.1013,0.2516,-1.2137,0.6826,0.2431,-0.0981,0.2622,1.0301
18.0505,-0.1821,0.7123,0.2302,-0.1004,0.2512,-1.2117,0.6819,0.2431,-0.0981,0.2622,1.0301
18.0704,-0.1800,0.7116,0.2308,-0.0997,0.2514,-1.2097,0.6813,0.2429,-0.0966,0.2614,1.0301
18.0708,-0.1782,0.7110,0.2308,-0.0997,0.2514,-1.2079,0.6807,0.2424,-0.0958,0.2606,1.0301
18.0906,-0.1761,0.7104,0.2313,-0.0982,0.2513,-1.2057,0.6801,0.2424,-0.0950,0.2604,1.0301
18.0911,-0.1742,0.7100,0.2313,-0.0982,0.2513,-1.2039,0.6795,0.2421,-0.0939,0.2596,1.0302
18.1001,-0.1723,0.7095,0.2313,-0.0963,0.2505,-1.2020,0.6790,0.2417,-0.0928,0.2589,1.0301
18.1005,-0.1704,0.7091,0.2313,-0.0963,0.2505,-1.1998,0.6784,0.2417,-0.0928,0.2589,1.0299
18.1204,-0.1684,0.7086,0.2317,-0.0944,0.2502,-1.1978,0.6779,0.2422,-0.0912,0.2588,1.0299
18.1208,-0.1664,0.7081,0.2317,-0.0944,0.2502,-1.1956,0.6773,0.2422,-0.0912,0.2588,1.0297
18.1307,-0.1643,0.7076,0.2323,-0.0921,0.2498,-1.1936,0.6767,0.2425,-0.0899,0.2586,1.0298
18.1310,-0.1623,0.7071,0.2323,-0.0921,0.2498,-1.1917,0.6760,0.2425,-0.0899,0.2586,1.0298
18.1504,-0.1604,0.7067,0.2328,-0.0900,0.2496,-1.1899,0.6754,0.2422,-0.0891,0.2580,1.0299
18.1507,-0.1582,0.7063,0.2328,-0.0900,0.2496,-1.1878,0.6747,0.2422,-0.0891,0.2580,1.0301
18.1702,-0.1563,0.7059,0.2330,-0.0879,0.2490,-1.1860,0.6742,0.2410,-0.0876,0.2564,1.0301
18.1706,-0.1542,0.7055,0.2330,-0.0879,0.2490,-1.1838,0.6736,0.2410,-0.0876,0.2564,1.0301
18.1800,-0.1524,0.7052,0.2332,-0.0861,0.2486,-1.1818,0.6731,0.2407,-0.0862,0.2556,1.0299
18.1806,-0.1504,0.7048,0.2332,-0.0861,0.2486,-1.1796,0.6726,0.2410,-0.0856,0.2557,1.0297
18.2001,-0.1485,0.7045,0.2332,-0.0839,0.2478,-1.1776,0.6721,0.2408,-0.0847,0.2553,1.0297
18.2004,-0.1466,0.7041,0.2332,-0.0839,0.2478,-1.1755,0.6716,0.2408,-0.0847,0.2553,1.0294
18.2205,-0.1444,0.7038,0.2335,-0.0819,0.2474,-1.1732,0.6708,0.2410,-0.0836,0.2551,1.0293
18.2210,-0.1425,0.7035,0.2339,-0.0810,0.2475,-1.1713,0.6703,0.2414,-0.0832,0.2554,1.0293
18.2302,-0.1405,0.7032,0.2336,-0.0797,0.2468,-1.1691,0.6697,0.2410,-0.0823,0.2547,1.0292
18.2308,-0.1386,0.7031,0.2336,-0.0797,0.2468,-1.1671,0.6692,0.2410,-0.0823,0.2547,1.0291
18.2506,-0.1346,0.7028,0.2333,-0.0768,0.2456,-1.1651,0.6687,0.2410,-0.0807,0.2542,1.0310
18.2509,-0.1346,0.7028,0.2333,-0.0768,0.2456,-1.1630,0.6683,0.2414,-0.0803,0.2544,1.0289
18.2702,-0.1327,0.7026,0.2338,-0.0739,0.2452,-1.1609,0.6678,0.2415,-0.0797,0.2543,1.0288
18.2708,-0.1307,0.7025,0.2338,-0.0739,0.2452,-1.1587,0.6673,0.2411,-0.0791,0.2538,1.0287
18.2800,-0.1288,0.7024,0.2344,-0.0709,0.2449,-1.1567,0.6668,0.2418,-0.0786,0.2543,1.0285
18.2803,-0.1267,0.7023,0.2344,-0.0709,0.2449,-1.1546,0.6663,0.2418,-0.0786,0.2543,1.0284
18.3002,-0.1248,0.7022,0.2345,-0.0675,0.2440,-1.1526,0.6659,0.2416,-0.0770,0.2536,1.0284
18.3006,-0.1227,0.7021,0.2345,-0.0675,0.2440,-1.1505,0.6655,0.2416,-0.0770,0.2536,1.0284
18.3200,-0.1206,0.7020,0.2345,-0.0643,0.2432,-1.1485,0.6651,0.2412,-0.0751,0.2526,1.0285
18.3203,-0.1183,0.7019,0.2345,-0.0643,0.2432,-1.1463,0.6647,0.2415,-0.0745,0.2527,1.0287
18.3300,-0.1163,0.7018,0.2355,-0.0611,0.2433,-1.1446,0.6644,0.2415,-0.0739,0.2526,1.0290
18.3302,-0.1144,0.7017,0.2355,-0.0611,0.2433,-1.1426,0.6640,0.2415,-0.0739,0.2526,1.0289
18.3502,-0.1123,0.7015,0.2356,-0.0578,0.2425,-1.1406,0.6636,0.2407,-0.0724,0.2514,1.0290
18.3504,-0.1104,0.7014,0.2356,-0.0578,0.2425,-1.1385,0.6631,0.2407,-0.0724,0.2514,1.0288
18.3703,-0.1084,0.7012,0.2359,-0.0549,0.2422,-1.1363,0.6626,0.2415,-0.0710,0.2517,1.0286
18.3706,-0.1066,0.7011,0.2359,-0.0536,0.2419,-1.1344,0.6621,0.2420,-0.0706,0.2521,1.0285
18.3801,-0.1045,0.7009,0.2358,-0.0524,0.2415,-1.1322,0.6616,0.2421,-0.0702,0.2521,1.0285
18.3804,-0.1025,0.7008,0.2358,-0.0524,0.2415,-1.1303,0.6612,0.2426,-0.0698,0.2525,1.0285
18.4003,-0.1003,0.7006,0.2361,-0.0498,0.2413,-1.1282,0.6607,0.2424,-0.0693,0.2521,1.0287
18.4006,-0.0982,0.7004,0.2361,-0.0498,0.2413,-1.1260,0.6603,0.2424,-0.0693,0.2521,1.0286
18.4203,-0.0960,0.7003,0.2380,-0.0477,0.2428,-1.1240,0.6598,0.2433,-0.0686,0.2528,1.0287
18.4205,-0.0940,0.7002,0.2382,-0.0462,0.2426,-1.1219,0.6594,0.2427,-0.0675,0.2519,1.0287
18.4302,-0.0924,0.7001,0.2383,-0.0448,0.2425,-1.1203,0.6592,0.2427,-0.0667,0.2517,1.0287
18.4306,-0.0901,0.7000,0.2383,-0.0448,0.2425,-1.1180,0.6587,0.2421,-0.0656,0.2508,1.0288
18.4502,-0.0879,0.6999,0.2383,-0.0424,0.2420,-1.1158,0.6582,0.2425,-0.0649,0.2510,1.0287
18.4505,-0.0859,0.6999,0.2383,-0.0424,0.2420,-1.1139,0.6578,0.2425,-0.0649,0.2510,1.0288
18.4599,-0.0838,0.6999,0.2394,-0.0402,0.2428,-1.1118,0.6574,0.2435,-0.0643,0.2518,1.0289
18.4804,-0.0815,0.6999,0.2395,-0.0388,0.2427,-1.1094,0.6569,0.2432,-0.0637,0.2514,1.0289
18.4809,-0.0797,0.7000,0.2395,-0.0388,0.2427,-1.1077,0.6566,0.2434,-0.0632,0.2515,1.0290
18.4898,-0.0773,0.7000,0.2401,-0.0360,0.2428,-1.1053,0.6561,0.2430,-0.0626,0.2509,1.0290
18.4900,-0.0753,0.7000,0.2401,-0.0360,0.2428,-1.1035,0.6557,0.2438,-0.0622,0.2517,1.0291
18.5106,-0.0734,0.7000,0.2410,-0.0332,0.2433,-1.1017,0.6554,0.2436,-0.0616,0.2513,1.0292
18.5109,-0.0713,0.7001,0.2415,-0.0323,0.2437,-1.0994,0.6550,0.2443,-0.0611,0.2518,1.0291
18.5198,-0.0690,0.7002,0.2413,-0.0309,0.2432,-1.0971,0.6546,0.2445,-0.0602,0.2518,1.0291
18.5202,-0.0672,0.7002,0.2413,-0.0309,0.2432,-1.0952,0.6543,0.2452,-0.0596,0.2524,1.0291
18.5405,-0.0632,0.7003,0.2413,-0.0281,0.2429,-1.0932,0.6540,0.2448,-0.0589,0.2518,1.0310
18.5408,-0.0632,0.7003,0.2413,-0.0281,0.2429,-1.0912,0.6537,0.2449,-0.0583,0.2517,1.0290
18.5603,-0.0612,0.7003,0.2416,-0.0252,0.2429,-1.0890,0.6534,0.2450,-0.0577,0.2517,1.0289
18.5606,-0.0590,0.7004,0.2416,-0.0252,0.2429,-1.0869,0.6531,0.2454,-0.0571,0.2519,1.0290
18.5703,-0.0549,0.7005,0.2423,-0.0211,0.2432,-1.0850,0.6528,0.2456,-0.0564,0.2520,1.0311
18.5706,-0.0549,0.7005,0.2423,-0.0211,0.2432,-1.0829,0.6526,0.2458,-0.0558,0.2520,1.0291
18.5904,-0.0529,0.7005,0.2423,-0.0198,0.2431,-1.0809,0.6525,0.2455,-0.0549,0.2516,1.0292
18.5908,-0.0508,0.7005,0.2423,-0.0198,0.2431,-1.0788,0.6523,0.2460,-0.0542,0.2519,1.0292
18.6102,-0.0486,0.7006,0.2430,-0.0180,0.2437,-1.0766,0.6521,0.2463,-0.0534,0.2520,1.0292
18.6105,-0.0467,0.7006,0.2430,-0.0180,0.2437,-1.0747,0.6520,0.2463,-0.0534,0.2520,1.0291
18.6198,-0.0444,0.7007,0.2433,-0.0161,0.2438,-1.0724,0.6519,0.2462,-0.0518,0.2516,1.0291
18.6201,-0.0422,0.7007,0.2433,-0.0161,0.2438,-1.0704,0.6518,0.2464,-0.0509,0.2516,1.0293
18.6401,-0.0400,0.7008,0.2441,-0.0138,0.2445,-1.0683,0.6517,0.2465,-0.0498,0.2515,1.0294
18.6406,-0.0379,0.7009,0.2441,-0.0138,0.2445,-1.0663,0.6517,0.2468,-0.0486,0.2516,1.0295
18.6601,-0.0358,0.7010,0.2450,-0.0117,0.2453,-1.0641,0.6516,0.2472,-0.0475,0.2517,1.0295
18.6606,-0.0339,0.7011,0.2450,-0.0117,0.2453,-1.0621,0.6515,0.2475,-0.0463,0.2518,1.0294
18.6707,-0.0319,0.7012,0.2449,-0.0097,0.2451,-1.0601,0.6515,0.2478,-0.0454,0.2519,1.0294
18.6711,-0.0298,0.7013,0.2447,-0.0087,0.2448,-1.0580,0.6514,0.2474,-0.0443,0.2514,1.0294
18.6902,-0.0279,0.7013,0.2452,-0.0079,0.2453,-1.0561,0.6513,0.2476,-0.0435,0.2514,1.0294
18.6906,-0.0258,0.7013,0.2452,-0.0079,0.2453,-1.0538,0.6513,0.2476,-0.0435,0.2514,1.0293
18.7003,-0.0239,0.7013,0.2454,-0.0063,0.2455,-1.0519,0.6512,0.2476,-0.0417,0.2511,1.0292
18.7008,-0.0215,0.7013,0.2453,-0.0056,0.2454,-1.0494,0.6512,0.2472,-0.0407,0.2506,1.0292
18.7202,-0.0195,0.7013,0.2459,-0.0049,0.2460,-1.0476,0.6511,0.2475,-0.0394,0.2506,1.0293
18.7205,-0.0171,0.7013,0.2460,-0.0044,0.2460,-1.0455,0.6510,0.2473,-0.0383,0.2503,1.0296
18.7404,-0.0152,0.7013,0.2467,-0.0039,0.2468,-1.0436,0.6510,0.2473,-0.0373,0.2501,1.0297
18.7408,-0.0129,0.7013,0.2468,-0.0035,0.2468,-1.0414,0.6509,0.2471,-0.0365,0.2498,1.0297
18.7507,-0.0110,0.7013,0.2473,-0.0032,0.2473,-1.0395,0.6508,0.2474,-0.0357,0.2500,1.0297
18.7511,-0.0089,0.7013,0.2473,-0.0032,0.2473,-1.0372,0.6507,0.2474,-0.0357,0.2500,1.0296
18.7704,-0.0069,0.7013,0.2476,-0.0027,0.2476,-1.0352,0.6506,0.2474,-0.0341,0.2497,1.0295
18.7709,-0.0048,0.7013,0.2476,-0.0024,0.2476,-1.0330,0.6506,0.2471,-0.0333,0.2494,1.0295
18.7900,-0.0025,0.7012,0.2480,-0.0023,0.2480,-1.0306,0.6505,0.2473,-0.0324,0.2494,1.0294
18.7905,-0.0004,0.7012,0.2480,-0.0023,0.2480,-1.0283,0.6505,0.2478,-0.0315,0.2498,1.0291
18.8100,0.0015,0.7012,0.2487,-0.0019,0.2487,-1.0263,0.6505,0.2485,-0.0308,0.2504,1.0291
18.8103,0.0035,0.7012,0.2487,-0.0019,0.2487,-1.0242,0.6505,0.2485,-0.0308,0.2504,1.0290
18.8199,0.0059,0.7012,0.2483,-0.0017,0.2483,-1.0219,0.6505,0.2485,-0.0293,0.2502,1.0290
18.8202,0.0077,0.7011,0.2484,-0.0015,0.2484,-1.0200,0.6505,0.2489,-0.0285,0.2505,1.0290
18.8404,0.0097,0.7011,0.2480,-0.0013,0.2480,-1.0179,0.6505,0.2491,-0.0278,0.2507,1.0288
18.8408,0.0117,0.7011,0.2481,-0.0010,0.2481,-1.0156,0.6505,0.2495,-0.0270,0.2509,1.0286
18.8501,0.0136,0.7011,0.2481,-0.0008,0.2481,-1.0135,0.6505,0.2500,-0.0262,0.2514,1.0283
18.8504,0.0157,0.7011,0.2481,-0.0008,0.2481,-1.0111,0.6505,0.2500,-0.0252,0.2512,1.0281
18.8701,0.0176,0.7011,0.2483,-0.0002,0.2483,-1.0092,0.6505,0.2504,-0.0241,0.2515,1.0280
18.8800,0.0197,0.7011,0.2484,0.0001,0.2484,-1.0068,0.6506,0.2505,-0.0232,0.2516,1.0277
18.8802,0.0216,0.7011,0.2484,0.0001,0.2484,-1.0048,0.6506,0.2505,-0.0232,0.2516,1.0277
18.8909,0.0237,0.7012,0.2483,0.0007,0.2483,-1.0026,0.6507,0.2509,-0.0211,0.2518,1.0275
18.8912,0.0256,0.7013,0.2483,0.0007,0.2483,-1.0006,0.6507,0.2509,-0.0211,0.2518,1.0274
18.9100,0.0277,0.7014,0.2476,0.0017,0.2476,-0.9984,0.6508,0.2509,-0.0190,0.2517,1.0273
18.9104,0.0299,0.7017,0.2476,0.0017,0.2476,-0.9960,0.6509,0.2509,-0.0190,0.2517,1.0272
18.9301,0.0319,0.7019,0.2478,0.0031,0.2478,-0.9940,0.6510,0.2517,-0.0170,0.2523,1.0271
18.9304,0.0340,0.7021,0.2478,0.0031,0.2478,-0.9917,0.6512,0.2517,-0.0170,0.2523,1.0269
18.9401,0.0360,0.7022,0.2482,0.0042,0.2482,-0.9894,0.6513,0.2527,-0.0151,0.2532,1.0266
18.9403,0.0383,0.7024,0.2482,0.0042,0.2482,-0.9869,0.6516,0.2527,-0.0151,0.2532,1.0264
18.9602,0.0400,0.7026,0.2484,0.0051,0.2484,-0.9850,0.6518,0.2540,-0.0125,0.2543,1.0262
18.9604,0.0422,0.7028,0.2484,0.0051,0.2484,-0.9825,0.6522,0.2540,-0.0125,0.2543,1.0259
18.9802,0.0440,0.7030,0.2472,0.0057,0.2473,-0.9804,0.6525,0.2539,-0.0094,0.2541,1.0257
18.9901,0.0462,0.7032,0.2474,0.0060,0.2475,-0.9781,0.6529,0.2546,-0.0081,0.2548,1.0255
18.9904,0.0481,0.7034,0.2474,0.0060,0.2475,-0.9762,0.6532,0.2545,-0.0063,0.2546,1.0255
19.0003,0.0504,0.7037,0.2467,0.0068,0.2468,-0.9737,0.6535,0.2546,-0.0051,0.2546,1.0254
19.0007,0.0525,0.7040,0.2467,0.0068,0.2468,-0.9716,0.6538,0.2558,-0.0039,0.2559,1.0254
19.0200,0.0547,0.7043,0.2476,0.0078,0.2477,-0.9694,0.6542,0.2557,-0.0024,0.2557,1.0253
19.0204,0.0567,0.7046,0.2476,0.0078,0.2477,-0.9671,0.6547,0.2555,-0.0009,0.2555,1.0250
19.0402,0.0588,0.7049,0.2478,0.0088,0.2479,-0.9647,0.6552,0.2564,0.0007,0.2564,1.0246
19.0405,0.0607,0.7052,0.2479,0.0093,0.2481,-0.9625,0.6556,0.2571,0.0023,0.2571,1.0244
19.0501,0.0626,0.7054,0.2479,0.0098,0.2481,-0.9603,0.6560,0.2574,0.0037,0.2574,1.0241
19.0504,0.0649,0.7057,0.2479,0.0098,0.2481,-0.9579,0.6565,0.2574,0.0037,0.2574,1.0239
19.0701,0.0668,0.7059,0.2476,0.0106,0.2478,-0.9558,0.6569,0.2579,0.0068,0.2580,1.0238
19.0704,0.0692,0.7062,0.2476,0.0106,0.2478,-0.9532,0.6575,0.2584,0.0081,0.2585,1.0236
19.0798,0.0714,0.7065,0.2483,0.0115,0.2486,-0.9511,0.6580,0.2595,0.0098,0.2597,1.0236
19.0803,0.0737,0.7070,0.2483,0.0115,0.2486,-0.9486,0.6587,0.2595,0.0098,0.2597,1.0234
19.1003,0.0756,0.7074,0.2489,0.0129,0.2492,-0.9465,0.6592,0.2604,0.0129,0.2607,1.0233
19.1006,0.0775,0.7079,0.2489,0.0129,0.2492,-0.9445,0.6597,0.2604,0.0129,0.2607,1.0231
19.1203,0.0795,0.7085,0.2483,0.0146,0.2488,-0.9420,0.6603,0.2604,0.0154,0.2609,1.0226
19.1206,0.0814,0.7089,0.2483,0.0146,0.2488,-0.9398,0.6608,0.2604,0.0154,0.2609,1.0223
19.1405,0.0836,0.7095,0.2472,0.0164,0.2477,-0.9372,0.6615,0.2611,0.0180,0.2617,1.0219
19.1408,0.0856,0.7099,0.2472,0.0164,0.2477,-0.9349,0.6621,0.2611,0.0180,0.2617,1.0216
19.1503,0.0876,0.7103,0.2471,0.0180,0.2478,-0.9328,0.6627,0.2628,0.0209,0.2637,1.0216
19.1506,0.0899,0.7108,0.2471,0.0180,0.2478,-0.9304,0.6634,0.2628,0.0209,0.2637,1.0214
19.1704,0.0920,0.7112,0.2476,0.0193,0.2483,-0.9282,0.6641,0.2633,0.0239,0.2644,1.0213
19.1708,0.0942,0.7119,0.2477,0.0201,0.2485,-0.9260,0.6648,0.2638,0.0252,0.2650,1.0213
19.1801,0.0963,0.7125,0.2481,0.0212,0.2490,-0.9238,0.6655,0.2641,0.0268,0.2655,1.0211
19.1806,0.0985,0.7132,0.2481,0.0212,0.2490,-0.9215,0.6661,0.2641,0.0268,0.2655,1.0211
19.2001,0.1004,0.7138,0.2485,0.0237,0.2496,-0.9194,0.6667,0.2646,0.0297,0.2663,1.0209
19.2003,0.1027,0.7145,0.2486,0.0249,0.2499,-0.9170,0.6674,0.2649,0.0309,0.2667,1.0207
19.2204,0.1046,0.7150,0.2483,0.0263,0.2496,-0.9148,0.6679,0.2649,0.0324,0.2669,1.0205
19.2302,0.1069,0.7157,0.2483,0.0274,0.2498,-0.9121,0.6687,0.2657,0.0336,0.2678,1.0201
19.2306,0.1088,0.7162,0.2483,0.0274,0.2498,-0.9098,0.6693,0.2667,0.0353,0.2691,1.0196
19.2402,0.1108,0.7168,0.2479,0.0299,0.2497,-0.9073,0.6699,0.2676,0.0366,0.2701,1.0191
19.2407,0.1126,0.7174,0.2479,0.0299,0.2497,-0.9050,0.6704,0.2682,0.0380,0.2709,1.0187
19.2601,0.1145,0.7180,0.2473,0.0321,0.2493,-0.9027,0.6710,0.2690,0.0393,0.2718,1.0183
19.2604,0.1166,0.7187,0.2468,0.0334,0.2491,-0.9003,0.6717,0.2690,0.0393,0.2718,1.0179
19.2699,0.1185,0.7194,0.2469,0.0349,0.2494,-0.8980,0.6724,0.2698,0.0422,0.2730,1.0176
19.2900,0.1206,0.7202,0.2465,0.0363,0.2491,-0.8955,0.6731,0.2700,0.0435,0.2735,1.0172
19.2903,0.1225,0.7208,0.2465,0.0363,0.2491,-0.8934,0.6736,0.2700,0.0435,0.2735,1.0170
19.2999,0.1267,0.7222,0.2467,0.0408,0.2500,-0.8908,0.6743,0.2699,0.0462,0.2738,1.0187
19.3001,0.1267,0.7222,0.2467,0.0408,0.2500,-0.8885,0.6748,0.2711,0.0476,0.2753,1.0164
19.3202,0.1286,0.7229,0.2464,0.0421,0.2500,-0.8863,0.6754,0.2714,0.0487,0.2758,1.0160
19.3206,0.1306,0.7236,0.2455,0.0435,0.2493,-0.8838,0.6761,0.2714,0.0487,0.2758,1.0156
19.3302,0.1326,0.7242,0.2459,0.0449,0.2500,-0.8814,0.6767,0.2724,0.0512,0.2772,1.0151
19.3306,0.1344,0.7249,0.2459,0.0449,0.2500,-0.8790,0.6774,0.2724,0.0512,0.2772,1.0145
19.3502,0.1364,0.7256,0.2454,0.0475,0.2499,-0.8765,0.6779,0.2733,0.0537,0.2785,1.0141
19.3506,0.1386,0.7263,0.2454,0.0475,0.2499,-0.8740,0.6786,0.2733,0.0537,0.2785,1.0138
19.3601,0.1406,0.7270,0.2458,0.0504,0.2509,-0.8718,0.6792,0.2742,0.0561,0.2799,1.0135
19.3604,0.1428,0.7277,0.2458,0.0504,0.2509,-0.8696,0.6799,0.2742,0.0561,0.2799,1.0135
19.3803,0.1448,0.7283,0.2462,0.0531,0.2518,-0.8673,0.6805,0.2745,0.0586,0.2806,1.0133
19.3807,0.1468,0.7290,0.2464,0.0544,0.2524,-0.8651,0.6811,0.2745,0.0586,0.2806,1.0131
19.4001,0.1489,0.7298,0.2463,0.0557,0.2525,-0.8628,0.6818,0.2749,0.0609,0.2816,1.0128
19.4004,0.1508,0.7307,0.2463,0.0557,0.2525,-0.8605,0.6824,0.2749,0.0609,0.2816,1.0124
19.4101,0.1528,0.7317,0.2461,0.0585,0.2530,-0.8579,0.6831,0.2759,0.0632,0.2830,1.0119
19.4302,0.1550,0.7327,0.2459,0.0599,0.2531,-0.8552,0.6840,0.2762,0.0644,0.2837,1.0114
19.4305,0.1568,0.7333,0.2459,0.0599,0.2531,-0.8530,0.6845,0.2762,0.0644,0.2837,1.0110
19.4401,0.1586,0.7339,0.2457,0.0625,0.2535,-0.8509,0.6851,0.2773,0.0668,0.2852,1.0107
19.4404,0.1611,0.7348,0.2454,0.0633,0.2534,-0.8480,0.6862,0.2773,0.0668,0.2852,1.0103
19.4602,0.1630,0.7355,0.2458,0.0648,0.2542,-0.8458,0.6869,0.2778,0.0691,0.2863,1.0100
19.4604,0.1650,0.7363,0.2458,0.0648,0.2542,-0.8435,0.6875,0.2778,0.0691,0.2863,1.0097
19.4701,0.1690,0.7381,0.2457,0.0670,0.2547,-0.8413,0.6882,0.2780,0.0707,0.2869,1.0116
19.4703,0.1690,0.7381,0.2457,0.0670,0.2547,-0.8391,0.6889,0.2780,0.0707,0.2869,1.0093
19.4902,0.1711,0.7389,0.2456,0.0696,0.2553,-0.8368,0.6896,0.2780,0.0720,0.2872,1.0090
19.4905,0.1731,0.7398,0.2456,0.0696,0.2553,-0.8345,0.6903,0.2780,0.0720,0.2872,1.0088
19.5100,0.1755,0.7407,0.2454,0.0722,0.2558,-0.8319,0.6911,0.2785,0.0736,0.2881,1.0086
19.5104,0.1774,0.7414,0.2454,0.0722,0.2558,-0.8295,0.6918,0.2794,0.0746,0.2892,1.0082
19.5199,0.1797,0.7424,0.2455,0.0743,0.2565,-0.8268,0.6927,0.2797,0.0752,0.2896,1.0077
19.5202,0.1816,0.7432,0.2455,0.0743,0.2565,-0.8246,0.6934,0.2797,0.0752,0.2896,1.0074
19.5400,0.1835,0.7441,0.2456,0.0766,0.2572,-0.8223,0.6943,0.2801,0.0765,0.2904,1.0070
19.5402,0.1852,0.7449,0.2455,0.0778,0.2575,-0.8202,0.6950,0.2804,0.0774,0.2908,1.0066
19.5603,0.1888,0.7468,0.2444,0.0804,0.2572,-0.8178,0.6959,0.2803,0.0781,0.2910,1.0079
19.5606,0.1888,0.7468,0.2444,0.0804,0.2572,-0.8156,0.6967,0.2803,0.0781,0.2910,1.0057
19.5702,0.1906,0.7476,0.2439,0.0817,0.2572,-0.8135,0.6974,0.2802,0.0796,0.2913,1.0054
19.5707,0.1928,0.7485,0.2439,0.0817,0.2572,-0.8110,0.6983,0.2794,0.0798,0.2905,1.0051
19.5901,0.1947,0.7494,0.2427,0.0839,0.2568,-0.8087,0.6992,0.2801,0.0806,0.2915,1.0047
19.5905,0.1967,0.7503,0.2427,0.0839,0.2568,-0.8064,0.6999,0.2799,0.0809,0.2914,1.0044
19.5997,0.1987,0.7512,0.2422,0.0857,0.2569,-0.8041,0.7006,0.2803,0.0814,0.2919,1.0040
19.5999,0.2007,0.7523,0.2422,0.0857,0.2569,-0.8016,0.7014,0.2803,0.0814,0.2919,1.0036
19.6200,0.2024,0.7532,0.2424,0.0877,0.2578,-0.7994,0.7021,0.2808,0.0822,0.2926,1.0032
19.6202,0.2043,0.7541,0.2424,0.0877,0.2578,-0.7972,0.7028,0.2808,0.0822,0.2926,1.0028
19.6402,0.2062,0.7550,0.2413,0.0892,0.2573,-0.7947,0.7037,0.2800,0.0827,0.2919,1.0022
19.6406,0.2082,0.7559,0.2413,0.0892,0.2573,-0.7922,0.7047,0.2800,0.0827,0.2919,1.0017
19.6604,0.2099,0.7567,0.2411,0.0914,0.2579,-0.7901,0.7055,0.2812,0.0839,0.2935,1.0013
19.6608,0.2119,0.7576,0.2411,0.0914,0.2579,-0.7877,0.7065,0.2807,0.0840,0.2930,1.0009
19.6704,0.2142,0.7587,0.2399,0.0928,0.2572,-0.7853,0.7074,0.2811,0.0847,0.2936,1.0008
19.6707,0.2159,0.7594,0.2400,0.0936,0.2576,-0.7834,0.7081,0.2814,0.0853,0.2940,1.0006
19.6904,0.2181,0.7606,0.2392,0.0938,0.2569,-0.7807,0.7092,0.2808,0.0852,0.2934,1.0002
19.6907,0.2201,0.7616,0.2393,0.0948,0.2574,-0.7786,0.7102,0.2816,0.0862,0.2945,1.0000
19.7001,0.2218,0.7624,0.2393,0.0956,0.2577,-0.7765,0.7110,0.2817,0.0871,0.2948,0.9996
19.7004,0.2237,0.7634,0.2393,0.0956,0.2577,-0.7743,0.7119,0.2809,0.0873,0.2942,0.9993
19.7202,0.2254,0.7642,0.2381,0.0968,0.2570,-0.7723,0.7127,0.2809,0.0880,0.2943,0.9990
19.7205,0.2273,0.7651,0.2381,0.0968,0.2570,-0.7699,0.7136,0.2796,0.0880,0.2931,0.9986
19.7402,0.2294,0.7661,0.2371,0.0978,0.2565,-0.7674,0.7145,0.2797,0.0886,0.2934,0.9981
19.7406,0.2314,0.7671,0.2371,0.0978,0.2565,-0.7649,0.7154,0.2798,0.0893,0.2937,0.9976
19.7508,0.2332,0.7680,0.2375,0.0995,0.2575,-0.7627,0.7163,0.2802,0.0899,0.2942,0.9973
19.7602,0.2351,0.7690,0.2374,0.1001,0.2576,-0.7606,0.7174,0.2799,0.0906,0.2942,0.9970
19.7607,0.2369,0.7699,0.2374,0.1001,0.2576,-0.7585,0.7183,0.2795,0.0914,0.2940,0.9967
19.7803,0.2389,0.7710,0.2368,0.1010,0.2575,-0.7560,0.7192,0.2791,0.0919,0.2938,0.9962
19.7807,0.2406,0.7720,0.2366,0.1017,0.2575,-0.7539,0.7200,0.2791,0.0923,0.2939,0.9958
19.8000,0.2425,0.7729,0.2362,0.1024,0.2574,-0.7517,0.7209,0.2791,0.0929,0.2941,0.9955
19.8002,0.2443,0.7738,0.2362,0.1024,0.2574,-0.7497,0.7216,0.2791,0.0929,0.2941,0.9953
19.8102,0.2460,0.7746,0.2350,0.1031,0.2566,-0.7476,0.7224,0.2777,0.0936,0.2930,0.9950
19.8108,0.2480,0.7757,0.2350,0.1031,0.2566,-0.7455,0.7234,0.2773,0.0941,0.2928,0.9948
19.8302,0.2499,0.7767,0.2347,0.1042,0.2568,-0.7433,0.7243,0.2767,0.0946,0.2924,0.9946
19.8307,0.2516,0.7777,0.2346,0.1049,0.2570,-0.7414,0.7251,0.2767,0.0946,0.2924,0.9943
19.8402,0.2535,0.7788,0.2344,0.1055,0.2570,-0.7391,0.7261,0.2752,0.0956,0.2913,0.9940
19.8405,0.2556,0.7799,0.2344,0.1055,0.2570,-0.7368,0.7271,0.2752,0.0956,0.2913,0.9937
19.8601,0.2574,0.7808,0.2339,0.1071,0.2572,-0.7346,0.7280,0.2745,0.0969,0.2911,0.9935
19.8604,0.2594,0.7818,0.2339,0.1071,0.2572,-0.7325,0.7289,0.2745,0.0969,0.2911,0.9934
19.8802,0.2631,0.7837,0.2333,0.1083,0.2572,-0.7307,0.7298,0.2741,0.0981,0.2911,0.9952
19.8805,0.2631,0.7837,0.2333,0.1083,0.2572,-0.7286,0.7309,0.2733,0.0986,0.2906,0.9931
19.9001,0.2651,0.7848,0.2326,0.1094,0.2570,-0.7265,0.7320,0.2731,0.0995,0.2906,0.9930
19.9004,0.2670,0.7859,0.2326,0.1094,0.2570,-0.7245,0.7330,0.2731,0.0995,0.2906,0.9929
19.9101,0.2690,0.7871,0.2325,0.1105,0.2574,-0.7223,0.7340,0.2719,0.1012,0.2901,0.9928
19.9103,0.2708,0.7881,0.2323,0.1109,0.2574,-0.7203,0.7348,0.2719,0.1012,0.2901,0.9926
19.9301,0.2728,0.7892,0.2316,0.1110,0.2568,-0.7183,0.7357,0.2697,0.1017,0.2883,0.9925
19.9304,0.2748,0.7903,0.2319,0.1118,0.2574,-0.7163,0.7368,0.2695,0.1023,0.2883,0.9926
19.9501,0.2768,0.7913,0.2323,0.1128,0.2582,-0.7143,0.7378,0.2692,0.1033,0.2883,0.9926
19.9507,0.2768,0.7913,0.2323,0.1128,0.2582,-0.7125,0.7387,0.2673,0.1032,0.2866,0.9907
19.9599,0.2804,0.7933,0.2311,0.1134,0.2574,-0.7105,0.7397,0.2666,0.1036,0.2860,0.9923
19.9603,0.2823,0.7944,0.2311,0.1134,0.2574,-0.7084,0.7408,0.2666,0.1036,0.2860,0.9922
19.9800,0.2841,0.7955,0.2307,0.1145,0.2575,-0.7064,0.7416,0.2657,0.1051,0.2857,0.9920
19.9803,0.2860,0.7966,0.2307,0.1145,0.2575,-0.7043,0.7428,0.2657,0.1051,0.2857,0.9918
19.9901,0.2880,0.7978,0.2299,0.1154,0.2572,-0.7023,0.7439,0.2648,0.1063,0.2854,0.9917
19.9904,0.2900,0.7990,0.2297,0.1160,0.2573,-0.7002,0.7450,0.2648,0.1063,0.2854,0.9917
20.0104,0.2919,0.8002,0.2291,0.1166,0.2571,-0.6983,0.7460,0.2634,0.1077,0.2846,0.9917
20.0108,0.2936,0.8012,0.2290,0.1175,0.2574,-0.6965,0.7470,0.2626,0.1085,0.2841,0.9916
20.0305,0.2956,0.8024,0.2278,0.1177,0.2564,-0.6946,0.7481,0.2606,0.1085,0.2823,0.9917
20.0308,0.2977,0.8038,0.2281,0.1185,0.2571,-0.6924,0.7494,0.2601,0.1094,0.2822,0.9916
20.0400,0.2994,0.8049,0.2285,0.1193,0.2578,-0.6906,0.7505,0.2597,0.1103,0.2822,0.9915
20.0403,0.3012,0.8062,0.2285,0.1193,0.2578,-0.6885,0.7515,0.2597,0.1103,0.2822,0.9913
20.0602,0.3031,0.8074,0.2284,0.1205,0.2582,-0.6865,0.7525,0.2585,0.1113,0.2815,0.9911
20.0607,0.3048,0.8085,0.2284,0.1205,0.2582,-0.6847,0.7536,0.2583,0.1117,0.2815,0.9910
20.0804,0.3067,0.8097,0.2284,0.1218,0.2589,-0.6826,0.7548,0.2576,0.1123,0.2811,0.9908
20.0807,0.3084,0.8109,0.2284,0.1218,0.2589,-0.6808,0.7558,0.2576,0.1123,0.2811,0.9907
20.0900,0.3119,0.8132,0.2273,0.1229,0.2584,-0.6787,0.7571,0.2558,0.1133,0.2798,0.9923
20.0902,0.3119,0.8132,0.2273,0.1229,0.2584,-0.6771,0.7583,0.2553,0.1144,0.2797,0.9905
20.1101,0.3137,0.8144,0.2266,0.1240,0.2583,-0.6752,0.7595,0.2540,0.1153,0.2789,0.9904
20.1104,0.3154,0.8156,0.2266,0.1240,0.2583,-0.6735,0.7607,0.2528,0.1162,0.2782,0.9905
20.1304,0.3171,0.8167,0.2260,0.1247,0.2581,-0.6717,0.7619,0.2519,0.1172,0.2778,0.9903
20.1308,0.3189,0.8181,0.2260,0.1247,0.2581,-0.6697,0.7632,0.2511,0.1181,0.2775,0.9901
20.1399,0.3207,0.8194,0.2255,0.1262,0.2584,-0.6677,0.7644,0.2501,0.1189,0.2770,0.9900
20.1403,0.3223,0.8204,0.2255,0.1262,0.2584,-0.6661,0.7654,0.2501,0.1189,0.2770,0.9899
20.1604,0.3241,0.8217,0.2247,0.1275,0.2584,-0.6642,0.7666,0.2480,0.1198,0.2754,0.9898
20.1702,0.3262,0.8234,0.2243,0.1282,0.2583,-0.6620,0.7681,0.2470,0.1202,0.2747,0.9898
20.1706,0.3279,0.8246,0.2243,0.1282,0.2583,-0.6604,0.7692,0.2465,0.1213,0.2747,0.9898
20.1898,0.3299,0.8261,0.2239,0.1304,0.2591,-0.6582,0.7706,0.2460,0.1221,0.2746,0.9897
20.1901,0.3314,0.8271,0.2239,0.1304,0.2591,-0.6567,0.7717,0.2460,0.1221,0.2746,0.9896
20.2004,0.3335,0.8281,0.2227,0.1309,0.2583,-0.6545,0.7730,0.2438,0.1230,0.2731,0.9896
20.2008,0.3354,0.8289,0.2235,0.1313,0.2592,-0.6527,0.7741,0.2440,0.1239,0.2737,0.9896
20.2204,0.3373,0.8298,0.2235,0.1311,0.2591,-0.6507,0.7753,0.2433,0.1242,0.2732,0.9895
20.2207,0.3394,0.8310,0.2238,0.1313,0.2595,-0.6485,0.7768,0.2432,0.1252,0.2735,0.9894
20.2301,0.3412,0.8319,0.2242,0.1317,0.2600,-0.6467,0.7780,0.2428,0.1264,0.2738,0.9893
20.2306,0.3430,0.8329,0.2242,0.1317,0.2600,-0.6448,0.7795,0.2413,0.1270,0.2727,0.9892
20.2503,0.3446,0.8340,0.2233,0.1317,0.2592,-0.6430,0.7808,0.2403,0.1283,0.2724,0.9890
20.2507,0.3465,0.8352,0.2233,0.1317,0.2592,-0.6411,0.7824,0.2403,0.1283,0.2724,0.9890
20.2703,0.3483,0.8365,0.2228,0.1324,0.2592,-0.6391,0.7839,0.2390,0.1299,0.2720,0.9888
20.2707,0.3501,0.8377,0.2228,0.1331,0.2595,-0.6371,0.7854,0.2387,0.1312,0.2724,0.9886
20.2901,0.3518,0.8387,0.2223,0.1332,0.2592,-0.6353,0.7869,0.2377,0.1323,0.2720,0.9884
20.2904,0.3532,0.8396,0.2223,0.1332,0.2592,-0.6335,0.7881,0.2371,0.1337,0.2722,0.9880
20.3002,0.3558,0.8422,0.2214,0.1334,0.2585,-0.6315,0.7898,0.2364,0.1345,0.2719,0.9887
20.3004,0.3558,0.8422,0.2214,0.1334,0.2585,-0.6297,0.7913,0.2364,0.1364,0.2729,0.9868
20.3202,0.3568,0.8435,0.2196,0.1351,0.2578,-0.6278,0.7930,0.2358,0.1377,0.2731,0.9859
20.3207,0.3573,0.8447,0.2196,0.1351,0.2578,-0.6262,0.7943,0.2353,0.1392,0.2734,0.9848
20.3401,0.3578,0.8461,0.2148,0.1360,0.2543,-0.6245,0.7961,0.2341,0.1401,0.2728,0.9836
20.3406,0.3582,0.8469,0.2125,0.1368,0.2528,-0.6234,0.7972,0.2338,0.1419,0.2735,0.9828
20.3502,0.3598,0.8491,0.2093,0.1362,0.2497,-0.6217,0.7990,0.2314,0.1423,0.2717,0.9828
20.3504,0.3598,0.8491,0.2093,0.1362,0.2497,-0.6204,0.8004,0.2300,0.1438,0.2713,0.9813
20.3703,0.3610,0.8500,0.2047,0.1365,0.2460,-0.6188,0.8020,0.2285,0.1448,0.2705,0.9811
20.3708,0.3623,0.8509,0.2047,0.1365,0.2460,-0.6174,0.8035,0.2274,0.1462,0.2703,0.9809
20.3801,0.3638,0.8518,0.2024,0.1364,0.2441,-0.6158,0.8050,0.2264,0.1473,0.2701,0.9807
20.3805,0.3653,0.8526,0.2024,0.1364,0.2441,-0.6141,0.8066,0.2264,0.1473,0.2701,0.9805
20.4001,0.3667,0.8534,0.2004,0.1356,0.2419,-0.6124,0.8079,0.2249,0.1491,0.2699,0.9802
20.4004,0.3685,0.8546,0.2004,0.1356,0.2419,-0.6104,0.8095,0.2242,0.1497,0.2696,0.9799
20.4100,0.3697,0.8556,0.1990,0.1350,0.2404,-0.6089,0.8109,0.2238,0.1512,0.2701,0.9796
20.4103,0.3710,0.8571,0.1990,0.1350,0.2404,-0.6072,0.8127,0.2228,0.1523,0.2699,0.9792
20.4299,0.3720,0.8582,0.1965,0.1357,0.2389,-0.6060,0.8141,0.2222,0.1540,0.2703,0.9789
20.4301,0.3730,0.8594,0.1965,0.1357,0.2389,-0.6047,0.8157,0.2222,0.1540,0.2703,0.9786
20.4501,0.3742,0.8607,0.1924,0.1362,0.2357,-0.6035,0.8175,0.2193,0.1560,0.2691,0.9786
20.4504,0.3754,0.8619,0.1912,0.1369,0.2352,-0.6024,0.8191,0.2193,0.1560,0.2691,0.9787
20.4701,0.3767,0.8634,0.1899,0.1372,0.2343,-0.6011,0.8209,0.2162,0.1587,0.2682,0.9788
20.4705,0.3779,0.8648,0.1899,0.1372,0.2343,-0.5999,0.8224,0.2162,0.1587,0.2682,0.9787
20.4801,0.3786,0.8661,0.1875,0.1386,0.2332,-0.5987,0.8238,0.2131,0.1615,0.2674,0.9782
20.4804,0.3791,0.8675,0.1875,0.1386,0.2332,-0.5973,0.8254,0.2113,0.1621,0.2664,0.9773
20.5002,0.3793,0.8690,0.1823,0.1393,0.2294,-0.5959,0.8270,0.2098,0.1629,0.2657,0.9761
20.5004,0.3792,0.8702,0.1823,0.1393,0.2294,-0.5945,0.8285,0.2098,0.1629,0.2657,0.9747
20.5102,0.3792,0.8716,0.1746,0.1400,0.2238,-0.5930,0.8302,0.2075,0.1650,0.2650,0.9731
20.5104,0.3784,0.8728,0.1746,0.1400,0.2238,-0.5916,0.8319,0.2075,0.1650,0.2650,0.9709
20.5302,0.3777,0.8740,0.1656,0.1408,0.2174,-0.5903,0.8336,0.2059,0.1675,0.2654,0.9688
20.5305,0.3771,0.8753,0.1656,0.1408,0.2174,-0.5889,0.8354,0.2059,0.1675,0.2654,0.9668
20.5503,0.3769,0.8763,0.1553,0.1408,0.2096,-0.5877,0.8370,0.2034,0.1698,0.2650,0.9654
20.5506,0.3770,0.8774,0.1513,0.1403,0.2064,-0.5863,0.8388,0.2017,0.1710,0.2644,0.9641
20.5599,0.3770,0.8782,0.1477,0.1400,0.2035,-0.5852,0.8404,0.2003,0.1726,0.2644,0.9629
20.5602,0.3779,0.8789,0.1477,0.1400,0.2035,-0.5838,0.8421,0.1991,0.1737,0.2642,0.9624
20.5804,0.3790,0.8795,0.1425,0.1383,0.1986,-0.5826,0.8436,0.1975,0.1747,0.2636,0.9622
20.5807,0.3802,0.8801,0.1425,0.1383,0.1986,-0.5811,0.8453,0.1975,0.1747,0.2636,0.9618
20.6000,0.3813,0.8807,0.1397,0.1358,0.1948,-0.5797,0.8469,0.1954,0.1764,0.2632,0.9616
20.6002,0.3824,0.8814,0.1397,0.1358,0.1948,-0.5783,0.8488,0.1954,0.1764,0.2632,0.9612
20.6100,0.3831,0.8821,0.1374,0.1339,0.1919,-0.5772,0.8504,0.1939,0.1786,0.2636,0.9608
20.6104,0.3836,0.8830,0.1374,0.1339,0.1919,-0.5760,0.8522,0.1939,0.1786,0.2636,0.9601
20.6305,0.3840,0.8841,0.1330,0.1326,0.1878,-0.5748,0.8541,0.1914,0.1807,0.2632,0.9592
20.6309,0.3841,0.8852,0.1330,0.1326,0.1878,-0.5736,0.8558,0.1914,0.1807,0.2632,0.9581
20.6502,0.3842,0.8864,0.1268,0.1316,0.1828,-0.5723,0.8576,0.1883,0.1828,0.2624,0.9569
20.6505,0.3841,0.8873,0.1268,0.1316,0.1828,-0.5712,0.8591,0.1883,0.1828,0.2624,0.9557
20.6601,0.3840,0.8884,0.1201,0.1312,0.1779,-0.5698,0.8609,0.1859,0.1852,0.2624,0.9542
20.6606,0.3840,0.8893,0.1201,0.1312,0.1779,-0.5686,0.8625,0.1844,0.1857,0.2618,0.9530
20.6804,0.3839,0.8904,0.1122,0.1294,0.1713,-0.5674,0.8643,0.1835,0.1866,0.2617,0.9516
20.6807,0.3839,0.8913,0.1122,0.1294,0.1713,-0.5663,0.8660,0.1817,0.1874,0.2611,0.9505
20.7003,0.3839,0.8922,0.1049,0.1285,0.1659,-0.5653,0.8676,0.1808,0.1886,0.2612,0.9495
20.7006,0.3839,0.8933,0.1049,0.1285,0.1659,-0.5641,0.8694,0.1808,0.1886,0.2612,0.9483
20.7105,0.3840,0.8944,0.0970,0.1288,0.1612,-0.5630,0.8711,0.1771,0.1908,0.2603,0.9473
20.7109,0.3842,0.8954,0.0970,0.1288,0.1612,-0.5620,0.8726,0.1753,0.1916,0.2597,0.9465
20.7305,0.3846,0.8966,0.0896,0.1290,0.1570,-0.5609,0.8742,0.1731,0.1917,0.2583,0.9457
20.7309,0.3851,0.8981,0.0896,0.1290,0.1570,-0.5596,0.8759,0.1717,0.1923,0.2578,0.9449
20.7505,0.3854,0.8993,0.0841,0.1304,0.1551,-0.5585,0.8773,0.1704,0.1927,0.2572,0.9442
20.7510,0.3859,0.9008,0.0817,0.1307,0.1541,-0.5572,0.8790,0.1689,0.1929,0.2564,0.9433
20.7703,0.3863,0.9021,0.0787,0.1311,0.1529,-0.5560,0.8807,0.1677,0.1933,0.2559,0.9425
20.7707,0.3867,0.9033,0.0787,0.1311,0.1529,-0.5551,0.8821,0.1663,0.1935,0.2552,0.9420
20.7804,0.3873,0.9047,0.0732,0.1313,0.1503,-0.5540,0.8838,0.1641,0.1934,0.2536,0.9416
20.7808,0.3883,0.9062,0.0732,0.1313,0.1503,-0.5529,0.8856,0.1625,0.1938,0.2529,0.9414
20.8004,0.3892,0.9074,0.0702,0.1331,0.1504,-0.5521,0.8870,0.1612,0.1950,0.2530,0.9415
20.8007,0.3906,0.9086,0.0691,0.1327,0.1497,-0.5511,0.8886,0.1612,0.1950,0.2530,0.9419
20.8099,0.3919,0.9098,0.0695,0.1328,0.1499,-0.5502,0.8901,0.1572,0.1946,0.2502,0.9423
20.8101,0.3932,0.9109,0.0695,0.1328,0.1499,-0.5492,0.8918,0.1572,0.1946,0.2502,0.9426
20.8303,0.3945,0.9121,0.0719,0.1325,0.1507,-0.5483,0.8933,0.1541,0.1949,0.2484,0.9429
20.8308,0.3957,0.9135,0.0719,0.1325,0.1507,-0.5471,0.8949,0.1541,0.1949,0.2484,0.9429
20.8401,0.3967,0.9150,0.0749,0.1332,0.1529,-0.5461,0.8964,0.1526,0.1953,0.2479,0.9429
20.8501,0.3978,0.9169,0.0755,0.1338,0.1537,-0.5448,0.8982,0.1514,0.1948,0.2467,0.9428
20.8505,0.3986,0.9183,0.0761,0.1357,0.1556,-0.5440,0.8995,0.1511,0.1956,0.2472,0.9428
20.8704,0.3996,0.9200,0.0751,0.1365,0.1558,-0.5431,0.9011,0.1496,0.1950,0.2458,0.9429
20.8708,0.4006,0.9215,0.0751,0.1365,0.1558,-0.5424,0.9025,0.1496,0.1950,0.2458,0.9432
20.8901,0.4017,0.9231,0.0736,0.1396,0.1578,-0.5417,0.9041,0.1468,0.1951,0.2441,0.9436
20.8904,0.4029,0.9245,0.0736,0.1396,0.1578,-0.5411,0.9056,0.1447,0.1951,0.2429,0.9442
20.8997,0.4043,0.9260,0.0724,0.1421,0.1595,-0.5404,0.9072,0.1426,0.1955,0.2420,0.9449
20.9000,0.4056,0.9271,0.0724,0.1421,0.1595,-0.5399,0.9085,0.1400,0.1952,0.2402,0.9457
20.9204,0.4072,0.9286,0.0719,0.1430,0.1601,-0.5392,0.9100,0.1381,0.1951,0.2390,0.9466
20.9208,0.4086,0.9298,0.0719,0.1430,0.1601,-0.5385,0.9114,0.1381,0.1951,0.2390,0.9474
20.9402,0.4100,0.9312,0.0734,0.1433,0.1610,-0.5380,0.9127,0.1348,0.1945,0.2367,0.9482
20.9406,0.4114,0.9329,0.0734,0.1433,0.1610,-0.5372,0.9143,0.1335,0.1940,0.2355,0.9488
20.9502,0.4126,0.9345,0.0745,0.1444,0.1625,-0.5365,0.9157,0.1326,0.1936,0.2347,0.9494
20.9505,0.4137,0.9361,0.0745,0.1444,0.1625,-0.5359,0.9170,0.1316,0.1932,0.2338,0.9498
20.9704,0.4146,0.9378,0.0738,0.1455,0.1632,-0.5354,0.9183,0.1303,0.1924,0.2324,0.9501
20.9707,0.4157,0.9398,0.0733,0.1461,0.1634,-0.5347,0.9199,0.1290,0.1918,0.2312,0.9506
20.9902,0.4166,0.9413,0.0742,0.1474,0.1650,-0.5342,0.9212,0.1279,0.1921,0.2308,0.9510
21.0003,0.4189,0.9446,0.0751,0.1477,0.1657,-0.5336,0.9226,0.1263,0.1916,0.2295,0.9527
21.0007,0.4189,0.9446,0.0751,0.1477,0.1657,-0.5332,0.9238,0.1263,0.1916,0.2295,0.9523
21.0098,0.4200,0.9464,0.0792,0.1490,0.1687,-0.5327,0.9251,0.1227,0.1905,0.2266,0.9529
21.0100,0.4215,0.9484,0.0815,0.1495,0.1703,-0.5321,0.9266,0.1227,0.1905,0.2266,0.9539
21.0301,0.4229,0.9503,0.0862,0.1511,0.1739,-0.5316,0.9279,0.1190,0.1894,0.2237,0.9548
21.0304,0.4243,0.9524,0.0862,0.1511,0.1739,-0.5309,0.9292,0.1190,0.1894,0.2237,0.9555
21.0404,0.4256,0.9544,0.0945,0.1541,0.1808,-0.5303,0.9304,0.1159,0.1876,0.2205,0.9562
21.0407,0.4266,0.9563,0.0945,0.1541,0.1808,-0.5298,0.9314,0.1159,0.1876,0.2205,0.9567
21.0603,0.4275,0.9581,0.0992,0.1579,0.1864,-0.5294,0.9323,0.1131,0.1851,0.2170,0.9572
21.0606,0.4288,0.9603,0.1010,0.1598,0.1890,-0.5289,0.9334,0.1116,0.1837,0.2149,0.9581
21.0803,0.4299,0.9621,0.1018,0.1627,0.1920,-0.5285,0.9344,0.1099,0.1826,0.2131,0.9588
21.0899,0.4311,0.9643,0.1018,0.1653,0.1941,-0.5281,0.9356,0.1081,0.1815,0.2113,0.9596
21.0902,0.4322,0.9660,0.1018,0.1653,0.1941,-0.5278,0.9365,0.1060,0.1805,0.2093,0.9604
21.1002,0.4334,0.9679,0.1019,0.1707,0.1988,-0.5275,0.9376,0.1039,0.1792,0.2071,0.9613
21.1005,0.4347,0.9701,0.1019,0.1707,0.1988,-0.5272,0.9389,0.1015,0.1776,0.2046,0.9624
21.1204,0.4359,0.9721,0.1031,0.1760,0.2039,-0.5269,0.9401,0.1000,0.1770,0.2033,0.9633
21.1206,0.4371,0.9741,0.1031,0.1760,0.2039,-0.5266,0.9413,0.1000,0.1770,0.2033,0.9643
21.1299,0.4382,0.9762,0.1063,0.1799,0.2090,-0.5264,0.9424,0.0963,0.1744,0.1992,0.9651
21.1401,0.4395,0.9787,0.1081,0.1819,0.2116,-0.5261,0.9439,0.0944,0.1732,0.1973,0.9661
21.1404,0.4404,0.9806,0.1081,0.1819,0.2116,-0.5259,0.9449,0.0944,0.1732,0.1973,0.9670
21.1606,0.4414,0.9828,0.1126,0.1866,0.2179,-0.5258,0.9460,0.0905,0.1715,0.1939,0.9679
21.1610,0.4426,0.9848,0.1148,0.1887,0.2209,-0.5257,0.9472,0.0880,0.1702,0.1916,0.9690
21.1803,0.4439,0.9871,0.1172,0.1909,0.2240,-0.5255,0.9484,0.0860,0.1693,0.1899,0.9701
21.1807,0.4451,0.9892,0.1172,0.1909,0.2240,-0.5253,0.9495,0.0860,0.1693,0.1899,0.9712
21.1902,0.4464,0.9913,0.1224,0.1958,0.2309,-0.5251,0.9505,0.0819,0.1670,0.1860,0.9723
21.1906,0.4478,0.9936,0.1224,0.1958,0.2309,-0.5248,0.9517,0.0804,0.1659,0.1844,0.9735
21.2101,0.4490,0.9957,0.1278,0.2005,0.2378,-0.5245,0.9528,0.0786,0.1646,0.1824,0.9745
21.2106,0.4502,0.9981,0.1278,0.2005,0.2378,-0.5243,0.9541,0.0786,0.1646,0.1824,0.9755
21.2303,0.4512,1.0000,0.1320,0.2052,0.2440,-0.5241,0.9551,0.0754,0.1629,0.1795,0.9763
21.2310,0.4524,1.0023,0.1332,0.2066,0.2459,-0.5239,0.9564,0.0754,0.1629,0.1795,0.9774
21.2398,0.4534,1.0043,0.1347,0.2084,0.2481,-0.5238,0.9575,0.0713,0.1610,0.1761,0.9783
21.2400,0.4545,1.0065,0.1347,0.2084,0.2481,-0.5236,0.9587,0.0713,0.1610,0.1761,0.9793
21.2599,0.4556,1.0085,0.1374,0.2115,0.2522,-0.5235,0.9597,0.0672,0.1593,0.1729,0.9803
21.2602,0.4568,1.0106,0.1386,0.2127,0.2539,-0.5234,0.9609,0.0649,0.1581,0.1709,0.9814
21.2702,0.4581,1.0129,0.1403,0.2146,0.2564,-0.5232,0.9622,0.0634,0.1577,0.1699,0.9826
21.2707,0.4594,1.0151,0.1403,0.2146,0.2564,-0.5229,0.9634,0.0617,0.1568,0.1685,0.9837
21.2900,0.4606,1.0170,0.1423,0.2178,0.2602,-0.5227,0.9645,0.0600,0.1557,0.1668,0.9847
21.2904,0.4617,1.0190,0.1423,0.2178,0.2602,-0.5224,0.9657,0.0600,0.1557,0.1668,0.9856
21.3104,0.4630,1.0213,0.1424,0.2208,0.2628,-0.5221,0.9671,0.0574,0.1541,0.1645,0.9866
21.3108,0.4640,1.0234,0.1424,0.2208,0.2628,-0.5219,0.9682,0.0574,0.1541,0.1645,0.9874
21.3304,0.4652,1.0257,0.1415,0.2248,0.2656,-0.5216,0.9695,0.0547,0.1528,0.1623,0.9883
21.3307,0.4663,1.0278,0.1415,0.2248,0.2656,-0.5213,0.9709,0.0547,0.1528,0.1623,0.9893
21.3396,0.4675,1.0300,0.1413,0.2286,0.2688,-0.5212,0.9721,0.0515,0.1519,0.1604,0.9904
21.3400,0.4687,1.0321,0.1413,0.2286,0.2688,-0.5210,0.9734,0.0498,0.1516,0.1595,0.9915
21.3603,0.4700,1.0343,0.1418,0.2303,0.2705,-0.5208,0.9747,0.0477,0.1505,0.1579,0.9926
21.3607,0.4712,1.0364,0.1418,0.2303,0.2705,-0.5207,0.9759,0.0477,0.1505,0.1579,0.9937
21.3702,0.4736,1.0407,0.1431,0.2328,0.2732,-0.5205,0.9772,0.0448,0.1495,0.1561,0.9962
21.3704,0.4736,1.0407,0.1431,0.2328,0.2732,-0.5204,0.9784,0.0437,0.1493,0.1556,0.9960
21.3899,0.4750,1.0428,0.1438,0.2352,0.2757,-0.5202,0.9796,0.0427,0.1486,0.1546,0.9972
21.3903,0.4762,1.0449,0.1438,0.2352,0.2757,-0.5201,0.9808,0.0417,0.1479,0.1536,0.9983
21.4102,0.4774,1.0468,0.1438,0.2379,0.2779,-0.5199,0.9820,0.0407,0.1473,0.1529,0.9994
21.4105,0.4786,1.0488,0.1438,0.2379,0.2779,-0.5198,0.9833,0.0407,0.1473,0.1529,1.0005
21.4310,0.4798,1.0509,0.1427,0.2404,0.2795,-0.5197,0.9846,0.0387,0.1465,0.1515,1.0017
21.4313,0.4807,1.0527,0.1427,0.2404,0.2795,-0.5197,0.9857,0.0376,0.1466,0.1513,1.0027
21.4399,0.4820,1.0550,0.1413,0.2429,0.2810,-0.5198,0.9874,0.0364,0.1460,0.1505,1.0040
21.4402,0.4832,1.0571,0.1413,0.2429,0.2810,-0.5198,0.9889,0.0364,0.1460,0.1505,1.0053
21.4604,0.4844,1.0592,0.1411,0.2453,0.2829,-0.5198,0.9904,0.0335,0.1465,0.1503,1.0066
21.4610,0.4856,1.0614,0.1411,0.2453,0.2829,-0.5198,0.9918,0.0335,0.1465,0.1503,1.0078
21.4699,0.4869,1.0638,0.1420,0.2471,0.2850,-0.5198,0.9936,0.0311,0.1470,0.1503,1.0092
21.4702,0.4880,1.0657,0.1420,0.2471,0.2850,-0.5198,0.9949,0.0311,0.1470,0.1503,1.0103
21.4902,0.4893,1.0681,0.1427,0.2487,0.2868,-0.5198,0.9966,0.0287,0.1474,0.1502,1.0116
21.4905,0.4903,1.0701,0.1429,0.2500,0.2880,-0.5198,0.9980,0.0287,0.1474,0.1502,1.0126
21.5100,0.4913,1.0723,0.1429,0.2510,0.2888,-0.5198,0.9995,0.0268,0.1484,0.1508,1.0137
21.5102,0.4922,1.0745,0.1429,0.2510,0.2888,-0.5198,1.0010,0.0268,0.1484,0.1508,1.0147
21.5201,0.4932,1.0766,0.1414,0.2522,0.2891,-0.5198,1.0024,0.0247,0.1487,0.1508,1.0156
21.5203,0.4942,1.0788,0.1404,0.2526,0.2890,-0.5198,1.0040,0.0236,0.1491,0.1509,1.0167
21.5403,0.4954,1.0810,0.1397,0.2529,0.2890,-0.5198,1.0057,0.0222,0.1496,0.1512,1.0180
21.5408,0.4965,1.0830,0.1397,0.2529,0.2890,-0.5198,1.0072,0.0209,0.1505,0.1520,1.0192
21.5605,0.4978,1.0851,0.1398,0.2533,0.2893,-0.5199,1.0090,0.0198,0.1517,0.1530,1.0205
21.5608,0.4988,1.0871,0.1405,0.2542,0.2904,-0.5199,1.0107,0.0190,0.1534,0.1546,1.0216
21.5703,0.4998,1.0887,0.1400,0.2536,0.2897,-0.5199,1.0122,0.0180,0.1545,0.1555,1.0225
21.5705,0.5007,1.0906,0.1400,0.2536,0.2897,-0.5199,1.0140,0.0180,0.1545,0.1555,1.0234
21.5901,0.5015,1.0925,0.1391,0.2527,0.2885,-0.5198,1.0158,0.0164,0.1568,0.1576,1.0242
21.5906,0.5021,1.0942,0.1391,0.2527,0.2885,-0.5197,1.0175,0.0164,0.1568,0.1576,1.0246
21.6103,0.5030,1.0980,0.1359,0.2521,0.2864,-0.5194,1.0195,0.0157,0.1599,0.1606,1.0254
21.6105,0.5030,1.0980,0.1359,0.2521,0.2864,-0.5192,1.0212,0.0157,0.1599,0.1606,1.0251
21.6198,0.5035,1.0999,0.1342,0.2518,0.2853,-0.5190,1.0232,0.0153,0.1623,0.1630,1.0253
21.6202,0.5039,1.1017,0.1342,0.2518,0.2853,-0.5189,1.0251,0.0153,0.1623,0.1630,1.0256
21.6401,0.5046,1.1036,0.1315,0.2511,0.2834,-0.5187,1.0271,0.0150,0.1654,0.1660,1.0262
21.6405,0.5053,1.1052,0.1315,0.2511,0.2834,-0.5185,1.0289,0.0150,0.1654,0.1660,1.0266
21.6603,0.5061,1.1072,0.1297,0.2491,0.2809,-0.5183,1.0310,0.0148,0.1681,0.1687,1.0272
21.6606,0.5071,1.1092,0.1297,0.2491,0.2809,-0.5179,1.0333,0.0148,0.1681,0.1687,1.0278
21.6704,0.5079,1.1110,0.1291,0.2489,0.2804,-0.5176,1.0353,0.0156,0.1722,0.1729,1.0283
21.6707,0.5089,1.1130,0.1281,0.2479,0.2791,-0.5172,1.0374,0.0159,0.1737,0.1745,1.0289
21.6902,0.5098,1.1151,0.1275,0.2477,0.2786,-0.5168,1.0395,0.0162,0.1758,0.1765,1.0294
21.6905,0.5106,1.1169,0.1275,0.2477,0.2786,-0.5164,1.0417,0.0162,0.1758,0.1765,1.0298
21.7004,0.5114,1.1189,0.1257,0.2467,0.2769,-0.5160,1.0440,0.0168,0.1799,0.1807,1.0301
21.7008,0.5120,1.1210,0.1257,0.2467,0.2769,-0.5157,1.0463,0.0168,0.1799,0.1807,1.0304
21.7203,0.5126,1.1230,0.1236,0.2460,0.2753,-0.5154,1.0485,0.0172,0.1844,0.1852,1.0307
21.7207,0.5131,1.1250,0.1236,0.2460,0.2753,-0.5151,1.0509,0.0172,0.1844,0.1852,1.0309
21.7406,0.5136,1.1269,0.1214,0.2453,0.2737,-0.5148,1.0531,0.0177,0.1890,0.1898,1.0311
21.7410,0.5143,1.1290,0.1214,0.2453,0.2737,-0.5145,1.0555,0.0177,0.1890,0.1898,1.0314
21.7501,0.5150,1.1310,0.1196,0.2450,0.2726,-0.5142,1.0576,0.0183,0.1936,0.1945,1.0318
21.7504,0.5157,1.1330,0.1196,0.2450,0.2726,-0.5139,1.0599,0.0183,0.1936,0.1945,1.0322
21.7706,0.5165,1.1354,0.1178,0.2449,0.2717,-0.5134,1.0624,0.0190,0.1980,0.1989,1.0325
21.7710,0.5173,1.1377,0.1178,0.2449,0.2717,-0.5130,1.0647,0.0195,0.2004,0.2014,1.0329
21.7900,0.5182,1.1402,0.1157,0.2452,0.2711,-0.5124,1.0675,0.0199,0.2026,0.2036,1.0332
21.7906,0.5189,1.1423,0.1153,0.2463,0.2719,-0.5119,1.0698,0.0206,0.2059,0.2069,1.0333
21.8000,0.5197,1.1449,0.1143,0.2465,0.2718,-0.5112,1.0726,0.0210,0.2083,0.2093,1.0335
21.8004,0.5203,1.1468,0.1143,0.2465,0.2718,-0.5107,1.0748,0.0210,0.2083,0.2093,1.0335
21.8202,0.5212,1.1492,0.1126,0.2469,0.2714,-0.5098,1.0776,0.0224,0.2133,0.2145,1.0335
21.8207,0.5218,1.1513,0.1121,0.2470,0.2712,-0.5091,1.0800,0.0235,0.2161,0.2174,1.0334
21.8402,0.5225,1.1534,0.1110,0.2468,0.2707,-0.5083,1.0824,0.0245,0.2181,0.2195,1.0332
21.8412,0.5231,1.1556,0.1099,0.2468,0.2702,-0.5073,1.0850,0.0257,0.2205,0.2220,1.0329
21.8501,0.5237,1.1578,0.1088,0.2471,0.2700,-0.5065,1.0875,0.0273,0.2231,0.2247,1.0326
21.8506,0.5242,1.1600,0.1088,0.2471,0.2700,-0.5057,1.0900,0.0287,0.2256,0.2274,1.0322
21.8701,0.5247,1.1624,0.1060,0.2473,0.2691,-0.5048,1.0927,0.0301,0.2282,0.2302,1.0318
21.8703,0.5253,1.1647,0.1060,0.2473,0.2691,-0.5039,1.0954,0.0301,0.2282,0.2302,1.0315
21.8902,0.5258,1.1669,0.1033,0.2480,0.2686,-0.5032,1.0980,0.0329,0.2340,0.2363,1.0313
21.8907,0.5263,1.1693,0.1033,0.2480,0.2686,-0.5023,1.1010,0.0329,0.2340,0.2363,1.0309
21.9000,0.5267,1.1716,0.1002,0.2489,0.2683,-0.5015,1.1038,0.0355,0.2403,0.2429,1.0305
21.9003,0.5271,1.1739,0.1002,0.2489,0.2683,-0.5008,1.1066,0.0355,0.2403,0.2429,1.0301
21.9204,0.5275,1.1764,0.0971,0.2502,0.2684,-0.5000,1.1097,0.0381,0.2466,0.2496,1.0297
21.9209,0.5277,1.1786,0.0971,0.2502,0.2684,-0.4995,1.1123,0.0394,0.2501,0.2532,1.0293
21.9401,0.5280,1.1810,0.0941,0.2519,0.2689,-0.4989,1.1151,0.0405,0.2532,0.2564,1.0290
21.9405,0.5284,1.1836,0.0941,0.2519,0.2689,-0.4982,1.1180,0.0405,0.2532,0.2564,1.0287
21.9499,0.5288,1.1861,0.0904,0.2531,0.2687,-0.4975,1.1207,0.0432,0.2581,0.2616,1.0283
21.9501,0.5291,1.1881,0.0904,0.2531,0.2687,-0.4969,1.1230,0.0432,0.2581,0.2616,1.0281
21.9701,0.5296,1.1905,0.0871,0.2534,0.2680,-0.4960,1.1259,0.0458,0.2623,0.2663,1.0277
21.9705,0.5302,1.1927,0.0871,0.2534,0.2680,-0.4951,1.1287,0.0458,0.2623,0.2663,1.0273
21.9901,0.5307,1.1948,0.0844,0.2540,0.2677,-0.4941,1.1315,0.0494,0.2677,0.2722,1.0267
21.9906,0.5312,1.1970,0.0844,0.2540,0.2677,-0.4930,1.1343,0.0494,0.2677,0.2722,1.0261
22.0001,0.5316,1.1993,0.0817,0.2538,0.2666,-0.4919,1.1371,0.0535,0.2727,0.2778,1.0254
22.0004,0.5320,1.2016,0.0806,0.2539,0.2664,-0.4909,1.1400,0.0556,0.2752,0.2808,1.0248
22.0201,0.5323,1.2039,0.0796,0.2543,0.2664,-0.4898,1.1429,0.0577,0.2781,0.2841,1.0240
22.0205,0.5326,1.2063,0.0796,0.2543,0.2664,-0.4887,1.1457,0.0599,0.2809,0.2872,1.0231
22.0403,0.5329,1.2085,0.0769,0.2550,0.2663,-0.4876,1.1484,0.0623,0.2835,0.2902,1.0222
22.0406,0.5332,1.2110,0.0750,0.2550,0.2658,-0.4862,1.1514,0.0645,0.2855,0.2927,1.0211
22.0502,0.5334,1.2132,0.0734,0.2560,0.2663,-0.4850,1.1541,0.0673,0.2884,0.2961,1.0201
22.0505,0.5337,1.2152,0.0734,0.2560,0.2663,-0.4839,1.1568,0.0698,0.2903,0.2985,1.0193
22.0700,0.5340,1.2173,0.0697,0.2563,0.2656,-0.4828,1.1596,0.0720,0.2923,0.3010,1.0185
22.0703,0.5344,1.2195,0.0697,0.2563,0.2656,-0.4816,1.1626,0.0720,0.2923,0.3010,1.0176
22.0904,0.5348,1.2216,0.0675,0.2577,0.2663,-0.4804,1.1657,0.0766,0.2972,0.3069,1.0167
22.0911,0.5351,1.2237,0.0675,0.2577,0.2663,-0.4791,1.1687,0.0766,0.2972,0.3069,1.0158
22.1001,0.5354,1.2257,0.0661,0.2591,0.2674,-0.4781,1.1716,0.0810,0.3024,0.3131,1.0149
22.1005,0.5356,1.2278,0.0655,0.2591,0.2673,-0.4770,1.1747,0.0826,0.3043,0.3153,1.0140
22.1200,0.5358,1.2299,0.0651,0.2596,0.2677,-0.4759,1.1778,0.0843,0.3069,0.3182,1.0131
22.1203,0.5360,1.2319,0.0651,0.2596,0.2677,-0.4750,1.1808,0.0843,0.3069,0.3182,1.0123
22.1403,0.5363,1.2341,0.0642,0.2604,0.2682,-0.4738,1.1840,0.0878,0.3115,0.3237,1.0114
22.1406,0.5366,1.2363,0.0642,0.2604,0.2682,-0.4727,1.1870,0.0896,0.3140,0.3265,1.0105
22.1499,0.5370,1.2386,0.0627,0.2621,0.2695,-0.4713,1.1901,0.0916,0.3162,0.3292,1.0094
22.1504,0.5372,1.2407,0.0627,0.2621,0.2695,-0.4699,1.1928,0.0939,0.3181,0.3317,1.0083
22.1706,0.5375,1.2429,0.0602,0.2630,0.2698,-0.4686,1.1956,0.0959,0.3191,0.3332,1.0072
22.1709,0.5377,1.2454,0.0602,0.2630,0.2698,-0.4671,1.1986,0.0959,0.3191,0.3332,1.0058
22.1798,0.5378,1.2475,0.0576,0.2647,0.2709,-0.4658,1.2014,0.1002,0.3226,0.3378,1.0047
22.1800,0.5379,1.2500,0.0576,0.2647,0.2709,-0.4644,1.2045,0.1002,0.3226,0.3378,1.0034
22.2005,0.5381,1.2522,0.0546,0.2662,0.2717,-0.4631,1.2073,0.1040,0.3257,0.3420,1.0022
22.2008,0.5382,1.2546,0.0533,0.2665,0.2718,-0.4616,1.2105,0.1059,0.3266,0.3434,1.0008
22.2202,0.5384,1.2568,0.0524,0.2670,0.2721,-0.4604,1.2134,0.1081,0.3284,0.3457,0.9998
22.2302,0.5387,1.2594,0.0517,0.2677,0.2727,-0.4591,1.2166,0.1100,0.3298,0.3476,0.9987
22.2305,0.5388,1.2612,0.0517,0.2677,0.2727,-0.4582,1.2192,0.1100,0.3298,0.3476,0.9979
22.2401,0.5391,1.2635,0.0505,0.2686,0.2733,-0.4571,1.2222,0.1132,0.3323,0.3510,0.9971
22.2406,0.5394,1.2659,0.0505,0.2686,0.2733,-0.4559,1.2253,0.1147,0.3335,0.3527,0.9962
22.2600,0.5397,1.2683,0.0487,0.2697,0.2741,-0.4546,1.2284,0.1165,0.3353,0.3550,0.9951
22.2605,0.5400,1.2707,0.0480,0.2705,0.2748,-0.4531,1.2314,0.1186,0.3370,0.3573,0.9939
22.2801,0.5403,1.2731,0.0470,0.2706,0.2747,-0.4516,1.2343,0.1206,0.3381,0.3589,0.9926
22.2806,0.5406,1.2753,0.0470,0.2706,0.2747,-0.4501,1.2372,0.1206,0.3381,0.3589,0.9914
22.2903,0.5409,1.2773,0.0447,0.2702,0.2739,-0.4489,1.2397,0.1246,0.3394,0.3615,0.9905
22.2907,0.5413,1.2797,0.0440,0.2699,0.2735,-0.4473,1.2428,0.1260,0.3398,0.3624,0.9893
22.3102,0.5415,1.2817,0.0431,0.2697,0.2732,-0.4461,1.2454,0.1279,0.3406,0.3638,0.9883
22.3106,0.5417,1.2840,0.0424,0.2699,0.2732,-0.4449,1.2483,0.1292,0.3412,0.3648,0.9872
22.3304,0.5419,1.2864,0.0410,0.2695,0.2727,-0.4435,1.2512,0.1299,0.3414,0.3653,0.9860
22.3308,0.5420,1.2887,0.0401,0.2702,0.2732,-0.4420,1.2542,0.1312,0.3426,0.3668,0.9847
22.3401,0.5422,1.2909,0.0392,0.2706,0.2735,-0.4407,1.2571,0.1325,0.3437,0.3684,0.9835
22.3405,0.5423,1.2931,0.0392,0.2706,0.2735,-0.4395,1.2599,0.1332,0.3443,0.3692,0.9824
22.3605,0.5424,1.2953,0.0372,0.2706,0.2731,-0.4383,1.2627,0.1339,0.3448,0.3698,0.9813
22.3609,0.5425,1.2975,0.0365,0.2706,0.2730,-0.4371,1.2656,0.1347,0.3454,0.3707,0.9802
22.3799,0.5427,1.2999,0.0356,0.2703,0.2727,-0.4358,1.2686,0.1353,0.3458,0.3714,0.9790
22.3802,0.5428,1.3019,0.0356,0.2703,0.2727,-0.4345,1.2715,0.1362,0.3465,0.3723,0.9778
22.3896,0.5430,1.3041,0.0341,0.2701,0.2723,-0.4333,1.2743,0.1373,0.3470,0.3732,0.9767
22.3901,0.5431,1.3061,0.0333,0.2696,0.2717,-0.4321,1.2770,0.1373,0.3470,0.3732,0.9756
22.4102,0.5432,1.3083,0.0326,0.2690,0.2709,-0.4307,1.2798,0.1387,0.3465,0.3732,0.9743
22.4106,0.5433,1.3106,0.0326,0.2690,0.2709,-0.4295,1.2826,0.1401,0.3465,0.3737,0.9733
22.4309,0.5435,1.3130,0.0317,0.2683,0.2701,-0.4282,1.2857,0.1410,0.3458,0.3735,0.9721
22.4313,0.5437,1.3154,0.0316,0.2689,0.2707,-0.4270,1.2886,0.1426,0.3468,0.3749,0.9711
22.4401,0.5439,1.3176,0.0315,0.2687,0.2705,-0.4261,1.2913,0.1438,0.3471,0.3757,0.9703
22.4404,0.5441,1.3201,0.0315,0.2687,0.2705,-0.4248,1.2943,0.1438,0.3471,0.3757,0.9692
22.4604,0.5442,1.3222,0.0306,0.2680,0.2697,-0.4238,1.2967,0.1454,0.3472,0.3764,0.9683
22.4607,0.5443,1.3246,0.0301,0.2682,0.2698,-0.4224,1.2996,0.1464,0.3475,0.3771,0.9670
22.4697,0.5444,1.3269,0.0294,0.2682,0.2698,-0.4211,1.3025,0.1474,0.3475,0.3775,0.9658
22.4700,0.5445,1.3289,0.0294,0.2682,0.2698,-0.4200,1.3051,0.1474,0.3475,0.3775,0.9648
22.4901,0.5445,1.3310,0.0276,0.2680,0.2694,-0.4189,1.3078,0.1482,0.3472,0.3775,0.9637
22.4904,0.5446,1.3334,0.0268,0.2679,0.2692,-0.4176,1.3108,0.1482,0.3470,0.3773,0.9625
22.5106,0.5446,1.3357,0.0259,0.2683,0.2695,-0.4165,1.3136,0.1486,0.3474,0.3779,0.9614
22.5111,0.5447,1.3381,0.0252,0.2683,0.2694,-0.4154,1.3164,0.1488,0.3472,0.3778,0.9604
22.5201,0.5447,1.3405,0.0247,0.2684,0.2696,-0.4145,1.3193,0.1488,0.3471,0.3777,0.9594
22.5204,0.5448,1.3427,0.0247,0.2684,0.2696,-0.4138,1.3219,0.1488,0.3471,0.3777,0.9588
22.5407,0.5449,1.3476,0.0238,0.2685,0.2695,-0.4128,1.3249,0.1476,0.3471,0.3772,0.9580
22.5410,0.5449,1.3476,0.0238,0.2685,0.2695,-0.4120,1.3275,0.1467,0.3470,0.3767,0.9571
22.5601,0.5449,1.3499,0.0229,0.2687,0.2697,-0.4110,1.3302,0.1459,0.3466,0.3761,0.9561
22.5605,0.5450,1.3521,0.0229,0.2687,0.2697,-0.4101,1.3326,0.1458,0.3468,0.3762,0.9553
22.5701,0.5451,1.3545,0.0219,0.2697,0.2706,-0.4090,1.3354,0.1454,0.3461,0.3754,0.9543
22.5704,0.5451,1.3568,0.0219,0.2697,0.2706,-0.4080,1.3381,0.1454,0.3461,0.3754,0.9534
22.5903,0.5452,1.3589,0.0207,0.2704,0.2712,-0.4072,1.3406,0.1446,0.3449,0.3740,0.9526
22.5906,0.5453,1.3612,0.0207,0.2704,0.2712,-0.4064,1.3434,0.1446,0.3449,0.3740,0.9518
22.6100,0.5454,1.3636,0.0199,0.2709,0.2717,-0.4055,1.3463,0.1434,0.3435,0.3723,0.9510
22.6103,0.5454,1.3636,0.0199,0.2709,0.2717,-0.4047,1.3490,0.1434,0.3435,0.3723,0.9501
22.6200,0.5455,1.3679,0.0193,0.2720,0.2727,-0.4040,1.3514,0.1426,0.3422,0.3708,0.9496
22.6203,0.5455,1.3702,0.0189,0.2719,0.2726,-0.4031,1.3542,0.1426,0.3422,0.3708,0.9487
22.6404,0.5456,1.3724,0.0184,0.2721,0.2727,-0.4022,1.3567,0.1415,0.3402,0.3685,0.9479
22.6408,0.5457,1.3748,0.0184,0.2721,0.2727,-0.4014,1.3596,0.1409,0.3395,0.3676,0.9472
22.6603,0.5457,1.3771,0.0174,0.2724,0.2730,-0.4008,1.3623,0.1398,0.3391,0.3668,0.9467
22.6607,0.5458,1.3796,0.0174,0.2724,0.2730,-0.4002,1.3652,0.1383,0.3390,0.3661,0.9461
22.6703,0.5458,1.3821,0.0167,0.2734,0.2739,-0.3997,1.3680,0.1368,0.3392,0.3658,0.9456
22.6707,0.5458,1.3843,0.0167,0.2734,0.2739,-0.3992,1.3706,0.1348,0.3388,0.3646,0.9452
22.6905,0.5458,1.3865,0.0161,0.2735,0.2740,-0.3987,1.3731,0.1332,0.3383,0.3636,0.9447
22.6909,0.5458,1.3887,0.0161,0.2735,0.2740,-0.3981,1.3757,0.1313,0.3371,0.3618,0.9440
22.7005,0.5458,1.3909,0.0155,0.2732,0.2736,-0.3975,1.3782,0.1299,0.3366,0.3608,0.9434
22.7008,0.5458,1.3931,0.0155,0.2732,0.2736,-0.3968,1.3808,0.1299,0.3366,0.3608,0.9428
22.7205,0.5458,1.3952,0.0149,0.2725,0.2729,-0.3964,1.3834,0.1271,0.3348,0.3581,0.9423
22.7208,0.5459,1.3973,0.0144,0.2716,0.2720,-0.3960,1.3860,0.1254,0.3336,0.3564,0.9420
22.7406,0.5459,1.3994,0.0140,0.2722,0.2726,-0.3957,1.3884,0.1244,0.3336,0.3560,0.9416
22.7409,0.5459,1.4018,0.0136,0.2719,0.2722,-0.3953,1.3910,0.1229,0.3324,0.3544,0.9412
22.7502,0.5459,1.4040,0.0130,0.2719,0.2722,-0.3949,1.3934,0.1213,0.3314,0.3529,0.9408
22.7702,0.5459,1.4064,0.0124,0.2714,0.2717,-0.3944,1.3961,0.1194,0.3299,0.3509,0.9403
22.7706,0.5459,1.4082,0.0124,0.2714,0.2717,-0.3940,1.3982,0.1194,0.3299,0.3509,0.9399
22.7803,0.5458,1.4106,0.0112,0.2703,0.2705,-0.3934,1.4010,0.1153,0.3278,0.3474,0.9393
22.7807,0.5458,1.4126,0.0112,0.2703,0.2705,-0.3930,1.4034,0.1134,0.3276,0.3466,0.9389
22.8002,0.5458,1.4150,0.0099,0.2708,0.2710,-0.3926,1.4063,0.1118,0.3274,0.3460,0.9384
22.8006,0.5458,1.4172,0.0099,0.2708,0.2710,-0.3923,1.4088,0.1094,0.3268,0.3447,0.9381
22.8102,0.5458,1.4192,0.0086,0.2709,0.2710,-0.3920,1.4112,0.1077,0.3268,0.3441,0.9378
22.8107,0.5457,1.4214,0.0086,0.2709,0.2710,-0.3917,1.4138,0.1077,0.3268,0.3441,0.9375
22.8304,0.5457,1.4236,0.0077,0.2701,0.2702,-0.3913,1.4163,0.1036,0.3252,0.3413,0.9371
22.8310,0.5457,1.4258,0.0077,0.2701,0.2702,-0.3910,1.4187,0.1014,0.3240,0.3396,0.9367
22.8399,0.5456,1.4298,0.0070,0.2697,0.2698,-0.3907,1.4207,0.0995,0.3233,0.3383,0.9364
22.8401,0.5456,1.4298,0.0070,0.2697,0.2698,-0.3903,1.4232,0.0976,0.3217,0.3362,0.9360
22.8605,0.5455,1.4318,0.0064,0.2689,0.2690,-0.3901,1.4255,0.0960,0.3211,0.3352,0.9356
22.8609,0.5455,1.4337,0.0061,0.2684,0.2685,-0.3898,1.4278,0.0941,0.3199,0.3334,0.9353
22.8800,0.5454,1.4357,0.0056,0.2676,0.2677,-0.3897,1.4302,0.0920,0.3183,0.3313,0.9350
22.8902,0.5453,1.4378,0.0051,0.2675,0.2676,-0.3895,1.4326,0.0897,0.3174,0.3299,0.9348
22.8906,0.5452,1.4396,0.0046,0.2673,0.2674,-0.3894,1.4348,0.0876,0.3166,0.3285,0.9346
22.9002,0.5451,1.4417,0.0042,0.2669,0.2670,-0.3893,1.4373,0.0854,0.3156,0.3270,0.9343
22.9005,0.5450,1.4437,0.0038,0.2668,0.2668,-0.3890,1.4396,0.0854,0.3156,0.3270,0.9340
22.9206,0.5448,1.4456,0.0032,0.2663,0.2663,-0.3888,1.4419,0.0811,0.3140,0.3243,0.9336
22.9210,0.5446,1.4478,0.0032,0.2663,0.2663,-0.3885,1.4444,0.0789,0.3124,0.3222,0.9331
22.9402,0.5444,1.4497,0.0018,0.2648,0.2648,-0.3884,1.4467,0.0770,0.3115,0.3209,0.9328
22.9406,0.5442,1.4518,0.0018,0.2648,0.2648,-0.3882,1.4490,0.0754,0.3107,0.3197,0.9324
22.9500,0.5439,1.4537,0.0001,0.2633,0.2633,-0.3881,1.4513,0.0732,0.3093,0.3179,0.9320
22.9503,0.5437,1.4554,0.0001,0.2633,0.2633,-0.3881,1.4533,0.0713,0.3091,0.3172,0.9318
22.9707,0.5433,1.4593,-0.0013,0.2615,0.2615,-0.3880,1.4557,0.0686,0.3073,0.3148,0.9313
22.9709,0.5433,1.4593,-0.0013,0.2615,0.2615,-0.3879,1.4579,0.0662,0.3064,0.3135,0.9312
22.9902,0.5431,1.4613,-0.0024,0.2610,0.2610,-0.3878,1.4601,0.0641,0.3055,0.3121,0.9309
22.9905,0.5430,1.4633,-0.0024,0.2610,0.2610,-0.3877,1.4625,0.0641,0.3055,0.3121,0.9307
23.0000,0.5428,1.4653,-0.0033,0.2598,0.2598,-0.3875,1.4647,0.0598,0.3032,0.3091,0.9303
23.0002,0.5427,1.4673,-0.0033,0.2598,0.2598,-0.3873,1.4668,0.0598,0.3032,0.3091,0.9300
23.0202,0.5425,1.4694,-0.0040,0.2584,0.2584,-0.3871,1.4691,0.0562,0.3008,0.3060,0.9296
23.0206,0.5423,1.4713,-0.0040,0.2584,0.2584,-0.3870,1.4711,0.0547,0.2995,0.3045,0.9293
23.0398,0.5421,1.4735,-0.0049,0.2571,0.2571,-0.3868,1.4734,0.0536,0.2983,0.3030,0.9289
23.0401,0.5420,1.4752,-0.0049,0.2571,0.2571,-0.3867,1.4755,0.0536,0.2983,0.3030,0.9287
23.0501,0.5418,1.4770,-0.0058,0.2553,0.2554,-0.3865,1.4776,0.0506,0.2961,0.3004,0.9284
23.0504,0.5417,1.4788,-0.0058,0.2553,0.2554,-0.3864,1.4796,0.0506,0.2961,0.3004,0.9281
23.0702,0.5416,1.4806,-0.0066,0.2534,0.2535,-0.3862,1.4817,0.0474,0.2939,0.2977,0.9278
23.0705,0.5415,1.4825,-0.0070,0.2521,0.2522,-0.3861,1.4840,0.0455,0.2926,0.2962,0.9275
23.0902,0.5414,1.4842,-0.0073,0.2515,0.2516,-0.3859,1.4859,0.0440,0.2917,0.2950,0.9273
23.0905,0.5414,1.4859,-0.0073,0.2515,0.2516,-0.3858,1.4881,0.0440,0.2917,0.2950,0.9271
23.0999,0.5413,1.4874,-0.0079,0.2494,0.2495,-0.3857,1.4901,0.0412,0.2895,0.2924,0.9270
23.1003,0.5413,1.4893,-0.0079,0.2494,0.2495,-0.3856,1.4925,0.0397,0.2877,0.2904,0.9268
23.1201,0.5412,1.4908,-0.0083,0.2468,0.2470,-0.3855,1.4945,0.0382,0.2871,0.2896,0.9267
23.1204,0.5412,1.4924,-0.0083,0.2468,0.2470,-0.3854,1.4966,0.0369,0.2861,0.2885,0.9266
23.1400,0.5412,1.4941,-0.0086,0.2445,0.2446,-0.3852,1.4987,0.0354,0.2848,0.2870,0.9264
23.1404,0.5412,1.4958,-0.0086,0.2445,0.2446,-0.3851,1.5009,0.0354,0.2848,0.2870,0.9263
23.1504,0.5411,1.4973,-0.0090,0.2419,0.2421,-0.3850,1.5026,0.0327,0.2825,0.2844,0.9261
23.1507,0.5411,1.4989,-0.0090,0.2419,0.2421,-0.3849,1.5047,0.0317,0.2807,0.2824,0.9260
23.1702,0.5410,1.5005,-0.0094,0.2386,0.2387,-0.3848,1.5067,0.0307,0.2789,0.2806,0.9258
23.1705,0.5409,1.5023,-0.0094,0.2386,0.2387,-0.3847,1.5089,0.0307,0.2789,0.2806,0.9257
23.1902,0.5409,1.5037,-0.0098,0.2359,0.2361,-0.3846,1.5109,0.0290,0.2767,0.2782,0.9255
23.1905,0.5408,1.5052,-0.0098,0.2359,0.2361,-0.3846,1.5128,0.0290,0.2767,0.2782,0.9254
23.2000,0.5406,1.5069,-0.0101,0.2328,0.2330,-0.3845,1.5150,0.0271,0.2744,0.2757,0.9252
23.2004,0.5405,1.5083,-0.0101,0.2328,0.2330,-0.3845,1.5168,0.0259,0.2736,0.2748,0.9251
23.2203,0.5404,1.5100,-0.0106,0.2306,0.2308,-0.3844,1.5188,0.0247,0.2720,0.2731,0.9249
23.2207,0.5402,1.5119,-0.0106,0.2306,0.2308,-0.3844,1.5210,0.0239,0.2709,0.2719,0.9246
23.2302,0.5399,1.5135,-0.0114,0.2290,0.2293,-0.3843,1.5229,0.0233,0.2700,0.2710,0.9243
23.2307,0.5395,1.5154,-0.0114,0.2290,0.2293,-0.3842,1.5251,0.0233,0.2700,0.2710,0.9238
23.2501,0.5392,1.5170,-0.0127,0.2271,0.2275,-0.3841,1.5270,0.0221,0.2682,0.2691,0.9234
23.2599,0.5388,1.5190,-0.0133,0.2260,0.2264,-0.3840,1.5292,0.0215,0.2673,0.2682,0.9229
23.2604,0.5385,1.5206,-0.0133,0.2260,0.2264,-0.3839,1.5310,0.0215,0.2673,0.2682,0.9225
23.2802,0.5381,1.5225,-0.0147,0.2246,0.2251,-0.3838,1.5331,0.0201,0.2656,0.2663,0.9219
23.2805,0.5378,1.5242,-0.0147,0.2246,0.2251,-0.3836,1.5350,0.0201,0.2656,0.2663,0.9215
23.2902,0.5374,1.5258,-0.0161,0.2231,0.2236,-0.3835,1.5368,0.0187,0.2631,0.2638,0.9210
23.2906,0.5370,1.5277,-0.0161,0.2231,0.2236,-0.3834,1.5387,0.0187,0.2631,0.2638,0.9205
23.3099,0.5366,1.5294,-0.0176,0.2209,0.2216,-0.3833,1.5406,0.0177,0.2598,0.2604,0.9200
23.3102,0.5361,1.5313,-0.0176,0.2209,0.2216,-0.3832,1.5428,0.0177,0.2598,0.2604,0.9194
23.3201,0.5357,1.5329,-0.0193,0.2196,0.2205,-0.3832,1.5446,0.0170,0.2579,0.2584,0.9189
23.3400,0.5351,1.5348,-0.0201,0.2186,0.2195,-0.3831,1.5469,0.0164,0.2566,0.2572,0.9183
23.3403,0.5347,1.5361,-0.0212,0.2181,0.2191,-0.3831,1.5485,0.0158,0.2563,0.2568,0.9179
23.3500,0.5340,1.5380,-0.0219,0.2170,0.2181,-0.3831,1.5508,0.0152,0.2556,0.2561,0.9172
23.3505,0.5335,1.5396,-0.0232,0.2165,0.2177,-0.3831,1.5527,0.0144,0.2550,0.2554,0.9167
23.3702,0.5329,1.5412,-0.0242,0.2157,0.2171,-0.3831,1.5547,0.0139,0.2542,0.2546,0.9162
23.3705,0.5325,1.5427,-0.0242,0.2157,0.2171,-0.3832,1.5565,0.0139,0.2542,0.2546,0.9158
23.3799,0.5322,1.5441,-0.0257,0.2139,0.2155,-0.3832,1.5584,0.0130,0.2525,0.2528,0.9154
23.3803,0.5317,1.5455,-0.0257,0.2139,0.2155,-0.3832,1.5603,0.0127,0.2515,0.2519,0.9151
23.3998,0.5313,1.5469,-0.0268,0.2119,0.2136,-0.3832,1.5622,0.0124,0.2510,0.2513,0.9147
23.4000,0.5308,1.5484,-0.0268,0.2119,0.2136,-0.3832,1.5642,0.0124,0.2510,0.2513,0.9141
23.4203,0.5303,1.5497,-0.0284,0.2094,0.2113,-0.3832,1.5658,0.0116,0.2492,0.2495,0.9136
23.4207,0.5296,1.5513,-0.0284,0.2094,0.2113,-0.3833,1.5678,0.0116,0.2492,0.2495,0.9130
23.4299,0.5291,1.5527,-0.0300,0.2071,0.2093,-0.3833,1.5693,0.0105,0.2467,0.2470,0.9126
23.4302,0.5285,1.5543,-0.0300,0.2071,0.2093,-0.3834,1.5712,0.0105,0.2467,0.2470,0.9120
23.4501,0.5280,1.5557,-0.0313,0.2051,0.2075,-0.3835,1.5730,0.0096,0.2446,0.2448,0.9116
23.4506,0.5274,1.5571,-0.0313,0.2051,0.2075,-0.3837,1.5749,0.0092,0.2434,0.2435,0.9113
23.4703,0.5270,1.5584,-0.0325,0.2034,0.2060,-0.3838,1.5765,0.0088,0.2432,0.2434,0.9110
23.4706,0.5265,1.5599,-0.0329,0.2017,0.2044,-0.3841,1.5785,0.0083,0.2418,0.2419,0.9108
23.4799,0.5259,1.5614,-0.0336,0.2011,0.2039,-0.3844,1.5803,0.0077,0.2413,0.2414,0.9105
23.4802,0.5254,1.5627,-0.0336,0.2011,0.2039,-0.3846,1.5819,0.0077,0.2413,0.2414,0.9102
23.5000,0.5248,1.5643,-0.0351,0.1988,0.2019,-0.3849,1.5836,0.0062,0.2389,0.2389,0.9098
23.5004,0.5242,1.5657,-0.0351,0.1988,0.2019,-0.3851,1.5850,0.0062,0.2389,0.2389,0.9095
23.5199,0.5236,1.5673,-0.0369,0.1968,0.2002,-0.3853,1.5866,0.0045,0.2363,0.2363,0.9091
23.5203,0.5231,1.5685,-0.0369,0.1968,0.2002,-0.3855,1.5880,0.0037,0.2351,0.2351,0.9088
23.5299,0.5226,1.5697,-0.0385,0.1945,0.1982,-0.3857,1.5894,0.0030,0.2339,0.2339,0.9085
23.5302,0.5221,1.5710,-0.0385,0.1945,0.1982,-0.3860,1.5910,0.0030,0.2339,0.2339,0.9083
23.5501,0.5215,1.5723,-0.0398,0.1916,0.1957,-0.3863,1.5925,0.0014,0.2311,0.2311,0.9081
23.5504,0.5209,1.5736,-0.0406,0.1905,0.1948,-0.3867,1.5939,0.0004,0.2299,0.2299,0.9079
23.5599,0.5204,1.5749,-0.0415,0.1896,0.1941,-0.3870,1.5952,-0.0006,0.2286,0.2286,0.9077
23.5802,0.5196,1.5765,-0.0423,0.1887,0.1934,-0.3874,1.5968,-0.0016,0.2271,0.2271,0.9073
23.5806,0.5192,1.5775,-0.0423,0.1887,0.1934,-0.3876,1.5976,-0.0016,0.2271,0.2271,0.9071
23.5901,0.5183,1.5794,-0.0444,0.1866,0.1918,-0.3881,1.5993,-0.0034,0.2234,0.2234,0.9066
23.5906,0.5176,1.5808,-0.0444,0.1866,0.1918,-0.3884,1.6005,-0.0034,0.2234,0.2234,0.9062
23.6099,0.5168,1.5823,-0.0475,0.1868,0.1927,-0.3887,1.6019,-0.0054,0.2208,0.2209,0.9057
23.6102,0.5162,1.5836,-0.0475,0.1868,0.1927,-0.3890,1.6030,-0.0063,0.2187,0.2188,0.9054
23.6199,0.5155,1.5849,-0.0502,0.1856,0.1923,-0.3893,1.6042,-0.0070,0.2171,0.2172,0.9050
23.6202,0.5149,1.5863,-0.0502,0.1856,0.1923,-0.3896,1.6055,-0.0070,0.2171,0.2172,0.9047
23.6403,0.5143,1.5875,-0.0527,0.1845,0.1919,-0.3899,1.6066,-0.0087,0.2135,0.2137,0.9044
23.6406,0.5138,1.5889,-0.0527,0.1845,0.1919,-0.3903,1.6079,-0.0096,0.2115,0.2117,0.9043
23.6500,0.5134,1.5900,-0.0546,0.1831,0.1911,-0.3907,1.6090,-0.0107,0.2104,0.2107,0.9042
23.6702,0.5127,1.5914,-0.0554,0.1822,0.1904,-0.3912,1.6104,-0.0116,0.2086,0.2089,0.9042
23.6706,0.5123,1.5923,-0.0554,0.1822,0.1904,-0.3916,1.6113,-0.0129,0.2073,0.2077,0.9041
23.6805,0.5116,1.5937,-0.0572,0.1801,0.1889,-0.3921,1.6127,-0.0137,0.2048,0.2052,0.9039
23.6808,0.5110,1.5948,-0.0572,0.1801,0.1889,-0.3925,1.6137,-0.0137,0.2048,0.2052,0.9037
23.7003,0.5102,1.5961,-0.0595,0.1793,0.1889,-0.3931,1.6149,-0.0158,0.2016,0.2023,0.9034
23.7006,0.5093,1.5973,-0.0595,0.1793,0.1889,-0.3936,1.6161,-0.0171,0.1998,0.2005,0.9031
23.7104,0.5083,1.5987,-0.0625,0.1779,0.1886,-0.3942,1.6175,-0.0182,0.1987,0.1995,0.9026
23.7108,0.5073,1.6000,-0.0625,0.1779,0.1886,-0.3948,1.6186,-0.0195,0.1973,0.1983,0.9023
23.7305,0.5065,1.6013,-0.0657,0.1763,0.1882,-0.3953,1.6197,-0.0208,0.1952,0.1963,0.9020
23.7308,0.5057,1.6025,-0.0657,0.1763,0.1882,-0.3959,1.6209,-0.0220,0.1935,0.1948,0.9017
23.7402,0.5050,1.6036,-0.0678,0.1743,0.1870,-0.3964,1.6220,-0.0233,0.1916,0.1931,0.9016
23.7405,0.5042,1.6051,-0.0678,0.1743,0.1870,-0.3971,1.6233,-0.0233,0.1916,0.1931,0.9015
23.7603,0.5036,1.6061,-0.0692,0.1722,0.1855,-0.3976,1.6244,-0.0261,0.1882,0.1900,0.9014
23.7607,0.5029,1.6074,-0.0697,0.1712,0.1848,-0.3983,1.6257,-0.0274,0.1868,0.1888,0.9014
23.7805,0.5024,1.6084,-0.0703,0.1697,0.1837,-0.3989,1.6269,-0.0291,0.1853,0.1875,0.9015
23.7809,0.5018,1.6097,-0.0703,0.1697,0.1837,-0.3996,1.6282,-0.0306,0.1838,0.1864,0.9016
23.8002,0.5011,1.6112,-0.0713,0.1678,0.1823,-0.4004,1.6295,-0.0323,0.1827,0.1856,0.9017
23.8006,0.5005,1.6124,-0.0713,0.1678,0.1823,-0.4011,1.6307,-0.0340,0.1816,0.1848,0.9018
23.8101,0.4998,1.6138,-0.0721,0.1659,0.1809,-0.4019,1.6319,-0.0355,0.1801,0.1835,0.9019
23.8106,0.4993,1.6150,-0.0721,0.1659,0.1809,-0.4025,1.6330,-0.0373,0.1783,0.1822,0.9020
23.8302,0.4989,1.6162,-0.0727,0.1641,0.1795,-0.4032,1.6342,-0.0387,0.1769,0.1811,0.9023
23.8305,0.4985,1.6174,-0.0727,0.1641,0.1795,-0.4039,1.6353,-0.0387,0.1769,0.1811,0.9025
23.8502,0.4980,1.6187,-0.0724,0.1626,0.1780,-0.4047,1.6365,-0.0415,0.1735,0.1784,0.9029
23.8506,0.4976,1.6198,-0.0724,0.1626,0.1780,-0.4054,1.6376,-0.0415,0.1735,0.1784,0.9032
23.8598,0.4972,1.6210,-0.0717,0.1603,0.1756,-0.4062,1.6388,-0.0446,0.1699,0.1757,0.9036
23.8603,0.4967,1.6223,-0.0717,0.1603,0.1756,-0.4071,1.6400,-0.0461,0.1682,0.1744,0.9039
23.8803,0.4961,1.6236,-0.0717,0.1593,0.1747,-0.4079,1.6412,-0.0478,0.1671,0.1738,0.9042
23.8806,0.4956,1.6247,-0.0717,0.1593,0.1747,-0.4086,1.6422,-0.0495,0.1657,0.1729,0.9044
23.8900,0.4950,1.6258,-0.0723,0.1583,0.1740,-0.4094,1.6432,-0.0508,0.1637,0.1715,0.9046
23.8904,0.4944,1.6270,-0.0723,0.1583,0.1740,-0.4104,1.6443,-0.0508,0.1637,0.1715,0.9049
23.9103,0.4941,1.6279,-0.0727,0.1573,0.1733,-0.4110,1.6451,-0.0543,0.1602,0.1692,0.9052
23.9200,0.4935,1.6292,-0.0724,0.1563,0.1723,-0.4119,1.6462,-0.0555,0.1585,0.1679,0.9056
23.9203,0.4931,1.6302,-0.0724,0.1563,0.1723,-0.4127,1.6471,-0.0555,0.1585,0.1679,0.9059
23.9400,0.4926,1.6313,-0.0721,0.1551,0.1710,-0.4135,1.6481,-0.0587,0.1556,0.1663,0.9063
23.9403,0.4921,1.6325,-0.0721,0.1551,0.1710,-0.4144,1.6491,-0.0602,0.1538,0.1651,0.9066
23.9503,0.4914,1.6339,-0.0717,0.1537,0.1696,-0.4153,1.6502,-0.0617,0.1523,0.1643,0.9068
23.9508,0.4908,1.6349,-0.0717,0.1537,0.1696,-0.4161,1.6511,-0.0617,0.1523,0.1643,0.9070
23.9701,0.4901,1.6360,-0.0725,0.1531,0.1694,-0.4169,1.6521,-0.0646,0.1490,0.1624,0.9072
23.9704,0.4895,1.6371,-0.0727,0.1523,0.1687,-0.4179,1.6532,-0.0646,0.1490,0.1624,0.9075
23.9804,0.4890,1.6380,-0.0729,0.1516,0.1682,-0.4188,1.6541,-0.0672,0.1458,0.1605,0.9079
23.9808,0.4885,1.6391,-0.0729,0.1516,0.1682,-0.4198,1.6551,-0.0672,0.1458,0.1605,0.9084
24.0003,0.4880,1.6400,-0.0727,0.1496,0.1663,-0.4206,1.6559,-0.0699,0.1430,0.1592,0.9087
24.0006,0.4875,1.6411,-0.0727,0.1496,0.1663,-0.4214,1.6566,-0.0699,0.1430,0.1592,0.9090
24.0202,0.4870,1.6423,-0.0722,0.1478,0.1645,-0.4222,1.6574,-0.0722,0.1400,0.1575,0.9093
24.0205,0.4863,1.6434,-0.0722,0.1478,0.1645,-0.4231,1.6581,-0.0722,0.1400,0.1575,0.9095
24.0403,0.4855,1.6447,-0.0726,0.1475,0.1644,-0.4241,1.6591,-0.0748,0.1374,0.1564,0.9098
24.0408,0.4847,1.6459,-0.0726,0.1475,0.1644,-0.4253,1.6602,-0.0748,0.1374,0.1564,0.9102
24.0501,0.4840,1.6469,-0.0736,0.1473,0.1646,-0.4265,1.6612,-0.0780,0.1353,0.1562,0.9107
24.0504,0.4834,1.6480,-0.0736,0.1473,0.1646,-0.4278,1.6621,-0.0797,0.1345,0.1563,0.9112
24.0700,0.4827,1.6490,-0.0741,0.1461,0.1638,-0.4290,1.6630,-0.0814,0.1338,0.1566,0.9118
24.0703,0.4821,1.6501,-0.0738,0.1450,0.1627,-0.4301,1.6637,-0.0831,0.1324,0.1563,0.9124
24.0902,0.4815,1.6513,-0.0742,0.1452,0.1630,-0.4314,1.6645,-0.0850,0.1321,0.1571,0.9129
24.0906,0.4808,1.6524,-0.0742,0.1452,0.1630,-0.4324,1.6653,-0.0850,0.1321,0.1571,0.9133
24.1001,0.4800,1.6536,-0.0736,0.1431,0.1609,-0.4335,1.6661,-0.0880,0.1295,0.1566,0.9136
24.1005,0.4791,1.6547,-0.0736,0.1431,0.1609,-0.4347,1.6670,-0.0896,0.1285,0.1567,0.9139
24.1201,0.4781,1.6559,-0.0741,0.1422,0.1603,-0.4360,1.6679,-0.0914,0.1280,0.1572,0.9142
24.1204,0.4772,1.6569,-0.0748,0.1418,0.1604,-0.4373,1.6688,-0.0935,0.1275,0.1581,0.9146
24.1402,0.4762,1.6580,-0.0753,0.1411,0.1599,-0.4387,1.6698,-0.0954,0.1266,0.1585,0.9150
24.1405,0.4753,1.6591,-0.0753,0.1411,0.1599,-0.4400,1.6706,-0.0954,0.1266,0.1585,0.9154
24.1504,0.4734,1.6613,-0.0770,0.1404,0.1601,-0.4411,1.6713,-0.0994,0.1255,0.1601,0.9145
24.1506,0.4734,1.6613,-0.0770,0.1404,0.1601,-0.4426,1.6722,-0.1009,0.1246,0.1603,0.9161
24.1702,0.4724,1.6624,-0.0787,0.1399,0.1605,-0.4439,1.6730,-0.1029,0.1238,0.1609,0.9163
24.1705,0.4712,1.6637,-0.0787,0.1399,0.1605,-0.4453,1.6739,-0.1029,0.1238,0.1609,0.9166
24.1902,0.4701,1.6648,-0.0810,0.1399,0.1617,-0.4468,1.6749,-0.1065,0.1225,0.1623,0.9169
24.1905,0.4701,1.6648,-0.0810,0.1399,0.1617,-0.4481,1.6757,-0.1065,0.1225,0.1623,0.9182
24.2001,0.4682,1.6670,-0.0820,0.1395,0.1618,-0.4495,1.6766,-0.1101,0.1215,0.1640,0.9177
24.2005,0.4671,1.6681,-0.0820,0.1395,0.1618,-0.4509,1.6774,-0.1101,0.1215,0.1640,0.9181
24.2203,0.4660,1.6692,-0.0824,0.1387,0.1613,-0.4522,1.6782,-0.1136,0.1200,0.1652,0.9183
24.2206,0.4647,1.6704,-0.0824,0.1387,0.1613,-0.4536,1.6789,-0.1149,0.1191,0.1655,0.9184
24.2298,0.4633,1.6718,-0.0835,0.1382,0.1615,-0.4551,1.6798,-0.1166,0.1185,0.1662,0.9184
24.2300,0.4620,1.6729,-0.0835,0.1382,0.1615,-0.4565,1.6805,-0.1166,0.1185,0.1662,0.9185
24.2503,0.4605,1.6741,-0.0860,0.1386,0.1631,-0.4580,1.6813,-0.1202,0.1170,0.1678,0.9185
24.2508,0.4605,1.6741,-0.0860,0.1386,0.1631,-0.4593,1.6820,-0.1202,0.1170,0.1678,0.9199
24.2703,0.4575,1.6766,-0.0891,0.1384,0.1646,-0.4609,1.6829,-0.1234,0.1152,0.1688,0.9184
24.2707,0.4560,1.6779,-0.0891,0.1384,0.1646,-0.4624,1.6836,-0.1234,0.1152,0.1688,0.9183
24.2801,0.4544,1.6792,-0.0928,0.1389,0.1671,-0.4640,1.6845,-0.1269,0.1135,0.1702,0.9184
24.2806,0.4528,1.6805,-0.0948,0.1390,0.1682,-0.4656,1.6852,-0.1287,0.1126,0.1710,0.9184
24.3001,0.4513,1.6817,-0.0966,0.1388,0.1691,-0.4670,1.6859,-0.1303,0.1113,0.1714,0.9183
24.3006,0.4496,1.6829,-0.0985,0.1387,0.1702,-0.4684,1.6866,-0.1319,0.1105,0.1720,0.9180
24.3201,0.4479,1.6842,-0.1005,0.1383,0.1709,-0.4698,1.6874,-0.1330,0.1094,0.1722,0.9177
24.3206,0.4456,1.6856,-0.1005,0.1383,0.1709,-0.4716,1.6884,-0.1330,0.1094,0.1722,0.9173
24.3301,0.4437,1.6866,-0.1064,0.1387,0.1749,-0.4734,1.6893,-0.1368,0.1084,0.1745,0.9170
24.3306,0.4422,1.6880,-0.1064,0.1387,0.1749,-0.4750,1.6901,-0.1368,0.1084,0.1745,0.9172
24.3502,0.4408,1.6893,-0.1117,0.1387,0.1781,-0.4765,1.6908,-0.1406,0.1073,0.1769,0.9174
24.3507,0.4392,1.6905,-0.1136,0.1391,0.1796,-0.4781,1.6914,-0.1423,0.1064,0.1777,0.9173
24.3704,0.4374,1.6918,-0.1160,0.1390,0.1810,-0.4797,1.6920,-0.1438,0.1053,0.1782,0.9170
24.3708,0.4356,1.6932,-0.1160,0.1390,0.1810,-0.4811,1.6924,-0.1438,0.1053,0.1782,0.9167
24.3800,0.4336,1.6948,-0.1210,0.1391,0.1844,-0.4826,1.6929,-0.1463,0.1023,0.1785,0.9161
24.3804,0.4318,1.6961,-0.1210,0.1391,0.1844,-0.4838,1.6933,-0.1479,0.1013,0.1793,0.9155
24.4000,0.4296,1.6978,-0.1265,0.1407,0.1892,-0.4852,1.6940,-0.1487,0.1002,0.1793,0.9148
24.4003,0.4279,1.6992,-0.1265,0.1407,0.1892,-0.4867,1.6946,-0.1487,0.1002,0.1793,0.9145
24.4205,0.4260,1.7007,-0.1324,0.1427,0.1946,-0.4882,1.6953,-0.1514,0.0991,0.1809,0.9143
24.4209,0.4242,1.7022,-0.1349,0.1430,0.1965,-0.4897,1.6960,-0.1514,0.0991,0.1809,0.9139
24.4300,0.4225,1.7035,-0.1378,0.1440,0.1993,-0.4912,1.6966,-0.1541,0.0977,0.1824,0.9138
24.4303,0.4207,1.7048,-0.1378,0.1440,0.1993,-0.4929,1.6973,-0.1541,0.0977,0.1824,0.9136
24.4504,0.4188,1.7063,-0.1428,0.1446,0.2032,-0.4946,1.6980,-0.1571,0.0964,0.1843,0.9134
24.4506,0.4169,1.7078,-0.1428,0.1446,0.2032,-0.4963,1.6988,-0.1571,0.0964,0.1843,0.9132
24.4602,0.4150,1.7092,-0.1477,0.1457,0.2075,-0.4980,1.6995,-0.1603,0.0954,0.1866,0.9130
24.4606,0.4129,1.7108,-0.1477,0.1457,0.2075,-0.4997,1.7002,-0.1603,0.0954,0.1866,0.9126
24.4803,0.4112,1.7120,-0.1532,0.1473,0.2125,-0.5010,1.7006,-0.1635,0.0939,0.1885,0.9123
24.4808,0.4091,1.7136,-0.1532,0.1473,0.2125,-0.5027,1.7011,-0.1645,0.0931,0.1890,0.9119
24.5004,0.4072,1.7150,-0.1587,0.1491,0.2177,-0.5041,1.7016,-0.1659,0.0920,0.1897,0.9114
24.5006,0.4051,1.7166,-0.1617,0.1500,0.2206,-0.5056,1.7022,-0.1671,0.0914,0.1904,0.9108
24.5101,0.4031,1.7183,-0.1649,0.1510,0.2236,-0.5073,1.7027,-0.1685,0.0911,0.1915,0.9105
24.5104,0.4010,1.7199,-0.1649,0.1510,0.2236,-0.5089,1.7033,-0.1702,0.0907,0.1928,0.9101
24.5304,0.3992,1.7213,-0.1707,0.1530,0.2292,-0.5104,1.7037,-0.1716,0.0903,0.1940,0.9098
24.5308,0.3973,1.7229,-0.1707,0.1530,0.2292,-0.5122,1.7042,-0.1716,0.0903,0.1940,0.9096
24.5504,0.3951,1.7246,-0.1749,0.1540,0.2331,-0.5141,1.7047,-0.1737,0.0879,0.1947,0.9095
24.5509,0.3932,1.7263,-0.1749,0.1540,0.2331,-0.5160,1.7052,-0.1737,0.0879,0.1947,0.9094
24.5603,0.3915,1.7278,-0.1803,0.1565,0.2388,-0.5177,1.7056,-0.1764,0.0862,0.1964,0.9095
24.5606,0.3897,1.7295,-0.1803,0.1565,0.2388,-0.5197,1.7061,-0.1764,0.0862,0.1964,0.9097
24.5800,0.3879,1.7311,-0.1850,0.1589,0.2439,-0.5216,1.7065,-0.1793,0.0848,0.1983,0.9099
24.5804,0.3862,1.7327,-0.1850,0.1589,0.2439,-0.5235,1.7068,-0.1806,0.0839,0.1991,0.9101
24.6003,0.3843,1.7343,-0.1892,0.1606,0.2482,-0.5254,1.7073,-0.1823,0.0832,0.2003,0.9101
24.6007,0.3822,1.7361,-0.1892,0.1606,0.2482,-0.5275,1.7080,-0.1837,0.0825,0.2014,0.9101
24.6204,0.3803,1.7378,-0.1938,0.1628,0.2531,-0.5295,1.7086,-0.1856,0.0820,0.2029,0.9103
24.6207,0.3787,1.7392,-0.1938,0.1628,0.2531,-0.5311,1.7091,-0.1869,0.0813,0.2038,0.9103
24.6301,0.3768,1.7408,-0.1970,0.1648,0.2568,-0.5330,1.7097,-0.1877,0.0806,0.2042,0.9104
24.6303,0.3749,1.7424,-0.1970,0.1648,0.2568,-0.5349,1.7103,-0.1877,0.0806,0.2042,0.9104
24.6505,0.3730,1.7441,-0.2008,0.1667,0.2609,-0.5368,1.7109,-0.1898,0.0793,0.2057,0.9104
24.6507,0.3711,1.7457,-0.2008,0.1667,0.2609,-0.5388,1.7115,-0.1915,0.0792,0.2072,0.9105
24.6603,0.3694,1.7473,-0.2045,0.1688,0.2652,-0.5406,1.7121,-0.1922,0.0785,0.2077,0.9107
24.6606,0.3678,1.7489,-0.2045,0.1688,0.2652,-0.5424,1.7127,-0.1936,0.0783,0.2088,0.9109
24.6801,0.3662,1.7504,-0.2067,0.1704,0.2679,-0.5443,1.7133,-0.1941,0.0776,0.2091,0.9112
24.6804,0.3646,1.7520,-0.2067,0.1704,0.2679,-0.5462,1.7139,-0.1941,0.0776,0.2091,0.9115
24.7006,0.3630,1.7535,-0.2091,0.1723,0.2710,-0.5480,1.7145,-0.1961,0.0764,0.2104,0.9118
24.7009,0.3613,1.7550,-0.2103,0.1731,0.2724,-0.5498,1.7151,-0.1968,0.0759,0.2109,0.9121
24.7100,0.3597,1.7567,-0.2115,0.1739,0.2738,-0.5518,1.7157,-0.1978,0.0753,0.2117,0.9125
24.7102,0.3582,1.7581,-0.2115,0.1739,0.2738,-0.5537,1.7163,-0.1978,0.0753,0.2117,0.9128
24.7300,0.3565,1.7597,-0.2131,0.1756,0.2761,-0.5555,1.7168,-0.2001,0.0746,0.2136,0.9130
24.7303,0.3548,1.7613,-0.2131,0.1756,0.2761,-0.5575,1.7175,-0.2008,0.0741,0.2140,0.9134
24.7399,0.3533,1.7627,-0.2143,0.1767,0.2777,-0.5595,1.7181,-0.2020,0.0739,0.2151,0.9138
24.7403,0.3516,1.7642,-0.2143,0.1767,0.2777,-0.5616,1.7189,-0.2020,0.0739,0.2151,0.9144
24.7603,0.3499,1.7658,-0.2150,0.1778,0.2790,-0.5638,1.7198,-0.2046,0.0738,0.2175,0.9149
24.7606,0.3483,1.7672,-0.2150,0.1778,0.2790,-0.5660,1.7205,-0.2046,0.0738,0.2175,0.9155
24.7800,0.3468,1.7687,-0.2152,0.1786,0.2797,-0.5680,1.7214,-0.2072,0.0738,0.2200,0.9160
24.7804,0.3453,1.7701,-0.2152,0.1786,0.2797,-0.5699,1.7220,-0.2072,0.0738,0.2200,0.9164
24.7901,0.3436,1.7717,-0.2150,0.1791,0.2799,-0.5719,1.7227,-0.2086,0.0737,0.2213,0.9168
24.7904,0.3415,1.7735,-0.2154,0.1799,0.2806,-0.5740,1.7237,-0.2086,0.0737,0.2213,0.9169
24.8102,0.3400,1.7750,-0.2161,0.1812,0.2820,-0.5760,1.7244,-0.2114,0.0741,0.2240,0.9173
24.8106,0.3382,1.7768,-0.2161,0.1812,0.2820,-0.5780,1.7253,-0.2114,0.0741,0.2240,0.9177
24.8304,0.3364,1.7785,-0.2148,0.1824,0.2818,-0.5801,1.7262,-0.2128,0.0737,0.2252,0.9180
24.8308,0.3348,1.7800,-0.2148,0.1824,0.2818,-0.5821,1.7271,-0.2135,0.0738,0.2259,0.9184
24.8502,0.3330,1.7816,-0.2148,0.1840,0.2828,-0.5841,1.7281,-0.2141,0.0740,0.2265,0.9187
24.8506,0.3314,1.7831,-0.2148,0.1840,0.2828,-0.5860,1.7290,-0.2141,0.0740,0.2265,0.9189
24.8602,0.3296,1.7845,-0.2157,0.1852,0.2843,-0.5880,1.7299,-0.2159,0.0751,0.2286,0.9192
24.8605,0.3278,1.7862,-0.2155,0.1853,0.2842,-0.5900,1.7308,-0.2159,0.0751,0.2286,0.9194
24.8801,0.3261,1.7877,-0.2156,0.1860,0.2848,-0.5919,1.7316,-0.2178,0.0768,0.2309,0.9197
24.8805,0.3241,1.7895,-0.2149,0.1860,0.2842,-0.5939,1.7326,-0.2186,0.0775,0.2319,0.9197
24.9002,0.3224,1.7908,-0.2154,0.1866,0.2850,-0.5957,1.7335,-0.2203,0.0786,0.2339,0.9198
24.9007,0.3204,1.7924,-0.2145,0.1861,0.2839,-0.5978,1.7346,-0.2210,0.0790,0.2347,0.9200
24.9103,0.3182,1.7941,-0.2150,0.1864,0.2846,-0.6001,1.7358,-0.2222,0.0799,0.2361,0.9201
24.9106,0.3163,1.7955,-0.2156,0.1867,0.2852,-0.6021,1.7369,-0.2222,0.0799,0.2361,0.9203
24.9302,0.3145,1.7971,-0.2157,0.1866,0.2852,-0.6044,1.7382,-0.2248,0.0819,0.2393,0.9207
24.9307,0.3125,1.7987,-0.2157,0.1866,0.2852,-0.6064,1.7393,-0.2264,0.0832,0.2412,0.9209
24.9401,0.3106,1.8002,-0.2164,0.1878,0.2865,-0.6085,1.7405,-0.2271,0.0840,0.2421,0.9211
24.9404,0.3085,1.8018,-0.2164,0.1878,0.2865,-0.6106,1.7418,-0.2279,0.0850,0.2432,0.9211
24.9603,0.3045,1.8048,-0.2168,0.1880,0.2869,-0.6125,1.7429,-0.2287,0.0860,0.2443,0.9190
24.9605,0.3045,1.8048,-0.2168,0.1880,0.2869,-0.6146,1.7442,-0.2289,0.0869,0.2449,0.9210
24.9802,0.3024,1.8064,-0.2168,0.1880,0.2870,-0.6167,1.7454,-0.2298,0.0881,0.2461,0.9211
24.9807,0.3003,1.8081,-0.2168,0.1880,0.2870,-0.6187,1.7467,-0.2298,0.0881,0.2461,0.9210
25.0003,0.2982,1.8097,-0.2176,0.1889,0.2882,-0.6209,1.7479,-0.2319,0.0911,0.2492,0.9212
25.0007,0.2961,1.8113,-0.2176,0.1889,0.2882,-0.6230,1.7490,-0.2319,0.0911,0.2492,0.9212
25.0100,0.2940,1.8128,-0.2179,0.1893,0.2886,-0.6252,1.7503,-0.2347,0.0938,0.2528,0.9212
25.0102,0.2920,1.8142,-0.2179,0.1893,0.2886,-0.6271,1.7514,-0.2357,0.0951,0.2542,0.9213
25.0302,0.2899,1.8156,-0.2180,0.1885,0.2882,-0.6294,1.7527,-0.2365,0.0962,0.2553,0.9215
25.0311,0.2877,1.8173,-0.2180,0.1885,0.2882,-0.6316,1.7540,-0.2380,0.0980,0.2574,0.9215
25.0400,0.2856,1.8187,-0.2191,0.1887,0.2892,-0.6339,1.7554,-0.2388,0.0997,0.2588,0.9217
25.0403,0.2836,1.8201,-0.2191,0.1887,0.2892,-0.6361,1.7567,-0.2388,0.0997,0.2588,0.9219
25.0600,0.2814,1.8215,-0.2193,0.1877,0.2886,-0.6386,1.7582,-0.2403,0.1029,0.2614,0.9222
25.0603,0.2794,1.8228,-0.2193,0.1877,0.2886,-0.6409,1.7595,-0.2403,0.1029,0.2614,0.9224
25.0800,0.2773,1.8242,-0.2205,0.1866,0.2888,-0.6431,1.7611,-0.2422,0.1069,0.2648,0.9226
25.0803,0.2754,1.8256,-0.2205,0.1866,0.2888,-0.6452,1.7623,-0.2422,0.1069,0.2648,0.9227
25.0899,0.2732,1.8272,-0.2216,0.1858,0.2892,-0.6474,1.7639,-0.2433,0.1109,0.2674,0.9228
25.0902,0.2711,1.8287,-0.2216,0.1858,0.2892,-0.6496,1.7653,-0.2441,0.1130,0.2690,0.9229
25.1103,0.2688,1.8302,-0.2223,0.1852,0.2893,-0.6519,1.7669,-0.2443,0.1147,0.2699,0.9228
25.1106,0.2667,1.8316,-0.2230,0.1848,0.2896,-0.6541,1.7684,-0.2447,0.1165,0.2711,0.9229
25.1304,0.2645,1.8330,-0.2241,0.1848,0.2905,-0.6562,1.7699,-0.2459,0.1185,0.2730,0.9229
25.1307,0.2624,1.8342,-0.2241,0.1848,0.2905,-0.6584,1.7713,-0.2465,0.1206,0.2744,0.9230
25.1502,0.2599,1.8357,-0.2250,0.1836,0.2905,-0.6609,1.7731,-0.2469,0.1221,0.2755,0.9230
25.1505,0.2582,1.8367,-0.2250,0.1836,0.2905,-0.6628,1.7743,-0.2469,0.1221,0.2755,0.9231
25.1598,0.2559,1.8382,-0.2258,0.1820,0.2901,-0.6654,1.7761,-0.2480,0.1257,0.2780,0.9233
25.1603,0.2537,1.8396,-0.2271,0.1817,0.2908,-0.6678,1.7778,-0.2494,0.1280,0.2804,0.9235
25.1699,0.2517,1.8409,-0.2283,0.1814,0.2916,-0.6701,1.7793,-0.2508,0.1301,0.2825,0.9238
25.1702,0.2517,1.8409,-0.2283,0.1814,0.2916,-0.6728,1.7813,-0.2508,0.1301,0.2825,0.9263
25.1905,0.2473,1.8436,-0.2304,0.1807,0.2928,-0.6751,1.7829,-0.2532,0.1349,0.2869,0.9244
25.1909,0.2453,1.8448,-0.2304,0.1807,0.2928,-0.6774,1.7846,-0.2532,0.1349,0.2869,0.9247
25.2102,0.2432,1.8460,-0.2320,0.1794,0.2933,-0.6798,1.7863,-0.2551,0.1390,0.2905,0.9249
25.2106,0.2410,1.8471,-0.2320,0.1794,0.2933,-0.6821,1.7880,-0.2559,0.1412,0.2922,0.9251
25.2305,0.2387,1.8483,-0.2343,0.1779,0.2942,-0.6844,1.7897,-0.2570,0.1434,0.2943,0.9250
25.2308,0.2364,1.8496,-0.2343,0.1779,0.2942,-0.6867,1.7913,-0.2578,0.1456,0.2961,0.9250
25.2399,0.2341,1.8510,-0.2368,0.1767,0.2954,-0.6891,1.7929,-0.2585,0.1476,0.2977,0.9250
25.2404,0.2321,1.8521,-0.2368,0.1767,0.2954,-0.6911,1.7941,-0.2593,0.1496,0.2993,0.9250
25.2601,0.2298,1.8535,-0.2391,0.1757,0.2967,-0.6934,1.7957,-0.2589,0.1504,0.2994,0.9250
25.2605,0.2278,1.8547,-0.2391,0.1757,0.2967,-0.6958,1.7973,-0.2589,0.1504,0.2994,0.9253
25.2699,0.2257,1.8560,-0.2411,0.1752,0.2980,-0.6982,1.7991,-0.2596,0.1535,0.3016,0.9257
25.2704,0.2235,1.8574,-0.2411,0.1752,0.2980,-0.7008,1.8010,-0.2596,0.1535,0.3016,0.9260
25.2902,0.2213,1.8587,-0.2436,0.1747,0.2998,-0.7033,1.8025,-0.2618,0.1578,0.3057,0.9263
25.2906,0.2194,1.8598,-0.2436,0.1747,0.2998,-0.7055,1.8039,-0.2628,0.1595,0.3074,0.9265
25.3103,0.2173,1.8611,-0.2443,0.1726,0.2991,-0.7079,1.8054,-0.2628,0.1606,0.3080,0.9268
25.3107,0.2151,1.8623,-0.2454,0.1721,0.2998,-0.7103,1.8069,-0.2637,0.1619,0.3095,0.9270
25.3303,0.2126,1.8638,-0.2462,0.1711,0.2999,-0.7129,1.8085,-0.2646,0.1632,0.3108,0.9272
25.3306,0.2104,1.8650,-0.2462,0.1711,0.2999,-0.7156,1.8102,-0.2657,0.1645,0.3125,0.9277
25.3403,0.2083,1.8662,-0.2487,0.1700,0.3012,-0.7180,1.8116,-0.2671,0.1661,0.3145,0.9279
25.3407,0.2061,1.8675,-0.2487,0.1700,0.3012,-0.7206,1.8131,-0.2671,0.1661,0.3145,0.9282
25.3606,0.2017,1.8701,-0.2515,0.1685,0.3027,-0.7230,1.8146,-0.2691,0.1682,0.3174,0.9263
25.3609,0.2017,1.8701,-0.2515,0.1685,0.3027,-0.7255,1.8163,-0.2701,0.1695,0.3189,0.9287
25.3801,0.1997,1.8712,-0.2522,0.1678,0.3029,-0.7279,1.8177,-0.2711,0.1710,0.3205,0.9291
25.3805,0.1976,1.8724,-0.2522,0.1678,0.3029,-0.7302,1.8190,-0.2721,0.1721,0.3220,0.9293
25.3903,0.1954,1.8736,-0.2529,0.1659,0.3025,-0.7328,1.8206,-0.2726,0.1728,0.3228,0.9298
25.3908,0.1933,1.8748,-0.2529,0.1659,0.3025,-0.7353,1.8220,-0.2743,0.1742,0.3249,0.9301
25.4101,0.1912,1.8759,-0.2542,0.1647,0.3029,-0.7378,1.8235,-0.2751,0.1749,0.3260,0.9305
25.4104,0.1890,1.8771,-0.2542,0.1647,0.3029,-0.7404,1.8249,-0.2755,0.1754,0.3266,0.9308
25.4304,0.1867,1.8785,-0.2547,0.1632,0.3025,-0.7432,1.8266,-0.2765,0.1760,0.3277,0.9313
25.4308,0.1847,1.8796,-0.2547,0.1632,0.3025,-0.7453,1.8277,-0.2765,0.1760,0.3277,0.9315
25.4402,0.1824,1.8809,-0.2555,0.1618,0.3024,-0.7480,1.8294,-0.2778,0.1768,0.3293,0.9318
25.4407,0.1803,1.8820,-0.2565,0.1615,0.3031,-0.7505,1.8309,-0.2789,0.1777,0.3307,0.9323
25.4603,0.1780,1.8833,-0.2564,0.1605,0.3025,-0.7531,1.8325,-0.2799,0.1783,0.3318,0.9325
25.4608,0.1760,1.8844,-0.2564,0.1605,0.3025,-0.7556,1.8339,-0.2813,0.1792,0.3335,0.9329
25.4700,0.1741,1.8855,-0.2570,0.1592,0.3023,-0.7578,1.8353,-0.2820,0.1795,0.3342,0.9333
25.4703,0.1718,1.8869,-0.2570,0.1592,0.3023,-0.7606,1.8370,-0.2820,0.1795,0.3342,0.9337
25.4905,0.1696,1.8880,-0.2570,0.1576,0.3015,-0.7630,1.8386,-0.2837,0.1807,0.3364,0.9339
25.4909,0.1676,1.8891,-0.2571,0.1566,0.3011,-0.7654,1.8402,-0.2842,0.1814,0.3371,0.9343
25.5103,0.1634,1.8913,-0.2570,0.1556,0.3004,-0.7682,1.8420,-0.2849,0.1824,0.3383,0.9329
25.5105,0.1634,1.8913,-0.2570,0.1556,0.3004,-0.7707,1.8436,-0.2860,0.1835,0.3398,0.9353
25.5203,0.1612,1.8927,-0.2572,0.1544,0.3000,-0.7735,1.8454,-0.2870,0.1844,0.3412,0.9359
25.5207,0.1593,1.8937,-0.2574,0.1541,0.3000,-0.7758,1.8470,-0.2882,0.1854,0.3427,0.9363
25.5401,0.1573,1.8949,-0.2567,0.1529,0.2988,-0.7781,1.8486,-0.2883,0.1859,0.3430,0.9366
25.5405,0.1551,1.8961,-0.2567,0.1529,0.2988,-0.7807,1.8504,-0.2884,0.1862,0.3433,0.9369
25.5499,0.1530,1.8973,-0.2570,0.1520,0.2986,-0.7831,1.8522,-0.2891,0.1875,0.3446,0.9372
25.5502,0.1508,1.8985,-0.2570,0.1520,0.2986,-0.7857,1.8541,-0.2891,0.1875,0.3446,0.9375
25.5696,0.1486,1.8996,-0.2573,0.1514,0.2985,-0.7881,1.8559,-0.2896,0.1891,0.3459,0.9378
25.5699,0.1486,1.8996,-0.2573,0.1514,0.2985,-0.7904,1.8575,-0.2896,0.1891,0.3459,0.9400
25.5900,0.1447,1.9014,-0.2574,0.1498,0.2978,-0.7926,1.8591,-0.2904,0.1904,0.3473,0.9383
25.5903,0.1426,1.9023,-0.2574,0.1498,0.2978,-0.7949,1.8609,-0.2904,0.1905,0.3473,0.9384
25.6100,0.1405,1.9033,-0.2569,0.1472,0.2961,-0.7974,1.8629,-0.2906,0.1912,0.3478,0.9388
25.6104,0.1382,1.9044,-0.2566,0.1462,0.2953,-0.7999,1.8649,-0.2912,0.1920,0.3488,0.9390
25.6201,0.1362,1.9053,-0.2569,0.1455,0.2952,-0.8024,1.8668,-0.2917,0.1930,0.3498,0.9394
25.6205,0.1342,1.9062,-0.2565,0.1447,0.2945,-0.8048,1.8687,-0.2923,0.1937,0.3506,0.9398
25.6403,0.1302,1.9076,-0.2564,0.1439,0.2940,-0.8073,1.8707,-0.2929,0.1948,0.3518,0.9383
25.6406,0.1302,1.9076,-0.2564,0.1439,0.2940,-0.8099,1.8726,-0.2929,0.1950,0.3519,0.9408
25.6603,0.1282,1.9082,-0.2560,0.1418,0.2926,-0.8123,1.8746,-0.2942,0.1965,0.3538,0.9411
25.6608,0.1262,1.9087,-0.2560,0.1418,0.2926,-0.8148,1.8765,-0.2938,0.1970,0.3537,0.9416
25.6701,0.1244,1.9090,-0.2548,0.1381,0.2899,-0.8172,1.8784,-0.2940,0.1974,0.3541,0.9421
25.6705,0.1227,1.9092,-0.2548,0.1381,0.2899,-0.8195,1.8801,-0.2940,0.1974,0.3541,0.9426
25.6904,0.1211,1.9094,-0.2534,0.1337,0.2866,-0.8217,1.8818,-0.2935,0.1976,0.3538,0.9432
25.6908,0.1193,1.9096,-0.2534,0.1337,0.2866,-0.8243,1.8839,-0.2935,0.1976,0.3538,0.9440
25.7103,0.1175,1.9097,-0.2520,0.1296,0.2834,-0.8268,1.8859,-0.2938,0.1986,0.3547,0.9446
25.7106,0.1159,1.9099,-0.2520,0.1296,0.2834,-0.8290,1.8879,-0.2938,0.1986,0.3547,0.9451
25.7201,0.1142,1.9102,-0.2503,0.1256,0.2800,-0.8314,1.8898,-0.2936,0.1998,0.3552,0.9457
25.7204,0.1123,1.9106,-0.2503,0.1256,0.2800,-0.8337,1.8919,-0.2936,0.1998,0.3552,0.9462
25.7402,0.1103,1.9111,-0.2483,0.1220,0.2766,-0.8362,1.8939,-0.2939,0.2012,0.3562,0.9467
25.7406,0.1085,1.9115,-0.2483,0.1220,0.2766,-0.8385,1.8958,-0.2939,0.2012,0.3562,0.9471
25.7498,0.1062,1.9120,-0.2471,0.1188,0.2741,-0.8410,1.8979,-0.2948,0.2033,0.3581,0.9473
25.7501,0.1043,1.9125,-0.2471,0.1188,0.2741,-0.8429,1.8998,-0.2950,0.2045,0.3590,0.9474
25.7701,0.1024,1.9129,-0.2469,0.1155,0.2726,-0.8450,1.9015,-0.2944,0.2050,0.3587,0.9474
25.7703,0.1003,1.9134,-0.2469,0.1155,0.2726,-0.8473,1.9034,-0.2944,0.2050,0.3587,0.9476
25.7906,0.0959,1.9146,-0.2464,0.1120,0.2707,-0.8495,1.9051,-0.2929,0.2049,0.3575,0.9455
25.7908,0.0959,1.9146,-0.2464,0.1120,0.2707,-0.8523,1.9076,-0.2925,0.2052,0.3573,0.9482
25.8005,0.0939,1.9151,-0.2470,0.1095,0.2701,-0.8547,1.9095,-0.2936,0.2073,0.3594,0.9486
25.8009,0.0916,1.9157,-0.2470,0.1095,0.2701,-0.8573,1.9117,-0.2936,0.2073,0.3594,0.9489
25.8202,0.0896,1.9161,-0.2470,0.1067,0.2691,-0.8595,1.9135,-0.2939,0.2096,0.3610,0.9491
25.8206,0.0876,1.9165,-0.2460,0.1046,0.2673,-0.8618,1.9154,-0.2931,0.2101,0.3606,0.9494
25.8401,0.0855,1.9169,-0.2456,0.1030,0.2663,-0.8642,1.9173,-0.2923,0.2104,0.3602,0.9497
25.8404,0.0832,1.9174,-0.2456,0.1030,0.2663,-0.8667,1.9195,-0.2924,0.2114,0.3608,0.9499
25.8500,0.0813,1.9178,-0.2457,0.0999,0.2652,-0.8689,1.9213,-0.2923,0.2127,0.3615,0.9503
25.8503,0.0792,1.9182,-0.2457,0.0999,0.2652,-0.8714,1.9234,-0.2923,0.2127,0.3615,0.9505
25.8708,0.0773,1.9186,-0.2450,0.0963,0.2632,-0.8736,1.9252,-0.2917,0.2142,0.3619,0.9509
25.8713,0.0751,1.9190,-0.2450,0.0963,0.2632,-0.8759,1.9272,-0.2917,0.2142,0.3619,0.9511
25.8902,0.0733,1.9194,-0.2449,0.0932,0.2620,-0.8782,1.9291,-0.2915,0.2164,0.3630,0.9515
25.8907,0.0710,1.9198,-0.2449,0.0932,0.2620,-0.8806,1.9311,-0.2915,0.2164,0.3630,0.9517
25.9103,0.0690,1.9201,-0.2445,0.0900,0.2605,-0.8827,1.9329,-0.2906,0.2182,0.3634,0.9519
25.9106,0.0672,1.9204,-0.2445,0.0900,0.2605,-0.8848,1.9347,-0.2906,0.2182,0.3634,0.9521
25.9202,0.0651,1.9208,-0.2436,0.0866,0.2585,-0.8873,1.9369,-0.2889,0.2196,0.3629,0.9526
25.9207,0.0631,1.9212,-0.2431,0.0845,0.2573,-0.8897,1.9387,-0.2883,0.2206,0.3630,0.9529
25.9400,0.0611,1.9216,-0.2434,0.0832,0.2572,-0.8921,1.9406,-0.2887,0.2219,0.3642,0.9533
25.9406,0.0593,1.9220,-0.2434,0.0832,0.2572,-0.8938,1.9425,-0.2887,0.2219,0.3642,0.9533
25.9506,0.0556,1.9225,-0.2420,0.0799,0.2548,-0.8959,1.9445,-0.2864,0.2232,0.3631,0.9518
25.9509,0.0556,1.9225,-0.2420,0.0799,0.2548,-0.8980,1.9463,-0.2856,0.2240,0.3630,0.9538
25.9704,0.0538,1.9226,-0.2408,0.0762,0.2526,-0.9001,1.9482,-0.2848,0.2248,0.3628,0.9543
25.9708,0.0521,1.9227,-0.2408,0.0762,0.2526,-0.9022,1.9501,-0.2846,0.2259,0.3633,0.9547
25.9902,0.0503,1.9226,-0.2394,0.0716,0.2499,-0.9045,1.9519,-0.2833,0.2261,0.3625,0.9553
25.9905,0.0487,1.9226,-0.2394,0.0716,0.2499,-0.9065,1.9537,-0.2833,0.2261,0.3625,0.9557
26.0001,0.0469,1.9225,-0.2379,0.0669,0.2471,-0.9086,1.9556,-0.2821,0.2269,0.3620,0.9561
26.0004,0.0450,1.9225,-0.2379,0.0669,0.2471,-0.9109,1.9576,-0.2809,0.2271,0.3612,0.9565
26.0201,0.0433,1.9225,-0.2368,0.0623,0.2449,-0.9128,1.9593,-0.2804,0.2279,0.3613,0.9568
26.0206,0.0414,1.9225,-0.2368,0.0623,0.2449,-0.9151,1.9612,-0.2788,0.2277,0.3599,0.9573
26.0405,0.0396,1.9227,-0.2359,0.0576,0.2428,-0.9171,1.9630,-0.2786,0.2284,0.3603,0.9575
26.0413,0.0378,1.9230,-0.2354,0.0557,0.2420,-0.9191,1.9648,-0.2779,0.2288,0.3600,0.9578
26.0501,0.0360,1.9233,-0.2347,0.0538,0.2408,-0.9210,1.9664,-0.2770,0.2288,0.3593,0.9579
26.0504,0.0341,1.9235,-0.2347,0.0538,0.2408,-0.9229,1.9681,-0.2770,0.2288,0.3593,0.9580
26.0703,0.0322,1.9236,-0.2334,0.0499,0.2387,-0.9249,1.9698,-0.2745,0.2280,0.3569,0.9582
26.0709,0.0302,1.9238,-0.2334,0.0499,0.2387,-0.9270,1.9714,-0.2745,0.2280,0.3569,0.9584
26.0901,0.0282,1.9239,-0.2329,0.0466,0.2375,-0.9291,1.9730,-0.2733,0.2278,0.3558,0.9586
26.0904,0.0262,1.9240,-0.2330,0.0451,0.2373,-0.9310,1.9745,-0.2729,0.2278,0.3555,0.9585
26.1000,0.0241,1.9242,-0.2329,0.0434,0.2369,-0.9329,1.9760,-0.2722,0.2272,0.3545,0.9584
26.1002,0.0221,1.9243,-0.2329,0.0434,0.2369,-0.9348,1.9774,-0.2709,0.2262,0.3529,0.9584
26.1201,0.0201,1.9244,-0.2322,0.0398,0.2356,-0.9366,1.9788,-0.2697,0.2250,0.3512,0.9582
26.1205,0.0180,1.9245,-0.2322,0.0398,0.2356,-0.9385,1.9802,-0.2697,0.2250,0.3512,0.9581
26.1402,0.0161,1.9246,-0.2325,0.0367,0.2354,-0.9403,1.9815,-0.2673,0.2230,0.3481,0.9581
26.1405,0.0140,1.9247,-0.2325,0.0367,0.2354,-0.9422,1.9829,-0.2673,0.2230,0.3481,0.9579
26.1504,0.0118,1.9249,-0.2325,0.0343,0.2350,-0.9442,1.9846,-0.2646,0.2207,0.3446,0.9579
26.1509,0.0099,1.9251,-0.2328,0.0335,0.2352,-0.9460,1.9859,-0.2638,0.2199,0.3435,0.9579
26.1702,0.0078,1.9253,-0.2326,0.0329,0.2350,-0.9480,1.9874,-0.2625,0.2190,0.3418,0.9579
26.1705,0.0078,1.9253,-0.2326,0.0329,0.2350,-0.9503,1.9889,-0.2625,0.2190,0.3418,0.9602
26.1903,0.0037,1.9254,-0.2340,0.0323,0.2362,-0.9523,1.9902,-0.2616,0.2175,0.3402,0.9582
26.1906,0.0017,1.9254,-0.2350,0.0321,0.2371,-0.9543,1.9915,-0.2613,0.2167,0.3394,0.9583
26.2002,-0.0004,1.9254,-0.2353,0.0317,0.2374,-0.9564,1.9928,-0.2601,0.2151,0.3375,0.9583
26.2006,-0.0024,1.9253,-0.2353,0.0317,0.2374,-0.9582,1.9940,-0.2592,0.2137,0.3359,0.9583
26.2204,-0.0066,1.9251,-0.2365,0.0308,0.2385,-0.9604,1.9955,-0.2584,0.2123,0.3344,0.9563
26.2206,-0.0066,1.9251,-0.2365,0.0308,0.2385,-0.9623,1.9969,-0.2580,0.2114,0.3335,0.9584
26.2300,-0.0086,1.9249,-0.2379,0.0289,0.2396,-0.9643,1.9985,-0.2572,0.2100,0.3321,0.9586
26.2304,-0.0108,1.9248,-0.2379,0.0289,0.2396,-0.9665,2.0001,-0.2572,0.2100,0.3321,0.9586
26.2501,-0.0126,1.9248,-0.2386,0.0267,0.2401,-0.9681,2.0014,-0.2560,0.2086,0.3302,0.9586
26.2506,-0.0148,1.9247,-0.2386,0.0267,0.2401,-0.9701,2.0029,-0.2560,0.2086,0.3302,0.9586
26.2703,-0.0168,1.9247,-0.2382,0.0245,0.2394,-0.9720,2.0044,-0.2544,0.2064,0.3275,0.9584
26.2706,-0.0188,1.9246,-0.2384,0.0235,0.2396,-0.9738,2.0059,-0.2539,0.2058,0.3268,0.9585
26.2803,-0.0210,1.9244,-0.2381,0.0223,0.2391,-0.9760,2.0074,-0.2531,0.2050,0.3257,0.9587
26.2805,-0.0228,1.9241,-0.2381,0.0223,0.2391,-0.9780,2.0088,-0.2531,0.2050,0.3257,0.9589
26.3002,-0.0248,1.9237,-0.2375,0.0190,0.2382,-0.9798,2.0101,-0.2514,0.2024,0.3228,0.9589
26.3005,-0.0266,1.9234,-0.2375,0.0190,0.2382,-0.9817,2.0114,-0.2514,0.2024,0.3228,0.9591
26.3201,-0.0285,1.9230,-0.2364,0.0154,0.2369,-0.9835,2.0126,-0.2489,0.1994,0.3189,0.9592
26.3205,-0.0306,1.9227,-0.2364,0.0154,0.2369,-0.9855,2.0141,-0.2489,0.1994,0.3189,0.9593
26.3404,-0.0327,1.9224,-0.2364,0.0123,0.2368,-0.9876,2.0154,-0.2474,0.1974,0.3165,0.9594
26.3408,-0.0343,1.9223,-0.2364,0.0123,0.2368,-0.9892,2.0164,-0.2474,0.1974,0.3165,0.9595
26.3501,-0.0364,1.9222,-0.2351,0.0098,0.2353,-0.9912,2.0179,-0.2450,0.1940,0.3125,0.9596
26.3505,-0.0384,1.9221,-0.2351,0.0098,0.2353,-0.9932,2.0192,-0.2450,0.1940,0.3125,0.9598
26.3705,-0.0404,1.9220,-0.2350,0.0078,0.2352,-0.9953,2.0206,-0.2437,0.1917,0.3100,0.9600
26.3708,-0.0422,1.9220,-0.2350,0.0078,0.2352,-0.9971,2.0217,-0.2437,0.1917,0.3100,0.9602
26.3801,-0.0444,1.9219,-0.2346,0.0058,0.2347,-0.9992,2.0230,-0.2424,0.1890,0.3073,0.9602
26.3805,-0.0464,1.9218,-0.2346,0.0058,0.2347,-1.0011,2.0240,-0.2424,0.1890,0.3073,0.9602
26.4000,-0.0485,1.9217,-0.2349,0.0040,0.2349,-1.0029,2.0249,-0.2411,0.1857,0.3043,0.9600
26.4004,-0.0505,1.9216,-0.2349,0.0040,0.2349,-1.0047,2.0258,-0.2411,0.1857,0.3043,0.9599
26.4205,-0.0527,1.9215,-0.2355,0.0025,0.2355,-1.0064,2.0267,-0.2398,0.1821,0.3012,0.9595
26.4209,-0.0550,1.9214,-0.2356,0.0015,0.2356,-1.0085,2.0279,-0.2382,0.1797,0.2984,0.9595
26.4299,-0.0571,1.9213,-0.2361,0.0004,0.2361,-1.0105,2.0290,-0.2377,0.1784,0.2972,0.9595
26.4301,-0.0590,1.9212,-0.2361,0.0004,0.2361,-1.0123,2.0303,-0.2377,0.1784,0.2972,0.9595
26.4502,-0.0612,1.9210,-0.2367,-0.0016,0.2367,-1.0143,2.0316,-0.2371,0.1756,0.2950,0.9595
26.4505,-0.0633,1.9209,-0.2367,-0.0016,0.2367,-1.0163,2.0329,-0.2367,0.1742,0.2939,0.9595
26.4701,-0.0653,1.9207,-0.2378,-0.0033,0.2378,-1.0182,2.0339,-0.2367,0.1731,0.2932,0.9596
26.4704,-0.0675,1.9203,-0.2378,-0.0033,0.2378,-1.0202,2.0352,-0.2367,0.1731,0.2932,0.9596
26.4803,-0.0695,1.9200,-0.2392,-0.0047,0.2392,-1.0221,2.0362,-0.2360,0.1702,0.2909,0.9597
26.4807,-0.0715,1.9196,-0.2392,-0.0047,0.2392,-1.0240,2.0372,-0.2360,0.1702,0.2909,0.9597
26.5004,-0.0737,1.9193,-0.2403,-0.0058,0.2404,-1.0260,2.0382,-0.2350,0.1670,0.2883,0.9598
26.5009,-0.0757,1.9189,-0.2403,-0.0058,0.2404,-1.0280,2.0393,-0.2348,0.1653,0.2872,0.9599
26.5099,-0.0779,1.9184,-0.2414,-0.0072,0.2415,-1.0300,2.0405,-0.2343,0.1635,0.2857,0.9599
26.5103,-0.0799,1.9180,-0.2414,-0.0072,0.2415,-1.0319,2.0415,-0.2343,0.1635,0.2857,0.9599
26.5300,-0.0818,1.9176,-0.2427,-0.0092,0.2429,-1.0336,2.0425,-0.2336,0.1607,0.2835,0.9599
26.5302,-0.0841,1.9171,-0.2427,-0.0092,0.2429,-1.0357,2.0436,-0.2336,0.1607,0.2835,0.9600
26.5504,-0.0859,1.9167,-0.2436,-0.0118,0.2439,-1.0375,2.0446,-0.2330,0.1576,0.2813,0.9601
26.5509,-0.0879,1.9163,-0.2436,-0.0118,0.2439,-1.0393,2.0455,-0.2330,0.1576,0.2813,0.9601
26.5703,-0.0901,1.9157,-0.2440,-0.0144,0.2444,-1.0413,2.0465,-0.2328,0.1548,0.2796,0.9601
26.5705,-0.0921,1.9151,-0.2446,-0.0158,0.2451,-1.0430,2.0475,-0.2328,0.1548,0.2796,0.9601
26.5800,-0.0942,1.9143,-0.2446,-0.0173,0.2452,-1.0450,2.0487,-0.2320,0.1522,0.2775,0.9603
26.5803,-0.0960,1.9135,-0.2446,-0.0173,0.2452,-1.0467,2.0497,-0.2318,0.1514,0.2769,0.9604
26.6007,-0.0978,1.9128,-0.2444,-0.0210,0.2453,-1.0486,2.0508,-0.2315,0.1505,0.2761,0.9607
26.6012,-0.0998,1.9120,-0.2444,-0.0210,0.2453,-1.0505,2.0519,-0.2315,0.1505,0.2761,0.9610
26.6099,-0.1017,1.9112,-0.2439,-0.0246,0.2451,-1.0523,2.0529,-0.2316,0.1490,0.2754,0.9611
26.6103,-0.1039,1.9104,-0.2439,-0.0246,0.2451,-1.0543,2.0540,-0.2315,0.1481,0.2748,0.9612
26.6300,-0.1057,1.9097,-0.2437,-0.0282,0.2454,-1.0559,2.0549,-0.2315,0.1476,0.2746,0.9612
26.6303,-0.1078,1.9090,-0.2437,-0.0282,0.2454,-1.0577,2.0557,-0.2315,0.1476,0.2746,0.9611
26.6502,-0.1097,1.9083,-0.2436,-0.0315,0.2456,-1.0592,2.0564,-0.2311,0.1454,0.2730,0.9610
26.6506,-0.1119,1.9074,-0.2436,-0.0315,0.2456,-1.0612,2.0573,-0.2301,0.1436,0.2713,0.9610
26.6598,-0.1140,1.9066,-0.2437,-0.0353,0.2463,-1.0630,2.0581,-0.2304,0.1427,0.2710,0.9610
26.6600,-0.1161,1.9057,-0.2437,-0.0353,0.2463,-1.0648,2.0589,-0.2304,0.1427,0.2710,0.9610
26.6805,-0.1182,1.9048,-0.2435,-0.0394,0.2467,-1.0667,2.0597,-0.2291,0.1401,0.2685,0.9610
26.6809,-0.1201,1.9041,-0.2435,-0.0394,0.2467,-1.0685,2.0604,-0.2291,0.1401,0.2685,0.9612
26.7003,-0.1221,1.9034,-0.2436,-0.0427,0.2474,-1.0704,2.0613,-0.2283,0.1379,0.2668,0.9614
26.7007,-0.1242,1.9026,-0.2435,-0.0440,0.2474,-1.0723,2.0621,-0.2282,0.1371,0.2662,0.9614
26.7102,-0.1262,1.9019,-0.2437,-0.0455,0.2479,-1.0742,2.0629,-0.2282,0.1362,0.2658,0.9616
26.7105,-0.1282,1.9011,-0.2437,-0.0455,0.2479,-1.0760,2.0638,-0.2282,0.1362,0.2658,0.9616
26.7304,-0.1303,1.9003,-0.2432,-0.0478,0.2479,-1.0777,2.0646,-0.2274,0.1337,0.2638,0.9616
26.7308,-0.1323,1.8995,-0.2432,-0.0478,0.2479,-1.0794,2.0654,-0.2267,0.1322,0.2625,0.9615
26.7504,-0.1344,1.8986,-0.2431,-0.0506,0.2483,-1.0811,2.0660,-0.2259,0.1306,0.2610,0.9614
26.7507,-0.1363,1.8978,-0.2431,-0.0506,0.2483,-1.0827,2.0666,-0.2259,0.1293,0.2603,0.9614
26.7601,-0.1384,1.8970,-0.2430,-0.0537,0.2489,-1.0846,2.0672,-0.2252,0.1273,0.2587,0.9614
26.7606,-0.1405,1.8962,-0.2430,-0.0537,0.2489,-1.0866,2.0678,-0.2253,0.1256,0.2579,0.9615
26.7804,-0.1427,1.8954,-0.2435,-0.0567,0.2500,-1.0883,2.0683,-0.2254,0.1239,0.2573,0.9613
26.7807,-0.1447,1.8947,-0.2435,-0.0567,0.2500,-1.0900,2.0688,-0.2247,0.1219,0.2556,0.9612
26.8003,-0.1467,1.8938,-0.2437,-0.0588,0.2507,-1.0920,2.0695,-0.2241,0.1201,0.2542,0.9615
26.8006,-0.1486,1.8930,-0.2437,-0.0588,0.2507,-1.0939,2.0701,-0.2244,0.1188,0.2539,0.9617
26.8101,-0.1505,1.8922,-0.2440,-0.0608,0.2515,-1.0958,2.0708,-0.2244,0.1174,0.2532,0.9621
26.8105,-0.1524,1.8914,-0.2440,-0.0608,0.2515,-1.0977,2.0714,-0.2244,0.1174,0.2532,0.9622
26.8301,-0.1544,1.8905,-0.2437,-0.0626,0.2516,-1.0996,2.0720,-0.2244,0.1146,0.2519,0.9624
26.8304,-0.1564,1.8898,-0.2437,-0.0626,0.2516,-1.1015,2.0727,-0.2241,0.1132,0.2510,0.9626
26.8502,-0.1585,1.8890,-0.2442,-0.0651,0.2527,-1.1032,2.0733,-0.2244,0.1125,0.2510,0.9625
26.8506,-0.1605,1.8881,-0.2442,-0.0651,0.2527,-1.1050,2.0740,-0.2244,0.1125,0.2510,0.9626
26.8598,-0.1626,1.8872,-0.2443,-0.0680,0.2536,-1.1068,2.0747,-0.2237,0.1095,0.2490,0.9627
26.8601,-0.1646,1.8863,-0.2443,-0.0680,0.2536,-1.1086,2.0752,-0.2237,0.1095,0.2490,0.9627
26.8706,-0.1666,1.8853,-0.2449,-0.0714,0.2551,-1.1105,2.0757,-0.2230,0.1071,0.2473,0.9629
26.8906,-0.1684,1.8845,-0.2443,-0.0731,0.2550,-1.1122,2.0760,-0.2225,0.1053,0.2461,0.9630
26.8910,-0.1704,1.8836,-0.2443,-0.0731,0.2550,-1.1139,2.0761,-0.2225,0.1053,0.2461,0.9630
26.8998,-0.1725,1.8827,-0.2438,-0.0762,0.2555,-1.1158,2.0763,-0.2220,0.1026,0.2445,0.9630
26.9003,-0.1725,1.8827,-0.2438,-0.0762,0.2555,-1.1176,2.0763,-0.2220,0.1026,0.2445,0.9647
26.9206,-0.1786,1.8799,-0.2428,-0.0809,0.2559,-1.1194,2.0763,-0.2225,0.0991,0.2435,0.9611
26.9210,-0.1786,1.8799,-0.2428,-0.0809,0.2559,-1.1213,2.0763,-0.2225,0.0991,0.2435,0.9629
26.9402,-0.1805,1.8789,-0.2430,-0.0828,0.2567,-1.1231,2.0762,-0.2215,0.0945,0.2408,0.9630
26.9406,-0.1827,1.8778,-0.2430,-0.0828,0.2567,-1.1248,2.0762,-0.2215,0.0945,0.2408,0.9628
26.9603,-0.1849,1.8767,-0.2430,-0.0865,0.2580,-1.1267,2.0761,-0.2210,0.0891,0.2383,0.9627
26.9608,-0.1865,1.8759,-0.2431,-0.0884,0.2587,-1.1281,2.0761,-0.2207,0.0865,0.2371,0.9627
26.9700,-0.1886,1.8749,-0.2424,-0.0895,0.2584,-1.1300,2.0761,-0.2199,0.0843,0.2355,0.9626
26.9703,-0.1908,1.8739,-0.2422,-0.0909,0.2587,-1.1320,2.0761,-0.2195,0.0819,0.2343,0.9627
26.9904,-0.1929,1.8730,-0.2426,-0.0921,0.2595,-1.1341,2.0759,-0.2199,0.0798,0.2339,0.9628
26.9910,-0.1948,1.8722,-0.2428,-0.0933,0.2602,-1.1358,2.0756,-0.2202,0.0774,0.2334,0.9628
27.0001,-0.1967,1.8713,-0.2422,-0.0941,0.2598,-1.1375,2.0751,-0.2196,0.0747,0.2319,0.9626
27.0004,-0.1990,1.8700,-0.2422,-0.0941,0.2598,-1.1396,2.0743,-0.2189,0.0716,0.2304,0.9625
27.0203,-0.2009,1.8690,-0.2421,-0.0968,0.2607,-1.1415,2.0736,-0.2192,0.0677,0.2294,0.9626
27.0206,-0.2029,1.8680,-0.2421,-0.0968,0.2607,-1.1434,2.0731,-0.2192,0.0677,0.2294,0.9626
27.0410,-0.2050,1.8669,-0.2422,-0.0992,0.2617,-1.1453,2.0727,-0.2196,0.0612,0.2279,0.9625
27.0413,-0.2071,1.8659,-0.2422,-0.0992,0.2617,-1.1473,2.0723,-0.2196,0.0612,0.2279,0.9626
27.0499,-0.2090,1.8649,-0.2422,-0.1017,0.2627,-1.1490,2.0719,-0.2196,0.0554,0.2265,0.9625
27.0503,-0.2090,1.8649,-0.2422,-0.1017,0.2627,-1.1507,2.0715,-0.2193,0.0529,0.2256,0.9641
27.0705,-0.2132,1.8629,-0.2418,-0.1036,0.2631,-1.1529,2.0710,-0.2189,0.0500,0.2245,0.9625
27.0709,-0.2153,1.8619,-0.2418,-0.1036,0.2631,-1.1548,2.0704,-0.2189,0.0500,0.2245,0.9624
27.0902,-0.2176,1.8608,-0.2422,-0.1048,0.2639,-1.1568,2.0697,-0.2195,0.0434,0.2238,0.9621
27.0904,-0.2195,1.8599,-0.2422,-0.1048,0.2639,-1.1587,2.0689,-0.2195,0.0434,0.2238,0.9623
27.1002,-0.2237,1.8578,-0.2433,-0.1058,0.2653,-1.1608,2.0681,-0.2204,0.0363,0.2234,0.9604
27.1005,-0.2237,1.8578,-0.2433,-0.1058,0.2653,-1.1627,2.0675,-0.2205,0.0325,0.2229,0.9621
27.1200,-0.2257,1.8567,-0.2441,-0.1070,0.2665,-1.1647,2.0669,-0.2207,0.0292,0.2226,0.9622
27.1203,-0.2277,1.8556,-0.2441,-0.1070,0.2665,-1.1667,2.0662,-0.2207,0.0292,0.2226,0.9623
27.1401,-0.2296,1.8546,-0.2439,-0.1082,0.2668,-1.1687,2.0656,-0.2216,0.0227,0.2227,0.9625
27.1404,-0.2314,1.8536,-0.2439,-0.1082,0.2668,-1.1704,2.0651,-0.2216,0.0227,0.2227,0.9626
27.1501,-0.2337,1.8522,-0.2433,-0.1094,0.2667,-1.1729,2.0643,-0.2224,0.0174,0.2231,0.9629
27.1505,-0.2356,1.8510,-0.2434,-0.1105,0.2674,-1.1749,2.0636,-0.2224,0.0174,0.2231,0.9631
27.1702,-0.2377,1.8498,-0.2432,-0.1112,0.2674,-1.1771,2.0629,-0.2238,0.0110,0.2241,0.9633
27.1705,-0.2396,1.8487,-0.2432,-0.1112,0.2674,-1.1793,2.0622,-0.2246,0.0079,0.2247,0.9636
27.1902,-0.2418,1.8476,-0.2429,-0.1121,0.2676,-1.1816,2.0614,-0.2253,0.0049,0.2253,0.9638
27.1905,-0.2437,1.8465,-0.2429,-0.1121,0.2676,-1.1838,2.0606,-0.2253,0.0049,0.2253,0.9642
27.2002,-0.2455,1.8455,-0.2431,-0.1136,0.2684,-1.1858,2.0599,-0.2267,-0.0014,0.2267,0.9645
27.2004,-0.2477,1.8442,-0.2431,-0.1136,0.2684,-1.1882,2.0591,-0.2267,-0.0014,0.2267,0.9648
27.2202,-0.2496,1.8430,-0.2430,-0.1154,0.2690,-1.1904,2.0584,-0.2280,-0.0077,0.2281,0.9651
27.2206,-0.2516,1.8418,-0.2430,-0.1154,0.2690,-1.1925,2.0578,-0.2280,-0.0077,0.2281,0.9654
27.2300,-0.2535,1.8407,-0.2426,-0.1170,0.2693,-1.1945,2.0572,-0.2295,-0.0136,0.2299,0.9657
27.2304,-0.2557,1.8393,-0.2426,-0.1170,0.2693,-1.1969,2.0564,-0.2295,-0.0136,0.2299,0.9659
27.2502,-0.2577,1.8381,-0.2426,-0.1186,0.2701,-1.1991,2.0557,-0.2316,-0.0191,0.2324,0.9662
27.2506,-0.2595,1.8368,-0.2428,-0.1196,0.2706,-1.2013,2.0549,-0.2316,-0.0191,0.2324,0.9667
27.2703,-0.2615,1.8357,-0.2423,-0.1204,0.2705,-1.2036,2.0541,-0.2333,-0.0246,0.2346,0.9671
27.2708,-0.2636,1.8344,-0.2423,-0.1204,0.2705,-1.2060,2.0533,-0.2340,-0.0274,0.2356,0.9675
27.2802,-0.2653,1.8335,-0.2418,-0.1220,0.2708,-1.2081,2.0526,-0.2353,-0.0301,0.2372,0.9679
27.2806,-0.2673,1.8325,-0.2418,-0.1220,0.2708,-1.2104,2.0518,-0.2361,-0.0324,0.2383,0.9682
27.3001,-0.2693,1.8315,-0.2413,-0.1227,0.2707,-1.2125,2.0510,-0.2367,-0.0354,0.2394,0.9684
27.3005,-0.2713,1.8304,-0.2414,-0.1230,0.2710,-1.2151,2.0503,-0.2373,-0.0381,0.2404,0.9690
27.3101,-0.2733,1.8294,-0.2417,-0.1235,0.2714,-1.2174,2.0494,-0.2385,-0.0410,0.2420,0.9694
27.3104,-0.2755,1.8281,-0.2418,-0.1240,0.2717,-1.2200,2.0485,-0.2393,-0.0438,0.2433,0.9699
27.3305,-0.2773,1.8270,-0.2421,-0.1248,0.2723,-1.2223,2.0477,-0.2408,-0.0470,0.2453,0.9704
27.3308,-0.2791,1.8258,-0.2417,-0.1255,0.2723,-1.2248,2.0468,-0.2416,-0.0499,0.2467,0.9712
27.3504,-0.2811,1.8245,-0.2412,-0.1264,0.2723,-1.2270,2.0460,-0.2433,-0.0530,0.2490,0.9715
27.3507,-0.2832,1.8231,-0.2412,-0.1264,0.2723,-1.2295,2.0451,-0.2433,-0.0530,0.2490,0.9720
27.3704,-0.2850,1.8220,-0.2413,-0.1281,0.2732,-1.2315,2.0443,-0.2453,-0.0590,0.2523,0.9723
27.3707,-0.2871,1.8208,-0.2413,-0.1281,0.2732,-1.2342,2.0433,-0.2458,-0.0618,0.2535,0.9728
27.3804,-0.2891,1.8198,-0.2411,-0.1290,0.2734,-1.2364,2.0424,-0.2475,-0.0649,0.2559,0.9731
27.3807,-0.2910,1.8188,-0.2413,-0.1292,0.2738,-1.2386,2.0414,-0.2483,-0.0671,0.2572,0.9734
27.4007,-0.2949,1.8167,-0.2409,-0.1300,0.2737,-1.2410,2.0403,-0.2493,-0.0695,0.2588,0.9722
27.4011,-0.2949,1.8167,-0.2409,-0.1300,0.2737,-1.2432,2.0393,-0.2504,-0.0719,0.2605,0.9741
27.4102,-0.2967,1.8155,-0.2412,-0.1305,0.2742,-1.2455,2.0381,-0.2512,-0.0741,0.2619,0.9745
27.4106,-0.2988,1.8142,-0.2407,-0.1308,0.2740,-1.2481,2.0368,-0.2522,-0.0764,0.2636,0.9750
27.4301,-0.3007,1.8130,-0.2404,-0.1313,0.2739,-1.2502,2.0356,-0.2536,-0.0790,0.2656,0.9753
27.4307,-0.3026,1.8119,-0.2405,-0.1318,0.2742,-1.2527,2.0343,-0.2544,-0.0812,0.2670,0.9758
27.4503,-0.3045,1.8108,-0.2399,-0.1318,0.2737,-1.2550,2.0332,-0.2558,-0.0837,0.2692,0.9762
27.4508,-0.3065,1.8096,-0.2399,-0.1318,0.2737,-1.2574,2.0320,-0.2558,-0.0837,0.2692,0.9766
27.4701,-0.3084,1.8085,-0.2401,-0.1327,0.2744,-1.2600,2.0306,-0.2587,-0.0883,0.2733,0.9772
27.4704,-0.3103,1.8073,-0.2401,-0.1327,0.2744,-1.2623,2.0294,-0.2600,-0.0909,0.2754,0.9775
27.4798,-0.3122,1.8063,-0.2390,-0.1332,0.2737,-1.2645,2.0281,-0.2605,-0.0934,0.2768,0.9778
27.4801,-0.3142,1.8052,-0.2390,-0.1332,0.2737,-1.2671,2.0267,-0.2605,-0.0934,0.2768,0.9784
27.5002,-0.3159,1.8043,-0.2388,-0.1339,0.2738,-1.2692,2.0256,-0.2626,-0.0977,0.2802,0.9786
27.5005,-0.3178,1.8034,-0.2388,-0.1339,0.2738,-1.2716,2.0242,-0.2626,-0.0977,0.2802,0.9790
27.5101,-0.3196,1.8025,-0.2375,-0.1332,0.2723,-1.2737,2.0228,-0.2639,-0.1002,0.2823,0.9793
27.5103,-0.3218,1.8013,-0.2375,-0.1332,0.2723,-1.2761,2.0212,-0.2639,-0.1002,0.2823,0.9794
27.5302,-0.3236,1.8002,-0.2378,-0.1334,0.2726,-1.2785,2.0198,-0.2655,-0.1038,0.2851,0.9798
27.5305,-0.3254,1.7990,-0.2378,-0.1334,0.2726,-1.2807,2.0183,-0.2655,-0.1038,0.2851,0.9802
27.5504,-0.3275,1.7977,-0.2367,-0.1336,0.2718,-1.2832,2.0166,-0.2668,-0.1079,0.2877,0.9805
27.5508,-0.3293,1.7965,-0.2370,-0.1345,0.2725,-1.2856,2.0151,-0.2685,-0.1106,0.2904,0.9810
27.5699,-0.3312,1.7953,-0.2366,-0.1350,0.2724,-1.2880,2.0134,-0.2699,-0.1128,0.2925,0.9813
27.5702,-0.3330,1.7943,-0.2366,-0.1350,0.2724,-1.2903,2.0118,-0.2702,-0.1152,0.2937,0.9816
27.5801,-0.3352,1.7932,-0.2355,-0.1352,0.2716,-1.2928,2.0099,-0.2710,-0.1173,0.2953,0.9818
27.5804,-0.3370,1.7923,-0.2355,-0.1352,0.2716,-1.2950,2.0083,-0.2719,-0.1194,0.2970,0.9820
27.6000,-0.3388,1.7912,-0.2350,-0.1352,0.2711,-1.2973,2.0067,-0.2724,-0.1212,0.2982,0.9825
27.6003,-0.3406,1.7901,-0.2350,-0.1352,0.2711,-1.2998,2.0050,-0.2724,-0.1212,0.2982,0.9829
27.6200,-0.3426,1.7890,-0.2338,-0.1354,0.2702,-1.3020,2.0033,-0.2742,-0.1250,0.3014,0.9831
27.6204,-0.3447,1.7877,-0.2338,-0.1354,0.2702,-1.3044,2.0014,-0.2747,-0.1271,0.3026,0.9833
27.6303,-0.3465,1.7866,-0.2340,-0.1359,0.2706,-1.3065,1.9997,-0.2755,-0.1295,0.3044,0.9834
27.6307,-0.3488,1.7852,-0.2337,-0.1360,0.2704,-1.3091,1.9975,-0.2758,-0.1318,0.3057,0.9835
27.6501,-0.3507,1.7841,-0.2348,-0.1370,0.2718,-1.3112,1.9958,-0.2773,-0.1351,0.3085,0.9836
27.6504,-0.3527,1.7829,-0.2348,-0.1370,0.2718,-1.3135,1.9939,-0.2773,-0.1351,0.3085,0.9837
27.6601,-0.3544,1.7819,-0.2342,-0.1361,0.2708,-1.3155,1.9922,-0.2772,-0.1393,0.3102,0.9838
27.6604,-0.3564,1.7807,-0.2342,-0.1361,0.2708,-1.3177,1.9902,-0.2772,-0.1393,0.3102,0.9838
27.6805,-0.3582,1.7796,-0.2336,-0.1361,0.2703,-1.3198,1.9883,-0.2769,-0.1439,0.3120,0.9840
27.6809,-0.3602,1.7784,-0.2336,-0.1361,0.2703,-1.3220,1.9864,-0.2769,-0.1439,0.3120,0.9841
27.7002,-0.3623,1.7771,-0.2330,-0.1363,0.2700,-1.3244,1.9842,-0.2765,-0.1485,0.3138,0.9841
27.7005,-0.3641,1.7760,-0.2337,-0.1367,0.2708,-1.3266,1.9822,-0.2771,-0.1515,0.3158,0.9843
27.7101,-0.3662,1.7749,-0.2329,-0.1363,0.2699,-1.3287,1.9801,-0.2767,-0.1538,0.3166,0.9842
27.7103,-0.3679,1.7739,-0.2330,-0.1363,0.2699,-1.3307,1.9781,-0.2767,-0.1567,0.3180,0.9841
27.7303,-0.3701,1.7727,-0.2327,-0.1359,0.2695,-1.3330,1.9758,-0.2764,-0.1595,0.3191,0.9841
27.7306,-0.3718,1.7717,-0.2327,-0.1359,0.2695,-1.3349,1.9738,-0.2770,-0.1629,0.3213,0.9840
27.7503,-0.3738,1.7704,-0.2323,-0.1354,0.2689,-1.3371,1.9715,-0.2760,-0.1653,0.3217,0.9841
27.7520,-0.3757,1.7693,-0.2323,-0.1353,0.2688,-1.3392,1.9694,-0.2760,-0.1653,0.3217,0.9841
27.7603,-0.3777,1.7680,-0.2323,-0.1351,0.2687,-1.3412,1.9672,-0.2760,-0.1711,0.3247,0.9839
27.7607,-0.3798,1.7667,-0.2323,-0.1351,0.2687,-1.3434,1.9648,-0.2753,-0.1738,0.3255,0.9838
27.7803,-0.3817,1.7655,-0.2324,-0.1355,0.2690,-1.3456,1.9627,-0.2749,-0.1769,0.3269,0.9839
27.7806,-0.3837,1.7643,-0.2324,-0.1355,0.2690,-1.3478,1.9602,-0.2749,-0.1769,0.3269,0.9838
27.8001,-0.3855,1.7632,-0.2327,-0.1364,0.2697,-1.3499,1.9580,-0.2747,-0.1832,0.3302,0.9839
27.8005,-0.3875,1.7619,-0.2327,-0.1364,0.2697,-1.3523,1.9556,-0.2747,-0.1861,0.3318,0.9840
27.8101,-0.3892,1.7608,-0.2323,-0.1370,0.2697,-1.3542,1.9534,-0.2744,-0.1893,0.3334,0.9840
27.8106,-0.3913,1.7595,-0.2323,-0.1370,0.2697,-1.3565,1.9510,-0.2737,-0.1920,0.3343,0.9840
27.8301,-0.3931,1.7584,-0.2317,-0.1373,0.2693,-1.3585,1.9489,-0.2730,-0.1949,0.3354,0.9840
27.8304,-0.3949,1.7574,-0.2317,-0.1373,0.2693,-1.3604,1.9467,-0.2730,-0.1949,0.3354,0.9839
27.8499,-0.3968,1.7562,-0.2315,-0.1368,0.2689,-1.3626,1.9442,-0.2713,-0.2003,0.3372,0.9839
27.8502,-0.3988,1.7551,-0.2315,-0.1368,0.2689,-1.3647,1.9419,-0.2713,-0.2003,0.3372,0.9838
27.8603,-0.4009,1.7538,-0.2311,-0.1361,0.2682,-1.3669,1.9394,-0.2705,-0.2064,0.3402,0.9837
27.8606,-0.4027,1.7528,-0.2311,-0.1361,0.2682,-1.3691,1.9371,-0.2705,-0.2064,0.3402,0.9839
27.8803,-0.4047,1.7515,-0.2311,-0.1361,0.2682,-1.3714,1.9345,-0.2698,-0.2124,0.3433,0.9839
27.8806,-0.4066,1.7502,-0.2311,-0.1361,0.2682,-1.3735,1.9321,-0.2701,-0.2158,0.3457,0.9839
27.9003,-0.4082,1.7493,-0.2312,-0.1372,0.2689,-1.3754,1.9300,-0.2698,-0.2186,0.3473,0.9840
27.9007,-0.4101,1.7481,-0.2305,-0.1369,0.2681,-1.3776,1.9276,-0.2688,-0.2205,0.3477,0.9840
27.9100,-0.4121,1.7469,-0.2304,-0.1372,0.2681,-1.3798,1.9252,-0.2688,-0.2233,0.3494,0.9841
27.9105,-0.4137,1.7459,-0.2304,-0.1372,0.2681,-1.3818,1.9230,-0.2688,-0.2233,0.3494,0.9842
27.9304,-0.4157,1.7447,-0.2299,-0.1367,0.2674,-1.3842,1.9205,-0.2675,-0.2275,0.3512,0.9843
27.9308,-0.4173,1.7438,-0.2299,-0.1366,0.2674,-1.3861,1.9183,-0.2679,-0.2303,0.3533,0.9844
27.9403,-0.4191,1.7426,-0.2294,-0.1362,0.2668,-1.3885,1.9157,-0.2668,-0.2320,0.3535,0.9847
27.9503,-0.4211,1.7411,-0.2291,-0.1363,0.2666,-1.3910,1.9128,-0.2669,-0.2348,0.3555,0.9850
27.9507,-0.4226,1.7402,-0.2291,-0.1363,0.2666,-1.3929,1.9107,-0.2669,-0.2348,0.3555,0.9851
27.9702,-0.4246,1.7388,-0.2283,-0.1366,0.2661,-1.3954,1.9078,-0.2657,-0.2399,0.3580,0.9853
27.9706,-0.4264,1.7377,-0.2286,-0.1370,0.2665,-1.3975,1.9054,-0.2662,-0.2433,0.3606,0.9855
27.9904,-0.4281,1.7366,-0.2283,-0.1372,0.2664,-1.3996,1.9026,-0.2659,-0.2455,0.3619,0.9856
27.9908,-0.4297,1.7357,-0.2283,-0.1372,0.2664,-1.4016,1.9004,-0.2650,-0.2481,0.3631,0.9858
28.0003,-0.4314,1.7346,-0.2276,-0.1373,0.2658,-1.4036,1.8978,-0.2649,-0.2504,0.3645,0.9858
28.0009,-0.4333,1.7333,-0.2276,-0.1373,0.2658,-1.4061,1.8950,-0.2642,-0.2528,0.3656,0.9862
28.0202,-0.4349,1.7322,-0.2274,-0.1384,0.2662,-1.4080,1.8925,-0.2647,-0.2557,0.3680,0.9862
28.0206,-0.4366,1.7309,-0.2274,-0.1384,0.2662,-1.4103,1.8897,-0.2647,-0.2557,0.3680,0.9865
28.0406,-0.4384,1.7295,-0.2260,-0.1387,0.2652,-1.4125,1.8868,-0.2636,-0.2602,0.3704,0.9868
28.0410,-0.4399,1.7283,-0.2260,-0.1391,0.2653,-1.4145,1.8842,-0.2636,-0.2630,0.3724,0.9870
28.0501,-0.4416,1.7272,-0.2250,-0.1387,0.2643,-1.4165,1.8816,-0.2626,-0.2649,0.3730,0.9871
28.0601,-0.4435,1.7259,-0.2245,-0.1385,0.2638,-1.4187,1.8787,-0.2617,-0.2671,0.3739,0.9871
28.0606,-0.4450,1.7249,-0.2245,-0.1385,0.2638,-1.4204,1.8763,-0.2617,-0.2671,0.3739,0.9871
28.0807,-0.4468,1.7237,-0.2239,-0.1388,0.2634,-1.4226,1.8734,-0.2602,-0.2711,0.3758,0.9871
28.0811,-0.4484,1.7227,-0.2239,-0.1388,0.2634,-1.4245,1.8709,-0.2602,-0.2711,0.3758,0.9872
28.0901,-0.4502,1.7214,-0.2229,-0.1392,0.2627,-1.4266,1.8679,-0.2590,-0.2749,0.3777,0.9873
28.0904,-0.4519,1.7203,-0.2229,-0.1392,0.2627,-1.4285,1.8651,-0.2590,-0.2749,0.3777,0.9873
28.1103,-0.4535,1.7193,-0.2224,-0.1395,0.2626,-1.4305,1.8623,-0.2575,-0.2797,0.3802,0.9874
28.1106,-0.4555,1.7178,-0.2218,-0.1394,0.2620,-1.4327,1.8591,-0.2569,-0.2821,0.3815,0.9873
28.1301,-0.4572,1.7167,-0.2217,-0.1398,0.2621,-1.4346,1.8563,-0.2565,-0.2847,0.3832,0.9873
28.1305,-0.4592,1.7153,-0.2217,-0.1398,0.2621,-1.4368,1.8532,-0.2561,-0.2869,0.3846,0.9873
28.1401,-0.4609,1.7141,-0.2208,-0.1397,0.2613,-1.4386,1.8504,-0.2554,-0.2887,0.3855,0.9871
28.1404,-0.4626,1.7131,-0.2205,-0.1398,0.2611,-1.4404,1.8478,-0.2549,-0.2909,0.3868,0.9871
28.1599,-0.4642,1.7120,-0.2197,-0.1397,0.2604,-1.4424,1.8450,-0.2538,-0.2923,0.3871,0.9871
28.1602,-0.4660,1.7108,-0.2197,-0.1397,0.2604,-1.4443,1.8420,-0.2538,-0.2923,0.3871,0.9871
28.1803,-0.4678,1.7096,-0.2191,-0.1398,0.2599,-1.4462,1.8391,-0.2531,-0.2963,0.3897,0.9870
28.1806,-0.4694,1.7085,-0.2191,-0.1399,0.2600,-1.4484,1.8360,-0.2528,-0.2985,0.3912,0.9872
28.1901,-0.4712,1.7074,-0.2185,-0.1398,0.2593,-1.4504,1.8327,-0.2527,-0.3008,0.3928,0.9872
28.1904,-0.4727,1.7064,-0.2185,-0.1398,0.2593,-1.4522,1.8298,-0.2520,-0.3030,0.3941,0.9873
28.2101,-0.4746,1.7052,-0.2171,-0.1392,0.2579,-1.4545,1.8263,-0.2513,-0.3046,0.3949,0.9874
28.2104,-0.4761,1.7041,-0.2171,-0.1392,0.2579,-1.4565,1.8230,-0.2515,-0.3076,0.3973,0.9876
28.2301,-0.4779,1.7030,-0.2164,-0.1395,0.2575,-1.4584,1.8200,-0.2517,-0.3101,0.3994,0.9875
28.2304,-0.4794,1.7020,-0.2164,-0.1395,0.2575,-1.4604,1.8170,-0.2507,-0.3116,0.4000,0.9877
28.2401,-0.4809,1.7010,-0.2151,-0.1393,0.2563,-1.4621,1.8141,-0.2510,-0.3136,0.4017,0.9878
28.2404,-0.4824,1.6998,-0.2151,-0.1393,0.2563,-1.4640,1.8112,-0.2510,-0.3136,0.4017,0.9879
28.2604,-0.4841,1.6987,-0.2134,-0.1389,0.2546,-1.4659,1.8082,-0.2495,-0.3164,0.4029,0.9879
28.2610,-0.4858,1.6974,-0.2134,-0.1389,0.2546,-1.4679,1.8051,-0.2495,-0.3164,0.4029,0.9881
28.2705,-0.4871,1.6965,-0.2119,-0.1385,0.2532,-1.4696,1.8026,-0.2490,-0.3195,0.4050,0.9882
28.2709,-0.4891,1.6950,-0.2119,-0.1385,0.2532,-1.4718,1.7993,-0.2490,-0.3195,0.4050,0.9883
28.2903,-0.4909,1.6937,-0.2108,-0.1386,0.2522,-1.4737,1.7962,-0.2481,-0.3219,0.4064,0.9882
28.2906,-0.4923,1.6926,-0.2108,-0.1386,0.2522,-1.4754,1.7938,-0.2481,-0.3219,0.4064,0.9883
28.3100,-0.4940,1.6914,-0.2096,-0.1386,0.2513,-1.4773,1.7908,-0.2463,-0.3237,0.4068,0.9883
28.3104,-0.4957,1.6902,-0.2096,-0.1386,0.2513,-1.4793,1.7877,-0.2462,-0.3252,0.4079,0.9885
28.3303,-0.4974,1.6889,-0.2087,-0.1387,0.2506,-1.4813,1.7846,-0.2457,-0.3266,0.4087,0.9886
28.3307,-0.4989,1.6877,-0.2087,-0.1387,0.2506,-1.4831,1.7815,-0.2457,-0.3285,0.4102,0.9887
28.3403,-0.5004,1.6865,-0.2081,-0.1393,0.2505,-1.4849,1.7785,-0.2454,-0.3304,0.4115,0.9888
28.3406,-0.5017,1.6853,-0.2081,-0.1393,0.2505,-1.4866,1.7758,-0.2454,-0.3304,0.4115,0.9890
28.3607,-0.5035,1.6838,-0.2059,-0.1395,0.2487,-1.4885,1.7725,-0.2437,-0.3323,0.4121,0.9890
28.3610,-0.5049,1.6825,-0.2059,-0.1395,0.2487,-1.4901,1.7698,-0.2437,-0.3323,0.4121,0.9890
28.3803,-0.5064,1.6810,-0.2044,-0.1404,0.2480,-1.4918,1.7670,-0.2419,-0.3345,0.4128,0.9892
28.3806,-0.5077,1.6798,-0.2035,-0.1409,0.2475,-1.4932,1.7648,-0.2409,-0.3349,0.4125,0.9892
28.3905,-0.5092,1.6783,-0.2021,-0.1408,0.2463,-1.4948,1.7621,-0.2393,-0.3346,0.4114,0.9892
28.3908,-0.5105,1.6769,-0.2021,-0.1408,0.2463,-1.4965,1.7595,-0.2393,-0.3346,0.4114,0.9894
28.4104,-0.5119,1.6755,-0.2009,-0.1423,0.2462,-1.4981,1.7568,-0.2376,-0.3362,0.4117,0.9895
28.4107,-0.5134,1.6740,-0.2009,-0.1423,0.2462,-1.4998,1.7537,-0.2376,-0.3362,0.4117,0.9897
28.4199,-0.5147,1.6725,-0.1992,-0.1439,0.2458,-1.5014,1.7507,-0.2360,-0.3386,0.4127,0.9898
28.4204,-0.5161,1.6711,-0.1992,-0.1439,0.2458,-1.5032,1.7477,-0.2360,-0.3386,0.4127,0.9901
28.4403,-0.5174,1.6698,-0.1976,-0.1453,0.2453,-1.5047,1.7449,-0.2342,-0.3412,0.4138,0.9901
28.4406,-0.5188,1.6683,-0.1976,-0.1453,0.2453,-1.5062,1.7419,-0.2342,-0.3412,0.4138,0.9902
28.4598,-0.5200,1.6669,-0.1953,-0.1457,0.2437,-1.5077,1.7393,-0.2304,-0.3418,0.4122,0.9904
28.4702,-0.5214,1.6652,-0.1947,-0.1465,0.2437,-1.5095,1.7362,-0.2296,-0.3428,0.4126,0.9907
28.4706,-0.5226,1.6639,-0.1947,-0.1465,0.2437,-1.5109,1.7335,-0.2296,-0.3428,0.4126,0.9907
28.4800,-0.5237,1.6626,-0.1924,-0.1476,0.2425,-1.5122,1.7308,-0.2267,-0.3436,0.4117,0.9908
28.4806,-0.5249,1.6611,-0.1924,-0.1476,0.2425,-1.5137,1.7280,-0.2251,-0.3436,0.4108,0.9911
28.5004,-0.5262,1.6596,-0.1904,-0.1492,0.2419,-1.5153,1.7252,-0.2242,-0.3447,0.4112,0.9913
28.5008,-0.5276,1.6580,-0.1904,-0.1492,0.2419,-1.5170,1.7222,-0.2234,-0.3453,0.4112,0.9915
28.5206,-0.5302,1.6547,-0.1880,-0.1514,0.2414,-1.5185,1.7195,-0.2219,-0.3455,0.4106,0.9904
28.5210,-0.5302,1.6547,-0.1880,-0.1514,0.2414,-1.5202,1.7165,-0.2212,-0.3461,0.4107,0.9919
28.5302,-0.5313,1.6533,-0.1872,-0.1523,0.2413,-1.5216,1.7140,-0.2198,-0.3463,0.4102,0.9921
28.5307,-0.5328,1.6514,-0.1872,-0.1523,0.2413,-1.5233,1.7109,-0.2198,-0.3463,0.4102,0.9923
28.5506,-0.5340,1.6498,-0.1856,-0.1539,0.2411,-1.5247,1.7083,-0.2175,-0.3465,0.4091,0.9924
28.5509,-0.5354,1.6481,-0.1856,-0.1539,0.2411,-1.5264,1.7055,-0.2175,-0.3465,0.4091,0.9926
28.5702,-0.5366,1.6466,-0.1838,-0.1556,0.2408,-1.5277,1.7031,-0.2154,-0.3464,0.4078,0.9927
28.5706,-0.5376,1.6449,-0.1838,-0.1556,0.2408,-1.5291,1.7006,-0.2154,-0.3464,0.4078,0.9930
28.5801,-0.5388,1.6432,-0.1816,-0.1574,0.2404,-1.5308,1.6978,-0.2130,-0.3456,0.4060,0.9934
28.5805,-0.5399,1.6416,-0.1808,-0.1589,0.2407,-1.5322,1.6952,-0.2126,-0.3461,0.4062,0.9937
28.6000,-0.5412,1.6398,-0.1794,-0.1596,0.2401,-1.5338,1.6924,-0.2112,-0.3454,0.4049,0.9940
28.6003,-0.5424,1.6381,-0.1794,-0.1596,0.2401,-1.5354,1.6896,-0.2112,-0.3454,0.4049,0.9943
28.6099,-0.5435,1.6365,-0.1778,-0.1623,0.2407,-1.5369,1.6870,-0.2098,-0.3454,0.4041,0.9947
28.6101,-0.5445,1.6348,-0.1778,-0.1623,0.2407,-1.5384,1.6845,-0.2098,-0.3454,0.4041,0.9951
28.6302,-0.5456,1.6330,-0.1746,-0.1637,0.2393,-1.5400,1.6821,-0.2076,-0.3434,0.4013,0.9956
28.6306,-0.5468,1.6311,-0.1729,-0.1647,0.2388,-1.5416,1.6796,-0.2064,-0.3422,0.3996,0.9960
28.6500,-0.5479,1.6292,-0.1717,-0.1660,0.2388,-1.5432,1.6771,-0.2060,-0.3416,0.3989,0.9964
28.6503,-0.5490,1.6275,-0.1708,-0.1676,0.2393,-1.5446,1.6748,-0.2057,-0.3413,0.3985,0.9967
28.6605,-0.5501,1.6258,-0.1696,-0.1689,0.2393,-1.5461,1.6725,-0.2045,-0.3405,0.3972,0.9971
28.6608,-0.5513,1.6239,-0.1682,-0.1700,0.2391,-1.5479,1.6699,-0.2035,-0.3390,0.3954,0.9977
28.6802,-0.5523,1.6222,-0.1670,-0.1714,0.2393,-1.5493,1.6677,-0.2033,-0.3383,0.3946,0.9980
28.6804,-0.5535,1.6203,-0.1670,-0.1714,0.2393,-1.5509,1.6653,-0.2033,-0.3383,0.3946,0.9984
28.7009,-0.5545,1.6186,-0.1646,-0.1741,0.2396,-1.5524,1.6631,-0.2010,-0.3347,0.3904,0.9988
28.7013,-0.5557,1.6167,-0.1646,-0.1741,0.2396,-1.5540,1.6605,-0.2002,-0.3335,0.3890,0.9993
28.7102,-0.5567,1.6150,-0.1624,-0.1770,0.2402,-1.5554,1.6583,-0.1991,-0.3315,0.3867,0.9996
28.7106,-0.5578,1.6132,-0.1624,-0.1770,0.2402,-1.5569,1.6561,-0.1991,-0.3315,0.3867,1.0000
28.7303,-0.5588,1.6115,-0.1599,-0.1795,0.2404,-1.5584,1.6537,-0.1969,-0.3278,0.3824,1.0005
28.7305,-0.5598,1.6097,-0.1588,-0.1810,0.2408,-1.5599,1.6515,-0.1960,-0.3264,0.3808,1.0010
28.7503,-0.5608,1.6079,-0.1579,-0.1826,0.2414,-1.5614,1.6493,-0.1955,-0.3252,0.3795,1.0014
28.7508,-0.5619,1.6060,-0.1579,-0.1826,0.2414,-1.5630,1.6470,-0.1948,-0.3238,0.3779,1.0019
28.7598,-0.5631,1.6040,-0.1557,-0.1854,0.2421,-1.5646,1.6447,-0.1942,-0.3223,0.3763,1.0023
28.7601,-0.5641,1.6023,-0.1557,-0.1854,0.2421,-1.5659,1.6427,-0.1942,-0.3223,0.3763,1.0027
28.7804,-0.5652,1.6002,-0.1540,-0.1884,0.2433,-1.5675,1.6403,-0.1927,-0.3198,0.3734,1.0031
28.7809,-0.5661,1.5984,-0.1523,-0.1897,0.2433,-1.5688,1.6383,-0.1914,-0.3180,0.3712,1.0035
28.8004,-0.5681,1.5947,-0.1497,-0.1923,0.2437,-1.5702,1.6364,-0.1901,-0.3159,0.3687,1.0029
28.8008,-0.5681,1.5947,-0.1497,-0.1923,0.2437,-1.5715,1.6344,-0.1896,-0.3147,0.3674,1.0042
28.8101,-0.5691,1.5929,-0.1482,-0.1934,0.2437,-1.5728,1.6324,-0.1884,-0.3128,0.3652,1.0044
28.8105,-0.5702,1.5911,-0.1482,-0.1934,0.2437,-1.5741,1.6303,-0.1884,-0.3128,0.3652,1.0047
28.8303,-0.5711,1.5893,-0.1455,-0.1956,0.2438,-1.5754,1.6283,-0.1855,-0.3086,0.3601,1.0050
28.8307,-0.5721,1.5876,-0.1445,-0.1968,0.2442,-1.5767,1.6263,-0.1845,-0.3065,0.3577,1.0053
28.8503,-0.5731,1.5858,-0.1434,-0.1978,0.2443,-1.5780,1.6242,-0.1836,-0.3044,0.3555,1.0057
28.8506,-0.5741,1.5840,-0.1434,-0.1978,0.2443,-1.5792,1.6221,-0.1829,-0.3031,0.3540,1.0058
28.8602,-0.5752,1.5821,-0.1413,-0.1997,0.2446,-1.5805,1.6201,-0.1814,-0.3007,0.3512,1.0060
28.8605,-0.5764,1.5800,-0.1413,-0.1997,0.2446,-1.5819,1.6180,-0.1814,-0.3007,0.3512,1.0062
28.8803,-0.5774,1.5782,-0.1400,-0.2021,0.2458,-1.5831,1.6160,-0.1801,-0.2982,0.3483,1.0064
28.8903,-0.5787,1.5760,-0.1396,-0.2033,0.2466,-1.5845,1.6137,-0.1799,-0.2975,0.3477,1.0065
28.8906,-0.5795,1.5745,-0.1396,-0.2033,0.2466,-1.5853,1.6121,-0.1799,-0.2975,0.3477,1.0065
28.8999,-0.5804,1.5727,-0.1379,-0.2049,0.2470,-1.5864,1.6101,-0.1777,-0.2949,0.3443,1.0067
28.9004,-0.5815,1.5707,-0.1370,-0.2056,0.2471,-1.5878,1.6081,-0.1766,-0.2933,0.3423,1.0070
28.9201,-0.5824,1.5690,-0.1363,-0.2064,0.2474,-1.5891,1.6060,-0.1759,-0.2913,0.3403,1.0074
28.9206,-0.5832,1.5673,-0.1363,-0.2064,0.2474,-1.5903,1.6042,-0.1753,-0.2893,0.3383,1.0077
28.9400,-0.5840,1.5656,-0.1343,-0.2076,0.2473,-1.5913,1.6023,-0.1742,-0.2871,0.3358,1.0080
28.9403,-0.5850,1.5636,-0.1343,-0.2076,0.2473,-1.5926,1.6002,-0.1742,-0.2871,0.3358,1.0082
28.9502,-0.5859,1.5618,-0.1325,-0.2092,0.2477,-1.5937,1.5984,-0.1728,-0.2835,0.3320,1.0084
28.9506,-0.5868,1.5599,-0.1320,-0.2102,0.2482,-1.5948,1.5964,-0.1721,-0.2818,0.3302,1.0087
28.9704,-0.5877,1.5580,-0.1308,-0.2107,0.2480,-1.5959,1.5945,-0.1706,-0.2796,0.3275,1.0089
28.9708,-0.5886,1.5560,-0.1302,-0.2117,0.2486,-1.5970,1.5923,-0.1701,-0.2782,0.3261,1.0090
28.9901,-0.5895,1.5540,-0.1299,-0.2130,0.2495,-1.5983,1.5904,-0.1697,-0.2770,0.3249,1.0094
28.9906,-0.5904,1.5521,-0.1299,-0.2130,0.2495,-1.5994,1.5884,-0.1697,-0.2770,0.3249,1.0096
29.0100,-0.5914,1.5501,-0.1285,-0.2149,0.2504,-1.6006,1.5864,-0.1681,-0.2735,0.3210,1.0098
29.0104,-0.5923,1.5484,-0.1285,-0.2149,0.2504,-1.6015,1.5846,-0.1681,-0.2735,0.3210,1.0098
29.0198,-0.5933,1.5465,-0.1269,-0.2160,0.2506,-1.6026,1.5826,-0.1659,-0.2697,0.3167,1.0099
29.0202,-0.5942,1.5448,-0.1269,-0.2160,0.2506,-1.6036,1.5807,-0.1649,-0.2679,0.3145,1.0100
29.0401,-0.5952,1.5428,-0.1257,-0.2169,0.2507,-1.6046,1.5787,-0.1640,-0.2666,0.3130,1.0101
29.0404,-0.5960,1.5411,-0.1257,-0.2169,0.2507,-1.6056,1.5769,-0.1640,-0.2666,0.3130,1.0102
29.0501,-0.5969,1.5391,-0.1239,-0.2174,0.2503,-1.6065,1.5749,-0.1617,-0.2628,0.3086,1.0102
29.0504,-0.5977,1.5373,-0.1239,-0.2174,0.2503,-1.6074,1.5731,-0.1617,-0.2628,0.3086,1.0103
29.0706,-0.5986,1.5353,-0.1223,-0.2186,0.2505,-1.6083,1.5712,-0.1594,-0.2600,0.3050,1.0103
29.0712,-0.5996,1.5333,-0.1219,-0.2193,0.2509,-1.6093,1.5695,-0.1585,-0.2587,0.3034,1.0104
29.0902,-0.6004,1.5314,-0.1215,-0.2199,0.2512,-1.6103,1.5676,-0.1570,-0.2567,0.3009,1.0105
29.0906,-0.6014,1.5294,-0.1215,-0.2199,0.2512,-1.6114,1.5656,-0.1562,-0.2552,0.2993,1.0106
29.0908,-0.6020,1.5278,-0.1211,-0.2204,0.2515,-1.6121,1.5640,-0.1552,-0.2535,0.2973,1.0108
29.1101,-0.6028,1.5258,-0.1192,-0.2206,0.2507,-1.6132,1.5620,-0.1535,-0.2511,0.2943,1.0110
29.1104,-0.6035,1.5240,-0.1192,-0.2206,0.2507,-1.6141,1.5603,-0.1526,-0.2500,0.2929,1.0112
29.1305,-0.6043,1.5221,-0.1181,-0.2216,0.2511,-1.6151,1.5583,-0.1513,-0.2485,0.2909,1.0114
29.1309,-0.6050,1.5202,-0.1174,-0.2218,0.2510,-1.6159,1.5566,-0.1501,-0.2476,0.2896,1.0116
29.1398,-0.6059,1.5180,-0.1166,-0.2219,0.2506,-1.6169,1.5546,-0.1486,-0.2460,0.2874,1.0117
29.1401,-0.6067,1.5160,-0.1166,-0.2219,0.2506,-1.6178,1.5530,-0.1474,-0.2451,0.2860,1.0118
29.1603,-0.6074,1.5140,-0.1153,-0.2230,0.2510,-1.6188,1.5512,-0.1463,-0.2436,0.2842,1.0120
29.1607,-0.6081,1.5119,-0.1153,-0.2230,0.2510,-1.6198,1.5493,-0.1454,-0.2426,0.2828,1.0123
29.1699,-0.6088,1.5100,-0.1137,-0.2239,0.2512,-1.6207,1.5476,-0.1438,-0.2413,0.2809,1.0126
29.1702,-0.6095,1.5080,-0.1137,-0.2239,0.2512,-1.6216,1.5455,-0.1428,-0.2404,0.2796,1.0128
29.1903,-0.6100,1.5061,-0.1119,-0.2246,0.2509,-1.6223,1.5438,-0.1415,-0.2397,0.2783,1.0130
29.1907,-0.6107,1.5041,-0.1119,-0.2246,0.2509,-1.6232,1.5420,-0.1400,-0.2385,0.2765,1.0132
29.2101,-0.6114,1.5021,-0.1100,-0.2253,0.2507,-1.6240,1.5403,-0.1384,-0.2371,0.2745,1.0133
29.2104,-0.6123,1.4999,-0.1093,-0.2258,0.2508,-1.6249,1.5384,-0.1372,-0.2361,0.2731,1.0133
29.2300,-0.6130,1.4978,-0.1089,-0.2267,0.2515,-1.6257,1.5366,-0.1360,-0.2354,0.2718,1.0134
29.2304,-0.6138,1.4957,-0.1089,-0.2267,0.2515,-1.6266,1.5347,-0.1360,-0.2354,0.2718,1.0135
29.2401,-0.6152,1.4915,-0.1074,-0.2288,0.2528,-1.6275,1.5328,-0.1334,-0.2336,0.2690,1.0131
29.2403,-0.6152,1.4915,-0.1074,-0.2288,0.2528,-1.6283,1.5310,-0.1334,-0.2336,0.2690,1.0139
29.2605,-0.6159,1.4893,-0.1066,-0.2290,0.2526,-1.6294,1.5291,-0.1307,-0.2321,0.2663,1.0143
29.2608,-0.6164,1.4874,-0.1056,-0.2294,0.2525,-1.6302,1.5273,-0.1296,-0.2313,0.2652,1.0145
29.2703,-0.6171,1.4853,-0.1047,-0.2297,0.2524,-1.6311,1.5255,-0.1285,-0.2306,0.2640,1.0148
29.2706,-0.6178,1.4832,-0.1047,-0.2297,0.2524,-1.6322,1.5237,-0.1285,-0.2306,0.2640,1.0152
29.2903,-0.6184,1.4811,-0.1033,-0.2305,0.2525,-1.6331,1.5219,-0.1267,-0.2292,0.2619,1.0155
29.2906,-0.6191,1.4790,-0.1033,-0.2305,0.2525,-1.6341,1.5203,-0.1267,-0.2292,0.2619,1.0158
29.3103,-0.6198,1.4770,-0.1019,-0.2314,0.2528,-1.6351,1.5186,-0.1251,-0.2283,0.2603,1.0162
29.3106,-0.6205,1.4747,-0.1019,-0.2314,0.2528,-1.6360,1.5168,-0.1251,-0.2283,0.2603,1.0164
29.3304,-0.6212,1.4726,-0.1007,-0.2327,0.2535,-1.6370,1.5150,-0.1239,-0.2271,0.2587,1.0167
29.3308,-0.6219,1.4703,-0.1007,-0.2327,0.2535,-1.6380,1.5133,-0.1233,-0.2265,0.2579,1.0170
29.3401,-0.6225,1.4683,-0.0996,-0.2346,0.2549,-1.6388,1.5117,-0.1227,-0.2260,0.2572,1.0173
29.3404,-0.6232,1.4659,-0.0996,-0.2346,0.2549,-1.6399,1.5099,-0.1217,-0.2249,0.2557,1.0177
29.3602,-0.6239,1.4637,-0.0982,-0.2361,0.2557,-1.6409,1.5082,-0.1214,-0.2244,0.2551,1.0180
29.3605,-0.6244,1.4616,-0.0982,-0.2361,0.2557,-1.6418,1.5066,-0.1209,-0.2237,0.2543,1.0184
29.3701,-0.6251,1.4592,-0.0960,-0.2367,0.2555,-1.6429,1.5045,-0.1198,-0.2227,0.2528,1.0188
29.3704,-0.6256,1.4571,-0.0960,-0.2367,0.2555,-1.6439,1.5028,-0.1198,-0.2227,0.2528,1.0193
29.3902,-0.6261,1.4551,-0.0939,-0.2378,0.2557,-1.6448,1.5012,-0.1190,-0.2219,0.2518,1.0198
29.3905,-0.6265,1.4529,-0.0939,-0.2378,0.2557,-1.6458,1.4993,-0.1191,-0.2218,0.2518,1.0203
29.4102,-0.6270,1.4507,-0.0922,-0.2396,0.2567,-1.6468,1.4974,-0.1188,-0.2217,0.2515,1.0208
29.4106,-0.6275,1.4487,-0.0922,-0.2396,0.2567,-1.6476,1.4956,-0.1179,-0.2214,0.2508,1.0212
29.4204,-0.6280,1.4465,-0.0901,-0.2406,0.2569,-1.6486,1.4937,-0.1170,-0.2209,0.2500,1.0217
29.4208,-0.6284,1.4445,-0.0901,-0.2406,0.2569,-1.6494,1.4920,-0.1166,-0.2210,0.2498,1.0221
29.4401,-0.6289,1.4421,-0.0887,-0.2423,0.2580,-1.6504,1.4900,-0.1161,-0.2207,0.2494,1.0226
29.4405,-0.6293,1.4400,-0.0887,-0.2423,0.2580,-1.6512,1.4882,-0.1161,-0.2207,0.2494,1.0230
29.4602,-0.6298,1.4377,-0.0868,-0.2435,0.2585,-1.6522,1.4862,-0.1150,-0.2203,0.2485,1.0236
29.4607,-0.6300,1.4357,-0.0859,-0.2444,0.2590,-1.6529,1.4846,-0.1147,-0.2203,0.2484,1.0241
29.4703,-0.6308,1.4311,-0.0835,-0.2453,0.2591,-1.6539,1.4826,-0.1141,-0.2198,0.2476,1.0244
29.4707,-0.6308,1.4311,-0.0835,-0.2453,0.2591,-1.6549,1.4807,-0.1138,-0.2195,0.2472,1.0253
29.4901,-0.6311,1.4290,-0.0824,-0.2458,0.2593,-1.6559,1.4788,-0.1133,-0.2193,0.2469,1.0260
29.4904,-0.6315,1.4268,-0.0824,-0.2458,0.2593,-1.6568,1.4771,-0.1133,-0.2193,0.2469,1.0266
29.5102,-0.6318,1.4246,-0.0800,-0.2466,0.2592,-1.6577,1.4752,-0.1123,-0.2187,0.2459,1.0272
29.5105,-0.6320,1.4225,-0.0800,-0.2466,0.2592,-1.6587,1.4733,-0.1123,-0.2187,0.2459,1.0279
29.5199,-0.6323,1.4204,-0.0774,-0.2480,0.2598,-1.6596,1.4713,-0.1121,-0.2187,0.2458,1.0286
29.5202,-0.6324,1.4182,-0.0774,-0.2480,0.2598,-1.6606,1.4694,-0.1121,-0.2187,0.2458,1.0295
29.5403,-0.6326,1.4160,-0.0745,-0.2492,0.2601,-1.6617,1.4673,-0.1120,-0.2186,0.2456,1.0303
29.5408,-0.6328,1.4136,-0.0745,-0.2492,0.2601,-1.6628,1.4650,-0.1120,-0.2186,0.2456,1.0313
29.5605,-0.6330,1.4113,-0.0718,-0.2511,0.2611,-1.6637,1.4628,-0.1126,-0.2197,0.2469,1.0320
29.5609,-0.6331,1.4093,-0.0705,-0.2519,0.2615,-1.6644,1.4610,-0.1127,-0.2205,0.2476,1.0326
29.5699,-0.6333,1.4069,-0.0690,-0.2520,0.2613,-1.6654,1.4585,-0.1122,-0.2205,0.2474,1.0334
29.5702,-0.6334,1.4051,-0.0690,-0.2520,0.2613,-1.6660,1.4568,-0.1122,-0.2219,0.2487,1.0338
29.5902,-0.6337,1.4025,-0.0660,-0.2527,0.2612,-1.6670,1.4543,-0.1113,-0.2215,0.2479,1.0346
29.5906,-0.6338,1.4005,-0.0660,-0.2527,0.2612,-1.6677,1.4523,-0.1112,-0.2227,0.2489,1.0352
29.6102,-0.6341,1.3984,-0.0637,-0.2547,0.2625,-1.6685,1.4502,-0.1112,-0.2234,0.2496,1.0358
29.6106,-0.6344,1.3960,-0.0637,-0.2547,0.2625,-1.6694,1.4479,-0.1107,-0.2235,0.2494,1.0363
29.6199,-0.6348,1.3937,-0.0618,-0.2561,0.2634,-1.6704,1.4454,-0.1108,-0.2249,0.2507,1.0368
29.6202,-0.6351,1.3917,-0.0618,-0.2561,0.2634,-1.6712,1.4433,-0.1107,-0.2257,0.2514,1.0373
29.6402,-0.6355,1.3895,-0.0602,-0.2570,0.2639,-1.6718,1.4411,-0.1104,-0.2266,0.2521,1.0376
29.6405,-0.6358,1.3873,-0.0592,-0.2568,0.2636,-1.6725,1.4388,-0.1099,-0.2270,0.2522,1.0379
29.6601,-0.6361,1.3850,-0.0583,-0.2575,0.2640,-1.6733,1.4364,-0.1094,-0.2283,0.2532,1.0384
29.6605,-0.6363,1.3829,-0.0583,-0.2575,0.2640,-1.6739,1.4342,-0.1090,-0.2297,0.2542,1.0389
29.6702,-0.6364,1.3808,-0.0562,-0.2580,0.2641,-1.6745,1.4320,-0.1083,-0.2301,0.2543,1.0394
29.6706,-0.6366,1.3785,-0.0562,-0.2580,0.2641,-1.6752,1.4295,-0.1077,-0.2311,0.2550,1.0399
29.6903,-0.6367,1.3764,-0.0543,-0.2589,0.2645,-1.6760,1.4270,-0.1073,-0.2321,0.2557,1.0405
29.6907,-0.6369,1.3742,-0.0543,-0.2589,0.2645,-1.6767,1.4244,-0.1073,-0.2321,0.2557,1.0410
29.7003,-0.6370,1.3722,-0.0524,-0.2597,0.2649,-1.6772,1.4221,-0.1070,-0.2350,0.2582,1.0414
29.7008,-0.6371,1.3700,-0.0524,-0.2597,0.2649,-1.6778,1.4196,-0.1064,-0.2363,0.2592,1.0419
29.7201,-0.6373,1.3679,-0.0498,-0.2597,0.2644,-1.6785,1.4171,-0.1060,-0.2375,0.2601,1.0424
29.7207,-0.6373,1.3657,-0.0498,-0.2597,0.2644,-1.6791,1.4146,-0.1060,-0.2375,0.2601,1.0429
29.7406,-0.6374,1.3636,-0.0471,-0.2599,0.2641,-1.6797,1.4121,-0.1050,-0.2401,0.2621,1.0435
29.7412,-0.6374,1.3615,-0.0456,-0.2598,0.2637,-1.6803,1.4098,-0.1045,-0.2413,0.2630,1.0440
29.7504,-0.6374,1.3591,-0.0444,-0.2600,0.2637,-1.6811,1.4071,-0.1039,-0.2425,0.2639,1.0447
29.7507,-0.6375,1.3571,-0.0444,-0.2600,0.2637,-1.6817,1.4046,-0.1033,-0.2439,0.2649,1.0454
29.7706,-0.6375,1.3547,-0.0421,-0.2606,0.2640,-1.6825,1.4019,-0.1031,-0.2455,0.2662,1.0460
29.7711,-0.6375,1.3526,-0.0421,-0.2606,0.2640,-1.6831,1.3993,-0.1027,-0.2472,0.2677,1.0466
29.7903,-0.6376,1.3502,-0.0395,-0.2611,0.2641,-1.6839,1.3966,-0.1019,-0.2487,0.2688,1.0473
29.7905,-0.6376,1.3482,-0.0395,-0.2611,0.2641,-1.6845,1.3941,-0.1019,-0.2487,0.2688,1.0479
29.8000,-0.6377,1.3462,-0.0371,-0.2616,0.2642,-1.6851,1.3914,-0.1009,-0.2524,0.2718,1.0484
29.8004,-0.6377,1.3441,-0.0358,-0.2616,0.2640,-1.6857,1.3888,-0.1001,-0.2542,0.2732,1.0490
29.8204,-0.6377,1.3419,-0.0344,-0.2613,0.2636,-1.6863,1.3861,-0.0993,-0.2560,0.2746,1.0495
29.8209,-0.6378,1.3398,-0.0344,-0.2613,0.2636,-1.6868,1.3835,-0.0984,-0.2579,0.2761,1.0499
29.8400,-0.6380,1.3377,-0.0319,-0.2609,0.2628,-1.6873,1.3810,-0.0975,-0.2595,0.2772,1.0502
29.8403,-0.6382,1.3355,-0.0319,-0.2609,0.2628,-1.6878,1.3781,-0.0975,-0.2595,0.2772,1.0505
29.8502,-0.6387,1.3311,-0.0291,-0.2607,0.2623,-1.6883,1.3755,-0.0958,-0.2637,0.2805,1.0506
29.8505,-0.6387,1.3311,-0.0291,-0.2607,0.2623,-1.6888,1.3726,-0.0958,-0.2637,0.2805,1.0509
29.8703,-0.6389,1.3290,-0.0286,-0.2611,0.2627,-1.6892,1.3699,-0.0940,-0.2680,0.2840,1.0511
29.8706,-0.6390,1.3267,-0.0286,-0.2611,0.2627,-1.6897,1.3670,-0.0940,-0.2680,0.2840,1.0514
29.8902,-0.6392,1.3243,-0.0268,-0.2607,0.2621,-1.6902,1.3639,-0.0915,-0.2715,0.2865,1.0518
29.8905,-0.6393,1.3222,-0.0268,-0.2607,0.2621,-1.6906,1.3611,-0.0915,-0.2715,0.2865,1.0520
29.8998,-0.6394,1.3199,-0.0255,-0.2614,0.2627,-1.6911,1.3582,-0.0896,-0.2763,0.2905,1.0523
29.9002,-0.6396,1.3179,-0.0255,-0.2614,0.2627,-1.6914,1.3555,-0.0896,-0.2763,0.2905,1.0525
29.9201,-0.6397,1.3156,-0.0242,-0.2616,0.2627,-1.6918,1.3526,-0.0877,-0.2802,0.2936,1.0527
29.9205,-0.6398,1.3136,-0.0242,-0.2616,0.2627,-1.6921,1.3500,-0.0877,-0.2802,0.2936,1.0529
29.9400,-0.6400,1.3112,-0.0229,-0.2618,0.2628,-1.6925,1.3470,-0.0855,-0.2840,0.2966,1.0532
29.9405,-0.6400,1.3094,-0.0221,-0.2619,0.2628,-1.6928,1.3445,-0.0855,-0.2840,0.2966,1.0533
29.9503,-0.6401,1.3071,-0.0214,-0.2613,0.2622,-1.6931,1.3415,-0.0831,-0.2875,0.2992,1.0536
29.9507,-0.6401,1.3050,-0.0214,-0.2613,0.2622,-1.6934,1.3385,-0.0819,-0.2894,0.3008,1.0538
29.9706,-0.6402,1.3029,-0.0202,-0.2614,0.2622,-1.6937,1.3357,-0.0810,-0.2921,0.3031,1.0540
29.9799,-0.6402,1.3009,-0.0196,-0.2609,0.2616,-1.6939,1.3328,-0.0795,-0.2937,0.3043,1.0542
29.9803,-0.6403,1.2989,-0.0196,-0.2609,0.2616,-1.6941,1.3298,-0.0795,-0.2937,0.3043,1.0543
29.9898,-0.6403,1.2966,-0.0183,-0.2602,0.2608,-1.6944,1.3267,-0.0764,-0.2980,0.3076,1.0545
29.9901,-0.6404,1.2947,-0.0183,-0.2602,0.2608,-1.6946,1.3241,-0.0752,-0.3007,0.3100,1.0547
30.0101,-0.6404,1.2924,-0.0172,-0.2599,0.2605,-1.6948,1.3211,-0.0738,-0.3021,0.3110,1.0548
30.0105,-0.6404,1.2903,-0.0172,-0.2599,0.2605,-1.6950,1.3184,-0.0738,-0.3021,0.3110,1.0550
30.0303,-0.6404,1.2882,-0.0163,-0.2602,0.2607,-1.6952,1.3158,-0.0708,-0.3058,0.3138,1.0552
30.0307,-0.6404,1.2860,-0.0159,-0.2599,0.2604,-1.6954,1.3130,-0.0708,-0.3058,0.3138,1.0554
30.0403,-0.6404,1.2836,-0.0156,-0.2600,0.2604,-1.6957,1.3100,-0.0675,-0.3086,0.3159,1.0556
30.0407,-0.6404,1.2813,-0.0156,-0.2600,0.2604,-1.6960,1.3070,-0.0675,-0.3086,0.3159,1.0559
30.0601,-0.6404,1.2792,-0.0150,-0.2601,0.2606,-1.6962,1.3042,-0.0646,-0.3116,0.3183,1.0561
30.0703,-0.6404,1.2767,-0.0147,-0.2602,0.2606,-1.6965,1.3011,-0.0637,-0.3135,0.3199,1.0564
30.0705,-0.6404,1.2748,-0.0147,-0.2602,0.2606,-1.6967,1.2985,-0.0637,-0.3135,0.3199,1.0566
30.0903,-0.6404,1.2725,-0.0140,-0.2606,0.2609,-1.6970,1.2952,-0.0616,-0.3168,0.3227,1.0568
30.0908,-0.6404,1.2705,-0.0135,-0.2600,0.2603,-1.6971,1.2925,-0.0600,-0.3182,0.3238,1.0569
30.1001,-0.6404,1.2682,-0.0131,-0.2598,0.2602,-1.6973,1.2896,-0.0588,-0.3196,0.3250,1.0571
30.1006,-0.6404,1.2663,-0.0131,-0.2598,0.2602,-1.6974,1.2868,-0.0575,-0.3212,0.3263,1.0572
30.1202,-0.6404,1.2642,-0.0120,-0.2594,0.2597,-1.6975,1.2840,-0.0559,-0.3222,0.3270,1.0573
30.1206,-0.6405,1.2620,-0.0120,-0.2594,0.2597,-1.6976,1.2813,-0.0543,-0.3229,0.3274,1.0573
30.1401,-0.6405,1.2598,-0.0106,-0.2594,0.2596,-1.6977,1.2784,-0.0529,-0.3241,0.3284,1.0574
30.1404,-0.6405,1.2576,-0.0106,-0.2594,0.2596,-1.6978,1.2756,-0.0518,-0.3254,0.3295,1.0574
30.1504,-0.6406,1.2556,-0.0095,-0.2593,0.2595,-1.6979,1.2730,-0.0507,-0.3264,0.3304,1.0575
30.1507,-0.6406,1.2534,-0.0095,-0.2593,0.2595,-1.6980,1.2701,-0.0507,-0.3264,0.3304,1.0576
30.1703,-0.6406,1.2513,-0.0086,-0.2590,0.2592,-1.6981,1.2673,-0.0482,-0.3282,0.3317,1.0576
30.1800,-0.6406,1.2489,-0.0083,-0.2589,0.2591,-1.6982,1.2642,-0.0471,-0.3293,0.3327,1.0578
30.1803,-0.6406,1.2468,-0.0083,-0.2589,0.2591,-1.6984,1.2616,-0.0460,-0.3305,0.3337,1.0579
30.1902,-0.6406,1.2445,-0.0077,-0.2594,0.2595,-1.6985,1.2588,-0.0448,-0.3308,0.3338,1.0580
30.1906,-0.6406,1.2423,-0.0077,-0.2594,0.2595,-1.6987,1.2559,-0.0448,-0.3308,0.3338,1.0581
30.2103,-0.6406,1.2401,-0.0072,-0.2598,0.2599,-1.6988,1.2532,-0.0429,-0.3323,0.3350,1.0582
30.2106,-0.6406,1.2380,-0.0072,-0.2598,0.2599,-1.6989,1.2504,-0.0419,-0.3329,0.3355,1.0583
30.2301,-0.6406,1.2359,-0.0068,-0.2598,0.2599,-1.6990,1.2476,-0.0409,-0.3334,0.3359,1.0584
30.2304,-0.6406,1.2337,-0.0068,-0.2598,0.2599,-1.6990,1.2450,-0.0409,-0.3334,0.3359,1.0584
30.2399,-0.6406,1.2317,-0.0065,-0.2599,0.2600,-1.6990,1.2424,-0.0386,-0.3343,0.3365,1.0585
30.2403,-0.6406,1.2294,-0.0065,-0.2599,0.2600,-1.6991,1.2396,-0.0386,-0.3343,0.3365,1.0585
30.2602,-0.6406,1.2274,-0.0064,-0.2596,0.2596,-1.6991,1.2371,-0.0361,-0.3351,0.3370,1.0586
30.2607,-0.6406,1.2252,-0.0064,-0.2596,0.2596,-1.6992,1.2343,-0.0348,-0.3351,0.3369,1.0586
30.2800,-0.6406,1.2231,-0.0062,-0.2591,0.2592,-1.6993,1.2316,-0.0335,-0.3352,0.3368,1.0587
30.2803,-0.6405,1.2209,-0.0062,-0.2591,0.2592,-1.6993,1.2289,-0.0323,-0.3354,0.3370,1.0589
30.2902,-0.6404,1.2188,-0.0059,-0.2585,0.2586,-1.6995,1.2260,-0.0309,-0.3354,0.3368,1.0591
30.2905,-0.6404,1.2168,-0.0059,-0.2585,0.2586,-1.6996,1.2233,-0.0309,-0.3354,0.3368,1.0592
30.3100,-0.6403,1.2146,-0.0054,-0.2588,0.2588,-1.6998,1.2204,-0.0290,-0.3364,0.3376,1.0594
30.3105,-0.6403,1.2127,-0.0054,-0.2588,0.2588,-1.6998,1.2179,-0.0281,-0.3367,0.3378,1.0595
30.3304,-0.6403,1.2105,-0.0052,-0.2586,0.2586,-1.6999,1.2150,-0.0272,-0.3363,0.3374,1.0596
30.3307,-0.6403,1.2086,-0.0052,-0.2586,0.2586,-1.6999,1.2127,-0.0262,-0.3370,0.3380,1.0596
30.3404,-0.6402,1.2043,-0.0046,-0.2582,0.2582,-1.6999,1.2099,-0.0252,-0.3365,0.3375,1.0597
30.3406,-0.6402,1.2043,-0.0046,-0.2582,0.2582,-1.6998,1.2074,-0.0240,-0.3363,0.3372,1.0596
30.3603,-0.6401,1.2021,-0.0035,-0.2581,0.2582,-1.6998,1.2049,-0.0231,-0.3363,0.3370,1.0597
30.3606,-0.6399,1.2000,-0.0035,-0.2581,0.2582,-1.6998,1.2023,-0.0231,-0.3363,0.3370,1.0598
30.3700,-0.6398,1.1980,-0.0021,-0.2580,0.2580,-1.6998,1.2000,-0.0212,-0.3351,0.3358,1.0599
30.3705,-0.6397,1.1957,-0.0021,-0.2580,0.2580,-1.6998,1.1972,-0.0202,-0.3341,0.3347,1.0601
30.3900,-0.6396,1.1939,-0.0010,-0.2572,0.2572,-1.6998,1.1949,-0.0192,-0.3334,0.3339,1.0602
30.3902,-0.6394,1.1915,-0.0010,-0.2572,0.2572,-1.6997,1.1922,-0.0192,-0.3334,0.3339,1.0603
30.4104,-0.6393,1.1897,0.0001,-0.2567,0.2567,-1.6997,1.1899,-0.0173,-0.3320,0.3325,1.0604
30.4202,-0.6391,1.1872,0.0006,-0.2564,0.2564,-1.6997,1.1871,-0.0165,-0.3312,0.3316,1.0606
30.4206,-0.6389,1.1853,0.0006,-0.2564,0.2564,-1.6996,1.1849,-0.0165,-0.3312,0.3316,1.0608
30.4301,-0.6387,1.1833,0.0019,-0.2566,0.2566,-1.6996,1.1826,-0.0151,-0.3302,0.3305,1.0609
30.4305,-0.6384,1.1811,0.0019,-0.2566,0.2566,-1.6995,1.1800,-0.0141,-0.3289,0.3292,1.0611
30.4504,-0.6380,1.1788,0.0033,-0.2565,0.2565,-1.6993,1.1774,-0.0134,-0.3290,0.3292,1.0613
30.4508,-0.6376,1.1767,0.0042,-0.2566,0.2566,-1.6991,1.1749,-0.0123,-0.3282,0.3285,1.0615
30.4600,-0.6373,1.1747,0.0051,-0.2565,0.2566,-1.6989,1.1726,-0.0113,-0.3272,0.3274,1.0616
30.4605,-0.6370,1.1727,0.0051,-0.2565,0.2566,-1.6987,1.1702,-0.0113,-0.3272,0.3274,1.0618
30.4801,-0.6366,1.1706,0.0065,-0.2566,0.2566,-1.6986,1.1680,-0.0097,-0.3251,0.3253,1.0620
30.4805,-0.6363,1.1685,0.0065,-0.2566,0.2566,-1.6986,1.1657,-0.0090,-0.3237,0.3238,1.0623
30.5004,-0.6359,1.1664,0.0081,-0.2562,0.2564,-1.6985,1.1633,-0.0084,-0.3222,0.3223,1.0626
30.5007,-0.6355,1.1642,0.0089,-0.2566,0.2568,-1.6984,1.1610,-0.0078,-0.3215,0.3216,1.0629
30.5100,-0.6352,1.1621,0.0097,-0.2564,0.2565,-1.6984,1.1587,-0.0072,-0.3201,0.3202,1.0632
30.5105,-0.6349,1.1600,0.0097,-0.2564,0.2565,-1.6983,1.1564,-0.0072,-0.3201,0.3202,1.0634
30.5305,-0.6344,1.1558,0.0110,-0.2565,0.2567,-1.6982,1.1542,-0.0061,-0.3188,0.3189,1.0638
30.5308,-0.6344,1.1558,0.0110,-0.2565,0.2567,-1.6981,1.1520,-0.0055,-0.3174,0.3175,1.0637
30.5502,-0.6339,1.1515,0.0121,-0.2556,0.2559,-1.6980,1.1498,-0.0048,-0.3159,0.3160,1.0641
30.5504,-0.6339,1.1515,0.0121,-0.2556,0.2559,-1.6978,1.1478,-0.0040,-0.3143,0.3143,1.0639
30.5598,-0.6338,1.1494,0.0130,-0.2553,0.2557,-1.6976,1.1457,-0.0032,-0.3129,0.3129,1.0638
30.5601,-0.6336,1.1473,0.0130,-0.2553,0.2557,-1.6972,1.1436,-0.0021,-0.3107,0.3108,1.0636
30.5802,-0.6335,1.1452,0.0135,-0.2550,0.2554,-1.6969,1.1415,-0.0010,-0.3097,0.3098,1.0634
30.5808,-0.6334,1.1431,0.0137,-0.2547,0.2551,-1.6966,1.1395,0.0001,-0.3073,0.3073,1.0632
30.6001,-0.6333,1.1410,0.0139,-0.2549,0.2553,-1.6963,1.1374,0.0010,-0.3060,0.3060,1.0630
30.6005,-0.6332,1.1390,0.0139,-0.2549,0.2553,-1.6961,1.1354,0.0010,-0.3060,0.3060,1.0629
30.6102,-0.6331,1.1369,0.0144,-0.2545,0.2549,-1.6959,1.1334,0.0026,-0.3028,0.3028,1.0629
30.6108,-0.6329,1.1349,0.0144,-0.2545,0.2549,-1.6957,1.1313,0.0032,-0.3012,0.3012,1.0629
30.6301,-0.6326,1.1328,0.0152,-0.2543,0.2547,-1.6955,1.1292,0.0038,-0.3000,0.3000,1.0629
30.6307,-0.6322,1.1306,0.0152,-0.2543,0.2547,-1.6953,1.1271,0.0044,-0.2984,0.2984,1.0632
30.6501,-0.6318,1.1288,0.0168,-0.2540,0.2546,-1.6952,1.1253,0.0050,-0.2970,0.2970,1.0634
30.6505,-0.6315,1.1266,0.0174,-0.2536,0.2542,-1.6951,1.1229,0.0054,-0.2954,0.2954,1.0636
30.6598,-0.6311,1.1245,0.0182,-0.2536,0.2542,-1.6950,1.1209,0.0058,-0.2945,0.2945,1.0639
30.6601,-0.6309,1.1224,0.0182,-0.2536,0.2542,-1.6949,1.1188,0.0058,-0.2945,0.2945,1.0641
30.6803,-0.6307,1.1206,0.0195,-0.2529,0.2536,-1.6949,1.1171,0.0066,-0.2908,0.2909,1.0642
30.6807,-0.6306,1.1186,0.0195,-0.2529,0.2536,-1.6947,1.1150,0.0070,-0.2890,0.2891,1.0641
30.7007,-0.6305,1.1165,0.0201,-0.2519,0.2527,-1.6945,1.1132,0.0076,-0.2875,0.2876,1.0641
30.7010,-0.6303,1.1142,0.0203,-0.2516,0.2525,-1.6942,1.1111,0.0083,-0.2855,0.2856,1.0639
30.7101,-0.6301,1.1121,0.0207,-0.2519,0.2527,-1.6940,1.1092,0.0091,-0.2842,0.2843,1.0639
30.7104,-0.6299,1.1103,0.0211,-0.2517,0.2526,-1.6937,1.1074,0.0099,-0.2823,0.2825,1.0639
30.7303,-0.6294,1.1081,0.0215,-0.2512,0.2521,-1.6934,1.1054,0.0105,-0.2804,0.2806,1.0640
30.7308,-0.6290,1.1064,0.0215,-0.2512,0.2521,-1.6932,1.1039,0.0112,-0.2792,0.2795,1.0642
30.7502,-0.6284,1.1042,0.0233,-0.2506,0.2517,-1.6928,1.1020,0.0117,-0.2769,0.2772,1.0644
30.7505,-0.6278,1.1023,0.0233,-0.2506,0.2517,-1.6925,1.1004,0.0117,-0.2769,0.2772,1.0647
30.7602,-0.6273,1.1002,0.0256,-0.2502,0.2515,-1.6922,1.0988,0.0133,-0.2734,0.2737,1.0649
30.7606,-0.6268,1.0980,0.0256,-0.2502,0.2515,-1.6919,1.0971,0.0140,-0.2711,0.2714,1.0650
30.7802,-0.6263,1.0957,0.0276,-0.2501,0.2516,-1.6914,1.0955,0.0148,-0.2690,0.2694,1.0651
30.7807,-0.6259,1.0936,0.0276,-0.2501,0.2516,-1.6910,1.0939,0.0158,-0.2668,0.2672,1.0652
30.8001,-0.6247,1.0895,0.0291,-0.2504,0.2521,-1.6906,1.0923,0.0169,-0.2642,0.2647,1.0659
30.8002,-0.6247,1.0895,0.0291,-0.2504,0.2521,-1.6903,1.0906,0.0169,-0.2642,0.2647,1.0656
30.8101,-0.6241,1.0876,0.0312,-0.2501,0.2520,-1.6899,1.0890,0.0190,-0.2596,0.2603,1.0658
30.8104,-0.6233,1.0856,0.0312,-0.2501,0.2520,-1.6895,1.0872,0.0190,-0.2596,0.2603,1.0662
30.8302,-0.6227,1.0838,0.0339,-0.2497,0.2520,-1.6892,1.0857,0.0208,-0.2556,0.2565,1.0665
30.8306,-0.6220,1.0821,0.0339,-0.2497,0.2520,-1.6890,1.0841,0.0208,-0.2556,0.2565,1.0670
30.8503,-0.6211,1.0801,0.0365,-0.2488,0.2515,-1.6886,1.0823,0.0218,-0.2516,0.2526,1.0675
30.8506,-0.6203,1.0782,0.0381,-0.2485,0.2514,-1.6883,1.0808,0.0224,-0.2501,0.2511,1.0681
30.8601,-0.6193,1.0762,0.0396,-0.2479,0.2510,-1.6879,1.0790,0.0229,-0.2482,0.2493,1.0686
30.8604,-0.6184,1.0744,0.0396,-0.2479,0.2510,-1.6874,1.0774,0.0229,-0.2482,0.2493,1.0690
30.8803,-0.6174,1.0724,0.0429,-0.2473,0.2510,-1.6867,1.0757,0.0248,-0.2452,0.2464,1.0693
30.8806,-0.6166,1.0707,0.0429,-0.2473,0.2510,-1.6861,1.0743,0.0248,-0.2452,0.2464,1.0695
30.9004,-0.6157,1.0687,0.0458,-0.2464,0.2506,-1.6853,1.0725,0.0272,-0.2413,0.2429,1.0697
30.9007,-0.6149,1.0669,0.0458,-0.2464,0.2506,-1.6847,1.0711,0.0288,-0.2394,0.2411,1.0698
30.9103,-0.6140,1.0649,0.0488,-0.2456,0.2504,-1.6840,1.0694,0.0300,-0.2376,0.2395,1.0701
30.9106,-0.6131,1.0630,0.0488,-0.2456,0.2504,-1.6834,1.0678,0.0300,-0.2376,0.2395,1.0703
30.9303,-0.6122,1.0612,0.0516,-0.2445,0.2498,-1.6829,1.0663,0.0325,-0.2342,0.2364,1.0707
30.9307,-0.6112,1.0591,0.0530,-0.2442,0.2499,-1.6822,1.0646,0.0334,-0.2325,0.2349,1.0711
30.9401,-0.6101,1.0572,0.0544,-0.2440,0.2500,-1.6815,1.0628,0.0345,-0.2309,0.2334,1.0714
30.9405,-0.6091,1.0552,0.0544,-0.2440,0.2500,-1.6809,1.0612,0.0355,-0.2292,0.2319,1.0718
30.9602,-0.6081,1.0534,0.0570,-0.2431,0.2497,-1.6803,1.0596,0.0363,-0.2274,0.2303,1.0722
30.9702,-0.6071,1.0516,0.0584,-0.2425,0.2494,-1.6797,1.0580,0.0372,-0.2260,0.2291,1.0726
30.9706,-0.6061,1.0499,0.0584,-0.2425,0.2494,-1.6791,1.0563,0.0382,-0.2244,0.2277,1.0730
30.9901,-0.6050,1.0479,0.0611,-0.2414,0.2490,-1.6783,1.0545,0.0392,-0.2234,0.2268,1.0734
30.9905,-0.6050,1.0479,0.0611,-0.2414,0.2490,-1.6778,1.0528,0.0392,-0.2234,0.2268,1.0728
30.9997,-0.6031,1.0442,0.0636,-0.2402,0.2485,-1.6771,1.0507,0.0414,-0.2211,0.2249,1.0741
31.0000,-0.6022,1.0423,0.0636,-0.2402,0.2485,-1.6765,1.0490,0.0414,-0.2211,0.2249,1.0743
31.0204,-0.6014,1.0405,0.0660,-0.2396,0.2485,-1.6759,1.0472,0.0437,-0.2195,0.2238,1.0745
31.0208,-0.6004,1.0384,0.0671,-0.2391,0.2483,-1.6751,1.0453,0.0448,-0.2184,0.2229,1.0747
31.0404,-0.5983,1.0345,0.0700,-0.2385,0.2485,-1.6743,1.0435,0.0463,-0.2180,0.2228,1.0760
31.0407,-0.5983,1.0345,0.0700,-0.2385,0.2485,-1.6734,1.0417,0.0477,-0.2171,0.2222,1.0751
31.0499,-0.5972,1.0326,0.0717,-0.2381,0.2486,-1.6725,1.0398,0.0492,-0.2162,0.2217,1.0753
31.0503,-0.5963,1.0308,0.0717,-0.2381,0.2486,-1.6717,1.0383,0.0507,-0.2158,0.2217,1.0754
31.0704,-0.5953,1.0289,0.0749,-0.2373,0.2488,-1.6708,1.0366,0.0517,-0.2149,0.2210,1.0755
31.0797,-0.5941,1.0267,0.0766,-0.2367,0.2487,-1.6697,1.0345,0.0529,-0.2140,0.2205,1.0757
31.0799,-0.5931,1.0249,0.0766,-0.2367,0.2487,-1.6690,1.0328,0.0529,-0.2140,0.2205,1.0760
31.0999,-0.5921,1.0230,0.0807,-0.2364,0.2497,-1.6683,1.0310,0.0552,-0.2133,0.2203,1.0762
31.1001,-0.5910,1.0209,0.0807,-0.2364,0.2497,-1.6674,1.0290,0.0561,-0.2128,0.2201,1.0765
31.1102,-0.5901,1.0192,0.0845,-0.2363,0.2510,-1.6668,1.0274,0.0574,-0.2127,0.2203,1.0768
31.1108,-0.5888,1.0171,0.0845,-0.2363,0.2510,-1.6660,1.0253,0.0574,-0.2127,0.2203,1.0772
31.1303,-0.5876,1.0152,0.0881,-0.2355,0.2515,-1.6651,1.0234,0.0595,-0.2119,0.2201,1.0776
31.1306,-0.5865,1.0134,0.0881,-0.2355,0.2515,-1.6644,1.0216,0.0595,-0.2119,0.2201,1.0780
31.1401,-0.5854,1.0115,0.0914,-0.2345,0.2516,-1.6637,1.0198,0.0618,-0.2110,0.2198,1.0783
31.1405,-0.5843,1.0095,0.0914,-0.2345,0.2516,-1.6628,1.0178,0.0631,-0.2110,0.2202,1.0785
31.1601,-0.5834,1.0078,0.0943,-0.2342,0.2524,-1.6621,1.0162,0.0647,-0.2101,0.2199,1.0787
31.1604,-0.5821,1.0057,0.0955,-0.2332,0.2520,-1.6611,1.0141,0.0659,-0.2095,0.2196,1.0790
31.1801,-0.5809,1.0038,0.0974,-0.2336,0.2531,-1.6602,1.0122,0.0678,-0.2095,0.2202,1.0793
31.1805,-0.5797,1.0021,0.0974,-0.2336,0.2531,-1.6594,1.0104,0.0678,-0.2095,0.2202,1.0797
31.1901,-0.5781,1.0002,0.1017,-0.2329,0.2542,-1.6586,1.0084,0.0707,-0.2094,0.2210,1.0805
31.1903,-0.5768,0.9986,0.1017,-0.2329,0.2542,-1.6581,1.0068,0.0718,-0.2096,0.2215,1.0813
31.2102,-0.5752,0.9965,0.1070,-0.2312,0.2548,-1.6574,1.0048,0.0723,-0.2086,0.2208,1.0822
31.2105,-0.5737,0.9947,0.1070,-0.2312,0.2548,-1.6567,1.0029,0.0723,-0.2086,0.2208,1.0830
31.2302,-0.5722,0.9926,0.1123,-0.2312,0.2570,-1.6558,1.0008,0.0741,-0.2090,0.2217,1.0837
31.2305,-0.5710,0.9908,0.1123,-0.2312,0.2570,-1.6549,0.9990,0.0741,-0.2090,0.2217,1.0839
31.2400,-0.5698,0.9887,0.1159,-0.2312,0.2586,-1.6538,0.9969,0.0765,-0.2098,0.2233,1.0840
31.2403,-0.5688,0.9869,0.1159,-0.2312,0.2586,-1.6528,0.9952,0.0780,-0.2102,0.2242,1.0840
31.2600,-0.5678,0.9850,0.1180,-0.2308,0.2592,-1.6516,0.9933,0.0795,-0.2104,0.2249,1.0838
31.2603,-0.5668,0.9830,0.1180,-0.2308,0.2592,-1.6504,0.9914,0.0812,-0.2109,0.2260,1.0836
31.2701,-0.5658,0.9811,0.1200,-0.2300,0.2594,-1.6491,0.9894,0.0830,-0.2115,0.2272,1.0834
31.2704,-0.5646,0.9790,0.1211,-0.2293,0.2593,-1.6480,0.9874,0.0847,-0.2122,0.2285,1.0834
31.2900,-0.5637,0.9772,0.1225,-0.2293,0.2600,-1.6471,0.9856,0.0862,-0.2130,0.2298,1.0835
31.2903,-0.5624,0.9751,0.1225,-0.2293,0.2600,-1.6460,0.9835,0.0862,-0.2130,0.2298,1.0836
31.3102,-0.5613,0.9734,0.1246,-0.2289,0.2606,-1.6450,0.9817,0.0886,-0.2142,0.2318,1.0837
31.3105,-0.5600,0.9714,0.1255,-0.2285,0.2607,-1.6438,0.9797,0.0898,-0.2145,0.2326,1.0838
31.3302,-0.5588,0.9696,0.1266,-0.2284,0.2612,-1.6428,0.9778,0.0914,-0.2151,0.2338,1.0840
31.3305,-0.5575,0.9677,0.1266,-0.2284,0.2612,-1.6416,0.9757,0.0929,-0.2159,0.2350,1.0842
31.3401,-0.5562,0.9659,0.1291,-0.2287,0.2626,-1.6404,0.9737,0.0947,-0.2168,0.2366,1.0843
31.3405,-0.5550,0.9641,0.1291,-0.2287,0.2626,-1.6392,0.9719,0.0964,-0.2172,0.2376,1.0843
31.3603,-0.5537,0.9621,0.1306,-0.2282,0.2629,-1.6379,0.9697,0.0982,-0.2178,0.2389,1.0843
31.3606,-0.5526,0.9603,0.1312,-0.2282,0.2632,-1.6368,0.9678,0.0999,-0.2185,0.2402,1.0842
31.3705,-0.5514,0.9583,0.1316,-0.2282,0.2634,-1.6355,0.9657,0.1013,-0.2192,0.2415,1.0841
31.3710,-0.5501,0.9564,0.1316,-0.2282,0.2634,-1.6340,0.9635,0.1025,-0.2200,0.2426,1.0840
31.3904,-0.5477,0.9529,0.1331,-0.2286,0.2646,-1.6328,0.9617,0.1042,-0.2215,0.2448,1.0851
31.3907,-0.5477,0.9529,0.1331,-0.2286,0.2646,-1.6316,0.9596,0.1050,-0.2218,0.2454,1.0839
31.4103,-0.5464,0.9509,0.1344,-0.2280,0.2647,-1.6302,0.9575,0.1063,-0.2230,0.2471,1.0838
31.4106,-0.5453,0.9492,0.1350,-0.2280,0.2650,-1.6290,0.9556,0.1076,-0.2237,0.2483,1.0837
31.4302,-0.5440,0.9474,0.1356,-0.2277,0.2651,-1.6276,0.9536,0.1089,-0.2244,0.2494,1.0836
31.4306,-0.5428,0.9455,0.1356,-0.2277,0.2651,-1.6263,0.9515,0.1089,-0.2244,0.2494,1.0835
31.4400,-0.5416,0.9437,0.1367,-0.2273,0.2652,-1.6251,0.9495,0.1118,-0.2262,0.2523,1.0835
31.4404,-0.5403,0.9417,0.1370,-0.2269,0.2651,-1.6239,0.9474,0.1128,-0.2267,0.2532,1.0836
31.4599,-0.5391,0.9400,0.1375,-0.2269,0.2653,-1.6228,0.9455,0.1140,-0.2276,0.2546,1.0838
31.4604,-0.5379,0.9382,0.1375,-0.2269,0.2653,-1.6218,0.9435,0.1140,-0.2276,0.2546,1.0839
31.4699,-0.5366,0.9363,0.1383,-0.2268,0.2656,-1.6205,0.9416,0.1157,-0.2290,0.2566,1.0840
31.4701,-0.5351,0.9342,0.1383,-0.2268,0.2656,-1.6189,0.9394,0.1157,-0.2290,0.2566,1.0839
31.4901,-0.5338,0.9325,0.1398,-0.2274,0.2669,-1.6176,0.9376,0.1188,-0.2301,0.2590,1.0839
31.4905,-0.5324,0.9307,0.1398,-0.2274,0.2669,-1.6161,0.9358,0.1188,-0.2301,0.2590,1.0837
31.4998,-0.5311,0.9289,0.1412,-0.2270,0.2674,-1.6144,0.9339,0.1221,-0.2299,0.2603,1.0833
31.5200,-0.5296,0.9270,0.1421,-0.2268,0.2676,-1.6127,0.9318,0.1242,-0.2301,0.2615,1.0831
31.5204,-0.5285,0.9255,0.1421,-0.2268,0.2676,-1.6113,0.9301,0.1263,-0.2308,0.2631,1.0829
31.5302,-0.5256,0.9220,0.1438,-0.2258,0.2677,-1.6100,0.9282,0.1274,-0.2304,0.2633,1.0843
31.5304,-0.5256,0.9220,0.1438,-0.2258,0.2677,-1.6087,0.9262,0.1286,-0.2305,0.2640,1.0830
31.5502,-0.5243,0.9202,0.1453,-0.2251,0.2679,-1.6075,0.9243,0.1295,-0.2311,0.2649,1.0832
31.5506,-0.5228,0.9183,0.1453,-0.2251,0.2679,-1.6063,0.9222,0.1299,-0.2311,0.2651,1.0835
31.5701,-0.5216,0.9166,0.1469,-0.2250,0.2688,-1.6053,0.9205,0.1307,-0.2321,0.2663,1.0837
31.5704,-0.5201,0.9149,0.1476,-0.2246,0.2688,-1.6038,0.9187,0.1307,-0.2321,0.2663,1.0837
31.5799,-0.5188,0.9134,0.1480,-0.2236,0.2681,-1.6023,0.9170,0.1319,-0.2316,0.2665,1.0835
31.5803,-0.5173,0.9117,0.1480,-0.2236,0.2681,-1.6004,0.9153,0.1334,-0.2316,0.2673,1.0831
31.6005,-0.5159,0.9101,0.1495,-0.2226,0.2681,-1.5984,0.9137,0.1357,-0.2313,0.2682,1.0825
31.6008,-0.5144,0.9085,0.1502,-0.2215,0.2676,-1.5964,0.9122,0.1380,-0.2307,0.2688,1.0820
31.6099,-0.5128,0.9068,0.1513,-0.2213,0.2681,-1.5944,0.9105,0.1407,-0.2305,0.2701,1.0816
31.6102,-0.5113,0.9051,0.1513,-0.2213,0.2681,-1.5929,0.9091,0.1431,-0.2296,0.2705,1.0815
31.6303,-0.5097,0.9035,0.1525,-0.2202,0.2679,-1.5914,0.9075,0.1445,-0.2285,0.2704,1.0817
31.6307,-0.5081,0.9019,0.1534,-0.2198,0.2680,-1.5901,0.9059,0.1460,-0.2281,0.2708,1.0820
31.6502,-0.5065,0.9003,0.1546,-0.2193,0.2683,-1.5887,0.9042,0.1471,-0.2277,0.2711,1.0823
31.6505,-0.5050,0.8989,0.1557,-0.2185,0.2683,-1.5875,0.9028,0.1481,-0.2271,0.2712,1.0825
31.6599,-0.5032,0.8973,0.1569,-0.2178,0.2684,-1.5860,0.9009,0.1492,-0.2268,0.2715,1.0828
31.6601,-0.5017,0.8960,0.1569,-0.2178,0.2684,-1.5846,0.8993,0.1492,-0.2268,0.2715,1.0830
31.6802,-0.5002,0.8946,0.1585,-0.2157,0.2676,-1.5833,0.8978,0.1510,-0.2257,0.2716,1.0831
31.6806,-0.4985,0.8931,0.1585,-0.2157,0.2676,-1.5816,0.8961,0.1521,-0.2251,0.2717,1.0830
31.7005,-0.4971,0.8918,0.1592,-0.2141,0.2668,-1.5799,0.8946,0.1541,-0.2246,0.2724,1.0829
31.7008,-0.4955,0.8905,0.1594,-0.2134,0.2664,-1.5782,0.8931,0.1563,-0.2244,0.2734,1.0827
31.7106,-0.4939,0.8892,0.1594,-0.2122,0.2654,-1.5764,0.8915,0.1583,-0.2234,0.2738,1.0825
31.7110,-0.4921,0.8877,0.1594,-0.2122,0.2654,-1.5744,0.8898,0.1607,-0.2228,0.2747,1.0822
31.7300,-0.4906,0.8864,0.1601,-0.2099,0.2640,-1.5726,0.8885,0.1629,-0.2220,0.2754,1.0820
31.7303,-0.4891,0.8852,0.1601,-0.2099,0.2640,-1.5709,0.8869,0.1629,-0.2220,0.2754,1.0818
31.7501,-0.4874,0.8837,0.1614,-0.2070,0.2625,-1.5690,0.8853,0.1658,-0.2200,0.2755,1.0816
31.7505,-0.4858,0.8824,0.1614,-0.2070,0.2625,-1.5672,0.8837,0.1658,-0.2200,0.2755,1.0814
31.7600,-0.4842,0.8809,0.1640,-0.2052,0.2627,-1.5654,0.8821,0.1689,-0.2191,0.2767,1.0812
31.7603,-0.4826,0.8796,0.1640,-0.2052,0.2627,-1.5636,0.8805,0.1700,-0.2186,0.2770,1.0810
31.7801,-0.4811,0.8781,0.1663,-0.2030,0.2624,-1.5618,0.8789,0.1709,-0.2179,0.2769,1.0807
31.7804,-0.4797,0.8768,0.1670,-0.2016,0.2618,-1.5601,0.8773,0.1723,-0.2170,0.2771,1.0804
31.8004,-0.4778,0.8752,0.1680,-0.2009,0.2619,-1.5578,0.8755,0.1741,-0.2166,0.2779,1.0800
31.8007,-0.4763,0.8740,0.1680,-0.2009,0.2619,-1.5559,0.8740,0.1764,-0.2160,0.2788,1.0796
31.8100,-0.4747,0.8727,0.1700,-0.1988,0.2616,-1.5537,0.8724,0.1783,-0.2154,0.2796,1.0791
31.8103,-0.4728,0.8714,0.1700,-0.1988,0.2616,-1.5516,0.8707,0.1801,-0.2146,0.2802,1.0787
31.8300,-0.4711,0.8701,0.1719,-0.1965,0.2611,-1.5494,0.8691,0.1824,-0.2141,0.2813,1.0784
31.8305,-0.4693,0.8688,0.1719,-0.1965,0.2611,-1.5473,0.8675,0.1844,-0.2133,0.2819,1.0781
31.8399,-0.4675,0.8676,0.1738,-0.1941,0.2605,-1.5451,0.8659,0.1862,-0.2126,0.2826,1.0776
31.8404,-0.4675,0.8676,0.1738,-0.1941,0.2605,-1.5428,0.8641,0.1862,-0.2126,0.2826,1.0753
31.8603,-0.4639,0.8651,0.1761,-0.1916,0.2603,-1.5406,0.8625,0.1903,-0.2113,0.2844,1.0767
31.8606,-0.4622,0.8639,0.1761,-0.1916,0.2603,-1.5385,0.8610,0.1903,-0.2113,0.2844,1.0763
31.8802,-0.4606,0.8628,0.1783,-0.1888,0.2597,-1.5364,0.8594,0.1939,-0.2095,0.2855,1.0759
31.8807,-0.4584,0.8614,0.1783,-0.1888,0.2597,-1.5340,0.8575,0.1952,-0.2083,0.2854,1.0755
31.8903,-0.4566,0.8601,0.1810,-0.1865,0.2599,-1.5318,0.8558,0.1977,-0.2082,0.2871,1.0752
31.8906,-0.4548,0.8588,0.1810,-0.1865,0.2599,-1.5297,0.8542,0.1995,-0.2075,0.2879,1.0748
31.9099,-0.4530,0.8575,0.1832,-0.1842,0.2598,-1.5277,0.8525,0.2010,-0.2066,0.2883,1.0746
31.9102,-0.4513,0.8563,0.1832,-0.1842,0.2598,-1.5257,0.8508,0.2010,-0.2066,0.2883,1.0744
31.9302,-0.4496,0.8551,0.1855,-0.1823,0.2601,-1.5238,0.8492,0.2039,-0.2056,0.2895,1.0742
31.9305,-0.4477,0.8539,0.1863,-0.1807,0.2596,-1.5216,0.8476,0.2051,-0.2045,0.2896,1.0739
31.9400,-0.4460,0.8527,0.1877,-0.1797,0.2599,-1.5194,0.8458,0.2071,-0.2039,0.2906,1.0734
31.9403,-0.4443,0.8515,0.1886,-0.1781,0.2594,-1.5170,0.8443,0.2090,-0.2031,0.2915,1.0728
31.9602,-0.4426,0.8503,0.1897,-0.1770,0.2594,-1.5147,0.8429,0.2116,-0.2023,0.2928,1.0721
31.9606,-0.4410,0.8491,0.1897,-0.1770,0.2594,-1.5124,0.8413,0.2142,-0.2014,0.2940,1.0714
31.9804,-0.4393,0.8476,0.1910,-0.1746,0.2588,-1.5100,0.8397,0.2162,-0.2005,0.2949,1.0708
31.9808,-0.4376,0.8464,0.1915,-0.1731,0.2582,-1.5077,0.8382,0.2178,-0.1994,0.2952,1.0702
31.9903,-0.4359,0.8451,0.1924,-0.1723,0.2582,-1.5055,0.8367,0.2198,-0.1988,0.2963,1.0696
31.9906,-0.4339,0.8438,0.1924,-0.1723,0.2582,-1.5030,0.8349,0.2198,-0.1988,0.2963,1.0692
32.0101,-0.4321,0.8426,0.1946,-0.1703,0.2586,-1.5008,0.8332,0.2228,-0.1980,0.2981,1.0687
32.0203,-0.4303,0.8415,0.1951,-0.1688,0.2580,-1.4983,0.8315,0.2239,-0.1972,0.2984,1.0681
32.0207,-0.4285,0.8403,0.1963,-0.1680,0.2584,-1.4960,0.8299,0.2260,-0.1972,0.3000,1.0676
32.0403,-0.4265,0.8390,0.1972,-0.1669,0.2584,-1.4933,0.8282,0.2278,-0.1966,0.3009,1.0668
32.0407,-0.4248,0.8379,0.1972,-0.1669,0.2584,-1.4908,0.8268,0.2278,-0.1966,0.3009,1.0661
32.0502,-0.4229,0.8366,0.1991,-0.1647,0.2584,-1.4882,0.8252,0.2334,-0.1951,0.3042,1.0654
32.0506,-0.4212,0.8354,0.1991,-0.1647,0.2584,-1.4859,0.8237,0.2334,-0.1951,0.3042,1.0647
32.0705,-0.4176,0.8330,0.2011,-0.1612,0.2578,-1.4835,0.8222,0.2388,-0.1935,0.3074,1.0660
32.0710,-0.4176,0.8330,0.2011,-0.1612,0.2578,-1.4811,0.8204,0.2406,-0.1930,0.3084,1.0635
32.0901,-0.4160,0.8320,0.2024,-0.1607,0.2584,-1.4790,0.8189,0.2425,-0.1933,0.3101,1.0631
32.0906,-0.4141,0.8308,0.2024,-0.1607,0.2584,-1.4768,0.8174,0.2425,-0.1933,0.3101,1.0627
32.1002,-0.4124,0.8298,0.2035,-0.1586,0.2580,-1.4745,0.8159,0.2433,-0.1927,0.3104,1.0622
32.1101,-0.4104,0.8284,0.2041,-0.1576,0.2578,-1.4719,0.8143,0.2438,-0.1925,0.3106,1.0617
32.1104,-0.4086,0.8274,0.2041,-0.1576,0.2578,-1.4696,0.8129,0.2438,-0.1925,0.3106,1.0611
32.1302,-0.4067,0.8262,0.2055,-0.1554,0.2576,-1.4669,0.8113,0.2466,-0.1924,0.3128,1.0603
32.1305,-0.4049,0.8250,0.2061,-0.1546,0.2577,-1.4644,0.8098,0.2491,-0.1925,0.3148,1.0596
32.1506,-0.4029,0.8238,0.2065,-0.1538,0.2575,-1.4618,0.8083,0.2514,-0.1922,0.3165,1.0590
32.1511,-0.4012,0.8229,0.2071,-0.1529,0.2574,-1.4594,0.8068,0.2539,-0.1920,0.3183,1.0583
32.1602,-0.3992,0.8217,0.2075,-0.1520,0.2572,-1.4569,0.8051,0.2560,-0.1919,0.3200,1.0578
32.1609,-0.3973,0.8206,0.2075,-0.1520,0.2572,-1.4544,0.8036,0.2582,-0.1915,0.3215,1.0572
32.1700,-0.3954,0.8194,0.2088,-0.1509,0.2576,-1.4519,0.8020,0.2605,-0.1914,0.3232,1.0567
32.1900,-0.3934,0.8182,0.2097,-0.1505,0.2581,-1.4494,0.8004,0.2627,-0.1916,0.3252,1.0561
32.1904,-0.3916,0.8172,0.2097,-0.1505,0.2581,-1.4470,0.7991,0.2644,-0.1913,0.3264,1.0556
32.2001,-0.3899,0.8163,0.2110,-0.1493,0.2585,-1.4447,0.7980,0.2659,-0.1909,0.3274,1.0549
32.2004,-0.3879,0.8152,0.2110,-0.1493,0.2585,-1.4421,0.7966,0.2670,-0.1902,0.3279,1.0543
32.2204,-0.3859,0.8141,0.2120,-0.1479,0.2585,-1.4395,0.7952,0.2686,-0.1899,0.3289,1.0537
32.2210,-0.3841,0.8131,0.2120,-0.1479,0.2585,-1.4369,0.7937,0.2686,-0.1899,0.3289,1.0530
32.2301,-0.3822,0.8119,0.2131,-0.1467,0.2587,-1.4343,0.7923,0.2715,-0.1895,0.3311,1.0523
32.2306,-0.3805,0.8109,0.2138,-0.1465,0.2592,-1.4317,0.7909,0.2715,-0.1895,0.3311,1.0514
32.2504,-0.3791,0.8100,0.2138,-0.1457,0.2587,-1.4296,0.7899,0.2746,-0.1888,0.3332,1.0506
32.2508,-0.3770,0.8086,0.2138,-0.1457,0.2587,-1.4266,0.7882,0.2746,-0.1888,0.3332,1.0498
32.2702,-0.3754,0.8077,0.2143,-0.1446,0.2585,-1.4243,0.7870,0.2776,-0.1877,0.3350,1.0491
32.2705,-0.3735,0.8066,0.2143,-0.1446,0.2585,-1.4217,0.7854,0.2776,-0.1877,0.3350,1.0484
32.2801,-0.3718,0.8056,0.2153,-0.1432,0.2585,-1.4193,0.7842,0.2802,-0.1869,0.3368,1.0477
32.2804,-0.3699,0.8046,0.2153,-0.1432,0.2585,-1.4168,0.7828,0.2802,-0.1869,0.3368,1.0471
32.3001,-0.3681,0.8038,0.2158,-0.1412,0.2579,-1.4144,0.7815,0.2820,-0.1854,0.3375,1.0465
32.3004,-0.3663,0.8027,0.2163,-0.1404,0.2579,-1.4119,0.7803,0.2830,-0.1850,0.3380,1.0458
32.3201,-0.3645,0.8017,0.2168,-0.1400,0.2580,-1.4093,0.7790,0.2838,-0.1842,0.3383,1.0451
32.3203,-0.3626,0.8006,0.2168,-0.1400,0.2580,-1.4066,0.7777,0.2838,-0.1842,0.3383,1.0442
32.3303,-0.3608,0.7995,0.2169,-0.1390,0.2577,-1.4040,0.7765,0.2857,-0.1828,0.3392,1.0434
32.3308,-0.3590,0.7984,0.2169,-0.1390,0.2577,-1.4015,0.7752,0.2867,-0.1820,0.3396,1.0428
32.3503,-0.3570,0.7974,0.2171,-0.1384,0.2575,-1.3988,0.7738,0.2873,-0.1813,0.3398,1.0420
32.3506,-0.3552,0.7965,0.2171,-0.1384,0.2575,-1.3963,0.7724,0.2880,-0.1806,0.3399,1.0414
32.3703,-0.3532,0.7954,0.2175,-0.1372,0.2572,-1.3937,0.7710,0.2886,-0.1801,0.3401,1.0408
32.3707,-0.3515,0.7945,0.2181,-0.1371,0.2576,-1.3914,0.7697,0.2896,-0.1800,0.3410,1.0401
32.3801,-0.3498,0.7934,0.2181,-0.1367,0.2574,-1.3888,0.7683,0.2901,-0.1794,0.3411,1.0394
32.3804,-0.3482,0.7925,0.2181,-0.1367,0.2574,-1.3864,0.7671,0.2903,-0.1785,0.3408,1.0385
32.4006,-0.3466,0.7916,0.2169,-0.1353,0.2556,-1.3840,0.7660,0.2908,-0.1775,0.3407,1.0377
32.4009,-0.3447,0.7905,0.2165,-0.1345,0.2549,-1.3813,0.7648,0.2913,-0.1764,0.3406,1.0369
32.4201,-0.3429,0.7895,0.2167,-0.1341,0.2549,-1.3789,0.7637,0.2928,-0.1754,0.3413,1.0363
32.4205,-0.3412,0.7886,0.2167,-0.1341,0.2549,-1.3766,0.7626,0.2928,-0.1754,0.3413,1.0358
32.4304,-0.3394,0.7877,0.2169,-0.1331,0.2544,-1.3744,0.7615,0.2942,-0.1732,0.3414,1.0353
32.4306,-0.3374,0.7867,0.2169,-0.1331,0.2544,-1.3718,0.7601,0.2942,-0.1732,0.3414,1.0348
32.4503,-0.3356,0.7858,0.2173,-0.1321,0.2543,-1.3696,0.7589,0.2951,-0.1715,0.3413,1.0343
32.4506,-0.3336,0.7846,0.2173,-0.1321,0.2543,-1.3669,0.7576,0.2951,-0.1715,0.3413,1.0337
32.4601,-0.3319,0.7836,0.2181,-0.1314,0.2546,-1.3647,0.7565,0.2955,-0.1705,0.3411,1.0332
32.4604,-0.3300,0.7826,0.2181,-0.1314,0.2546,-1.3620,0.7552,0.2955,-0.1705,0.3411,1.0324
32.4804,-0.3266,0.7807,0.2186,-0.1301,0.2544,-1.3597,0.7541,0.2960,-0.1690,0.3409,1.0334
32.4808,-0.3266,0.7807,0.2186,-0.1301,0.2544,-1.3574,0.7531,0.2960,-0.1690,0.3409,1.0312
32.5004,-0.3247,0.7797,0.2186,-0.1288,0.2537,-1.3548,0.7519,0.2962,-0.1671,0.3401,1.0305
32.5007,-0.3231,0.7788,0.2186,-0.1288,0.2537,-1.3526,0.7509,0.2962,-0.1671,0.3401,1.0299
32.5203,-0.3213,0.7777,0.2180,-0.1276,0.2526,-1.3502,0.7498,0.2963,-0.1646,0.3389,1.0293
32.5206,-0.3197,0.7768,0.2180,-0.1276,0.2526,-1.3482,0.7488,0.2962,-0.1633,0.3383,1.0289
32.5403,-0.3179,0.7758,0.2175,-0.1271,0.2519,-1.3458,0.7476,0.2956,-0.1622,0.3372,1.0283
32.5406,-0.3162,0.7749,0.2175,-0.1271,0.2519,-1.3438,0.7466,0.2950,-0.1612,0.3361,1.0279
32.5503,-0.3144,0.7739,0.2171,-0.1260,0.2510,-1.3414,0.7454,0.2942,-0.1604,0.3350,1.0274
32.5507,-0.3125,0.7730,0.2170,-0.1254,0.2507,-1.3392,0.7442,0.2937,-0.1596,0.3342,1.0271
32.5604,-0.3105,0.7719,0.2175,-0.1249,0.2508,-1.3367,0.7429,0.2935,-0.1590,0.3338,1.0266
32.5700,-0.3084,0.7709,0.2181,-0.1247,0.2512,-1.3341,0.7416,0.2937,-0.1585,0.3337,1.0261
32.5705,-0.3069,0.7702,0.2181,-0.1247,0.2512,-1.3324,0.7408,0.2937,-0.1585,0.3337,1.0259
32.5903,-0.3048,0.7692,0.2181,-0.1235,0.2506,-1.3298,0.7395,0.2931,-0.1562,0.3321,1.0254
32.5907,-0.3030,0.7682,0.2186,-0.1233,0.2510,-1.3279,0.7384,0.2938,-0.1558,0.3326,1.0253
32.6107,-0.2996,0.7662,0.2186,-0.1228,0.2508,-1.3256,0.7373,0.2933,-0.1550,0.3317,1.0264
32.6110,-0.2996,0.7662,0.2186,-0.1228,0.2508,-1.3236,0.7364,0.2933,-0.1550,0.3317,1.0244
32.6201,-0.2979,0.7652,0.2180,-0.1223,0.2500,-1.3215,0.7354,0.2919,-0.1530,0.3296,1.0240
32.6207,-0.2961,0.7642,0.2180,-0.1223,0.2500,-1.3192,0.7344,0.2909,-0.1517,0.3281,1.0235
32.6404,-0.2944,0.7633,0.2176,-0.1217,0.2493,-1.3171,0.7335,0.2904,-0.1508,0.3273,1.0231
32.6409,-0.2925,0.7623,0.2171,-0.1211,0.2486,-1.3149,0.7324,0.2894,-0.1496,0.3258,1.0229
32.6603,-0.2906,0.7614,0.2175,-0.1211,0.2489,-1.3128,0.7313,0.2890,-0.1488,0.3251,1.0226
32.6607,-0.2887,0.7605,0.2171,-0.1206,0.2483,-1.3108,0.7302,0.2881,-0.1476,0.3237,1.0225
32.6703,-0.2870,0.7596,0.2171,-0.1202,0.2482,-1.3087,0.7292,0.2873,-0.1467,0.3226,1.0221
32.6708,-0.2851,0.7586,0.2171,-0.1202,0.2482,-1.3065,0.7282,0.2865,-0.1455,0.3214,1.0218
32.6903,-0.2834,0.7578,0.2166,-0.1192,0.2473,-1.3045,0.7274,0.2858,-0.1445,0.3202,1.0216
32.7004,-0.2814,0.7568,0.2163,-0.1187,0.2468,-1.3024,0.7264,0.2849,-0.1436,0.3190,1.0214
32.7009,-0.2797,0.7559,0.2170,-0.1190,0.2475,-1.3005,0.7256,0.2846,-0.1432,0.3186,1.0213
32.7099,-0.2779,0.7551,0.2164,-0.1185,0.2468,-1.2986,0.7247,0.2831,-0.1420,0.3168,1.0212
32.7102,-0.2761,0.7543,0.2164,-0.1185,0.2468,-1.2966,0.7239,0.2831,-0.1420,0.3168,1.0210
32.7306,-0.2741,0.7534,0.2160,-0.1175,0.2459,-1.2946,0.7230,0.2805,-0.1396,0.3133,1.0209
32.7310,-0.2722,0.7524,0.2161,-0.1172,0.2458,-1.2926,0.7220,0.2793,-0.1385,0.3118,1.0208
32.7501,-0.2705,0.7515,0.2166,-0.1170,0.2462,-1.2907,0.7213,0.2783,-0.1379,0.3105,1.0206
32.7504,-0.2686,0.7504,0.2166,-0.1170,0.2462,-1.2886,0.7205,0.2783,-0.1379,0.3105,1.0204
32.7601,-0.2670,0.7496,0.2168,-0.1164,0.2460,-1.2867,0.7198,0.2761,-0.1355,0.3075,1.0201
32.7605,-0.2652,0.7486,0.2168,-0.1164,0.2460,-1.2847,0.7190,0.2761,-0.1355,0.3075,1.0200
32.7804,-0.2634,0.7477,0.2167,-0.1159,0.2457,-1.2827,0.7182,0.2740,-0.1328,0.3045,1.0197
32.7808,-0.2616,0.7468,0.2168,-0.1158,0.2458,-1.2807,0.7173,0.2732,-0.1320,0.3034,1.0196
32.8002,-0.2598,0.7460,0.2167,-0.1155,0.2456,-1.2789,0.7164,0.2722,-0.1310,0.3020,1.0196
32.8005,-0.2581,0.7451,0.2167,-0.1155,0.2456,-1.2771,0.7156,0.2709,-0.1303,0.3006,1.0195
32.8101,-0.2561,0.7441,0.2164,-0.1152,0.2452,-1.2751,0.7147,0.2695,-0.1294,0.2990,1.0195
32.8104,-0.2542,0.7431,0.2168,-0.1151,0.2455,-1.2732,0.7138,0.2695,-0.1294,0.2990,1.0194
32.8304,-0.2524,0.7422,0.2168,-0.1149,0.2454,-1.2713,0.7130,0.2669,-0.1278,0.2959,1.0193
32.8308,-0.2505,0.7412,0.2168,-0.1149,0.2454,-1.2693,0.7122,0.2654,-0.1270,0.2942,1.0192
32.8403,-0.2487,0.7402,0.2170,-0.1144,0.2453,-1.2674,0.7114,0.2644,-0.1260,0.2929,1.0191
32.8407,-0.2468,0.7393,0.2170,-0.1144,0.2453,-1.2654,0.7106,0.2644,-0.1260,0.2929,1.0191
32.8604,-0.2452,0.7385,0.2169,-0.1144,0.2452,-1.2637,0.7098,0.2618,-0.1237,0.2895,1.0190
32.8608,-0.2434,0.7377,0.2169,-0.1144,0.2452,-1.2619,0.7091,0.2618,-0.1237,0.2895,1.0189
32.8803,-0.2415,0.7369,0.2163,-0.1135,0.2443,-1.2600,0.7083,0.2589,-0.1213,0.2859,1.0189
32.8805,-0.2396,0.7360,0.2165,-0.1130,0.2442,-1.2579,0.7076,0.2576,-0.1199,0.2841,1.0188
32.8903,-0.2377,0.7352,0.2172,-0.1129,0.2448,-1.2560,0.7069,0.2569,-0.1191,0.2832,1.0187
32.8908,-0.2358,0.7343,0.2172,-0.1129,0.2448,-1.2540,0.7062,0.2561,-0.1183,0.2821,1.0186
32.9105,-0.2340,0.7335,0.2178,-0.1123,0.2450,-1.2521,0.7056,0.2546,-0.1172,0.2802,1.0185
32.9109,-0.2318,0.7325,0.2178,-0.1123,0.2450,-1.2500,0.7048,0.2546,-0.1172,0.2802,1.0186
32.9302,-0.2301,0.7316,0.2187,-0.1121,0.2458,-1.2482,0.7041,0.2532,-0.1157,0.2784,1.0184
32.9305,-0.2284,0.7308,0.2187,-0.1121,0.2458,-1.2464,0.7034,0.2532,-0.1157,0.2784,1.0184
32.9401,-0.2266,0.7301,0.2180,-0.1117,0.2449,-1.2447,0.7027,0.2508,-0.1134,0.2753,1.0184
32.9602,-0.2247,0.7291,0.2179,-0.1114,0.2447,-1.2426,0.7020,0.2497,-0.1123,0.2738,1.0183
32.9609,-0.2231,0.7284,0.2179,-0.1114,0.2447,-1.2411,0.7014,0.2486,-0.1113,0.2724,1.0184
32.9702,-0.2213,0.7276,0.2177,-0.1104,0.2441,-1.2393,0.7009,0.2472,-0.1102,0.2706,1.0184
32.9705,-0.2194,0.7267,0.2175,-0.1100,0.2438,-1.2373,0.7002,0.2456,-0.1087,0.2686,1.0182
32.9902,-0.2177,0.7259,0.2176,-0.1099,0.2438,-1.2355,0.6997,0.2448,-0.1078,0.2675,1.0181
32.9905,-0.2158,0.7251,0.2178,-0.1097,0.2439,-1.2334,0.6990,0.2438,-0.1069,0.2662,1.0180
33.0001,-0.2141,0.7245,0.2179,-0.1092,0.2437,-1.2319,0.6985,0.2427,-0.1059,0.2648,1.0181
33.0006,-0.2121,0.7238,0.2180,-0.1086,0.2435,-1.2299,0.6978,0.2415,-0.1049,0.2633,1.0182
33.0203,-0.2102,0.7232,0.2185,-0.1079,0.2437,-1.2282,0.6972,0.2407,-0.1040,0.2622,1.0183
33.0207,-0.2082,0.7225,0.2185,-0.1079,0.2437,-1.2266,0.6965,0.2400,-0.1032,0.2612,1.0187
33.0405,-0.2062,0.7217,0.2193,-0.1066,0.2438,-1.2248,0.6957,0.2384,-0.1023,0.2594,1.0189
33.0408,-0.2043,0.7209,0.2193,-0.1066,0.2438,-1.2230,0.6951,0.2384,-0.1023,0.2594,1.0191
33.0499,-0.2023,0.7201,0.2202,-0.1059,0.2443,-1.2211,0.6944,0.2367,-0.1006,0.2572,1.0191
33.0505,-0.2005,0.7194,0.2202,-0.1059,0.2443,-1.2193,0.6939,0.2362,-0.0996,0.2564,1.0192
33.0700,-0.1983,0.7186,0.2200,-0.1050,0.2438,-1.2176,0.6933,0.2346,-0.0981,0.2543,1.0195
33.0704,-0.1966,0.7180,0.2200,-0.1050,0.2438,-1.2162,0.6928,0.2346,-0.0981,0.2543,1.0199
33.0896,-0.1945,0.7173,0.2206,-0.1044,0.2441,-1.2144,0.6921,0.2324,-0.0960,0.2515,1.0203
33.0899,-0.1945,0.7173,0.2206,-0.1044,0.2441,-1.2130,0.6916,0.2324,-0.0960,0.2515,1.0189
33.1001,-0.1908,0.7161,0.2208,-0.1031,0.2437,-1.2115,0.6910,0.2297,-0.0938,0.2481,1.0210
33.1006,-0.1890,0.7155,0.2208,-0.1031,0.2437,-1.2100,0.6905,0.2297,-0.0938,0.2481,1.0213
33.1203,-0.1869,0.7149,0.2213,-0.1014,0.2434,-1.2081,0.6899,0.2273,-0.0918,0.2451,1.0216
33.1208,-0.1849,0.7143,0.2213,-0.1014,0.2434,-1.2064,0.6893,0.2267,-0.0910,0.2443,1.0218
33.1403,-0.1827,0.7138,0.2225,-0.0997,0.2438,-1.2047,0.6888,0.2256,-0.0902,0.2430,1.0223
33.1408,-0.1805,0.7131,0.2234,-0.0990,0.2444,-1.2030,0.6882,0.2247,-0.0894,0.2419,1.0228
33.1497,-0.1785,0.7126,0.2240,-0.0984,0.2447,-1.2016,0.6877,0.2239,-0.0885,0.2407,1.0234
33.1501,-0.1766,0.7122,0.2240,-0.0984,0.2447,-1.2002,0.6872,0.2239,-0.0885,0.2407,1.0239
33.1702,-0.1745,0.7116,0.2243,-0.0966,0.2442,-1.1986,0.6866,0.2212,-0.0861,0.2373,1.0245
33.1707,-0.1723,0.7110,0.2243,-0.0966,0.2442,-1.1969,0.6859,0.2212,-0.0861,0.2373,1.0249
33.1800,-0.1705,0.7106,0.2257,-0.0952,0.2449,-1.1955,0.6854,0.2192,-0.0846,0.2349,1.0252
33.1805,-0.1685,0.7100,0.2257,-0.0952,0.2449,-1.1938,0.6848,0.2182,-0.0839,0.2338,1.0257
33.2009,-0.1667,0.7096,0.2259,-0.0934,0.2445,-1.1924,0.6843,0.2170,-0.0832,0.2324,1.0259
33.2013,-0.1647,0.7092,0.2259,-0.0926,0.2442,-1.1908,0.6838,0.2163,-0.0826,0.2316,1.0263
33.2203,-0.1625,0.7086,0.2263,-0.0919,0.2442,-1.1890,0.6832,0.2157,-0.0820,0.2307,1.0268
33.2207,-0.1605,0.7082,0.2271,-0.0913,0.2448,-1.1874,0.6827,0.2153,-0.0814,0.2302,1.0272
33.2300,-0.1584,0.7077,0.2272,-0.0904,0.2445,-1.1856,0.6822,0.2145,-0.0805,0.2291,1.0275
33.2305,-0.1564,0.7072,0.2272,-0.0904,0.2445,-1.1839,0.6817,0.2139,-0.0795,0.2282,1.0278
33.2500,-0.1544,0.7067,0.2282,-0.0886,0.2448,-1.1821,0.6812,0.2136,-0.0792,0.2278,1.0280
33.2502,-0.1526,0.7062,0.2282,-0.0886,0.2448,-1.1804,0.6806,0.2136,-0.0792,0.2278,1.0282
33.2700,-0.1506,0.7056,0.2288,-0.0868,0.2447,-1.1787,0.6800,0.2125,-0.0783,0.2265,1.0284
33.2702,-0.1487,0.7052,0.2288,-0.0868,0.2447,-1.1769,0.6795,0.2125,-0.0783,0.2265,1.0285
33.2798,-0.1468,0.7048,0.2294,-0.0851,0.2447,-1.1752,0.6789,0.2116,-0.0774,0.2253,1.0287
33.2801,-0.1450,0.7045,0.2294,-0.0851,0.2447,-1.1735,0.6785,0.2116,-0.0774,0.2253,1.0289
33.3001,-0.1430,0.7043,0.2296,-0.0828,0.2441,-1.1717,0.6780,0.2108,-0.0759,0.2241,1.0290
33.3004,-0.1410,0.7040,0.2301,-0.0817,0.2441,-1.1699,0.6775,0.2109,-0.0752,0.2239,1.0292
33.3201,-0.1391,0.7037,0.2301,-0.0803,0.2437,-1.1682,0.6771,0.2105,-0.0743,0.2232,1.0295
33.3299,-0.1367,0.7033,0.2302,-0.0787,0.2433,-1.1662,0.6765,0.2099,-0.0733,0.2223,1.0299
33.3302,-0.1348,0.7030,0.2302,-0.0787,0.2433,-1.1647,0.6761,0.2099,-0.0733,0.2223,1.0302
33.3400,-0.1328,0.7026,0.2313,-0.0764,0.2436,-1.1628,0.6756,0.2092,-0.0722,0.2213,1.0304
33.3403,-0.1311,0.7023,0.2313,-0.0764,0.2436,-1.1612,0.6752,0.2092,-0.0722,0.2213,1.0305
33.3602,-0.1292,0.7020,0.2314,-0.0740,0.2429,-1.1593,0.6747,0.2085,-0.0708,0.2202,1.0304
33.3605,-0.1273,0.7018,0.2314,-0.0740,0.2429,-1.1575,0.6742,0.2089,-0.0703,0.2204,1.0305
33.3803,-0.1252,0.7015,0.2321,-0.0719,0.2430,-1.1556,0.6736,0.2089,-0.0698,0.2202,1.0308
33.3807,-0.1231,0.7013,0.2321,-0.0719,0.2430,-1.1537,0.6731,0.2088,-0.0695,0.2201,1.0310
33.3901,-0.1211,0.7011,0.2330,-0.0694,0.2431,-1.1519,0.6726,0.2086,-0.0690,0.2197,1.0312
33.3904,-0.1187,0.7009,0.2330,-0.0694,0.2431,-1.1499,0.6720,0.2080,-0.0685,0.2190,1.0315
33.4103,-0.1168,0.7007,0.2341,-0.0668,0.2435,-1.1482,0.6716,0.2083,-0.0684,0.2192,1.0318
33.4106,-0.1148,0.7006,0.2341,-0.0668,0.2435,-1.1464,0.6712,0.2083,-0.0684,0.2192,1.0320
33.4301,-0.1129,0.7004,0.2341,-0.0639,0.2426,-1.1448,0.6708,0.2072,-0.0672,0.2178,1.0324
33.4305,-0.1109,0.7003,0.2341,-0.0639,0.2426,-1.1430,0.6703,0.2072,-0.0672,0.2178,1.0326
33.4399,-0.1090,0.7001,0.2351,-0.0612,0.2429,-1.1414,0.6698,0.2068,-0.0662,0.2171,1.0329
33.4402,-0.1069,0.7000,0.2351,-0.0612,0.2429,-1.1396,0.6694,0.2068,-0.0662,0.2171,1.0331
33.4603,-0.1049,0.7000,0.2355,-0.0581,0.2425,-1.1376,0.6689,0.2061,-0.0652,0.2162,1.0331
33.4608,-0.1028,0.6999,0.2355,-0.0581,0.2425,-1.1356,0.6685,0.2071,-0.0650,0.2171,1.0333
33.4702,-0.1008,0.6999,0.2370,-0.0553,0.2433,-1.1337,0.6681,0.2073,-0.0647,0.2172,1.0333
33.4705,-0.0990,0.6999,0.2370,-0.0553,0.2433,-1.1318,0.6677,0.2073,-0.0647,0.2172,1.0333
33.4900,-0.0968,0.6998,0.2374,-0.0521,0.2431,-1.1299,0.6673,0.2073,-0.0640,0.2170,1.0336
33.4903,-0.0949,0.6998,0.2374,-0.0521,0.2431,-1.1282,0.6669,0.2073,-0.0640,0.2170,1.0337
33.5103,-0.0927,0.6998,0.2383,-0.0494,0.2434,-1.1261,0.6664,0.2074,-0.0631,0.2168,1.0339
33.5106,-0.0909,0.6998,0.2386,-0.0480,0.2434,-1.1247,0.6660,0.2075,-0.0628,0.2168,1.0343
33.5200,-0.0888,0.6998,0.2387,-0.0468,0.2433,-1.1228,0.6656,0.2072,-0.0623,0.2163,1.0346
33.5205,-0.0866,0.6998,0.2387,-0.0468,0.2433,-1.1210,0.6652,0.2072,-0.0623,0.2163,1.0350
33.5401,-0.0846,0.6998,0.2393,-0.0438,0.2432,-1.1192,0.6648,0.2076,-0.0610,0.2164,1.0352
33.5406,-0.0824,0.6998,0.2393,-0.0438,0.2432,-1.1172,0.6643,0.2076,-0.0610,0.2164,1.0353
33.5606,-0.0806,0.6998,0.2396,-0.0406,0.2430,-1.1153,0.6639,0.2078,-0.0602,0.2164,1.0353
33.5608,-0.0785,0.6998,0.2396,-0.0406,0.2430,-1.1133,0.6634,0.2078,-0.0602,0.2164,1.0354
33.5701,-0.0764,0.6999,0.2397,-0.0376,0.2427,-1.1113,0.6630,0.2086,-0.0597,0.2170,1.0356
33.5706,-0.0743,0.6999,0.2397,-0.0376,0.2427,-1.1094,0.6625,0.2086,-0.0597,0.2170,1.0358
33.5902,-0.0721,0.7000,0.2405,-0.0348,0.2430,-1.1077,0.6621,0.2101,-0.0592,0.2183,1.0363
33.5905,-0.0701,0.7000,0.2405,-0.0348,0.2430,-1.1060,0.6617,0.2101,-0.0592,0.2183,1.0367
33.6105,-0.0679,0.7001,0.2415,-0.0321,0.2437,-1.1041,0.6612,0.2110,-0.0586,0.2190,1.0369
33.6108,-0.0659,0.7002,0.2421,-0.0308,0.2440,-1.1021,0.6608,0.2110,-0.0586,0.2190,1.0370
33.6202,-0.0638,0.7003,0.2421,-0.0294,0.2438,-1.1000,0.6602,0.2120,-0.0582,0.2199,1.0369
33.6206,-0.0619,0.7005,0.2422,-0.0279,0.2438,-1.0979,0.6599,0.2128,-0.0581,0.2206,1.0368
33.6398,-0.0599,0.7006,0.2415,-0.0266,0.2429,-1.0957,0.6594,0.2136,-0.0578,0.2213,1.0366
33.6401,-0.0579,0.7008,0.2415,-0.0266,0.2429,-1.0936,0.6590,0.2136,-0.0578,0.2213,1.0365
33.6602,-0.0558,0.7009,0.2413,-0.0238,0.2424,-1.0916,0.6587,0.2160,-0.0573,0.2235,1.0367
33.6605,-0.0538,0.7009,0.2413,-0.0238,0.2424,-1.0896,0.6583,0.2160,-0.0573,0.2235,1.0367
33.6704,-0.0515,0.7010,0.2413,-0.0214,0.2422,-1.0875,0.6578,0.2179,-0.0565,0.2252,1.0369
33.6709,-0.0495,0.7010,0.2415,-0.0201,0.2423,-1.0856,0.6574,0.2187,-0.0562,0.2258,1.0370
33.6902,-0.0474,0.7011,0.2421,-0.0191,0.2428,-1.0837,0.6570,0.2197,-0.0559,0.2267,1.0373
33.6904,-0.0450,0.7012,0.2421,-0.0178,0.2428,-1.0816,0.6566,0.2203,-0.0555,0.2271,1.0375
33.7007,-0.0429,0.7013,0.2434,-0.0168,0.2440,-1.0795,0.6563,0.2216,-0.0553,0.2284,1.0376
33.7010,-0.0407,0.7015,0.2436,-0.0157,0.2441,-1.0773,0.6561,0.2225,-0.0549,0.2292,1.0376
33.7202,-0.0387,0.7016,0.2436,-0.0143,0.2440,-1.0752,0.6559,0.2233,-0.0542,0.2298,1.0376
33.7205,-0.0366,0.7017,0.2437,-0.0131,0.2440,-1.0730,0.6556,0.2243,-0.0538,0.2307,1.0374
33.7406,-0.0346,0.7018,0.2436,-0.0119,0.2439,-1.0711,0.6555,0.2253,-0.0532,0.2315,1.0375
33.7500,-0.0323,0.7019,0.2436,-0.0108,0.2439,-1.0688,0.6552,0.2255,-0.0525,0.2316,1.0375
33.7502,-0.0304,0.7020,0.2436,-0.0108,0.2439,-1.0670,0.6550,0.2255,-0.0525,0.2316,1.0376
33.7601,-0.0283,0.7021,0.2442,-0.0084,0.2444,-1.0649,0.6547,0.2268,-0.0514,0.2326,1.0377
33.7605,-0.0263,0.7022,0.2442,-0.0084,0.2444,-1.0628,0.6545,0.2277,-0.0507,0.2333,1.0376
33.7800,-0.0242,0.7023,0.2449,-0.0060,0.2450,-1.0607,0.6543,0.2282,-0.0500,0.2336,1.0376
33.7803,-0.0220,0.7025,0.2449,-0.0060,0.2450,-1.0584,0.6541,0.2289,-0.0493,0.2341,1.0375
33.8000,-0.0199,0.7026,0.2460,-0.0041,0.2460,-1.0562,0.6540,0.2303,-0.0486,0.2354,1.0375
33.8003,-0.0177,0.7027,0.2460,-0.0041,0.2460,-1.0538,0.6539,0.2303,-0.0486,0.2354,1.0372
33.8103,-0.0135,0.7029,0.2466,-0.0026,0.2466,-1.0516,0.6538,0.2322,-0.0471,0.2369,1.0393
33.8105,-0.0135,0.7029,0.2466,-0.0026,0.2466,-1.0492,0.6537,0.2331,-0.0465,0.2377,1.0368
33.8301,-0.0116,0.7029,0.2463,-0.0009,0.2463,-1.0472,0.6536,0.2340,-0.0456,0.2384,1.0367
33.8306,-0.0094,0.7029,0.2463,-0.0009,0.2463,-1.0449,0.6535,0.2350,-0.0449,0.2393,1.0367
33.8504,-0.0074,0.7029,0.2467,0.0007,0.2467,-1.0430,0.6534,0.2357,-0.0442,0.2399,1.0368
33.8508,-0.0053,0.7029,0.2467,0.0007,0.2467,-1.0409,0.6533,0.2364,-0.0436,0.2404,1.0368
33.8602,-0.0029,0.7029,0.2479,0.0018,0.2479,-1.0384,0.6532,0.2369,-0.0428,0.2407,1.0367
33.8607,-0.0008,0.7029,0.2479,0.0018,0.2479,-1.0363,0.6532,0.2381,-0.0419,0.2418,1.0367
33.8804,0.0015,0.7029,0.2489,0.0027,0.2489,-1.0338,0.6531,0.2388,-0.0408,0.2422,1.0365
33.8808,0.0036,0.7029,0.2489,0.0027,0.2489,-1.0317,0.6530,0.2388,-0.0408,0.2422,1.0365
33.9005,0.0060,0.7029,0.2495,0.0034,0.2495,-1.0293,0.6530,0.2405,-0.0391,0.2436,1.0365
33.9008,0.0080,0.7029,0.2495,0.0034,0.2495,-1.0273,0.6529,0.2405,-0.0391,0.2436,1.0365
33.9099,0.0101,0.7030,0.2496,0.0043,0.2496,-1.0249,0.6528,0.2418,-0.0374,0.2447,1.0362
33.9102,0.0122,0.7031,0.2496,0.0043,0.2496,-1.0226,0.6527,0.2418,-0.0374,0.2447,1.0361
33.9306,0.0142,0.7032,0.2502,0.0053,0.2503,-1.0204,0.6527,0.2444,-0.0361,0.2470,1.0358
33.9309,0.0162,0.7033,0.2502,0.0053,0.2503,-1.0181,0.6527,0.2452,-0.0352,0.2477,1.0355
33.9399,0.0185,0.7035,0.2504,0.0063,0.2505,-1.0156,0.6526,0.2467,-0.0344,0.2491,1.0353
33.9401,0.0207,0.7037,0.2508,0.0068,0.2509,-1.0129,0.6526,0.2480,-0.0335,0.2503,1.0349
33.9604,0.0229,0.7038,0.2513,0.0074,0.2514,-1.0107,0.6525,0.2493,-0.0328,0.2515,1.0348
33.9607,0.0252,0.7040,0.2513,0.0078,0.2514,-1.0084,0.6525,0.2499,-0.0320,0.2519,1.0349
33.9803,0.0272,0.7042,0.2520,0.0083,0.2522,-1.0063,0.6525,0.2505,-0.0311,0.2525,1.0348
33.9806,0.0294,0.7044,0.2520,0.0083,0.2522,-1.0040,0.6525,0.2511,-0.0304,0.2529,1.0347
33.9898,0.0313,0.7046,0.2524,0.0092,0.2525,-1.0018,0.6525,0.2518,-0.0296,0.2535,1.0345
33.9901,0.0334,0.7049,0.2525,0.0096,0.2527,-0.9994,0.6525,0.2526,-0.0289,0.2543,1.0341
34.0104,0.0354,0.7051,0.2522,0.0102,0.2524,-0.9971,0.6524,0.2534,-0.0278,0.2550,1.0339
34.0107,0.0373,0.7052,0.2522,0.0102,0.2524,-0.9949,0.6524,0.2534,-0.0278,0.2550,1.0335
34.0301,0.0395,0.7054,0.2521,0.0109,0.2524,-0.9926,0.6524,0.2559,-0.0264,0.2572,1.0334
34.0304,0.0418,0.7055,0.2521,0.0109,0.2524,-0.9901,0.6524,0.2559,-0.0264,0.2572,1.0332
34.0405,0.0440,0.7057,0.2527,0.0115,0.2529,-0.9878,0.6523,0.2582,-0.0248,0.2594,1.0332
34.0408,0.0461,0.7059,0.2527,0.0115,0.2529,-0.9856,0.6523,0.2582,-0.0248,0.2594,1.0331
34.0600,0.0482,0.7063,0.2534,0.0122,0.2537,-0.9832,0.6522,0.2594,-0.0232,0.2604,1.0329
34.0604,0.0502,0.7066,0.2534,0.0122,0.2537,-0.9811,0.6522,0.2594,-0.0232,0.2604,1.0327
34.0800,0.0524,0.7071,0.2532,0.0134,0.2536,-0.9784,0.6522,0.2606,-0.0216,0.2614,1.0323
34.0806,0.0540,0.7074,0.2532,0.0134,0.2536,-0.9763,0.6521,0.2620,-0.0207,0.2628,1.0318
34.0901,0.0563,0.7078,0.2522,0.0148,0.2527,-0.9735,0.6522,0.2627,-0.0198,0.2635,1.0313
34.0905,0.0583,0.7081,0.2522,0.0148,0.2527,-0.9712,0.6522,0.2627,-0.0198,0.2635,1.0310
34.1107,0.0601,0.7084,0.2524,0.0160,0.2529,-0.9689,0.6522,0.2658,-0.0181,0.2664,1.0306
34.1110,0.0623,0.7088,0.2524,0.0160,0.2529,-0.9664,0.6524,0.2664,-0.0171,0.2670,1.0303
34.1302,0.0644,0.7092,0.2522,0.0169,0.2528,-0.9642,0.6527,0.2671,-0.0157,0.2676,1.0301
34.1305,0.0663,0.7096,0.2522,0.0169,0.2528,-0.9620,0.6529,0.2674,-0.0144,0.2678,1.0299
34.1400,0.0684,0.7101,0.2524,0.0179,0.2530,-0.9597,0.6532,0.2673,-0.0129,0.2676,1.0297
34.1404,0.0702,0.7106,0.2524,0.0179,0.2530,-0.9576,0.6534,0.2673,-0.0129,0.2676,1.0293
34.1604,0.0722,0.7112,0.2520,0.0194,0.2527,-0.9550,0.6538,0.2681,-0.0104,0.2683,1.0288
34.1608,0.0742,0.7117,0.2520,0.0205,0.2529,-0.9526,0.6541,0.2693,-0.0091,0.2694,1.0284
34.1802,0.0761,0.7122,0.2514,0.0215,0.2523,-0.9501,0.6545,0.2699,-0.0075,0.2700,1.0279
34.1805,0.0782,0.7128,0.2513,0.0224,0.2523,-0.9477,0.6551,0.2710,-0.0058,0.2710,1.0276
34.1905,0.0821,0.7137,0.2513,0.0233,0.2524,-0.9454,0.6555,0.2721,-0.0040,0.2721,1.0291
34.1908,0.0821,0.7137,0.2513,0.0233,0.2524,-0.9432,0.6559,0.2724,-0.0022,0.2724,1.0269
34.2103,0.0841,0.7142,0.2500,0.0247,0.2512,-0.9409,0.6563,0.2726,-0.0008,0.2726,1.0266
34.2108,0.0862,0.7148,0.2495,0.0255,0.2508,-0.9384,0.6567,0.2726,-0.0008,0.2726,1.0263
34.2308,0.0904,0.7160,0.2499,0.0275,0.2514,-0.9357,0.6572,0.2736,0.0016,0.2736,1.0278
34.2311,0.0904,0.7160,0.2499,0.0275,0.2514,-0.9335,0.6576,0.2746,0.0030,0.2746,1.0255
34.2398,0.0924,0.7165,0.2499,0.0283,0.2515,-0.9310,0.6582,0.2753,0.0043,0.2753,1.0250
34.2400,0.0943,0.7170,0.2494,0.0292,0.2511,-0.9286,0.6588,0.2753,0.0043,0.2753,1.0246
34.2601,0.0963,0.7176,0.2495,0.0301,0.2513,-0.9263,0.6595,0.2768,0.0077,0.2769,1.0243
34.2604,0.0984,0.7182,0.2492,0.0309,0.2511,-0.9239,0.6602,0.2771,0.0096,0.2773,1.0240
34.2700,0.1004,0.7188,0.2494,0.0320,0.2515,-0.9216,0.6609,0.2779,0.0115,0.2781,1.0236
34.2704,0.1024,0.7195,0.2494,0.0320,0.2515,-0.9191,0.6616,0.2779,0.0115,0.2781,1.0231
34.2901,0.1043,0.7201,0.2487,0.0340,0.2510,-0.9169,0.6622,0.2786,0.0149,0.2790,1.0228
34.2907,0.1061,0.7206,0.2487,0.0340,0.2510,-0.9148,0.6628,0.2787,0.0163,0.2792,1.0226
34.3103,0.1082,0.7212,0.2477,0.0359,0.2503,-0.9124,0.6633,0.2779,0.0177,0.2785,1.0222
34.3107,0.1103,0.7219,0.2477,0.0359,0.2503,-0.9100,0.6640,0.2786,0.0190,0.2792,1.0220
34.3301,0.1121,0.7225,0.2476,0.0382,0.2506,-0.9078,0.6646,0.2783,0.0206,0.2791,1.0215
34.3303,0.1141,0.7231,0.2474,0.0391,0.2504,-0.9053,0.6653,0.2783,0.0206,0.2791,1.0210
34.3399,0.1183,0.7245,0.2470,0.0417,0.2504,-0.9030,0.6660,0.2793,0.0237,0.2803,1.0229
34.3402,0.1183,0.7245,0.2470,0.0417,0.2504,-0.9006,0.6668,0.2799,0.0253,0.2811,1.0205
34.3602,0.1203,0.7253,0.2471,0.0431,0.2508,-0.8982,0.6676,0.2805,0.0269,0.2818,1.0201
34.3605,0.1222,0.7261,0.2471,0.0431,0.2508,-0.8960,0.6683,0.2805,0.0269,0.2818,1.0198
34.3800,0.1245,0.7269,0.2459,0.0463,0.2503,-0.8934,0.6691,0.2805,0.0302,0.2821,1.0196
34.3803,0.1264,0.7276,0.2459,0.0463,0.2503,-0.8912,0.6697,0.2805,0.0302,0.2821,1.0192
34.3906,0.1304,0.7289,0.2455,0.0495,0.2505,-0.8887,0.6705,0.2811,0.0333,0.2830,1.0208
34.3908,0.1304,0.7289,0.2455,0.0495,0.2505,-0.8863,0.6712,0.2812,0.0350,0.2834,1.0183
34.4102,0.1325,0.7296,0.2448,0.0520,0.2502,-0.8836,0.6722,0.2820,0.0366,0.2844,1.0177
34.4106,0.1344,0.7303,0.2448,0.0520,0.2502,-0.8813,0.6730,0.2826,0.0388,0.2853,1.0173
34.4303,0.1362,0.7308,0.2444,0.0544,0.2503,-0.8789,0.6739,0.2828,0.0406,0.2857,1.0167
34.4305,0.1383,0.7316,0.2440,0.0553,0.2502,-0.8762,0.6749,0.2828,0.0406,0.2857,1.0162
34.4397,0.1404,0.7324,0.2442,0.0566,0.2507,-0.8739,0.6757,0.2836,0.0444,0.2871,1.0159
34.4400,0.1425,0.7332,0.2442,0.0566,0.2507,-0.8714,0.6765,0.2836,0.0444,0.2871,1.0154
34.4604,0.1445,0.7339,0.2435,0.0590,0.2505,-0.8690,0.6773,0.2831,0.0479,0.2871,1.0150
34.4607,0.1468,0.7348,0.2432,0.0602,0.2505,-0.8664,0.6783,0.2833,0.0496,0.2877,1.0148
34.4702,0.1487,0.7356,0.2433,0.0615,0.2509,-0.8641,0.6792,0.2840,0.0516,0.2886,1.0143
34.4705,0.1506,0.7364,0.2433,0.0615,0.2509,-0.8618,0.6801,0.2840,0.0516,0.2886,1.0139
34.4903,0.1523,0.7372,0.2424,0.0640,0.2507,-0.8595,0.6810,0.2844,0.0552,0.2897,1.0134
34.4906,0.1541,0.7380,0.2424,0.0640,0.2507,-0.8571,0.6819,0.2844,0.0552,0.2897,1.0128
34.5103,0.1561,0.7388,0.2415,0.0662,0.2504,-0.8544,0.6828,0.2846,0.0588,0.2906,1.0121
34.5106,0.1582,0.7397,0.2415,0.0662,0.2504,-0.8519,0.6838,0.2846,0.0588,0.2906,1.0116
34.5197,0.1602,0.7404,0.2418,0.0689,0.2515,-0.8493,0.6848,0.2860,0.0627,0.2928,1.0110
34.5201,0.1620,0.7411,0.2418,0.0689,0.2515,-0.8470,0.6857,0.2860,0.0627,0.2928,1.0106
34.5401,0.1641,0.7419,0.2405,0.0712,0.2508,-0.8445,0.6867,0.2861,0.0666,0.2937,1.0101
34.5405,0.1659,0.7426,0.2405,0.0712,0.2508,-0.8421,0.6878,0.2861,0.0666,0.2937,1.0095
34.5600,0.1680,0.7435,0.2397,0.0733,0.2506,-0.8397,0.6888,0.2870,0.0711,0.2957,1.0092
34.5604,0.1698,0.7443,0.2397,0.0733,0.2506,-0.8375,0.6897,0.2870,0.0733,0.2962,1.0087
34.5701,0.1720,0.7453,0.2392,0.0754,0.2508,-0.8348,0.6908,0.2872,0.0750,0.2968,1.0083
34.5705,0.1740,0.7461,0.2392,0.0754,0.2508,-0.8326,0.6915,0.2872,0.0750,0.2968,1.0080
34.5904,0.1760,0.7470,0.2399,0.0776,0.2521,-0.8301,0.6924,0.2875,0.0788,0.2981,1.0076
34.5907,0.1782,0.7480,0.2399,0.0776,0.2521,-0.8275,0.6934,0.2875,0.0788,0.2981,1.0072
34.6101,0.1802,0.7488,0.2399,0.0797,0.2528,-0.8252,0.6942,0.2873,0.0824,0.2989,1.0069
34.6105,0.1824,0.7497,0.2399,0.0797,0.2528,-0.8226,0.6953,0.2873,0.0824,0.2989,1.0065
34.6196,0.1842,0.7504,0.2402,0.0818,0.2538,-0.8204,0.6961,0.2876,0.0857,0.3001,1.0061
34.6199,0.1842,0.7504,0.2402,0.0818,0.2538,-0.8179,0.6971,0.2876,0.0868,0.3004,1.0035
34.6401,0.1881,0.7522,0.2400,0.0835,0.2541,-0.8156,0.6980,0.2883,0.0884,0.3015,1.0052
34.6405,0.1901,0.7531,0.2400,0.0835,0.2541,-0.8133,0.6991,0.2881,0.0896,0.3018,1.0049
34.6602,0.1921,0.7540,0.2398,0.0850,0.2544,-0.8109,0.7002,0.2885,0.0912,0.3026,1.0045
34.6606,0.1941,0.7548,0.2398,0.0850,0.2544,-0.8086,0.7013,0.2885,0.0912,0.3026,1.0041
34.6800,0.1961,0.7558,0.2398,0.0862,0.2549,-0.8061,0.7025,0.2880,0.0944,0.3031,1.0037
34.6802,0.1982,0.7566,0.2398,0.0862,0.2549,-0.8038,0.7035,0.2880,0.0944,0.3031,1.0034
34.6901,0.2004,0.7577,0.2398,0.0878,0.2554,-0.8013,0.7047,0.2877,0.0969,0.3036,1.0030
34.6906,0.2022,0.7585,0.2398,0.0878,0.2554,-0.7992,0.7056,0.2877,0.0969,0.3036,1.0027
34.7105,0.2044,0.7596,0.2402,0.0897,0.2564,-0.7966,0.7068,0.2880,0.0994,0.3047,1.0024
34.7108,0.2062,0.7604,0.2407,0.0908,0.2572,-0.7943,0.7078,0.2886,0.1011,0.3057,1.0020
34.7204,0.2083,0.7614,0.2401,0.0913,0.2569,-0.7920,0.7089,0.2882,0.1022,0.3058,1.0017
34.7207,0.2103,0.7621,0.2401,0.0913,0.2569,-0.7897,0.7100,0.2882,0.1022,0.3058,1.0014
34.7406,0.2125,0.7631,0.2399,0.0923,0.2570,-0.7874,0.7112,0.2875,0.1046,0.3059,1.0013
34.7411,0.2125,0.7631,0.2399,0.0923,0.2570,-0.7851,0.7124,0.2872,0.1059,0.3061,0.9989
34.7604,0.2165,0.7649,0.2404,0.0939,0.2581,-0.7828,0.7136,0.2870,0.1072,0.3064,1.0007
34.7609,0.2184,0.7658,0.2404,0.0939,0.2581,-0.7807,0.7147,0.2869,0.1082,0.3066,1.0004
34.7705,0.2202,0.7667,0.2399,0.0952,0.2581,-0.7786,0.7159,0.2863,0.1090,0.3063,1.0001
34.7709,0.2221,0.7676,0.2396,0.0958,0.2580,-0.7764,0.7171,0.2860,0.1099,0.3064,0.9998
34.7904,0.2240,0.7685,0.2395,0.0962,0.2581,-0.7742,0.7182,0.2854,0.1111,0.3062,0.9995
34.7909,0.2260,0.7694,0.2395,0.0967,0.2583,-0.7717,0.7194,0.2853,0.1121,0.3066,0.9990
34.8001,0.2278,0.7701,0.2397,0.0975,0.2588,-0.7695,0.7203,0.2861,0.1132,0.3077,0.9986
34.8004,0.2300,0.7710,0.2393,0.0978,0.2585,-0.7670,0.7213,0.2861,0.1132,0.3077,0.9982
34.8200,0.2318,0.7718,0.2394,0.0981,0.2587,-0.7647,0.7223,0.2861,0.1146,0.3082,0.9977
34.8203,0.2338,0.7727,0.2394,0.0981,0.2587,-0.7624,0.7235,0.2861,0.1146,0.3082,0.9974
34.8403,0.2358,0.7736,0.2395,0.0992,0.2592,-0.7599,0.7247,0.2859,0.1162,0.3086,0.9969
34.8405,0.2377,0.7746,0.2393,0.0998,0.2593,-0.7577,0.7261,0.2862,0.1174,0.3093,0.9966
34.8502,0.2397,0.7756,0.2387,0.1002,0.2589,-0.7554,0.7274,0.2858,0.1186,0.3094,0.9963
34.8505,0.2416,0.7766,0.2387,0.1002,0.2589,-0.7533,0.7286,0.2856,0.1197,0.3097,0.9960
34.8704,0.2436,0.7776,0.2388,0.1010,0.2593,-0.7510,0.7298,0.2855,0.1208,0.3099,0.9958
34.8709,0.2453,0.7784,0.2388,0.1010,0.2593,-0.7491,0.7308,0.2855,0.1208,0.3099,0.9956
34.8901,0.2474,0.7794,0.2378,0.1016,0.2586,-0.7468,0.7320,0.2841,0.1221,0.3092,0.9954
34.8904,0.2492,0.7801,0.2378,0.1021,0.2588,-0.7448,0.7331,0.2838,0.1231,0.3093,0.9951
34.9105,0.2511,0.7810,0.2376,0.1025,0.2588,-0.7426,0.7342,0.2829,0.1237,0.3088,0.9948
34.9108,0.2531,0.7820,0.2376,0.1025,0.2588,-0.7403,0.7353,0.2821,0.1240,0.3081,0.9945
34.9201,0.2551,0.7830,0.2374,0.1035,0.2590,-0.7381,0.7364,0.2819,0.1245,0.3081,0.9943
34.9204,0.2570,0.7840,0.2374,0.1035,0.2590,-0.7359,0.7375,0.2816,0.1250,0.3081,0.9940
34.9402,0.2588,0.7850,0.2373,0.1048,0.2594,-0.7338,0.7386,0.2807,0.1253,0.3074,0.9937
34.9405,0.2608,0.7861,0.2373,0.1048,0.2594,-0.7316,0.7399,0.2807,0.1253,0.3074,0.9935
34.9499,0.2627,0.7870,0.2367,0.1058,0.2592,-0.7295,0.7410,0.2796,0.1267,0.3069,0.9932
34.9502,0.2647,0.7879,0.2367,0.1058,0.2592,-0.7273,0.7422,0.2796,0.1267,0.3069,0.9930
34.9702,0.2664,0.7889,0.2357,0.1063,0.2586,-0.7252,0.7434,0.2783,0.1278,0.3062,0.9927
34.9705,0.2685,0.7901,0.2355,0.1067,0.2585,-0.7229,0.7446,0.2778,0.1284,0.3060,0.9924
34.9903,0.2702,0.7911,0.2357,0.1073,0.2590,-0.7208,0.7456,0.2778,0.1290,0.3063,0.9920
34.9906,0.2719,0.7922,0.2357,0.1073,0.2590,-0.7187,0.7467,0.2778,0.1290,0.3063,0.9917
35.0001,0.2739,0.7933,0.2357,0.1084,0.2594,-0.7166,0.7480,0.2768,0.1297,0.3057,0.9915
35.0006,0.2758,0.7942,0.2357,0.1084,0.2594,-0.7147,0.7491,0.2756,0.1302,0.3048,0.9915
35.0201,0.2776,0.7951,0.2351,0.1091,0.2592,-0.7129,0.7503,0.2742,0.1307,0.3038,0.9916
35.0204,0.2795,0.7960,0.2351,0.1091,0.2592,-0.7109,0.7515,0.2742,0.1307,0.3038,0.9914
35.0401,0.2817,0.7971,0.2350,0.1097,0.2593,-0.7086,0.7526,0.2723,0.1316,0.3024,0.9913
35.0405,0.2836,0.7981,0.2350,0.1097,0.2593,-0.7064,0.7535,0.2723,0.1316,0.3024,0.9910
35.0501,0.2855,0.7992,0.2353,0.1109,0.2601,-0.7041,0.7544,0.2715,0.1314,0.3016,0.9907
35.0505,0.2876,0.8002,0.2353,0.1109,0.2601,-0.7021,0.7553,0.2715,0.1314,0.3016,0.9907
35.0703,0.2895,0.8013,0.2356,0.1118,0.2607,-0.7001,0.7564,0.2707,0.1313,0.3008,0.9906
35.0706,0.2915,0.8024,0.2350,0.1119,0.2602,-0.6981,0.7575,0.2695,0.1313,0.2998,0.9906
35.0799,0.2934,0.8035,0.2350,0.1126,0.2606,-0.6962,0.7587,0.2689,0.1320,0.2995,0.9906
35.0900,0.2953,0.8046,0.2347,0.1131,0.2605,-0.6942,0.7599,0.2679,0.1326,0.2989,0.9905
35.0905,0.2972,0.8057,0.2341,0.1133,0.2601,-0.6922,0.7611,0.2666,0.1330,0.2979,0.9904
35.1103,0.2992,0.8070,0.2339,0.1139,0.2601,-0.6900,0.7623,0.2660,0.1337,0.2977,0.9902
35.1107,0.3010,0.8079,0.2336,0.1145,0.2601,-0.6882,0.7633,0.2660,0.1337,0.2977,0.9902
35.1302,0.3031,0.8091,0.2335,0.1150,0.2603,-0.6861,0.7644,0.2643,0.1343,0.2965,0.9902
35.1306,0.3048,0.8101,0.2335,0.1156,0.2605,-0.6844,0.7653,0.2636,0.1346,0.2960,0.9902
35.1401,0.3067,0.8112,0.2333,0.1159,0.2605,-0.6824,0.7664,0.2624,0.1346,0.2950,0.9902
35.1405,0.3085,0.8122,0.2333,0.1159,0.2605,-0.6805,0.7676,0.2624,0.1346,0.2950,0.9901
35.1601,0.3102,0.8131,0.2328,0.1166,0.2603,-0.6789,0.7686,0.2607,0.1348,0.2935,0.9901
35.1605,0.3121,0.8141,0.2328,0.1166,0.2603,-0.6769,0.7698,0.2607,0.1348,0.2935,0.9900
35.1802,0.3139,0.8151,0.2319,0.1167,0.2596,-0.6751,0.7708,0.2583,0.1346,0.2913,0.9900
35.1807,0.3158,0.8163,0.2319,0.1167,0.2596,-0.6733,0.7720,0.2574,0.1347,0.2905,0.9901
35.1899,0.3174,0.8174,0.2309,0.1173,0.2590,-0.6717,0.7730,0.2559,0.1346,0.2892,0.9902
35.2007,0.3212,0.8198,0.2305,0.1176,0.2588,-0.6698,0.7742,0.2549,0.1348,0.2883,0.9920
35.2009,0.3212,0.8198,0.2305,0.1176,0.2588,-0.6682,0.7752,0.2536,0.1349,0.2873,0.9904
35.2203,0.3232,0.8211,0.2298,0.1188,0.2587,-0.6663,0.7764,0.2522,0.1348,0.2860,0.9905
35.2207,0.3250,0.8222,0.2299,0.1195,0.2591,-0.6646,0.7775,0.2514,0.1351,0.2854,0.9906
35.2401,0.3267,0.8232,0.2294,0.1201,0.2589,-0.6629,0.7786,0.2502,0.1350,0.2843,0.9907
35.2404,0.3287,0.8243,0.2284,0.1202,0.2581,-0.6611,0.7799,0.2489,0.1348,0.2831,0.9908
35.2501,0.3305,0.8253,0.2283,0.1206,0.2582,-0.6593,0.7810,0.2480,0.1349,0.2824,0.9908
35.2504,0.3325,0.8264,0.2283,0.1206,0.2582,-0.6572,0.7823,0.2480,0.1349,0.2824,0.9908
35.2702,0.3343,0.8274,0.2283,0.1214,0.2585,-0.6555,0.7834,0.2470,0.1351,0.2815,0.9908
35.2706,0.3363,0.8286,0.2283,0.1214,0.2585,-0.6535,0.7846,0.2470,0.1351,0.2815,0.9908
35.2805,0.3379,0.8295,0.2283,0.1220,0.2589,-0.6519,0.7856,0.2458,0.1349,0.2804,0.9907
35.2810,0.3398,0.8307,0.2283,0.1220,0.2589,-0.6500,0.7869,0.2458,0.1349,0.2804,0.9907
35.3000,0.3414,0.8317,0.2276,0.1227,0.2586,-0.6483,0.7881,0.2435,0.1352,0.2785,0.9907
35.3003,0.3432,0.8329,0.2276,0.1227,0.2586,-0.6464,0.7894,0.2425,0.1356,0.2778,0.9906
35.3204,0.3448,0.8339,0.2265,0.1237,0.2581,-0.6449,0.7906,0.2411,0.1361,0.2769,0.9906
35.3209,0.3466,0.8351,0.2265,0.1237,0.2581,-0.6430,0.7918,0.2397,0.1367,0.2760,0.9905
35.3400,0.3484,0.8364,0.2256,0.1249,0.2578,-0.6412,0.7929,0.2388,0.1366,0.2751,0.9906
35.3403,0.3500,0.8375,0.2253,0.1255,0.2579,-0.6398,0.7939,0.2373,0.1363,0.2737,0.9907
35.3504,0.3519,0.8388,0.2247,0.1258,0.2575,-0.6380,0.7952,0.2359,0.1357,0.2721,0.9908
35.3507,0.3535,0.8401,0.2247,0.1258,0.2575,-0.6364,0.7964,0.2348,0.1356,0.2711,0.9908
35.3701,0.3551,0.8415,0.2237,0.1270,0.2572,-0.6346,0.7979,0.2338,0.1355,0.2702,0.9906
35.3704,0.3563,0.8429,0.2237,0.1270,0.2572,-0.6330,0.7991,0.2330,0.1361,0.2698,0.9903
35.3799,0.3570,0.8443,0.2220,0.1289,0.2567,-0.6312,0.8004,0.2322,0.1366,0.2694,0.9892
35.3803,0.3572,0.8453,0.2191,0.1298,0.2547,-0.6298,0.8014,0.2312,0.1368,0.2686,0.9879
35.4001,0.3571,0.8468,0.2160,0.1304,0.2523,-0.6279,0.8028,0.2301,0.1367,0.2676,0.9860
35.4003,0.3569,0.8482,0.2160,0.1304,0.2523,-0.6261,0.8041,0.2301,0.1367,0.2676,0.9840
35.4203,0.3563,0.8498,0.2077,0.1323,0.2462,-0.6243,0.8057,0.2284,0.1376,0.2667,0.9816
35.4206,0.3554,0.8511,0.2077,0.1323,0.2462,-0.6225,0.8069,0.2284,0.1376,0.2667,0.9789
35.4303,0.3549,0.8522,0.1969,0.1341,0.2382,-0.6209,0.8082,0.2268,0.1388,0.2659,0.9768
35.4305,0.3548,0.8535,0.1969,0.1341,0.2382,-0.6190,0.8097,0.2268,0.1388,0.2659,0.9748
35.4502,0.3550,0.8543,0.1880,0.1349,0.2314,-0.6174,0.8110,0.2251,0.1397,0.2649,0.9733
35.4504,0.3553,0.8551,0.1846,0.1348,0.2285,-0.6155,0.8124,0.2242,0.1400,0.2643,0.9718
35.4700,0.3561,0.8556,0.1813,0.1344,0.2257,-0.6140,0.8135,0.2235,0.1405,0.2640,0.9710
35.4704,0.3575,0.8563,0.1813,0.1344,0.2257,-0.6119,0.8149,0.2224,0.1404,0.2630,0.9703
35.4800,0.3588,0.8567,0.1782,0.1324,0.2219,-0.6100,0.8161,0.2220,0.1408,0.2628,0.9697
35.4804,0.3588,0.8567,0.1782,0.1324,0.2219,-0.6083,0.8173,0.2220,0.1408,0.2628,0.9679
35.5003,0.3614,0.8577,0.1762,0.1300,0.2190,-0.6065,0.8185,0.2208,0.1412,0.2621,0.9686
35.5006,0.3627,0.8583,0.1762,0.1300,0.2190,-0.6047,0.8199,0.2208,0.1412,0.2621,0.9682
35.5100,0.3640,0.8593,0.1740,0.1282,0.2161,-0.6029,0.8214,0.2201,0.1414,0.2616,0.9677
35.5103,0.3649,0.8603,0.1740,0.1282,0.2161,-0.6013,0.8228,0.2201,0.1414,0.2616,0.9669
35.5303,0.3657,0.8612,0.1708,0.1286,0.2138,-0.5997,0.8243,0.2192,0.1427,0.2616,0.9661
35.5306,0.3663,0.8622,0.1708,0.1286,0.2138,-0.5982,0.8256,0.2192,0.1427,0.2616,0.9652
35.5500,0.3670,0.8632,0.1655,0.1282,0.2093,-0.5966,0.8270,0.2164,0.1443,0.2601,0.9643
35.5504,0.3678,0.8643,0.1655,0.1282,0.2093,-0.5949,0.8284,0.2164,0.1443,0.2601,0.9634
35.5699,0.3688,0.8654,0.1605,0.1282,0.2054,-0.5932,0.8298,0.2144,0.1461,0.2594,0.9627
35.5703,0.3701,0.8667,0.1605,0.1282,0.2054,-0.5913,0.8315,0.2144,0.1461,0.2594,0.9621
35.5800,0.3712,0.8678,0.1572,0.1287,0.2031,-0.5898,0.8328,0.2136,0.1480,0.2598,0.9616
35.5804,0.3726,0.8690,0.1572,0.1287,0.2031,-0.5881,0.8343,0.2127,0.1482,0.2593,0.9613
35.6003,0.3739,0.8701,0.1546,0.1287,0.2012,-0.5866,0.8358,0.2122,0.1489,0.2593,0.9612
35.6007,0.3753,0.8714,0.1546,0.1287,0.2012,-0.5851,0.8374,0.2122,0.1489,0.2593,0.9610
35.6101,0.3763,0.8725,0.1521,0.1289,0.1994,-0.5838,0.8388,0.2097,0.1502,0.2580,0.9607
35.6200,0.3774,0.8739,0.1506,0.1292,0.1984,-0.5822,0.8404,0.2089,0.1510,0.2577,0.9603
35.6205,0.3780,0.8749,0.1487,0.1296,0.1972,-0.5812,0.8416,0.2076,0.1520,0.2574,0.9597
35.6402,0.3787,0.8763,0.1465,0.1296,0.1956,-0.5796,0.8433,0.2065,0.1526,0.2568,0.9588
35.6406,0.3791,0.8774,0.1465,0.1296,0.1956,-0.5782,0.8447,0.2065,0.1526,0.2568,0.9578
35.6602,0.3795,0.8786,0.1411,0.1304,0.1921,-0.5766,0.8462,0.2047,0.1542,0.2563,0.9566
35.6606,0.3798,0.8799,0.1411,0.1304,0.1921,-0.5751,0.8476,0.2047,0.1542,0.2563,0.9554
35.6700,0.3803,0.8812,0.1355,0.1314,0.1888,-0.5735,0.8491,0.2038,0.1557,0.2565,0.9543
35.6702,0.3809,0.8826,0.1328,0.1321,0.1873,-0.5720,0.8506,0.2038,0.1557,0.2565,0.9534
35.6903,0.3817,0.8838,0.1302,0.1326,0.1859,-0.5705,0.8520,0.2027,0.1572,0.2565,0.9528
35.6907,0.3829,0.8851,0.1302,0.1326,0.1859,-0.5690,0.8536,0.2027,0.1572,0.2565,0.9524
35.7003,0.3841,0.8862,0.1268,0.1327,0.1836,-0.5677,0.8549,0.2016,0.1586,0.2565,0.9523
35.7007,0.3854,0.8873,0.1258,0.1327,0.1829,-0.5663,0.8565,0.2011,0.1595,0.2566,0.9522
35.7202,0.3867,0.8882,0.1244,0.1323,0.1816,-0.5650,0.8579,0.2000,0.1601,0.2562,0.9522
35.7206,0.3880,0.8894,0.1244,0.1323,0.1816,-0.5638,0.8594,0.2000,0.1601,0.2562,0.9523
35.7403,0.3891,0.8906,0.1226,0.1324,0.1804,-0.5626,0.8608,0.1983,0.1617,0.2559,0.9521
35.7412,0.3898,0.8919,0.1207,0.1325,0.1793,-0.5612,0.8624,0.1971,0.1620,0.2551,0.9514
35.7604,0.3901,0.8932,0.1185,0.1331,0.1782,-0.5599,0.8638,0.1962,0.1626,0.2549,0.9504
35.7607,0.3901,0.8947,0.1151,0.1335,0.1763,-0.5585,0.8653,0.1948,0.1630,0.2540,0.9491
35.7703,0.3900,0.8959,0.1116,0.1346,0.1748,-0.5574,0.8667,0.1939,0.1639,0.2539,0.9479
35.7708,0.3898,0.8972,0.1116,0.1346,0.1748,-0.5562,0.8682,0.1922,0.1642,0.2528,0.9465
35.7903,0.3896,0.8984,0.1039,0.1353,0.1706,-0.5550,0.8697,0.1914,0.1652,0.2528,0.9450
35.7908,0.3892,0.8995,0.1039,0.1353,0.1706,-0.5539,0.8711,0.1900,0.1655,0.2520,0.9435
35.7999,0.3890,0.9007,0.0955,0.1356,0.1659,-0.5527,0.8727,0.1888,0.1660,0.2514,0.9421
35.8001,0.3891,0.9017,0.0955,0.1356,0.1659,-0.5517,0.8741,0.1888,0.1660,0.2514,0.9412
35.8208,0.3893,0.9026,0.0884,0.1356,0.1619,-0.5508,0.8753,0.1862,0.1669,0.2501,0.9405
35.8213,0.3906,0.9035,0.0884,0.1356,0.1619,-0.5497,0.8768,0.1844,0.1672,0.2489,0.9406
35.8400,0.3920,0.9041,0.0843,0.1342,0.1585,-0.5485,0.8782,0.1831,0.1677,0.2483,0.9409
35.8403,0.3935,0.9047,0.0843,0.1342,0.1585,-0.5474,0.8797,0.1831,0.1677,0.2483,0.9413
35.8500,0.3948,0.9052,0.0832,0.1318,0.1559,-0.5465,0.8810,0.1811,0.1690,0.2477,0.9416
35.8601,0.3961,0.9060,0.0827,0.1303,0.1544,-0.5453,0.8827,0.1798,0.1693,0.2470,0.9418
35.8604,0.3969,0.9067,0.0820,0.1289,0.1528,-0.5445,0.8839,0.1784,0.1696,0.2462,0.9417
35.8804,0.3976,0.9079,0.0812,0.1277,0.1514,-0.5436,0.8855,0.1770,0.1697,0.2452,0.9415
35.8808,0.3981,0.9090,0.0813,0.1272,0.1510,-0.5429,0.8869,0.1770,0.1697,0.2452,0.9412
35.9005,0.3986,0.9103,0.0819,0.1272,0.1513,-0.5419,0.8883,0.1738,0.1709,0.2437,0.9408
35.9008,0.3990,0.9115,0.0830,0.1270,0.1517,-0.5412,0.8896,0.1719,0.1711,0.2425,0.9404
35.9101,0.3993,0.9128,0.0841,0.1266,0.1520,-0.5403,0.8910,0.1699,0.1710,0.2411,0.9398
35.9105,0.3998,0.9143,0.0841,0.1266,0.1520,-0.5392,0.8925,0.1699,0.1710,0.2411,0.9392
35.9303,0.4004,0.9155,0.0887,0.1264,0.1544,-0.5383,0.8938,0.1666,0.1711,0.2388,0.9390
35.9308,0.4015,0.9170,0.0887,0.1264,0.1544,-0.5373,0.8952,0.1652,0.1712,0.2379,0.9391
35.9398,0.4027,0.9181,0.0934,0.1270,0.1576,-0.5365,0.8964,0.1635,0.1711,0.2366,0.9394
35.9601,0.4042,0.9196,0.0954,0.1276,0.1593,-0.5354,0.8979,0.1619,0.1708,0.2353,0.9399
35.9605,0.4051,0.9204,0.0978,0.1290,0.1618,-0.5348,0.8990,0.1602,0.1710,0.2343,0.9401
35.9699,0.4064,0.9216,0.0980,0.1296,0.1625,-0.5339,0.9005,0.1585,0.1709,0.2331,0.9405
35.9704,0.4076,0.9229,0.0980,0.1296,0.1625,-0.5331,0.9018,0.1561,0.1710,0.2315,0.9409
35.9901,0.4087,0.9242,0.0977,0.1323,0.1645,-0.5323,0.9032,0.1539,0.1714,0.2304,0.9412
35.9906,0.4098,0.9257,0.0977,0.1323,0.1645,-0.5316,0.9047,0.1519,0.1718,0.2294,0.9416
35.9998,0.4107,0.9270,0.0968,0.1361,0.1670,-0.5309,0.9059,0.1499,0.1723,0.2284,0.9419
36.0001,0.4115,0.9282,0.0959,0.1374,0.1676,-0.5303,0.9072,0.1476,0.1722,0.2268,0.9421
36.0203,0.4124,0.9294,0.0950,0.1379,0.1674,-0.5297,0.9085,0.1452,0.1715,0.2247,0.9423
36.0206,0.4134,0.9308,0.0950,0.1379,0.1674,-0.5289,0.9100,0.1452,0.1715,0.2247,0.9425
36.0403,0.4144,0.9321,0.0955,0.1392,0.1688,-0.5282,0.9113,0.1416,0.1715,0.2224,0.9428
36.0406,0.4153,0.9333,0.0955,0.1392,0.1688,-0.5276,0.9125,0.1416,0.1715,0.2224,0.9431
36.0502,0.4163,0.9347,0.0966,0.1403,0.1703,-0.5269,0.9137,0.1380,0.1710,0.2197,0.9435
36.0505,0.4175,0.9362,0.0966,0.1403,0.1703,-0.5263,0.9150,0.1380,0.1710,0.2197,0.9440
36.0706,0.4186,0.9377,0.0974,0.1416,0.1719,-0.5257,0.9161,0.1339,0.1703,0.2166,0.9445
36.0710,0.4201,0.9393,0.0974,0.1416,0.1719,-0.5249,0.9175,0.1313,0.1692,0.2142,0.9452
36.0900,0.4211,0.9406,0.0978,0.1431,0.1733,-0.5244,0.9186,0.1298,0.1694,0.2134,0.9458
36.0902,0.4223,0.9423,0.0978,0.1431,0.1733,-0.5238,0.9198,0.1275,0.1685,0.2113,0.9464
36.1001,0.4233,0.9440,0.0968,0.1444,0.1739,-0.5232,0.9211,0.1257,0.1681,0.2099,0.9468
36.1004,0.4240,0.9457,0.0961,0.1453,0.1742,-0.5227,0.9222,0.1238,0.1673,0.2081,0.9470
36.1206,0.4248,0.9477,0.0955,0.1464,0.1748,-0.5221,0.9236,0.1223,0.1669,0.2069,0.9472
36.1210,0.4255,0.9494,0.0955,0.1464,0.1748,-0.5217,0.9247,0.1223,0.1669,0.2069,0.9475
36.1403,0.4264,0.9513,0.0949,0.1491,0.1767,-0.5212,0.9258,0.1190,0.1660,0.2042,0.9479
36.1407,0.4275,0.9533,0.0954,0.1500,0.1778,-0.5207,0.9269,0.1168,0.1651,0.2022,0.9486
36.1502,0.4284,0.9550,0.0968,0.1517,0.1799,-0.5203,0.9279,0.1149,0.1646,0.2007,0.9491
36.1507,0.4295,0.9570,0.0968,0.1517,0.1799,-0.5197,0.9289,0.1126,0.1635,0.1985,0.9497
36.1703,0.4306,0.9588,0.0994,0.1543,0.1835,-0.5193,0.9298,0.1106,0.1626,0.1967,0.9503
36.1707,0.4317,0.9607,0.1006,0.1553,0.1850,-0.5188,0.9307,0.1085,0.1615,0.1946,0.9510
36.1799,0.4327,0.9625,0.1015,0.1561,0.1862,-0.5184,0.9315,0.1063,0.1601,0.1922,0.9517
36.1803,0.4339,0.9645,0.1015,0.1561,0.1862,-0.5180,0.9323,0.1063,0.1601,0.1922,0.9525
36.2003,0.4349,0.9661,0.1020,0.1587,0.1886,-0.5178,0.9330,0.1019,0.1575,0.1877,0.9532
36.2007,0.4361,0.9683,0.1020,0.1587,0.1886,-0.5175,0.9340,0.1019,0.1575,0.1877,0.9542
36.2201,0.4371,0.9699,0.1014,0.1620,0.1911,-0.5173,0.9347,0.0976,0.1550,0.1832,0.9550
36.2204,0.4381,0.9719,0.1014,0.1620,0.1911,-0.5171,0.9355,0.0976,0.1550,0.1832,0.9559
36.2300,0.4394,0.9739,0.1002,0.1651,0.1931,-0.5169,0.9364,0.0933,0.1521,0.1785,0.9570
36.2304,0.4405,0.9758,0.1002,0.1651,0.1931,-0.5167,0.9371,0.0913,0.1511,0.1765,0.9580
36.2503,0.4417,0.9777,0.1014,0.1677,0.1960,-0.5165,0.9379,0.0889,0.1496,0.1740,0.9590
36.2506,0.4428,0.9797,0.1031,0.1690,0.1980,-0.5163,0.9386,0.0867,0.1482,0.1717,0.9600
36.2703,0.4440,0.9819,0.1054,0.1700,0.2000,-0.5160,0.9395,0.0844,0.1466,0.1692,0.9610
36.2706,0.4450,0.9838,0.1054,0.1700,0.2000,-0.5158,0.9401,0.0827,0.1456,0.1674,0.9619
36.2903,0.4462,0.9859,0.1104,0.1733,0.2055,-0.5156,0.9410,0.0807,0.1439,0.1650,0.9628
36.2906,0.4473,0.9879,0.1132,0.1751,0.2085,-0.5153,0.9416,0.0788,0.1425,0.1628,0.9637
36.3002,0.4484,0.9900,0.1162,0.1769,0.2116,-0.5151,0.9424,0.0771,0.1411,0.1608,0.9647
36.3004,0.4495,0.9919,0.1162,0.1769,0.2116,-0.5149,0.9431,0.0771,0.1411,0.1608,0.9656
36.3205,0.4507,0.9940,0.1209,0.1804,0.2172,-0.5146,0.9439,0.0738,0.1380,0.1565,0.9666
36.3211,0.4518,0.9961,0.1228,0.1828,0.2202,-0.5144,0.9447,0.0723,0.1370,0.1549,0.9676
36.3302,0.4542,1.0002,0.1225,0.1852,0.2220,-0.5141,0.9455,0.0705,0.1358,0.1531,0.9699
36.3305,0.4542,1.0002,0.1225,0.1852,0.2220,-0.5139,0.9464,0.0688,0.1346,0.1512,0.9696
36.3503,0.4554,1.0023,0.1214,0.1909,0.2263,-0.5136,0.9472,0.0671,0.1334,0.1493,0.9706
36.3508,0.4566,1.0046,0.1214,0.1909,0.2263,-0.5134,0.9481,0.0671,0.1334,0.1493,0.9716
36.3702,0.4576,1.0066,0.1209,0.1972,0.2313,-0.5131,0.9490,0.0640,0.1309,0.1457,0.9725
36.3705,0.4588,1.0090,0.1209,0.1972,0.2313,-0.5129,0.9500,0.0640,0.1309,0.1457,0.9735
36.3800,0.4598,1.0112,0.1224,0.2023,0.2364,-0.5127,0.9510,0.0615,0.1289,0.1428,0.9743
36.3803,0.4608,1.0132,0.1234,0.2045,0.2389,-0.5124,0.9520,0.0605,0.1283,0.1418,0.9751
36.4002,0.4619,1.0156,0.1243,0.2059,0.2405,-0.5122,0.9532,0.0590,0.1273,0.1403,0.9761
36.4004,0.4630,1.0177,0.1259,0.2081,0.2432,-0.5119,0.9543,0.0590,0.1273,0.1403,0.9770
36.4103,0.4642,1.0199,0.1273,0.2096,0.2453,-0.5117,0.9555,0.0567,0.1266,0.1387,0.9780
36.4108,0.4653,1.0220,0.1273,0.2096,0.2453,-0.5114,0.9567,0.0551,0.1260,0.1376,0.9789
36.4403,0.4664,1.0242,0.1298,0.2129,0.2494,-0.5112,0.9580,0.0538,0.1259,0.1369,0.9799
36.4407,0.4672,1.0259,0.1298,0.2129,0.2494,-0.5111,0.9589,0.0522,0.1255,0.1359,0.9806
36.4499,0.4684,1.0283,0.1292,0.2156,0.2514,-0.5109,0.9603,0.0508,0.1251,0.1351,0.9817
36.4502,0.4695,1.0304,0.1292,0.2156,0.2514,-0.5107,0.9615,0.0508,0.1251,0.1351,0.9826
36.4708,0.4708,1.0325,0.1287,0.2199,0.2548,-0.5105,0.9627,0.0481,0.1250,0.1339,0.9838
36.4711,0.4723,1.0349,0.1287,0.2199,0.2548,-0.5102,0.9640,0.0467,0.1244,0.1329,0.9851
36.4801,0.4736,1.0369,0.1294,0.2240,0.2587,-0.5100,0.9653,0.0458,0.1244,0.1325,0.9862
36.4804,0.4750,1.0392,0.1299,0.2255,0.2602,-0.5097,0.9667,0.0458,0.1244,0.1325,0.9874
36.5002,0.4760,1.0411,0.1304,0.2269,0.2617,-0.5096,0.9679,0.0436,0.1241,0.1316,0.9884
36.5103,0.4772,1.0435,0.1307,0.2282,0.2630,-0.5095,0.9696,0.0426,0.1240,0.1311,0.9895
36.5107,0.4781,1.0454,0.1307,0.2282,0.2630,-0.5094,0.9709,0.0417,0.1249,0.1317,0.9903
36.5201,0.4794,1.0477,0.1315,0.2318,0.2665,-0.5093,0.9726,0.0405,0.1248,0.1312,0.9915
36.5204,0.4803,1.0496,0.1315,0.2318,0.2665,-0.5092,0.9739,0.0405,0.1248,0.1312,0.9924
36.5403,0.4813,1.0518,0.1319,0.2351,0.2696,-0.5091,0.9754,0.0381,0.1251,0.1308,0.9933
36.5406,0.4824,1.0540,0.1319,0.2351,0.2696,-0.5089,0.9770,0.0370,0.1258,0.1311,0.9943
36.5601,0.4834,1.0562,0.1321,0.2386,0.2728,-0.5088,0.9786,0.0360,0.1266,0.1316,0.9952
36.5603,0.4843,1.0583,0.1321,0.2386,0.2728,-0.5087,0.9800,0.0360,0.1266,0.1316,0.9961
36.5701,0.4855,1.0608,0.1314,0.2412,0.2746,-0.5087,0.9818,0.0339,0.1278,0.1322,0.9973
36.5703,0.4865,1.0629,0.1314,0.2412,0.2746,-0.5087,0.9833,0.0339,0.1278,0.1322,0.9984
36.5902,0.4875,1.0650,0.1308,0.2446,0.2774,-0.5087,0.9847,0.0315,0.1295,0.1332,0.9995
36.5905,0.4888,1.0674,0.1308,0.2446,0.2774,-0.5087,0.9864,0.0315,0.1295,0.1332,1.0008
36.6103,0.4899,1.0695,0.1309,0.2468,0.2794,-0.5089,0.9880,0.0290,0.1307,0.1338,1.0021
36.6106,0.4912,1.0716,0.1309,0.2468,0.2794,-0.5092,0.9897,0.0290,0.1307,0.1338,1.0037
36.6200,0.4923,1.0737,0.1328,0.2478,0.2812,-0.5095,0.9913,0.0258,0.1323,0.1347,1.0051
36.6203,0.4933,1.0756,0.1328,0.2478,0.2812,-0.5096,0.9927,0.0258,0.1323,0.1347,1.0063
36.6399,0.4944,1.0778,0.1338,0.2485,0.2822,-0.5097,0.9945,0.0232,0.1338,0.1358,1.0076
36.6403,0.4956,1.0800,0.1338,0.2485,0.2822,-0.5097,0.9962,0.0221,0.1350,0.1368,1.0088
36.6606,0.4968,1.0824,0.1344,0.2500,0.2839,-0.5097,0.9980,0.0211,0.1365,0.1382,1.0101
36.6609,0.4979,1.0845,0.1346,0.2508,0.2847,-0.5097,0.9996,0.0201,0.1381,0.1396,1.0112
36.6611,0.4990,1.0867,0.1347,0.2514,0.2852,-0.5096,1.0014,0.0192,0.1396,0.1410,1.0122
36.6804,0.5001,1.0888,0.1347,0.2520,0.2857,-0.5096,1.0033,0.0184,0.1415,0.1427,1.0133
36.6808,0.5012,1.0911,0.1347,0.2526,0.2863,-0.5093,1.0051,0.0178,0.1437,0.1448,1.0142
36.7004,0.5023,1.0931,0.1346,0.2532,0.2868,-0.5091,1.0069,0.0174,0.1455,0.1465,1.0150
36.7007,0.5035,1.0953,0.1348,0.2539,0.2875,-0.5088,1.0090,0.0173,0.1478,0.1488,1.0160
36.7201,0.5046,1.0974,0.1347,0.2542,0.2877,-0.5085,1.0109,0.0173,0.1501,0.1511,1.0167
36.7206,0.5055,1.0994,0.1347,0.2542,0.2877,-0.5081,1.0128,0.0173,0.1501,0.1511,1.0173
36.7302,0.5067,1.1017,0.1347,0.2550,0.2884,-0.5076,1.0151,0.0180,0.1547,0.1557,1.0179
36.7305,0.5075,1.1035,0.1347,0.2550,0.2884,-0.5072,1.0169,0.0187,0.1575,0.1586,1.0184
36.7503,0.5085,1.1058,0.1340,0.2556,0.2886,-0.5066,1.0193,0.0190,0.1596,0.1607,1.0189
36.7508,0.5093,1.1079,0.1338,0.2562,0.2890,-0.5063,1.0214,0.0197,0.1629,0.1640,1.0193
36.7600,0.5102,1.1101,0.1330,0.2565,0.2889,-0.5059,1.0237,0.0201,0.1655,0.1667,1.0197
36.7603,0.5110,1.1122,0.1330,0.2565,0.2889,-0.5055,1.0258,0.0201,0.1655,0.1667,1.0202
36.7805,0.5118,1.1144,0.1319,0.2569,0.2887,-0.5052,1.0280,0.0206,0.1714,0.1726,1.0206
36.7809,0.5126,1.1166,0.1319,0.2569,0.2887,-0.5048,1.0304,0.0208,0.1741,0.1753,1.0211
36.8004,0.5136,1.1188,0.1308,0.2574,0.2887,-0.5045,1.0328,0.0210,0.1775,0.1787,1.0217
36.8008,0.5145,1.1211,0.1303,0.2576,0.2887,-0.5041,1.0352,0.0213,0.1809,0.1821,1.0222
36.8100,0.5152,1.1233,0.1299,0.2583,0.2892,-0.5040,1.0375,0.0214,0.1843,0.1855,1.0228
36.8103,0.5160,1.1258,0.1290,0.2586,0.2890,-0.5037,1.0401,0.0213,0.1873,0.1885,1.0234
36.8304,0.5167,1.1281,0.1284,0.2595,0.2895,-0.5035,1.0424,0.0213,0.1907,0.1919,1.0238
36.8309,0.5173,1.1305,0.1273,0.2599,0.2894,-0.5032,1.0447,0.0213,0.1936,0.1948,1.0241
36.8501,0.5180,1.1326,0.1262,0.2607,0.2896,-0.5029,1.0470,0.0213,0.1967,0.1979,1.0244
36.8504,0.5188,1.1349,0.1262,0.2607,0.2896,-0.5025,1.0494,0.0213,0.1967,0.1979,1.0248
36.8600,0.5196,1.1372,0.1244,0.2607,0.2888,-0.5021,1.0519,0.0217,0.2026,0.2037,1.0252
36.8603,0.5204,1.1395,0.1244,0.2607,0.2888,-0.5017,1.0544,0.0217,0.2026,0.2037,1.0256
36.8802,0.5211,1.1417,0.1232,0.2610,0.2886,-0.5013,1.0570,0.0225,0.2088,0.2100,1.0259
36.8805,0.5219,1.1442,0.1232,0.2610,0.2886,-0.5010,1.0597,0.0225,0.2088,0.2100,1.0264
36.9003,0.5224,1.1467,0.1222,0.2619,0.2890,-0.5007,1.0625,0.0228,0.2154,0.2167,1.0266
36.9006,0.5229,1.1489,0.1209,0.2622,0.2887,-0.5004,1.0652,0.0229,0.2187,0.2199,1.0267
36.9102,0.5235,1.1513,0.1199,0.2626,0.2886,-0.4999,1.0681,0.0231,0.2218,0.2230,1.0268
36.9105,0.5240,1.1534,0.1199,0.2626,0.2886,-0.4993,1.0705,0.0231,0.2218,0.2230,1.0267
36.9305,0.5247,1.1556,0.1174,0.2629,0.2879,-0.4987,1.0733,0.0241,0.2276,0.2289,1.0267
36.9310,0.5253,1.1577,0.1174,0.2629,0.2879,-0.4981,1.0760,0.0250,0.2307,0.2321,1.0266
36.9503,0.5258,1.1598,0.1161,0.2635,0.2879,-0.4976,1.0786,0.0260,0.2340,0.2355,1.0266
36.9506,0.5263,1.1620,0.1148,0.2630,0.2870,-0.4970,1.0813,0.0267,0.2366,0.2381,1.0265
36.9601,0.5266,1.1643,0.1135,0.2632,0.2866,-0.4965,1.0838,0.0274,0.2396,0.2411,1.0263
36.9605,0.5269,1.1666,0.1117,0.2635,0.2862,-0.4961,1.0865,0.0279,0.2422,0.2438,1.0261
36.9803,0.5272,1.1690,0.1092,0.2634,0.2851,-0.4956,1.0893,0.0282,0.2449,0.2465,1.0259
36.9806,0.5275,1.1716,0.1092,0.2634,0.2851,-0.4949,1.0923,0.0287,0.2480,0.2496,1.0255
36.9902,0.5278,1.1740,0.1050,0.2648,0.2849,-0.4942,1.0952,0.0296,0.2511,0.2528,1.0250
36.9905,0.5282,1.1764,0.1050,0.2648,0.2849,-0.4933,1.0980,0.0296,0.2511,0.2528,1.0245
37.0101,0.5285,1.1786,0.1018,0.2658,0.2846,-0.4923,1.1007,0.0323,0.2568,0.2588,1.0238
37.0104,0.5288,1.1809,0.1018,0.2658,0.2846,-0.4913,1.1032,0.0341,0.2597,0.2619,1.0230
37.0301,0.5291,1.1831,0.0989,0.2664,0.2842,-0.4901,1.1056,0.0360,0.2613,0.2638,1.0221
37.0304,0.5293,1.1853,0.0989,0.2664,0.2842,-0.4890,1.1080,0.0360,0.2613,0.2638,1.0212
37.0398,0.5296,1.1877,0.0961,0.2671,0.2839,-0.4879,1.1105,0.0402,0.2652,0.2682,1.0204
37.0400,0.5299,1.1901,0.0945,0.2674,0.2836,-0.4870,1.1130,0.0402,0.2652,0.2682,1.0198
37.0601,0.5302,1.1922,0.0932,0.2678,0.2836,-0.4863,1.1154,0.0437,0.2688,0.2724,1.0194
37.0604,0.5305,1.1945,0.0932,0.2678,0.2836,-0.4858,1.1181,0.0448,0.2707,0.2744,1.0192
37.0803,0.5309,1.1971,0.0901,0.2674,0.2822,-0.4852,1.1212,0.0458,0.2726,0.2764,1.0189
37.0807,0.5312,1.1993,0.0901,0.2674,0.2822,-0.4847,1.1239,0.0458,0.2726,0.2764,1.0186
37.1005,0.5315,1.2018,0.0873,0.2686,0.2825,-0.4841,1.1269,0.0480,0.2785,0.2826,1.0183
37.1009,0.5317,1.2041,0.0853,0.2688,0.2821,-0.4834,1.1297,0.0493,0.2810,0.2853,1.0178
37.1103,0.5318,1.2061,0.0836,0.2692,0.2819,-0.4826,1.1322,0.0510,0.2834,0.2880,1.0171
37.1107,0.5321,1.2085,0.0836,0.2692,0.2819,-0.4815,1.1350,0.0532,0.2850,0.2899,1.0162
37.1303,0.5323,1.2108,0.0796,0.2696,0.2811,-0.4804,1.1377,0.0559,0.2874,0.2928,1.0153
37.1307,0.5326,1.2133,0.0796,0.2696,0.2811,-0.4791,1.1406,0.0559,0.2874,0.2928,1.0143
37.1401,0.5328,1.2158,0.0762,0.2711,0.2817,-0.4780,1.1435,0.0611,0.2922,0.2986,1.0133
37.1503,0.5330,1.2180,0.0744,0.2716,0.2816,-0.4770,1.1463,0.0635,0.2946,0.3014,1.0125
37.1507,0.5331,1.2202,0.0744,0.2716,0.2816,-0.4761,1.1493,0.0635,0.2946,0.3014,1.0117
37.1700,0.5332,1.2226,0.0704,0.2714,0.2804,-0.4753,1.1524,0.0671,0.2994,0.3068,1.0110
37.1705,0.5333,1.2248,0.0704,0.2714,0.2804,-0.4745,1.1556,0.0671,0.2994,0.3068,1.0102
37.1900,0.5335,1.2271,0.0665,0.2720,0.2800,-0.4736,1.1588,0.0702,0.3045,0.3125,1.0095
37.1902,0.5337,1.2293,0.0646,0.2720,0.2795,-0.4728,1.1620,0.0714,0.3074,0.3156,1.0088
37.2006,0.5340,1.2314,0.0629,0.2725,0.2796,-0.4720,1.1651,0.0726,0.3102,0.3186,1.0081
37.2008,0.5343,1.2337,0.0629,0.2725,0.2796,-0.4710,1.1686,0.0726,0.3102,0.3186,1.0074
37.2203,0.5347,1.2358,0.0594,0.2726,0.2790,-0.4701,1.1718,0.0749,0.3154,0.3241,1.0068
37.2209,0.5351,1.2380,0.0584,0.2729,0.2790,-0.4692,1.1750,0.0760,0.3180,0.3269,1.0062
37.2302,0.5353,1.2402,0.0567,0.2726,0.2784,-0.4682,1.1783,0.0767,0.3198,0.3289,1.0055
37.2307,0.5356,1.2426,0.0567,0.2726,0.2784,-0.4671,1.1816,0.0767,0.3198,0.3289,1.0045
37.2501,0.5357,1.2447,0.0541,0.2736,0.2789,-0.4661,1.1848,0.0791,0.3246,0.3341,1.0036
37.2507,0.5358,1.2471,0.0541,0.2736,0.2789,-0.4651,1.1884,0.0802,0.3269,0.3366,1.0026
37.2706,0.5359,1.2493,0.0512,0.2741,0.2789,-0.4642,1.1918,0.0815,0.3296,0.3395,1.0018
37.2709,0.5360,1.2514,0.0498,0.2741,0.2786,-0.4633,1.1952,0.0825,0.3319,0.3420,1.0008
37.2904,0.5361,1.2534,0.0485,0.2741,0.2783,-0.4622,1.1982,0.0838,0.3344,0.3447,0.9999
37.2907,0.5363,1.2558,0.0485,0.2741,0.2783,-0.4609,1.2016,0.0852,0.3357,0.3464,0.9987
37.3000,0.5366,1.2578,0.0455,0.2739,0.2776,-0.4596,1.2046,0.0872,0.3377,0.3487,0.9976
37.3003,0.5369,1.2598,0.0455,0.2739,0.2776,-0.4584,1.2076,0.0891,0.3388,0.3503,0.9966
37.3203,0.5373,1.2621,0.0435,0.2730,0.2764,-0.4570,1.2109,0.0912,0.3401,0.3521,0.9956
37.3207,0.5377,1.2642,0.0426,0.2726,0.2759,-0.4558,1.2141,0.0935,0.3418,0.3543,0.9947
37.3301,0.5379,1.2665,0.0420,0.2723,0.2755,-0.4548,1.2174,0.0954,0.3435,0.3565,0.9939
37.3306,0.5381,1.2689,0.0420,0.2723,0.2755,-0.4538,1.2208,0.0954,0.3435,0.3565,0.9931
37.3505,0.5383,1.2715,0.0403,0.2725,0.2755,-0.4528,1.2245,0.0982,0.3476,0.3613,0.9922
37.3509,0.5384,1.2739,0.0403,0.2725,0.2755,-0.4520,1.2279,0.0982,0.3476,0.3613,0.9915
37.3703,0.5385,1.2763,0.0375,0.2734,0.2759,-0.4512,1.2313,0.1000,0.3520,0.3659,0.9907
37.3708,0.5385,1.2786,0.0361,0.2735,0.2759,-0.4502,1.2348,0.1009,0.3539,0.3680,0.9897
37.3799,0.5387,1.2808,0.0349,0.2739,0.2761,-0.4490,1.2381,0.1023,0.3557,0.3701,0.9886
37.3801,0.5389,1.2830,0.0349,0.2739,0.2761,-0.4477,1.2413,0.1023,0.3557,0.3701,0.9874
37.4003,0.5391,1.2849,0.0330,0.2726,0.2746,-0.4465,1.2446,0.1061,0.3576,0.3730,0.9864
37.4008,0.5394,1.2874,0.0330,0.2726,0.2746,-0.4450,1.2483,0.1061,0.3576,0.3730,0.9852
37.4202,0.5396,1.2896,0.0318,0.2721,0.2740,-0.4440,1.2517,0.1098,0.3605,0.3769,0.9843
37.4205,0.5397,1.2918,0.0311,0.2723,0.2741,-0.4431,1.2552,0.1108,0.3624,0.3789,0.9835
37.4401,0.5398,1.2942,0.0301,0.2724,0.2740,-0.4421,1.2588,0.1112,0.3637,0.3803,0.9826
37.4404,0.5399,1.2962,0.0291,0.2730,0.2746,-0.4413,1.2619,0.1120,0.3656,0.3824,0.9819
37.4500,0.5400,1.2985,0.0282,0.2728,0.2743,-0.4402,1.2654,0.1124,0.3666,0.3834,0.9808
37.4503,0.5402,1.3007,0.0282,0.2728,0.2743,-0.4390,1.2688,0.1124,0.3666,0.3834,0.9798
37.4702,0.5405,1.3027,0.0272,0.2730,0.2743,-0.4379,1.2722,0.1150,0.3700,0.3875,0.9789
37.4704,0.5410,1.3044,0.0272,0.2730,0.2743,-0.4368,1.2755,0.1164,0.3715,0.3893,0.9782
37.4802,0.5416,1.3060,0.0276,0.2707,0.2721,-0.4356,1.2789,0.1175,0.3723,0.3905,0.9776
37.4805,0.5421,1.3074,0.0276,0.2707,0.2721,-0.4346,1.2821,0.1175,0.3723,0.3905,0.9770
37.5002,0.5425,1.3088,0.0286,0.2667,0.2683,-0.4336,1.2854,0.1193,0.3737,0.3923,0.9763
37.5005,0.5428,1.3105,0.0286,0.2667,0.2683,-0.4326,1.2887,0.1195,0.3747,0.3933,0.9756
37.5203,0.5430,1.3122,0.0285,0.2636,0.2652,-0.4315,1.2921,0.1195,0.3759,0.3945,0.9748
37.5207,0.5432,1.3141,0.0284,0.2626,0.2641,-0.4305,1.2955,0.1195,0.3777,0.3961,0.9739
37.5302,0.5433,1.3160,0.0283,0.2619,0.2634,-0.4294,1.2987,0.1193,0.3798,0.3981,0.9729
37.5305,0.5435,1.3179,0.0283,0.2619,0.2634,-0.4282,1.3018,0.1191,0.3814,0.3995,0.9718
37.5503,0.5436,1.3199,0.0277,0.2604,0.2618,-0.4271,1.3050,0.1193,0.3828,0.4009,0.9708
37.5506,0.5437,1.3217,0.0277,0.2604,0.2618,-0.4259,1.3080,0.1193,0.3828,0.4009,0.9698
37.5606,0.5439,1.3235,0.0270,0.2590,0.2604,-0.4248,1.3110,0.1207,0.3852,0.4037,0.9688
37.5609,0.5443,1.3254,0.0268,0.2579,0.2593,-0.4233,1.3145,0.1219,0.3859,0.4047,0.9677
37.5803,0.5446,1.3269,0.0268,0.2565,0.2579,-0.4222,1.3172,0.1237,0.3866,0.4059,0.9668
37.5811,0.5448,1.3286,0.0268,0.2550,0.2564,-0.4209,1.3204,0.1249,0.3866,0.4063,0.9657
37.6002,0.5449,1.3304,0.0266,0.2535,0.2549,-0.4198,1.3234,0.1263,0.3869,0.4070,0.9647
37.6005,0.5450,1.3323,0.0266,0.2535,0.2549,-0.4187,1.3265,0.1263,0.3869,0.4070,0.9637
37.6102,0.5451,1.3343,0.0263,0.2523,0.2537,-0.4175,1.3297,0.1278,0.3887,0.4092,0.9626
37.6106,0.5451,1.3364,0.0263,0.2523,0.2537,-0.4166,1.3329,0.1279,0.3893,0.4098,0.9617
37.6304,0.5451,1.3383,0.0256,0.2511,0.2524,-0.4158,1.3357,0.1275,0.3903,0.4106,0.9609
37.6307,0.5451,1.3406,0.0256,0.2511,0.2524,-0.4148,1.3390,0.1267,0.3903,0.4103,0.9599
37.6505,0.5451,1.3427,0.0246,0.2496,0.2508,-0.4140,1.3420,0.1263,0.3910,0.4109,0.9591
37.6508,0.5452,1.3447,0.0246,0.2496,0.2508,-0.4129,1.3451,0.1261,0.3915,0.4113,0.9581
37.6600,0.5453,1.3468,0.0242,0.2490,0.2502,-0.4120,1.3481,0.1264,0.3916,0.4115,0.9573
37.6604,0.5453,1.3489,0.0242,0.2490,0.2502,-0.4109,1.3511,0.1264,0.3916,0.4115,0.9563
37.6807,0.5454,1.3512,0.0240,0.2483,0.2494,-0.4099,1.3539,0.1271,0.3911,0.4112,0.9552
37.6813,0.5454,1.3533,0.0240,0.2483,0.2494,-0.4089,1.3567,0.1271,0.3911,0.4112,0.9543
37.6904,0.5454,1.3555,0.0233,0.2480,0.2491,-0.4080,1.3597,0.1278,0.3894,0.4099,0.9533
37.6909,0.5453,1.3577,0.0233,0.2480,0.2491,-0.4071,1.3624,0.1280,0.3891,0.4096,0.9525
37.7101,0.5453,1.3599,0.0221,0.2481,0.2490,-0.4063,1.3653,0.1277,0.3876,0.4081,0.9516
37.7104,0.5453,1.3621,0.0221,0.2481,0.2490,-0.4055,1.3682,0.1277,0.3871,0.4076,0.9508
37.7305,0.5453,1.3644,0.0205,0.2482,0.2490,-0.4045,1.3710,0.1275,0.3863,0.4068,0.9499
37.7309,0.5453,1.3666,0.0205,0.2482,0.2490,-0.4037,1.3739,0.1274,0.3855,0.4061,0.9490
37.7404,0.5453,1.3688,0.0194,0.2480,0.2488,-0.4029,1.3766,0.1268,0.3845,0.4049,0.9482
37.7408,0.5453,1.3711,0.0194,0.2480,0.2488,-0.4020,1.3794,0.1265,0.3835,0.4038,0.9474
37.7606,0.5453,1.3733,0.0190,0.2478,0.2486,-0.4013,1.3820,0.1262,0.3819,0.4022,0.9466
37.7609,0.5453,1.3755,0.0190,0.2478,0.2486,-0.4006,1.3846,0.1259,0.3805,0.4008,0.9460
37.7804,0.5453,1.3780,0.0186,0.2482,0.2489,-0.3999,1.3872,0.1253,0.3788,0.3990,0.9452
37.7809,0.5453,1.3801,0.0184,0.2491,0.2498,-0.3993,1.3895,0.1246,0.3780,0.3980,0.9446
37.8002,0.5453,1.3825,0.0179,0.2487,0.2493,-0.3986,1.3921,0.1231,0.3758,0.3955,0.9439
37.8006,0.5453,1.3850,0.0173,0.2493,0.2499,-0.3978,1.3949,0.1220,0.3750,0.3943,0.9431
37.8100,0.5453,1.3870,0.0167,0.2505,0.2510,-0.3972,1.3972,0.1212,0.3747,0.3938,0.9425
37.8103,0.5453,1.3893,0.0159,0.2499,0.2504,-0.3966,1.3998,0.1195,0.3725,0.3912,0.9419
37.8306,0.5453,1.3917,0.0152,0.2502,0.2507,-0.3959,1.4025,0.1184,0.3713,0.3898,0.9412
37.8311,0.5453,1.3938,0.0152,0.2502,0.2507,-0.3954,1.4049,0.1178,0.3701,0.3884,0.9407
37.8402,0.5453,1.3962,0.0143,0.2499,0.2503,-0.3948,1.4076,0.1168,0.3682,0.3863,0.9402
37.8405,0.5452,1.3984,0.0140,0.2494,0.2498,-0.3943,1.4102,0.1159,0.3662,0.3841,0.9396
37.8600,0.5452,1.4006,0.0138,0.2490,0.2494,-0.3937,1.4126,0.1155,0.3646,0.3825,0.9391
37.8602,0.5452,1.4029,0.0138,0.2490,0.2494,-0.3932,1.4151,0.1155,0.3646,0.3825,0.9385
37.8803,0.5452,1.4051,0.0134,0.2484,0.2488,-0.3926,1.4175,0.1140,0.3605,0.3781,0.9379
37.8806,0.5452,1.4075,0.0134,0.2484,0.2488,-0.3920,1.4199,0.1140,0.3605,0.3781,0.9373
37.8901,0.5452,1.4096,0.0126,0.2491,0.2494,-0.3916,1.4220,0.1113,0.3572,0.3741,0.9368
37.8904,0.5451,1.4119,0.0126,0.2491,0.2494,-0.3910,1.4246,0.1113,0.3572,0.3741,0.9362
37.9101,0.5451,1.4141,0.0115,0.2492,0.2494,-0.3906,1.4267,0.1080,0.3525,0.3687,0.9358
37.9104,0.5451,1.4164,0.0115,0.2492,0.2494,-0.3903,1.4292,0.1067,0.3500,0.3659,0.9355
37.9301,0.5451,1.4186,0.0108,0.2492,0.2495,-0.3900,1.4314,0.1055,0.3480,0.3637,0.9352
37.9304,0.5451,1.4208,0.0108,0.2492,0.2495,-0.3897,1.4336,0.1055,0.3480,0.3637,0.9349
37.9398,0.5451,1.4232,0.0104,0.2491,0.2494,-0.3893,1.4360,0.1033,0.3434,0.3586,0.9345
37.9399,0.5451,1.4256,0.0104,0.2491,0.2494,-0.3889,1.4382,0.1033,0.3434,0.3586,0.9341
37.9601,0.5451,1.4277,0.0098,0.2497,0.2499,-0.3886,1.4400,0.1003,0.3387,0.3533,0.9338
37.9604,0.5451,1.4299,0.0098,0.2497,0.2499,-0.3883,1.4420,0.1003,0.3387,0.3533,0.9335
37.9802,0.5451,1.4323,0.0084,0.2509,0.2511,-0.3878,1.4440,0.0971,0.3330,0.3469,0.9330
37.9804,0.5451,1.4343,0.0084,0.2509,0.2511,-0.3875,1.4459,0.0956,0.3303,0.3439,0.9327
38.0001,0.5451,1.4368,0.0061,0.2539,0.2540,-0.3873,1.4482,0.0942,0.3277,0.3410,0.9325
38.0004,0.5451,1.4389,0.0061,0.2539,0.2540,-0.3871,1.4502,0.0942,0.3277,0.3410,0.9323
38.0102,0.5451,1.4410,0.0047,0.2569,0.2569,-0.3870,1.4522,0.0909,0.3230,0.3356,0.9322
38.0104,0.5451,1.4433,0.0047,0.2569,0.2569,-0.3868,1.4543,0.0891,0.3203,0.3325,0.9320
38.0305,0.5451,1.4455,0.0038,0.2584,0.2585,-0.3866,1.4563,0.0873,0.3177,0.3295,0.9318
38.0309,0.5451,1.4479,0.0036,0.2590,0.2591,-0.3865,1.4582,0.0855,0.3151,0.3265,0.9316
38.0403,0.5451,1.4501,0.0033,0.2600,0.2600,-0.3863,1.4599,0.0835,0.3127,0.3237,0.9315
38.0502,0.5450,1.4527,0.0030,0.2603,0.2603,-0.3861,1.4619,0.0815,0.3098,0.3204,0.9311
38.0505,0.5449,1.4547,0.0030,0.2603,0.2603,-0.3859,1.4635,0.0797,0.3078,0.3180,0.9309
38.0703,0.5447,1.4571,0.0019,0.2624,0.2624,-0.3857,1.4655,0.0778,0.3050,0.3148,0.9305
38.0707,0.5446,1.4592,0.0019,0.2624,0.2624,-0.3856,1.4671,0.0752,0.3020,0.3112,0.9302
38.0901,0.5445,1.4612,0.0000,0.2647,0.2647,-0.3854,1.4688,0.0733,0.2998,0.3086,0.9299
38.0904,0.5443,1.4635,0.0000,0.2647,0.2647,-0.3853,1.4706,0.0733,0.2998,0.3086,0.9296
38.1000,0.5441,1.4656,-0.0012,0.2663,0.2663,-0.3852,1.4723,0.0690,0.2945,0.3025,0.9293
38.1004,0.5439,1.4679,-0.0012,0.2663,0.2663,-0.3850,1.4741,0.0671,0.2915,0.2991,0.9290
38.1202,0.5437,1.4700,-0.0024,0.2673,0.2673,-0.3850,1.4758,0.0650,0.2889,0.2961,0.9287
38.1205,0.5435,1.4723,-0.0028,0.2673,0.2673,-0.3849,1.4774,0.0632,0.2860,0.2929,0.9284
38.1207,0.5432,1.4743,-0.0033,0.2679,0.2679,-0.3848,1.4790,0.0618,0.2835,0.2901,0.9281
38.1403,0.5429,1.4765,-0.0037,0.2675,0.2675,-0.3847,1.4808,0.0600,0.2801,0.2864,0.9277
38.1405,0.5428,1.4784,-0.0037,0.2675,0.2675,-0.3846,1.4822,0.0600,0.2801,0.2864,0.9274
38.1604,0.5426,1.4806,-0.0049,0.2674,0.2674,-0.3845,1.4841,0.0566,0.2742,0.2800,0.9271
38.1608,0.5425,1.4824,-0.0049,0.2674,0.2674,-0.3844,1.4856,0.0550,0.2720,0.2775,0.9269
38.1805,0.5424,1.4845,-0.0057,0.2670,0.2670,-0.3842,1.4872,0.0531,0.2689,0.2741,0.9266
38.1809,0.5423,1.4864,-0.0057,0.2670,0.2670,-0.3841,1.4888,0.0512,0.2666,0.2714,0.9264
38.1904,0.5422,1.4883,-0.0062,0.2661,0.2662,-0.3840,1.4903,0.0496,0.2642,0.2688,0.9261
38.2000,0.5421,1.4903,-0.0063,0.2655,0.2656,-0.3838,1.4919,0.0480,0.2613,0.2656,0.9259
38.2005,0.5420,1.4922,-0.0063,0.2655,0.2656,-0.3837,1.4933,0.0467,0.2590,0.2632,0.9257
38.2201,0.5420,1.4941,-0.0065,0.2647,0.2647,-0.3836,1.4947,0.0452,0.2559,0.2599,0.9256
38.2302,0.5419,1.4962,-0.0067,0.2640,0.2641,-0.3835,1.4965,0.0437,0.2531,0.2569,0.9254
38.2305,0.5418,1.4978,-0.0067,0.2640,0.2641,-0.3835,1.4979,0.0437,0.2531,0.2569,0.9253
38.2401,0.5416,1.5014,-0.0070,0.2623,0.2624,-0.3834,1.4994,0.0404,0.2479,0.2512,0.9251
38.2404,0.5416,1.5014,-0.0070,0.2623,0.2624,-0.3834,1.5009,0.0389,0.2457,0.2488,0.9250
38.2603,0.5415,1.5031,-0.0073,0.2607,0.2608,-0.3834,1.5023,0.0373,0.2430,0.2458,0.9249
38.2608,0.5414,1.5049,-0.0073,0.2607,0.2608,-0.3833,1.5038,0.0359,0.2406,0.2432,0.9247
38.2803,0.5411,1.5069,-0.0079,0.2587,0.2589,-0.3833,1.5053,0.0346,0.2384,0.2409,0.9244
38.2807,0.5408,1.5087,-0.0085,0.2579,0.2580,-0.3833,1.5068,0.0346,0.2384,0.2409,0.9240
38.3001,0.5404,1.5105,-0.0090,0.2573,0.2575,-0.3832,1.5082,0.0321,0.2345,0.2367,0.9237
38.3005,0.5401,1.5122,-0.0090,0.2573,0.2575,-0.3832,1.5096,0.0321,0.2345,0.2367,0.9233
38.3100,0.5397,1.5142,-0.0104,0.2544,0.2546,-0.3832,1.5114,0.0291,0.2294,0.2312,0.9228
38.3103,0.5393,1.5158,-0.0104,0.2544,0.2546,-0.3831,1.5128,0.0291,0.2294,0.2312,0.9224
38.3301,0.5389,1.5175,-0.0120,0.2530,0.2532,-0.3831,1.5142,0.0269,0.2260,0.2276,0.9220
38.3304,0.5385,1.5191,-0.0120,0.2530,0.2532,-0.3831,1.5156,0.0269,0.2260,0.2276,0.9216
38.3399,0.5382,1.5208,-0.0135,0.2506,0.2510,-0.3831,1.5169,0.0246,0.2212,0.2226,0.9213
38.3402,0.5378,1.5226,-0.0135,0.2506,0.2510,-0.3830,1.5183,0.0246,0.2212,0.2226,0.9208
38.3606,0.5373,1.5244,-0.0150,0.2484,0.2488,-0.3830,1.5198,0.0225,0.2163,0.2175,0.9204
38.3610,0.5368,1.5264,-0.0150,0.2484,0.2488,-0.3830,1.5214,0.0225,0.2163,0.2175,0.9198
38.3701,0.5362,1.5282,-0.0169,0.2470,0.2475,-0.3830,1.5229,0.0203,0.2127,0.2137,0.9193
38.3704,0.5357,1.5300,-0.0169,0.2470,0.2475,-0.3830,1.5243,0.0192,0.2108,0.2117,0.9187
38.3902,0.5352,1.5317,-0.0191,0.2451,0.2458,-0.3830,1.5256,0.0180,0.2088,0.2096,0.9183
38.3906,0.5347,1.5334,-0.0199,0.2442,0.2450,-0.3830,1.5271,0.0171,0.2072,0.2079,0.9177
38.4099,0.5343,1.5348,-0.0209,0.2429,0.2438,-0.3830,1.5285,0.0159,0.2051,0.2058,0.9173
38.4101,0.5338,1.5362,-0.0209,0.2429,0.2438,-0.3831,1.5301,0.0159,0.2051,0.2058,0.9169
38.4302,0.5331,1.5380,-0.0226,0.2397,0.2407,-0.3831,1.5320,0.0146,0.2017,0.2023,0.9162
38.4305,0.5327,1.5392,-0.0226,0.2397,0.2407,-0.3831,1.5333,0.0146,0.2017,0.2023,0.9158
38.4399,0.5322,1.5408,-0.0248,0.2369,0.2382,-0.3831,1.5351,0.0132,0.1995,0.2000,0.9153
38.4402,0.5317,1.5422,-0.0248,0.2369,0.2382,-0.3831,1.5367,0.0132,0.1995,0.2000,0.9148
38.4600,0.5313,1.5435,-0.0269,0.2332,0.2347,-0.3831,1.5383,0.0116,0.1971,0.1975,0.9144
38.4603,0.5309,1.5447,-0.0269,0.2332,0.2347,-0.3831,1.5397,0.0109,0.1965,0.1968,0.9141
38.4801,0.5306,1.5459,-0.0284,0.2297,0.2314,-0.3832,1.5413,0.0103,0.1956,0.1958,0.9138
38.4804,0.5303,1.5470,-0.0291,0.2271,0.2290,-0.3833,1.5429,0.0103,0.1956,0.1958,0.9137
38.4901,0.5300,1.5482,-0.0296,0.2253,0.2272,-0.3835,1.5446,0.0084,0.1939,0.1941,0.9136
38.4904,0.5297,1.5493,-0.0296,0.2253,0.2272,-0.3838,1.5462,0.0074,0.1929,0.1930,0.9135
38.5101,0.5295,1.5504,-0.0308,0.2208,0.2229,-0.3841,1.5477,0.0066,0.1919,0.1920,0.9135
38.5104,0.5290,1.5519,-0.0308,0.2208,0.2229,-0.3845,1.5498,0.0066,0.1919,0.1920,0.9135
38.5200,0.5288,1.5527,-0.0324,0.2173,0.2197,-0.3847,1.5508,0.0046,0.1908,0.1909,0.9135
38.5203,0.5283,1.5541,-0.0324,0.2173,0.2197,-0.3851,1.5526,0.0046,0.1908,0.1909,0.9135
38.5403,0.5278,1.5555,-0.0335,0.2124,0.2150,-0.3856,1.5545,0.0027,0.1889,0.1889,0.9135
38.5409,0.5274,1.5568,-0.0335,0.2124,0.2150,-0.3860,1.5561,0.0014,0.1892,0.1892,0.9134
38.5502,0.5269,1.5581,-0.0352,0.2081,0.2111,-0.3864,1.5577,0.0002,0.1883,0.1883,0.9132
38.5508,0.5269,1.5581,-0.0352,0.2081,0.2111,-0.3868,1.5597,0.0002,0.1883,0.1883,0.9137
38.5805,0.5255,1.5612,-0.0370,0.2051,0.2084,-0.3872,1.5615,-0.0021,0.1883,0.1884,0.9127
38.5808,0.5252,1.5621,-0.0370,0.2051,0.2084,-0.3874,1.5628,-0.0033,0.1888,0.1888,0.9126
38.5899,0.5245,1.5638,-0.0386,0.2018,0.2054,-0.3878,1.5647,-0.0039,0.1880,0.1880,0.9123
38.5902,0.5237,1.5654,-0.0386,0.2018,0.2054,-0.3882,1.5667,-0.0050,0.1881,0.1882,0.9119
38.6106,0.5231,1.5669,-0.0408,0.1997,0.2038,-0.3886,1.5683,-0.0061,0.1887,0.1888,0.9117
38.6109,0.5224,1.5683,-0.0408,0.1997,0.2038,-0.3890,1.5701,-0.0061,0.1887,0.1888,0.9114
38.6203,0.5218,1.5697,-0.0425,0.1967,0.2012,-0.3894,1.5718,-0.0081,0.1885,0.1887,0.9113
38.6208,0.5213,1.5710,-0.0433,0.1950,0.1997,-0.3898,1.5735,-0.0090,0.1888,0.1890,0.9111
38.6403,0.5208,1.5722,-0.0439,0.1933,0.1982,-0.3902,1.5752,-0.0100,0.1889,0.1892,0.9110
38.6406,0.5203,1.5735,-0.0439,0.1933,0.1982,-0.3907,1.5769,-0.0100,0.1889,0.1892,0.9110
38.6602,0.5198,1.5749,-0.0449,0.1902,0.1954,-0.3912,1.5785,-0.0121,0.1893,0.1897,0.9109
38.6606,0.5193,1.5764,-0.0456,0.1887,0.1942,-0.3917,1.5801,-0.0121,0.1893,0.1897,0.9109
38.6702,0.5186,1.5780,-0.0465,0.1878,0.1935,-0.3923,1.5818,-0.0146,0.1890,0.1896,0.9108
38.6707,0.5180,1.5792,-0.0465,0.1878,0.1935,-0.3927,1.5832,-0.0160,0.1891,0.1898,0.9107
38.6903,0.5173,1.5806,-0.0486,0.1857,0.1919,-0.3933,1.5846,-0.0173,0.1888,0.1896,0.9106
38.6906,0.5166,1.5819,-0.0486,0.1857,0.1919,-0.3938,1.5861,-0.0173,0.1888,0.1896,0.9104
38.7003,0.5160,1.5831,-0.0510,0.1830,0.1900,-0.3942,1.5876,-0.0199,0.1884,0.1894,0.9102
38.7008,0.5152,1.5844,-0.0510,0.1830,0.1900,-0.3949,1.5895,-0.0211,0.1886,0.1898,0.9101
38.7199,0.5145,1.5857,-0.0536,0.1807,0.1885,-0.3956,1.5911,-0.0227,0.1895,0.1908,0.9102
38.7201,0.5139,1.5870,-0.0536,0.1807,0.1885,-0.3962,1.5928,-0.0242,0.1892,0.1907,0.9101
38.7402,0.5134,1.5882,-0.0558,0.1784,0.1869,-0.3968,1.5943,-0.0254,0.1899,0.1915,0.9101
38.7405,0.5126,1.5898,-0.0567,0.1771,0.1859,-0.3975,1.5960,-0.0267,0.1897,0.1916,0.9101
38.7606,0.5116,1.5915,-0.0581,0.1768,0.1861,-0.3983,1.5977,-0.0283,0.1902,0.1923,0.9100
38.7610,0.5107,1.5929,-0.0598,0.1766,0.1865,-0.3990,1.5993,-0.0299,0.1908,0.1931,0.9097
38.7702,0.5098,1.5943,-0.0613,0.1761,0.1864,-0.3996,1.6009,-0.0314,0.1911,0.1936,0.9095
38.7705,0.5088,1.5958,-0.0613,0.1761,0.1864,-0.4003,1.6025,-0.0314,0.1911,0.1936,0.9091
38.7901,0.5077,1.5972,-0.0640,0.1741,0.1854,-0.4010,1.6043,-0.0340,0.1914,0.1944,0.9088
38.7906,0.5069,1.5983,-0.0654,0.1734,0.1853,-0.4016,1.6058,-0.0356,0.1921,0.1954,0.9085
38.8002,0.5060,1.5994,-0.0664,0.1722,0.1845,-0.4023,1.6075,-0.0368,0.1924,0.1959,0.9083
38.8008,0.5052,1.6005,-0.0664,0.1722,0.1845,-0.4028,1.6091,-0.0382,0.1923,0.1961,0.9081
38.8221,0.5043,1.6017,-0.0681,0.1693,0.1825,-0.4034,1.6107,-0.0394,0.1925,0.1965,0.9078
38.8225,0.5033,1.6031,-0.0692,0.1684,0.1821,-0.4041,1.6123,-0.0407,0.1929,0.1971,0.9074
38.8402,0.5023,1.6045,-0.0706,0.1679,0.1821,-0.4047,1.6138,-0.0420,0.1935,0.1980,0.9070
38.8405,0.5010,1.6063,-0.0706,0.1679,0.1821,-0.4054,1.6154,-0.0433,0.1939,0.1987,0.9065
38.8499,0.5000,1.6078,-0.0735,0.1675,0.1829,-0.4060,1.6168,-0.0447,0.1942,0.1993,0.9061
38.8502,0.4990,1.6095,-0.0735,0.1675,0.1829,-0.4067,1.6185,-0.0460,0.1940,0.1994,0.9058
38.8706,0.4982,1.6108,-0.0755,0.1662,0.1826,-0.4073,1.6199,-0.0474,0.1942,0.1999,0.9056
38.8802,0.4973,1.6125,-0.0760,0.1652,0.1818,-0.4081,1.6216,-0.0485,0.1940,0.1999,0.9054
38.8806,0.4965,1.6138,-0.0760,0.1652,0.1818,-0.4087,1.6229,-0.0485,0.1940,0.1999,0.9053
38.9002,0.4957,1.6153,-0.0773,0.1642,0.1815,-0.4094,1.6245,-0.0514,0.1946,0.2013,0.9051
38.9006,0.4948,1.6167,-0.0773,0.1642,0.1815,-0.4101,1.6261,-0.0528,0.1948,0.2018,0.9049
38.9099,0.4938,1.6183,-0.0790,0.1639,0.1819,-0.4108,1.6276,-0.0541,0.1951,0.2025,0.9046
38.9101,0.4938,1.6183,-0.0790,0.1639,0.1819,-0.4114,1.6292,-0.0541,0.1951,0.2025,0.9053
38.9301,0.4919,1.6211,-0.0805,0.1633,0.1821,-0.4121,1.6308,-0.0567,0.1944,0.2026,0.9041
38.9304,0.4909,1.6226,-0.0805,0.1633,0.1821,-0.4129,1.6325,-0.0582,0.1950,0.2035,0.9039
38.9503,0.4900,1.6240,-0.0825,0.1635,0.1831,-0.4136,1.6341,-0.0596,0.1948,0.2037,0.9037
38.9508,0.4891,1.6253,-0.0834,0.1637,0.1837,-0.4142,1.6356,-0.0611,0.1947,0.2041,0.9034
38.9599,0.4882,1.6265,-0.0843,0.1636,0.1841,-0.4149,1.6370,-0.0623,0.1946,0.2044,0.9032
38.9603,0.4872,1.6278,-0.0843,0.1636,0.1841,-0.4156,1.6386,-0.0635,0.1945,0.2046,0.9028
38.9801,0.4862,1.6291,-0.0869,0.1640,0.1856,-0.4163,1.6400,-0.0648,0.1945,0.2050,0.9025
38.9805,0.4852,1.6303,-0.0884,0.1642,0.1864,-0.4169,1.6414,-0.0659,0.1942,0.2051,0.9022
39.0001,0.4841,1.6317,-0.0897,0.1643,0.1871,-0.4177,1.6430,-0.0668,0.1936,0.2048,0.9019
39.0004,0.4832,1.6330,-0.0914,0.1649,0.1885,-0.4184,1.6444,-0.0679,0.1936,0.2051,0.9016
39.0102,0.4821,1.6346,-0.0926,0.1652,0.1894,-0.4192,1.6459,-0.0687,0.1932,0.2051,0.9014
39.0106,0.4812,1.6360,-0.0926,0.1652,0.1894,-0.4199,1.6472,-0.0687,0.1932,0.2051,0.9012
39.0304,0.4800,1.6376,-0.0951,0.1666,0.1918,-0.4207,1.6487,-0.0703,0.1927,0.2052,0.9008
39.0309,0.4789,1.6391,-0.0966,0.1671,0.1931,-0.4214,1.6500,-0.0712,0.1921,0.2048,0.9004
39.0506,0.4773,1.6408,-0.0979,0.1672,0.1937,-0.4223,1.6514,-0.0716,0.1909,0.2038,0.8997
39.0509,0.4762,1.6421,-0.1001,0.1681,0.1957,-0.4229,1.6525,-0.0726,0.1906,0.2040,0.8992
39.0609,0.4736,1.6448,-0.1015,0.1679,0.1962,-0.4238,1.6537,-0.0732,0.1894,0.2031,0.8974
39.0612,0.4736,1.6448,-0.1015,0.1679,0.1962,-0.4247,1.6549,-0.0740,0.1881,0.2021,0.8984
39.0800,0.4724,1.6461,-0.1039,0.1672,0.1969,-0.4257,1.6561,-0.0750,0.1868,0.2013,0.8981
39.0803,0.4715,1.6471,-0.1039,0.1672,0.1969,-0.4264,1.6571,-0.0750,0.1868,0.2013,0.8980
39.0899,0.4703,1.6485,-0.1060,0.1666,0.1974,-0.4274,1.6582,-0.0773,0.1847,0.2002,0.8977
39.0902,0.4688,1.6501,-0.1060,0.1666,0.1974,-0.4284,1.6593,-0.0784,0.1830,0.1991,0.8973
39.1103,0.4675,1.6515,-0.1085,0.1665,0.1988,-0.4293,1.6603,-0.0796,0.1820,0.1987,0.8968
39.1207,0.4658,1.6533,-0.1099,0.1663,0.1993,-0.4303,1.6616,-0.0806,0.1805,0.1977,0.8962
39.1210,0.4644,1.6547,-0.1099,0.1663,0.1993,-0.4312,1.6626,-0.0806,0.1805,0.1977,0.8957
39.1403,0.4627,1.6563,-0.1138,0.1675,0.2025,-0.4325,1.6638,-0.0828,0.1782,0.1965,0.8952
39.1407,0.4613,1.6577,-0.1163,0.1682,0.2045,-0.4336,1.6649,-0.0845,0.1773,0.1964,0.8949
39.1503,0.4600,1.6591,-0.1180,0.1683,0.2055,-0.4349,1.6661,-0.0858,0.1761,0.1959,0.8949
39.1507,0.4585,1.6606,-0.1180,0.1683,0.2055,-0.4362,1.6673,-0.0874,0.1752,0.1958,0.8947
39.1705,0.4572,1.6620,-0.1215,0.1685,0.2077,-0.4374,1.6684,-0.0891,0.1746,0.1960,0.8946
39.1709,0.4558,1.6634,-0.1228,0.1680,0.2081,-0.4387,1.6694,-0.0903,0.1732,0.1953,0.8945
39.1806,0.4543,1.6650,-0.1243,0.1684,0.2093,-0.4399,1.6705,-0.0918,0.1724,0.1953,0.8942
39.1809,0.4525,1.6669,-0.1260,0.1689,0.2108,-0.4413,1.6717,-0.0933,0.1717,0.1954,0.8939
39.2002,0.4510,1.6683,-0.1282,0.1700,0.2129,-0.4426,1.6727,-0.0952,0.1712,0.1959,0.8937
39.2007,0.4510,1.6683,-0.1282,0.1700,0.2129,-0.4440,1.6738,-0.0968,0.1701,0.1957,0.8951
39.2204,0.4480,1.6715,-0.1315,0.1712,0.2159,-0.4452,1.6749,-0.0982,0.1687,0.1952,0.8932
39.2207,0.4465,1.6730,-0.1331,0.1716,0.2172,-0.4466,1.6760,-0.0993,0.1676,0.1948,0.8931
39.2305,0.4449,1.6746,-0.1349,0.1720,0.2186,-0.4480,1.6772,-0.1009,0.1665,0.1946,0.8930
39.2307,0.4432,1.6763,-0.1349,0.1720,0.2186,-0.4496,1.6783,-0.1009,0.1665,0.1946,0.8928
39.2502,0.4417,1.6777,-0.1387,0.1730,0.2218,-0.4509,1.6792,-0.1041,0.1647,0.1949,0.8926
39.2506,0.4402,1.6792,-0.1398,0.1726,0.2221,-0.4521,1.6800,-0.1051,0.1630,0.1940,0.8923
39.2704,0.4383,1.6811,-0.1410,0.1726,0.2229,-0.4535,1.6809,-0.1062,0.1614,0.1932,0.8918
39.2707,0.4367,1.6826,-0.1410,0.1726,0.2229,-0.4546,1.6817,-0.1062,0.1614,0.1932,0.8914
39.2802,0.4351,1.6843,-0.1441,0.1736,0.2256,-0.4559,1.6826,-0.1087,0.1584,0.1921,0.8910
39.2805,0.4336,1.6859,-0.1441,0.1736,0.2256,-0.4572,1.6834,-0.1087,0.1584,0.1921,0.8908
39.3007,0.4321,1.6875,-0.1466,0.1751,0.2284,-0.4586,1.6844,-0.1112,0.1552,0.1909,0.8907
39.3010,0.4307,1.6890,-0.1478,0.1761,0.2300,-0.4599,1.6853,-0.1126,0.1537,0.1906,0.8906
39.3205,0.4291,1.6906,-0.1491,0.1771,0.2315,-0.4613,1.6861,-0.1142,0.1524,0.1905,0.8905
39.3209,0.4273,1.6926,-0.1503,0.1779,0.2329,-0.4629,1.6870,-0.1157,0.1509,0.1902,0.8901
39.3299,0.4258,1.6941,-0.1520,0.1790,0.2348,-0.4641,1.6876,-0.1176,0.1494,0.1901,0.8899
39.3303,0.4241,1.6959,-0.1530,0.1791,0.2355,-0.4656,1.6883,-0.1187,0.1475,0.1893,0.8896
39.3501,0.4226,1.6975,-0.1540,0.1792,0.2362,-0.4668,1.6888,-0.1203,0.1457,0.1889,0.8894
39.3504,0.4226,1.6975,-0.1540,0.1792,0.2362,-0.4681,1.6895,-0.1203,0.1457,0.1889,0.8907
39.3706,0.4194,1.7009,-0.1562,0.1796,0.2380,-0.4695,1.6902,-0.1228,0.1419,0.1876,0.8889
39.3711,0.4177,1.7025,-0.1562,0.1796,0.2380,-0.4712,1.6911,-0.1244,0.1406,0.1877,0.8889
39.3798,0.4159,1.7044,-0.1592,0.1801,0.2404,-0.4731,1.6921,-0.1262,0.1390,0.1877,0.8891
39.3801,0.4146,1.7059,-0.1592,0.1801,0.2404,-0.4748,1.6930,-0.1262,0.1390,0.1877,0.8894
39.4003,0.4129,1.7077,-0.1622,0.1814,0.2433,-0.4767,1.6941,-0.1307,0.1370,0.1893,0.8897
39.4006,0.4113,1.7095,-0.1622,0.1814,0.2433,-0.4786,1.6951,-0.1307,0.1370,0.1893,0.8900
39.4205,0.4096,1.7113,-0.1650,0.1825,0.2460,-0.4804,1.6960,-0.1356,0.1349,0.1912,0.8901
39.4210,0.4080,1.7131,-0.1650,0.1825,0.2460,-0.4821,1.6967,-0.1380,0.1336,0.1921,0.8902
39.4300,0.4064,1.7148,-0.1678,0.1839,0.2490,-0.4837,1.6975,-0.1399,0.1318,0.1922,0.8903
39.4305,0.4050,1.7164,-0.1678,0.1839,0.2490,-0.4852,1.6981,-0.1417,0.1299,0.1923,0.8904
39.4502,0.4032,1.7183,-0.1700,0.1848,0.2511,-0.4872,1.6989,-0.1432,0.1280,0.1921,0.8907
39.4505,0.4019,1.7200,-0.1718,0.1861,0.2533,-0.4890,1.6997,-0.1432,0.1280,0.1921,0.8911
39.4707,0.4003,1.7219,-0.1727,0.1870,0.2545,-0.4912,1.7007,-0.1483,0.1254,0.1942,0.8917
39.4710,0.3989,1.7237,-0.1737,0.1881,0.2560,-0.4931,1.7015,-0.1511,0.1242,0.1956,0.8923
39.4802,0.3974,1.7255,-0.1745,0.1892,0.2574,-0.4951,1.7022,-0.1537,0.1230,0.1969,0.8927
39.4803,0.3957,1.7275,-0.1745,0.1892,0.2574,-0.4972,1.7031,-0.1537,0.1230,0.1969,0.8932
39.5001,0.3942,1.7291,-0.1767,0.1915,0.2606,-0.4989,1.7038,-0.1588,0.1203,0.1992,0.8935
39.5004,0.3927,1.7310,-0.1767,0.1915,0.2606,-0.5011,1.7046,-0.1610,0.1188,0.2001,0.8941
39.5100,0.3913,1.7327,-0.1789,0.1928,0.2630,-0.5028,1.7053,-0.1637,0.1174,0.2014,0.8946
39.5103,0.3898,1.7346,-0.1789,0.1928,0.2630,-0.5049,1.7061,-0.1637,0.1174,0.2014,0.8952
39.5304,0.3886,1.7362,-0.1804,0.1939,0.2649,-0.5068,1.7069,-0.1684,0.1149,0.2038,0.8959
39.5307,0.3872,1.7379,-0.1806,0.1941,0.2651,-0.5091,1.7077,-0.1708,0.1138,0.2053,0.8968
39.5504,0.3858,1.7396,-0.1803,0.1942,0.2649,-0.5113,1.7085,-0.1735,0.1126,0.2068,0.8976
39.5507,0.3846,1.7412,-0.1807,0.1951,0.2659,-0.5133,1.7091,-0.1767,0.1121,0.2092,0.8985
39.5601,0.3816,1.7451,-0.1805,0.1955,0.2661,-0.5156,1.7098,-0.1792,0.1108,0.2107,0.8979
39.5604,0.3816,1.7451,-0.1805,0.1955,0.2661,-0.5177,1.7103,-0.1792,0.1108,0.2107,0.8999
39.5806,0.3803,1.7468,-0.1816,0.1980,0.2687,-0.5196,1.7108,-0.1840,0.1084,0.2136,0.9005
39.5809,0.3789,1.7486,-0.1816,0.1980,0.2687,-0.5216,1.7114,-0.1863,0.1075,0.2151,0.9012
39.6004,0.3773,1.7506,-0.1828,0.2002,0.2711,-0.5239,1.7120,-0.1884,0.1064,0.2163,0.9020
39.6007,0.3760,1.7521,-0.1828,0.2002,0.2711,-0.5260,1.7127,-0.1909,0.1054,0.2181,0.9029
39.6202,0.3731,1.7555,-0.1828,0.2015,0.2721,-0.5286,1.7138,-0.1934,0.1048,0.2199,0.9027
39.6205,0.3731,1.7555,-0.1828,0.2015,0.2721,-0.5307,1.7145,-0.1965,0.1044,0.2226,0.9048
39.6303,0.3716,1.7574,-0.1825,0.2017,0.2720,-0.5332,1.7155,-0.1989,0.1038,0.2244,0.9058
39.6307,0.3700,1.7595,-0.1825,0.2017,0.2720,-0.5356,1.7166,-0.2016,0.1033,0.2265,0.9066
39.6503,0.3686,1.7611,-0.1827,0.2036,0.2736,-0.5378,1.7175,-0.2041,0.1033,0.2287,0.9074
39.6507,0.3672,1.7625,-0.1827,0.2036,0.2736,-0.5399,1.7184,-0.2059,0.1028,0.2301,0.9082
39.6601,0.3659,1.7640,-0.1825,0.2038,0.2736,-0.5421,1.7194,-0.2073,0.1022,0.2312,0.9091
39.6605,0.3645,1.7657,-0.1825,0.2040,0.2737,-0.5446,1.7205,-0.2093,0.1020,0.2329,0.9102
39.6802,0.3633,1.7672,-0.1827,0.2046,0.2743,-0.5467,1.7214,-0.2118,0.1022,0.2352,0.9112
39.6805,0.3622,1.7687,-0.1827,0.2046,0.2743,-0.5490,1.7222,-0.2137,0.1018,0.2367,0.9124
39.7007,0.3610,1.7703,-0.1806,0.2036,0.2721,-0.5513,1.7231,-0.2152,0.1010,0.2377,0.9135
39.7010,0.3597,1.7720,-0.1801,0.2039,0.2720,-0.5536,1.7241,-0.2173,0.1009,0.2395,0.9146
39.7102,0.3584,1.7736,-0.1794,0.2038,0.2716,-0.5560,1.7252,-0.2192,0.1006,0.2412,0.9157
39.7106,0.3571,1.7750,-0.1794,0.2038,0.2716,-0.5583,1.7262,-0.2216,0.1006,0.2434,0.9167
39.7303,0.3558,1.7764,-0.1788,0.2039,0.2712,-0.5609,1.7273,-0.2235,0.1004,0.2450,0.9179
39.7307,0.3547,1.7776,-0.1784,0.2037,0.2708,-0.5632,1.7282,-0.2256,0.1002,0.2469,0.9192
39.7504,0.3536,1.7789,-0.1771,0.2026,0.2691,-0.5656,1.7293,-0.2272,0.0998,0.2482,0.9205
39.7508,0.3524,1.7802,-0.1771,0.2026,0.2691,-0.5680,1.7304,-0.2272,0.0998,0.2482,0.9218
39.7707,0.3510,1.7817,-0.1755,0.2020,0.2676,-0.5706,1.7318,-0.2318,0.1008,0.2528,0.9230
39.7711,0.3501,1.7828,-0.1745,0.2013,0.2664,-0.5727,1.7326,-0.2343,0.1017,0.2554,0.9242
39.7802,0.3486,1.7843,-0.1733,0.2005,0.2650,-0.5753,1.7339,-0.2362,0.1019,0.2572,0.9253
39.7806,0.3472,1.7857,-0.1733,0.2005,0.2650,-0.5776,1.7350,-0.2362,0.1019,0.2572,0.9262
39.8001,0.3457,1.7870,-0.1728,0.1997,0.2640,-0.5800,1.7361,-0.2409,0.1031,0.2620,0.9272
39.8006,0.3445,1.7882,-0.1728,0.1997,0.2640,-0.5822,1.7370,-0.2429,0.1034,0.2640,0.9281
39.8104,0.3430,1.7895,-0.1724,0.1983,0.2628,-0.5848,1.7383,-0.2445,0.1035,0.2655,0.9292
39.8110,0.3418,1.7906,-0.1723,0.1978,0.2624,-0.5871,1.7395,-0.2470,0.1045,0.2682,0.9303
39.8304,0.3404,1.7918,-0.1710,0.1961,0.2602,-0.5896,1.7407,-0.2484,0.1049,0.2697,0.9314
39.8308,0.3388,1.7932,-0.1710,0.1961,0.2602,-0.5924,1.7422,-0.2510,0.1063,0.2725,0.9325
39.8406,0.3374,1.7943,-0.1706,0.1946,0.2588,-0.5946,1.7433,-0.2536,0.1078,0.2755,0.9334
39.8410,0.3358,1.7956,-0.1703,0.1937,0.2579,-0.5972,1.7447,-0.2556,0.1091,0.2779,0.9343
39.8602,0.3345,1.7967,-0.1703,0.1928,0.2572,-0.5992,1.7457,-0.2582,0.1105,0.2808,0.9351
39.8607,0.3327,1.7980,-0.1703,0.1928,0.2572,-0.6016,1.7470,-0.2595,0.1110,0.2823,0.9357
39.8803,0.3312,1.7991,-0.1699,0.1910,0.2556,-0.6038,1.7481,-0.2608,0.1118,0.2838,0.9364
39.8807,0.3296,1.8002,-0.1699,0.1910,0.2556,-0.6060,1.7494,-0.2608,0.1118,0.2838,0.9370
39.9001,0.3280,1.8013,-0.1699,0.1886,0.2539,-0.6084,1.7508,-0.2625,0.1128,0.2857,0.9377
39.9004,0.3263,1.8024,-0.1699,0.1886,0.2539,-0.6108,1.7523,-0.2625,0.1128,0.2857,0.9384
39.9102,0.3245,1.8035,-0.1700,0.1859,0.2519,-0.6132,1.7538,-0.2644,0.1144,0.2881,0.9390
39.9106,0.3228,1.8045,-0.1700,0.1859,0.2519,-0.6155,1.7551,-0.2644,0.1144,0.2881,0.9397
39.9305,0.3211,1.8057,-0.1704,0.1828,0.2499,-0.6180,1.7566,-0.2669,0.1168,0.2913,0.9404
39.9308,0.3194,1.8067,-0.1707,0.1817,0.2493,-0.6203,1.7580,-0.2685,0.1183,0.2934,0.9410
39.9401,0.3155,1.8092,-0.1712,0.1806,0.2489,-0.6229,1.7596,-0.2701,0.1198,0.2955,0.9397
39.9404,0.3155,1.8092,-0.1712,0.1806,0.2489,-0.6253,1.7611,-0.2701,0.1198,0.2955,0.9420
39.9604,0.3138,1.8102,-0.1728,0.1784,0.2483,-0.6276,1.7624,-0.2725,0.1229,0.2990,0.9426
39.9609,0.3119,1.8112,-0.1728,0.1784,0.2483,-0.6297,1.7637,-0.2725,0.1229,0.2990,0.9428
39.9802,0.3100,1.8121,-0.1740,0.1750,0.2468,-0.6321,1.7651,-0.2732,0.1244,0.3002,0.9433
39.9806,0.3082,1.8131,-0.1740,0.1750,0.2468,-0.6343,1.7664,-0.2732,0.1244,0.3002,0.9437
39.9901,0.3063,1.8142,-0.1750,0.1713,0.2449,-0.6364,1.7678,-0.2743,0.1266,0.3022,0.9439
40.0000,0.3042,1.8155,-0.1759,0.1702,0.2448,-0.6389,1.7695,-0.2751,0.1282,0.3035,0.9443
40.0003,0.3027,1.8165,-0.1759,0.1702,0.2448,-0.6408,1.7708,-0.2757,0.1298,0.3047,0.9446
40.0203,0.3006,1.8179,-0.1774,0.1677,0.2441,-0.6433,1.7724,-0.2760,0.1310,0.3055,0.9450
40.0205,0.2988,1.8190,-0.1774,0.1677,0.2441,-0.6454,1.7738,-0.2760,0.1310,0.3055,0.9453
40.0402,0.2969,1.8202,-0.1796,0.1658,0.2444,-0.6478,1.7754,-0.2772,0.1338,0.3078,0.9457
40.0405,0.2952,1.8212,-0.1806,0.1645,0.2443,-0.6499,1.7768,-0.2774,0.1353,0.3087,0.9461
40.0504,0.2932,1.8224,-0.1813,0.1631,0.2439,-0.6522,1.7784,-0.2772,0.1365,0.3090,0.9465
40.0508,0.2914,1.8236,-0.1813,0.1631,0.2439,-0.6545,1.7801,-0.2778,0.1386,0.3104,0.9469
40.0701,0.2894,1.8249,-0.1836,0.1610,0.2442,-0.6567,1.7817,-0.2779,0.1406,0.3114,0.9471
40.0704,0.2873,1.8262,-0.1844,0.1596,0.2438,-0.6591,1.7835,-0.2781,0.1428,0.3126,0.9475
40.0899,0.2853,1.8274,-0.1858,0.1588,0.2444,-0.6613,1.7851,-0.2791,0.1454,0.3147,0.9475
40.0902,0.2831,1.8288,-0.1858,0.1588,0.2444,-0.6636,1.7868,-0.2795,0.1475,0.3160,0.9476
40.0998,0.2811,1.8299,-0.1884,0.1563,0.2448,-0.6656,1.7883,-0.2793,0.1496,0.3169,0.9477
40.1001,0.2790,1.8312,-0.1884,0.1563,0.2448,-0.6678,1.7900,-0.2793,0.1496,0.3169,0.9477
40.1201,0.2771,1.8323,-0.1908,0.1543,0.2454,-0.6699,1.7916,-0.2784,0.1524,0.3174,0.9479
40.1205,0.2750,1.8335,-0.1921,0.1535,0.2459,-0.6721,1.7933,-0.2785,0.1541,0.3182,0.9480
40.1403,0.2710,1.8358,-0.1937,0.1502,0.2451,-0.6739,1.7946,-0.2778,0.1555,0.3184,0.9458
40.1406,0.2710,1.8358,-0.1937,0.1502,0.2451,-0.6761,1.7963,-0.2767,0.1561,0.3177,0.9479
40.1500,0.2694,1.8368,-0.1951,0.1495,0.2458,-0.6777,1.7976,-0.2765,0.1576,0.3182,0.9479
40.1504,0.2672,1.8380,-0.1951,0.1495,0.2458,-0.6799,1.7993,-0.2757,0.1583,0.3179,0.9478
40.1703,0.2648,1.8395,-0.1975,0.1481,0.2469,-0.6823,1.8014,-0.2756,0.1599,0.3187,0.9479
40.1706,0.2631,1.8405,-0.1975,0.1481,0.2469,-0.6842,1.8029,-0.2755,0.1619,0.3195,0.9481
40.1802,0.2607,1.8421,-0.2004,0.1466,0.2483,-0.6870,1.8053,-0.2748,0.1631,0.3196,0.9484
40.1806,0.2587,1.8433,-0.2031,0.1469,0.2507,-0.6892,1.8071,-0.2748,0.1631,0.3196,0.9486
40.2004,0.2566,1.8445,-0.2046,0.1461,0.2514,-0.6913,1.8090,-0.2758,0.1680,0.3230,0.9486
40.2009,0.2547,1.8456,-0.2046,0.1461,0.2514,-0.6933,1.8106,-0.2753,0.1698,0.3235,0.9486
40.2203,0.2527,1.8467,-0.2074,0.1441,0.2526,-0.6952,1.8124,-0.2745,0.1709,0.3233,0.9485
40.2206,0.2507,1.8479,-0.2074,0.1441,0.2526,-0.6971,1.8139,-0.2737,0.1724,0.3234,0.9484
40.2305,0.2483,1.8494,-0.2102,0.1430,0.2543,-0.6995,1.8158,-0.2725,0.1732,0.3229,0.9483
40.2308,0.2462,1.8507,-0.2128,0.1437,0.2568,-0.7015,1.8174,-0.2726,0.1750,0.3239,0.9482
40.2402,0.2442,1.8518,-0.2148,0.1437,0.2584,-0.7033,1.8189,-0.2717,0.1762,0.3238,0.9481
40.2601,0.2418,1.8532,-0.2164,0.1432,0.2595,-0.7056,1.8209,-0.2706,0.1771,0.3234,0.9479
40.2606,0.2400,1.8541,-0.2185,0.1430,0.2611,-0.7074,1.8224,-0.2699,0.1783,0.3234,0.9479
40.2701,0.2378,1.8552,-0.2202,0.1427,0.2623,-0.7095,1.8242,-0.2693,0.1797,0.3238,0.9478
40.2706,0.2357,1.8562,-0.2216,0.1418,0.2630,-0.7116,1.8259,-0.2683,0.1807,0.3235,0.9477
40.2899,0.2335,1.8574,-0.2231,0.1411,0.2640,-0.7138,1.8277,-0.2679,0.1819,0.3238,0.9477
40.2901,0.2314,1.8586,-0.2231,0.1411,0.2640,-0.7161,1.8296,-0.2679,0.1819,0.3238,0.9480
40.3104,0.2293,1.8598,-0.2261,0.1407,0.2663,-0.7183,1.8313,-0.2678,0.1851,0.3255,0.9480
40.3107,0.2271,1.8612,-0.2261,0.1407,0.2663,-0.7205,1.8332,-0.2669,0.1860,0.3253,0.9480
40.3202,0.2251,1.8623,-0.2294,0.1411,0.2693,-0.7225,1.8348,-0.2669,0.1875,0.3262,0.9480
40.3207,0.2228,1.8636,-0.2305,0.1410,0.2702,-0.7247,1.8367,-0.2658,0.1881,0.3256,0.9479
40.3402,0.2209,1.8646,-0.2319,0.1407,0.2712,-0.7265,1.8381,-0.2647,0.1890,0.3253,0.9478
40.3406,0.2186,1.8658,-0.2319,0.1407,0.2712,-0.7285,1.8399,-0.2639,0.1896,0.3250,0.9475
40.3601,0.2166,1.8669,-0.2343,0.1403,0.2731,-0.7306,1.8415,-0.2626,0.1903,0.3243,0.9475
40.3606,0.2142,1.8682,-0.2343,0.1403,0.2731,-0.7327,1.8431,-0.2626,0.1903,0.3243,0.9473
40.3801,0.2122,1.8693,-0.2370,0.1403,0.2754,-0.7347,1.8446,-0.2623,0.1923,0.3252,0.9472
40.3804,0.2099,1.8706,-0.2380,0.1403,0.2763,-0.7370,1.8463,-0.2623,0.1923,0.3252,0.9472
40.3902,0.2078,1.8716,-0.2395,0.1406,0.2777,-0.7389,1.8479,-0.2620,0.1938,0.3259,0.9470
40.3907,0.2056,1.8727,-0.2395,0.1406,0.2777,-0.7411,1.8493,-0.2620,0.1938,0.3259,0.9470
40.4101,0.2035,1.8737,-0.2413,0.1406,0.2792,-0.7432,1.8509,-0.2607,0.1941,0.3250,0.9470
40.4103,0.2015,1.8748,-0.2413,0.1406,0.2792,-0.7454,1.8525,-0.2607,0.1941,0.3250,0.9471
40.4307,0.1993,1.8759,-0.2427,0.1407,0.2806,-0.7476,1.8542,-0.2597,0.1949,0.3247,0.9472
40.4312,0.1974,1.8768,-0.2435,0.1404,0.2810,-0.7497,1.8557,-0.2592,0.1952,0.3245,0.9474
40.4401,0.1955,1.8778,-0.2439,0.1402,0.2813,-0.7519,1.8573,-0.2589,0.1956,0.3244,0.9476
40.4403,0.1932,1.8789,-0.2437,0.1396,0.2809,-0.7542,1.8592,-0.2580,0.1954,0.3236,0.9476
40.4603,0.1911,1.8798,-0.2447,0.1394,0.2816,-0.7563,1.8608,-0.2580,0.1962,0.3241,0.9476
40.4608,0.1889,1.8809,-0.2447,0.1394,0.2816,-0.7585,1.8625,-0.2580,0.1962,0.3241,0.9477
40.4700,0.1865,1.8821,-0.2459,0.1395,0.2827,-0.7607,1.8644,-0.2576,0.1977,0.3247,0.9474
40.4703,0.1844,1.8831,-0.2459,0.1395,0.2827,-0.7627,1.8658,-0.2576,0.1977,0.3247,0.9473
40.4899,0.1824,1.8840,-0.2476,0.1398,0.2843,-0.7647,1.8672,-0.2568,0.1988,0.3247,0.9472
40.4902,0.1802,1.8849,-0.2476,0.1398,0.2843,-0.7667,1.8688,-0.2568,0.1988,0.3247,0.9470
40.5103,0.1780,1.8859,-0.2480,0.1388,0.2842,-0.7688,1.8704,-0.2555,0.1986,0.3236,0.9470
40.5107,0.1759,1.8868,-0.2480,0.1388,0.2842,-0.7709,1.8719,-0.2560,0.1993,0.3245,0.9469
40.5200,0.1737,1.8878,-0.2495,0.1378,0.2850,-0.7731,1.8736,-0.2552,0.1991,0.3236,0.9469
40.5203,0.1715,1.8887,-0.2495,0.1378,0.2850,-0.7753,1.8752,-0.2552,0.1991,0.3236,0.9469
40.5403,0.1693,1.8895,-0.2508,0.1370,0.2858,-0.7774,1.8766,-0.2551,0.1996,0.3239,0.9467
40.5406,0.1672,1.8904,-0.2517,0.1366,0.2864,-0.7795,1.8782,-0.2550,0.1997,0.3239,0.9468
40.5604,0.1649,1.8914,-0.2519,0.1360,0.2863,-0.7816,1.8799,-0.2545,0.1996,0.3235,0.9466
40.5606,0.1629,1.8923,-0.2529,0.1356,0.2870,-0.7835,1.8814,-0.2542,0.1997,0.3233,0.9464
40.5702,0.1604,1.8933,-0.2531,0.1348,0.2867,-0.7858,1.8832,-0.2535,0.1994,0.3226,0.9462
40.5704,0.1583,1.8942,-0.2531,0.1348,0.2867,-0.7877,1.8846,-0.2535,0.1994,0.3226,0.9460
40.5903,0.1561,1.8951,-0.2540,0.1334,0.2869,-0.7899,1.8863,-0.2527,0.1991,0.3217,0.9460
40.5906,0.1541,1.8958,-0.2540,0.1334,0.2869,-0.7916,1.8875,-0.2527,0.1991,0.3217,0.9458
40.6111,0.1519,1.8967,-0.2540,0.1317,0.2861,-0.7937,1.8892,-0.2520,0.1985,0.3207,0.9456
40.6116,0.1498,1.8975,-0.2540,0.1317,0.2861,-0.7957,1.8907,-0.2517,0.1983,0.3204,0.9455
40.6204,0.1478,1.8983,-0.2547,0.1304,0.2862,-0.7977,1.8922,-0.2515,0.1983,0.3203,0.9455
40.6207,0.1456,1.8991,-0.2547,0.1304,0.2862,-0.7997,1.8937,-0.2515,0.1983,0.3203,0.9453
40.6403,0.1435,1.8998,-0.2550,0.1290,0.2858,-0.8018,1.8952,-0.2515,0.1981,0.3201,0.9453
40.6406,0.1412,1.9006,-0.2551,0.1280,0.2854,-0.8038,1.8966,-0.2516,0.1978,0.3200,0.9450
40.6604,0.1390,1.9014,-0.2564,0.1277,0.2864,-0.8059,1.8982,-0.2522,0.1980,0.3207,0.9449
40.6607,0.1368,1.9022,-0.2564,0.1277,0.2864,-0.8080,1.8998,-0.2522,0.1980,0.3207,0.9448
40.6704,0.1347,1.9030,-0.2561,0.1255,0.2852,-0.8099,1.9013,-0.2514,0.1968,0.3192,0.9446
40.6710,0.1326,1.9037,-0.2561,0.1255,0.2852,-0.8120,1.9029,-0.2514,0.1967,0.3192,0.9446
40.6902,0.1306,1.9043,-0.2561,0.1232,0.2842,-0.8141,1.9045,-0.2501,0.1952,0.3172,0.9447
40.6905,0.1284,1.9049,-0.2561,0.1232,0.2842,-0.8162,1.9061,-0.2498,0.1947,0.3167,0.9446
40.7104,0.1263,1.9053,-0.2564,0.1208,0.2834,-0.8183,1.9077,-0.2498,0.1941,0.3163,0.9447
40.7107,0.1241,1.9058,-0.2564,0.1208,0.2834,-0.8206,1.9095,-0.2498,0.1941,0.3163,0.9446
40.7200,0.1219,1.9061,-0.2573,0.1181,0.2831,-0.8226,1.9111,-0.2508,0.1943,0.3172,0.9445
40.7204,0.1200,1.9063,-0.2573,0.1181,0.2831,-0.8245,1.9126,-0.2508,0.1943,0.3172,0.9445
40.7404,0.1179,1.9065,-0.2566,0.1137,0.2807,-0.8265,1.9141,-0.2501,0.1937,0.3164,0.9444
40.7407,0.1158,1.9068,-0.2566,0.1137,0.2807,-0.8283,1.9156,-0.2500,0.1935,0.3161,0.9442
40.7604,0.1136,1.9071,-0.2568,0.1099,0.2793,-0.8305,1.9172,-0.2501,0.1932,0.3161,0.9441
40.7607,0.1115,1.9075,-0.2565,0.1078,0.2782,-0.8323,1.9188,-0.2498,0.1926,0.3154,0.9438
40.7703,0.1094,1.9077,-0.2570,0.1066,0.2782,-0.8342,1.9204,-0.2498,0.1927,0.3155,0.9437
40.7707,0.1075,1.9079,-0.2570,0.1066,0.2782,-0.8361,1.9219,-0.2494,0.1923,0.3150,0.9437
40.7902,0.1055,1.9081,-0.2563,0.1034,0.2763,-0.8381,1.9236,-0.2491,0.1919,0.3144,0.9437
40.7907,0.1034,1.9083,-0.2559,0.1015,0.2753,-0.8404,1.9257,-0.2486,0.1918,0.3140,0.9439
40.8102,0.1015,1.9084,-0.2562,0.0995,0.2748,-0.8425,1.9275,-0.2486,0.1923,0.3143,0.9442
40.8106,0.0999,1.9085,-0.2562,0.0995,0.2748,-0.8443,1.9292,-0.2484,0.1924,0.3142,0.9444
40.8199,0.0979,1.9087,-0.2544,0.0947,0.2714,-0.8463,1.9310,-0.2476,0.1919,0.3133,0.9444
40.8204,0.0958,1.9088,-0.2544,0.0947,0.2714,-0.8485,1.9328,-0.2476,0.1919,0.3133,0.9446
40.8399,0.0939,1.9090,-0.2540,0.0906,0.2696,-0.8504,1.9344,-0.2475,0.1922,0.3134,0.9447
40.8402,0.0916,1.9092,-0.2539,0.0888,0.2690,-0.8525,1.9362,-0.2478,0.1925,0.3138,0.9445
40.8499,0.0895,1.9093,-0.2540,0.0867,0.2684,-0.8545,1.9380,-0.2480,0.1928,0.3141,0.9444
40.8502,0.0874,1.9095,-0.2540,0.0867,0.2684,-0.8564,1.9397,-0.2478,0.1931,0.3142,0.9443
40.8698,0.0854,1.9096,-0.2537,0.0825,0.2668,-0.8582,1.9418,-0.2473,0.1932,0.3138,0.9441
40.8701,0.0835,1.9097,-0.2537,0.0825,0.2668,-0.8599,1.9435,-0.2473,0.1932,0.3138,0.9440
40.8899,0.0814,1.9098,-0.2528,0.0782,0.2646,-0.8618,1.9452,-0.2459,0.1944,0.3134,0.9438
40.8902,0.0793,1.9101,-0.2528,0.0782,0.2646,-0.8637,1.9470,-0.2457,0.1947,0.3135,0.9437
40.8998,0.0774,1.9103,-0.2527,0.0747,0.2636,-0.8657,1.9488,-0.2453,0.1954,0.3136,0.9439
40.9000,0.0755,1.9105,-0.2527,0.0747,0.2636,-0.8676,1.9505,-0.2453,0.1954,0.3136,0.9439
40.9205,0.0733,1.9108,-0.2519,0.0714,0.2618,-0.8696,1.9524,-0.2444,0.1958,0.3131,0.9439
40.9209,0.0715,1.9109,-0.2519,0.0714,0.2618,-0.8714,1.9540,-0.2444,0.1958,0.3131,0.9439
40.9403,0.0693,1.9111,-0.2519,0.0682,0.2610,-0.8735,1.9559,-0.2433,0.1965,0.3128,0.9439
40.9408,0.0675,1.9112,-0.2524,0.0665,0.2610,-0.8753,1.9576,-0.2432,0.1973,0.3132,0.9440
40.9500,0.0656,1.9113,-0.2514,0.0646,0.2595,-0.8773,1.9595,-0.2422,0.1968,0.3120,0.9441
40.9505,0.0637,1.9114,-0.2514,0.0646,0.2595,-0.8792,1.9614,-0.2420,0.1973,0.3122,0.9442
40.9703,0.0620,1.9115,-0.2504,0.0610,0.2578,-0.8811,1.9632,-0.2413,0.1978,0.3121,0.9445
40.9707,0.0600,1.9117,-0.2504,0.0610,0.2578,-0.8832,1.9650,-0.2408,0.1976,0.3115,0.9447
40.9901,0.0583,1.9118,-0.2487,0.0573,0.2553,-0.8850,1.9666,-0.2410,0.1983,0.3120,0.9448
40.9905,0.0561,1.9121,-0.2487,0.0573,0.2553,-0.8871,1.9683,-0.2406,0.1986,0.3120,0.9449
41.0001,0.0543,1.9123,-0.2482,0.0543,0.2541,-0.8890,1.9699,-0.2410,0.1991,0.3126,0.9450
41.0004,0.0523,1.9124,-0.2475,0.0526,0.2530,-0.8907,1.9716,-0.2402,0.1989,0.3119,0.9449
41.0202,0.0504,1.9125,-0.2472,0.0512,0.2525,-0.8925,1.9732,-0.2397,0.1993,0.3117,0.9449
41.0204,0.0484,1.9126,-0.2465,0.0494,0.2514,-0.8945,1.9750,-0.2388,0.1991,0.3109,0.9450
41.0404,0.0463,1.9127,-0.2462,0.0479,0.2508,-0.8967,1.9767,-0.2384,0.1996,0.3110,0.9451
41.0407,0.0443,1.9128,-0.2460,0.0464,0.2503,-0.8985,1.9782,-0.2386,0.2002,0.3114,0.9451
41.0501,0.0404,1.9128,-0.2455,0.0428,0.2492,-0.9005,1.9798,-0.2381,0.2000,0.3109,0.9433
41.0502,0.0404,1.9128,-0.2455,0.0428,0.2492,-0.9020,1.9809,-0.2378,0.1998,0.3106,0.9449
41.0702,0.0380,1.9128,-0.2449,0.0411,0.2483,-0.9042,1.9826,-0.2371,0.1990,0.3095,0.9448
41.0705,0.0359,1.9128,-0.2449,0.0411,0.2483,-0.9063,1.9841,-0.2370,0.1989,0.3094,0.9448
41.0901,0.0337,1.9128,-0.2448,0.0374,0.2477,-0.9084,1.9856,-0.2372,0.1989,0.3096,0.9449
41.0904,0.0319,1.9128,-0.2448,0.0374,0.2477,-0.9104,1.9869,-0.2372,0.1989,0.3096,0.9451
41.0998,0.0299,1.9128,-0.2446,0.0340,0.2469,-0.9124,1.9885,-0.2375,0.1988,0.3097,0.9454
41.1002,0.0299,1.9128,-0.2446,0.0340,0.2469,-0.9145,1.9901,-0.2375,0.1988,0.3097,0.9476
41.1203,0.0262,1.9125,-0.2432,0.0303,0.2451,-0.9166,1.9917,-0.2375,0.1987,0.3097,0.9462
41.1206,0.0243,1.9123,-0.2431,0.0283,0.2448,-0.9187,1.9932,-0.2375,0.1987,0.3097,0.9465
41.1301,0.0224,1.9122,-0.2426,0.0264,0.2440,-0.9208,1.9944,-0.2380,0.1990,0.3103,0.9467
41.1401,0.0202,1.9122,-0.2422,0.0247,0.2434,-0.9230,1.9959,-0.2379,0.1985,0.3098,0.9469
41.1404,0.0184,1.9122,-0.2421,0.0231,0.2432,-0.9247,1.9969,-0.2379,0.1985,0.3098,0.9469
41.1603,0.0161,1.9122,-0.2412,0.0215,0.2421,-0.9268,1.9983,-0.2377,0.1974,0.3090,0.9468
41.1607,0.0140,1.9122,-0.2412,0.0215,0.2421,-0.9287,1.9995,-0.2377,0.1974,0.3090,0.9468
41.1699,0.0118,1.9123,-0.2413,0.0186,0.2421,-0.9309,2.0010,-0.2376,0.1965,0.3084,0.9469
41.1702,0.0097,1.9123,-0.2413,0.0186,0.2421,-0.9331,2.0025,-0.2378,0.1962,0.3083,0.9472
41.1901,0.0078,1.9123,-0.2419,0.0159,0.2424,-0.9349,2.0037,-0.2382,0.1960,0.3084,0.9472
41.1905,0.0059,1.9124,-0.2419,0.0159,0.2424,-0.9369,2.0051,-0.2382,0.1960,0.3084,0.9474
41.2103,0.0039,1.9125,-0.2409,0.0141,0.2413,-0.9389,2.0064,-0.2372,0.1947,0.3069,0.9474
41.2106,0.0017,1.9126,-0.2403,0.0134,0.2407,-0.9409,2.0078,-0.2366,0.1937,0.3057,0.9475
41.2303,-0.0003,1.9127,-0.2404,0.0131,0.2407,-0.9429,2.0090,-0.2367,0.1935,0.3057,0.9476
41.2307,-0.0025,1.9128,-0.2405,0.0128,0.2408,-0.9451,2.0103,-0.2369,0.1928,0.3054,0.9476
41.2399,-0.0044,1.9129,-0.2408,0.0126,0.2411,-0.9470,2.0115,-0.2372,0.1924,0.3054,0.9477
41.2404,-0.0044,1.9129,-0.2408,0.0126,0.2411,-0.9488,2.0126,-0.2372,0.1924,0.3054,0.9496
41.2599,-0.0084,1.9129,-0.2398,0.0116,0.2401,-0.9508,2.0140,-0.2367,0.1909,0.3041,0.9479
41.2601,-0.0104,1.9129,-0.2398,0.0116,0.2401,-0.9529,2.0154,-0.2367,0.1909,0.3041,0.9481
41.2803,-0.0123,1.9129,-0.2395,0.0103,0.2397,-0.9550,2.0167,-0.2375,0.1902,0.3042,0.9484
41.2807,-0.0140,1.9128,-0.2395,0.0103,0.2397,-0.9570,2.0179,-0.2379,0.1897,0.3043,0.9489
41.2896,-0.0161,1.9126,-0.2391,0.0093,0.2393,-0.9592,2.0191,-0.2379,0.1886,0.3036,0.9491
41.2898,-0.0161,1.9126,-0.2391,0.0093,0.2393,-0.9613,2.0201,-0.2379,0.1886,0.3036,0.9513
41.3099,-0.0201,1.9122,-0.2389,0.0080,0.2390,-0.9634,2.0212,-0.2376,0.1852,0.3012,0.9496
41.3102,-0.0220,1.9120,-0.2389,0.0080,0.2390,-0.9655,2.0222,-0.2381,0.1840,0.3009,0.9499
41.3299,-0.0240,1.9119,-0.2398,0.0068,0.2399,-0.9675,2.0233,-0.2384,0.1825,0.3003,0.9500
41.3301,-0.0259,1.9118,-0.2398,0.0068,0.2399,-0.9694,2.0241,-0.2382,0.1810,0.2991,0.9502
41.3404,-0.0281,1.9117,-0.2395,0.0056,0.2396,-0.9715,2.0257,-0.2379,0.1795,0.2980,0.9503
41.3408,-0.0301,1.9116,-0.2395,0.0056,0.2396,-0.9736,2.0267,-0.2379,0.1795,0.2980,0.9505
41.3601,-0.0320,1.9115,-0.2391,0.0045,0.2392,-0.9755,2.0277,-0.2382,0.1774,0.2970,0.9506
41.3603,-0.0340,1.9113,-0.2391,0.0045,0.2392,-0.9774,2.0287,-0.2382,0.1774,0.2970,0.9507
41.3699,-0.0384,1.9109,-0.2388,0.0036,0.2389,-0.9795,2.0298,-0.2385,0.1738,0.2951,0.9486
41.3701,-0.0384,1.9109,-0.2388,0.0036,0.2389,-0.9817,2.0311,-0.2385,0.1738,0.2951,0.9510
41.3901,-0.0401,1.9107,-0.2395,0.0022,0.2395,-0.9836,2.0320,-0.2399,0.1717,0.2950,0.9512
41.3905,-0.0423,1.9103,-0.2395,0.0022,0.2395,-0.9859,2.0332,-0.2399,0.1717,0.2950,0.9515
41.4103,-0.0442,1.9100,-0.2394,0.0001,0.2394,-0.9877,2.0341,-0.2402,0.1688,0.2936,0.9516
41.4108,-0.0462,1.9096,-0.2394,0.0001,0.2394,-0.9900,2.0351,-0.2402,0.1688,0.2936,0.9520
41.4303,-0.0482,1.9093,-0.2392,-0.0022,0.2392,-0.9918,2.0359,-0.2407,0.1654,0.2920,0.9521
41.4307,-0.0501,1.9090,-0.2392,-0.0022,0.2392,-0.9938,2.0368,-0.2408,0.1639,0.2913,0.9524
41.4400,-0.0518,1.9087,-0.2387,-0.0041,0.2387,-0.9955,2.0376,-0.2406,0.1618,0.2899,0.9524
41.4403,-0.0541,1.9083,-0.2387,-0.0049,0.2387,-0.9978,2.0386,-0.2404,0.1599,0.2887,0.9527
41.4599,-0.0559,1.9080,-0.2394,-0.0059,0.2395,-0.9997,2.0393,-0.2411,0.1583,0.2884,0.9530
41.4603,-0.0579,1.9077,-0.2394,-0.0059,0.2395,-1.0018,2.0401,-0.2411,0.1557,0.2870,0.9531
41.4699,-0.0601,1.9074,-0.2398,-0.0076,0.2399,-1.0038,2.0408,-0.2413,0.1538,0.2861,0.9532
41.4701,-0.0621,1.9071,-0.2398,-0.0076,0.2399,-1.0058,2.0415,-0.2413,0.1538,0.2861,0.9533
41.4906,-0.0641,1.9069,-0.2406,-0.0094,0.2408,-1.0078,2.0423,-0.2416,0.1500,0.2844,0.9534
41.4911,-0.0661,1.9068,-0.2405,-0.0103,0.2407,-1.0098,2.0429,-0.2414,0.1479,0.2831,0.9534
41.5102,-0.0683,1.9066,-0.2409,-0.0110,0.2411,-1.0120,2.0437,-0.2416,0.1461,0.2824,0.9536
41.5108,-0.0704,1.9064,-0.2409,-0.0110,0.2411,-1.0141,2.0443,-0.2426,0.1442,0.2822,0.9537
41.5201,-0.0724,1.9063,-0.2416,-0.0122,0.2419,-1.0161,2.0450,-0.2431,0.1422,0.2816,0.9539
41.5204,-0.0743,1.9062,-0.2416,-0.0122,0.2419,-1.0179,2.0456,-0.2432,0.1400,0.2806,0.9538
41.5402,-0.0764,1.9060,-0.2413,-0.0131,0.2416,-1.0199,2.0462,-0.2425,0.1377,0.2788,0.9538
41.5405,-0.0764,1.9060,-0.2413,-0.0131,0.2416,-1.0219,2.0468,-0.2425,0.1377,0.2788,0.9559
41.5601,-0.0806,1.9055,-0.2413,-0.0140,0.2417,-1.0239,2.0473,-0.2428,0.1340,0.2773,0.9539
41.5604,-0.0827,1.9052,-0.2413,-0.0140,0.2417,-1.0259,2.0479,-0.2428,0.1340,0.2773,0.9539
41.5701,-0.0850,1.9049,-0.2415,-0.0152,0.2419,-1.0279,2.0484,-0.2433,0.1305,0.2761,0.9537
41.5704,-0.0871,1.9046,-0.2415,-0.0152,0.2419,-1.0298,2.0487,-0.2433,0.1305,0.2761,0.9537
41.5900,-0.0892,1.9044,-0.2415,-0.0164,0.2421,-1.0317,2.0490,-0.2429,0.1263,0.2738,0.9536
41.5904,-0.0914,1.9041,-0.2415,-0.0164,0.2421,-1.0337,2.0492,-0.2429,0.1263,0.2738,0.9534
41.6104,-0.0936,1.9039,-0.2426,-0.0173,0.2432,-1.0356,2.0493,-0.2426,0.1213,0.2712,0.9532
41.6108,-0.0957,1.9037,-0.2426,-0.0173,0.2432,-1.0376,2.0494,-0.2423,0.1185,0.2697,0.9531
41.6202,-0.0979,1.9035,-0.2439,-0.0174,0.2445,-1.0396,2.0495,-0.2420,0.1154,0.2681,0.9530
41.6205,-0.0998,1.9034,-0.2439,-0.0174,0.2445,-1.0413,2.0496,-0.2420,0.1154,0.2681,0.9528
41.6403,-0.1021,1.9031,-0.2444,-0.0176,0.2450,-1.0435,2.0498,-0.2410,0.1103,0.2651,0.9527
41.6407,-0.1041,1.9029,-0.2444,-0.0176,0.2450,-1.0454,2.0499,-0.2409,0.1078,0.2639,0.9527
41.6603,-0.1063,1.9025,-0.2450,-0.0186,0.2457,-1.0473,2.0501,-0.2413,0.1061,0.2636,0.9525
41.6607,-0.1083,1.9021,-0.2450,-0.0186,0.2457,-1.0491,2.0502,-0.2410,0.1036,0.2623,0.9525
41.6704,-0.1104,1.9014,-0.2446,-0.0204,0.2455,-1.0513,2.0503,-0.2408,0.1014,0.2613,0.9526
41.6706,-0.1123,1.9008,-0.2444,-0.0217,0.2454,-1.0532,2.0503,-0.2407,0.0985,0.2601,0.9527
41.6906,-0.1165,1.8997,-0.2440,-0.0229,0.2451,-1.0551,2.0504,-0.2400,0.0957,0.2584,0.9505
41.6909,-0.1165,1.8997,-0.2440,-0.0229,0.2451,-1.0572,2.0504,-0.2402,0.0933,0.2577,0.9527
41.7007,-0.1185,1.8994,-0.2449,-0.0253,0.2462,-1.0591,2.0505,-0.2406,0.0907,0.2571,0.9527
41.7103,-0.1207,1.8991,-0.2448,-0.0261,0.2462,-1.0612,2.0505,-0.2405,0.0881,0.2562,0.9526
41.7107,-0.1225,1.8989,-0.2448,-0.0261,0.2462,-1.0630,2.0505,-0.2405,0.0853,0.2552,0.9526
41.7303,-0.1247,1.8986,-0.2444,-0.0276,0.2459,-1.0652,2.0505,-0.2400,0.0830,0.2539,0.9526
41.7306,-0.1266,1.8982,-0.2446,-0.0285,0.2462,-1.0669,2.0505,-0.2402,0.0803,0.2533,0.9526
41.7506,-0.1287,1.8975,-0.2443,-0.0294,0.2461,-1.0691,2.0501,-0.2398,0.0779,0.2522,0.9527
41.7511,-0.1306,1.8967,-0.2443,-0.0294,0.2461,-1.0710,2.0496,-0.2405,0.0750,0.2519,0.9527
41.7703,-0.1326,1.8957,-0.2445,-0.0324,0.2466,-1.0728,2.0490,-0.2403,0.0711,0.2506,0.9527
41.7707,-0.1347,1.8947,-0.2445,-0.0324,0.2466,-1.0749,2.0484,-0.2403,0.0711,0.2506,0.9527
41.7799,-0.1364,1.8940,-0.2447,-0.0364,0.2474,-1.0766,2.0480,-0.2398,0.0633,0.2480,0.9528
41.7802,-0.1386,1.8931,-0.2447,-0.0364,0.2474,-1.0787,2.0475,-0.2391,0.0602,0.2466,0.9527
41.8003,-0.1405,1.8925,-0.2451,-0.0390,0.2482,-1.0806,2.0471,-0.2390,0.0567,0.2457,0.9528
41.8102,-0.1427,1.8920,-0.2452,-0.0397,0.2484,-1.0828,2.0467,-0.2387,0.0541,0.2448,0.9528
41.8106,-0.1447,1.8914,-0.2454,-0.0405,0.2487,-1.0847,2.0464,-0.2389,0.0511,0.2443,0.9527
41.8202,-0.1466,1.8908,-0.2454,-0.0412,0.2488,-1.0866,2.0459,-0.2384,0.0483,0.2433,0.9527
41.8206,-0.1487,1.8900,-0.2454,-0.0412,0.2488,-1.0887,2.0453,-0.2384,0.0483,0.2433,0.9527
41.8402,-0.1508,1.8891,-0.2456,-0.0435,0.2495,-1.0909,2.0446,-0.2386,0.0423,0.2423,0.9528
41.8406,-0.1528,1.8882,-0.2456,-0.0435,0.2495,-1.0929,2.0438,-0.2386,0.0423,0.2423,0.9529
41.8498,-0.1549,1.8873,-0.2453,-0.0467,0.2498,-1.0950,2.0429,-0.2386,0.0342,0.2411,0.9529
41.8501,-0.1569,1.8865,-0.2453,-0.0467,0.2498,-1.0971,2.0420,-0.2386,0.0342,0.2411,0.9530
41.8701,-0.1589,1.8857,-0.2458,-0.0497,0.2508,-1.0992,2.0411,-0.2393,0.0267,0.2408,0.9531
41.8706,-0.1612,1.8848,-0.2458,-0.0497,0.2508,-1.1014,2.0401,-0.2393,0.0267,0.2408,0.9530
41.8899,-0.1631,1.8840,-0.2456,-0.0524,0.2511,-1.1035,2.0394,-0.2394,0.0181,0.2400,0.9531
41.8902,-0.1653,1.8831,-0.2456,-0.0524,0.2511,-1.1058,2.0385,-0.2394,0.0181,0.2400,0.9532
41.8999,-0.1673,1.8823,-0.2460,-0.0545,0.2519,-1.1078,2.0378,-0.2399,0.0106,0.2401,0.9533
41.9001,-0.1695,1.8814,-0.2460,-0.0545,0.2519,-1.1101,2.0370,-0.2399,0.0106,0.2401,0.9534
41.9202,-0.1714,1.8807,-0.2465,-0.0565,0.2529,-1.1121,2.0362,-0.2403,0.0038,0.2404,0.9534
41.9207,-0.1736,1.8799,-0.2465,-0.0565,0.2529,-1.1141,2.0353,-0.2403,0.0038,0.2404,0.9533
41.9403,-0.1757,1.8791,-0.2471,-0.0583,0.2538,-1.1164,2.0344,-0.2406,-0.0030,0.2406,0.9535
41.9409,-0.1777,1.8782,-0.2476,-0.0593,0.2546,-1.1185,2.0334,-0.2417,-0.0064,0.2418,0.9535
41.9501,-0.1800,1.8771,-0.2472,-0.0602,0.2544,-1.1209,2.0323,-0.2413,-0.0104,0.2415,0.9536
41.9504,-0.1820,1.8763,-0.2482,-0.0618,0.2558,-1.1231,2.0312,-0.2413,-0.0104,0.2415,0.9538
41.9702,-0.1841,1.8753,-0.2482,-0.0630,0.2560,-1.1255,2.0301,-0.2428,-0.0177,0.2434,0.9541
41.9705,-0.1861,1.8744,-0.2482,-0.0630,0.2560,-1.1278,2.0292,-0.2434,-0.0214,0.2443,0.9544
41.9902,-0.1883,1.8733,-0.2480,-0.0655,0.2565,-1.1305,2.0281,-0.2440,-0.0247,0.2452,0.9548
41.9905,-0.1903,1.8724,-0.2480,-0.0655,0.2565,-1.1326,2.0272,-0.2440,-0.0247,0.2452,0.9549
42.0003,-0.1925,1.8713,-0.2484,-0.0687,0.2577,-1.1352,2.0260,-0.2457,-0.0314,0.2477,0.9553
42.0008,-0.1943,1.8705,-0.2484,-0.0687,0.2577,-1.1372,2.0251,-0.2457,-0.0314,0.2477,0.9555
42.0200,-0.1965,1.8694,-0.2479,-0.0719,0.2581,-1.1395,2.0239,-0.2463,-0.0385,0.2493,0.9556
42.0202,-0.1984,1.8685,-0.2482,-0.0737,0.2589,-1.1415,2.0229,-0.2468,-0.0421,0.2503,0.9557
42.0305,-0.2006,1.8673,-0.2481,-0.0754,0.2593,-1.1438,2.0217,-0.2473,-0.0453,0.2514,0.9557
42.0308,-0.2027,1.8662,-0.2484,-0.0774,0.2602,-1.1459,2.0206,-0.2478,-0.0489,0.2525,0.9557
42.0504,-0.2046,1.8653,-0.2484,-0.0791,0.2607,-1.1480,2.0196,-0.2479,-0.0524,0.2534,0.9559
42.0508,-0.2068,1.8642,-0.2484,-0.0791,0.2607,-1.1503,2.0185,-0.2482,-0.0554,0.2543,0.9560
42.0702,-0.2088,1.8632,-0.2482,-0.0820,0.2614,-1.1524,2.0175,-0.2488,-0.0586,0.2556,0.9562
42.0707,-0.2109,1.8622,-0.2476,-0.0834,0.2613,-1.1549,2.0164,-0.2491,-0.0617,0.2567,0.9565
42.0902,-0.2130,1.8612,-0.2477,-0.0849,0.2618,-1.1571,2.0153,-0.2500,-0.0647,0.2583,0.9566
42.0905,-0.2149,1.8601,-0.2477,-0.0849,0.2618,-1.1595,2.0140,-0.2500,-0.0647,0.2583,0.9570
42.1000,-0.2168,1.8591,-0.2472,-0.0880,0.2624,-1.1619,2.0129,-0.2516,-0.0703,0.2613,0.9575
42.1004,-0.2187,1.8581,-0.2472,-0.0880,0.2624,-1.1642,2.0116,-0.2525,-0.0729,0.2628,0.9579
42.1202,-0.2207,1.8570,-0.2461,-0.0913,0.2625,-1.1667,2.0102,-0.2532,-0.0755,0.2643,0.9583
42.1205,-0.2226,1.8559,-0.2457,-0.0932,0.2628,-1.1691,2.0090,-0.2541,-0.0785,0.2660,0.9588
42.1401,-0.2246,1.8548,-0.2455,-0.0949,0.2632,-1.1717,2.0075,-0.2556,-0.0812,0.2682,0.9593
42.1404,-0.2265,1.8538,-0.2455,-0.0949,0.2632,-1.1741,2.0063,-0.2556,-0.0812,0.2682,0.9598
42.1499,-0.2284,1.8527,-0.2448,-0.0982,0.2638,-1.1765,2.0050,-0.2574,-0.0873,0.2718,0.9603
42.1501,-0.2303,1.8517,-0.2448,-0.0982,0.2638,-1.1788,2.0036,-0.2584,-0.0902,0.2737,0.9607
42.1702,-0.2344,1.8495,-0.2441,-0.1017,0.2644,-1.1815,2.0021,-0.2594,-0.0931,0.2756,0.9593
42.1705,-0.2344,1.8495,-0.2441,-0.1017,0.2644,-1.1838,2.0007,-0.2604,-0.0963,0.2777,0.9614
42.1905,-0.2365,1.8483,-0.2442,-0.1026,0.2649,-1.1865,1.9992,-0.2613,-0.0992,0.2795,0.9619
42.1909,-0.2384,1.8473,-0.2442,-0.1026,0.2649,-1.1890,1.9979,-0.2613,-0.0992,0.2795,0.9625
42.2001,-0.2401,1.8465,-0.2437,-0.1048,0.2653,-1.1914,1.9966,-0.2636,-0.1051,0.2838,0.9630
42.2004,-0.2424,1.8453,-0.2437,-0.1048,0.2653,-1.1944,1.9949,-0.2645,-0.1077,0.2856,0.9637
42.2206,-0.2443,1.8442,-0.2434,-0.1077,0.2662,-1.1969,1.9934,-0.2664,-0.1112,0.2887,0.9641
42.2210,-0.2462,1.8431,-0.2434,-0.1077,0.2662,-1.1994,1.9920,-0.2664,-0.1112,0.2887,0.9647
42.2302,-0.2505,1.8408,-0.2433,-0.1124,0.2680,-1.2020,1.9904,-0.2684,-0.1171,0.2928,0.9632
42.2305,-0.2505,1.8408,-0.2433,-0.1124,0.2680,-1.2047,1.9887,-0.2684,-0.1171,0.2928,0.9656
42.2502,-0.2522,1.8399,-0.2436,-0.1134,0.2687,-1.2071,1.9873,-0.2712,-0.1228,0.2977,0.9662
42.2506,-0.2543,1.8389,-0.2436,-0.1134,0.2687,-1.2096,1.9857,-0.2723,-0.1246,0.2994,0.9665
42.2701,-0.2562,1.8380,-0.2434,-0.1136,0.2686,-1.2120,1.9840,-0.2735,-0.1267,0.3014,0.9669
42.2705,-0.2580,1.8370,-0.2434,-0.1136,0.2686,-1.2144,1.9824,-0.2735,-0.1267,0.3014,0.9673
42.2903,-0.2600,1.8358,-0.2433,-0.1138,0.2686,-1.2170,1.9806,-0.2755,-0.1311,0.3051,0.9679
42.2906,-0.2617,1.8348,-0.2433,-0.1138,0.2686,-1.2195,1.9790,-0.2755,-0.1311,0.3051,0.9686
42.2997,-0.2637,1.8336,-0.2423,-0.1154,0.2684,-1.2223,1.9771,-0.2776,-0.1362,0.3093,0.9692
42.3001,-0.2654,1.8327,-0.2423,-0.1154,0.2684,-1.2245,1.9755,-0.2776,-0.1362,0.3093,0.9697
42.3203,-0.2676,1.8314,-0.2414,-0.1176,0.2685,-1.2274,1.9733,-0.2796,-0.1417,0.3135,0.9702
42.3205,-0.2696,1.8305,-0.2414,-0.1176,0.2685,-1.2299,1.9714,-0.2816,-0.1452,0.3168,0.9706
42.3302,-0.2716,1.8295,-0.2418,-0.1191,0.2696,-1.2325,1.9695,-0.2825,-0.1478,0.3188,0.9710
42.3305,-0.2736,1.8286,-0.2418,-0.1191,0.2696,-1.2351,1.9674,-0.2832,-0.1501,0.3206,0.9715
42.3503,-0.2757,1.8276,-0.2417,-0.1193,0.2696,-1.2375,1.9656,-0.2844,-0.1528,0.3229,0.9717
42.3508,-0.2776,1.8265,-0.2417,-0.1193,0.2696,-1.2402,1.9636,-0.2844,-0.1528,0.3229,0.9723
42.3701,-0.2794,1.8255,-0.2415,-0.1199,0.2696,-1.2426,1.9618,-0.2862,-0.1569,0.3264,0.9728
42.3705,-0.2815,1.8243,-0.2415,-0.1199,0.2696,-1.2452,1.9598,-0.2862,-0.1569,0.3264,0.9732
42.3803,-0.2835,1.8231,-0.2406,-0.1210,0.2693,-1.2479,1.9578,-0.2877,-0.1606,0.3295,0.9738
42.3807,-0.2853,1.8219,-0.2407,-0.1219,0.2698,-1.2504,1.9558,-0.2888,-0.1632,0.3317,0.9743
42.4005,-0.2872,1.8209,-0.2399,-0.1223,0.2693,-1.2530,1.9537,-0.2892,-0.1655,0.3333,0.9748
42.4008,-0.2892,1.8200,-0.2399,-0.1228,0.2695,-1.2555,1.9515,-0.2904,-0.1683,0.3357,0.9752
42.4203,-0.2912,1.8190,-0.2393,-0.1228,0.2690,-1.2579,1.9493,-0.2907,-0.1709,0.3372,0.9755
42.4208,-0.2930,1.8181,-0.2393,-0.1228,0.2690,-1.2603,1.9473,-0.2907,-0.1709,0.3372,0.9759
42.4406,-0.2951,1.8170,-0.2389,-0.1235,0.2689,-1.2629,1.9448,-0.2924,-0.1760,0.3413,0.9762
42.4411,-0.2965,1.8163,-0.2390,-0.1241,0.2692,-1.2649,1.9431,-0.2931,-0.1791,0.3435,0.9767
42.4500,-0.2988,1.8150,-0.2376,-0.1238,0.2679,-1.2679,1.9403,-0.2928,-0.1805,0.3440,0.9771
42.4504,-0.3005,1.8141,-0.2376,-0.1238,0.2679,-1.2702,1.9380,-0.2928,-0.1805,0.3440,0.9775
42.4703,-0.3027,1.8128,-0.2371,-0.1243,0.2677,-1.2729,1.9353,-0.2940,-0.1865,0.3482,0.9779
42.4706,-0.3043,1.8119,-0.2371,-0.1243,0.2677,-1.2751,1.9331,-0.2948,-0.1897,0.3506,0.9783
42.4800,-0.3062,1.8109,-0.2365,-0.1249,0.2675,-1.2777,1.9306,-0.2947,-0.1922,0.3518,0.9789
42.4802,-0.3082,1.8097,-0.2365,-0.1249,0.2675,-1.2801,1.9281,-0.2947,-0.1922,0.3518,0.9791
42.4997,-0.3098,1.8087,-0.2357,-0.1253,0.2670,-1.2823,1.9260,-0.2950,-0.1981,0.3553,0.9795
42.5000,-0.3116,1.8075,-0.2357,-0.1253,0.2670,-1.2848,1.9237,-0.2950,-0.1981,0.3553,0.9800
42.5204,-0.3137,1.8062,-0.2346,-0.1259,0.2662,-1.2873,1.9212,-0.2951,-0.2027,0.3580,0.9804
42.5207,-0.3156,1.8050,-0.2346,-0.1259,0.2662,-1.2896,1.9189,-0.2956,-0.2054,0.3600,0.9807
42.5304,-0.3194,1.8027,-0.2344,-0.1270,0.2666,-1.2919,1.9165,-0.2962,-0.2080,0.3619,0.9792
42.5305,-0.3194,1.8027,-0.2344,-0.1270,0.2666,-1.2946,1.9137,-0.2963,-0.2105,0.3635,0.9815
42.5502,-0.3213,1.8016,-0.2334,-0.1271,0.2658,-1.2970,1.9113,-0.2974,-0.2137,0.3662,0.9818
42.5505,-0.3233,1.8004,-0.2334,-0.1271,0.2658,-1.2995,1.9086,-0.2980,-0.2167,0.3684,0.9822
42.5704,-0.3252,1.7992,-0.2329,-0.1276,0.2656,-1.3019,1.9060,-0.2983,-0.2199,0.3706,0.9825
42.5707,-0.3272,1.7981,-0.2328,-0.1279,0.2656,-1.3043,1.9034,-0.2988,-0.2231,0.3729,0.9828
42.5797,-0.3290,1.7969,-0.2325,-0.1282,0.2655,-1.3065,1.9010,-0.2989,-0.2260,0.3747,0.9831
42.5799,-0.3308,1.7958,-0.2325,-0.1282,0.2655,-1.3088,1.8985,-0.2989,-0.2260,0.3747,0.9833
42.6000,-0.3325,1.7948,-0.2318,-0.1287,0.2651,-1.3110,1.8961,-0.2986,-0.2309,0.3775,0.9837
42.6004,-0.3348,1.7937,-0.2318,-0.1287,0.2651,-1.3136,1.8933,-0.2986,-0.2309,0.3775,0.9839
42.6203,-0.3385,1.7918,-0.2320,-0.1288,0.2654,-1.3157,1.8908,-0.2987,-0.2366,0.3811,0.9823
42.6205,-0.3385,1.7918,-0.2320,-0.1288,0.2654,-1.3182,1.8880,-0.2981,-0.2389,0.3820,0.9845
42.6301,-0.3405,1.7906,-0.2318,-0.1284,0.2650,-1.3207,1.8851,-0.2983,-0.2421,0.3842,0.9848
42.6306,-0.3424,1.7896,-0.2318,-0.1284,0.2650,-1.3230,1.8825,-0.2979,-0.2448,0.3856,0.9850
42.6502,-0.3444,1.7884,-0.2317,-0.1284,0.2649,-1.3254,1.8798,-0.2978,-0.2476,0.3873,0.9853
42.6505,-0.3463,1.7872,-0.2317,-0.1284,0.2649,-1.3277,1.8772,-0.2978,-0.2476,0.3873,0.9855
42.6602,-0.3481,1.7861,-0.2321,-0.1289,0.2655,-1.3299,1.8747,-0.2978,-0.2529,0.3907,0.9858
42.6605,-0.3501,1.7850,-0.2313,-0.1288,0.2648,-1.3323,1.8719,-0.2969,-0.2549,0.3913,0.9860
42.6802,-0.3520,1.7840,-0.2314,-0.1290,0.2650,-1.3345,1.8693,-0.2970,-0.2576,0.3932,0.9862
42.6805,-0.3539,1.7830,-0.2314,-0.1290,0.2650,-1.3369,1.8666,-0.2959,-0.2598,0.3938,0.9865
42.7003,-0.3557,1.7820,-0.2310,-0.1287,0.2645,-1.3390,1.8640,-0.2957,-0.2626,0.3955,0.9867
42.7007,-0.3577,1.7809,-0.2312,-0.1289,0.2647,-1.3413,1.8612,-0.2952,-0.2653,0.3969,0.9869
42.7100,-0.3595,1.7797,-0.2306,-0.1289,0.2642,-1.3435,1.8585,-0.2939,-0.2675,0.3974,0.9871
42.7103,-0.3613,1.7787,-0.2306,-0.1289,0.2642,-1.3457,1.8558,-0.2933,-0.2700,0.3987,0.9874
42.7305,-0.3631,1.7775,-0.2301,-0.1290,0.2638,-1.3477,1.8530,-0.2927,-0.2723,0.3998,0.9875
42.7309,-0.3649,1.7764,-0.2297,-0.1290,0.2634,-1.3499,1.8502,-0.2915,-0.2748,0.4006,0.9878
42.7503,-0.3669,1.7752,-0.2289,-0.1289,0.2627,-1.3520,1.8475,-0.2905,-0.2770,0.4014,0.9878
42.7507,-0.3690,1.7739,-0.2289,-0.1289,0.2627,-1.3542,1.8447,-0.2898,-0.2796,0.4027,0.9877
42.7603,-0.3710,1.7727,-0.2294,-0.1300,0.2637,-1.3564,1.8419,-0.2892,-0.2820,0.4039,0.9878
42.7606,-0.3729,1.7716,-0.2294,-0.1300,0.2637,-1.3584,1.8391,-0.2892,-0.2820,0.4039,0.9878
42.7804,-0.3749,1.7704,-0.2299,-0.1310,0.2646,-1.3605,1.8363,-0.2881,-0.2865,0.4063,0.9878
42.7809,-0.3767,1.7693,-0.2299,-0.1309,0.2645,-1.3626,1.8335,-0.2869,-0.2886,0.4069,0.9880
42.8003,-0.3787,1.7682,-0.2301,-0.1310,0.2648,-1.3646,1.8307,-0.2863,-0.2911,0.4083,0.9879
42.8006,-0.3804,1.7674,-0.2301,-0.1310,0.2648,-1.3663,1.8282,-0.2863,-0.2911,0.4083,0.9879
42.8100,-0.3824,1.7663,-0.2298,-0.1306,0.2643,-1.3687,1.8251,-0.2837,-0.2945,0.4089,0.9881
42.8105,-0.3843,1.7653,-0.2298,-0.1306,0.2643,-1.3707,1.8224,-0.2827,-0.2965,0.4097,0.9880
42.8301,-0.3862,1.7642,-0.2295,-0.1304,0.2639,-1.3726,1.8196,-0.2815,-0.2980,0.4100,0.9880
42.8304,-0.3880,1.7632,-0.2295,-0.1304,0.2639,-1.3746,1.8169,-0.2802,-0.2998,0.4104,0.9881
42.8501,-0.3900,1.7618,-0.2287,-0.1308,0.2635,-1.3767,1.8139,-0.2790,-0.3012,0.4105,0.9881
42.8505,-0.3918,1.7607,-0.2287,-0.1308,0.2635,-1.3786,1.8111,-0.2790,-0.3012,0.4105,0.9881
42.8598,-0.3936,1.7594,-0.2283,-0.1317,0.2636,-1.3807,1.8081,-0.2768,-0.3049,0.4118,0.9883
42.8602,-0.3936,1.7594,-0.2283,-0.1317,0.2636,-1.3825,1.8053,-0.2768,-0.3049,0.4118,0.9900
42.8803,-0.3972,1.7572,-0.2277,-0.1319,0.2631,-1.3846,1.8024,-0.2746,-0.3092,0.4135,0.9884
42.8805,-0.3993,1.7561,-0.2274,-0.1316,0.2628,-1.3866,1.7994,-0.2746,-0.3092,0.4135,0.9883
42.9003,-0.4014,1.7549,-0.2279,-0.1317,0.2633,-1.3886,1.7965,-0.2724,-0.3127,0.4147,0.9881
42.9007,-0.4031,1.7539,-0.2279,-0.1317,0.2633,-1.3904,1.7939,-0.2724,-0.3127,0.4147,0.9881
42.9099,-0.4050,1.7529,-0.2280,-0.1322,0.2635,-1.3920,1.7913,-0.2698,-0.3152,0.4150,0.9878
42.9102,-0.4070,1.7517,-0.2276,-0.1323,0.2632,-1.3940,1.7886,-0.2698,-0.3152,0.4150,0.9877
42.9301,-0.4088,1.7507,-0.2280,-0.1328,0.2638,-1.3958,1.7859,-0.2674,-0.3174,0.4150,0.9876
42.9305,-0.4105,1.7496,-0.2280,-0.1328,0.2638,-1.3975,1.7832,-0.2674,-0.3174,0.4150,0.9875
42.9503,-0.4126,1.7484,-0.2281,-0.1334,0.2642,-1.3995,1.7801,-0.2651,-0.3198,0.4154,0.9875
42.9508,-0.4143,1.7473,-0.2281,-0.1334,0.2642,-1.4013,1.7773,-0.2634,-0.3203,0.4146,0.9874
42.9600,-0.4163,1.7462,-0.2276,-0.1335,0.2639,-1.4032,1.7746,-0.2623,-0.3212,0.4147,0.9873
42.9603,-0.4179,1.7453,-0.2276,-0.1335,0.2639,-1.4049,1.7721,-0.2605,-0.3214,0.4137,0.9874
42.9804,-0.4198,1.7440,-0.2271,-0.1333,0.2634,-1.4070,1.7693,-0.2596,-0.3220,0.4136,0.9874
42.9809,-0.4217,1.7429,-0.2271,-0.1333,0.2634,-1.4086,1.7669,-0.2586,-0.3226,0.4135,0.9873
43.0001,-0.4234,1.7418,-0.2269,-0.1335,0.2633,-1.4102,1.7645,-0.2570,-0.3225,0.4124,0.9871
43.0005,-0.4252,1.7406,-0.2269,-0.1335,0.2633,-1.4120,1.7621,-0.2570,-0.3225,0.4124,0.9870
43.0101,-0.4270,1.7394,-0.2271,-0.1338,0.2636,-1.4137,1.7596,-0.2544,-0.3233,0.4114,0.9869
43.0104,-0.4286,1.7384,-0.2266,-0.1336,0.2630,-1.4151,1.7574,-0.2527,-0.3234,0.4104,0.9867
43.0305,-0.4304,1.7374,-0.2260,-0.1331,0.2623,-1.4170,1.7548,-0.2510,-0.3230,0.4090,0.9867
43.0308,-0.4323,1.7363,-0.2262,-0.1331,0.2624,-1.4188,1.7523,-0.2510,-0.3230,0.4090,0.9866
43.0503,-0.4340,1.7352,-0.2259,-0.1328,0.2620,-1.4203,1.7499,-0.2485,-0.3230,0.4075,0.9865
43.0506,-0.4357,1.7341,-0.2259,-0.1328,0.2620,-1.4221,1.7474,-0.2485,-0.3230,0.4075,0.9865
43.0601,-0.4373,1.7330,-0.2248,-0.1326,0.2610,-1.4239,1.7450,-0.2453,-0.3224,0.4051,0.9867
43.0604,-0.4391,1.7318,-0.2241,-0.1324,0.2603,-1.4256,1.7426,-0.2440,-0.3219,0.4040,0.9866
43.0798,-0.4407,1.7306,-0.2239,-0.1326,0.2602,-1.4275,1.7403,-0.2426,-0.3216,0.4028,0.9868
43.0803,-0.4407,1.7306,-0.2239,-0.1326,0.2602,-1.4294,1.7379,-0.2419,-0.3215,0.4023,0.9887
43.1001,-0.4442,1.7283,-0.2234,-0.1329,0.2599,-1.4310,1.7357,-0.2411,-0.3213,0.4017,0.9868
43.1004,-0.4459,1.7274,-0.2234,-0.1329,0.2599,-1.4325,1.7336,-0.2399,-0.3209,0.4006,0.9867
43.1101,-0.4477,1.7262,-0.2223,-0.1327,0.2589,-1.4344,1.7313,-0.2379,-0.3195,0.3983,0.9867
43.1104,-0.4494,1.7250,-0.2223,-0.1327,0.2589,-1.4361,1.7290,-0.2373,-0.3191,0.3976,0.9867
43.1303,-0.4509,1.7240,-0.2218,-0.1335,0.2589,-1.4377,1.7269,-0.2357,-0.3180,0.3959,0.9868
43.1306,-0.4528,1.7228,-0.2218,-0.1335,0.2589,-1.4396,1.7245,-0.2339,-0.3164,0.3935,0.9869
43.1401,-0.4543,1.7217,-0.2208,-0.1335,0.2580,-1.4414,1.7223,-0.2333,-0.3159,0.3928,0.9870
43.1404,-0.4559,1.7206,-0.2208,-0.1335,0.2580,-1.4429,1.7202,-0.2333,-0.3159,0.3928,0.9870
43.1602,-0.4574,1.7196,-0.2191,-0.1332,0.2564,-1.4446,1.7183,-0.2304,-0.3139,0.3894,0.9871
43.1605,-0.4592,1.7184,-0.2191,-0.1332,0.2564,-1.4464,1.7164,-0.2292,-0.3128,0.3878,0.9872
43.1804,-0.4610,1.7171,-0.2182,-0.1332,0.2557,-1.4483,1.7142,-0.2282,-0.3111,0.3858,0.9872
43.1807,-0.4626,1.7159,-0.2182,-0.1332,0.2557,-1.4501,1.7123,-0.2276,-0.3102,0.3847,0.9875
43.1898,-0.4645,1.7147,-0.2174,-0.1342,0.2555,-1.4520,1.7103,-0.2264,-0.3085,0.3827,0.9875
43.1903,-0.4645,1.7147,-0.2174,-0.1342,0.2555,-1.4539,1.7083,-0.2260,-0.3074,0.3816,0.9894
43.2101,-0.4680,1.7126,-0.2170,-0.1345,0.2553,-1.4555,1.7065,-0.2251,-0.3058,0.3797,0.9876
43.2106,-0.4698,1.7114,-0.2169,-0.1343,0.2551,-1.4574,1.7045,-0.2251,-0.3058,0.3797,0.9876
43.2302,-0.4714,1.7104,-0.2170,-0.1344,0.2553,-1.4590,1.7030,-0.2234,-0.3025,0.3760,0.9876
43.2306,-0.4732,1.7092,-0.2170,-0.1344,0.2553,-1.4607,1.7011,-0.2225,-0.3000,0.3735,0.9875
43.2400,-0.4749,1.7082,-0.2166,-0.1344,0.2549,-1.4624,1.6994,-0.2215,-0.2983,0.3715,0.9876
43.2404,-0.4766,1.7071,-0.2166,-0.1344,0.2549,-1.4640,1.6977,-0.2209,-0.2962,0.3695,0.9875
43.2600,-0.4782,1.7062,-0.2152,-0.1336,0.2532,-1.4657,1.6961,-0.2197,-0.2938,0.3669,0.9876
43.2602,-0.4797,1.7052,-0.2144,-0.1331,0.2524,-1.4674,1.6945,-0.2187,-0.2917,0.3645,0.9878
43.2805,-0.4812,1.7042,-0.2135,-0.1327,0.2514,-1.4691,1.6929,-0.2181,-0.2894,0.3623,0.9879
43.2809,-0.4828,1.7032,-0.2135,-0.1327,0.2514,-1.4709,1.6911,-0.2181,-0.2894,0.3623,0.9882
43.2900,-0.4846,1.7020,-0.2121,-0.1322,0.2500,-1.4730,1.6892,-0.2167,-0.2847,0.3578,0.9884
43.2904,-0.4860,1.7010,-0.2121,-0.1322,0.2500,-1.4747,1.6875,-0.2167,-0.2847,0.3578,0.9888
43.3102,-0.4878,1.6997,-0.2112,-0.1327,0.2494,-1.4765,1.6855,-0.2166,-0.2816,0.3553,0.9888
43.3198,-0.4896,1.6985,-0.2108,-0.1331,0.2493,-1.4782,1.6839,-0.2156,-0.2792,0.3527,0.9887
43.3201,-0.4896,1.6985,-0.2108,-0.1331,0.2493,-1.4798,1.6823,-0.2156,-0.2792,0.3527,0.9903
43.3302,-0.4930,1.6962,-0.2103,-0.1339,0.2493,-1.4813,1.6810,-0.2144,-0.2745,0.3483,0.9884
43.3306,-0.4948,1.6949,-0.2103,-0.1339,0.2493,-1.4828,1.6795,-0.2144,-0.2745,0.3483,0.9881
43.3503,-0.4963,1.6937,-0.2096,-0.1340,0.2487,-1.4840,1.6783,-0.2121,-0.2687,0.3423,0.9878
43.3507,-0.4980,1.6924,-0.2091,-0.1339,0.2483,-1.4855,1.6769,-0.2109,-0.2657,0.3392,0.9877
43.3704,-0.5011,1.6899,-0.2087,-0.1345,0.2483,-1.4872,1.6754,-0.2097,-0.2625,0.3359,0.9862
43.3707,-0.5011,1.6899,-0.2087,-0.1345,0.2483,-1.4886,1.6741,-0.2097,-0.2625,0.3359,0.9876
43.3800,-0.5040,1.6875,-0.2078,-0.1346,0.2476,-1.4901,1.6727,-0.2080,-0.2565,0.3303,0.9862
43.3802,-0.5040,1.6875,-0.2078,-0.1346,0.2476,-1.4914,1.6715,-0.2070,-0.2535,0.3273,0.9876
43.4001,-0.5054,1.6863,-0.2052,-0.1346,0.2455,-1.4930,1.6702,-0.2057,-0.2500,0.3237,0.9878
43.4008,-0.5067,1.6851,-0.2052,-0.1346,0.2455,-1.4945,1.6690,-0.2052,-0.2474,0.3214,0.9879
43.4202,-0.5082,1.6837,-0.2035,-0.1356,0.2445,-1.4961,1.6677,-0.2049,-0.2447,0.3191,0.9880
43.4208,-0.5096,1.6823,-0.2035,-0.1356,0.2445,-1.4977,1.6664,-0.2041,-0.2418,0.3164,0.9882
43.4304,-0.5110,1.6808,-0.2016,-0.1367,0.2436,-1.4995,1.6652,-0.2038,-0.2390,0.3141,0.9885
43.4308,-0.5124,1.6794,-0.2016,-0.1367,0.2436,-1.5010,1.6640,-0.2038,-0.2390,0.3141,0.9887
43.4502,-0.5139,1.6779,-0.1997,-0.1380,0.2427,-1.5025,1.6627,-0.2029,-0.2322,0.3084,0.9887
43.4505,-0.5151,1.6766,-0.1992,-0.1389,0.2428,-1.5038,1.6617,-0.2024,-0.2293,0.3058,0.9888
43.4600,-0.5166,1.6750,-0.1977,-0.1393,0.2419,-1.5056,1.6604,-0.2012,-0.2257,0.3023,0.9890
43.4603,-0.5182,1.6734,-0.1977,-0.1393,0.2419,-1.5071,1.6591,-0.2012,-0.2257,0.3023,0.9891
43.4803,-0.5196,1.6720,-0.1966,-0.1412,0.2421,-1.5085,1.6580,-0.2003,-0.2204,0.2978,0.9891
43.4806,-0.5209,1.6707,-0.1966,-0.1412,0.2421,-1.5100,1.6569,-0.2003,-0.2204,0.2978,0.9892
43.5005,-0.5222,1.6694,-0.1951,-0.1423,0.2415,-1.5114,1.6559,-0.1995,-0.2153,0.2935,0.9893
43.5009,-0.5237,1.6677,-0.1940,-0.1425,0.2407,-1.5130,1.6545,-0.1988,-0.2124,0.2909,0.9894
43.5102,-0.5250,1.6664,-0.1935,-0.1433,0.2408,-1.5144,1.6534,-0.1987,-0.2101,0.2892,0.9895
43.5105,-0.5265,1.6649,-0.1935,-0.1433,0.2408,-1.5160,1.6522,-0.1985,-0.2079,0.2875,0.9896
43.5302,-0.5280,1.6633,-0.1921,-0.1450,0.2407,-1.5176,1.6510,-0.1981,-0.2052,0.2852,0.9896
43.5307,-0.5293,1.6618,-0.1921,-0.1450,0.2407,-1.5189,1.6499,-0.1981,-0.2052,0.2852,0.9897
43.5503,-0.5307,1.6604,-0.1906,-0.1467,0.2406,-1.5205,1.6487,-0.1973,-0.2001,0.2810,0.9899
43.5505,-0.5320,1.6589,-0.1900,-0.1474,0.2405,-1.5220,1.6476,-0.1973,-0.2001,0.2810,0.9901
43.5599,-0.5334,1.6574,-0.1895,-0.1482,0.2406,-1.5236,1.6464,-0.1963,-0.1949,0.2766,0.9903
43.5602,-0.5334,1.6574,-0.1895,-0.1482,0.2406,-1.5252,1.6453,-0.1960,-0.1924,0.2746,0.9919
43.5802,-0.5359,1.6544,-0.1882,-0.1498,0.2405,-1.5267,1.6444,-0.1955,-0.1900,0.2727,0.9908
43.5806,-0.5370,1.6529,-0.1882,-0.1498,0.2405,-1.5282,1.6435,-0.1946,-0.1870,0.2699,0.9912
43.6001,-0.5382,1.6513,-0.1857,-0.1508,0.2392,-1.5299,1.6425,-0.1944,-0.1843,0.2679,0.9917
43.6004,-0.5394,1.6497,-0.1857,-0.1508,0.2392,-1.5314,1.6415,-0.1947,-0.1821,0.2666,0.9921
43.6100,-0.5418,1.6464,-0.1825,-0.1538,0.2386,-1.5330,1.6405,-0.1942,-0.1794,0.2644,0.9912
43.6103,-0.5418,1.6464,-0.1825,-0.1538,0.2386,-1.5346,1.6394,-0.1938,-0.1770,0.2624,0.9928
43.6302,-0.5428,1.6449,-0.1819,-0.1551,0.2391,-1.5360,1.6384,-0.1938,-0.1751,0.2612,0.9931
43.6305,-0.5440,1.6433,-0.1801,-0.1558,0.2382,-1.5376,1.6372,-0.1927,-0.1723,0.2585,0.9936
43.6500,-0.5451,1.6416,-0.1793,-0.1568,0.2382,-1.5391,1.6361,-0.1924,-0.1702,0.2568,0.9940
43.6503,-0.5462,1.6400,-0.1793,-0.1568,0.2382,-1.5406,1.6350,-0.1924,-0.1702,0.2568,0.9944
43.6702,-0.5472,1.6385,-0.1776,-0.1592,0.2385,-1.5420,1.6341,-0.1920,-0.1665,0.2542,0.9948
43.6705,-0.5483,1.6369,-0.1776,-0.1592,0.2385,-1.5435,1.6331,-0.1912,-0.1646,0.2523,0.9952
43.6802,-0.5494,1.6352,-0.1746,-0.1604,0.2371,-1.5451,1.6321,-0.1905,-0.1623,0.2502,0.9957
43.6805,-0.5505,1.6336,-0.1746,-0.1604,0.2371,-1.5466,1.6311,-0.1905,-0.1623,0.2502,0.9961
43.7003,-0.5518,1.6319,-0.1721,-0.1622,0.2365,-1.5483,1.6299,-0.1893,-0.1584,0.2468,0.9966
43.7007,-0.5529,1.6303,-0.1721,-0.1622,0.2365,-1.5499,1.6289,-0.1889,-0.1567,0.2455,0.9970
43.7099,-0.5541,1.6288,-0.1699,-0.1646,0.2366,-1.5513,1.6280,-0.1888,-0.1551,0.2444,0.9973
43.7101,-0.5551,1.6273,-0.1699,-0.1646,0.2366,-1.5529,1.6271,-0.1888,-0.1551,0.2444,0.9977
43.7303,-0.5561,1.6257,-0.1674,-0.1663,0.2360,-1.5542,1.6262,-0.1878,-0.1518,0.2415,0.9981
43.7307,-0.5570,1.6243,-0.1674,-0.1663,0.2360,-1.5556,1.6255,-0.1878,-0.1518,0.2415,0.9986
43.7400,-0.5580,1.6226,-0.1642,-0.1677,0.2347,-1.5571,1.6246,-0.1863,-0.1477,0.2377,0.9991
43.7404,-0.5590,1.6208,-0.1642,-0.1677,0.2347,-1.5586,1.6236,-0.1862,-0.1463,0.2368,0.9996
43.7604,-0.5600,1.6191,-0.1617,-0.1708,0.2352,-1.5601,1.6228,-0.1858,-0.1449,0.2356,1.0001
43.7607,-0.5610,1.6174,-0.1606,-0.1722,0.2355,-1.5617,1.6218,-0.1853,-0.1434,0.2343,1.0006
43.7806,-0.5619,1.6158,-0.1596,-0.1737,0.2359,-1.5631,1.6209,-0.1851,-0.1421,0.2333,1.0012
43.7811,-0.5629,1.6140,-0.1596,-0.1737,0.2359,-1.5647,1.6199,-0.1843,-0.1403,0.2317,1.0018
43.8005,-0.5639,1.6122,-0.1566,-0.1759,0.2355,-1.5663,1.6189,-0.1834,-0.1385,0.2299,1.0024
43.8008,-0.5648,1.6105,-0.1566,-0.1759,0.2355,-1.5677,1.6180,-0.1832,-0.1371,0.2288,1.0030
43.8103,-0.5658,1.6088,-0.1539,-0.1784,0.2356,-1.5693,1.6170,-0.1824,-0.1350,0.2269,1.0035
43.8107,-0.5667,1.6071,-0.1539,-0.1784,0.2356,-1.5706,1.6161,-0.1821,-0.1338,0.2260,1.0039
43.8303,-0.5677,1.6055,-0.1508,-0.1803,0.2351,-1.5720,1.6153,-0.1816,-0.1324,0.2247,1.0043
43.8307,-0.5686,1.6038,-0.1508,-0.1803,0.2351,-1.5733,1.6145,-0.1816,-0.1324,0.2247,1.0047
43.8402,-0.5697,1.6019,-0.1477,-0.1820,0.2344,-1.5750,1.6135,-0.1811,-0.1300,0.2230,1.0054
43.8406,-0.5706,1.6002,-0.1477,-0.1820,0.2344,-1.5764,1.6126,-0.1811,-0.1300,0.2230,1.0059
43.8600,-0.5715,1.5984,-0.1452,-0.1844,0.2347,-1.5779,1.6115,-0.1817,-0.1285,0.2226,1.0065
43.8605,-0.5724,1.5968,-0.1452,-0.1844,0.2347,-1.5794,1.6106,-0.1817,-0.1285,0.2226,1.0071
43.8803,-0.5734,1.5950,-0.1426,-0.1863,0.2346,-1.5810,1.6096,-0.1815,-0.1272,0.2217,1.0077
43.8807,-0.5744,1.5933,-0.1414,-0.1874,0.2348,-1.5826,1.6086,-0.1818,-0.1263,0.2213,1.0083
43.8900,-0.5763,1.5901,-0.1399,-0.1891,0.2352,-1.5841,1.6078,-0.1824,-0.1258,0.2216,1.0079
43.8902,-0.5763,1.5901,-0.1399,-0.1891,0.2352,-1.5856,1.6068,-0.1824,-0.1258,0.2216,1.0095
43.9104,-0.5772,1.5885,-0.1391,-0.1900,0.2355,-1.5872,1.6058,-0.1823,-0.1244,0.2207,1.0101
43.9107,-0.5782,1.5869,-0.1391,-0.1900,0.2355,-1.5887,1.6050,-0.1823,-0.1244,0.2207,1.0107
43.9302,-0.5792,1.5850,-0.1371,-0.1908,0.2350,-1.5902,1.6040,-0.1819,-0.1228,0.2195,1.0112
43.9307,-0.5800,1.5834,-0.1363,-0.1915,0.2351,-1.5917,1.6030,-0.1816,-0.1224,0.2189,1.0118
43.9399,-0.5811,1.5814,-0.1352,-0.1920,0.2348,-1.5932,1.6020,-0.1814,-0.1220,0.2186,1.0124
43.9402,-0.5820,1.5795,-0.1352,-0.1920,0.2348,-1.5948,1.6009,-0.1814,-0.1220,0.2186,1.0131
43.9603,-0.5829,1.5777,-0.1337,-0.1942,0.2357,-1.5962,1.6001,-0.1821,-0.1216,0.2189,1.0136
43.9607,-0.5839,1.5757,-0.1325,-0.1945,0.2354,-1.5979,1.5990,-0.1813,-0.1207,0.2178,1.0142
43.9803,-0.5848,1.5739,-0.1316,-0.1955,0.2357,-1.5992,1.5981,-0.1816,-0.1203,0.2178,1.0147
43.9808,-0.5857,1.5720,-0.1316,-0.1955,0.2357,-1.6006,1.5971,-0.1814,-0.1197,0.2173,1.0152
44.0002,-0.5866,1.5700,-0.1296,-0.1973,0.2361,-1.6022,1.5960,-0.1813,-0.1195,0.2171,1.0160
44.0006,-0.5873,1.5682,-0.1296,-0.1973,0.2361,-1.6036,1.5951,-0.1817,-0.1197,0.2176,1.0166
44.0101,-0.5881,1.5665,-0.1273,-0.1990,0.2362,-1.6051,1.5941,-0.1812,-0.1188,0.2167,1.0174
44.0106,-0.5887,1.5648,-0.1273,-0.1990,0.2362,-1.6063,1.5932,-0.1813,-0.1186,0.2167,1.0180
44.0302,-0.5897,1.5626,-0.1245,-0.2001,0.2356,-1.6079,1.5921,-0.1806,-0.1179,0.2157,1.0186
44.0305,-0.5906,1.5606,-0.1245,-0.2001,0.2356,-1.6096,1.5911,-0.1807,-0.1178,0.2157,1.0194
44.0503,-0.5916,1.5586,-0.1227,-0.2024,0.2367,-1.6111,1.5900,-0.1812,-0.1176,0.2160,1.0200
44.0505,-0.5924,1.5567,-0.1227,-0.2024,0.2367,-1.6123,1.5892,-0.1812,-0.1176,0.2160,1.0205
44.0600,-0.5932,1.5546,-0.1207,-0.2043,0.2373,-1.6138,1.5883,-0.1806,-0.1168,0.2151,1.0212
44.0602,-0.5941,1.5524,-0.1207,-0.2043,0.2373,-1.6154,1.5873,-0.1806,-0.1168,0.2151,1.0219
44.0800,-0.5949,1.5505,-0.1186,-0.2067,0.2383,-1.6168,1.5864,-0.1804,-0.1159,0.2145,1.0226
44.0803,-0.5956,1.5485,-0.1186,-0.2067,0.2383,-1.6180,1.5855,-0.1803,-0.1159,0.2143,1.0231
44.0900,-0.5965,1.5463,-0.1172,-0.2088,0.2394,-1.6194,1.5844,-0.1797,-0.1161,0.2139,1.0236
44.0903,-0.5974,1.5444,-0.1172,-0.2088,0.2394,-1.6207,1.5835,-0.1797,-0.1161,0.2139,1.0241
44.1109,-0.5982,1.5423,-0.1159,-0.2107,0.2405,-1.6219,1.5825,-0.1785,-0.1162,0.2130,1.0246
44.1113,-0.5989,1.5403,-0.1159,-0.2107,0.2405,-1.6230,1.5815,-0.1779,-0.1160,0.2123,1.0250
44.1301,-0.5997,1.5382,-0.1141,-0.2123,0.2410,-1.6243,1.5806,-0.1769,-0.1156,0.2114,1.0255
44.1304,-0.6006,1.5358,-0.1141,-0.2123,0.2410,-1.6259,1.5794,-0.1769,-0.1156,0.2114,1.0262
44.1403,-0.6014,1.5337,-0.1132,-0.2149,0.2429,-1.6272,1.5785,-0.1767,-0.1157,0.2112,1.0267
44.1406,-0.6021,1.5316,-0.1126,-0.2159,0.2435,-1.6284,1.5776,-0.1762,-0.1153,0.2105,1.0273
44.1600,-0.6028,1.5297,-0.1118,-0.2169,0.2440,-1.6295,1.5767,-0.1756,-0.1149,0.2099,1.0278
44.1603,-0.6036,1.5274,-0.1118,-0.2169,0.2440,-1.6309,1.5756,-0.1756,-0.1149,0.2099,1.0284
44.1802,-0.6043,1.5254,-0.1106,-0.2189,0.2453,-1.6321,1.5746,-0.1748,-0.1149,0.2092,1.0289
44.1805,-0.6043,1.5254,-0.1106,-0.2189,0.2453,-1.6333,1.5734,-0.1748,-0.1149,0.2092,1.0301
44.1898,-0.6059,1.5210,-0.1092,-0.2209,0.2464,-1.6345,1.5722,-0.1733,-0.1153,0.2081,1.0299
44.1901,-0.6065,1.5190,-0.1092,-0.2209,0.2464,-1.6356,1.5711,-0.1733,-0.1153,0.2081,1.0304
44.2102,-0.6071,1.5170,-0.1072,-0.2225,0.2470,-1.6368,1.5699,-0.1714,-0.1156,0.2067,1.0310
44.2105,-0.6077,1.5149,-0.1072,-0.2225,0.2470,-1.6379,1.5687,-0.1714,-0.1156,0.2067,1.0316
44.2304,-0.6084,1.5126,-0.1052,-0.2247,0.2481,-1.6391,1.5674,-0.1700,-0.1168,0.2062,1.0322
44.2308,-0.6091,1.5107,-0.1046,-0.2261,0.2492,-1.6402,1.5664,-0.1698,-0.1176,0.2066,1.0326
44.2401,-0.6098,1.5085,-0.1042,-0.2273,0.2500,-1.6412,1.5653,-0.1693,-0.1183,0.2065,1.0330
44.2404,-0.6105,1.5064,-0.1035,-0.2282,0.2506,-1.6423,1.5641,-0.1682,-0.1186,0.2058,1.0334
44.2603,-0.6114,1.5042,-0.1029,-0.2287,0.2508,-1.6435,1.5628,-0.1672,-0.1190,0.2053,1.0337
44.2606,-0.6121,1.5021,-0.1028,-0.2299,0.2519,-1.6446,1.5616,-0.1667,-0.1199,0.2054,1.0341
44.2703,-0.6140,1.4976,-0.1025,-0.2321,0.2537,-1.6458,1.5601,-0.1658,-0.1204,0.2049,1.0337
44.2706,-0.6140,1.4976,-0.1025,-0.2321,0.2537,-1.6471,1.5587,-0.1655,-0.1216,0.2053,1.0349
44.2901,-0.6147,1.4956,-0.1022,-0.2329,0.2544,-1.6481,1.5573,-0.1648,-0.1224,0.2053,1.0352
44.2906,-0.6154,1.4936,-0.1022,-0.2329,0.2544,-1.6491,1.5560,-0.1637,-0.1232,0.2048,1.0356
44.3102,-0.6160,1.4917,-0.1013,-0.2338,0.2548,-1.6501,1.5546,-0.1628,-0.1241,0.2047,1.0360
44.3105,-0.6166,1.4898,-0.1013,-0.2338,0.2548,-1.6510,1.5532,-0.1628,-0.1241,0.2047,1.0364
44.3304,-0.6173,1.4874,-0.0997,-0.2346,0.2549,-1.6523,1.5514,-0.1609,-0.1260,0.2044,1.0369
44.3307,-0.6179,1.4854,-0.0997,-0.2346,0.2549,-1.6532,1.5501,-0.1606,-0.1278,0.2052,1.0373
44.3401,-0.6185,1.4832,-0.0986,-0.2369,0.2566,-1.6541,1.5487,-0.1597,-0.1288,0.2052,1.0377
44.3405,-0.6190,1.4814,-0.0986,-0.2369,0.2566,-1.6549,1.5475,-0.1597,-0.1288,0.2052,1.0380
44.3602,-0.6196,1.4793,-0.0969,-0.2376,0.2566,-1.6560,1.5459,-0.1571,-0.1303,0.2041,1.0385
44.3607,-0.6203,1.4772,-0.0962,-0.2382,0.2569,-1.6572,1.5442,-0.1561,-0.1312,0.2039,1.0390
44.3802,-0.6211,1.4751,-0.0959,-0.2391,0.2576,-1.6583,1.5426,-0.1557,-0.1326,0.2045,1.0394
44.3807,-0.6217,1.4731,-0.0959,-0.2391,0.2576,-1.6593,1.5409,-0.1545,-0.1339,0.2044,1.0397
44.3899,-0.6223,1.4712,-0.0946,-0.2404,0.2583,-1.6601,1.5394,-0.1532,-0.1354,0.2045,1.0401
44.3902,-0.6230,1.4689,-0.0946,-0.2404,0.2583,-1.6611,1.5376,-0.1520,-0.1367,0.2045,1.0404
44.4099,-0.6235,1.4668,-0.0934,-0.2424,0.2598,-1.6620,1.5360,-0.1510,-0.1384,0.2048,1.0408
44.4102,-0.6241,1.4646,-0.0934,-0.2424,0.2598,-1.6630,1.5343,-0.1510,-0.1384,0.2048,1.0412
44.4199,-0.6247,1.4625,-0.0919,-0.2445,0.2612,-1.6640,1.5325,-0.1487,-0.1414,0.2051,1.0417
44.4201,-0.6251,1.4604,-0.0919,-0.2445,0.2612,-1.6650,1.5310,-0.1487,-0.1414,0.2051,1.0423
44.4402,-0.6254,1.4585,-0.0901,-0.2460,0.2619,-1.6659,1.5294,-0.1466,-0.1440,0.2055,1.0428
44.4407,-0.6258,1.4565,-0.0901,-0.2460,0.2619,-1.6669,1.5276,-0.1453,-0.1452,0.2054,1.0435
44.4601,-0.6262,1.4545,-0.0877,-0.2460,0.2612,-1.6678,1.5258,-0.1441,-0.1467,0.2057,1.0441
44.4605,-0.6266,1.4523,-0.0877,-0.2460,0.2612,-1.6689,1.5239,-0.1432,-0.1485,0.2063,1.0448
44.4702,-0.6269,1.4504,-0.0852,-0.2467,0.2610,-1.6698,1.5221,-0.1420,-0.1501,0.2066,1.0453
44.4705,-0.6273,1.4483,-0.0852,-0.2467,0.2610,-1.6708,1.5201,-0.1420,-0.1501,0.2066,1.0460
44.4900,-0.6276,1.4463,-0.0832,-0.2473,0.2610,-1.6719,1.5182,-0.1404,-0.1540,0.2084,1.0467
44.4903,-0.6279,1.4442,-0.0832,-0.2473,0.2610,-1.6729,1.5162,-0.1404,-0.1540,0.2084,1.0474
44.5103,-0.6282,1.4422,-0.0812,-0.2480,0.2610,-1.6739,1.5143,-0.1385,-0.1578,0.2099,1.0482
44.5109,-0.6284,1.4401,-0.0812,-0.2480,0.2610,-1.6748,1.5125,-0.1376,-0.1596,0.2107,1.0489
44.5199,-0.6286,1.4377,-0.0793,-0.2495,0.2618,-1.6759,1.5104,-0.1370,-0.1614,0.2117,1.0497
44.5201,-0.6288,1.4357,-0.0793,-0.2495,0.2618,-1.6768,1.5087,-0.1370,-0.1614,0.2117,1.0505
44.5402,-0.6290,1.4336,-0.0764,-0.2499,0.2613,-1.6778,1.5068,-0.1344,-0.1648,0.2127,1.0513
44.5405,-0.6293,1.4313,-0.0764,-0.2499,0.2613,-1.6788,1.5049,-0.1344,-0.1648,0.2127,1.0520
44.5598,-0.6297,1.4292,-0.0739,-0.2508,0.2615,-1.6798,1.5029,-0.1330,-0.1686,0.2147,1.0527
44.5600,-0.6300,1.4270,-0.0739,-0.2508,0.2615,-1.6810,1.5006,-0.1330,-0.1686,0.2147,1.0536
44.5702,-0.6302,1.4250,-0.0717,-0.2508,0.2608,-1.6820,1.4987,-0.1312,-0.1733,0.2174,1.0543
44.5704,-0.6305,1.4227,-0.0717,-0.2508,0.2608,-1.6831,1.4964,-0.1312,-0.1733,0.2174,1.0552
44.5901,-0.6307,1.4207,-0.0697,-0.2516,0.2611,-1.6840,1.4943,-0.1302,-0.1781,0.2206,1.0559
44.5904,-0.6309,1.4185,-0.0697,-0.2516,0.2611,-1.6850,1.4922,-0.1292,-0.1802,0.2218,1.0567
44.6102,-0.6311,1.4164,-0.0670,-0.2517,0.2605,-1.6860,1.4898,-0.1286,-0.1826,0.2233,1.0574
44.6104,-0.6313,1.4143,-0.0670,-0.2517,0.2605,-1.6868,1.4879,-0.1281,-0.1853,0.2253,1.0580
44.6200,-0.6318,1.4099,-0.0649,-0.2521,0.2603,-1.6877,1.4856,-0.1275,-0.1874,0.2267,1.0586
44.6201,-0.6318,1.4099,-0.0649,-0.2521,0.2603,-1.6886,1.4834,-0.1268,-0.1898,0.2283,1.0593
44.6401,-0.6321,1.4077,-0.0624,-0.2518,0.2594,-1.6897,1.4809,-0.1254,-0.1920,0.2294,1.0601
44.6404,-0.6323,1.4055,-0.0624,-0.2518,0.2594,-1.6906,1.4787,-0.1254,-0.1920,0.2294,1.0609
44.6603,-0.6325,1.4034,-0.0603,-0.2521,0.2592,-1.6915,1.4763,-0.1245,-0.1977,0.2337,1.0615
44.6605,-0.6328,1.4011,-0.0594,-0.2525,0.2594,-1.6923,1.4739,-0.1240,-0.2009,0.2360,1.0620
44.6707,-0.6332,1.3970,-0.0583,-0.2525,0.2592,-1.6929,1.4717,-0.1227,-0.2034,0.2376,1.0623
44.6709,-0.6332,1.3970,-0.0583,-0.2525,0.2592,-1.6937,1.4693,-0.1217,-0.2058,0.2391,1.0630
44.6902,-0.6336,1.3948,-0.0562,-0.2525,0.2587,-1.6946,1.4667,-0.1209,-0.2082,0.2408,1.0635
44.6905,-0.6340,1.3925,-0.0562,-0.2525,0.2587,-1.6956,1.4640,-0.1209,-0.2082,0.2408,1.0640
44.6999,-0.6343,1.3904,-0.0549,-0.2531,0.2590,-1.6965,1.4616,-0.1199,-0.2142,0.2455,1.0645
44.7002,-0.6347,1.3882,-0.0549,-0.2531,0.2590,-1.6973,1.4589,-0.1199,-0.2142,0.2455,1.0650
44.7203,-0.6349,1.3864,-0.0539,-0.2534,0.2590,-1.6979,1.4567,-0.1189,-0.2196,0.2497,1.0654
44.7206,-0.6351,1.3842,-0.0539,-0.2534,0.2590,-1.6986,1.4540,-0.1176,-0.2215,0.2508,1.0658
44.7404,-0.6353,1.3821,-0.0521,-0.2530,0.2583,-1.6994,1.4514,-0.1169,-0.2248,0.2534,1.0664
44.7409,-0.6353,1.3800,-0.0521,-0.2530,0.2583,-1.7001,1.4490,-0.1164,-0.2277,0.2557,1.0670
44.7503,-0.6356,1.3754,-0.0481,-0.2531,0.2576,-1.7009,1.4462,-0.1157,-0.2302,0.2576,1.0677
44.7505,-0.6356,1.3754,-0.0481,-0.2531,0.2576,-1.7017,1.4435,-0.1149,-0.2333,0.2600,1.0683
44.7705,-0.6357,1.3732,-0.0469,-0.2535,0.2578,-1.7024,1.4408,-0.1143,-0.2363,0.2625,1.0688
44.7711,-0.6358,1.3710,-0.0469,-0.2535,0.2578,-1.7030,1.4381,-0.1131,-0.2387,0.2642,1.0694
44.7903,-0.6358,1.3692,-0.0435,-0.2530,0.2567,-1.7036,1.4357,-0.1120,-0.2412,0.2659,1.0699
44.7906,-0.6359,1.3670,-0.0421,-0.2529,0.2564,-1.7043,1.4331,-0.1111,-0.2431,0.2673,1.0705
44.8104,-0.6360,1.3647,-0.0409,-0.2532,0.2565,-1.7051,1.4302,-0.1104,-0.2458,0.2695,1.0711
44.8107,-0.6361,1.3627,-0.0409,-0.2532,0.2565,-1.7057,1.4277,-0.1104,-0.2458,0.2695,1.0716
44.8201,-0.6362,1.3606,-0.0390,-0.2542,0.2572,-1.7063,1.4251,-0.1094,-0.2509,0.2737,1.0721
44.8205,-0.6363,1.3582,-0.0390,-0.2542,0.2572,-1.7071,1.4222,-0.1094,-0.2509,0.2737,1.0727
44.8402,-0.6365,1.3559,-0.0368,-0.2544,0.2570,-1.7077,1.4194,-0.1078,-0.2559,0.2777,1.0731
44.8406,-0.6367,1.3535,-0.0368,-0.2544,0.2570,-1.7084,1.4165,-0.1078,-0.2559,0.2777,1.0735
44.8501,-0.6369,1.3513,-0.0355,-0.2558,0.2583,-1.7090,1.4138,-0.1070,-0.2619,0.2829,1.0739
44.8505,-0.6370,1.3491,-0.0355,-0.2558,0.2583,-1.7095,1.4110,-0.1070,-0.2619,0.2829,1.0743
44.8701,-0.6372,1.3468,-0.0334,-0.2563,0.2585,-1.7100,1.4081,-0.1046,-0.2664,0.2862,1.0746
44.8703,-0.6373,1.3447,-0.0323,-0.2567,0.2587,-1.7105,1.4053,-0.1046,-0.2664,0.2862,1.0749
44.8904,-0.6374,1.3426,-0.0311,-0.2567,0.2586,-1.7109,1.4027,-0.1025,-0.2712,0.2899,1.0752
44.8908,-0.6376,1.3402,-0.0302,-0.2572,0.2590,-1.7114,1.3998,-0.1016,-0.2734,0.2917,1.0755
44.8998,-0.6377,1.3381,-0.0292,-0.2573,0.2590,-1.7118,1.3970,-0.1005,-0.2756,0.2934,1.0757
44.9000,-0.6377,1.3381,-0.0292,-0.2573,0.2590,-1.7123,1.3944,-0.1005,-0.2756,0.2934,1.0760
44.9202,-0.6380,1.3338,-0.0275,-0.2572,0.2587,-1.7128,1.3914,-0.0986,-0.2799,0.2967,1.0764
44.9206,-0.6381,1.3316,-0.0275,-0.2572,0.2587,-1.7133,1.3886,-0.0976,-0.2823,0.2987,1.0767
44.9402,-0.6382,1.3294,-0.0260,-0.2576,0.2589,-1.7138,1.3858,-0.0966,-0.2848,0.3008,1.0770
44.9407,-0.6384,1.3271,-0.0256,-0.2583,0.2595,-1.7145,1.3828,-0.0959,-0.2872,0.3028,1.0775
44.9501,-0.6386,1.3249,-0.0252,-0.2588,0.2600,-1.7151,1.3798,-0.0952,-0.2896,0.3049,1.0779
44.9507,-0.6387,1.3227,-0.0248,-0.2592,0.2604,-1.7156,1.3770,-0.0945,-0.2919,0.3069,1.0783
44.9705,-0.6389,1.3206,-0.0243,-0.2591,0.2603,-1.7161,1.3742,-0.0935,-0.2939,0.3084,1.0786
44.9710,-0.6390,1.3184,-0.0239,-0.2596,0.2607,-1.7167,1.3711,-0.0927,-0.2959,0.3100,1.0789
44.9900,-0.6391,1.3163,-0.0234,-0.2599,0.2610,-1.7172,1.3682,-0.0917,-0.2980,0.3118,1.0793
44.9905,-0.6392,1.3139,-0.0234,-0.2599,0.2610,-1.7177,1.3650,-0.0917,-0.2980,0.3118,1.0797
45.0001,-0.6393,1.3117,-0.0226,-0.2606,0.2616,-1.7181,1.3621,-0.0896,-0.3024,0.3154,1.0800
45.0004,-0.6394,1.3096,-0.0226,-0.2606,0.2616,-1.7185,1.3592,-0.0885,-0.3044,0.3170,1.0803
45.0204,-0.6394,1.3074,-0.0219,-0.2609,0.2619,-1.7188,1.3564,-0.0875,-0.3067,0.3190,1.0805
45.0208,-0.6395,1.3052,-0.0219,-0.2609,0.2619,-1.7192,1.3534,-0.0875,-0.3067,0.3190,1.0808
45.0401,-0.6395,1.3028,-0.0213,-0.2610,0.2618,-1.7197,1.3504,-0.0849,-0.3106,0.3219,1.0812
45.0405,-0.6395,1.3007,-0.0213,-0.2610,0.2618,-1.7202,1.3475,-0.0849,-0.3106,0.3219,1.0817
45.0499,-0.6395,1.2987,-0.0203,-0.2612,0.2620,-1.7207,1.3447,-0.0827,-0.3147,0.3254,1.0822
45.0504,-0.6395,1.2964,-0.0203,-0.2612,0.2620,-1.7212,1.3416,-0.0817,-0.3163,0.3267,1.0827
45.0698,-0.6395,1.2943,-0.0190,-0.2612,0.2619,-1.7216,1.3387,-0.0804,-0.3180,0.3281,1.0830
45.0700,-0.6395,1.2922,-0.0190,-0.2612,0.2619,-1.7219,1.3360,-0.0804,-0.3180,0.3281,1.0833
