case,t,leader_x,leader_y,follower_x,follower_y,follower_yaw,cmd_vx_body,cmd_vy_body,cmd_w,cmd_vx_map,cmd_vy_map,err_x,err_y,err_yaw,pos_error,yaw_error,sixd_error,hpc_fallback_count,target_idx
ideal_6d_disc,0.050000,2.000000,0.000000,4.175731,-0.392800,1.573854,0.143993,0.485380,0.061161,-0.485818,0.142508,-0.392800,-1.175731,0.003058,1.239611,0.003058,1.376248,0,1
ideal_6d_disc,0.100000,1.999873,0.022500,4.134097,-0.379795,1.579291,0.262659,0.831889,0.108724,-0.834090,0.255584,-0.426278,-1.129562,-0.002756,1.207321,0.002756,1.481967,0,1
ideal_6d_disc,0.150000,1.999494,0.044996,4.083944,-0.362042,1.586566,0.363559,1.000000,0.145505,-1.005609,0.347745,-0.453831,-1.074765,-0.006730,1.166655,0.006730,1.539113,0,1
ideal_6d_disc,0.200000,1.998861,0.067487,4.033594,-0.340271,1.595254,0.451254,1.000000,0.173757,-1.010736,0.426664,-0.476185,-1.019815,-0.009293,1.125511,0.009293,1.503710,0,1
ideal_6d_disc,0.250000,1.997975,0.089970,3.982964,-0.315093,1.605018,0.528174,1.000000,0.195276,-1.017486,0.493650,-0.493946,-0.964757,-0.010779,1.083854,0.010779,1.473831,0,1
ideal_6d_disc,0.300000,1.996837,0.112441,3.931973,-0.287016,1.615592,0.596101,1.000000,0.211494,-1.025691,0.550722,-0.507619,-0.909618,-0.011454,1.041673,0.011454,1.447918,0,1
ideal_6d_disc,0.350000,1.995445,0.134898,3.880554,-0.256470,1.626770,0.656351,1.000000,0.223554,-1.035153,0.599379,-0.517625,-0.854418,-0.011526,0.998982,0.011526,1.424902,0,1
ideal_6d_disc,0.400000,1.993802,0.157337,3.828646,-0.223827,1.638388,0.709915,1.000000,0.232362,-1.045664,0.640754,-0.524328,-0.799172,-0.011158,0.955822,0.011158,1.404040,0,1
ideal_6d_disc,0.450000,1.991905,0.179757,3.776202,-0.189413,1.650320,0.757557,1.000000,0.238639,-1.057020,0.675723,-0.528046,-0.743895,-0.010476,0.912256,0.010476,1.384813,0,1
ideal_6d_disc,0.500000,1.989757,0.202154,3.723183,-0.153517,1.662468,0.799878,1.000000,0.242959,-1.069025,0.704976,-0.529060,-0.688598,-0.009578,0.868373,0.009578,1.366862,0,1
ideal_6d_disc,0.550000,1.987357,0.224526,3.669560,-0.116402,1.674757,0.837371,1.000000,0.245772,-1.081498,0.729077,-0.527621,-0.633296,-0.008540,0.824286,0.008540,1.349944,0,1
ideal_6d_disc,0.600000,1.984705,0.246869,3.615314,-0.078303,1.687128,0.870449,1.000000,0.247437,-1.094274,0.748495,-0.523958,-0.578001,-0.007418,0.780139,0.007418,1.333903,0,1
ideal_6d_disc,0.650000,1.981803,0.269181,3.560440,-0.039436,1.699540,0.899471,0.999827,0.248235,-1.107034,0.763660,-0.518278,-0.522737,-0.006256,0.736115,0.006256,1.318526,0,1
ideal_6d_disc,0.700000,1.978649,0.291458,3.505976,0.000137,1.711959,0.924755,0.978646,0.248387,-1.099020,0.777866,-0.510788,-0.468568,-0.005087,0.693152,0.005087,1.288295,0,1
ideal_6d_disc,0.750000,1.975245,0.313699,3.452668,0.040361,1.724363,0.946487,0.942368,0.248065,-1.076056,0.791201,-0.501688,-0.416263,-0.003934,0.651894,0.003934,1.247694,0,1
ideal_6d_disc,0.800000,1.971591,0.335900,3.401036,0.081183,1.736733,0.964787,0.895607,0.247405,-1.042665,0.803602,-0.491175,-0.366361,-0.002813,0.612758,0.002813,1.200348,0,1
ideal_6d_disc,0.850000,1.967687,0.358059,3.351425,0.122545,1.749059,0.979759,0.841945,0.246511,-1.002334,0.814940,-0.479439,-0.319218,-0.001738,0.575988,0.001738,1.149099,0,1
ideal_6d_disc,0.900000,1.963535,0.380173,3.304048,0.164383,1.761332,0.991513,0.784149,0.245462,-0.957736,0.825064,-0.466669,-0.275054,-0.000715,0.541696,0.000715,1.096119,0,1
ideal_6d_disc,0.950000,1.959134,0.402238,3.258953,0.206606,1.773549,1.000000,0.725656,0.244356,-0.912158,0.833393,-0.453052,-0.233915,0.000253,0.509875,0.000253,1.043834,0,1
ideal_6d_disc,1.000000,1.954485,0.424252,3.216080,0.248838,1.785714,1.000000,0.669823,0.243289,-0.867680,0.834143,-0.439039,-0.195674,0.001167,0.480670,0.001167,0.991588,0,1
ideal_6d_disc,1.050000,1.949588,0.446213,3.175319,0.291118,1.797826,1.000000,0.616116,0.242252,-0.825391,0.835661,-0.424654,-0.160233,0.002030,0.453878,0.002030,0.943151,0,1
ideal_6d_disc,1.100000,1.944445,0.468117,3.136580,0.333486,1.809888,1.000000,0.564171,0.241238,-0.784943,0.837946,-0.409921,-0.127509,0.002842,0.429294,0.002842,0.898221,0,1
ideal_6d_disc,1.150000,1.939056,0.489962,3.099781,0.375980,1.821900,1.000000,0.513770,0.240244,-0.746131,0.840980,-0.394865,-0.097432,0.003604,0.406708,0.003604,0.856615,0,1
ideal_6d_disc,1.200000,1.933421,0.511745,3.064846,0.418637,1.833864,1.000000,0.464813,0.239269,-0.708866,0.844725,-0.379509,-0.069937,0.004318,0.385899,0.004318,0.818234,0,1
ideal_6d_disc,1.250000,1.927542,0.533463,3.031697,0.461491,1.845780,1.000000,0.417291,0.238315,-0.673144,0.849122,-0.363877,-0.044956,0.004983,0.366644,0.004983,0.783035,0,1
ideal_6d_disc,1.300000,1.921418,0.555114,3.000255,0.504572,1.857649,1.000000,0.371257,0.237382,-0.639022,0.854098,-0.347994,-0.022420,0.005602,0.348715,0.005602,0.751003,0,1
ideal_6d_disc,1.350000,1.915052,0.576694,2.970436,0.547906,1.869473,1.000000,0.326811,0.236475,-0.606597,0.859561,-0.331882,-0.002256,0.006176,0.331890,0.006176,0.722122,0,1
ideal_6d_disc,1.400000,1.908443,0.598201,2.942148,0.591513,1.881252,1.000000,0.284074,0.235596,-0.575986,0.865412,-0.315564,0.015617,0.006706,0.315950,0.006706,0.696358,0,1
ideal_6d_disc,1.450000,1.901593,0.619633,2.915296,0.635408,1.892990,1.000000,0.243177,0.234749,-0.547312,0.871542,-0.299063,0.031288,0.007193,0.300695,0.007193,0.673645,0,1
ideal_6d_disc,1.500000,1.894502,0.640986,2.889777,0.679601,1.904687,1.000000,0.204245,0.233937,-0.520687,0.877839,-0.282400,0.044849,0.007640,0.285940,0.007640,0.653870,0,1
ideal_6d_disc,1.550000,1.887171,0.662258,2.865483,0.724097,1.916345,1.000000,0.167389,0.233163,-0.496207,0.884193,-0.265597,0.056402,0.008048,0.271520,0.008048,0.636879,0,1
ideal_6d_disc,1.600000,1.879601,0.683447,2.842305,0.768894,1.927966,1.000000,0.132696,0.232429,-0.473946,0.890496,-0.248674,0.066051,0.008420,0.257297,0.008420,0.622474,0,1
ideal_6d_disc,1.650000,1.871794,0.704548,2.820129,0.813987,1.939553,1.000000,0.100229,0.231736,-0.453947,0.896648,-0.231651,0.073904,0.008757,0.243154,0.008757,0.610423,0,1
ideal_6d_disc,1.700000,1.863749,0.725561,2.798840,0.859364,1.951107,1.000000,0.070021,0.231086,-0.436228,0.902557,-0.214546,0.080072,0.009061,0.229001,0.009061,0.600476,0,1
ideal_6d_disc,1.750000,1.855469,0.746482,2.778326,0.905010,1.962631,1.000000,0.042079,0.230479,-0.420775,0.908141,-0.197376,0.084664,0.009335,0.214768,0.009335,0.592373,0,1
ideal_6d_disc,1.800000,1.846954,0.767308,2.758475,0.950908,1.974127,1.000000,0.016382,0.229915,-0.407552,0.913329,-0.180159,0.087793,0.009581,0.200412,0.009581,0.585860,0,1
ideal_6d_disc,1.850000,1.838205,0.788038,2.739177,0.997035,1.985597,1.000000,-0.007108,0.229394,-0.396502,0.918061,-0.162910,0.089565,0.009800,0.185907,0.009800,0.580696,0,1
ideal_6d_disc,1.900000,1.829223,0.808667,2.720534,1.042902,1.997042,0.989813,-0.028446,0.228914,-0.383343,0.913010,-0.146153,0.090088,0.009996,0.171687,0.009996,0.567087,0,1
ideal_6d_disc,1.950000,1.820010,0.829194,2.702570,1.088222,2.008466,0.973850,-0.047624,0.228477,-0.369612,0.902241,-0.130190,0.089474,0.010170,0.157971,0.010170,0.548969,0,1
ideal_6d_disc,2.000000,1.810567,0.849616,2.685259,1.132831,2.019870,0.954822,-0.064555,0.228081,-0.356364,0.888177,-0.115187,0.087843,0.010324,0.144860,0.010324,0.528734,0,1
ideal_6d_disc,2.050000,1.800894,0.869931,2.668543,1.176632,2.031257,0.934290,-0.079129,0.227723,-0.344274,0.872144,-0.101230,0.085324,0.010460,0.132392,0.010460,0.507685,0,1
ideal_6d_disc,2.100000,1.790994,0.890136,2.652342,1.219562,2.042626,0.913157,-0.091244,0.227399,-0.333771,0.854855,-0.088358,0.082049,0.010580,0.120579,0.010580,0.486491,0,1
ideal_6d_disc,2.150000,1.780867,0.910228,2.636636,1.261262,2.053981,0.885644,-0.099283,0.227085,-0.323555,0.830382,-0.076900,0.078234,0.010684,0.109700,0.010684,0.459223,0,1
ideal_6d_disc,2.200000,1.770514,0.930204,2.621368,1.301476,2.065320,0.854074,-0.103264,0.226787,-0.314462,0.800762,-0.067064,0.074096,0.010774,0.099939,0.010774,0.427890,0,1
ideal_6d_disc,2.250000,1.759937,0.950063,2.606421,1.340160,2.076646,0.822890,-0.104068,0.226519,-0.307697,0.770259,-0.058833,0.069813,0.010850,0.091297,0.010850,0.396685,0,1
ideal_6d_disc,2.300000,1.749138,0.969802,2.591657,1.377377,2.087960,0.794188,-0.102364,0.226285,-0.303682,0.740938,-0.052086,0.065526,0.010914,0.083706,0.010914,0.367571,0,1
ideal_6d_disc,2.350000,1.738117,0.989418,2.576942,1.413231,2.099264,0.768819,-0.098737,0.226083,-0.302380,0.713721,-0.046656,0.061348,0.010968,0.077073,0.010968,0.341355,0,1
ideal_6d_disc,2.400000,1.726877,1.008909,2.562156,1.447848,2.110560,0.746982,-0.093704,0.225911,-0.303517,0.688942,-0.042364,0.057363,0.011014,0.071311,0.011014,0.318274,0,1
ideal_6d_disc,2.450000,1.715417,1.028272,2.547197,1.481350,2.121848,0.728550,-0.087723,0.225765,-0.306719,0.666636,-0.039039,0.053631,0.011052,0.066335,0.011052,0.298289,0,1
ideal_6d_disc,2.500000,1.703741,1.047505,2.531984,1.513859,2.133130,0.713239,-0.081180,0.225642,-0.311593,0.646692,-0.036521,0.050191,0.011084,0.062072,0.011084,0.281231,0,1
ideal_6d_disc,2.550000,1.691849,1.066605,2.516451,1.545482,2.144407,0.700705,-0.074392,0.225538,-0.317765,0.628925,-0.034669,0.047063,0.011111,0.058454,0.011111,0.266876,0,1
ideal_6d_disc,2.600000,1.679743,1.085571,2.500552,1.576319,2.155680,0.690589,-0.067608,0.225451,-0.324906,0.613124,-0.033358,0.044254,0.011133,0.055418,0.011133,0.254972,0,1
ideal_6d_disc,2.650000,1.667424,1.104399,2.484254,1.606459,2.166949,0.682549,-0.061020,0.225378,-0.332732,0.599071,-0.032480,0.041762,0.011152,0.052905,0.011152,0.245258,0,1
ideal_6d_disc,2.700000,1.654894,1.123087,2.467535,1.635976,2.178215,0.676265,-0.054763,0.225317,-0.341011,0.586554,-0.031944,0.039573,0.011168,0.050857,0.011168,0.237474,0,1
ideal_6d_disc,2.750000,1.642155,1.141633,2.450383,1.664940,2.189478,0.671451,-0.048930,0.225265,-0.349555,0.575371,-0.031674,0.037670,0.011181,0.049217,0.011181,0.231360,0,1
ideal_6d_disc,2.800000,1.629208,1.160035,2.432791,1.693407,2.200739,0.667852,-0.043578,0.225222,-0.358216,0.565337,-0.031605,0.036033,0.011193,0.047930,0.011193,0.226671,0,1
ideal_6d_disc,2.850000,1.616055,1.178290,2.414761,1.721426,2.211998,0.665245,-0.038735,0.225186,-0.366881,0.556282,-0.031685,0.034637,0.011202,0.046943,0.011202,0.223175,0,1
ideal_6d_disc,2.900000,1.602697,1.196395,2.396298,1.749038,2.223256,0.663440,-0.034405,0.225156,-0.375465,0.548053,-0.031870,0.033460,0.011210,0.046209,0.011210,0.220662,0,1
ideal_6d_disc,2.950000,1.589137,1.214349,2.377408,1.776278,2.234513,0.662272,-0.030578,0.225131,-0.383905,0.540514,-0.032128,0.032476,0.011216,0.045682,0.011216,0.218942,0,1
ideal_6d_disc,3.000000,1.575375,1.232150,2.358102,1.803174,2.245768,0.661603,-0.027231,0.225110,-0.392159,0.533546,-0.032430,0.031662,0.011222,0.045323,0.011222,0.217853,0,1
ideal_6d_disc,3.050000,1.561414,1.249795,2.338390,1.829750,2.257023,0.661317,-0.024334,0.225092,-0.400199,0.527042,-0.032755,0.030997,0.011226,0.045097,0.011226,0.217252,0,1
ideal_6d_disc,3.100000,1.547255,1.267281,2.318283,1.856023,2.268276,0.661320,-0.021851,0.225077,-0.408010,0.520912,-0.033087,0.030460,0.011230,0.044973,0.011230,0.217023,0,1
ideal_6d_disc,3.150000,1.532901,1.284607,2.297795,1.882009,2.279530,0.661532,-0.019744,0.225064,-0.415584,0.515077,-0.033415,0.030033,0.011233,0.044928,0.011233,0.217067,0,1
ideal_6d_disc,3.200000,1.518352,1.301771,2.276937,1.907719,2.290782,0.661890,-0.017972,0.225054,-0.422921,0.509469,-0.033730,0.029697,0.011236,0.044941,0.011236,0.217307,0,1
ideal_6d_disc,3.250000,1.503611,1.318769,2.255721,1.933161,2.302035,0.662344,-0.016499,0.225045,-0.430027,0.504032,-0.034026,0.029439,0.011238,0.044994,0.011238,0.217678,0,1
ideal_6d_disc,3.300000,1.488680,1.335601,2.234157,1.958341,2.313287,0.662855,-0.015286,0.225038,-0.436910,0.498718,-0.034299,0.029245,0.011240,0.045075,0.011240,0.218133,0,1
ideal_6d_disc,3.350000,1.473561,1.352264,2.212257,1.983264,2.324538,0.663391,-0.014300,0.225032,-0.443579,0.493487,-0.034548,0.029104,0.011242,0.045173,0.011242,0.218633,0,1
ideal_6d_disc,3.400000,1.458255,1.368756,2.190031,2.007931,2.335789,0.663930,-0.013508,0.225027,-0.450048,0.488306,-0.034771,0.029005,0.011243,0.045280,0.011243,0.219149,0,1
ideal_6d_disc,3.450000,1.442765,1.385074,2.167488,2.032343,2.347041,0.664455,-0.012882,0.225022,-0.456329,0.483147,-0.034969,0.028940,0.011244,0.045391,0.011244,0.219662,0,1
ideal_6d_disc,3.500000,1.427092,1.401217,2.144637,2.056501,2.358292,0.664955,-0.012394,0.225019,-0.462433,0.477989,-0.035143,0.028901,0.011245,0.045501,0.011245,0.220155,0,1
ideal_6d_disc,3.550000,1.411238,1.417183,2.121485,2.080404,2.369542,0.665420,-0.012022,0.225016,-0.468375,0.472815,-0.035294,0.028883,0.011246,0.045606,0.011246,0.220619,0,1
ideal_6d_disc,3.600000,1.395206,1.432969,2.098042,2.104050,2.380793,0.665847,-0.011746,0.225013,-0.474164,0.467610,-0.035424,0.028881,0.011247,0.045705,0.011247,0.221048,0,1
ideal_6d_disc,3.650000,1.378997,1.448574,2.074313,2.127436,2.392043,0.666233,-0.011548,0.225011,-0.479812,0.462363,-0.035534,0.028890,0.011247,0.045796,0.011247,0.221438,0,1
ideal_6d_disc,3.700000,1.362613,1.463996,2.050305,2.150561,2.403294,0.666578,-0.011412,0.225009,-0.485330,0.457068,-0.035627,0.028907,0.011248,0.045879,0.011248,0.221788,0,1
ideal_6d_disc,3.750000,1.346058,1.479233,2.026024,2.173422,2.414544,0.666883,-0.011326,0.225008,-0.490726,0.451717,-0.035705,0.028929,0.011248,0.045954,0.011248,0.222099,0,1
ideal_6d_disc,3.800000,1.329331,1.494282,2.001476,2.196015,2.425795,0.667149,-0.011279,0.225006,-0.496009,0.446307,-0.035769,0.028955,0.011248,0.046020,0.011248,0.222371,0,1
ideal_6d_disc,3.850000,1.312437,1.509142,1.976667,2.218337,2.437045,0.667379,-0.011262,0.225005,-0.501185,0.440834,-0.035821,0.028982,0.011249,0.046078,0.011249,0.222607,0,1
ideal_6d_disc,3.900000,1.295376,1.523811,1.951600,2.240385,2.448295,0.667576,-0.011267,0.225005,-0.506261,0.435298,-0.035864,0.029010,0.011249,0.046128,0.011249,0.222810,0,1
ideal_6d_disc,3.950000,1.278152,1.538287,1.926281,2.262156,2.459545,0.667743,-0.011287,0.225004,-0.511243,0.429696,-0.035897,0.029037,0.011249,0.046171,0.011249,0.222983,0,1
ideal_6d_disc,4.000000,1.260766,1.552569,1.900715,2.283647,2.470796,0.667883,-0.011319,0.225003,-0.516134,0.424030,-0.035923,0.029063,0.011249,0.046207,0.011249,0.223128,0,1
ideal_6d_disc,4.050000,1.243220,1.566654,1.874905,2.304853,2.482046,0.667999,-0.011358,0.225003,-0.520940,0.418299,-0.035943,0.029087,0.011249,0.046238,0.011249,0.223250,0,1
ideal_6d_disc,4.100000,1.225517,1.580541,1.848855,2.325773,2.493296,0.668095,-0.011401,0.225002,-0.525663,0.412504,-0.035958,0.029109,0.011249,0.046264,0.011249,0.223350,0,1
ideal_6d_disc,4.150000,1.207659,1.594227,1.822570,2.346402,2.504546,0.668173,-0.011446,0.225002,-0.530306,0.406646,-0.035969,0.029129,0.011250,0.046285,0.011250,0.223431,0,1
ideal_6d_disc,4.200000,1.189647,1.607712,1.796054,2.366738,2.515796,0.668235,-0.011491,0.225002,-0.534872,0.400727,-0.035977,0.029148,0.011250,0.046302,0.011250,0.223497,0,1
ideal_6d_disc,4.250000,1.171486,1.620994,1.769309,2.386778,2.527046,0.668284,-0.011534,0.225001,-0.539361,0.394748,-0.035982,0.029164,0.011250,0.046316,0.011250,0.223549,0,1
ideal_6d_disc,4.300000,1.153176,1.634070,1.742341,2.406518,2.538296,0.668322,-0.011575,0.225001,-0.543776,0.388711,-0.035985,0.029178,0.011250,0.046327,0.011250,0.223590,0,1
ideal_6d_disc,4.350000,1.134720,1.646940,1.715152,2.425956,2.549546,0.668351,-0.011613,0.225001,-0.548118,0.382617,-0.035986,0.029190,0.011250,0.046336,0.011250,0.223621,0,1
ideal_6d_disc,4.400000,1.116120,1.659601,1.687746,2.445089,2.560796,0.668373,-0.011647,0.225001,-0.552386,0.376467,-0.035986,0.029200,0.011250,0.046343,0.011250,0.223644,0,1
ideal_6d_disc,4.450000,1.097380,1.672052,1.660127,2.463914,2.572046,0.668388,-0.011679,0.225001,-0.556582,0.370263,-0.035985,0.029209,0.011250,0.046347,0.011250,0.223661,0,1
ideal_6d_disc,4.500000,1.078500,1.684291,1.632298,2.482428,2.583296,0.668398,-0.011707,0.225001,-0.560706,0.364008,-0.035983,0.029217,0.011250,0.046351,0.011250,0.223673,0,1
ideal_6d_disc,4.550000,1.059484,1.696318,1.604263,2.500630,2.594546,0.668405,-0.011731,0.225000,-0.564759,0.357701,-0.035982,0.029223,0.011250,0.046353,0.011250,0.223680,0,1
ideal_6d_disc,4.600000,1.040334,1.708129,1.576026,2.518516,2.605796,0.668408,-0.011753,0.225000,-0.568739,0.351345,-0.035979,0.029228,0.011250,0.046355,0.011250,0.223684,0,1
ideal_6d_disc,4.650000,1.021052,1.719725,1.547589,2.536084,2.617046,0.668409,-0.011771,0.225000,-0.572647,0.344942,-0.035977,0.029232,0.011250,0.046356,0.011250,0.223686,0,1
ideal_6d_disc,4.700000,1.001641,1.731102,1.518957,2.553332,2.628296,0.668409,-0.011787,0.225000,-0.576483,0.338491,-0.035975,0.029236,0.011250,0.046356,0.011250,0.223686,0,1
ideal_6d_disc,4.750000,0.982103,1.742261,1.490134,2.570257,2.639546,0.668407,-0.011800,0.225000,-0.580246,0.331995,-0.035973,0.029238,0.011250,0.046356,0.011250,0.223685,0,1
ideal_6d_disc,4.800000,0.962441,1.753199,1.461122,2.586857,2.650796,0.668404,-0.011812,0.225000,-0.583937,0.325455,-0.035971,0.029240,0.011250,0.046356,0.011250,0.223682,0,1
ideal_6d_disc,4.850000,0.942657,1.763916,1.431925,2.603130,2.662046,0.668401,-0.011821,0.225000,-0.587554,0.318872,-0.035969,0.029242,0.011250,0.046355,0.011250,0.223679,0,1
ideal_6d_disc,4.900000,0.922753,1.774409,1.402548,2.619074,2.673296,0.668397,-0.011829,0.225000,-0.591097,0.312247,-0.035967,0.029243,0.011250,0.046355,0.011250,0.223676,0,1
ideal_6d_disc,4.950000,0.902733,1.784677,1.372993,2.634687,2.684546,0.668393,-0.011835,0.225000,-0.594567,0.305582,-0.035965,0.029244,0.011250,0.046354,0.011250,0.223672,0,1
ideal_6d_disc,5.000000,0.882599,1.794720,1.343265,2.649966,2.695796,0.668390,-0.011840,0.225000,-0.597961,0.298877,-0.035964,0.029245,0.011250,0.046353,0.011250,0.223669,0,1
ideal_6d_disc,5.050000,0.862353,1.804535,1.313368,2.664910,2.707046,0.668386,-0.011844,0.225000,-0.601281,0.292133,-0.035962,0.029245,0.011250,0.046353,0.011250,0.223665,0,1
ideal_6d_disc,5.100000,0.841998,1.814122,1.283304,2.679517,2.718296,0.668383,-0.011847,0.225000,-0.604525,0.285352,-0.035961,0.029245,0.011250,0.046352,0.011250,0.223662,0,1
ideal_6d_disc,5.150000,0.821536,1.823480,1.253078,2.693784,2.729546,0.668380,-0.011849,0.225000,-0.607693,0.278534,-0.035960,0.029245,0.011250,0.046351,0.011250,0.223659,0,1
ideal_6d_disc,5.200000,0.800970,1.832606,1.222693,2.707711,2.740796,0.668377,-0.011851,0.225000,-0.610785,0.271680,-0.035959,0.029245,0.011250,0.046350,0.011250,0.223656,0,1
ideal_6d_disc,5.250000,0.780303,1.841501,1.192154,2.721295,2.752046,0.668374,-0.011852,0.225000,-0.613800,0.264792,-0.035959,0.029245,0.011250,0.046350,0.011250,0.223653,0,1
ideal_6d_disc,5.300000,0.759538,1.850163,1.161464,2.734535,2.763296,0.668372,-0.011853,0.225000,-0.616737,0.257870,-0.035958,0.029245,0.011250,0.046349,0.011250,0.223651,0,1
ideal_6d_disc,5.350000,0.738676,1.858590,1.130627,2.747428,2.774546,0.668370,-0.011853,0.225000,-0.619597,0.250915,-0.035958,0.029245,0.011250,0.046349,0.011250,0.223649,0,1
ideal_6d_disc,5.400000,0.717720,1.866783,1.099648,2.759974,2.785796,0.668368,-0.011854,0.225000,-0.622379,0.243929,-0.035957,0.029245,0.011250,0.046348,0.011250,0.223647,0,1
ideal_6d_disc,5.450000,0.696674,1.874739,1.068529,2.772170,2.797046,0.668367,-0.011854,0.225000,-0.625082,0.236911,-0.035957,0.029245,0.011250,0.046348,0.011250,0.223646,0,1
ideal_6d_disc,5.500000,0.675539,1.882458,1.037275,2.784016,2.808296,0.668366,-0.011854,0.225000,-0.627707,0.229864,-0.035957,0.029244,0.011250,0.046348,0.011250,0.223644,0,1
ideal_6d_disc,5.550000,0.654319,1.889938,1.005889,2.795509,2.819546,0.668365,-0.011853,0.225000,-0.630252,0.222787,-0.035956,0.029244,0.011250,0.046347,0.011250,0.223643,0,1
ideal_6d_disc,5.600000,0.633017,1.897179,0.974377,2.806648,2.830796,0.668364,-0.011853,0.225000,-0.632718,0.215682,-0.035956,0.029244,0.011250,0.046347,0.011250,0.223642,0,1
ideal_6d_disc,5.650000,0.611634,1.904181,0.942741,2.817432,2.842046,0.668363,-0.011853,0.225000,-0.635103,0.208550,-0.035956,0.029244,0.011250,0.046347,0.011250,0.223642,0,1
ideal_6d_disc,5.700000,0.590174,1.910941,0.910986,2.827860,2.853296,0.668362,-0.011853,0.225000,-0.637409,0.201392,-0.035956,0.029244,0.011250,0.046347,0.011250,0.223641,0,1
ideal_6d_disc,5.750000,0.568639,1.917459,0.879115,2.837929,2.864546,0.668362,-0.011852,0.225000,-0.639634,0.194208,-0.035956,0.029244,0.011250,0.046347,0.011250,0.223640,0,1
ideal_6d_disc,5.800000,0.547032,1.923735,0.847134,2.847640,2.875796,0.668362,-0.011852,0.225000,-0.641778,0.187000,-0.035956,0.029243,0.011250,0.046347,0.011250,0.223640,0,1
ideal_6d_disc,5.850000,0.525355,1.929767,0.815045,2.856990,2.887046,0.668361,-0.011852,0.225000,-0.643841,0.179768,-0.035956,0.029243,0.011250,0.046347,0.011250,0.223640,0,1
ideal_6d_disc,5.900000,0.503613,1.935555,0.782853,2.865978,2.898296,0.668361,-0.011852,0.225000,-0.645822,0.172513,-0.035956,0.029243,0.011250,0.046346,0.011250,0.223639,0,1
ideal_6d_disc,5.950000,0.481806,1.941098,0.750562,2.874604,2.909546,0.668361,-0.011851,0.225000,-0.647722,0.165236,-0.035956,0.029243,0.011250,0.046346,0.011250,0.223639,0,1
ideal_6d_disc,6.000000,0.459939,1.946396,0.718176,2.882865,2.920796,0.668361,-0.011851,0.225000,-0.649540,0.157939,-0.035956,0.029243,0.011250,0.046346,0.011250,0.223639,0,1
ideal_6d_disc,6.050000,0.438013,1.951447,0.685699,2.890762,2.932046,0.668361,-0.011851,0.225000,-0.651275,0.150621,-0.035956,0.029243,0.011250,0.046346,0.011250,0.223639,0,1
ideal_6d_disc,6.100000,0.416032,1.956251,0.653135,2.898293,2.943296,0.668361,-0.011851,0.225000,-0.652928,0.143285,-0.035956,0.029243,0.011250,0.046346,0.011250,0.223639,0,1
ideal_6d_disc,6.150000,0.393999,1.960807,0.620488,2.905458,2.954546,0.668360,-0.011851,0.225000,-0.654499,0.135930,-0.035956,0.029243,0.011250,0.046346,0.011250,0.223639,0,1
ideal_6d_disc,6.200000,0.371915,1.965116,0.587763,2.912254,2.965796,0.668360,-0.011850,0.225000,-0.655987,0.128559,-0.035956,0.029243,0.011250,0.046346,0.011250,0.223639,0,1
ideal_6d_disc,6.250000,0.349784,1.969175,0.554964,2.918682,2.977046,0.668360,-0.011850,0.225000,-0.657392,0.121171,-0.035956,0.029243,0.011250,0.046346,0.011250,0.223639,0,1
ideal_6d_disc,6.300000,0.327610,1.972986,0.522095,2.924741,2.988296,0.668360,-0.011850,0.225000,-0.658713,0.113768,-0.035956,0.029243,0.011250,0.046346,0.011250,0.223639,0,1
ideal_6d_disc,6.350000,0.305393,1.976546,0.489159,2.930429,2.999546,0.668360,-0.011850,0.225000,-0.659951,0.106350,-0.035956,0.029243,0.011250,0.046346,0.011250,0.223639,0,1
ideal_6d_disc,6.400000,0.283138,1.979857,0.456161,2.935747,3.010796,0.668360,-0.011850,0.225000,-0.661106,0.098919,-0.035956,0.029243,0.011250,0.046346,0.011250,0.223639,0,1
ideal_6d_disc,6.450000,0.260847,1.982917,0.423106,2.940692,3.022046,0.668360,-0.011850,0.225000,-0.662177,0.091475,-0.035956,0.029243,0.011250,0.046346,0.011250,0.223639,0,1
ideal_6d_disc,6.500000,0.238524,1.985726,0.389997,2.945266,3.033296,0.668361,-0.011850,0.225000,-0.663164,0.084020,-0.035956,0.029243,0.011250,0.046346,0.011250,0.223639,0,1
ideal_6d_disc,6.550000,0.216170,1.988283,0.356839,2.949467,3.044546,0.668361,-0.011850,0.225000,-0.664068,0.076554,-0.035956,0.029243,0.011250,0.046346,0.011250,0.223639,0,1
ideal_6d_disc,6.600000,0.193788,1.990589,0.323636,2.953295,3.055796,0.668361,-0.011850,0.225000,-0.664887,0.069079,-0.035956,0.029243,0.011250,0.046346,0.011250,0.223639,0,1
ideal_6d_disc,6.650000,0.171382,1.992644,0.290391,2.956749,3.067046,0.668361,-0.011850,0.225000,-0.665622,0.061595,-0.035956,0.029243,0.011250,0.046346,0.011250,0.223639,0,1
ideal_6d_disc,6.700000,0.148955,1.994445,0.257110,2.959829,3.078296,0.668361,-0.011850,0.225000,-0.666273,0.054103,-0.035956,0.029243,0.011250,0.046346,0.011250,0.223639,0,1
ideal_6d_disc,6.750000,0.126508,1.995995,0.223797,2.962534,3.089546,0.668361,-0.011850,0.225000,-0.666839,0.046604,-0.035956,0.029243,0.011250,0.046346,0.011250,0.223639,0,1
ideal_6d_disc,6.800000,0.104046,1.997292,0.190455,2.964864,3.100796,0.668361,-0.011850,0.225000,-0.667321,0.039099,-0.035956,0.029243,0.011250,0.046346,0.011250,0.223639,0,1
ideal_6d_disc,6.850000,0.081570,1.998336,0.157088,2.966819,3.112046,0.668361,-0.011850,0.225000,-0.667719,0.031589,-0.035956,0.029243,0.011250,0.046346,0.011250,0.223639,0,1
ideal_6d_disc,6.900000,0.059084,1.999127,0.123703,2.968398,3.123296,0.668361,-0.011850,0.225000,-0.668032,0.024076,-0.035956,0.029243,0.011250,0.046346,0.011250,0.223639,0,1
ideal_6d_disc,6.950000,0.036591,1.999665,0.090301,2.969602,3.134546,0.668361,-0.011850,0.225000,-0.668261,0.016559,-0.035956,0.029243,0.011250,0.046346,0.011250,0.223639,0,1
ideal_6d_disc,7.000000,0.014093,1.999950,0.056888,2.970430,-3.137389,0.668361,-0.011850,0.225000,-0.668405,0.009040,-0.035956,0.029243,0.011250,0.046346,0.011250,0.223639,0,1
ideal_6d_disc,7.050000,-0.008407,1.999982,0.023468,2.970882,-3.126139,0.668361,-0.011850,0.225000,-0.668464,0.001520,-0.035956,0.029243,0.011250,0.046346,0.011250,0.223639,0,1
ideal_6d_disc,7.100000,-0.030906,1.999761,-0.009956,2.970958,-3.114889,0.668361,-0.011850,0.225000,-0.668439,-0.006000,-0.035956,0.029243,0.011250,0.046346,0.011250,0.223639,0,1
ideal_6d_disc,7.150000,-0.053401,1.999287,-0.043377,2.970658,-3.103639,0.668361,-0.011850,0.225000,-0.668329,-0.013519,-0.035956,0.029243,0.011250,0.046346,0.011250,0.223639,0,1
ideal_6d_disc,7.200000,-0.075889,1.998560,-0.076794,2.969982,-3.092389,0.668361,-0.011850,0.225000,-0.668135,-0.021037,-0.035956,0.029243,0.011250,0.046346,0.011250,0.223639,0,1
ideal_6d_disc,7.250000,-0.098368,1.997579,-0.110201,2.968930,-3.081139,0.668361,-0.011850,0.225000,-0.667856,-0.028552,-0.035956,0.029243,0.011250,0.046346,0.011250,0.223639,0,1
ideal_6d_disc,7.300000,-0.120834,1.996346,-0.143593,2.967503,-3.069889,0.668361,-0.011850,0.225000,-0.667492,-0.036064,-0.035956,0.029243,0.011250,0.046346,0.011250,0.223639,0,1
ideal_6d_disc,7.350000,-0.143284,1.994861,-0.176968,2.965699,-3.058639,0.668361,-0.011850,0.225000,-0.667044,-0.043570,-0.035956,0.029243,0.011250,0.046346,0.011250,0.223639,0,1
ideal_6d_disc,7.400000,-0.165717,1.993123,-0.210320,2.963521,-3.047389,0.668361,-0.011850,0.225000,-0.666512,-0.051072,-0.035956,0.029243,0.011250,0.046346,0.011250,0.223639,0,1
ideal_6d_disc,7.450000,-0.188129,1.991132,-0.243646,2.960967,-3.036139,0.668361,-0.011850,0.225000,-0.665895,-0.058567,-0.035956,0.029243,0.011250,0.046346,0.011250,0.223639,0,1
ideal_6d_disc,7.500000,-0.210517,1.988890,-0.276941,2.958039,-3.024889,0.668361,-0.011850,0.225000,-0.665194,-0.066054,-0.035956,0.029243,0.011250,0.046346,0.011250,0.223639,0,1
ideal_6d_disc,7.550000,-0.232878,1.986396,-0.310200,2.954736,-3.013639,0.668361,-0.011850,0.225000,-0.664409,-0.073533,-0.035956,0.029243,0.011250,0.046346,0.011250,0.223639,0,1
ideal_6d_disc,7.600000,-0.255210,1.983650,-0.343421,2.951060,-3.002389,0.668361,-0.011850,0.225000,-0.663540,-0.081003,-0.035956,0.029243,0.011250,0.046346,0.011250,0.223639,0,1
ideal_6d_disc,7.650000,-0.277509,1.980654,-0.376598,2.947010,-2.991139,0.668361,-0.011850,0.225000,-0.662587,-0.088462,-0.035956,0.029243,0.011250,0.046346,0.011250,0.223639,0,1
ideal_6d_disc,7.700000,-0.299773,1.977406,-0.409727,2.942586,-2.979889,0.668361,-0.011850,0.225000,-0.661549,-0.095911,-0.035956,0.029243,0.011250,0.046346,0.011250,0.223639,0,1
ideal_6d_disc,7.750000,-0.322000,1.973909,-0.442805,2.937791,-2.968639,0.668361,-0.011850,0.225000,-0.660429,-0.103347,-0.035956,0.029243,0.011250,0.046346,0.011250,0.223639,0,1
ideal_6d_disc,7.800000,-0.344185,1.970162,-0.475826,2.932623,-2.957389,0.668361,-0.011850,0.225000,-0.659224,-0.110770,-0.035956,0.029243,0.011250,0.046346,0.011250,0.223639,0,1
ideal_6d_disc,7.850000,-0.366327,1.966165,-0.508787,2.927085,-2.946139,0.668361,-0.011850,0.225000,-0.657936,-0.118179,-0.035956,0.029243,0.011250,0.046346,0.011250,0.223639,0,1
ideal_6d_disc,7.900000,-0.388423,1.961919,-0.541684,2.921176,-2.934889,0.668361,-0.011850,0.225000,-0.656565,-0.125573,-0.035956,0.029243,0.011250,0.046346,0.011250,0.223639,0,1
ideal_6d_disc,7.950000,-0.410470,1.957426,-0.574512,2.914897,-2.923639,0.668361,-0.011850,0.225000,-0.655111,-0.132952,-0.035956,0.029243,0.011250,0.046346,0.011250,0.223639,0,1
ideal_6d_disc,8.000000,-0.432464,1.952684,-0.607268,2.908250,-2.912389,0.668361,-0.011850,0.225000,-0.653574,-0.140313,-0.035956,0.029243,0.011250,0.046346,0.011250,0.223639,0,1
ideal_6d_disc,8.050000,-0.454404,1.947695,-0.639947,2.901234,-2.901139,0.668361,-0.011850,0.225000,-0.651954,-0.147657,-0.035956,0.029243,0.011250,0.046346,0.011250,0.223639,0,1
ideal_6d_disc,8.100000,-0.476287,1.942460,-0.672544,2.893851,-2.889889,0.668361,-0.011850,0.225000,-0.650252,-0.154982,-0.035956,0.029243,0.011250,0.046346,0.011250,0.223639,0,1
ideal_6d_disc,8.150000,-0.498109,1.936979,-0.705057,2.886102,-2.878639,0.668361,-0.011850,0.225000,-0.648467,-0.162287,-0.035956,0.029243,0.011250,0.046346,0.011250,0.223639,0,1
ideal_6d_disc,8.200000,-0.519868,1.931253,-0.737480,2.877988,-2.867389,0.668361,-0.011850,0.225000,-0.646600,-0.169572,-0.035956,0.029243,0.011250,0.046346,0.011250,0.223639,0,1
ideal_6d_disc,8.250000,-0.541561,1.925282,-0.769810,2.869509,-2.856139,0.668361,-0.011850,0.225000,-0.644652,-0.176835,-0.035956,0.029243,0.011250,0.046346,0.011250,0.223639,0,1
ideal_6d_disc,8.300000,-0.563186,1.919068,-0.802043,2.860667,-2.844889,0.668361,-0.011850,0.225000,-0.642622,-0.184076,-0.035956,0.029243,0.011250,0.046346,0.011250,0.223639,0,1
ideal_6d_disc,8.350000,-0.584739,1.912611,-0.834174,2.851464,-2.833639,0.668361,-0.011850,0.225000,-0.640510,-0.191294,-0.035956,0.029243,0.011250,0.046346,0.011250,0.223639,0,1
ideal_6d_disc,8.400000,-0.606218,1.905912,-0.866199,2.841899,-2.822389,0.668361,-0.011850,0.225000,-0.638318,-0.198487,-0.035956,0.029243,0.011250,0.046346,0.011250,0.223639,0,1
ideal_6d_disc,8.450000,-0.627621,1.898971,-0.898115,2.831975,-2.811139,0.668361,-0.011850,0.225000,-0.636044,-0.205656,-0.035956,0.029243,0.011250,0.046346,0.011250,0.223639,0,1
ideal_6d_disc,8.500000,-0.648944,1.891790,-0.929917,2.821692,-2.799889,0.668361,-0.011850,0.225000,-0.633690,-0.212798,-0.035956,0.029243,0.011250,0.046346,0.011250,0.223639,0,1
ideal_6d_disc,8.550000,-0.670186,1.884370,-0.961602,2.811052,-2.788639,0.668361,-0.011850,0.225000,-0.631256,-0.219914,-0.035956,0.029243,0.011250,0.046346,0.011250,0.223639,0,1
ideal_6d_disc,8.600000,-0.691342,1.876712,-0.993165,2.800056,-2.777389,0.668361,-0.011850,0.225000,-0.628742,-0.227001,-0.035956,0.029243,0.011250,0.046346,0.011250,0.223639,0,1
ideal_6d_disc,8.650000,-0.712411,1.868815,-1.024602,2.788706,-2.766139,0.668361,-0.011850,0.225000,-0.626149,-0.234060,-0.035956,0.029243,0.011250,0.046346,0.011250,0.223639,0,1
ideal_6d_disc,8.700000,-0.733389,1.860683,-1.055909,2.777003,-2.754889,0.668361,-0.011850,0.225000,-0.623476,-0.241089,-0.035956,0.029243,0.011250,0.046346,0.011250,0.223639,0,1
ideal_6d_disc,8.750000,-0.754275,1.852315,-1.087083,2.764949,-2.743639,0.668361,-0.011850,0.225000,-0.620725,-0.248088,-0.035956,0.029243,0.011250,0.046346,0.011250,0.223639,0,1
ideal_6d_disc,8.800000,-0.775065,1.843712,-1.118119,2.752544,-2.732389,0.668361,-0.011850,0.225000,-0.617894,-0.255055,-0.035956,0.029243,0.011250,0.046346,0.011250,0.223639,0,1
ideal_6d_disc,8.850000,-0.795758,1.834876,-1.149014,2.739792,-2.721139,0.668361,-0.011850,0.225000,-0.614986,-0.261990,-0.035956,0.029243,0.011250,0.046346,0.011250,0.223639,0,1
ideal_6d_disc,8.900000,-0.816349,1.825808,-1.179763,2.726692,-2.709889,0.668361,-0.011850,0.225000,-0.612000,-0.268892,-0.035956,0.029243,0.011250,0.046346,0.011250,0.223639,0,1
ideal_6d_disc,8.950000,-0.836838,1.816508,-1.210363,2.713247,-2.698639,0.668361,-0.011850,0.225000,-0.608936,-0.275760,-0.035956,0.029243,0.011250,0.046346,0.011250,0.223639,0,1
ideal_6d_disc,9.000000,-0.857220,1.806979,-1.240810,2.699459,-2.687389,0.668361,-0.011850,0.225000,-0.605795,-0.282593,-0.035956,0.029243,0.011250,0.046346,0.011250,0.223639,0,1
ideal_6d_disc,9.050000,-0.877494,1.797221,-1.271100,2.685330,-2.676139,0.668361,-0.011850,0.225000,-0.602578,-0.289390,-0.035956,0.029243,0.011250,0.046346,0.011250,0.223639,0,1
ideal_6d_disc,9.100000,-0.897657,1.787236,-1.301229,2.670860,-2.664889,0.668361,-0.011850,0.225000,-0.599284,-0.296151,-0.035956,0.029243,0.011250,0.046346,0.011250,0.223639,0,1
ideal_6d_disc,9.150000,-0.917706,1.777025,-1.331193,2.656053,-2.653639,0.668361,-0.011850,0.225000,-0.595914,-0.302874,-0.035956,0.029243,0.011250,0.046346,0.011250,0.223639,0,1
ideal_6d_disc,9.200000,-0.937639,1.766588,-1.360989,2.640909,-2.642389,0.668361,-0.011850,0.225000,-0.592470,-0.309558,-0.035956,0.029243,0.011250,0.046346,0.011250,0.223639,0,1
ideal_6d_disc,9.250000,-0.957453,1.755928,-1.390612,2.625431,-2.631139,0.668361,-0.011850,0.225000,-0.588950,-0.316204,-0.035956,0.029243,0.011250,0.046346,0.011250,0.223639,0,1
ideal_6d_disc,9.300000,-0.977146,1.745046,-1.420060,2.609621,-2.619889,0.668361,-0.011850,0.225000,-0.585355,-0.322809,-0.035956,0.029243,0.011250,0.046346,0.011250,0.223639,0,1
ideal_6d_disc,9.350000,-0.996716,1.733943,-1.449327,2.593480,-2.608639,0.668361,-0.011850,0.225000,-0.581687,-0.329374,-0.035956,0.029243,0.011250,0.046346,0.011250,0.223639,0,1
ideal_6d_disc,9.400000,-1.016159,1.722620,-1.478412,2.577012,-2.597389,0.668361,-0.011850,0.225000,-0.577944,-0.335897,-0.035956,0.029243,0.011250,0.046346,0.011250,0.223639,0,1
ideal_6d_disc,9.450000,-1.035474,1.711080,-1.507309,2.560217,-2.586139,0.668361,-0.011850,0.225000,-0.574129,-0.342378,-0.035956,0.029243,0.011250,0.046346,0.011250,0.223639,0,1
ideal_6d_disc,9.500000,-1.054658,1.699323,-1.536015,2.543098,-2.574889,0.668361,-0.011850,0.225000,-0.570241,-0.348815,-0.035956,0.029243,0.011250,0.046346,0.011250,0.223639,0,1
ideal_6d_disc,9.550000,-1.073708,1.687350,-1.564527,2.525657,-2.563639,0.668361,-0.011850,0.225000,-0.566281,-0.355208,-0.035956,0.029243,0.011250,0.046346,0.011250,0.223639,0,1
ideal_6d_disc,9.600000,-1.092622,1.675165,-1.592841,2.507897,-2.552389,0.668361,-0.011850,0.225000,-0.562249,-0.361556,-0.035956,0.029243,0.011250,0.046346,0.011250,0.223639,0,1
ideal_6d_disc,9.650000,-1.111398,1.662767,-1.620954,2.489819,-2.541139,0.668361,-0.011850,0.225000,-0.558146,-0.367858,-0.035956,0.029243,0.011250,0.046346,0.011250,0.223639,0,1
ideal_6d_disc,9.700000,-1.130034,1.650159,-1.648861,2.471426,-2.529889,0.668361,-0.011850,0.225000,-0.553972,-0.374114,-0.035956,0.029243,0.011250,0.046346,0.011250,0.223639,0,1
ideal_6d_disc,9.750000,-1.148526,1.637342,-1.676560,2.452721,-2.518639,0.668361,-0.011850,0.225000,-0.549729,-0.380322,-0.035956,0.029243,0.011250,0.046346,0.011250,0.223639,0,1
ideal_6d_disc,9.800000,-1.166873,1.624317,-1.704046,2.433704,-2.507389,0.668361,-0.011850,0.225000,-0.545415,-0.386482,-0.035956,0.029243,0.011250,0.046346,0.011250,0.223639,0,1
ideal_6d_disc,9.850000,-1.185072,1.611088,-1.731317,2.414380,-2.496139,0.668361,-0.011850,0.225000,-0.541033,-0.392594,-0.035956,0.029243,0.011250,0.046346,0.011250,0.223639,0,1
ideal_6d_disc,9.900000,-1.203122,1.597654,-1.758369,2.394751,-2.484889,0.668361,-0.011850,0.225000,-0.536582,-0.398655,-0.035956,0.029243,0.011250,0.046346,0.011250,0.223639,0,1
ideal_6d_disc,9.950000,-1.221019,1.584018,-1.785198,2.374818,-2.473639,0.668361,-0.011850,0.225000,-0.532063,-0.404667,-0.035956,0.029243,0.011250,0.046346,0.011250,0.223639,0,1
ideal_6d_disc,10.000000,-1.238761,1.570182,-1.811801,2.354584,-2.462389,0.668361,-0.011850,0.225000,-0.527477,-0.410627,-0.035956,0.029243,0.011250,0.046346,0.011250,0.223639,0,1
ideal_6d_disc,10.050000,-1.256347,1.556146,-1.838175,2.334053,-2.451139,0.668361,-0.011850,0.225000,-0.522824,-0.416535,-0.035956,0.029243,0.011250,0.046346,0.011250,0.223639,0,1
ideal_6d_disc,10.100000,-1.273774,1.541914,-1.864316,2.313226,-2.439889,0.668361,-0.011850,0.225000,-0.518105,-0.422390,-0.035956,0.029243,0.011250,0.046346,0.011250,0.223639,0,1
ideal_6d_disc,10.150000,-1.291040,1.527487,-1.890221,2.292107,-2.428639,0.668361,-0.011850,0.225000,-0.513321,-0.428192,-0.035956,0.029243,0.011250,0.046346,0.011250,0.223639,0,1
ideal_6d_disc,10.200000,-1.308142,1.512867,-1.915887,2.270697,-2.417389,0.668361,-0.011850,0.225000,-0.508471,-0.433939,-0.035956,0.029243,0.011250,0.046346,0.011250,0.223639,0,1
ideal_6d_disc,10.250000,-1.325078,1.498055,-1.941311,2.249000,-2.406139,0.668361,-0.011850,0.225000,-0.503557,-0.439632,-0.035956,0.029243,0.011250,0.046346,0.011250,0.223639,0,1
ideal_6d_disc,10.300000,-1.341847,1.483053,-1.966489,2.227019,-2.394889,0.668361,-0.011850,0.225000,-0.498580,-0.445269,-0.035956,0.029243,0.011250,0.046346,0.011250,0.223639,0,1
ideal_6d_disc,10.350000,-1.358446,1.467864,-1.991418,2.204755,-2.383639,0.668361,-0.011850,0.225000,-0.493539,-0.450850,-0.035956,0.029243,0.011250,0.046346,0.011250,0.223639,0,1
ideal_6d_disc,10.400000,-1.374874,1.452489,-2.016095,2.182213,-2.372389,0.668361,-0.011850,0.225000,-0.488436,-0.456374,-0.035956,0.029243,0.011250,0.046346,0.011250,0.223639,0,1
ideal_6d_disc,10.450000,-1.391127,1.436930,-2.040517,2.159394,-2.361139,0.668361,-0.011850,0.225000,-0.483271,-0.461839,-0.035956,0.029243,0.011250,0.046346,0.011250,0.223639,0,1
ideal_6d_disc,10.500000,-1.407204,1.421189,-2.064680,2.136302,-2.349889,0.668361,-0.011850,0.225000,-0.478045,-0.467247,-0.035956,0.029243,0.011250,0.046346,0.011250,0.223639,0,1
ideal_6d_disc,10.550000,-1.423103,1.405268,-2.088582,2.112940,-2.338639,0.668361,-0.011850,0.225000,-0.472758,-0.472595,-0.035956,0.029243,0.011250,0.046346,0.011250,0.223639,0,1
ideal_6d_disc,10.600000,-1.438822,1.389170,-2.112220,2.089310,-2.327389,0.668361,-0.011850,0.225000,-0.467412,-0.477884,-0.035956,0.029243,0.011250,0.046346,0.011250,0.223639,0,1
ideal_6d_disc,10.650000,-1.454358,1.372895,-2.135591,2.065416,-2.316139,0.668361,-0.011850,0.225000,-0.462006,-0.483112,-0.035956,0.029243,0.011250,0.046346,0.011250,0.223639,0,1
ideal_6d_disc,10.700000,-1.469711,1.356447,-2.158691,2.041260,-2.304889,0.668361,-0.011850,0.225000,-0.456542,-0.488279,-0.035956,0.029243,0.011250,0.046346,0.011250,0.223639,0,1
ideal_6d_disc,10.750000,-1.484878,1.339828,-2.181518,2.016846,-2.293639,0.668361,-0.011850,0.225000,-0.451020,-0.493384,-0.035956,0.029243,0.011250,0.046346,0.011250,0.223639,0,1
ideal_6d_disc,10.800000,-1.499857,1.323038,-2.204069,1.992177,-2.282389,0.668361,-0.011850,0.225000,-0.445441,-0.498426,-0.035956,0.029243,0.011250,0.046346,0.011250,0.223639,0,1
ideal_6d_disc,10.850000,-1.514646,1.306082,-2.226341,1.967256,-2.271139,0.668361,-0.011850,0.225000,-0.439806,-0.503406,-0.035956,0.029243,0.011250,0.046346,0.011250,0.223639,0,1
ideal_6d_disc,10.900000,-1.529243,1.288959,-2.248332,1.942086,-2.259889,0.668361,-0.011850,0.225000,-0.434115,-0.508322,-0.035956,0.029243,0.011250,0.046346,0.011250,0.223639,0,1
ideal_6d_disc,10.950000,-1.543647,1.271674,-2.270037,1.916669,-2.248639,0.668361,-0.011850,0.225000,-0.428369,-0.513173,-0.035956,0.029243,0.011250,0.046346,0.011250,0.223639,0,1
ideal_6d_disc,11.000000,-1.557855,1.254228,-2.291456,1.891011,-2.237389,0.668361,-0.011850,0.225000,-0.422568,-0.517960,-0.035956,0.029243,0.011250,0.046346,0.011250,0.223639,0,1
ideal_6d_disc,11.050000,-1.571866,1.236623,-2.312584,1.865113,-2.226139,0.668361,-0.011850,0.225000,-0.416715,-0.522681,-0.035956,0.029243,0.011250,0.046346,0.011250,0.223639,0,1
ideal_6d_disc,11.100000,-1.585678,1.218862,-2.333420,1.838979,-2.214889,0.668361,-0.011850,0.225000,-0.410808,-0.527336,-0.035956,0.029243,0.011250,0.046346,0.011250,0.223639,0,1
ideal_6d_disc,11.150000,-1.599290,1.200946,-2.353960,1.812612,-2.203639,0.668361,-0.011850,0.225000,-0.404850,-0.531924,-0.035956,0.029243,0.011250,0.046346,0.011250,0.223639,0,1
ideal_6d_disc,11.200000,-1.612699,1.182879,-2.374203,1.786016,-2.192389,0.668361,-0.011850,0.225000,-0.398840,-0.536445,-0.035956,0.029243,0.011250,0.046346,0.011250,0.223639,0,1
ideal_6d_disc,11.250000,-1.625904,1.164661,-2.394145,1.759193,-2.181139,0.668361,-0.011850,0.225000,-0.392780,-0.540898,-0.035956,0.029243,0.011250,0.046346,0.011250,0.223639,0,1
ideal_6d_disc,11.300000,-1.638903,1.146297,-2.413784,1.732149,-2.169889,0.668361,-0.011850,0.225000,-0.386670,-0.545282,-0.035956,0.029243,0.011250,0.046346,0.011250,0.223639,0,1
ideal_6d_disc,11.350000,-1.651695,1.127787,-2.433117,1.704884,-2.158639,0.668361,-0.011850,0.225000,-0.380512,-0.549598,-0.035956,0.029243,0.011250,0.046346,0.011250,0.223639,0,1
ideal_6d_disc,11.400000,-1.664278,1.109134,-2.452143,1.677405,-2.147389,0.668361,-0.011850,0.225000,-0.374305,-0.553843,-0.035956,0.029243,0.011250,0.046346,0.011250,0.223639,0,1
ideal_6d_disc,11.450000,-1.676650,1.090341,-2.470858,1.649712,-2.136139,0.668361,-0.011850,0.225000,-0.368050,-0.558019,-0.035956,0.029243,0.011250,0.046346,0.011250,0.223639,0,1
ideal_6d_disc,11.500000,-1.688810,1.071410,-2.489261,1.621811,-2.124889,0.668361,-0.011850,0.225000,-0.361749,-0.562124,-0.035956,0.029243,0.011250,0.046346,0.011250,0.223639,0,1
ideal_6d_disc,11.550000,-1.700756,1.052344,-2.507348,1.593705,-2.113639,0.668361,-0.011850,0.225000,-0.355403,-0.566158,-0.035956,0.029243,0.011250,0.046346,0.011250,0.223639,0,1
ideal_6d_disc,11.600000,-1.712487,1.033144,-2.525118,1.565397,-2.102389,0.668361,-0.011850,0.225000,-0.349011,-0.570121,-0.035956,0.029243,0.011250,0.046346,0.011250,0.223639,0,1
ideal_6d_disc,11.650000,-1.724002,1.013814,-2.542569,1.536891,-2.091139,0.668361,-0.011850,0.225000,-0.342575,-0.574011,-0.035956,0.029243,0.011250,0.046346,0.011250,0.223639,0,1
ideal_6d_disc,11.700000,-1.735298,0.994355,-2.559698,1.508191,-2.079889,0.668361,-0.011850,0.225000,-0.336096,-0.577829,-0.035956,0.029243,0.011250,0.046346,0.011250,0.223639,0,1
ideal_6d_disc,11.750000,-1.746374,0.974770,-2.576502,1.479299,-2.068639,0.668361,-0.011850,0.225000,-0.329574,-0.581573,-0.035956,0.029243,0.011250,0.046346,0.011250,0.223639,0,1
ideal_6d_disc,11.800000,-1.757230,0.955062,-2.592981,1.450221,-2.057389,0.668361,-0.011850,0.225000,-0.323011,-0.585244,-0.035956,0.029243,0.011250,0.046346,0.011250,0.223639,0,1
ideal_6d_disc,11.850000,-1.767863,0.935233,-2.609132,1.420958,-2.046139,0.668361,-0.011850,0.225000,-0.316407,-0.588841,-0.035956,0.029243,0.011250,0.046346,0.011250,0.223639,0,1
ideal_6d_disc,11.900000,-1.778272,0.915286,-2.624952,1.391516,-2.034889,0.668361,-0.011850,0.225000,-0.309762,-0.592363,-0.035956,0.029243,0.011250,0.046346,0.011250,0.223639,0,1
ideal_6d_disc,11.950000,-1.788456,0.895223,-2.640440,1.361898,-2.023639,0.668361,-0.011850,0.225000,-0.303079,-0.595810,-0.035956,0.029243,0.011250,0.046346,0.011250,0.223639,0,1
ideal_6d_disc,12.000000,-1.798414,0.875047,-2.655594,1.332108,-2.012389,0.668361,-0.011850,0.225000,-0.296357,-0.599182,-0.035956,0.029243,0.011250,0.046346,0.011250,0.223639,0,1
ideal_6d_disc,12.050000,-1.808144,0.854760,-2.670412,1.302149,-2.001139,0.668361,-0.011850,0.225000,-0.289598,-0.602478,-0.035956,0.029243,0.011250,0.046346,0.011250,0.223639,0,1
ideal_6d_disc,12.100000,-1.817646,0.834364,-2.684892,1.272025,-1.989889,0.668361,-0.011850,0.225000,-0.282802,-0.605698,-0.035956,0.029243,0.011250,0.046346,0.011250,0.223639,0,1
ideal_6d_disc,12.150000,-1.826917,0.813864,-2.699032,1.241740,-1.978639,0.668361,-0.011850,0.225000,-0.275970,-0.608841,-0.035956,0.029243,0.011250,0.046346,0.011250,0.223639,0,1
ideal_6d_disc,12.200000,-1.835957,0.793260,-2.712830,1.211298,-1.967389,0.668361,-0.011850,0.225000,-0.269103,-0.611907,-0.035956,0.029243,0.011250,0.046346,0.011250,0.223639,0,1
ideal_6d_disc,12.250000,-1.844765,0.772555,-2.726285,1.180703,-1.956139,0.668361,-0.011850,0.225000,-0.262202,-0.614896,-0.035956,0.029243,0.011250,0.046346,0.011250,0.223639,0,1
ideal_6d_disc,12.300000,-1.853339,0.751753,-2.739396,1.149958,-1.944889,0.668361,-0.011850,0.225000,-0.255268,-0.617806,-0.035956,0.029243,0.011250,0.046346,0.011250,0.223639,0,1
ideal_6d_disc,12.350000,-1.861679,0.730856,-2.752159,1.119067,-1.933639,0.668361,-0.011850,0.225000,-0.248302,-0.620639,-0.035956,0.029243,0.011250,0.046346,0.011250,0.223639,0,1
ideal_6d_disc,12.400000,-1.869783,0.709866,-2.764574,1.088035,-1.922389,0.668361,-0.011850,0.225000,-0.241304,-0.623393,-0.035956,0.029243,0.011250,0.046346,0.011250,0.223639,0,1
ideal_6d_disc,12.450000,-1.877651,0.688787,-2.776639,1.056866,-1.911139,0.668361,-0.011850,0.225000,-0.234276,-0.626068,-0.035956,0.029243,0.011250,0.046346,0.011250,0.223639,0,1
ideal_6d_disc,12.500000,-1.885281,0.667620,-2.788353,1.025562,-1.899889,0.668361,-0.011850,0.225000,-0.227218,-0.628664,-0.035956,0.029243,0.011250,0.046346,0.011250,0.223639,0,1
ideal_6d_disc,12.550000,-1.892672,0.646369,-2.799714,0.994129,-1.888639,0.668361,-0.011850,0.225000,-0.220131,-0.631181,-0.035956,0.029243,0.011250,0.046346,0.011250,0.223639,0,1
ideal_6d_disc,12.600000,-1.899824,0.625036,-2.810720,0.962570,-1.877389,0.668361,-0.011850,0.225000,-0.213016,-0.633617,-0.035956,0.029243,0.011250,0.046346,0.011250,0.223639,0,1
ideal_6d_disc,12.650000,-1.906735,0.603624,-2.821371,0.930889,-1.866139,0.668361,-0.011850,0.225000,-0.205875,-0.635973,-0.035956,0.029243,0.011250,0.046346,0.011250,0.223639,0,1
ideal_6d_disc,12.700000,-1.913405,0.582135,-2.831665,0.899091,-1.854889,0.668361,-0.011850,0.225000,-0.198707,-0.638249,-0.035956,0.029243,0.011250,0.046346,0.011250,0.223639,0,1
ideal_6d_disc,12.750000,-1.919833,0.560573,-2.841600,0.867178,-1.843639,0.668361,-0.011850,0.225000,-0.191515,-0.640444,-0.035956,0.029243,0.011250,0.046346,0.011250,0.223639,0,1
ideal_6d_disc,12.800000,-1.926018,0.538940,-2.851176,0.835156,-1.832389,0.668361,-0.011850,0.225000,-0.184298,-0.642558,-0.035956,0.029243,0.011250,0.046346,0.011250,0.223639,0,1
ideal_6d_disc,12.850000,-1.931959,0.517239,-2.860391,0.803028,-1.821139,0.668361,-0.011850,0.225000,-0.177057,-0.644591,-0.035956,0.029243,0.011250,0.046346,0.011250,0.223639,0,1
ideal_6d_disc,12.900000,-1.937655,0.495472,-2.869244,0.770799,-1.809889,0.668361,-0.011850,0.225000,-0.169795,-0.646542,-0.035956,0.029243,0.011250,0.046346,0.011250,0.223639,0,1
ideal_6d_disc,12.950000,-1.943107,0.473642,-2.877734,0.738471,-1.798639,0.668361,-0.011850,0.225000,-0.162510,-0.648411,-0.035956,0.029243,0.011250,0.046346,0.011250,0.223639,0,1
ideal_6d_disc,13.000000,-1.948312,0.451753,-2.885859,0.706051,-1.787389,0.668361,-0.011850,0.225000,-0.155206,-0.650198,-0.035956,0.029243,0.011250,0.046346,0.011250,0.223639,0,1
ideal_6d_disc,13.050000,-1.953271,0.429806,-2.893619,0.673541,-1.776139,0.668361,-0.011850,0.225000,-0.147881,-0.651903,-0.035956,0.029243,0.011250,0.046346,0.011250,0.223639,0,1
ideal_6d_disc,13.100000,-1.957982,0.407805,-2.901014,0.640946,-1.764889,0.668361,-0.011850,0.225000,-0.140538,-0.653525,-0.035956,0.029243,0.011250,0.046346,0.011250,0.223639,0,1
ideal_6d_disc,13.150000,-1.962446,0.385753,-2.908040,0.608270,-1.753639,0.668361,-0.011850,0.225000,-0.133177,-0.655065,-0.035956,0.029243,0.011250,0.046346,0.011250,0.223639,0,1
ideal_6d_disc,13.200000,-1.966662,0.363651,-2.914699,0.575516,-1.742389,0.668361,-0.011850,0.225000,-0.125800,-0.656522,-0.035956,0.029243,0.011250,0.046346,0.011250,0.223639,0,1
ideal_6d_disc,13.250000,-1.970628,0.341504,-2.920989,0.542690,-1.731139,0.668361,-0.011850,0.225000,-0.118406,-0.657896,-0.035956,0.029243,0.011250,0.046346,0.011250,0.223639,0,1
ideal_6d_disc,13.300000,-1.974345,0.319313,-2.926910,0.509795,-1.719889,0.668361,-0.011850,0.225000,-0.110997,-0.659186,-0.035956,0.029243,0.011250,0.046346,0.011250,0.223639,0,1
ideal_6d_disc,13.350000,-1.977813,0.297082,-2.932459,0.476836,-1.708639,0.668361,-0.011850,0.225000,-0.103575,-0.660393,-0.035956,0.029243,0.011250,0.046346,0.011250,0.223639,0,1
ideal_6d_disc,13.400000,-1.981029,0.274813,-2.937638,0.443816,-1.697389,0.668361,-0.011850,0.225000,-0.096139,-0.661516,-0.035956,0.029243,0.011250,0.046346,0.011250,0.223639,0,1
ideal_6d_disc,13.450000,-1.983996,0.252510,-2.942445,0.410741,-1.686139,0.668361,-0.011850,0.225000,-0.088691,-0.662556,-0.035956,0.029243,0.011250,0.046346,0.011250,0.223639,0,1
ideal_6d_disc,13.500000,-1.986711,0.230174,-2.946880,0.377613,-1.674889,0.668361,-0.011850,0.225000,-0.081232,-0.663512,-0.035956,0.029243,0.011250,0.046346,0.011250,0.223639,0,1
ideal_6d_disc,13.550000,-1.989174,0.207810,-2.950941,0.344437,-1.663639,0.668361,-0.011850,0.225000,-0.073762,-0.664384,-0.035956,0.029243,0.011250,0.046346,0.011250,0.223639,0,1
ideal_6d_disc,13.600000,-1.991386,0.185419,-2.954629,0.311218,-1.652389,0.668361,-0.011850,0.225000,-0.066283,-0.665171,-0.035956,0.029243,0.011250,0.046346,0.011250,0.223639,0,1
ideal_6d_disc,13.650000,-1.993346,0.163004,-2.957943,0.277960,-1.641139,0.668361,-0.011850,0.225000,-0.058796,-0.665875,-0.035956,0.029243,0.011250,0.046346,0.011250,0.223639,0,1
ideal_6d_disc,13.700000,-1.995054,0.140569,-2.960883,0.244666,-1.629889,0.668361,-0.011850,0.225000,-0.051301,-0.666494,-0.035956,0.029243,0.011250,0.046346,0.011250,0.223639,0,1
ideal_6d_disc,13.750000,-1.996509,0.118117,-2.963448,0.211341,-1.618639,0.668361,-0.011850,0.225000,-0.043800,-0.667029,-0.035956,0.029243,0.011250,0.046346,0.011250,0.223639,0,1
ideal_6d_disc,13.800000,-1.997712,0.095649,-2.965638,0.177990,-1.607389,0.668361,-0.011850,0.225000,-0.036293,-0.667480,-0.035956,0.029243,0.011250,0.046346,0.011250,0.223639,0,1
ideal_6d_disc,13.850000,-1.998661,0.073169,-2.967453,0.144616,-1.596139,0.668361,-0.011850,0.225000,-0.028782,-0.667846,-0.035956,0.029243,0.011250,0.046346,0.011250,0.223639,0,1
ideal_6d_disc,13.900000,-1.999358,0.050680,-2.968892,0.111223,-1.584889,0.668361,-0.011850,0.225000,-0.021267,-0.668127,-0.035956,0.029243,0.011250,0.046346,0.011250,0.223639,0,1
ideal_6d_disc,13.950000,-1.999801,0.028184,-2.969955,0.077817,-1.573639,0.668361,-0.011850,0.225000,-0.013750,-0.668324,-0.035956,0.029243,0.011250,0.046346,0.011250,0.223639,0,1
ideal_6d_disc,14.000000,-1.999992,0.005685,-2.970643,0.044401,-1.562389,0.668361,-0.011850,0.225000,-0.006230,-0.668437,-0.035956,0.029243,0.011250,0.046346,0.011250,0.223639,0,1
ideal_6d_disc,14.050000,-1.999929,-0.016814,-2.970954,0.010979,-1.551139,0.668361,-0.011850,0.225000,0.001290,-0.668465,-0.035956,0.029243,0.011250,0.046346,0.011250,0.223639,0,1
ideal_6d_disc,14.100000,-1.999614,-0.039312,-2.970890,-0.022444,-1.539889,0.668361,-0.011850,0.225000,0.008810,-0.668408,-0.035956,0.029243,0.011250,0.046346,0.011250,0.223639,0,1
ideal_6d_disc,14.150000,-1.999045,-0.061805,-2.970449,-0.055865,-1.528639,0.668361,-0.011850,0.225000,0.016329,-0.668266,-0.035956,0.029243,0.011250,0.046346,0.011250,0.223639,0,1
ideal_6d_disc,14.200000,-1.998223,-0.084290,-2.969633,-0.089278,-1.517389,0.668361,-0.011850,0.225000,0.023846,-0.668040,-0.035956,0.029243,0.011250,0.046346,0.011250,0.223639,0,1
ideal_6d_disc,14.250000,-1.997148,-0.106764,-2.968441,-0.122680,-1.506139,0.668361,-0.011850,0.225000,0.031359,-0.667730,-0.035956,0.029243,0.011250,0.046346,0.011250,0.223639,0,1
ideal_6d_disc,14.300000,-1.995821,-0.129225,-2.966873,-0.156067,-1.494889,0.668361,-0.011850,0.225000,0.038869,-0.667335,-0.035956,0.029243,0.011250,0.046346,0.011250,0.223639,0,1
ideal_6d_disc,14.350000,-1.994241,-0.151669,-2.964929,-0.189433,-1.483639,0.668361,-0.011850,0.225000,0.046374,-0.666855,-0.035956,0.029243,0.011250,0.046346,0.011250,0.223639,0,1
ideal_6d_disc,14.400000,-1.992408,-0.174094,-2.962611,-0.222776,-1.472389,0.668361,-0.011850,0.225000,0.053873,-0.666291,-0.035956,0.029243,0.011250,0.046346,0.011250,0.223639,0,1
ideal_6d_disc,14.450000,-1.990324,-0.196497,-2.959917,-0.256091,-1.461139,0.668361,-0.011850,0.225000,0.061365,-0.665643,-0.035956,0.029243,0.011250,0.046346,0.011250,0.223639,0,1
ideal_6d_disc,14.500000,-1.987987,-0.218875,-2.956849,-0.289373,-1.449889,0.668361,-0.011850,0.225000,0.068850,-0.664911,-0.035956,0.029243,0.011250,0.046346,0.011250,0.223639,0,1
ideal_6d_disc,14.550000,-1.985399,-0.241226,-2.953406,-0.322618,-1.438639,0.668361,-0.011850,0.225000,0.076325,-0.664094,-0.035956,0.029243,0.011250,0.046346,0.011250,0.223639,0,1
ideal_6d_disc,14.600000,-1.982560,-0.263546,-2.949590,-0.355823,-1.427389,0.668361,-0.011850,0.225000,0.083792,-0.663193,-0.035956,0.029243,0.011250,0.046346,0.011250,0.223639,0,1
ideal_6d_disc,14.650000,-1.979470,-0.285833,-2.945400,-0.388983,-1.416139,0.668361,-0.011850,0.225000,0.091247,-0.662209,-0.035956,0.029243,0.011250,0.046346,0.011250,0.223639,0,1
ideal_6d_disc,14.700000,-1.976129,-0.308083,-2.940838,-0.422093,-1.404889,0.668361,-0.011850,0.225000,0.098691,-0.661140,-0.035956,0.029243,0.011250,0.046346,0.011250,0.223639,0,1
ideal_6d_disc,14.750000,-1.972538,-0.330295,-2.935903,-0.455150,-1.393639,0.668361,-0.011850,0.225000,0.106122,-0.659988,-0.035956,0.029243,0.011250,0.046346,0.011250,0.223639,0,1
ideal_6d_disc,14.800000,-1.968697,-0.352464,-2.930597,-0.488150,-1.382389,0.668361,-0.011850,0.225000,0.113540,-0.658753,-0.035956,0.029243,0.011250,0.046346,0.011250,0.223639,0,1
ideal_6d_disc,14.850000,-1.964608,-0.374589,-2.924920,-0.521087,-1.371139,0.668361,-0.011850,0.225000,0.120944,-0.657434,-0.035956,0.029243,0.011250,0.046346,0.011250,0.223639,0,1
ideal_6d_disc,14.900000,-1.960269,-0.396667,-2.918873,-0.553959,-1.359889,0.668361,-0.011850,0.225000,0.128332,-0.656032,-0.035956,0.029243,0.011250,0.046346,0.011250,0.223639,0,1
ideal_6d_disc,14.950000,-1.955683,-0.418694,-2.912457,-0.586760,-1.348639,0.668361,-0.011850,0.225000,0.135704,-0.654546,-0.035956,0.029243,0.011250,0.046346,0.011250,0.223639,0,1
ideal_6d_disc,15.000000,-1.950849,-0.440669,-2.905671,-0.619488,-1.337389,0.668361,-0.011850,0.225000,0.143059,-0.652978,-0.035956,0.029243,0.011250,0.046346,0.011250,0.223639,0,1
ideal_6d_disc,15.050000,-1.945768,-0.462588,-2.898518,-0.652137,-1.326139,0.668361,-0.011850,0.225000,0.150396,-0.651328,-0.035956,0.029243,0.011250,0.046346,0.011250,0.223639,0,1
ideal_6d_disc,15.100000,-1.940441,-0.484448,-2.890999,-0.684703,-1.314889,0.668361,-0.011850,0.225000,0.157714,-0.649594,-0.035956,0.029243,0.011250,0.046346,0.011250,0.223639,0,1
ideal_6d_disc,15.150000,-1.934868,-0.506247,-2.883113,-0.717183,-1.303639,0.668361,-0.011850,0.225000,0.165012,-0.647779,-0.035956,0.029243,0.011250,0.046346,0.011250,0.223639,0,1
ideal_6d_disc,15.200000,-1.929050,-0.527981,-2.874862,-0.749572,-1.292389,0.668361,-0.011850,0.225000,0.172289,-0.645882,-0.035956,0.029243,0.011250,0.046346,0.011250,0.223639,0,1
ideal_6d_disc,15.250000,-1.922989,-0.549649,-2.866248,-0.781866,-1.281139,0.668361,-0.011850,0.225000,0.179544,-0.643903,-0.035956,0.029243,0.011250,0.046346,0.011250,0.223639,0,1
ideal_6d_disc,15.300000,-1.916684,-0.571248,-2.857271,-0.814061,-1.269889,0.668361,-0.011850,0.225000,0.186776,-0.641842,-0.035956,0.029243,0.011250,0.046346,0.011250,0.223639,0,1
ideal_6d_disc,15.350000,-1.910136,-0.592774,-2.847932,-0.846153,-1.258639,0.668361,-0.011850,0.225000,0.193985,-0.639700,-0.035956,0.029243,0.011250,0.046346,0.011250,0.223639,0,1
ideal_6d_disc,15.400000,-1.903346,-0.614225,-2.838233,-0.878138,-1.247389,0.668361,-0.011850,0.225000,0.201169,-0.637477,-0.035956,0.029243,0.011250,0.046346,0.011250,0.223639,0,1
ideal_6d_disc,15.450000,-1.896316,-0.635598,-2.828174,-0.910012,-1.236139,0.668361,-0.011850,0.225000,0.208328,-0.635174,-0.035956,0.029243,0.011250,0.046346,0.011250,0.223639,0,1
ideal_6d_disc,15.500000,-1.889046,-0.656891,-2.817758,-0.941771,-1.224889,0.668361,-0.011850,0.225000,0.215460,-0.632790,-0.035956,0.029243,0.011250,0.046346,0.011250,0.223639,0,1
ideal_6d_disc,15.550000,-1.881536,-0.678101,-2.806985,-0.973410,-1.213639,0.668361,-0.011850,0.225000,0.222565,-0.630326,-0.035956,0.029243,0.011250,0.046346,0.011250,0.223639,0,1
ideal_6d_disc,15.600000,-1.873789,-0.699225,-2.795857,-1.004926,-1.202389,0.668361,-0.011850,0.225000,0.229642,-0.627783,-0.035956,0.029243,0.011250,0.046346,0.011250,0.223639,0,1
ideal_6d_disc,15.650000,-1.865804,-0.720260,-2.784374,-1.036316,-1.191139,0.668361,-0.011850,0.225000,0.236690,-0.625159,-0.035956,0.029243,0.011250,0.046346,0.011250,0.223639,0,1
ideal_6d_disc,15.700000,-1.857583,-0.741204,-2.772540,-1.067574,-1.179889,0.668361,-0.011850,0.225000,0.243708,-0.622457,-0.035956,0.029243,0.011250,0.046346,0.011250,0.223639,0,1
ideal_6d_disc,15.750000,-1.849127,-0.762055,-2.760355,-1.098696,-1.168639,0.668361,-0.011850,0.225000,0.250695,-0.619676,-0.035956,0.029243,0.011250,0.046346,0.011250,0.223639,0,1
ideal_6d_disc,15.800000,-1.840437,-0.782809,-2.747820,-1.129680,-1.157389,0.668361,-0.011850,0.225000,0.257650,-0.616817,-0.035956,0.029243,0.011250,0.046346,0.011250,0.223639,0,1
ideal_6d_disc,15.850000,-1.831515,-0.803464,-2.734937,-1.160521,-1.146139,0.668361,-0.011850,0.225000,0.264573,-0.613879,-0.035956,0.029243,0.011250,0.046346,0.011250,0.223639,0,1
ideal_6d_disc,15.900000,-1.822360,-0.824017,-2.721709,-1.191215,-1.134889,0.668361,-0.011850,0.225000,0.271462,-0.610864,-0.035956,0.029243,0.011250,0.046346,0.011250,0.223639,0,1
ideal_6d_disc,15.950000,-1.812975,-0.844466,-2.708135,-1.221758,-1.123639,0.668361,-0.011850,0.225000,0.278317,-0.607771,-0.035956,0.029243,0.011250,0.046346,0.011250,0.223639,0,1
ideal_6d_disc,16.000000,-1.803360,-0.864808,-2.694220,-1.252147,-1.112389,0.668361,-0.011850,0.225000,0.285137,-0.604602,-0.035956,0.029243,0.011250,0.046346,0.011250,0.223639,0,1
ideal_6d_disc,16.050000,-1.793517,-0.885041,-2.679963,-1.282377,-1.101139,0.668361,-0.011850,0.225000,0.291921,-0.601356,-0.035956,0.029243,0.011250,0.046346,0.011250,0.223639,0,1
ideal_6d_disc,16.100000,-1.783447,-0.905162,-2.665367,-1.312445,-1.089889,0.668361,-0.011850,0.225000,0.298667,-0.598034,-0.035956,0.029243,0.011250,0.046346,0.011250,0.223639,0,1
ideal_6d_disc,16.150000,-1.773151,-0.925168,-2.650433,-1.342346,-1.078639,0.668361,-0.011850,0.225000,0.305376,-0.594636,-0.035956,0.029243,0.011250,0.046346,0.011250,0.223639,0,1
ideal_6d_disc,16.200000,-1.762631,-0.945057,-2.635165,-1.372078,-1.067389,0.668361,-0.011850,0.225000,0.312046,-0.591163,-0.035956,0.029243,0.011250,0.046346,0.011250,0.223639,0,1
ideal_6d_disc,16.250000,-1.751888,-0.964826,-2.619562,-1.401636,-1.056139,0.668361,-0.011850,0.225000,0.318677,-0.587615,-0.035956,0.029243,0.011250,0.046346,0.011250,0.223639,0,1
ideal_6d_disc,16.300000,-1.740923,-0.984473,-2.603628,-1.431017,-1.044889,0.668361,-0.011850,0.225000,0.325267,-0.583993,-0.035956,0.029243,0.011250,0.046346,0.011250,0.223639,0,1
ideal_6d_disc,16.350000,-1.729738,-1.003996,-2.587365,-1.460217,-1.033639,0.668361,-0.011850,0.225000,0.331816,-0.580297,-0.035956,0.029243,0.011250,0.046346,0.011250,0.223639,0,1
ideal_6d_disc,16.400000,-1.718333,-1.023391,-2.570774,-1.489232,-1.022389,0.668361,-0.011850,0.225000,0.338324,-0.576527,-0.035956,0.029243,0.011250,0.046346,0.011250,0.223639,0,1
ideal_6d_disc,16.450000,-1.706712,-1.042658,-2.553858,-1.518058,-1.011139,0.668361,-0.011850,0.225000,0.344788,-0.572685,-0.035956,0.029243,0.011250,0.046346,0.011250,0.223639,0,1
ideal_6d_disc,16.500000,-1.694874,-1.061792,-2.536619,-1.546692,-0.999889,0.668361,-0.011850,0.225000,0.351209,-0.568770,-0.035956,0.029243,0.011250,0.046346,0.011250,0.223639,0,1
ideal_6d_disc,16.550000,-1.682822,-1.080791,-2.519058,-1.575131,-0.988639,0.668361,-0.011850,0.225000,0.357585,-0.564783,-0.035956,0.029243,0.011250,0.046346,0.011250,0.223639,0,1
ideal_6d_disc,16.600000,-1.670557,-1.099654,-2.501179,-1.603370,-0.977389,0.668361,-0.011850,0.225000,0.363916,-0.560724,-0.035956,0.029243,0.011250,0.046346,0.011250,0.223639,0,1
ideal_6d_disc,16.650000,-1.658080,-1.118378,-2.482983,-1.631406,-0.966139,0.668361,-0.011850,0.225000,0.370201,-0.556595,-0.035956,0.029243,0.011250,0.046346,0.011250,0.223639,0,1
ideal_6d_disc,16.700000,-1.645394,-1.136960,-2.464473,-1.659236,-0.954889,0.668361,-0.011850,0.225000,0.376439,-0.552395,-0.035956,0.029243,0.011250,0.046346,0.011250,0.223639,0,1
ideal_6d_disc,16.750000,-1.632499,-1.155399,-2.445651,-1.686855,-0.943639,0.668361,-0.011850,0.225000,0.382630,-0.548125,-0.035956,0.029243,0.011250,0.046346,0.011250,0.223639,0,1
ideal_6d_disc,16.800000,-1.619398,-1.173691,-2.426520,-1.714262,-0.932389,0.668361,-0.011850,0.225000,0.388772,-0.543786,-0.035956,0.029243,0.011250,0.046346,0.011250,0.223639,0,1
ideal_6d_disc,16.850000,-1.606092,-1.191834,-2.407081,-1.741451,-0.921139,0.668361,-0.011850,0.225000,0.394865,-0.539378,-0.035956,0.029243,0.011250,0.046346,0.011250,0.223639,0,1
ideal_6d_disc,16.900000,-1.592582,-1.209827,-2.387338,-1.768420,-0.909889,0.668361,-0.011850,0.225000,0.400908,-0.534902,-0.035956,0.029243,0.011250,0.046346,0.011250,0.223639,0,1
ideal_6d_disc,16.950000,-1.578871,-1.227667,-2.367292,-1.795165,-0.898639,0.668361,-0.011850,0.225000,0.406900,-0.530358,-0.035956,0.029243,0.011250,0.046346,0.011250,0.223639,0,1
ideal_6d_disc,17.000000,-1.564960,-1.245351,-2.346947,-1.821683,-0.887389,0.668361,-0.011850,0.225000,0.412840,-0.525747,-0.035956,0.029243,0.011250,0.046346,0.011250,0.223639,0,1
ideal_6d_disc,17.050000,-1.550851,-1.262878,-2.326305,-1.847970,-0.876139,0.668361,-0.011850,0.225000,0.418729,-0.521069,-0.035956,0.029243,0.011250,0.046346,0.011250,0.223639,0,1
ideal_6d_disc,17.100000,-1.536546,-1.280244,-2.305369,-1.874024,-0.864889,0.668361,-0.011850,0.225000,0.424564,-0.516325,-0.035956,0.029243,0.011250,0.046346,0.011250,0.223639,0,1
ideal_6d_disc,17.150000,-1.522046,-1.297449,-2.284141,-1.899840,-0.853639,0.668361,-0.011850,0.225000,0.430346,-0.511516,-0.035956,0.029243,0.011250,0.046346,0.011250,0.223639,0,1
ideal_6d_disc,17.200000,-1.507354,-1.314490,-2.262624,-1.925416,-0.842389,0.668361,-0.011850,0.225000,0.436073,-0.506643,-0.035956,0.029243,0.011250,0.046346,0.011250,0.223639,0,1
ideal_6d_disc,17.250000,-1.492471,-1.331364,-2.240820,-1.950748,-0.831139,0.668361,-0.011850,0.225000,0.441745,-0.501705,-0.035956,0.029243,0.011250,0.046346,0.011250,0.223639,0,1
ideal_6d_disc,17.300000,-1.477399,-1.348070,-2.218733,-1.975833,-0.819889,0.668361,-0.011850,0.225000,0.447361,-0.496704,-0.035956,0.029243,0.011250,0.046346,0.011250,0.223639,0,1
ideal_6d_disc,17.350000,-1.462140,-1.364605,-2.196365,-2.000668,-0.808639,0.668361,-0.011850,0.225000,0.452921,-0.491640,-0.035956,0.029243,0.011250,0.046346,0.011250,0.223639,0,1
ideal_6d_disc,17.400000,-1.446696,-1.380967,-2.173719,-2.025250,-0.797389,0.668361,-0.011850,0.225000,0.458423,-0.486513,-0.035956,0.029243,0.011250,0.046346,0.011250,0.223639,0,1
ideal_6d_disc,17.450000,-1.431069,-1.397155,-2.150797,-2.049576,-0.786139,0.668361,-0.011850,0.225000,0.463867,-0.481325,-0.035956,0.029243,0.011250,0.046346,0.011250,0.223639,0,1
ideal_6d_disc,17.500000,-1.415261,-1.413166,-2.127604,-2.073642,-0.774889,0.668361,-0.011850,0.225000,0.469252,-0.476076,-0.035956,0.029243,0.011250,0.046346,0.011250,0.223639,0,1
ideal_6d_disc,17.550000,-1.399274,-1.428997,-2.104141,-2.097446,-0.763639,0.668361,-0.011850,0.225000,0.474578,-0.470767,-0.035956,0.029243,0.011250,0.046346,0.011250,0.223639,0,1
ideal_6d_disc,17.600000,-1.383109,-1.444648,-2.080413,-2.120984,-0.752389,0.668361,-0.011850,0.225000,0.479844,-0.465399,-0.035956,0.029243,0.011250,0.046346,0.011250,0.223639,0,1
ideal_6d_disc,17.650000,-1.366770,-1.460117,-2.056420,-2.144254,-0.741139,0.668361,-0.011850,0.225000,0.485050,-0.459971,-0.035956,0.029243,0.011250,0.046346,0.011250,0.223639,0,1
ideal_6d_disc,17.700000,-1.350257,-1.475400,-2.032168,-2.167253,-0.729889,0.668361,-0.011850,0.225000,0.490194,-0.454485,-0.035956,0.029243,0.011250,0.046346,0.011250,0.223639,0,1
ideal_6d_disc,17.750000,-1.333574,-1.490497,-2.007658,-2.189977,-0.718639,0.668361,-0.011850,0.225000,0.495275,-0.448942,-0.035956,0.029243,0.011250,0.046346,0.011250,0.223639,0,1
ideal_6d_disc,17.800000,-1.316722,-1.505405,-1.982894,-2.212424,-0.707389,0.668361,-0.011850,0.225000,0.500295,-0.443342,-0.035956,0.029243,0.011250,0.046346,0.011250,0.223639,0,1
ideal_6d_disc,17.850000,-1.299703,-1.520122,-1.957880,-2.234591,-0.696139,0.668361,-0.011850,0.225000,0.505250,-0.437686,-0.035956,0.029243,0.011250,0.046346,0.011250,0.223639,0,1
ideal_6d_disc,17.900000,-1.282520,-1.534648,-1.932617,-2.256476,-0.684889,0.668361,-0.011850,0.225000,0.510142,-0.431974,-0.035956,0.029243,0.011250,0.046346,0.011250,0.223639,0,1
ideal_6d_disc,17.950000,-1.265174,-1.548979,-1.907110,-2.278074,-0.673639,0.668361,-0.011850,0.225000,0.514970,-0.426208,-0.035956,0.029243,0.011250,0.046346,0.011250,0.223639,0,1
ideal_6d_disc,18.000000,-1.247668,-1.563113,-1.881362,-2.299385,-0.662389,0.668361,-0.011850,0.225000,0.519732,-0.420387,-0.035956,0.029243,0.011250,0.046346,0.011250,0.223639,0,1
ideal_6d_disc,18.050000,-1.230005,-1.577051,-1.855375,-2.320404,-0.651139,0.668361,-0.011850,0.225000,0.524428,-0.414514,-0.035956,0.029243,0.011250,0.046346,0.011250,0.223639,0,1
ideal_6d_disc,18.100000,-1.212185,-1.590788,-1.829154,-2.341130,-0.639889,0.668361,-0.011850,0.225000,0.529058,-0.408588,-0.035956,0.029243,0.011250,0.046346,0.011250,0.223639,0,1
ideal_6d_disc,18.150000,-1.194213,-1.604324,-1.802701,-2.361559,-0.628639,0.668361,-0.011850,0.225000,0.533621,-0.402610,-0.035956,0.029243,0.011250,0.046346,0.011250,0.223639,0,1
ideal_6d_disc,18.200000,-1.176089,-1.617657,-1.776020,-2.381690,-0.617389,0.668361,-0.011850,0.225000,0.538117,-0.396582,-0.035956,0.029243,0.011250,0.046346,0.011250,0.223639,0,1
ideal_6d_disc,18.250000,-1.157816,-1.630786,-1.749114,-2.401519,-0.606139,0.668361,-0.011850,0.225000,0.542544,-0.390503,-0.035956,0.029243,0.011250,0.046346,0.011250,0.223639,0,1
ideal_6d_disc,18.300000,-1.139397,-1.643708,-1.721987,-2.421044,-0.594889,0.668361,-0.011850,0.225000,0.546903,-0.384375,-0.035956,0.029243,0.011250,0.046346,0.011250,0.223639,0,1
ideal_6d_disc,18.350000,-1.120834,-1.656421,-1.694641,-2.440263,-0.583639,0.668361,-0.011850,0.225000,0.551192,-0.378198,-0.035956,0.029243,0.011250,0.046346,0.011250,0.223639,0,1
ideal_6d_disc,18.400000,-1.102128,-1.668926,-1.667082,-2.459172,-0.572389,0.668361,-0.011850,0.225000,0.555412,-0.371973,-0.035956,0.029243,0.011250,0.046346,0.011250,0.223639,0,1
ideal_6d_disc,18.450000,-1.083284,-1.681219,-1.639311,-2.477771,-0.561139,0.668361,-0.011850,0.225000,0.559561,-0.365701,-0.035956,0.029243,0.011250,0.046346,0.011250,0.223639,0,1
ideal_6d_disc,18.500000,-1.064302,-1.693299,-1.611333,-2.496056,-0.549889,0.668361,-0.011850,0.225000,0.563640,-0.359383,-0.035956,0.029243,0.011250,0.046346,0.011250,0.223639,0,1
ideal_6d_disc,18.550000,-1.045185,-1.705165,-1.583151,-2.514025,-0.538639,0.668361,-0.011850,0.225000,0.567647,-0.353020,-0.035956,0.029243,0.011250,0.046346,0.011250,0.223639,0,1
ideal_6d_disc,18.600000,-1.025936,-1.716815,-1.554769,-2.531676,-0.527389,0.668361,-0.011850,0.225000,0.571583,-0.346611,-0.035956,0.029243,0.011250,0.046346,0.011250,0.223639,0,1
ideal_6d_disc,18.650000,-1.006558,-1.728248,-1.526190,-2.549007,-0.516139,0.668361,-0.011850,0.225000,0.575446,-0.340159,-0.035956,0.029243,0.011250,0.046346,0.011250,0.223639,0,1
ideal_6d_disc,18.700000,-0.987052,-1.739462,-1.497417,-2.566015,-0.504889,0.668361,-0.011850,0.225000,0.579236,-0.333664,-0.035956,0.029243,0.011250,0.046346,0.011250,0.223639,0,1
ideal_6d_disc,18.750000,-0.967421,-1.750456,-1.468456,-2.582698,-0.493639,0.668361,-0.011850,0.225000,0.582953,-0.327127,-0.035956,0.029243,0.011250,0.046346,0.011250,0.223639,0,1
ideal_6d_disc,18.800000,-0.947667,-1.761229,-1.439308,-2.599054,-0.482389,0.668361,-0.011850,0.225000,0.586597,-0.320548,-0.035956,0.029243,0.011250,0.046346,0.011250,0.223639,0,1
ideal_6d_disc,18.850000,-0.927794,-1.771778,-1.409978,-2.615082,-0.471139,0.668361,-0.011850,0.225000,0.590165,-0.313929,-0.035956,0.029243,0.011250,0.046346,0.011250,0.223639,0,1
ideal_6d_disc,18.900000,-0.907803,-1.782104,-1.380470,-2.630778,-0.459889,0.668361,-0.011850,0.225000,0.593660,-0.307270,-0.035956,0.029243,0.011250,0.046346,0.011250,0.223639,0,1
ideal_6d_disc,18.950000,-0.887697,-1.792204,-1.350787,-2.646142,-0.448639,0.668361,-0.011850,0.225000,0.597079,-0.300572,-0.035956,0.029243,0.011250,0.046346,0.011250,0.223639,0,1
ideal_6d_disc,19.000000,-0.867479,-1.802077,-1.320933,-2.661170,-0.437389,0.668361,-0.011850,0.225000,0.600422,-0.293836,-0.035956,0.029243,0.011250,0.046346,0.011250,0.223639,0,1
ideal_6d_disc,19.050000,-0.847151,-1.811721,-1.290912,-2.675862,-0.426139,0.668361,-0.011850,0.225000,0.603690,-0.287062,-0.035956,0.029243,0.011250,0.046346,0.011250,0.223639,0,1
ideal_6d_disc,19.100000,-0.826716,-1.821137,-1.260727,-2.690215,-0.414889,0.668361,-0.011850,0.225000,0.606881,-0.280253,-0.035956,0.029243,0.011250,0.046346,0.011250,0.223639,0,1
ideal_6d_disc,19.150000,-0.806177,-1.830322,-1.230383,-2.704228,-0.403639,0.668361,-0.011850,0.225000,0.609996,-0.273408,-0.035956,0.029243,0.011250,0.046346,0.011250,0.223639,0,1
ideal_6d_disc,19.200000,-0.785535,-1.839276,-1.199883,-2.717898,-0.392389,0.668361,-0.011850,0.225000,0.613033,-0.266528,-0.035956,0.029243,0.011250,0.046346,0.011250,0.223639,0,1
ideal_6d_disc,19.250000,-0.764794,-1.847996,-1.169232,-2.731225,-0.381139,0.668361,-0.011850,0.225000,0.615992,-0.259615,-0.035956,0.029243,0.011250,0.046346,0.011250,0.223639,0,1
ideal_6d_disc,19.300000,-0.743956,-1.856483,-1.138432,-2.744205,-0.369889,0.668361,-0.011850,0.225000,0.618874,-0.252669,-0.035956,0.029243,0.011250,0.046346,0.011250,0.223639,0,1
ideal_6d_disc,19.350000,-0.723024,-1.864735,-1.107488,-2.756839,-0.358639,0.668361,-0.011850,0.225000,0.621677,-0.245691,-0.035956,0.029243,0.011250,0.046346,0.011250,0.223639,0,1
ideal_6d_disc,19.400000,-0.702000,-1.872751,-1.076405,-2.769123,-0.347389,0.668361,-0.011850,0.225000,0.624402,-0.238681,-0.035956,0.029243,0.011250,0.046346,0.011250,0.223639,0,1
ideal_6d_disc,19.450000,-0.680888,-1.880530,-1.045184,-2.781057,-0.336139,0.668361,-0.011850,0.225000,0.627048,-0.231642,-0.035956,0.029243,0.011250,0.046346,0.011250,0.223639,0,1
ideal_6d_disc,19.500000,-0.659689,-1.888070,-1.013832,-2.792640,-0.324889,0.668361,-0.011850,0.225000,0.629614,-0.224573,-0.035956,0.029243,0.011250,0.046346,0.011250,0.223639,0,1
ideal_6d_disc,19.550000,-0.638407,-1.895372,-0.982351,-2.803868,-0.313639,0.668361,-0.011850,0.225000,0.632100,-0.217476,-0.035956,0.029243,0.011250,0.046346,0.011250,0.223639,0,1
ideal_6d_disc,19.600000,-0.617044,-1.902434,-0.950746,-2.814742,-0.302389,0.668361,-0.011850,0.225000,0.634507,-0.210351,-0.035956,0.029243,0.011250,0.046346,0.011250,0.223639,0,1
ideal_6d_disc,19.650000,-0.595603,-1.909256,-0.919021,-2.825260,-0.291139,0.668361,-0.011850,0.225000,0.636833,-0.203200,-0.035956,0.029243,0.011250,0.046346,0.011250,0.223639,0,1
ideal_6d_disc,19.700000,-0.574087,-1.915835,-0.887179,-2.835419,-0.279889,0.668361,-0.011850,0.225000,0.639079,-0.196023,-0.035956,0.029243,0.011250,0.046346,0.011250,0.223639,0,1
ideal_6d_disc,19.750000,-0.552498,-1.922172,-0.855225,-2.845221,-0.268639,0.668361,-0.011850,0.225000,0.641244,-0.188821,-0.035956,0.029243,0.011250,0.046346,0.011250,0.223639,0,1
ideal_6d_disc,19.800000,-0.530839,-1.928266,-0.823163,-2.854662,-0.257389,0.668361,-0.011850,0.225000,0.643327,-0.181595,-0.035956,0.029243,0.011250,0.046346,0.011250,0.223639,0,1
ideal_6d_disc,19.850000,-0.509113,-1.934116,-0.790997,-2.863741,-0.246139,0.668361,-0.011850,0.225000,0.645329,-0.174346,-0.035956,0.029243,0.011250,0.046346,0.011250,0.223639,0,1
ideal_6d_disc,19.900000,-0.487322,-1.939721,-0.758730,-2.872459,-0.234889,0.668361,-0.011850,0.225000,0.647250,-0.167075,-0.035956,0.029243,0.011250,0.046346,0.011250,0.223639,0,1
ideal_6d_disc,19.950000,-0.465470,-1.945080,-0.726368,-2.880812,-0.223639,0.668361,-0.011850,0.225000,0.649088,-0.159783,-0.035956,0.029243,0.011250,0.046346,0.011250,0.223639,0,1
ideal_6d_disc,20.000000,-0.443559,-1.950194,-0.693913,-2.888802,-0.212389,0.668361,-0.011850,0.225000,0.650845,-0.152471,-0.035956,0.029243,0.011250,0.046346,0.011250,0.223639,0,1
ideal_6d_disc,20.050000,-0.421592,-1.955060,-0.661371,-2.896425,-0.201139,0.668361,-0.011850,0.225000,0.652519,-0.145140,-0.035956,0.029243,0.011250,0.046346,0.011250,0.223639,0,1
ideal_6d_disc,20.100000,-0.399571,-1.959679,-0.628745,-2.903682,-0.189889,0.668361,-0.011850,0.225000,0.654110,-0.137790,-0.035956,0.029243,0.011250,0.046346,0.011250,0.223639,0,1
ideal_6d_disc,20.150000,-0.377500,-1.964050,-0.596040,-2.910572,-0.178639,0.668361,-0.011850,0.225000,0.655619,-0.130422,-0.035956,0.029243,0.011250,0.046346,0.011250,0.223639,0,1
ideal_6d_disc,20.200000,-0.355381,-1.968173,-0.563259,-2.917093,-0.167389,0.668361,-0.011850,0.225000,0.657045,-0.123039,-0.035956,0.029243,0.011250,0.046346,0.011250,0.223639,0,1
ideal_6d_disc,20.250000,-0.333217,-1.972046,-0.530407,-2.923245,-0.156139,0.668361,-0.011850,0.225000,0.658387,-0.115639,-0.035956,0.029243,0.011250,0.046346,0.011250,0.223639,0,1
ideal_6d_disc,20.300000,-0.311011,-1.975670,-0.497487,-2.929027,-0.144889,0.668361,-0.011850,0.225000,0.659647,-0.108225,-0.035956,0.029243,0.011250,0.046346,0.011250,0.223639,0,1
ideal_6d_disc,20.350000,-0.288765,-1.979044,-0.464505,-2.934438,-0.133639,0.668361,-0.011850,0.225000,0.660822,-0.100798,-0.035956,0.029243,0.011250,0.046346,0.011250,0.223639,0,1
ideal_6d_disc,20.400000,-0.266483,-1.982167,-0.431464,-2.939478,-0.122389,0.668361,-0.011850,0.225000,0.661915,-0.093357,-0.035956,0.029243,0.011250,0.046346,0.011250,0.223639,0,1
ideal_6d_disc,20.450000,-0.244167,-1.985040,-0.398368,-2.944146,-0.111139,0.668361,-0.011850,0.225000,0.662923,-0.085905,-0.035956,0.029243,0.011250,0.046346,0.011250,0.223639,0,1
ideal_6d_disc,20.500000,-0.221821,-1.987661,-0.365222,-2.948441,-0.099889,0.668361,-0.011850,0.225000,0.663847,-0.078442,-0.035956,0.029243,0.011250,0.046346,0.011250,0.223639,0,1
ideal_6d_disc,20.550000,-0.199446,-1.990030,-0.332029,-2.952363,-0.088639,0.668361,-0.011850,0.225000,0.664688,-0.070969,-0.035956,0.029243,0.011250,0.046346,0.011250,0.223639,0,1
ideal_6d_disc,20.600000,-0.177046,-1.992148,-0.298795,-2.955911,-0.077389,0.668361,-0.011850,0.225000,0.665444,-0.063486,-0.035956,0.029243,0.011250,0.046346,0.011250,0.223639,0,1
ideal_6d_disc,20.650000,-0.154624,-1.994014,-0.265523,-2.959086,-0.066139,0.668361,-0.011850,0.225000,0.666116,-0.055996,-0.035956,0.029243,0.011250,0.046346,0.011250,0.223639,0,1
ideal_6d_disc,20.700000,-0.132182,-1.995627,-0.232217,-2.961886,-0.054889,0.668361,-0.011850,0.225000,0.666704,-0.048499,-0.035956,0.029243,0.011250,0.046346,0.011250,0.223639,0,1
ideal_6d_disc,20.750000,-0.109723,-1.996988,-0.198882,-2.964311,-0.043639,0.668361,-0.011850,0.225000,0.667208,-0.040996,-0.035956,0.029243,0.011250,0.046346,0.011250,0.223639,0,1
ideal_6d_disc,20.800000,-0.087250,-1.998096,-0.165521,-2.966360,-0.032389,0.668361,-0.011850,0.225000,0.667626,-0.033487,-0.035956,0.029243,0.011250,0.046346,0.011250,0.223639,0,1
ideal_6d_disc,20.850000,-0.064767,-1.998951,-0.132140,-2.968035,-0.021139,0.668361,-0.011850,0.225000,0.667961,-0.025975,-0.035956,0.029243,0.011250,0.046346,0.011250,0.223639,0,1
ideal_6d_disc,20.900000,-0.042275,-1.999553,-0.098742,-2.969333,-0.009889,0.668361,-0.011850,0.225000,0.668211,-0.018458,-0.035956,0.029243,0.011250,0.046346,0.011250,0.223639,0,1
ideal_6d_disc,20.950000,-0.019778,-1.999902,-0.065332,-2.970256,0.001361,0.668361,-0.011850,0.225000,0.668376,-0.010940,-0.035956,0.029243,0.011250,0.046346,0.011250,0.223639,0,1
ideal_6d_disc,21.000000,0.002722,-1.999998,-0.031913,-2.970803,0.012611,0.668361,-0.011850,0.225000,0.668457,-0.003420,-0.035956,0.029243,0.011250,0.046346,0.011250,0.223639,0,1
ideal_6d_disc,21.050000,0.025221,-1.999841,0.001510,-2.970974,0.023861,0.668361,-0.011850,0.225000,0.668453,0.004100,-0.035956,0.029243,0.011250,0.046346,0.011250,0.223639,0,1
ideal_6d_disc,21.100000,0.047718,-1.999431,0.034933,-2.970769,0.035111,0.668361,-0.011850,0.225000,0.668365,0.011620,-0.035956,0.029243,0.011250,0.046346,0.011250,0.223639,0,1
ideal_6d_disc,21.150000,0.070208,-1.998767,0.068351,-2.970188,0.046361,0.668361,-0.011850,0.225000,0.668192,0.019138,-0.035956,0.029243,0.011250,0.046346,0.011250,0.223639,0,1
ideal_6d_disc,21.200000,0.092689,-1.997851,0.101761,-2.969231,0.057611,0.668361,-0.011850,0.225000,0.667934,0.026654,-0.035956,0.029243,0.011250,0.046346,0.011250,0.223639,0,1
ideal_6d_disc,21.250000,0.115158,-1.996682,0.135157,-2.967899,0.068861,0.668361,-0.011850,0.225000,0.667592,0.034166,-0.035956,0.029243,0.011250,0.046346,0.011250,0.223639,0,1
ideal_6d_disc,21.300000,0.137613,-1.995260,0.168537,-2.966191,0.080111,0.668361,-0.011850,0.225000,0.667165,0.041674,-0.035956,0.029243,0.011250,0.046346,0.011250,0.223639,0,1
ideal_6d_disc,21.350000,0.160051,-1.993586,0.201895,-2.964107,0.091361,0.668361,-0.011850,0.225000,0.666654,0.049177,-0.035956,0.029243,0.011250,0.046346,0.011250,0.223639,0,1
ideal_6d_disc,21.400000,0.182468,-1.991659,0.235228,-2.961648,0.102611,0.668361,-0.011850,0.225000,0.666059,0.056673,-0.035956,0.029243,0.011250,0.046346,0.011250,0.223639,0,1
ideal_6d_disc,21.450000,0.204862,-1.989480,0.268531,-2.958814,0.113861,0.668361,-0.011850,0.225000,0.665379,0.064163,-0.035956,0.029243,0.011250,0.046346,0.011250,0.223639,0,1
ideal_6d_disc,21.500000,0.227230,-1.987050,0.301800,-2.955606,0.125111,0.668361,-0.011850,0.225000,0.664615,0.071644,-0.035956,0.029243,0.011250,0.046346,0.011250,0.223639,0,1
ideal_6d_disc,21.550000,0.249570,-1.984368,0.335031,-2.952024,0.136361,0.668361,-0.011850,0.225000,0.663767,0.079116,-0.035956,0.029243,0.011250,0.046346,0.011250,0.223639,0,1
ideal_6d_disc,21.600000,0.271878,-1.981434,0.368219,-2.948068,0.147611,0.668361,-0.011850,0.225000,0.662835,0.086579,-0.035956,0.029243,0.011250,0.046346,0.011250,0.223639,0,1
ideal_6d_disc,21.650000,0.294151,-1.978251,0.401361,-2.943739,0.158861,0.668361,-0.011850,0.225000,0.661819,0.094030,-0.035956,0.029243,0.011250,0.046346,0.011250,0.223639,0,1
ideal_6d_disc,21.700000,0.316387,-1.974816,0.434452,-2.939038,0.170111,0.668361,-0.011850,0.225000,0.660720,0.101469,-0.035956,0.029243,0.011250,0.046346,0.011250,0.223639,0,1
ideal_6d_disc,21.750000,0.338584,-1.971132,0.467488,-2.933964,0.181361,0.668361,-0.011850,0.225000,0.659536,0.108896,-0.035956,0.029243,0.011250,0.046346,0.011250,0.223639,0,1
ideal_6d_disc,21.800000,0.360737,-1.967198,0.500464,-2.928519,0.192611,0.668361,-0.011850,0.225000,0.658270,0.116309,-0.035956,0.029243,0.011250,0.046346,0.011250,0.223639,0,1
ideal_6d_disc,21.850000,0.382845,-1.963016,0.533378,-2.922704,0.203861,0.668361,-0.011850,0.225000,0.656919,0.123707,-0.035956,0.029243,0.011250,0.046346,0.011250,0.223639,0,1
ideal_6d_disc,21.900000,0.404904,-1.958584,0.566224,-2.916519,0.215111,0.668361,-0.011850,0.225000,0.655486,0.131089,-0.035956,0.029243,0.011250,0.046346,0.011250,0.223639,0,1
ideal_6d_disc,21.950000,0.426912,-1.953905,0.598998,-2.909964,0.226361,0.668361,-0.011850,0.225000,0.653970,0.138455,-0.035956,0.029243,0.011250,0.046346,0.011250,0.223639,0,1
ideal_6d_disc,22.000000,0.448866,-1.948979,0.631697,-2.903042,0.237611,0.668361,-0.011850,0.225000,0.652371,0.145803,-0.035956,0.029243,0.011250,0.046346,0.011250,0.223639,0,1
ideal_6d_disc,22.050000,0.470763,-1.943806,0.664315,-2.895751,0.248861,0.668361,-0.011850,0.225000,0.650690,0.153133,-0.035956,0.029243,0.011250,0.046346,0.011250,0.223639,0,1
ideal_6d_disc,22.100000,0.492600,-1.938387,0.696850,-2.888095,0.260111,0.668361,-0.011850,0.225000,0.648926,0.160443,-0.035956,0.029243,0.011250,0.046346,0.011250,0.223639,0,1
ideal_6d_disc,22.150000,0.514376,-1.932723,0.729296,-2.880073,0.271361,0.668361,-0.011850,0.225000,0.647080,0.167733,-0.035956,0.029243,0.011250,0.046346,0.011250,0.223639,0,1
ideal_6d_disc,22.200000,0.536086,-1.926814,0.761650,-2.871686,0.282611,0.668361,-0.011850,0.225000,0.645152,0.175002,-0.035956,0.029243,0.011250,0.046346,0.011250,0.223639,0,1
ideal_6d_disc,22.250000,0.557728,-1.920661,0.793908,-2.862936,0.293861,0.668361,-0.011850,0.225000,0.643142,0.182249,-0.035956,0.029243,0.011250,0.046346,0.011250,0.223639,0,1
ideal_6d_disc,22.300000,0.579300,-1.914265,0.826065,-2.853823,0.305111,0.668361,-0.011850,0.225000,0.641051,0.189472,-0.035956,0.029243,0.011250,0.046346,0.011250,0.223639,0,1
ideal_6d_disc,22.350000,0.600798,-1.907627,0.858117,-2.844350,0.316361,0.668361,-0.011850,0.225000,0.638879,0.196672,-0.035956,0.029243,0.011250,0.046346,0.011250,0.223639,0,1
ideal_6d_disc,22.400000,0.622220,-1.900748,0.890061,-2.834516,0.327611,0.668361,-0.011850,0.225000,0.636626,0.203847,-0.035956,0.029243,0.011250,0.046346,0.011250,0.223639,0,1
ideal_6d_disc,22.450000,0.643564,-1.893628,0.921893,-2.824324,0.338861,0.668361,-0.011850,0.225000,0.634293,0.210996,-0.035956,0.029243,0.011250,0.046346,0.011250,0.223639,0,1
ideal_6d_disc,22.500000,0.664826,-1.886268,0.953607,-2.813774,0.350111,0.668361,-0.011850,0.225000,0.631879,0.218118,-0.035956,0.029243,0.011250,0.046346,0.011250,0.223639,0,1
ideal_6d_disc,22.550000,0.686004,-1.878669,0.985201,-2.802868,0.361361,0.668361,-0.011850,0.225000,0.629385,0.225213,-0.035956,0.029243,0.011250,0.046346,0.011250,0.223639,0,1
ideal_6d_disc,22.600000,0.707095,-1.870833,1.016670,-2.791607,0.372611,0.668361,-0.011850,0.225000,0.626812,0.232279,-0.035956,0.029243,0.011250,0.046346,0.011250,0.223639,0,1
ideal_6d_disc,22.650000,0.728097,-1.862760,1.048011,-2.779993,0.383861,0.668361,-0.011850,0.225000,0.624159,0.239316,-0.035956,0.029243,0.011250,0.046346,0.011250,0.223639,0,1
ideal_6d_disc,22.700000,0.749007,-1.854451,1.079219,-2.768028,0.395111,0.668361,-0.011850,0.225000,0.621427,0.246322,-0.035956,0.029243,0.011250,0.046346,0.011250,0.223639,0,1
ideal_6d_disc,22.750000,0.769821,-1.845908,1.110290,-2.755712,0.406361,0.668361,-0.011850,0.225000,0.618617,0.253298,-0.035956,0.029243,0.011250,0.046346,0.011250,0.223639,0,1
ideal_6d_disc,22.800000,0.790539,-1.837131,1.141221,-2.743047,0.417611,0.668361,-0.011850,0.225000,0.615728,0.260241,-0.035956,0.029243,0.011250,0.046346,0.011250,0.223639,0,1
ideal_6d_disc,22.850000,0.811156,-1.828121,1.172008,-2.730035,0.428861,0.668361,-0.011850,0.225000,0.612762,0.267151,-0.035956,0.029243,0.011250,0.046346,0.011250,0.223639,0,1
ideal_6d_disc,22.900000,0.831670,-1.818880,1.202646,-2.716677,0.440111,0.668361,-0.011850,0.225000,0.609717,0.274028,-0.035956,0.029243,0.011250,0.046346,0.011250,0.223639,0,1
ideal_6d_disc,22.950000,0.852080,-1.809409,1.233132,-2.702976,0.451361,0.668361,-0.011850,0.225000,0.606596,0.280870,-0.035956,0.029243,0.011250,0.046346,0.011250,0.223639,0,1
ideal_6d_disc,23.000000,0.872381,-1.799709,1.263461,-2.688932,0.462611,0.668361,-0.011850,0.225000,0.603398,0.287676,-0.035956,0.029243,0.011250,0.046346,0.011250,0.223639,0,1
ideal_6d_disc,23.050000,0.892572,-1.789781,1.293631,-2.674548,0.473861,0.668361,-0.011850,0.225000,0.600123,0.294446,-0.035956,0.029243,0.011250,0.046346,0.011250,0.223639,0,1
ideal_6d_disc,23.100000,0.912651,-1.779626,1.323637,-2.659826,0.485111,0.668361,-0.011850,0.225000,0.596773,0.301178,-0.035956,0.029243,0.011250,0.046346,0.011250,0.223639,0,1
ideal_6d_disc,23.150000,0.932613,-1.769246,1.353476,-2.644767,0.496361,0.668361,-0.011850,0.225000,0.593347,0.307873,-0.035956,0.029243,0.011250,0.046346,0.011250,0.223639,0,1
ideal_6d_disc,23.200000,0.952458,-1.758643,1.383143,-2.629374,0.507611,0.668361,-0.011850,0.225000,0.589846,0.314528,-0.035956,0.029243,0.011250,0.046346,0.011250,0.223639,0,1
ideal_6d_disc,23.250000,0.972182,-1.747817,1.412636,-2.613647,0.518861,0.668361,-0.011850,0.225000,0.586270,0.321144,-0.035956,0.029243,0.011250,0.046346,0.011250,0.223639,0,1
ideal_6d_disc,23.300000,0.991783,-1.736769,1.441949,-2.597590,0.530111,0.668361,-0.011850,0.225000,0.582620,0.327719,-0.035956,0.029243,0.011250,0.046346,0.011250,0.223639,0,1
ideal_6d_disc,23.350000,1.011258,-1.725502,1.471080,-2.581204,0.541361,0.668361,-0.011850,0.225000,0.578897,0.334253,-0.035956,0.029243,0.011250,0.046346,0.011250,0.223639,0,1
ideal_6d_disc,23.400000,1.030606,-1.714016,1.500025,-2.564491,0.552611,0.668361,-0.011850,0.225000,0.575100,0.340744,-0.035956,0.029243,0.011250,0.046346,0.011250,0.223639,0,1
ideal_6d_disc,23.450000,1.049823,-1.702314,1.528780,-2.547454,0.563861,0.668361,-0.011850,0.225000,0.571230,0.347192,-0.035956,0.029243,0.011250,0.046346,0.011250,0.223639,0,1
ideal_6d_disc,23.500000,1.068907,-1.690396,1.557342,-2.530094,0.575111,0.668361,-0.011850,0.225000,0.567288,0.353597,-0.035956,0.029243,0.011250,0.046346,0.011250,0.223639,0,1
ideal_6d_disc,23.550000,1.087856,-1.678264,1.585706,-2.512415,0.586361,0.668361,-0.011850,0.225000,0.563274,0.359956,-0.035956,0.029243,0.011250,0.046346,0.011250,0.223639,0,1
ideal_6d_disc,23.600000,1.106667,-1.665920,1.613870,-2.494417,0.597611,0.668361,-0.011850,0.225000,0.559189,0.366270,-0.035956,0.029243,0.011250,0.046346,0.011250,0.223639,0,1
ideal_6d_disc,23.650000,1.125338,-1.653364,1.641829,-2.476103,0.608861,0.668361,-0.011850,0.225000,0.555034,0.372538,-0.035956,0.029243,0.011250,0.046346,0.011250,0.223639,0,1
ideal_6d_disc,23.700000,1.143867,-1.640600,1.669581,-2.457476,0.620111,0.668361,-0.011850,0.225000,0.550808,0.378758,-0.035956,0.029243,0.011250,0.046346,0.011250,0.223639,0,1
ideal_6d_disc,23.750000,1.162251,-1.627628,1.697121,-2.438539,0.631361,0.668361,-0.011850,0.225000,0.546512,0.384930,-0.035956,0.029243,0.011250,0.046346,0.011250,0.223639,0,1
ideal_6d_disc,23.800000,1.180488,-1.614450,1.724447,-2.419292,0.642611,0.668361,-0.011850,0.225000,0.542147,0.391054,-0.035956,0.029243,0.011250,0.046346,0.011250,0.223639,0,1
ideal_6d_disc,23.850000,1.198575,-1.601067,1.751554,-2.399739,0.653861,0.668361,-0.011850,0.225000,0.537713,0.397129,-0.035956,0.029243,0.011250,0.046346,0.011250,0.223639,0,1
ideal_6d_disc,23.900000,1.216511,-1.587482,1.778440,-2.379883,0.665111,0.668361,-0.011850,0.225000,0.533212,0.403153,-0.035956,0.029243,0.011250,0.046346,0.011250,0.223639,0,1
ideal_6d_disc,23.950000,1.234293,-1.573697,1.805100,-2.359725,0.676361,0.668361,-0.011850,0.225000,0.528642,0.409126,-0.035956,0.029243,0.011250,0.046346,0.011250,0.223639,0,1
ideal_6d_disc,24.000000,1.251919,-1.559711,1.831533,-2.339269,0.687611,0.668361,-0.011850,0.225000,0.524006,0.415047,-0.035956,0.029243,0.011250,0.046346,0.011250,0.223639,0,1
ideal_6d_disc,24.050000,1.269386,-1.545529,1.857733,-2.318517,0.698861,0.668361,-0.011850,0.225000,0.519304,0.420915,-0.035956,0.029243,0.011250,0.046346,0.011250,0.223639,0,1
ideal_6d_disc,24.100000,1.286692,-1.531151,1.883698,-2.297471,0.710111,0.668361,-0.011850,0.225000,0.514536,0.426731,-0.035956,0.029243,0.011250,0.046346,0.011250,0.223639,0,1
ideal_6d_disc,24.150000,1.303836,-1.516579,1.909425,-2.276134,0.721361,0.668361,-0.011850,0.225000,0.509703,0.432492,-0.035956,0.029243,0.011250,0.046346,0.011250,0.223639,0,1
ideal_6d_disc,24.200000,1.320815,-1.501815,1.934910,-2.254510,0.732611,0.668361,-0.011850,0.225000,0.504805,0.438199,-0.035956,0.029243,0.011250,0.046346,0.011250,0.223639,0,1
ideal_6d_disc,24.250000,1.337626,-1.486861,1.960150,-2.232600,0.743861,0.668361,-0.011850,0.225000,0.499844,0.443850,-0.035956,0.029243,0.011250,0.046346,0.011250,0.223639,0,1
ideal_6d_disc,24.300000,1.354268,-1.471719,1.985142,-2.210407,0.755111,0.668361,-0.011850,0.225000,0.494819,0.449445,-0.035956,0.029243,0.011250,0.046346,0.011250,0.223639,0,1
ideal_6d_disc,24.350000,1.370739,-1.456391,2.009883,-2.187935,0.766361,0.668361,-0.011850,0.225000,0.489731,0.454983,-0.035956,0.029243,0.011250,0.046346,0.011250,0.223639,0,1
ideal_6d_disc,24.400000,1.387036,-1.440878,2.034370,-2.165186,0.777611,0.668361,-0.011850,0.225000,0.484582,0.460464,-0.035956,0.029243,0.011250,0.046346,0.011250,0.223639,0,1
ideal_6d_disc,24.450000,1.403158,-1.425183,2.058599,-2.142163,0.788861,0.668361,-0.011850,0.225000,0.479371,0.465886,-0.035956,0.029243,0.011250,0.046346,0.011250,0.223639,0,1
ideal_6d_disc,24.500000,1.419102,-1.409308,2.082568,-2.118868,0.800111,0.668361,-0.011850,0.225000,0.474100,0.471249,-0.035956,0.029243,0.011250,0.046346,0.011250,0.223639,0,1
ideal_6d_disc,24.550000,1.434867,-1.393254,2.106273,-2.095306,0.811361,0.668361,-0.011850,0.225000,0.468768,0.476553,-0.035956,0.029243,0.011250,0.046346,0.011250,0.223639,0,1
ideal_6d_disc,24.600000,1.450450,-1.377024,2.129711,-2.071478,0.822611,0.668361,-0.011850,0.225000,0.463377,0.481797,-0.035956,0.029243,0.011250,0.046346,0.011250,0.223639,0,1
ideal_6d_disc,24.650000,1.465849,-1.360620,2.152880,-2.047388,0.833861,0.668361,-0.011850,0.225000,0.457928,0.486979,-0.035956,0.029243,0.011250,0.046346,0.011250,0.223639,0,1
ideal_6d_disc,24.700000,1.481063,-1.344043,2.175776,-2.023039,0.845111,0.668361,-0.011850,0.225000,0.452421,0.492100,-0.035956,0.029243,0.011250,0.046346,0.011250,0.223639,0,1
ideal_6d_disc,24.750000,1.496090,-1.327296,2.198397,-1.998434,0.856361,0.668361,-0.011850,0.225000,0.446856,0.497158,-0.035956,0.029243,0.011250,0.046346,0.011250,0.223639,0,1
ideal_6d_disc,24.800000,1.510927,-1.310382,2.220740,-1.973577,0.867611,0.668361,-0.011850,0.225000,0.441235,0.502154,-0.035956,0.029243,0.011250,0.046346,0.011250,0.223639,0,1
ideal_6d_disc,24.850000,1.525573,-1.293301,2.242802,-1.948469,0.878861,0.668361,-0.011850,0.225000,0.435558,0.507086,-0.035956,0.029243,0.011250,0.046346,0.011250,0.223639,0,1
ideal_6d_disc,24.900000,1.540025,-1.276057,2.264580,-1.923115,0.890111,0.668361,-0.011850,0.225000,0.429826,0.511954,-0.035956,0.029243,0.011250,0.046346,0.011250,0.223639,0,1
ideal_6d_disc,24.950000,1.554283,-1.258652,2.286071,-1.897517,0.901361,0.668361,-0.011850,0.225000,0.424039,0.516757,-0.035956,0.029243,0.011250,0.046346,0.011250,0.223639,0,1
ideal_6d_disc,25.000000,1.568344,-1.241087,2.307273,-1.871679,0.912611,0.668361,-0.011850,0.225000,0.418199,0.521494,-0.035956,0.029243,0.011250,0.046346,0.011250,0.223639,0,1
ideal_6d_disc,25.050000,1.582207,-1.223364,2.328183,-1.845604,0.923861,0.668361,-0.011850,0.225000,0.412306,0.526166,-0.035956,0.029243,0.011250,0.046346,0.011250,0.223639,0,1
ideal_6d_disc,25.100000,1.595870,-1.205488,2.348798,-1.819296,0.935111,0.668361,-0.011850,0.225000,0.406360,0.530771,-0.035956,0.029243,0.011250,0.046346,0.011250,0.223639,0,1
ideal_6d_disc,25.150000,1.609330,-1.187458,2.369116,-1.792758,0.946361,0.668361,-0.011850,0.225000,0.400364,0.535309,-0.035956,0.029243,0.011250,0.046346,0.011250,0.223639,0,1
ideal_6d_disc,25.200000,1.622587,-1.169278,2.389134,-1.765992,0.957611,0.668361,-0.011850,0.225000,0.394316,0.539779,-0.035956,0.029243,0.011250,0.046346,0.011250,0.223639,0,1
ideal_6d_disc,25.250000,1.635638,-1.150951,2.408850,-1.739003,0.968861,0.668361,-0.011850,0.225000,0.388219,0.544181,-0.035956,0.029243,0.011250,0.046346,0.011250,0.223639,0,1
ideal_6d_disc,25.300000,1.648483,-1.132477,2.428261,-1.711794,0.980111,0.668361,-0.011850,0.225000,0.382072,0.548514,-0.035956,0.029243,0.011250,0.046346,0.011250,0.223639,0,1
ideal_6d_disc,25.350000,1.661118,-1.113861,2.447365,-1.684368,0.991361,0.668361,-0.011850,0.225000,0.375877,0.552777,-0.035956,0.029243,0.011250,0.046346,0.011250,0.223639,0,1
ideal_6d_disc,25.400000,1.673544,-1.095103,2.466159,-1.656730,1.002611,0.668361,-0.011850,0.225000,0.369635,0.556971,-0.035956,0.029243,0.011250,0.046346,0.011250,0.223639,0,1
ideal_6d_disc,25.450000,1.685758,-1.076207,2.484640,-1.628881,1.013861,0.668361,-0.011850,0.225000,0.363346,0.561094,-0.035956,0.029243,0.011250,0.046346,0.011250,0.223639,0,1
ideal_6d_disc,25.500000,1.697758,-1.057174,2.502808,-1.600826,1.025111,0.668361,-0.011850,0.225000,0.357011,0.565146,-0.035956,0.029243,0.011250,0.046346,0.011250,0.223639,0,1
ideal_6d_disc,25.550000,1.709544,-1.038008,2.520658,-1.572569,1.036361,0.668361,-0.011850,0.225000,0.350630,0.569126,-0.035956,0.029243,0.011250,0.046346,0.011250,0.223639,0,1
ideal_6d_disc,25.600000,1.721113,-1.018710,2.538190,-1.544113,1.047611,0.668361,-0.011850,0.225000,0.344206,0.573035,-0.035956,0.029243,0.011250,0.046346,0.011250,0.223639,0,1
ideal_6d_disc,25.650000,1.732464,-0.999284,2.555400,-1.515461,1.058861,0.668361,-0.011850,0.225000,0.337737,0.576871,-0.035956,0.029243,0.011250,0.046346,0.011250,0.223639,0,1
ideal_6d_disc,25.700000,1.743596,-0.979731,2.572287,-1.486617,1.070111,0.668361,-0.011850,0.225000,0.331226,0.580634,-0.035956,0.029243,0.011250,0.046346,0.011250,0.223639,0,1
ideal_6d_disc,25.750000,1.754508,-0.960054,2.588848,-1.457586,1.081361,0.668361,-0.011850,0.225000,0.324673,0.584323,-0.035956,0.029243,0.011250,0.046346,0.011250,0.223639,0,1
ideal_6d_disc,25.800000,1.765197,-0.940255,2.605082,-1.428370,1.092611,0.668361,-0.011850,0.225000,0.318079,0.587939,-0.035956,0.029243,0.011250,0.046346,0.011250,0.223639,0,1
ideal_6d_disc,25.850000,1.775663,-0.920338,2.620986,-1.398973,1.103861,0.668361,-0.011850,0.225000,0.311445,0.591480,-0.035956,0.029243,0.011250,0.046346,0.011250,0.223639,0,1
ideal_6d_disc,25.900000,1.785904,-0.900304,2.636558,-1.369399,1.115111,0.668361,-0.011850,0.225000,0.304771,0.594946,-0.035956,0.029243,0.011250,0.046346,0.011250,0.223639,0,1
ideal_6d_disc,25.950000,1.795919,-0.880156,2.651797,-1.339651,1.126361,0.668361,-0.011850,0.225000,0.298059,0.598337,-0.035956,0.029243,0.011250,0.046346,0.011250,0.223639,0,1
ideal_6d_disc,26.000000,1.805707,-0.859896,2.666700,-1.309734,1.137611,0.668361,-0.011850,0.225000,0.291309,0.601652,-0.035956,0.029243,0.011250,0.046346,0.011250,0.223639,0,1
ideal_6d_disc,26.050000,1.815267,-0.839528,2.681265,-1.279652,1.148861,0.668361,-0.011850,0.225000,0.284522,0.604891,-0.035956,0.029243,0.011250,0.046346,0.011250,0.223639,0,1
ideal_6d_disc,26.100000,1.824596,-0.819054,2.695491,-1.249407,1.160111,0.668361,-0.011850,0.225000,0.277699,0.608054,-0.035956,0.029243,0.011250,0.046346,0.011250,0.223639,0,1
ideal_6d_disc,26.150000,1.833695,-0.798475,2.709376,-1.219005,1.171361,0.668361,-0.011850,0.225000,0.270841,0.611140,-0.035956,0.029243,0.011250,0.046346,0.011250,0.223639,0,1
ideal_6d_disc,26.200000,1.842561,-0.777796,2.722918,-1.188448,1.182611,0.668361,-0.011850,0.225000,0.263949,0.614148,-0.035956,0.029243,0.011250,0.046346,0.011250,0.223639,0,1
ideal_6d_disc,26.250000,1.851195,-0.757019,2.736116,-1.157740,1.193861,0.668361,-0.011850,0.225000,0.257023,0.617078,-0.035956,0.029243,0.011250,0.046346,0.011250,0.223639,0,1
ideal_6d_disc,26.300000,1.859594,-0.736145,2.748967,-1.126886,1.205111,0.668361,-0.011850,0.225000,0.250065,0.619931,-0.035956,0.029243,0.011250,0.046346,0.011250,0.223639,0,1
ideal_6d_disc,26.350000,1.867758,-0.715179,2.761470,-1.095890,1.216361,0.668361,-0.011850,0.225000,0.243075,0.622705,-0.035956,0.029243,0.011250,0.046346,0.011250,0.223639,0,1
ideal_6d_disc,26.400000,1.875685,-0.694122,2.773624,-1.064755,1.227611,0.668361,-0.011850,0.225000,0.236054,0.625400,-0.035956,0.029243,0.011250,0.046346,0.011250,0.223639,0,1
ideal_6d_disc,26.450000,1.883375,-0.672977,2.785426,-1.033485,1.238861,0.668361,-0.011850,0.225000,0.229004,0.628016,-0.035956,0.029243,0.011250,0.046346,0.011250,0.223639,0,1
ideal_6d_disc,26.500000,1.890827,-0.651747,2.796877,-1.002084,1.250111,0.668361,-0.011850,0.225000,0.221924,0.630552,-0.035956,0.029243,0.011250,0.046346,0.011250,0.223639,0,1
ideal_6d_disc,26.550000,1.898039,-0.630434,2.807973,-0.970556,1.261361,0.668361,-0.011850,0.225000,0.214817,0.633009,-0.035956,0.029243,0.011250,0.046346,0.011250,0.223639,0,1
ideal_6d_disc,26.600000,1.905011,-0.609042,2.818714,-0.938906,1.272611,0.668361,-0.011850,0.225000,0.207682,0.635385,-0.035956,0.029243,0.011250,0.046346,0.011250,0.223639,0,1
ideal_6d_disc,26.650000,1.911742,-0.587572,2.829098,-0.907136,1.283861,0.668361,-0.011850,0.225000,0.200521,0.637682,-0.035956,0.029243,0.011250,0.046346,0.011250,0.223639,0,1
ideal_6d_disc,26.700000,1.918231,-0.566028,2.839124,-0.875252,1.295111,0.668361,-0.011850,0.225000,0.193334,0.639897,-0.035956,0.029243,0.011250,0.046346,0.011250,0.223639,0,1
ideal_6d_disc,26.750000,1.924478,-0.544413,2.848791,-0.843258,1.306361,0.668361,-0.011850,0.225000,0.186123,0.642032,-0.035956,0.029243,0.011250,0.046346,0.011250,0.223639,0,1
ideal_6d_disc,26.800000,1.930480,-0.522728,2.858097,-0.811156,1.317611,0.668361,-0.011850,0.225000,0.178889,0.644085,-0.035956,0.029243,0.011250,0.046346,0.011250,0.223639,0,1
ideal_6d_disc,26.850000,1.936239,-0.500978,2.867041,-0.778952,1.328861,0.668361,-0.011850,0.225000,0.171632,0.646057,-0.035956,0.029243,0.011250,0.046346,0.011250,0.223639,0,1
ideal_6d_disc,26.900000,1.941752,-0.479164,2.875623,-0.746649,1.340111,0.668361,-0.011850,0.225000,0.164353,0.647946,-0.035956,0.029243,0.011250,0.046346,0.011250,0.223639,0,1
ideal_6d_disc,26.950000,1.947020,-0.457289,2.883840,-0.714252,1.351361,0.668361,-0.011850,0.225000,0.157053,0.649754,-0.035956,0.029243,0.011250,0.046346,0.011250,0.223639,0,1
ideal_6d_disc,27.000000,1.952041,-0.435357,2.891693,-0.681764,1.362611,0.668361,-0.011850,0.225000,0.149734,0.651480,-0.035956,0.029243,0.011250,0.046346,0.011250,0.223639,0,1
ideal_6d_disc,27.050000,1.956815,-0.413369,2.899180,-0.649190,1.373861,0.668361,-0.011850,0.225000,0.142395,0.653123,-0.035956,0.029243,0.011250,0.046346,0.011250,0.223639,0,1
ideal_6d_disc,27.100000,1.961342,-0.391330,2.906300,-0.616534,1.385111,0.668361,-0.011850,0.225000,0.135039,0.654684,-0.035956,0.029243,0.011250,0.046346,0.011250,0.223639,0,1
ideal_6d_disc,27.150000,1.965620,-0.369240,2.913052,-0.583799,1.396361,0.668361,-0.011850,0.225000,0.127665,0.656162,-0.035956,0.029243,0.011250,0.046346,0.011250,0.223639,0,1
ideal_6d_disc,27.200000,1.969649,-0.347104,2.919435,-0.550991,1.407611,0.668361,-0.011850,0.225000,0.120276,0.657556,-0.035956,0.029243,0.011250,0.046346,0.011250,0.223639,0,1
ideal_6d_disc,27.250000,1.973430,-0.324924,2.925449,-0.518114,1.418861,0.668361,-0.011850,0.225000,0.112871,0.658868,-0.035956,0.029243,0.011250,0.046346,0.011250,0.223639,0,1
ideal_6d_disc,27.300000,1.976960,-0.302703,2.931092,-0.485170,1.430111,0.668361,-0.011850,0.225000,0.105451,0.660096,-0.035956,0.029243,0.011250,0.046346,0.011250,0.223639,0,1
ideal_6d_disc,27.350000,1.980240,-0.280443,2.936365,-0.452165,1.441361,0.668361,-0.011850,0.225000,0.098019,0.661240,-0.035956,0.029243,0.011250,0.046346,0.011250,0.223639,0,1
ideal_6d_disc,27.400000,1.983270,-0.258148,2.941266,-0.419103,1.452611,0.668361,-0.011850,0.225000,0.090574,0.662301,-0.035956,0.029243,0.011250,0.046346,0.011250,0.223639,0,1
ideal_6d_disc,27.450000,1.986048,-0.235821,2.945794,-0.385988,1.463861,0.668361,-0.011850,0.225000,0.083117,0.663278,-0.035956,0.029243,0.011250,0.046346,0.011250,0.223639,0,1
ideal_6d_disc,27.500000,1.988576,-0.213463,2.949950,-0.352824,1.475111,0.668361,-0.011850,0.225000,0.075650,0.664171,-0.035956,0.029243,0.011250,0.046346,0.011250,0.223639,0,1
ideal_6d_disc,27.550000,1.990851,-0.191079,2.953733,-0.319616,1.486361,0.668361,-0.011850,0.225000,0.068174,0.664980,-0.035956,0.029243,0.011250,0.046346,0.011250,0.223639,0,1
ideal_6d_disc,27.600000,1.992875,-0.168670,2.957141,-0.286367,1.497611,0.668361,-0.011850,0.225000,0.060689,0.665705,-0.035956,0.029243,0.011250,0.046346,0.011250,0.223639,0,1
ideal_6d_disc,27.650000,1.994646,-0.146240,2.960176,-0.253082,1.508861,0.668361,-0.011850,0.225000,0.053196,0.666346,-0.035956,0.029243,0.011250,0.046346,0.011250,0.223639,0,1
ideal_6d_disc,27.700000,1.996165,-0.123791,2.962836,-0.219764,1.520111,0.668361,-0.011850,0.225000,0.045696,0.666902,-0.035956,0.029243,0.011250,0.046346,0.011250,0.223639,0,1
ideal_6d_disc,27.750000,1.997432,-0.101327,2.965120,-0.186419,1.531361,0.668361,-0.011850,0.225000,0.038191,0.667374,-0.035956,0.029243,0.011250,0.046346,0.011250,0.223639,0,1
ideal_6d_disc,27.800000,1.998445,-0.078850,2.967030,-0.153050,1.542611,0.668361,-0.011850,0.225000,0.030681,0.667761,-0.035956,0.029243,0.011250,0.046346,0.011250,0.223639,0,1
ideal_6d_disc,27.850000,1.999206,-0.056363,2.968564,-0.119662,1.553861,0.668361,-0.011850,0.225000,0.023166,0.668064,-0.035956,0.029243,0.011250,0.046346,0.011250,0.223639,0,1
ideal_6d_disc,27.900000,1.999713,-0.033869,2.969722,-0.086259,1.565111,0.668361,-0.011850,0.225000,0.015649,0.668283,-0.035956,0.029243,0.011250,0.046346,0.011250,0.223639,0,1
ideal_6d_disc,27.950000,1.999968,-0.011371,2.970505,-0.052845,1.576361,0.668361,-0.011850,0.225000,0.008130,0.668416,-0.035956,0.029243,0.011250,0.046346,0.011250,0.223639,0,1
ideal_6d_disc,28.000000,1.999969,0.011129,2.970911,-0.019424,1.587611,0.668361,-0.011850,0.225000,0.000610,0.668466,-0.035956,0.029243,0.011250,0.046346,0.011250,0.223639,0,1
ideal_6d_disc,28.050000,1.999717,0.033628,2.970942,0.013999,1.598861,0.668361,-0.011850,0.225000,-0.006910,0.668430,-0.035956,0.029243,0.011250,0.046346,0.011250,0.223639,0,1
ideal_6d_disc,28.100000,1.999212,0.056122,2.970596,0.047421,1.610111,0.668361,-0.011850,0.225000,-0.014429,0.668310,-0.035956,0.029243,0.011250,0.046346,0.011250,0.223639,0,1
ideal_6d_disc,28.150000,1.998455,0.078609,2.969875,0.080836,1.621361,0.668361,-0.011850,0.225000,-0.021946,0.668105,-0.035956,0.029243,0.011250,0.046346,0.011250,0.223639,0,1
ideal_6d_disc,28.200000,1.997444,0.101086,2.968777,0.114241,1.632611,0.668361,-0.011850,0.225000,-0.029461,0.667816,-0.035956,0.029243,0.011250,0.046346,0.011250,0.223639,0,1
ideal_6d_disc,28.250000,1.996180,0.123551,2.967304,0.147632,1.643861,0.668361,-0.011850,0.225000,-0.036972,0.667443,-0.035956,0.029243,0.011250,0.046346,0.011250,0.223639,0,1
ideal_6d_disc,28.300000,1.994664,0.145999,2.965456,0.181004,1.655111,0.668361,-0.011850,0.225000,-0.044478,0.666984,-0.035956,0.029243,0.011250,0.046346,0.011250,0.223639,0,1
ideal_6d_disc,28.350000,1.992895,0.168430,2.963232,0.214353,1.666361,0.668361,-0.011850,0.225000,-0.051979,0.666442,-0.035956,0.029243,0.011250,0.046346,0.011250,0.223639,0,1
ideal_6d_disc,28.400000,1.990874,0.190839,2.960633,0.247676,1.677611,0.668361,-0.011850,0.225000,-0.059473,0.665815,-0.035956,0.029243,0.011250,0.046346,0.011250,0.223639,0,1
ideal_6d_disc,28.450000,1.988601,0.213223,2.957659,0.280966,1.688861,0.668361,-0.011850,0.225000,-0.066959,0.665104,-0.035956,0.029243,0.011250,0.046346,0.011250,0.223639,0,1
ideal_6d_disc,28.500000,1.986077,0.235581,2.954311,0.314222,1.700111,0.668361,-0.011850,0.225000,-0.074437,0.664308,-0.035956,0.029243,0.011250,0.046346,0.011250,0.223639,0,1
ideal_6d_disc,28.550000,1.983301,0.257909,2.950590,0.347437,1.711361,0.668361,-0.011850,0.225000,-0.081906,0.663429,-0.035956,0.029243,0.011250,0.046346,0.011250,0.223639,0,1
ideal_6d_disc,28.600000,1.980274,0.280205,2.946494,0.380608,1.722611,0.668361,-0.011850,0.225000,-0.089364,0.662466,-0.035956,0.029243,0.011250,0.046346,0.011250,0.223639,0,1
ideal_6d_disc,28.650000,1.976997,0.302464,2.942026,0.413732,1.733861,0.668361,-0.011850,0.225000,-0.096811,0.661418,-0.035956,0.029243,0.011250,0.046346,0.011250,0.223639,0,1
ideal_6d_disc,28.700000,1.973469,0.324686,2.937185,0.446803,1.745111,0.668361,-0.011850,0.225000,-0.104246,0.660287,-0.035956,0.029243,0.011250,0.046346,0.011250,0.223639,0,1
ideal_6d_disc,28.750000,1.969691,0.346867,2.931973,0.479817,1.756361,0.668361,-0.011850,0.225000,-0.111667,0.659073,-0.035956,0.029243,0.011250,0.046346,0.011250,0.223639,0,1
ideal_6d_disc,28.800000,1.965664,0.369003,2.926390,0.512771,1.767611,0.668361,-0.011850,0.225000,-0.119075,0.657775,-0.035956,0.029243,0.011250,0.046346,0.011250,0.223639,0,1
ideal_6d_disc,28.850000,1.961389,0.391093,2.920436,0.545659,1.778861,0.668361,-0.011850,0.225000,-0.126467,0.656394,-0.035956,0.029243,0.011250,0.046346,0.011250,0.223639,0,1
ideal_6d_disc,28.900000,1.956865,0.413133,2.914113,0.578479,1.790111,0.668361,-0.011850,0.225000,-0.133843,0.654929,-0.035956,0.029243,0.011250,0.046346,0.011250,0.223639,0,1
ideal_6d_disc,28.950000,1.952094,0.435122,2.907421,0.611225,1.801361,0.668361,-0.011850,0.225000,-0.141202,0.653382,-0.035956,0.029243,0.011250,0.046346,0.011250,0.223639,0,1
ideal_6d_disc,29.000000,1.947075,0.457055,2.900360,0.643895,1.812611,0.668361,-0.011850,0.225000,-0.148544,0.651752,-0.035956,0.029243,0.011250,0.046346,0.011250,0.223639,0,1
ideal_6d_disc,29.050000,1.941810,0.478930,2.892933,0.676482,1.823861,0.668361,-0.011850,0.225000,-0.155867,0.650040,-0.035956,0.029243,0.011250,0.046346,0.011250,0.223639,0,1
ideal_6d_disc,29.100000,1.936299,0.500744,2.885140,0.708984,1.835111,0.668361,-0.011850,0.225000,-0.163170,0.648245,-0.035956,0.029243,0.011250,0.046346,0.011250,0.223639,0,1
ideal_6d_disc,29.150000,1.930544,0.522496,2.876981,0.741396,1.846361,0.668361,-0.011850,0.225000,-0.170452,0.646369,-0.035956,0.029243,0.011250,0.046346,0.011250,0.223639,0,1
ideal_6d_disc,29.200000,1.924543,0.544181,2.868459,0.773715,1.857611,0.668361,-0.011850,0.225000,-0.177713,0.644410,-0.035956,0.029243,0.011250,0.046346,0.011250,0.223639,0,1
ideal_6d_disc,29.250000,1.918300,0.565797,2.859573,0.805935,1.868861,0.668361,-0.011850,0.225000,-0.184951,0.642370,-0.035956,0.029243,0.011250,0.046346,0.011250,0.223639,0,1
ideal_6d_disc,29.300000,1.911813,0.587342,2.850326,0.838054,1.880111,0.668361,-0.011850,0.225000,-0.192166,0.640249,-0.035956,0.029243,0.011250,0.046346,0.011250,0.223639,0,1
ideal_6d_disc,29.350000,1.905085,0.608812,2.840717,0.870066,1.891361,0.668361,-0.011850,0.225000,-0.199356,0.638047,-0.035956,0.029243,0.011250,0.046346,0.011250,0.223639,0,1
ideal_6d_disc,29.400000,1.898115,0.630205,2.830750,0.901969,1.902611,0.668361,-0.011850,0.225000,-0.206521,0.635764,-0.035956,0.029243,0.011250,0.046346,0.011250,0.223639,0,1
ideal_6d_disc,29.450000,1.890905,0.651519,2.820424,0.933757,1.913861,0.668361,-0.011850,0.225000,-0.213660,0.633400,-0.035956,0.029243,0.011250,0.046346,0.011250,0.223639,0,1
ideal_6d_disc,29.500000,1.883456,0.672750,2.809741,0.965427,1.925111,0.668361,-0.011850,0.225000,-0.220773,0.630956,-0.035956,0.029243,0.011250,0.046346,0.011250,0.223639,0,1
ideal_6d_disc,29.550000,1.875769,0.693895,2.798702,0.996975,1.936361,0.668361,-0.011850,0.225000,-0.227857,0.628433,-0.035956,0.029243,0.011250,0.046346,0.011250,0.223639,0,1
ideal_6d_disc,29.600000,1.867844,0.714953,2.787309,1.028396,1.947611,0.668361,-0.011850,0.225000,-0.234912,0.625830,-0.035956,0.029243,0.011250,0.046346,0.011250,0.223639,0,1
ideal_6d_disc,29.650000,1.859683,0.735921,2.775563,1.059688,1.958861,0.668361,-0.011850,0.225000,-0.241938,0.623147,-0.035956,0.029243,0.011250,0.046346,0.011250,0.223639,0,1
ideal_6d_disc,29.700000,1.851286,0.756795,2.763467,1.090845,1.970111,0.668361,-0.011850,0.225000,-0.248932,0.620386,-0.035956,0.029243,0.011250,0.046346,0.011250,0.223639,0,1
ideal_6d_disc,29.750000,1.842655,0.777574,2.751020,1.121865,1.981361,0.668361,-0.011850,0.225000,-0.255896,0.617547,-0.035956,0.029243,0.011250,0.046346,0.011250,0.223639,0,1
ideal_6d_disc,29.800000,1.833791,0.798254,2.738225,1.152742,1.992611,0.668361,-0.011850,0.225000,-0.262827,0.614629,-0.035956,0.029243,0.011250,0.046346,0.011250,0.223639,0,1
ideal_6d_disc,29.850000,1.824695,0.818834,2.725084,1.183473,2.003861,0.668361,-0.011850,0.225000,-0.269725,0.611633,-0.035956,0.029243,0.011250,0.046346,0.011250,0.223639,0,1
ideal_6d_disc,29.900000,1.815368,0.839309,2.711598,1.214055,2.015111,0.668361,-0.011850,0.225000,-0.276588,0.608560,-0.035956,0.029243,0.011250,0.046346,0.011250,0.223639,0,1
ideal_6d_disc,29.950000,1.805811,0.859678,2.697768,1.244483,2.026361,0.668361,-0.011850,0.225000,-0.283417,0.605410,-0.035956,0.029243,0.011250,0.046346,0.011250,0.223639,0,1
ideal_6d_disc,30.000000,1.796025,0.879939,2.683597,1.274754,2.037611,0.668361,-0.011850,0.225000,-0.290210,0.602183,-0.035956,0.029243,0.011250,0.046346,0.011250,0.223639,0,1
ideal_6d_disc,30.050000,1.786013,0.900088,2.669087,1.304863,2.048861,0.668361,-0.011850,0.225000,-0.296966,0.598880,-0.035956,0.029243,0.011250,0.046346,0.011250,0.223639,0,1
ideal_6d_disc,30.100000,1.775774,0.920123,2.654238,1.334807,2.060111,0.668361,-0.011850,0.225000,-0.303684,0.595502,-0.035956,0.029243,0.011250,0.046346,0.011250,0.223639,0,1
ideal_6d_disc,30.150000,1.765310,0.940042,2.639054,1.364582,2.071361,0.668361,-0.011850,0.225000,-0.310364,0.592048,-0.035956,0.029243,0.011250,0.046346,0.011250,0.223639,0,1
ideal_6d_disc,30.200000,1.754623,0.959842,2.623536,1.394184,2.082611,0.668361,-0.011850,0.225000,-0.317005,0.588519,-0.035956,0.029243,0.011250,0.046346,0.011250,0.223639,0,1
ideal_6d_disc,30.250000,1.743714,0.979520,2.607686,1.423610,2.093861,0.668361,-0.011850,0.225000,-0.323606,0.584915,-0.035956,0.029243,0.011250,0.046346,0.011250,0.223639,0,1
ideal_6d_disc,30.300000,1.732585,0.999075,2.591506,1.452856,2.105111,0.668361,-0.011850,0.225000,-0.330166,0.581238,-0.035956,0.029243,0.011250,0.046346,0.011250,0.223639,0,1
ideal_6d_disc,30.350000,1.721236,1.018503,2.574997,1.481918,2.116361,0.668361,-0.011850,0.225000,-0.336683,0.577487,-0.035956,0.029243,0.011250,0.046346,0.011250,0.223639,0,1
ideal_6d_disc,30.400000,1.709669,1.037802,2.558163,1.510792,2.127611,0.668361,-0.011850,0.225000,-0.343159,0.573662,-0.035956,0.029243,0.011250,0.046346,0.011250,0.223639,0,1
ideal_6d_disc,30.450000,1.697886,1.056969,2.541005,1.539475,2.138861,0.668361,-0.011850,0.225000,-0.349591,0.569766,-0.035956,0.029243,0.011250,0.046346,0.011250,0.223639,0,1
ideal_6d_disc,30.500000,1.685888,1.076003,2.523526,1.567963,2.150111,0.668361,-0.011850,0.225000,-0.355978,0.565797,-0.035956,0.029243,0.011250,0.046346,0.011250,0.223639,0,1
ideal_6d_disc,30.550000,1.673676,1.094901,2.505727,1.596253,2.161361,0.668361,-0.011850,0.225000,-0.362321,0.561756,-0.035956,0.029243,0.011250,0.046346,0.011250,0.223639,0,1
ideal_6d_disc,30.600000,1.661253,1.113660,2.487611,1.624341,2.172611,0.668361,-0.011850,0.225000,-0.368617,0.557645,-0.035956,0.029243,0.011250,0.046346,0.011250,0.223639,0,1
ideal_6d_disc,30.650000,1.648619,1.132279,2.469180,1.652223,2.183861,0.668361,-0.011850,0.225000,-0.374867,0.553463,-0.035956,0.029243,0.011250,0.046346,0.011250,0.223639,0,1
ideal_6d_disc,30.700000,1.635777,1.150753,2.450436,1.679897,2.195111,0.668361,-0.011850,0.225000,-0.381070,0.549210,-0.035956,0.029243,0.011250,0.046346,0.011250,0.223639,0,1
ideal_6d_disc,30.750000,1.622728,1.169083,2.431383,1.707357,2.206361,0.668361,-0.011850,0.225000,-0.387224,0.544889,-0.035956,0.029243,0.011250,0.046346,0.011250,0.223639,0,1
ideal_6d_disc,30.800000,1.609473,1.187264,2.412022,1.734601,2.217611,0.668361,-0.011850,0.225000,-0.393330,0.540498,-0.035956,0.029243,0.011250,0.046346,0.011250,0.223639,0,1
ideal_6d_disc,30.850000,1.596015,1.205295,2.392355,1.761626,2.228861,0.668361,-0.011850,0.225000,-0.399385,0.536039,-0.035956,0.029243,0.011250,0.046346,0.011250,0.223639,0,1
ideal_6d_disc,30.900000,1.582355,1.223174,2.372386,1.788428,2.240111,0.668361,-0.011850,0.225000,-0.405390,0.531512,-0.035956,0.029243,0.011250,0.046346,0.011250,0.223639,0,1
ideal_6d_disc,30.950000,1.568494,1.240897,2.352116,1.815004,2.251361,0.668361,-0.011850,0.225000,-0.411344,0.526918,-0.035956,0.029243,0.011250,0.046346,0.011250,0.223639,0,1
ideal_6d_disc,31.000000,1.554435,1.258464,2.331549,1.841350,2.262611,0.668361,-0.011850,0.225000,-0.417246,0.522257,-0.035956,0.029243,0.011250,0.046346,0.011250,0.223639,0,1
ideal_6d_disc,31.050000,1.540179,1.275871,2.310687,1.867463,2.273861,0.668361,-0.011850,0.225000,-0.423095,0.517530,-0.035956,0.029243,0.011250,0.046346,0.011250,0.223639,0,1
ideal_6d_disc,31.100000,1.525729,1.293117,2.289532,1.893339,2.285111,0.668361,-0.011850,0.225000,-0.428890,0.512738,-0.035956,0.029243,0.011250,0.046346,0.011250,0.223639,0,1
ideal_6d_disc,31.150000,1.511085,1.310200,2.268088,1.918976,2.296361,0.668361,-0.011850,0.225000,-0.434631,0.507880,-0.035956,0.029243,0.011250,0.046346,0.011250,0.223639,0,1
ideal_6d_disc,31.200000,1.496250,1.327116,2.246356,1.944370,2.307611,0.668361,-0.011850,0.225000,-0.440317,0.502959,-0.035956,0.029243,0.011250,0.046346,0.011250,0.223639,0,1
ideal_6d_disc,31.250000,1.481225,1.343864,2.224340,1.969518,2.318861,0.668361,-0.011850,0.225000,-0.445947,0.497973,-0.035956,0.029243,0.011250,0.046346,0.011250,0.223639,0,1
ideal_6d_disc,31.300000,1.466013,1.360443,2.202043,1.994417,2.330111,0.668361,-0.011850,0.225000,-0.451521,0.492925,-0.035956,0.029243,0.011250,0.046346,0.011250,0.223639,0,1
ideal_6d_disc,31.350000,1.450616,1.376849,2.179467,2.019063,2.341361,0.668361,-0.011850,0.225000,-0.457038,0.487814,-0.035956,0.029243,0.011250,0.046346,0.011250,0.223639,0,1
ideal_6d_disc,31.400000,1.435035,1.393081,2.156615,2.043454,2.352611,0.668361,-0.011850,0.225000,-0.462497,0.482642,-0.035956,0.029243,0.011250,0.046346,0.011250,0.223639,0,1
ideal_6d_disc,31.450000,1.419272,1.409137,2.133490,2.067586,2.363861,0.668361,-0.011850,0.225000,-0.467897,0.477408,-0.035956,0.029243,0.011250,0.046346,0.011250,0.223639,0,1
ideal_6d_disc,31.500000,1.403330,1.425014,2.110095,2.091456,2.375111,0.668361,-0.011850,0.225000,-0.473238,0.472114,-0.035956,0.029243,0.011250,0.046346,0.011250,0.223639,0,1
ideal_6d_disc,31.550000,1.387210,1.440711,2.086433,2.115062,2.386361,0.668361,-0.011850,0.225000,-0.478520,0.466761,-0.035956,0.029243,0.011250,0.046346,0.011250,0.223639,0,1
ideal_6d_disc,31.600000,1.370915,1.456226,2.062507,2.138400,2.397611,0.668361,-0.011850,0.225000,-0.483740,0.461348,-0.035956,0.029243,0.011250,0.046346,0.011250,0.223639,0,1
ideal_6d_disc,31.650000,1.354446,1.471556,2.038320,2.161467,2.408861,0.668361,-0.011850,0.225000,-0.488900,0.455877,-0.035956,0.029243,0.011250,0.046346,0.011250,0.223639,0,1
ideal_6d_disc,31.700000,1.337805,1.486700,2.013875,2.184261,2.420111,0.668361,-0.011850,0.225000,-0.493997,0.450348,-0.035956,0.029243,0.011250,0.046346,0.011250,0.223639,0,1
ideal_6d_disc,31.750000,1.320996,1.501656,1.989176,2.206779,2.431361,0.668361,-0.011850,0.225000,-0.499032,0.444762,-0.035956,0.029243,0.011250,0.046346,0.011250,0.223639,0,1
ideal_6d_disc,31.800000,1.304019,1.516422,1.964224,2.229017,2.442611,0.668361,-0.011850,0.225000,-0.504004,0.439120,-0.035956,0.029243,0.011250,0.046346,0.011250,0.223639,0,1
ideal_6d_disc,31.850000,1.286877,1.530996,1.939024,2.250973,2.453861,0.668361,-0.011850,0.225000,-0.508912,0.433422,-0.035956,0.029243,0.011250,0.046346,0.011250,0.223639,0,1
ideal_6d_disc,31.900000,1.269572,1.545376,1.913578,2.272644,2.465111,0.668361,-0.011850,0.225000,-0.513756,0.427670,-0.035956,0.029243,0.011250,0.046346,0.011250,0.223639,0,1
ideal_6d_disc,31.950000,1.252107,1.559560,1.887890,2.294027,2.476361,0.668361,-0.011850,0.225000,-0.518535,0.421863,-0.035956,0.029243,0.011250,0.046346,0.011250,0.223639,0,1
ideal_6d_disc,32.000000,1.234483,1.573548,1.861964,2.315120,2.487611,0.668361,-0.011850,0.225000,-0.523248,0.416003,-0.035956,0.029243,0.011250,0.046346,0.011250,0.223639,0,1
ideal_6d_disc,32.050000,1.216703,1.587336,1.835801,2.335921,2.498861,0.668361,-0.011850,0.225000,-0.527894,0.410090,-0.035956,0.029243,0.011250,0.046346,0.011250,0.223639,0,1
ideal_6d_disc,32.100000,1.198768,1.600923,1.809406,2.356425,2.510111,0.668361,-0.011850,0.225000,-0.532474,0.404126,-0.035956,0.029243,0.011250,0.046346,0.011250,0.223639,0,1
ideal_6d_disc,32.150000,1.180683,1.614307,1.782783,2.376631,2.521361,0.668361,-0.011850,0.225000,-0.536987,0.398110,-0.035956,0.029243,0.011250,0.046346,0.011250,0.223639,0,1
ideal_6d_disc,32.200000,1.162447,1.627488,1.755933,2.396537,2.532611,0.668361,-0.011850,0.225000,-0.541432,0.392044,-0.035956,0.029243,0.011250,0.046346,0.011250,0.223639,0,1
ideal_6d_disc,32.250000,1.144065,1.640462,1.728862,2.416139,2.543861,0.668361,-0.011850,0.225000,-0.545808,0.385928,-0.035956,0.029243,0.011250,0.046346,0.011250,0.223639,0,1
ideal_6d_disc,32.300000,1.125538,1.653229,1.701571,2.435435,2.555111,0.668361,-0.011850,0.225000,-0.550115,0.379763,-0.035956,0.029243,0.011250,0.046346,0.011250,0.223639,0,1
ideal_6d_disc,32.350000,1.106868,1.665786,1.674066,2.454424,2.566361,0.668361,-0.011850,0.225000,-0.554352,0.373550,-0.035956,0.029243,0.011250,0.046346,0.011250,0.223639,0,1
ideal_6d_disc,32.400000,1.088058,1.678133,1.646348,2.473101,2.577611,0.668361,-0.011850,0.225000,-0.558520,0.367291,-0.035956,0.029243,0.011250,0.046346,0.011250,0.223639,0,1
ideal_6d_disc,32.450000,1.069111,1.690267,1.618422,2.491466,2.588861,0.668361,-0.011850,0.225000,-0.562616,0.360984,-0.035956,0.029243,0.011250,0.046346,0.011250,0.223639,0,1
ideal_6d_disc,32.500000,1.050028,1.702187,1.590291,2.509515,2.600111,0.668361,-0.011850,0.225000,-0.566642,0.354632,-0.035956,0.029243,0.011250,0.046346,0.011250,0.223639,0,1
ideal_6d_disc,32.550000,1.030812,1.713892,1.561959,2.527246,2.611361,0.668361,-0.011850,0.225000,-0.570595,0.348235,-0.035956,0.029243,0.011250,0.046346,0.011250,0.223639,0,1
ideal_6d_disc,32.600000,1.011466,1.725380,1.533429,2.544658,2.622611,0.668361,-0.011850,0.225000,-0.574477,0.341794,-0.035956,0.029243,0.011250,0.046346,0.011250,0.223639,0,1
ideal_6d_disc,32.650000,0.991992,1.736649,1.504706,2.561748,2.633861,0.668361,-0.011850,0.225000,-0.578285,0.335309,-0.035956,0.029243,0.011250,0.046346,0.011250,0.223639,0,1
ideal_6d_disc,32.700000,0.972393,1.747699,1.475791,2.578513,2.645111,0.668361,-0.011850,0.225000,-0.582021,0.328783,-0.035956,0.029243,0.011250,0.046346,0.011250,0.223639,0,1
ideal_6d_disc,32.750000,0.952670,1.758528,1.446690,2.594952,2.656361,0.668361,-0.011850,0.225000,-0.585683,0.322214,-0.035956,0.029243,0.011250,0.046346,0.011250,0.223639,0,1
ideal_6d_disc,32.800000,0.932827,1.769134,1.417406,2.611063,2.667611,0.668361,-0.011850,0.225000,-0.589271,0.315605,-0.035956,0.029243,0.011250,0.046346,0.011250,0.223639,0,1
ideal_6d_disc,32.850000,0.912865,1.779516,1.387943,2.626843,2.678861,0.668361,-0.011850,0.225000,-0.592784,0.308956,-0.035956,0.029243,0.011250,0.046346,0.011250,0.223639,0,1
ideal_6d_disc,32.900000,0.892788,1.789673,1.358303,2.642291,2.690111,0.668361,-0.011850,0.225000,-0.596222,0.302268,-0.035956,0.029243,0.011250,0.046346,0.011250,0.223639,0,1
ideal_6d_disc,32.950000,0.872598,1.799603,1.328492,2.657405,2.701361,0.668361,-0.011850,0.225000,-0.599585,0.295541,-0.035956,0.029243,0.011250,0.046346,0.011250,0.223639,0,1
ideal_6d_disc,33.000000,0.852298,1.809306,1.298513,2.672182,2.712611,0.668361,-0.011850,0.225000,-0.602872,0.288777,-0.035956,0.029243,0.011250,0.046346,0.011250,0.223639,0,1
ideal_6d_disc,33.050000,0.831890,1.818780,1.268369,2.686621,2.723861,0.668361,-0.011850,0.225000,-0.606082,0.281977,-0.035956,0.029243,0.011250,0.046346,0.011250,0.223639,0,1
ideal_6d_disc,33.100000,0.811376,1.828023,1.238065,2.700719,2.735111,0.668361,-0.011850,0.225000,-0.609216,0.275141,-0.035956,0.029243,0.011250,0.046346,0.011250,0.223639,0,1
ideal_6d_disc,33.150000,0.790760,1.837035,1.207605,2.714476,2.746361,0.668361,-0.011850,0.225000,-0.612273,0.268270,-0.035956,0.029243,0.011250,0.046346,0.011250,0.223639,0,1
ideal_6d_disc,33.200000,0.770044,1.845815,1.176991,2.727890,2.757611,0.668361,-0.011850,0.225000,-0.615252,0.261365,-0.035956,0.029243,0.011250,0.046346,0.011250,0.223639,0,1
ideal_6d_disc,33.250000,0.749230,1.854361,1.146228,2.740958,2.768861,0.668361,-0.011850,0.225000,-0.618153,0.254427,-0.035956,0.029243,0.011250,0.046346,0.011250,0.223639,0,1
ideal_6d_disc,33.300000,0.728322,1.862672,1.115321,2.753680,2.780111,0.668361,-0.011850,0.225000,-0.620976,0.247457,-0.035956,0.029243,0.011250,0.046346,0.011250,0.223639,0,1
ideal_6d_disc,33.350000,0.707321,1.870748,1.084272,2.766052,2.791361,0.668361,-0.011850,0.225000,-0.623721,0.240455,-0.035956,0.029243,0.011250,0.046346,0.011250,0.223639,0,1
ideal_6d_disc,33.400000,0.686231,1.878587,1.053086,2.778075,2.802611,0.668361,-0.011850,0.225000,-0.626387,0.233423,-0.035956,0.029243,0.011250,0.046346,0.011250,0.223639,0,1
ideal_6d_disc,33.450000,0.665054,1.886188,1.021766,2.789746,2.813861,0.668361,-0.011850,0.225000,-0.628973,0.226362,-0.035956,0.029243,0.011250,0.046346,0.011250,0.223639,0,1
ideal_6d_disc,33.500000,0.643792,1.893550,0.990318,2.801064,2.825111,0.668361,-0.011850,0.225000,-0.631480,0.219272,-0.035956,0.029243,0.011250,0.046346,0.011250,0.223639,0,1
ideal_6d_disc,33.550000,0.622450,1.900673,0.958744,2.812028,2.836361,0.668361,-0.011850,0.225000,-0.633906,0.212154,-0.035956,0.029243,0.011250,0.046346,0.011250,0.223639,0,1
ideal_6d_disc,33.600000,0.601028,1.907555,0.927049,2.822636,2.847611,0.668361,-0.011850,0.225000,-0.636253,0.205009,-0.035956,0.029243,0.011250,0.046346,0.011250,0.223639,0,1
ideal_6d_disc,33.650000,0.579531,1.914195,0.895236,2.832886,2.858861,0.668361,-0.011850,0.225000,-0.638519,0.197838,-0.035956,0.029243,0.011250,0.046346,0.011250,0.223639,0,1
ideal_6d_disc,33.700000,0.557960,1.920594,0.863310,2.842778,2.870111,0.668361,-0.011850,0.225000,-0.640704,0.190643,-0.035956,0.029243,0.011250,0.046346,0.011250,0.223639,0,1
ideal_6d_disc,33.750000,0.536318,1.926749,0.831275,2.852310,2.881361,0.668361,-0.011850,0.225000,-0.642808,0.183423,-0.035956,0.029243,0.011250,0.046346,0.011250,0.223639,0,1
ideal_6d_disc,33.800000,0.514609,1.932661,0.799134,2.861481,2.892611,0.668361,-0.011850,0.225000,-0.644831,0.176180,-0.035956,0.029243,0.011250,0.046346,0.011250,0.223639,0,1
ideal_6d_disc,33.850000,0.492834,1.938328,0.766893,2.870290,2.903861,0.668361,-0.011850,0.225000,-0.646772,0.168915,-0.035956,0.029243,0.011250,0.046346,0.011250,0.223639,0,1
ideal_6d_disc,33.900000,0.470997,1.943749,0.734554,2.878736,2.915111,0.668361,-0.011850,0.225000,-0.648632,0.161628,-0.035956,0.029243,0.011250,0.046346,0.011250,0.223639,0,1
ideal_6d_disc,33.950000,0.449101,1.948925,0.702123,2.886817,2.926361,0.668361,-0.011850,0.225000,-0.650409,0.154321,-0.035956,0.029243,0.011250,0.046346,0.011250,0.223639,0,1
ideal_6d_disc,34.000000,0.427147,1.953854,0.669602,2.894533,2.937611,0.668361,-0.011850,0.225000,-0.652104,0.146994,-0.035956,0.029243,0.011250,0.046346,0.011250,0.223639,0,1
ideal_6d_disc,34.050000,0.405140,1.958536,0.636997,2.901883,2.948861,0.668361,-0.011850,0.225000,-0.653716,0.139649,-0.035956,0.029243,0.011250,0.046346,0.011250,0.223639,0,1
ideal_6d_disc,34.100000,0.383081,1.962969,0.604311,2.908866,2.960111,0.668361,-0.011850,0.225000,-0.655246,0.132286,-0.035956,0.029243,0.011250,0.046346,0.011250,0.223639,0,1
ideal_6d_disc,34.150000,0.360974,1.967155,0.571549,2.915480,2.971361,0.668361,-0.011850,0.225000,-0.656692,0.124906,-0.035956,0.029243,0.011250,0.046346,0.011250,0.223639,0,1
ideal_6d_disc,34.200000,0.338821,1.971091,0.538714,2.921725,2.982611,0.668361,-0.011850,0.225000,-0.658056,0.117510,-0.035956,0.029243,0.011250,0.046346,0.011250,0.223639,0,1
ideal_6d_disc,34.250000,0.316626,1.974778,0.505811,2.927601,2.993861,0.668361,-0.011850,0.225000,-0.659336,0.110100,-0.035956,0.029243,0.011250,0.046346,0.011250,0.223639,0,1
ideal_6d_disc,34.300000,0.294390,1.978215,0.472845,2.933106,3.005111,0.668361,-0.011850,0.225000,-0.660533,0.102676,-0.035956,0.029243,0.011250,0.046346,0.011250,0.223639,0,1
ideal_6d_disc,34.350000,0.272117,1.981402,0.439818,2.938239,3.016361,0.668361,-0.011850,0.225000,-0.661647,0.095238,-0.035956,0.029243,0.011250,0.046346,0.011250,0.223639,0,1
ideal_6d_disc,34.400000,0.249809,1.984338,0.406736,2.943001,3.027611,0.668361,-0.011850,0.225000,-0.662676,0.087789,-0.035956,0.029243,0.011250,0.046346,0.011250,0.223639,0,1
ideal_6d_disc,34.450000,0.227470,1.987022,0.373602,2.947391,3.038861,0.668361,-0.011850,0.225000,-0.663622,0.080328,-0.035956,0.029243,0.011250,0.046346,0.011250,0.223639,0,1
ideal_6d_disc,34.500000,0.205102,1.989455,0.340421,2.951407,3.050111,0.668361,-0.011850,0.225000,-0.664483,0.072858,-0.035956,0.029243,0.011250,0.046346,0.011250,0.223639,0,1
ideal_6d_disc,34.550000,0.182708,1.991637,0.307197,2.955050,3.061361,0.668361,-0.011850,0.225000,-0.665261,0.065378,-0.035956,0.029243,0.011250,0.046346,0.011250,0.223639,0,1
ideal_6d_disc,34.600000,0.160291,1.993566,0.273933,2.958319,3.072611,0.668361,-0.011850,0.225000,-0.665954,0.057890,-0.035956,0.029243,0.011250,0.046346,0.011250,0.223639,0,1
ideal_6d_disc,34.650000,0.137854,1.995243,0.240636,2.961213,3.083861,0.668361,-0.011850,0.225000,-0.666564,0.050394,-0.035956,0.029243,0.011250,0.046346,0.011250,0.223639,0,1
ideal_6d_disc,34.700000,0.115399,1.996668,0.207308,2.963733,3.095111,0.668361,-0.011850,0.225000,-0.667088,0.042892,-0.035956,0.029243,0.011250,0.046346,0.011250,0.223639,0,1
ideal_6d_disc,34.750000,0.092930,1.997840,0.173953,2.965878,3.106361,0.668361,-0.011850,0.225000,-0.667529,0.035385,-0.035956,0.029243,0.011250,0.046346,0.011250,0.223639,0,1
ideal_6d_disc,34.800000,0.070449,1.998759,0.140577,2.967647,3.117611,0.668361,-0.011850,0.225000,-0.667884,0.027873,-0.035956,0.029243,0.011250,0.046346,0.011250,0.223639,0,1
ideal_6d_disc,34.850000,0.047959,1.999425,0.107182,2.969041,3.128861,0.668361,-0.011850,0.225000,-0.668156,0.020358,-0.035956,0.029243,0.011250,0.046346,0.011250,0.223639,0,1
ideal_6d_disc,34.900000,0.025463,1.999838,0.073775,2.970059,3.140111,0.668361,-0.011850,0.225000,-0.668342,0.012840,-0.035956,0.029243,0.011250,0.046346,0.011250,0.223639,0,1
ideal_6d_disc,34.950000,0.002963,1.999998,0.040358,2.970701,-3.131824,0.668361,-0.011850,0.225000,-0.668445,0.005321,-0.035956,0.029243,0.011250,0.046346,0.011250,0.223639,0,1
ideal_6d_disc,35.000000,-0.019536,1.999905,0.006935,2.970967,-3.120574,0.668361,-0.011850,0.225000,-0.668462,-0.002200,-0.035956,0.029243,0.011250,0.046346,0.011250,0.223639,0,1
ideal_6d_disc,35.050000,-0.042034,1.999558,-0.026488,2.970857,-3.109324,0.668361,-0.011850,0.225000,-0.668395,-0.009720,-0.035956,0.029243,0.011250,0.046346,0.011250,0.223639,0,1
ideal_6d_disc,35.100000,-0.064526,1.998959,-0.059908,2.970371,-3.098074,0.668361,-0.011850,0.225000,-0.668243,-0.017238,-0.035956,0.029243,0.011250,0.046346,0.011250,0.223639,0,1
ideal_6d_disc,35.150000,-0.087009,1.998106,-0.093320,2.969509,-3.086824,0.668361,-0.011850,0.225000,-0.668007,-0.024755,-0.035956,0.029243,0.011250,0.046346,0.011250,0.223639,0,1
ideal_6d_disc,35.200000,-0.109482,1.997001,-0.126720,2.968271,-3.075574,0.668361,-0.011850,0.225000,-0.667687,-0.032268,-0.035956,0.029243,0.011250,0.046346,0.011250,0.223639,0,1
ideal_6d_disc,35.250000,-0.131941,1.995643,-0.160104,2.966658,-3.064324,0.668361,-0.011850,0.225000,-0.667281,-0.039777,-0.035956,0.029243,0.011250,0.046346,0.011250,0.223639,0,1
ideal_6d_disc,35.300000,-0.154383,1.994033,-0.193468,2.964669,-3.053074,0.668361,-0.011850,0.225000,-0.666792,-0.047282,-0.035956,0.029243,0.011250,0.046346,0.011250,0.223639,0,1
ideal_6d_disc,35.350000,-0.176806,1.992170,-0.226808,2.962305,-3.041824,0.668361,-0.011850,0.225000,-0.666217,-0.054780,-0.035956,0.029243,0.011250,0.046346,0.011250,0.223639,0,1
ideal_6d_disc,35.400000,-0.199206,1.990055,-0.260119,2.959566,-3.030574,0.668361,-0.011850,0.225000,-0.665559,-0.062271,-0.035956,0.029243,0.011250,0.046346,0.011250,0.223639,0,1
ideal_6d_disc,35.450000,-0.221581,1.987688,-0.293397,2.956452,-3.019324,0.668361,-0.011850,0.225000,-0.664816,-0.069755,-0.035956,0.029243,0.011250,0.046346,0.011250,0.223639,0,1
ideal_6d_disc,35.500000,-0.243928,1.985069,-0.326638,2.952964,-3.008074,0.668361,-0.011850,0.225000,-0.663990,-0.077229,-0.035956,0.029243,0.011250,0.046346,0.011250,0.223639,0,1
ideal_6d_disc,35.550000,-0.266244,1.982199,-0.359837,2.949103,-2.996824,0.668361,-0.011850,0.225000,-0.663079,-0.084694,-0.035956,0.029243,0.011250,0.046346,0.011250,0.223639,0,1
ideal_6d_disc,35.600000,-0.288526,1.979079,-0.392991,2.944868,-2.985574,0.668361,-0.011850,0.225000,-0.662084,-0.092148,-0.035956,0.029243,0.011250,0.046346,0.011250,0.223639,0,1
ideal_6d_disc,35.650000,-0.310772,1.975708,-0.426095,2.940261,-2.974324,0.668361,-0.011850,0.225000,-0.661005,-0.099591,-0.035956,0.029243,0.011250,0.046346,0.011250,0.223639,0,1
ideal_6d_disc,35.700000,-0.332979,1.972086,-0.459146,2.935281,-2.963074,0.668361,-0.011850,0.225000,-0.659843,-0.107020,-0.035956,0.029243,0.011250,0.046346,0.011250,0.223639,0,1
ideal_6d_disc,35.750000,-0.355143,1.968216,-0.492138,2.929930,-2.951824,0.668361,-0.011850,0.225000,-0.658598,-0.114437,-0.035956,0.029243,0.011250,0.046346,0.011250,0.223639,0,1
ideal_6d_disc,35.800000,-0.377263,1.964096,-0.525068,2.924208,-2.940574,0.668361,-0.011850,0.225000,-0.657268,-0.121839,-0.035956,0.029243,0.011250,0.046346,0.011250,0.223639,0,1
ideal_6d_disc,35.850000,-0.399335,1.959728,-0.557931,2.918116,-2.929324,0.668361,-0.011850,0.225000,-0.655856,-0.129225,-0.035956,0.029243,0.011250,0.046346,0.011250,0.223639,0,1
ideal_6d_disc,35.900000,-0.421356,1.955111,-0.590724,2.911655,-2.918074,0.668361,-0.011850,0.225000,-0.654361,-0.136595,-0.035956,0.029243,0.011250,0.046346,0.011250,0.223639,0,1
ideal_6d_disc,35.950000,-0.443324,1.950247,-0.623442,2.904825,-2.906824,0.668361,-0.011850,0.225000,-0.652783,-0.143948,-0.035956,0.029243,0.011250,0.046346,0.011250,0.223639,0,1
ideal_6d_disc,36.000000,-0.465235,1.945136,-0.656081,2.897628,-2.895574,0.668361,-0.011850,0.225000,-0.651122,-0.151282,-0.035956,0.029243,0.011250,0.046346,0.011250,0.223639,0,1
ideal_6d_disc,36.050000,-0.487088,1.939780,-0.688637,2.890064,-2.884324,0.668361,-0.011850,0.225000,-0.649379,-0.158598,-0.035956,0.029243,0.011250,0.046346,0.011250,0.223639,0,1
ideal_6d_disc,36.100000,-0.508880,1.934177,-0.721106,2.882134,-2.873074,0.668361,-0.011850,0.225000,-0.647554,-0.165893,-0.035956,0.029243,0.011250,0.046346,0.011250,0.223639,0,1
ideal_6d_disc,36.150000,-0.530606,1.928330,-0.753484,2.873839,-2.861824,0.668361,-0.011850,0.225000,-0.645647,-0.173167,-0.035956,0.029243,0.011250,0.046346,0.011250,0.223639,0,1
ideal_6d_disc,36.200000,-0.552266,1.922239,-0.785766,2.865181,-2.850574,0.668361,-0.011850,0.225000,-0.643658,-0.180420,-0.035956,0.029243,0.011250,0.046346,0.011250,0.223639,0,1
ideal_6d_disc,36.250000,-0.573856,1.915904,-0.817949,2.856160,-2.839324,0.668361,-0.011850,0.225000,-0.641587,-0.187649,-0.035956,0.029243,0.011250,0.046346,0.011250,0.223639,0,1
ideal_6d_disc,36.300000,-0.595373,1.909327,-0.850028,2.846778,-2.828074,0.668361,-0.011850,0.225000,-0.639436,-0.194855,-0.035956,0.029243,0.011250,0.046346,0.011250,0.223639,0,1
ideal_6d_disc,36.350000,-0.616815,1.902509,-0.882000,2.837035,-2.816824,0.668361,-0.011850,0.225000,-0.637203,-0.202036,-0.035956,0.029243,0.011250,0.046346,0.011250,0.223639,0,1
ideal_6d_disc,36.400000,-0.638179,1.895449,-0.913860,2.826933,-2.805574,0.668361,-0.011850,0.225000,-0.634890,-0.209192,-0.035956,0.029243,0.011250,0.046346,0.011250,0.223639,0,1
ideal_6d_disc,36.450000,-0.659462,1.888150,-0.945605,2.816473,-2.794324,0.668361,-0.011850,0.225000,-0.632496,-0.216321,-0.035956,0.029243,0.011250,0.046346,0.011250,0.223639,0,1
ideal_6d_disc,36.500000,-0.680661,1.880612,-0.977230,2.805657,-2.783074,0.668361,-0.011850,0.225000,-0.630023,-0.223423,-0.035956,0.029243,0.011250,0.046346,0.011250,0.223639,0,1
ideal_6d_disc,36.550000,-0.701774,1.872835,-1.008731,2.794486,-2.771824,0.668361,-0.011850,0.225000,-0.627469,-0.230496,-0.035956,0.029243,0.011250,0.046346,0.011250,0.223639,0,1
ideal_6d_disc,36.600000,-0.722799,1.864822,-1.040104,2.782961,-2.760574,0.668361,-0.011850,0.225000,-0.624837,-0.237541,-0.035956,0.029243,0.011250,0.046346,0.011250,0.223639,0,1
ideal_6d_disc,36.650000,-0.743732,1.856573,-1.071346,2.771084,-2.749324,0.668361,-0.011850,0.225000,-0.622125,-0.244555,-0.035956,0.029243,0.011250,0.046346,0.011250,0.223639,0,1
ideal_6d_disc,36.700000,-0.764571,1.848089,-1.102452,2.758857,-2.738074,0.668361,-0.011850,0.225000,-0.619334,-0.251538,-0.035956,0.029243,0.011250,0.046346,0.011250,0.223639,0,1
ideal_6d_disc,36.750000,-0.785313,1.839370,-1.133419,2.746280,-2.726824,0.668361,-0.011850,0.225000,-0.616465,-0.258490,-0.035956,0.029243,0.011250,0.046346,0.011250,0.223639,0,1
ideal_6d_disc,36.800000,-0.805956,1.830419,-1.164242,2.733355,-2.715574,0.668361,-0.011850,0.225000,-0.613518,-0.265408,-0.035956,0.029243,0.011250,0.046346,0.011250,0.223639,0,1
ideal_6d_disc,36.850000,-0.826497,1.821237,-1.194918,2.720085,-2.704324,0.668361,-0.011850,0.225000,-0.610494,-0.272293,-0.035956,0.029243,0.011250,0.046346,0.011250,0.223639,0,1
ideal_6d_disc,36.900000,-0.846933,1.811824,-1.225443,2.706470,-2.693074,0.668361,-0.011850,0.225000,-0.607392,-0.279144,-0.035956,0.029243,0.011250,0.046346,0.011250,0.223639,0,1
ideal_6d_disc,36.950000,-0.867262,1.802181,-1.255813,2.692513,-2.681824,0.668361,-0.011850,0.225000,-0.604213,-0.285960,-0.035956,0.029243,0.011250,0.046346,0.011250,0.223639,0,1
ideal_6d_disc,37.000000,-0.887481,1.792311,-1.286023,2.678215,-2.670574,0.668361,-0.011850,0.225000,-0.600958,-0.292739,-0.035956,0.029243,0.011250,0.046346,0.011250,0.223639,0,1
ideal_6d_disc,37.050000,-0.907588,1.782213,-1.316071,2.663578,-2.659324,0.668361,-0.011850,0.225000,-0.597627,-0.299481,-0.035956,0.029243,0.011250,0.046346,0.011250,0.223639,0,1
ideal_6d_disc,37.100000,-0.927580,1.771890,-1.345952,2.648604,-2.648074,0.668361,-0.011850,0.225000,-0.594220,-0.306185,-0.035956,0.029243,0.011250,0.046346,0.011250,0.223639,0,1
ideal_6d_disc,37.150000,-0.947455,1.761343,-1.375663,2.633295,-2.636824,0.668361,-0.011850,0.225000,-0.590738,-0.312850,-0.035956,0.029243,0.011250,0.046346,0.011250,0.223639,0,1
ideal_6d_disc,37.200000,-0.967209,1.750573,-1.405200,2.617652,-2.625574,0.668361,-0.011850,0.225000,-0.587181,-0.319476,-0.035956,0.029243,0.011250,0.046346,0.011250,0.223639,0,1
ideal_6d_disc,37.250000,-0.986842,1.739581,-1.434559,2.601678,-2.614324,0.668361,-0.011850,0.225000,-0.583550,-0.326062,-0.035956,0.029243,0.011250,0.046346,0.011250,0.223639,0,1
ideal_6d_disc,37.300000,-1.006349,1.728370,-1.463737,2.585375,-2.603074,0.668361,-0.011850,0.225000,-0.579845,-0.332606,-0.035956,0.029243,0.011250,0.046346,0.011250,0.223639,0,1
ideal_6d_disc,37.350000,-1.025729,1.716939,-1.492729,2.568745,-2.591824,0.668361,-0.011850,0.225000,-0.576066,-0.339108,-0.035956,0.029243,0.011250,0.046346,0.011250,0.223639,0,1
ideal_6d_disc,37.400000,-1.044979,1.705291,-1.521532,2.551790,-2.580574,0.668361,-0.011850,0.225000,-0.572215,-0.345567,-0.035956,0.029243,0.011250,0.046346,0.011250,0.223639,0,1
ideal_6d_disc,37.450000,-1.064097,1.693427,-1.550143,2.534511,-2.569324,0.668361,-0.011850,0.225000,-0.568291,-0.351983,-0.035956,0.029243,0.011250,0.046346,0.011250,0.223639,0,1
ideal_6d_disc,37.500000,-1.083081,1.681349,-1.578558,2.516912,-2.558074,0.668361,-0.011850,0.225000,-0.564295,-0.358353,-0.035956,0.029243,0.011250,0.046346,0.011250,0.223639,0,1
ideal_6d_disc,37.550000,-1.101927,1.669059,-1.606772,2.498994,-2.546824,0.668361,-0.011850,0.225000,-0.560228,-0.364679,-0.035956,0.029243,0.011250,0.046346,0.011250,0.223639,0,1
ideal_6d_disc,37.600000,-1.120634,1.656557,-1.634784,2.480760,-2.535574,0.668361,-0.011850,0.225000,-0.556090,-0.370958,-0.035956,0.029243,0.011250,0.046346,0.011250,0.223639,0,1
ideal_6d_disc,37.650000,-1.139199,1.643845,-1.662588,2.462213,-2.524324,0.668361,-0.011850,0.225000,-0.551882,-0.377191,-0.035956,0.029243,0.011250,0.046346,0.011250,0.223639,0,1
ideal_6d_disc,37.700000,-1.157620,1.630925,-1.690182,2.443353,-2.513074,0.668361,-0.011850,0.225000,-0.547604,-0.383375,-0.035956,0.029243,0.011250,0.046346,0.011250,0.223639,0,1
ideal_6d_disc,37.750000,-1.175894,1.617799,-1.717563,2.424184,-2.501824,0.668361,-0.011850,0.225000,-0.543256,-0.389512,-0.035956,0.029243,0.011250,0.046346,0.011250,0.223639,0,1
ideal_6d_disc,37.800000,-1.194019,1.604468,-1.744725,2.404709,-2.490574,0.668361,-0.011850,0.225000,-0.538840,-0.395598,-0.035956,0.029243,0.011250,0.046346,0.011250,0.223639,0,1
ideal_6d_disc,37.850000,-1.211994,1.590934,-1.771667,2.384929,-2.479324,0.668361,-0.011850,0.225000,-0.534355,-0.401635,-0.035956,0.029243,0.011250,0.046346,0.011250,0.223639,0,1
ideal_6d_disc,37.900000,-1.229815,1.577199,-1.798385,2.364847,-2.468074,0.668361,-0.011850,0.225000,-0.529803,-0.407621,-0.035956,0.029243,0.011250,0.046346,0.011250,0.223639,0,1
ideal_6d_disc,37.950000,-1.247480,1.563264,-1.824875,2.344466,-2.456824,0.668361,-0.011850,0.225000,-0.525184,-0.413555,-0.035956,0.029243,0.011250,0.046346,0.011250,0.223639,0,1
ideal_6d_disc,38.000000,-1.264987,1.549131,-1.851135,2.323788,-2.445574,0.668361,-0.011850,0.225000,-0.520498,-0.419438,-0.035956,0.029243,0.011250,0.046346,0.011250,0.223639,0,1
ideal_6d_disc,38.050000,-1.282335,1.534802,-1.877160,2.302816,-2.434324,0.668361,-0.011850,0.225000,-0.515747,-0.425266,-0.035956,0.029243,0.011250,0.046346,0.011250,0.223639,0,1
ideal_6d_disc,38.100000,-1.299520,1.520279,-1.902947,2.281553,-2.423074,0.668361,-0.011850,0.225000,-0.510930,-0.431042,-0.035956,0.029243,0.011250,0.046346,0.011250,0.223639,0,1
ideal_6d_disc,38.150000,-1.316540,1.505564,-1.928493,2.260001,-2.411824,0.668361,-0.011850,0.225000,-0.506049,-0.436762,-0.035956,0.029243,0.011250,0.046346,0.011250,0.223639,0,1
ideal_6d_disc,38.200000,-1.333394,1.490658,-1.953796,2.238163,-2.400574,0.668361,-0.011850,0.225000,-0.501103,-0.442427,-0.035956,0.029243,0.011250,0.046346,0.011250,0.223639,0,1
ideal_6d_disc,38.250000,-1.350079,1.475563,-1.978851,2.216041,-2.389324,0.668361,-0.011850,0.225000,-0.496094,-0.448037,-0.035956,0.029243,0.011250,0.046346,0.011250,0.223639,0,1
ideal_6d_disc,38.300000,-1.366593,1.460282,-2.003656,2.193640,-2.378074,0.668361,-0.011850,0.225000,-0.491023,-0.453589,-0.035956,0.029243,0.011250,0.046346,0.011250,0.223639,0,1
ideal_6d_disc,38.350000,-1.382935,1.444815,-2.028207,2.170960,-2.366824,0.668361,-0.011850,0.225000,-0.485889,-0.459085,-0.035956,0.029243,0.011250,0.046346,0.011250,0.223639,0,1
ideal_6d_disc,38.400000,-1.399101,1.429166,-2.052501,2.148006,-2.355574,0.668361,-0.011850,0.225000,-0.480693,-0.464522,-0.035956,0.029243,0.011250,0.046346,0.011250,0.223639,0,1
ideal_6d_disc,38.450000,-1.415090,1.413336,-2.076536,2.124780,-2.344324,0.668361,-0.011850,0.225000,-0.475437,-0.469900,-0.035956,0.029243,0.011250,0.046346,0.011250,0.223639,0,1
ideal_6d_disc,38.500000,-1.430901,1.397327,-2.100308,2.101285,-2.333074,0.668361,-0.011850,0.225000,-0.470121,-0.475219,-0.035956,0.029243,0.011250,0.046346,0.011250,0.223639,0,1
ideal_6d_disc,38.550000,-1.446530,1.381142,-2.123814,2.077524,-2.321824,0.668361,-0.011850,0.225000,-0.464745,-0.480477,-0.035956,0.029243,0.011250,0.046346,0.011250,0.223639,0,1
ideal_6d_disc,38.600000,-1.461976,1.364781,-2.147051,2.053500,-2.310574,0.668361,-0.011850,0.225000,-0.459310,-0.485675,-0.035956,0.029243,0.011250,0.046346,0.011250,0.223639,0,1
ideal_6d_disc,38.650000,-1.477237,1.348248,-2.170017,2.029216,-2.299324,0.668361,-0.011850,0.225000,-0.453818,-0.490812,-0.035956,0.029243,0.011250,0.046346,0.011250,0.223639,0,1
ideal_6d_disc,38.700000,-1.492311,1.331544,-2.192708,2.004676,-2.288074,0.668361,-0.011850,0.225000,-0.448267,-0.495886,-0.035956,0.029243,0.011250,0.046346,0.011250,0.223639,0,1
ideal_6d_disc,38.750000,-1.507196,1.314672,-2.215121,1.979881,-2.276824,0.668361,-0.011850,0.225000,-0.442660,-0.500897,-0.035956,0.029243,0.011250,0.046346,0.011250,0.223639,0,1
ideal_6d_disc,38.800000,-1.521890,1.297633,-2.237254,1.954837,-2.265574,0.668361,-0.011850,0.225000,-0.436997,-0.505846,-0.035956,0.029243,0.011250,0.046346,0.011250,0.223639,0,1
ideal_6d_disc,38.850000,-1.536392,1.280430,-2.259104,1.929544,-2.254324,0.668361,-0.011850,0.225000,-0.431279,-0.510730,-0.035956,0.029243,0.011250,0.046346,0.011250,0.223639,0,1
ideal_6d_disc,38.900000,-1.550699,1.263065,-2.280668,1.904008,-2.243074,0.668361,-0.011850,0.225000,-0.425506,-0.515549,-0.035956,0.029243,0.011250,0.046346,0.011250,0.223639,0,1
ideal_6d_disc,38.950000,-1.564810,1.245540,-2.301943,1.878230,-2.231824,0.668361,-0.011850,0.225000,-0.419680,-0.520303,-0.035956,0.029243,0.011250,0.046346,0.011250,0.223639,0,1
ideal_6d_disc,39.000000,-1.578723,1.227857,-2.322927,1.852215,-2.220574,0.668361,-0.011850,0.225000,-0.413800,-0.524992,-0.035956,0.029243,0.011250,0.046346,0.011250,0.223639,0,1
ideal_6d_disc,39.050000,-1.592436,1.210019,-2.343617,1.825966,-2.209324,0.668361,-0.011850,0.225000,-0.407867,-0.529614,-0.035956,0.029243,0.011250,0.046346,0.011250,0.223639,0,1
ideal_6d_disc,39.100000,-1.605948,1.192028,-2.364010,1.799485,-2.198074,0.668361,-0.011850,0.225000,-0.401884,-0.534169,-0.035956,0.029243,0.011250,0.046346,0.011250,0.223639,0,1
ideal_6d_disc,39.150000,-1.619256,1.173886,-2.384105,1.772776,-2.186824,0.668361,-0.011850,0.225000,-0.395849,-0.538656,-0.035956,0.029243,0.011250,0.046346,0.011250,0.223639,0,1
ideal_6d_disc,39.200000,-1.632360,1.155596,-2.403897,1.745844,-2.175574,0.668361,-0.011850,0.225000,-0.389764,-0.543075,-0.035956,0.029243,0.011250,0.046346,0.011250,0.223639,0,1
ideal_6d_disc,39.250000,-1.645257,1.137159,-2.423385,1.718690,-2.164324,0.668361,-0.011850,0.225000,-0.383630,-0.547425,-0.035956,0.029243,0.011250,0.046346,0.011250,0.223639,0,1
ideal_6d_disc,39.300000,-1.657945,1.118578,-2.442567,1.691319,-2.153074,0.668361,-0.011850,0.225000,-0.377447,-0.551706,-0.035956,0.029243,0.011250,0.046346,0.011250,0.223639,0,1
ideal_6d_disc,39.350000,-1.670424,1.099856,-2.461439,1.663733,-2.141824,0.668361,-0.011850,0.225000,-0.371217,-0.555918,-0.035956,0.029243,0.011250,0.046346,0.011250,0.223639,0,1
ideal_6d_disc,39.400000,-1.682692,1.080994,-2.480000,1.635937,-2.130574,0.668361,-0.011850,0.225000,-0.364939,-0.560059,-0.035956,0.029243,0.011250,0.046346,0.011250,0.223639,0,1
ideal_6d_disc,39.450000,-1.694746,1.061996,-2.498247,1.607934,-2.119324,0.668361,-0.011850,0.225000,-0.358616,-0.564129,-0.035956,0.029243,0.011250,0.046346,0.011250,0.223639,0,1
ideal_6d_disc,39.500000,-1.706586,1.042863,-2.516178,1.579728,-2.108074,0.668361,-0.011850,0.225000,-0.352247,-0.568127,-0.035956,0.029243,0.011250,0.046346,0.011250,0.223639,0,1
ideal_6d_disc,39.550000,-1.718210,1.023599,-2.533790,1.551322,-2.096824,0.668361,-0.011850,0.225000,-0.345833,-0.572054,-0.035956,0.029243,0.011250,0.046346,0.011250,0.223639,0,1
ideal_6d_disc,39.600000,-1.729617,1.004205,-2.551082,1.522719,-2.085574,0.668361,-0.011850,0.225000,-0.339376,-0.575908,-0.035956,0.029243,0.011250,0.046346,0.011250,0.223639,0,1
ideal_6d_disc,39.650000,-1.740804,0.984683,-2.568050,1.493924,-2.074324,0.668361,-0.011850,0.225000,-0.332876,-0.579690,-0.035956,0.029243,0.011250,0.046346,0.011250,0.223639,0,1
ideal_6d_disc,39.700000,-1.751771,0.965037,-2.584694,1.464939,-2.063074,0.668361,-0.011850,0.225000,-0.326333,-0.583398,-0.035956,0.029243,0.011250,0.046346,0.011250,0.223639,0,1
ideal_6d_disc,39.750000,-1.762517,0.945269,-2.601011,1.435769,-2.051824,0.668361,-0.011850,0.225000,-0.319749,-0.587032,-0.035956,0.029243,0.011250,0.046346,0.011250,0.223639,0,1
ideal_6d_disc,39.800000,-1.773040,0.925381,-2.616998,1.406418,-2.040574,0.668361,-0.011850,0.225000,-0.313125,-0.590592,-0.035956,0.029243,0.011250,0.046346,0.011250,0.223639,0,1
ideal_6d_disc,39.850000,-1.783338,0.905377,-2.632655,1.376888,-2.029324,0.668361,-0.011850,0.225000,-0.306461,-0.594077,-0.035956,0.029243,0.011250,0.046346,0.011250,0.223639,0,1
ideal_6d_disc,39.900000,-1.793410,0.885257,-2.647978,1.347184,-2.018074,0.668361,-0.011850,0.225000,-0.299759,-0.597487,-0.035956,0.029243,0.011250,0.046346,0.011250,0.223639,0,1
ideal_6d_disc,39.950000,-1.803256,0.865026,-2.662966,1.317310,-2.006824,0.668361,-0.011850,0.225000,-0.293018,-0.600822,-0.035956,0.029243,0.011250,0.046346,0.011250,0.223639,0,1
ideal_6d_disc,40.000000,-1.812873,0.844685,-2.677617,1.287269,-1.995574,0.668361,-0.011850,0.225000,-0.286241,-0.604080,-0.035956,0.029243,0.011250,0.046346,0.011250,0.223639,0,1
ideal_6d_disc,40.050000,-1.822261,0.824237,-2.691929,1.257065,-1.984324,0.668361,-0.011850,0.225000,-0.279427,-0.607262,-0.035956,0.029243,0.011250,0.046346,0.011250,0.223639,0,1
ideal_6d_disc,40.100000,-1.831418,0.803685,-2.705900,1.226701,-1.973074,0.668361,-0.011850,0.225000,-0.272577,-0.610367,-0.035956,0.029243,0.011250,0.046346,0.011250,0.223639,0,1
ideal_6d_disc,40.150000,-1.840343,0.783031,-2.719529,1.196183,-1.961824,0.668361,-0.011850,0.225000,-0.265694,-0.613395,-0.035956,0.029243,0.011250,0.046346,0.011250,0.223639,0,1
ideal_6d_disc,40.200000,-1.849036,0.762278,-2.732813,1.165513,-1.950574,0.668361,-0.011850,0.225000,-0.258776,-0.616345,-0.035956,0.029243,0.011250,0.046346,0.011250,0.223639,0,1
ideal_6d_disc,40.250000,-1.857494,0.741429,-2.745752,1.134696,-1.939324,0.668361,-0.011850,0.225000,-0.251826,-0.619217,-0.035956,0.029243,0.011250,0.046346,0.011250,0.223639,0,1
ideal_6d_disc,40.300000,-1.865717,0.720485,-2.758344,1.103735,-1.928074,0.668361,-0.011850,0.225000,-0.244844,-0.622011,-0.035956,0.029243,0.011250,0.046346,0.011250,0.223639,0,1
ideal_6d_disc,40.350000,-1.873705,0.699451,-2.770586,1.072635,-1.916824,0.668361,-0.011850,0.225000,-0.237831,-0.624726,-0.035956,0.029243,0.011250,0.046346,0.011250,0.223639,0,1
ideal_6d_disc,40.400000,-1.881455,0.678328,-2.782477,1.041398,-1.905574,0.668361,-0.011850,0.225000,-0.230788,-0.627362,-0.035956,0.029243,0.011250,0.046346,0.011250,0.223639,0,1
ideal_6d_disc,40.450000,-1.888967,0.657119,-2.794017,1.010030,-1.894324,0.668361,-0.011850,0.225000,-0.223716,-0.629919,-0.035956,0.029243,0.011250,0.046346,0.011250,0.223639,0,1
ideal_6d_disc,40.500000,-1.896239,0.635827,-2.805203,0.978534,-1.883074,0.668361,-0.011850,0.225000,-0.216615,-0.632396,-0.035956,0.029243,0.011250,0.046346,0.011250,0.223639,0,1
ideal_6d_disc,40.550000,-1.903272,0.614454,-2.816033,0.946915,-1.871824,0.668361,-0.011850,0.225000,-0.209487,-0.634793,-0.035956,0.029243,0.011250,0.046346,0.011250,0.223639,0,1
ideal_6d_disc,40.600000,-1.910064,0.593004,-2.826508,0.915175,-1.860574,0.668361,-0.011850,0.225000,-0.202333,-0.637109,-0.035956,0.029243,0.011250,0.046346,0.011250,0.223639,0,1
ideal_6d_disc,40.650000,-1.916615,0.571479,-2.836624,0.883319,-1.849324,0.668361,-0.011850,0.225000,-0.195153,-0.639345,-0.035956,0.029243,0.011250,0.046346,0.011250,0.223639,0,1
ideal_6d_disc,40.700000,-1.922922,0.549881,-2.846382,0.851352,-1.838074,0.668361,-0.011850,0.225000,-0.187948,-0.641500,-0.035956,0.029243,0.011250,0.046346,0.011250,0.223639,0,1
ideal_6d_disc,40.750000,-1.928987,0.528214,-2.855779,0.819277,-1.826824,0.668361,-0.011850,0.225000,-0.180719,-0.643574,-0.035956,0.029243,0.011250,0.046346,0.011250,0.223639,0,1
ideal_6d_disc,40.800000,-1.934807,0.506480,-2.864815,0.787099,-1.815574,0.668361,-0.011850,0.225000,-0.173468,-0.645566,-0.035956,0.029243,0.011250,0.046346,0.011250,0.223639,0,1
ideal_6d_disc,40.850000,-1.940382,0.484682,-2.873489,0.754820,-1.804324,0.668361,-0.011850,0.225000,-0.166194,-0.647477,-0.035956,0.029243,0.011250,0.046346,0.011250,0.223639,0,1
ideal_6d_disc,40.900000,-1.945712,0.462822,-2.881798,0.722446,-1.793074,0.668361,-0.011850,0.225000,-0.158900,-0.649305,-0.035956,0.029243,0.011250,0.046346,0.011250,0.223639,0,1
ideal_6d_disc,40.950000,-1.950796,0.440904,-2.889743,0.689981,-1.781824,0.668361,-0.011850,0.225000,-0.151585,-0.651052,-0.035956,0.029243,0.011250,0.046346,0.011250,0.223639,0,1
ideal_6d_disc,41.000000,-1.955632,0.418930,-2.897323,0.657429,-1.770574,0.668361,-0.011850,0.225000,-0.144251,-0.652716,-0.035956,0.029243,0.011250,0.046346,0.011250,0.223639,0,1
ideal_6d_disc,41.050000,-1.960221,0.396903,-2.904535,0.624793,-1.759324,0.668361,-0.011850,0.225000,-0.136899,-0.654297,-0.035956,0.029243,0.011250,0.046346,0.011250,0.223639,0,1
ideal_6d_disc,41.100000,-1.964562,0.374826,-2.911380,0.592078,-1.748074,0.668361,-0.011850,0.225000,-0.129530,-0.655796,-0.035956,0.029243,0.011250,0.046346,0.011250,0.223639,0,1
ideal_6d_disc,41.150000,-1.968655,0.352702,-2.917857,0.559288,-1.736824,0.668361,-0.011850,0.225000,-0.122144,-0.657212,-0.035956,0.029243,0.011250,0.046346,0.011250,0.223639,0,1
ideal_6d_disc,41.200000,-1.972498,0.330532,-2.923964,0.526427,-1.725574,0.668361,-0.011850,0.225000,-0.114743,-0.658544,-0.035956,0.029243,0.011250,0.046346,0.011250,0.223639,0,1
ideal_6d_disc,41.250000,-1.976092,0.308321,-2.929701,0.493500,-1.714324,0.668361,-0.011850,0.225000,-0.107327,-0.659793,-0.035956,0.029243,0.011250,0.046346,0.011250,0.223639,0,1
ideal_6d_disc,41.300000,-1.979435,0.286071,-2.935067,0.460511,-1.703074,0.668361,-0.011850,0.225000,-0.099898,-0.660959,-0.035956,0.029243,0.011250,0.046346,0.011250,0.223639,0,1
ideal_6d_disc,41.350000,-1.982528,0.263785,-2.940062,0.427463,-1.691824,0.668361,-0.011850,0.225000,-0.092456,-0.662041,-0.035956,0.029243,0.011250,0.046346,0.011250,0.223639,0,1
ideal_6d_disc,41.400000,-1.985370,0.241465,-2.944685,0.394361,-1.680574,0.668361,-0.011850,0.225000,-0.085002,-0.663039,-0.035956,0.029243,0.011250,0.046346,0.011250,0.223639,0,1
ideal_6d_disc,41.450000,-1.987961,0.219115,-2.948935,0.361209,-1.669324,0.668361,-0.011850,0.225000,-0.077538,-0.663954,-0.035956,0.029243,0.011250,0.046346,0.011250,0.223639,0,1
ideal_6d_disc,41.500000,-1.990300,0.196737,-2.952812,0.328011,-1.658074,0.668361,-0.011850,0.225000,-0.070064,-0.664784,-0.035956,0.029243,0.011250,0.046346,0.011250,0.223639,0,1
ideal_6d_disc,41.550000,-1.992387,0.174334,-2.956315,0.294772,-1.646824,0.668361,-0.011850,0.225000,-0.062581,-0.665530,-0.035956,0.029243,0.011250,0.046346,0.011250,0.223639,0,1
ideal_6d_disc,41.600000,-1.994223,0.151909,-2.959444,0.261495,-1.635574,0.668361,-0.011850,0.225000,-0.055090,-0.666192,-0.035956,0.029243,0.011250,0.046346,0.011250,0.223639,0,1
ideal_6d_disc,41.650000,-1.995805,0.129465,-2.962199,0.228186,-1.624324,0.668361,-0.011850,0.225000,-0.047592,-0.666769,-0.035956,0.029243,0.011250,0.046346,0.011250,0.223639,0,1
ideal_6d_disc,41.700000,-1.997135,0.107005,-2.964578,0.194847,-1.613074,0.668361,-0.011850,0.225000,-0.040088,-0.667263,-0.035956,0.029243,0.011250,0.046346,0.011250,0.223639,0,1
ideal_6d_disc,41.750000,-1.998213,0.084531,-2.966583,0.161484,-1.601824,0.668361,-0.011850,0.225000,-0.032579,-0.667671,-0.035956,0.029243,0.011250,0.046346,0.011250,0.223639,0,1
ideal_6d_disc,41.800000,-1.999037,0.062046,-2.968212,0.128100,-1.590574,0.668361,-0.011850,0.225000,-0.025065,-0.667996,-0.035956,0.029243,0.011250,0.046346,0.011250,0.223639,0,1
ideal_6d_disc,41.850000,-1.999609,0.039553,-2.969465,0.094701,-1.579324,0.668361,-0.011850,0.225000,-0.017549,-0.668235,-0.035956,0.029243,0.011250,0.046346,0.011250,0.223639,0,1
ideal_6d_disc,41.900000,-1.999927,0.017056,-2.970343,0.061289,-1.568074,0.668361,-0.011850,0.225000,-0.010030,-0.668391,-0.035956,0.029243,0.011250,0.046346,0.011250,0.223639,0,1
ideal_6d_disc,41.950000,-1.999993,-0.005444,-2.970844,0.027869,-1.556824,0.668361,-0.011850,0.225000,-0.002511,-0.668461,-0.035956,0.029243,0.011250,0.046346,0.011250,0.223639,0,1
ideal_6d_disc,42.000000,-1.999805,-0.027943,-2.970970,-0.005554,-1.545574,0.668361,-0.011850,0.225000,0.005010,-0.668447,-0.035956,0.029243,0.011250,0.046346,0.011250,0.223639,0,1
ideal_6d_disc,42.050000,-1.999364,-0.050439,-2.970719,-0.038976,-1.534324,0.668361,-0.011850,0.225000,0.012529,-0.668348,-0.035956,0.029243,0.011250,0.046346,0.011250,0.223639,0,1
ideal_6d_disc,42.100000,-1.998670,-0.072928,-2.970093,-0.072393,-1.523074,0.668361,-0.011850,0.225000,0.020047,-0.668165,-0.035956,0.029243,0.011250,0.046346,0.011250,0.223639,0,1
ideal_6d_disc,42.150000,-1.997723,-0.095408,-2.969090,-0.105802,-1.511824,0.668361,-0.011850,0.225000,0.027563,-0.667897,-0.035956,0.029243,0.011250,0.046346,0.011250,0.223639,0,1
ideal_6d_disc,42.200000,-1.996523,-0.117876,-2.967712,-0.139197,-1.500574,0.668361,-0.011850,0.225000,0.035075,-0.667545,-0.035956,0.029243,0.011250,0.046346,0.011250,0.223639,0,1
ideal_6d_disc,42.250000,-1.995071,-0.140329,-2.965958,-0.172574,-1.489324,0.668361,-0.011850,0.225000,0.042582,-0.667108,-0.035956,0.029243,0.011250,0.046346,0.011250,0.223639,0,1
ideal_6d_disc,42.300000,-1.993366,-0.162764,-2.963829,-0.205929,-1.478074,0.668361,-0.011850,0.225000,0.050084,-0.666587,-0.035956,0.029243,0.011250,0.046346,0.011250,0.223639,0,1
ideal_6d_disc,42.350000,-1.991409,-0.185178,-2.961325,-0.239259,-1.466824,0.668361,-0.011850,0.225000,0.057580,-0.665981,-0.035956,0.029243,0.011250,0.046346,0.011250,0.223639,0,1
ideal_6d_disc,42.400000,-1.989200,-0.207570,-2.958446,-0.272558,-1.455574,0.668361,-0.011850,0.225000,0.065068,-0.665291,-0.035956,0.029243,0.011250,0.046346,0.011250,0.223639,0,1
ideal_6d_disc,42.450000,-1.986739,-0.229935,-2.955193,-0.305822,-1.444324,0.668361,-0.011850,0.225000,0.072549,-0.664517,-0.035956,0.029243,0.011250,0.046346,0.011250,0.223639,0,1
ideal_6d_disc,42.500000,-1.984026,-0.252270,-2.951565,-0.339048,-1.433074,0.668361,-0.011850,0.225000,0.080020,-0.663659,-0.035956,0.029243,0.011250,0.046346,0.011250,0.223639,0,1
ideal_6d_disc,42.550000,-1.981063,-0.274574,-2.947564,-0.372231,-1.421824,0.668361,-0.011850,0.225000,0.087481,-0.662717,-0.035956,0.029243,0.011250,0.046346,0.011250,0.223639,0,1
ideal_6d_disc,42.600000,-1.977848,-0.296843,-2.943190,-0.405367,-1.410574,0.668361,-0.011850,0.225000,0.094931,-0.661691,-0.035956,0.029243,0.011250,0.046346,0.011250,0.223639,0,1
ideal_6d_disc,42.650000,-1.974384,-0.319075,-2.938444,-0.438451,-1.399324,0.668361,-0.011850,0.225000,0.102368,-0.660581,-0.035956,0.029243,0.011250,0.046346,0.011250,0.223639,0,1
ideal_6d_disc,42.700000,-1.970669,-0.341266,-2.933325,-0.471480,-1.388074,0.668361,-0.011850,0.225000,0.109793,-0.659388,-0.035956,0.029243,0.011250,0.046346,0.011250,0.223639,0,1
ideal_6d_disc,42.750000,-1.966705,-0.363414,-2.927836,-0.504450,-1.376824,0.668361,-0.011850,0.225000,0.117204,-0.658111,-0.035956,0.029243,0.011250,0.046346,0.011250,0.223639,0,1
ideal_6d_disc,42.800000,-1.962493,-0.385516,-2.921975,-0.537355,-1.365574,0.668361,-0.011850,0.225000,0.124600,-0.656751,-0.035956,0.029243,0.011250,0.046346,0.011250,0.223639,0,1
ideal_6d_disc,42.850000,-1.958032,-0.407569,-2.915745,-0.570193,-1.354324,0.668361,-0.011850,0.225000,0.131981,-0.655307,-0.035956,0.029243,0.011250,0.046346,0.011250,0.223639,0,1
ideal_6d_disc,42.900000,-1.953323,-0.429571,-2.909146,-0.602958,-1.343074,0.668361,-0.011850,0.225000,0.139345,-0.653781,-0.035956,0.029243,0.011250,0.046346,0.011250,0.223639,0,1
ideal_6d_disc,42.950000,-1.948366,-0.451518,-2.902179,-0.635647,-1.331824,0.668361,-0.011850,0.225000,0.146691,-0.652172,-0.035956,0.029243,0.011250,0.046346,0.011250,0.223639,0,1
ideal_6d_disc,43.000000,-1.943164,-0.473408,-2.894845,-0.668256,-1.320574,0.668361,-0.011850,0.225000,0.154018,-0.650481,-0.035956,0.029243,0.011250,0.046346,0.011250,0.223639,0,1
ideal_6d_disc,43.050000,-1.937715,-0.495238,-2.887144,-0.700780,-1.309324,0.668361,-0.011850,0.225000,0.161326,-0.648707,-0.035956,0.029243,0.011250,0.046346,0.011250,0.223639,0,1
ideal_6d_disc,43.100000,-1.932021,-0.517006,-2.879077,-0.733215,-1.298074,0.668361,-0.011850,0.225000,0.168614,-0.646851,-0.035956,0.029243,0.011250,0.046346,0.011250,0.223639,0,1
ideal_6d_disc,43.150000,-1.926083,-0.538708,-2.870647,-0.765558,-1.286824,0.668361,-0.011850,0.225000,0.175880,-0.644913,-0.035956,0.029243,0.011250,0.046346,0.011250,0.223639,0,1
ideal_6d_disc,43.200000,-1.919900,-0.560342,-2.861853,-0.797803,-1.275574,0.668361,-0.011850,0.225000,0.183124,-0.642894,-0.035956,0.029243,0.011250,0.046346,0.011250,0.223639,0,1
ideal_6d_disc,43.250000,-1.913475,-0.581905,-2.852696,-0.829948,-1.264324,0.668361,-0.011850,0.225000,0.190345,-0.640793,-0.035956,0.029243,0.011250,0.046346,0.011250,0.223639,0,1
ideal_6d_disc,43.300000,-1.906808,-0.603394,-2.843179,-0.861988,-1.253074,0.668361,-0.011850,0.225000,0.197542,-0.638611,-0.035956,0.029243,0.011250,0.046346,0.011250,0.223639,0,1
ideal_6d_disc,43.350000,-1.899899,-0.624807,-2.833302,-0.893918,-1.241824,0.668361,-0.011850,0.225000,0.204713,-0.636348,-0.035956,0.029243,0.011250,0.046346,0.011250,0.223639,0,1
ideal_6d_disc,43.400000,-1.892750,-0.646141,-2.823066,-0.925736,-1.230574,0.668361,-0.011850,0.225000,0.211859,-0.634005,-0.035956,0.029243,0.011250,0.046346,0.011250,0.223639,0,1
ideal_6d_disc,43.450000,-1.885361,-0.667393,-2.812474,-0.957436,-1.219324,0.668361,-0.011850,0.225000,0.218978,-0.631581,-0.035956,0.029243,0.011250,0.046346,0.011250,0.223639,0,1
ideal_6d_disc,43.500000,-1.877734,-0.688560,-2.801525,-0.989015,-1.208074,0.668361,-0.011850,0.225000,0.226069,-0.629078,-0.035956,0.029243,0.011250,0.046346,0.011250,0.223639,0,1
ideal_6d_disc,43.550000,-1.869869,-0.709641,-2.790221,-1.020469,-1.196824,0.668361,-0.011850,0.225000,0.233132,-0.626495,-0.035956,0.029243,0.011250,0.046346,0.011250,0.223639,0,1
ideal_6d_disc,43.600000,-1.861767,-0.730632,-2.778565,-1.051794,-1.185574,0.668361,-0.011850,0.225000,0.240165,-0.623833,-0.035956,0.029243,0.011250,0.046346,0.011250,0.223639,0,1
ideal_6d_disc,43.650000,-1.853430,-0.751530,-2.766556,-1.082985,-1.174324,0.668361,-0.011850,0.225000,0.247168,-0.621091,-0.035956,0.029243,0.011250,0.046346,0.011250,0.223639,0,1
ideal_6d_disc,43.700000,-1.844858,-0.772333,-2.754198,-1.114040,-1.163074,0.668361,-0.011850,0.225000,0.254139,-0.618272,-0.035956,0.029243,0.011250,0.046346,0.011250,0.223639,0,1
ideal_6d_disc,43.750000,-1.836053,-0.793038,-2.741491,-1.144953,-1.151824,0.668361,-0.011850,0.225000,0.261079,-0.615373,-0.035956,0.029243,0.011250,0.046346,0.011250,0.223639,0,1
ideal_6d_disc,43.800000,-1.827015,-0.813643,-2.728437,-1.175722,-1.140574,0.668361,-0.011850,0.225000,0.267985,-0.612397,-0.035956,0.029243,0.011250,0.046346,0.011250,0.223639,0,1
ideal_6d_disc,43.850000,-1.817746,-0.834145,-2.715038,-1.206342,-1.129324,0.668361,-0.011850,0.225000,0.274857,-0.609344,-0.035956,0.029243,0.011250,0.046346,0.011250,0.223639,0,1
ideal_6d_disc,43.900000,-1.808247,-0.854542,-2.701295,-1.236809,-1.118074,0.668361,-0.011850,0.225000,0.281695,-0.606213,-0.035956,0.029243,0.011250,0.046346,0.011250,0.223639,0,1
ideal_6d_disc,43.950000,-1.798520,-0.874830,-2.687210,-1.267120,-1.106824,0.668361,-0.011850,0.225000,0.288497,-0.603006,-0.035956,0.029243,0.011250,0.046346,0.011250,0.223639,0,1
ideal_6d_disc,44.000000,-1.788564,-0.895008,-2.672785,-1.297270,-1.095574,0.668361,-0.011850,0.225000,0.295262,-0.599722,-0.035956,0.029243,0.011250,0.046346,0.011250,0.223639,0,1
ideal_6d_disc,44.050000,-1.778382,-0.915072,-2.658022,-1.327256,-1.084324,0.668361,-0.011850,0.225000,0.301990,-0.596363,-0.035956,0.029243,0.011250,0.046346,0.011250,0.223639,0,1
ideal_6d_disc,44.100000,-1.767975,-0.935020,-2.642923,-1.357074,-1.073074,0.668361,-0.011850,0.225000,0.308680,-0.592928,-0.035956,0.029243,0.011250,0.046346,0.011250,0.223639,0,1
ideal_6d_disc,44.150000,-1.757345,-0.954850,-2.627489,-1.386721,-1.061824,0.668361,-0.011850,0.225000,0.315331,-0.589417,-0.035956,0.029243,0.011250,0.046346,0.011250,0.223639,0,1
ideal_6d_disc,44.200000,-1.746492,-0.974560,-2.611722,-1.416192,-1.050574,0.668361,-0.011850,0.225000,0.321942,-0.585833,-0.035956,0.029243,0.011250,0.046346,0.011250,0.223639,0,1
ideal_6d_disc,44.250000,-1.735418,-0.994146,-2.595625,-1.445483,-1.039324,0.668361,-0.011850,0.225000,0.328512,-0.582174,-0.035956,0.029243,0.011250,0.046346,0.011250,0.223639,0,1
ideal_6d_disc,44.300000,-1.724124,-1.013606,-2.579199,-1.474592,-1.028074,0.668361,-0.011850,0.225000,0.335040,-0.578441,-0.035956,0.029243,0.011250,0.046346,0.011250,0.223639,0,1
ideal_6d_disc,44.350000,-1.712612,-1.032938,-2.562447,-1.503514,-1.016824,0.668361,-0.011850,0.225000,0.341527,-0.574636,-0.035956,0.029243,0.011250,0.046346,0.011250,0.223639,0,1
ideal_6d_disc,44.400000,-1.700883,-1.052139,-2.545371,-1.532246,-1.005574,0.668361,-0.011850,0.225000,0.347969,-0.570757,-0.035956,0.029243,0.011250,0.046346,0.011250,0.223639,0,1
ideal_6d_disc,44.450000,-1.688939,-1.071207,-2.527973,-1.560784,-0.994324,0.668361,-0.011850,0.225000,0.354368,-0.566806,-0.035956,0.029243,0.011250,0.046346,0.011250,0.223639,0,1
ideal_6d_disc,44.500000,-1.676782,-1.090139,-2.510254,-1.589124,-0.983074,0.668361,-0.011850,0.225000,0.360722,-0.562784,-0.035956,0.029243,0.011250,0.046346,0.011250,0.223639,0,1
ideal_6d_disc,44.550000,-1.664412,-1.108933,-2.492218,-1.617263,-0.971824,0.668361,-0.011850,0.225000,0.367031,-0.558690,-0.035956,0.029243,0.011250,0.046346,0.011250,0.223639,0,1
ideal_6d_disc,44.600000,-1.651831,-1.127588,-2.473867,-1.645198,-0.960574,0.668361,-0.011850,0.225000,0.373293,-0.554526,-0.035956,0.029243,0.011250,0.046346,0.011250,0.223639,0,1
ideal_6d_disc,44.650000,-1.639042,-1.146099,-2.455202,-1.672924,-0.949324,0.668361,-0.011850,0.225000,0.379507,-0.550291,-0.035956,0.029243,0.011250,0.046346,0.011250,0.223639,0,1
ideal_6d_disc,44.700000,-1.626045,-1.164465,-2.436227,-1.700439,-0.938074,0.668361,-0.011850,0.225000,0.385674,-0.545987,-0.035956,0.029243,0.011250,0.046346,0.011250,0.223639,0,1
ideal_6d_disc,44.750000,-1.612842,-1.182684,-2.416943,-1.727738,-0.926824,0.668361,-0.011850,0.225000,0.391792,-0.541614,-0.035956,0.029243,0.011250,0.046346,0.011250,0.223639,0,1
ideal_6d_disc,44.800000,-1.599435,-1.200753,-2.397353,-1.754819,-0.915574,0.668361,-0.011850,0.225000,0.397860,-0.537172,-0.035956,0.029243,0.011250,0.046346,0.011250,0.223639,0,1
ideal_6d_disc,44.850000,-1.585825,-1.218671,-2.377460,-1.781677,-0.904324,0.668361,-0.011850,0.225000,0.403878,-0.532662,-0.035956,0.029243,0.011250,0.046346,0.011250,0.223639,0,1
ideal_6d_disc,44.900000,-1.572015,-1.236434,-2.357266,-1.808310,-0.893074,0.668361,-0.011850,0.225000,0.409845,-0.528085,-0.035956,0.029243,0.011250,0.046346,0.011250,0.223639,0,1
ideal_6d_disc,44.950000,-1.558006,-1.254040,-2.336774,-1.834715,-0.881824,0.668361,-0.011850,0.225000,0.415760,-0.523441,-0.035956,0.029243,0.011250,0.046346,0.011250,0.223639,0,1
ideal_6d_disc,45.000000,-1.543800,-1.271488,-2.315986,-1.860887,-0.870574,0.668361,-0.011850,0.225000,0.421622,-0.518731,-0.035956,0.029243,0.011250,0.046346,0.011250,0.223639,0,1
ideal_6d_disc,45.050000,-1.529398,-1.288775,-2.294905,-1.886823,-0.859324,0.668361,-0.011850,0.225000,0.427431,-0.513955,-0.035956,0.029243,0.011250,0.046346,0.011250,0.223639,0,1
ideal_6d_disc,45.100000,-1.514803,-1.305899,-2.273533,-1.912521,-0.848074,0.668361,-0.011850,0.225000,0.433186,-0.509114,-0.035956,0.029243,0.011250,0.046346,0.011250,0.223639,0,1
ideal_6d_disc,45.150000,-1.500016,-1.322857,-2.251874,-1.937977,-0.836824,0.668361,-0.011850,0.225000,0.438886,-0.504208,-0.035956,0.029243,0.011250,0.046346,0.011250,0.223639,0,1
ideal_6d_disc,45.200000,-1.485039,-1.339648,-2.229930,-1.963187,-0.825574,0.668361,-0.011850,0.225000,0.444530,-0.499239,-0.035956,0.029243,0.011250,0.046346,0.011250,0.223639,0,1
ideal_6d_disc,45.250000,-1.469875,-1.356270,-2.207703,-1.988149,-0.814324,0.668361,-0.011850,0.225000,0.450118,-0.494207,-0.035956,0.029243,0.011250,0.046346,0.011250,0.223639,0,1
ideal_6d_disc,45.300000,-1.454524,-1.372720,-2.185198,-2.012859,-0.803074,0.668361,-0.011850,0.225000,0.455649,-0.489112,-0.035956,0.029243,0.011250,0.046346,0.011250,0.223639,0,1
ideal_6d_disc,45.350000,-1.438989,-1.388996,-2.162415,-2.037315,-0.791824,0.668361,-0.011850,0.225000,0.461123,-0.483955,-0.035956,0.029243,0.011250,0.046346,0.011250,0.223639,0,1
ideal_6d_disc,45.400000,-1.423272,-1.405097,-2.139359,-2.061513,-0.780574,0.668361,-0.011850,0.225000,0.466538,-0.478737,-0.035956,0.029243,0.011250,0.046346,0.011250,0.223639,0,1
ideal_6d_disc,45.450000,-1.407375,-1.421019,-2.116032,-2.085449,-0.769324,0.668361,-0.011850,0.225000,0.471894,-0.473458,-0.035956,0.029243,0.011250,0.046346,0.011250,0.223639,0,1
ideal_6d_disc,45.500000,-1.391300,-1.436762,-2.092437,-2.109122,-0.758074,0.668361,-0.011850,0.225000,0.477191,-0.468119,-0.035956,0.029243,0.011250,0.046346,0.011250,0.223639,0,1
ideal_6d_disc,45.550000,-1.375049,-1.452323,-2.068578,-2.132528,-0.746824,0.668361,-0.011850,0.225000,0.482427,-0.462721,-0.035956,0.029243,0.011250,0.046346,0.011250,0.223639,0,1
ideal_6d_disc,45.600000,-1.358623,-1.467700,-2.044456,-2.155664,-0.735574,0.668361,-0.011850,0.225000,0.487602,-0.457265,-0.035956,0.029243,0.011250,0.046346,0.011250,0.223639,0,1
ideal_6d_disc,45.650000,-1.342026,-1.482891,-2.020076,-2.178528,-0.724324,0.668361,-0.011850,0.225000,0.492715,-0.451750,-0.035956,0.029243,0.011250,0.046346,0.011250,0.223639,0,1
ideal_6d_disc,45.700000,-1.325259,-1.497895,-1.995441,-2.201115,-0.713074,0.668361,-0.011850,0.225000,0.497766,-0.446179,-0.035956,0.029243,0.011250,0.046346,0.011250,0.223639,0,1
ideal_6d_disc,45.750000,-1.308324,-1.512709,-1.970552,-2.223424,-0.701824,0.668361,-0.011850,0.225000,0.502754,-0.440551,-0.035956,0.029243,0.011250,0.046346,0.011250,0.223639,0,1
ideal_6d_disc,45.800000,-1.291224,-1.527331,-1.945415,-2.245452,-0.690574,0.668361,-0.011850,0.225000,0.507678,-0.434867,-0.035956,0.029243,0.011250,0.046346,0.011250,0.223639,0,1
ideal_6d_disc,45.850000,-1.273960,-1.541761,-1.920031,-2.267195,-0.679324,0.668361,-0.011850,0.225000,0.512538,-0.429128,-0.035956,0.029243,0.011250,0.046346,0.011250,0.223639,0,1
ideal_6d_disc,45.900000,-1.256535,-1.555995,-1.894404,-2.288651,-0.668074,0.668361,-0.011850,0.225000,0.517333,-0.423335,-0.035956,0.029243,0.011250,0.046346,0.011250,0.223639,0,1
ideal_6d_disc,45.950000,-1.238951,-1.570032,-1.868537,-2.309818,-0.656824,0.668361,-0.011850,0.225000,0.522063,-0.417489,-0.035956,0.029243,0.011250,0.046346,0.011250,0.223639,0,1
ideal_6d_disc,46.000000,-1.221210,-1.583871,-1.842434,-2.330693,-0.645574,0.668361,-0.011850,0.225000,0.526727,-0.411589,-0.035956,0.029243,0.011250,0.046346,0.011250,0.223639,0,1
ideal_6d_disc,46.050000,-1.203315,-1.597509,-1.816098,-2.351272,-0.634324,0.668361,-0.011850,0.225000,0.531324,-0.405638,-0.035956,0.029243,0.011250,0.046346,0.011250,0.223639,0,1
ideal_6d_disc,46.100000,-1.185267,-1.610945,-1.789531,-2.371554,-0.623074,0.668361,-0.011850,0.225000,0.535853,-0.399635,-0.035956,0.029243,0.011250,0.046346,0.011250,0.223639,0,1
ideal_6d_disc,46.150000,-1.167069,-1.624177,-1.762739,-2.391536,-0.611824,0.668361,-0.011850,0.225000,0.540315,-0.393581,-0.035956,0.029243,0.011250,0.046346,0.011250,0.223639,0,1
ideal_6d_disc,46.200000,-1.148724,-1.637203,-1.735723,-2.411215,-0.600574,0.668361,-0.011850,0.225000,0.544709,-0.387478,-0.035956,0.029243,0.011250,0.046346,0.011250,0.223639,0,1
ideal_6d_disc,46.250000,-1.130233,-1.650022,-1.708488,-2.430589,-0.589324,0.668361,-0.011850,0.225000,0.549033,-0.381325,-0.035956,0.029243,0.011250,0.046346,0.011250,0.223639,0,1
ideal_6d_disc,46.300000,-1.111599,-1.662633,-1.681036,-2.449655,-0.578074,0.668361,-0.011850,0.225000,0.553288,-0.375125,-0.035956,0.029243,0.011250,0.046346,0.011250,0.223639,0,1
ideal_6d_disc,46.350000,-1.092824,-1.675033,-1.653372,-2.468411,-0.566824,0.668361,-0.011850,0.225000,0.557473,-0.368877,-0.035956,0.029243,0.011250,0.046346,0.011250,0.223639,0,1
ideal_6d_disc,46.400000,-1.073911,-1.687221,-1.625498,-2.486855,-0.555574,0.668361,-0.011850,0.225000,0.561588,-0.362582,-0.035956,0.029243,0.011250,0.046346,0.011250,0.223639,0,1
ideal_6d_disc,46.450000,-1.054863,-1.699195,-1.597418,-2.504984,-0.544324,0.668361,-0.011850,0.225000,0.565631,-0.356241,-0.035956,0.029243,0.011250,0.046346,0.011250,0.223639,0,1
ideal_6d_disc,46.500000,-1.035680,-1.710955,-1.569137,-2.522796,-0.533074,0.668361,-0.011850,0.225000,0.569603,-0.349855,-0.035956,0.029243,0.011250,0.046346,0.011250,0.223639,0,1
ideal_6d_disc,46.550000,-1.016367,-1.722498,-1.540657,-2.540289,-0.521824,0.668361,-0.011850,0.225000,0.573503,-0.343425,-0.035956,0.029243,0.011250,0.046346,0.011250,0.223639,0,1
ideal_6d_disc,46.600000,-0.996925,-1.733823,-1.511982,-2.557460,-0.510574,0.668361,-0.011850,0.225000,0.577330,-0.336952,-0.035956,0.029243,0.011250,0.046346,0.011250,0.223639,0,1
ideal_6d_disc,46.650000,-0.977357,-1.744928,-1.483115,-2.574308,-0.499324,0.668361,-0.011850,0.225000,0.581084,-0.330436,-0.035956,0.029243,0.011250,0.046346,0.011250,0.223639,0,1
ideal_6d_disc,46.700000,-0.957665,-1.755813,-1.454061,-2.590830,-0.488074,0.668361,-0.011850,0.225000,0.584765,-0.323878,-0.035956,0.029243,0.011250,0.046346,0.011250,0.223639,0,1
ideal_6d_disc,46.750000,-0.937852,-1.766475,-1.424823,-2.607023,-0.476824,0.668361,-0.011850,0.225000,0.588371,-0.317279,-0.035956,0.029243,0.011250,0.046346,0.011250,0.223639,0,1
ideal_6d_disc,46.800000,-0.917920,-1.776914,-1.395404,-2.622887,-0.465574,0.668361,-0.011850,0.225000,0.591903,-0.310640,-0.035956,0.029243,0.011250,0.046346,0.011250,0.223639,0,1
ideal_6d_disc,46.850000,-0.897872,-1.787128,-1.365809,-2.638419,-0.454324,0.668361,-0.011850,0.225000,0.595360,-0.303961,-0.035956,0.029243,0.011250,0.046346,0.011250,0.223639,0,1
ideal_6d_disc,46.900000,-0.877710,-1.797116,-1.336041,-2.653617,-0.443074,0.668361,-0.011850,0.225000,0.598742,-0.297244,-0.035956,0.029243,0.011250,0.046346,0.011250,0.223639,0,1
ideal_6d_disc,46.950000,-0.857438,-1.806876,-1.306104,-2.668480,-0.431824,0.668361,-0.011850,0.225000,0.602048,-0.290490,-0.035956,0.029243,0.011250,0.046346,0.011250,0.223639,0,1
ideal_6d_disc,47.000000,-0.837057,-1.816407,-1.276001,-2.683004,-0.420574,0.668361,-0.011850,0.225000,0.605278,-0.283699,-0.035956,0.029243,0.011250,0.046346,0.011250,0.223639,0,1
ideal_6d_disc,47.050000,-0.816570,-1.825709,-1.245738,-2.697189,-0.409324,0.668361,-0.011850,0.225000,0.608431,-0.276871,-0.035956,0.029243,0.011250,0.046346,0.011250,0.223639,0,1
ideal_6d_disc,47.100000,-0.795979,-1.834780,-1.215316,-2.711033,-0.398074,0.668361,-0.011850,0.225000,0.611508,-0.270009,-0.035956,0.029243,0.011250,0.046346,0.011250,0.223639,0,1
ideal_6d_disc,47.150000,-0.775288,-1.843618,-1.184741,-2.724533,-0.386824,0.668361,-0.011850,0.225000,0.614506,-0.263113,-0.035956,0.029243,0.011250,0.046346,0.011250,0.223639,0,1
ideal_6d_disc,47.200000,-0.754499,-1.852224,-1.154015,-2.737689,-0.375574,0.668361,-0.011850,0.225000,0.617428,-0.256183,-0.035956,0.029243,0.011250,0.046346,0.011250,0.223639,0,1
ideal_6d_disc,47.250000,-0.733614,-1.860594,-1.123144,-2.750498,-0.364324,0.668361,-0.011850,0.225000,0.620270,-0.249221,-0.035956,0.029243,0.011250,0.046346,0.011250,0.223639,0,1
ideal_6d_disc,47.300000,-0.712636,-1.868729,-1.092130,-2.762959,-0.353074,0.668361,-0.011850,0.225000,0.623035,-0.242227,-0.035956,0.029243,0.011250,0.046346,0.011250,0.223639,0,1
ideal_6d_disc,47.350000,-0.691568,-1.876628,-1.060979,-2.775070,-0.341824,0.668361,-0.011850,0.225000,0.625720,-0.235203,-0.035956,0.029243,0.011250,0.046346,0.011250,0.223639,0,1
ideal_6d_disc,47.400000,-0.670413,-1.884289,-1.029693,-2.786830,-0.330574,0.668361,-0.011850,0.225000,0.628327,-0.228149,-0.035956,0.029243,0.011250,0.046346,0.011250,0.223639,0,1
ideal_6d_disc,47.450000,-0.649173,-1.891712,-0.998276,-2.798238,-0.319324,0.668361,-0.011850,0.225000,0.630854,-0.221066,-0.035956,0.029243,0.011250,0.046346,0.011250,0.223639,0,1
ideal_6d_disc,47.500000,-0.627850,-1.898896,-0.966734,-2.809291,-0.308074,0.668361,-0.011850,0.225000,0.633301,-0.213955,-0.035956,0.029243,0.011250,0.046346,0.011250,0.223639,0,1
ideal_6d_disc,47.550000,-0.606448,-1.905839,-0.935069,-2.819989,-0.296824,0.668361,-0.011850,0.225000,0.635668,-0.206817,-0.035956,0.029243,0.011250,0.046346,0.011250,0.223639,0,1
ideal_6d_disc,47.600000,-0.584970,-1.912540,-0.903285,-2.830330,-0.285574,0.668361,-0.011850,0.225000,0.637954,-0.199653,-0.035956,0.029243,0.011250,0.046346,0.011250,0.223639,0,1
ideal_6d_disc,47.650000,-0.563417,-1.919000,-0.871387,-2.840312,-0.274324,0.668361,-0.011850,0.225000,0.640160,-0.192463,-0.035956,0.029243,0.011250,0.046346,0.011250,0.223639,0,1
ideal_6d_disc,47.700000,-0.541793,-1.925217,-0.839379,-2.849936,-0.263074,0.668361,-0.011850,0.225000,0.642284,-0.185249,-0.035956,0.029243,0.011250,0.046346,0.011250,0.223639,0,1
ideal_6d_disc,47.750000,-0.520101,-1.931190,-0.807265,-2.859198,-0.251824,0.668361,-0.011850,0.225000,0.644328,-0.178012,-0.035956,0.029243,0.011250,0.046346,0.011250,0.223639,0,1
ideal_6d_disc,47.800000,-0.498342,-1.936919,-0.775049,-2.868099,-0.240574,0.668361,-0.011850,0.225000,0.646290,-0.170752,-0.035956,0.029243,0.011250,0.046346,0.011250,0.223639,0,1
ideal_6d_disc,47.850000,-0.476521,-1.942403,-0.742734,-2.876636,-0.229324,0.668361,-0.011850,0.225000,0.648170,-0.163471,-0.035956,0.029243,0.011250,0.046346,0.011250,0.223639,0,1
ideal_6d_disc,47.900000,-0.454639,-1.947640,-0.710326,-2.884810,-0.218074,0.668361,-0.011850,0.225000,0.649968,-0.156169,-0.035956,0.029243,0.011250,0.046346,0.011250,0.223639,0,1
ideal_6d_disc,47.950000,-0.432700,-1.952632,-0.677828,-2.892618,-0.206824,0.668361,-0.011850,0.225000,0.651683,-0.148847,-0.035956,0.029243,0.011250,0.046346,0.011250,0.223639,0,1
ideal_6d_disc,48.000000,-0.410706,-1.957376,-0.645243,-2.900061,-0.195574,0.668361,-0.011850,0.225000,0.653317,-0.141506,-0.035956,0.029243,0.011250,0.046346,0.011250,0.223639,0,1
ideal_6d_disc,48.050000,-0.388660,-1.961872,-0.612578,-2.907136,-0.184324,0.668361,-0.011850,0.225000,0.654867,-0.134148,-0.035956,0.029243,0.011250,0.046346,0.011250,0.223639,0,1
ideal_6d_disc,48.100000,-0.366565,-1.966121,-0.579834,-2.913843,-0.173074,0.668361,-0.011850,0.225000,0.656335,-0.126772,-0.035956,0.029243,0.011250,0.046346,0.011250,0.223639,0,1
ideal_6d_disc,48.150000,-0.344423,-1.970120,-0.547017,-2.920182,-0.161824,0.668361,-0.011850,0.225000,0.657719,-0.119381,-0.035956,0.029243,0.011250,0.046346,0.011250,0.223639,0,1
ideal_6d_disc,48.200000,-0.322238,-1.973870,-0.514131,-2.926151,-0.150574,0.668361,-0.011850,0.225000,0.659021,-0.111974,-0.035956,0.029243,0.011250,0.046346,0.011250,0.223639,0,1
ideal_6d_disc,48.250000,-0.300012,-1.977370,-0.481180,-2.931750,-0.139324,0.668361,-0.011850,0.225000,0.660239,-0.104553,-0.035956,0.029243,0.011250,0.046346,0.011250,0.223639,0,1
ideal_6d_disc,48.300000,-0.277748,-1.980620,-0.448169,-2.936977,-0.128074,0.668361,-0.011850,0.225000,0.661373,-0.097119,-0.035956,0.029243,0.011250,0.046346,0.011250,0.223639,0,1
ideal_6d_disc,48.350000,-0.255449,-1.983619,-0.415100,-2.941833,-0.116824,0.668361,-0.011850,0.225000,0.662424,-0.089672,-0.035956,0.029243,0.011250,0.046346,0.011250,0.223639,0,1
ideal_6d_disc,48.400000,-0.233117,-1.986368,-0.381979,-2.946317,-0.105574,0.668361,-0.011850,0.225000,0.663391,-0.082214,-0.035956,0.029243,0.011250,0.046346,0.011250,0.223639,0,1
ideal_6d_disc,48.450000,-0.210757,-1.988864,-0.348809,-2.950428,-0.094324,0.668361,-0.011850,0.225000,0.664274,-0.074746,-0.035956,0.029243,0.011250,0.046346,0.011250,0.223639,0,1
ideal_6d_disc,48.500000,-0.188369,-1.991110,-0.315595,-2.954165,-0.083074,0.668361,-0.011850,0.225000,0.665073,-0.067269,-0.035956,0.029243,0.011250,0.046346,0.011250,0.223639,0,1
ideal_6d_disc,48.550000,-0.165958,-1.993103,-0.282342,-2.957528,-0.071824,0.668361,-0.011850,0.225000,0.665787,-0.059782,-0.035956,0.029243,0.011250,0.046346,0.011250,0.223639,0,1
ideal_6d_disc,48.600000,-0.143525,-1.994843,-0.249052,-2.960517,-0.060574,0.668361,-0.011850,0.225000,0.666418,-0.052289,-0.035956,0.029243,0.011250,0.046346,0.011250,0.223639,0,1
ideal_6d_disc,48.650000,-0.121075,-1.996332,-0.215732,-2.963132,-0.049324,0.668361,-0.011850,0.225000,0.666964,-0.044788,-0.035956,0.029243,0.011250,0.046346,0.011250,0.223639,0,1
ideal_6d_disc,48.700000,-0.098609,-1.997568,-0.182383,-2.965371,-0.038074,0.668361,-0.011850,0.225000,0.667425,-0.037282,-0.035956,0.029243,0.011250,0.046346,0.011250,0.223639,0,1
ideal_6d_disc,48.750000,-0.076130,-1.998551,-0.149012,-2.967235,-0.026824,0.668361,-0.011850,0.225000,0.667802,-0.029772,-0.035956,0.029243,0.011250,0.046346,0.011250,0.223639,0,1
ideal_6d_disc,48.800000,-0.053642,-1.999281,-0.115622,-2.968724,-0.015574,0.668361,-0.011850,0.225000,0.668095,-0.022257,-0.035956,0.029243,0.011250,0.046346,0.011250,0.223639,0,1
ideal_6d_disc,48.850000,-0.031147,-1.999757,-0.082217,-2.969837,-0.004324,0.668361,-0.011850,0.225000,0.668303,-0.014740,-0.035956,0.029243,0.011250,0.046346,0.011250,0.223639,0,1
ideal_6d_disc,48.900000,-0.008649,-1.999981,-0.048802,-2.970574,0.006926,0.668361,-0.011850,0.225000,0.668427,-0.007221,-0.035956,0.029243,0.011250,0.046346,0.011250,0.223639,0,1
ideal_6d_disc,48.950000,0.013851,-1.999952,-0.015381,-2.970935,0.018176,0.668361,-0.011850,0.225000,0.668466,0.000299,-0.035956,0.029243,0.011250,0.046346,0.011250,0.223639,0,1
ideal_6d_disc,49.000000,0.036349,-1.999670,0.018043,-2.970920,0.029426,0.668361,-0.011850,0.225000,0.668420,0.007820,-0.035956,0.029243,0.011250,0.046346,0.011250,0.223639,0,1
ideal_6d_disc,49.050000,0.058843,-1.999134,0.051464,-2.970529,0.040676,0.668361,-0.011850,0.225000,0.668290,0.015339,-0.035956,0.029243,0.011250,0.046346,0.011250,0.223639,0,1
ideal_6d_disc,49.100000,0.081329,-1.998346,0.084878,-2.969762,0.051926,0.668361,-0.011850,0.225000,0.668075,0.022856,-0.035956,0.029243,0.011250,0.046346,0.011250,0.223639,0,1
ideal_6d_disc,49.150000,0.103805,-1.997304,0.118282,-2.968619,0.063176,0.668361,-0.011850,0.225000,0.667776,0.030370,-0.035956,0.029243,0.011250,0.046346,0.011250,0.223639,0,1
ideal_6d_disc,49.200000,0.126267,-1.996010,0.151671,-2.967101,0.074426,0.668361,-0.011850,0.225000,0.667392,0.037880,-0.035956,0.029243,0.011250,0.046346,0.011250,0.223639,0,1
ideal_6d_disc,49.250000,0.148714,-1.994463,0.185040,-2.965207,0.085676,0.668361,-0.011850,0.225000,0.666923,0.045386,-0.035956,0.029243,0.011250,0.046346,0.011250,0.223639,0,1
ideal_6d_disc,49.300000,0.171142,-1.992664,0.218386,-2.962937,0.096926,0.668361,-0.011850,0.225000,0.666370,0.052886,-0.035956,0.029243,0.011250,0.046346,0.011250,0.223639,0,1
ideal_6d_disc,49.350000,0.193548,-1.990613,0.251705,-2.960293,0.108176,0.668361,-0.011850,0.225000,0.665733,0.060379,-0.035956,0.029243,0.011250,0.046346,0.011250,0.223639,0,1
ideal_6d_disc,49.400000,0.215930,-1.988309,0.284991,-2.957274,0.119426,0.668361,-0.011850,0.225000,0.665012,0.067864,-0.035956,0.029243,0.011250,0.046346,0.011250,0.223639,0,1
ideal_6d_disc,49.450000,0.238284,-1.985754,0.318242,-2.953881,0.130676,0.668361,-0.011850,0.225000,0.664206,0.075341,-0.035956,0.029243,0.011250,0.046346,0.011250,0.223639,0,1
ideal_6d_disc,49.500000,0.260608,-1.982948,0.351452,-2.950114,0.141926,0.668361,-0.011850,0.225000,0.663317,0.082809,-0.035956,0.029243,0.011250,0.046346,0.011250,0.223639,0,1
ideal_6d_disc,49.550000,0.282899,-1.979891,0.384618,-2.945973,0.153176,0.668361,-0.011850,0.225000,0.662343,0.090266,-0.035956,0.029243,0.011250,0.046346,0.011250,0.223639,0,1
ideal_6d_disc,49.600000,0.305155,-1.976583,0.417735,-2.941460,0.164426,0.668361,-0.011850,0.225000,0.661286,0.097711,-0.035956,0.029243,0.011250,0.046346,0.011250,0.223639,0,1
ideal_6d_disc,49.650000,0.327372,-1.973025,0.450800,-2.936575,0.175676,0.668361,-0.011850,0.225000,0.660145,0.105144,-0.035956,0.029243,0.011250,0.046346,0.011250,0.223639,0,1
ideal_6d_disc,49.700000,0.349547,-1.969217,0.483807,-2.931317,0.186926,0.668361,-0.011850,0.225000,0.658920,0.112564,-0.035956,0.029243,0.011250,0.046346,0.011250,0.223639,0,1
ideal_6d_disc,49.750000,0.371678,-1.965160,0.516753,-2.925689,0.198176,0.668361,-0.011850,0.225000,0.657612,0.119970,-0.035956,0.029243,0.011250,0.046346,0.011250,0.223639,0,1
ideal_6d_disc,49.800000,0.393762,-1.960855,0.549634,-2.919691,0.209426,0.668361,-0.011850,0.225000,0.656221,0.127360,-0.035956,0.029243,0.011250,0.046346,0.011250,0.223639,0,1
ideal_6d_disc,49.850000,0.415796,-1.956301,0.582445,-2.913323,0.220676,0.668361,-0.011850,0.225000,0.654747,0.134734,-0.035956,0.029243,0.011250,0.046346,0.011250,0.223639,0,1
ideal_6d_disc,49.900000,0.437778,-1.951500,0.615182,-2.906586,0.231926,0.668361,-0.011850,0.225000,0.653189,0.142092,-0.035956,0.029243,0.011250,0.046346,0.011250,0.223639,0,1
ideal_6d_disc,49.950000,0.459704,-1.946451,0.647841,-2.899481,0.243176,0.668361,-0.011850,0.225000,0.651550,0.149431,-0.035956,0.029243,0.011250,0.046346,0.011250,0.223639,0,1
ideal_6d_disc,50.000000,0.481572,-1.941156,0.680419,-2.892010,0.254426,0.668361,-0.011850,0.225000,0.649827,0.156751,-0.035956,0.029243,0.011250,0.046346,0.011250,0.223639,0,1
ideal_6d_disc,50.050000,0.503379,-1.935616,0.712910,-2.884172,0.265676,0.668361,-0.011850,0.225000,0.648023,0.164052,-0.035956,0.029243,0.011250,0.046346,0.011250,0.223639,0,1
ideal_6d_disc,50.100000,0.525123,-1.929831,0.745311,-2.875970,0.276926,0.668361,-0.011850,0.225000,0.646136,0.171331,-0.035956,0.029243,0.011250,0.046346,0.011250,0.223639,0,1
ideal_6d_disc,50.150000,0.546800,-1.923801,0.777618,-2.867403,0.288176,0.668361,-0.011850,0.225000,0.644168,0.178589,-0.035956,0.029243,0.011250,0.046346,0.011250,0.223639,0,1
ideal_6d_disc,50.200000,0.568407,-1.917528,0.809827,-2.858474,0.299426,0.668361,-0.011850,0.225000,0.642118,0.185825,-0.035956,0.029243,0.011250,0.046346,0.011250,0.223639,0,1
ideal_6d_disc,50.250000,0.589943,-1.911012,0.841933,-2.849182,0.310676,0.668361,-0.011850,0.225000,0.639987,0.193037,-0.035956,0.029243,0.011250,0.046346,0.011250,0.223639,0,1
ideal_6d_disc,50.300000,0.611404,-1.904254,0.873932,-2.839531,0.321926,0.668361,-0.011850,0.225000,0.637775,0.200224,-0.035956,0.029243,0.011250,0.046346,0.011250,0.223639,0,1
ideal_6d_disc,50.350000,0.632788,-1.897256,0.905821,-2.829519,0.333176,0.668361,-0.011850,0.225000,0.635482,0.207386,-0.035956,0.029243,0.011250,0.046346,0.011250,0.223639,0,1
ideal_6d_disc,50.400000,0.654091,-1.890017,0.937595,-2.819150,0.344426,0.668361,-0.011850,0.225000,0.633109,0.214522,-0.035956,0.029243,0.011250,0.046346,0.011250,0.223639,0,1
ideal_6d_disc,50.450000,0.675312,-1.882539,0.969250,-2.808424,0.355676,0.668361,-0.011850,0.225000,0.630655,0.221631,-0.035956,0.029243,0.011250,0.046346,0.011250,0.223639,0,1
ideal_6d_disc,50.500000,0.696448,-1.874823,1.000783,-2.797342,0.366926,0.668361,-0.011850,0.225000,0.628122,0.228712,-0.035956,0.029243,0.011250,0.046346,0.011250,0.223639,0,1
ideal_6d_disc,50.550000,0.717495,-1.866869,1.032189,-2.785907,0.378176,0.668361,-0.011850,0.225000,0.625509,0.235764,-0.035956,0.029243,0.011250,0.046346,0.011250,0.223639,0,1
ideal_6d_disc,50.600000,0.738451,-1.858680,1.063465,-2.774119,0.389426,0.668361,-0.011850,0.225000,0.622818,0.242785,-0.035956,0.029243,0.011250,0.046346,0.011250,0.223639,0,1
ideal_6d_disc,50.650000,0.759314,-1.850254,1.094605,-2.761979,0.400676,0.668361,-0.011850,0.225000,0.620047,0.249777,-0.035956,0.029243,0.011250,0.046346,0.011250,0.223639,0,1
ideal_6d_disc,50.700000,0.780081,-1.841595,1.125608,-2.749491,0.411926,0.668361,-0.011850,0.225000,0.617198,0.256736,-0.035956,0.029243,0.011250,0.046346,0.011250,0.223639,0,1
ideal_6d_disc,50.750000,0.800749,-1.832703,1.156468,-2.736654,0.423176,0.668361,-0.011850,0.225000,0.614270,0.263663,-0.035956,0.029243,0.011250,0.046346,0.011250,0.223639,0,1
ideal_6d_disc,50.800000,0.821316,-1.823579,1.187181,-2.723471,0.434426,0.668361,-0.011850,0.225000,0.611265,0.270557,-0.035956,0.029243,0.011250,0.046346,0.011250,0.223639,0,1
ideal_6d_disc,50.850000,0.841779,-1.814224,1.217744,-2.709943,0.445676,0.668361,-0.011850,0.225000,0.608183,0.277416,-0.035956,0.029243,0.011250,0.046346,0.011250,0.223639,0,1
ideal_6d_disc,50.900000,0.862135,-1.804639,1.248154,-2.696072,0.456926,0.668361,-0.011850,0.225000,0.605024,0.284241,-0.035956,0.029243,0.011250,0.046346,0.011250,0.223639,0,1
ideal_6d_disc,50.950000,0.882383,-1.794826,1.278405,-2.681860,0.468176,0.668361,-0.011850,0.225000,0.601788,0.291029,-0.035956,0.029243,0.011250,0.046346,0.011250,0.223639,0,1
ideal_6d_disc,51.000000,0.902518,-1.784786,1.308494,-2.667308,0.479426,0.668361,-0.011850,0.225000,0.598476,0.297781,-0.035956,0.029243,0.011250,0.046346,0.011250,0.223639,0,1
ideal_6d_disc,51.050000,0.922539,-1.774520,1.338418,-2.652419,0.490676,0.668361,-0.011850,0.225000,0.595088,0.304495,-0.035956,0.029243,0.011250,0.046346,0.011250,0.223639,0,1
ideal_6d_disc,51.100000,0.942444,-1.764029,1.368172,-2.637195,0.501926,0.668361,-0.011850,0.225000,0.591625,0.311170,-0.035956,0.029243,0.011250,0.046346,0.011250,0.223639,0,1
ideal_6d_disc,51.150000,0.962229,-1.753315,1.397754,-2.621636,0.513176,0.668361,-0.011850,0.225000,0.588087,0.317806,-0.035956,0.029243,0.011250,0.046346,0.011250,0.223639,0,1
ideal_6d_disc,51.200000,0.981893,-1.742380,1.427158,-2.605746,0.524426,0.668361,-0.011850,0.225000,0.584474,0.324402,-0.035956,0.029243,0.011250,0.046346,0.011250,0.223639,0,1
ideal_6d_disc,51.250000,1.001432,-1.731223,1.456382,-2.589526,0.535676,0.668361,-0.011850,0.225000,0.580788,0.330956,-0.035956,0.029243,0.011250,0.046346,0.011250,0.223639,0,1
ideal_6d_disc,51.300000,1.020844,-1.719848,1.485421,-2.572978,0.546926,0.668361,-0.011850,0.225000,0.577028,0.337469,-0.035956,0.029243,0.011250,0.046346,0.011250,0.223639,0,1
ideal_6d_disc,51.350000,1.040128,-1.708255,1.514272,-2.556104,0.558176,0.668361,-0.011850,0.225000,0.573195,0.343939,-0.035956,0.029243,0.011250,0.046346,0.011250,0.223639,0,1
ideal_6d_disc,51.400000,1.059279,-1.696445,1.542932,-2.538908,0.569426,0.668361,-0.011850,0.225000,0.569289,0.350366,-0.035956,0.029243,0.011250,0.046346,0.011250,0.223639,0,1
ideal_6d_disc,51.450000,1.078297,-1.684421,1.571397,-2.521389,0.580676,0.668361,-0.011850,0.225000,0.565312,0.356748,-0.035956,0.029243,0.011250,0.046346,0.011250,0.223639,0,1
ideal_6d_disc,51.500000,1.097178,-1.672184,1.599662,-2.503552,0.591926,0.668361,-0.011850,0.225000,0.561263,0.363085,-0.035956,0.029243,0.011250,0.046346,0.011250,0.223639,0,1
ideal_6d_disc,51.550000,1.115920,-1.659735,1.627725,-2.485398,0.603176,0.668361,-0.011850,0.225000,0.557143,0.369376,-0.035956,0.029243,0.011250,0.046346,0.011250,0.223639,0,1
ideal_6d_disc,51.600000,1.134521,-1.647077,1.655582,-2.466929,0.614426,0.668361,-0.011850,0.225000,0.552952,0.375620,-0.035956,0.029243,0.011250,0.046346,0.011250,0.223639,0,1
ideal_6d_disc,51.650000,1.152979,-1.634209,1.683230,-2.448148,0.625676,0.668361,-0.011850,0.225000,0.548691,0.381817,-0.035956,0.029243,0.011250,0.046346,0.011250,0.223639,0,1
ideal_6d_disc,51.700000,1.171290,-1.621135,1.710665,-2.429057,0.636926,0.668361,-0.011850,0.225000,0.544361,0.387966,-0.035956,0.029243,0.011250,0.046346,0.011250,0.223639,0,1
ideal_6d_disc,51.750000,1.189454,-1.607856,1.737883,-2.409659,0.648176,0.668361,-0.011850,0.225000,0.539962,0.394065,-0.035956,0.029243,0.011250,0.046346,0.011250,0.223639,0,1
ideal_6d_disc,51.800000,1.207466,-1.594373,1.764881,-2.389955,0.659426,0.668361,-0.011850,0.225000,0.535495,0.400115,-0.035956,0.029243,0.011250,0.046346,0.011250,0.223639,0,1
ideal_6d_disc,51.850000,1.225326,-1.580688,1.791656,-2.369950,0.670676,0.668361,-0.011850,0.225000,0.530960,0.406113,-0.035956,0.029243,0.011250,0.046346,0.011250,0.223639,0,1
ideal_6d_disc,51.900000,1.243031,-1.566804,1.818204,-2.349644,0.681926,0.668361,-0.011850,0.225000,0.526358,0.412061,-0.035956,0.029243,0.011250,0.046346,0.011250,0.223639,0,1
ideal_6d_disc,51.950000,1.260578,-1.552721,1.844521,-2.329041,0.693176,0.668361,-0.011850,0.225000,0.521689,0.417956,-0.035956,0.029243,0.011250,0.046346,0.011250,0.223639,0,1
ideal_6d_disc,52.000000,1.277966,-1.538441,1.870606,-2.308143,0.704426,0.668361,-0.011850,0.225000,0.516954,0.423799,-0.035956,0.029243,0.011250,0.046346,0.011250,0.223639,0,1
ideal_6d_disc,52.050000,1.295193,-1.523967,1.896454,-2.286953,0.715676,0.668361,-0.011850,0.225000,0.512153,0.429587,-0.035956,0.029243,0.011250,0.046346,0.011250,0.223639,0,1
ideal_6d_disc,52.100000,1.312255,-1.509300,1.922061,-2.265474,0.726926,0.668361,-0.011850,0.225000,0.507288,0.435322,-0.035956,0.029243,0.011250,0.046346,0.011250,0.223639,0,1
ideal_6d_disc,52.150000,1.329151,-1.494442,1.947426,-2.243708,0.738176,0.668361,-0.011850,0.225000,0.502359,0.441001,-0.035956,0.029243,0.011250,0.046346,0.011250,0.223639,0,1
ideal_6d_disc,52.200000,1.345879,-1.479395,1.972544,-2.221658,0.749426,0.668361,-0.011850,0.225000,0.497366,0.446625,-0.035956,0.029243,0.011250,0.046346,0.011250,0.223639,0,1
ideal_6d_disc,52.250000,1.362437,-1.464160,1.997412,-2.199326,0.760676,0.668361,-0.011850,0.225000,0.492310,0.452192,-0.035956,0.029243,0.011250,0.046346,0.011250,0.223639,0,1
ideal_6d_disc,52.300000,1.378822,-1.448741,2.022027,-2.176717,0.771926,0.668361,-0.011850,0.225000,0.487192,0.457701,-0.035956,0.029243,0.011250,0.046346,0.011250,0.223639,0,1
ideal_6d_disc,52.350000,1.395033,-1.433138,2.046387,-2.153832,0.783176,0.668361,-0.011850,0.225000,0.482012,0.463153,-0.035956,0.029243,0.011250,0.046346,0.011250,0.223639,0,1
ideal_6d_disc,52.400000,1.411067,-1.417353,2.070488,-2.130674,0.794426,0.668361,-0.011850,0.225000,0.476771,0.468546,-0.035956,0.029243,0.011250,0.046346,0.011250,0.223639,0,1
ideal_6d_disc,52.450000,1.426923,-1.401389,2.094326,-2.107247,0.805676,0.668361,-0.011850,0.225000,0.471470,0.473880,-0.035956,0.029243,0.011250,0.046346,0.011250,0.223639,0,1
ideal_6d_disc,52.500000,1.442598,-1.385248,2.117900,-2.083553,0.816926,0.668361,-0.011850,0.225000,0.466109,0.479154,-0.035956,0.029243,0.011250,0.046346,0.011250,0.223639,0,1
ideal_6d_disc,52.550000,1.458090,-1.368931,2.141205,-2.059595,0.828176,0.668361,-0.011850,0.225000,0.460689,0.484368,-0.035956,0.029243,0.011250,0.046346,0.011250,0.223639,0,1
ideal_6d_disc,52.600000,1.473398,-1.352442,2.164240,-2.035377,0.839426,0.668361,-0.011850,0.225000,0.455211,0.489520,-0.035956,0.029243,0.011250,0.046346,0.011250,0.223639,0,1
ideal_6d_disc,52.650000,1.488519,-1.335781,2.187000,-2.010901,0.850676,0.668361,-0.011850,0.225000,0.449675,0.494610,-0.035956,0.029243,0.011250,0.046346,0.011250,0.223639,0,1
ideal_6d_disc,52.700000,1.503452,-1.318951,2.209484,-1.986170,0.861926,0.668361,-0.011850,0.225000,0.444083,0.499637,-0.035956,0.029243,0.011250,0.046346,0.011250,0.223639,0,1
ideal_6d_disc,52.750000,1.518195,-1.301954,2.231688,-1.961188,0.873176,0.668361,-0.011850,0.225000,0.438434,0.504601,-0.035956,0.029243,0.011250,0.046346,0.011250,0.223639,0,1
ideal_6d_disc,52.800000,1.532746,-1.284792,2.253610,-1.935958,0.884426,0.668361,-0.011850,0.225000,0.432729,0.509502,-0.035956,0.029243,0.011250,0.046346,0.011250,0.223639,0,1
ideal_6d_disc,52.850000,1.547102,-1.267468,2.275246,-1.910483,0.895676,0.668361,-0.011850,0.225000,0.426970,0.514338,-0.035956,0.029243,0.011250,0.046346,0.011250,0.223639,0,1
ideal_6d_disc,52.900000,1.561263,-1.249983,2.296595,-1.884766,0.906926,0.668361,-0.011850,0.225000,0.421157,0.519108,-0.035956,0.029243,0.011250,0.046346,0.011250,0.223639,0,1
ideal_6d_disc,52.950000,1.575226,-1.232340,2.317652,-1.858811,0.918176,0.668361,-0.011850,0.225000,0.415290,0.523813,-0.035956,0.029243,0.011250,0.046346,0.011250,0.223639,0,1
ideal_6d_disc,53.000000,1.588990,-1.214541,2.338417,-1.832620,0.929426,0.668361,-0.011850,0.225000,0.409371,0.528452,-0.035956,0.029243,0.011250,0.046346,0.011250,0.223639,0,1
ideal_6d_disc,53.050000,1.602553,-1.196588,2.358886,-1.806198,0.940676,0.668361,-0.011850,0.225000,0.403400,0.533024,-0.035956,0.029243,0.011250,0.046346,0.011250,0.223639,0,1
ideal_6d_disc,53.100000,1.615913,-1.178484,2.379056,-1.779546,0.951926,0.668361,-0.011850,0.225000,0.397379,0.537528,-0.035956,0.029243,0.011250,0.046346,0.011250,0.223639,0,1
ideal_6d_disc,53.150000,1.629068,-1.160231,2.398924,-1.752670,0.963176,0.668361,-0.011850,0.225000,0.391306,0.541965,-0.035956,0.029243,0.011250,0.046346,0.011250,0.223639,0,1
ideal_6d_disc,53.200000,1.642018,-1.141831,2.418490,-1.725572,0.974426,0.668361,-0.011850,0.225000,0.385185,0.546333,-0.035956,0.029243,0.011250,0.046346,0.011250,0.223639,0,1
ideal_6d_disc,53.250000,1.654759,-1.123287,2.437749,-1.698255,0.985676,0.668361,-0.011850,0.225000,0.379014,0.550631,-0.035956,0.029243,0.011250,0.046346,0.011250,0.223639,0,1
ideal_6d_disc,53.300000,1.667291,-1.104600,2.456700,-1.670724,0.996926,0.668361,-0.011850,0.225000,0.372796,0.554860,-0.035956,0.029243,0.011250,0.046346,0.011250,0.223639,0,1
ideal_6d_disc,53.350000,1.679612,-1.085773,2.475340,-1.642981,1.008176,0.668361,-0.011850,0.225000,0.366530,0.559019,-0.035956,0.029243,0.011250,0.046346,0.011250,0.223639,0,1
ideal_6d_disc,53.400000,1.691720,-1.066809,2.493666,-1.615030,1.019426,0.668361,-0.011850,0.225000,0.360218,0.563107,-0.035956,0.029243,0.011250,0.046346,0.011250,0.223639,0,1
ideal_6d_disc,53.450000,1.703615,-1.047710,2.511677,-1.586874,1.030676,0.668361,-0.011850,0.225000,0.353860,0.567124,-0.035956,0.029243,0.011250,0.046346,0.011250,0.223639,0,1
ideal_6d_disc,53.500000,1.715293,-1.028479,2.529370,-1.558518,1.041926,0.668361,-0.011850,0.225000,0.347458,0.571069,-0.035956,0.029243,0.011250,0.046346,0.011250,0.223639,0,1
ideal_6d_disc,53.550000,1.726755,-1.009117,2.546743,-1.529965,1.053176,0.668361,-0.011850,0.225000,0.341012,0.574941,-0.035956,0.029243,0.011250,0.046346,0.011250,0.223639,0,1
ideal_6d_disc,53.600000,1.737998,-0.989628,2.563793,-1.501218,1.064426,0.668361,-0.011850,0.225000,0.334522,0.578741,-0.035956,0.029243,0.011250,0.046346,0.011250,0.223639,0,1
ideal_6d_disc,53.650000,1.749021,-0.970013,2.580520,-1.472281,1.075676,0.668361,-0.011850,0.225000,0.327990,0.582468,-0.035956,0.029243,0.011250,0.046346,0.011250,0.223639,0,1
ideal_6d_disc,53.700000,1.759823,-0.950276,2.596919,-1.443157,1.086926,0.668361,-0.011850,0.225000,0.321417,0.586121,-0.035956,0.029243,0.011250,0.046346,0.011250,0.223639,0,1
ideal_6d_disc,53.750000,1.770402,-0.930418,2.612990,-1.413851,1.098176,0.668361,-0.011850,0.225000,0.314803,0.589700,-0.035956,0.029243,0.011250,0.046346,0.011250,0.223639,0,1
ideal_6d_disc,53.800000,1.780757,-0.910442,2.628730,-1.384366,1.109426,0.668361,-0.011850,0.225000,0.308149,0.593204,-0.035956,0.029243,0.011250,0.046346,0.011250,0.223639,0,1
ideal_6d_disc,53.850000,1.790886,-0.890352,2.644137,-1.354706,1.120676,0.668361,-0.011850,0.225000,0.301456,0.596633,-0.035956,0.029243,0.011250,0.046346,0.011250,0.223639,0,1
ideal_6d_disc,53.900000,1.800789,-0.870148,2.659210,-1.324874,1.131926,0.668361,-0.011850,0.225000,0.294725,0.599986,-0.035956,0.029243,0.011250,0.046346,0.011250,0.223639,0,1
ideal_6d_disc,53.950000,1.810464,-0.849835,2.673946,-1.294875,1.143176,0.668361,-0.011850,0.225000,0.287957,0.603264,-0.035956,0.029243,0.011250,0.046346,0.011250,0.223639,0,1
ideal_6d_disc,54.000000,1.819910,-0.829414,2.688344,-1.264712,1.154426,0.668361,-0.011850,0.225000,0.281152,0.606465,-0.035956,0.029243,0.011250,0.046346,0.011250,0.223639,0,1
ideal_6d_disc,54.050000,1.829126,-0.808888,2.702402,-1.234388,1.165676,0.668361,-0.011850,0.225000,0.274311,0.609590,-0.035956,0.029243,0.011250,0.046346,0.011250,0.223639,0,1
ideal_6d_disc,54.100000,1.838110,-0.788259,2.716117,-1.203909,1.176926,0.668361,-0.011850,0.225000,0.267436,0.612637,-0.035956,0.029243,0.011250,0.046346,0.011250,0.223639,0,1
ideal_6d_disc,54.150000,1.846861,-0.767531,2.729489,-1.173277,1.188176,0.668361,-0.011850,0.225000,0.260527,0.615607,-0.035956,0.029243,0.011250,0.046346,0.011250,0.223639,0,1
ideal_6d_disc,54.200000,1.855379,-0.746706,2.742516,-1.142497,1.199426,0.668361,-0.011850,0.225000,0.253585,0.618499,-0.035956,0.029243,0.011250,0.046346,0.011250,0.223639,0,1
ideal_6d_disc,54.250000,1.863662,-0.725786,2.755195,-1.111572,1.210676,0.668361,-0.011850,0.225000,0.246611,0.621313,-0.035956,0.029243,0.011250,0.046346,0.011250,0.223639,0,1
ideal_6d_disc,54.300000,1.871709,-0.704774,2.767525,-1.080506,1.221926,0.668361,-0.011850,0.225000,0.239606,0.624048,-0.035956,0.029243,0.011250,0.046346,0.011250,0.223639,0,1
ideal_6d_disc,54.350000,1.879519,-0.683673,2.779506,-1.049304,1.233176,0.668361,-0.011850,0.225000,0.232571,0.626704,-0.035956,0.029243,0.011250,0.046346,0.011250,0.223639,0,1
ideal_6d_disc,54.400000,1.887091,-0.662486,2.791134,-1.017969,1.244426,0.668361,-0.011850,0.225000,0.225506,0.629280,-0.035956,0.029243,0.011250,0.046346,0.011250,0.223639,0,1
ideal_6d_disc,54.450000,1.894424,-0.641215,2.802410,-0.986505,1.255676,0.668361,-0.011850,0.225000,0.218412,0.631777,-0.035956,0.029243,0.011250,0.046346,0.011250,0.223639,0,1
ideal_6d_disc,54.500000,1.901518,-0.619862,2.813330,-0.954916,1.266926,0.668361,-0.011850,0.225000,0.211291,0.634194,-0.035956,0.029243,0.011250,0.046346,0.011250,0.223639,0,1
ideal_6d_disc,54.550000,1.908371,-0.598431,2.823895,-0.923206,1.278176,0.668361,-0.011850,0.225000,0.204143,0.636531,-0.035956,0.029243,0.011250,0.046346,0.011250,0.223639,0,1
ideal_6d_disc,54.600000,1.914982,-0.576925,2.834102,-0.891379,1.289426,0.668361,-0.011850,0.225000,0.196969,0.638788,-0.035956,0.029243,0.011250,0.046346,0.011250,0.223639,0,1
ideal_6d_disc,54.650000,1.921352,-0.555345,2.843950,-0.859440,1.300676,0.668361,-0.011850,0.225000,0.189771,0.640963,-0.035956,0.029243,0.011250,0.046346,0.011250,0.223639,0,1
ideal_6d_disc,54.700000,1.927477,-0.533695,2.853439,-0.827392,1.311926,0.668361,-0.011850,0.225000,0.182548,0.643057,-0.035956,0.029243,0.011250,0.046346,0.011250,0.223639,0,1
ideal_6d_disc,54.750000,1.933359,-0.511978,2.862566,-0.795239,1.323176,0.668361,-0.011850,0.225000,0.175302,0.645070,-0.035956,0.029243,0.011250,0.046346,0.011250,0.223639,0,1
ideal_6d_disc,54.800000,1.938997,-0.490196,2.871331,-0.762986,1.334426,0.668361,-0.011850,0.225000,0.168034,0.647002,-0.035956,0.029243,0.011250,0.046346,0.011250,0.223639,0,1
ideal_6d_disc,54.850000,1.944389,-0.468351,2.879733,-0.730635,1.345676,0.668361,-0.011850,0.225000,0.160745,0.648851,-0.035956,0.029243,0.011250,0.046346,0.011250,0.223639,0,1
ideal_6d_disc,54.900000,1.949534,-0.446448,2.887770,-0.698193,1.356926,0.668361,-0.011850,0.225000,0.153435,0.650618,-0.035956,0.029243,0.011250,0.046346,0.011250,0.223639,0,1
ideal_6d_disc,54.950000,1.954433,-0.424488,2.895442,-0.665662,1.368176,0.668361,-0.011850,0.225000,0.146106,0.652303,-0.035956,0.029243,0.011250,0.046346,0.011250,0.223639,0,1
ideal_6d_disc,55.000000,1.959085,-0.402474,2.902747,-0.633047,1.379426,0.668361,-0.011850,0.225000,0.138759,0.653906,-0.035956,0.029243,0.011250,0.046346,0.011250,0.223639,0,1
ideal_6d_disc,55.050000,1.963489,-0.380409,2.909685,-0.600352,1.390676,0.668361,-0.011850,0.225000,0.131394,0.655425,-0.035956,0.029243,0.011250,0.046346,0.011250,0.223639,0,1
ideal_6d_disc,55.100000,1.967644,-0.358296,2.916255,-0.567580,1.401926,0.668361,-0.011850,0.225000,0.124012,0.656862,-0.035956,0.029243,0.011250,0.046346,0.011250,0.223639,0,1
ideal_6d_disc,55.150000,1.971550,-0.336138,2.922456,-0.534737,1.413176,0.668361,-0.011850,0.225000,0.116615,0.658215,-0.035956,0.029243,0.011250,0.046346,0.011250,0.223639,0,1
ideal_6d_disc,55.200000,1.975207,-0.313938,2.928286,-0.501826,1.424426,0.668361,-0.011850,0.225000,0.109202,0.659486,-0.035956,0.029243,0.011250,0.046346,0.011250,0.223639,0,1
ideal_6d_disc,55.250000,1.978614,-0.291697,2.933747,-0.468852,1.435676,0.668361,-0.011850,0.225000,0.101777,0.660672,-0.035956,0.029243,0.011250,0.046346,0.011250,0.223639,0,1
ideal_6d_disc,55.300000,1.981770,-0.269420,2.938835,-0.435818,1.446926,0.668361,-0.011850,0.225000,0.094338,0.661776,-0.035956,0.029243,0.011250,0.046346,0.011250,0.223639,0,1
ideal_6d_disc,55.350000,1.984676,-0.247108,2.943552,-0.402730,1.458176,0.668361,-0.011850,0.225000,0.086887,0.662795,-0.035956,0.029243,0.011250,0.046346,0.011250,0.223639,0,1
ideal_6d_disc,55.400000,1.987330,-0.224765,2.947897,-0.369590,1.469426,0.668361,-0.011850,0.225000,0.079425,0.663730,-0.035956,0.029243,0.011250,0.046346,0.011250,0.223639,0,1
ideal_6d_disc,55.450000,1.989733,-0.202394,2.951868,-0.336403,1.480676,0.668361,-0.011850,0.225000,0.071953,0.664582,-0.035956,0.029243,0.011250,0.046346,0.011250,0.223639,0,1
ideal_6d_disc,55.500000,1.991884,-0.179997,2.955465,-0.303174,1.491926,0.668361,-0.011850,0.225000,0.064472,0.665349,-0.035956,0.029243,0.011250,0.046346,0.011250,0.223639,0,1
ideal_6d_disc,55.550000,1.993783,-0.157578,2.958689,-0.269907,1.503176,0.668361,-0.011850,0.225000,0.056983,0.666033,-0.035956,0.029243,0.011250,0.046346,0.011250,0.223639,0,1
ideal_6d_disc,55.600000,1.995429,-0.135138,2.961538,-0.236605,1.514426,0.668361,-0.011850,0.225000,0.049487,0.666632,-0.035956,0.029243,0.011250,0.046346,0.011250,0.223639,0,1
ideal_6d_disc,55.650000,1.996823,-0.112682,2.964013,-0.203274,1.525676,0.668361,-0.011850,0.225000,0.041984,0.667146,-0.035956,0.029243,0.011250,0.046346,0.011250,0.223639,0,1
ideal_6d_disc,55.700000,1.997964,-0.090211,2.966112,-0.169916,1.536926,0.668361,-0.011850,0.225000,0.034476,0.667576,-0.035956,0.029243,0.011250,0.046346,0.011250,0.223639,0,1
ideal_6d_disc,55.750000,1.998853,-0.067728,2.967836,-0.136538,1.548176,0.668361,-0.011850,0.225000,0.026964,0.667922,-0.035956,0.029243,0.011250,0.046346,0.011250,0.223639,0,1
ideal_6d_disc,55.800000,1.999488,-0.045237,2.969184,-0.103141,1.559426,0.668361,-0.011850,0.225000,0.019449,0.668183,-0.035956,0.029243,0.011250,0.046346,0.011250,0.223639,0,1
ideal_6d_disc,55.850000,1.999871,-0.022741,2.970156,-0.069732,1.570676,0.668361,-0.011850,0.225000,0.011930,0.668359,-0.035956,0.029243,0.011250,0.046346,0.011250,0.223639,0,1
ideal_6d_disc,55.900000,2.000000,-0.000241,2.970753,-0.036314,1.581926,0.668361,-0.011850,0.225000,0.004411,0.668451,-0.035956,0.029243,0.011250,0.046346,0.011250,0.223639,0,1
ideal_6d_disc,55.950000,1.999876,0.022258,2.970973,-0.002892,1.593176,0.668361,-0.011850,0.225000,-0.003109,0.668459,-0.035956,0.029243,0.011250,0.046346,0.011250,0.223639,0,1
ideal_6d_disc,56.000000,1.999499,0.044755,2.970818,0.030531,1.604426,0.668361,-0.011850,0.225000,-0.010629,0.668381,-0.035956,0.029243,0.011250,0.046346,0.011250,0.223639,0,1
ideal_6d_disc,56.050000,1.998869,0.067246,2.970286,0.063950,1.615676,0.668361,-0.011850,0.225000,-0.018148,0.668219,-0.035956,0.029243,0.011250,0.046346,0.011250,0.223639,0,1
ideal_6d_disc,56.100000,1.997986,0.089729,2.969379,0.097361,1.626926,0.668361,-0.011850,0.225000,-0.025664,0.667973,-0.035956,0.029243,0.011250,0.046346,0.011250,0.223639,0,1
ideal_6d_disc,56.150000,1.996850,0.112200,2.968096,0.130760,1.638176,0.668361,-0.011850,0.225000,-0.033177,0.667642,-0.035956,0.029243,0.011250,0.046346,0.011250,0.223639,0,1
ideal_6d_disc,56.200000,1.995462,0.134657,2.966437,0.164142,1.649426,0.668361,-0.011850,0.225000,-0.040686,0.667227,-0.035956,0.029243,0.011250,0.046346,0.011250,0.223639,0,1
ideal_6d_disc,56.250000,1.993821,0.157097,2.964403,0.197503,1.660676,0.668361,-0.011850,0.225000,-0.048189,0.666727,-0.035956,0.029243,0.011250,0.046346,0.011250,0.223639,0,1
ideal_6d_disc,56.300000,1.991927,0.179517,2.961993,0.230840,1.671926,0.668361,-0.011850,0.225000,-0.055687,0.666142,-0.035956,0.029243,0.011250,0.046346,0.011250,0.223639,0,1
ideal_6d_disc,56.350000,1.989782,0.201914,2.959209,0.264147,1.683176,0.668361,-0.011850,0.225000,-0.063177,0.665474,-0.035956,0.029243,0.011250,0.046346,0.011250,0.223639,0,1
ideal_6d_disc,56.400000,1.987384,0.224286,2.956050,0.297420,1.694426,0.668361,-0.011850,0.225000,-0.070659,0.664721,-0.035956,0.029243,0.011250,0.046346,0.011250,0.223639,0,1
ideal_6d_disc,56.450000,1.984735,0.246629,2.952517,0.330656,1.705676,0.668361,-0.011850,0.225000,-0.078133,0.663884,-0.035956,0.029243,0.011250,0.046346,0.011250,0.223639,0,1
ideal_6d_disc,56.500000,1.981835,0.268942,2.948610,0.363851,1.716926,0.668361,-0.011850,0.225000,-0.085596,0.662963,-0.035956,0.029243,0.011250,0.046346,0.011250,0.223639,0,1
ideal_6d_disc,56.550000,1.978684,0.291220,2.944331,0.396999,1.728176,0.668361,-0.011850,0.225000,-0.093049,0.661958,-0.035956,0.029243,0.011250,0.046346,0.011250,0.223639,0,1
ideal_6d_disc,56.600000,1.975283,0.313461,2.939678,0.430097,1.739426,0.668361,-0.011850,0.225000,-0.100490,0.660869,-0.035956,0.029243,0.011250,0.046346,0.011250,0.223639,0,1
ideal_6d_disc,56.650000,1.971631,0.335663,2.934654,0.463140,1.750676,0.668361,-0.011850,0.225000,-0.107918,0.659697,-0.035956,0.029243,0.011250,0.046346,0.011250,0.223639,0,1
ideal_6d_disc,56.700000,1.967731,0.357822,2.929258,0.496125,1.761926,0.668361,-0.011850,0.225000,-0.115333,0.658441,-0.035956,0.029243,0.011250,0.046346,0.011250,0.223639,0,1
ideal_6d_disc,56.750000,1.963581,0.379936,2.923491,0.529047,1.773176,0.668361,-0.011850,0.225000,-0.122733,0.657102,-0.035956,0.029243,0.011250,0.046346,0.011250,0.223639,0,1
ideal_6d_disc,56.800000,1.959182,0.402001,2.917354,0.561902,1.784426,0.668361,-0.011850,0.225000,-0.130118,0.655680,-0.035956,0.029243,0.011250,0.046346,0.011250,0.223639,0,1
ideal_6d_disc,56.850000,1.954536,0.424016,2.910849,0.594686,1.795676,0.668361,-0.011850,0.225000,-0.137486,0.654174,-0.035956,0.029243,0.011250,0.046346,0.011250,0.223639,0,1
ideal_6d_disc,56.900000,1.949642,0.445978,2.903974,0.627395,1.806926,0.668361,-0.011850,0.225000,-0.144836,0.652586,-0.035956,0.029243,0.011250,0.046346,0.011250,0.223639,0,1
ideal_6d_disc,56.950000,1.944502,0.467882,2.896732,0.660024,1.818176,0.668361,-0.011850,0.225000,-0.152168,0.650916,-0.035956,0.029243,0.011250,0.046346,0.011250,0.223639,0,1
ideal_6d_disc,57.000000,1.939115,0.489728,2.889124,0.692570,1.829426,0.668361,-0.011850,0.225000,-0.159481,0.649163,-0.035956,0.029243,0.011250,0.046346,0.011250,0.223639,0,1
ideal_6d_disc,57.050000,1.933483,0.511512,2.881150,0.725028,1.840676,0.668361,-0.011850,0.225000,-0.166774,0.647327,-0.035956,0.029243,0.011250,0.046346,0.011250,0.223639,0,1
ideal_6d_disc,57.100000,1.927606,0.533230,2.872811,0.757394,1.851926,0.668361,-0.011850,0.225000,-0.174046,0.645410,-0.035956,0.029243,0.011250,0.046346,0.011250,0.223639,0,1
ideal_6d_disc,57.150000,1.921485,0.554882,2.864109,0.789665,1.863176,0.668361,-0.011850,0.225000,-0.181296,0.643412,-0.035956,0.029243,0.011250,0.046346,0.011250,0.223639,0,1
ideal_6d_disc,57.200000,1.915122,0.576463,2.855044,0.821836,1.874426,0.668361,-0.011850,0.225000,-0.188522,0.641331,-0.035956,0.029243,0.011250,0.046346,0.011250,0.223639,0,1
ideal_6d_disc,57.250000,1.908515,0.597971,2.845618,0.853902,1.885676,0.668361,-0.011850,0.225000,-0.195725,0.639170,-0.035956,0.029243,0.011250,0.046346,0.011250,0.223639,0,1
ideal_6d_disc,57.300000,1.901667,0.619404,2.835832,0.885861,1.896926,0.668361,-0.011850,0.225000,-0.202903,0.636928,-0.035956,0.029243,0.011250,0.046346,0.011250,0.223639,0,1
ideal_6d_disc,57.350000,1.894579,0.640758,2.825687,0.917707,1.908176,0.668361,-0.011850,0.225000,-0.210056,0.634605,-0.035956,0.029243,0.011250,0.046346,0.011250,0.223639,0,1
ideal_6d_disc,57.400000,1.887251,0.662031,2.815184,0.949437,1.919426,0.668361,-0.011850,0.225000,-0.217182,0.632201,-0.035956,0.029243,0.011250,0.046346,0.011250,0.223639,0,1
ideal_6d_disc,57.450000,1.879684,0.683220,2.804325,0.981047,1.930676,0.668361,-0.011850,0.225000,-0.224280,0.629718,-0.035956,0.029243,0.011250,0.046346,0.011250,0.223639,0,1
ideal_6d_disc,57.500000,1.871879,0.704323,2.793111,1.012533,1.941926,0.668361,-0.011850,0.225000,-0.231350,0.627155,-0.035956,0.029243,0.011250,0.046346,0.011250,0.223639,0,1
ideal_6d_disc,57.550000,1.863837,0.725336,2.781543,1.043891,1.953176,0.668361,-0.011850,0.225000,-0.238391,0.624513,-0.035956,0.029243,0.011250,0.046346,0.011250,0.223639,0,1
ideal_6d_disc,57.600000,1.855559,0.746258,2.769624,1.075117,1.964426,0.668361,-0.011850,0.225000,-0.245401,0.621792,-0.035956,0.029243,0.011250,0.046346,0.011250,0.223639,0,1
ideal_6d_disc,57.650000,1.847046,0.767086,2.757354,1.106206,1.975676,0.668361,-0.011850,0.225000,-0.252381,0.618991,-0.035956,0.029243,0.011250,0.046346,0.011250,0.223639,0,1
ideal_6d_disc,57.700000,1.838300,0.787816,2.744735,1.137156,1.986926,0.668361,-0.011850,0.225000,-0.259328,0.616113,-0.035956,0.029243,0.011250,0.046346,0.011250,0.223639,0,1
ideal_6d_disc,57.750000,1.829321,0.808446,2.731768,1.167961,1.998176,0.668361,-0.011850,0.225000,-0.266243,0.613157,-0.035956,0.029243,0.011250,0.046346,0.011250,0.223639,0,1
ideal_6d_disc,57.800000,1.820110,0.828975,2.718456,1.198619,2.009426,0.668361,-0.011850,0.225000,-0.273124,0.610123,-0.035956,0.029243,0.011250,0.046346,0.011250,0.223639,0,1
ideal_6d_disc,57.850000,1.810669,0.849398,2.704800,1.229125,2.020676,0.668361,-0.011850,0.225000,-0.279971,0.607012,-0.035956,0.029243,0.011250,0.046346,0.011250,0.223639,0,1
ideal_6d_disc,57.900000,1.800999,0.869714,2.690801,1.259476,2.031926,0.668361,-0.011850,0.225000,-0.286782,0.603824,-0.035956,0.029243,0.011250,0.046346,0.011250,0.223639,0,1
ideal_6d_disc,57.950000,1.791101,0.889920,2.676462,1.289667,2.043176,0.668361,-0.011850,0.225000,-0.293556,0.600559,-0.035956,0.029243,0.011250,0.046346,0.011250,0.223639,0,1
ideal_6d_disc,58.000000,1.780976,0.910013,2.661784,1.319695,2.054426,0.668361,-0.011850,0.225000,-0.300294,0.597219,-0.035956,0.029243,0.011250,0.046346,0.011250,0.223639,0,1
ideal_6d_disc,58.050000,1.770626,0.929991,2.646770,1.349556,2.065676,0.668361,-0.011850,0.225000,-0.306993,0.593803,-0.035956,0.029243,0.011250,0.046346,0.011250,0.223639,0,1
ideal_6d_disc,58.100000,1.760052,0.949851,2.631420,1.379246,2.076926,0.668361,-0.011850,0.225000,-0.313654,0.590311,-0.035956,0.029243,0.011250,0.046346,0.011250,0.223639,0,1
ideal_6d_disc,58.150000,1.749255,0.969591,2.615737,1.408762,2.088176,0.668361,-0.011850,0.225000,-0.320275,0.586746,-0.035956,0.029243,0.011250,0.046346,0.011250,0.223639,0,1
ideal_6d_disc,58.200000,1.738237,0.989208,2.599724,1.438099,2.099426,0.668361,-0.011850,0.225000,-0.326856,0.583105,-0.035956,0.029243,0.011250,0.046346,0.011250,0.223639,0,1
ideal_6d_disc,58.250000,1.726998,1.008701,2.583381,1.467254,2.110676,0.668361,-0.011850,0.225000,-0.333395,0.579391,-0.035956,0.029243,0.011250,0.046346,0.011250,0.223639,0,1
ideal_6d_disc,58.300000,1.715541,1.028065,2.566711,1.496224,2.121926,0.668361,-0.011850,0.225000,-0.339892,0.575604,-0.035956,0.029243,0.011250,0.046346,0.011250,0.223639,0,1
ideal_6d_disc,58.350000,1.703867,1.047299,2.549716,1.525004,2.133176,0.668361,-0.011850,0.225000,-0.346346,0.571744,-0.035956,0.029243,0.011250,0.046346,0.011250,0.223639,0,1
ideal_6d_disc,58.400000,1.691978,1.066401,2.532399,1.553591,2.144426,0.668361,-0.011850,0.225000,-0.352756,0.567812,-0.035956,0.029243,0.011250,0.046346,0.011250,0.223639,0,1
ideal_6d_disc,58.450000,1.679874,1.085368,2.514761,1.581982,2.155676,0.668361,-0.011850,0.225000,-0.359121,0.563807,-0.035956,0.029243,0.011250,0.046346,0.011250,0.223639,0,1
ideal_6d_disc,58.500000,1.667557,1.104198,2.496805,1.610172,2.166926,0.668361,-0.011850,0.225000,-0.365441,0.559731,-0.035956,0.029243,0.011250,0.046346,0.011250,0.223639,0,1
ideal_6d_disc,58.550000,1.655030,1.122887,2.478533,1.638159,2.178176,0.668361,-0.011850,0.225000,-0.371715,0.555585,-0.035956,0.029243,0.011250,0.046346,0.011250,0.223639,0,1
ideal_6d_disc,58.600000,1.642293,1.141435,2.459947,1.665938,2.189426,0.668361,-0.011850,0.225000,-0.377941,0.551368,-0.035956,0.029243,0.011250,0.046346,0.011250,0.223639,0,1
ideal_6d_disc,58.650000,1.629348,1.159838,2.441050,1.693506,2.200676,0.668361,-0.011850,0.225000,-0.384120,0.547081,-0.035956,0.029243,0.011250,0.046346,0.011250,0.223639,0,1
ideal_6d_disc,58.700000,1.616197,1.178095,2.421844,1.720860,2.211926,0.668361,-0.011850,0.225000,-0.390251,0.542726,-0.035956,0.029243,0.011250,0.046346,0.011250,0.223639,0,1
ideal_6d_disc,58.750000,1.602842,1.196202,2.402332,1.747997,2.223176,0.668361,-0.011850,0.225000,-0.396331,0.538301,-0.035956,0.029243,0.011250,0.046346,0.011250,0.223639,0,1
ideal_6d_disc,58.800000,1.589283,1.214158,2.382515,1.774912,2.234426,0.668361,-0.011850,0.225000,-0.402362,0.533808,-0.035956,0.029243,0.011250,0.046346,0.011250,0.223639,0,1
ideal_6d_disc,58.850000,1.575524,1.231960,2.362397,1.801602,2.245676,0.668361,-0.011850,0.225000,-0.408342,0.529248,-0.035956,0.029243,0.011250,0.046346,0.011250,0.223639,0,1
ideal_6d_disc,58.900000,1.561565,1.249606,2.341980,1.828065,2.256926,0.668361,-0.011850,0.225000,-0.414270,0.524621,-0.035956,0.029243,0.011250,0.046346,0.011250,0.223639,0,1
ideal_6d_disc,58.950000,1.547408,1.267094,2.321267,1.854296,2.268176,0.668361,-0.011850,0.225000,-0.420146,0.519927,-0.035956,0.029243,0.011250,0.046346,0.011250,0.223639,0,1
ideal_6d_disc,59.000000,1.533056,1.284422,2.300259,1.880292,2.279426,0.668361,-0.011850,0.225000,-0.425968,0.515168,-0.035956,0.029243,0.011250,0.046346,0.011250,0.223639,0,1
ideal_6d_disc,59.050000,1.518509,1.301587,2.278961,1.906050,2.290676,0.668361,-0.011850,0.225000,-0.431737,0.510343,-0.035956,0.029243,0.011250,0.046346,0.011250,0.223639,0,1
ideal_6d_disc,59.100000,1.503771,1.318588,2.257374,1.931568,2.301926,0.668361,-0.011850,0.225000,-0.437450,0.505454,-0.035956,0.029243,0.011250,0.046346,0.011250,0.223639,0,1
ideal_6d_disc,59.150000,1.488842,1.335422,2.235502,1.956840,2.313176,0.668361,-0.011850,0.225000,-0.443109,0.500501,-0.035956,0.029243,0.011250,0.046346,0.011250,0.223639,0,1
ideal_6d_disc,59.200000,1.473724,1.352086,2.213346,1.981865,2.324426,0.668361,-0.011850,0.225000,-0.448712,0.495484,-0.035956,0.029243,0.011250,0.046346,0.011250,0.223639,0,1
ideal_6d_disc,59.250000,1.458420,1.368580,2.190911,2.006639,2.335676,0.668361,-0.011850,0.225000,-0.454257,0.490405,-0.035956,0.029243,0.011250,0.046346,0.011250,0.223639,0,1
ideal_6d_disc,59.300000,1.442932,1.384900,2.168198,2.031160,2.346926,0.668361,-0.011850,0.225000,-0.459745,0.485264,-0.035956,0.029243,0.011250,0.046346,0.011250,0.223639,0,1
ideal_6d_disc,59.350000,1.427261,1.401045,2.145210,2.055423,2.358176,0.668361,-0.011850,0.225000,-0.465175,0.480061,-0.035956,0.029243,0.011250,0.046346,0.011250,0.223639,0,1
ideal_6d_disc,59.400000,1.411409,1.417013,2.121952,2.079426,2.369426,0.668361,-0.011850,0.225000,-0.470547,0.474797,-0.035956,0.029243,0.011250,0.046346,0.011250,0.223639,0,1
ideal_6d_disc,59.450000,1.395379,1.432801,2.098424,2.103166,2.380676,0.668361,-0.011850,0.225000,-0.475858,0.469474,-0.035956,0.029243,0.011250,0.046346,0.011250,0.223639,0,1
ideal_6d_disc,59.500000,1.379172,1.448408,2.074631,2.126639,2.391926,0.668361,-0.011850,0.225000,-0.481109,0.464091,-0.035956,0.029243,0.011250,0.046346,0.011250,0.223639,0,1
ideal_6d_disc,59.550000,1.362790,1.463832,2.050576,2.149844,2.403176,0.668361,-0.011850,0.225000,-0.486300,0.458649,-0.035956,0.029243,0.011250,0.046346,0.011250,0.223639,0,1
ideal_6d_disc,59.600000,1.346236,1.479070,2.026261,2.172776,2.414426,0.668361,-0.011850,0.225000,-0.491429,0.453149,-0.035956,0.029243,0.011250,0.046346,0.011250,0.223639,0,1
ideal_6d_disc,59.650000,1.329512,1.494121,2.001690,2.195434,2.425676,0.668361,-0.011850,0.225000,-0.496496,0.447592,-0.035956,0.029243,0.011250,0.046346,0.011250,0.223639,0,1
ideal_6d_disc,59.700000,1.312619,1.508984,1.976865,2.217814,2.436926,0.668361,-0.011850,0.225000,-0.501499,0.441978,-0.035956,0.029243,0.011250,0.046346,0.011250,0.223639,0,1
ideal_6d_disc,59.750000,1.295560,1.523655,1.951790,2.239912,2.448176,0.668361,-0.011850,0.225000,-0.506440,0.436309,-0.035956,0.029243,0.011250,0.046346,0.011250,0.223639,0,1
ideal_6d_disc,59.800000,1.278338,1.538133,1.926468,2.261728,2.459426,0.668361,-0.011850,0.225000,-0.511316,0.430584,-0.035956,0.029243,0.011250,0.046346,0.011250,0.223639,0,1
ideal_6d_disc,59.850000,1.260953,1.552417,1.900902,2.283257,2.470676,0.668361,-0.011850,0.225000,-0.516128,0.424804,-0.035956,0.029243,0.011250,0.046346,0.011250,0.223639,0,1
ideal_6d_disc,59.900000,1.243409,1.566504,1.875096,2.304497,2.481926,0.668361,-0.011850,0.225000,-0.520874,0.418971,-0.035956,0.029243,0.011250,0.046346,0.011250,0.223639,0,1
ideal_6d_disc,59.950000,1.225707,1.580393,1.849052,2.325446,2.493176,0.668361,-0.011850,0.225000,-0.525554,0.413085,-0.035956,0.029243,0.011250,0.046346,0.011250,0.223639,0,1
ideal_6d_disc,60.000000,1.207851,1.594082,1.822774,2.346100,2.504426,0.668361,-0.011850,0.225000,-0.530168,0.407146,-0.035956,0.029243,0.011250,0.046346,0.011250,0.223639,0,1
ideal_6d_disc,60.050000,1.189841,1.607569,1.796266,2.366457,2.515676,0.668361,-0.011850,0.225000,-0.534715,0.401156,-0.035956,0.029243,0.011250,0.046346,0.011250,0.223639,0,1
ideal_6d_disc_lpc,0.050000,2.000000,0.000000,4.197000,-0.396750,1.571921,0.065000,0.060000,0.022500,-0.060073,0.064932,-0.396750,-1.197000,0.001125,1.261039,0.001125,1.335332,0,1
ideal_6d_disc_lpc,0.100000,1.999873,0.022500,4.191278,-0.390502,1.574084,0.125090,0.114291,0.043256,-0.114702,0.124714,-0.437628,-1.186620,-0.007962,1.264747,0.007962,1.323062,0,1
ideal_6d_disc_lpc,0.150000,1.999494,0.044996,4.183086,-0.381495,1.577204,0.180668,0.163253,0.062391,-0.164407,0.179619,-0.475510,-1.173444,-0.016093,1.266129,0.016093,1.314013,0,1
ideal_6d_disc_lpc,0.200000,1.998861,0.067487,4.172650,-0.369957,1.581205,0.232100,0.207241,0.080019,-0.209646,0.229930,-0.510547,-1.157790,-0.023342,1.265360,0.023342,1.307223,0,1
ideal_6d_disc_lpc,0.250000,1.997975,0.089970,4.160175,-0.356100,1.586017,0.279719,0.246592,0.096247,-0.250821,0.275934,-0.542884,-1.139945,-0.029779,1.262615,0.029779,1.301910,0,1
ideal_6d_disc_lpc,0.300000,1.996837,0.112441,4.145850,-0.340125,1.591576,0.323831,0.281619,0.111174,-0.288286,0.317910,-0.572668,-1.120171,-0.035471,1.258066,0.035471,1.297447,0,1
ideal_6d_disc_lpc,0.350000,1.995445,0.134898,4.129843,-0.322218,1.597820,0.364714,0.312616,0.124892,-0.322357,0.356134,-0.600037,-1.098705,-0.040476,1.251878,0.040476,1.293346,0,1
ideal_6d_disc_lpc,0.400000,1.993802,0.157337,4.112312,-0.302553,1.604695,0.402622,0.339863,0.137489,-0.353314,0.390872,-0.625126,-1.075766,-0.044852,1.244209,0.044852,1.289235,0,1
ideal_6d_disc_lpc,0.450000,1.991905,0.179757,4.093400,-0.281293,1.612147,0.437788,0.363621,0.149046,-0.381408,0.422382,-0.648063,-1.051551,-0.048649,1.235210,0.048649,1.284835,0,1
ideal_6d_disc_lpc,0.500000,1.989757,0.202154,4.073237,-0.258586,1.620129,0.470421,0.384136,0.159636,-0.406866,0.450906,-0.668972,-1.026239,-0.051917,1.225027,0.051917,1.279948,0,1
ideal_6d_disc_lpc,0.550000,1.987357,0.224526,4.051945,-0.234571,1.628595,0.500715,0.401638,0.169331,-0.429892,0.476677,-0.687971,-0.999997,-0.054701,1.213795,0.054701,1.274436,0,1
ideal_6d_disc_lpc,0.600000,1.984705,0.246869,4.029635,-0.209375,1.637505,0.528843,0.416348,0.178195,-0.450674,0.499914,-0.705170,-0.972975,-0.057041,1.201643,0.057041,1.268212,0,1
ideal_6d_disc_lpc,0.650000,1.981803,0.269181,4.006410,-0.183117,1.646820,0.554966,0.428469,0.186290,-0.469381,0.520821,-0.720674,-0.945311,-0.058977,1.188690,0.058977,1.261231,0,1
ideal_6d_disc_lpc,0.700000,1.978649,0.291458,3.982363,-0.155903,1.656503,0.579228,0.438196,0.193673,-0.486171,0.539591,-0.734585,-0.917130,-0.060543,1.175050,0.060543,1.253475,0,1
ideal_6d_disc_lpc,0.750000,1.975245,0.313699,3.957584,-0.127833,1.666523,0.601760,0.445711,0.200395,-0.501187,0.556404,-0.746997,-0.888549,-0.061773,1.160828,0.061773,1.244951,0,1
ideal_6d_disc_lpc,0.800000,1.971591,0.335900,3.932152,-0.098998,1.676848,0.622684,0.451185,0.206507,-0.514563,0.571426,-0.757997,-0.859671,-0.062698,1.146122,0.062698,1.235683,0,1
ideal_6d_disc_lpc,0.850000,1.967687,0.358059,3.906143,-0.069480,1.687451,0.642108,0.454780,0.212053,-0.526424,0.584812,-0.767672,-0.830595,-0.063345,1.131021,0.063345,1.225711,0,1
ideal_6d_disc_lpc,0.900000,1.963535,0.380173,3.879624,-0.039355,1.698305,0.660133,0.456648,0.217078,-0.536886,0.596705,-0.776100,-0.801407,-0.063741,1.115610,0.063741,1.215081,0,1
ideal_6d_disc_lpc,0.950000,1.959134,0.402238,3.852659,-0.008692,1.709386,0.676851,0.456933,0.221620,-0.546056,0.607237,-0.783357,-0.772189,-0.063910,1.099965,0.063910,1.203847,0,1
ideal_6d_disc_lpc,1.000000,1.954485,0.424252,3.825307,0.022445,1.720672,0.692344,0.455768,0.225716,-0.554036,0.616530,-0.789513,-0.743013,-0.063875,1.084158,0.063875,1.192066,0,1
ideal_6d_disc_lpc,1.050000,1.949588,0.446213,3.797621,0.053999,1.732142,0.706690,0.453280,0.229400,-0.560920,0.624694,-0.794635,-0.713946,-0.063655,1.068253,0.063655,1.179799,0,1
ideal_6d_disc_lpc,1.100000,1.944445,0.468117,3.769651,0.085918,1.743777,0.719959,0.449589,0.232706,-0.566798,0.631831,-0.798787,-0.685049,-0.063269,1.052308,0.063269,1.167106,0,1
ideal_6d_disc_lpc,1.150000,1.939056,0.489962,3.741441,0.118155,1.755560,0.732215,0.444806,0.235661,-0.571753,0.638036,-0.802027,-0.656377,-0.062736,1.036378,0.062736,1.154047,0,1
ideal_6d_disc_lpc,1.200000,1.933421,0.511745,3.713033,0.150665,1.767475,0.743519,0.439035,0.238294,-0.575864,0.643392,-0.804413,-0.627979,-0.062072,1.020509,0.062072,1.140680,0,1
ideal_6d_disc_lpc,1.250000,1.927542,0.533463,3.684465,0.183410,1.779506,0.753925,0.432376,0.240631,-0.579205,0.647977,-0.805997,-0.599901,-0.061290,1.004745,0.061290,1.127063,0,1
ideal_6d_disc_lpc,1.300000,1.921418,0.555114,3.655770,0.216354,1.791641,0.763485,0.424920,0.242695,-0.581844,0.651862,-0.806831,-0.572183,-0.060405,0.989125,0.060405,1.113250,0,1
ideal_6d_disc_lpc,1.350000,1.915052,0.576694,3.626980,0.249464,1.803866,0.772246,0.416753,0.244508,-0.583847,0.655110,-0.806961,-0.544860,-0.059430,0.973683,0.059430,1.099293,0,1
ideal_6d_disc_lpc,1.400000,1.908443,0.598201,3.598123,0.282710,1.816171,0.780251,0.407957,0.246091,-0.585276,0.657779,-0.806433,-0.517966,-0.058375,0.958448,0.058375,1.085240,0,1
ideal_6d_disc_lpc,1.450000,1.901593,0.619633,3.569225,0.316066,1.828544,0.787543,0.398606,0.247463,-0.586186,0.659922,-0.805290,-0.491528,-0.057252,0.943447,0.057252,1.071135,0,1
ideal_6d_disc_lpc,1.500000,1.894502,0.640986,3.540306,0.349508,1.840976,0.794160,0.388772,0.248642,-0.586634,0.661585,-0.803572,-0.465573,-0.056070,0.928702,0.056070,1.057021,0,1
ideal_6d_disc_lpc,1.550000,1.887171,0.662258,3.511389,0.383012,1.853458,0.800137,0.378520,0.249644,-0.586667,0.662811,-0.801319,-0.440122,-0.054838,0.914232,0.054838,1.042937,0,1
ideal_6d_disc_lpc,1.600000,1.879601,0.683447,3.482490,0.416558,1.865983,0.805509,0.367911,0.250484,-0.586335,0.663637,-0.798566,-0.415194,-0.053564,0.900052,0.053564,1.028917,0,1
ideal_6d_disc_lpc,1.650000,1.871794,0.704548,3.453625,0.450128,1.878541,0.810308,0.357001,0.251176,-0.585680,0.664099,-0.795350,-0.390806,-0.052255,0.886177,0.052255,1.014993,0,1
ideal_6d_disc_lpc,1.700000,1.863749,0.725561,3.424809,0.483705,1.891128,0.814564,0.345845,0.251734,-0.584744,0.664227,-0.791701,-0.366971,-0.050918,0.872616,0.050918,1.001194,0,1
ideal_6d_disc_lpc,1.750000,1.855469,0.746482,3.396051,0.517273,1.903737,0.818305,0.334492,0.252169,-0.583564,0.664049,-0.787654,-0.343701,-0.049560,0.859377,0.049560,0.987546,0,1
ideal_6d_disc_lpc,1.800000,1.846954,0.767308,3.367364,0.550817,1.916361,0.821559,0.322985,0.252492,-0.582177,0.663588,-0.783236,-0.321006,-0.048185,0.846465,0.048185,0.974071,0,1
ideal_6d_disc_lpc,1.850000,1.838205,0.788038,3.338754,0.584325,1.928997,0.824352,0.311368,0.252715,-0.580615,0.662867,-0.778478,-0.298892,-0.046799,0.833885,0.046799,0.960788,0,1
ideal_6d_disc_lpc,1.900000,1.829223,0.808667,3.310229,0.617783,1.941639,0.826708,0.299680,0.252846,-0.578908,0.661906,-0.773405,-0.277365,-0.045407,0.821636,0.045407,0.947716,0,1
ideal_6d_disc_lpc,1.950000,1.820010,0.829194,3.281795,0.651181,1.954284,0.828652,0.287955,0.252894,-0.577086,0.660722,-0.768044,-0.256428,-0.044012,0.809720,0.044012,0.934868,0,1
ideal_6d_disc_lpc,2.000000,1.810567,0.849616,3.253455,0.684509,1.966927,0.830204,0.276228,0.252868,-0.575173,0.659331,-0.762420,-0.236084,-0.042619,0.798135,0.042619,0.922256,0,1
ideal_6d_disc_lpc,2.050000,1.800894,0.869931,3.225214,0.717756,1.979566,0.831387,0.264527,0.252775,-0.573193,0.657745,-0.756556,-0.216333,-0.041230,0.786878,0.041230,0.909891,0,1
ideal_6d_disc_lpc,2.100000,1.790994,0.890136,3.197072,0.750913,1.992197,0.832222,0.252881,0.252621,-0.571169,0.655979,-0.750474,-0.197175,-0.039849,0.775944,0.039849,0.897780,0,1
ideal_6d_disc_lpc,2.150000,1.780867,0.910228,3.169031,0.783971,2.004818,0.832728,0.241313,0.252414,-0.569120,0.654041,-0.744195,-0.178607,-0.038478,0.765328,0.038478,0.885930,0,1
ideal_6d_disc_lpc,2.200000,1.770514,0.930204,3.141091,0.816923,2.017426,0.832924,0.229849,0.252159,-0.567066,0.651943,-0.737741,-0.160626,-0.037121,0.755025,0.037121,0.874344,0,1
ideal_6d_disc_lpc,2.250000,1.759937,0.950063,3.113251,0.849761,2.030019,0.832829,0.218506,0.251862,-0.565021,0.649692,-0.731129,-0.143227,-0.035777,0.745026,0.035777,0.863026,0,1
ideal_6d_disc_lpc,2.300000,1.749138,0.969802,3.085510,0.882478,2.042595,0.832459,0.207305,0.251527,-0.563001,0.647297,-0.724380,-0.126406,-0.034451,0.735326,0.034451,0.851976,0,1
ideal_6d_disc_lpc,2.350000,1.738117,0.989418,3.057866,0.915065,2.055153,0.831832,0.196262,0.251159,-0.561021,0.644763,-0.717509,-0.110156,-0.033143,0.725915,0.033143,0.841195,0,1
ideal_6d_disc_lpc,2.400000,1.726877,1.008909,3.030316,0.947518,2.067691,0.830964,0.185392,0.250763,-0.559091,0.642097,-0.710533,-0.094471,-0.031855,0.716786,0.031855,0.830680,0,1
ideal_6d_disc_lpc,2.450000,1.715417,1.028272,3.002857,0.979830,2.080208,0.829870,0.174708,0.250342,-0.557223,0.639304,-0.703469,-0.079343,-0.030588,0.707929,0.030588,0.820430,0,1
ideal_6d_disc_lpc,2.500000,1.703741,1.047505,2.975486,1.011994,2.092703,0.828566,0.164221,0.249900,-0.555427,0.636389,-0.696331,-0.064763,-0.029343,0.699336,0.029343,0.810443,0,1
ideal_6d_disc_lpc,2.550000,1.691849,1.066605,2.948197,1.044004,2.105175,0.827065,0.153943,0.249439,-0.553711,0.633356,-0.689133,-0.050723,-0.028121,0.690997,0.028121,0.800712,0,1
ideal_6d_disc_lpc,2.600000,1.679743,1.085571,2.920988,1.075856,2.117624,0.825382,0.143881,0.248964,-0.552082,0.630209,-0.681889,-0.037213,-0.026923,0.682904,0.026923,0.791235,0,1
ideal_6d_disc_lpc,2.650000,1.667424,1.104399,2.893852,1.107543,2.130047,0.823530,0.134043,0.248476,-0.550546,0.626951,-0.674611,-0.024224,-0.025749,0.675046,0.025749,0.782006,0,1
ideal_6d_disc_lpc,2.700000,1.654894,1.123087,2.866785,1.139060,2.142446,0.821521,0.124435,0.247978,-0.549111,0.623585,-0.667312,-0.011745,-0.024600,0.667416,0.024600,0.773019,0,1
ideal_6d_disc_lpc,2.750000,1.642155,1.141633,2.839782,1.170402,2.154820,0.819368,0.115063,0.247473,-0.547779,0.620114,-0.660003,0.000234,-0.023476,0.660003,0.023476,0.764268,0,1
ideal_6d_disc_lpc,2.800000,1.629208,1.160035,2.812837,1.201564,2.167168,0.817082,0.105931,0.246962,-0.546555,0.616540,-0.652695,0.011723,-0.022378,0.652800,0.022378,0.755746,0,1
ideal_6d_disc_lpc,2.850000,1.616055,1.178290,2.785945,1.232542,2.179490,0.814675,0.097043,0.246447,-0.545442,0.612867,-0.645397,0.022735,-0.021306,0.645797,0.021306,0.747448,0,1
ideal_6d_disc_lpc,2.900000,1.602697,1.196395,2.759099,1.263329,2.191787,0.812157,0.088400,0.245930,-0.544442,0.609095,-0.638120,0.033280,-0.020259,0.638987,0.020259,0.739367,0,1
ideal_6d_disc_lpc,2.950000,1.589137,1.214349,2.732294,1.293921,2.204058,0.809539,0.080004,0.245413,-0.543558,0.605227,-0.630871,0.043369,-0.019239,0.632360,0.019239,0.731495,0,1
ideal_6d_disc_lpc,3.000000,1.575375,1.232150,2.705525,1.324315,2.216302,0.806831,0.071856,0.244896,-0.542790,0.601264,-0.623660,0.053015,-0.018244,0.625910,0.018244,0.723826,0,1
ideal_6d_disc_lpc,3.050000,1.561414,1.249795,2.678785,1.354504,2.228521,0.804041,0.063956,0.244381,-0.542139,0.597209,-0.616495,0.062228,-0.017275,0.619628,0.017275,0.716353,0,1
ideal_6d_disc_lpc,3.100000,1.547255,1.267281,2.652068,1.384485,2.240715,0.801180,0.056304,0.243869,-0.541606,0.593062,-0.609382,0.071021,-0.016331,0.613507,0.016331,0.709069,0,1
ideal_6d_disc_lpc,3.150000,1.532901,1.284607,2.625369,1.414253,2.252883,0.798255,0.048899,0.243361,-0.541189,0.588826,-0.602329,0.079405,-0.015413,0.607540,0.015413,0.701968,0,1
ideal_6d_disc_lpc,3.200000,1.518352,1.301771,2.598682,1.443805,2.265026,0.795274,0.041739,0.242858,-0.540889,0.584502,-0.595342,0.087392,-0.014520,0.601722,0.014520,0.695043,0,1
ideal_6d_disc_lpc,3.250000,1.503611,1.318769,2.572000,1.473135,2.277144,0.792247,0.034821,0.242361,-0.540705,0.580091,-0.588426,0.094993,-0.013652,0.596044,0.013652,0.688288,0,1
ideal_6d_disc_lpc,3.300000,1.488680,1.335601,2.545318,1.502239,2.289237,0.789179,0.028145,0.241870,-0.540635,0.575594,-0.581588,0.102221,-0.012809,0.590503,0.012809,0.681697,0,1
ideal_6d_disc_lpc,3.350000,1.473561,1.352264,2.518631,1.531114,2.301307,0.786077,0.021706,0.241386,-0.540677,0.571014,-0.574832,0.109087,-0.011990,0.585091,0.011990,0.675262,0,1
ideal_6d_disc_lpc,3.400000,1.458255,1.368756,2.491932,1.559755,2.313352,0.782950,0.015501,0.240909,-0.540830,0.566351,-0.568162,0.115602,-0.011194,0.579804,0.011194,0.668980,0,1
ideal_6d_disc_lpc,3.450000,1.442765,1.385074,2.465217,1.588159,2.325374,0.779802,0.009528,0.240441,-0.541091,0.561607,-0.561584,0.121777,-0.010422,0.574636,0.010422,0.662844,0,1
ideal_6d_disc_lpc,3.500000,1.427092,1.401217,2.438480,1.616321,2.337373,0.776639,0.003781,0.239980,-0.541458,0.556782,-0.555101,0.127624,-0.009673,0.569583,0.009673,0.656849,0,1
ideal_6d_disc_lpc,3.550000,1.411238,1.417183,2.411716,1.644237,2.349350,0.773468,-0.001742,0.239528,-0.541928,0.551879,-0.548716,0.133155,-0.008947,0.564641,0.008947,0.650990,0,1
ideal_6d_disc_lpc,3.600000,1.395206,1.432969,2.384920,1.671904,2.361304,0.770294,-0.007047,0.239085,-0.542499,0.546898,-0.542433,0.138379,-0.008242,0.559806,0.008242,0.645262,0,1
ideal_6d_disc_lpc,3.650000,1.378997,1.448574,2.358087,1.699319,2.373237,0.767121,-0.012137,0.238651,-0.543167,0.541841,-0.536255,0.143308,-0.007560,0.555073,0.007560,0.639660,0,1
ideal_6d_disc_lpc,3.700000,1.362613,1.463996,2.331212,1.726476,2.385148,0.763954,-0.017017,0.238227,-0.543930,0.536709,-0.530183,0.147952,-0.006898,0.550440,0.006898,0.634181,0,1
ideal_6d_disc_lpc,3.750000,1.346058,1.479233,2.304291,1.753373,2.397038,0.760799,-0.021692,0.237812,-0.544784,0.531503,-0.524220,0.152323,-0.006258,0.545902,0.006258,0.628820,0,1
ideal_6d_disc_lpc,3.800000,1.329331,1.494282,2.277319,1.780006,2.408909,0.757657,-0.026167,0.237406,-0.545727,0.526224,-0.518369,0.156429,-0.005638,0.541457,0.005638,0.623573,0,1
ideal_6d_disc_lpc,3.850000,1.312437,1.509142,2.250292,1.806372,2.420759,0.754535,-0.030446,0.237010,-0.546754,0.520874,-0.512630,0.160281,-0.005037,0.537103,0.005037,0.618437,0,1
ideal_6d_disc_lpc,3.900000,1.295376,1.523811,2.223205,1.832467,2.432590,0.751434,-0.034536,0.236623,-0.547862,0.515454,-0.507005,0.163889,-0.004456,0.532835,0.004456,0.613408,0,1
ideal_6d_disc_lpc,3.950000,1.278152,1.538287,2.196056,1.858288,2.444403,0.748359,-0.038440,0.236246,-0.549048,0.509966,-0.501495,0.167263,-0.003894,0.528653,0.003894,0.608483,0,1
ideal_6d_disc_lpc,4.000000,1.260766,1.552569,2.168840,1.883831,2.456197,0.745313,-0.042164,0.235879,-0.550309,0.504410,-0.496102,0.170412,-0.003350,0.524554,0.003350,0.603659,0,1
ideal_6d_disc_lpc,4.050000,1.243220,1.566654,2.141554,1.909094,2.467973,0.742297,-0.045713,0.235521,-0.551640,0.498787,-0.490825,0.173344,-0.002824,0.520536,0.002824,0.598934,0,1
ideal_6d_disc_lpc,4.100000,1.225517,1.580541,2.114193,1.934072,2.479731,0.739316,-0.049092,0.235172,-0.553038,0.493100,-0.485665,0.176070,-0.002315,0.516596,0.002315,0.594305,0,1
ideal_6d_disc_lpc,4.150000,1.207659,1.594227,2.086756,1.958763,2.491473,0.736372,-0.052306,0.234833,-0.554500,0.487348,-0.480623,0.178598,-0.001823,0.512734,0.001823,0.589769,0,1
ideal_6d_disc_lpc,4.200000,1.189647,1.607712,2.059240,1.983165,2.503198,0.733465,-0.055361,0.234504,-0.556022,0.481535,-0.475699,0.180936,-0.001348,0.508948,0.001348,0.585325,0,1
ideal_6d_disc_lpc,4.250000,1.171486,1.620994,2.031640,2.007272,2.514907,0.730600,-0.058261,0.234183,-0.557600,0.475660,-0.470892,0.183093,-0.000889,0.505235,0.000889,0.580969,0,1
ideal_6d_disc_lpc,4.300000,1.153176,1.634070,2.003955,2.031084,2.526601,0.727777,-0.061011,0.233872,-0.559232,0.469725,-0.466203,0.185077,-0.000446,0.501596,0.000446,0.576701,0,1
ideal_6d_disc_lpc,4.350000,1.134720,1.646940,1.976182,2.054596,2.538279,0.724998,-0.063617,0.233569,-0.560912,0.463731,-0.461631,0.186895,-0.000017,0.498029,0.000017,0.572519,0,1
ideal_6d_disc_lpc,4.400000,1.116120,1.659601,1.948319,2.077807,2.549943,0.722264,-0.066083,0.233276,-0.562638,0.457680,-0.457174,0.188556,0.000397,0.494532,0.000397,0.568420,0,1
ideal_6d_disc_lpc,4.450000,1.097380,1.672052,1.920363,2.100713,2.561593,0.719578,-0.068414,0.232991,-0.564407,0.451572,-0.452834,0.190066,0.000796,0.491104,0.000796,0.564404,0,1
ideal_6d_disc_lpc,4.500000,1.078500,1.684291,1.892314,2.123311,2.573228,0.716939,-0.070616,0.232715,-0.566214,0.445409,-0.448608,0.191432,0.001182,0.487746,0.001182,0.560469,0,1
ideal_6d_disc_lpc,4.550000,1.059484,1.696318,1.864168,2.145599,2.584851,0.714349,-0.072692,0.232446,-0.568057,0.439193,-0.444497,0.192663,0.001554,0.484455,0.001554,0.556613,0,1
ideal_6d_disc_lpc,4.600000,1.040334,1.708129,1.835925,2.167575,2.596460,0.711810,-0.074647,0.232187,-0.569932,0.432923,-0.440498,0.193764,0.001914,0.481230,0.001914,0.552835,0,1
ideal_6d_disc_lpc,4.650000,1.021052,1.719725,1.807582,2.189235,2.608057,0.709320,-0.076486,0.231935,-0.571836,0.426603,-0.436611,0.194742,0.002260,0.478072,0.002260,0.549135,0,1
ideal_6d_disc_lpc,4.700000,1.001641,1.731102,1.779139,2.210578,2.619641,0.706883,-0.078214,0.231691,-0.573764,0.420232,-0.432834,0.195603,0.002595,0.474979,0.002595,0.545511,0,1
ideal_6d_disc_lpc,4.750000,0.982103,1.742261,1.750595,2.231600,2.631214,0.704496,-0.079834,0.231454,-0.575715,0.413812,-0.429166,0.196353,0.002918,0.471951,0.002918,0.541962,0,1
ideal_6d_disc_lpc,4.800000,0.962441,1.753199,1.721948,2.252300,2.642775,0.702162,-0.081351,0.231226,-0.577686,0.407344,-0.425607,0.196998,0.003229,0.468988,0.003229,0.538488,0,1
ideal_6d_disc_lpc,4.850000,0.942657,1.763916,1.693198,2.272675,2.654325,0.699880,-0.082770,0.231004,-0.579671,0.400830,-0.422153,0.197545,0.003529,0.466087,0.003529,0.535087,0,1
ideal_6d_disc_lpc,4.900000,0.922753,1.774409,1.664344,2.292722,2.665865,0.697651,-0.084094,0.230790,-0.581670,0.394270,-0.418804,0.197997,0.003819,0.463249,0.003819,0.531758,0,1
ideal_6d_disc_lpc,4.950000,0.902733,1.784677,1.635385,2.312441,2.677394,0.695475,-0.085327,0.230582,-0.583679,0.387666,-0.415558,0.198361,0.004098,0.460474,0.004098,0.528501,0,1
ideal_6d_disc_lpc,5.000000,0.882599,1.794720,1.606322,2.331828,2.688913,0.693351,-0.086473,0.230382,-0.585694,0.381018,-0.412414,0.198642,0.004367,0.457760,0.004367,0.525315,0,1
ideal_6d_disc_lpc,5.050000,0.862353,1.804535,1.577154,2.350881,2.700423,0.691279,-0.087536,0.230188,-0.587713,0.374329,-0.409370,0.198844,0.004626,0.455107,0.004626,0.522198,0,1
ideal_6d_disc_lpc,5.100000,0.841998,1.814122,1.547880,2.369599,2.711923,0.689260,-0.088519,0.230000,-0.589734,0.367599,-0.406423,0.198973,0.004876,0.452515,0.004876,0.519152,0,1
ideal_6d_disc_lpc,5.150000,0.821536,1.823480,1.518502,2.387979,2.723414,0.687293,-0.089427,0.229819,-0.591753,0.360828,-0.403573,0.199032,0.005117,0.449983,0.005117,0.516174,0,1
ideal_6d_disc_lpc,5.200000,0.800970,1.832606,1.489019,2.406020,2.734896,0.685378,-0.090262,0.229644,-0.593768,0.354020,-0.400817,0.199026,0.005349,0.447511,0.005349,0.513264,0,1
ideal_6d_disc_lpc,5.250000,0.780303,1.841501,1.459431,2.423719,2.746369,0.683514,-0.091028,0.229474,-0.595775,0.347173,-0.398154,0.198960,0.005573,0.445097,0.005573,0.510422,0,1
ideal_6d_disc_lpc,5.300000,0.759538,1.850163,1.429739,2.441075,2.757835,0.681701,-0.091728,0.229311,-0.597773,0.340291,-0.395581,0.198836,0.005789,0.442742,0.005789,0.507646,0,1
ideal_6d_disc_lpc,5.350000,0.738676,1.858590,1.399944,2.458087,2.769293,0.679939,-0.092366,0.229153,-0.599760,0.333372,-0.393097,0.198660,0.005996,0.440444,0.005996,0.504936,0,1
ideal_6d_disc_lpc,5.400000,0.717720,1.866783,1.370047,2.474751,2.780743,0.678227,-0.092945,0.229000,-0.601731,0.326420,-0.390700,0.198434,0.006196,0.438204,0.006196,0.502292,0,1
ideal_6d_disc_lpc,5.450000,0.696674,1.874739,1.340047,2.491067,2.792185,0.676564,-0.093466,0.228853,-0.603686,0.319434,-0.388388,0.198162,0.006389,0.436020,0.006389,0.499712,0,1
ideal_6d_disc_lpc,5.500000,0.675539,1.882458,1.309946,2.507033,2.803621,0.674951,-0.093934,0.228711,-0.605622,0.312417,-0.386160,0.197848,0.006574,0.433893,0.006574,0.497196,0,1
ideal_6d_disc_lpc,5.550000,0.654319,1.889938,1.279746,2.522648,2.815049,0.673385,-0.094351,0.228573,-0.607536,0.305368,-0.384012,0.197495,0.006753,0.431821,0.006753,0.494743,0,1
ideal_6d_disc_lpc,5.600000,0.633017,1.897179,1.249447,2.537909,2.826471,0.671867,-0.094720,0.228441,-0.609427,0.298288,-0.381943,0.197105,0.006925,0.429804,0.006925,0.492353,0,1
ideal_6d_disc_lpc,5.650000,0.611634,1.904181,1.219051,2.552816,2.837887,0.670396,-0.095042,0.228313,-0.611292,0.291180,-0.379952,0.196682,0.007091,0.427840,0.007091,0.490025,0,1
ideal_6d_disc_lpc,5.700000,0.590174,1.910941,1.188558,2.567367,2.849297,0.668971,-0.095322,0.228190,-0.613129,0.284044,-0.378036,0.196229,0.007250,0.425931,0.007250,0.487758,0,1
ideal_6d_disc_lpc,5.750000,0.568639,1.917459,1.157971,2.581561,2.860700,0.667591,-0.095561,0.228071,-0.614936,0.276881,-0.376194,0.195747,0.007404,0.424074,0.007404,0.485552,0,1
ideal_6d_disc_lpc,5.800000,0.547032,1.923735,1.127291,2.595396,2.872098,0.666256,-0.095761,0.227956,-0.616712,0.269692,-0.374423,0.195241,0.007552,0.422270,0.007552,0.483405,0,1
ideal_6d_disc_lpc,5.850000,0.525355,1.929767,1.096520,2.608871,2.883490,0.664964,-0.095925,0.227845,-0.618454,0.262477,-0.372722,0.194711,0.007694,0.420517,0.007694,0.481317,0,1
ideal_6d_disc_lpc,5.900000,0.503613,1.935555,1.065660,2.621985,2.894877,0.663716,-0.096055,0.227739,-0.620160,0.255239,-0.371089,0.194161,0.007831,0.418814,0.007831,0.479288,0,1
ideal_6d_disc_lpc,5.950000,0.481806,1.941098,1.034711,2.634737,2.906259,0.662509,-0.096152,0.227636,-0.621829,0.247977,-0.369522,0.193593,0.007963,0.417162,0.007963,0.477315,0,1
ideal_6d_disc_lpc,6.000000,0.459939,1.946396,1.003677,2.647126,2.917636,0.661344,-0.096219,0.227536,-0.623459,0.240694,-0.368018,0.193008,0.008089,0.415559,0.008089,0.475400,0,1
ideal_6d_disc_lpc,6.050000,0.438013,1.951447,0.972560,2.659150,2.929008,0.660219,-0.096258,0.227441,-0.625048,0.233389,-0.366578,0.192408,0.008211,0.414005,0.008211,0.473540,0,1
ideal_6d_disc_lpc,6.100000,0.416032,1.956251,0.941360,2.670809,2.940375,0.659134,-0.096271,0.227349,-0.626594,0.226064,-0.365197,0.191796,0.008329,0.412498,0.008329,0.471735,0,1
ideal_6d_disc_lpc,6.150000,0.393999,1.960807,0.910082,2.682101,2.951738,0.658087,-0.096258,0.227260,-0.628097,0.218720,-0.363876,0.191173,0.008442,0.411038,0.008442,0.469984,0,1
ideal_6d_disc_lpc,6.200000,0.371915,1.965116,0.878726,2.693026,2.963097,0.657078,-0.096223,0.227174,-0.629554,0.211358,-0.362611,0.190541,0.008551,0.409625,0.008551,0.468286,0,1
ideal_6d_disc_lpc,6.250000,0.349784,1.969175,0.847296,2.703582,2.974451,0.656106,-0.096166,0.227092,-0.630964,0.203978,-0.361401,0.189901,0.008655,0.408257,0.008655,0.466640,0,1
ideal_6d_disc_lpc,6.300000,0.327610,1.972986,0.815793,2.713769,2.985802,0.655170,-0.096088,0.227012,-0.632326,0.196582,-0.360246,0.189255,0.008756,0.406933,0.008756,0.465047,0,1
ideal_6d_disc_lpc,6.350000,0.305393,1.976546,0.784221,2.723587,2.997149,0.654269,-0.095993,0.226936,-0.633638,0.189170,-0.359142,0.188605,0.008853,0.405653,0.008853,0.463503,0,1
ideal_6d_disc_lpc,6.400000,0.283138,1.979857,0.752581,2.733033,3.008492,0.653402,-0.095880,0.226862,-0.634899,0.181744,-0.358088,0.187951,0.008946,0.404416,0.008946,0.462010,0,1
ideal_6d_disc_lpc,6.450000,0.260847,1.982917,0.720876,2.742109,3.019832,0.652569,-0.095751,0.226791,-0.636108,0.174304,-0.357083,0.187294,0.009035,0.403221,0.009035,0.460565,0,1
ideal_6d_disc_lpc,6.500000,0.238524,1.985726,0.689110,2.750812,3.031168,0.651768,-0.095608,0.226723,-0.637263,0.166851,-0.356125,0.186637,0.009121,0.402067,0.009121,0.459168,0,1
ideal_6d_disc_lpc,6.550000,0.216170,1.988283,0.657284,2.759142,3.042501,0.650999,-0.095451,0.226657,-0.638363,0.159386,-0.355212,0.185979,0.009204,0.400954,0.009204,0.457818,0,1
ideal_6d_disc_lpc,6.600000,0.193788,1.990589,0.625402,2.767100,3.053830,0.650261,-0.095282,0.226594,-0.639407,0.151910,-0.354344,0.185323,0.009284,0.399880,0.009284,0.456514,0,1
ideal_6d_disc_lpc,6.650000,0.171382,1.992644,0.593466,2.774683,3.065157,0.649553,-0.095102,0.226532,-0.640394,0.144425,-0.353517,0.184668,0.009360,0.398844,0.009360,0.455255,0,1
ideal_6d_disc_lpc,6.700000,0.148955,1.994445,0.561479,2.781892,3.076481,0.648874,-0.094911,0.226474,-0.641323,0.136930,-0.352732,0.184016,0.009434,0.397847,0.009434,0.454040,0,1
ideal_6d_disc_lpc,6.750000,0.126508,1.995995,0.529445,2.788727,3.087801,0.648223,-0.094712,0.226417,-0.642193,0.129426,-0.351986,0.183368,0.009505,0.396886,0.009505,0.452868,0,1
ideal_6d_disc_lpc,6.800000,0.104046,1.997292,0.497366,2.795186,3.099119,0.647599,-0.094504,0.226363,-0.643002,0.121916,-0.351279,0.182725,0.009573,0.395961,0.009573,0.451738,0,1
ideal_6d_disc_lpc,6.850000,0.081570,1.998336,0.465245,2.801270,3.110435,0.647002,-0.094288,0.226310,-0.643751,0.114399,-0.350608,0.182086,0.009639,0.395072,0.009639,0.450650,0,1
ideal_6d_disc_lpc,6.900000,0.059084,1.999127,0.433086,2.806978,3.121748,0.646431,-0.094067,0.226260,-0.644437,0.106876,-0.349973,0.181453,0.009702,0.394216,0.009702,0.449602,0,1
ideal_6d_disc_lpc,6.950000,0.036591,1.999665,0.400891,2.812309,3.133059,0.645885,-0.093839,0.226211,-0.645061,0.099348,-0.349372,0.180827,0.009762,0.393394,0.009762,0.448593,0,1
ideal_6d_disc_lpc,7.000000,0.014093,1.999950,0.368664,2.817265,-3.138819,0.645364,-0.093607,0.226164,-0.645621,0.091816,-0.348804,0.180207,0.009820,0.392605,0.009820,0.447623,0,1
ideal_6d_disc_lpc,7.050000,-0.008407,1.999982,0.336408,2.821844,-3.127513,0.644866,-0.093370,0.226120,-0.646116,0.084281,-0.348267,0.179595,0.009876,0.391847,0.009876,0.446690,0,1
ideal_6d_disc_lpc,7.100000,-0.030906,1.999761,0.304126,2.826046,-3.116209,0.644390,-0.093130,0.226076,-0.646547,0.076744,-0.347761,0.178991,0.009930,0.391120,0.009930,0.445794,0,1
ideal_6d_disc_lpc,7.150000,-0.053401,1.999287,0.271822,2.829872,-3.104907,0.643937,-0.092886,0.226035,-0.646911,0.069206,-0.347284,0.178395,0.009982,0.390424,0.009982,0.444933,0,1
ideal_6d_disc_lpc,7.200000,-0.075889,1.998560,0.239498,2.833321,-3.093607,0.643505,-0.092641,0.225995,-0.647208,0.061667,-0.346835,0.177807,0.010032,0.389756,0.010032,0.444107,0,1
ideal_6d_disc_lpc,7.250000,-0.098368,1.997579,0.207159,2.836393,-3.082309,0.643094,-0.092393,0.225956,-0.647438,0.054128,-0.346413,0.177229,0.010079,0.389117,0.010079,0.443314,0,1
ideal_6d_disc_lpc,7.300000,-0.120834,1.996346,0.174807,2.839088,-3.071014,0.642702,-0.092144,0.225919,-0.647600,0.046591,-0.346017,0.176660,0.010125,0.388505,0.010125,0.442554,0,1
ideal_6d_disc_lpc,7.350000,-0.143284,1.994861,0.142447,2.841406,-3.059719,0.642330,-0.091894,0.225883,-0.647694,0.039056,-0.345645,0.176100,0.010170,0.387920,0.010170,0.441826,0,1
ideal_6d_disc_lpc,7.400000,-0.165717,1.993123,0.110081,2.843348,-3.048427,0.641976,-0.091644,0.225849,-0.647718,0.031523,-0.345298,0.175550,0.010212,0.387361,0.010212,0.441129,0,1
ideal_6d_disc_lpc,7.450000,-0.188129,1.991132,0.077713,2.844913,-3.037136,0.641640,-0.091394,0.225816,-0.647672,0.023994,-0.344973,0.175011,0.010253,0.386827,0.010253,0.440462,0,1
ideal_6d_disc_lpc,7.500000,-0.210517,1.988890,0.045346,2.846102,-3.025847,0.641322,-0.091145,0.225784,-0.647557,0.016470,-0.344670,0.174481,0.010292,0.386317,0.010292,0.439824,0,1
ideal_6d_disc_lpc,7.550000,-0.232878,1.986396,0.012985,2.846915,-3.014559,0.641020,-0.090896,0.225754,-0.647370,0.008951,-0.344388,0.173962,0.010330,0.385831,0.010330,0.439215,0,1
ideal_6d_disc_lpc,7.600000,-0.255210,1.983650,-0.019368,2.847352,-3.003273,0.640734,-0.090648,0.225724,-0.647113,0.001439,-0.344126,0.173453,0.010366,0.385368,0.010366,0.438633,0,1
ideal_6d_disc_lpc,7.650000,-0.277509,1.980654,-0.051709,2.847414,-2.991988,0.640464,-0.090402,0.225696,-0.646784,-0.006067,-0.343883,0.172955,0.010401,0.384927,0.010401,0.438077,0,1
ideal_6d_disc_lpc,7.700000,-0.299773,1.977406,-0.084033,2.847101,-2.980705,0.640208,-0.090158,0.225669,-0.646383,-0.013564,-0.343658,0.172467,0.010434,0.384508,0.010434,0.437547,0,1
ideal_6d_disc_lpc,7.750000,-0.322000,1.973909,-0.116339,2.846412,-2.969423,0.639967,-0.089916,0.225643,-0.645909,-0.021053,-0.343451,0.171990,0.010466,0.384108,0.010466,0.437042,0,1
ideal_6d_disc_lpc,7.800000,-0.344185,1.970162,-0.148621,2.845350,-2.958142,0.639739,-0.089676,0.225618,-0.645363,-0.028532,-0.343260,0.171524,0.010497,0.383729,0.010497,0.436562,0,1
ideal_6d_disc_lpc,7.850000,-0.366327,1.966165,-0.180876,2.843913,-2.946862,0.639525,-0.089439,0.225594,-0.644744,-0.036001,-0.343085,0.171069,0.010527,0.383369,0.010527,0.436104,0,1
ideal_6d_disc_lpc,7.900000,-0.388423,1.961919,-0.213101,2.842104,-2.935584,0.639323,-0.089204,0.225570,-0.644052,-0.043459,-0.342926,0.170624,0.010555,0.383028,0.010555,0.435669,0,1
ideal_6d_disc_lpc,7.950000,-0.410470,1.957426,-0.245292,2.839922,-2.924306,0.639133,-0.088972,0.225548,-0.643286,-0.050905,-0.342780,0.170190,0.010583,0.382705,0.010583,0.435256,0,1
ideal_6d_disc_lpc,8.000000,-0.432464,1.952684,-0.277445,2.837367,-2.913030,0.638955,-0.088744,0.225527,-0.642446,-0.058337,-0.342648,0.169767,0.010609,0.382399,0.010609,0.434863,0,1
ideal_6d_disc_lpc,8.050000,-0.454404,1.947695,-0.309557,2.834441,-2.901754,0.638789,-0.088519,0.225506,-0.641532,-0.065756,-0.342530,0.169354,0.010634,0.382109,0.010634,0.434491,0,1
ideal_6d_disc_lpc,8.100000,-0.476287,1.942460,-0.341623,2.831144,-2.890480,0.638633,-0.088297,0.225486,-0.640543,-0.073161,-0.342423,0.168952,0.010659,0.381836,0.010659,0.434139,0,1
ideal_6d_disc_lpc,8.150000,-0.498109,1.936979,-0.373641,2.827478,-2.879207,0.638487,-0.088079,0.225467,-0.639481,-0.080550,-0.342328,0.168561,0.010682,0.381577,0.010682,0.433805,0,1
ideal_6d_disc_lpc,8.200000,-0.519868,1.931253,-0.405605,2.823441,-2.867934,0.638351,-0.087864,0.225449,-0.638343,-0.087923,-0.342245,0.168180,0.010705,0.381334,0.010705,0.433490,0,1
ideal_6d_disc_lpc,8.250000,-0.541561,1.925282,-0.437514,2.819037,-2.856663,0.638225,-0.087654,0.225431,-0.637131,-0.095279,-0.342171,0.167809,0.010726,0.381105,0.010726,0.433192,0,1
ideal_6d_disc_lpc,8.300000,-0.563186,1.919068,-0.469362,2.814265,-2.845392,0.638107,-0.087447,0.225414,-0.635844,-0.102618,-0.342108,0.167449,0.010747,0.380890,0.010747,0.432910,0,1
ideal_6d_disc_lpc,8.350000,-0.584739,1.912611,-0.501146,2.809126,-2.834122,0.637999,-0.087244,0.225398,-0.634482,-0.109937,-0.342054,0.167098,0.010767,0.380687,0.010767,0.432645,0,1
ideal_6d_disc_lpc,8.400000,-0.606218,1.905912,-0.532862,2.803621,-2.822853,0.637898,-0.087045,0.225382,-0.633045,-0.117237,-0.342009,0.166758,0.010786,0.380498,0.010786,0.432396,0,1
ideal_6d_disc_lpc,8.450000,-0.627621,1.898971,-0.564507,2.797751,-2.811585,0.637805,-0.086850,0.225367,-0.631533,-0.124517,-0.341973,0.166427,0.010804,0.380320,0.010804,0.432161,0,1
ideal_6d_disc_lpc,8.500000,-0.648944,1.891790,-0.596076,2.791518,-2.800317,0.637720,-0.086659,0.225353,-0.629946,-0.131776,-0.341944,0.166107,0.010822,0.380154,0.010822,0.431940,0,1
ideal_6d_disc_lpc,8.550000,-0.670186,1.884370,-0.627567,2.784921,-2.789050,0.637642,-0.086473,0.225339,-0.628283,-0.139014,-0.341923,0.165795,0.010839,0.379999,0.010839,0.431734,0,1
ideal_6d_disc_lpc,8.600000,-0.691342,1.876712,-0.658975,2.777963,-2.777784,0.637570,-0.086290,0.225326,-0.626545,-0.146228,-0.341909,0.165494,0.010855,0.379855,0.010855,0.431540,0,1
ideal_6d_disc_lpc,8.650000,-0.712411,1.868815,-0.690296,2.770645,-2.766518,0.637505,-0.086112,0.225313,-0.624733,-0.153419,-0.341901,0.165201,0.010871,0.379720,0.010871,0.431359,0,1
ideal_6d_disc_lpc,8.700000,-0.733389,1.860683,-0.721526,2.762967,-2.755253,0.637446,-0.085938,0.225301,-0.622845,-0.160586,-0.341899,0.164918,0.010886,0.379596,0.010886,0.431191,0,1
ideal_6d_disc_lpc,8.750000,-0.754275,1.852315,-0.752663,2.754931,-2.743989,0.637393,-0.085768,0.225289,-0.620882,-0.167728,-0.341904,0.164644,0.010900,0.379481,0.010900,0.431033,0,1
ideal_6d_disc_lpc,8.800000,-0.775065,1.843712,-0.783702,2.746537,-2.732725,0.637346,-0.085603,0.225277,-0.618844,-0.174844,-0.341913,0.164378,0.010914,0.379374,0.010914,0.430887,0,1
ideal_6d_disc_lpc,8.850000,-0.795758,1.834876,-0.814639,2.737789,-2.721462,0.637304,-0.085441,0.225266,-0.616731,-0.181933,-0.341928,0.164121,0.010927,0.379276,0.010927,0.430752,0,1
ideal_6d_disc_lpc,8.900000,-0.816349,1.825808,-0.845470,2.728686,-2.710199,0.637267,-0.085284,0.225256,-0.614543,-0.188994,-0.341947,0.163873,0.010940,0.379186,0.010940,0.430626,0,1
ideal_6d_disc_lpc,8.950000,-0.836838,1.816508,-0.876193,2.719230,-2.698936,0.637234,-0.085131,0.225246,-0.612281,-0.196028,-0.341971,0.163633,0.010952,0.379104,0.010952,0.430510,0,1
ideal_6d_disc_lpc,9.000000,-0.857220,1.806979,-0.906802,2.709422,-2.687675,0.637206,-0.084982,0.225236,-0.609944,-0.203032,-0.341999,0.163401,0.010964,0.379029,0.010964,0.430403,0,1
ideal_6d_disc_lpc,9.050000,-0.877494,1.797221,-0.937295,2.699265,-2.676413,0.637182,-0.084837,0.225227,-0.607532,-0.210007,-0.342030,0.163177,0.010976,0.378961,0.010976,0.430306,0,1
ideal_6d_disc_lpc,9.100000,-0.897657,1.787236,-0.967668,2.688758,-2.665152,0.637162,-0.084696,0.225218,-0.605047,-0.216951,-0.342065,0.162960,0.010987,0.378899,0.010987,0.430216,0,1
ideal_6d_disc_lpc,9.150000,-0.917706,1.777025,-0.997916,2.677905,-2.653892,0.637146,-0.084559,0.225209,-0.602487,-0.223864,-0.342104,0.162752,0.010997,0.378844,0.010997,0.430134,0,1
ideal_6d_disc_lpc,9.200000,-0.937639,1.766588,-1.028037,2.666706,-2.642632,0.637134,-0.084426,0.225201,-0.599854,-0.230744,-0.342145,0.162551,0.011007,0.378795,0.011007,0.430060,0,1
ideal_6d_disc_lpc,9.250000,-0.957453,1.755928,-1.058026,2.655164,-2.631372,0.637125,-0.084297,0.225193,-0.597146,-0.237592,-0.342188,0.162357,0.011017,0.378751,0.011017,0.429994,0,1
ideal_6d_disc_lpc,9.300000,-0.977146,1.745046,-1.087880,2.643279,-2.620113,0.637119,-0.084171,0.225185,-0.594366,-0.244406,-0.342235,0.162170,0.011026,0.378713,0.011026,0.429934,0,1
ideal_6d_disc_lpc,9.350000,-0.996716,1.733943,-1.117595,2.631053,-2.608854,0.637116,-0.084050,0.225178,-0.591512,-0.251185,-0.342283,0.161990,0.011035,0.378680,0.011035,0.429880,0,1
ideal_6d_disc_lpc,9.400000,-1.016159,1.722620,-1.147168,2.618489,-2.597596,0.637115,-0.083932,0.225171,-0.588586,-0.257929,-0.342333,0.161816,0.011043,0.378651,0.011043,0.429833,0,1
ideal_6d_disc_lpc,9.450000,-1.035474,1.711080,-1.176594,2.605588,-2.586337,0.637117,-0.083818,0.225164,-0.585586,-0.264637,-0.342386,0.161650,0.011052,0.378627,0.011052,0.429791,0,1
ideal_6d_disc_lpc,9.500000,-1.054658,1.699323,-1.205871,2.592351,-2.575079,0.637122,-0.083708,0.225158,-0.582515,-0.271308,-0.342440,0.161489,0.011059,0.378607,0.011059,0.429755,0,1
ideal_6d_disc_lpc,9.550000,-1.073708,1.687350,-1.234994,2.578781,-2.563822,0.637129,-0.083601,0.225151,-0.579371,-0.277942,-0.342495,0.161335,0.011067,0.378592,0.011067,0.429724,0,1
ideal_6d_disc_lpc,9.600000,-1.092622,1.675165,-1.263960,2.564879,-2.552565,0.637138,-0.083498,0.225145,-0.576155,-0.284537,-0.342551,0.161187,0.011074,0.378580,0.011074,0.429698,0,1
ideal_6d_disc_lpc,9.650000,-1.111398,1.662767,-1.292766,2.550648,-2.541308,0.637149,-0.083398,0.225140,-0.572869,-0.291094,-0.342609,0.161045,0.011081,0.378571,0.011081,0.429677,0,1
ideal_6d_disc_lpc,9.700000,-1.130034,1.650159,-1.321407,2.536089,-2.530051,0.637162,-0.083301,0.225134,-0.569511,-0.297610,-0.342667,0.160908,0.011088,0.378566,0.011088,0.429660,0,1
ideal_6d_disc_lpc,9.750000,-1.148526,1.637342,-1.349880,2.521204,-2.518795,0.637176,-0.083208,0.225129,-0.566082,-0.304086,-0.342727,0.160777,0.011094,0.378564,0.011094,0.429647,0,1
ideal_6d_disc_lpc,9.800000,-1.166873,1.624317,-1.378182,2.505996,-2.507538,0.637192,-0.083118,0.225124,-0.562583,-0.310520,-0.342787,0.160652,0.011101,0.378565,0.011101,0.429639,0,1
ideal_6d_disc_lpc,9.850000,-1.185072,1.611088,-1.406310,2.490466,-2.496282,0.637209,-0.083031,0.225119,-0.559014,-0.316913,-0.342847,0.160531,0.011107,0.378569,0.011107,0.429633,0,1
ideal_6d_disc_lpc,9.900000,-1.203122,1.597654,-1.434259,2.474616,-2.485027,0.637228,-0.082947,0.225114,-0.555375,-0.323262,-0.342908,0.160416,0.011112,0.378575,0.011112,0.429631,0,1
ideal_6d_disc_lpc,9.950000,-1.221019,1.584018,-1.462026,2.458449,-2.473771,0.637248,-0.082866,0.225110,-0.551667,-0.329569,-0.342969,0.160306,0.011118,0.378584,0.011118,0.429633,0,1
ideal_6d_disc_lpc,10.000000,-1.238761,1.570182,-1.489607,2.441967,-2.462516,0.637269,-0.082788,0.225105,-0.547890,-0.335831,-0.343030,0.160200,0.011123,0.378595,0.011123,0.429637,0,1
ideal_6d_disc_lpc,10.050000,-1.256347,1.556146,-1.517000,2.425172,-2.451261,0.637291,-0.082713,0.225101,-0.544045,-0.342047,-0.343092,0.160099,0.011128,0.378607,0.011128,0.429644,0,1
ideal_6d_disc_lpc,10.100000,-1.273774,1.541914,-1.544201,2.408066,-2.440006,0.637314,-0.082641,0.225097,-0.540131,-0.348219,-0.343153,0.160003,0.011133,0.378622,0.011133,0.429654,0,1
ideal_6d_disc_lpc,10.150000,-1.291040,1.527487,-1.571206,2.390652,-2.428751,0.637337,-0.082572,0.225093,-0.536151,-0.354343,-0.343214,0.159910,0.011138,0.378639,0.011138,0.429666,0,1
ideal_6d_disc_lpc,10.200000,-1.308142,1.512867,-1.598013,2.372931,-2.417497,0.637362,-0.082505,0.225090,-0.532103,-0.360421,-0.343275,0.159822,0.011142,0.378657,0.011142,0.429680,0,1
ideal_6d_disc_lpc,10.250000,-1.325078,1.498055,-1.624617,2.354907,-2.406243,0.637387,-0.082441,0.225086,-0.527988,-0.366451,-0.343336,0.159738,0.011146,0.378677,0.011146,0.429696,0,1
ideal_6d_disc_lpc,10.300000,-1.341847,1.483053,-1.651015,2.336581,-2.394988,0.637412,-0.082379,0.225083,-0.523808,-0.372432,-0.343396,0.159658,0.011151,0.378697,0.011151,0.429715,0,1
ideal_6d_disc_lpc,10.350000,-1.358446,1.467864,-1.677204,2.317956,-2.383735,0.637438,-0.082320,0.225079,-0.519562,-0.378364,-0.343456,0.159582,0.011154,0.378720,0.011154,0.429735,0,1
ideal_6d_disc_lpc,10.400000,-1.374874,1.452489,-1.703181,2.299035,-2.372481,0.637464,-0.082263,0.225076,-0.515250,-0.384246,-0.343516,0.159509,0.011158,0.378743,0.011158,0.429756,0,1
ideal_6d_disc_lpc,10.450000,-1.391127,1.436930,-1.728943,2.279820,-2.361227,0.637491,-0.082209,0.225073,-0.510874,-0.390078,-0.343575,0.159440,0.011162,0.378767,0.011162,0.429779,0,1
ideal_6d_disc_lpc,10.500000,-1.407204,1.421189,-1.754486,2.260313,-2.349974,0.637518,-0.082156,0.225070,-0.506434,-0.395858,-0.343633,0.159375,0.011165,0.378793,0.011165,0.429804,0,1
ideal_6d_disc_lpc,10.550000,-1.423103,1.405268,-1.779807,2.240518,-2.338720,0.637545,-0.082106,0.225067,-0.501930,-0.401586,-0.343691,0.159312,0.011169,0.378819,0.011169,0.429830,0,1
ideal_6d_disc_lpc,10.600000,-1.438822,1.389170,-1.804902,2.220436,-2.327467,0.637573,-0.082058,0.225065,-0.497363,-0.407262,-0.343748,0.159253,0.011172,0.378845,0.011172,0.429856,0,1
ideal_6d_disc_lpc,10.650000,-1.454358,1.372895,-1.829770,2.200070,-2.316214,0.637600,-0.082013,0.225062,-0.492734,-0.412884,-0.343804,0.159196,0.011175,0.378873,0.011175,0.429884,0,1
ideal_6d_disc_lpc,10.700000,-1.469711,1.356447,-1.854406,2.179423,-2.304961,0.637628,-0.081969,0.225060,-0.488043,-0.418453,-0.343859,0.159143,0.011178,0.378901,0.011178,0.429913,0,1
ideal_6d_disc_lpc,10.750000,-1.484878,1.339828,-1.878807,2.158498,-2.293708,0.637656,-0.081927,0.225057,-0.483290,-0.423966,-0.343914,0.159093,0.011181,0.378929,0.011181,0.429942,0,1
ideal_6d_disc_lpc,10.800000,-1.499857,1.323038,-1.902971,2.137298,-2.282455,0.637683,-0.081887,0.225055,-0.478476,-0.429425,-0.343968,0.159045,0.011184,0.378958,0.011184,0.429973,0,1
ideal_6d_disc_lpc,10.850000,-1.514646,1.306082,-1.926895,2.115824,-2.271203,0.637711,-0.081849,0.225053,-0.473603,-0.434827,-0.344021,0.159000,0.011186,0.378987,0.011186,0.430003,0,1
ideal_6d_disc_lpc,10.900000,-1.529243,1.288959,-1.950574,2.094080,-2.259950,0.637738,-0.081812,0.225051,-0.468669,-0.440173,-0.344073,0.158957,0.011189,0.379017,0.011189,0.430035,0,1
ideal_6d_disc_lpc,10.950000,-1.543647,1.271674,-1.974007,2.072070,-2.248698,0.637765,-0.081777,0.225049,-0.463677,-0.445462,-0.344124,0.158917,0.011191,0.379046,0.011191,0.430066,0,1
ideal_6d_disc_lpc,11.000000,-1.557855,1.254228,-1.997191,2.049794,-2.237445,0.637793,-0.081744,0.225047,-0.458626,-0.450693,-0.344175,0.158879,0.011194,0.379076,0.011194,0.430098,0,1
ideal_6d_disc_lpc,11.050000,-1.571866,1.236623,-2.020121,2.027258,-2.226193,0.637820,-0.081713,0.225045,-0.453517,-0.455865,-0.344224,0.158843,0.011196,0.379106,0.011196,0.430131,0,1
ideal_6d_disc_lpc,11.100000,-1.585678,1.218862,-2.042797,2.004463,-2.214941,0.637846,-0.081683,0.225043,-0.448351,-0.460979,-0.344273,0.158809,0.011198,0.379136,0.011198,0.430163,0,1
ideal_6d_disc_lpc,11.150000,-1.599290,1.200946,-2.065214,1.981412,-2.203689,0.637873,-0.081654,0.225041,-0.443128,-0.466033,-0.344320,0.158778,0.011200,0.379166,0.011200,0.430196,0,1
ideal_6d_disc_lpc,11.200000,-1.612699,1.182879,-2.087370,1.958108,-2.192437,0.637899,-0.081627,0.225040,-0.437850,-0.471026,-0.344367,0.158748,0.011202,0.379196,0.011202,0.430229,0,1
ideal_6d_disc_lpc,11.250000,-1.625904,1.164661,-2.109262,1.934555,-2.181185,0.637925,-0.081602,0.225038,-0.432516,-0.475959,-0.344412,0.158720,0.011204,0.379225,0.011204,0.430262,0,1
ideal_6d_disc_lpc,11.300000,-1.638903,1.146297,-2.130888,1.910755,-2.169933,0.637950,-0.081577,0.225037,-0.427128,-0.480830,-0.344457,0.158694,0.011206,0.379255,0.011206,0.430295,0,1
ideal_6d_disc_lpc,11.350000,-1.651695,1.127787,-2.152244,1.886712,-2.158681,0.637976,-0.081554,0.225035,-0.421685,-0.485639,-0.344501,0.158670,0.011208,0.379285,0.011208,0.430328,0,1
ideal_6d_disc_lpc,11.400000,-1.664278,1.109134,-2.173328,1.862429,-2.147430,0.638001,-0.081532,0.225034,-0.416190,-0.490386,-0.344543,0.158647,0.011209,0.379314,0.011209,0.430360,0,1
ideal_6d_disc_lpc,11.450000,-1.676650,1.090341,-2.194137,1.837908,-2.136178,0.638025,-0.081512,0.225032,-0.410642,-0.495070,-0.344585,0.158626,0.011211,0.379343,0.011211,0.430393,0,1
ideal_6d_disc_lpc,11.500000,-1.688810,1.071410,-2.214669,1.813153,-2.124926,0.638049,-0.081492,0.225031,-0.405042,-0.499689,-0.344625,0.158607,0.011213,0.379372,0.011213,0.430425,0,1
ideal_6d_disc_lpc,11.550000,-1.700756,1.052344,-2.234921,1.788167,-2.113675,0.638073,-0.081474,0.225030,-0.399390,-0.504245,-0.344665,0.158589,0.011214,0.379400,0.011214,0.430457,0,1
ideal_6d_disc_lpc,11.600000,-1.712487,1.033144,-2.254891,1.762953,-2.102424,0.638097,-0.081456,0.225029,-0.393689,-0.508735,-0.344704,0.158572,0.011215,0.379428,0.011215,0.430489,0,1
ideal_6d_disc_lpc,11.650000,-1.724002,1.013814,-2.274575,1.737515,-2.091172,0.638120,-0.081440,0.225028,-0.387937,-0.513161,-0.344742,0.158556,0.011217,0.379456,0.011217,0.430521,0,1
ideal_6d_disc_lpc,11.700000,-1.735298,0.994355,-2.293972,1.711855,-2.079921,0.638142,-0.081425,0.225026,-0.382136,-0.517520,-0.344778,0.158542,0.011218,0.379484,0.011218,0.430552,0,1
ideal_6d_disc_lpc,11.750000,-1.746374,0.974770,-2.313078,1.685978,-2.068670,0.638164,-0.081410,0.225025,-0.376287,-0.521813,-0.344814,0.158529,0.011219,0.379511,0.011219,0.430583,0,1
ideal_6d_disc_lpc,11.800000,-1.757230,0.955062,-2.331893,1.659886,-2.057418,0.638186,-0.081397,0.225024,-0.370391,-0.526039,-0.344849,0.158517,0.011221,0.379537,0.011221,0.430614,0,1
ideal_6d_disc_lpc,11.850000,-1.767863,0.935233,-2.350412,1.633583,-2.046167,0.638207,-0.081384,0.225023,-0.364447,-0.530198,-0.344883,0.158506,0.011222,0.379564,0.011222,0.430644,0,1
ideal_6d_disc_lpc,11.900000,-1.778272,0.915286,-2.368634,1.607072,-2.034916,0.638228,-0.081372,0.225022,-0.358458,-0.534289,-0.344916,0.158497,0.011223,0.379590,0.011223,0.430674,0,1
ideal_6d_disc_lpc,11.950000,-1.788456,0.895223,-2.386557,1.580356,-2.023665,0.638249,-0.081361,0.225022,-0.352423,-0.538311,-0.344948,0.158488,0.011224,0.379615,0.011224,0.430703,0,1
ideal_6d_disc_lpc,12.000000,-1.798414,0.875047,-2.404178,1.553440,-2.012414,0.638269,-0.081351,0.225021,-0.346343,-0.542265,-0.344979,0.158480,0.011225,0.379640,0.011225,0.430732,0,1
ideal_6d_disc_lpc,12.050000,-1.808144,0.854760,-2.421496,1.526325,-2.001163,0.638288,-0.081341,0.225020,-0.340220,-0.546149,-0.345010,0.158473,0.011226,0.379665,0.011226,0.430760,0,1
ideal_6d_disc_lpc,12.100000,-1.817646,0.834364,-2.438507,1.499017,-1.989912,0.638307,-0.081332,0.225019,-0.334054,-0.549963,-0.345039,0.158466,0.011227,0.379689,0.011227,0.430788,0,1
ideal_6d_disc_lpc,12.150000,-1.826917,0.813864,-2.455209,1.471518,-1.978661,0.638326,-0.081324,0.225018,-0.327845,-0.553707,-0.345068,0.158461,0.011228,0.379712,0.011228,0.430816,0,1
ideal_6d_disc_lpc,12.200000,-1.835957,0.793260,-2.471601,1.443831,-1.967410,0.638344,-0.081316,0.225018,-0.321594,-0.557380,-0.345095,0.158456,0.011229,0.379736,0.011229,0.430843,0,1
ideal_6d_disc_lpc,12.250000,-1.844765,0.772555,-2.487681,1.415961,-1.956159,0.638362,-0.081309,0.225017,-0.315303,-0.560982,-0.345122,0.158452,0.011230,0.379758,0.011230,0.430869,0,1
ideal_6d_disc_lpc,12.300000,-1.853339,0.751753,-2.503446,1.387911,-1.944909,0.638379,-0.081303,0.225016,-0.308972,-0.564512,-0.345148,0.158449,0.011230,0.379780,0.011230,0.430895,0,1
ideal_6d_disc_lpc,12.350000,-1.861679,0.730856,-2.518895,1.359685,-1.933658,0.638396,-0.081297,0.225016,-0.302602,-0.567971,-0.345173,0.158446,0.011231,0.379802,0.011231,0.430921,0,1
ideal_6d_disc_lpc,12.400000,-1.869783,0.709866,-2.534025,1.331285,-1.922407,0.638413,-0.081291,0.225015,-0.296194,-0.571356,-0.345198,0.158444,0.011232,0.379823,0.011232,0.430946,0,1
ideal_6d_disc_lpc,12.450000,-1.877651,0.688787,-2.548835,1.302717,-1.911156,0.638429,-0.081286,0.225014,-0.289748,-0.574669,-0.345221,0.158442,0.011233,0.379844,0.011233,0.430970,0,1
ideal_6d_disc_lpc,12.500000,-1.885281,0.667620,-2.563322,1.273982,-1.899906,0.638444,-0.081282,0.225014,-0.283265,-0.577909,-0.345244,0.158441,0.011233,0.379865,0.011233,0.430994,0,1
ideal_6d_disc_lpc,12.550000,-1.892672,0.646369,-2.577486,1.245086,-1.888655,0.638459,-0.081278,0.225013,-0.276746,-0.581075,-0.345266,0.158440,0.011234,0.379884,0.011234,0.431017,0,1
ideal_6d_disc_lpc,12.600000,-1.899824,0.625036,-2.591323,1.216032,-1.877404,0.638474,-0.081274,0.225013,-0.270192,-0.584167,-0.345288,0.158440,0.011235,0.379904,0.011235,0.431040,0,1
ideal_6d_disc_lpc,12.650000,-1.906735,0.603624,-2.604833,1.186823,-1.866154,0.638488,-0.081271,0.225012,-0.263604,-0.587184,-0.345308,0.158440,0.011235,0.379923,0.011235,0.431062,0,1
ideal_6d_disc_lpc,12.700000,-1.913405,0.582135,-2.618013,1.157463,-1.854903,0.638502,-0.081268,0.225012,-0.256983,-0.590127,-0.345328,0.158441,0.011236,0.379941,0.011236,0.431084,0,1
ideal_6d_disc_lpc,12.750000,-1.919833,0.560573,-2.630862,1.127956,-1.843653,0.638516,-0.081266,0.225011,-0.250329,-0.592994,-0.345348,0.158442,0.011236,0.379959,0.011236,0.431105,0,1
ideal_6d_disc_lpc,12.800000,-1.926018,0.538940,-2.643379,1.098305,-1.832402,0.638529,-0.081264,0.225011,-0.243643,-0.595786,-0.345366,0.158443,0.011237,0.379976,0.011237,0.431126,0,1
ideal_6d_disc_lpc,12.850000,-1.931959,0.517239,-2.655561,1.068515,-1.821151,0.638542,-0.081262,0.225010,-0.236926,-0.598503,-0.345384,0.158444,0.011238,0.379993,0.011238,0.431146,0,1
ideal_6d_disc_lpc,12.900000,-1.937655,0.495472,-2.667407,1.038590,-1.809901,0.638554,-0.081260,0.225010,-0.230179,-0.601143,-0.345402,0.158446,0.011238,0.380010,0.011238,0.431166,0,1
ideal_6d_disc_lpc,12.950000,-1.943107,0.473642,-2.678916,1.008532,-1.798650,0.638566,-0.081259,0.225010,-0.223403,-0.603706,-0.345418,0.158448,0.011239,0.380026,0.011239,0.431185,0,1
ideal_6d_disc_lpc,13.000000,-1.948312,0.451753,-2.690087,0.978346,-1.787400,0.638578,-0.081258,0.225009,-0.216599,-0.606193,-0.345434,0.158451,0.011239,0.380041,0.011239,0.431204,0,1
ideal_6d_disc_lpc,13.050000,-1.953271,0.429806,-2.700917,0.948036,-1.776150,0.638589,-0.081257,0.225009,-0.209767,-0.608602,-0.345450,0.158454,0.011239,0.380057,0.011239,0.431222,0,1
ideal_6d_disc_lpc,13.100000,-1.957982,0.407805,-2.711405,0.917605,-1.764899,0.638600,-0.081257,0.225008,-0.202908,-0.610934,-0.345465,0.158456,0.011240,0.380071,0.011240,0.431240,0,1
ideal_6d_disc_lpc,13.150000,-1.962446,0.385753,-2.721550,0.887058,-1.753649,0.638611,-0.081257,0.225008,-0.196024,-0.613189,-0.345479,0.158459,0.011240,0.380086,0.011240,0.431257,0,1
ideal_6d_disc_lpc,13.200000,-1.966662,0.363651,-2.731352,0.856398,-1.742398,0.638621,-0.081257,0.225008,-0.189115,-0.615366,-0.345493,0.158463,0.011241,0.380100,0.011241,0.431273,0,1
ideal_6d_disc_lpc,13.250000,-1.970628,0.341504,-2.740808,0.825629,-1.731148,0.638631,-0.081257,0.225007,-0.182182,-0.617464,-0.345506,0.158466,0.011241,0.380113,0.011241,0.431290,0,1
ideal_6d_disc_lpc,13.300000,-1.974345,0.319313,-2.749917,0.794755,-1.719898,0.638640,-0.081257,0.225007,-0.175225,-0.619484,-0.345519,0.158470,0.011241,0.380126,0.011241,0.431305,0,1
ideal_6d_disc_lpc,13.350000,-1.977813,0.297082,-2.758678,0.763781,-1.708647,0.638649,-0.081258,0.225007,-0.168247,-0.621425,-0.345531,0.158473,0.011242,0.380139,0.011242,0.431321,0,1
ideal_6d_disc_lpc,13.400000,-1.981029,0.274813,-2.767091,0.732709,-1.697397,0.638658,-0.081259,0.225007,-0.161247,-0.623287,-0.345543,0.158477,0.011242,0.380151,0.011242,0.431335,0,1
ideal_6d_disc_lpc,13.450000,-1.983996,0.252510,-2.775153,0.701544,-1.686147,0.638667,-0.081259,0.225006,-0.154227,-0.625070,-0.345554,0.158481,0.011242,0.380163,0.011242,0.431350,0,1
ideal_6d_disc_lpc,13.500000,-1.986711,0.230174,-2.782864,0.670290,-1.674896,0.638675,-0.081260,0.225006,-0.147187,-0.626774,-0.345565,0.158485,0.011243,0.380174,0.011243,0.431364,0,1
ideal_6d_disc_lpc,13.550000,-1.989174,0.207810,-2.790224,0.638951,-1.663646,0.638683,-0.081261,0.225006,-0.140128,-0.628398,-0.345575,0.158489,0.011243,0.380185,0.011243,0.431377,0,1
ideal_6d_disc_lpc,13.600000,-1.991386,0.185419,-2.797230,0.607531,-1.652396,0.638691,-0.081263,0.225006,-0.133051,-0.629942,-0.345585,0.158493,0.011243,0.380196,0.011243,0.431390,0,1
ideal_6d_disc_lpc,13.650000,-1.993346,0.163004,-2.803883,0.576034,-1.641145,0.638698,-0.081264,0.225005,-0.125958,-0.631406,-0.345595,0.158497,0.011244,0.380207,0.011244,0.431403,0,1
ideal_6d_disc_lpc,13.700000,-1.995054,0.140569,-2.810181,0.544463,-1.629895,0.638706,-0.081265,0.225005,-0.118848,-0.632791,-0.345604,0.158501,0.011244,0.380217,0.011244,0.431415,0,1
ideal_6d_disc_lpc,13.750000,-1.996509,0.118117,-2.816124,0.512823,-1.618645,0.638712,-0.081267,0.225005,-0.111724,-0.634094,-0.345613,0.158505,0.011244,0.380226,0.011244,0.431427,0,1
ideal_6d_disc_lpc,13.800000,-1.997712,0.095649,-2.821710,0.481118,-1.607395,0.638719,-0.081269,0.225005,-0.104585,-0.635318,-0.345621,0.158510,0.011244,0.380236,0.011244,0.431438,0,1
ideal_6d_disc_lpc,13.850000,-1.998661,0.073169,-2.826939,0.449352,-1.596144,0.638726,-0.081270,0.225005,-0.097433,-0.636460,-0.345629,0.158514,0.011244,0.380245,0.011244,0.431449,0,1
ideal_6d_disc_lpc,13.900000,-1.999358,0.050680,-2.831811,0.417528,-1.584894,0.638732,-0.081272,0.225004,-0.090268,-0.637522,-0.345636,0.158518,0.011245,0.380253,0.011245,0.431460,0,1
ideal_6d_disc_lpc,13.950000,-1.999801,0.028184,-2.836324,0.385652,-1.573644,0.638738,-0.081274,0.225004,-0.083092,-0.638504,-0.345644,0.158523,0.011245,0.380262,0.011245,0.431470,0,1
ideal_6d_disc_lpc,14.000000,-1.999992,0.005685,-2.840479,0.353727,-1.562394,0.638743,-0.081276,0.225004,-0.075906,-0.639404,-0.345651,0.158527,0.011245,0.380270,0.011245,0.431480,0,1
ideal_6d_disc_lpc,14.050000,-1.999929,-0.016814,-2.844275,0.321756,-1.551144,0.638749,-0.081277,0.225004,-0.068709,-0.640223,-0.345657,0.158531,0.011245,0.380278,0.011245,0.431490,0,1
ideal_6d_disc_lpc,14.100000,-1.999614,-0.039312,-2.847710,0.289745,-1.539893,0.638754,-0.081279,0.225004,-0.061504,-0.640960,-0.345664,0.158535,0.011246,0.380285,0.011246,0.431499,0,1
ideal_6d_disc_lpc,14.150000,-1.999045,-0.061805,-2.850785,0.257696,-1.528643,0.638759,-0.081281,0.225004,-0.054291,-0.641617,-0.345670,0.158540,0.011246,0.380292,0.011246,0.431508,0,1
ideal_6d_disc_lpc,14.200000,-1.998223,-0.084290,-2.853500,0.225615,-1.517393,0.638764,-0.081283,0.225003,-0.047072,-0.642192,-0.345675,0.158544,0.011246,0.380299,0.011246,0.431516,0,1
ideal_6d_disc_lpc,14.250000,-1.997148,-0.106764,-2.855854,0.193506,-1.506143,0.638768,-0.081285,0.225003,-0.039846,-0.642686,-0.345681,0.158548,0.011246,0.380306,0.011246,0.431525,0,1
ideal_6d_disc_lpc,14.300000,-1.995821,-0.129225,-2.857846,0.161371,-1.494893,0.638773,-0.081287,0.225003,-0.032615,-0.643098,-0.345686,0.158552,0.011246,0.380312,0.011246,0.431533,0,1
ideal_6d_disc_lpc,14.350000,-1.994241,-0.151669,-2.859477,0.129216,-1.483643,0.638777,-0.081289,0.225003,-0.025380,-0.643428,-0.345691,0.158556,0.011246,0.380319,0.011246,0.431540,0,1
ideal_6d_disc_lpc,14.400000,-1.992408,-0.174094,-2.860746,0.097044,-1.472393,0.638781,-0.081292,0.225003,-0.018141,-0.643677,-0.345695,0.158560,0.011246,0.380324,0.011246,0.431548,0,1
ideal_6d_disc_lpc,14.450000,-1.990324,-0.196497,-2.861653,0.064860,-1.461142,0.638785,-0.081294,0.225003,-0.010900,-0.643845,-0.345700,0.158564,0.011247,0.380330,0.011247,0.431555,0,1
ideal_6d_disc_lpc,14.500000,-1.987987,-0.218875,-2.862198,0.032668,-1.449892,0.638789,-0.081296,0.225003,-0.003658,-0.643931,-0.345704,0.158568,0.011247,0.380336,0.011247,0.431561,0,1
ideal_6d_disc_lpc,14.550000,-1.985399,-0.241226,-2.862381,0.000471,-1.438642,0.638792,-0.081298,0.225003,0.003585,-0.643935,-0.345708,0.158572,0.011247,0.380341,0.011247,0.431568,0,1
ideal_6d_disc_lpc,14.600000,-1.982560,-0.263546,-2.862202,-0.031726,-1.427392,0.638796,-0.081300,0.225002,0.010827,-0.643857,-0.345712,0.158576,0.011247,0.380346,0.011247,0.431574,0,1
ideal_6d_disc_lpc,14.650000,-1.979470,-0.285833,-2.861661,-0.063919,-1.416142,0.638799,-0.081302,0.225002,0.018068,-0.643698,-0.345715,0.158580,0.011247,0.380351,0.011247,0.431580,0,1
ideal_6d_disc_lpc,14.700000,-1.976129,-0.308083,-2.860757,-0.096104,-1.404892,0.638802,-0.081304,0.225002,0.025307,-0.643458,-0.345719,0.158583,0.011247,0.380355,0.011247,0.431586,0,1
ideal_6d_disc_lpc,14.750000,-1.972538,-0.330295,-2.859492,-0.128277,-1.393642,0.638805,-0.081306,0.225002,0.032543,-0.643135,-0.345722,0.158587,0.011247,0.380360,0.011247,0.431592,0,1
ideal_6d_disc_lpc,14.800000,-1.968697,-0.352464,-2.857865,-0.160434,-1.382392,0.638808,-0.081308,0.225002,0.039774,-0.642732,-0.345725,0.158591,0.011247,0.380364,0.011247,0.431597,0,1
ideal_6d_disc_lpc,14.850000,-1.964608,-0.374589,-2.855876,-0.192571,-1.371141,0.638810,-0.081310,0.225002,0.047001,-0.642247,-0.345728,0.158594,0.011248,0.380368,0.011248,0.431602,0,1
ideal_6d_disc_lpc,14.900000,-1.960269,-0.396667,-2.853526,-0.224683,-1.359891,0.638813,-0.081312,0.225002,0.054222,-0.641680,-0.345730,0.158598,0.011248,0.380372,0.011248,0.431607,0,1
ideal_6d_disc_lpc,14.950000,-1.955683,-0.418694,-2.850815,-0.256767,-1.348641,0.638815,-0.081314,0.225002,0.061436,-0.641032,-0.345733,0.158601,0.011248,0.380375,0.011248,0.431611,0,1
ideal_6d_disc_lpc,15.000000,-1.950849,-0.440669,-2.847744,-0.288819,-1.337391,0.638818,-0.081316,0.225002,0.068642,-0.640303,-0.345735,0.158605,0.011248,0.380379,0.011248,0.431616,0,1
ideal_6d_disc_lpc,15.050000,-1.945768,-0.462588,-2.844312,-0.320834,-1.326141,0.638820,-0.081318,0.225002,0.075840,-0.639493,-0.345737,0.158608,0.011248,0.380382,0.011248,0.431620,0,1
ideal_6d_disc_lpc,15.100000,-1.940441,-0.484448,-2.840520,-0.352809,-1.314891,0.638822,-0.081320,0.225002,0.083028,-0.638602,-0.345739,0.158611,0.011248,0.380385,0.011248,0.431624,0,1
ideal_6d_disc_lpc,15.150000,-1.934868,-0.506247,-2.836368,-0.384739,-1.303641,0.638824,-0.081322,0.225002,0.090205,-0.637630,-0.345741,0.158614,0.011248,0.380388,0.011248,0.431628,0,1
ideal_6d_disc_lpc,15.200000,-1.929050,-0.527981,-2.831858,-0.416621,-1.292391,0.638826,-0.081324,0.225002,0.097372,-0.636577,-0.345743,0.158617,0.011248,0.380391,0.011248,0.431632,0,1
ideal_6d_disc_lpc,15.250000,-1.922989,-0.549649,-2.826990,-0.448450,-1.281141,0.638827,-0.081326,0.225001,0.104526,-0.635444,-0.345745,0.158620,0.011248,0.380394,0.011248,0.431635,0,1
ideal_6d_disc_lpc,15.300000,-1.916684,-0.571248,-2.821764,-0.480222,-1.269891,0.638829,-0.081327,0.225001,0.111666,-0.634230,-0.345746,0.158623,0.011248,0.380397,0.011248,0.431638,0,1
ideal_6d_disc_lpc,15.350000,-1.910136,-0.592774,-2.816180,-0.511934,-1.258641,0.638831,-0.081329,0.225001,0.118793,-0.632935,-0.345747,0.158626,0.011248,0.380399,0.011248,0.431642,0,1
ideal_6d_disc_lpc,15.400000,-1.903346,-0.614225,-2.810241,-0.543581,-1.247391,0.638832,-0.081331,0.225001,0.125905,-0.631561,-0.345749,0.158629,0.011248,0.380401,0.011248,0.431645,0,1
ideal_6d_disc_lpc,15.450000,-1.896316,-0.635598,-2.803946,-0.575159,-1.236140,0.638833,-0.081333,0.225001,0.133001,-0.630106,-0.345750,0.158631,0.011249,0.380404,0.011249,0.431648,0,1
ideal_6d_disc_lpc,15.500000,-1.889046,-0.656891,-2.797296,-0.606664,-1.224890,0.638835,-0.081334,0.225001,0.140080,-0.628572,-0.345751,0.158634,0.011249,0.380406,0.011249,0.431650,0,1
ideal_6d_disc_lpc,15.550000,-1.881536,-0.678101,-2.790292,-0.638093,-1.213640,0.638836,-0.081336,0.225001,0.147141,-0.626958,-0.345752,0.158637,0.011249,0.380408,0.011249,0.431653,0,1
ideal_6d_disc_lpc,15.600000,-1.873789,-0.699225,-2.782935,-0.669441,-1.202390,0.638837,-0.081338,0.225001,0.154184,-0.625265,-0.345753,0.158639,0.011249,0.380410,0.011249,0.431655,0,1
ideal_6d_disc_lpc,15.650000,-1.865804,-0.720260,-2.775226,-0.700704,-1.191140,0.638838,-0.081339,0.225001,0.161207,-0.623492,-0.345754,0.158642,0.011249,0.380412,0.011249,0.431658,0,1
ideal_6d_disc_lpc,15.700000,-1.857583,-0.741204,-2.767165,-0.731879,-1.179890,0.638839,-0.081341,0.225001,0.168210,-0.621641,-0.345755,0.158644,0.011249,0.380413,0.011249,0.431660,0,1
ideal_6d_disc_lpc,15.750000,-1.849127,-0.762055,-2.758755,-0.762961,-1.168640,0.638840,-0.081342,0.225001,0.175192,-0.619711,-0.345755,0.158646,0.011249,0.380415,0.011249,0.431662,0,1
ideal_6d_disc_lpc,15.800000,-1.840437,-0.782809,-2.749995,-0.793947,-1.157390,0.638841,-0.081344,0.225001,0.182151,-0.617702,-0.345756,0.158649,0.011249,0.380416,0.011249,0.431664,0,1
ideal_6d_disc_lpc,15.850000,-1.831515,-0.803464,-2.740888,-0.824832,-1.146140,0.638842,-0.081345,0.225001,0.189088,-0.615615,-0.345757,0.158651,0.011249,0.380418,0.011249,0.431666,0,1
ideal_6d_disc_lpc,15.900000,-1.822360,-0.824017,-2.731433,-0.855613,-1.134890,0.638843,-0.081347,0.225001,0.196000,-0.613450,-0.345757,0.158653,0.011249,0.380419,0.011249,0.431668,0,1
ideal_6d_disc_lpc,15.950000,-1.812975,-0.844466,-2.721633,-0.886285,-1.123640,0.638843,-0.081348,0.225001,0.202888,-0.611208,-0.345757,0.158655,0.011249,0.380420,0.011249,0.431669,0,1
ideal_6d_disc_lpc,16.000000,-1.803360,-0.864808,-2.711489,-0.916846,-1.112390,0.638844,-0.081349,0.225001,0.209750,-0.608888,-0.345758,0.158657,0.011249,0.380421,0.011249,0.431671,0,1
ideal_6d_disc_lpc,16.050000,-1.793517,-0.885041,-2.701002,-0.947290,-1.101140,0.638845,-0.081351,0.225001,0.216586,-0.606491,-0.345758,0.158659,0.011249,0.380423,0.011249,0.431672,0,1
ideal_6d_disc_lpc,16.100000,-1.783447,-0.905162,-2.690172,-0.977615,-1.089890,0.638845,-0.081352,0.225001,0.223394,-0.604017,-0.345758,0.158661,0.011249,0.380424,0.011249,0.431674,0,1
ideal_6d_disc_lpc,16.150000,-1.773151,-0.925168,-2.679003,-1.007815,-1.078640,0.638846,-0.081353,0.225001,0.230174,-0.601467,-0.345759,0.158663,0.011249,0.380425,0.011249,0.431675,0,1
ideal_6d_disc_lpc,16.200000,-1.762631,-0.945057,-2.667494,-1.037889,-1.067390,0.638846,-0.081354,0.225001,0.236925,-0.598840,-0.345759,0.158664,0.011249,0.380425,0.011249,0.431676,0,1
ideal_6d_disc_lpc,16.250000,-1.751888,-0.964826,-2.655648,-1.067831,-1.056140,0.638847,-0.081356,0.225001,0.243646,-0.596138,-0.345759,0.158666,0.011249,0.380426,0.011249,0.431677,0,1
ideal_6d_disc_lpc,16.300000,-1.740923,-0.984473,-2.643466,-1.097638,-1.044890,0.638847,-0.081357,0.225001,0.250337,-0.593360,-0.345759,0.158668,0.011249,0.380427,0.011249,0.431678,0,1
ideal_6d_disc_lpc,16.350000,-1.729738,-1.003996,-2.630949,-1.127306,-1.033640,0.638848,-0.081358,0.225001,0.256995,-0.590507,-0.345759,0.158669,0.011249,0.380428,0.011249,0.431679,0,1
ideal_6d_disc_lpc,16.400000,-1.718333,-1.023391,-2.618099,-1.156831,-1.022390,0.638848,-0.081359,0.225001,0.263621,-0.587580,-0.345759,0.158671,0.011249,0.380428,0.011249,0.431680,0,1
ideal_6d_disc_lpc,16.450000,-1.706712,-1.042658,-2.604918,-1.186210,-1.011140,0.638848,-0.081360,0.225001,0.270214,-0.584578,-0.345759,0.158672,0.011249,0.380429,0.011249,0.431681,0,1
ideal_6d_disc_lpc,16.500000,-1.694874,-1.061792,-2.591407,-1.215439,-0.999890,0.638848,-0.081361,0.225001,0.276772,-0.581501,-0.345759,0.158674,0.011249,0.380430,0.011249,0.431682,0,1
ideal_6d_disc_lpc,16.550000,-1.682822,-1.080791,-2.577569,-1.244514,-0.988640,0.638849,-0.081362,0.225001,0.283296,-0.578352,-0.345759,0.158675,0.011249,0.380430,0.011249,0.431683,0,1
ideal_6d_disc_lpc,16.600000,-1.670557,-1.099654,-2.563404,-1.273432,-0.977390,0.638849,-0.081363,0.225000,0.289784,-0.575129,-0.345759,0.158676,0.011249,0.380431,0.011249,0.431683,0,1
ideal_6d_disc_lpc,16.650000,-1.658080,-1.118378,-2.548915,-1.302188,-0.966140,0.638849,-0.081364,0.225000,0.296235,-0.571833,-0.345759,0.158678,0.011249,0.380431,0.011249,0.431684,0,1
ideal_6d_disc_lpc,16.700000,-1.645394,-1.136960,-2.534103,-1.330780,-0.954890,0.638849,-0.081365,0.225000,0.302648,-0.568465,-0.345759,0.158679,0.011249,0.380431,0.011249,0.431685,0,1
ideal_6d_disc_lpc,16.750000,-1.632499,-1.155399,-2.518971,-1.359203,-0.943639,0.638849,-0.081366,0.225000,0.309024,-0.565025,-0.345759,0.158680,0.011249,0.380432,0.011249,0.431685,0,1
ideal_6d_disc_lpc,16.800000,-1.619398,-1.173691,-2.503520,-1.387455,-0.932389,0.638849,-0.081367,0.225000,0.315360,-0.561513,-0.345758,0.158681,0.011250,0.380432,0.011250,0.431686,0,1
ideal_6d_disc_lpc,16.850000,-1.606092,-1.191834,-2.487752,-1.415530,-0.921139,0.638850,-0.081368,0.225000,0.321656,-0.557931,-0.345758,0.158682,0.011250,0.380432,0.011250,0.431686,0,1
ideal_6d_disc_lpc,16.900000,-1.592582,-1.209827,-2.471669,-1.443427,-0.909889,0.638850,-0.081368,0.225000,0.327912,-0.554277,-0.345758,0.158683,0.011250,0.380433,0.011250,0.431686,0,1
ideal_6d_disc_lpc,16.950000,-1.578871,-1.227667,-2.455273,-1.471141,-0.898639,0.638850,-0.081369,0.225000,0.334126,-0.550554,-0.345758,0.158684,0.011250,0.380433,0.011250,0.431687,0,1
ideal_6d_disc_lpc,17.000000,-1.564960,-1.245351,-2.438567,-1.498669,-0.887389,0.638850,-0.081370,0.225000,0.340298,-0.546761,-0.345758,0.158685,0.011250,0.380433,0.011250,0.431687,0,1
ideal_6d_disc_lpc,17.050000,-1.550851,-1.262878,-2.421552,-1.526007,-0.876139,0.638850,-0.081371,0.225000,0.346427,-0.542898,-0.345757,0.158686,0.011250,0.380433,0.011250,0.431687,0,1
ideal_6d_disc_lpc,17.100000,-1.536546,-1.280244,-2.404231,-1.553152,-0.864889,0.638850,-0.081371,0.225000,0.352512,-0.538967,-0.345757,0.158687,0.011250,0.380433,0.011250,0.431688,0,1
ideal_6d_disc_lpc,17.150000,-1.522046,-1.297449,-2.386605,-1.580100,-0.853639,0.638850,-0.081372,0.225000,0.358552,-0.534968,-0.345757,0.158688,0.011250,0.380434,0.011250,0.431688,0,1
ideal_6d_disc_lpc,17.200000,-1.507354,-1.314490,-2.368678,-1.606848,-0.842389,0.638850,-0.081373,0.225000,0.364547,-0.530901,-0.345756,0.158689,0.011250,0.380434,0.011250,0.431688,0,1
ideal_6d_disc_lpc,17.250000,-1.492471,-1.331364,-2.350450,-1.633393,-0.831139,0.638850,-0.081373,0.225000,0.370496,-0.526767,-0.345756,0.158690,0.011250,0.380434,0.011250,0.431688,0,1
ideal_6d_disc_lpc,17.300000,-1.477399,-1.348070,-2.331926,-1.659732,-0.819889,0.638850,-0.081374,0.225000,0.376398,-0.522566,-0.345756,0.158691,0.011250,0.380434,0.011250,0.431688,0,1
ideal_6d_disc_lpc,17.350000,-1.462140,-1.364605,-2.313106,-1.685860,-0.808639,0.638850,-0.081375,0.225000,0.382253,-0.518298,-0.345756,0.158691,0.011250,0.380434,0.011250,0.431688,0,1
ideal_6d_disc_lpc,17.400000,-1.446696,-1.380967,-2.293993,-1.711775,-0.797389,0.638850,-0.081375,0.225000,0.388059,-0.513966,-0.345755,0.158692,0.011250,0.380434,0.011250,0.431689,0,1
ideal_6d_disc_lpc,17.450000,-1.431069,-1.397155,-2.274590,-1.737473,-0.786139,0.638849,-0.081376,0.225000,0.393816,-0.509568,-0.345755,0.158693,0.011250,0.380434,0.011250,0.431689,0,1
ideal_6d_disc_lpc,17.500000,-1.415261,-1.413166,-2.254899,-1.762952,-0.774889,0.638849,-0.081376,0.225000,0.399523,-0.505106,-0.345755,0.158693,0.011250,0.380434,0.011250,0.431689,0,1
ideal_6d_disc_lpc,17.550000,-1.399274,-1.428997,-2.234923,-1.788207,-0.763639,0.638849,-0.081377,0.225000,0.405180,-0.500580,-0.345754,0.158694,0.011250,0.380434,0.011250,0.431689,0,1
ideal_6d_disc_lpc,17.600000,-1.383109,-1.444648,-2.214664,-1.813236,-0.752389,0.638849,-0.081377,0.225000,0.410785,-0.495990,-0.345754,0.158695,0.011250,0.380434,0.011250,0.431689,0,1
ideal_6d_disc_lpc,17.650000,-1.366770,-1.460117,-2.194125,-1.838036,-0.741139,0.638849,-0.081378,0.225000,0.416339,-0.491338,-0.345754,0.158695,0.011250,0.380434,0.011250,0.431689,0,1
ideal_6d_disc_lpc,17.700000,-1.350257,-1.475400,-2.173308,-1.862602,-0.729889,0.638849,-0.081378,0.225000,0.421839,-0.486623,-0.345753,0.158696,0.011250,0.380434,0.011250,0.431689,0,1
ideal_6d_disc_lpc,17.750000,-1.333574,-1.490497,-2.152216,-1.886934,-0.718639,0.638849,-0.081378,0.225000,0.427287,-0.481847,-0.345753,0.158696,0.011250,0.380434,0.011250,0.431689,0,1
ideal_6d_disc_lpc,17.800000,-1.316722,-1.505405,-2.130852,-1.911026,-0.707389,0.638849,-0.081379,0.225000,0.432680,-0.477010,-0.345753,0.158697,0.011250,0.380433,0.011250,0.431689,0,1
ideal_6d_disc_lpc,17.850000,-1.299703,-1.520122,-2.109218,-1.934876,-0.696139,0.638849,-0.081379,0.225000,0.438018,-0.472112,-0.345752,0.158697,0.011250,0.380433,0.011250,0.431688,0,1
ideal_6d_disc_lpc,17.900000,-1.282520,-1.534648,-2.087317,-1.958482,-0.684889,0.638848,-0.081380,0.225000,0.443301,-0.467155,-0.345752,0.158698,0.011250,0.380433,0.011250,0.431688,0,1
ideal_6d_disc_lpc,17.950000,-1.265174,-1.548979,-2.065152,-1.981840,-0.673639,0.638848,-0.081380,0.225000,0.448528,-0.462139,-0.345752,0.158698,0.011250,0.380433,0.011250,0.431688,0,1
ideal_6d_disc_lpc,18.000000,-1.247668,-1.563113,-2.042725,-2.004947,-0.662389,0.638848,-0.081380,0.225000,0.453699,-0.457064,-0.345751,0.158698,0.011250,0.380433,0.011250,0.431688,0,1
ideal_6d_disc_lpc,18.050000,-1.230005,-1.577051,-2.020041,-2.027800,-0.651139,0.638848,-0.081381,0.225000,0.458812,-0.451931,-0.345751,0.158699,0.011250,0.380433,0.011250,0.431688,0,1
ideal_6d_disc_lpc,18.100000,-1.212185,-1.590788,-1.997100,-2.050397,-0.639889,0.638848,-0.081381,0.225000,0.463866,-0.446741,-0.345751,0.158699,0.011250,0.380433,0.011250,0.431688,0,1
ideal_6d_disc_lpc,18.150000,-1.194213,-1.604324,-1.973907,-2.072734,-0.628639,0.638848,-0.081381,0.225000,0.468862,-0.441495,-0.345751,0.158699,0.011250,0.380433,0.011250,0.431688,0,1
ideal_6d_disc_lpc,18.200000,-1.176089,-1.617657,-1.950464,-2.094808,-0.617389,0.638848,-0.081382,0.225000,0.473799,-0.436192,-0.345750,0.158700,0.011250,0.380432,0.011250,0.431688,0,1
ideal_6d_disc_lpc,18.250000,-1.157816,-1.630786,-1.926774,-2.116618,-0.606139,0.638847,-0.081382,0.225000,0.478676,-0.430835,-0.345750,0.158700,0.011250,0.380432,0.011250,0.431688,0,1
ideal_6d_disc_lpc,18.300000,-1.139397,-1.643708,-1.902840,-2.138160,-0.594889,0.638847,-0.081382,0.225000,0.483492,-0.425422,-0.345750,0.158700,0.011250,0.380432,0.011250,0.431687,0,1
ideal_6d_disc_lpc,18.350000,-1.120834,-1.656421,-1.878665,-2.159431,-0.583639,0.638847,-0.081382,0.225000,0.488247,-0.419957,-0.345749,0.158701,0.011250,0.380432,0.011250,0.431687,0,1
ideal_6d_disc_lpc,18.400000,-1.102128,-1.668926,-1.854253,-2.180429,-0.572389,0.638847,-0.081383,0.225000,0.492940,-0.414437,-0.345749,0.158701,0.011250,0.380432,0.011250,0.431687,0,1
ideal_6d_disc_lpc,18.450000,-1.083284,-1.681219,-1.829606,-2.201151,-0.561139,0.638847,-0.081383,0.225000,0.497571,-0.408866,-0.345749,0.158701,0.011250,0.380432,0.011250,0.431687,0,1
ideal_6d_disc_lpc,18.500000,-1.064302,-1.693299,-1.804727,-2.221594,-0.549889,0.638847,-0.081383,0.225000,0.502139,-0.403243,-0.345749,0.158701,0.011250,0.380432,0.011250,0.431687,0,1
ideal_6d_disc_lpc,18.550000,-1.045185,-1.705165,-1.779620,-2.241756,-0.538639,0.638847,-0.081383,0.225000,0.506644,-0.397568,-0.345748,0.158702,0.011250,0.380431,0.011250,0.431687,0,1
ideal_6d_disc_lpc,18.600000,-1.025936,-1.716815,-1.754288,-2.261634,-0.527389,0.638846,-0.081384,0.225000,0.511084,-0.391843,-0.345748,0.158702,0.011250,0.380431,0.011250,0.431686,0,1
ideal_6d_disc_lpc,18.650000,-1.006558,-1.728248,-1.728734,-2.281227,-0.516139,0.638846,-0.081384,0.225000,0.515460,-0.386069,-0.345748,0.158702,0.011250,0.380431,0.011250,0.431686,0,1
ideal_6d_disc_lpc,18.700000,-0.987052,-1.739462,-1.702961,-2.300530,-0.504889,0.638846,-0.081384,0.225000,0.519770,-0.380246,-0.345747,0.158702,0.011250,0.380431,0.011250,0.431686,0,1
ideal_6d_disc_lpc,18.750000,-0.967421,-1.750456,-1.676973,-2.319542,-0.493639,0.638846,-0.081384,0.225000,0.524014,-0.374375,-0.345747,0.158702,0.011250,0.380431,0.011250,0.431686,0,1
ideal_6d_disc_lpc,18.800000,-0.947667,-1.761229,-1.650772,-2.338261,-0.482389,0.638846,-0.081384,0.225000,0.528193,-0.368456,-0.345747,0.158702,0.011250,0.380431,0.011250,0.431686,0,1
ideal_6d_disc_lpc,18.850000,-0.927794,-1.771778,-1.624362,-2.356684,-0.471139,0.638846,-0.081384,0.225000,0.532304,-0.362491,-0.345747,0.158703,0.011250,0.380430,0.011250,0.431686,0,1
ideal_6d_disc_lpc,18.900000,-0.907803,-1.782104,-1.597747,-2.374808,-0.459889,0.638846,-0.081385,0.225000,0.536348,-0.356480,-0.345746,0.158703,0.011250,0.380430,0.011250,0.431685,0,1
ideal_6d_disc_lpc,18.950000,-0.887697,-1.792204,-1.570930,-2.392632,-0.448639,0.638845,-0.081385,0.225000,0.540324,-0.350423,-0.345746,0.158703,0.011250,0.380430,0.011250,0.431685,0,1
ideal_6d_disc_lpc,19.000000,-0.867479,-1.802077,-1.543913,-2.410154,-0.437389,0.638845,-0.081385,0.225000,0.544232,-0.344323,-0.345746,0.158703,0.011250,0.380430,0.011250,0.431685,0,1
ideal_6d_disc_lpc,19.050000,-0.847151,-1.811721,-1.516702,-2.427370,-0.426139,0.638845,-0.081385,0.225000,0.548071,-0.338179,-0.345746,0.158703,0.011250,0.380430,0.011250,0.431685,0,1
ideal_6d_disc_lpc,19.100000,-0.826716,-1.821137,-1.489298,-2.444279,-0.414889,0.638845,-0.081385,0.225000,0.551841,-0.331992,-0.345746,0.158703,0.011250,0.380430,0.011250,0.431685,0,1
ideal_6d_disc_lpc,19.150000,-0.806177,-1.830322,-1.461706,-2.460878,-0.403639,0.638845,-0.081385,0.225000,0.555540,-0.325762,-0.345745,0.158703,0.011250,0.380429,0.011250,0.431685,0,1
ideal_6d_disc_lpc,19.200000,-0.785535,-1.839276,-1.433929,-2.477166,-0.392389,0.638845,-0.081385,0.225000,0.559170,-0.319492,-0.345745,0.158703,0.011250,0.380429,0.011250,0.431684,0,1
ideal_6d_disc_lpc,19.250000,-0.764794,-1.847996,-1.405971,-2.493141,-0.381139,0.638845,-0.081385,0.225000,0.562729,-0.313182,-0.345745,0.158703,0.011250,0.380429,0.011250,0.431684,0,1
ideal_6d_disc_lpc,19.300000,-0.743956,-1.856483,-1.377834,-2.508800,-0.369889,0.638845,-0.081386,0.225000,0.566216,-0.306831,-0.345745,0.158703,0.011250,0.380429,0.011250,0.431684,0,1
ideal_6d_disc_lpc,19.350000,-0.723024,-1.864735,-1.349524,-2.524142,-0.358639,0.638844,-0.081386,0.225000,0.569632,-0.300442,-0.345745,0.158704,0.011250,0.380429,0.011250,0.431684,0,1
ideal_6d_disc_lpc,19.400000,-0.702000,-1.872751,-1.321042,-2.539164,-0.347389,0.638844,-0.081386,0.225000,0.572976,-0.294015,-0.345744,0.158704,0.011250,0.380429,0.011250,0.431684,0,1
ideal_6d_disc_lpc,19.450000,-0.680888,-1.880530,-1.292393,-2.553864,-0.336139,0.638844,-0.081386,0.225000,0.576247,-0.287550,-0.345744,0.158704,0.011250,0.380429,0.011250,0.431683,0,1
ideal_6d_disc_lpc,19.500000,-0.659689,-1.888070,-1.263581,-2.568242,-0.324889,0.638844,-0.081386,0.225000,0.579445,-0.281050,-0.345744,0.158704,0.011250,0.380428,0.011250,0.431683,0,1
ideal_6d_disc_lpc,19.550000,-0.638407,-1.895372,-1.234609,-2.582294,-0.313639,0.638844,-0.081386,0.225000,0.582570,-0.274513,-0.345744,0.158704,0.011250,0.380428,0.011250,0.431683,0,1
ideal_6d_disc_lpc,19.600000,-0.617044,-1.902434,-1.205480,-2.596020,-0.302389,0.638844,-0.081386,0.225000,0.585621,-0.267942,-0.345744,0.158704,0.011250,0.380428,0.011250,0.431683,0,1
ideal_6d_disc_lpc,19.650000,-0.595603,-1.909256,-1.176199,-2.609417,-0.291139,0.638844,-0.081386,0.225000,0.588598,-0.261337,-0.345744,0.158704,0.011250,0.380428,0.011250,0.431683,0,1
ideal_6d_disc_lpc,19.700000,-0.574087,-1.915835,-1.146769,-2.622484,-0.279889,0.638844,-0.081386,0.225000,0.591501,-0.254699,-0.345743,0.158704,0.011250,0.380428,0.011250,0.431683,0,1
ideal_6d_disc_lpc,19.750000,-0.552498,-1.922172,-1.117194,-2.635219,-0.268639,0.638844,-0.081386,0.225000,0.594329,-0.248029,-0.345743,0.158704,0.011250,0.380428,0.011250,0.431683,0,1
ideal_6d_disc_lpc,19.800000,-0.530839,-1.928266,-1.087478,-2.647620,-0.257389,0.638844,-0.081386,0.225000,0.597081,-0.241327,-0.345743,0.158704,0.011250,0.380428,0.011250,0.431682,0,1
ideal_6d_disc_lpc,19.850000,-0.509113,-1.934116,-1.057624,-2.659687,-0.246139,0.638843,-0.081386,0.225000,0.599758,-0.234595,-0.345743,0.158704,0.011250,0.380428,0.011250,0.431682,0,1
ideal_6d_disc_lpc,19.900000,-0.487322,-1.939721,-1.027636,-2.671417,-0.234889,0.638843,-0.081386,0.225000,0.602359,-0.227833,-0.345743,0.158704,0.011250,0.380427,0.011250,0.431682,0,1
ideal_6d_disc_lpc,19.950000,-0.465470,-1.945080,-0.997518,-2.682808,-0.223639,0.638843,-0.081386,0.225000,0.604884,-0.221042,-0.345743,0.158704,0.011250,0.380427,0.011250,0.431682,0,1
ideal_6d_disc_lpc,20.000000,-0.443559,-1.950194,-0.967274,-2.693860,-0.212389,0.638843,-0.081386,0.225000,0.607333,-0.214223,-0.345743,0.158704,0.011250,0.380427,0.011250,0.431682,0,1
ideal_6d_disc_lpc,20.050000,-0.421592,-1.955060,-0.936907,-2.704571,-0.201139,0.638843,-0.081386,0.225000,0.609704,-0.207377,-0.345742,0.158704,0.011250,0.380427,0.011250,0.431682,0,1
ideal_6d_disc_lpc,20.100000,-0.399571,-1.959679,-0.906422,-2.714940,-0.189889,0.638843,-0.081386,0.225000,0.611998,-0.200505,-0.345742,0.158704,0.011250,0.380427,0.011250,0.431682,0,1
ideal_6d_disc_lpc,20.150000,-0.377500,-1.964050,-0.875822,-2.724966,-0.178639,0.638843,-0.081386,0.225000,0.614215,-0.193607,-0.345742,0.158704,0.011250,0.380427,0.011250,0.431681,0,1
ideal_6d_disc_lpc,20.200000,-0.355381,-1.968173,-0.845111,-2.734646,-0.167389,0.638843,-0.081386,0.225000,0.616354,-0.186685,-0.345742,0.158704,0.011250,0.380427,0.011250,0.431681,0,1
ideal_6d_disc_lpc,20.250000,-0.333217,-1.972046,-0.814293,-2.743980,-0.156139,0.638843,-0.081386,0.225000,0.618415,-0.179740,-0.345742,0.158704,0.011250,0.380427,0.011250,0.431681,0,1
ideal_6d_disc_lpc,20.300000,-0.311011,-1.975670,-0.783373,-2.752967,-0.144889,0.638843,-0.081386,0.225000,0.620398,-0.172771,-0.345742,0.158704,0.011250,0.380427,0.011250,0.431681,0,1
ideal_6d_disc_lpc,20.350000,-0.288765,-1.979044,-0.752353,-2.761606,-0.133639,0.638843,-0.081386,0.225000,0.622302,-0.165781,-0.345742,0.158704,0.011250,0.380426,0.011250,0.431681,0,1
ideal_6d_disc_lpc,20.400000,-0.266483,-1.982167,-0.721238,-2.769895,-0.122389,0.638843,-0.081386,0.225000,0.624128,-0.158770,-0.345742,0.158704,0.011250,0.380426,0.011250,0.431681,0,1
ideal_6d_disc_lpc,20.450000,-0.244167,-1.985040,-0.690031,-2.777833,-0.111139,0.638842,-0.081386,0.225000,0.625874,-0.151739,-0.345742,0.158704,0.011250,0.380426,0.011250,0.431681,0,1
ideal_6d_disc_lpc,20.500000,-0.221821,-1.987661,-0.658737,-2.785420,-0.099889,0.638842,-0.081386,0.225000,0.627542,-0.144688,-0.345741,0.158704,0.011250,0.380426,0.011250,0.431681,0,1
ideal_6d_disc_lpc,20.550000,-0.199446,-1.990030,-0.627360,-2.792655,-0.088639,0.638842,-0.081387,0.225000,0.629130,-0.137619,-0.345741,0.158704,0.011250,0.380426,0.011250,0.431681,0,1
ideal_6d_disc_lpc,20.600000,-0.177046,-1.992148,-0.595904,-2.799536,-0.077389,0.638842,-0.081387,0.225000,0.630638,-0.130533,-0.345741,0.158704,0.011250,0.380426,0.011250,0.431680,0,1
ideal_6d_disc_lpc,20.650000,-0.154624,-1.994014,-0.564372,-2.806062,-0.066139,0.638842,-0.081387,0.225000,0.632067,-0.123430,-0.345741,0.158704,0.011250,0.380426,0.011250,0.431680,0,1
ideal_6d_disc_lpc,20.700000,-0.132182,-1.995627,-0.532769,-2.812234,-0.054889,0.638842,-0.081387,0.225000,0.633415,-0.116312,-0.345741,0.158704,0.011250,0.380426,0.011250,0.431680,0,1
ideal_6d_disc_lpc,20.750000,-0.109723,-1.996988,-0.501098,-2.818049,-0.043639,0.638842,-0.081387,0.225000,0.634683,-0.109179,-0.345741,0.158704,0.011250,0.380426,0.011250,0.431680,0,1
ideal_6d_disc_lpc,20.800000,-0.087250,-1.998096,-0.469364,-2.823508,-0.032389,0.638842,-0.081387,0.225000,0.635871,-0.102032,-0.345741,0.158704,0.011250,0.380426,0.011250,0.431680,0,1
ideal_6d_disc_lpc,20.850000,-0.064767,-1.998951,-0.437570,-2.828610,-0.021139,0.638842,-0.081387,0.225000,0.636979,-0.094872,-0.345741,0.158704,0.011250,0.380426,0.011250,0.431680,0,1
ideal_6d_disc_lpc,20.900000,-0.042275,-1.999553,-0.405721,-2.833353,-0.009889,0.638842,-0.081387,0.225000,0.638006,-0.087700,-0.345741,0.158704,0.011250,0.380426,0.011250,0.431680,0,1
ideal_6d_disc_lpc,20.950000,-0.019778,-1.999902,-0.373821,-2.837738,0.001361,0.638842,-0.081387,0.225000,0.638952,-0.080517,-0.345741,0.158704,0.011250,0.380425,0.011250,0.431680,0,1
ideal_6d_disc_lpc,21.000000,0.002722,-1.999998,-0.341873,-2.841764,0.012611,0.638842,-0.081387,0.225000,0.639817,-0.073324,-0.345741,0.158704,0.011250,0.380425,0.011250,0.431680,0,1
ideal_6d_disc_lpc,21.050000,0.025221,-1.999841,-0.309882,-2.845430,0.023861,0.638842,-0.081386,0.225000,0.640602,-0.066121,-0.345741,0.158704,0.011250,0.380425,0.011250,0.431680,0,1
ideal_6d_disc_lpc,21.100000,0.047718,-1.999431,-0.277852,-2.848737,0.035111,0.638842,-0.081386,0.225000,0.641305,-0.058911,-0.345741,0.158704,0.011250,0.380425,0.011250,0.431680,0,1
ideal_6d_disc_lpc,21.150000,0.070208,-1.998767,-0.245787,-2.851682,0.046361,0.638842,-0.081386,0.225000,0.641927,-0.051692,-0.345741,0.158704,0.011250,0.380425,0.011250,0.431680,0,1
ideal_6d_disc_lpc,21.200000,0.092689,-1.997851,-0.213691,-2.854267,0.057611,0.638842,-0.081386,0.225000,0.642468,-0.044468,-0.345741,0.158704,0.011250,0.380425,0.011250,0.431679,0,1
ideal_6d_disc_lpc,21.250000,0.115158,-1.996682,-0.181567,-2.856490,0.068861,0.638842,-0.081386,0.225000,0.642928,-0.037237,-0.345740,0.158704,0.011250,0.380425,0.011250,0.431679,0,1
ideal_6d_disc_lpc,21.300000,0.137613,-1.995260,-0.149421,-2.858352,0.080111,0.638842,-0.081386,0.225000,0.643306,-0.030002,-0.345740,0.158703,0.011250,0.380425,0.011250,0.431679,0,1
ideal_6d_disc_lpc,21.350000,0.160051,-1.993586,-0.117256,-2.859852,0.091361,0.638842,-0.081386,0.225000,0.643602,-0.022763,-0.345740,0.158703,0.011250,0.380425,0.011250,0.431679,0,1
ideal_6d_disc_lpc,21.400000,0.182468,-1.991659,-0.085076,-2.860990,0.102611,0.638842,-0.081386,0.225000,0.643818,-0.015521,-0.345740,0.158703,0.011250,0.380425,0.011250,0.431679,0,1
ideal_6d_disc_lpc,21.450000,0.204862,-1.989480,-0.052885,-2.861766,0.113861,0.638841,-0.081386,0.225000,0.643952,-0.008277,-0.345740,0.158703,0.011250,0.380425,0.011250,0.431679,0,1
ideal_6d_disc_lpc,21.500000,0.227230,-1.987050,-0.020687,-2.862180,0.125111,0.638841,-0.081386,0.225000,0.644004,-0.001033,-0.345740,0.158703,0.011250,0.380425,0.011250,0.431679,0,1
ideal_6d_disc_lpc,21.550000,0.249570,-1.984368,0.011513,-2.862232,0.136361,0.638841,-0.081386,0.225000,0.643975,0.006212,-0.345740,0.158703,0.011250,0.380425,0.011250,0.431679,0,1
ideal_6d_disc_lpc,21.600000,0.271878,-1.981434,0.043712,-2.861921,0.147611,0.638841,-0.081386,0.225000,0.643864,0.013457,-0.345740,0.158703,0.011250,0.380425,0.011250,0.431679,0,1
ideal_6d_disc_lpc,21.650000,0.294151,-1.978251,0.075905,-2.861248,0.158861,0.638841,-0.081386,0.225000,0.643672,0.020699,-0.345740,0.158703,0.011250,0.380425,0.011250,0.431679,0,1
ideal_6d_disc_lpc,21.700000,0.316387,-1.974816,0.108089,-2.860213,0.170111,0.638841,-0.081386,0.225000,0.643398,0.027939,-0.345740,0.158703,0.011250,0.380425,0.011250,0.431679,0,1
ideal_6d_disc_lpc,21.750000,0.338584,-1.971132,0.140258,-2.858816,0.181361,0.638841,-0.081386,0.225000,0.643043,0.035175,-0.345740,0.158703,0.011250,0.380425,0.011250,0.431679,0,1
ideal_6d_disc_lpc,21.800000,0.360737,-1.967198,0.172411,-2.857058,0.192611,0.638841,-0.081386,0.225000,0.642607,0.042407,-0.345740,0.158703,0.011250,0.380425,0.011250,0.431679,0,1
ideal_6d_disc_lpc,21.850000,0.382845,-1.963016,0.204541,-2.854937,0.203861,0.638841,-0.081386,0.225000,0.642089,0.049634,-0.345740,0.158703,0.011250,0.380425,0.011250,0.431679,0,1
ideal_6d_disc_lpc,21.900000,0.404904,-1.958584,0.236645,-2.852456,0.215111,0.638841,-0.081386,0.225000,0.641490,0.056854,-0.345740,0.158703,0.011250,0.380425,0.011250,0.431679,0,1
ideal_6d_disc_lpc,21.950000,0.426912,-1.953905,0.268720,-2.849613,0.226361,0.638841,-0.081386,0.225000,0.640810,0.064067,-0.345740,0.158703,0.011250,0.380425,0.011250,0.431679,0,1
ideal_6d_disc_lpc,22.000000,0.448866,-1.948979,0.300760,-2.846410,0.237611,0.638841,-0.081386,0.225000,0.640049,0.071272,-0.345740,0.158703,0.011250,0.380424,0.011250,0.431679,0,1
ideal_6d_disc_lpc,22.050000,0.470763,-1.943806,0.332763,-2.842846,0.248861,0.638841,-0.081386,0.225000,0.639206,0.078468,-0.345740,0.158703,0.011250,0.380424,0.011250,0.431679,0,1
ideal_6d_disc_lpc,22.100000,0.492600,-1.938387,0.364723,-2.838923,0.260111,0.638841,-0.081386,0.225000,0.638283,0.085654,-0.345740,0.158703,0.011250,0.380424,0.011250,0.431679,0,1
ideal_6d_disc_lpc,22.150000,0.514376,-1.932723,0.396637,-2.834640,0.271361,0.638841,-0.081386,0.225000,0.637279,0.092829,-0.345740,0.158703,0.011250,0.380424,0.011250,0.431679,0,1
ideal_6d_disc_lpc,22.200000,0.536086,-1.926814,0.428501,-2.829998,0.282611,0.638841,-0.081386,0.225000,0.636194,0.099992,-0.345740,0.158703,0.011250,0.380424,0.011250,0.431679,0,1
ideal_6d_disc_lpc,22.250000,0.557728,-1.920661,0.460311,-2.824999,0.293861,0.638841,-0.081386,0.225000,0.635029,0.107143,-0.345740,0.158703,0.011250,0.380424,0.011250,0.431678,0,1
ideal_6d_disc_lpc,22.300000,0.579300,-1.914265,0.492062,-2.819642,0.305111,0.638841,-0.081386,0.225000,0.633784,0.114280,-0.345740,0.158703,0.011250,0.380424,0.011250,0.431678,0,1
ideal_6d_disc_lpc,22.350000,0.600798,-1.907627,0.523752,-2.813928,0.316361,0.638841,-0.081386,0.225000,0.632458,0.121403,-0.345740,0.158703,0.011250,0.380424,0.011250,0.431678,0,1
ideal_6d_disc_lpc,22.400000,0.622220,-1.900748,0.555375,-2.807858,0.327611,0.638841,-0.081386,0.225000,0.631052,0.128510,-0.345740,0.158703,0.011250,0.380424,0.011250,0.431678,0,1
ideal_6d_disc_lpc,22.450000,0.643564,-1.893628,0.586927,-2.801432,0.338861,0.638841,-0.081386,0.225000,0.629566,0.135601,-0.345740,0.158703,0.011250,0.380424,0.011250,0.431678,0,1
ideal_6d_disc_lpc,22.500000,0.664826,-1.886268,0.618405,-2.794652,0.350111,0.638841,-0.081386,0.225000,0.628001,0.142675,-0.345740,0.158703,0.011250,0.380424,0.011250,0.431678,0,1
ideal_6d_disc_lpc,22.550000,0.686004,-1.878669,0.649806,-2.787518,0.361361,0.638841,-0.081386,0.225000,0.626356,0.149731,-0.345740,0.158703,0.011250,0.380424,0.011250,0.431678,0,1
ideal_6d_disc_lpc,22.600000,0.707095,-1.870833,0.681123,-2.780032,0.372611,0.638841,-0.081386,0.225000,0.624632,0.156768,-0.345740,0.158703,0.011250,0.380424,0.011250,0.431678,0,1
ideal_6d_disc_lpc,22.650000,0.728097,-1.862760,0.712355,-2.772193,0.383861,0.638841,-0.081386,0.225000,0.622829,0.163785,-0.345740,0.158703,0.011250,0.380424,0.011250,0.431678,0,1
ideal_6d_disc_lpc,22.700000,0.749007,-1.854451,0.743496,-2.764004,0.395111,0.638841,-0.081386,0.225000,0.620947,0.170781,-0.345740,0.158703,0.011250,0.380424,0.011250,0.431678,0,1
ideal_6d_disc_lpc,22.750000,0.769821,-1.845908,0.774544,-2.755465,0.406361,0.638841,-0.081386,0.225000,0.618987,0.177756,-0.345740,0.158703,0.011250,0.380424,0.011250,0.431678,0,1
ideal_6d_disc_lpc,22.800000,0.790539,-1.837131,0.805493,-2.746577,0.417611,0.638841,-0.081386,0.225000,0.616948,0.184708,-0.345740,0.158703,0.011250,0.380424,0.011250,0.431678,0,1
ideal_6d_disc_lpc,22.850000,0.811156,-1.828121,0.836340,-2.737342,0.428861,0.638841,-0.081386,0.225000,0.614831,0.191637,-0.345740,0.158703,0.011250,0.380424,0.011250,0.431678,0,1
ideal_6d_disc_lpc,22.900000,0.831670,-1.818880,0.867082,-2.727760,0.440111,0.638841,-0.081386,0.225000,0.612636,0.198541,-0.345740,0.158703,0.011250,0.380424,0.011250,0.431678,0,1
ideal_6d_disc_lpc,22.950000,0.852080,-1.809409,0.897714,-2.717833,0.451361,0.638841,-0.081386,0.225000,0.610364,0.205421,-0.345740,0.158703,0.011250,0.380424,0.011250,0.431678,0,1
ideal_6d_disc_lpc,23.000000,0.872381,-1.799709,0.928232,-2.707562,0.462611,0.638841,-0.081386,0.225000,0.608014,0.212274,-0.345740,0.158703,0.011250,0.380424,0.011250,0.431678,0,1
ideal_6d_disc_lpc,23.050000,0.892572,-1.789781,0.958633,-2.696948,0.473861,0.638841,-0.081386,0.225000,0.605588,0.219101,-0.345740,0.158703,0.011250,0.380424,0.011250,0.431678,0,1
ideal_6d_disc_lpc,23.100000,0.912651,-1.779626,0.988912,-2.685993,0.485111,0.638841,-0.081386,0.225000,0.603084,0.225900,-0.345740,0.158703,0.011250,0.380424,0.011250,0.431678,0,1
ideal_6d_disc_lpc,23.150000,0.932613,-1.769246,1.019066,-2.674698,0.496361,0.638841,-0.081386,0.225000,0.600505,0.232670,-0.345740,0.158703,0.011250,0.380424,0.011250,0.431678,0,1
ideal_6d_disc_lpc,23.200000,0.952458,-1.758643,1.049092,-2.663065,0.507611,0.638841,-0.081386,0.225000,0.597849,0.239411,-0.345740,0.158703,0.011250,0.380424,0.011250,0.431678,0,1
ideal_6d_disc_lpc,23.250000,0.972182,-1.747817,1.078984,-2.651094,0.518861,0.638841,-0.081386,0.225000,0.595118,0.246121,-0.345740,0.158703,0.011250,0.380424,0.011250,0.431678,0,1
ideal_6d_disc_lpc,23.300000,0.991783,-1.736769,1.108740,-2.638788,0.530111,0.638841,-0.081386,0.225000,0.592312,0.252801,-0.345740,0.158703,0.011250,0.380424,0.011250,0.431678,0,1
ideal_6d_disc_lpc,23.350000,1.011258,-1.725502,1.138355,-2.626148,0.541361,0.638841,-0.081386,0.225000,0.589430,0.259448,-0.345740,0.158703,0.011250,0.380424,0.011250,0.431678,0,1
ideal_6d_disc_lpc,23.400000,1.030606,-1.714016,1.167827,-2.613176,0.552611,0.638841,-0.081386,0.225000,0.586474,0.266063,-0.345740,0.158703,0.011250,0.380424,0.011250,0.431678,0,1
ideal_6d_disc_lpc,23.450000,1.049823,-1.702314,1.197151,-2.599873,0.563861,0.638841,-0.081386,0.225000,0.583444,0.272643,-0.345740,0.158703,0.011250,0.380424,0.011250,0.431678,0,1
ideal_6d_disc_lpc,23.500000,1.068907,-1.690396,1.226323,-2.586240,0.575111,0.638841,-0.081386,0.225000,0.580340,0.279190,-0.345740,0.158703,0.011250,0.380424,0.011250,0.431678,0,1
ideal_6d_disc_lpc,23.550000,1.087856,-1.678264,1.255340,-2.572281,0.586361,0.638841,-0.081386,0.225000,0.577162,0.285701,-0.345740,0.158703,0.011250,0.380424,0.011250,0.431678,0,1
ideal_6d_disc_lpc,23.600000,1.106667,-1.665920,1.284198,-2.557996,0.597611,0.638841,-0.081386,0.225000,0.573912,0.292176,-0.345740,0.158703,0.011250,0.380424,0.011250,0.431678,0,1
ideal_6d_disc_lpc,23.650000,1.125338,-1.653364,1.312894,-2.543387,0.608861,0.638841,-0.081386,0.225000,0.570589,0.298614,-0.345740,0.158703,0.011250,0.380424,0.011250,0.431678,0,1
ideal_6d_disc_lpc,23.700000,1.143867,-1.640600,1.341423,-2.528456,0.620111,0.638841,-0.081386,0.225000,0.567193,0.305014,-0.345740,0.158703,0.011250,0.380424,0.011250,0.431678,0,1
ideal_6d_disc_lpc,23.750000,1.162251,-1.627628,1.369783,-2.513206,0.631361,0.638841,-0.081386,0.225000,0.563726,0.311375,-0.345740,0.158703,0.011250,0.380424,0.011250,0.431678,0,1
ideal_6d_disc_lpc,23.800000,1.180488,-1.614450,1.397969,-2.497637,0.642611,0.638841,-0.081386,0.225000,0.560187,0.317697,-0.345740,0.158703,0.011250,0.380424,0.011250,0.431678,0,1
ideal_6d_disc_lpc,23.850000,1.198575,-1.601067,1.425978,-2.481752,0.653861,0.638841,-0.081386,0.225000,0.556578,0.323979,-0.345740,0.158702,0.011250,0.380424,0.011250,0.431678,0,1
ideal_6d_disc_lpc,23.900000,1.216511,-1.587482,1.453807,-2.465553,0.665111,0.638841,-0.081386,0.225000,0.552898,0.330220,-0.345740,0.158702,0.011250,0.380424,0.011250,0.431678,0,1
ideal_6d_disc_lpc,23.950000,1.234293,-1.573697,1.481452,-2.449042,0.676361,0.638841,-0.081386,0.225000,0.549148,0.336419,-0.345740,0.158702,0.011250,0.380424,0.011250,0.431678,0,1
ideal_6d_disc_lpc,24.000000,1.251919,-1.559711,1.508910,-2.432221,0.687611,0.638841,-0.081386,0.225000,0.545329,0.342576,-0.345740,0.158702,0.011250,0.380424,0.011250,0.431678,0,1
ideal_6d_disc_lpc,24.050000,1.269386,-1.545529,1.536176,-2.415092,0.698861,0.638841,-0.081386,0.225000,0.541440,0.348689,-0.345740,0.158702,0.011250,0.380424,0.011250,0.431678,0,1
ideal_6d_disc_lpc,24.100000,1.286692,-1.531151,1.563248,-2.397658,0.710111,0.638841,-0.081386,0.225000,0.537483,0.354758,-0.345740,0.158702,0.011250,0.380424,0.011250,0.431678,0,1
ideal_6d_disc_lpc,24.150000,1.303836,-1.516579,1.590122,-2.379920,0.721361,0.638841,-0.081386,0.225000,0.533458,0.360782,-0.345740,0.158702,0.011250,0.380424,0.011250,0.431678,0,1
ideal_6d_disc_lpc,24.200000,1.320815,-1.501815,1.616795,-2.361881,0.732611,0.638841,-0.081386,0.225000,0.529366,0.366760,-0.345740,0.158702,0.011250,0.380424,0.011250,0.431678,0,1
ideal_6d_disc_lpc,24.250000,1.337626,-1.486861,1.643263,-2.343543,0.743861,0.638841,-0.081386,0.225000,0.525206,0.372692,-0.345740,0.158702,0.011250,0.380424,0.011250,0.431678,0,1
ideal_6d_disc_lpc,24.300000,1.354268,-1.471719,1.669524,-2.324908,0.755111,0.638841,-0.081386,0.225000,0.520980,0.378577,-0.345740,0.158702,0.011250,0.380424,0.011250,0.431678,0,1
ideal_6d_disc_lpc,24.350000,1.370739,-1.456391,1.695573,-2.305979,0.766361,0.638841,-0.081386,0.225000,0.516689,0.384414,-0.345740,0.158702,0.011250,0.380424,0.011250,0.431678,0,1
ideal_6d_disc_lpc,24.400000,1.387036,-1.440878,1.721407,-2.286759,0.777611,0.638841,-0.081386,0.225000,0.512331,0.390202,-0.345740,0.158702,0.011250,0.380424,0.011250,0.431678,0,1
ideal_6d_disc_lpc,24.450000,1.403158,-1.425183,1.747024,-2.267249,0.788861,0.638841,-0.081386,0.225000,0.507909,0.395941,-0.345740,0.158702,0.011250,0.380424,0.011250,0.431678,0,1
ideal_6d_disc_lpc,24.500000,1.419102,-1.409308,1.772419,-2.247452,0.800111,0.638841,-0.081386,0.225000,0.503423,0.401630,-0.345740,0.158702,0.011250,0.380424,0.011250,0.431678,0,1
ideal_6d_disc_lpc,24.550000,1.434867,-1.393254,1.797590,-2.227370,0.811361,0.638841,-0.081386,0.225000,0.498873,0.407268,-0.345740,0.158702,0.011250,0.380424,0.011250,0.431678,0,1
ideal_6d_disc_lpc,24.600000,1.450450,-1.377024,1.822534,-2.207007,0.822611,0.638841,-0.081386,0.225000,0.494259,0.412855,-0.345740,0.158702,0.011250,0.380424,0.011250,0.431678,0,1
ideal_6d_disc_lpc,24.650000,1.465849,-1.360620,1.847247,-2.186364,0.833861,0.638841,-0.081386,0.225000,0.489584,0.418389,-0.345740,0.158702,0.011250,0.380424,0.011250,0.431678,0,1
ideal_6d_disc_lpc,24.700000,1.481063,-1.344043,1.871726,-2.165444,0.845111,0.638841,-0.081386,0.225000,0.484846,0.423870,-0.345740,0.158702,0.011250,0.380424,0.011250,0.431678,0,1
ideal_6d_disc_lpc,24.750000,1.496090,-1.327296,1.895968,-2.144251,0.856361,0.638841,-0.081386,0.225000,0.480047,0.429298,-0.345740,0.158702,0.011250,0.380424,0.011250,0.431678,0,1
ideal_6d_disc_lpc,24.800000,1.510927,-1.310382,1.919971,-2.122786,0.867611,0.638841,-0.081386,0.225000,0.475187,0.434671,-0.345740,0.158702,0.011250,0.380424,0.011250,0.431678,0,1
ideal_6d_disc_lpc,24.850000,1.525573,-1.293301,1.943730,-2.101053,0.878861,0.638841,-0.081386,0.225000,0.470267,0.439989,-0.345740,0.158702,0.011250,0.380424,0.011250,0.431678,0,1
ideal_6d_disc_lpc,24.900000,1.540025,-1.276057,1.967243,-2.079053,0.890111,0.638841,-0.081386,0.225000,0.465287,0.445252,-0.345740,0.158702,0.011250,0.380424,0.011250,0.431678,0,1
ideal_6d_disc_lpc,24.950000,1.554283,-1.258652,1.990508,-2.056790,0.901361,0.638841,-0.081386,0.225000,0.460249,0.450458,-0.345740,0.158702,0.011250,0.380424,0.011250,0.431678,0,1
ideal_6d_disc_lpc,25.000000,1.568344,-1.241087,2.013520,-2.034268,0.912611,0.638841,-0.081386,0.225000,0.455152,0.455607,-0.345740,0.158702,0.011250,0.380424,0.011250,0.431678,0,1
ideal_6d_disc_lpc,25.050000,1.582207,-1.223364,2.036278,-2.011487,0.923861,0.638841,-0.081386,0.225000,0.449998,0.460699,-0.345740,0.158702,0.011250,0.380424,0.011250,0.431678,0,1
ideal_6d_disc_lpc,25.100000,1.595870,-1.205488,2.058778,-1.988452,0.935111,0.638841,-0.081386,0.225000,0.444787,0.465732,-0.345740,0.158702,0.011250,0.380424,0.011250,0.431678,0,1
ideal_6d_disc_lpc,25.150000,1.609330,-1.187458,2.081017,-1.965166,0.946361,0.638841,-0.081386,0.225000,0.439519,0.470706,-0.345740,0.158702,0.011250,0.380424,0.011250,0.431678,0,1
ideal_6d_disc_lpc,25.200000,1.622587,-1.169278,2.102993,-1.941630,0.957611,0.638841,-0.081386,0.225000,0.434196,0.475621,-0.345740,0.158702,0.011250,0.380424,0.011250,0.431678,0,1
ideal_6d_disc_lpc,25.250000,1.635638,-1.150951,2.124703,-1.917849,0.968861,0.638841,-0.081386,0.225000,0.428818,0.480475,-0.345740,0.158702,0.011250,0.380424,0.011250,0.431678,0,1
ideal_6d_disc_lpc,25.300000,1.648483,-1.132477,2.146144,-1.893826,0.980111,0.638841,-0.081386,0.225000,0.423386,0.485269,-0.345740,0.158702,0.011250,0.380424,0.011250,0.431678,0,1
ideal_6d_disc_lpc,25.350000,1.661118,-1.113861,2.167313,-1.869562,0.991361,0.638841,-0.081386,0.225000,0.417900,0.490001,-0.345740,0.158702,0.011250,0.380424,0.011250,0.431678,0,1
ideal_6d_disc_lpc,25.400000,1.673544,-1.095103,2.188208,-1.845062,1.002611,0.638841,-0.081386,0.225000,0.412361,0.494671,-0.345740,0.158702,0.011250,0.380424,0.011250,0.431678,0,1
ideal_6d_disc_lpc,25.450000,1.685758,-1.076207,2.208826,-1.820329,1.013861,0.638841,-0.081386,0.225000,0.406770,0.499279,-0.345740,0.158702,0.011250,0.380424,0.011250,0.431678,0,1
ideal_6d_disc_lpc,25.500000,1.697758,-1.057174,2.229165,-1.795365,1.025111,0.638841,-0.081386,0.225000,0.401127,0.503824,-0.345740,0.158702,0.011250,0.380424,0.011250,0.431678,0,1
ideal_6d_disc_lpc,25.550000,1.709544,-1.038008,2.249221,-1.770173,1.036361,0.638841,-0.081386,0.225000,0.395434,0.508304,-0.345740,0.158702,0.011250,0.380424,0.011250,0.431678,0,1
ideal_6d_disc_lpc,25.600000,1.721113,-1.018710,2.268993,-1.744758,1.047611,0.638841,-0.081386,0.225000,0.389691,0.512721,-0.345740,0.158702,0.011250,0.380424,0.011250,0.431678,0,1
ideal_6d_disc_lpc,25.650000,1.732464,-0.999284,2.288477,-1.719122,1.058861,0.638841,-0.081386,0.225000,0.383898,0.517072,-0.345740,0.158702,0.011250,0.380424,0.011250,0.431678,0,1
ideal_6d_disc_lpc,25.700000,1.743596,-0.979731,2.307672,-1.693269,1.070111,0.638841,-0.081386,0.225000,0.378057,0.521358,-0.345740,0.158702,0.011250,0.380424,0.011250,0.431678,0,1
ideal_6d_disc_lpc,25.750000,1.754508,-0.960054,2.326575,-1.667201,1.081361,0.638841,-0.081386,0.225000,0.372168,0.525578,-0.345740,0.158702,0.011250,0.380424,0.011250,0.431678,0,1
ideal_6d_disc_lpc,25.800000,1.765197,-0.940255,2.345183,-1.640922,1.092611,0.638841,-0.081386,0.225000,0.366232,0.529732,-0.345740,0.158702,0.011250,0.380424,0.011250,0.431678,0,1
ideal_6d_disc_lpc,25.850000,1.775663,-0.920338,2.363495,-1.614435,1.103861,0.638841,-0.081386,0.225000,0.360249,0.533818,-0.345740,0.158702,0.011250,0.380424,0.011250,0.431678,0,1
ideal_6d_disc_lpc,25.900000,1.785904,-0.900304,2.381507,-1.587744,1.115111,0.638841,-0.081386,0.225000,0.354221,0.537837,-0.345740,0.158702,0.011250,0.380424,0.011250,0.431678,0,1
ideal_6d_disc_lpc,25.950000,1.795919,-0.880156,2.399218,-1.560852,1.126361,0.638841,-0.081386,0.225000,0.348148,0.541788,-0.345740,0.158702,0.011250,0.380424,0.011250,0.431678,0,1
ideal_6d_disc_lpc,26.000000,1.805707,-0.859896,2.416626,-1.533763,1.137611,0.638841,-0.081386,0.225000,0.342031,0.545670,-0.345740,0.158702,0.011250,0.380424,0.011250,0.431678,0,1
ideal_6d_disc_lpc,26.050000,1.815267,-0.839528,2.433727,-1.506479,1.148861,0.638841,-0.081386,0.225000,0.335871,0.549484,-0.345740,0.158702,0.011250,0.380424,0.011250,0.431678,0,1
ideal_6d_disc_lpc,26.100000,1.824596,-0.819054,2.450521,-1.479005,1.160111,0.638841,-0.081386,0.225000,0.329668,0.553227,-0.345740,0.158702,0.011250,0.380424,0.011250,0.431678,0,1
ideal_6d_disc_lpc,26.150000,1.833695,-0.798475,2.467004,-1.451344,1.171361,0.638841,-0.081386,0.225000,0.323423,0.556901,-0.345740,0.158702,0.011250,0.380424,0.011250,0.431678,0,1
ideal_6d_disc_lpc,26.200000,1.842561,-0.777796,2.483175,-1.423499,1.182611,0.638841,-0.081386,0.225000,0.317138,0.560504,-0.345740,0.158702,0.011250,0.380424,0.011250,0.431678,0,1
ideal_6d_disc_lpc,26.250000,1.851195,-0.757019,2.499032,-1.395474,1.193861,0.638841,-0.081386,0.225000,0.310812,0.564036,-0.345740,0.158702,0.011250,0.380424,0.011250,0.431678,0,1
ideal_6d_disc_lpc,26.300000,1.859594,-0.736145,2.514573,-1.367272,1.205111,0.638841,-0.081386,0.225000,0.304447,0.567497,-0.345740,0.158702,0.011250,0.380424,0.011250,0.431678,0,1
ideal_6d_disc_lpc,26.350000,1.867758,-0.715179,2.529795,-1.338897,1.216361,0.638841,-0.081386,0.225000,0.298044,0.570886,-0.345740,0.158702,0.011250,0.380424,0.011250,0.431678,0,1
ideal_6d_disc_lpc,26.400000,1.875685,-0.694122,2.544697,-1.310353,1.227611,0.638841,-0.081386,0.225000,0.291603,0.574203,-0.345740,0.158702,0.011250,0.380424,0.011250,0.431678,0,1
ideal_6d_disc_lpc,26.450000,1.883375,-0.672977,2.559277,-1.281642,1.238861,0.638841,-0.081386,0.225000,0.285124,0.577447,-0.345740,0.158702,0.011250,0.380424,0.011250,0.431678,0,1
ideal_6d_disc_lpc,26.500000,1.890827,-0.651747,2.573534,-1.252770,1.250111,0.638841,-0.081386,0.225000,0.278610,0.580618,-0.345740,0.158702,0.011250,0.380424,0.011250,0.431678,0,1
ideal_6d_disc_lpc,26.550000,1.898039,-0.630434,2.587464,-1.223739,1.261361,0.638841,-0.081386,0.225000,0.272061,0.583716,-0.345740,0.158702,0.011250,0.380424,0.011250,0.431678,0,1
ideal_6d_disc_lpc,26.600000,1.905011,-0.609042,2.601067,-1.194553,1.272611,0.638841,-0.081386,0.225000,0.265477,0.586740,-0.345740,0.158702,0.011250,0.380424,0.011250,0.431678,0,1
ideal_6d_disc_lpc,26.650000,1.911742,-0.587572,2.614341,-1.165216,1.283861,0.638841,-0.081386,0.225000,0.258859,0.589689,-0.345740,0.158702,0.011250,0.380424,0.011250,0.431678,0,1
ideal_6d_disc_lpc,26.700000,1.918231,-0.566028,2.627284,-1.135732,1.295111,0.638841,-0.081386,0.225000,0.252209,0.592564,-0.345740,0.158702,0.011250,0.380424,0.011250,0.431678,0,1
ideal_6d_disc_lpc,26.750000,1.924478,-0.544413,2.639895,-1.106104,1.306361,0.638841,-0.081386,0.225000,0.245527,0.595364,-0.345740,0.158702,0.011250,0.380424,0.011250,0.431678,0,1
ideal_6d_disc_lpc,26.800000,1.930480,-0.522728,2.652171,-1.076336,1.317611,0.638841,-0.081386,0.225000,0.238814,0.598088,-0.345740,0.158702,0.011250,0.380424,0.011250,0.431678,0,1
ideal_6d_disc_lpc,26.850000,1.936239,-0.500978,2.664112,-1.046431,1.328861,0.638841,-0.081386,0.225000,0.232070,0.600737,-0.345740,0.158702,0.011250,0.380424,0.011250,0.431678,0,1
ideal_6d_disc_lpc,26.900000,1.941752,-0.479164,2.675715,-1.016394,1.340111,0.638841,-0.081386,0.225000,0.225297,0.603310,-0.345740,0.158702,0.011250,0.380424,0.011250,0.431678,0,1
ideal_6d_disc_lpc,26.950000,1.947020,-0.457289,2.686980,-0.986229,1.351361,0.638841,-0.081386,0.225000,0.218496,0.605806,-0.345740,0.158702,0.011250,0.380424,0.011250,0.431678,0,1
ideal_6d_disc_lpc,27.000000,1.952041,-0.435357,2.697905,-0.955939,1.362611,0.638841,-0.081386,0.225000,0.211667,0.608226,-0.345740,0.158702,0.011250,0.380424,0.011250,0.431678,0,1
ideal_6d_disc_lpc,27.050000,1.956815,-0.413369,2.708488,-0.925527,1.373861,0.638841,-0.081386,0.225000,0.204811,0.610568,-0.345740,0.158702,0.011250,0.380424,0.011250,0.431678,0,1
ideal_6d_disc_lpc,27.100000,1.961342,-0.391330,2.718729,-0.894999,1.385111,0.638841,-0.081386,0.225000,0.197930,0.612834,-0.345740,0.158702,0.011250,0.380424,0.011250,0.431678,0,1
ideal_6d_disc_lpc,27.150000,1.965620,-0.369240,2.728625,-0.864357,1.396361,0.638841,-0.081386,0.225000,0.191023,0.615022,-0.345740,0.158702,0.011250,0.380424,0.011250,0.431678,0,1
ideal_6d_disc_lpc,27.200000,1.969649,-0.347104,2.738176,-0.833606,1.407611,0.638841,-0.081386,0.225000,0.184092,0.617132,-0.345740,0.158702,0.011250,0.380424,0.011250,0.431678,0,1
ideal_6d_disc_lpc,27.250000,1.973430,-0.324924,2.747381,-0.802750,1.418861,0.638841,-0.081386,0.225000,0.177138,0.619164,-0.345740,0.158702,0.011250,0.380424,0.011250,0.431678,0,1
ideal_6d_disc_lpc,27.300000,1.976960,-0.302703,2.756238,-0.771791,1.430111,0.638841,-0.081386,0.225000,0.170161,0.621117,-0.345740,0.158702,0.011250,0.380424,0.011250,0.431678,0,1
ideal_6d_disc_lpc,27.350000,1.980240,-0.280443,2.764746,-0.740735,1.441361,0.638841,-0.081386,0.225000,0.163163,0.622992,-0.345740,0.158702,0.011250,0.380424,0.011250,0.431678,0,1
ideal_6d_disc_lpc,27.400000,1.983270,-0.258148,2.772904,-0.709586,1.452611,0.638841,-0.081386,0.225000,0.156144,0.624788,-0.345740,0.158702,0.011250,0.380424,0.011250,0.431678,0,1
ideal_6d_disc_lpc,27.450000,1.986048,-0.235821,2.780711,-0.678346,1.463861,0.638841,-0.081386,0.225000,0.149105,0.626505,-0.345740,0.158702,0.011250,0.380424,0.011250,0.431678,0,1
ideal_6d_disc_lpc,27.500000,1.988576,-0.213463,2.788166,-0.647021,1.475111,0.638841,-0.081386,0.225000,0.142048,0.628143,-0.345740,0.158702,0.011250,0.380424,0.011250,0.431678,0,1
ideal_6d_disc_lpc,27.550000,1.990851,-0.191079,2.795269,-0.615614,1.486361,0.638841,-0.081386,0.225000,0.134973,0.629701,-0.345740,0.158702,0.011250,0.380424,0.011250,0.431678,0,1
ideal_6d_disc_lpc,27.600000,1.992875,-0.168670,2.802017,-0.584129,1.497611,0.638841,-0.081386,0.225000,0.127880,0.631180,-0.345740,0.158702,0.011250,0.380424,0.011250,0.431678,0,1
ideal_6d_disc_lpc,27.650000,1.994646,-0.146240,2.808411,-0.552570,1.508861,0.638841,-0.081386,0.225000,0.120771,0.632579,-0.345740,0.158702,0.011250,0.380424,0.011250,0.431678,0,1
ideal_6d_disc_lpc,27.700000,1.996165,-0.123791,2.814450,-0.520941,1.520111,0.638841,-0.081386,0.225000,0.113647,0.633897,-0.345740,0.158702,0.011250,0.380424,0.011250,0.431678,0,1
ideal_6d_disc_lpc,27.750000,1.997432,-0.101327,2.820132,-0.489246,1.531361,0.638841,-0.081386,0.225000,0.106509,0.635136,-0.345740,0.158702,0.011250,0.380424,0.011250,0.431678,0,1
ideal_6d_disc_lpc,27.800000,1.998445,-0.078850,2.825458,-0.457489,1.542611,0.638841,-0.081386,0.225000,0.099357,0.636294,-0.345740,0.158702,0.011250,0.380424,0.011250,0.431678,0,1
ideal_6d_disc_lpc,27.850000,1.999206,-0.056363,2.830426,-0.425675,1.553861,0.638841,-0.081386,0.225000,0.092193,0.637371,-0.345740,0.158702,0.011250,0.380424,0.011250,0.431678,0,1
ideal_6d_disc_lpc,27.900000,1.999713,-0.033869,2.835035,-0.393806,1.565111,0.638841,-0.081386,0.225000,0.085016,0.638368,-0.345740,0.158702,0.011250,0.380424,0.011250,0.431678,0,1
ideal_6d_disc_lpc,27.950000,1.999968,-0.011371,2.839286,-0.361888,1.576361,0.638841,-0.081386,0.225000,0.077830,0.639284,-0.345740,0.158702,0.011250,0.380424,0.011250,0.431678,0,1
ideal_6d_disc_lpc,28.000000,1.999969,0.011129,2.843178,-0.329924,1.587611,0.638841,-0.081386,0.225000,0.070633,0.640119,-0.345740,0.158702,0.011250,0.380424,0.011250,0.431678,0,1
ideal_6d_disc_lpc,28.050000,1.999717,0.033628,2.846709,-0.297918,1.598861,0.638841,-0.081386,0.225000,0.063427,0.640873,-0.345740,0.158702,0.011250,0.380424,0.011250,0.431678,0,1
ideal_6d_disc_lpc,28.100000,1.999212,0.056122,2.849881,-0.265874,1.610111,0.638841,-0.081386,0.225000,0.056214,0.641546,-0.345740,0.158702,0.011250,0.380424,0.011250,0.431678,0,1
ideal_6d_disc_lpc,28.150000,1.998455,0.078609,2.852691,-0.233797,1.621361,0.638841,-0.081386,0.225000,0.048993,0.642138,-0.345740,0.158702,0.011250,0.380424,0.011250,0.431678,0,1
ideal_6d_disc_lpc,28.200000,1.997444,0.101086,2.855141,-0.201690,1.632611,0.638841,-0.081386,0.225000,0.041766,0.642648,-0.345740,0.158702,0.011250,0.380424,0.011250,0.431678,0,1
ideal_6d_disc_lpc,28.250000,1.996180,0.123551,2.857229,-0.169557,1.643861,0.638841,-0.081386,0.225000,0.034533,0.643078,-0.345740,0.158702,0.011250,0.380424,0.011250,0.431678,0,1
ideal_6d_disc_lpc,28.300000,1.994664,0.145999,2.858956,-0.137403,1.655111,0.638841,-0.081386,0.225000,0.027297,0.643425,-0.345740,0.158702,0.011250,0.380424,0.011250,0.431678,0,1
ideal_6d_disc_lpc,28.350000,1.992895,0.168430,2.860321,-0.105232,1.666361,0.638841,-0.081386,0.225000,0.020057,0.643692,-0.345740,0.158702,0.011250,0.380424,0.011250,0.431678,0,1
ideal_6d_disc_lpc,28.400000,1.990874,0.190839,2.861324,-0.073048,1.677611,0.638841,-0.081386,0.225000,0.012814,0.643877,-0.345740,0.158702,0.011250,0.380424,0.011250,0.431678,0,1
ideal_6d_disc_lpc,28.450000,1.988601,0.213223,2.861964,-0.040854,1.688861,0.638841,-0.081386,0.225000,0.005570,0.643980,-0.345740,0.158702,0.011250,0.380424,0.011250,0.431678,0,1
ideal_6d_disc_lpc,28.500000,1.986077,0.235581,2.862243,-0.008655,1.700111,0.638841,-0.081386,0.225000,-0.001675,0.644002,-0.345740,0.158702,0.011250,0.380424,0.011250,0.431678,0,1
ideal_6d_disc_lpc,28.550000,1.983301,0.257909,2.862159,0.023545,1.711361,0.638841,-0.081386,0.225000,-0.008920,0.643942,-0.345740,0.158702,0.011250,0.380424,0.011250,0.431678,0,1
ideal_6d_disc_lpc,28.600000,1.980274,0.280205,2.861713,0.055742,1.722611,0.638841,-0.081386,0.225000,-0.016164,0.643801,-0.345740,0.158702,0.011250,0.380424,0.011250,0.431678,0,1
ideal_6d_disc_lpc,28.650000,1.976997,0.302464,2.860905,0.087933,1.733861,0.638841,-0.081386,0.225000,-0.023405,0.643579,-0.345740,0.158702,0.011250,0.380424,0.011250,0.431678,0,1
ideal_6d_disc_lpc,28.700000,1.973469,0.324686,2.859735,0.120111,1.745111,0.638841,-0.081386,0.225000,-0.030644,0.643275,-0.345740,0.158702,0.011250,0.380424,0.011250,0.431678,0,1
ideal_6d_disc_lpc,28.750000,1.969691,0.346867,2.858202,0.152275,1.756361,0.638841,-0.081386,0.225000,-0.037879,0.642889,-0.345740,0.158702,0.011250,0.380424,0.011250,0.431678,0,1
ideal_6d_disc_lpc,28.800000,1.965664,0.369003,2.856308,0.184420,1.767611,0.638841,-0.081386,0.225000,-0.045109,0.642422,-0.345740,0.158702,0.011250,0.380424,0.011250,0.431678,0,1
ideal_6d_disc_lpc,28.850000,1.961389,0.391093,2.854053,0.216541,1.778861,0.638841,-0.081386,0.225000,-0.052333,0.641874,-0.345740,0.158702,0.011250,0.380424,0.011250,0.431678,0,1
ideal_6d_disc_lpc,28.900000,1.956865,0.413133,2.851436,0.248634,1.790111,0.638841,-0.081386,0.225000,-0.059550,0.641245,-0.345740,0.158702,0.011250,0.380424,0.011250,0.431678,0,1
ideal_6d_disc_lpc,28.950000,1.952094,0.435122,2.848459,0.280697,1.801361,0.638841,-0.081386,0.225000,-0.066760,0.640534,-0.345740,0.158702,0.011250,0.380424,0.011250,0.431678,0,1
ideal_6d_disc_lpc,29.000000,1.947075,0.457055,2.845121,0.312723,1.812611,0.638841,-0.081386,0.225000,-0.073962,0.639743,-0.345740,0.158702,0.011250,0.380424,0.011250,0.431678,0,1
ideal_6d_disc_lpc,29.050000,1.941810,0.478930,2.841423,0.344711,1.823861,0.638841,-0.081386,0.225000,-0.081154,0.638870,-0.345740,0.158702,0.011250,0.380424,0.011250,0.431678,0,1
ideal_6d_disc_lpc,29.100000,1.936299,0.500744,2.837365,0.376654,1.835111,0.638841,-0.081386,0.225000,-0.088336,0.637917,-0.345740,0.158702,0.011250,0.380424,0.011250,0.431678,0,1
ideal_6d_disc_lpc,29.150000,1.930544,0.522496,2.832948,0.408550,1.846361,0.638841,-0.081386,0.225000,-0.095507,0.636883,-0.345740,0.158702,0.011250,0.380424,0.011250,0.431678,0,1
ideal_6d_disc_lpc,29.200000,1.924543,0.544181,2.828173,0.440394,1.857611,0.638841,-0.081386,0.225000,-0.102666,0.635768,-0.345740,0.158702,0.011250,0.380424,0.011250,0.431678,0,1
ideal_6d_disc_lpc,29.250000,1.918300,0.565797,2.823040,0.472183,1.868861,0.638841,-0.081386,0.225000,-0.109812,0.634573,-0.345740,0.158702,0.011250,0.380424,0.011250,0.431678,0,1
ideal_6d_disc_lpc,29.300000,1.911813,0.587342,2.817549,0.503911,1.880111,0.638841,-0.081386,0.225000,-0.116944,0.633297,-0.345740,0.158702,0.011250,0.380424,0.011250,0.431678,0,1
ideal_6d_disc_lpc,29.350000,1.905085,0.608812,2.811702,0.535576,1.891361,0.638841,-0.081386,0.225000,-0.124061,0.631942,-0.345740,0.158702,0.011250,0.380424,0.011250,0.431678,0,1
ideal_6d_disc_lpc,29.400000,1.898115,0.630205,2.805499,0.567173,1.902611,0.638841,-0.081386,0.225000,-0.131162,0.630506,-0.345740,0.158702,0.011250,0.380424,0.011250,0.431678,0,1
ideal_6d_disc_lpc,29.450000,1.890905,0.651519,2.798941,0.598698,1.913861,0.638841,-0.081386,0.225000,-0.138247,0.628991,-0.345740,0.158702,0.011250,0.380424,0.011250,0.431678,0,1
ideal_6d_disc_lpc,29.500000,1.883456,0.672750,2.792028,0.630148,1.925111,0.638841,-0.081386,0.225000,-0.145314,0.627396,-0.345740,0.158702,0.011250,0.380424,0.011250,0.431678,0,1
ideal_6d_disc_lpc,29.550000,1.875769,0.693895,2.784763,0.661518,1.936361,0.638841,-0.081386,0.225000,-0.152363,0.625721,-0.345740,0.158702,0.011250,0.380424,0.011250,0.431678,0,1
ideal_6d_disc_lpc,29.600000,1.867844,0.714953,2.777144,0.692804,1.947611,0.638841,-0.081386,0.225000,-0.159392,0.623968,-0.345740,0.158702,0.011250,0.380424,0.011250,0.431678,0,1
ideal_6d_disc_lpc,29.650000,1.859683,0.735921,2.769175,0.724002,1.958861,0.638841,-0.081386,0.225000,-0.166402,0.622135,-0.345740,0.158702,0.011250,0.380424,0.011250,0.431678,0,1
ideal_6d_disc_lpc,29.700000,1.851286,0.756795,2.760855,0.755109,1.970111,0.638841,-0.081386,0.225000,-0.173390,0.620224,-0.345740,0.158702,0.011250,0.380424,0.011250,0.431678,0,1
ideal_6d_disc_lpc,29.750000,1.842655,0.777574,2.752185,0.786120,1.981361,0.638841,-0.081386,0.225000,-0.180356,0.618234,-0.345740,0.158702,0.011250,0.380424,0.011250,0.431678,0,1
ideal_6d_disc_lpc,29.800000,1.833791,0.798254,2.743167,0.817032,1.992611,0.638841,-0.081386,0.225000,-0.187300,0.616166,-0.345740,0.158702,0.011250,0.380424,0.011250,0.431678,0,1
ideal_6d_disc_lpc,29.850000,1.824695,0.818834,2.733802,0.847840,2.003861,0.638841,-0.081386,0.225000,-0.194220,0.614020,-0.345740,0.158702,0.011250,0.380424,0.011250,0.431678,0,1
ideal_6d_disc_lpc,29.900000,1.815368,0.839309,2.724091,0.878541,2.015111,0.638841,-0.081386,0.225000,-0.201115,0.611796,-0.345740,0.158702,0.011250,0.380424,0.011250,0.431678,0,1
ideal_6d_disc_lpc,29.950000,1.805811,0.859678,2.714036,0.909131,2.026361,0.638841,-0.081386,0.225000,-0.207985,0.609495,-0.345740,0.158702,0.011250,0.380424,0.011250,0.431678,0,1
ideal_6d_disc_lpc,30.000000,1.796025,0.879939,2.703636,0.939606,2.037611,0.638841,-0.081386,0.225000,-0.214829,0.607116,-0.345740,0.158702,0.011250,0.380424,0.011250,0.431678,0,1
ideal_6d_disc_lpc,30.050000,1.786013,0.900088,2.692895,0.969961,2.048861,0.638841,-0.081386,0.225000,-0.221645,0.604661,-0.345740,0.158702,0.011250,0.380424,0.011250,0.431678,0,1
ideal_6d_disc_lpc,30.100000,1.775774,0.920123,2.681813,1.000194,2.060111,0.638841,-0.081386,0.225000,-0.228433,0.602129,-0.345740,0.158702,0.011250,0.380424,0.011250,0.431678,0,1
ideal_6d_disc_lpc,30.150000,1.765310,0.940042,2.670391,1.030301,2.071361,0.638841,-0.081386,0.225000,-0.235192,0.599521,-0.345740,0.158702,0.011250,0.380424,0.011250,0.431678,0,1
ideal_6d_disc_lpc,30.200000,1.754623,0.959842,2.658632,1.060277,2.082611,0.638841,-0.081386,0.225000,-0.241922,0.596838,-0.345740,0.158702,0.011250,0.380424,0.011250,0.431678,0,1
ideal_6d_disc_lpc,30.250000,1.743714,0.979520,2.646535,1.090119,2.093861,0.638841,-0.081386,0.225000,-0.248621,0.594078,-0.345740,0.158702,0.011250,0.380424,0.011250,0.431678,0,1
ideal_6d_disc_lpc,30.300000,1.732585,0.999075,2.634104,1.119823,2.105111,0.638841,-0.081386,0.225000,-0.255289,0.591244,-0.345740,0.158702,0.011250,0.380424,0.011250,0.431678,0,1
ideal_6d_disc_lpc,30.350000,1.721236,1.018503,2.621340,1.149385,2.116361,0.638841,-0.081386,0.225000,-0.261924,0.588334,-0.345740,0.158702,0.011250,0.380424,0.011250,0.431678,0,1
ideal_6d_disc_lpc,30.400000,1.709669,1.037802,2.608244,1.178802,2.127611,0.638841,-0.081386,0.225000,-0.268526,0.585351,-0.345740,0.158702,0.011250,0.380424,0.011250,0.431678,0,1
ideal_6d_disc_lpc,30.450000,1.697886,1.056969,2.594817,1.208069,2.138861,0.638841,-0.081386,0.225000,-0.275094,0.582293,-0.345740,0.158702,0.011250,0.380424,0.011250,0.431678,0,1
ideal_6d_disc_lpc,30.500000,1.685888,1.076003,2.581063,1.237184,2.150111,0.638841,-0.081386,0.225000,-0.281627,0.579161,-0.345740,0.158702,0.011250,0.380424,0.011250,0.431678,0,1
ideal_6d_disc_lpc,30.550000,1.673676,1.094901,2.566981,1.266142,2.161361,0.638841,-0.081386,0.225000,-0.288125,0.575956,-0.345740,0.158702,0.011250,0.380424,0.011250,0.431678,0,1
ideal_6d_disc_lpc,30.600000,1.661253,1.113660,2.552575,1.294940,2.172611,0.638841,-0.081386,0.225000,-0.294586,0.572678,-0.345740,0.158702,0.011250,0.380424,0.011250,0.431678,0,1
ideal_6d_disc_lpc,30.650000,1.648619,1.132279,2.537846,1.323574,2.183861,0.638841,-0.081386,0.225000,-0.301010,0.569328,-0.345740,0.158702,0.011250,0.380424,0.011250,0.431678,0,1
ideal_6d_disc_lpc,30.700000,1.635777,1.150753,2.522795,1.352040,2.195111,0.638841,-0.081386,0.225000,-0.307395,0.565906,-0.345740,0.158702,0.011250,0.380424,0.011250,0.431678,0,1
ideal_6d_disc_lpc,30.750000,1.622728,1.169083,2.507426,1.380335,2.206361,0.638841,-0.081386,0.225000,-0.313742,0.562412,-0.345740,0.158702,0.011250,0.380424,0.011250,0.431678,0,1
ideal_6d_disc_lpc,30.800000,1.609473,1.187264,2.491738,1.408456,2.217611,0.638841,-0.081386,0.225000,-0.320049,0.558847,-0.345740,0.158702,0.011250,0.380424,0.011250,0.431678,0,1
ideal_6d_disc_lpc,30.850000,1.596015,1.205295,2.475736,1.436398,2.228861,0.638841,-0.081386,0.225000,-0.326316,0.555211,-0.345740,0.158702,0.011250,0.380424,0.011250,0.431678,0,1
ideal_6d_disc_lpc,30.900000,1.582355,1.223174,2.459420,1.464159,2.240111,0.638841,-0.081386,0.225000,-0.332541,0.551505,-0.345740,0.158702,0.011250,0.380424,0.011250,0.431678,0,1
ideal_6d_disc_lpc,30.950000,1.568494,1.240897,2.442793,1.491734,2.251361,0.638841,-0.081386,0.225000,-0.338725,0.547729,-0.345740,0.158702,0.011250,0.380424,0.011250,0.431678,0,1
ideal_6d_disc_lpc,31.000000,1.554435,1.258464,2.425857,1.519120,2.262611,0.638841,-0.081386,0.225000,-0.344865,0.543884,-0.345740,0.158702,0.011250,0.380424,0.011250,0.431678,0,1
ideal_6d_disc_lpc,31.050000,1.540179,1.275871,2.408614,1.546315,2.273861,0.638841,-0.081386,0.225000,-0.350962,0.539970,-0.345740,0.158702,0.011250,0.380424,0.011250,0.431678,0,1
ideal_6d_disc_lpc,31.100000,1.525729,1.293117,2.391066,1.573313,2.285111,0.638841,-0.081386,0.225000,-0.357014,0.535987,-0.345740,0.158702,0.011250,0.380424,0.011250,0.431678,0,1
ideal_6d_disc_lpc,31.150000,1.511085,1.310200,2.373215,1.600112,2.296361,0.638841,-0.081386,0.225000,-0.363021,0.531937,-0.345740,0.158702,0.011250,0.380424,0.011250,0.431678,0,1
ideal_6d_disc_lpc,31.200000,1.496250,1.327116,2.355064,1.626709,2.307611,0.638841,-0.081386,0.225000,-0.368982,0.527819,-0.345740,0.158702,0.011250,0.380424,0.011250,0.431678,0,1
ideal_6d_disc_lpc,31.250000,1.481225,1.343864,2.336615,1.653100,2.318861,0.638841,-0.081386,0.225000,-0.374897,0.523635,-0.345740,0.158702,0.011250,0.380424,0.011250,0.431678,0,1
ideal_6d_disc_lpc,31.300000,1.466013,1.360443,2.317870,1.679282,2.330111,0.638841,-0.081386,0.225000,-0.380764,0.519384,-0.345740,0.158702,0.011250,0.380424,0.011250,0.431678,0,1
ideal_6d_disc_lpc,31.350000,1.450616,1.376849,2.298832,1.705251,2.341361,0.638841,-0.081386,0.225000,-0.386583,0.515068,-0.345740,0.158702,0.011250,0.380424,0.011250,0.431678,0,1
ideal_6d_disc_lpc,31.400000,1.435035,1.393081,2.279502,1.731005,2.352611,0.638841,-0.081386,0.225000,-0.392353,0.510686,-0.345740,0.158702,0.011250,0.380424,0.011250,0.431678,0,1
ideal_6d_disc_lpc,31.450000,1.419272,1.409137,2.259885,1.756539,2.363861,0.638841,-0.081386,0.225000,-0.398073,0.506240,-0.345740,0.158702,0.011250,0.380424,0.011250,0.431678,0,1
ideal_6d_disc_lpc,31.500000,1.403330,1.425014,2.239981,1.781851,2.375111,0.638841,-0.081386,0.225000,-0.403743,0.501730,-0.345740,0.158702,0.011250,0.380424,0.011250,0.431678,0,1
ideal_6d_disc_lpc,31.550000,1.387210,1.440711,2.219794,1.806937,2.386361,0.638841,-0.081386,0.225000,-0.409362,0.497156,-0.345740,0.158702,0.011250,0.380424,0.011250,0.431678,0,1
ideal_6d_disc_lpc,31.600000,1.370915,1.456226,2.199326,1.831795,2.397611,0.638841,-0.081386,0.225000,-0.414929,0.492520,-0.345740,0.158702,0.011250,0.380424,0.011250,0.431678,0,1
ideal_6d_disc_lpc,31.650000,1.354446,1.471556,2.178580,1.856421,2.408861,0.638841,-0.081386,0.225000,-0.420443,0.487821,-0.345740,0.158702,0.011250,0.380424,0.011250,0.431678,0,1
ideal_6d_disc_lpc,31.700000,1.337805,1.486700,2.157557,1.880812,2.420111,0.638841,-0.081386,0.225000,-0.425904,0.483060,-0.345740,0.158702,0.011250,0.380424,0.011250,0.431678,0,1
ideal_6d_disc_lpc,31.750000,1.320996,1.501656,2.136262,1.904965,2.431361,0.638841,-0.081386,0.225000,-0.431312,0.478238,-0.345740,0.158702,0.011250,0.380424,0.011250,0.431678,0,1
ideal_6d_disc_lpc,31.800000,1.304019,1.516422,2.114697,1.928877,2.442611,0.638841,-0.081386,0.225000,-0.436665,0.473355,-0.345740,0.158702,0.011250,0.380424,0.011250,0.431678,0,1
ideal_6d_disc_lpc,31.850000,1.286877,1.530996,2.092863,1.952545,2.453861,0.638841,-0.081386,0.225000,-0.441962,0.468413,-0.345740,0.158702,0.011250,0.380424,0.011250,0.431678,0,1
ideal_6d_disc_lpc,31.900000,1.269572,1.545376,2.070765,1.975966,2.465111,0.638841,-0.081386,0.225000,-0.447204,0.463412,-0.345740,0.158702,0.011250,0.380424,0.011250,0.431678,0,1
ideal_6d_disc_lpc,31.950000,1.252107,1.559560,2.048405,1.999136,2.476361,0.638841,-0.081386,0.225000,-0.452389,0.458351,-0.345740,0.158702,0.011250,0.380424,0.011250,0.431678,0,1
ideal_6d_disc_lpc,32.000000,1.234483,1.573548,2.025786,2.022054,2.487611,0.638841,-0.081386,0.225000,-0.457516,0.453233,-0.345740,0.158702,0.011250,0.380424,0.011250,0.431678,0,1
ideal_6d_disc_lpc,32.050000,1.216703,1.587336,2.002910,2.044715,2.498861,0.638841,-0.081386,0.225000,-0.462586,0.448057,-0.345740,0.158702,0.011250,0.380424,0.011250,0.431678,0,1
ideal_6d_disc_lpc,32.100000,1.198768,1.600923,1.979780,2.067118,2.510111,0.638841,-0.081386,0.225000,-0.467597,0.442825,-0.345740,0.158702,0.011250,0.380424,0.011250,0.431678,0,1
ideal_6d_disc_lpc,32.150000,1.180683,1.614307,1.956401,2.089260,2.521361,0.638841,-0.081386,0.225000,-0.472550,0.437537,-0.345740,0.158702,0.011250,0.380424,0.011250,0.431678,0,1
ideal_6d_disc_lpc,32.200000,1.162447,1.627488,1.932773,2.111136,2.532611,0.638841,-0.081386,0.225000,-0.477442,0.432193,-0.345740,0.158702,0.011250,0.380424,0.011250,0.431678,0,1
ideal_6d_disc_lpc,32.250000,1.144065,1.640462,1.908901,2.132746,2.543861,0.638841,-0.081386,0.225000,-0.482274,0.426794,-0.345740,0.158702,0.011250,0.380424,0.011250,0.431678,0,1
ideal_6d_disc_lpc,32.300000,1.125538,1.653229,1.884787,2.154086,2.555111,0.638841,-0.081386,0.225000,-0.487044,0.421342,-0.345740,0.158702,0.011250,0.380424,0.011250,0.431678,0,1
ideal_6d_disc_lpc,32.350000,1.106868,1.665786,1.860435,2.175153,2.566361,0.638841,-0.081386,0.225000,-0.491754,0.415836,-0.345740,0.158702,0.011250,0.380424,0.011250,0.431678,0,1
ideal_6d_disc_lpc,32.400000,1.088058,1.678133,1.835847,2.195945,2.577611,0.638841,-0.081386,0.225000,-0.496401,0.410278,-0.345740,0.158702,0.011250,0.380424,0.011250,0.431678,0,1
ideal_6d_disc_lpc,32.450000,1.069111,1.690267,1.811027,2.216459,2.588861,0.638841,-0.081386,0.225000,-0.500985,0.404667,-0.345740,0.158702,0.011250,0.380424,0.011250,0.431678,0,1
ideal_6d_disc_lpc,32.500000,1.050028,1.702187,1.785978,2.236692,2.600111,0.638841,-0.081386,0.225000,-0.505505,0.399006,-0.345740,0.158702,0.011250,0.380424,0.011250,0.431678,0,1
ideal_6d_disc_lpc,32.550000,1.030812,1.713892,1.760703,2.256642,2.611361,0.638841,-0.081386,0.225000,-0.509962,0.393294,-0.345740,0.158702,0.011250,0.380424,0.011250,0.431678,0,1
ideal_6d_disc_lpc,32.600000,1.011466,1.725380,1.735205,2.276307,2.622611,0.638841,-0.081386,0.225000,-0.514354,0.387532,-0.345740,0.158702,0.011250,0.380424,0.011250,0.431678,0,1
ideal_6d_disc_lpc,32.650000,0.991992,1.736649,1.709487,2.295683,2.633861,0.638841,-0.081386,0.225000,-0.518681,0.381721,-0.345740,0.158702,0.011250,0.380424,0.011250,0.431678,0,1
ideal_6d_disc_lpc,32.700000,0.972393,1.747699,1.683553,2.314770,2.645111,0.638841,-0.081386,0.225000,-0.522943,0.375862,-0.345740,0.158702,0.011250,0.380424,0.011250,0.431678,0,1
ideal_6d_disc_lpc,32.750000,0.952670,1.758528,1.657406,2.333563,2.656361,0.638841,-0.081386,0.225000,-0.527138,0.369955,-0.345740,0.158702,0.011250,0.380424,0.011250,0.431678,0,1
ideal_6d_disc_lpc,32.800000,0.932827,1.769134,1.631049,2.352060,2.667611,0.638841,-0.081386,0.225000,-0.531267,0.364001,-0.345740,0.158702,0.011250,0.380424,0.011250,0.431678,0,1
ideal_6d_disc_lpc,32.850000,0.912865,1.779516,1.604486,2.370260,2.678861,0.638841,-0.081386,0.225000,-0.535328,0.358002,-0.345740,0.158702,0.011250,0.380424,0.011250,0.431678,0,1
ideal_6d_disc_lpc,32.900000,0.892788,1.789673,1.577719,2.388161,2.690111,0.638841,-0.081386,0.225000,-0.539322,0.351957,-0.345740,0.158702,0.011250,0.380424,0.011250,0.431678,0,1
ideal_6d_disc_lpc,32.950000,0.872598,1.799603,1.550753,2.405758,2.701361,0.638841,-0.081386,0.225000,-0.543247,0.345867,-0.345740,0.158702,0.011250,0.380424,0.011250,0.431678,0,1
ideal_6d_disc_lpc,33.000000,0.852298,1.809306,1.523591,2.423052,2.712611,0.638841,-0.081386,0.225000,-0.547103,0.339734,-0.345740,0.158702,0.011250,0.380424,0.011250,0.431678,0,1
ideal_6d_disc_lpc,33.050000,0.831890,1.818780,1.496236,2.440038,2.723861,0.638841,-0.081386,0.225000,-0.550891,0.333558,-0.345740,0.158702,0.011250,0.380424,0.011250,0.431678,0,1
ideal_6d_disc_lpc,33.100000,0.811376,1.828023,1.468691,2.456716,2.735111,0.638841,-0.081386,0.225000,-0.554608,0.327339,-0.345740,0.158702,0.011250,0.380424,0.011250,0.431678,0,1
ideal_6d_disc_lpc,33.150000,0.790760,1.837035,1.440961,2.473083,2.746361,0.638841,-0.081386,0.225000,-0.558256,0.321079,-0.345740,0.158702,0.011250,0.380424,0.011250,0.431678,0,1
ideal_6d_disc_lpc,33.200000,0.770044,1.845815,1.413048,2.489137,2.757611,0.638841,-0.081386,0.225000,-0.561832,0.314779,-0.345740,0.158702,0.011250,0.380424,0.011250,0.431678,0,1
ideal_6d_disc_lpc,33.250000,0.749230,1.854361,1.384956,2.504876,2.768861,0.638841,-0.081386,0.225000,-0.565338,0.308438,-0.345740,0.158702,0.011250,0.380424,0.011250,0.431678,0,1
ideal_6d_disc_lpc,33.300000,0.728322,1.862672,1.356689,2.520298,2.780111,0.638841,-0.081386,0.225000,-0.568772,0.302059,-0.345740,0.158702,0.011250,0.380424,0.011250,0.431678,0,1
ideal_6d_disc_lpc,33.350000,0.707321,1.870748,1.328251,2.535401,2.791361,0.638841,-0.081386,0.225000,-0.572134,0.295641,-0.345740,0.158702,0.011250,0.380424,0.011250,0.431678,0,1
ideal_6d_disc_lpc,33.400000,0.686231,1.878587,1.299644,2.550183,2.802611,0.638841,-0.081386,0.225000,-0.575424,0.289186,-0.345740,0.158702,0.011250,0.380424,0.011250,0.431678,0,1
ideal_6d_disc_lpc,33.450000,0.665054,1.886188,1.270873,2.564642,2.813861,0.638841,-0.081386,0.225000,-0.578641,0.282695,-0.345740,0.158702,0.011250,0.380424,0.011250,0.431678,0,1
ideal_6d_disc_lpc,33.500000,0.643792,1.893550,1.241941,2.578777,2.825111,0.638841,-0.081386,0.225000,-0.581784,0.276167,-0.345740,0.158702,0.011250,0.380424,0.011250,0.431678,0,1
ideal_6d_disc_lpc,33.550000,0.622450,1.900673,1.212852,2.592586,2.836361,0.638841,-0.081386,0.225000,-0.584854,0.269605,-0.345740,0.158702,0.011250,0.380424,0.011250,0.431678,0,1
ideal_6d_disc_lpc,33.600000,0.601028,1.907555,1.183609,2.606066,2.847611,0.638841,-0.081386,0.225000,-0.587850,0.263008,-0.345740,0.158702,0.011250,0.380424,0.011250,0.431678,0,1
ideal_6d_disc_lpc,33.650000,0.579531,1.914195,1.154216,2.619216,2.858861,0.638841,-0.081386,0.225000,-0.590772,0.256378,-0.345740,0.158702,0.011250,0.380424,0.011250,0.431678,0,1
ideal_6d_disc_lpc,33.700000,0.557960,1.920594,1.124678,2.632035,2.870111,0.638841,-0.081386,0.225000,-0.593619,0.249716,-0.345740,0.158702,0.011250,0.380424,0.011250,0.431678,0,1
ideal_6d_disc_lpc,33.750000,0.536318,1.926749,1.094997,2.644521,2.881361,0.638841,-0.081386,0.225000,-0.596390,0.243022,-0.345740,0.158702,0.011250,0.380424,0.011250,0.431678,0,1
ideal_6d_disc_lpc,33.800000,0.514609,1.932661,1.065177,2.656672,2.892611,0.638841,-0.081386,0.225000,-0.599087,0.236298,-0.345740,0.158702,0.011250,0.380424,0.011250,0.431678,0,1
ideal_6d_disc_lpc,33.850000,0.492834,1.938328,1.035223,2.668487,2.903861,0.638841,-0.081386,0.225000,-0.601707,0.229543,-0.345740,0.158702,0.011250,0.380424,0.011250,0.431678,0,1
ideal_6d_disc_lpc,33.900000,0.470997,1.943749,1.005138,2.679964,2.915111,0.638841,-0.081386,0.225000,-0.604251,0.222759,-0.345740,0.158702,0.011250,0.380424,0.011250,0.431678,0,1
ideal_6d_disc_lpc,33.950000,0.449101,1.948925,0.974925,2.691102,2.926361,0.638841,-0.081386,0.225000,-0.606719,0.215948,-0.345740,0.158702,0.011250,0.380424,0.011250,0.431678,0,1
ideal_6d_disc_lpc,34.000000,0.427147,1.953854,0.944589,2.701899,2.937611,0.638841,-0.081386,0.225000,-0.609110,0.209109,-0.345740,0.158702,0.011250,0.380424,0.011250,0.431678,0,1
ideal_6d_disc_lpc,34.050000,0.405140,1.958536,0.914134,2.712355,2.948861,0.638841,-0.081386,0.225000,-0.611424,0.202243,-0.345740,0.158702,0.011250,0.380424,0.011250,0.431678,0,1
ideal_6d_disc_lpc,34.100000,0.383081,1.962969,0.883562,2.722467,2.960111,0.638841,-0.081386,0.225000,-0.613660,0.195352,-0.345740,0.158702,0.011250,0.380424,0.011250,0.431678,0,1
ideal_6d_disc_lpc,34.150000,0.360974,1.967155,0.852879,2.732235,2.971361,0.638841,-0.081386,0.225000,-0.615819,0.188436,-0.345740,0.158702,0.011250,0.380424,0.011250,0.431678,0,1
ideal_6d_disc_lpc,34.200000,0.338821,1.971091,0.822088,2.741656,2.982611,0.638841,-0.081386,0.225000,-0.617900,0.181496,-0.345740,0.158702,0.011250,0.380424,0.011250,0.431678,0,1
ideal_6d_disc_lpc,34.250000,0.316626,1.974778,0.791193,2.750731,2.993861,0.638841,-0.081386,0.225000,-0.619903,0.174533,-0.345740,0.158702,0.011250,0.380424,0.011250,0.431678,0,1
ideal_6d_disc_lpc,34.300000,0.294390,1.978215,0.760198,2.759458,3.005111,0.638841,-0.081386,0.225000,-0.621827,0.167549,-0.345740,0.158702,0.011250,0.380424,0.011250,0.431678,0,1
ideal_6d_disc_lpc,34.350000,0.272117,1.981402,0.729107,2.767835,3.016361,0.638841,-0.081386,0.225000,-0.623673,0.160543,-0.345740,0.158702,0.011250,0.380424,0.011250,0.431678,0,1
ideal_6d_disc_lpc,34.400000,0.249809,1.984338,0.697923,2.775862,3.027611,0.638841,-0.081386,0.225000,-0.625439,0.153516,-0.345740,0.158702,0.011250,0.380424,0.011250,0.431678,0,1
ideal_6d_disc_lpc,34.450000,0.227470,1.987022,0.666651,2.783538,3.038861,0.638841,-0.081386,0.225000,-0.627127,0.146471,-0.345740,0.158702,0.011250,0.380424,0.011250,0.431678,0,1
ideal_6d_disc_lpc,34.500000,0.205102,1.989455,0.635295,2.790862,3.050111,0.638841,-0.081386,0.225000,-0.628735,0.139406,-0.345740,0.158702,0.011250,0.380424,0.011250,0.431678,0,1
ideal_6d_disc_lpc,34.550000,0.182708,1.991637,0.603858,2.797832,3.061361,0.638841,-0.081386,0.225000,-0.630263,0.132324,-0.345740,0.158702,0.011250,0.380424,0.011250,0.431678,0,1
ideal_6d_disc_lpc,34.600000,0.160291,1.993566,0.572345,2.804448,3.072611,0.638841,-0.081386,0.225000,-0.631712,0.125226,-0.345740,0.158702,0.011250,0.380424,0.011250,0.431678,0,1
ideal_6d_disc_lpc,34.650000,0.137854,1.995243,0.540759,2.810709,3.083861,0.638841,-0.081386,0.225000,-0.633081,0.118111,-0.345740,0.158702,0.011250,0.380424,0.011250,0.431678,0,1
ideal_6d_disc_lpc,34.700000,0.115399,1.996668,0.509105,2.816615,3.095111,0.638841,-0.081386,0.225000,-0.634369,0.110982,-0.345740,0.158702,0.011250,0.380424,0.011250,0.431678,0,1
ideal_6d_disc_lpc,34.750000,0.092930,1.997840,0.477387,2.822164,3.106361,0.638841,-0.081386,0.225000,-0.635578,0.103838,-0.345740,0.158702,0.011250,0.380424,0.011250,0.431678,0,1
ideal_6d_disc_lpc,34.800000,0.070449,1.998759,0.445608,2.827356,3.117611,0.638841,-0.081386,0.225000,-0.636706,0.096681,-0.345740,0.158702,0.011250,0.380424,0.011250,0.431678,0,1
ideal_6d_disc_lpc,34.850000,0.047959,1.999425,0.413773,2.832190,3.128861,0.638841,-0.081386,0.225000,-0.637753,0.089512,-0.345740,0.158702,0.011250,0.380424,0.011250,0.431678,0,1
ideal_6d_disc_lpc,34.900000,0.025463,1.999838,0.381885,2.836666,3.140111,0.638841,-0.081386,0.225000,-0.638720,0.082332,-0.345740,0.158702,0.011250,0.380424,0.011250,0.431678,0,1
ideal_6d_disc_lpc,34.950000,0.002963,1.999998,0.349949,2.840782,-3.131824,0.638841,-0.081386,0.225000,-0.639605,0.075142,-0.345740,0.158702,0.011250,0.380424,0.011250,0.431678,0,1
ideal_6d_disc_lpc,35.000000,-0.019536,1.999905,0.317969,2.844539,-3.120574,0.638841,-0.081386,0.225000,-0.640410,0.067941,-0.345740,0.158702,0.011250,0.380424,0.011250,0.431678,0,1
ideal_6d_disc_lpc,35.050000,-0.042034,1.999558,0.285948,2.847936,-3.109324,0.638841,-0.081386,0.225000,-0.641134,0.060733,-0.345740,0.158702,0.011250,0.380424,0.011250,0.431678,0,1
ideal_6d_disc_lpc,35.100000,-0.064526,1.998959,0.253892,2.850973,-3.098074,0.638841,-0.081386,0.225000,-0.641777,0.053516,-0.345740,0.158702,0.011250,0.380424,0.011250,0.431678,0,1
ideal_6d_disc_lpc,35.150000,-0.087009,1.998106,0.221803,2.853649,-3.086824,0.638841,-0.081386,0.225000,-0.642338,0.046293,-0.345740,0.158702,0.011250,0.380424,0.011250,0.431678,0,1
ideal_6d_disc_lpc,35.200000,-0.109482,1.997001,0.189686,2.855964,-3.075574,0.638841,-0.081386,0.225000,-0.642818,0.039064,-0.345740,0.158702,0.011250,0.380424,0.011250,0.431678,0,1
ideal_6d_disc_lpc,35.250000,-0.131941,1.995643,0.157545,2.857917,-3.064324,0.638841,-0.081386,0.225000,-0.643217,0.031830,-0.345740,0.158702,0.011250,0.380424,0.011250,0.431678,0,1
ideal_6d_disc_lpc,35.300000,-0.154383,1.994033,0.125384,2.859508,-3.053074,0.638841,-0.081386,0.225000,-0.643534,0.024592,-0.345740,0.158702,0.011250,0.380424,0.011250,0.431678,0,1
ideal_6d_disc_lpc,35.350000,-0.176806,1.992170,0.093207,2.860738,-3.041824,0.638841,-0.081386,0.225000,-0.643770,0.017351,-0.345740,0.158702,0.011250,0.380424,0.011250,0.431678,0,1
ideal_6d_disc_lpc,35.400000,-0.199206,1.990055,0.061019,2.861605,-3.030574,0.638841,-0.081386,0.225000,-0.643925,0.010107,-0.345740,0.158702,0.011250,0.380424,0.011250,0.431678,0,1
ideal_6d_disc_lpc,35.450000,-0.221581,1.987688,0.028823,2.862111,-3.019324,0.638841,-0.081386,0.225000,-0.643998,0.002863,-0.345740,0.158702,0.011250,0.380424,0.011250,0.431678,0,1
ideal_6d_disc_lpc,35.500000,-0.243928,1.985069,-0.003377,2.862254,-3.008074,0.638841,-0.081386,0.225000,-0.643989,-0.004382,-0.345740,0.158702,0.011250,0.380424,0.011250,0.431678,0,1
ideal_6d_disc_lpc,35.550000,-0.266244,1.982199,-0.035577,2.862035,-2.996824,0.638841,-0.081386,0.225000,-0.643899,-0.011627,-0.345740,0.158702,0.011250,0.380424,0.011250,0.431678,0,1
ideal_6d_disc_lpc,35.600000,-0.288526,1.979079,-0.067772,2.861453,-2.985574,0.638841,-0.081386,0.225000,-0.643728,-0.018870,-0.345740,0.158702,0.011250,0.380424,0.011250,0.431678,0,1
ideal_6d_disc_lpc,35.650000,-0.310772,1.975708,-0.099958,2.860510,-2.974324,0.638841,-0.081386,0.225000,-0.643475,-0.026110,-0.345740,0.158702,0.011250,0.380424,0.011250,0.431678,0,1
ideal_6d_disc_lpc,35.700000,-0.332979,1.972086,-0.132132,2.859204,-2.963074,0.638841,-0.081386,0.225000,-0.643140,-0.033348,-0.345740,0.158702,0.011250,0.380424,0.011250,0.431678,0,1
ideal_6d_disc_lpc,35.750000,-0.355143,1.968216,-0.164289,2.857537,-2.951824,0.638841,-0.081386,0.225000,-0.642724,-0.040581,-0.345740,0.158702,0.011250,0.380424,0.011250,0.431678,0,1
ideal_6d_disc_lpc,35.800000,-0.377263,1.964096,-0.196425,2.855508,-2.940574,0.638841,-0.081386,0.225000,-0.642227,-0.047809,-0.345740,0.158702,0.011250,0.380424,0.011250,0.431678,0,1
ideal_6d_disc_lpc,35.850000,-0.399335,1.959728,-0.228536,2.853118,-2.929324,0.638841,-0.081386,0.225000,-0.641649,-0.055031,-0.345740,0.158702,0.011250,0.380424,0.011250,0.431678,0,1
ideal_6d_disc_lpc,35.900000,-0.421356,1.955111,-0.260619,2.850366,-2.918074,0.638841,-0.081386,0.225000,-0.640989,-0.062245,-0.345740,0.158702,0.011250,0.380424,0.011250,0.431678,0,1
ideal_6d_disc_lpc,35.950000,-0.443324,1.950247,-0.292668,2.847254,-2.906824,0.638841,-0.081386,0.225000,-0.640248,-0.069452,-0.345740,0.158702,0.011250,0.380424,0.011250,0.431678,0,1
ideal_6d_disc_lpc,36.000000,-0.465235,1.945136,-0.324681,2.843781,-2.895574,0.638841,-0.081386,0.225000,-0.639426,-0.076651,-0.345740,0.158702,0.011250,0.380424,0.011250,0.431678,0,1
ideal_6d_disc_lpc,36.050000,-0.487088,1.939780,-0.356652,2.839949,-2.884324,0.638841,-0.081386,0.225000,-0.638524,-0.083839,-0.345740,0.158702,0.011250,0.380424,0.011250,0.431678,0,1
ideal_6d_disc_lpc,36.100000,-0.508880,1.934177,-0.388578,2.835757,-2.873074,0.638841,-0.081386,0.225000,-0.637540,-0.091017,-0.345740,0.158702,0.011250,0.380424,0.011250,0.431678,0,1
ideal_6d_disc_lpc,36.150000,-0.530606,1.928330,-0.420455,2.831206,-2.861824,0.638841,-0.081386,0.225000,-0.636476,-0.098184,-0.345740,0.158702,0.011250,0.380424,0.011250,0.431678,0,1
ideal_6d_disc_lpc,36.200000,-0.552266,1.922239,-0.452279,2.826297,-2.850574,0.638841,-0.081386,0.225000,-0.635331,-0.105338,-0.345740,0.158702,0.011250,0.380424,0.011250,0.431678,0,1
ideal_6d_disc_lpc,36.250000,-0.573856,1.915904,-0.484045,2.821030,-2.839324,0.638841,-0.081386,0.225000,-0.634106,-0.112478,-0.345740,0.158702,0.011250,0.380424,0.011250,0.431678,0,1
ideal_6d_disc_lpc,36.300000,-0.595373,1.909327,-0.515751,2.815406,-2.828074,0.638841,-0.081386,0.225000,-0.632800,-0.119605,-0.345740,0.158702,0.011250,0.380424,0.011250,0.431678,0,1
ideal_6d_disc_lpc,36.350000,-0.616815,1.902509,-0.547391,2.809426,-2.816824,0.638841,-0.081386,0.225000,-0.631415,-0.126716,-0.345740,0.158702,0.011250,0.380424,0.011250,0.431678,0,1
ideal_6d_disc_lpc,36.400000,-0.638179,1.895449,-0.578961,2.803090,-2.805574,0.638841,-0.081386,0.225000,-0.629949,-0.133811,-0.345740,0.158702,0.011250,0.380424,0.011250,0.431678,0,1
ideal_6d_disc_lpc,36.450000,-0.659462,1.888150,-0.610459,2.796399,-2.794324,0.638841,-0.081386,0.225000,-0.628404,-0.140890,-0.345740,0.158702,0.011250,0.380424,0.011250,0.431678,0,1
ideal_6d_disc_lpc,36.500000,-0.680661,1.880612,-0.641879,2.789355,-2.783074,0.638841,-0.081386,0.225000,-0.626779,-0.147950,-0.345740,0.158702,0.011250,0.380424,0.011250,0.431678,0,1
ideal_6d_disc_lpc,36.550000,-0.701774,1.872835,-0.673218,2.781957,-2.771824,0.638841,-0.081386,0.225000,-0.625075,-0.154992,-0.345740,0.158702,0.011250,0.380424,0.011250,0.431678,0,1
ideal_6d_disc_lpc,36.600000,-0.722799,1.864822,-0.704472,2.774208,-2.760574,0.638841,-0.081386,0.225000,-0.623292,-0.162014,-0.345740,0.158702,0.011250,0.380424,0.011250,0.431678,0,1
ideal_6d_disc_lpc,36.650000,-0.743732,1.856573,-0.735636,2.766107,-2.749324,0.638841,-0.081386,0.225000,-0.621430,-0.169016,-0.345740,0.158702,0.011250,0.380424,0.011250,0.431678,0,1
ideal_6d_disc_lpc,36.700000,-0.764571,1.848089,-0.766708,2.757656,-2.738074,0.638841,-0.081386,0.225000,-0.619489,-0.175996,-0.345740,0.158702,0.011250,0.380424,0.011250,0.431678,0,1
ideal_6d_disc_lpc,36.750000,-0.785313,1.839370,-0.797682,2.748856,-2.726824,0.638841,-0.081386,0.225000,-0.617470,-0.182954,-0.345740,0.158702,0.011250,0.380424,0.011250,0.431678,0,1
ideal_6d_disc_lpc,36.800000,-0.805956,1.830419,-0.828556,2.739709,-2.715574,0.638841,-0.081386,0.225000,-0.615373,-0.189889,-0.345740,0.158702,0.011250,0.380424,0.011250,0.431678,0,1
ideal_6d_disc_lpc,36.850000,-0.826497,1.821237,-0.859325,2.730214,-2.704324,0.638841,-0.081386,0.225000,-0.613198,-0.196799,-0.345740,0.158702,0.011250,0.380424,0.011250,0.431678,0,1
ideal_6d_disc_lpc,36.900000,-0.846933,1.811824,-0.889984,2.720374,-2.693074,0.638841,-0.081386,0.225000,-0.610945,-0.203685,-0.345740,0.158702,0.011250,0.380424,0.011250,0.431678,0,1
ideal_6d_disc_lpc,36.950000,-0.867262,1.802181,-0.920532,2.710190,-2.681824,0.638841,-0.081386,0.225000,-0.608615,-0.210545,-0.345740,0.158702,0.011250,0.380424,0.011250,0.431678,0,1
ideal_6d_disc_lpc,37.000000,-0.887481,1.792311,-0.950962,2.699663,-2.670574,0.638841,-0.081386,0.225000,-0.606208,-0.217379,-0.345740,0.158702,0.011250,0.380424,0.011250,0.431678,0,1
ideal_6d_disc_lpc,37.050000,-0.907588,1.782213,-0.981273,2.688794,-2.659324,0.638841,-0.081386,0.225000,-0.603724,-0.224185,-0.345740,0.158702,0.011250,0.380424,0.011250,0.431678,0,1
ideal_6d_disc_lpc,37.100000,-0.927580,1.771890,-1.011459,2.677585,-2.648074,0.638841,-0.081386,0.225000,-0.601164,-0.230962,-0.345740,0.158702,0.011250,0.380424,0.011250,0.431678,0,1
ideal_6d_disc_lpc,37.150000,-0.947455,1.761343,-1.041517,2.666036,-2.636824,0.638841,-0.081386,0.225000,-0.598527,-0.237711,-0.345740,0.158702,0.011250,0.380424,0.011250,0.431678,0,1
ideal_6d_disc_lpc,37.200000,-0.967209,1.750573,-1.071444,2.654151,-2.625574,0.638841,-0.081386,0.225000,-0.595815,-0.244429,-0.345740,0.158702,0.011250,0.380424,0.011250,0.431678,0,1
ideal_6d_disc_lpc,37.250000,-0.986842,1.739581,-1.101234,2.641930,-2.614324,0.638841,-0.081386,0.225000,-0.593028,-0.251116,-0.345740,0.158702,0.011250,0.380424,0.011250,0.431678,0,1
ideal_6d_disc_lpc,37.300000,-1.006349,1.728370,-1.130886,2.629374,-2.603074,0.638841,-0.081386,0.225000,-0.590165,-0.257772,-0.345740,0.158702,0.011250,0.380424,0.011250,0.431678,0,1
ideal_6d_disc_lpc,37.350000,-1.025729,1.716939,-1.160394,2.616485,-2.591824,0.638841,-0.081386,0.225000,-0.587228,-0.264395,-0.345740,0.158702,0.011250,0.380424,0.011250,0.431678,0,1
ideal_6d_disc_lpc,37.400000,-1.044979,1.705291,-1.189755,2.603265,-2.580574,0.638841,-0.081386,0.225000,-0.584217,-0.270984,-0.345740,0.158702,0.011250,0.380424,0.011250,0.431678,0,1
ideal_6d_disc_lpc,37.450000,-1.064097,1.693427,-1.218966,2.589716,-2.569324,0.638841,-0.081386,0.225000,-0.581131,-0.277539,-0.345740,0.158702,0.011250,0.380424,0.011250,0.431678,0,1
ideal_6d_disc_lpc,37.500000,-1.083081,1.681349,-1.248023,2.575839,-2.558074,0.638841,-0.081386,0.225000,-0.577972,-0.284059,-0.345740,0.158702,0.011250,0.380424,0.011250,0.431678,0,1
ideal_6d_disc_lpc,37.550000,-1.101927,1.669059,-1.276921,2.561636,-2.546824,0.638841,-0.081386,0.225000,-0.574740,-0.290543,-0.345740,0.158702,0.011250,0.380424,0.011250,0.431678,0,1
ideal_6d_disc_lpc,37.600000,-1.120634,1.656557,-1.305658,2.547109,-2.535574,0.638841,-0.081386,0.225000,-0.571435,-0.296991,-0.345740,0.158702,0.011250,0.380424,0.011250,0.431678,0,1
ideal_6d_disc_lpc,37.650000,-1.139199,1.643845,-1.334230,2.532260,-2.524324,0.638841,-0.081386,0.225000,-0.568058,-0.303400,-0.345740,0.158702,0.011250,0.380424,0.011250,0.431678,0,1
ideal_6d_disc_lpc,37.700000,-1.157620,1.630925,-1.362633,2.517090,-2.513074,0.638841,-0.081386,0.225000,-0.564609,-0.309772,-0.345740,0.158702,0.011250,0.380424,0.011250,0.431678,0,1
ideal_6d_disc_lpc,37.750000,-1.175894,1.617799,-1.390863,2.501601,-2.501824,0.638841,-0.081386,0.225000,-0.561088,-0.316104,-0.345740,0.158702,0.011250,0.380424,0.011250,0.431678,0,1
ideal_6d_disc_lpc,37.800000,-1.194019,1.604468,-1.418918,2.485796,-2.490574,0.638841,-0.081386,0.225000,-0.557496,-0.322396,-0.345740,0.158702,0.011250,0.380424,0.011250,0.431678,0,1
ideal_6d_disc_lpc,37.850000,-1.211994,1.590934,-1.446793,2.469676,-2.479324,0.638841,-0.081386,0.225000,-0.553834,-0.328647,-0.345740,0.158702,0.011250,0.380424,0.011250,0.431678,0,1
ideal_6d_disc_lpc,37.900000,-1.229815,1.577199,-1.474484,2.453244,-2.468074,0.638841,-0.081386,0.225000,-0.550102,-0.334857,-0.345740,0.158702,0.011250,0.380424,0.011250,0.431678,0,1
ideal_6d_disc_lpc,37.950000,-1.247480,1.563264,-1.501989,2.436501,-2.456824,0.638841,-0.081386,0.225000,-0.546300,-0.341024,-0.345740,0.158702,0.011250,0.380424,0.011250,0.431678,0,1
ideal_6d_disc_lpc,38.000000,-1.264987,1.549131,-1.529304,2.419450,-2.445574,0.638841,-0.081386,0.225000,-0.542429,-0.347148,-0.345740,0.158702,0.011250,0.380424,0.011250,0.431678,0,1
ideal_6d_disc_lpc,38.050000,-1.282335,1.534802,-1.556426,2.402092,-2.434324,0.638841,-0.081386,0.225000,-0.538490,-0.353229,-0.345740,0.158702,0.011250,0.380424,0.011250,0.431678,0,1
ideal_6d_disc_lpc,38.100000,-1.299520,1.520279,-1.583350,2.384431,-2.423074,0.638841,-0.081386,0.225000,-0.534482,-0.359264,-0.345740,0.158702,0.011250,0.380424,0.011250,0.431678,0,1
ideal_6d_disc_lpc,38.150000,-1.316540,1.505564,-1.610075,2.366468,-2.411824,0.638841,-0.081386,0.225000,-0.530406,-0.365254,-0.345740,0.158702,0.011250,0.380424,0.011250,0.431678,0,1
ideal_6d_disc_lpc,38.200000,-1.333394,1.490658,-1.636595,2.348205,-2.400574,0.638841,-0.081386,0.225000,-0.526264,-0.371198,-0.345740,0.158702,0.011250,0.380424,0.011250,0.431678,0,1
ideal_6d_disc_lpc,38.250000,-1.350079,1.475563,-1.662908,2.329645,-2.389324,0.638841,-0.081386,0.225000,-0.522054,-0.377095,-0.345740,0.158702,0.011250,0.380424,0.011250,0.431678,0,1
ideal_6d_disc_lpc,38.300000,-1.366593,1.460282,-1.689011,2.310790,-2.378074,0.638841,-0.081386,0.225000,-0.517779,-0.382944,-0.345740,0.158702,0.011250,0.380424,0.011250,0.431678,0,1
ideal_6d_disc_lpc,38.350000,-1.382935,1.444815,-1.714900,2.291643,-2.366824,0.638841,-0.081386,0.225000,-0.513438,-0.388745,-0.345740,0.158702,0.011250,0.380424,0.011250,0.431678,0,1
ideal_6d_disc_lpc,38.400000,-1.399101,1.429166,-1.740572,2.272206,-2.355574,0.638841,-0.081386,0.225000,-0.509033,-0.394496,-0.345740,0.158702,0.011250,0.380424,0.011250,0.431678,0,1
ideal_6d_disc_lpc,38.450000,-1.415090,1.413336,-1.766023,2.252481,-2.344324,0.638841,-0.081386,0.225000,-0.504562,-0.400198,-0.345740,0.158702,0.011250,0.380424,0.011250,0.431678,0,1
ideal_6d_disc_lpc,38.500000,-1.430901,1.397327,-1.791251,2.232471,-2.333074,0.638841,-0.081386,0.225000,-0.500028,-0.405848,-0.345740,0.158702,0.011250,0.380424,0.011250,0.431678,0,1
ideal_6d_disc_lpc,38.550000,-1.446530,1.381142,-1.816253,2.212179,-2.321824,0.638841,-0.081386,0.225000,-0.495431,-0.411448,-0.345740,0.158702,0.011250,0.380424,0.011250,0.431678,0,1
ideal_6d_disc_lpc,38.600000,-1.461976,1.364781,-1.841024,2.191606,-2.310574,0.638841,-0.081386,0.225000,-0.490771,-0.416995,-0.345740,0.158702,0.011250,0.380424,0.011250,0.431678,0,1
ideal_6d_disc_lpc,38.650000,-1.477237,1.348248,-1.865563,2.170756,-2.299324,0.638841,-0.081386,0.225000,-0.486049,-0.422490,-0.345740,0.158702,0.011250,0.380424,0.011250,0.431678,0,1
ideal_6d_disc_lpc,38.700000,-1.492311,1.331544,-1.889865,2.149632,-2.288074,0.638841,-0.081386,0.225000,-0.481265,-0.427931,-0.345740,0.158702,0.011250,0.380424,0.011250,0.431678,0,1
ideal_6d_disc_lpc,38.750000,-1.507196,1.314672,-1.913929,2.128235,-2.276824,0.638841,-0.081386,0.225000,-0.476421,-0.433318,-0.345740,0.158702,0.011250,0.380424,0.011250,0.431678,0,1
ideal_6d_disc_lpc,38.800000,-1.521890,1.297633,-1.937750,2.106570,-2.265574,0.638841,-0.081386,0.225000,-0.471516,-0.438651,-0.345740,0.158702,0.011250,0.380424,0.011250,0.431678,0,1
ideal_6d_disc_lpc,38.850000,-1.536392,1.280430,-1.961325,2.084637,-2.254324,0.638841,-0.081386,0.225000,-0.466551,-0.443927,-0.345740,0.158702,0.011250,0.380424,0.011250,0.431678,0,1
ideal_6d_disc_lpc,38.900000,-1.550699,1.263065,-1.984653,2.062441,-2.243074,0.638841,-0.081386,0.225000,-0.461528,-0.449148,-0.345740,0.158702,0.011250,0.380424,0.011250,0.431678,0,1
ideal_6d_disc_lpc,38.950000,-1.564810,1.245540,-2.007729,2.039983,-2.231824,0.638841,-0.081386,0.225000,-0.456446,-0.454311,-0.345740,0.158702,0.011250,0.380424,0.011250,0.431678,0,1
ideal_6d_disc_lpc,39.000000,-1.578723,1.227857,-2.030552,2.017268,-2.220574,0.638841,-0.081386,0.225000,-0.451306,-0.459418,-0.345740,0.158702,0.011250,0.380424,0.011250,0.431678,0,1
ideal_6d_disc_lpc,39.050000,-1.592436,1.210019,-2.053117,1.994297,-2.209324,0.638841,-0.081386,0.225000,-0.446109,-0.464466,-0.345740,0.158702,0.011250,0.380424,0.011250,0.431678,0,1
ideal_6d_disc_lpc,39.100000,-1.605948,1.192028,-2.075422,1.971073,-2.198074,0.638841,-0.081386,0.225000,-0.440856,-0.469455,-0.345740,0.158702,0.011250,0.380424,0.011250,0.431678,0,1
ideal_6d_disc_lpc,39.150000,-1.619256,1.173886,-2.097465,1.947601,-2.186824,0.638841,-0.081386,0.225000,-0.435546,-0.474385,-0.345740,0.158702,0.011250,0.380424,0.011250,0.431678,0,1
ideal_6d_disc_lpc,39.200000,-1.632360,1.155596,-2.119242,1.923882,-2.175574,0.638841,-0.081386,0.225000,-0.430182,-0.479254,-0.345740,0.158702,0.011250,0.380424,0.011250,0.431678,0,1
ideal_6d_disc_lpc,39.250000,-1.645257,1.137159,-2.140752,1.899919,-2.164324,0.638841,-0.081386,0.225000,-0.424763,-0.484063,-0.345740,0.158702,0.011250,0.380424,0.011250,0.431678,0,1
ideal_6d_disc_lpc,39.300000,-1.657945,1.118578,-2.161990,1.875716,-2.153074,0.638841,-0.081386,0.225000,-0.419291,-0.488811,-0.345740,0.158702,0.011250,0.380424,0.011250,0.431678,0,1
ideal_6d_disc_lpc,39.350000,-1.670424,1.099856,-2.182954,1.851275,-2.141824,0.638841,-0.081386,0.225000,-0.413765,-0.493497,-0.345740,0.158702,0.011250,0.380424,0.011250,0.431678,0,1
ideal_6d_disc_lpc,39.400000,-1.682692,1.080994,-2.203643,1.826600,-2.130574,0.638841,-0.081386,0.225000,-0.408187,-0.498121,-0.345740,0.158702,0.011250,0.380424,0.011250,0.431678,0,1
ideal_6d_disc_lpc,39.450000,-1.694746,1.061996,-2.224052,1.801694,-2.119324,0.638841,-0.081386,0.225000,-0.402558,-0.502681,-0.345740,0.158702,0.011250,0.380424,0.011250,0.431678,0,1
ideal_6d_disc_lpc,39.500000,-1.706586,1.042863,-2.244180,1.776560,-2.108074,0.638841,-0.081386,0.225000,-0.396877,-0.507178,-0.345740,0.158702,0.011250,0.380424,0.011250,0.431678,0,1
ideal_6d_disc_lpc,39.550000,-1.718210,1.023599,-2.264024,1.751201,-2.096824,0.638841,-0.081386,0.225000,-0.391147,-0.511611,-0.345740,0.158702,0.011250,0.380424,0.011250,0.431678,0,1
ideal_6d_disc_lpc,39.600000,-1.729617,1.004205,-2.283581,1.725621,-2.085574,0.638841,-0.081386,0.225000,-0.385366,-0.515979,-0.345740,0.158702,0.011250,0.380424,0.011250,0.431678,0,1
ideal_6d_disc_lpc,39.650000,-1.740804,0.984683,-2.302849,1.699822,-2.074324,0.638841,-0.081386,0.225000,-0.379537,-0.520281,-0.345740,0.158702,0.011250,0.380424,0.011250,0.431678,0,1
ideal_6d_disc_lpc,39.700000,-1.751771,0.965037,-2.321826,1.673808,-2.063074,0.638841,-0.081386,0.225000,-0.373660,-0.524518,-0.345740,0.158702,0.011250,0.380424,0.011250,0.431678,0,1
ideal_6d_disc_lpc,39.750000,-1.762517,0.945269,-2.340509,1.647582,-2.051824,0.638841,-0.081386,0.225000,-0.367736,-0.528689,-0.345740,0.158702,0.011250,0.380424,0.011250,0.431678,0,1
ideal_6d_disc_lpc,39.800000,-1.773040,0.925381,-2.358896,1.621147,-2.040574,0.638841,-0.081386,0.225000,-0.361765,-0.532792,-0.345740,0.158702,0.011250,0.380424,0.011250,0.431678,0,1
ideal_6d_disc_lpc,39.850000,-1.783338,0.905377,-2.376984,1.594508,-2.029324,0.638841,-0.081386,0.225000,-0.355748,-0.536828,-0.345740,0.158702,0.011250,0.380424,0.011250,0.431678,0,1
ideal_6d_disc_lpc,39.900000,-1.793410,0.885257,-2.394772,1.567666,-2.018074,0.638841,-0.081386,0.225000,-0.349687,-0.540796,-0.345740,0.158702,0.011250,0.380424,0.011250,0.431678,0,1
ideal_6d_disc_lpc,39.950000,-1.803256,0.865026,-2.412256,1.540626,-2.006824,0.638841,-0.081386,0.225000,-0.343581,-0.544696,-0.345740,0.158702,0.011250,0.380424,0.011250,0.431678,0,1
ideal_6d_disc_lpc,40.000000,-1.812873,0.844685,-2.429435,1.513392,-1.995574,0.638841,-0.081386,0.225000,-0.337431,-0.548527,-0.345740,0.158702,0.011250,0.380424,0.011250,0.431678,0,1
ideal_6d_disc_lpc,40.050000,-1.822261,0.824237,-2.446307,1.485965,-1.984324,0.638841,-0.081386,0.225000,-0.331239,-0.552288,-0.345740,0.158702,0.011250,0.380424,0.011250,0.431678,0,1
ideal_6d_disc_lpc,40.100000,-1.831418,0.803685,-2.462869,1.458351,-1.973074,0.638841,-0.081386,0.225000,-0.325005,-0.555979,-0.345740,0.158702,0.011250,0.380424,0.011250,0.431678,0,1
ideal_6d_disc_lpc,40.150000,-1.840343,0.783031,-2.479119,1.430552,-1.961824,0.638841,-0.081386,0.225000,-0.318730,-0.559600,-0.345740,0.158702,0.011250,0.380424,0.011250,0.431678,0,1
ideal_6d_disc_lpc,40.200000,-1.849036,0.762278,-2.495055,1.402572,-1.950574,0.638841,-0.081386,0.225000,-0.312414,-0.563151,-0.345740,0.158702,0.011250,0.380424,0.011250,0.431678,0,1
ideal_6d_disc_lpc,40.250000,-1.857494,0.741429,-2.510676,1.374414,-1.939324,0.638841,-0.081386,0.225000,-0.306059,-0.566630,-0.345740,0.158702,0.011250,0.380424,0.011250,0.431678,0,1
ideal_6d_disc_lpc,40.300000,-1.865717,0.720485,-2.525979,1.346083,-1.928074,0.638841,-0.081386,0.225000,-0.299665,-0.570037,-0.345740,0.158702,0.011250,0.380424,0.011250,0.431678,0,1
ideal_6d_disc_lpc,40.350000,-1.873705,0.699451,-2.540962,1.317581,-1.916824,0.638841,-0.081386,0.225000,-0.293234,-0.573372,-0.345740,0.158702,0.011250,0.380424,0.011250,0.431678,0,1
ideal_6d_disc_lpc,40.400000,-1.881455,0.678328,-2.555624,1.288912,-1.905574,0.638841,-0.081386,0.225000,-0.286765,-0.576635,-0.345740,0.158702,0.011250,0.380424,0.011250,0.431678,0,1
ideal_6d_disc_lpc,40.450000,-1.888967,0.657119,-2.569962,1.260081,-1.894324,0.638841,-0.081386,0.225000,-0.280260,-0.579824,-0.345740,0.158702,0.011250,0.380424,0.011250,0.431678,0,1
ideal_6d_disc_lpc,40.500000,-1.896239,0.635827,-2.583975,1.231090,-1.883074,0.638841,-0.081386,0.225000,-0.273719,-0.582940,-0.345740,0.158702,0.011250,0.380424,0.011250,0.431678,0,1
ideal_6d_disc_lpc,40.550000,-1.903272,0.614454,-2.597661,1.201943,-1.871824,0.638841,-0.081386,0.225000,-0.267144,-0.585983,-0.345740,0.158702,0.011250,0.380424,0.011250,0.431678,0,1
ideal_6d_disc_lpc,40.600000,-1.910064,0.593004,-2.611018,1.172643,-1.860574,0.638841,-0.081386,0.225000,-0.260535,-0.588951,-0.345740,0.158702,0.011250,0.380424,0.011250,0.431678,0,1
ideal_6d_disc_lpc,40.650000,-1.916615,0.571479,-2.624045,1.143196,-1.849324,0.638841,-0.081386,0.225000,-0.253893,-0.591845,-0.345740,0.158702,0.011250,0.380424,0.011250,0.431678,0,1
ideal_6d_disc_lpc,40.700000,-1.922922,0.549881,-2.636740,1.113604,-1.838074,0.638841,-0.081386,0.225000,-0.247218,-0.594663,-0.345740,0.158702,0.011250,0.380424,0.011250,0.431678,0,1
ideal_6d_disc_lpc,40.750000,-1.928987,0.528214,-2.649101,1.083870,-1.826824,0.638841,-0.081386,0.225000,-0.240513,-0.597407,-0.345740,0.158702,0.011250,0.380424,0.011250,0.431678,0,1
ideal_6d_disc_lpc,40.800000,-1.934807,0.506480,-2.661126,1.054000,-1.815574,0.638841,-0.081386,0.225000,-0.233777,-0.600075,-0.345740,0.158702,0.011250,0.380424,0.011250,0.431678,0,1
ideal_6d_disc_lpc,40.850000,-1.940382,0.484682,-2.672815,1.023996,-1.804324,0.638841,-0.081386,0.225000,-0.227012,-0.602667,-0.345740,0.158702,0.011250,0.380424,0.011250,0.431678,0,1
ideal_6d_disc_lpc,40.900000,-1.945712,0.462822,-2.684166,0.993863,-1.793074,0.638841,-0.081386,0.225000,-0.220217,-0.605182,-0.345740,0.158702,0.011250,0.380424,0.011250,0.431678,0,1
ideal_6d_disc_lpc,40.950000,-1.950796,0.440904,-2.695176,0.963604,-1.781824,0.638841,-0.081386,0.225000,-0.213395,-0.607621,-0.345740,0.158702,0.011250,0.380424,0.011250,0.431678,0,1
ideal_6d_disc_lpc,41.000000,-1.955632,0.418930,-2.705846,0.933223,-1.770574,0.638841,-0.081386,0.225000,-0.206546,-0.609984,-0.345740,0.158702,0.011250,0.380424,0.011250,0.431678,0,1
ideal_6d_disc_lpc,41.050000,-1.960221,0.396903,-2.716174,0.902724,-1.759324,0.638841,-0.081386,0.225000,-0.199671,-0.612269,-0.345740,0.158702,0.011250,0.380424,0.011250,0.431678,0,1
ideal_6d_disc_lpc,41.100000,-1.964562,0.374826,-2.726157,0.872110,-1.748074,0.638841,-0.081386,0.225000,-0.192770,-0.614476,-0.345740,0.158702,0.011250,0.380424,0.011250,0.431678,0,1
ideal_6d_disc_lpc,41.150000,-1.968655,0.352702,-2.735796,0.841386,-1.736824,0.638841,-0.081386,0.225000,-0.185845,-0.616606,-0.345740,0.158702,0.011250,0.380424,0.011250,0.431678,0,1
ideal_6d_disc_lpc,41.200000,-1.972498,0.330532,-2.745088,0.810556,-1.725574,0.638841,-0.081386,0.225000,-0.178897,-0.618658,-0.345740,0.158702,0.011250,0.380424,0.011250,0.431678,0,1
ideal_6d_disc_lpc,41.250000,-1.976092,0.308321,-2.754033,0.779623,-1.714324,0.638841,-0.081386,0.225000,-0.171926,-0.620631,-0.345740,0.158702,0.011250,0.380424,0.011250,0.431678,0,1
ideal_6d_disc_lpc,41.300000,-1.979435,0.286071,-2.762629,0.748592,-1.703074,0.638841,-0.081386,0.225000,-0.164933,-0.622526,-0.345740,0.158702,0.011250,0.380424,0.011250,0.431678,0,1
ideal_6d_disc_lpc,41.350000,-1.982528,0.263785,-2.770876,0.717465,-1.691824,0.638841,-0.081386,0.225000,-0.157919,-0.624342,-0.345740,0.158702,0.011250,0.380424,0.011250,0.431678,0,1
ideal_6d_disc_lpc,41.400000,-1.985370,0.241465,-2.778772,0.686248,-1.680574,0.638841,-0.081386,0.225000,-0.150886,-0.626079,-0.345740,0.158702,0.011250,0.380424,0.011250,0.431678,0,1
ideal_6d_disc_lpc,41.450000,-1.987961,0.219115,-2.786316,0.654944,-1.669324,0.638841,-0.081386,0.225000,-0.143833,-0.627737,-0.345740,0.158702,0.011250,0.380424,0.011250,0.431678,0,1
ideal_6d_disc_lpc,41.500000,-1.990300,0.196737,-2.793508,0.623558,-1.658074,0.638841,-0.081386,0.225000,-0.136762,-0.629315,-0.345740,0.158702,0.011250,0.380424,0.011250,0.431678,0,1
ideal_6d_disc_lpc,41.550000,-1.992387,0.174334,-2.800346,0.592092,-1.646824,0.638841,-0.081386,0.225000,-0.129674,-0.630814,-0.345740,0.158702,0.011250,0.380424,0.011250,0.431678,0,1
ideal_6d_disc_lpc,41.600000,-1.994223,0.151909,-2.806829,0.560551,-1.635574,0.638841,-0.081386,0.225000,-0.122569,-0.632233,-0.345740,0.158702,0.011250,0.380424,0.011250,0.431678,0,1
ideal_6d_disc_lpc,41.650000,-1.995805,0.129465,-2.812958,0.528939,-1.624324,0.638841,-0.081386,0.225000,-0.115449,-0.633572,-0.345740,0.158702,0.011250,0.380424,0.011250,0.431678,0,1
ideal_6d_disc_lpc,41.700000,-1.997135,0.107005,-2.818730,0.497261,-1.613074,0.638841,-0.081386,0.225000,-0.108314,-0.634830,-0.345740,0.158702,0.011250,0.380424,0.011250,0.431678,0,1
ideal_6d_disc_lpc,41.750000,-1.998213,0.084531,-2.824146,0.465519,-1.601824,0.638841,-0.081386,0.225000,-0.101165,-0.636009,-0.345740,0.158702,0.011250,0.380424,0.011250,0.431678,0,1
ideal_6d_disc_lpc,41.800000,-1.999037,0.062046,-2.829204,0.433719,-1.590574,0.638841,-0.081386,0.225000,-0.094004,-0.637106,-0.345740,0.158702,0.011250,0.380424,0.011250,0.431678,0,1
ideal_6d_disc_lpc,41.850000,-1.999609,0.039553,-2.833904,0.401864,-1.579324,0.638841,-0.081386,0.225000,-0.086831,-0.638124,-0.345740,0.158702,0.011250,0.380424,0.011250,0.431678,0,1
ideal_6d_disc_lpc,41.900000,-1.999927,0.017056,-2.838246,0.369957,-1.568074,0.638841,-0.081386,0.225000,-0.079647,-0.639060,-0.345740,0.158702,0.011250,0.380424,0.011250,0.431678,0,1
ideal_6d_disc_lpc,41.950000,-1.999993,-0.005444,-2.842228,0.338004,-1.556824,0.638841,-0.081386,0.225000,-0.072452,-0.639916,-0.345740,0.158702,0.011250,0.380424,0.011250,0.431678,0,1
ideal_6d_disc_lpc,42.000000,-1.999805,-0.027943,-2.845851,0.306009,-1.545574,0.638841,-0.081386,0.225000,-0.065249,-0.640690,-0.345740,0.158702,0.011250,0.380424,0.011250,0.431678,0,1
ideal_6d_disc_lpc,42.050000,-1.999364,-0.050439,-2.849113,0.273974,-1.534324,0.638841,-0.081386,0.225000,-0.058037,-0.641384,-0.345740,0.158702,0.011250,0.380424,0.011250,0.431678,0,1
ideal_6d_disc_lpc,42.100000,-1.998670,-0.072928,-2.852015,0.241905,-1.523074,0.638841,-0.081386,0.225000,-0.050818,-0.641996,-0.345740,0.158702,0.011250,0.380424,0.011250,0.431678,0,1
ideal_6d_disc_lpc,42.150000,-1.997723,-0.095408,-2.854556,0.209805,-1.511824,0.638841,-0.081386,0.225000,-0.043592,-0.642527,-0.345740,0.158702,0.011250,0.380424,0.011250,0.431678,0,1
ideal_6d_disc_lpc,42.200000,-1.996523,-0.117876,-2.856736,0.177679,-1.500574,0.638841,-0.081386,0.225000,-0.036361,-0.642977,-0.345740,0.158702,0.011250,0.380424,0.011250,0.431678,0,1
ideal_6d_disc_lpc,42.250000,-1.995071,-0.140329,-2.858554,0.145530,-1.489324,0.638841,-0.081386,0.225000,-0.029126,-0.643345,-0.345740,0.158702,0.011250,0.380424,0.011250,0.431678,0,1
ideal_6d_disc_lpc,42.300000,-1.993366,-0.162764,-2.860010,0.113363,-1.478074,0.638841,-0.081386,0.225000,-0.021886,-0.643632,-0.345740,0.158702,0.011250,0.380424,0.011250,0.431678,0,1
ideal_6d_disc_lpc,42.350000,-1.991409,-0.185178,-2.861104,0.081181,-1.466824,0.638841,-0.081386,0.225000,-0.014644,-0.643838,-0.345740,0.158702,0.011250,0.380424,0.011250,0.431678,0,1
ideal_6d_disc_lpc,42.400000,-1.989200,-0.207570,-2.861837,0.048989,-1.455574,0.638841,-0.081386,0.225000,-0.007400,-0.643962,-0.345740,0.158702,0.011250,0.380424,0.011250,0.431678,0,1
ideal_6d_disc_lpc,42.450000,-1.986739,-0.229935,-2.862207,0.016791,-1.444324,0.638841,-0.081386,0.225000,-0.000155,-0.644004,-0.345740,0.158702,0.011250,0.380424,0.011250,0.431678,0,1
ideal_6d_disc_lpc,42.500000,-1.984026,-0.252270,-2.862214,-0.015409,-1.433074,0.638841,-0.081386,0.225000,0.007089,-0.643965,-0.345740,0.158702,0.011250,0.380424,0.011250,0.431678,0,1
ideal_6d_disc_lpc,42.550000,-1.981063,-0.274574,-2.861860,-0.047607,-1.421824,0.638841,-0.081386,0.225000,0.014333,-0.643845,-0.345740,0.158702,0.011250,0.380424,0.011250,0.431678,0,1
ideal_6d_disc_lpc,42.600000,-1.977848,-0.296843,-2.861143,-0.079800,-1.410574,0.638841,-0.081386,0.225000,0.021576,-0.643643,-0.345740,0.158702,0.011250,0.380424,0.011250,0.431678,0,1
ideal_6d_disc_lpc,42.650000,-1.974384,-0.319075,-2.860064,-0.111982,-1.399324,0.638841,-0.081386,0.225000,0.028815,-0.643359,-0.345740,0.158702,0.011250,0.380424,0.011250,0.431678,0,1
ideal_6d_disc_lpc,42.700000,-1.970669,-0.341266,-2.858624,-0.144150,-1.388074,0.638841,-0.081386,0.225000,0.036051,-0.642994,-0.345740,0.158702,0.011250,0.380424,0.011250,0.431678,0,1
ideal_6d_disc_lpc,42.750000,-1.966705,-0.363414,-2.856821,-0.176299,-1.376824,0.638841,-0.081386,0.225000,0.043282,-0.642548,-0.345740,0.158702,0.011250,0.380424,0.011250,0.431678,0,1
ideal_6d_disc_lpc,42.800000,-1.962493,-0.385516,-2.854657,-0.208427,-1.365574,0.638841,-0.081386,0.225000,0.050508,-0.642021,-0.345740,0.158702,0.011250,0.380424,0.011250,0.431678,0,1
ideal_6d_disc_lpc,42.850000,-1.958032,-0.407569,-2.852132,-0.240528,-1.354324,0.638841,-0.081386,0.225000,0.057727,-0.641412,-0.345740,0.158702,0.011250,0.380424,0.011250,0.431678,0,1
ideal_6d_disc_lpc,42.900000,-1.953323,-0.429571,-2.849245,-0.272598,-1.343074,0.638841,-0.081386,0.225000,0.064939,-0.640722,-0.345740,0.158702,0.011250,0.380424,0.011250,0.431678,0,1
ideal_6d_disc_lpc,42.950000,-1.948366,-0.451518,-2.845998,-0.304635,-1.331824,0.638841,-0.081386,0.225000,0.072143,-0.639951,-0.345740,0.158702,0.011250,0.380424,0.011250,0.431678,0,1
ideal_6d_disc_lpc,43.000000,-1.943164,-0.473408,-2.842391,-0.336632,-1.320574,0.638841,-0.081386,0.225000,0.079338,-0.639098,-0.345740,0.158702,0.011250,0.380424,0.011250,0.431678,0,1
ideal_6d_disc_lpc,43.050000,-1.937715,-0.495238,-2.838424,-0.368587,-1.309324,0.638841,-0.081386,0.225000,0.086523,-0.638165,-0.345740,0.158702,0.011250,0.380424,0.011250,0.431678,0,1
ideal_6d_disc_lpc,43.100000,-1.932021,-0.517006,-2.834098,-0.400495,-1.298074,0.638841,-0.081386,0.225000,0.093696,-0.637152,-0.345740,0.158702,0.011250,0.380424,0.011250,0.431678,0,1
ideal_6d_disc_lpc,43.150000,-1.926083,-0.538708,-2.829413,-0.432353,-1.286824,0.638841,-0.081386,0.225000,0.100858,-0.636057,-0.345740,0.158702,0.011250,0.380424,0.011250,0.431678,0,1
ideal_6d_disc_lpc,43.200000,-1.919900,-0.560342,-2.824370,-0.464156,-1.275574,0.638841,-0.081386,0.225000,0.108007,-0.634882,-0.345740,0.158702,0.011250,0.380424,0.011250,0.431678,0,1
ideal_6d_disc_lpc,43.250000,-1.913475,-0.581905,-2.818970,-0.495900,-1.264324,0.638841,-0.081386,0.225000,0.115143,-0.633627,-0.345740,0.158702,0.011250,0.380424,0.011250,0.431678,0,1
ideal_6d_disc_lpc,43.300000,-1.906808,-0.603394,-2.813213,-0.527581,-1.253074,0.638841,-0.081386,0.225000,0.122264,-0.632292,-0.345740,0.158702,0.011250,0.380424,0.011250,0.431678,0,1
ideal_6d_disc_lpc,43.350000,-1.899899,-0.624807,-2.807100,-0.559196,-1.241824,0.638841,-0.081386,0.225000,0.129369,-0.630876,-0.345740,0.158702,0.011250,0.380424,0.011250,0.431678,0,1
ideal_6d_disc_lpc,43.400000,-1.892750,-0.646141,-2.800631,-0.590740,-1.230574,0.638841,-0.081386,0.225000,0.136458,-0.629381,-0.345740,0.158702,0.011250,0.380424,0.011250,0.431678,0,1
ideal_6d_disc_lpc,43.450000,-1.885361,-0.667393,-2.793808,-0.622209,-1.219324,0.638841,-0.081386,0.225000,0.143530,-0.627806,-0.345740,0.158702,0.011250,0.380424,0.011250,0.431678,0,1
ideal_6d_disc_lpc,43.500000,-1.877734,-0.688560,-2.786632,-0.653599,-1.208074,0.638841,-0.081386,0.225000,0.150583,-0.626152,-0.345740,0.158702,0.011250,0.380424,0.011250,0.431678,0,1
ideal_6d_disc_lpc,43.550000,-1.869869,-0.709641,-2.779103,-0.684907,-1.196824,0.638841,-0.081386,0.225000,0.157618,-0.624418,-0.345740,0.158702,0.011250,0.380424,0.011250,0.431678,0,1
ideal_6d_disc_lpc,43.600000,-1.861767,-0.730632,-2.771222,-0.716127,-1.185574,0.638841,-0.081386,0.225000,0.164633,-0.622605,-0.345740,0.158702,0.011250,0.380424,0.011250,0.431678,0,1
ideal_6d_disc_lpc,43.650000,-1.853430,-0.751530,-2.762990,-0.747258,-1.174324,0.638841,-0.081386,0.225000,0.171626,-0.620714,-0.345740,0.158702,0.011250,0.380424,0.011250,0.431678,0,1
ideal_6d_disc_lpc,43.700000,-1.844858,-0.772333,-2.754409,-0.778293,-1.163074,0.638841,-0.081386,0.225000,0.178598,-0.618744,-0.345740,0.158702,0.011250,0.380424,0.011250,0.431678,0,1
ideal_6d_disc_lpc,43.750000,-1.836053,-0.793038,-2.745479,-0.809231,-1.151824,0.638841,-0.081386,0.225000,0.185548,-0.616696,-0.345740,0.158702,0.011250,0.380424,0.011250,0.431678,0,1
ideal_6d_disc_lpc,43.800000,-1.827015,-0.813643,-2.736202,-0.840065,-1.140574,0.638841,-0.081386,0.225000,0.192474,-0.614569,-0.345740,0.158702,0.011250,0.380424,0.011250,0.431678,0,1
ideal_6d_disc_lpc,43.850000,-1.817746,-0.834145,-2.726578,-0.870794,-1.129324,0.638841,-0.081386,0.225000,0.199375,-0.612365,-0.345740,0.158702,0.011250,0.380424,0.011250,0.431678,0,1
ideal_6d_disc_lpc,43.900000,-1.808247,-0.854542,-2.716609,-0.901412,-1.118074,0.638841,-0.081386,0.225000,0.206252,-0.610083,-0.345740,0.158702,0.011250,0.380424,0.011250,0.431678,0,1
ideal_6d_disc_lpc,43.950000,-1.798520,-0.874830,-2.706296,-0.931916,-1.106824,0.638841,-0.081386,0.225000,0.213102,-0.607724,-0.345740,0.158702,0.011250,0.380424,0.011250,0.431678,0,1
ideal_6d_disc_lpc,44.000000,-1.788564,-0.895008,-2.695641,-0.962302,-1.095574,0.638841,-0.081386,0.225000,0.219925,-0.605289,-0.345740,0.158702,0.011250,0.380424,0.011250,0.431678,0,1
ideal_6d_disc_lpc,44.050000,-1.778382,-0.915072,-2.684645,-0.992567,-1.084324,0.638841,-0.081386,0.225000,0.226721,-0.602776,-0.345740,0.158702,0.011250,0.380424,0.011250,0.431678,0,1
ideal_6d_disc_lpc,44.100000,-1.767975,-0.935020,-2.673309,-1.022706,-1.073074,0.638841,-0.081386,0.225000,0.233487,-0.600188,-0.345740,0.158702,0.011250,0.380424,0.011250,0.431678,0,1
ideal_6d_disc_lpc,44.150000,-1.757345,-0.954850,-2.661635,-1.052715,-1.061824,0.638841,-0.081386,0.225000,0.240224,-0.597523,-0.345740,0.158702,0.011250,0.380424,0.011250,0.431678,0,1
ideal_6d_disc_lpc,44.200000,-1.746492,-0.974560,-2.649624,-1.082591,-1.050574,0.638841,-0.081386,0.225000,0.246931,-0.594783,-0.345740,0.158702,0.011250,0.380424,0.011250,0.431678,0,1
ideal_6d_disc_lpc,44.250000,-1.735418,-0.994146,-2.637277,-1.112330,-1.039324,0.638841,-0.081386,0.225000,0.253607,-0.591967,-0.345740,0.158702,0.011250,0.380424,0.011250,0.431678,0,1
ideal_6d_disc_lpc,44.300000,-1.724124,-1.013606,-2.624597,-1.141929,-1.028074,0.638841,-0.081386,0.225000,0.260250,-0.589077,-0.345740,0.158702,0.011250,0.380424,0.011250,0.431678,0,1
ideal_6d_disc_lpc,44.350000,-1.712612,-1.032938,-2.611584,-1.171383,-1.016824,0.638841,-0.081386,0.225000,0.266861,-0.586112,-0.345740,0.158702,0.011250,0.380424,0.011250,0.431678,0,1
ideal_6d_disc_lpc,44.400000,-1.700883,-1.052139,-2.598241,-1.200688,-1.005574,0.638841,-0.081386,0.225000,0.273437,-0.583072,-0.345740,0.158702,0.011250,0.380424,0.011250,0.431678,0,1
ideal_6d_disc_lpc,44.450000,-1.688939,-1.071207,-2.584569,-1.229842,-0.994324,0.638841,-0.081386,0.225000,0.279980,-0.579959,-0.345740,0.158702,0.011250,0.380424,0.011250,0.431678,0,1
ideal_6d_disc_lpc,44.500000,-1.676782,-1.090139,-2.570570,-1.258840,-0.983074,0.638841,-0.081386,0.225000,0.286486,-0.576773,-0.345740,0.158702,0.011250,0.380424,0.011250,0.431678,0,1
ideal_6d_disc_lpc,44.550000,-1.664412,-1.108933,-2.556246,-1.287678,-0.971824,0.638841,-0.081386,0.225000,0.292957,-0.573513,-0.345740,0.158702,0.011250,0.380424,0.011250,0.431678,0,1
ideal_6d_disc_lpc,44.600000,-1.651831,-1.127588,-2.541598,-1.316354,-0.960574,0.638841,-0.081386,0.225000,0.299390,-0.570182,-0.345740,0.158702,0.011250,0.380424,0.011250,0.431678,0,1
ideal_6d_disc_lpc,44.650000,-1.639042,-1.146099,-2.526629,-1.344863,-0.949324,0.638841,-0.081386,0.225000,0.305786,-0.566777,-0.345740,0.158702,0.011250,0.380424,0.011250,0.431678,0,1
ideal_6d_disc_lpc,44.700000,-1.626045,-1.164465,-2.511339,-1.373202,-0.938074,0.638841,-0.081386,0.225000,0.312142,-0.563301,-0.345740,0.158702,0.011250,0.380424,0.011250,0.431678,0,1
ideal_6d_disc_lpc,44.750000,-1.612842,-1.182684,-2.495732,-1.401367,-0.926824,0.638841,-0.081386,0.225000,0.318460,-0.559754,-0.345740,0.158702,0.011250,0.380424,0.011250,0.431678,0,1
ideal_6d_disc_lpc,44.800000,-1.599435,-1.200753,-2.479809,-1.429355,-0.915574,0.638841,-0.081386,0.225000,0.324737,-0.556136,-0.345740,0.158702,0.011250,0.380424,0.011250,0.431678,0,1
ideal_6d_disc_lpc,44.850000,-1.585825,-1.218671,-2.463572,-1.457162,-0.904324,0.638841,-0.081386,0.225000,0.330972,-0.552448,-0.345740,0.158702,0.011250,0.380424,0.011250,0.431678,0,1
ideal_6d_disc_lpc,44.900000,-1.572015,-1.236434,-2.447024,-1.484784,-0.893074,0.638841,-0.081386,0.225000,0.337166,-0.548690,-0.345740,0.158702,0.011250,0.380424,0.011250,0.431678,0,1
ideal_6d_disc_lpc,44.950000,-1.558006,-1.254040,-2.430165,-1.512218,-0.881824,0.638841,-0.081386,0.225000,0.343318,-0.544862,-0.345740,0.158702,0.011250,0.380424,0.011250,0.431678,0,1
ideal_6d_disc_lpc,45.000000,-1.543800,-1.271488,-2.413000,-1.539462,-0.870574,0.638841,-0.081386,0.225000,0.349425,-0.540965,-0.345740,0.158702,0.011250,0.380424,0.011250,0.431678,0,1
ideal_6d_disc_lpc,45.050000,-1.529398,-1.288775,-2.395528,-1.566510,-0.859324,0.638841,-0.081386,0.225000,0.355489,-0.537000,-0.345740,0.158702,0.011250,0.380424,0.011250,0.431678,0,1
ideal_6d_disc_lpc,45.100000,-1.514803,-1.305899,-2.377754,-1.593360,-0.848074,0.638841,-0.081386,0.225000,0.361508,-0.532967,-0.345740,0.158702,0.011250,0.380424,0.011250,0.431678,0,1
ideal_6d_disc_lpc,45.150000,-1.500016,-1.322857,-2.359678,-1.620008,-0.836824,0.638841,-0.081386,0.225000,0.367481,-0.528866,-0.345740,0.158702,0.011250,0.380424,0.011250,0.431678,0,1
ideal_6d_disc_lpc,45.200000,-1.485039,-1.339648,-2.341304,-1.646451,-0.825574,0.638841,-0.081386,0.225000,0.373407,-0.524699,-0.345740,0.158702,0.011250,0.380424,0.011250,0.431678,0,1
ideal_6d_disc_lpc,45.250000,-1.469875,-1.356270,-2.322634,-1.672686,-0.814324,0.638841,-0.081386,0.225000,0.379286,-0.520465,-0.345740,0.158702,0.011250,0.380424,0.011250,0.431678,0,1
ideal_6d_disc_lpc,45.300000,-1.454524,-1.372720,-2.303670,-1.698710,-0.803074,0.638841,-0.081386,0.225000,0.385117,-0.516165,-0.345740,0.158702,0.011250,0.380424,0.011250,0.431678,0,1
ideal_6d_disc_lpc,45.350000,-1.438989,-1.388996,-2.284414,-1.724518,-0.791824,0.638841,-0.081386,0.225000,0.390900,-0.511800,-0.345740,0.158702,0.011250,0.380424,0.011250,0.431678,0,1
ideal_6d_disc_lpc,45.400000,-1.423272,-1.405097,-2.264869,-1.750108,-0.780574,0.638841,-0.081386,0.225000,0.396632,-0.507370,-0.345740,0.158702,0.011250,0.380424,0.011250,0.431678,0,1
ideal_6d_disc_lpc,45.450000,-1.407375,-1.421019,-2.245037,-1.775476,-0.769324,0.638841,-0.081386,0.225000,0.402315,-0.502876,-0.345740,0.158702,0.011250,0.380424,0.011250,0.431678,0,1
ideal_6d_disc_lpc,45.500000,-1.391300,-1.436762,-2.224922,-1.800620,-0.758074,0.638841,-0.081386,0.225000,0.407947,-0.498318,-0.345740,0.158702,0.011250,0.380424,0.011250,0.431678,0,1
ideal_6d_disc_lpc,45.550000,-1.375049,-1.452323,-2.204524,-1.825536,-0.746824,0.638841,-0.081386,0.225000,0.413527,-0.493697,-0.345740,0.158702,0.011250,0.380424,0.011250,0.431678,0,1
ideal_6d_disc_lpc,45.600000,-1.358623,-1.467700,-2.183848,-1.850221,-0.735574,0.638841,-0.081386,0.225000,0.419055,-0.489014,-0.345740,0.158702,0.011250,0.380424,0.011250,0.431678,0,1
ideal_6d_disc_lpc,45.650000,-1.342026,-1.482891,-2.162895,-1.874672,-0.724324,0.638841,-0.081386,0.225000,0.424530,-0.484269,-0.345740,0.158702,0.011250,0.380424,0.011250,0.431678,0,1
ideal_6d_disc_lpc,45.700000,-1.325259,-1.497895,-2.141669,-1.898885,-0.713074,0.638841,-0.081386,0.225000,0.429951,-0.479462,-0.345740,0.158702,0.011250,0.380424,0.011250,0.431678,0,1
ideal_6d_disc_lpc,45.750000,-1.308324,-1.512709,-2.120171,-1.922858,-0.701824,0.638841,-0.081386,0.225000,0.435317,-0.474595,-0.345740,0.158702,0.011250,0.380424,0.011250,0.431678,0,1
ideal_6d_disc_lpc,45.800000,-1.291224,-1.527331,-2.098405,-1.946588,-0.690574,0.638841,-0.081386,0.225000,0.440629,-0.469668,-0.345740,0.158702,0.011250,0.380424,0.011250,0.431678,0,1
ideal_6d_disc_lpc,45.850000,-1.273960,-1.541761,-2.076374,-1.970071,-0.679324,0.638841,-0.081386,0.225000,0.445885,-0.464681,-0.345740,0.158702,0.011250,0.380424,0.011250,0.431678,0,1
ideal_6d_disc_lpc,45.900000,-1.256535,-1.555995,-2.054080,-1.993305,-0.668074,0.638841,-0.081386,0.225000,0.451084,-0.459635,-0.345740,0.158702,0.011250,0.380424,0.011250,0.431678,0,1
ideal_6d_disc_lpc,45.950000,-1.238951,-1.570032,-2.031525,-2.016287,-0.656824,0.638841,-0.081386,0.225000,0.456226,-0.454532,-0.345740,0.158702,0.011250,0.380424,0.011250,0.431678,0,1
ideal_6d_disc_lpc,46.000000,-1.221210,-1.583871,-2.008714,-2.039014,-0.645574,0.638841,-0.081386,0.225000,0.461311,-0.449371,-0.345740,0.158702,0.011250,0.380424,0.011250,0.431678,0,1
ideal_6d_disc_lpc,46.050000,-1.203315,-1.597509,-1.985649,-2.061482,-0.634324,0.638841,-0.081386,0.225000,0.466337,-0.444152,-0.345740,0.158702,0.011250,0.380424,0.011250,0.431678,0,1
ideal_6d_disc_lpc,46.100000,-1.185267,-1.610945,-1.962332,-2.083690,-0.623074,0.638841,-0.081386,0.225000,0.471304,-0.438878,-0.345740,0.158702,0.011250,0.380424,0.011250,0.431678,0,1
ideal_6d_disc_lpc,46.150000,-1.167069,-1.624177,-1.938767,-2.105634,-0.611824,0.638841,-0.081386,0.225000,0.476211,-0.433548,-0.345740,0.158702,0.011250,0.380424,0.011250,0.431678,0,1
ideal_6d_disc_lpc,46.200000,-1.148724,-1.637203,-1.914956,-2.127311,-0.600574,0.638841,-0.081386,0.225000,0.481058,-0.428164,-0.345740,0.158702,0.011250,0.380424,0.011250,0.431678,0,1
ideal_6d_disc_lpc,46.250000,-1.130233,-1.650022,-1.890903,-2.148719,-0.589324,0.638841,-0.081386,0.225000,0.485845,-0.422725,-0.345740,0.158702,0.011250,0.380424,0.011250,0.431678,0,1
ideal_6d_disc_lpc,46.300000,-1.111599,-1.662633,-1.866611,-2.169855,-0.578074,0.638841,-0.081386,0.225000,0.490570,-0.417232,-0.345740,0.158702,0.011250,0.380424,0.011250,0.431678,0,1
ideal_6d_disc_lpc,46.350000,-1.092824,-1.675033,-1.842082,-2.190717,-0.566824,0.638841,-0.081386,0.225000,0.495232,-0.411687,-0.345740,0.158702,0.011250,0.380424,0.011250,0.431678,0,1
ideal_6d_disc_lpc,46.400000,-1.073911,-1.687221,-1.817321,-2.211301,-0.555574,0.638841,-0.081386,0.225000,0.499832,-0.406090,-0.345740,0.158702,0.011250,0.380424,0.011250,0.431678,0,1
ideal_6d_disc_lpc,46.450000,-1.054863,-1.699195,-1.792329,-2.231606,-0.544324,0.638841,-0.081386,0.225000,0.504369,-0.400441,-0.345740,0.158702,0.011250,0.380424,0.011250,0.431678,0,1
ideal_6d_disc_lpc,46.500000,-1.035680,-1.710955,-1.767111,-2.251628,-0.533074,0.638841,-0.081386,0.225000,0.508842,-0.394742,-0.345740,0.158702,0.011250,0.380424,0.011250,0.431678,0,1
ideal_6d_disc_lpc,46.550000,-1.016367,-1.722498,-1.741669,-2.271365,-0.521824,0.638841,-0.081386,0.225000,0.513251,-0.388992,-0.345740,0.158702,0.011250,0.380424,0.011250,0.431678,0,1
ideal_6d_disc_lpc,46.600000,-0.996925,-1.733823,-1.716006,-2.290815,-0.510574,0.638841,-0.081386,0.225000,0.517594,-0.383194,-0.345740,0.158702,0.011250,0.380424,0.011250,0.431678,0,1
ideal_6d_disc_lpc,46.650000,-0.977357,-1.744928,-1.690126,-2.309974,-0.499324,0.638841,-0.081386,0.225000,0.521872,-0.377347,-0.345740,0.158702,0.011250,0.380424,0.011250,0.431678,0,1
ideal_6d_disc_lpc,46.700000,-0.957665,-1.755813,-1.664033,-2.328842,-0.488074,0.638841,-0.081386,0.225000,0.526084,-0.371452,-0.345740,0.158702,0.011250,0.380424,0.011250,0.431678,0,1
ideal_6d_disc_lpc,46.750000,-0.937852,-1.766475,-1.637728,-2.347414,-0.476824,0.638841,-0.081386,0.225000,0.530230,-0.365510,-0.345740,0.158702,0.011250,0.380424,0.011250,0.431678,0,1
ideal_6d_disc_lpc,46.800000,-0.917920,-1.776914,-1.611217,-2.365690,-0.465574,0.638841,-0.081386,0.225000,0.534308,-0.359522,-0.345740,0.158702,0.011250,0.380424,0.011250,0.431678,0,1
ideal_6d_disc_lpc,46.850000,-0.897872,-1.787128,-1.584502,-2.383666,-0.454324,0.638841,-0.081386,0.225000,0.538319,-0.353489,-0.345740,0.158702,0.011250,0.380424,0.011250,0.431678,0,1
ideal_6d_disc_lpc,46.900000,-0.877710,-1.797116,-1.557586,-2.401340,-0.443074,0.638841,-0.081386,0.225000,0.542261,-0.347410,-0.345740,0.158702,0.011250,0.380424,0.011250,0.431678,0,1
ideal_6d_disc_lpc,46.950000,-0.857438,-1.806876,-1.530473,-2.418711,-0.431824,0.638841,-0.081386,0.225000,0.546135,-0.341288,-0.345740,0.158702,0.011250,0.380424,0.011250,0.431678,0,1
ideal_6d_disc_lpc,47.000000,-0.837057,-1.816407,-1.503166,-2.435775,-0.420574,0.638841,-0.081386,0.225000,0.549940,-0.335122,-0.345740,0.158702,0.011250,0.380424,0.011250,0.431678,0,1
ideal_6d_disc_lpc,47.050000,-0.816570,-1.825709,-1.475669,-2.452531,-0.409324,0.638841,-0.081386,0.225000,0.553676,-0.328915,-0.345740,0.158702,0.011250,0.380424,0.011250,0.431678,0,1
ideal_6d_disc_lpc,47.100000,-0.795979,-1.834780,-1.447985,-2.468977,-0.398074,0.638841,-0.081386,0.225000,0.557341,-0.322665,-0.345740,0.158702,0.011250,0.380424,0.011250,0.431678,0,1
ideal_6d_disc_lpc,47.150000,-0.775288,-1.843618,-1.420118,-2.485110,-0.386824,0.638841,-0.081386,0.225000,0.560935,-0.316375,-0.345740,0.158702,0.011250,0.380424,0.011250,0.431678,0,1
ideal_6d_disc_lpc,47.200000,-0.754499,-1.852224,-1.392071,-2.500929,-0.375574,0.638841,-0.081386,0.225000,0.564459,-0.310044,-0.345740,0.158702,0.011250,0.380424,0.011250,0.431678,0,1
ideal_6d_disc_lpc,47.250000,-0.733614,-1.860594,-1.363848,-2.516431,-0.364324,0.638841,-0.081386,0.225000,0.567911,-0.303675,-0.345740,0.158702,0.011250,0.380424,0.011250,0.431678,0,1
ideal_6d_disc_lpc,47.300000,-0.712636,-1.868729,-1.335453,-2.531615,-0.353074,0.638841,-0.081386,0.225000,0.571292,-0.297266,-0.345740,0.158702,0.011250,0.380424,0.011250,0.431678,0,1
ideal_6d_disc_lpc,47.350000,-0.691568,-1.876628,-1.306888,-2.546478,-0.341824,0.638841,-0.081386,0.225000,0.574600,-0.290821,-0.345740,0.158702,0.011250,0.380424,0.011250,0.431678,0,1
ideal_6d_disc_lpc,47.400000,-0.670413,-1.884289,-1.278158,-2.561019,-0.330574,0.638841,-0.081386,0.225000,0.577835,-0.284338,-0.345740,0.158702,0.011250,0.380424,0.011250,0.431678,0,1
ideal_6d_disc_lpc,47.450000,-0.649173,-1.891712,-1.249266,-2.575236,-0.319324,0.638841,-0.081386,0.225000,0.580997,-0.277820,-0.345740,0.158702,0.011250,0.380424,0.011250,0.431678,0,1
ideal_6d_disc_lpc,47.500000,-0.627850,-1.898896,-1.220216,-2.589127,-0.308074,0.638841,-0.081386,0.225000,0.584086,-0.271266,-0.345740,0.158702,0.011250,0.380424,0.011250,0.431678,0,1
ideal_6d_disc_lpc,47.550000,-0.606448,-1.905839,-1.191012,-2.602691,-0.296824,0.638841,-0.081386,0.225000,0.587100,-0.264678,-0.345740,0.158702,0.011250,0.380424,0.011250,0.431678,0,1
ideal_6d_disc_lpc,47.600000,-0.584970,-1.912540,-1.161657,-2.615925,-0.285574,0.638841,-0.081386,0.225000,0.590041,-0.258057,-0.345740,0.158702,0.011250,0.380424,0.011250,0.431678,0,1
ideal_6d_disc_lpc,47.650000,-0.563417,-1.919000,-1.132155,-2.628827,-0.274324,0.638841,-0.081386,0.225000,0.592907,-0.251402,-0.345740,0.158702,0.011250,0.380424,0.011250,0.431678,0,1
ideal_6d_disc_lpc,47.700000,-0.541793,-1.925217,-1.102510,-2.641397,-0.263074,0.638841,-0.081386,0.225000,0.595697,-0.244716,-0.345740,0.158702,0.011250,0.380424,0.011250,0.431678,0,1
ideal_6d_disc_lpc,47.750000,-0.520101,-1.931190,-1.072725,-2.653633,-0.251824,0.638841,-0.081386,0.225000,0.598413,-0.238000,-0.345740,0.158702,0.011250,0.380424,0.011250,0.431678,0,1
ideal_6d_disc_lpc,47.800000,-0.498342,-1.936919,-1.042804,-2.665533,-0.240574,0.638841,-0.081386,0.225000,0.601052,-0.231252,-0.345740,0.158702,0.011250,0.380424,0.011250,0.431678,0,1
ideal_6d_disc_lpc,47.850000,-0.476521,-1.942403,-1.012752,-2.677096,-0.229324,0.638841,-0.081386,0.225000,0.603616,-0.224476,-0.345740,0.158702,0.011250,0.380424,0.011250,0.431678,0,1
ideal_6d_disc_lpc,47.900000,-0.454639,-1.947640,-0.982571,-2.688320,-0.218074,0.638841,-0.081386,0.225000,0.606103,-0.217671,-0.345740,0.158702,0.011250,0.380424,0.011250,0.431678,0,1
ideal_6d_disc_lpc,47.950000,-0.432700,-1.952632,-0.952266,-2.699203,-0.206824,0.638841,-0.081386,0.225000,0.608513,-0.210839,-0.345740,0.158702,0.011250,0.380424,0.011250,0.431678,0,1
ideal_6d_disc_lpc,48.000000,-0.410706,-1.957376,-0.921840,-2.709745,-0.195574,0.638841,-0.081386,0.225000,0.610847,-0.203980,-0.345740,0.158702,0.011250,0.380424,0.011250,0.431678,0,1
ideal_6d_disc_lpc,48.050000,-0.388660,-1.961872,-0.891298,-2.719944,-0.184324,0.638841,-0.081386,0.225000,0.613103,-0.197095,-0.345740,0.158702,0.011250,0.380424,0.011250,0.431678,0,1
ideal_6d_disc_lpc,48.100000,-0.366565,-1.966121,-0.860643,-2.729799,-0.173074,0.638841,-0.081386,0.225000,0.615281,-0.190186,-0.345740,0.158702,0.011250,0.380424,0.011250,0.431678,0,1
ideal_6d_disc_lpc,48.150000,-0.344423,-1.970120,-0.829879,-2.739308,-0.161824,0.638841,-0.081386,0.225000,0.617382,-0.183252,-0.345740,0.158702,0.011250,0.380424,0.011250,0.431678,0,1
ideal_6d_disc_lpc,48.200000,-0.322238,-1.973870,-0.799010,-2.748471,-0.150574,0.638841,-0.081386,0.225000,0.619404,-0.176295,-0.345740,0.158702,0.011250,0.380424,0.011250,0.431678,0,1
ideal_6d_disc_lpc,48.250000,-0.300012,-1.977370,-0.768039,-2.757286,-0.139324,0.638841,-0.081386,0.225000,0.621348,-0.169316,-0.345740,0.158702,0.011250,0.380424,0.011250,0.431678,0,1
ideal_6d_disc_lpc,48.300000,-0.277748,-1.980620,-0.736972,-2.765751,-0.128074,0.638841,-0.081386,0.225000,0.623214,-0.162315,-0.345740,0.158702,0.011250,0.380424,0.011250,0.431678,0,1
ideal_6d_disc_lpc,48.350000,-0.255449,-1.983619,-0.705811,-2.773867,-0.116824,0.638841,-0.081386,0.225000,0.625000,-0.155294,-0.345740,0.158702,0.011250,0.380424,0.011250,0.431678,0,1
ideal_6d_disc_lpc,48.400000,-0.233117,-1.986368,-0.674561,-2.781632,-0.105574,0.638841,-0.081386,0.225000,0.626708,-0.148253,-0.345740,0.158702,0.011250,0.380424,0.011250,0.431678,0,1
ideal_6d_disc_lpc,48.450000,-0.210757,-1.988864,-0.643226,-2.789044,-0.094324,0.638841,-0.081386,0.225000,0.628336,-0.141193,-0.345740,0.158702,0.011250,0.380424,0.011250,0.431678,0,1
ideal_6d_disc_lpc,48.500000,-0.188369,-1.991110,-0.611809,-2.796104,-0.083074,0.638841,-0.081386,0.225000,0.629884,-0.134115,-0.345740,0.158702,0.011250,0.380424,0.011250,0.431678,0,1
ideal_6d_disc_lpc,48.550000,-0.165958,-1.993103,-0.580315,-2.802810,-0.071824,0.638841,-0.081386,0.225000,0.631353,-0.127021,-0.345740,0.158702,0.011250,0.380424,0.011250,0.431678,0,1
ideal_6d_disc_lpc,48.600000,-0.143525,-1.994843,-0.548747,-2.809161,-0.060574,0.638841,-0.081386,0.225000,0.632742,-0.119910,-0.345740,0.158702,0.011250,0.380424,0.011250,0.431678,0,1
ideal_6d_disc_lpc,48.650000,-0.121075,-1.996332,-0.517110,-2.815156,-0.049324,0.638841,-0.081386,0.225000,0.634051,-0.112784,-0.345740,0.158702,0.011250,0.380424,0.011250,0.431678,0,1
ideal_6d_disc_lpc,48.700000,-0.098609,-1.997568,-0.485407,-2.820796,-0.038074,0.638841,-0.081386,0.225000,0.635280,-0.105644,-0.345740,0.158702,0.011250,0.380424,0.011250,0.431678,0,1
ideal_6d_disc_lpc,48.750000,-0.076130,-1.998551,-0.453643,-2.826078,-0.026824,0.638841,-0.081386,0.225000,0.636428,-0.098491,-0.345740,0.158702,0.011250,0.380424,0.011250,0.431678,0,1
ideal_6d_disc_lpc,48.800000,-0.053642,-1.999281,-0.421822,-2.831002,-0.015574,0.638841,-0.081386,0.225000,0.637496,-0.091325,-0.345740,0.158702,0.011250,0.380424,0.011250,0.431678,0,1
ideal_6d_disc_lpc,48.850000,-0.031147,-1.999757,-0.389947,-2.835569,-0.004324,0.638841,-0.081386,0.225000,0.638483,-0.084148,-0.345740,0.158702,0.011250,0.380424,0.011250,0.431678,0,1
ideal_6d_disc_lpc,48.900000,-0.008649,-1.999981,-0.358023,-2.839776,0.006926,0.638841,-0.081386,0.225000,0.639389,-0.076959,-0.345740,0.158702,0.011250,0.380424,0.011250,0.431678,0,1
ideal_6d_disc_lpc,48.950000,0.013851,-1.999952,-0.326054,-2.843624,0.018176,0.638841,-0.081386,0.225000,0.640215,-0.069762,-0.345740,0.158702,0.011250,0.380424,0.011250,0.431678,0,1
ideal_6d_disc_lpc,49.000000,0.036349,-1.999670,-0.294043,-2.847112,0.029426,0.638841,-0.081386,0.225000,0.640959,-0.062555,-0.345740,0.158702,0.011250,0.380424,0.011250,0.431678,0,1
ideal_6d_disc_lpc,49.050000,0.058843,-1.999134,-0.261995,-2.850240,0.040676,0.638841,-0.081386,0.225000,0.641622,-0.055340,-0.345740,0.158702,0.011250,0.380424,0.011250,0.431678,0,1
ideal_6d_disc_lpc,49.100000,0.081329,-1.998346,-0.229914,-2.853007,0.051926,0.638841,-0.081386,0.225000,0.642204,-0.048119,-0.345740,0.158702,0.011250,0.380424,0.011250,0.431678,0,1
ideal_6d_disc_lpc,49.150000,0.103805,-1.997304,-0.197804,-2.855413,0.063176,0.638841,-0.081386,0.225000,0.642705,-0.040891,-0.345740,0.158702,0.011250,0.380424,0.011250,0.431678,0,1
ideal_6d_disc_lpc,49.200000,0.126267,-1.996010,-0.165668,-2.857457,0.074426,0.638841,-0.081386,0.225000,0.643124,-0.033658,-0.345740,0.158702,0.011250,0.380424,0.011250,0.431678,0,1
ideal_6d_disc_lpc,49.250000,0.148714,-1.994463,-0.133512,-2.859140,0.085676,0.638841,-0.081386,0.225000,0.643462,-0.026421,-0.345740,0.158702,0.011250,0.380424,0.011250,0.431678,0,1
ideal_6d_disc_lpc,49.300000,0.171142,-1.992664,-0.101339,-2.860461,0.096926,0.638841,-0.081386,0.225000,0.643718,-0.019181,-0.345740,0.158702,0.011250,0.380424,0.011250,0.431678,0,1
ideal_6d_disc_lpc,49.350000,0.193548,-1.990613,-0.069153,-2.861420,0.108176,0.638841,-0.081386,0.225000,0.643894,-0.011938,-0.345740,0.158702,0.011250,0.380424,0.011250,0.431678,0,1
ideal_6d_disc_lpc,49.400000,0.215930,-1.988309,-0.036959,-2.862017,0.119426,0.638841,-0.081386,0.225000,0.643987,-0.004693,-0.345740,0.158702,0.011250,0.380424,0.011250,0.431678,0,1
ideal_6d_disc_lpc,49.450000,0.238284,-1.985754,-0.004759,-2.862252,0.130676,0.638841,-0.081386,0.225000,0.643999,0.002552,-0.345740,0.158702,0.011250,0.380424,0.011250,0.431678,0,1
ideal_6d_disc_lpc,49.500000,0.260608,-1.982948,0.027441,-2.862124,0.141926,0.638841,-0.081386,0.225000,0.643930,0.009796,-0.345740,0.158702,0.011250,0.380424,0.011250,0.431678,0,1
ideal_6d_disc_lpc,49.550000,0.282899,-1.979891,0.059637,-2.861635,0.153176,0.638841,-0.081386,0.225000,0.643779,0.017040,-0.345740,0.158702,0.011250,0.380424,0.011250,0.431678,0,1
ideal_6d_disc_lpc,49.600000,0.305155,-1.976583,0.091826,-2.860783,0.164426,0.638841,-0.081386,0.225000,0.643546,0.024281,-0.345740,0.158702,0.011250,0.380424,0.011250,0.431678,0,1
ideal_6d_disc_lpc,49.650000,0.327372,-1.973025,0.124003,-2.859568,0.175676,0.638841,-0.081386,0.225000,0.643232,0.031519,-0.345740,0.158702,0.011250,0.380424,0.011250,0.431678,0,1
ideal_6d_disc_lpc,49.700000,0.349547,-1.969217,0.156165,-2.857992,0.186926,0.638841,-0.081386,0.225000,0.642837,0.038754,-0.345740,0.158702,0.011250,0.380424,0.011250,0.431678,0,1
ideal_6d_disc_lpc,49.750000,0.371678,-1.965160,0.188307,-2.856055,0.198176,0.638841,-0.081386,0.225000,0.642360,0.045983,-0.345740,0.158702,0.011250,0.380424,0.011250,0.431678,0,1
ideal_6d_disc_lpc,49.800000,0.393762,-1.960855,0.220425,-2.853756,0.209426,0.638841,-0.081386,0.225000,0.641803,0.053206,-0.345740,0.158702,0.011250,0.380424,0.011250,0.431678,0,1
ideal_6d_disc_lpc,49.850000,0.415796,-1.956301,0.252515,-2.851095,0.220676,0.638841,-0.081386,0.225000,0.641163,0.060423,-0.345740,0.158702,0.011250,0.380424,0.011250,0.431678,0,1
ideal_6d_disc_lpc,49.900000,0.437778,-1.951500,0.284573,-2.848074,0.231926,0.638841,-0.081386,0.225000,0.640443,0.067632,-0.345740,0.158702,0.011250,0.380424,0.011250,0.431678,0,1
ideal_6d_disc_lpc,49.950000,0.459704,-1.946451,0.316595,-2.844693,0.243176,0.638841,-0.081386,0.225000,0.639642,0.074833,-0.345740,0.158702,0.011250,0.380424,0.011250,0.431678,0,1
ideal_6d_disc_lpc,50.000000,0.481572,-1.941156,0.348578,-2.840951,0.254426,0.638841,-0.081386,0.225000,0.638759,0.082024,-0.345740,0.158702,0.011250,0.380424,0.011250,0.431678,0,1
ideal_6d_disc_lpc,50.050000,0.503379,-1.935616,0.380515,-2.836850,0.265676,0.638841,-0.081386,0.225000,0.637796,0.089205,-0.345740,0.158702,0.011250,0.380424,0.011250,0.431678,0,1
ideal_6d_disc_lpc,50.100000,0.525123,-1.929831,0.412405,-2.832390,0.276926,0.638841,-0.081386,0.225000,0.636752,0.096374,-0.345740,0.158702,0.011250,0.380424,0.011250,0.431678,0,1
ideal_6d_disc_lpc,50.150000,0.546800,-1.923801,0.444243,-2.827571,0.288176,0.638841,-0.081386,0.225000,0.635628,0.103531,-0.345740,0.158702,0.011250,0.380424,0.011250,0.431678,0,1
ideal_6d_disc_lpc,50.200000,0.568407,-1.917528,0.476024,-2.822394,0.299426,0.638841,-0.081386,0.225000,0.634423,0.110675,-0.345740,0.158702,0.011250,0.380424,0.011250,0.431678,0,1
ideal_6d_disc_lpc,50.250000,0.589943,-1.911012,0.507745,-2.816861,0.310676,0.638841,-0.081386,0.225000,0.633138,0.117805,-0.345740,0.158702,0.011250,0.380424,0.011250,0.431678,0,1
ideal_6d_disc_lpc,50.300000,0.611404,-1.904254,0.539402,-2.810970,0.321926,0.638841,-0.081386,0.225000,0.631772,0.124921,-0.345740,0.158702,0.011250,0.380424,0.011250,0.431678,0,1
ideal_6d_disc_lpc,50.350000,0.632788,-1.897256,0.570991,-2.804724,0.333176,0.638841,-0.081386,0.225000,0.630327,0.132020,-0.345740,0.158702,0.011250,0.380424,0.011250,0.431678,0,1
ideal_6d_disc_lpc,50.400000,0.654091,-1.890017,0.602507,-2.798123,0.344426,0.638841,-0.081386,0.225000,0.628802,0.139103,-0.345740,0.158702,0.011250,0.380424,0.011250,0.431678,0,1
ideal_6d_disc_lpc,50.450000,0.675312,-1.882539,0.633947,-2.791168,0.355676,0.638841,-0.081386,0.225000,0.627197,0.146168,-0.345740,0.158702,0.011250,0.380424,0.011250,0.431678,0,1
ideal_6d_disc_lpc,50.500000,0.696448,-1.874823,0.665307,-2.783860,0.366926,0.638841,-0.081386,0.225000,0.625513,0.153214,-0.345740,0.158702,0.011250,0.380424,0.011250,0.431678,0,1
ideal_6d_disc_lpc,50.550000,0.717495,-1.866869,0.696583,-2.776199,0.378176,0.638841,-0.081386,0.225000,0.623750,0.160241,-0.345740,0.158702,0.011250,0.380424,0.011250,0.431678,0,1
ideal_6d_disc_lpc,50.600000,0.738451,-1.858680,0.727770,-2.768187,0.389426,0.638841,-0.081386,0.225000,0.621908,0.167248,-0.345740,0.158702,0.011250,0.380424,0.011250,0.431678,0,1
ideal_6d_disc_lpc,50.650000,0.759314,-1.850254,0.758866,-2.759825,0.400676,0.638841,-0.081386,0.225000,0.619987,0.174234,-0.345740,0.158702,0.011250,0.380424,0.011250,0.431678,0,1
ideal_6d_disc_lpc,50.700000,0.780081,-1.841595,0.789865,-2.751113,0.411926,0.638841,-0.081386,0.225000,0.617988,0.181198,-0.345740,0.158702,0.011250,0.380424,0.011250,0.431678,0,1
ideal_6d_disc_lpc,50.750000,0.800749,-1.832703,0.820765,-2.742053,0.423176,0.638841,-0.081386,0.225000,0.615910,0.188138,-0.345740,0.158702,0.011250,0.380424,0.011250,0.431678,0,1
ideal_6d_disc_lpc,50.800000,0.821316,-1.823579,0.851560,-2.732646,0.434426,0.638841,-0.081386,0.225000,0.613755,0.195055,-0.345740,0.158702,0.011250,0.380424,0.011250,0.431678,0,1
ideal_6d_disc_lpc,50.850000,0.841779,-1.814224,0.882248,-2.722893,0.445676,0.638841,-0.081386,0.225000,0.611521,0.201948,-0.345740,0.158702,0.011250,0.380424,0.011250,0.431678,0,1
ideal_6d_disc_lpc,50.900000,0.862135,-1.804639,0.912824,-2.712796,0.456926,0.638841,-0.081386,0.225000,0.609211,0.208814,-0.345740,0.158702,0.011250,0.380424,0.011250,0.431678,0,1
ideal_6d_disc_lpc,50.950000,0.882383,-1.794826,0.943284,-2.702355,0.468176,0.638841,-0.081386,0.225000,0.606823,0.215655,-0.345740,0.158702,0.011250,0.380424,0.011250,0.431678,0,1
ideal_6d_disc_lpc,51.000000,0.902518,-1.784786,0.973626,-2.691572,0.479426,0.638841,-0.081386,0.225000,0.604359,0.222468,-0.345740,0.158702,0.011250,0.380424,0.011250,0.431678,0,1
ideal_6d_disc_lpc,51.050000,0.922539,-1.774520,1.003843,-2.680449,0.490676,0.638841,-0.081386,0.225000,0.601818,0.229252,-0.345740,0.158702,0.011250,0.380424,0.011250,0.431678,0,1
ideal_6d_disc_lpc,51.100000,0.942444,-1.764029,1.033934,-2.668986,0.501926,0.638841,-0.081386,0.225000,0.599201,0.236008,-0.345740,0.158702,0.011250,0.380424,0.011250,0.431678,0,1
ideal_6d_disc_lpc,51.150000,0.962229,-1.753315,1.063894,-2.657186,0.513176,0.638841,-0.081386,0.225000,0.596508,0.242734,-0.345740,0.158702,0.011250,0.380424,0.011250,0.431678,0,1
ideal_6d_disc_lpc,51.200000,0.981893,-1.742380,1.093720,-2.645049,0.524426,0.638841,-0.081386,0.225000,0.593739,0.249429,-0.345740,0.158702,0.011250,0.380424,0.011250,0.431678,0,1
ideal_6d_disc_lpc,51.250000,1.001432,-1.731223,1.123407,-2.632578,0.535676,0.638841,-0.081386,0.225000,0.590896,0.256093,-0.345740,0.158702,0.011250,0.380424,0.011250,0.431678,0,1
ideal_6d_disc_lpc,51.300000,1.020844,-1.719848,1.152952,-2.619773,0.546926,0.638841,-0.081386,0.225000,0.587977,0.262724,-0.345740,0.158702,0.011250,0.380424,0.011250,0.431678,0,1
ideal_6d_disc_lpc,51.350000,1.040128,-1.708255,1.182350,-2.606637,0.558176,0.638841,-0.081386,0.225000,0.584985,0.269322,-0.345740,0.158702,0.011250,0.380424,0.011250,0.431678,0,1
ideal_6d_disc_lpc,51.400000,1.059279,-1.696445,1.211600,-2.593171,0.569426,0.638841,-0.081386,0.225000,0.581918,0.275886,-0.345740,0.158702,0.011250,0.380424,0.011250,0.431678,0,1
ideal_6d_disc_lpc,51.450000,1.078297,-1.684421,1.240696,-2.579377,0.580676,0.638841,-0.081386,0.225000,0.578777,0.282415,-0.345740,0.158702,0.011250,0.380424,0.011250,0.431678,0,1
ideal_6d_disc_lpc,51.500000,1.097178,-1.672184,1.269634,-2.565256,0.591926,0.638841,-0.081386,0.225000,0.575564,0.288908,-0.345740,0.158702,0.011250,0.380424,0.011250,0.431678,0,1
ideal_6d_disc_lpc,51.550000,1.115920,-1.659735,1.298413,-2.550810,0.603176,0.638841,-0.081386,0.225000,0.572277,0.295365,-0.345740,0.158702,0.011250,0.380424,0.011250,0.431678,0,1
ideal_6d_disc_lpc,51.600000,1.134521,-1.647077,1.327026,-2.536042,0.614426,0.638841,-0.081386,0.225000,0.568918,0.301784,-0.345740,0.158702,0.011250,0.380424,0.011250,0.431678,0,1
ideal_6d_disc_lpc,51.650000,1.152979,-1.634209,1.355472,-2.520953,0.625676,0.638841,-0.081386,0.225000,0.565487,0.308165,-0.345740,0.158702,0.011250,0.380424,0.011250,0.431678,0,1
ideal_6d_disc_lpc,51.700000,1.171290,-1.621135,1.383747,-2.505545,0.636926,0.638841,-0.081386,0.225000,0.561984,0.314507,-0.345740,0.158702,0.011250,0.380424,0.011250,0.431678,0,1
ideal_6d_disc_lpc,51.750000,1.189454,-1.607856,1.411846,-2.489819,0.648176,0.638841,-0.081386,0.225000,0.558411,0.320810,-0.345740,0.158702,0.011250,0.380424,0.011250,0.431678,0,1
ideal_6d_disc_lpc,51.800000,1.207466,-1.594373,1.439766,-2.473779,0.659426,0.638841,-0.081386,0.225000,0.554766,0.327071,-0.345740,0.158702,0.011250,0.380424,0.011250,0.431678,0,1
ideal_6d_disc_lpc,51.850000,1.225326,-1.580688,1.467505,-2.457425,0.670676,0.638841,-0.081386,0.225000,0.551052,0.333292,-0.345740,0.158702,0.011250,0.380424,0.011250,0.431678,0,1
ideal_6d_disc_lpc,51.900000,1.243031,-1.566804,1.495057,-2.440761,0.681926,0.638841,-0.081386,0.225000,0.547267,0.339470,-0.345740,0.158702,0.011250,0.380424,0.011250,0.431678,0,1
ideal_6d_disc_lpc,51.950000,1.260578,-1.552721,1.522421,-2.423787,0.693176,0.638841,-0.081386,0.225000,0.543414,0.345605,-0.345740,0.158702,0.011250,0.380424,0.011250,0.431678,0,1
ideal_6d_disc_lpc,52.000000,1.277966,-1.538441,1.549591,-2.406507,0.704426,0.638841,-0.081386,0.225000,0.539491,0.351696,-0.345740,0.158702,0.011250,0.380424,0.011250,0.431678,0,1
ideal_6d_disc_lpc,52.050000,1.295193,-1.523967,1.576566,-2.388922,0.715676,0.638841,-0.081386,0.225000,0.535501,0.357743,-0.345740,0.158702,0.011250,0.380424,0.011250,0.431678,0,1
ideal_6d_disc_lpc,52.100000,1.312255,-1.509300,1.603341,-2.371035,0.726926,0.638841,-0.081386,0.225000,0.531442,0.363745,-0.345740,0.158702,0.011250,0.380424,0.011250,0.431678,0,1
ideal_6d_disc_lpc,52.150000,1.329151,-1.494442,1.629913,-2.352848,0.738176,0.638841,-0.081386,0.225000,0.527317,0.369701,-0.345740,0.158702,0.011250,0.380424,0.011250,0.431678,0,1
ideal_6d_disc_lpc,52.200000,1.345879,-1.479395,1.656279,-2.334363,0.749426,0.638841,-0.081386,0.225000,0.523124,0.375609,-0.345740,0.158702,0.011250,0.380424,0.011250,0.431678,0,1
ideal_6d_disc_lpc,52.250000,1.362437,-1.464160,1.682435,-2.315582,0.760676,0.638841,-0.081386,0.225000,0.518866,0.381471,-0.345740,0.158702,0.011250,0.380424,0.011250,0.431678,0,1
ideal_6d_disc_lpc,52.300000,1.378822,-1.448741,1.708378,-2.296509,0.771926,0.638841,-0.081386,0.225000,0.514541,0.387284,-0.345740,0.158702,0.011250,0.380424,0.011250,0.431678,0,1
ideal_6d_disc_lpc,52.350000,1.395033,-1.433138,1.734105,-2.277144,0.783176,0.638841,-0.081386,0.225000,0.510152,0.393047,-0.345740,0.158702,0.011250,0.380424,0.011250,0.431678,0,1
ideal_6d_disc_lpc,52.400000,1.411067,-1.417353,1.759613,-2.257492,0.794426,0.638841,-0.081386,0.225000,0.505698,0.398762,-0.345740,0.158702,0.011250,0.380424,0.011250,0.431678,0,1
ideal_6d_disc_lpc,52.450000,1.426923,-1.401389,1.784898,-2.237554,0.805676,0.638841,-0.081386,0.225000,0.501180,0.404425,-0.345740,0.158702,0.011250,0.380424,0.011250,0.431678,0,1
ideal_6d_disc_lpc,52.500000,1.442598,-1.385248,1.809957,-2.217333,0.816926,0.638841,-0.081386,0.225000,0.496599,0.410038,-0.345740,0.158702,0.011250,0.380424,0.011250,0.431678,0,1
ideal_6d_disc_lpc,52.550000,1.458090,-1.368931,1.834787,-2.196831,0.828176,0.638841,-0.081386,0.225000,0.491954,0.415599,-0.345740,0.158702,0.011250,0.380424,0.011250,0.431678,0,1
ideal_6d_disc_lpc,52.600000,1.473398,-1.352442,1.859385,-2.176051,0.839426,0.638841,-0.081386,0.225000,0.487248,0.421107,-0.345740,0.158702,0.011250,0.380424,0.011250,0.431678,0,1
ideal_6d_disc_lpc,52.650000,1.488519,-1.335781,1.883747,-2.154996,0.850676,0.638841,-0.081386,0.225000,0.482480,0.426562,-0.345740,0.158702,0.011250,0.380424,0.011250,0.431678,0,1
ideal_6d_disc_lpc,52.700000,1.503452,-1.318951,1.907871,-2.133667,0.861926,0.638841,-0.081386,0.225000,0.477650,0.431962,-0.345740,0.158702,0.011250,0.380424,0.011250,0.431678,0,1
ideal_6d_disc_lpc,52.750000,1.518195,-1.301954,1.931754,-2.112069,0.873176,0.638841,-0.081386,0.225000,0.472761,0.437308,-0.345740,0.158702,0.011250,0.380424,0.011250,0.431678,0,1
ideal_6d_disc_lpc,52.800000,1.532746,-1.284792,1.955392,-2.090204,0.884426,0.638841,-0.081386,0.225000,0.467811,0.442599,-0.345740,0.158702,0.011250,0.380424,0.011250,0.431678,0,1
ideal_6d_disc_lpc,52.850000,1.547102,-1.267468,1.978782,-2.068074,0.895676,0.638841,-0.081386,0.225000,0.462802,0.447834,-0.345740,0.158702,0.011250,0.380424,0.011250,0.431678,0,1
ideal_6d_disc_lpc,52.900000,1.561263,-1.249983,2.001922,-2.045682,0.906926,0.638841,-0.081386,0.225000,0.457735,0.453012,-0.345740,0.158702,0.011250,0.380424,0.011250,0.431678,0,1
ideal_6d_disc_lpc,52.950000,1.575226,-1.232340,2.024809,-2.023032,0.918176,0.638841,-0.081386,0.225000,0.452610,0.458133,-0.345740,0.158702,0.011250,0.380424,0.011250,0.431678,0,1
ideal_6d_disc_lpc,53.000000,1.588990,-1.214541,2.047440,-2.000125,0.929426,0.638841,-0.081386,0.225000,0.447427,0.463196,-0.345740,0.158702,0.011250,0.380424,0.011250,0.431678,0,1
ideal_6d_disc_lpc,53.050000,1.602553,-1.196588,2.069811,-1.976965,0.940676,0.638841,-0.081386,0.225000,0.442188,0.468200,-0.345740,0.158702,0.011250,0.380424,0.011250,0.431678,0,1
ideal_6d_disc_lpc,53.100000,1.615913,-1.178484,2.091920,-1.953555,0.951926,0.638841,-0.081386,0.225000,0.436893,0.473145,-0.345740,0.158702,0.011250,0.380424,0.011250,0.431678,0,1
ideal_6d_disc_lpc,53.150000,1.629068,-1.160231,2.113765,-1.929898,0.963176,0.638841,-0.081386,0.225000,0.431543,0.478030,-0.345740,0.158702,0.011250,0.380424,0.011250,0.431678,0,1
ideal_6d_disc_lpc,53.200000,1.642018,-1.141831,2.135342,-1.905997,0.974426,0.638841,-0.081386,0.225000,0.426138,0.482854,-0.345740,0.158702,0.011250,0.380424,0.011250,0.431678,0,1
ideal_6d_disc_lpc,53.250000,1.654759,-1.123287,2.156649,-1.881854,0.985676,0.638841,-0.081386,0.225000,0.420679,0.487617,-0.345740,0.158702,0.011250,0.380424,0.011250,0.431678,0,1
ideal_6d_disc_lpc,53.300000,1.667291,-1.104600,2.177683,-1.857473,0.996926,0.638841,-0.081386,0.225000,0.415166,0.492319,-0.345740,0.158702,0.011250,0.380424,0.011250,0.431678,0,1
ideal_6d_disc_lpc,53.350000,1.679612,-1.085773,2.198441,-1.832857,1.008176,0.638841,-0.081386,0.225000,0.409602,0.496959,-0.345740,0.158702,0.011250,0.380424,0.011250,0.431678,0,1
ideal_6d_disc_lpc,53.400000,1.691720,-1.066809,2.218921,-1.808009,1.019426,0.638841,-0.081386,0.225000,0.403985,0.501535,-0.345740,0.158702,0.011250,0.380424,0.011250,0.431678,0,1
ideal_6d_disc_lpc,53.450000,1.703615,-1.047710,2.239121,-1.782932,1.030676,0.638841,-0.081386,0.225000,0.398317,0.506048,-0.345740,0.158702,0.011250,0.380424,0.011250,0.431678,0,1
ideal_6d_disc_lpc,53.500000,1.715293,-1.028479,2.259036,-1.757630,1.041926,0.638841,-0.081386,0.225000,0.392599,0.510497,-0.345740,0.158702,0.011250,0.380424,0.011250,0.431678,0,1
ideal_6d_disc_lpc,53.550000,1.726755,-1.009117,2.278666,-1.732105,1.053176,0.638841,-0.081386,0.225000,0.386832,0.514881,-0.345740,0.158702,0.011250,0.380424,0.011250,0.431678,0,1
ideal_6d_disc_lpc,53.600000,1.737998,-0.989628,2.298008,-1.706361,1.064426,0.638841,-0.081386,0.225000,0.381015,0.519200,-0.345740,0.158702,0.011250,0.380424,0.011250,0.431678,0,1
ideal_6d_disc_lpc,53.650000,1.749021,-0.970013,2.317059,-1.680401,1.075676,0.638841,-0.081386,0.225000,0.375150,0.523454,-0.345740,0.158702,0.011250,0.380424,0.011250,0.431678,0,1
ideal_6d_disc_lpc,53.700000,1.759823,-0.950276,2.335816,-1.654228,1.086926,0.638841,-0.081386,0.225000,0.369237,0.527641,-0.345740,0.158702,0.011250,0.380424,0.011250,0.431678,0,1
ideal_6d_disc_lpc,53.750000,1.770402,-0.930418,2.354278,-1.627846,1.098176,0.638841,-0.081386,0.225000,0.363278,0.531762,-0.345740,0.158702,0.011250,0.380424,0.011250,0.431678,0,1
ideal_6d_disc_lpc,53.800000,1.780757,-0.910442,2.372442,-1.601258,1.109426,0.638841,-0.081386,0.225000,0.357273,0.535815,-0.345740,0.158702,0.011250,0.380424,0.011250,0.431678,0,1
ideal_6d_disc_lpc,53.850000,1.790886,-0.890352,2.390306,-1.574467,1.120676,0.638841,-0.081386,0.225000,0.351222,0.539800,-0.345740,0.158702,0.011250,0.380424,0.011250,0.431678,0,1
ideal_6d_disc_lpc,53.900000,1.800789,-0.870148,2.407867,-1.547477,1.131926,0.638841,-0.081386,0.225000,0.345128,0.543717,-0.345740,0.158702,0.011250,0.380424,0.011250,0.431678,0,1
ideal_6d_disc_lpc,53.950000,1.810464,-0.849835,2.425123,-1.520292,1.143176,0.638841,-0.081386,0.225000,0.338989,0.547565,-0.345740,0.158702,0.011250,0.380424,0.011250,0.431678,0,1
ideal_6d_disc_lpc,54.000000,1.819910,-0.829414,2.442073,-1.492913,1.154426,0.638841,-0.081386,0.225000,0.332808,0.551344,-0.345740,0.158702,0.011250,0.380424,0.011250,0.431678,0,1
ideal_6d_disc_lpc,54.050000,1.829126,-0.808888,2.458713,-1.465346,1.165676,0.638841,-0.081386,0.225000,0.326584,0.555053,-0.345740,0.158702,0.011250,0.380424,0.011250,0.431678,0,1
ideal_6d_disc_lpc,54.100000,1.838110,-0.788259,2.475042,-1.437593,1.176926,0.638841,-0.081386,0.225000,0.320319,0.558692,-0.345740,0.158702,0.011250,0.380424,0.011250,0.431678,0,1
ideal_6d_disc_lpc,54.150000,1.846861,-0.767531,2.491058,-1.409659,1.188176,0.638841,-0.081386,0.225000,0.314014,0.562260,-0.345740,0.158702,0.011250,0.380424,0.011250,0.431678,0,1
ideal_6d_disc_lpc,54.200000,1.855379,-0.746706,2.506759,-1.381546,1.199426,0.638841,-0.081386,0.225000,0.307669,0.565757,-0.345740,0.158702,0.011250,0.380424,0.011250,0.431678,0,1
ideal_6d_disc_lpc,54.250000,1.863662,-0.725786,2.522142,-1.353258,1.210676,0.638841,-0.081386,0.225000,0.301285,0.569183,-0.345740,0.158702,0.011250,0.380424,0.011250,0.431678,0,1
ideal_6d_disc_lpc,54.300000,1.871709,-0.704774,2.537206,-1.324799,1.221926,0.638841,-0.081386,0.225000,0.294862,0.572536,-0.345740,0.158702,0.011250,0.380424,0.011250,0.431678,0,1
ideal_6d_disc_lpc,54.350000,1.879519,-0.683673,2.551950,-1.296172,1.233176,0.638841,-0.081386,0.225000,0.288403,0.575817,-0.345740,0.158702,0.011250,0.380424,0.011250,0.431678,0,1
ideal_6d_disc_lpc,54.400000,1.887091,-0.662486,2.566370,-1.267381,1.244426,0.638841,-0.081386,0.225000,0.281907,0.579025,-0.345740,0.158702,0.011250,0.380424,0.011250,0.431678,0,1
ideal_6d_disc_lpc,54.450000,1.894424,-0.641215,2.580465,-1.238430,1.255676,0.638841,-0.081386,0.225000,0.275375,0.582160,-0.345740,0.158702,0.011250,0.380424,0.011250,0.431678,0,1
ideal_6d_disc_lpc,54.500000,1.901518,-0.619862,2.594234,-1.209322,1.266926,0.638841,-0.081386,0.225000,0.268808,0.585221,-0.345740,0.158702,0.011250,0.380424,0.011250,0.431678,0,1
ideal_6d_disc_lpc,54.550000,1.908371,-0.598431,2.607674,-1.180061,1.278176,0.638841,-0.081386,0.225000,0.262208,0.588208,-0.345740,0.158702,0.011250,0.380424,0.011250,0.431678,0,1
ideal_6d_disc_lpc,54.600000,1.914982,-0.576925,2.620785,-1.150650,1.289426,0.638841,-0.081386,0.225000,0.255574,0.591120,-0.345740,0.158702,0.011250,0.380424,0.011250,0.431678,0,1
ideal_6d_disc_lpc,54.650000,1.921352,-0.555345,2.633563,-1.121094,1.300676,0.638841,-0.081386,0.225000,0.248908,0.593958,-0.345740,0.158702,0.011250,0.380424,0.011250,0.431678,0,1
ideal_6d_disc_lpc,54.700000,1.927477,-0.533695,2.646009,-1.091397,1.311926,0.638841,-0.081386,0.225000,0.242210,0.596721,-0.345740,0.158702,0.011250,0.380424,0.011250,0.431678,0,1
ideal_6d_disc_lpc,54.750000,1.933359,-0.511978,2.658119,-1.061560,1.323176,0.638841,-0.081386,0.225000,0.235482,0.599408,-0.345740,0.158702,0.011250,0.380424,0.011250,0.431678,0,1
ideal_6d_disc_lpc,54.800000,1.938997,-0.490196,2.669893,-1.031590,1.334426,0.638841,-0.081386,0.225000,0.228724,0.602019,-0.345740,0.158702,0.011250,0.380424,0.011250,0.431678,0,1
ideal_6d_disc_lpc,54.850000,1.944389,-0.468351,2.681330,-1.001489,1.345676,0.638841,-0.081386,0.225000,0.221937,0.604554,-0.345740,0.158702,0.011250,0.380424,0.011250,0.431678,0,1
ideal_6d_disc_lpc,54.900000,1.949534,-0.446448,2.692426,-0.971261,1.356926,0.638841,-0.081386,0.225000,0.215122,0.607012,-0.345740,0.158702,0.011250,0.380424,0.011250,0.431678,0,1
ideal_6d_disc_lpc,54.950000,1.954433,-0.424488,2.703182,-0.940911,1.368176,0.638841,-0.081386,0.225000,0.208279,0.609394,-0.345740,0.158702,0.011250,0.380424,0.011250,0.431678,0,1
ideal_6d_disc_lpc,55.000000,1.959085,-0.402474,2.713596,-0.910441,1.379426,0.638841,-0.081386,0.225000,0.201411,0.611699,-0.345740,0.158702,0.011250,0.380424,0.011250,0.431678,0,1
ideal_6d_disc_lpc,55.050000,1.963489,-0.380409,2.723667,-0.879856,1.390676,0.638841,-0.081386,0.225000,0.194516,0.613926,-0.345740,0.158702,0.011250,0.380424,0.011250,0.431678,0,1
ideal_6d_disc_lpc,55.100000,1.967644,-0.358296,2.733393,-0.849160,1.401926,0.638841,-0.081386,0.225000,0.187598,0.616075,-0.345740,0.158702,0.011250,0.380424,0.011250,0.431678,0,1
ideal_6d_disc_lpc,55.150000,1.971550,-0.336138,2.742773,-0.818356,1.413176,0.638841,-0.081386,0.225000,0.180655,0.618147,-0.345740,0.158702,0.011250,0.380424,0.011250,0.431678,0,1
ideal_6d_disc_lpc,55.200000,1.975207,-0.313938,2.751805,-0.787449,1.424426,0.638841,-0.081386,0.225000,0.173690,0.620140,-0.345740,0.158702,0.011250,0.380424,0.011250,0.431678,0,1
ideal_6d_disc_lpc,55.250000,1.978614,-0.291697,2.760490,-0.756442,1.435676,0.638841,-0.081386,0.225000,0.166702,0.622054,-0.345740,0.158702,0.011250,0.380424,0.011250,0.431678,0,1
ideal_6d_disc_lpc,55.300000,1.981770,-0.269420,2.768825,-0.725339,1.446926,0.638841,-0.081386,0.225000,0.159694,0.623890,-0.345740,0.158702,0.011250,0.380424,0.011250,0.431678,0,1
ideal_6d_disc_lpc,55.350000,1.984676,-0.247108,2.776810,-0.694145,1.458176,0.638841,-0.081386,0.225000,0.152665,0.625648,-0.345740,0.158702,0.011250,0.380424,0.011250,0.431678,0,1
ideal_6d_disc_lpc,55.400000,1.987330,-0.224765,2.784443,-0.662862,1.469426,0.638841,-0.081386,0.225000,0.145617,0.627325,-0.345740,0.158702,0.011250,0.380424,0.011250,0.431678,0,1
ideal_6d_disc_lpc,55.450000,1.989733,-0.202394,2.791724,-0.631496,1.480676,0.638841,-0.081386,0.225000,0.138550,0.628924,-0.345740,0.158702,0.011250,0.380424,0.011250,0.431678,0,1
ideal_6d_disc_lpc,55.500000,1.991884,-0.179997,2.798651,-0.600050,1.491926,0.638841,-0.081386,0.225000,0.131466,0.630443,-0.345740,0.158702,0.011250,0.380424,0.011250,0.431678,0,1
ideal_6d_disc_lpc,55.550000,1.993783,-0.157578,2.805225,-0.568528,1.503176,0.638841,-0.081386,0.225000,0.124366,0.631882,-0.345740,0.158702,0.011250,0.380424,0.011250,0.431678,0,1
ideal_6d_disc_lpc,55.600000,1.995429,-0.135138,2.811443,-0.536934,1.514426,0.638841,-0.081386,0.225000,0.117249,0.633241,-0.345740,0.158702,0.011250,0.380424,0.011250,0.431678,0,1
ideal_6d_disc_lpc,55.650000,1.996823,-0.112682,2.817305,-0.505272,1.525676,0.638841,-0.081386,0.225000,0.110118,0.634520,-0.345740,0.158702,0.011250,0.380424,0.011250,0.431678,0,1
ideal_6d_disc_lpc,55.700000,1.997964,-0.090211,2.822811,-0.473546,1.536926,0.638841,-0.081386,0.225000,0.102973,0.635718,-0.345740,0.158702,0.011250,0.380424,0.011250,0.431678,0,1
ideal_6d_disc_lpc,55.750000,1.998853,-0.067728,2.827960,-0.441760,1.548176,0.638841,-0.081386,0.225000,0.095815,0.636837,-0.345740,0.158702,0.011250,0.380424,0.011250,0.431678,0,1
ideal_6d_disc_lpc,55.800000,1.999488,-0.045237,2.832751,-0.409918,1.559426,0.638841,-0.081386,0.225000,0.088644,0.637874,-0.345740,0.158702,0.011250,0.380424,0.011250,0.431678,0,1
ideal_6d_disc_lpc,55.850000,1.999871,-0.022741,2.837183,-0.378024,1.570676,0.638841,-0.081386,0.225000,0.081463,0.638831,-0.345740,0.158702,0.011250,0.380424,0.011250,0.431678,0,1
ideal_6d_disc_lpc,55.900000,2.000000,-0.000241,2.841256,-0.346083,1.581926,0.638841,-0.081386,0.225000,0.074271,0.639707,-0.345740,0.158702,0.011250,0.380424,0.011250,0.431678,0,1
ideal_6d_disc_lpc,55.950000,1.999876,0.022258,2.844970,-0.314097,1.593176,0.638841,-0.081386,0.225000,0.067070,0.640502,-0.345740,0.158702,0.011250,0.380424,0.011250,0.431678,0,1
ideal_6d_disc_lpc,56.000000,1.999499,0.044755,2.848323,-0.282072,1.604426,0.638841,-0.081386,0.225000,0.059860,0.641216,-0.345740,0.158702,0.011250,0.380424,0.011250,0.431678,0,1
ideal_6d_disc_lpc,56.050000,1.998869,0.067246,2.851316,-0.250011,1.615676,0.638841,-0.081386,0.225000,0.052643,0.641849,-0.345740,0.158702,0.011250,0.380424,0.011250,0.431678,0,1
ideal_6d_disc_lpc,56.100000,1.997986,0.089729,2.853948,-0.217919,1.626926,0.638841,-0.081386,0.225000,0.045419,0.642401,-0.345740,0.158702,0.011250,0.380424,0.011250,0.431678,0,1
ideal_6d_disc_lpc,56.150000,1.996850,0.112200,2.856219,-0.185799,1.638176,0.638841,-0.081386,0.225000,0.038189,0.642871,-0.345740,0.158702,0.011250,0.380424,0.011250,0.431678,0,1
ideal_6d_disc_lpc,56.200000,1.995462,0.134657,2.858129,-0.153655,1.649426,0.638841,-0.081386,0.225000,0.030954,0.643260,-0.345740,0.158702,0.011250,0.380424,0.011250,0.431678,0,1
ideal_6d_disc_lpc,56.250000,1.993821,0.157097,2.859676,-0.121492,1.660676,0.638841,-0.081386,0.225000,0.023716,0.643567,-0.345740,0.158702,0.011250,0.380424,0.011250,0.431678,0,1
ideal_6d_disc_lpc,56.300000,1.991927,0.179517,2.860862,-0.089314,1.671926,0.638841,-0.081386,0.225000,0.016474,0.643793,-0.345740,0.158702,0.011250,0.380424,0.011250,0.431678,0,1
ideal_6d_disc_lpc,56.350000,1.989782,0.201914,2.861686,-0.057124,1.683176,0.638841,-0.081386,0.225000,0.009231,0.643938,-0.345740,0.158702,0.011250,0.380424,0.011250,0.431678,0,1
ideal_6d_disc_lpc,56.400000,1.987384,0.224286,2.862147,-0.024927,1.694426,0.638841,-0.081386,0.225000,0.001986,0.644001,-0.345740,0.158702,0.011250,0.380424,0.011250,0.431678,0,1
ideal_6d_disc_lpc,56.450000,1.984735,0.246629,2.862247,0.007273,1.705676,0.638841,-0.081386,0.225000,-0.005259,0.643983,-0.345740,0.158702,0.011250,0.380424,0.011250,0.431678,0,1
ideal_6d_disc_lpc,56.500000,1.981835,0.268942,2.861984,0.039472,1.716926,0.638841,-0.081386,0.225000,-0.012503,0.643883,-0.345740,0.158702,0.011250,0.380424,0.011250,0.431678,0,1
ideal_6d_disc_lpc,56.550000,1.978684,0.291220,2.861359,0.071666,1.728176,0.638841,-0.081386,0.225000,-0.019746,0.643701,-0.345740,0.158702,0.011250,0.380424,0.011250,0.431678,0,1
ideal_6d_disc_lpc,56.600000,1.975283,0.313461,2.860371,0.103851,1.739426,0.638841,-0.081386,0.225000,-0.026986,0.643439,-0.345740,0.158702,0.011250,0.380424,0.011250,0.431678,0,1
ideal_6d_disc_lpc,56.650000,1.971631,0.335663,2.859022,0.136023,1.750676,0.638841,-0.081386,0.225000,-0.034223,0.643094,-0.345740,0.158702,0.011250,0.380424,0.011250,0.431678,0,1
ideal_6d_disc_lpc,56.700000,1.967731,0.357822,2.857311,0.168178,1.761926,0.638841,-0.081386,0.225000,-0.041455,0.642669,-0.345740,0.158702,0.011250,0.380424,0.011250,0.431678,0,1
ideal_6d_disc_lpc,56.750000,1.963581,0.379936,2.855238,0.200311,1.773176,0.638841,-0.081386,0.225000,-0.048683,0.642161,-0.345740,0.158702,0.011250,0.380424,0.011250,0.431678,0,1
ideal_6d_disc_lpc,56.800000,1.959182,0.402001,2.852804,0.232419,1.784426,0.638841,-0.081386,0.225000,-0.055904,0.641573,-0.345740,0.158702,0.011250,0.380424,0.011250,0.431678,0,1
ideal_6d_disc_lpc,56.850000,1.954536,0.424016,2.850009,0.264498,1.795676,0.638841,-0.081386,0.225000,-0.063118,0.640904,-0.345740,0.158702,0.011250,0.380424,0.011250,0.431678,0,1
ideal_6d_disc_lpc,56.900000,1.949642,0.445978,2.846853,0.296543,1.806926,0.638841,-0.081386,0.225000,-0.070324,0.640153,-0.345740,0.158702,0.011250,0.380424,0.011250,0.431678,0,1
ideal_6d_disc_lpc,56.950000,1.944502,0.467882,2.843337,0.328551,1.818176,0.638841,-0.081386,0.225000,-0.077521,0.639321,-0.345740,0.158702,0.011250,0.380424,0.011250,0.431678,0,1
ideal_6d_disc_lpc,57.000000,1.939115,0.489728,2.839461,0.360517,1.829426,0.638841,-0.081386,0.225000,-0.084708,0.638409,-0.345740,0.158702,0.011250,0.380424,0.011250,0.431678,0,1
ideal_6d_disc_lpc,57.050000,1.933483,0.511512,2.835225,0.392437,1.840676,0.638841,-0.081386,0.225000,-0.091885,0.637416,-0.345740,0.158702,0.011250,0.380424,0.011250,0.431678,0,1
ideal_6d_disc_lpc,57.100000,1.927606,0.533230,2.830631,0.424308,1.851926,0.638841,-0.081386,0.225000,-0.099050,0.636342,-0.345740,0.158702,0.011250,0.380424,0.011250,0.431678,0,1
ideal_6d_disc_lpc,57.150000,1.921485,0.554882,2.825678,0.456125,1.863176,0.638841,-0.081386,0.225000,-0.106202,0.635187,-0.345740,0.158702,0.011250,0.380424,0.011250,0.431678,0,1
ideal_6d_disc_lpc,57.200000,1.915122,0.576463,2.820368,0.487884,1.874426,0.638841,-0.081386,0.225000,-0.113341,0.633952,-0.345740,0.158702,0.011250,0.380424,0.011250,0.431678,0,1
ideal_6d_disc_lpc,57.250000,1.908515,0.597971,2.814701,0.519582,1.885676,0.638841,-0.081386,0.225000,-0.120466,0.632637,-0.345740,0.158702,0.011250,0.380424,0.011250,0.431678,0,1
ideal_6d_disc_lpc,57.300000,1.901667,0.619404,2.808678,0.551214,1.896926,0.638841,-0.081386,0.225000,-0.127575,0.631242,-0.345740,0.158702,0.011250,0.380424,0.011250,0.431678,0,1
ideal_6d_disc_lpc,57.350000,1.894579,0.640758,2.802299,0.582776,1.908176,0.638841,-0.081386,0.225000,-0.134668,0.629766,-0.345740,0.158702,0.011250,0.380424,0.011250,0.431678,0,1
ideal_6d_disc_lpc,57.400000,1.887251,0.662031,2.795566,0.614264,1.919426,0.638841,-0.081386,0.225000,-0.141745,0.628212,-0.345740,0.158702,0.011250,0.380424,0.011250,0.431678,0,1
ideal_6d_disc_lpc,57.450000,1.879684,0.683220,2.788479,0.645675,1.930676,0.638841,-0.081386,0.225000,-0.148803,0.626577,-0.345740,0.158702,0.011250,0.380424,0.011250,0.431678,0,1
ideal_6d_disc_lpc,57.500000,1.871879,0.704323,2.781038,0.677004,1.941926,0.638841,-0.081386,0.225000,-0.155842,0.624864,-0.345740,0.158702,0.011250,0.380424,0.011250,0.431678,0,1
ideal_6d_disc_lpc,57.550000,1.863837,0.725336,2.773246,0.708247,1.953176,0.638841,-0.081386,0.225000,-0.162862,0.623071,-0.345740,0.158702,0.011250,0.380424,0.011250,0.431678,0,1
ideal_6d_disc_lpc,57.600000,1.855559,0.746258,2.765103,0.739400,1.964426,0.638841,-0.081386,0.225000,-0.169861,0.621199,-0.345740,0.158702,0.011250,0.380424,0.011250,0.431678,0,1
ideal_6d_disc_lpc,57.650000,1.847046,0.767086,2.756610,0.770460,1.975676,0.638841,-0.081386,0.225000,-0.176839,0.619249,-0.345740,0.158702,0.011250,0.380424,0.011250,0.431678,0,1
ideal_6d_disc_lpc,57.700000,1.838300,0.787816,2.747768,0.801423,1.986926,0.638841,-0.081386,0.225000,-0.183794,0.617221,-0.345740,0.158702,0.011250,0.380424,0.011250,0.431678,0,1
ideal_6d_disc_lpc,57.750000,1.829321,0.808446,2.738578,0.832284,1.998176,0.638841,-0.081386,0.225000,-0.190726,0.615114,-0.345740,0.158702,0.011250,0.380424,0.011250,0.431678,0,1
ideal_6d_disc_lpc,57.800000,1.820110,0.828975,2.729042,0.863040,2.009426,0.638841,-0.081386,0.225000,-0.197634,0.612929,-0.345740,0.158702,0.011250,0.380424,0.011250,0.431678,0,1
ideal_6d_disc_lpc,57.850000,1.810669,0.849398,2.719161,0.893686,2.020676,0.638841,-0.081386,0.225000,-0.204517,0.610667,-0.345740,0.158702,0.011250,0.380424,0.011250,0.431678,0,1
ideal_6d_disc_lpc,57.900000,1.800999,0.869714,2.708935,0.924219,2.031926,0.638841,-0.081386,0.225000,-0.211373,0.608328,-0.345740,0.158702,0.011250,0.380424,0.011250,0.431678,0,1
ideal_6d_disc_lpc,57.950000,1.791101,0.889920,2.698366,0.954636,2.043176,0.638841,-0.081386,0.225000,-0.218204,0.605911,-0.345740,0.158702,0.011250,0.380424,0.011250,0.431678,0,1
ideal_6d_disc_lpc,58.000000,1.780976,0.910013,2.687456,0.984931,2.054426,0.638841,-0.081386,0.225000,-0.225006,0.603418,-0.345740,0.158702,0.011250,0.380424,0.011250,0.431678,0,1
ideal_6d_disc_lpc,58.050000,1.770626,0.929991,2.676206,1.015102,2.065676,0.638841,-0.081386,0.225000,-0.231780,0.600849,-0.345740,0.158702,0.011250,0.380424,0.011250,0.431678,0,1
ideal_6d_disc_lpc,58.100000,1.760052,0.949851,2.664617,1.045145,2.076926,0.638841,-0.081386,0.225000,-0.238525,0.598203,-0.345740,0.158702,0.011250,0.380424,0.011250,0.431678,0,1
ideal_6d_disc_lpc,58.150000,1.749255,0.969591,2.652690,1.075055,2.088176,0.638841,-0.081386,0.225000,-0.245240,0.595482,-0.345740,0.158702,0.011250,0.380424,0.011250,0.431678,0,1
ideal_6d_disc_lpc,58.200000,1.738237,0.989208,2.640428,1.104829,2.099426,0.638841,-0.081386,0.225000,-0.251923,0.592686,-0.345740,0.158702,0.011250,0.380424,0.011250,0.431678,0,1
ideal_6d_disc_lpc,58.250000,1.726998,1.008701,2.627832,1.134463,2.110676,0.638841,-0.081386,0.225000,-0.258575,0.589814,-0.345740,0.158702,0.011250,0.380424,0.011250,0.431678,0,1
ideal_6d_disc_lpc,58.300000,1.715541,1.028065,2.614903,1.163954,2.121926,0.638841,-0.081386,0.225000,-0.265194,0.586868,-0.345740,0.158702,0.011250,0.380424,0.011250,0.431678,0,1
ideal_6d_disc_lpc,58.350000,1.703867,1.047299,2.601644,1.193297,2.133176,0.638841,-0.081386,0.225000,-0.271779,0.583847,-0.345740,0.158702,0.011250,0.380424,0.011250,0.431678,0,1
ideal_6d_disc_lpc,58.400000,1.691978,1.066401,2.588055,1.222490,2.144426,0.638841,-0.081386,0.225000,-0.278330,0.580753,-0.345740,0.158702,0.011250,0.380424,0.011250,0.431678,0,1
ideal_6d_disc_lpc,58.450000,1.679874,1.085368,2.574138,1.251527,2.155676,0.638841,-0.081386,0.225000,-0.284846,0.577585,-0.345740,0.158702,0.011250,0.380424,0.011250,0.431678,0,1
ideal_6d_disc_lpc,58.500000,1.667557,1.104198,2.559896,1.280407,2.166926,0.638841,-0.081386,0.225000,-0.291325,0.574344,-0.345740,0.158702,0.011250,0.380424,0.011250,0.431678,0,1
ideal_6d_disc_lpc,58.550000,1.655030,1.122887,2.545330,1.309124,2.178176,0.638841,-0.081386,0.225000,-0.297768,0.571030,-0.345740,0.158702,0.011250,0.380424,0.011250,0.431678,0,1
ideal_6d_disc_lpc,58.600000,1.642293,1.141435,2.530441,1.337675,2.189426,0.638841,-0.081386,0.225000,-0.304173,0.567644,-0.345740,0.158702,0.011250,0.380424,0.011250,0.431678,0,1
ideal_6d_disc_lpc,58.650000,1.629348,1.159838,2.515233,1.366058,2.200676,0.638841,-0.081386,0.225000,-0.310540,0.564187,-0.345740,0.158702,0.011250,0.380424,0.011250,0.431678,0,1
ideal_6d_disc_lpc,58.700000,1.616197,1.178095,2.499706,1.394267,2.211926,0.638841,-0.081386,0.225000,-0.316867,0.560657,-0.345740,0.158702,0.011250,0.380424,0.011250,0.431678,0,1
ideal_6d_disc_lpc,58.750000,1.602842,1.196202,2.483862,1.422300,2.223176,0.638841,-0.081386,0.225000,-0.323154,0.557057,-0.345740,0.158702,0.011250,0.380424,0.011250,0.431678,0,1
ideal_6d_disc_lpc,58.800000,1.589283,1.214158,2.467705,1.450153,2.234426,0.638841,-0.081386,0.225000,-0.329401,0.553386,-0.345740,0.158702,0.011250,0.380424,0.011250,0.431678,0,1
ideal_6d_disc_lpc,58.850000,1.575524,1.231960,2.451235,1.477822,2.245676,0.638841,-0.081386,0.225000,-0.335605,0.549646,-0.345740,0.158702,0.011250,0.380424,0.011250,0.431678,0,1
ideal_6d_disc_lpc,58.900000,1.561565,1.249606,2.434454,1.505304,2.256926,0.638841,-0.081386,0.225000,-0.341767,0.545836,-0.345740,0.158702,0.011250,0.380424,0.011250,0.431678,0,1
ideal_6d_disc_lpc,58.950000,1.547408,1.267094,2.417366,1.532596,2.268176,0.638841,-0.081386,0.225000,-0.347886,0.541956,-0.345740,0.158702,0.011250,0.380424,0.011250,0.431678,0,1
ideal_6d_disc_lpc,59.000000,1.533056,1.284422,2.399972,1.559694,2.279426,0.638841,-0.081386,0.225000,-0.353961,0.538008,-0.345740,0.158702,0.011250,0.380424,0.011250,0.431678,0,1
ideal_6d_disc_lpc,59.050000,1.518509,1.301587,2.382274,1.586594,2.290676,0.638841,-0.081386,0.225000,-0.359991,0.533992,-0.345740,0.158702,0.011250,0.380424,0.011250,0.431678,0,1
ideal_6d_disc_lpc,59.100000,1.503771,1.318588,2.364274,1.613294,2.301926,0.638841,-0.081386,0.225000,-0.365976,0.529909,-0.345740,0.158702,0.011250,0.380424,0.011250,0.431678,0,1
ideal_6d_disc_lpc,59.150000,1.488842,1.335422,2.345975,1.639789,2.313176,0.638841,-0.081386,0.225000,-0.371914,0.525758,-0.345740,0.158702,0.011250,0.380424,0.011250,0.431678,0,1
ideal_6d_disc_lpc,59.200000,1.473724,1.352086,2.327380,1.666077,2.324426,0.638841,-0.081386,0.225000,-0.377805,0.521541,-0.345740,0.158702,0.011250,0.380424,0.011250,0.431678,0,1
ideal_6d_disc_lpc,59.250000,1.458420,1.368580,2.308489,1.692154,2.335676,0.638841,-0.081386,0.225000,-0.383648,0.517258,-0.345740,0.158702,0.011250,0.380424,0.011250,0.431678,0,1
ideal_6d_disc_lpc,59.300000,1.442932,1.384900,2.289307,1.718017,2.346926,0.638841,-0.081386,0.225000,-0.389443,0.512909,-0.345740,0.158702,0.011250,0.380424,0.011250,0.431678,0,1
ideal_6d_disc_lpc,59.350000,1.427261,1.401045,2.269835,1.743663,2.358176,0.638841,-0.081386,0.225000,-0.395189,0.508495,-0.345740,0.158702,0.011250,0.380424,0.011250,0.431678,0,1
ideal_6d_disc_lpc,59.400000,1.411409,1.417013,2.250075,1.769087,2.369426,0.638841,-0.081386,0.225000,-0.400884,0.504017,-0.345740,0.158702,0.011250,0.380424,0.011250,0.431678,0,1
ideal_6d_disc_lpc,59.450000,1.395379,1.432801,2.230031,1.794288,2.380676,0.638841,-0.081386,0.225000,-0.406529,0.499476,-0.345740,0.158702,0.011250,0.380424,0.011250,0.431678,0,1
ideal_6d_disc_lpc,59.500000,1.379172,1.448408,2.209705,1.819262,2.391926,0.638841,-0.081386,0.225000,-0.412122,0.494871,-0.345740,0.158702,0.011250,0.380424,0.011250,0.431678,0,1
ideal_6d_disc_lpc,59.550000,1.362790,1.463832,2.189099,1.844005,2.403176,0.638841,-0.081386,0.225000,-0.417663,0.490203,-0.345740,0.158702,0.011250,0.380424,0.011250,0.431678,0,1
ideal_6d_disc_lpc,59.600000,1.346236,1.479070,2.168215,1.868516,2.414426,0.638841,-0.081386,0.225000,-0.423151,0.485473,-0.345740,0.158702,0.011250,0.380424,0.011250,0.431678,0,1
ideal_6d_disc_lpc,59.650000,1.329512,1.494121,2.147058,1.892789,2.425676,0.638841,-0.081386,0.225000,-0.428586,0.480682,-0.345740,0.158702,0.011250,0.380424,0.011250,0.431678,0,1
ideal_6d_disc_lpc,59.700000,1.312619,1.508984,2.125629,1.916823,2.436926,0.638841,-0.081386,0.225000,-0.433966,0.475830,-0.345740,0.158702,0.011250,0.380424,0.011250,0.431678,0,1
ideal_6d_disc_lpc,59.750000,1.295560,1.523655,2.103930,1.940615,2.448176,0.638841,-0.081386,0.225000,-0.439292,0.470918,-0.345740,0.158702,0.011250,0.380424,0.011250,0.431678,0,1
ideal_6d_disc_lpc,59.800000,1.278338,1.538133,2.081966,1.964161,2.459426,0.638841,-0.081386,0.225000,-0.444562,0.465947,-0.345740,0.158702,0.011250,0.380424,0.011250,0.431678,0,1
ideal_6d_disc_lpc,59.850000,1.260953,1.552417,2.059738,1.987458,2.470676,0.638841,-0.081386,0.225000,-0.449775,0.460916,-0.345740,0.158702,0.011250,0.380424,0.011250,0.431678,0,1
ideal_6d_disc_lpc,59.900000,1.243409,1.566504,2.037249,2.010504,2.481926,0.638841,-0.081386,0.225000,-0.454932,0.455827,-0.345740,0.158702,0.011250,0.380424,0.011250,0.431678,0,1
ideal_6d_disc_lpc,59.950000,1.225707,1.580393,2.014502,2.033295,2.493176,0.638841,-0.081386,0.225000,-0.460031,0.450680,-0.345740,0.158702,0.011250,0.380424,0.011250,0.431678,0,1
ideal_6d_disc_lpc,60.000000,1.207851,1.594082,1.991501,2.055829,2.504426,0.638841,-0.081386,0.225000,-0.465072,0.445476,-0.345740,0.158702,0.011250,0.380424,0.011250,0.431678,0,1
ideal_6d_disc_lpc,60.050000,1.189841,1.607569,1.968247,2.078103,2.515676,0.638841,-0.081386,0.225000,-0.470054,0.440216,-0.345740,0.158702,0.011250,0.380424,0.011250,0.431678,0,1
6d_disc_original_delay_clean,0.050000,2.000000,0.000000,4.200000,-0.400000,1.570796,0.143993,0.485380,0.061161,-0.485380,0.143993,-0.400000,-1.200000,0.000000,1.264911,0.000000,1.361295,0,1
6d_disc_original_delay_clean,0.100000,1.999873,0.022500,4.200000,-0.400000,1.570796,0.156461,0.488009,0.065318,-0.488009,0.156461,-0.447224,-1.195234,-0.011250,1.276164,0.011250,1.371804,0,1
6d_disc_original_delay_clean,0.150000,1.999494,0.044996,4.200000,-0.400000,1.570796,0.168924,0.490778,0.069474,-0.490778,0.168924,-0.494391,-1.189938,-0.022500,1.288555,0.022500,1.383476,0,1
6d_disc_original_delay_clean,0.200000,1.998861,0.067487,4.200000,-0.400000,1.570796,0.181383,0.493688,0.073630,-0.493688,0.181383,-0.541495,-1.184111,-0.033750,1.302050,0.033750,1.396281,0,1
6d_disc_original_delay_clean,0.250000,1.997975,0.089970,4.200000,-0.400000,1.570796,0.193835,0.496739,0.077787,-0.496739,0.193835,-0.588531,-1.177754,-0.045000,1.316615,0.045000,1.410186,0,1
6d_disc_original_delay_clean,0.300000,1.996837,0.112441,4.197178,-0.399163,1.571152,0.206278,0.499931,0.081943,-0.500004,0.206100,-0.634498,-1.168099,-0.055894,1.329302,0.055894,1.416236,0,1
6d_disc_original_delay_clean,0.350000,1.995445,0.134898,4.191846,-0.397515,1.571846,0.231064,0.543229,0.091147,-0.543471,0.230493,-0.679345,-1.155488,-0.066450,1.340397,0.066450,1.422888,0,1
6d_disc_original_delay_clean,0.400000,1.993802,0.157337,4.184279,-0.395083,1.572863,0.255604,0.581083,0.099975,-0.581610,0.254402,-0.723030,-1.140231,-0.076683,1.350148,0.076683,1.429761,0,1
6d_disc_original_delay_clean,0.450000,1.991905,0.179757,4.174717,-0.391892,1.574190,0.279910,0.614127,0.108463,-0.615073,0.277824,-0.765524,-1.122598,-0.086606,1.358769,0.086606,1.436605,0,1
6d_disc_original_delay_clean,0.500000,1.989757,0.202154,4.163372,-0.387967,1.575815,0.303991,0.642920,0.116641,-0.644437,0.300761,-0.806801,-1.102835,-0.096231,1.366445,0.096231,1.443266,0,1
6d_disc_original_delay_clean,0.550000,1.987357,0.224526,4.150427,-0.383329,1.577728,0.327855,0.667954,0.124536,-0.670210,0.323217,-0.846845,-1.081157,-0.105569,1.373334,0.105569,1.449659,0,1
6d_disc_original_delay_clean,0.600000,1.984705,0.246869,4.135813,-0.377931,1.579948,0.351506,0.689664,0.132172,-0.692852,0.345180,-0.885542,-1.057535,-0.114599,1.379335,0.114599,1.455873,0,1
6d_disc_original_delay_clean,0.650000,1.981803,0.269181,4.119495,-0.371734,1.582491,0.376007,0.711720,0.139987,-0.716069,0.367659,-0.922796,-1.031981,-0.123306,1.384391,0.123306,1.461875,0,1
6d_disc_original_delay_clean,0.700000,1.978649,0.291458,4.101471,-0.364709,1.585369,0.401227,0.733520,0.147909,-0.739288,0.390496,-0.958520,-1.004537,-0.131678,1.388473,0.131678,1.467618,0,1
6d_disc_original_delay_clean,0.750000,1.975245,0.313699,4.081763,-0.356834,1.588590,0.427044,0.754591,0.155880,-0.762070,0.413550,-0.992641,-0.975271,-0.139706,1.391578,0.139706,1.473054,0,1
6d_disc_original_delay_clean,0.800000,1.971591,0.335900,4.060406,-0.348094,1.592161,0.453349,0.774573,0.163848,-0.784082,0.436698,-1.025096,-0.944268,-0.147385,1.393723,0.147385,1.478133,0,1
6d_disc_original_delay_clean,0.850000,1.967687,0.358059,4.037454,-0.338481,1.596085,0.480041,0.793196,0.171775,-0.805081,0.459831,-1.055836,-0.911625,-0.154711,1.394937,0.154711,1.482805,0,1
6d_disc_original_delay_clean,0.900000,1.963535,0.380173,4.012945,-0.327984,1.600367,0.507029,0.810262,0.179625,-0.824898,0.482851,-1.084809,-0.877433,-0.161679,1.395242,0.161679,1.487097,0,1
6d_disc_original_delay_clean,0.950000,1.959134,0.402238,3.986915,-0.316595,1.605011,0.534319,0.825904,0.187407,-0.843699,0.505754,-1.111969,-0.841776,-0.168286,1.394655,0.168286,1.491023,0,1
6d_disc_original_delay_clean,1.000000,1.954485,0.424252,3.959395,-0.304305,1.610021,0.561903,0.840190,0.195121,-0.861578,0.528523,-1.137271,-0.804737,-0.174526,1.393193,0.174526,1.494592,0,1
6d_disc_original_delay_clean,1.050000,1.949588,0.446213,3.930418,-0.291110,1.615401,0.589759,0.853136,0.202761,-0.878585,0.551131,-1.160674,-0.766400,-0.180395,1.390875,0.180395,1.497807,0,1
6d_disc_original_delay_clean,1.100000,1.944445,0.468117,3.900017,-0.277004,1.621154,0.617857,0.864729,0.210318,-0.894734,0.573546,-1.182142,-0.726849,-0.185892,1.387721,0.185892,1.500663,0,1
6d_disc_original_delay_clean,1.150000,1.939056,0.489962,3.868226,-0.261987,1.627283,0.646157,0.874935,0.217783,-0.910019,0.595731,-1.201645,-0.686171,-0.191014,1.383756,0.191014,1.503153,0,1
6d_disc_original_delay_clean,1.200000,1.933421,0.511745,3.835081,-0.246057,1.633788,0.674613,0.883708,0.225141,-0.924423,0.617645,-1.219158,-0.644455,-0.195758,1.379009,0.195758,1.505277,0,1
6d_disc_original_delay_clean,1.250000,1.927542,0.533463,3.800619,-0.229218,1.640672,0.703181,0.891023,0.232384,-0.937944,0.639255,-1.234658,-0.601787,-0.200125,1.373510,0.200125,1.507041,0,1
6d_disc_original_delay_clean,1.300000,1.921418,0.555114,3.764875,-0.211473,1.647934,0.731819,0.896864,0.239502,-0.950591,0.660530,-1.248130,-0.558255,-0.204113,1.367288,0.204113,1.508453,0,1
6d_disc_original_delay_clean,1.350000,1.915052,0.576694,3.727885,-0.192827,1.655574,0.760483,0.901219,0.246486,-0.962377,0.681440,-1.259561,-0.513946,-0.207722,1.360380,0.207722,1.509523,0,1
6d_disc_original_delay_clean,1.400000,1.908443,0.598201,3.689684,-0.173286,1.663592,0.789129,0.904082,0.253330,-0.973315,0.701960,-1.268940,-0.468946,-0.210954,1.352819,0.210954,1.510262,0,1
6d_disc_original_delay_clean,1.450000,1.901593,0.619633,3.650309,-0.152860,1.671987,0.817712,0.905442,0.260026,-0.983414,0.722063,-1.276265,-0.423342,-0.213810,1.344645,0.213810,1.510681,0,1
6d_disc_original_delay_clean,1.500000,1.894502,0.640986,3.609795,-0.131558,1.680756,0.846184,0.905294,0.266566,-0.992685,0.741727,-1.281533,-0.377218,-0.216290,1.335897,0.216290,1.510793,0,1
6d_disc_original_delay_clean,1.550000,1.887171,0.662258,3.568179,-0.109390,1.689899,0.874495,0.903630,0.272943,-1.001136,0.760929,-1.284747,-0.330659,-0.218398,1.326616,0.218398,1.510610,0,1
6d_disc_original_delay_clean,1.600000,1.879601,0.683447,3.525496,-0.086370,1.699411,0.902595,0.900445,0.279150,-1.008775,0.779649,-1.285915,-0.283749,-0.220135,1.315203,0.220135,1.508712,0,1
6d_disc_original_delay_clean,1.650000,1.871794,0.704548,3.481783,-0.062510,1.709290,0.930433,0.895740,0.285180,-1.015611,0.797866,-1.285046,-0.236569,-0.221506,1.268997,0.221506,1.476955,0,1
6d_disc_original_delay_clean,1.700000,1.863749,0.725561,3.437077,-0.037826,1.719532,0.957957,0.889516,0.291028,-1.021653,0.815565,-1.282153,-0.189202,-0.222514,1.222216,0.222514,1.445513,0,1
6d_disc_original_delay_clean,1.750000,1.855469,0.746482,3.391413,-0.012332,1.730133,0.985114,0.881778,0.296687,-1.026910,0.832730,-1.277255,-0.141728,-0.223163,1.174910,0.223163,1.414469,0,1
6d_disc_original_delay_clean,1.800000,1.846954,0.767308,3.344829,0.013955,1.741089,0.223697,1.000000,0.800000,-1.023445,0.050991,-0.270371,-1.094226,-0.223458,1.127134,0.223458,1.383914,0,0
6d_disc_original_delay_clean,1.850000,1.838205,0.788038,3.297361,0.041017,1.752393,0.262005,1.000000,0.800000,-1.030875,0.077097,-0.261523,-1.046774,-0.223403,1.078948,0.223403,1.353943,0,0
6d_disc_original_delay_clean,1.900000,1.829223,0.808667,3.249045,0.068837,1.764041,0.291379,1.000000,0.800000,-1.037344,0.093912,-0.250739,-0.999448,-0.223006,1.030420,0.223006,1.324656,0,0
6d_disc_original_delay_clean,1.950000,1.820010,0.829194,3.199920,0.097396,1.776026,0.311511,1.000000,0.800000,-1.042498,0.101181,-0.238047,-0.952323,-0.222270,0.981624,0.222270,1.296157,0,0
6d_disc_original_delay_clean,2.000000,1.810567,0.849616,3.150020,0.126674,1.788343,0.322108,1.000000,0.800000,-1.045952,0.098681,-0.223479,-0.905473,-0.221203,0.932644,0.221203,1.268557,0,0
6d_disc_original_delay_clean,2.050000,1.800894,0.869931,3.099651,0.152017,1.803879,0.322898,1.000000,0.800000,-1.047541,0.083189,-0.211358,-0.857194,-0.216918,0.882866,0.216918,1.229912,0,0
6d_disc_original_delay_clean,2.100000,1.790994,0.890136,3.048787,0.173859,1.822259,0.363279,1.000000,0.800000,-1.058941,0.103032,-0.201226,-0.807558,-0.209787,0.832251,0.209787,1.199002,0,0
6d_disc_original_delay_clean,2.150000,1.780867,0.910228,2.997437,0.192526,1.843154,0.426893,1.000000,0.800000,-1.077975,0.142155,-0.192744,-0.756639,-0.200143,0.780803,0.200143,1.173802,0,0
6d_disc_original_delay_clean,2.200000,1.770514,0.930204,2.945637,0.208251,1.866269,0.507861,1.000000,0.800000,-1.104550,0.194660,-0.185667,-0.704504,-0.188277,0.728559,0.188277,1.152936,0,0
6d_disc_original_delay_clean,2.250000,1.759937,0.950063,2.893444,0.221184,1.891349,0.601339,1.000000,0.800000,-1.138538,0.255617,-0.179842,-0.651210,-0.174448,0.675587,0.174448,1.135531,0,0
6d_disc_original_delay_clean,2.300000,1.749138,0.969802,2.840938,0.231403,1.918163,0.703393,1.000000,0.800000,-1.179723,0.320958,-0.175196,-0.596804,-0.158884,0.621988,0.158884,1.121097,0,0
6d_disc_original_delay_clean,2.350000,1.738117,0.989418,2.788127,0.239193,1.946510,0.810882,1.000000,0.800000,-1.227788,0.387383,-0.171439,-0.541377,-0.141786,0.567873,0.141786,1.109711,0,0
6d_disc_original_delay_clean,2.400000,1.726877,1.008909,2.734961,0.244927,1.976213,0.922092,1.000000,0.800000,-1.282613,0.452944,-0.168184,-0.485025,-0.123334,0.513356,0.123334,1.101188,0,0
6d_disc_original_delay_clean,2.450000,1.715417,1.028272,2.681340,0.249017,2.007112,1.000000,1.000000,0.800000,-1.328918,0.483711,-0.164989,-0.427837,-0.103684,0.458548,0.103684,1.095459,0,0
6d_disc_original_delay_clean,2.500000,1.703741,1.047505,2.627118,0.251878,2.039070,1.000000,1.000000,0.800000,-1.343695,0.441002,-0.161392,-0.369886,-0.082976,0.403563,0.082976,1.092701,0,0
6d_disc_original_delay_clean,2.550000,1.691849,1.066605,2.572111,0.253898,2.071963,1.000000,1.000000,0.800000,-1.357472,0.396573,-0.156935,-0.311217,-0.061333,0.348546,0.061333,1.093372,0,0
6d_disc_original_delay_clean,2.600000,1.679743,1.085571,2.516104,0.255426,2.105683,1.000000,1.000000,0.745894,-1.370070,0.350583,-0.151180,-0.251845,-0.038864,0.293737,0.038864,1.098171,0,0
6d_disc_original_delay_clean,2.650000,1.667424,1.104399,2.458857,0.256755,2.140132,1.000000,1.000000,0.556889,-1.381332,0.303186,-0.143720,-0.191759,-0.015664,0.239639,0.015664,1.107962,0,0
6d_disc_original_delay_clean,2.700000,1.654894,1.123087,2.400225,0.257949,2.175228,1.000000,1.000000,0.291045,-1.391120,0.254531,-0.134392,-0.130909,0.008181,0.187613,0.008181,1.122949,0,0
6d_disc_original_delay_clean,2.750000,1.642155,1.141633,2.340318,0.258665,2.210893,1.000000,1.000000,-0.082181,-1.399311,0.204765,-0.123508,-0.069233,0.032597,0.141589,0.032597,1.141664,0,0
6d_disc_original_delay_clean,2.800000,1.629208,1.160035,2.279253,0.258600,2.247062,1.000000,0.354407,-0.563472,-0.902293,0.558097,-0.111349,-0.006681,0.057516,0.111550,0.057516,1.163817,0,0
6d_disc_original_delay_clean,2.850000,1.616055,1.178290,2.217152,0.257487,2.283363,1.000000,-0.755689,-0.800000,-0.081958,1.250739,-0.098167,0.056783,0.082566,0.113406,0.082566,1.186403,0,0
6d_disc_original_delay_clean,2.900000,1.602697,1.196395,2.154144,0.255111,2.318680,1.000000,-1.000000,-0.800000,0.053041,1.413219,-0.084171,0.121173,0.106634,0.147539,0.106634,1.202844,0,0
6d_disc_original_delay_clean,2.950000,1.589137,1.214349,2.090354,0.251354,2.351582,1.000000,-1.000000,-0.800000,0.006522,1.414199,-0.069492,0.186454,0.128286,0.198983,0.128286,1.211459,0,0
6d_disc_original_delay_clean,3.000000,1.575375,1.232150,2.025900,0.246220,2.380181,1.000000,-1.000000,-0.800000,-0.033919,1.413807,-0.054162,0.252534,0.145635,0.258277,0.145635,1.212089,0,0
6d_disc_original_delay_clean,3.050000,1.561414,1.249795,1.963463,0.242575,2.402179,0.868084,-1.000000,-0.800000,0.032460,1.323826,-0.037583,0.315526,0.156382,0.317756,0.156382,1.143701,0,0
6d_disc_original_delay_clean,3.100000,1.547255,1.267281,1.907036,0.245306,2.416967,0.635505,-1.000000,-0.800000,0.187022,1.169995,-0.018600,0.369229,0.159921,0.369697,0.159921,0.987924,0,0
6d_disc_original_delay_clean,3.150000,1.532901,1.284607,1.856640,0.255188,2.425385,0.441164,-1.000000,-0.800000,0.323759,1.043938,0.003062,0.413069,0.157089,0.413081,0.157089,0.861342,0,0
6d_disc_original_delay_clean,3.200000,1.518352,1.301771,1.811464,0.271749,2.428173,0.266917,-1.000000,-0.800000,0.452600,0.930805,0.027250,0.447903,0.148626,0.448731,0.148626,0.791359,0,0
6d_disc_original_delay_clean,3.250000,1.503611,1.318769,1.770909,0.294473,2.425985,0.110336,-1.000000,-0.705678,0.572806,0.827083,0.053676,0.474450,0.135189,0.477476,0.135189,0.771985,0,0
6d_disc_original_delay_clean,3.300000,1.488680,1.335601,1.735119,0.322332,2.419401,-0.031390,-1.000000,-0.574545,0.684585,0.729609,0.081211,0.493228,0.117354,0.499869,0.117354,0.782166,0,0
6d_disc_original_delay_clean,3.350000,1.473561,1.352264,1.704724,0.353965,2.408931,-0.154598,-1.000000,-0.428817,0.783778,0.639994,0.108176,0.504666,0.095634,0.516129,0.095634,0.804329,0,0
6d_disc_original_delay_clean,3.400000,1.458255,1.368756,1.680140,0.388236,2.395027,-0.253957,-1.000000,-0.268319,0.865533,0.561558,0.133223,0.509263,0.070481,0.526401,0.070481,0.835486,0,0
6d_disc_original_delay_clean,3.450000,1.442765,1.385074,1.661647,0.424143,2.378089,-0.327262,-1.000000,-0.091139,0.927877,0.496130,0.155218,0.507583,0.042293,0.530785,0.042293,0.873620,0,0
6d_disc_original_delay_clean,3.500000,1.427092,1.401217,1.649400,0.460791,2.359018,-0.371798,-1.000000,0.104752,0.968750,0.446942,0.173212,0.500243,0.011971,0.529382,0.011971,0.910301,0,0
6d_disc_original_delay_clean,3.550000,1.411238,1.417183,1.643426,0.497372,2.338823,-0.387066,-1.000000,0.316244,0.988184,0.416308,0.186437,0.487934,-0.019473,0.522339,0.019473,0.942303,0,0
6d_disc_original_delay_clean,3.600000,1.395206,1.432969,1.643607,0.533192,2.318484,-0.372786,-1.000000,0.540395,0.986737,0.406595,0.194337,0.471391,-0.051062,0.509879,0.051062,0.969305,0,0
6d_disc_original_delay_clean,3.650000,1.378997,1.448574,1.649678,0.567707,2.298950,-0.328705,-1.000000,0.774222,0.965155,0.420146,0.196593,0.451367,-0.081846,0.492322,0.081846,0.991470,0,0
6d_disc_original_delay_clean,3.700000,1.362613,1.463996,1.661243,0.600548,2.281158,-0.255053,-1.000000,0.800000,0.924448,0.458745,0.193131,0.428584,-0.110889,0.470089,0.110889,1.008947,0,0
6d_disc_original_delay_clean,3.750000,1.346058,1.479233,1.677796,0.631536,2.266043,-0.152713,-1.000000,0.800000,0.865720,0.523307,0.184117,0.403701,-0.137253,0.443704,0.137253,1.021856,0,0
6d_disc_original_delay_clean,3.800000,1.329331,1.494282,1.698742,0.660692,2.254525,-0.023380,-1.000000,0.800000,0.789992,0.613563,0.169940,0.377274,-0.160022,0.413782,0.160022,1.030775,0,0
6d_disc_original_delay_clean,3.850000,1.312437,1.509142,1.723424,0.688236,2.247487,0.130643,-1.000000,0.800000,0.697839,0.728072,0.151188,0.349734,-0.178309,0.381014,0.178309,1.036806,0,0
6d_disc_original_delay_clean,3.900000,1.295376,1.523811,1.751137,0.714574,2.245770,0.306603,-1.000000,0.800000,0.589135,0.864248,0.128621,0.321372,-0.191277,0.346155,0.191277,1.041643,0,0
6d_disc_original_delay_clean,3.950000,1.278152,1.538287,1.781132,0.740282,2.248903,0.501512,-1.000000,0.800000,0.464154,1.017878,0.103150,0.292338,-0.199394,0.310002,0.199394,1.051823,0,0
6d_disc_original_delay_clean,4.000000,1.260766,1.552569,1.812654,0.766040,2.256323,0.715258,-1.000000,0.800000,0.321270,1.186752,0.075764,0.262669,-0.203224,0.273377,0.203224,1.063051,0,0
6d_disc_original_delay_clean,4.050000,1.243220,1.566654,1.844927,0.792584,2.267531,0.946345,-1.000000,0.800000,0.159656,1.367508,0.047498,0.232322,-0.203265,0.237128,0.203265,1.071584,0,0
6d_disc_original_delay_clean,4.100000,1.225517,1.580541,1.877154,0.820674,2.282087,1.000000,-1.000000,0.800000,0.104707,1.410332,0.019416,0.201204,-0.199959,0.202139,0.199959,1.075342,0,0
6d_disc_original_delay_clean,4.150000,1.207659,1.594227,1.908510,0.851055,2.299602,1.000000,-1.000000,0.800000,0.079991,1.411950,-0.007407,0.169199,-0.193694,0.169361,0.193694,1.073752,0,0
6d_disc_original_delay_clean,4.200000,1.189647,1.607712,1.938140,0.884431,2.319732,1.000000,-1.000000,0.800000,0.051555,1.413274,-0.031905,0.136193,-0.184815,0.139880,0.184815,1.067616,0,0
6d_disc_original_delay_clean,4.250000,1.171486,1.620994,1.965153,0.921452,2.342172,1.000000,-1.000000,0.800000,0.019831,1.414075,-0.053017,0.102092,-0.173625,0.115037,0.173625,1.058924,0,0
6d_disc_original_delay_clean,4.300000,1.153176,1.634070,1.988618,0.962693,2.366653,1.000000,-0.943571,0.800000,-0.054272,1.373820,-0.069694,0.066833,-0.160393,0.096560,0.160393,1.050918,0,0
6d_disc_original_delay_clean,4.350000,1.134720,1.646940,2.008370,1.007857,2.392940,1.000000,-0.427523,0.800000,-0.441611,0.993859,-0.082015,0.030591,-0.145357,0.087534,0.145357,1.049949,0,0
6d_disc_original_delay_clean,4.400000,1.116120,1.659601,2.024468,1.056431,2.420820,1.000000,0.148961,0.800000,-0.849606,0.548051,-0.090352,-0.006402,-0.128726,0.090579,0.128726,1.055093,0,0
6d_disc_original_delay_clean,4.450000,1.097380,1.672052,2.036961,1.107942,2.450111,1.000000,0.764799,0.800000,-1.257998,0.048554,-0.095036,-0.043928,-0.110686,0.104697,0.110686,1.064305,0,0
6d_disc_original_delay_clean,4.500000,1.078500,1.684291,2.045892,1.161953,2.480646,1.000000,1.000000,0.800000,-1.403276,-0.175547,-0.096357,-0.081781,-0.091400,0.126383,0.091400,1.076125,0,0
6d_disc_original_delay_clean,4.550000,1.059484,1.696318,2.051102,1.217801,2.512282,1.000000,1.000000,0.800000,-1.397021,-0.219846,-0.094540,-0.119444,-0.071014,0.152331,0.071014,1.083589,0,0
6d_disc_original_delay_clean,4.600000,1.040334,1.708129,2.050906,1.272709,2.544890,1.000000,1.000000,0.800000,-1.389111,-0.265275,-0.089585,-0.153789,-0.049656,0.177979,0.049656,1.039591,0,0
6d_disc_original_delay_clean,4.650000,1.021052,1.719725,2.043854,1.323750,2.578358,1.000000,1.000000,0.800000,-1.379456,-0.311609,-0.081624,-0.181684,-0.027438,0.199177,0.027438,0.948813,0,0
6d_disc_original_delay_clean,4.700000,1.001641,1.731102,2.028827,1.367968,2.612586,1.000000,1.000000,0.474242,-1.367985,-0.358633,-0.070948,-0.200124,-0.004460,0.212328,0.004460,0.824553,0,0
6d_disc_original_delay_clean,4.750000,0.982103,1.742261,2.006264,1.404481,2.647485,1.000000,1.000000,0.124659,-1.354639,-0.406145,-0.058045,-0.208666,0.019188,0.216588,0.019188,0.721990,0,0
6d_disc_original_delay_clean,4.800000,0.962441,1.753199,1.977335,1.433672,2.682976,1.000000,1.000000,-0.261135,-1.339374,-0.453958,-0.043419,-0.208291,0.043430,0.212768,0.043430,0.666335,0,0
6d_disc_original_delay_clean,4.850000,0.942657,1.763916,1.943084,1.455906,2.718993,1.000000,1.000000,-0.693309,-1.322159,-0.501892,-0.027508,-0.199879,0.068196,0.201763,0.068196,0.652728,0,0
6d_disc_original_delay_clean,4.900000,0.922753,1.774409,1.904441,1.471534,2.755472,0.950361,1.000000,-0.800000,-1.256990,-0.568473,-0.010696,-0.184216,0.093426,0.184527,0.093426,0.671636,0,0
6d_disc_original_delay_clean,4.950000,0.902733,1.784677,1.862234,1.480894,2.790467,0.742460,1.000000,-0.800000,-1.041115,-0.683613,0.006683,-0.162009,0.117170,0.162147,0.117170,0.684743,0,0
6d_disc_original_delay_clean,5.000000,0.882599,1.794720,1.817210,1.484396,2.822117,0.484399,1.000000,-0.800000,-0.773957,-0.797266,0.024372,-0.133971,0.137571,0.136170,0.137571,0.690690,0,0
6d_disc_original_delay_clean,5.050000,0.862353,1.804535,1.769997,1.482536,2.848569,0.166893,1.000000,-0.800000,-0.448627,-0.909168,0.042224,-0.100826,0.152773,0.109310,0.152773,0.694002,0,0
6d_disc_original_delay_clean,5.100000,0.841998,1.814122,1.721087,1.475903,2.867914,-0.206794,1.000000,-0.800000,-0.071177,-1.018674,0.060222,-0.063310,0.160868,0.087378,0.160868,0.705563,0,0
6d_disc_original_delay_clean,5.150000,0.821536,1.823480,1.671095,1.465102,2.880359,-0.617987,1.000000,-0.800000,0.338748,-1.125681,0.078214,-0.022224,0.162062,0.081310,0.162062,0.740673,0,0
6d_disc_original_delay_clean,5.200000,0.800970,1.832606,1.621366,1.450506,2.886705,-0.997170,0.218363,-0.800000,0.909896,-0.462731,0.095244,0.021564,0.157159,0.097654,0.157159,0.780766,0,0
6d_disc_original_delay_clean,5.250000,0.780303,1.841501,1.573310,1.432412,2.887662,-1.000000,-0.653198,-0.800000,1.132023,0.381042,0.110231,0.067276,0.146866,0.129140,0.146866,0.817939,0,0
6d_disc_original_delay_clean,5.300000,0.759538,1.850163,1.528459,1.410998,2.883857,-1.000000,-1.000000,-0.800000,1.221861,0.712078,0.121904,0.114251,0.131811,0.167074,0.131811,0.850624,0,0
6d_disc_original_delay_clean,5.350000,0.738676,1.858590,1.488431,1.386297,2.875843,-1.000000,-1.000000,-0.800000,1.227528,0.702264,0.128820,0.161987,0.112547,0.206964,0.112547,0.883527,0,0
6d_disc_original_delay_clean,5.400000,0.717720,1.866783,1.454825,1.358198,2.864110,-1.000000,-1.000000,-0.800000,1.235683,0.687813,0.129482,0.210191,0.089564,0.246872,0.089564,0.926904,0,0
6d_disc_original_delay_clean,5.450000,0.696674,1.874739,1.430064,1.330908,2.849090,-0.864511,-1.000000,-0.458892,1.116141,0.708244,0.123106,0.254303,0.063294,0.282534,0.063294,0.921753,0,0
6d_disc_original_delay_clean,5.500000,0.675539,1.882458,1.414485,1.309082,2.831165,-0.542537,-1.000000,-0.093848,0.822071,0.786477,0.110814,0.290084,0.034119,0.310529,0.034119,0.888051,0,0
6d_disc_original_delay_clean,5.550000,0.654319,1.889938,1.407686,1.293805,2.810674,-0.203021,-1.000000,0.246689,0.516918,0.879780,0.093061,0.316857,0.002378,0.330240,0.002378,0.891410,0,0
6d_disc_original_delay_clean,5.600000,0.633017,1.897179,1.408790,1.284039,2.787914,0.172450,-1.000000,0.580696,0.184575,0.997833,0.070046,0.336080,-0.031632,0.343302,0.031632,0.945239,0,0
6d_disc_original_delay_clean,5.650000,0.611634,1.904181,1.417036,1.278829,2.763149,0.577991,-1.000000,0.800000,-0.167619,1.142794,0.041941,0.349086,-0.067647,0.351596,0.067647,1.027834,0,0
6d_disc_original_delay_clean,5.700000,0.590174,1.910941,1.431026,1.277591,2.738596,0.996179,-1.000000,0.800000,-0.524199,1.310568,0.009697,0.357022,-0.103450,0.357154,0.103450,1.086652,0,0
6d_disc_original_delay_clean,5.750000,0.568639,1.917459,1.448541,1.280306,2.716353,1.000000,-1.000000,0.800000,-0.498400,1.323479,-0.024743,0.360685,-0.136944,0.361533,0.136944,1.103476,0,0
6d_disc_original_delay_clean,5.800000,0.547032,1.923735,1.467542,1.287169,2.698130,1.000000,-1.000000,0.800000,-0.474201,1.332341,-0.059520,0.360519,-0.166417,0.365399,0.166417,1.083254,0,0
6d_disc_original_delay_clean,5.850000,0.525355,1.929767,1.486030,1.298608,2.685402,1.000000,-1.000000,0.800000,-0.457205,1.338269,-0.092731,0.356647,-0.190395,0.368505,0.190395,1.031615,0,0
6d_disc_original_delay_clean,5.900000,0.503613,1.935555,1.502040,1.315209,2.678805,1.000000,-1.000000,0.800000,-0.448367,1.341256,-0.122463,0.348947,-0.208241,0.369812,0.208241,0.963759,0,0
6d_disc_original_delay_clean,5.950000,0.481806,1.941098,1.513699,1.337574,2.677627,1.000000,-1.000000,0.800000,-0.446786,1.341783,-0.146893,0.337164,-0.220670,0.367773,0.220670,0.899937,0,0
6d_disc_original_delay_clean,6.000000,0.459939,1.946396,1.521427,1.365127,2.681236,1.000000,-1.000000,0.800000,-0.451627,1.340162,-0.166712,0.321580,-0.228310,0.362224,0.228310,0.869603,0,0
6d_disc_original_delay_clean,6.050000,0.438013,1.951447,1.525543,1.397292,2.689077,1.000000,-1.000000,0.800000,-0.462121,1.336579,-0.182492,0.302525,-0.231719,0.353305,0.231719,0.864420,0,0
6d_disc_original_delay_clean,6.100000,0.416032,1.956251,1.526271,1.433516,2.700658,1.000000,-1.000000,0.800000,-0.477568,1.331138,-0.194689,0.280353,-0.231388,0.341324,0.231388,0.876031,0,0
6d_disc_original_delay_clean,6.150000,0.393999,1.960807,1.523766,1.473272,2.715543,1.000000,-1.000000,0.800000,-0.497329,1.323882,-0.203672,0.255418,-0.227753,0.326682,0.227753,0.897578,0,0
6d_disc_original_delay_clean,6.200000,0.371915,1.965116,1.518139,1.516065,2.733349,1.000000,-1.000000,0.800000,-0.520821,1.314818,-0.209736,0.228069,-0.221198,0.309846,0.221198,0.924086,0,0
6d_disc_original_delay_clean,6.250000,0.349784,1.969175,1.509466,1.561432,2.753735,1.000000,-1.000000,0.800000,-0.547515,1.303928,-0.213119,0.198639,-0.212062,0.291337,0.212062,0.952257,0,0
6d_disc_original_delay_clean,6.300000,0.327610,1.972986,1.497802,1.608941,2.776402,1.000000,-1.000000,0.800000,-0.576928,1.291183,-0.214018,0.167444,-0.200645,0.271738,0.200645,0.980067,0,0
6d_disc_original_delay_clean,6.350000,0.305393,1.976546,1.483191,1.658187,2.801084,1.000000,-0.898800,0.800000,-0.642416,1.181162,-0.212598,0.134780,-0.187212,0.251721,0.187212,1.006374,0,0
6d_disc_original_delay_clean,6.400000,0.283138,1.979857,1.465671,1.708798,2.827548,1.000000,-0.638964,0.800000,-0.753710,0.916622,-0.208996,0.100919,-0.171999,0.232086,0.171999,1.030623,0,0
6d_disc_original_delay_clean,6.450000,0.260847,1.982917,1.445276,1.760423,2.855585,1.000000,-0.346055,0.800000,-0.861747,0.614122,-0.203330,0.066116,-0.155211,0.213809,0.155211,1.052628,0,0
6d_disc_original_delay_clean,6.500000,0.238524,1.985726,1.422043,1.812740,2.885014,1.000000,-0.013163,0.800000,-0.963923,0.266505,-0.195703,0.030602,-0.137033,0.198081,0.137033,1.072433,0,0
6d_disc_original_delay_clean,6.550000,0.216170,1.988283,1.396012,1.865449,2.915671,1.000000,0.364954,0.800000,-1.056339,-0.131675,-0.186207,-0.005409,-0.117625,0.186286,0.117625,1.090222,0,0
6d_disc_original_delay_clean,6.600000,0.193788,1.990589,1.367095,1.917697,2.947415,1.000000,0.788917,0.800000,-1.133436,-0.581131,-0.174849,-0.041137,-0.097131,0.179623,0.097131,1.096192,0,0
6d_disc_original_delay_clean,6.650000,0.171382,1.992644,1.335101,1.967803,2.980119,1.000000,1.000000,0.800000,-1.147764,-0.826219,-0.161567,-0.074971,-0.075677,0.178113,0.075677,1.076686,0,0
6d_disc_original_delay_clean,6.700000,0.148955,1.994445,1.299979,2.014054,3.013672,1.000000,1.000000,0.800000,-1.119402,-0.864257,-0.146367,-0.105279,-0.053375,0.180297,0.053375,1.033242,0,0
6d_disc_original_delay_clean,6.750000,0.126508,1.995995,1.261830,2.054681,3.047974,1.000000,1.000000,0.800000,-1.089103,-0.902139,-0.129336,-0.130382,-0.030322,0.183650,0.030322,0.968183,0,0
6d_disc_original_delay_clean,6.800000,0.104046,1.997292,1.220919,2.087837,3.082939,1.000000,1.000000,0.512953,-1.056901,-0.939660,-0.110651,-0.148526,-0.006608,0.185212,0.006608,0.886310,0,0
6d_disc_original_delay_clean,6.850000,0.081570,1.998336,1.177690,2.111618,3.118489,1.000000,1.000000,0.135930,-1.022835,-0.976631,-0.090588,-0.157893,0.017692,0.182034,0.017692,0.798347,0,0
6d_disc_original_delay_clean,6.900000,0.059084,1.999127,1.132819,2.125585,-3.128629,1.000000,1.000000,-0.305631,-0.986953,-1.012879,-0.069530,-0.158123,0.042510,0.172735,0.042510,0.735860,0,0
6d_disc_original_delay_clean,6.950000,0.036591,1.999665,1.087007,2.130601,-3.092104,1.000000,1.000000,-0.800000,-0.949307,-1.048244,-0.047845,-0.150131,0.067785,0.157571,0.067785,0.713216,0,0
6d_disc_original_delay_clean,7.000000,0.014093,1.999950,1.040868,2.127458,-3.055175,1.000000,1.000000,-0.800000,-0.909958,-1.082578,-0.025852,-0.134739,0.093464,0.137197,0.093464,0.722550,0,0
6d_disc_original_delay_clean,7.050000,-0.008407,1.999982,0.994935,2.116883,-3.019558,1.000000,1.000000,-0.800000,-0.870831,-1.114295,-0.003824,-0.112682,0.117831,0.112746,0.117831,0.731353,0,0
6d_disc_original_delay_clean,7.100000,-0.030906,1.999761,0.949637,2.099619,-2.987292,0.604088,1.000000,-0.800000,-0.443222,-1.080961,0.018030,-0.084694,0.138847,0.086592,0.138847,0.732037,0,0
6d_disc_original_delay_clean,7.150000,-0.053401,1.999287,0.905269,2.076441,-2.960555,0.145920,1.000000,-0.800000,0.036515,-1.009930,0.039612,-0.051530,0.154334,0.064995,0.154334,0.728132,0,0
6d_disc_original_delay_clean,7.200000,-0.075889,1.998560,0.861949,2.048152,-2.941578,-0.313927,0.950324,-0.800000,0.496482,-0.869006,0.060955,-0.013970,0.162061,0.062536,0.162061,0.733511,0,0
6d_disc_original_delay_clean,7.250000,-0.098368,1.997579,0.819605,2.015576,-2.929459,-0.738142,0.111811,-0.800000,0.745137,0.046108,0.082253,0.027174,0.162930,0.086626,0.162930,0.771434,0,0
6d_disc_original_delay_clean,7.300000,-0.120834,1.996346,0.778077,1.979430,-2.923400,-1.000000,-0.680341,-0.800000,0.829020,0.880676,0.103754,0.071195,0.157739,0.125831,0.157739,0.827457,0,0
6d_disc_original_delay_clean,7.350000,-0.143284,1.994861,0.739401,1.940828,-2.922697,-1.000000,-1.000000,-0.800000,0.758986,1.193290,0.123454,0.117131,0.147192,0.170178,0.147192,0.865028,0,0
6d_disc_original_delay_clean,7.400000,-0.165717,1.993123,0.705681,1.900832,-2.926726,-1.000000,-1.000000,-0.800000,0.763788,1.190222,0.139245,0.164176,0.131913,0.215274,0.131913,0.887201,0,0
6d_disc_original_delay_clean,7.450000,-0.188129,1.991132,0.678701,1.860598,-2.934939,-1.000000,-1.000000,-0.800000,0.773537,1.183909,0.149292,0.211494,0.112450,0.258878,0.112450,0.902898,0,0
6d_disc_original_delay_clean,7.500000,-0.210517,1.988890,0.658901,1.825483,-2.946847,-1.000000,-1.000000,-0.719101,0.787580,1.174614,0.152612,0.254012,0.089292,0.296332,0.089292,0.857253,0,0
6d_disc_original_delay_clean,7.550000,-0.232878,1.986396,0.645973,1.799668,-2.962022,-0.977868,-1.000000,-0.388899,0.783537,1.158574,0.148870,0.287790,0.062867,0.324014,0.062867,0.795227,0,0
6d_disc_original_delay_clean,7.600000,-0.255210,1.983650,0.638885,1.783790,-2.980084,-0.743362,-1.000000,-0.075242,0.572881,1.106524,0.138717,0.312317,0.033555,0.341738,0.033555,0.785635,0,0
6d_disc_original_delay_clean,7.650000,-0.277509,1.980654,0.637173,1.776546,-3.000697,-0.454717,-1.000000,0.244471,0.309780,1.053947,0.122487,0.329049,0.001692,0.351107,0.001692,0.838363,0,0
6d_disc_original_delay_clean,7.700000,-0.299773,1.977406,0.640468,1.776750,-3.023564,-0.109228,-1.000000,0.572682,-0.009287,1.005905,0.100456,0.339319,-0.032425,0.353877,0.032425,0.926166,0,0
6d_disc_original_delay_clean,7.750000,-0.322000,1.973909,0.648472,1.783322,-3.047953,0.283839,-1.000000,0.800000,-0.376099,0.969079,0.072873,0.344346,-0.068064,0.351973,0.068064,1.022470,0,0
6d_disc_original_delay_clean,7.800000,-0.344185,1.970162,0.660802,1.795276,-3.071766,0.709127,-1.000000,0.800000,-0.777169,0.948088,0.040103,0.345228,-0.103127,0.347549,0.103127,1.096996,0,0
6d_disc_original_delay_clean,7.850000,-0.366327,1.966165,0.675852,1.811678,-3.093249,1.000000,-1.000000,0.800000,-1.047157,0.950507,0.003748,0.342763,-0.135860,0.342783,0.135860,1.136105,0,0
6d_disc_original_delay_clean,7.900000,-0.388423,1.961919,0.691820,1.831819,-3.110812,1.000000,-1.000000,0.800000,-1.030302,0.968750,-0.034409,0.337419,-0.164673,0.339169,0.164673,1.139544,0,0
6d_disc_original_delay_clean,7.950000,-0.410470,1.957426,0.706698,1.855199,-3.123003,1.000000,-1.000000,0.800000,-1.018416,0.981239,-0.072406,0.329333,-0.188114,0.337198,0.188114,1.109662,0,0
6d_disc_original_delay_clean,8.000000,-0.432464,1.952684,0.718339,1.881480,-3.129126,1.000000,-1.000000,0.800000,-1.012389,0.987456,-0.108181,0.318360,-0.205487,0.336238,0.205487,1.057541,0,0
6d_disc_original_delay_clean,8.050000,-0.454404,1.947695,0.724573,1.910404,-3.129885,1.000000,-1.000000,0.800000,-1.011639,0.988224,-0.139671,0.304182,-0.217496,0.334716,0.217496,0.998821,0,0
6d_disc_original_delay_clean,8.100000,-0.476287,1.942460,0.724219,1.941706,-3.125905,1.000000,-1.000000,0.800000,-1.015564,0.984190,-0.165788,0.286625,-0.224766,0.331119,0.224766,0.949524,0,0
6d_disc_original_delay_clean,8.150000,-0.498109,1.936979,0.717893,1.975089,-3.117737,1.000000,-1.000000,0.800000,-1.023569,0.975862,-0.187176,0.265942,-0.227848,0.325207,0.227848,0.927430,0,0
6d_disc_original_delay_clean,8.200000,-0.519868,1.931253,0.706110,2.010217,-3.105867,1.000000,-1.000000,0.800000,-1.035080,0.963644,-0.204362,0.242424,-0.227228,0.317069,0.227228,0.924989,0,0
6d_disc_original_delay_clean,8.250000,-0.541561,1.925282,0.689312,2.046737,-3.090726,1.000000,-1.000000,0.800000,-1.049551,0.947862,-0.217776,0.216379,-0.223337,0.306996,0.223337,0.935502,0,0
6d_disc_original_delay_clean,8.300000,-0.563186,1.919068,0.667878,2.084293,-3.072695,1.000000,-1.000000,0.800000,-1.066471,0.928784,-0.227774,0.188120,-0.216556,0.295415,0.216556,0.953700,0,0
6d_disc_original_delay_clean,8.350000,-0.584739,1.912611,0.642141,2.122535,-3.052109,1.000000,-0.970335,0.800000,-1.082712,0.877089,-0.234647,0.157951,-0.207220,0.282856,0.207220,0.975804,0,0
6d_disc_original_delay_clean,8.400000,-0.606218,1.905912,0.612395,2.161126,-3.029266,1.000000,-0.718120,0.800000,-1.074192,0.601503,-0.238642,0.126165,-0.195627,0.269940,0.195627,0.999299,0,0
6d_disc_original_delay_clean,8.450000,-0.627621,1.898971,0.578907,2.199746,-3.004428,1.000000,-0.449629,0.800000,-1.052088,0.308670,-0.239967,0.093040,-0.182039,0.257373,0.182039,1.022619,0,0
6d_disc_original_delay_clean,8.500000,-0.648944,1.891790,0.541920,2.238094,-2.977826,1.000000,-0.160734,0.800000,-1.012826,-0.004451,-0.238799,0.058835,-0.166687,0.245940,0.166687,1.044865,0,0
6d_disc_original_delay_clean,8.550000,-0.670186,1.884370,0.501660,2.275890,-2.949667,1.000000,0.151847,0.800000,-0.952674,-0.339809,-0.235291,0.023793,-0.149778,0.236491,0.149778,1.065588,0,0
6d_disc_original_delay_clean,8.600000,-0.691342,1.876712,0.458372,2.312705,-2.920131,1.000000,0.489600,0.800000,-0.868034,-0.697299,-0.229551,-0.011695,-0.131492,0.229848,0.131492,1.081606,0,0
6d_disc_original_delay_clean,8.650000,-0.712411,1.868815,0.412584,2.346892,-2.889378,1.000000,0.848533,0.800000,-0.756612,-1.071236,-0.221497,-0.045989,-0.111989,0.226221,0.111989,1.071019,0,0
6d_disc_original_delay_clean,8.700000,-0.733389,1.860683,0.364928,2.376925,-2.857550,1.000000,1.000000,0.800000,-0.679692,-1.240169,-0.211113,-0.077534,-0.091411,0.224901,0.091411,1.036592,0,0
6d_disc_original_delay_clean,8.750000,-0.754275,1.852315,0.316147,2.401380,-2.824772,1.000000,1.000000,0.800000,-0.638684,-1.261778,-0.198453,-0.104825,-0.069883,0.224437,0.069883,0.981386,0,0
6d_disc_original_delay_clean,8.800000,-0.775065,1.843712,0.267104,2.418917,-2.791154,1.000000,1.000000,0.800000,-0.595912,-1.282532,-0.183641,-0.126381,-0.047515,0.222927,0.047515,0.909584,0,0
6d_disc_original_delay_clean,8.850000,-0.795758,1.834876,0.218784,2.428280,-2.756794,1.000000,1.000000,0.716770,-0.551501,-1.302247,-0.166882,-0.140747,-0.024405,0.218310,0.024405,0.828082,0,0
6d_disc_original_delay_clean,8.900000,-0.816349,1.825808,0.172287,2.428327,-2.721778,1.000000,1.000000,0.413115,-0.505573,-1.320756,-0.148463,-0.146506,-0.000639,0.208579,0.000639,0.749341,0,0
6d_disc_original_delay_clean,8.950000,-0.836838,1.816508,0.128280,2.419252,-2.686183,1.000000,1.000000,0.050788,-0.458250,-1.337911,-0.128771,-0.143621,0.023706,0.192896,0.023706,0.700796,0,0
6d_disc_original_delay_clean,9.000000,-0.857220,1.806979,0.087036,2.402074,-2.650075,1.000000,1.000000,-0.393208,-0.409653,-1.353582,-0.108189,-0.132944,0.048564,0.171403,0.048564,0.689711,0,0
6d_disc_original_delay_clean,9.050000,-0.877494,1.797221,0.048779,2.377718,-2.613515,1.000000,1.000000,-0.800000,-0.359903,-1.367651,-0.087049,-0.115241,0.073874,0.144423,0.073874,0.707485,0,0
6d_disc_original_delay_clean,9.100000,-0.897657,1.787236,0.013686,2.347021,-2.577038,1.000000,1.000000,-0.800000,-0.309788,-1.379866,-0.065640,-0.091198,0.099101,0.112364,0.099101,0.738068,0,0
6d_disc_original_delay_clean,9.150000,-0.917706,1.777025,-0.018117,2.310759,-2.542402,1.000000,1.000000,-0.800000,-0.261818,-1.389767,-0.044201,-0.061450,0.122487,0.075696,0.122487,0.758885,0,0
6d_disc_original_delay_clean,9.200000,-0.937639,1.766588,-0.046618,2.269678,-2.511497,1.000000,1.000000,-0.800000,-0.218749,-1.397193,-0.022892,-0.026649,0.142142,0.035131,0.142142,0.769240,0,0
6d_disc_original_delay_clean,9.250000,-0.957453,1.755928,-0.071942,2.224491,-2.486472,0.990653,0.289065,-0.800000,-0.609449,-0.832781,-0.001760,0.012536,0.155917,0.012659,0.155917,0.774097,0,0
6d_disc_original_delay_clean,9.300000,-0.977146,1.745046,-0.094384,2.175858,-2.469009,0.479377,-0.548115,-0.800000,-0.716457,0.130087,0.019287,0.055401,0.162130,0.058662,0.162130,0.790605,0,0
6d_disc_original_delay_clean,9.350000,-0.996716,1.733943,-0.114388,2.124370,-2.458227,0.044343,-1.000000,-0.800000,-0.665793,0.747453,0.040475,0.101226,0.161662,0.109018,0.161662,0.832948,0,0
6d_disc_original_delay_clean,9.400000,-1.016159,1.722620,-0.132412,2.070502,-2.453350,-0.285158,-1.000000,-0.800000,-0.414935,0.953490,0.062069,0.149380,0.155289,0.161762,0.155289,0.889315,0,0
6d_disc_original_delay_clean,9.450000,-1.035474,1.711080,-0.148906,2.014637,-2.453691,-0.511150,-1.000000,-0.800000,-0.240014,1.097118,0.084343,0.199304,0.143698,0.216416,0.143698,0.951863,0,0
6d_disc_original_delay_clean,9.500000,-1.054658,1.699323,-0.166881,1.960317,-2.458643,-0.652352,-1.000000,-0.800000,-0.125044,1.187404,0.108061,0.246393,0.127496,0.269048,0.127496,0.954918,0,0
6d_disc_original_delay_clean,9.550000,-1.073708,1.687350,-0.187177,1.913107,-2.467671,-0.769986,-1.000000,-0.800000,-0.022403,1.261894,0.130858,0.285473,0.107218,0.314036,0.107218,0.874244,0,0
6d_disc_original_delay_clean,9.600000,-1.092622,1.675165,-0.209318,1.875931,-2.480301,-0.856682,-1.000000,-0.548976,0.061956,1.315319,0.150479,0.314400,0.083338,0.348557,0.083338,0.777351,0,0
6d_disc_original_delay_clean,9.650000,-1.111398,1.662767,-0.231560,1.848934,-2.496113,-0.897884,-1.000000,-0.276001,0.115658,1.338962,0.165064,0.334149,0.056276,0.372695,0.056276,0.721968,0,0
6d_disc_original_delay_clean,9.700000,-1.130034,1.650159,-0.252715,1.831823,-2.514737,-0.875743,-1.000000,0.003577,0.122643,1.323588,0.173499,0.345813,0.026402,0.386896,0.026402,0.719140,0,0
6d_disc_original_delay_clean,9.750000,-1.148526,1.637342,-0.272026,1.823985,-2.535847,-0.789992,-1.000000,0.296303,0.080060,1.271879,0.175253,0.350542,-0.005958,0.391910,0.005958,0.764859,0,0
6d_disc_original_delay_clean,9.800000,-1.166873,1.624317,-0.288865,1.824749,-2.559154,-0.640841,-1.000000,0.606503,-0.014881,1.187626,0.169979,0.349480,-0.040515,0.388624,0.040515,0.844268,0,0
6d_disc_original_delay_clean,9.850000,-1.185072,1.611088,-0.302765,1.833366,-2.582942,-0.425871,-1.000000,0.800000,-0.168916,1.073701,0.157555,0.343744,-0.075553,0.378132,0.075553,0.919855,0,0
6d_disc_original_delay_clean,9.900000,-1.203122,1.597654,-0.313518,1.848968,-2.605569,-0.152731,-1.000000,0.800000,-0.379412,0.937749,0.138180,0.334394,-0.109430,0.361820,0.109430,0.984929,0,0
6d_disc_original_delay_clean,9.950000,-1.221019,1.584018,-0.321299,1.870566,-2.625544,0.170813,-1.000000,0.800000,-0.642017,0.785488,0.112474,0.322339,-0.140655,0.341398,0.140655,1.036289,0,0
6d_disc_original_delay_clean,10.000000,-1.238761,1.570182,-0.326667,1.897109,-2.641474,0.531934,-1.000000,0.800000,-0.946315,0.622447,0.081430,0.308266,-0.167835,0.318840,0.167835,1.071514,0,0
6d_disc_original_delay_clean,10.050000,-1.256347,1.556146,-0.330554,1.927527,-2.652025,0.913994,-1.000000,0.800000,-1.276877,0.452735,0.046374,0.292597,-0.189636,0.296249,0.189636,1.089462,0,0
6d_disc_original_delay_clean,10.100000,-1.273774,1.541914,-0.334255,1.960738,-2.656698,1.000000,-1.000000,0.800000,-1.350839,0.418609,0.008927,0.275472,-0.205559,0.275617,0.205559,1.095689,0,0
6d_disc_original_delay_clean,10.150000,-1.291040,1.527487,-0.339312,1.995660,-2.656176,1.000000,-1.000000,0.800000,-1.351057,0.417904,-0.029091,0.256795,-0.216287,0.258437,0.216287,1.093675,0,0
6d_disc_original_delay_clean,10.200000,-1.308142,1.512867,-0.347389,2.031198,-2.651064,1.000000,-1.000000,0.800000,-1.353176,0.410992,-0.065771,0.236317,-0.222425,0.245299,0.222425,1.078866,0,0
6d_disc_original_delay_clean,10.250000,-1.325078,1.498055,-0.360153,2.066238,-2.641896,1.000000,-1.000000,0.800000,-1.356887,0.398568,-0.099199,0.213715,-0.224507,0.235616,0.224507,1.051900,0,0
6d_disc_original_delay_clean,10.300000,-1.341847,1.483053,-0.379167,2.099656,-2.629142,1.000000,-1.000000,0.800000,-1.361860,0.381231,-0.127547,0.188657,-0.223003,0.227727,0.223003,1.018561,0,0
6d_disc_original_delay_clean,10.350000,-1.358446,1.467864,-0.404263,2.131188,-2.613220,1.000000,-1.000000,0.800000,-1.367757,0.359500,-0.150851,0.161268,-0.218331,0.220825,0.218331,0.999868,0,0
6d_disc_original_delay_clean,10.400000,-1.374874,1.452489,-0.434834,2.160787,-2.594498,1.000000,-1.000000,0.800000,-1.374248,0.333832,-0.169609,0.131820,-0.210859,0.214811,0.210859,0.995992,0,0
6d_disc_original_delay_clean,10.450000,-1.391127,1.436930,-0.470325,2.188375,-2.573303,1.000000,-0.705587,0.800000,-1.222564,0.056493,-0.184242,0.100589,-0.200914,0.209912,0.200914,1.002116,0,0
6d_disc_original_delay_clean,10.500000,-1.407204,1.421189,-0.510227,2.213855,-2.549920,1.000000,-0.362988,0.800000,-1.032465,-0.256467,-0.195108,0.067850,-0.188781,0.206569,0.188781,1.014508,0,0
6d_disc_original_delay_clean,10.550000,-1.423103,1.405268,-0.554075,2.237126,-2.524605,1.000000,-0.007928,0.800000,-0.820212,-0.572114,-0.202517,0.033866,-0.174716,0.205330,0.174716,1.030470,0,0
6d_disc_original_delay_clean,10.600000,-1.438822,1.389170,-0.601439,2.258081,-2.497583,1.000000,0.359175,0.800000,-0.584044,-0.887637,-0.206737,-0.001110,-0.158944,0.206740,0.158944,1.048157,0,0
6d_disc_original_delay_clean,10.650000,-1.454358,1.372895,-0.651920,2.276620,-2.469052,1.000000,0.735724,0.800000,-0.323903,-1.198489,-0.208002,-0.036843,-0.141663,0.211239,0.141663,1.066378,0,0
6d_disc_original_delay_clean,10.700000,-1.469711,1.356447,-0.704084,2.291311,-2.439187,1.000000,1.000000,0.800000,-0.117234,-1.409346,-0.206256,-0.071422,-0.123048,0.218272,0.123048,1.053758,0,0
6d_disc_original_delay_clean,10.750000,-1.484878,1.339828,-0.756351,2.300767,-2.408143,1.000000,1.000000,0.800000,-0.073434,-1.412306,-0.201489,-0.102860,-0.103254,0.226225,0.103254,1.010281,0,0
6d_disc_original_delay_clean,10.800000,-1.499857,1.323038,-0.807127,2.303827,-2.376059,1.000000,1.000000,0.800000,-0.028090,-1.413935,-0.193775,-0.129313,-0.082420,0.232961,0.082420,0.941314,0,0
6d_disc_original_delay_clean,10.850000,-1.514646,1.306082,-0.854808,2.299557,-2.343053,1.000000,1.000000,0.800000,0.018584,-1.414091,-0.183282,-0.149070,-0.060664,0.236250,0.060664,0.854306,0,0
6d_disc_original_delay_clean,10.900000,-1.529243,1.288959,-0.897789,2.287245,-2.309235,1.000000,1.000000,0.800000,0.066387,-1.412655,-0.170269,-0.160552,-0.038096,0.234027,0.038096,0.761051,0,0
6d_disc_original_delay_clean,10.950000,-1.543647,1.271674,-0.934997,2.266874,-2.274697,1.000000,1.000000,0.597691,0.115127,-1.409520,-0.155120,-0.163015,-0.014808,0.225025,0.014808,0.686883,0,0
6d_disc_original_delay_clean,11.000000,-1.557855,1.254228,-0.966568,2.239551,-2.239525,1.000000,1.000000,0.275468,0.164622,-1.404599,-0.138299,-0.157341,0.009114,0.209482,0.009114,0.654949,0,0
6d_disc_original_delay_clean,11.050000,-1.571866,1.236623,-0.992645,2.206274,-2.203791,1.000000,1.000000,-0.115902,0.214698,-1.397821,-0.120220,-0.144317,0.033598,0.187830,0.033598,0.658173,0,0
6d_disc_original_delay_clean,11.100000,-1.585678,1.218862,-1.013376,2.167934,-2.167561,1.000000,1.000000,-0.600080,0.265189,-1.389127,-0.101241,-0.124650,0.058578,0.160584,0.058578,0.686773,0,0
6d_disc_original_delay_clean,11.150000,-1.599290,1.200946,-1.028915,2.125335,-2.130893,1.000000,1.000000,-0.800000,0.315936,-1.378472,-0.081678,-0.098973,0.083996,0.128324,0.083996,0.731446,0,0
6d_disc_original_delay_clean,11.200000,-1.612699,1.182879,-1.039421,2.079197,-2.095013,1.000000,1.000000,-0.800000,0.365181,-1.366251,-0.061805,-0.067855,0.108626,0.091784,0.108626,0.769517,0,0
6d_disc_original_delay_clean,11.250000,-1.625904,1.164661,-1.045113,2.030174,-2.061704,1.000000,1.000000,-0.800000,0.410478,-1.353332,-0.041832,-0.031859,0.130685,0.052583,0.130685,0.793094,0,0
6d_disc_original_delay_clean,11.300000,-1.638903,1.146297,-1.046312,1.978839,-2.032942,1.000000,0.330547,-0.800000,-0.149998,-1.042479,-0.021871,0.008430,0.148197,0.023439,0.148197,0.804883,0,0
6d_disc_original_delay_clean,11.350000,-1.651695,1.127787,-1.043455,1.925665,-2.011013,0.908227,-0.539954,-0.800000,-0.875502,-0.591542,-0.001909,0.052396,0.158876,0.052430,0.158876,0.813547,0,0
6d_disc_original_delay_clean,11.400000,-1.664278,1.109134,-1.037118,1.871004,-1.996286,0.443174,-1.000000,-0.800000,-1.093764,0.009107,0.018216,0.099377,0.162353,0.101032,0.162353,0.842102,0,0
6d_disc_original_delay_clean,11.450000,-1.676650,1.090341,-1.027911,1.815091,-1.987922,0.074640,-1.000000,-0.800000,-0.944496,0.336894,0.038750,0.148742,0.159467,0.153707,0.159467,0.889775,0,0
6d_disc_original_delay_clean,11.500000,-1.688810,1.071410,-1.016401,1.758079,-1.985181,-0.193017,-1.000000,-0.800000,-0.837650,0.579308,0.059961,0.199934,0.150958,0.208731,0.150958,0.947310,0,0
6d_disc_original_delay_clean,11.550000,-1.700756,1.052344,-1.006674,1.701628,-1.987411,-0.374411,-1.000000,-0.800000,-0.762952,0.747052,0.082656,0.248597,0.137478,0.261978,0.137478,0.949609,0,0
6d_disc_original_delay_clean,11.600000,-1.712487,1.033144,-1.003197,1.648164,-1.994032,-0.521027,-1.000000,-0.800000,-0.697772,0.885767,0.106993,0.289624,0.119607,0.308755,0.119607,0.890385,0,0
6d_disc_original_delay_clean,11.650000,-1.724002,1.013814,-1.006796,1.600936,-2.004535,-0.658746,-1.000000,-0.679228,-0.630552,1.018013,0.130343,0.320616,0.097854,0.346098,0.097854,0.805592,0,0
6d_disc_original_delay_clean,11.700000,-1.735298,0.994355,-1.015872,1.561285,-2.018467,-0.757019,-1.000000,-0.419320,-0.573769,1.115288,0.150422,0.342344,0.072672,0.373933,0.072672,0.748145,0,0
6d_disc_original_delay_clean,11.750000,-1.746374,0.974770,-1.029136,1.529888,-2.035431,-0.800449,-1.000000,-0.156015,-0.535307,1.163685,0.165707,0.355727,0.044458,0.392429,0.044458,0.728473,0,0
6d_disc_original_delay_clean,11.800000,-1.757230,0.955062,-1.045549,1.506896,-2.055073,-0.788514,-1.000000,0.117831,-0.517905,1.163412,0.175301,0.361775,0.013566,0.402010,0.013566,0.749567,0,0
6d_disc_original_delay_clean,11.850000,-1.767863,0.935233,-1.064185,1.492254,-2.077083,-0.720831,-1.000000,0.407598,-0.524997,1.115336,0.178581,0.361531,-0.019694,0.403232,0.019694,0.804186,0,0
6d_disc_original_delay_clean,11.900000,-1.778272,0.915286,-1.084162,1.485849,-2.100482,-0.594720,-1.000000,0.716821,-0.562476,1.018485,0.175038,0.356044,-0.054343,0.396744,0.054343,0.870847,0,0
6d_disc_original_delay_clean,11.950000,-1.788456,0.895223,-1.104737,1.487339,-2.123598,-0.409835,-1.000000,0.800000,-0.635863,0.873867,0.164473,0.346363,-0.088709,0.383431,0.088709,0.930702,0,0
6d_disc_original_delay_clean,12.000000,-1.798414,0.875047,-1.125388,1.496089,-2.144934,-0.171222,-1.000000,0.800000,-0.746669,0.686879,0.147090,0.333469,-0.121295,0.364468,0.121295,0.981624,0,0
6d_disc_original_delay_clean,12.050000,-1.808144,0.854760,-1.145862,1.511216,-2.163103,0.114902,-1.000000,0.800000,-0.893802,0.462948,0.123470,0.318195,-0.150714,0.341311,0.150714,1.021727,0,0
6d_disc_original_delay_clean,12.100000,-1.817646,0.834364,-1.166192,1.531633,-2.176790,0.438956,-1.000000,0.800000,-1.071956,0.208786,0.094531,0.301168,-0.175651,0.315655,0.175651,1.049659,0,0
6d_disc_original_delay_clean,12.150000,-1.826917,0.813864,-1.186719,1.556074,-2.184718,0.788449,-1.000000,0.800000,-1.271603,-0.068397,0.061505,0.282765,-0.194829,0.289377,0.194829,1.065083,0,0
6d_disc_original_delay_clean,12.200000,-1.835957,0.793260,-1.208068,1.583113,-2.187073,1.000000,-1.000000,0.800000,-1.394037,-0.238035,0.025892,0.263110,-0.208434,0.264381,0.208434,1.077163,0,0
6d_disc_original_delay_clean,12.250000,-1.844765,0.772555,-1.231046,1.611225,-2.184503,1.000000,-1.000000,0.800000,-1.393421,-0.241617,-0.010641,0.242124,-0.217114,0.242358,0.217114,1.082278,0,0
6d_disc_original_delay_clean,12.300000,-1.853339,0.751753,-1.256554,1.638819,-2.177581,1.000000,-1.000000,0.800000,-1.391715,-0.251257,-0.046334,0.219596,-0.221442,0.224431,0.221442,1.075939,0,0
6d_disc_original_delay_clean,12.350000,-1.861679,0.730856,-1.285496,1.664266,-2.166812,1.000000,-1.000000,0.800000,-1.388928,-0.266229,-0.079408,0.195240,-0.221923,0.210771,0.221923,1.057965,0,0
6d_disc_original_delay_clean,12.400000,-1.869783,0.709866,-1.318698,1.685947,-2.152644,1.000000,-1.000000,0.800000,-1.385017,-0.285880,-0.108128,0.168762,-0.219005,0.200430,0.219005,1.032402,0,0
6d_disc_original_delay_clean,12.450000,-1.877651,0.688787,-1.356360,1.703027,-2.135473,1.000000,-1.000000,0.800000,-1.379904,-0.309619,-0.131724,0.140104,-0.213084,0.192302,0.213084,1.012618,0,0
6d_disc_original_delay_clean,12.500000,-1.885281,0.667620,-1.397919,1.715748,-2.115647,1.000000,-0.932098,0.800000,-1.315425,-0.372107,-0.150693,0.109531,-0.204508,0.186294,0.204508,1.007318,0,0
6d_disc_original_delay_clean,12.550000,-1.892672,0.646369,-1.442848,1.724300,-2.093475,1.000000,-0.567453,0.800000,-0.990893,-0.583210,-0.165461,0.077314,-0.193586,0.182633,0.193586,1.011927,0,0
6d_disc_original_delay_clean,12.600000,-1.899824,0.625036,-1.490649,1.728840,-2.069231,1.000000,-0.188100,0.800000,-0.643265,-0.788411,-0.176391,0.043721,-0.180592,0.181729,0.180592,1.022885,0,0
6d_disc_original_delay_clean,12.650000,-1.906735,0.603624,-1.540864,1.729500,-2.043154,1.000000,0.204226,0.800000,-0.273124,-0.983418,-0.183798,0.009007,-0.165765,0.184019,0.165765,1.037592,0,0
6d_disc_original_delay_clean,12.700000,-1.913405,0.582135,-1.593062,1.726394,-2.015458,1.000000,0.606088,0.800000,0.116997,-1.163467,-0.187957,-0.026584,-0.149319,0.189828,0.149319,1.054254,0,0
6d_disc_original_delay_clean,12.750000,-1.919833,0.560573,-1.646490,1.719456,-1.986332,1.000000,1.000000,0.800000,0.511221,-1.318580,-0.189045,-0.062433,-0.131443,0.199087,0.131443,1.064507,0,0
6d_disc_original_delay_clean,12.800000,-1.926018,0.538940,-1.698872,1.707964,-1.955941,1.000000,1.000000,0.800000,0.551051,-1.302437,-0.186989,-0.096274,-0.112302,0.210318,0.112302,1.037936,0,0
6d_disc_original_delay_clean,12.850000,-1.931959,0.517239,-1.748031,1.691429,-1.924433,1.000000,1.000000,0.800000,0.591808,-1.284431,-0.181811,-0.125998,-0.092044,0.221203,0.092044,0.979528,0,0
6d_disc_original_delay_clean,12.900000,-1.937655,0.495472,-1.791892,1.669591,-1.891937,1.000000,1.000000,0.800000,0.633227,-1.264525,-0.173630,-0.149652,-0.070798,0.229222,0.070798,0.896139,0,0
6d_disc_original_delay_clean,12.950000,-1.943107,0.473642,-1.828496,1.642413,-1.858569,1.000000,1.000000,0.800000,0.675061,-1.242695,-0.162665,-0.165440,-0.048680,0.232013,0.048680,0.798331,0,0
6d_disc_original_delay_clean,13.000000,-1.948312,0.451753,-1.856100,1.610105,-1.824429,1.000000,1.000000,0.737650,0.717085,-1.218930,-0.149244,-0.171816,-0.025790,0.227584,0.025790,0.704598,0,0
6d_disc_original_delay_clean,13.050000,-1.953271,0.429806,-1.875337,1.573651,-1.789609,1.000000,1.000000,0.436780,0.759086,-1.193226,-0.133868,-0.169703,-0.002220,0.216147,0.002220,0.655249,0,0
6d_disc_original_delay_clean,13.100000,-1.957982,0.407805,-1.886791,1.533926,-1.754186,1.000000,1.000000,0.076424,0.800868,-1.165594,-0.116978,-0.159924,0.021953,0.198140,0.021953,0.645058,0,0
6d_disc_original_delay_clean,13.150000,-1.962446,0.385753,-1.891008,1.491707,-1.718230,1.000000,1.000000,-0.364792,0.842251,-1.136052,-0.098967,-0.143216,0.046659,0.174084,0.046659,0.664817,0,0
6d_disc_original_delay_clean,13.200000,-1.966662,0.363651,-1.888494,1.447683,-1.681805,1.000000,1.000000,-0.800000,0.883064,-1.104625,-0.080174,-0.120240,0.071834,0.144519,0.071834,0.704440,0,0
6d_disc_original_delay_clean,13.250000,-1.970628,0.341504,-1.879723,1.402462,-1.645326,1.000000,1.000000,-0.800000,0.922763,-1.071685,-0.060899,-0.091590,0.097063,0.109989,0.097063,0.750702,0,0
6d_disc_original_delay_clean,13.300000,-1.974345,0.319313,-1.865155,1.356578,-1.610550,1.000000,1.000000,-0.800000,0.959467,-1.038953,-0.041392,-0.057816,0.120589,0.071106,0.120589,0.781749,0,0
6d_disc_original_delay_clean,13.350000,-1.977813,0.297082,-1.845300,1.310461,-1.579373,1.000000,0.971767,-0.800000,0.963155,-1.008297,-0.021820,-0.019486,0.140516,0.029254,0.140516,0.798595,0,0
6d_disc_original_delay_clean,13.400000,-1.981029,0.274813,-1.820728,1.264409,-1.553942,0.983679,0.047237,-0.800000,0.063809,-0.982743,-0.002236,0.022804,0.154697,0.022913,0.154697,0.806965,0,0
6d_disc_original_delay_clean,13.450000,-1.983996,0.252510,-1.792075,1.218563,-1.536119,0.497838,-0.801292,-0.800000,-0.783551,-0.525320,0.017447,0.068417,0.161270,0.070606,0.161270,0.823118,0,0
6d_disc_original_delay_clean,13.500000,-1.986711,0.230174,-1.760023,1.172896,-1.525020,0.096330,-1.000000,-0.800000,-0.994544,-0.141989,0.037453,0.116687,0.161119,0.122550,0.161119,0.863660,0,0
6d_disc_original_delay_clean,13.550000,-1.989174,0.207810,-1.725178,1.127314,-1.519863,-0.203057,-1.000000,-0.800000,-1.009041,0.151882,0.058042,0.167027,0.155026,0.176824,0.155026,0.917713,0,0
6d_disc_original_delay_clean,13.600000,-1.991386,0.185419,-1.688239,1.081674,-1.519956,-0.408470,-1.000000,-0.800000,-1.019466,0.357124,0.079500,0.218751,0.143683,0.232749,0.143683,0.975394,0,0
6d_disc_original_delay_clean,13.650000,-1.993346,0.163004,-1.655034,1.035639,-1.524690,-0.540351,-1.000000,-0.800000,-1.023842,0.493687,0.102695,0.266065,0.127699,0.285197,0.127699,0.954333,0,0
6d_disc_original_delay_clean,13.700000,-1.995054,0.140569,-1.630403,0.991713,-1.533525,-0.662867,-1.000000,-0.797668,-1.024006,0.625144,0.125332,0.303927,0.107614,0.328754,0.107614,0.857941,0,0
6d_disc_original_delay_clean,13.750000,-1.996509,0.118117,-1.614769,0.951927,-1.545983,-0.758578,-1.000000,-0.531891,-1.018513,0.733534,0.145100,0.331830,0.083906,0.362167,0.083906,0.770857,0,0
6d_disc_original_delay_clean,13.800000,-1.997712,0.095649,-1.607234,0.917635,-1.561644,-0.803462,-1.000000,-0.270888,-1.007311,0.794276,0.160280,0.350720,0.056995,0.385609,0.056995,0.724325,0,0
6d_disc_original_delay_clean,13.850000,-1.998661,0.073169,-1.606886,0.889550,-1.580135,-0.790751,-1.000000,-0.002416,-0.992572,0.800055,0.169832,0.361646,0.027254,0.399538,0.027254,0.725882,0,0
6d_disc_original_delay_clean,13.900000,-1.999358,0.050680,-1.612821,0.867926,-1.601127,-0.720420,-1.000000,0.279397,-0.977692,0.750415,0.173221,0.365703,-0.004988,0.404654,0.004988,0.770408,0,0
6d_disc_original_delay_clean,13.950000,-1.999801,0.028184,-1.624161,0.852959,-1.624316,-0.592605,-1.000000,0.578599,-0.966867,0.645250,0.170014,0.363980,-0.039427,0.401729,0.039427,0.844602,0,0
6d_disc_original_delay_clean,14.000000,-1.999992,0.005685,-1.640056,0.844683,-1.647901,-0.404183,-1.000000,0.800000,-0.965895,0.480011,0.159982,0.357550,-0.074262,0.391709,0.074262,0.912300,0,0
6d_disc_original_delay_clean,14.050000,-1.999929,-0.016814,-1.659708,0.842808,-1.670318,-0.162093,-1.000000,0.800000,-0.978947,0.260649,0.143268,0.347437,-0.107929,0.375816,0.107929,0.970483,0,0
6d_disc_original_delay_clean,14.100000,-1.999614,-0.039312,-1.682436,0.846693,-1.690143,0.127252,-1.000000,0.800000,-1.008038,-0.007284,0.120400,0.334532,-0.139004,0.355539,0.139004,1.016451,0,0
6d_disc_original_delay_clean,14.150000,-1.999045,-0.061805,-1.707723,0.855375,-1.706038,0.453501,-1.000000,0.800000,-1.052014,-0.314531,0.092261,0.319526,-0.166149,0.332579,0.166149,1.048225,0,0
6d_disc_original_delay_clean,14.200000,-1.998223,-0.084290,-1.735241,0.867599,-1.716721,0.803181,-1.000000,0.800000,-1.106160,-0.649237,0.060040,0.302865,-0.188082,0.308759,0.188082,1.064985,0,0
6d_disc_original_delay_clean,14.250000,-1.997148,-0.106764,-1.764854,0.881831,-1.721510,1.000000,-1.000000,0.800000,-1.138808,-0.838520,0.025215,0.284737,-0.204121,0.285851,0.204121,1.071125,0,0
6d_disc_original_delay_clean,14.300000,-1.995821,-0.129225,-1.796569,0.896338,-1.721092,1.000000,-1.000000,0.800000,-1.138457,-0.838997,-0.010546,0.265100,-0.214953,0.265310,0.214953,1.072277,0,0
6d_disc_original_delay_clean,14.350000,-1.994241,-0.151669,-1.830460,0.909286,-1.716071,1.000000,-1.000000,0.800000,-1.134230,-0.844702,-0.045480,0.243766,-0.221182,0.247972,0.221182,1.063310,0,0
6d_disc_original_delay_clean,14.400000,-1.992408,-0.174094,-1.866603,0.918810,-1.706982,1.000000,-1.000000,0.800000,-1.126506,-0.854976,-0.077805,0.220462,-0.223343,0.233789,0.223343,1.043721,0,0
6d_disc_original_delay_clean,14.450000,-1.990324,-0.196497,-1.905012,0.923100,-1.694300,1.000000,-1.000000,0.800000,-1.115573,-0.869194,-0.105798,0.194898,-0.221911,0.221762,0.221911,1.017506,0,0
6d_disc_original_delay_clean,14.500000,-1.987987,-0.218875,-1.945486,0.921406,-1.678440,1.000000,-1.000000,0.800000,-1.101648,-0.886776,-0.128781,0.167036,-0.217301,0.210916,0.217301,0.998494,0,0
6d_disc_original_delay_clean,14.550000,-1.985399,-0.241226,-1.987630,0.914186,-1.659774,1.000000,-1.000000,0.800000,-1.084905,-0.907184,-0.147246,0.137143,-0.209885,0.201220,0.209885,0.994236,0,0
6d_disc_original_delay_clean,14.600000,-1.982560,-0.263546,-2.031056,0.901838,-1.638627,1.000000,-0.849882,0.800000,-0.915706,-0.940096,-0.161612,0.105493,-0.199988,0.192995,0.199988,0.999966,0,0
6d_disc_original_delay_clean,14.650000,-1.979470,-0.285833,-2.075388,0.884710,-1.615288,1.000000,-0.493925,0.800000,-0.537914,-0.977042,-0.172235,0.072356,-0.187899,0.186816,0.187899,1.011993,0,0
6d_disc_original_delay_clean,14.700000,-1.976129,-0.308083,-2.120268,0.863113,-1.590012,1.000000,-0.119299,0.800000,-0.138491,-0.997523,-0.179421,0.037994,-0.173873,0.183399,0.173873,1.027640,0,0
6d_disc_original_delay_clean,14.750000,-1.972538,-0.330295,-2.165358,0.837331,-1.563023,1.000000,0.273522,0.800000,0.281287,-0.997844,-0.183436,0.002657,-0.158134,0.183456,0.158134,1.045075,0,0
6d_disc_original_delay_clean,14.800000,-1.968697,-0.352464,-2.210345,0.807620,-1.534522,1.000000,0.681239,0.800000,0.717057,-0.974636,-0.184514,-0.033422,-0.140883,0.187516,0.140883,1.063114,0,0
6d_disc_original_delay_clean,14.850000,-1.964608,-0.374589,-2.254064,0.774253,-1.504683,1.000000,1.000000,0.800000,1.063880,-0.931750,-0.182725,-0.069162,-0.122294,0.195377,0.122294,1.065318,0,0
6d_disc_original_delay_clean,14.900000,-1.960269,-0.396667,-2.294283,0.737635,-1.473663,1.000000,1.000000,0.800000,1.092267,-0.898306,-0.178015,-0.102409,-0.102524,0.205370,0.102524,1.032789,0,0
6d_disc_original_delay_clean,14.950000,-1.955683,-0.418694,-2.328932,0.698334,-1.441599,1.000000,1.000000,0.800000,1.120504,-0.862827,-0.170415,-0.131131,-0.081710,0.215027,0.081710,0.970333,0,0
6d_disc_original_delay_clean,15.000000,-1.950849,-0.440669,-2.356096,0.657079,-1.408612,1.000000,1.000000,0.800000,1.148351,-0.825403,-0.160060,-0.153416,-0.059973,0.221711,0.059973,0.884764,0,0
6d_disc_original_delay_clean,15.050000,-1.945768,-0.462588,-2.374039,0.614751,-1.374809,1.000000,1.000000,0.800000,1.175591,-0.786121,-0.147182,-0.167476,-0.037420,0.222959,0.037420,0.787248,0,0
6d_disc_original_delay_clean,15.100000,-1.940441,-0.484448,-2.381787,0.572259,-1.340286,1.000000,1.000000,0.599227,1.202024,-0.745076,-0.132143,-0.172243,-0.014147,0.217094,0.014147,0.702691,0,0
6d_disc_original_delay_clean,15.150000,-1.934868,-0.506247,-2.380345,0.530163,-1.305126,1.000000,1.000000,0.265256,1.227473,-0.702361,-0.115419,-0.168630,0.009763,0.204347,0.009763,0.661565,0,0
6d_disc_original_delay_clean,15.200000,-1.929050,-0.527981,-2.370628,0.488946,-1.269404,1.000000,1.000000,-0.138080,1.251774,-0.658074,-0.097425,-0.157453,0.034235,0.185157,0.034235,0.657710,0,0
6d_disc_original_delay_clean,15.250000,-1.922989,-0.549649,-2.353468,0.449026,-1.233183,1.000000,1.000000,-0.634882,1.274784,-0.612312,-0.078527,-0.139442,0.059206,0.160033,0.059206,0.681609,0,0
6d_disc_original_delay_clean,15.300000,-1.916684,-0.571248,-2.329624,0.410760,-1.196524,1.000000,1.000000,-0.800000,1.296369,-0.565178,-0.059044,-0.115253,0.084615,0.129497,0.084615,0.723555,0,0
6d_disc_original_delay_clean,15.350000,-1.910136,-0.592774,-2.299790,0.374452,-1.160643,1.000000,1.000000,-0.800000,1.315810,-0.518310,-0.039255,-0.085473,0.109246,0.094056,0.109246,0.760191,0,0
6d_disc_original_delay_clean,15.400000,-1.903346,-0.614225,-2.264641,0.340320,-1.127392,1.000000,1.000000,-0.800000,1.332313,-0.474280,-0.019372,-0.050682,0.131247,0.054258,0.131247,0.782082,0,0
6d_disc_original_delay_clean,15.450000,-1.896316,-0.635598,-2.224847,0.308448,-1.098811,0.983062,0.829753,-0.800000,1.185988,-0.498329,0.000488,-0.011482,0.148578,0.011493,0.148578,0.792164,0,0
6d_disc_original_delay_clean,15.500000,-1.889046,-0.656891,-2.181069,0.278763,-1.077244,0.487786,-0.095790,-0.800000,0.146734,-0.474953,0.020339,0.031489,0.158895,0.037487,0.158895,0.799853,0,0
6d_disc_original_delay_clean,15.550000,-1.881536,-0.678101,-2.133949,0.251005,-1.062836,0.052259,-0.920307,-0.800000,-0.778689,-0.493295,0.040346,0.077552,0.162053,0.087419,0.162053,0.829580,0,0
6d_disc_original_delay_clean,15.600000,-1.873789,-0.699225,-2.084052,0.224826,-1.054754,-0.285768,-1.000000,-0.800000,-1.010789,-0.244886,0.060752,0.126065,0.158885,0.139940,0.158885,0.878280,0,0
6d_disc_original_delay_clean,15.650000,-1.865804,-0.720260,-2.031846,0.199859,-1.052264,-0.521037,-1.000000,-0.800000,-1.126776,-0.043061,0.081822,0.176462,0.150125,0.194509,0.150125,0.936596,0,0
6d_disc_original_delay_clean,15.700000,-1.857583,-0.741204,-1.978633,0.175337,-1.054714,-0.670272,-1.000000,-0.800000,-1.200523,0.089498,0.103862,0.227243,0.136425,0.249853,0.136425,0.982389,0,0
6d_disc_original_delay_clean,15.750000,-1.849127,-0.762055,-1.930745,0.150810,-1.061530,-0.763119,-1.000000,-0.800000,-1.245151,0.178744,0.124899,0.272366,0.118359,0.299638,0.118359,0.924055,0,0
6d_disc_original_delay_clean,15.800000,-1.840437,-0.782809,-1.893098,0.125974,-1.072205,-0.827106,-1.000000,-0.680167,-1.273770,0.248223,0.143110,0.307242,0.096434,0.338937,0.096434,0.806997,0,0
6d_disc_original_delay_clean,15.850000,-1.831515,-0.803464,-1.865966,0.102350,-1.086290,-0.862659,-1.000000,-0.414350,-1.286707,0.297599,0.156654,0.332346,0.071099,0.367415,0.071099,0.726329,0,0
6d_disc_original_delay_clean,15.900000,-1.822360,-0.824017,-1.848840,0.081110,-1.103388,-0.837250,-1.000000,-0.144905,-1.269982,0.296871,0.164356,0.348792,0.042751,0.385576,0.042751,0.703424,0,0
6d_disc_original_delay_clean,15.950000,-1.812975,-0.844466,-1.840975,0.062943,-1.123149,-0.748484,-1.000000,0.135869,-1.225446,0.241889,0.165622,0.357756,0.011740,0.394233,0.011740,0.737263,0,0
6d_disc_original_delay_clean,16.000000,-1.803360,-0.864808,-1.841505,0.048238,-1.145264,-0.596937,-1.000000,0.432552,-1.157238,0.130895,0.160230,0.360410,-0.021625,0.394423,0.021625,0.811576,0,0
6d_disc_original_delay_clean,16.050000,-1.793517,-0.885041,-1.849541,0.037236,-1.168761,-0.383067,-1.000000,0.747458,-1.070158,-0.038768,0.148149,0.357886,-0.056372,0.387338,0.056372,0.896923,0,0
6d_disc_original_delay_clean,16.100000,-1.783447,-0.905162,-1.864182,0.030023,-1.191936,-0.111279,-1.000000,0.800000,-0.970244,-0.266475,0.129535,0.351253,-0.090797,0.374377,0.090797,0.970451,0,0
6d_disc_original_delay_clean,16.150000,-1.773151,-0.925168,-1.884467,0.026323,-1.213258,0.209297,-1.000000,0.800000,-0.863514,-0.546031,0.104939,0.341454,-0.123369,0.357216,0.123369,1.028178,0,0
6d_disc_original_delay_clean,16.200000,-1.762631,-0.945057,-1.909428,0.025477,-1.231311,0.565555,-1.000000,0.800000,-0.754595,-0.866278,0.075288,0.329230,-0.152672,0.337729,0.152672,1.067230,0,0
6d_disc_original_delay_clean,16.250000,-1.751888,-0.964826,-1.938134,0.026465,-1.244749,0.940420,-1.000000,0.800000,-0.646099,-1.211176,0.041837,0.315070,-0.177361,0.317836,0.177361,1.086088,0,0
6d_disc_original_delay_clean,16.300000,-1.740923,-0.984473,-1.969709,0.027926,-1.252280,1.000000,-1.000000,0.800000,-0.636543,-1.262859,0.006128,0.299190,-0.196141,0.299253,0.196141,1.085146,0,0
6d_disc_original_delay_clean,16.350000,-1.729738,-1.003996,-2.003327,0.028222,-1.254284,1.000000,-1.000000,0.800000,-0.639072,-1.261581,-0.030074,0.281552,-0.209395,0.283154,0.209395,1.076232,0,0
6d_disc_original_delay_clean,16.400000,-1.718333,-1.023391,-2.038181,0.025576,-1.251403,1.000000,-1.000000,0.800000,-0.635436,-1.263417,-0.064903,0.261950,-0.217764,0.269870,0.217764,1.057347,0,0
6d_disc_original_delay_clean,16.450000,-1.706712,-1.042658,-2.073463,0.018202,-1.244207,1.000000,-1.000000,0.800000,-0.626327,-1.267957,-0.096489,0.240087,-0.221818,0.258751,0.221818,1.028745,0,0
6d_disc_original_delay_clean,16.500000,-1.694874,-1.061792,-2.108347,0.004417,-1.233196,1.000000,-1.000000,0.800000,-0.612328,-1.274776,-0.123056,0.215653,-0.222057,0.248293,0.222057,0.996005,0,0
6d_disc_original_delay_clean,16.550000,-1.682822,-1.080791,-2.142599,-0.015515,-1.218814,1.000000,-1.000000,0.800000,-0.593931,-1.283451,-0.144797,0.188809,-0.218925,0.237940,0.218925,0.979900,0,0
6d_disc_original_delay_clean,16.600000,-1.670557,-1.099654,-2.176065,-0.041024,-1.201453,1.000000,-1.000000,0.800000,-0.571561,-1.293568,-0.162193,0.159823,-0.212814,0.227706,0.212814,0.978478,0,0
6d_disc_original_delay_clean,16.650000,-1.658080,-1.118378,-2.208567,-0.071598,-1.181460,1.000000,-0.995855,0.800000,-0.541751,-1.303162,-0.175649,0.128972,-0.204071,0.217914,0.204071,0.986780,0,0
6d_disc_original_delay_clean,16.700000,-1.645394,-1.136960,-2.239916,-0.106772,-1.159140,1.000000,-0.672064,0.800000,-0.215791,-1.185371,-0.185507,0.096531,-0.193001,0.209119,0.193001,1.001012,0,0
6d_disc_original_delay_clean,16.750000,-1.632499,-1.155399,-2.269920,-0.146121,-1.134765,1.000000,-0.330597,0.800000,0.122681,-1.046061,-0.192061,0.062765,-0.179876,0.202056,0.179876,1.018465,0,0
6d_disc_original_delay_clean,16.800000,-1.619398,-1.173691,-2.298395,-0.189255,-1.108573,1.000000,0.030479,0.800000,0.473220,-0.881471,-0.195563,0.027928,-0.164934,0.197547,0.164934,1.037319,0,0
6d_disc_original_delay_clean,16.850000,-1.606092,-1.191834,-2.325163,-0.235817,-1.080775,1.000000,0.411210,0.800000,0.833465,-0.688789,-0.196233,-0.007740,-0.148386,0.196386,0.148386,1.056419,0,0
6d_disc_original_delay_clean,16.900000,-1.592582,-1.209827,-2.350038,-0.285460,-1.051558,1.000000,0.808284,0.800000,1.197969,-0.467112,-0.194260,-0.043993,-0.130419,0.199180,0.130419,1.074654,0,0
6d_disc_original_delay_clean,16.950000,-1.578871,-1.227667,-2.371237,-0.336942,-1.021088,1.000000,1.000000,0.800000,1.375116,-0.330238,-0.189551,-0.078765,-0.111199,0.205264,0.111199,1.058802,0,0
6d_disc_original_delay_clean,17.000000,-1.564960,-1.245351,-2.387178,-0.388948,-0.989509,1.000000,1.000000,0.800000,1.384857,-0.286656,-0.182093,-0.110107,-0.090870,0.212795,0.090870,1.012817,0,0
6d_disc_original_delay_clean,17.050000,-1.550851,-1.262878,-2.396466,-0.440090,-0.956951,1.000000,1.000000,0.800000,1.393454,-0.241424,-0.171964,-0.136171,-0.069562,0.219350,0.069562,0.941657,0,0
6d_disc_original_delay_clean,17.100000,-1.536546,-1.280244,-2.397896,-0.488905,-0.923528,1.000000,1.000000,0.800000,1.400743,-0.194725,-0.159334,-0.155197,-0.047389,0.222426,0.047389,0.852743,0,0
6d_disc_original_delay_clean,17.150000,-1.522046,-1.297449,-2.390462,-0.533866,-0.889340,1.000000,1.000000,0.727325,1.406581,-0.146732,-0.144467,-0.165529,-0.024451,0.219706,0.024451,0.758796,0,0
6d_disc_original_delay_clean,17.200000,-1.507354,-1.314490,-2.374361,-0.574204,-0.854476,1.000000,1.000000,0.418934,1.410841,-0.097614,-0.127772,-0.166894,-0.000837,0.210189,0.000837,0.691374,0,0
6d_disc_original_delay_clean,17.250000,-1.492471,-1.331364,-2.350695,-0.609901,-0.819015,1.000000,1.000000,0.051038,1.413415,-0.047533,-0.109686,-0.160172,0.023374,0.194129,0.023374,0.665184,0,0
6d_disc_original_delay_clean,17.300000,-1.477399,-1.348070,-2.320459,-0.640963,-0.783027,1.000000,1.000000,-0.398612,1.414210,0.003354,-0.090591,-0.146153,0.048112,0.171952,0.048112,0.672580,0,0
6d_disc_original_delay_clean,17.350000,-1.462140,-1.364605,-2.284545,-0.667414,-0.746571,1.000000,1.000000,-0.800000,1.413148,0.054896,-0.070824,-0.125541,0.073318,0.144141,0.073318,0.703780,0,0
6d_disc_original_delay_clean,17.400000,-1.446696,-1.380967,-2.243761,-0.689298,-0.710126,1.000000,1.000000,-0.800000,1.410209,0.106350,-0.050678,-0.098969,0.098512,0.111190,0.098512,0.743987,0,0
6d_disc_original_delay_clean,17.450000,-1.431069,-1.397155,-2.198840,-0.706693,-0.675484,1.000000,1.000000,-0.800000,1.405679,0.155130,-0.030397,-0.067026,0.121905,0.073596,0.121905,0.770655,0,0
6d_disc_original_delay_clean,17.500000,-1.415261,-1.413166,-2.150461,-0.719779,-0.644572,1.000000,1.000000,-0.800000,1.400213,0.198500,-0.010141,-0.030315,0.141566,0.031966,0.141566,0.784338,0,0
6d_disc_original_delay_clean,17.550000,-1.399274,-1.428997,-2.099229,-0.728863,-0.619573,0.738482,0.342023,-0.800000,0.799826,-0.150377,0.010042,0.010531,0.155316,0.014551,0.155316,0.790879,0,0
6d_disc_original_delay_clean,17.600000,-1.383109,-1.444648,-2.045659,-0.734398,-0.602132,0.260401,-0.534216,-0.800000,-0.087976,-0.587755,0.030247,0.054841,0.161507,0.062629,0.161507,0.808130,0,0
6d_disc_original_delay_clean,17.650000,-1.366770,-1.460117,-1.990156,-0.736966,-0.591370,-0.134454,-1.000000,-0.800000,-0.669119,-0.755220,0.050701,0.101930,0.161019,0.113843,0.161019,0.849973,0,0
6d_disc_original_delay_clean,17.700000,-1.350257,-1.475400,-1.933016,-0.737121,-0.586510,-0.423419,-1.000000,-0.800000,-0.906114,-0.598533,0.071665,0.151191,0.154629,0.167316,0.154629,0.905241,0,0
6d_disc_original_delay_clean,17.750000,-1.333574,-1.490497,-1.874461,-0.735389,-0.586867,-0.615114,-1.000000,-0.800000,-1.065948,-0.492058,0.093408,0.202086,0.143022,0.222630,0.143022,0.966510,0,0
6d_disc_original_delay_clean,17.800000,-1.316722,-1.505405,-1.818038,-0.734598,-0.591833,-0.729930,-1.000000,-0.800000,-1.163667,-0.422703,0.115189,0.250141,0.126806,0.275389,0.126806,0.956474,0,0
6d_disc_original_delay_clean,17.850000,-1.299703,-1.520122,-1.768649,-0.737569,-0.600873,-0.807333,-1.000000,-0.800000,-1.231285,-0.368406,0.135029,0.290043,0.106516,0.319934,0.106516,0.863044,0,0
6d_disc_original_delay_clean,17.900000,-1.282520,-1.534648,-1.728960,-0.744943,-0.613513,-0.857878,-1.000000,-0.534678,-1.277171,-0.323713,0.151030,0.319675,0.082626,0.353557,0.082626,0.759416,0,0
6d_disc_original_delay_clean,17.950000,-1.265174,-1.548979,-1.699331,-0.755238,-0.629335,-0.862605,-1.000000,-0.266241,-1.285953,-0.300684,0.161640,0.340101,0.055554,0.376558,0.055554,0.707666,0,0
6d_disc_original_delay_clean,18.000000,-1.247668,-1.563113,-1.679608,-0.767345,-0.647968,-0.803126,-1.000000,0.010587,-1.243910,-0.312571,0.165987,0.352480,0.025671,0.389607,0.025671,0.715600,0,0
6d_disc_original_delay_clean,18.050000,-1.230005,-1.577051,-1.669274,-0.780440,-0.669085,-0.679837,-1.000000,0.301277,-1.153526,-0.362708,0.163708,0.357996,-0.006696,0.393651,0.006696,0.773181,0,0
6d_disc_original_delay_clean,18.100000,-1.212185,-1.590788,-1.667676,-0.793853,-0.692398,-0.493599,-1.000000,0.609318,-1.018317,-0.454611,0.154689,0.357808,-0.041259,0.389815,0.041259,0.861328,0,0
6d_disc_original_delay_clean,18.150000,-1.194213,-1.604324,-1.674090,-0.807026,-0.716109,-0.244808,-1.000000,0.800000,-0.841129,-0.593660,0.138989,0.353024,-0.076220,0.379400,0.076220,0.940333,0,0
6d_disc_original_delay_clean,18.200000,-1.176089,-1.617657,-1.687633,-0.819624,-0.738611,0.056726,-1.000000,0.800000,-0.631318,-0.777596,0.116969,0.344661,-0.109972,0.363969,0.109972,1.005361,0,0
6d_disc_original_delay_clean,18.250000,-1.157816,-1.630786,-1.707216,-0.831640,-0.758434,0.400569,-1.000000,0.800000,-0.397007,-1.001420,0.089391,0.333566,-0.141045,0.345336,0.141045,1.052967,0,0
6d_disc_original_delay_clean,18.300000,-1.139397,-1.643708,-1.731597,-0.843415,-0.774201,0.770957,-1.000000,0.800000,-0.147927,-1.253990,0.057373,0.320348,-0.168062,0.325445,0.168062,1.080942,0,0
6d_disc_original_delay_clean,18.350000,-1.120834,-1.656421,-1.759420,-0.855631,-0.784592,1.000000,-1.000000,0.800000,0.001140,-1.414213,0.022339,0.305349,-0.189703,0.306165,0.189703,1.088700,0,0
6d_disc_original_delay_clean,18.400000,-1.102128,-1.668926,-1.789235,-0.869279,-0.789124,1.000000,-1.000000,0.800000,-0.005269,-1.414204,-0.014022,0.288636,-0.205485,0.288976,0.205485,1.082879,0,0
6d_disc_original_delay_clean,18.450000,-1.083284,-1.681219,-1.819531,-0.885550,-0.788477,1.000000,-1.000000,0.800000,-0.004355,-1.414207,-0.049864,0.270065,-0.216088,0.274629,0.216088,1.068665,0,0
6d_disc_original_delay_clean,18.500000,-1.064302,-1.693299,-1.848776,-0.905697,-0.783255,1.000000,-1.000000,0.800000,0.003031,-1.414210,-0.083298,0.249364,-0.222116,0.262909,0.222116,1.043849,0,0
6d_disc_original_delay_clean,18.550000,-1.045185,-1.705165,-1.875454,-0.930918,-0.773989,1.000000,-1.000000,0.800000,0.016135,-1.414122,-0.112489,0.226217,-0.224100,0.252642,0.224100,1.011680,0,0
6d_disc_original_delay_clean,18.600000,-1.025936,-1.716815,-1.898729,-0.961646,-0.761149,1.000000,-1.000000,0.800000,0.034291,-1.413798,-0.136589,0.200528,-0.222510,0.242628,0.222510,0.986552,0,0
6d_disc_original_delay_clean,18.650000,-1.006558,-1.728248,-1.918747,-0.997283,-0.745150,1.000000,-1.000000,0.800000,0.056903,-1.413068,-0.156124,0.172559,-0.217761,0.232705,0.217761,0.978846,0,0
6d_disc_original_delay_clean,18.700000,-0.987052,-1.739462,-1.935601,-1.037270,-0.726361,1.000000,-1.000000,0.800000,0.083442,-1.411750,-0.171533,0.142585,-0.210222,0.223056,0.210222,0.983086,0,0
6d_disc_original_delay_clean,18.750000,-0.967421,-1.750456,-1.949343,-1.081089,-0.705106,1.000000,-0.804214,0.800000,0.240320,-1.260558,-0.183186,0.110883,-0.200217,0.214132,0.200217,0.994918,0,0
6d_disc_original_delay_clean,18.800000,-0.947667,-1.761229,-1.960002,-1.128258,-0.681671,1.000000,-0.472334,0.800000,0.478908,-0.996869,-0.191400,0.077725,-0.188032,0.206580,0.188032,1.011136,0,0
6d_disc_original_delay_clean,18.850000,-0.927794,-1.771778,-1.967591,-1.178329,-0.656310,1.000000,-0.122425,0.800000,0.717546,-0.707188,-0.196445,0.043372,-0.173921,0.201176,0.173921,1.029522,0,0
6d_disc_original_delay_clean,18.900000,-0.907803,-1.782104,-1.972115,-1.230888,-0.629246,1.000000,0.246495,0.800000,0.953542,-0.389252,-0.198555,0.008069,-0.158107,0.198719,0.158107,1.048630,0,0
6d_disc_original_delay_clean,18.950000,-0.887697,-1.792204,-1.973576,-1.285548,-0.600679,1.000000,0.632800,0.800000,1.182612,-0.043173,-0.197936,-0.027951,-0.140790,0.199900,0.140790,1.067577,0,0
6d_disc_original_delay_clean,19.000000,-0.867479,-1.802077,-1.971333,-1.341013,-0.570782,1.000000,1.000000,0.800000,1.381769,0.301189,-0.194596,-0.063349,-0.122143,0.204648,0.122143,1.065541,0,0
6d_disc_original_delay_clean,19.050000,-0.847151,-1.811721,-1.964478,-1.395400,-0.539710,1.000000,1.000000,0.800000,1.371745,0.343971,-0.188486,-0.096143,-0.102321,0.211590,0.102321,1.031865,0,0
6d_disc_original_delay_clean,19.100000,-0.826716,-1.821137,-1.952308,-1.446849,-0.507600,1.000000,1.000000,0.800000,1.359995,0.387833,-0.179643,-0.124458,-0.081461,0.218544,0.081461,0.971016,0,0
6d_disc_original_delay_clean,19.150000,-0.806177,-1.830322,-1.934322,-1.493521,-0.474572,1.000000,1.000000,0.800000,1.346446,0.432530,-0.168195,-0.146515,-0.059683,0.223061,0.059683,0.889144,0,0
6d_disc_original_delay_clean,19.200000,-0.785535,-1.839276,-1.910221,-1.533603,-0.440734,1.000000,1.000000,0.800000,1.331042,0.477835,-0.154362,-0.160631,-0.037095,0.222778,0.037095,0.796203,0,0
6d_disc_original_delay_clean,19.250000,-0.764794,-1.847996,-1.879997,-1.565505,-0.406180,1.000000,1.000000,0.593385,1.313740,0.523534,-0.138470,-0.165429,-0.013791,0.215733,0.013791,0.711321,0,0
6d_disc_original_delay_clean,19.300000,-0.743956,-1.856483,-1.844692,-1.589714,-0.370992,1.000000,1.000000,0.259427,1.294508,0.569428,-0.120982,-0.161823,0.010147,0.202048,0.010147,0.669488,0,0
6d_disc_original_delay_clean,19.350000,-0.723024,-1.864735,-1.805233,-1.606687,-0.335244,1.000000,1.000000,-0.146732,1.273330,0.615330,-0.102304,-0.150636,0.034645,0.182091,0.034645,0.664654,0,0
6d_disc_original_delay_clean,19.400000,-0.702000,-1.872751,-1.762445,-1.616852,-0.299003,1.000000,1.000000,-0.649636,1.250198,0.661064,-0.082795,-0.132599,0.059636,0.156325,0.059636,0.687522,0,0
6d_disc_original_delay_clean,19.450000,-0.680888,-1.880530,-1.717063,-1.620617,-0.262324,1.000000,1.000000,-0.800000,1.225115,0.706465,-0.062765,-0.108373,0.085065,0.125236,0.085065,0.728555,0,0
6d_disc_original_delay_clean,19.500000,-0.659689,-1.888070,-1.669741,-1.618363,-0.226460,1.000000,1.000000,-0.800000,1.198997,0.749938,-0.042486,-0.078547,0.109679,0.089301,0.109679,0.764097,0,0
6d_disc_original_delay_clean,19.550000,-0.638407,-1.895372,-1.621048,-1.610513,-0.193258,1.000000,1.000000,-0.800000,1.173441,0.789326,-0.022163,-0.043705,0.131631,0.049004,0.131631,0.785285,0,0
6d_disc_original_delay_clean,19.600000,-0.617044,-1.902434,-1.571449,-1.597562,-0.164770,1.000000,0.664803,-0.800000,1.095501,0.491774,-0.001906,-0.004455,0.148869,0.004846,0.148869,0.794878,0,0
6d_disc_original_delay_clean,19.650000,-0.595603,-1.909256,-1.521272,-1.580092,-0.143371,0.521782,-0.244353,-0.800000,0.481515,-0.316399,0.018305,0.038563,0.159018,0.042687,0.159018,0.802357,0,0
6d_disc_original_delay_clean,19.700000,-0.574087,-1.915835,-1.470686,-1.558784,-0.129112,0.082021,-1.000000,-0.800000,-0.047415,-1.002237,0.038643,0.084663,0.162027,0.093065,0.162027,0.832554,0,0
6d_disc_original_delay_clean,19.750000,-0.552498,-1.922172,-1.419740,-1.534301,-0.121162,-0.256485,-1.000000,-0.800000,-0.375471,-0.961669,0.059357,0.133203,0.158727,0.145829,0.158727,0.881515,0,0
6d_disc_original_delay_clean,19.800000,-0.530839,-1.928266,-1.368417,-1.507240,-0.118788,-0.492007,-1.000000,-0.800000,-0.607048,-0.934646,0.080714,0.183616,0.149851,0.200573,0.149851,0.939970,0,0
6d_disc_original_delay_clean,19.850000,-0.509113,-1.934116,-1.316889,-1.480068,-0.121341,-0.642290,-1.000000,-0.800000,-0.758611,-0.914903,0.103253,0.233466,0.136048,0.255279,0.136048,0.972376,0,0
6d_disc_original_delay_clean,19.900000,-0.487322,-1.939721,-1.268451,-1.457950,-0.128248,-0.747728,-1.000000,-0.800000,-0.869483,-0.896156,0.125025,0.276920,0.117891,0.303835,0.117891,0.906668,0,0
6d_disc_original_delay_clean,19.950000,-0.465470,-1.945080,-1.225783,-1.444527,-0.139003,-0.825434,-1.000000,-0.670846,-0.956028,-0.875986,0.144069,0.309857,0.095886,0.341713,0.095886,0.792052,0,0
6d_disc_original_delay_clean,20.000000,-0.443559,-1.950194,-1.190232,-1.438622,-0.153159,-0.871854,-1.000000,-0.407536,-1.014209,-0.855284,0.158465,0.333235,0.070480,0.368994,0.070480,0.719351,0,0
6d_disc_original_delay_clean,20.050000,-0.421592,-1.955060,-1.162459,-1.439158,-0.170319,-0.855636,-1.000000,-0.138542,-1.012753,-0.840503,0.167030,0.348138,0.042070,0.386133,0.042070,0.701855,0,0
6d_disc_original_delay_clean,20.100000,-0.399571,-1.959679,-1.142593,-1.445151,-0.190136,-0.776826,-1.000000,0.142546,-0.951819,-0.835164,0.169162,0.355711,0.011003,0.393886,0.011003,0.738153,0,0
6d_disc_original_delay_clean,20.150000,-0.377500,-1.964050,-1.130513,-1.455680,-0.212300,-0.635588,-1.000000,0.440522,-0.832027,-0.843625,0.164568,0.357101,-0.022411,0.393197,0.022411,0.812945,0,0
6d_disc_original_delay_clean,20.200000,-0.355381,-1.968173,-1.125962,-1.469892,-0.235786,-0.430936,-1.000000,0.757918,-0.652619,-0.871661,0.153142,0.353426,-0.057147,0.385178,0.057147,0.897442,0,0
6d_disc_original_delay_clean,20.250000,-0.333217,-1.972046,-1.128524,-1.487012,-0.258911,-0.166447,-1.000000,0.800000,-0.416927,-0.924054,0.134998,0.345751,-0.091522,0.371171,0.091522,0.970816,0,0
6d_disc_original_delay_clean,20.300000,-0.311011,-1.975670,-1.137434,-1.506431,-0.280153,0.149694,-1.000000,0.800000,-0.132644,-1.002404,0.110660,0.335018,-0.124014,0.352821,0.124014,1.029154,0,0
6d_disc_original_delay_clean,20.350000,-0.288765,-1.979044,-1.151619,-1.527759,-0.298095,0.505040,-1.000000,0.800000,0.189067,-1.104228,0.081029,0.321975,-0.153207,0.332015,0.153207,1.069675,0,0
6d_disc_original_delay_clean,20.400000,-0.266483,-1.982167,-1.169731,-1.550851,-0.311391,0.882906,-1.000000,0.800000,0.534063,-1.222416,0.047337,0.307120,-0.177752,0.310747,0.177752,1.090831,0,0
6d_disc_original_delay_clean,20.450000,-0.244167,-1.985040,-1.190172,-1.575811,-0.318734,1.000000,-1.000000,0.800000,0.636269,-1.262997,0.011111,0.290676,-0.196345,0.290888,0.196345,1.092805,0,0
6d_disc_original_delay_clean,20.500000,-0.221821,-1.987661,-1.211140,-1.602952,-0.320571,1.000000,-1.000000,0.800000,0.633947,-1.264164,-0.025883,0.272609,-0.209432,0.273835,0.209432,1.087311,0,0
6d_disc_original_delay_clean,20.550000,-0.199446,-1.990030,-1.230719,-1.632696,-0.317544,1.000000,-1.000000,0.800000,0.637770,-1.262240,-0.061767,0.252712,-0.217655,0.260150,0.217655,1.071153,0,0
6d_disc_original_delay_clean,20.600000,-0.177046,-1.992148,-1.246967,-1.665474,-0.310218,1.000000,-1.000000,0.800000,0.647001,-1.257533,-0.094639,0.230680,-0.221579,0.249339,0.221579,1.043972,0,0
6d_disc_original_delay_clean,20.650000,-0.154624,-1.994014,-1.258001,-1.701648,-0.299093,1.000000,-1.000000,0.800000,0.660951,-1.250258,-0.122678,0.206187,-0.221704,0.239923,0.221704,1.010744,0,0
6d_disc_original_delay_clean,20.700000,-0.132182,-1.995627,-1.263552,-1.740991,-0.284610,1.000000,-1.000000,0.800000,0.678988,-1.240554,-0.145726,0.179307,-0.218471,0.231056,0.218471,0.990882,0,0
6d_disc_original_delay_clean,20.750000,-0.109723,-1.996988,-1.264006,-1.783039,-0.267160,1.000000,-1.000000,0.800000,0.700532,-1.228518,-0.164283,0.150301,-0.212271,0.222664,0.212271,0.986546,0,0
6d_disc_original_delay_clean,20.800000,-0.087250,-1.998096,-1.259687,-1.827342,-0.247087,1.000000,-0.899063,0.800000,0.749735,-1.116338,-0.178769,0.119444,-0.203448,0.215001,0.203448,0.992692,0,0
6d_disc_original_delay_clean,20.850000,-0.064767,-1.998951,-1.250869,-1.873468,-0.224698,1.000000,-0.566783,0.800000,0.848575,-0.775347,-0.189543,0.087007,-0.192309,0.208559,0.192309,1.005397,0,0
6d_disc_original_delay_clean,20.900000,-0.042275,-1.999553,-1.237793,-1.921009,-0.200261,1.000000,-0.219478,0.800000,0.936355,-0.414016,-0.196911,0.053256,-0.179122,0.203986,0.179122,1.021815,0,0
6d_disc_original_delay_clean,20.950000,-0.019778,-1.999902,-1.220673,-1.969582,-0.174014,1.000000,0.143783,0.800000,1.009792,-0.031526,-0.201137,0.018443,-0.164125,0.201981,0.164125,1.040003,0,0
6d_disc_original_delay_clean,21.000000,0.002722,-1.999998,-1.199704,-2.018827,-0.146168,1.000000,0.521999,0.800000,1.065365,0.370784,-0.202450,-0.017193,-0.147529,0.203179,0.147529,1.058708,0,0
6d_disc_original_delay_clean,21.050000,0.025221,-1.999841,-1.174977,-2.067832,-0.116909,1.000000,0.911012,0.800000,1.099437,0.788150,-0.200960,-0.052850,-0.129520,0.207794,0.129520,1.066597,0,0
6d_disc_original_delay_clean,21.100000,0.047718,-1.999431,-1.146478,-2.114432,-0.086401,1.000000,1.000000,0.800000,1.082563,0.909976,-0.196600,-0.086476,-0.110262,0.214778,0.110262,1.041189,0,0
6d_disc_original_delay_clean,21.150000,0.070208,-1.998767,-1.114367,-2.156598,-0.054789,1.000000,1.000000,0.800000,1.053261,0.943738,-0.189385,-0.116151,-0.089900,0.222165,0.089900,0.986966,0,0
6d_disc_original_delay_clean,21.200000,0.092689,-1.997851,-1.078974,-2.192430,-0.022202,1.000000,1.000000,0.800000,1.021954,0.977554,-0.179422,-0.140070,-0.068563,0.227622,0.068563,0.909733,0,0
6d_disc_original_delay_clean,21.250000,0.115158,-1.996682,-1.040802,-2.220154,0.011247,1.000000,1.000000,0.800000,0.988690,1.011184,-0.166910,-0.156542,-0.046364,0.228833,0.046364,0.818285,0,0
6d_disc_original_delay_clean,21.300000,0.137613,-1.995260,-1.000515,-2.238151,0.045458,1.000000,1.000000,0.709067,0.953524,1.044410,-0.152143,-0.164005,-0.023403,0.223707,0.023403,0.727497,0,0
6d_disc_original_delay_clean,21.350000,0.160051,-1.993586,-0.958845,-2.246756,0.080342,1.000000,1.000000,0.402962,0.916518,1.077030,-0.135567,-0.162819,0.000231,0.211868,0.000231,0.672831,0,0
6d_disc_original_delay_clean,21.400000,0.182468,-1.991659,-0.916448,-2.246810,0.115821,1.000000,1.000000,0.034708,0.877738,1.108863,-0.117612,-0.153828,0.024460,0.193638,0.024460,0.657647,0,0
6d_disc_original_delay_clean,21.450000,0.204862,-1.989480,-0.873901,-2.239082,0.151826,1.000000,1.000000,-0.418126,0.837253,1.139740,-0.098656,-0.137790,0.049215,0.169467,0.049215,0.673313,0,0
6d_disc_original_delay_clean,21.500000,0.227230,-1.987050,-0.831703,-2.224276,0.188295,1.000000,1.000000,-0.800000,0.795140,1.169509,-0.079029,-0.115380,0.074434,0.139850,0.074434,0.709965,0,0
6d_disc_original_delay_clean,21.550000,0.249570,-1.984368,-0.790291,-2.203042,0.224646,1.000000,1.000000,-0.800000,0.752112,1.197634,-0.059020,-0.087207,0.099535,0.105301,0.099535,0.751995,0,0
6d_disc_original_delay_clean,21.600000,0.271878,-1.981434,-0.750028,-2.175997,0.259113,1.000000,1.000000,-0.800000,0.710394,1.222841,-0.038868,-0.053839,0.122752,0.066403,0.122752,0.779828,0,0
6d_disc_original_delay_clean,21.650000,0.294151,-1.978251,-0.711161,-2.143774,0.289774,1.000000,0.899284,-0.800000,0.701351,1.147527,-0.018724,-0.015867,0.142163,0.024543,0.142163,0.794413,0,0
6d_disc_original_delay_clean,21.700000,0.316387,-1.974816,-0.673792,-2.107026,0.314439,0.901062,-0.014337,-0.800000,0.861317,0.265049,0.001374,0.026095,0.155578,0.026131,0.155578,0.801882,0,0
6d_disc_original_delay_clean,21.750000,0.338584,-1.971132,-0.637848,-2.066420,0.331585,0.415367,-0.846087,-0.800000,0.668177,-0.664779,0.021530,0.071389,0.161474,0.074565,0.161474,0.820712,0,0
6d_disc_original_delay_clean,21.800000,0.360737,-1.967198,-0.603100,-2.022606,0.342085,0.019597,-1.000000,-0.800000,0.353914,-0.935483,0.041977,0.119347,0.160724,0.126514,0.160724,0.863108,0,0
6d_disc_original_delay_clean,21.850000,0.382845,-1.963016,-0.569273,-1.976139,0.346714,-0.271427,-1.000000,-0.800000,0.084534,-1.032728,0.062977,0.169376,0.154103,0.180705,0.154103,0.918343,0,0
6d_disc_original_delay_clean,21.900000,0.404904,-1.958584,-0.535879,-1.928044,0.346153,-0.468427,-1.000000,-0.800000,-0.101360,-1.099614,0.084882,0.220371,0.142292,0.236153,0.142292,0.970210,0,0
6d_disc_original_delay_clean,21.950000,0.426912,-1.953905,-0.501388,-1.883859,0.341007,-0.596766,-1.000000,-0.800000,-0.227967,-1.141998,0.108047,0.266583,0.125896,0.287647,0.125896,0.941170,0,0
6d_disc_original_delay_clean,22.000000,0.448866,-1.948979,-0.466786,-1.848798,0.331807,-0.711988,-1.000000,-0.777885,-0.347400,-1.177387,0.130191,0.303128,0.105446,0.329904,0.105446,0.841096,0,0
6d_disc_original_delay_clean,22.050000,0.470763,-1.943806,-0.433922,-1.823555,0.319026,-0.799800,-1.000000,-0.511774,-0.445801,-1.200392,0.149039,0.329818,0.081415,0.361929,0.081415,0.756513,0,0
6d_disc_original_delay_clean,22.100000,0.492600,-1.938387,-0.404271,-1.807637,0.303080,-0.833855,-1.000000,-0.248121,-0.497387,-1.203295,0.162961,0.347622,0.054219,0.383924,0.054219,0.715267,0,0
6d_disc_original_delay_clean,22.150000,0.514376,-1.932723,-0.378712,-1.800351,0.284338,-0.808707,-1.000000,0.024092,-0.495714,-1.186707,0.170999,0.357611,0.024226,0.396391,0.024226,0.724013,0,0
6d_disc_original_delay_clean,22.200000,0.536086,-1.926814,-0.357707,-1.800890,0.263123,-0.724212,-1.000000,0.310687,-0.439189,-1.153948,0.172667,0.360891,-0.008238,0.400070,0.008238,0.775618,0,0
6d_disc_original_delay_clean,22.250000,0.557728,-1.920661,-0.341643,-1.808451,0.239852,-0.580103,-1.000000,0.615554,-0.325937,-1.109182,0.167598,0.358561,-0.042759,0.395797,0.042759,0.853809,0,0
6d_disc_original_delay_clean,22.300000,0.579300,-1.914265,-0.330743,-1.822213,0.216312,-0.374129,-1.000000,0.800000,-0.150780,-1.056995,0.155631,0.351700,-0.077549,0.384596,0.077549,0.924531,0,0
6d_disc_original_delay_clean,22.350000,0.600798,-1.907627,-0.324886,-1.841318,0.194067,-0.113319,-1.000000,0.800000,0.081660,-1.003082,0.136989,0.341322,-0.111044,0.367786,0.111044,0.984545,0,0
6d_disc_original_delay_clean,22.400000,0.622220,-1.900748,-0.323579,-1.864923,0.174549,0.194844,-1.000000,0.800000,0.365547,-0.950968,0.112282,0.328295,-0.141812,0.346965,0.141812,1.031061,0,0
6d_disc_original_delay_clean,22.450000,0.643564,-1.893628,-0.325968,-1.892259,0.159106,0.538562,-1.000000,0.800000,0.690195,-0.902042,0.082474,0.313274,-0.168505,0.323948,0.168505,1.062089,0,0
6d_disc_original_delay_clean,22.500000,0.664826,-1.886268,-0.330862,-1.922656,0.149038,0.902758,-1.000000,0.800000,1.041237,-0.854867,0.048837,0.296661,-0.189823,0.300654,0.189823,1.076899,0,0
6d_disc_original_delay_clean,22.550000,0.686004,-1.878669,-0.336744,-1.955546,0.144791,1.000000,-1.000000,0.800000,1.133822,-0.845250,0.012928,0.278592,-0.205320,0.278892,0.205320,1.081552,0,0
6d_disc_original_delay_clean,22.600000,0.707095,-1.870833,-0.341879,-1.990437,0.145690,1.000000,-1.000000,0.800000,1.134581,-0.844231,-0.023513,0.258983,-0.215671,0.260048,0.215671,1.079356,0,0
6d_disc_original_delay_clean,22.650000,0.728097,-1.862760,-0.344424,-2.026863,0.151135,1.000000,-1.000000,0.800000,1.139161,-0.838040,-0.058666,0.237607,-0.221476,0.244742,0.221476,1.066017,0,0
6d_disc_original_delay_clean,22.700000,0.749007,-1.854451,-0.342527,-2.064342,0.160598,1.000000,-1.000000,0.800000,1.147041,-0.827223,-0.090703,0.214167,-0.223263,0.232582,0.223263,1.042089,0,0
6d_disc_original_delay_clean,22.750000,0.769821,-1.845908,-0.334426,-2.102345,0.173613,1.000000,-1.000000,0.800000,1.157709,-0.812225,-0.117875,0.188357,-0.221499,0.222200,0.221499,1.012862,0,0
6d_disc_original_delay_clean,22.800000,0.790539,-1.837131,-0.320101,-2.140555,0.189764,1.000000,-1.000000,0.800000,1.170676,-0.793421,-0.140129,0.160286,-0.216597,0.212903,0.216597,0.996794,0,0
6d_disc_original_delay_clean,22.850000,0.811156,-1.828121,-0.300090,-2.178727,0.208689,1.000000,-1.000000,0.800000,1.185481,-0.771125,-0.157944,0.130222,-0.208922,0.204705,0.208922,0.994683,0,0
6d_disc_original_delay_clean,22.900000,0.831670,-1.818880,-0.274880,-2.216602,0.230065,1.000000,-0.740463,0.800000,1.142507,-0.492912,-0.171728,0.098438,-0.198796,0.197941,0.198796,1.001902,0,0
6d_disc_original_delay_clean,22.950000,0.852080,-1.809409,-0.244903,-2.253925,0.253606,1.000000,-0.386121,0.800000,1.064890,-0.122874,-0.181827,0.065203,-0.186505,0.193164,0.186505,1.014909,0,0
6d_disc_original_delay_clean,23.000000,0.872381,-1.799709,-0.210557,-2.290444,0.279061,1.000000,-0.015608,0.800000,0.965614,0.260449,-0.188541,0.030777,-0.172300,0.191036,0.172300,1.031164,0,0
6d_disc_original_delay_clean,23.050000,0.892572,-1.789781,-0.172202,-2.325921,0.306207,1.000000,0.370255,0.800000,0.841872,0.654477,-0.192129,-0.004593,-0.156404,0.192183,0.156404,1.048946,0,0
6d_disc_original_delay_clean,23.100000,0.912651,-1.779626,-0.130173,-2.360132,0.334848,1.000000,0.767871,0.800000,0.692118,1.053850,-0.192818,-0.040676,-0.139013,0.197061,0.139013,1.067152,0,0
6d_disc_original_delay_clean,23.150000,0.932613,-1.769246,-0.085274,-2.391445,0.364810,1.000000,1.000000,0.800000,0.577420,1.290963,-0.190582,-0.075764,-0.120301,0.205089,0.120301,1.058065,0,0
6d_disc_original_delay_clean,23.200000,0.952458,-1.758643,-0.038553,-2.417939,0.395939,1.000000,1.000000,0.800000,0.536960,1.308310,-0.185392,-0.107785,-0.100422,0.214448,0.100422,1.016315,0,0
6d_disc_original_delay_clean,23.250000,0.972182,-1.747817,0.008844,-2.437896,0.428100,1.000000,1.000000,0.800000,0.494614,1.324899,-0.177311,-0.134797,-0.079511,0.222731,0.079511,0.947181,0,0
6d_disc_original_delay_clean,23.300000,0.991783,-1.736769,0.055670,-2.449806,0.461172,1.000000,1.000000,0.800000,0.450534,1.340529,-0.166495,-0.154980,-0.057689,0.227462,0.057689,0.858249,0,0
6d_disc_original_delay_clean,23.350000,1.011258,-1.725502,0.100597,-2.452371,0.495049,1.000000,1.000000,0.800000,0.404870,1.355020,-0.153200,-0.166650,-0.035062,0.226368,0.035062,0.761981,0,0
6d_disc_original_delay_clean,23.400000,1.030606,-1.714016,0.142707,-2.445414,0.529639,1.000000,1.000000,0.564990,0.357768,1.368211,-0.137827,-0.169277,-0.011722,0.218291,0.011722,0.688011,0,0
6d_disc_original_delay_clean,23.450000,1.049823,-1.702314,0.181766,-2.430027,0.564857,1.000000,1.000000,0.227930,0.309369,1.379960,-0.120837,-0.163746,0.012246,0.203505,0.012246,0.656337,0,0
6d_disc_original_delay_clean,23.500000,1.068907,-1.690396,0.217582,-2.407200,0.600632,1.000000,1.000000,-0.181677,0.259814,1.390143,-0.102637,-0.150848,0.036771,0.182454,0.036771,0.659822,0,0
6d_disc_original_delay_clean,23.550000,1.087856,-1.678264,0.250002,-2.377826,0.636898,1.000000,1.000000,-0.689131,0.209240,1.398649,-0.083581,-0.131293,0.061787,0.155639,0.061787,0.688645,0,0
6d_disc_original_delay_clean,23.600000,1.106667,-1.665920,0.278909,-2.342714,0.673598,1.000000,1.000000,-0.800000,0.157780,1.405384,-0.063982,-0.105716,0.087237,0.123570,0.087237,0.733486,0,0
6d_disc_original_delay_clean,23.650000,1.125338,-1.653364,0.304216,-2.302598,0.709316,1.000000,1.000000,-0.800000,0.107493,1.410122,-0.044111,-0.074689,0.111705,0.086742,0.111705,0.769196,0,0
6d_disc_original_delay_clean,23.700000,1.143867,-1.640600,0.325925,-2.258171,0.742205,1.000000,1.000000,-0.800000,0.061065,1.412895,-0.024168,-0.038785,0.133344,0.045699,0.133344,0.790192,0,0
6d_disc_original_delay_clean,23.750000,1.162251,-1.627628,0.344164,-2.210087,0.770214,1.000000,0.521629,-0.800000,0.354557,1.070694,-0.004253,0.001398,0.150103,0.004477,0.150103,0.799899,0,0
6d_disc_original_delay_clean,23.800000,1.180488,-1.614450,0.359210,-2.158938,0.790959,0.566743,-0.380132,-0.800000,0.668797,0.135676,0.015663,0.045230,0.159598,0.047866,0.159598,0.808451,0,0
6d_disc_original_delay_clean,23.850000,1.198575,-1.601067,0.371520,-2.105248,0.804642,0.132508,-1.000000,-0.800000,0.812459,-0.597887,0.035765,0.092031,0.162030,0.098736,0.162030,0.840721,0,0
6d_disc_original_delay_clean,23.900000,1.216511,-1.587482,0.381591,-2.049436,0.812081,-0.201299,-1.000000,-0.800000,0.587229,-0.834077,0.056303,0.141173,0.158220,0.151987,0.158220,0.890607,0,0
6d_disc_original_delay_clean,23.950000,1.234293,-1.573697,0.389904,-1.991830,0.814005,-0.434286,-1.000000,-0.800000,0.428866,-1.002337,0.077544,0.192104,0.148894,0.207165,0.148894,0.949282,0,0
6d_disc_original_delay_clean,24.000000,1.251919,-1.559711,0.398939,-1.934599,0.811054,-0.584100,-1.000000,-0.800000,0.322723,-1.112215,0.100135,0.241572,0.134693,0.261504,0.134693,0.968902,0,0
6d_disc_original_delay_clean,24.050000,1.269386,-1.545529,0.410945,-1.883180,0.803795,-0.697674,-1.000000,-0.800000,0.235823,-1.196301,0.122323,0.283922,0.116184,0.309151,0.116184,0.897346,0,0
6d_disc_original_delay_clean,24.100000,1.286692,-1.531151,0.426604,-1.841298,0.792728,-0.786049,-1.000000,-0.644393,0.160539,-1.261785,0.142006,0.315893,0.093867,0.346344,0.093867,0.790611,0,0
6d_disc_original_delay_clean,24.150000,1.303836,-1.516579,0.444172,-1.809356,0.778298,-0.838176,-1.000000,-0.381940,0.105195,-1.300566,0.157259,0.338421,0.068187,0.373175,0.068187,0.723818,0,0
6d_disc_original_delay_clean,24.200000,1.320815,-1.501815,0.462386,-1.787267,0.760894,-0.829916,-1.000000,-0.113927,0.088528,-1.296504,0.166885,0.352564,0.039533,0.390067,0.039533,0.708788,0,0
6d_disc_original_delay_clean,24.250000,1.337626,-1.486861,0.480369,-1.774583,0.740863,-0.761267,-1.000000,0.166051,0.113196,-1.251684,0.170257,0.359444,0.008252,0.397727,0.008252,0.744006,0,0
6d_disc_original_delay_clean,24.300000,1.354268,-1.471719,0.497413,-1.770722,0.718509,-0.632371,-1.000000,0.462727,0.182222,-1.169054,0.167010,0.360182,-0.025352,0.397018,0.025352,0.815690,0,0
6d_disc_original_delay_clean,24.350000,1.370739,-1.456391,0.512935,-1.775032,0.695009,-0.441589,-1.000000,0.778655,0.301231,-1.050838,0.156964,0.355879,-0.060102,0.388958,0.060102,0.894333,0,0
6d_disc_original_delay_clean,24.400000,1.387036,-1.440878,0.526539,-1.786749,0.672020,-0.192652,-1.000000,0.800000,0.471805,-0.902505,0.140197,0.347592,-0.094341,0.374800,0.094341,0.962793,0,0
6d_disc_original_delay_clean,24.450000,1.403158,-1.425183,0.538164,-1.804930,0.651043,0.107062,-1.000000,0.800000,0.691179,-0.730571,0.117190,0.336257,-0.126568,0.356093,0.126568,1.017597,0,0
6d_disc_original_delay_clean,24.500000,1.419102,-1.409308,0.548100,-1.828516,0.633470,0.446476,-1.000000,0.800000,0.951795,-0.541689,0.088795,0.322624,-0.155391,0.334620,0.155391,1.056225,0,0
6d_disc_original_delay_clean,24.550000,1.434867,-1.393254,0.556992,-1.856373,0.620630,0.810637,-1.000000,0.800000,1.241011,-0.342088,0.056191,0.307195,-0.179481,0.312292,0.179481,1.077298,0,0
6d_disc_original_delay_clean,24.600000,1.450450,-1.377024,0.565825,-1.887313,0.613811,1.000000,-1.000000,0.800000,1.393446,-0.241472,0.020851,0.290212,-0.197550,0.290960,0.197550,1.081064,0,0
6d_disc_original_delay_clean,24.650000,1.465849,-1.360620,0.575878,-1.920105,0.612436,1.000000,-1.000000,0.800000,1.393112,-0.243388,-0.015516,0.271658,-0.210175,0.272101,0.210175,1.079479,0,0
6d_disc_original_delay_clean,24.700000,1.481063,-1.344043,0.588574,-1.953496,0.615871,1.000000,-1.000000,0.800000,1.393940,-0.238600,-0.051091,0.251351,-0.217990,0.256491,0.217990,1.067813,0,0
6d_disc_original_delay_clean,24.750000,1.496090,-1.327296,0.605372,-1.986211,0.623559,1.000000,-1.000000,0.800000,1.395733,-0.227878,-0.084021,0.229009,-0.221552,0.243936,0.221552,1.045112,0,0
6d_disc_original_delay_clean,24.800000,1.510927,-1.310382,0.627660,-2.016976,0.635004,1.000000,-1.000000,0.800000,1.398250,-0.211889,-0.112514,0.204322,-0.221357,0.233253,0.221357,1.015410,0,0
6d_disc_original_delay_clean,24.850000,1.525573,-1.293301,0.655795,-2.045167,0.649769,1.000000,-1.000000,0.800000,1.401226,-0.191221,-0.135955,0.177260,-0.217842,0.223394,0.217842,0.994176,0,0
6d_disc_original_delay_clean,24.900000,1.540025,-1.276057,0.689170,-2.070823,0.667468,1.000000,-1.000000,0.800000,1.404391,-0.166392,-0.154850,0.148086,-0.211393,0.214261,0.211393,0.988676,0,0
6d_disc_original_delay_clean,24.950000,1.554283,-1.258652,0.727227,-2.093937,0.687761,1.000000,-0.920012,0.800000,1.356701,-0.076057,-0.169623,0.117073,-0.202350,0.206102,0.202350,0.993879,0,0
6d_disc_original_delay_clean,25.000000,1.568344,-1.241087,0.769449,-2.114479,0.710345,1.000000,-0.579403,0.800000,1.135963,0.212828,-0.180639,0.084494,-0.191016,0.199424,0.191016,1.005851,0,0
6d_disc_original_delay_clean,25.050000,1.582207,-1.223364,0.815360,-2.132401,0.734954,1.000000,-0.222098,0.800000,0.890790,0.505787,-0.188209,0.050614,-0.177657,0.194895,0.177657,1.021719,0,0
6d_disc_original_delay_clean,25.100000,1.595870,-1.205488,0.864523,-2.147651,0.761353,1.000000,0.152507,0.800000,0.618689,0.800302,-0.192599,0.015684,-0.162508,0.193237,0.162508,1.039513,0,0
6d_disc_original_delay_clean,25.150000,1.609330,-1.187458,0.916529,-2.160173,0.789333,1.000000,0.542869,0.800000,0.318945,1.092236,-0.194046,-0.020056,-0.145778,0.195080,0.145778,1.057951,0,0
6d_disc_original_delay_clean,25.200000,1.622587,-1.169278,0.970671,-2.169590,0.818711,1.000000,0.943944,0.800000,-0.006167,1.375133,-0.192681,-0.055926,-0.127650,0.200634,0.127650,1.067859,0,0
6d_disc_original_delay_clean,25.250000,1.635638,-1.150951,1.025174,-2.174558,0.849324,1.000000,1.000000,0.800000,-0.090343,1.411325,-0.188433,-0.089811,-0.108287,0.208741,0.108287,1.043320,0,0
6d_disc_original_delay_clean,25.300000,1.648483,-1.132477,1.078260,-2.173959,0.881029,1.000000,1.000000,0.800000,-0.135036,1.407752,-0.181315,-0.119726,-0.087832,0.217277,0.087832,0.988809,0,0
6d_disc_original_delay_clean,25.350000,1.661118,-1.113861,1.128149,-2.166895,0.913698,1.000000,1.000000,0.800000,-0.180946,1.402590,-0.171434,-0.143804,-0.066413,0.223762,0.066413,0.910250,0,0
6d_disc_original_delay_clean,25.400000,1.673544,-1.095103,1.173062,-2.152684,0.947219,1.000000,1.000000,0.800000,-0.227852,1.395738,-0.158994,-0.160291,-0.044142,0.225770,0.044142,0.816801,0,0
6d_disc_original_delay_clean,25.450000,1.685758,-1.076207,1.211249,-2.130877,0.981494,1.000000,1.000000,0.684298,-0.275548,1.387110,-0.144294,-0.167568,-0.021117,0.221134,0.021117,0.724217,0,0
6d_disc_original_delay_clean,25.500000,1.697758,-1.057174,1.242713,-2.102397,1.016435,1.000000,1.000000,0.370557,-0.323836,1.376637,-0.127798,-0.166213,0.002574,0.209665,0.002574,0.670817,0,0
6d_disc_original_delay_clean,25.550000,1.709544,-1.038008,1.267740,-2.068269,1.051964,1.000000,1.000000,-0.006705,-0.372532,1.364265,-0.109935,-0.157068,0.026853,0.191719,0.026853,0.656832,0,0
6d_disc_original_delay_clean,25.600000,1.721113,-1.018710,1.286606,-2.029410,1.088013,1.000000,1.000000,-0.469967,-0.421460,1.349953,-0.091083,-0.140887,0.051652,0.167766,0.051652,0.673488,0,0
6d_disc_original_delay_clean,25.650000,1.732464,-0.999284,1.299579,-1.986643,1.124521,1.000000,1.000000,-0.800000,-0.470452,1.333670,-0.071570,-0.118347,0.076910,0.138305,0.076910,0.710870,0,0
6d_disc_original_delay_clean,25.700000,1.743596,-0.979731,1.306921,-1.940702,1.160762,1.000000,1.000000,-0.800000,-0.518467,1.315748,-0.051685,-0.090054,0.101901,0.103832,0.101901,0.751433,0,0
6d_disc_original_delay_clean,25.750000,1.754508,-0.960054,1.308920,-1.892244,1.194944,1.000000,1.000000,-0.800000,-0.563130,1.297260,-0.031662,-0.056583,0.124833,0.064839,0.124833,0.777643,0,0
6d_disc_original_delay_clean,25.800000,1.765197,-0.940255,1.305948,-1.841844,1.225113,1.000000,0.975489,-0.800000,-0.578943,1.271379,-0.011647,-0.018529,0.143751,0.021886,0.143751,0.790892,0,0
6d_disc_original_delay_clean,25.850000,1.775663,-0.920338,1.298479,-1.789964,1.249040,0.756162,0.053373,-0.800000,0.188489,0.734235,0.008334,0.023484,0.156429,0.024919,0.156429,0.798092,0,0
6d_disc_original_delay_clean,25.900000,1.785904,-0.900304,1.287107,-1.736933,1.265535,0.285167,-0.791231,-0.800000,0.840356,0.034185,0.028396,0.068792,0.161674,0.074422,0.161674,0.819636,0,0
6d_disc_original_delay_clean,25.950000,1.795919,-0.880156,1.272487,-1.682948,1.275460,-0.095487,-1.000000,-0.800000,0.928912,-0.382414,0.048774,0.116730,0.160349,0.126510,0.160349,0.863724,0,0
6d_disc_original_delay_clean,26.000000,1.805707,-0.859896,1.255225,-1.628116,1.279580,-0.371263,-1.000000,-0.800000,0.851300,-0.642748,0.069731,0.166710,0.153219,0.180706,0.153219,0.919879,0,0
6d_disc_original_delay_clean,26.050000,1.815267,-0.839528,1.236007,-1.572526,1.278570,-0.554263,-1.000000,-0.800000,0.797930,-0.818850,0.091554,0.218069,0.140959,0.236509,0.140959,0.979047,0,0
6d_disc_original_delay_clean,26.100000,1.824596,-0.819054,1.220042,-1.519084,1.273026,-0.666206,-1.000000,-0.800000,0.760535,-0.930277,0.113783,0.264852,0.124165,0.288259,0.124165,0.945868,0,0
6d_disc_original_delay_clean,26.150000,1.833695,-0.798475,1.211081,-1.471543,1.263476,-0.758005,-1.000000,-0.758153,0.723847,-1.024996,0.134329,0.302129,0.103365,0.330645,0.103365,0.840796,0,0
6d_disc_original_delay_clean,26.200000,1.842561,-0.777796,1.208936,-1.431744,1.250385,-0.822923,-1.000000,-0.489990,0.689920,-1.095999,0.151115,0.329428,0.079024,0.362434,0.079024,0.750657,0,0
6d_disc_original_delay_clean,26.250000,1.851195,-0.757019,1.212340,-1.400431,1.234165,-0.834119,-1.000000,-0.224550,0.668355,-1.117612,0.162647,0.347785,0.051554,0.383938,0.051554,0.709850,0,0
6d_disc_original_delay_clean,26.300000,1.859594,-0.736145,1.220219,-1.377773,1.215180,-0.784144,-1.000000,0.049979,0.664418,-1.083250,0.168080,0.358323,0.021319,0.395786,0.021319,0.723719,0,0
6d_disc_original_delay_clean,26.350000,1.867758,-0.715179,1.231663,-1.363541,1.193751,-0.673194,-1.000000,0.338988,0.681903,-0.994081,0.167047,0.362188,-0.011360,0.398855,0.011360,0.782056,0,0
6d_disc_original_delay_clean,26.400000,1.875685,-0.694122,1.245826,-1.357422,1.170406,-0.501764,-1.000000,0.645871,0.725333,-0.851856,0.159330,0.360503,-0.045955,0.394143,0.045955,0.864209,0,0
6d_disc_original_delay_clean,26.450000,1.883375,-0.672977,1.261954,-1.358979,1.146927,-0.269861,-1.000000,0.800000,0.800513,-0.657270,0.144899,0.354352,-0.080684,0.382833,0.080684,0.937239,0,0
6d_disc_original_delay_clean,26.500000,1.890827,-0.651747,1.279476,-1.367502,1.124872,0.014366,-1.000000,0.800000,0.908408,-0.418331,0.124092,0.344734,-0.113989,0.366388,0.113989,0.997592,0,0
6d_disc_original_delay_clean,26.550000,1.898039,-0.630434,1.298070,-1.381994,1.105673,0.341455,-1.000000,0.800000,1.046920,-0.143352,0.097634,0.332478,-0.144438,0.346518,0.144438,1.042260,0,0
6d_disc_original_delay_clean,26.600000,1.905011,-0.609042,1.317693,-1.401219,1.090677,0.697462,-1.000000,0.800000,1.209087,0.156721,0.066596,0.318189,-0.170684,0.325084,0.170684,1.069300,0,0
6d_disc_original_delay_clean,26.650000,1.911742,-0.587572,1.338587,-1.423741,1.081179,1.000000,-1.000000,0.800000,1.352801,0.412225,0.032346,0.302208,-0.191432,0.303934,0.191432,1.078304,0,0
6d_disc_original_delay_clean,26.700000,1.918231,-0.566028,1.361255,-1.447936,1.077438,1.000000,-1.000000,0.800000,1.354334,0.407161,-0.003484,0.284612,-0.206423,0.284634,0.206423,1.076985,0,0
6d_disc_original_delay_clean,26.750000,1.924478,-0.544413,1.386367,-1.472073,1.078782,1.000000,-1.000000,0.800000,1.353785,0.408981,-0.039108,0.265276,-0.216329,0.268143,0.216329,1.067708,0,0
6d_disc_original_delay_clean,26.800000,1.930480,-0.522728,1.414650,-1.494370,1.084621,1.000000,-1.000000,0.800000,1.351374,0.416879,-0.072688,0.243948,-0.221740,0.254547,0.221740,1.047788,0,0
6d_disc_original_delay_clean,26.850000,1.936239,-0.500978,1.446794,-1.513060,1.094433,1.000000,-1.000000,0.800000,1.347219,0.430118,-0.102417,0.220326,-0.223178,0.242967,0.223178,1.019610,0,0
6d_disc_original_delay_clean,26.900000,1.941752,-0.479164,1.483193,-1.526796,1.107755,1.000000,-1.000000,0.800000,1.341370,0.448026,-0.126984,0.194210,-0.221106,0.232040,0.221106,0.993075,0,0
6d_disc_original_delay_clean,26.950000,1.947020,-0.457289,1.523317,-1.535901,1.124178,1.000000,-1.000000,0.800000,1.333831,0.469995,-0.146916,0.165860,-0.215933,0.221571,0.215933,0.984031,0,0
6d_disc_original_delay_clean,27.000000,1.952041,-0.435357,1.566658,-1.540631,1.143344,1.000000,-1.000000,0.800000,1.324579,0.495471,-0.162660,0.135547,-0.208017,0.211734,0.208017,0.987085,0,0
6d_disc_original_delay_clean,27.050000,1.956815,-0.413369,1.612734,-1.541195,1.164932,1.000000,-0.777461,0.800000,1.109114,0.611809,-0.174590,0.103547,-0.197679,0.202987,0.197679,0.997917,0,0
6d_disc_original_delay_clean,27.100000,1.961342,-0.391330,1.661090,-1.537769,1.188661,1.000000,-0.432002,0.800000,0.773745,0.766776,-0.183028,0.070130,-0.185200,0.196004,0.185200,1.013330,0,0
6d_disc_original_delay_clean,27.150000,1.965620,-0.369240,1.711302,-1.530502,1.214281,1.000000,-0.067426,0.800000,0.412197,0.913586,-0.188251,0.035554,-0.170830,0.191579,0.170830,1.031093,0,0
6d_disc_original_delay_clean,27.200000,1.969649,-0.347104,1.762974,-1.519525,1.241574,1.000000,0.316436,0.800000,0.023866,1.048600,-0.190498,0.000063,-0.154787,0.190498,0.154787,1.049743,0,0
6d_disc_original_delay_clean,27.250000,1.973430,-0.324924,1.815737,-1.504961,1.270345,1.000000,0.716708,0.800000,-0.388650,1.167314,-0.189979,-0.036114,-0.137266,0.193381,0.137266,1.068373,0,0
6d_disc_original_delay_clean,27.300000,1.976960,-0.302703,1.868014,-1.486538,1.300421,1.000000,1.000000,0.800000,-0.696577,1.230764,-0.186686,-0.071484,-0.118440,0.199904,0.118440,1.063345,0,0
6d_disc_original_delay_clean,27.350000,1.980240,-0.280443,1.917675,-1.463943,1.331651,1.000000,1.000000,0.800000,-0.734668,1.208413,-0.180580,-0.104005,-0.098460,0.208390,0.098460,1.025847,0,0
6d_disc_original_delay_clean,27.400000,1.983270,-0.258148,1.962674,-1.437060,1.363901,1.000000,1.000000,0.800000,-0.773251,1.184096,-0.171708,-0.131744,-0.077460,0.216426,0.077460,0.960636,0,0
6d_disc_original_delay_clean,27.450000,1.986048,-0.235821,2.001048,-1.405965,1.397052,1.000000,1.000000,0.800000,-0.812073,1.157816,-0.160213,-0.152867,-0.055559,0.221442,0.055559,0.874543,0,0
6d_disc_original_delay_clean,27.500000,1.988576,-0.213463,2.030932,-1.370930,1.430999,1.000000,1.000000,0.800000,-0.850902,1.129586,-0.146334,-0.165652,-0.032862,0.221030,0.032862,0.778961,0,0
6d_disc_original_delay_clean,27.550000,1.990851,-0.191079,2.051327,-1.332522,1.465651,1.000000,1.000000,0.537860,-0.889525,1.099429,-0.130445,-0.169252,-0.009460,0.213687,0.009460,0.700395,0,0
6d_disc_original_delay_clean,27.600000,1.992875,-0.168670,2.062992,-1.291585,1.500924,1.000000,1.000000,0.191421,-0.927744,1.067376,-0.113001,-0.164569,0.014563,0.199630,0.014563,0.664465,0,0
6d_disc_original_delay_clean,27.650000,1.994646,-0.146240,2.066625,-1.248861,1.536747,1.000000,1.000000,-0.229655,-0.965377,1.033464,-0.094407,-0.152410,0.039136,0.179280,0.039136,0.664480,0,0
6d_disc_original_delay_clean,27.700000,1.996165,-0.123791,2.062869,-1.205006,1.573055,1.000000,1.000000,-0.750456,-1.002256,0.997739,-0.075013,-0.133498,0.064194,0.153130,0.064194,0.690828,0,0
6d_disc_original_delay_clean,27.750000,1.997432,-0.101327,2.052318,-1.160595,1.609793,1.000000,1.000000,-0.800000,-1.038226,0.960253,-0.055127,-0.108482,0.089682,0.121685,0.089682,0.734097,0,0
6d_disc_original_delay_clean,27.800000,1.998445,-0.078850,2.035522,-1.116135,1.645386,1.000000,1.000000,-0.800000,-1.071740,0.922699,-0.035017,-0.077943,0.114025,0.085447,0.114025,0.766808,0,0
6d_disc_original_delay_clean,27.850000,1.999206,-0.056363,2.013059,-1.072033,1.677953,1.000000,1.000000,-0.800000,-1.101216,0.887312,-0.014876,-0.042471,0.135342,0.045001,0.135342,0.785248,0,0
6d_disc_original_delay_clean,27.900000,1.999713,-0.033869,1.985547,-1.028567,1.705398,0.865187,0.633089,-0.800000,-0.743467,0.772403,0.005205,-0.002681,0.151537,0.005854,0.151537,0.793242,0,0
6d_disc_original_delay_clean,27.950000,1.999968,-0.011371,1.953648,-0.985856,1.725289,0.374466,-0.274546,-0.800000,0.213654,0.412253,0.025267,0.040779,0.160178,0.047972,0.160178,0.801982,0,0
6d_disc_original_delay_clean,28.000000,1.999969,0.011129,1.918074,-0.943830,1.738216,-0.044573,-1.000000,-0.800000,0.993446,0.122688,0.045512,0.087208,0.161855,0.098369,0.161855,0.836937,0,0
6d_disc_original_delay_clean,28.050000,1.999717,0.033628,1.879457,-0.902336,1.744988,-0.360999,-1.000000,-0.800000,1.047432,-0.182223,0.066191,0.135981,0.157377,0.151235,0.157377,0.888555,0,0
6d_disc_original_delay_clean,28.100000,1.999212,0.056122,1.838349,-0.861180,1.746322,-0.576371,-1.000000,-0.800000,1.085284,-0.392890,0.087573,0.186540,0.147461,0.206074,0.147461,0.948251,0,0
6d_disc_original_delay_clean,28.150000,1.998455,0.078609,1.797470,-0.820548,1.742849,-0.709558,-1.000000,-0.800000,1.106716,-0.527876,0.109437,0.236170,0.132738,0.260293,0.132738,0.970155,0,0
6d_disc_original_delay_clean,28.200000,1.997444,0.101086,1.762670,-0.782098,1.735129,-0.792833,-1.000000,-0.800000,1.116231,-0.618558,0.129811,0.279113,0.113768,0.307823,0.113768,0.895839,0,0
6d_disc_original_delay_clean,28.250000,1.996180,0.123551,1.737957,-0.747186,1.723656,-0.848823,-1.000000,-0.623488,1.117586,-0.686660,0.146878,0.311520,0.091045,0.344409,0.091045,0.780044,0,0
6d_disc_original_delay_clean,28.300000,1.994664,0.145999,1.722539,-0.717275,1.708866,-0.870961,-1.000000,-0.357243,1.110355,-0.725041,0.158894,0.334418,0.065005,0.370247,0.065005,0.712274,0,0
6d_disc_original_delay_clean,28.350000,1.992895,0.168430,1.715526,-0.693162,1.691144,-0.828673,-1.000000,-0.084112,1.092255,-0.702622,0.164828,0.348943,0.036033,0.385914,0.036033,0.704334,0,0
6d_disc_original_delay_clean,28.400000,1.990874,0.190839,1.715974,-0.675144,1.670832,-0.722298,-1.000000,0.201778,1.067136,-0.618819,0.164200,0.356277,0.004471,0.392295,0.004471,0.750739,0,0
6d_disc_original_delay_clean,28.450000,1.988601,0.213223,1.722939,-0.663238,1.648230,-0.552435,-1.000000,0.504594,1.039738,-0.473423,0.156857,0.357589,-0.029381,0.390480,0.029381,0.833052,0,0
6d_disc_original_delay_clean,28.500000,1.986077,0.235581,1.735508,-0.657328,1.624632,-0.319588,-1.000000,0.800000,1.015748,-0.265316,0.142821,0.354001,-0.064229,0.381725,0.064229,0.917556,0,0
6d_disc_original_delay_clean,28.550000,1.983301,0.257909,1.752814,-0.657113,1.601700,-0.030391,-1.000000,0.800000,1.000462,0.000522,0.122340,0.346559,-0.098411,0.367519,0.098411,0.988855,0,0
6d_disc_original_delay_clean,28.600000,1.980274,0.280205,1.774068,-0.661910,1.580946,0.305394,-1.000000,0.800000,0.996849,0.315528,0.096067,0.336165,-0.130415,0.349622,0.130415,1.043076,0,0
6d_disc_original_delay_clean,28.650000,1.976997,0.302464,1.798615,-0.670678,1.563779,0.672922,-1.000000,0.800000,1.004698,0.665888,0.065027,0.323500,-0.158832,0.329971,0.158832,1.077630,0,0
6d_disc_original_delay_clean,28.700000,1.973469,0.324686,1.825963,-0.682050,1.551541,1.000000,-1.000000,0.800000,1.019069,0.980561,0.030565,0.308986,-0.182320,0.310494,0.182320,1.091384,0,0
6d_disc_original_delay_clean,28.750000,1.969691,0.346867,1.855783,-0.694365,1.545378,1.000000,-1.000000,0.800000,1.025093,0.974261,-0.005697,0.292767,-0.199733,0.292822,0.199733,1.086366,0,0
6d_disc_original_delay_clean,28.800000,1.965664,0.369003,1.887875,-0.705734,1.544582,1.000000,-1.000000,0.800000,1.025868,0.973445,-0.041934,0.274745,-0.211779,0.277926,0.211779,1.074450,0,0
6d_disc_original_delay_clean,28.850000,1.961389,0.391093,1.922086,-0.714181,1.548530,1.000000,-1.000000,0.800000,1.022017,0.977488,-0.076251,0.254676,-0.219081,0.265846,0.219081,1.051889,0,0
6d_disc_original_delay_clean,28.900000,1.956865,0.413133,1.958249,-0.717745,1.556670,1.000000,-1.000000,0.800000,1.014026,0.985774,-0.106774,0.232248,-0.222191,0.255617,0.222191,1.020478,0,0
6d_disc_original_delay_clean,28.950000,1.952094,0.435122,1.996126,-0.714903,1.568515,1.000000,-1.000000,0.800000,1.002279,0.997716,-0.132057,0.207223,-0.221596,0.245724,0.221596,0.989753,0,0
6d_disc_original_delay_clean,29.000000,1.947075,0.457055,2.035394,-0.706194,1.583633,1.000000,-1.000000,0.800000,0.987081,1.012754,-0.152650,0.179852,-0.217728,0.235900,0.217728,0.978082,0,0
6d_disc_original_delay_clean,29.050000,1.941810,0.478930,2.075715,-0.692086,1.601645,1.000000,-1.000000,0.800000,0.968680,1.030368,-0.169011,0.150409,-0.210966,0.226246,0.210966,0.979726,0,0
6d_disc_original_delay_clean,29.100000,1.936299,0.500744,2.116748,-0.672988,1.622214,1.000000,-0.886324,0.800000,0.833758,1.044231,-0.181528,0.119169,-0.201647,0.217149,0.201647,0.990007,0,0
6d_disc_original_delay_clean,29.150000,1.930544,0.522496,2.158163,-0.649264,1.645042,1.000000,-0.558837,0.800000,0.483120,1.038698,-0.190532,0.086405,-0.190069,0.209208,0.190069,1.005416,0,0
6d_disc_original_delay_clean,29.200000,1.924543,0.544181,2.199641,-0.621239,1.669867,1.000000,-0.213966,0.800000,0.114009,1.016260,-0.196302,0.052381,-0.176494,0.203171,0.176494,1.023491,0,0
6d_disc_original_delay_clean,29.250000,1.918300,0.565797,2.240880,-0.589210,1.696456,1.000000,0.149743,0.800000,-0.273892,0.973348,-0.199083,0.017347,-0.161155,0.199837,0.161155,1.042601,0,0
6d_disc_original_delay_clean,29.300000,1.911813,0.587342,2.281598,-0.553450,1.724605,1.000000,0.531514,0.800000,-0.678442,0.906766,-0.199085,-0.018463,-0.144256,0.199940,0.144256,1.061729,0,0
6d_disc_original_delay_clean,29.350000,1.905085,0.608812,2.320879,-0.514313,1.754131,1.000000,0.926973,0.800000,-1.093747,0.814245,-0.196394,-0.054176,-0.125980,0.203730,0.125980,1.068440,0,0
6d_disc_original_delay_clean,29.400000,1.898115,0.630205,2.356691,-0.472408,1.784876,1.000000,1.000000,0.800000,-1.189621,0.764724,-0.190942,-0.087779,-0.106485,0.210152,0.106485,1.042504,0,0
6d_disc_original_delay_clean,29.450000,1.890905,0.651519,2.387166,-0.428475,1.816697,1.000000,1.000000,0.800000,-1.213348,0.726489,-0.182744,-0.117373,-0.085914,0.217191,0.085914,0.988169,0,0
6d_disc_original_delay_clean,29.500000,1.883456,0.672750,2.410589,-0.383386,1.849469,1.000000,1.000000,0.800000,-1.236501,0.686342,-0.171907,-0.141158,-0.064392,0.222436,0.064392,0.911014,0,0
6d_disc_original_delay_clean,29.550000,1.875769,0.693895,2.425401,-0.338144,1.883081,1.000000,1.000000,0.800000,-1.258868,0.644401,-0.158627,-0.157428,-0.042030,0.223486,0.042030,0.819731,0,0
6d_disc_original_delay_clean,29.600000,1.867844,0.714953,2.430225,-0.293868,1.917436,1.000000,1.000000,0.658276,-1.280259,0.600780,-0.143199,-0.164590,-0.018925,0.218164,0.018925,0.729403,0,0
6d_disc_original_delay_clean,29.650000,1.859683,0.735921,2.425698,-0.251124,1.952448,1.000000,1.000000,0.338224,-1.300504,0.555597,-0.126067,-0.163111,0.004837,0.206151,0.004837,0.676522,0,0
6d_disc_original_delay_clean,29.700000,1.851286,0.756795,2.412817,-0.210283,1.988039,1.000000,1.000000,-0.048319,-1.319451,0.508968,-0.107652,-0.153837,0.029178,0.187762,0.029178,0.662710,0,0
6d_disc_original_delay_clean,29.750000,1.842655,0.777574,2.392485,-0.171660,2.024143,1.000000,1.000000,-0.524652,-1.336963,0.461009,-0.088323,-0.137524,0.054032,0.163443,0.054032,0.679258,0,0
6d_disc_original_delay_clean,29.800000,1.833791,0.798254,2.365524,-0.135519,2.060700,1.000000,1.000000,-0.800000,-1.352919,0.411837,-0.068402,-0.114849,0.079339,0.133676,0.079339,0.716385,0,0
6d_disc_original_delay_clean,29.850000,1.824695,0.818834,2.332681,-0.102078,2.096834,1.000000,1.000000,-0.800000,-1.366914,0.362693,-0.048169,-0.086423,0.104223,0.098941,0.104223,0.754655,0,0
6d_disc_original_delay_clean,29.900000,1.815368,0.839309,2.294661,-0.071484,2.130732,1.000000,1.000000,-0.800000,-1.378421,0.316157,-0.027850,-0.052828,0.126871,0.059720,0.126871,0.778826,0,0
6d_disc_original_delay_clean,29.950000,1.805811,0.859678,2.252151,-0.043764,2.160408,1.000000,0.895669,-0.800000,-1.300480,0.333130,-0.007578,-0.014667,0.145297,0.016509,0.145297,0.790540,0,0
6d_disc_original_delay_clean,30.000000,1.796025,0.879939,2.205808,-0.018794,2.183583,0.657982,-0.023281,-0.800000,-0.359393,0.551651,0.012635,0.027425,0.157222,0.030195,0.157222,0.797385,0,0
6d_disc_original_delay_clean,30.050000,1.786013,0.900088,2.156254,0.003731,2.199412,0.194965,-0.853131,-0.800000,0.575404,0.659359,0.032923,0.072773,0.161801,0.079873,0.161801,0.821561,0,0
6d_disc_original_delay_clean,30.100000,1.775774,0.920123,2.104031,0.024224,2.208749,-0.172601,-1.000000,-0.800000,0.906110,0.456899,0.053525,0.120714,0.159888,0.132048,0.159888,0.867241,0,0
6d_disc_original_delay_clean,30.150000,1.765310,0.940042,2.049580,0.043111,2.212349,-0.434645,-1.000000,-0.800000,1.061276,0.250217,0.074706,0.170664,0.152238,0.186299,0.152238,0.924244,0,0
6d_disc_original_delay_clean,30.200000,1.754623,0.959842,1.993750,0.061170,2.210880,-0.605781,-1.000000,-0.800000,1.163856,0.111398,0.096823,0.221503,0.139519,0.241740,0.139519,0.976645,0,0
6d_disc_original_delay_clean,30.250000,1.743714,0.979520,1.942259,0.080351,2.204930,-0.712965,-1.000000,-0.800000,1.228003,0.018125,0.118813,0.267275,0.122319,0.292494,0.122319,0.932905,0,0
6d_disc_original_delay_clean,30.300000,1.732585,0.999075,1.900181,0.101423,2.195021,-0.796515,-1.000000,-0.733655,1.276954,-0.061837,0.138651,0.303223,0.101160,0.333419,0.101160,0.822981,0,0
6d_disc_original_delay_clean,30.350000,1.721236,1.018503,1.868486,0.122997,2.181613,-0.852388,-1.000000,-0.466903,1.308056,-0.124723,0.154324,0.329311,0.076502,0.363678,0.076502,0.737027,0,0
6d_disc_original_delay_clean,30.400000,1.709669,1.037802,1.846947,0.143701,2.165113,-0.851115,-1.000000,-0.199900,1.305107,-0.145234,0.164458,0.346600,0.048751,0.383638,0.048751,0.703675,0,0
6d_disc_original_delay_clean,30.450000,1.697886,1.056969,1.835006,0.162646,2.145880,-0.787488,-1.000000,0.077352,1.267465,-0.116913,0.168304,0.356229,0.018269,0.393987,0.018269,0.726140,0,0
6d_disc_original_delay_clean,30.500000,1.685888,1.076003,1.831911,0.179271,2.124232,-0.661678,-1.000000,0.370048,1.198510,-0.037291,0.165545,0.359354,-0.014629,0.395652,0.014629,0.791738,0,0
6d_disc_original_delay_clean,30.550000,1.673676,1.094901,1.836874,0.193136,2.100837,-0.473820,-1.000000,0.681286,1.102335,0.096762,0.156026,0.357102,-0.049274,0.389699,0.049274,0.876771,0,0
6d_disc_original_delay_clean,30.600000,1.661253,1.113660,1.849068,0.203946,2.077447,-0.225155,-1.000000,0.800000,0.983632,0.288381,0.139786,0.350552,-0.083914,0.377395,0.083914,0.951604,0,0
6d_disc_original_delay_clean,30.650000,1.648619,1.132279,1.867548,0.211739,2.055614,0.075930,-1.000000,0.800000,0.849373,0.533227,0.117246,0.340688,-0.116997,0.360299,0.116997,1.012468,0,0
6d_disc_original_delay_clean,30.700000,1.635777,1.150753,1.891304,0.216926,2.036770,0.418566,-1.000000,0.800000,0.705326,0.823233,0.089209,0.328310,-0.147091,0.340214,0.147091,1.056354,0,0
6d_disc_original_delay_clean,30.750000,1.622728,1.169083,1.919303,0.220290,2.022269,0.787303,-1.000000,0.800000,0.556312,1.144710,0.056823,0.313978,-0.172842,0.319079,0.172842,1.081404,0,0
6d_disc_original_delay_clean,30.800000,1.609473,1.187264,1.950520,0.222960,2.013415,1.000000,-1.000000,0.800000,0.475326,1.331940,0.021533,0.297989,-0.192946,0.298766,0.192946,1.087399,0,0
6d_disc_original_delay_clean,30.850000,1.596015,1.205295,1.983942,0.226384,2.010241,1.000000,-1.000000,0.800000,0.479551,1.330425,-0.014962,0.280370,-0.207370,0.280769,0.207370,1.083531,0,0
6d_disc_original_delay_clean,30.900000,1.582355,1.223174,2.018560,0.232188,2.012088,1.000000,-1.000000,0.800000,0.477093,1.331308,-0.050823,0.260958,-0.216773,0.265861,0.216773,1.070418,0,0
6d_disc_original_delay_clean,30.950000,1.568494,1.240897,2.053361,0.242057,2.018371,1.000000,-1.000000,0.800000,0.468719,1.334280,-0.084172,0.239474,-0.221740,0.253836,0.221740,1.046389,0,0
6d_disc_original_delay_clean,31.000000,1.554435,1.258464,2.087320,0.257615,2.028575,1.000000,-1.000000,0.800000,0.455080,1.338993,-0.113186,0.215599,-0.222786,0.243503,0.222786,1.015036,0,0
6d_disc_original_delay_clean,31.050000,1.540179,1.275871,2.119835,0.279454,2.042243,1.000000,-1.000000,0.800000,0.436736,1.345088,-0.137114,0.189264,-0.220368,0.233711,0.220368,0.991320,0,0
6d_disc_original_delay_clean,31.100000,1.525729,1.293117,2.150841,0.306965,2.058973,1.000000,-1.000000,0.800000,0.414173,1.352206,-0.156473,0.160730,-0.214888,0.224316,0.214888,0.984335,0,0
6d_disc_original_delay_clean,31.150000,1.511085,1.310200,2.180239,0.339593,2.078409,1.000000,-1.000000,0.800000,0.387815,1.360000,-0.171697,0.130269,-0.206702,0.215523,0.206702,0.988800,0,0
6d_disc_original_delay_clean,31.200000,1.496250,1.327116,2.207909,0.376834,2.100236,1.000000,-0.693056,0.800000,0.093120,1.213118,-0.183157,0.098157,-0.196125,0.207801,0.196125,1.000540,0,0
6d_disc_original_delay_clean,31.250000,1.481225,1.343864,2.233718,0.418225,2.124177,1.000000,-0.349537,0.800000,-0.228197,1.034458,-0.191165,0.064661,-0.183434,0.201805,0.183434,1.016489,0,0
6d_disc_original_delay_clean,31.300000,1.466013,1.360443,2.257535,0.463340,2.149984,1.000000,0.011389,0.800000,-0.556876,0.830674,-0.195993,0.030038,-0.168877,0.198281,0.168877,1.034530,0,0
6d_disc_original_delay_clean,31.350000,1.450616,1.376849,2.279231,0.511787,2.177442,1.000000,0.389565,0.800000,-0.890168,0.599468,-0.197875,-0.005471,-0.152669,0.197951,0.152669,1.053284,0,0
6d_disc_original_delay_clean,31.400000,1.435035,1.393081,2.298682,0.563202,2.206359,1.000000,0.781842,0.800000,-1.222808,0.340613,-0.197018,-0.041638,-0.135002,0.201370,0.135002,1.071906,0,0
6d_disc_original_delay_clean,31.450000,1.419272,1.409137,2.314343,0.616187,2.236564,1.000000,1.000000,0.800000,-1.404106,0.168780,-0.193344,-0.076487,-0.116047,0.207923,0.116047,1.058149,0,0
6d_disc_original_delay_clean,31.500000,1.403330,1.425014,2.324769,0.669236,2.267908,1.000000,1.000000,0.800000,-1.408706,0.124694,-0.186835,-0.108044,-0.095953,0.215826,0.095953,1.013637,0,0
6d_disc_original_delay_clean,31.550000,1.387210,1.440711,2.328726,0.720796,2.300258,1.000000,1.000000,0.800000,-1.412002,0.079064,-0.177562,-0.134445,-0.074853,0.222719,0.074853,0.943466,0,0
6d_disc_original_delay_clean,31.600000,1.370915,1.456226,2.325183,0.769276,2.333498,1.000000,1.000000,0.800000,-1.413849,0.032094,-0.165690,-0.153933,-0.052863,0.226161,0.052863,0.855048,0,0
6d_disc_original_delay_clean,31.650000,1.354446,1.471556,2.313328,0.813053,2.367525,1.000000,1.000000,0.792365,-1.414123,-0.016023,-0.151477,-0.164865,-0.030086,0.223888,0.030086,0.760769,0,0
6d_disc_original_delay_clean,31.700000,1.337805,1.486700,2.293319,0.851268,2.402245,1.000000,1.000000,0.497311,-1.412714,-0.065103,-0.135323,-0.166797,-0.006616,0.214787,0.006616,0.690315,0,0
6d_disc_original_delay_clean,31.750000,1.320996,1.501656,2.266261,0.884027,2.437580,1.000000,1.000000,0.147011,-1.409533,-0.114969,-0.117674,-0.160613,0.017469,0.199108,0.017469,0.661530,0,0
6d_disc_original_delay_clean,31.800000,1.304019,1.516422,2.233148,0.911446,2.473457,1.000000,1.000000,-0.280527,-1.404502,-0.165454,-0.098926,-0.147101,0.042096,0.177271,0.042096,0.667016,0,0
6d_disc_original_delay_clean,31.850000,1.286877,1.530996,2.194868,0.933649,2.509813,1.000000,1.000000,-0.800000,-1.397559,-0.216397,-0.079421,-0.126969,0.067202,0.149763,0.067202,0.696997,0,0
6d_disc_original_delay_clean,31.900000,1.269572,1.545376,2.152224,0.950770,2.546549,1.000000,1.000000,-0.800000,-1.388669,-0.267579,-0.059462,-0.100850,0.092688,0.117074,0.092688,0.741767,0,0
6d_disc_original_delay_clean,31.950000,1.252107,1.559560,2.105934,0.962949,2.581905,1.000000,1.000000,-0.800000,-1.378343,-0.316499,-0.039308,-0.069316,0.116794,0.079686,0.116794,0.772829,0,0
6d_disc_original_delay_clean,32.000000,1.234483,1.573548,2.056658,0.970420,2.614004,1.000000,1.000000,-0.800000,-1.367475,-0.360572,-0.019141,-0.032956,0.137643,0.038111,0.137643,0.789982,0,0
6d_disc_original_delay_clean,32.050000,1.216703,1.587336,2.004972,0.973525,2.640739,0.942790,0.390161,-0.800000,-1.014335,0.110465,0.000963,0.007617,0.153128,0.007678,0.153128,0.797618,0,0
6d_disc_original_delay_clean,32.100000,1.198768,1.600923,1.951348,0.972739,2.659715,0.447811,-0.491711,-0.800000,-0.168937,0.643253,0.021066,0.051753,0.160854,0.055876,0.160854,0.808102,0,0
6d_disc_original_delay_clean,32.150000,1.180683,1.614307,1.896134,0.968687,2.671833,0.029602,-1.000000,-0.800000,0.426276,0.905077,0.041384,0.098754,0.161722,0.107075,0.161722,0.845666,0,0
6d_disc_original_delay_clean,32.200000,1.162447,1.627488,1.839572,0.961963,2.677891,-0.285284,-1.000000,-0.800000,0.702421,0.766806,0.062176,0.148006,0.156530,0.160535,0.156530,0.898562,0,0
6d_disc_original_delay_clean,32.250000,1.144065,1.640462,1.781823,0.953119,2.678593,-0.500727,-1.000000,-0.800000,0.894643,0.671075,0.083709,0.198962,0.145982,0.215854,0.145982,0.958713,0,0
6d_disc_original_delay_clean,32.300000,1.125538,1.653229,1.724877,0.945686,2.674563,-0.635731,-1.000000,-0.800000,1.017886,0.606680,0.106395,0.247576,0.130702,0.269469,0.130702,0.964395,0,0
6d_disc_original_delay_clean,32.350000,1.106868,1.665786,1.673489,0.943045,2.666350,-0.740708,-1.000000,-0.800000,1.116178,0.550267,0.128076,0.288379,0.111239,0.315540,0.111239,0.881155,0,0
6d_disc_original_delay_clean,32.400000,1.088058,1.678133,1.630566,0.946332,2.654441,-0.817932,-1.000000,-0.586200,1.190893,0.500786,0.146680,0.318889,0.088080,0.351006,0.088080,0.777462,0,0
6d_disc_original_delay_clean,32.450000,1.069111,1.690267,1.596858,0.954050,2.639265,-0.853238,-1.000000,-0.321120,1.229300,0.465658,0.160434,0.340091,0.061654,0.376033,0.061654,0.717791,0,0
6d_disc_original_delay_clean,32.500000,1.050028,1.702187,1.572528,0.965016,2.621203,-0.826907,-1.000000,-0.049257,1.214664,0.456472,0.168279,0.353082,0.032342,0.391132,0.032342,0.712525,0,0
6d_disc_original_delay_clean,32.550000,1.030812,1.713892,1.557303,0.978300,2.600590,-0.739050,-1.000000,0.235473,1.148504,0.476585,0.169697,0.359006,0.000479,0.397092,0.000479,0.756897,0,0
6d_disc_original_delay_clean,32.600000,1.011466,1.725380,1.550779,0.993080,2.577723,-0.590035,-1.000000,0.537320,1.033155,0.529842,0.164392,0.358999,-0.033638,0.394848,0.033638,0.835246,0,0
6d_disc_original_delay_clean,32.650000,0.991992,1.736649,1.552440,1.008643,2.554106,-0.378348,-1.000000,0.800000,0.869184,0.622629,0.152261,0.354166,-0.068505,0.385509,0.068505,0.912802,0,0
6d_disc_original_delay_clean,32.700000,0.972393,1.747699,1.561584,1.024446,2.531369,-0.110440,-1.000000,0.800000,0.663559,0.756232,0.133492,0.345552,-0.102492,0.370440,0.102492,0.979093,0,0
6d_disc_original_delay_clean,32.750000,0.952670,1.758528,1.577252,1.040235,2.510989,0.205546,-1.000000,0.800000,0.423619,0.928868,0.108680,0.334059,-0.134122,0.351293,0.134122,1.030718,0,0
6d_disc_original_delay_clean,32.800000,0.932827,1.769134,1.598277,1.056065,2.494348,0.556963,-1.000000,0.800000,0.158675,1.133592,0.078779,0.320382,-0.162013,0.329926,0.162013,1.065276,0,0
6d_disc_original_delay_clean,32.850000,0.912865,1.779516,1.623331,1.072312,2.482766,0.927632,-1.000000,0.800000,-0.121299,1.358598,0.045066,0.304961,-0.184845,0.308273,0.184845,1.081679,0,0
6d_disc_original_delay_clean,32.900000,0.892788,1.789673,1.650935,1.089663,2.477181,1.000000,-1.000000,0.800000,-0.170684,1.403876,0.009103,0.287962,-0.201680,0.288106,0.201680,1.082931,0,0
6d_disc_original_delay_clean,32.950000,0.872598,1.799603,1.679504,1.109042,2.476898,1.000000,-1.000000,0.800000,-0.170286,1.403924,-0.027347,0.269316,-0.213213,0.270701,0.213213,1.077887,0,0
6d_disc_original_delay_clean,33.000000,0.852298,1.809306,1.707402,1.131474,2.481298,1.000000,-1.000000,0.800000,-0.176462,1.403161,-0.062430,0.248801,-0.220063,0.256514,0.220063,1.061954,0,0
6d_disc_original_delay_clean,33.050000,0.831890,1.818780,1.732977,1.157983,2.489838,1.000000,-1.000000,0.800000,-0.188438,1.401603,-0.094295,0.226119,-0.222773,0.244992,0.222773,1.035679,0,0
6d_disc_original_delay_clean,33.100000,0.811376,1.828023,1.754616,1.189496,2.502036,1.000000,-1.000000,0.800000,-0.205521,1.399200,-0.121175,0.200960,-0.221825,0.234666,0.221825,1.004635,0,0
6d_disc_original_delay_clean,33.150000,0.790760,1.837035,1.772203,1.225710,2.517467,1.000000,-1.000000,0.800000,-0.227086,1.395862,-0.143178,0.173470,-0.217644,0.224926,0.217644,0.988755,0,0
6d_disc_original_delay_clean,33.200000,0.770044,1.845815,1.785929,1.266065,2.535755,1.000000,-1.000000,0.800000,-0.252574,1.391476,-0.160784,0.143917,-0.210606,0.215786,0.210606,0.987097,0,0
6d_disc_original_delay_clean,33.250000,0.749230,1.854361,1.795937,1.310034,2.556567,1.000000,-0.858542,0.800000,-0.359593,1.267986,-0.174399,0.112577,-0.201044,0.207578,0.201044,0.994896,0,0
6d_disc_original_delay_clean,33.300000,0.728322,1.862672,1.802333,1.357123,2.579611,1.000000,-0.519012,0.800000,-0.569638,0.972053,-0.184367,0.079723,-0.189250,0.200866,0.189250,1.008508,0,0
6d_disc_original_delay_clean,33.350000,0.707321,1.870748,1.805204,1.406874,2.604626,1.000000,-0.162354,0.800000,-0.776215,0.651037,-0.190985,0.045618,-0.175485,0.196358,0.175485,1.025327,0,0
6d_disc_original_delay_clean,33.400000,0.686231,1.878587,1.804619,1.458859,2.631383,1.000000,0.212023,0.800000,-0.976186,0.303339,-0.194510,0.010511,-0.159978,0.194793,0.159978,1.043596,0,0
6d_disc_original_delay_clean,33.450000,0.665054,1.886188,1.800639,1.512682,2.659681,1.000000,0.602304,0.800000,-1.165263,-0.070234,-0.195164,-0.025361,-0.142930,0.196805,0.142930,1.062196,0,0
6d_disc_original_delay_clean,33.500000,0.643792,1.893550,1.792939,1.567245,2.689339,1.000000,1.000000,0.800000,-1.336458,-0.462471,-0.193019,-0.060969,-0.124522,0.202419,0.124522,1.065684,0,0
6d_disc_original_delay_clean,33.550000,0.622450,1.900673,1.780796,1.620496,2.720200,1.000000,1.000000,0.800000,-1.321552,-0.503488,-0.188017,-0.094244,-0.104911,0.210315,0.104911,1.035863,0,0
6d_disc_original_delay_clean,33.600000,0.601028,1.907555,1.763699,1.670441,2.752123,1.000000,1.000000,0.800000,-1.304808,-0.545413,-0.180186,-0.123245,-0.084238,0.218303,0.084238,0.977296,0,0
6d_disc_original_delay_clean,33.650000,0.579531,1.914195,1.741343,1.715140,2.784986,1.000000,1.000000,0.800000,-1.286183,-0.587990,-0.169647,-0.146138,-0.062625,0.223912,0.062625,0.896167,0,0
6d_disc_original_delay_clean,33.700000,0.557960,1.920594,1.713628,1.752720,2.818678,1.000000,1.000000,0.800000,-1.265646,-0.630983,-0.156618,-0.161199,-0.040183,0.224754,0.040183,0.802276,0,0
6d_disc_original_delay_clean,33.750000,0.536318,1.926749,1.680673,1.781418,2.853104,1.000000,1.000000,0.633413,-1.243178,-0.674172,-0.141414,-0.166860,-0.017007,0.218724,0.017007,0.712811,0,0
6d_disc_original_delay_clean,33.800000,0.514609,1.932661,1.643466,1.801841,2.888178,1.000000,1.000000,0.309183,-1.218773,-0.717351,-0.124510,-0.164045,0.006817,0.205945,0.006817,0.666977,0,0
6d_disc_original_delay_clean,33.850000,0.492834,1.938328,1.602887,1.814555,2.923825,1.000000,1.000000,-0.083241,-1.192432,-0.760332,-0.106323,-0.153580,0.031214,0.186793,0.031214,0.659145,0,0
6d_disc_original_delay_clean,33.900000,0.470997,1.943749,1.559716,1.820085,2.959978,1.000000,1.000000,-0.567274,-1.164171,-0.802936,-0.087221,-0.136206,0.056117,0.161739,0.056117,0.680118,0,0
6d_disc_original_delay_clean,33.950000,0.449101,1.948925,1.514645,1.818922,2.996579,1.000000,1.000000,-0.800000,-1.134010,-0.844998,-0.067525,-0.112585,0.081468,0.131282,0.081468,0.720147,0,0
6d_disc_original_delay_clean,34.000000,0.427147,1.953854,1.468286,1.811524,3.032606,1.000000,1.000000,-0.800000,-1.102838,-0.885296,-0.047514,-0.083314,0.106245,0.095910,0.106245,0.758255,0,0
6d_disc_original_delay_clean,34.050000,0.405140,1.958536,1.421168,1.798368,3.066241,1.000000,1.000000,-0.800000,-1.072442,-0.921882,-0.027409,-0.048970,0.128630,0.056118,0.128630,0.781901,0,0
6d_disc_original_delay_clean,34.100000,0.383081,1.962969,1.373708,1.779988,3.095482,1.000000,0.787719,-0.800000,-1.035247,-0.740787,-0.007333,-0.010152,0.146621,0.012523,0.146621,0.793246,0,0
6d_disc_original_delay_clean,34.150000,0.360974,1.967155,1.326184,1.756986,3.118024,0.648320,-0.129905,-0.800000,-0.645079,0.145147,0.012709,0.032509,0.157913,0.034905,0.157913,0.800568,0,0
6d_disc_original_delay_clean,34.200000,0.338821,1.971091,1.278705,1.730043,3.133294,0.192780,-0.946001,-0.800000,-0.184923,0.947569,0.032866,0.078338,0.161933,0.084953,0.161933,0.827031,0,0
6d_disc_original_delay_clean,34.250000,0.316626,1.974778,1.231253,1.699828,-3.141048,-0.166159,-1.000000,-0.800000,0.165614,1.000090,0.053379,0.126685,0.159526,0.137471,0.159526,0.873900,0,0
6d_disc_original_delay_clean,34.300000,0.294390,1.978215,1.183746,1.666940,-3.137884,-0.421020,-1.000000,-0.800000,0.417309,1.001554,0.074513,0.176975,0.151440,0.192022,0.151440,0.931370,0,0
6d_disc_original_delay_clean,34.350000,0.272117,1.981402,1.136059,1.633143,-3.139740,-0.587215,-1.000000,-0.800000,0.585361,1.001086,0.096708,0.227474,0.138335,0.247178,0.138335,0.974183,0,0
6d_disc_original_delay_clean,34.400000,0.249809,1.984338,1.090090,1.604102,3.137155,-0.697573,-1.000000,-0.800000,0.702004,0.996895,0.118806,0.272303,0.120794,0.297093,0.120794,0.922750,0,0
6d_disc_original_delay_clean,34.450000,0.227470,1.987022,1.048210,1.584198,3.126945,-0.784792,-1.000000,-0.710159,0.799355,0.988397,0.138771,0.306863,0.099334,0.336782,0.099334,0.810785,0,0
6d_disc_original_delay_clean,34.500000,0.205102,1.989455,1.012072,1.572787,3.113270,-0.843981,-1.000000,-0.445644,0.871961,0.975699,0.154554,0.331716,0.074409,0.365954,0.074409,0.731619,0,0
6d_disc_original_delay_clean,34.550000,0.182708,1.991637,0.982614,1.568883,3.096535,-0.843533,-1.000000,-0.178196,0.887719,0.960990,0.164819,0.347911,0.046424,0.384977,0.046424,0.704153,0,0
6d_disc_original_delay_clean,34.600000,0.160291,1.993566,0.960199,1.571523,3.077094,-0.781573,-1.000000,0.100017,0.844401,0.947545,0.168841,0.356576,0.015733,0.394530,0.015733,0.730285,0,0
6d_disc_original_delay_clean,34.650000,0.137854,1.995243,0.944861,1.579782,3.055263,-0.658194,-1.000000,0.394133,0.741965,0.939525,0.166275,0.358849,-0.017348,0.395500,0.017348,0.797226,0,0
6d_disc_original_delay_clean,34.700000,0.115399,1.996668,0.936517,1.592773,3.031841,-0.472912,-1.000000,0.707177,0.579598,0.942185,0.156945,0.355844,-0.052020,0.388918,0.052020,0.880077,0,0
6d_disc_original_delay_clean,34.750000,0.092930,1.997840,0.934928,1.609664,3.008552,-0.227397,-1.000000,0.800000,0.358035,0.960999,0.140875,0.348633,-0.086559,0.376020,0.086559,0.952919,0,0
6d_disc_original_delay_clean,34.800000,0.070449,1.998759,0.939504,1.629732,2.986935,0.070626,-1.000000,0.800000,0.084258,0.998944,0.118486,0.338186,-0.119426,0.358341,0.119426,1.012015,0,0
6d_disc_original_delay_clean,34.850000,0.047959,1.999425,0.949315,1.652420,2.968413,0.410370,-1.000000,0.800000,-0.231916,1.055755,0.090582,0.325291,-0.149198,0.337668,0.149198,1.054562,0,0
6d_disc_original_delay_clean,34.900000,0.025463,1.999838,0.963127,1.677373,2.954337,0.776734,-1.000000,0.800000,-0.576992,1.127118,0.058306,0.310501,-0.174524,0.315928,0.174524,1.078857,0,0
6d_disc_original_delay_clean,34.950000,0.002963,1.999998,0.979426,1.704451,2.946008,1.000000,-1.000000,0.800000,-0.786594,1.175274,0.023101,0.294100,-0.194103,0.295006,0.194103,1.084797,0,0
6d_disc_original_delay_clean,35.000000,-0.019536,1.999905,0.996455,1.733706,2.943299,1.000000,-1.000000,0.800000,-0.783408,1.177401,-0.013343,0.276111,-0.208062,0.276433,0.208062,1.082381,0,0
6d_disc_original_delay_clean,35.050000,-0.042034,1.999558,1.012317,1.765299,2.945557,1.000000,-1.000000,0.800000,-0.786063,1.175629,-0.049194,0.256367,-0.217055,0.261044,0.217055,1.070570,0,0
6d_disc_original_delay_clean,35.100000,-0.064526,1.998959,1.025063,1.799417,2.952202,1.000000,-1.000000,0.800000,-0.793859,1.170379,-0.082584,0.234591,-0.221659,0.248702,0.221659,1.047700,0,0
6d_disc_original_delay_clean,35.150000,-0.087009,1.998106,1.032786,1.836203,2.962727,1.000000,-1.000000,0.800000,-0.806133,1.161960,-0.111692,0.210467,-0.222384,0.238267,0.222384,1.017275,0,0
6d_disc_original_delay_clean,35.200000,-0.109482,1.997001,1.034582,1.875537,2.976679,1.000000,-1.000000,0.800000,-0.822265,1.150600,-0.135699,0.183910,-0.219682,0.228554,0.219682,0.993605,0,0
6d_disc_original_delay_clean,35.250000,-0.131941,1.995643,1.030903,1.917005,2.993659,1.000000,-1.000000,0.800000,-0.841683,1.136472,-0.155123,0.155180,-0.213952,0.219418,0.213952,0.986544,0,0
6d_disc_original_delay_clean,35.300000,-0.154383,1.994033,1.022137,1.960198,3.013316,1.000000,-0.978202,0.800000,-0.866648,1.098090,-0.170398,0.124551,-0.205545,0.211065,0.205545,0.990864,0,0
6d_disc_original_delay_clean,35.350000,-0.176806,1.992170,1.008619,2.004719,3.035339,1.000000,-0.644555,0.800000,-0.926003,0.746973,-0.181893,0.092294,-0.194772,0.203969,0.194772,1.002432,0,0
6d_disc_original_delay_clean,35.400000,-0.199206,1.990055,0.990644,2.050189,3.059452,1.000000,-0.295007,0.800000,-0.972424,0.376061,-0.189923,0.058677,-0.181909,0.198781,0.181909,1.018211,0,0
6d_disc_original_delay_clean,35.450000,-0.221581,1.987688,0.968479,2.096248,3.085413,1.000000,0.071486,0.800000,-1.002436,-0.015223,-0.194761,0.023955,-0.167198,0.196228,0.167198,1.036104,0,0
6d_disc_original_delay_clean,35.500000,-0.243928,1.985069,0.942362,2.142560,3.113006,1.000000,0.454173,0.800000,-1.012573,-0.425404,-0.196642,-0.011631,-0.150855,0.196985,0.150855,1.054739,0,0
6d_disc_original_delay_clean,35.550000,-0.266244,1.982199,0.912513,2.188686,-3.141144,1.000000,0.849154,0.800000,-0.999619,-0.849602,-0.195753,-0.047731,-0.133070,0.201488,0.133070,1.070982,0,0
6d_disc_original_delay_clean,35.600000,-0.288526,1.979079,0.879146,2.232410,-3.110833,1.000000,1.000000,0.800000,-0.968773,-1.030281,-0.192004,-0.082229,-0.114009,0.208872,0.114009,1.052482,0,0
6d_disc_original_delay_clean,35.650000,-0.310772,1.975708,0.842638,2.271675,-3.079396,1.000000,1.000000,0.800000,-0.935910,-1.060223,-0.185390,-0.113148,-0.093822,0.217191,0.093822,1.003523,0,0
6d_disc_original_delay_clean,35.700000,-0.332979,1.972086,0.803524,2.304566,-3.046963,1.000000,1.000000,0.800000,-0.901038,-1.090014,-0.175995,-0.138623,-0.072639,0.224033,0.072639,0.929558,0,0
6d_disc_original_delay_clean,35.750000,-0.355143,1.968216,0.762495,2.329318,-3.013651,1.000000,1.000000,0.800000,-0.864233,-1.119420,-0.163998,-0.156903,-0.050576,0.226967,0.050576,0.838702,0,0
6d_disc_original_delay_clean,35.800000,-0.377263,1.964096,0.720392,2.344334,-2.979560,1.000000,1.000000,0.764208,-0.825577,-1.148226,-0.149674,-0.166360,-0.027736,0.223781,0.027736,0.744648,0,0
6d_disc_original_delay_clean,35.850000,-0.399335,1.959728,0.677954,2.349653,-2.944783,1.000000,1.000000,0.464901,-0.785153,-1.176237,-0.133451,-0.166974,-0.004208,0.213751,0.004208,0.681044,0,0
6d_disc_original_delay_clean,35.900000,-0.421356,1.955111,0.635745,2.346207,-2.909398,1.000000,1.000000,0.107728,-0.743050,-1.203278,-0.115770,-0.159610,0.019926,0.197175,0.019926,0.658284,0,0
6d_disc_original_delay_clean,35.950000,-0.443324,1.950247,0.594255,2.334849,-2.873476,1.000000,1.000000,-0.329330,-0.699356,-1.229187,-0.097019,-0.145042,0.044598,0.174499,0.044598,0.668383,0,0
6d_disc_original_delay_clean,36.000000,-0.465235,1.945136,0.553907,2.316354,-2.837081,1.000000,1.000000,-0.800000,-0.654166,-1.253821,-0.077538,-0.123964,0.069744,0.146216,0.069744,0.701450,0,0
6d_disc_original_delay_clean,36.050000,-0.487088,1.939780,0.515066,2.291434,-2.800474,1.000000,1.000000,-0.800000,-0.607840,-1.276923,-0.057623,-0.096997,0.095100,0.112822,0.095100,0.745786,0,0
6d_disc_original_delay_clean,36.100000,-0.508880,1.934177,0.478037,2.260746,-2.765421,1.000000,1.000000,-0.800000,-0.562715,-1.297440,-0.037528,-0.064710,0.118903,0.074805,0.118903,0.775987,0,0
6d_disc_original_delay_clean,36.150000,-0.530606,1.928330,0.443012,2.224953,-2.733818,1.000000,1.000000,-0.800000,-0.521438,-1.314573,-0.017424,-0.027690,0.139257,0.032716,0.139257,0.792317,0,0
6d_disc_original_delay_clean,36.200000,-0.552266,1.922239,0.410044,2.184717,-2.707804,0.897060,0.261750,-0.800000,-0.703957,-0.614551,0.002627,0.013452,0.154021,0.013706,0.154021,0.799814,0,0
6d_disc_original_delay_clean,36.250000,-0.573856,1.915904,0.379011,2.140695,-2.689466,0.407676,-0.608402,-0.800000,-0.632511,0.369164,0.022700,0.058066,0.161108,0.062345,0.161108,0.813314,0,0
6d_disc_original_delay_clean,36.300000,-0.595373,1.909327,0.349616,2.093525,-2.677911,0.000850,-1.000000,-0.800000,-0.448004,0.894032,0.043020,0.105463,0.161413,0.113900,0.161413,0.852588,0,0
6d_disc_original_delay_clean,36.350000,-0.616815,1.902509,0.321522,2.043743,-2.672352,-0.301609,-1.000000,-0.800000,-0.183201,1.028302,0.063846,0.155040,0.155723,0.167672,0.155723,0.906270,0,0
6d_disc_original_delay_clean,36.400000,-0.638179,1.895449,0.294383,1.991797,-2.672090,-0.506903,-1.000000,-0.800000,-0.000390,1.121138,0.085445,0.206259,0.144735,0.223257,0.144735,0.966649,0,0
6d_disc_original_delay_clean,36.450000,-0.659462,1.888150,0.266450,1.942168,-2.676509,-0.634622,-1.000000,-0.800000,0.118718,1.178411,0.108059,0.254304,0.129065,0.276310,0.129065,0.958546,0,0
6d_disc_original_delay_clean,36.500000,-0.680661,1.880612,0.237866,1.900518,-2.685066,-0.737928,-1.000000,-0.800000,0.221523,1.222892,0.129529,0.293884,0.109258,0.321163,0.109258,0.867042,0,0
6d_disc_original_delay_clean,36.550000,-0.701774,1.872835,0.209724,1.869145,-2.697279,-0.814159,-1.000000,-0.559302,0.305270,1.252862,0.147752,0.323289,0.085795,0.355452,0.085795,0.768225,0,0
6d_disc_original_delay_clean,36.600000,-0.722799,1.864822,0.183602,1.847729,-2.712723,-0.844075,-1.000000,-0.295295,0.351790,1.260439,0.161039,0.343511,0.059101,0.379385,0.059101,0.714680,0,0
6d_disc_original_delay_clean,36.650000,-0.743732,1.856573,0.160491,1.835675,-2.731023,-0.812988,-1.000000,-0.023746,0.346291,1.241383,0.168394,0.355649,0.029552,0.393500,0.029552,0.715279,0,0
6d_disc_original_delay_clean,36.700000,-0.764571,1.848089,0.140937,1.832202,-2.751845,-0.720982,-1.000000,0.261227,0.286957,1.198946,0.169344,0.360843,-0.002521,0.398604,0.002521,0.763650,0,0
6d_disc_original_delay_clean,36.750000,-0.785313,1.839370,0.125357,1.836500,-2.774898,-0.568447,-1.000000,0.563660,0.172124,1.137324,0.163597,0.360220,-0.036824,0.395629,0.036824,0.843943,0,0
6d_disc_original_delay_clean,36.800000,-0.805956,1.830419,0.114014,1.847740,-2.798522,-0.353640,-1.000000,0.800000,-0.003349,1.060684,0.151054,0.354875,-0.071698,0.385686,0.071698,0.919719,0,0
6d_disc_original_delay_clean,36.850000,-0.826497,1.821237,0.106893,1.865033,-2.821116,-0.083827,-1.000000,0.800000,-0.235461,0.975492,0.131939,0.345840,-0.105541,0.370153,0.105541,0.983983,0,0
6d_disc_original_delay_clean,36.900000,-0.846933,1.811824,0.103602,1.887460,-2.841220,0.232805,-1.000000,0.800000,-0.518258,0.886345,0.106870,0.333999,-0.136896,0.350680,0.136896,1.033488,0,0
6d_disc_original_delay_clean,36.950000,-0.867262,1.802181,0.103376,1.914128,-2.857468,0.583473,-1.000000,0.800000,-0.840397,0.796350,0.076824,0.320024,-0.164394,0.329116,0.164394,1.065977,0,0
6d_disc_original_delay_clean,37.000000,-0.887481,1.792311,0.105102,1.944203,-2.868550,0.952073,-1.000000,0.800000,-1.186466,0.706216,0.043091,0.304331,-0.186726,0.307366,0.186726,1.080537,0,0
6d_disc_original_delay_clean,37.050000,-0.907588,1.782213,0.107334,1.976914,-2.873692,1.000000,-1.000000,0.800000,-1.229036,0.699621,0.007242,0.287066,-0.203118,0.287157,0.203118,1.081346,0,0
6d_disc_original_delay_clean,37.100000,-0.927580,1.771890,0.108386,2.011548,-2.873585,1.000000,-1.000000,0.800000,-1.229111,0.699489,-0.028959,0.268147,-0.214261,0.269707,0.214261,1.075583,0,0
6d_disc_original_delay_clean,37.150000,-0.947455,1.761343,0.106467,2.047402,-2.868839,1.000000,-1.000000,0.800000,-1.232417,0.693648,-0.063673,0.247348,-0.220765,0.255412,0.220765,1.059062,0,0
6d_disc_original_delay_clean,37.200000,-0.967209,1.750573,0.099788,2.083763,-2.859994,1.000000,-1.000000,0.800000,-1.238504,0.682721,-0.095061,0.224368,-0.223170,0.243675,0.223170,1.032676,0,0
6d_disc_original_delay_clean,37.250000,-0.986842,1.739581,0.086669,2.119890,-2.847526,1.000000,-1.000000,0.800000,-1.246920,0.667226,-0.121382,0.198903,-0.221952,0.233015,0.221952,1.002255,0,0
6d_disc_original_delay_clean,37.300000,-1.006349,1.728370,0.067429,2.155549,-2.831857,1.000000,-1.000000,0.800000,-1.257221,0.647607,-0.142888,0.171136,-0.217533,0.222945,0.217533,0.988063,0,0
6d_disc_original_delay_clean,37.350000,-1.025729,1.716939,0.042625,2.190556,-2.813358,1.000000,-1.000000,0.800000,-1.268985,0.624241,-0.160050,0.141335,-0.210284,0.213522,0.210284,0.987558,0,0
6d_disc_original_delay_clean,37.400000,-1.044979,1.705291,0.012758,2.224711,-2.792360,1.000000,-0.837659,0.800000,-1.226263,0.444918,-0.173267,0.109776,-0.200536,0.205115,0.200536,0.996088,0,0
6d_disc_original_delay_clean,37.450000,-1.064097,1.693427,-0.021716,2.257807,-2.769152,1.000000,-0.495338,0.800000,-1.111690,0.097489,-0.182876,0.076730,-0.188578,0.198321,0.188578,1.010122,0,0
6d_disc_original_delay_clean,37.500000,-1.083081,1.681349,-0.060382,2.289639,-2.743991,1.000000,-0.135262,0.800000,-0.974367,-0.262498,-0.189170,0.042459,-0.174667,0.193877,0.174667,1.027153,0,0
6d_disc_original_delay_clean,37.550000,-1.101927,1.669059,-0.102861,2.320011,-2.717105,1.000000,0.242992,0.800000,-0.811173,-0.633280,-0.192401,0.007210,-0.159031,0.192536,0.159031,1.045497,0,0
6d_disc_original_delay_clean,37.600000,-1.120634,1.656557,-0.148802,2.348736,-2.688694,1.000000,0.637241,0.800000,-0.620343,-1.010569,-0.192787,-0.028783,-0.141870,0.194924,0.141870,1.064089,0,0
6d_disc_original_delay_clean,37.650000,-1.139199,1.643845,-0.197463,2.374792,-2.658936,1.000000,1.000000,0.800000,-0.421631,-1.349899,-0.190381,-0.064370,-0.123361,0.200968,0.123361,1.065362,0,0
6d_disc_original_delay_clean,37.700000,-1.157620,1.630925,-0.247619,2.396381,-2.627986,1.000000,1.000000,0.800000,-0.379657,-1.362300,-0.185125,-0.097484,-0.103662,0.209223,0.103662,1.033404,0,0
6d_disc_original_delay_clean,37.750000,-1.175894,1.617799,-0.297963,2.411908,-2.595984,1.000000,1.000000,0.800000,-0.335874,-1.373750,-0.177052,-0.126177,-0.082910,0.217412,0.082910,0.972844,0,0
6d_disc_original_delay_clean,37.800000,-1.194019,1.604468,-0.347105,2.419974,-2.563053,1.000000,1.000000,0.800000,-0.290460,-1.384064,-0.166288,-0.148610,-0.061228,0.223017,0.061228,0.890059,0,0
6d_disc_original_delay_clean,37.850000,-1.211994,1.590934,-0.393586,2.419387,-2.529299,1.000000,1.000000,0.800000,-0.243586,-1.393078,-0.153056,-0.163055,-0.038725,0.223636,0.038725,0.795322,0,0
6d_disc_original_delay_clean,37.900000,-1.229815,1.577199,-0.436038,2.409383,-2.494819,1.000000,1.000000,0.615518,-0.195417,-1.400647,-0.137688,-0.168161,-0.015495,0.217339,0.015495,0.708888,0,0
6d_disc_original_delay_clean,37.950000,-1.247480,1.563264,-0.474363,2.391111,-2.459697,1.000000,1.000000,0.286073,-0.146114,-1.406645,-0.120654,-0.164848,0.008377,0.204285,0.008377,0.665833,0,0
6d_disc_original_delay_clean,38.000000,-1.264987,1.549131,-0.508493,2.365606,-2.424008,1.000000,1.000000,-0.113084,-0.095829,-1.410963,-0.102370,-0.153936,0.032816,0.184867,0.032816,0.660223,0,0
6d_disc_original_delay_clean,38.050000,-1.282335,1.534802,-0.538388,2.333802,-2.387818,1.000000,1.000000,-0.606046,-0.044714,-1.413506,-0.083198,-0.136159,0.057757,0.159566,0.057757,0.682727,0,0
6d_disc_original_delay_clean,38.100000,-1.299520,1.520279,-0.564032,2.296541,-2.351184,1.000000,1.000000,-0.800000,0.007086,-1.414196,-0.063457,-0.112177,0.083140,0.128881,0.083140,0.723678,0,0
6d_disc_original_delay_clean,38.150000,-1.316540,1.505564,-0.585432,2.254582,-2.315232,1.000000,1.000000,-0.800000,0.057914,-1.413027,-0.043421,-0.082581,0.107842,0.093300,0.107842,0.760929,0,0
6d_disc_original_delay_clean,38.200000,-1.333394,1.490658,-0.602662,2.208631,-2.281797,1.000000,1.000000,-0.800000,0.105117,-1.410302,-0.023306,-0.047949,0.130027,0.053313,0.130027,0.783585,0,0
6d_disc_original_delay_clean,38.250000,-1.350079,1.475563,-0.615912,2.159337,-2.252907,1.000000,0.765195,-0.800000,-0.036455,-1.258648,-0.003230,-0.008884,0.147667,0.009453,0.147667,0.794165,0,0
6d_disc_original_delay_clean,38.300000,-1.366593,1.460282,-0.625510,2.107277,-2.230900,0.559244,-0.154261,-0.800000,-0.464784,-0.347170,0.016815,0.033982,0.158424,0.037915,0.158424,0.801543,0,0
6d_disc_original_delay_clean,38.350000,-1.382935,1.444815,-0.631949,2.052937,-2.216104,0.114444,-0.966648,-0.800000,-0.841101,0.489953,0.036986,0.079970,0.161971,0.088109,0.161971,0.829773,0,0
6d_disc_original_delay_clean,38.400000,-1.399101,1.429166,-0.635781,1.996695,-2.207678,-0.231698,-1.000000,-0.800000,-0.666165,0.780966,0.057529,0.128434,0.159146,0.140730,0.159146,0.877606,0,0
6d_disc_original_delay_clean,38.450000,-1.415090,1.413336,-0.637532,1.938835,-2.204884,-0.474407,-1.000000,-0.800000,-0.524553,0.974631,0.078710,0.178805,0.150690,0.195362,0.150690,0.935501,0,0
6d_disc_original_delay_clean,38.500000,-1.430901,1.397327,-0.638797,1.880379,-2.207066,-0.630389,-1.000000,-0.800000,-0.429742,1.101232,0.100987,0.229221,0.137258,0.250480,0.137258,0.976452,0,0
6d_disc_original_delay_clean,38.550000,-1.446530,1.381142,-0.642681,1.826640,-2.213645,-0.734162,-1.000000,-0.800000,-0.360277,1.187095,0.122672,0.273748,0.119429,0.299977,0.119429,0.918226,0,0
6d_disc_original_delay_clean,38.600000,-1.461976,1.364781,-0.651322,1.782010,-2.224111,-0.811436,-1.000000,-0.691649,-0.300865,1.252162,0.141828,0.307865,0.097714,0.338963,0.097714,0.802672,0,0
6d_disc_original_delay_clean,38.650000,-1.477237,1.348248,-0.663169,1.747255,-2.238010,-0.860176,-1.000000,-0.427796,-0.253272,1.294510,0.156503,0.332304,0.072564,0.367314,0.072564,0.724946,0,0
6d_disc_original_delay_clean,38.700000,-1.492311,1.331544,-0.676925,1.722455,-2.254945,-0.847541,-1.000000,-0.159621,-0.239300,1.288821,0.165459,0.348147,0.044379,0.385464,0.044379,0.701958,0,0
6d_disc_original_delay_clean,38.750000,-1.507196,1.314672,-0.691640,1.707262,-2.274562,-0.772506,-1.000000,0.119979,-0.262528,1.236060,0.168051,0.356538,0.013513,0.394157,0.013513,0.733723,0,0
6d_disc_original_delay_clean,38.800000,-1.521890,1.297633,-0.706575,1.701109,-2.296548,-0.635285,-1.000000,0.415889,-0.326363,1.138892,0.163987,0.358628,-0.019724,0.394342,0.019724,0.805556,0,0
6d_disc_original_delay_clean,38.850000,-1.536392,1.280430,-0.721108,1.703352,-2.320000,-0.435456,-1.000000,0.730806,-0.435662,0.999910,0.153156,0.355537,-0.054425,0.387122,0.054425,0.890155,0,0
6d_disc_original_delay_clean,38.900000,-1.550699,1.263065,-0.734752,1.713255,-2.343211,-0.175967,-1.000000,0.800000,-0.593426,0.823900,0.135648,0.348335,-0.088887,0.373815,0.088887,0.963862,0,0
6d_disc_original_delay_clean,38.950000,-1.564810,1.245540,-0.747328,1.729871,-2.364652,0.134969,-1.000000,0.800000,-0.797342,0.618435,0.111954,0.337975,-0.121578,0.356035,0.121578,1.022749,0,0
6d_disc_original_delay_clean,39.000000,-1.578723,1.227857,-0.758998,1.752084,-2.382902,0.485327,-1.000000,0.800000,-1.040192,0.391846,0.082943,0.325221,-0.151078,0.335631,0.151078,1.063981,0,0
6d_disc_original_delay_clean,39.050000,-1.592436,1.210019,-0.770271,1.778660,-2.396612,0.858842,-1.000000,0.800000,-1.309293,0.152842,0.049820,0.310590,-0.176038,0.314560,0.176038,1.085936,0,0
6d_disc_original_delay_clean,39.100000,-1.605948,1.192028,-0.781991,1.808271,-2.404479,1.000000,-1.000000,0.800000,-1.412565,0.068258,0.014083,0.294327,-0.195155,0.294664,0.195155,1.088717,0,0
6d_disc_original_delay_clean,39.150000,-1.619256,1.173886,-0.795292,1.839511,-2.406780,1.000000,-1.000000,0.800000,-1.412405,0.071508,-0.022529,0.276421,-0.208706,0.277338,0.208706,1.083294,0,0
6d_disc_original_delay_clean,39.200000,-1.632360,1.155596,-0.811462,1.870933,-2.404162,1.000000,-1.000000,0.800000,-1.412587,0.067810,-0.058157,0.256680,-0.217338,0.263186,0.217338,1.067858,0,0
6d_disc_original_delay_clean,39.250000,-1.645257,1.137159,-0.831824,1.901070,-2.397198,1.000000,-1.000000,0.800000,-1.413025,0.057971,-0.090916,0.234809,-0.221623,0.251796,0.221623,1.041684,0,0
6d_disc_original_delay_clean,39.300000,-1.657945,1.118578,-0.857614,1.928470,-2.386392,1.000000,-1.000000,0.800000,-1.413569,0.042699,-0.118995,0.210489,-0.222067,0.241797,0.222067,1.009347,0,0
6d_disc_original_delay_clean,39.350000,-1.670424,1.099856,-0.888884,1.952685,-2.372191,1.000000,-1.000000,0.800000,-1.414033,0.022622,-0.142084,0.183758,-0.219117,0.232281,0.219117,0.988955,0,0
6d_disc_original_delay_clean,39.400000,-1.682692,1.080994,-0.925040,1.973820,-2.354991,1.000000,-1.000000,0.800000,-1.414213,-0.001702,-0.160684,0.154877,-0.213166,0.223173,0.213166,0.984318,0,0
6d_disc_original_delay_clean,39.450000,-1.694746,1.061996,-0.965531,1.991936,-2.335139,1.000000,-0.954445,0.800000,-1.381017,-0.061301,-0.175218,0.124121,-0.204565,0.214726,0.204565,0.990332,0,0
6d_disc_original_delay_clean,39.500000,-1.706586,1.042863,-1.009844,2.007059,-2.312945,1.000000,-0.624164,0.800000,-1.135893,-0.315162,-0.186045,0.091762,-0.193621,0.207444,0.193621,1.003016,0,0
6d_disc_original_delay_clean,39.550000,-1.718210,1.023599,-1.057507,2.019196,-2.288680,1.000000,-0.277959,0.800000,-0.867151,-0.570360,-0.193470,0.058068,-0.180606,0.201996,0.180606,1.019482,0,0
6d_disc_original_delay_clean,39.600000,-1.729617,1.004205,-1.108078,2.028341,-2.262585,1.000000,0.085415,0.800000,-0.572137,-0.824593,-0.197758,0.023290,-0.165761,0.199125,0.165761,1.037754,0,0
6d_disc_original_delay_clean,39.650000,-1.740804,0.984683,-1.161151,2.034486,-2.234874,1.000000,0.465342,0.800000,-0.249883,-1.074291,-0.199138,-0.012330,-0.149300,0.199519,0.149300,1.056556,0,0
6d_disc_original_delay_clean,39.700000,-1.751771,0.965037,-1.216138,2.037456,-2.205734,1.000000,0.858018,0.800000,0.097671,-1.314023,-0.197770,-0.048309,-0.131409,0.203584,0.131409,1.070339,0,0
6d_disc_original_delay_clean,39.750000,-1.762517,0.945269,-1.271157,2.036136,-2.175331,1.000000,1.000000,0.800000,0.254388,-1.391146,-0.193569,-0.082567,-0.112256,0.210443,0.112256,1.050089,0,0
6d_disc_original_delay_clean,39.800000,-1.773040,0.925381,-1.324355,2.029626,-2.143812,1.000000,1.000000,0.800000,0.298102,-1.382438,-0.186537,-0.113156,-0.091987,0.218175,0.091987,1.000074,0,0
6d_disc_original_delay_clean,39.850000,-1.783338,0.905377,-1.373898,2.017241,-2.111307,1.000000,1.000000,0.800000,0.342873,-1.372020,-0.176763,-0.138243,-0.070732,0.224402,0.070732,0.925735,0,0
6d_disc_original_delay_clean,39.900000,-1.793410,0.885257,-1.417972,1.998501,-2.077930,1.000000,1.000000,0.800000,0.388467,-1.359814,-0.164431,-0.156096,-0.048606,0.226723,0.048606,0.835212,0,0
6d_disc_original_delay_clean,39.950000,-1.803256,0.865026,-1.454811,1.973144,-2.043783,1.000000,1.000000,0.739355,0.434665,-1.345759,-0.149817,-0.165108,-0.025709,0.222948,0.025709,0.742295,0,0
6d_disc_original_delay_clean,40.000000,-1.812873,0.844685,-1.484054,1.941814,-2.008956,1.000000,1.000000,0.436266,0.481261,-1.329808,-0.133352,-0.165311,-0.002131,0.212392,0.002131,0.680673,0,0
6d_disc_original_delay_clean,40.050000,-1.822261,0.824237,-1.506120,1.905512,-1.973527,1.000000,1.000000,0.073534,0.528062,-1.311926,-0.115470,-0.157568,0.022048,0.195348,0.022048,0.659567,0,0
6d_disc_original_delay_clean,40.100000,-1.831418,0.803685,-1.521401,1.865133,-1.937566,1.000000,1.000000,-0.371088,0.574888,-1.292093,-0.096555,-0.142650,0.046758,0.172255,0.046758,0.670855,0,0
6d_disc_original_delay_clean,40.150000,-1.840343,0.783031,-1.530271,1.821475,-1.901136,1.000000,1.000000,-0.800000,0.621568,-1.270297,-0.076944,-0.121247,0.071938,0.143601,0.071938,0.704664,0,0
6d_disc_original_delay_clean,40.200000,-1.849036,0.762278,-1.533086,1.775248,-1.864644,1.000000,1.000000,-0.800000,0.667500,-1.246773,-0.056929,-0.093981,0.097181,0.109879,0.097181,0.747420,0,0
6d_disc_original_delay_clean,40.250000,-1.857494,0.741429,-1.530200,1.727084,-1.829858,1.000000,1.000000,-0.800000,0.710457,-1.222804,-0.036757,-0.061423,0.120716,0.071581,0.120716,0.776155,0,0
6d_disc_original_delay_clean,40.300000,-1.865717,0.720485,-1.522040,1.677525,-1.798689,1.000000,1.000000,-0.800000,0.748219,-1.200070,-0.016590,-0.024165,0.140635,0.029311,0.140635,0.791388,0,0
6d_disc_original_delay_clean,40.350000,-1.873705,0.699451,-1.509118,1.626998,-1.773303,0.871238,0.181983,-0.800000,0.003036,-0.890036,0.003520,0.017177,0.154771,0.017534,0.154771,0.798642,0,0
6d_disc_original_delay_clean,40.400000,-1.881455,0.678328,-1.492043,1.575786,-1.755519,0.384348,-0.677093,-0.800000,-0.736168,-0.253445,0.023662,0.061944,0.161305,0.066310,0.161305,0.814598,0,0
6d_disc_original_delay_clean,40.450000,-1.888967,0.657119,-1.471504,1.524021,-1.744455,-0.017047,-1.000000,-0.800000,-0.982014,0.189577,0.044064,0.109457,0.161120,0.117994,0.161120,0.855395,0,0
6d_disc_original_delay_clean,40.500000,-1.896239,0.635827,-1.448126,1.471749,-1.739328,-0.313447,-1.000000,-0.800000,-0.933256,0.476741,0.064985,0.159114,0.154996,0.171873,0.154996,0.909903,0,0
6d_disc_original_delay_clean,40.550000,-1.903272,0.614454,-1.422474,1.418954,-1.739448,-0.513630,-1.000000,-0.800000,-0.899597,0.674196,0.086695,0.210381,0.143626,0.227544,0.143626,0.970662,0,0
6d_disc_original_delay_clean,40.600000,-1.910064,0.593004,-1.399617,1.367124,-1.744206,-0.637457,-1.000000,-0.800000,-0.875014,0.800439,0.109342,0.257966,0.127618,0.280182,0.127618,0.954524,0,0
6d_disc_original_delay_clean,40.650000,-1.916615,0.571479,-1.383899,1.319703,-1.753062,-0.740195,-1.000000,-0.800000,-0.849270,0.909192,0.130753,0.296708,0.107513,0.324241,0.107513,0.858786,0,0
6d_disc_original_delay_clean,40.700000,-1.922922,0.549881,-1.376080,1.278827,-1.765539,-0.815869,-1.000000,-0.538297,-0.823216,0.993961,0.148798,0.325351,0.083786,0.357762,0.083786,0.763299,0,0
6d_disc_original_delay_clean,40.750000,-1.928987,0.528214,-1.374973,1.245533,-1.781216,-0.842577,-1.000000,-0.273995,-0.801954,1.032863,0.161832,0.344893,0.056858,0.380974,0.056858,0.713673,0,0
6d_disc_original_delay_clean,40.800000,-1.934807,0.506480,-1.379518,1.220234,-1.799722,-0.808400,-1.000000,-0.001730,-0.790460,1.014241,0.168891,0.356437,0.027103,0.394426,0.027103,0.717912,0,0
6d_disc_original_delay_clean,40.850000,-1.940382,0.484682,-1.388769,1.202883,-1.820726,-0.713400,-1.000000,0.284292,-0.792480,0.938570,0.169529,0.361121,-0.005152,0.398934,0.005152,0.768765,0,0
6d_disc_original_delay_clean,40.900000,-1.945712,0.462822,-1.401834,1.193333,-1.843940,-0.557981,-1.000000,0.587959,-0.812407,0.807056,0.163459,0.360067,-0.039616,0.395433,0.039616,0.850339,0,0
6d_disc_original_delay_clean,40.950000,-1.950796,0.440904,-1.417890,1.191299,-1.867584,-0.340286,-1.000000,0.800000,-0.856764,0.617859,0.150587,0.354368,-0.074510,0.385037,0.074510,0.924774,0,0
6d_disc_original_delay_clean,41.000000,-1.955632,0.418930,-1.436246,1.196223,-1.890072,-0.068276,-1.000000,0.800000,-0.928033,0.378704,0.131158,0.345049,-0.108248,0.369135,0.108248,0.987607,0,0
6d_disc_original_delay_clean,41.050000,-1.960221,0.396903,-1.456410,1.207225,-1.909955,0.249841,-1.000000,0.800000,-1.026155,0.097085,0.105813,0.332981,-0.139381,0.349389,0.139381,1.035692,0,0
6d_disc_original_delay_clean,41.100000,-1.964562,0.374826,-1.478135,1.223146,-1.925873,0.601132,-1.000000,0.800000,-1.146611,-0.215971,0.075549,0.318822,-0.166549,0.327651,0.166549,1.066852,0,0
6d_disc_original_delay_clean,41.150000,-1.968655,0.352702,-1.501432,1.242582,-1.936522,0.969471,-1.000000,0.800000,-1.280573,-0.547728,0.041671,0.302969,-0.188447,0.305822,0.188447,1.080286,0,0
6d_disc_original_delay_clean,41.200000,-1.972498,0.330532,-1.526557,1.263903,-1.941281,1.000000,-1.000000,0.800000,-1.294219,-0.570085,0.005765,0.285554,-0.204457,0.285613,0.204457,1.081173,0,0
6d_disc_original_delay_clean,41.250000,-1.976092,0.308321,-1.553946,1.285326,-1.940836,1.000000,-1.000000,0.800000,-1.293965,-0.570661,-0.030404,0.266483,-0.215262,0.268212,0.215262,1.075115,0,0
6d_disc_original_delay_clean,41.300000,-1.979435,0.286071,-1.584105,1.304995,-1.935791,1.000000,-1.000000,0.800000,-1.291070,-0.577181,-0.064993,0.245522,-0.221467,0.253979,0.221467,1.058216,0,0
6d_disc_original_delay_clean,41.350000,-1.982528,0.263785,-1.617523,1.321053,-1.926682,1.000000,-1.000000,0.800000,-1.285759,-0.588917,-0.096173,0.222371,-0.223608,0.242277,0.223608,1.031636,0,0
6d_disc_original_delay_clean,41.400000,-1.985370,0.241465,-1.654597,1.331717,-1.913981,1.000000,-1.000000,0.800000,-1.278176,-0.605200,-0.122212,0.196725,-0.222157,0.231595,0.222157,1.001426,0,0
6d_disc_original_delay_clean,41.450000,-1.987961,0.219115,-1.694908,1.337205,-1.898106,1.000000,-1.000000,0.800000,-1.268407,-0.625414,-0.143466,0.168794,-0.217531,0.221526,0.217531,0.988213,0,0
6d_disc_original_delay_clean,41.500000,-1.990300,0.196737,-1.737978,1.337853,-1.879425,1.000000,-1.000000,0.800000,-1.256503,-0.648999,-0.160402,0.138848,-0.210101,0.212150,0.210101,0.988360,0,0
6d_disc_original_delay_clean,41.550000,-1.992387,0.174334,-1.783350,1.333941,-1.858265,1.000000,-0.812719,0.800000,-1.062895,-0.728537,-0.173414,0.107162,-0.200191,0.203853,0.200191,0.997289,0,0
6d_disc_original_delay_clean,41.600000,-1.994223,0.151909,-1.830588,1.325710,-1.834915,1.000000,-0.468551,0.800000,-0.713362,-0.843003,-0.182838,0.074007,-0.188091,0.197248,0.188091,1.011541,0,0
6d_disc_original_delay_clean,41.650000,-1.995805,0.129465,-1.879281,1.313368,-1.809629,1.000000,-0.106554,0.800000,-0.340098,-0.946407,-0.188962,0.039642,-0.174054,0.193076,0.174054,1.028668,0,0
6d_disc_original_delay_clean,41.700000,-1.997135,0.107005,-1.929048,1.297103,-1.782632,1.000000,0.273503,0.800000,0.057135,-1.035152,-0.192037,0.004317,-0.158307,0.192085,0.158307,1.047031,0,0
6d_disc_original_delay_clean,41.750000,-1.998213,0.084531,-1.979530,1.277086,-1.754122,1.000000,0.669137,0.800000,0.475623,-1.105227,-0.192280,-0.031738,-0.141048,0.194881,0.141048,1.065599,0,0
6d_disc_original_delay_clean,41.800000,-1.999037,0.062046,-2.029325,1.253278,-1.724277,1.000000,1.000000,0.800000,0.835366,-1.141124,-0.189719,-0.067229,-0.122453,0.201278,0.122453,1.064242,0,0
6d_disc_original_delay_clean,41.850000,-1.999609,0.039553,-2.076264,1.225604,-1.693251,1.000000,1.000000,0.800000,0.870363,-1.114661,-0.184303,-0.100097,-0.102677,0.209730,0.102677,1.029908,0,0
6d_disc_original_delay_clean,41.900000,-1.999927,0.017056,-2.118292,1.194179,-1.661181,1.000000,1.000000,0.800000,0.905656,-1.086180,-0.176071,-0.128398,-0.081857,0.217915,0.081857,0.967323,0,0
6d_disc_original_delay_clean,41.950000,-1.999993,-0.005444,-2.153463,1.159297,-1.628190,1.000000,1.000000,0.800000,0.940992,-1.055715,-0.165155,-0.150300,-0.060115,0.223307,0.060115,0.883083,0,0
6d_disc_original_delay_clean,42.000000,-1.999805,-0.027943,-2.179962,1.121436,-1.594383,1.000000,1.000000,0.800000,0.976137,-1.023306,-0.151784,-0.164081,-0.037559,0.223519,0.037559,0.787919,0,0
6d_disc_original_delay_clean,42.050000,-1.999364,-0.050439,-2.196559,1.081255,-1.559856,1.000000,1.000000,0.600177,1.010880,-0.989000,-0.136307,-0.168592,-0.014282,0.216801,0.014282,0.704569,0,0
6d_disc_original_delay_clean,42.100000,-1.998670,-0.072928,-2.204115,1.039511,-1.524693,1.000000,1.000000,0.267232,1.045024,-0.952850,-0.119190,-0.164744,0.009631,0.203339,0.009631,0.664320,0,0
6d_disc_original_delay_clean,42.150000,-1.997723,-0.095408,-2.203415,0.996869,-1.488967,1.000000,1.000000,-0.136641,1.078392,-0.914916,-0.100846,-0.153352,0.034107,0.183539,0.034107,0.660945,0,0
6d_disc_original_delay_clean,42.200000,-1.996523,-0.117876,-2.195181,0.953912,-1.452745,1.000000,1.000000,-0.636033,1.110818,-0.875262,-0.081634,-0.135144,0.059080,0.157886,0.059080,0.684985,0,0
6d_disc_original_delay_clean,42.250000,-1.995071,-0.140329,-2.180077,0.911151,-1.416083,1.000000,1.000000,-0.800000,1.142153,-0.833959,-0.061869,-0.110774,0.084492,0.126880,0.084492,0.726862,0,0
6d_disc_original_delay_clean,42.300000,-1.993366,-0.162764,-2.158712,0.869027,-1.380195,1.000000,1.000000,-0.800000,1.171340,-0.792441,-0.041825,-0.080829,0.109130,0.091009,0.109130,0.763470,0,0
6d_disc_original_delay_clean,42.350000,-1.991409,-0.185178,-2.131698,0.827896,-1.346926,1.000000,1.000000,-0.800000,1.197051,-0.753040,-0.021712,-0.045887,0.131149,0.050764,0.131149,0.785416,0,0
6d_disc_original_delay_clean,42.400000,-1.989200,-0.207570,-2.099670,0.787983,-1.318320,1.000000,0.712817,-0.800000,0.940021,-0.790233,-0.001642,-0.006551,0.148505,0.006753,0.148505,0.795503,0,0
6d_disc_original_delay_clean,42.450000,-1.986739,-0.229935,-2.063287,0.749358,-1.296738,0.522335,-0.204209,-0.800000,-0.055223,-0.558109,0.018400,0.036546,0.158837,0.040917,0.158837,0.803066,0,0
6d_disc_original_delay_clean,42.500000,-1.984026,-0.252270,-2.023234,0.711903,-1.282317,0.083773,-1.000000,-0.800000,-0.934845,-0.364806,0.038582,0.082721,0.162008,0.091276,0.162008,0.832678,0,0
6d_disc_original_delay_clean,42.550000,-1.981063,-0.274574,-1.980138,0.675397,-1.274223,-0.254846,-1.000000,-0.800000,-1.030821,-0.048524,0.059150,0.131335,0.158851,0.144040,0.158851,0.881244,0,0
6d_disc_original_delay_clean,42.600000,-1.977848,-0.296843,-1.934534,0.639585,-1.271723,-0.490777,-1.000000,-0.800000,-1.100210,0.174356,0.080373,0.181821,0.150102,0.198793,0.150102,0.939445,0,0
6d_disc_original_delay_clean,42.650000,-1.974384,-0.319075,-1.888480,0.603702,-1.274164,-0.641425,-1.000000,-0.800000,-1.143816,0.321110,0.102747,0.232021,0.136411,0.253753,0.136411,0.975843,0,0
6d_disc_original_delay_clean,42.700000,-1.970669,-0.341266,-1.848106,0.568642,-1.280972,-0.744346,-1.000000,-0.800000,-1.171016,0.427518,0.124349,0.276026,0.118352,0.302743,0.118352,0.912328,0,0
6d_disc_original_delay_clean,42.750000,-1.966705,-0.363414,-1.818072,0.535288,-1.291640,-0.819584,-1.000000,-0.676424,-1.187120,0.512312,0.143267,0.309460,0.096434,0.341014,0.096434,0.795612,0,0
6d_disc_original_delay_clean,42.800000,-1.962493,-0.385516,-1.797842,0.505353,-1.305718,-0.865409,-1.000000,-0.413361,-1.191796,0.573198,0.157576,0.333285,0.071106,0.368658,0.071106,0.720964,0,0
6d_disc_original_delay_clean,42.850000,-1.958032,-0.407569,-1.786698,0.479880,-1.322811,-0.848582,-1.000000,-0.144762,-1.177694,0.577172,0.166088,0.348587,0.042763,0.386132,0.042763,0.701797,0,0
6d_disc_original_delay_clean,42.900000,-1.953323,-0.429571,-1.783787,0.459393,-1.342568,-0.769242,-1.000000,0.135708,-1.148112,0.523042,0.168198,0.356515,0.011757,0.394200,0.011757,0.736938,0,0
6d_disc_original_delay_clean,42.950000,-1.948366,-0.451518,-1.788215,0.444140,-1.364678,-0.627630,-1.000000,0.432821,-1.107285,0.409683,0.163621,0.358220,-0.021604,0.393819,0.021604,0.811052,0,0
6d_disc_original_delay_clean,43.000000,-1.943164,-0.473408,-1.799091,0.434225,-1.388150,-0.423077,-1.000000,0.749118,-1.060211,0.234407,0.152263,0.354818,-0.056326,0.386109,0.056326,0.895585,0,0
6d_disc_original_delay_clean,43.050000,-1.937715,-0.495238,-1.815537,0.429582,-1.411296,-0.159151,-1.000000,0.800000,-1.012584,-0.001694,0.134234,0.347376,-0.090721,0.372410,0.090721,0.968977,0,0
6d_disc_original_delay_clean,43.100000,-1.932021,-0.517006,-1.836685,0.429765,-1.432592,0.155924,-1.000000,0.800000,-0.968984,-0.292202,0.110054,0.336838,-0.123268,0.354361,0.123268,1.027252,0,0
6d_disc_original_delay_clean,43.150000,-1.926083,-0.538708,-1.861741,0.433953,-1.450623,0.509694,-1.000000,0.800000,-0.931683,-0.625903,0.080618,0.323953,-0.152549,0.333834,0.152549,1.067621,0,0
6d_disc_original_delay_clean,43.200000,-1.919900,-0.560342,-1.890023,0.440978,-1.464041,0.885551,-1.000000,0.800000,-0.899949,-0.987062,0.047154,0.309221,-0.177216,0.312796,0.177216,1.088535,0,0
6d_disc_original_delay_clean,43.250000,-1.913475,-0.581905,-1.920974,0.449347,-1.471543,1.000000,-1.000000,0.800000,-0.895988,-1.094169,0.011181,0.292871,-0.195969,0.293084,0.195969,1.090203,0,0
6d_disc_original_delay_clean,43.300000,-1.906808,-0.603394,-1.954146,0.457293,-1.473522,1.000000,-1.000000,0.800000,-0.898151,-1.092394,-0.025545,0.274873,-0.209198,0.276058,0.209198,1.084176,0,0
6d_disc_original_delay_clean,43.350000,-1.899899,-0.624807,-1.989146,0.462906,-1.470619,1.000000,-1.000000,0.800000,-0.894977,-1.094996,-0.061154,0.255025,-0.217545,0.262255,0.217545,1.067807,0,0
6d_disc_original_delay_clean,43.400000,-1.892750,-0.646141,-2.025578,0.464247,-1.463403,1.000000,-1.000000,0.800000,-0.887052,-1.101426,-0.093756,0.233028,-0.221579,0.251181,0.221579,1.040734,0,0
6d_disc_original_delay_clean,43.450000,-1.885361,-0.667393,-2.063011,0.459457,-1.452375,1.000000,-1.000000,0.800000,-0.874852,-1.111141,-0.121541,0.208559,-0.221801,0.241390,0.221801,1.007907,0,0
6d_disc_original_delay_clean,43.500000,-1.877734,-0.688560,-2.101129,0.448400,-1.437978,1.000000,-1.000000,0.800000,-0.858765,-1.123621,-0.144365,0.181695,-0.218654,0.232065,0.218654,0.988584,0,0
6d_disc_original_delay_clean,43.550000,-1.869869,-0.709641,-2.139663,0.431612,-1.420604,1.000000,-1.000000,0.800000,-0.839114,-1.138371,-0.162725,0.152700,-0.212530,0.223152,0.212530,0.984688,0,0
6d_disc_original_delay_clean,43.600000,-1.861767,-0.730632,-2.178332,0.409568,-1.400599,1.000000,-0.927507,0.800000,-0.744729,-1.142650,-0.177039,0.121848,-0.203775,0.214918,0.203775,0.991179,0,0
6d_disc_original_delay_clean,43.650000,-1.853430,-0.751530,-2.216853,0.382692,-1.378269,1.000000,-0.596526,0.800000,-0.394164,-1.095663,-0.187662,0.089411,-0.192695,0.207874,0.192695,1.004143,0,0
6d_disc_original_delay_clean,43.700000,-1.844858,-0.772333,-2.254950,0.351369,-1.353884,1.000000,-0.249783,0.800000,-0.028715,-1.030324,-0.194899,0.055655,-0.179560,0.202690,0.179560,1.020750,0,0
6d_disc_original_delay_clean,43.750000,-1.836053,-0.793038,-2.292359,0.315947,-1.327684,1.000000,0.113868,0.800000,0.351245,-0.943182,-0.199012,0.020832,-0.164610,0.200099,0.164610,1.039072,0,0
6d_disc_original_delay_clean,43.800000,-1.827015,-0.813643,-2.328830,0.276745,-1.299879,1.000000,0.493640,0.800000,0.743251,-0.831420,-0.200227,-0.014818,-0.148055,0.200775,0.148055,1.057868,0,0
6d_disc_original_delay_clean,43.850000,-1.817746,-0.834145,-2.363725,0.234174,-1.270656,1.000000,0.885521,0.800000,1.141588,-0.693487,-0.198679,-0.050659,-0.130082,0.205036,0.130082,1.068794,0,0
6d_disc_original_delay_clean,43.900000,-1.808247,-0.854542,-2.395044,0.189089,-1.240180,1.000000,1.000000,0.800000,1.270469,-0.621216,-0.194292,-0.084624,-0.110855,0.211921,0.110855,1.046064,0,0
6d_disc_original_delay_clean,43.950000,-1.798520,-0.874830,-2.420980,0.142451,-1.208596,1.000000,1.000000,0.800000,1.289452,-0.580787,-0.187073,-0.114780,-0.090522,0.219479,0.090522,0.994026,0,0
6d_disc_original_delay_clean,44.000000,-1.788564,-0.895008,-2.439909,0.095330,-1.176034,1.000000,1.000000,0.800000,1.307677,-0.538499,-0.177120,-0.139306,-0.069209,0.225339,0.069209,0.918268,0,0
6d_disc_original_delay_clean,44.050000,-1.778382,-0.915072,-2.450386,0.048903,-1.142607,1.000000,1.000000,0.800000,1.324944,-0.494494,-0.164624,-0.156487,-0.047032,0.227133,0.047032,0.827235,0,0
6d_disc_original_delay_clean,44.100000,-1.767975,-0.935020,-2.451172,0.004437,-1.108415,1.000000,1.000000,0.719202,1.341073,-0.448913,-0.149870,-0.164731,-0.024091,0.222705,0.024091,0.735261,0,0
6d_disc_original_delay_clean,44.150000,-1.757345,-0.954850,-2.442725,-0.037469,-1.073548,1.000000,1.000000,0.413193,1.355907,-0.401890,-0.133295,-0.164244,-0.000474,0.211527,0.000474,0.677134,0,0
6d_disc_original_delay_clean,44.200000,-1.746492,-0.974560,-2.426091,-0.076557,-1.038085,1.000000,1.000000,0.045880,1.369304,-0.353562,-0.115332,-0.155878,0.023739,0.193906,0.023739,0.659011,0,0
6d_disc_original_delay_clean,44.250000,-1.735418,-0.994146,-2.402214,-0.112612,-1.002094,1.000000,1.000000,-0.405152,1.381140,-0.304061,-0.096361,-0.140399,0.048481,0.170286,0.048481,0.672509,0,0
6d_disc_original_delay_clean,44.300000,-1.724124,-1.013606,-2.371951,-0.145463,-0.965636,1.000000,1.000000,-0.800000,1.391305,-0.253517,-0.076714,-0.118490,0.073688,0.141156,0.073688,0.707755,0,0
6d_disc_original_delay_clean,44.350000,-1.712612,-1.032938,-2.336078,-0.174973,-0.929237,1.000000,1.000000,-0.800000,1.399609,-0.202718,-0.056681,-0.090766,0.098837,0.107010,0.098837,0.749754,0,0
6d_disc_original_delay_clean,44.400000,-1.700883,-1.052139,-2.295311,-0.201060,-0.894668,1.000000,1.000000,-0.800000,1.405779,-0.154223,-0.036503,-0.057799,0.122157,0.068361,0.122157,0.777649,0,0
6d_disc_original_delay_clean,44.450000,-1.688939,-1.071207,-2.250335,-0.223751,-0.863851,1.000000,1.000000,-0.800000,1.409864,-0.110836,-0.016336,-0.020182,0.141723,0.025965,0.141723,0.792238,0,0
6d_disc_original_delay_clean,44.500000,-1.676782,-1.090139,-2.201794,-0.243214,-0.838974,0.858213,0.088972,-0.800000,0.639673,-0.579021,0.003777,0.021468,0.155351,0.021797,0.155351,0.799479,0,0
6d_disc_original_delay_clean,44.550000,-1.664412,-1.108933,-2.150272,-0.259781,-0.821640,0.374096,-0.757800,-0.800000,-0.300142,-0.790014,0.023937,0.066491,0.161434,0.070669,0.161434,0.817435,0,0
6d_disc_original_delay_clean,44.600000,-1.651831,-1.127588,-2.096277,-0.273929,-0.810973,-0.021670,-1.000000,-0.800000,-0.739884,-0.673084,0.044375,0.114213,0.160851,0.122530,0.160851,0.859392,0,0
6d_disc_original_delay_clean,44.650000,-1.639042,-1.146099,-2.040210,-0.286132,-0.806198,-0.312296,-1.000000,-0.800000,-0.937847,-0.466875,0.065350,0.164037,0.154377,0.176575,0.154377,0.914468,0,0
6d_disc_original_delay_clean,44.700000,-1.626045,-1.164465,-1.982392,-0.296851,-0.806629,-0.508028,-1.000000,-0.800000,-1.073482,-0.325161,0.087133,0.215435,0.142696,0.232388,0.142696,0.975431,0,0
6d_disc_original_delay_clean,44.750000,-1.612842,-1.182684,-1.927475,-0.309589,-0.811661,-0.628855,-1.000000,-0.800000,-1.158269,-0.232103,0.109863,0.262571,0.126413,0.284628,0.126413,0.950806,0,0
6d_disc_original_delay_clean,44.800000,-1.599435,-1.200753,-1.880700,-0.325701,-0.820759,-0.733261,-1.000000,-0.788088,-1.231503,-0.145166,0.131341,0.300429,0.106065,0.327884,0.106065,0.850853,0,0
6d_disc_original_delay_clean,44.850000,-1.585825,-1.218671,-1.843834,-0.344186,-0.833450,-0.810642,-1.000000,-0.519454,-1.285271,-0.072244,0.149396,0.328276,0.082124,0.360672,0.082124,0.759397,0,0
6d_disc_original_delay_clean,44.900000,-1.572015,-1.236434,-1.816990,-0.363498,-0.849317,-0.836426,-1.000000,-0.255682,-1.303286,-0.032483,0.162418,0.347111,0.055007,0.383231,0.055007,0.713759,0,0
6d_disc_original_delay_clean,44.950000,-1.558006,-1.254040,-1.799858,-0.382561,-0.867990,-0.801880,-1.000000,0.016435,-1.281336,-0.034502,0.169470,0.358032,0.025084,0.396115,0.025084,0.721044,0,0
6d_disc_original_delay_clean,45.000000,-1.543800,-1.271488,-1.791834,-0.400656,-0.889143,-0.707032,-1.000000,0.302599,-1.222017,-0.081045,0.170119,0.362169,-0.007319,0.400134,0.007319,0.773450,0,0
6d_disc_original_delay_clean,45.050000,-1.529398,-1.288775,-1.792283,-0.417146,-0.912418,-0.552270,-1.000000,0.606586,-1.128883,-0.174998,0.164066,0.360639,-0.041844,0.396205,0.041844,0.854263,0,0
6d_disc_original_delay_clean,45.100000,-1.514803,-1.305899,-1.800502,-0.431534,-0.936007,-0.335812,-1.000000,0.800000,-1.004336,-0.322613,0.151208,0.354527,-0.076683,0.385426,0.076683,0.927014,0,0
6d_disc_original_delay_clean,45.150000,-1.500016,-1.322857,-1.815628,-0.443607,-0.958339,-0.065520,-1.000000,0.800000,-0.855904,-0.521268,0.131800,0.344850,-0.110265,0.369179,0.110265,0.988309,0,0
6d_disc_original_delay_clean,45.200000,-1.485039,-1.339648,-1.836668,-0.453502,-0.977979,0.250464,-1.000000,0.800000,-0.689436,-0.766427,0.106490,0.332471,-0.141155,0.349109,0.141155,1.035119,0,0
6d_disc_original_delay_clean,45.250000,-1.469875,-1.356270,-1.862548,-0.461719,-0.993576,0.599423,-1.000000,0.800000,-0.510880,-1.048003,0.076276,0.318037,-0.168002,0.327055,0.168002,1.065357,0,0
6d_disc_original_delay_clean,45.300000,-1.454524,-1.372720,-1.892153,-0.469104,-1.003833,0.965533,-1.000000,0.800000,-0.324974,-1.351535,0.042464,0.301935,-0.189509,0.304906,0.189509,1.078318,0,0
6d_disc_original_delay_clean,45.350000,-1.438989,-1.388996,-1.924334,-0.476838,-1.008246,1.000000,-1.000000,0.800000,-0.312553,-1.379243,0.006637,0.284289,-0.205172,0.284366,0.205172,1.079890,0,0
6d_disc_original_delay_clean,45.400000,-1.423272,-1.405097,-1.957924,-0.486326,-1.007495,1.000000,-1.000000,0.800000,-0.311516,-1.379477,-0.029449,0.265003,-0.215671,0.266634,0.215671,1.074409,0,0
6d_disc_original_delay_clean,45.450000,-1.407375,-1.421019,-1.991740,-0.499068,-1.002180,1.000000,-1.000000,0.800000,-0.304180,-1.381114,-0.063962,0.243844,-0.221605,0.252094,0.221605,1.058084,0,0
6d_disc_original_delay_clean,45.500000,-1.391300,-1.436762,-2.024586,-0.516555,-0.992831,1.000000,-1.000000,0.800000,-0.291256,-1.383897,-0.095083,0.220513,-0.223507,0.240139,0.223507,1.032102,0,0
6d_disc_original_delay_clean,45.550000,-1.375049,-1.452323,-2.055270,-0.540157,-0.979919,1.000000,-1.000000,0.800000,-0.273363,-1.387542,-0.121087,0.194710,-0.221845,0.229290,0.221845,1.002451,0,0
6d_disc_original_delay_clean,45.600000,-1.358623,-1.467700,-2.083704,-0.569430,-0.963857,1.000000,-1.000000,0.800000,-0.251041,-1.391754,-0.142305,0.166639,-0.217033,0.219133,0.217033,0.989394,0,0
6d_disc_original_delay_clean,45.650000,-1.342026,-1.482891,-2.109873,-0.603792,-0.945011,1.000000,-1.000000,0.800000,-0.224770,-1.396237,-0.159204,0.136569,-0.209437,0.209755,0.209437,0.989578,0,0
6d_disc_original_delay_clean,45.700000,-1.325259,-1.497895,-2.133729,-0.642705,-0.923706,1.000000,-0.797030,0.800000,-0.033036,-1.278345,-0.172175,0.104776,-0.199382,0.201549,0.199382,0.998468,0,0
6d_disc_original_delay_clean,45.750000,-1.308324,-1.512709,-2.155207,-0.685679,-0.900227,1.000000,-0.449724,0.800000,0.269088,-1.062941,-0.181555,0.071529,-0.187152,0.195137,0.187152,1.012639,0,0
6d_disc_original_delay_clean,45.800000,-1.291224,-1.527331,-2.174233,-0.732259,-0.874826,1.000000,-0.084375,0.800000,0.576378,-0.821528,-0.187632,0.037088,-0.173002,0.191262,0.173002,1.029668,0,0
6d_disc_original_delay_clean,45.850000,-1.273960,-1.541761,-2.190730,-0.782026,-0.847729,1.000000,0.299009,0.800000,0.885879,-0.551929,-0.190656,0.001700,-0.157154,0.190663,0.157154,1.047933,0,0
6d_disc_original_delay_clean,45.900000,-1.256535,-1.555995,-2.204624,-0.834591,-0.819130,1.000000,0.697586,0.800000,1.192480,-0.254201,-0.190845,-0.034403,-0.139806,0.193922,0.139806,1.066411,0,0
6d_disc_original_delay_clean,45.950000,-1.238951,-1.570032,-2.214985,-0.888788,-0.789207,1.000000,1.000000,0.800000,1.414203,-0.005386,-0.188216,-0.069841,-0.121132,0.200756,0.121132,1.063351,0,0
6d_disc_original_delay_clean,46.000000,-1.221210,-1.583871,-2.220464,-0.942904,-0.758111,1.000000,1.000000,0.800000,1.413687,0.038585,-0.182722,-0.102545,-0.101287,0.209530,0.101287,1.027292,0,0
6d_disc_original_delay_clean,46.050000,-1.203315,-1.597509,-2.219932,-0.995208,-0.725980,1.000000,1.000000,0.800000,1.411718,0.083980,-0.174406,-0.130565,-0.080406,0.217864,0.080406,0.963054,0,0
6d_disc_original_delay_clean,46.100000,-1.185267,-1.610945,-2.212475,-1.043951,-0.692934,1.000000,1.000000,0.800000,1.408172,0.130578,-0.163408,-0.152060,-0.058610,0.223214,0.058610,0.877456,0,0
6d_disc_original_delay_clean,46.150000,-1.167069,-1.624177,-2.197402,-1.087378,-0.659079,1.000000,1.000000,0.800000,1.402946,0.178167,-0.149962,-0.165307,-0.036005,0.223193,0.036005,0.781689,0,0
6d_disc_original_delay_clean,46.200000,-1.148724,-1.637203,-2.174634,-1.124247,-0.624510,1.000000,1.000000,0.579602,1.395950,0.226549,-0.134434,-0.169337,-0.012686,0.216212,0.012686,0.700815,0,0
6d_disc_original_delay_clean,46.250000,-1.130233,-1.650022,-2.145283,-1.154797,-0.589310,1.000000,1.000000,0.242486,1.387112,0.275537,-0.117288,-0.165055,0.011265,0.202484,0.011265,0.662850,0,0
6d_disc_original_delay_clean,46.300000,-1.111599,-1.662633,-2.110346,-1.179263,-0.553551,1.000000,1.000000,-0.166592,1.376374,0.324952,-0.098932,-0.153270,0.035773,0.182426,0.035773,0.661319,0,0
6d_disc_original_delay_clean,46.350000,-1.092824,-1.675033,-2.070717,-1.197878,-0.517299,1.000000,1.000000,-0.672475,1.363692,0.374624,-0.079724,-0.134707,0.060775,0.156531,0.060775,0.686656,0,0
6d_disc_original_delay_clean,46.400000,-1.073911,-1.687221,-2.027193,-1.210869,-0.480611,1.000000,1.000000,-0.800000,1.349034,0.424391,-0.059978,-0.110015,0.086213,0.125302,0.086213,0.729344,0,0
6d_disc_original_delay_clean,46.450000,-1.054863,-1.699195,-1.980492,-1.218465,-0.444820,1.000000,1.000000,-0.800000,1.332983,0.472393,-0.039965,-0.079778,0.110754,0.089229,0.110754,0.764870,0,0
6d_disc_original_delay_clean,46.500000,-1.035680,-1.710955,-1.931258,-1.220949,-0.411780,1.000000,1.000000,-0.800000,1.316651,0.516168,-0.019891,-0.044577,0.132544,0.048814,0.132544,0.785788,0,0
6d_disc_original_delay_clean,46.550000,-1.016367,-1.722498,-1.880045,-1.218705,-0.383551,0.983445,0.679227,-0.800000,1.166166,0.261854,0.000139,-0.005016,0.149523,0.005018,0.149523,0.795256,0,0
6d_disc_original_delay_clean,46.600000,-0.996925,-1.733823,-1.827294,-1.212230,-0.362514,0.483457,-0.235149,-0.800000,0.368646,-0.391313,0.020149,0.038267,0.159310,0.043248,0.159310,0.803189,0,0
6d_disc_original_delay_clean,46.650000,-0.977357,-1.744928,-1.773309,-1.202153,-0.348575,0.051115,-1.000000,-0.800000,-0.293517,-0.957319,0.040318,0.084587,0.162000,0.093704,0.162000,0.834566,0,0
6d_disc_original_delay_clean,46.700000,-0.957665,-1.755813,-1.718281,-1.189106,-0.340907,-0.280664,-1.000000,-0.800000,-0.598855,-0.848614,0.060893,0.133308,0.158417,0.146557,0.158417,0.884123,0,0
6d_disc_original_delay_clean,46.750000,-0.937852,-1.766475,-1.662317,-1.173668,-0.338782,-0.510407,-1.000000,-0.800000,-0.813735,-0.773532,0.082142,0.183869,0.149292,0.201383,0.149292,0.942792,0,0
6d_disc_original_delay_clean,46.800000,-0.917920,-1.776914,-1.606185,-1.158096,-0.341556,-0.655946,-1.000000,-0.800000,-0.953009,-0.722523,0.104493,0.233907,0.135268,0.256186,0.135268,0.975402,0,0
6d_disc_original_delay_clean,46.850000,-0.897872,-1.787128,-1.554352,-1.146701,-0.348658,-0.755539,-1.000000,-0.800000,-1.051716,-0.681712,0.125883,0.277544,0.116916,0.304758,0.116916,0.908022,0,0
6d_disc_original_delay_clean,46.900000,-0.877710,-1.797116,-1.510182,-1.142523,-0.359585,-0.826748,-1.000000,-0.658763,-1.125757,-0.645122,0.144416,0.310625,0.094739,0.342556,0.094739,0.791843,0,0
6d_disc_original_delay_clean,46.950000,-0.857438,-1.806876,-1.474684,-1.144126,-0.373893,-0.866881,-1.000000,-0.395014,-1.172233,-0.614291,0.158223,0.334129,0.069181,0.369698,0.069181,0.719171,0,0
6d_disc_original_delay_clean,47.000000,-0.837057,-1.816407,-1.448222,-1.150319,-0.391189,-0.844044,-1.000000,-0.125369,-1.161570,-0.602633,0.166160,0.349154,0.040636,0.386675,0.040636,0.702969,0,0
6d_disc_original_delay_clean,47.050000,-0.816570,-1.825709,-1.430678,-1.160116,-0.411124,-0.758449,-1.000000,0.156379,-1.094889,-0.613566,0.167656,0.356859,0.009450,0.394280,0.009450,0.740951,0,0
6d_disc_original_delay_clean,47.100000,-0.795979,-1.834780,-1.421700,-1.172655,-0.433393,-0.610431,-1.000000,0.454840,-0.973947,-0.651194,0.162451,0.358396,-0.024068,0.393495,0.024068,0.817070,0,0
6d_disc_original_delay_clean,47.150000,-0.775288,-1.843618,-1.420819,-1.187168,-0.456902,-0.399430,-1.000000,0.772316,-0.799628,-0.721207,0.150475,0.354885,-0.058828,0.385469,0.058828,0.901135,0,0
6d_disc_original_delay_clean,47.200000,-0.754499,-1.852224,-1.427429,-1.203003,-0.479974,-0.129901,-1.000000,0.800000,-0.576979,-0.827025,0.131873,0.347388,-0.093150,0.371576,0.093150,0.973664,0,0
6d_disc_original_delay_clean,47.250000,-0.733614,-1.860594,-1.440630,-1.219749,-0.501092,0.189652,-1.000000,0.800000,-0.314048,-0.968164,0.107198,0.336839,-0.125518,0.353485,0.125518,1.030718,0,0
6d_disc_original_delay_clean,47.300000,-0.712636,-1.868729,-1.459266,-1.237278,-0.518846,0.546265,-1.000000,0.800000,-0.021506,-1.139273,0.077378,0.323968,-0.154522,0.333081,0.154522,1.069560,0,0
6d_disc_original_delay_clean,47.350000,-0.691568,-1.876628,-1.481972,-1.255764,-0.531890,0.922997,-1.000000,0.800000,0.288321,-1.329960,0.043668,0.309257,-0.178816,0.312324,0.178816,1.088747,0,0
6d_disc_original_delay_clean,47.400000,-0.670413,-1.884289,-1.507200,-1.275670,-0.538928,1.000000,-1.000000,0.800000,0.345043,-1.371476,0.007613,0.292911,-0.197104,0.293010,0.197104,1.088671,0,0
6d_disc_original_delay_clean,47.450000,-0.649173,-1.891712,-1.533249,-1.297706,-0.540496,1.000000,-1.000000,0.800000,0.342892,-1.372015,-0.029015,0.274885,-0.209922,0.276412,0.209922,1.081636,0,0
6d_disc_original_delay_clean,47.500000,-0.627850,-1.898896,-1.558346,-1.322696,-0.537231,1.000000,-1.000000,0.800000,0.347370,-1.370888,-0.064340,0.254965,-0.217907,0.262958,0.217907,1.064059,0,0
6d_disc_original_delay_clean,47.550000,-0.606448,-1.905839,-1.580699,-1.351473,-0.529694,1.000000,-1.000000,0.800000,0.357692,-1.368231,-0.096479,0.232849,-0.221620,0.252045,0.221620,1.036087,0,0
6d_disc_original_delay_clean,47.600000,-0.584970,-1.912540,-1.598568,-1.384781,-0.518383,1.000000,-1.000000,0.800000,0.373146,-1.364098,-0.123635,0.208218,-0.221558,0.242158,0.221558,1.003176,0,0
6d_disc_original_delay_clean,47.650000,-0.563417,-1.919000,-1.611855,-1.422323,-0.503735,1.000000,-1.000000,0.800000,0.393086,-1.358486,-0.145895,0.181207,-0.218161,0.232640,0.218161,0.985827,0,0
6d_disc_original_delay_clean,47.700000,-0.541793,-1.925217,-1.620825,-1.463567,-0.486140,1.000000,-1.000000,0.800000,0.416927,-1.351359,-0.163745,0.152082,-0.211815,0.223476,0.211815,0.983351,0,0
6d_disc_original_delay_clean,47.750000,-0.520101,-1.931190,-1.625685,-1.508005,-0.465939,1.000000,-0.920001,0.800000,0.480078,-1.271191,-0.177597,0.121118,-0.202865,0.214965,0.202865,0.990803,0,0
6d_disc_original_delay_clean,47.800000,-0.498342,-1.936919,-1.626604,-1.555161,-0.443436,1.000000,-0.589445,0.800000,0.650384,-0.961482,-0.187799,0.088587,-0.191612,0.207644,0.191612,1.004377,0,0
6d_disc_original_delay_clean,47.850000,-0.476521,-1.942403,-1.623721,-1.604587,-0.418899,1.000000,-0.242523,0.800000,0.814890,-0.628308,-0.194650,0.054754,-0.178324,0.202205,0.178324,1.021338,0,0
6d_disc_original_delay_clean,47.900000,-0.454639,-1.947640,-1.617156,-1.655867,-0.392563,1.000000,0.121994,0.800000,0.970601,-0.269844,-0.198408,0.019872,-0.163239,0.199401,0.163239,1.039840,0,0
6d_disc_original_delay_clean,47.950000,-0.432700,-1.952632,-1.607015,-1.708611,-0.364639,1.000000,0.503303,0.800000,1.113737,0.113600,-0.199297,-0.015822,-0.146565,0.199924,0.146565,1.058699,0,0
6d_disc_original_delay_clean,48.000000,-0.410706,-1.957376,-1.593232,-1.762025,-0.335311,1.000000,0.897250,0.800000,1.239559,0.518218,-0.197440,-0.051647,-0.128486,0.204083,0.128486,1.068841,0,0
6d_disc_original_delay_clean,48.050000,-0.388660,-1.961872,-1.575310,-1.813999,-0.304741,1.000000,1.000000,0.800000,1.253971,0.653878,-0.192764,-0.085547,-0.109167,0.210894,0.109167,1.045490,0,0
6d_disc_original_delay_clean,48.100000,-0.366565,-1.966121,-1.552952,-1.862514,-0.273075,1.000000,1.000000,0.800000,1.232640,0.693252,-0.185280,-0.115592,-0.088751,0.218381,0.088751,0.992960,0,0
6d_disc_original_delay_clean,48.150000,-0.344423,-1.970120,-1.526057,-1.905625,-0.240440,1.000000,1.000000,0.800000,1.209364,0.733103,-0.175087,-0.139960,-0.067366,0.224152,0.067366,0.916829,0,0
6d_disc_original_delay_clean,48.200000,-0.322238,-1.973870,-1.494715,-1.941471,-0.206949,1.000000,1.000000,0.800000,1.184137,0.773187,-0.162379,-0.156932,-0.045125,0.225820,0.045125,0.825609,0,0
6d_disc_original_delay_clean,48.250000,-0.300012,-1.977370,-1.459210,-1.968292,-0.172701,1.000000,1.000000,0.696062,1.156968,0.813281,-0.147444,-0.164911,-0.022126,0.221213,0.022126,0.733862,0,0
6d_disc_original_delay_clean,48.300000,-0.277748,-1.980620,-1.420314,-1.986178,-0.137784,1.000000,1.000000,0.385089,1.127871,0.853175,-0.130723,-0.164176,0.001541,0.209863,0.001541,0.677034,0,0
6d_disc_original_delay_clean,48.350000,-0.255449,-1.983619,-1.378853,-1.995814,-0.102276,1.000000,1.000000,0.011276,1.096872,0.892677,-0.112646,-0.155581,0.025799,0.192079,0.025799,0.660009,0,0
6d_disc_original_delay_clean,48.400000,-0.233117,-1.986368,-1.335557,-1.997833,-0.066245,1.000000,1.000000,-0.447954,1.064003,0.931610,-0.093588,-0.139887,0.050579,0.168306,0.050579,0.674310,0,0
6d_disc_original_delay_clean,48.450000,-0.210757,-1.988864,-1.291069,-1.992822,-0.029753,1.000000,1.000000,-0.800000,1.029306,0.969809,-0.073880,-0.117777,0.075821,0.139032,0.075821,0.710075,0,0
6d_disc_original_delay_clean,48.500000,-0.188369,-1.991110,-1.245958,-1.981324,0.006542,1.000000,1.000000,-0.800000,0.993436,1.006521,-0.053809,-0.089867,0.100867,0.104745,0.100867,0.750548,0,0
6d_disc_original_delay_clean,48.550000,-0.165958,-1.993103,-1.200711,-1.963871,0.040856,1.000000,1.000000,-0.800000,0.958321,1.040010,-0.033611,-0.056732,0.123931,0.065941,0.123931,0.776975,0,0
6d_disc_original_delay_clean,48.600000,-0.143525,-1.994843,-1.155707,-1.941039,0.071246,1.000000,0.983617,-0.800000,0.927444,1.052308,-0.013433,-0.018970,0.143070,0.023245,0.143070,0.790453,0,0
6d_disc_original_delay_clean,48.650000,-0.121075,-1.996332,-1.111182,-1.913448,0.095498,0.792918,0.066047,-0.800000,0.783008,0.141352,0.006691,0.022793,0.156072,0.023755,0.156072,0.797510,0,0
6d_disc_original_delay_clean,48.700000,-0.098609,-1.997568,-1.067204,-1.881778,0.112278,0.315504,-0.777580,-0.800000,0.400640,-0.737334,0.026874,0.067893,0.161602,0.073018,0.161602,0.817804,0,0
6d_disc_original_delay_clean,48.750000,-0.076130,-1.998551,-1.023689,-1.846713,0.122456,-0.071893,-1.000000,-0.800000,0.050796,-1.001293,0.047349,0.115659,0.160530,0.124975,0.160530,0.861209,0,0
6d_disc_original_delay_clean,48.800000,-0.053642,-1.999281,-0.980491,-1.808855,0.126799,-0.353876,-1.000000,-0.800000,-0.224575,-1.036723,0.068378,0.165498,0.153624,0.179068,0.153624,0.917070,0,0
6d_disc_original_delay_clean,48.850000,-0.031147,-1.999757,-0.937417,-1.768825,0.125987,-0.541939,-1.000000,-0.800000,-0.411991,-1.060171,0.090244,0.216790,0.141561,0.234823,0.141561,0.976912,0,0
6d_disc_original_delay_clean,48.900000,-0.008649,-1.999981,-0.894798,-1.732521,0.120617,-0.657318,-1.000000,-0.800000,-0.532217,-1.071826,0.112702,0.263626,0.124941,0.286706,0.124941,0.946951,0,0
6d_disc_original_delay_clean,48.950000,0.013851,-1.999952,-0.854598,-1.704908,0.111221,-0.753819,-1.000000,-0.769394,-0.638170,-1.077489,0.133615,0.301051,0.104295,0.329370,0.104295,0.843893,0,0
6d_disc_original_delay_clean,49.000000,0.036349,-1.999670,-0.818615,-1.686665,0.098266,-0.823266,-1.000000,-0.500719,-0.721186,-1.075945,0.150865,0.328491,0.080090,0.361479,0.080090,0.753233,0,0
6d_disc_original_delay_clean,49.050000,0.058843,-1.999134,-0.788087,-1.676945,0.082166,-0.839666,-1.000000,-0.235573,-0.754759,-1.065541,0.162916,0.346968,0.052741,0.383312,0.052741,0.710698,0,0
6d_disc_original_delay_clean,49.100000,0.081329,-1.998346,-0.763637,-1.674843,0.063288,-0.794993,-1.000000,0.038436,-0.730156,-1.048278,0.168888,0.357595,0.022612,0.395471,0.022612,0.722372,0,0
6d_disc_original_delay_clean,49.150000,0.103805,-1.997304,-0.745445,-1.679438,0.041953,-0.689346,-1.000000,0.326835,-0.646799,-1.028032,0.168393,0.361516,-0.009973,0.398811,0.009973,0.778881,0,0
6d_disc_original_delay_clean,49.200000,0.126267,-1.996010,-0.733594,-1.689833,0.018626,-0.523169,-1.000000,0.633167,-0.504453,-1.009570,0.161185,0.359852,-0.044550,0.394302,0.044550,0.860950,0,0
6d_disc_original_delay_clean,49.250000,0.148714,-1.994463,-0.728015,-1.705164,-0.004900,-0.295779,-1.000000,0.800000,-0.300676,-0.998539,0.147210,0.353690,-0.079326,0.383102,0.079326,0.934242,0,0
6d_disc_original_delay_clean,49.300000,0.171142,-1.992664,-0.728315,-1.724614,-0.027060,-0.015249,-1.000000,0.800000,-0.042300,-0.999221,0.126780,0.344035,-0.112736,0.366651,0.112736,0.995257,0,0
6d_disc_original_delay_clean,49.350000,0.193548,-1.990613,-0.733738,-1.747479,-0.046420,0.309395,-1.000000,0.800000,0.262659,-1.013280,0.100595,0.331730,-0.143345,0.346647,0.143345,1.040962,0,0
6d_disc_original_delay_clean,49.400000,0.215930,-1.988309,-0.743195,-1.773210,-0.061628,0.664538,-1.000000,0.800000,0.601688,-1.039030,0.069705,0.317394,-0.169804,0.324958,0.169804,1.069340,0,0
6d_disc_original_delay_clean,49.450000,0.238284,-1.985754,-0.755291,-1.801436,-0.071387,1.000000,-1.000000,0.800000,0.926127,-1.068779,0.035462,0.301383,-0.190812,0.303462,0.190812,1.079859,0,0
6d_disc_original_delay_clean,49.500000,0.260608,-1.982948,-0.768353,-1.831950,-0.075360,1.000000,-1.000000,0.800000,0.921874,-1.072450,-0.000512,0.283789,-0.206035,0.283789,0.206035,1.079630,0,0
6d_disc_original_delay_clean,49.550000,0.282899,-1.979891,-0.780529,-1.864661,-0.074219,1.000000,-1.000000,0.800000,0.923096,-1.071398,-0.036437,0.264493,-0.216145,0.266991,0.216145,1.071596,0,0
6d_disc_original_delay_clean,49.600000,0.305155,-1.976583,-0.789894,-1.899511,-0.068560,1.000000,-1.000000,0.800000,0.929144,-1.066157,-0.070468,0.243249,-0.221736,0.253251,0.221736,1.052692,0,0
6d_disc_original_delay_clean,49.650000,0.327372,-1.973025,-0.794539,-1.936421,-0.058908,1.000000,-1.000000,0.800000,0.939391,-1.057140,-0.100788,0.219751,-0.223334,0.241762,0.223334,1.024912,0,0
6d_disc_original_delay_clean,49.700000,0.349547,-1.969217,-0.792868,-1.975223,-0.045728,1.000000,-1.000000,0.800000,0.953243,-1.044666,-0.125881,0.193750,-0.221403,0.231053,0.221403,0.996524,0,0
6d_disc_original_delay_clean,49.750000,0.371678,-1.965160,-0.785397,-2.015565,-0.029428,1.000000,-1.000000,0.800000,0.970143,-1.028991,-0.146286,0.165503,-0.216354,0.220887,0.216354,0.986089,0,0
6d_disc_original_delay_clean,49.800000,0.393762,-1.960855,-0.772574,-2.057085,-0.010373,1.000000,-1.000000,0.800000,0.989573,-1.010319,-0.162454,0.135282,-0.208549,0.211406,0.208549,0.988155,0,0
6d_disc_original_delay_clean,49.850000,0.415796,-1.956301,-0.754792,-2.099430,0.011118,1.000000,-0.774085,0.800000,1.008544,-0.762920,-0.174768,0.103362,-0.198308,0.203045,0.198308,0.998325,0,0
6d_disc_original_delay_clean,49.900000,0.437778,-1.951500,-0.732399,-2.142253,0.034761,1.000000,-0.428171,0.800000,1.014276,-0.393159,-0.183553,0.070012,-0.185915,0.196452,0.185915,1.013318,0,0
6d_disc_original_delay_clean,49.950000,0.459704,-1.946451,-0.705708,-2.185226,0.060306,1.000000,-0.063871,0.800000,1.002032,-0.003486,-0.189091,0.035490,-0.171620,0.192393,0.171620,1.030839,0,0
6d_disc_original_delay_clean,50.000000,0.481572,-1.941156,-0.675004,-2.228041,0.087531,1.000000,0.318870,0.800000,0.968296,0.405069,-0.191625,0.000044,-0.155644,0.191625,0.155644,1.049365,0,0
6d_disc_original_delay_clean,50.050000,0.503379,-1.935616,-0.640551,-2.270408,0.116242,1.000000,0.717165,0.800000,0.910074,0.828306,-0.191368,-0.036099,-0.138183,0.194743,0.138183,1.067951,0,0
6d_disc_original_delay_clean,50.100000,0.525123,-1.929831,-0.602745,-2.310755,0.146266,1.000000,1.000000,0.800000,0.843577,1.135067,-0.188313,-0.071425,-0.119410,0.201403,0.119410,1.062561,0,0
6d_disc_original_delay_clean,50.150000,0.546800,-1.923801,-0.562165,-2.347007,0.177450,1.000000,1.000000,0.800000,0.807777,1.160817,-0.182418,-0.103891,-0.099476,0.209928,0.099476,1.024711,0,0
6d_disc_original_delay_clean,50.200000,0.568407,-1.917528,-0.519534,-2.377249,0.209659,1.000000,1.000000,0.800000,0.769976,1.186228,-0.173733,-0.131567,-0.078517,0.217929,0.078517,0.959233,0,0
6d_disc_original_delay_clean,50.250000,0.589943,-1.911012,-0.475718,-2.399724,0.242774,1.000000,1.000000,0.800000,0.730279,1.211071,-0.162402,-0.152628,-0.056652,0.222867,0.056652,0.873027,0,0
6d_disc_original_delay_clean,50.300000,0.611404,-1.904254,-0.431720,-2.412848,0.276689,1.000000,1.000000,0.800000,0.688793,1.235137,-0.148665,-0.165361,-0.033986,0.222363,0.033986,0.777524,0,0
6d_disc_original_delay_clean,50.350000,0.632788,-1.897256,-0.388462,-2.415940,0.311312,1.000000,1.000000,0.552544,0.645624,1.258241,-0.132895,-0.168921,-0.010613,0.214931,0.010613,0.699064,0,0
6d_disc_original_delay_clean,50.400000,0.654091,-1.890017,-0.346409,-2.410032,0.346560,1.000000,1.000000,0.209908,0.600882,1.280211,-0.115550,-0.164209,0.013385,0.200789,0.013385,0.663237,0,0
6d_disc_original_delay_clean,50.450000,0.675312,-1.882539,-0.305959,-2.396061,0.382361,1.000000,1.000000,-0.206552,0.554674,1.300898,-0.097035,-0.152030,0.037935,0.180358,0.037935,0.663346,0,0
6d_disc_original_delay_clean,50.500000,0.696448,-1.874823,-0.267453,-2.374880,0.418650,1.000000,1.000000,-0.721964,0.507111,1.320166,-0.077703,-0.133106,0.062975,0.154127,0.062975,0.689768,0,0
6d_disc_original_delay_clean,50.550000,0.717495,-1.866869,-0.231177,-2.347265,0.455371,1.000000,1.000000,-0.800000,0.458303,1.337893,-0.057864,-0.108084,0.088445,0.122598,0.088445,0.733085,0,0
6d_disc_original_delay_clean,50.600000,0.738451,-1.858680,-0.197373,-2.313921,0.491034,1.000000,1.000000,-0.800000,0.410308,1.353384,-0.037785,-0.077544,0.112858,0.086260,0.112858,0.766930,0,0
6d_disc_original_delay_clean,50.650000,0.759314,-1.850254,-0.166183,-2.275540,0.523771,1.000000,1.000000,-0.800000,0.365791,1.366088,-0.017666,-0.042071,0.134345,0.045629,0.134345,0.786359,0,0
6d_disc_original_delay_clean,50.700000,0.780081,-1.841595,-0.137618,-2.232795,0.551500,0.928086,0.619147,-0.800000,0.466076,1.013637,0.002400,-0.002276,0.150824,0.003308,0.150824,0.794950,0,0
6d_disc_original_delay_clean,50.750000,0.800749,-1.832703,-0.111527,-2.186337,0.571807,0.432193,-0.288676,-0.800000,0.519660,-0.008872,0.022448,0.041199,0.159882,0.046918,0.159882,0.803401,0,0
6d_disc_original_delay_clean,50.800000,0.821316,-1.823579,-0.087564,-2.136786,0.585102,0.007360,-1.000000,-0.800000,0.558420,-0.829591,0.042671,0.087660,0.161926,0.097494,0.161926,0.837062,0,0
6d_disc_original_delay_clean,50.850000,0.841779,-1.814224,-0.065337,-2.084661,0.592200,-0.315526,-1.000000,-0.800000,0.296391,-1.005837,0.063320,0.136479,0.157774,0.150452,0.157774,0.887908,0,0
6d_disc_original_delay_clean,50.900000,0.862135,-1.804639,-0.044442,-2.030390,0.593821,-0.537130,-1.000000,-0.800000,0.114354,-1.129350,0.084664,0.187097,0.148146,0.205361,0.148146,0.947198,0,0
6d_disc_original_delay_clean,50.950000,0.882383,-1.794826,-0.023597,-1.976397,0.590603,-0.675949,-1.000000,-0.800000,-0.004584,-1.207015,0.106855,0.236766,0.133677,0.259762,0.133677,0.971449,0,0
6d_disc_original_delay_clean,51.000000,0.902518,-1.784786,-0.002001,-1.928736,0.583108,-0.769495,-1.000000,-0.800000,-0.091719,-1.258455,0.127855,0.279712,0.114932,0.307548,0.114932,0.898656,0,0
6d_disc_original_delay_clean,51.050000,0.922539,-1.774520,0.020637,-1.891592,0.571833,-0.835295,-1.000000,-0.635167,-0.161234,-1.292950,0.145776,0.312147,0.092407,0.344509,0.092407,0.784268,0,0
6d_disc_original_delay_clean,51.100000,0.942444,-1.764029,0.042614,-1.864876,0.557218,-0.867238,-1.000000,-0.370324,-0.207224,-1.307349,0.158816,0.335072,0.066542,0.370804,0.066542,0.715394,0,0
6d_disc_original_delay_clean,51.150000,0.962229,-1.753315,0.062803,-1.848138,0.539651,-0.835812,-1.000000,-0.099029,-0.203197,-1.287359,0.165891,0.349600,0.037725,0.386962,0.037725,0.704199,0,0
6d_disc_original_delay_clean,51.200000,0.981893,-1.742380,0.080518,-1.840670,0.519476,-0.741248,-1.000000,0.184781,-0.147037,-1.236054,0.166476,0.356897,0.006300,0.393814,0.006300,0.746699,0,0
6d_disc_original_delay_clean,51.250000,1.001432,-1.731223,0.095305,-1.841655,0.496995,-0.583984,-1.000000,0.485496,-0.036547,-1.157455,0.160351,0.358121,-0.027430,0.392381,0.027430,0.825858,0,0
6d_disc_original_delay_clean,51.300000,1.020844,-1.719848,0.106854,-1.850245,0.473436,-0.363721,-1.000000,0.800000,0.132233,-1.055844,0.147480,0.354389,-0.062240,0.383852,0.062240,0.909441,0,0
6d_disc_original_delay_clean,51.350000,1.040128,-1.708255,0.115041,-1.865548,0.450463,-0.086032,-1.000000,0.800000,0.357933,-0.937702,0.128055,0.346756,-0.096463,0.369645,0.096463,0.980791,0,0
6d_disc_original_delay_clean,51.400000,1.059279,-1.696445,0.120120,-1.886584,0.429586,0.240100,-1.000000,0.800000,0.634778,-0.809138,0.102679,0.336136,-0.128590,0.351469,0.128590,1.036070,0,0
6d_disc_original_delay_clean,51.450000,1.078297,-1.684421,0.122723,-1.912344,0.412210,0.600957,-1.000000,0.800000,0.951254,-0.675473,0.072321,0.323237,-0.157215,0.331229,0.157215,1.072643,0,0
6d_disc_original_delay_clean,51.500000,1.097178,-1.672184,0.123846,-1.941833,0.399678,0.979087,-1.000000,0.800000,1.291043,-0.540202,0.038279,0.308509,-0.180998,0.310874,0.180998,1.089240,0,0
6d_disc_original_delay_clean,51.550000,1.115920,-1.659735,0.124826,-1.974081,0.393254,1.000000,-1.000000,0.800000,1.306863,-0.540471,0.002130,0.292126,-0.198672,0.292134,0.198672,1.086750,0,0
6d_disc_original_delay_clean,51.600000,1.134521,-1.647077,0.127275,-2.008147,0.392228,1.000000,-1.000000,0.800000,1.306308,-0.541811,-0.034327,0.274016,-0.210948,0.276158,0.210948,1.078053,0,0
6d_disc_original_delay_clean,51.650000,1.152979,-1.634209,0.132920,-2.043092,0.395973,1.000000,-1.000000,0.800000,1.308328,-0.536916,-0.069211,0.253953,-0.218453,0.263215,0.218453,1.058632,0,0
6d_disc_original_delay_clean,51.700000,1.171290,-1.621135,0.143491,-2.077972,0.403933,1.000000,-1.000000,0.800000,1.312560,-0.526484,-0.100645,0.231629,-0.221743,0.252550,0.221743,1.029380,0,0
6d_disc_original_delay_clean,51.750000,1.189454,-1.607856,0.160597,-2.111829,0.415619,1.000000,-1.000000,0.800000,1.318623,-0.511110,-0.126853,0.206731,-0.221307,0.242547,0.221307,0.996488,0,0
6d_disc_original_delay_clean,51.800000,1.207466,-1.594373,0.183729,-2.144542,0.430597,1.000000,-1.000000,0.800000,1.326130,-0.491303,-0.148265,0.179477,-0.217579,0.232797,0.217579,0.982072,0,0
6d_disc_original_delay_clean,51.850000,1.225326,-1.580688,0.212312,-2.175998,0.448485,1.000000,-1.000000,0.800000,1.334706,-0.467504,-0.165355,0.150137,-0.210941,0.223345,0.210941,0.981701,0,0
6d_disc_original_delay_clean,51.900000,1.243031,-1.566804,0.245824,-2.206059,0.468944,1.000000,-0.898387,0.800000,1.298067,-0.349458,-0.178521,0.118986,-0.201732,0.214540,0.201732,0.990578,0,0
6d_disc_original_delay_clean,51.950000,1.260578,-1.552721,0.283791,-2.234571,0.491675,1.000000,-0.567645,0.800000,1.149530,-0.028301,-0.188102,0.086297,-0.190251,0.206953,0.190251,1.005059,0,0
6d_disc_original_delay_clean,52.000000,1.277966,-1.538441,0.325777,-2.261380,0.516414,1.000000,-0.219812,0.800000,0.978131,0.302618,-0.194389,0.052334,-0.176762,0.201311,0.176762,1.022556,0,0
6d_disc_original_delay_clean,52.050000,1.295193,-1.523967,0.371382,-2.286331,0.542928,1.000000,0.146380,0.800000,0.780573,0.641975,-0.197632,0.017348,-0.161498,0.198392,0.161498,1.041336,0,0
6d_disc_original_delay_clean,52.100000,1.312255,-1.509300,0.420237,-2.309278,0.571010,1.000000,0.529999,0.800000,0.554901,0.986400,-0.198049,-0.018426,-0.144666,0.198905,0.144666,1.060307,0,0
6d_disc_original_delay_clean,52.150000,1.329151,-1.494442,0.471677,-2.329590,0.600477,1.000000,0.926568,0.800000,0.301522,1.329516,-0.195741,-0.054184,-0.126449,0.203102,0.126449,1.068214,0,0
6d_disc_original_delay_clean,52.200000,1.345879,-1.479395,0.524307,-2.345630,0.631170,1.000000,1.000000,0.800000,0.217249,1.397427,-0.190639,-0.087884,-0.107006,0.209920,0.107006,1.042962,0,0
6d_disc_original_delay_clean,52.250000,1.362437,-1.464160,0.576678,-2.355972,0.662944,1.000000,1.000000,0.800000,0.172744,1.403624,-0.182757,-0.117605,-0.086481,0.217327,0.086481,0.988861,0,0
6d_disc_original_delay_clean,52.300000,1.378822,-1.448741,0.627286,-2.359388,0.695675,1.000000,1.000000,0.800000,0.126717,1.408525,-0.172201,-0.141528,-0.065000,0.222898,0.065000,0.911562,0,0
6d_disc_original_delay_clean,52.350000,1.395033,-1.433138,0.674571,-2.354850,0.729252,1.000000,1.000000,0.800000,0.079361,1.411985,-0.159170,-0.157936,-0.042674,0.224229,0.042674,0.819832,0,0
6d_disc_original_delay_clean,52.400000,1.411067,-1.417353,0.716946,-2.341548,0.763575,1.000000,1.000000,0.666158,0.030860,1.413877,-0.143958,-0.165229,-0.019601,0.219145,0.019601,0.728828,0,0
6d_disc_original_delay_clean,52.450000,1.426923,-1.401389,0.754148,-2.320294,0.798558,1.000000,1.000000,0.348337,-0.018611,1.414091,-0.127013,-0.163873,0.004132,0.207332,0.004132,0.675315,0,0
6d_disc_original_delay_clean,52.500000,1.442598,-1.385248,0.786238,-2.292152,0.834125,1.000000,1.000000,-0.034908,-0.068883,1.412535,-0.108759,-0.154712,0.028449,0.189115,0.028449,0.661052,0,0
6d_disc_original_delay_clean,52.550000,1.458090,-1.368931,0.813294,-2.258077,0.870207,1.000000,1.000000,-0.506579,-0.119794,1.409131,-0.089568,-0.138505,0.053281,0.164943,0.053281,0.677346,0,0
6d_disc_original_delay_clean,52.600000,1.473398,-1.352442,0.835406,-2.218929,0.906745,1.000000,1.000000,-0.800000,-0.171189,1.403814,-0.069764,-0.115929,0.078569,0.135302,0.078569,0.714369,0,0
6d_disc_original_delay_clean,52.650000,1.488519,-1.335781,0.852675,-2.175481,0.942907,1.000000,1.000000,-0.800000,-0.221831,1.396707,-0.049629,-0.087594,0.103481,0.100677,0.103481,0.753226,0,0
6d_disc_original_delay_clean,52.700000,1.503452,-1.318951,0.865248,-2.128437,0.976889,1.000000,1.000000,-0.800000,-0.269158,1.388364,-0.029393,-0.054081,0.126214,0.061553,0.126214,0.777972,0,0
6d_disc_original_delay_clean,52.750000,1.518195,-1.301954,0.873375,-2.078439,1.006718,1.000000,0.922847,-0.800000,-0.245243,1.338470,-0.009191,-0.015992,0.144792,0.018445,0.144792,0.790149,0,0
6d_disc_original_delay_clean,52.800000,1.532746,-1.284792,0.877431,-2.026038,1.030132,0.695963,0.003556,-0.800000,0.355168,0.598526,0.010958,0.026042,0.156956,0.028253,0.156956,0.797106,0,0
6d_disc_original_delay_clean,52.850000,1.547102,-1.267468,0.877938,-1.971682,1.046173,0.229320,-0.831280,-0.800000,0.834347,-0.217898,0.031183,0.071348,0.161747,0.077865,0.161747,0.820452,0,0
6d_disc_original_delay_clean,52.900000,1.561263,-1.249983,0.875496,-1.915701,1.055697,-0.143667,-1.000000,-0.800000,0.799470,-0.617647,0.051721,0.119264,0.160021,0.129996,0.160021,0.865653,0,0
6d_disc_original_delay_clean,52.950000,1.575226,-1.232340,0.870671,-1.858328,1.059463,-0.411184,-1.000000,-0.800000,0.670884,-0.847931,0.072838,0.169202,0.152537,0.184213,0.152537,0.922419,0,0
6d_disc_original_delay_clean,53.000000,1.588990,-1.214541,0.864382,-1.799948,1.058139,-0.586937,-1.000000,-0.800000,0.583555,-1.001978,0.094864,0.220197,0.139964,0.239762,0.139964,0.977154,0,0
6d_disc_original_delay_clean,53.050000,1.602553,-1.196588,0.860860,-1.744812,1.052319,-0.696112,-1.000000,-0.800000,0.523610,-1.100184,0.116970,0.266302,0.122893,0.290859,0.122893,0.937380,0,0
6d_disc_original_delay_clean,53.100000,1.615913,-1.178484,0.862889,-1.697307,1.042524,-0.782952,-1.000000,-0.741841,0.469038,-1.180262,0.137100,0.302698,0.101848,0.332299,0.101848,0.829322,0,0
6d_disc_original_delay_clean,53.150000,1.629068,-1.160231,0.869694,-1.658998,1.029217,-0.842394,-1.000000,-0.474373,0.422650,-1.237334,0.153213,0.329194,0.077291,0.363102,0.077291,0.741913,0,0
6d_disc_original_delay_clean,53.200000,1.642018,-1.141831,0.879907,-1.630271,1.012806,-0.845886,-1.000000,-0.207727,0.400439,-1.247065,0.163885,0.346842,0.049630,0.383611,0.049630,0.705836,0,0
6d_disc_original_delay_clean,53.250000,1.654759,-1.123287,0.892473,-1.611010,0.993652,-0.787423,-1.000000,0.068739,0.408380,-1.205513,0.168335,0.356773,0.019226,0.394492,0.019226,0.725156,0,0
6d_disc_original_delay_clean,53.300000,1.667291,-1.104600,0.906566,-1.600768,0.972074,-0.667173,-1.000000,0.360303,0.450046,-1.114710,0.166223,0.360141,-0.013602,0.396651,0.013602,0.788119,0,0
6d_disc_original_delay_clean,53.350000,1.679612,-1.085773,0.921450,-1.599025,0.948692,-0.485394,-1.000000,0.670175,0.529792,-0.977204,0.157372,0.358072,-0.048234,0.391129,0.048234,0.872063,0,0
6d_disc_original_delay_clean,53.400000,1.691720,-1.066809,0.936506,-1.605160,0.925271,-0.242883,-1.000000,0.800000,0.652661,-0.795629,0.141795,0.351647,-0.082905,0.379159,0.082905,0.946213,0,0
6d_disc_original_delay_clean,53.450000,1.703615,-1.047710,0.951366,-1.618319,0.903366,0.052087,-1.000000,0.800000,0.817655,-0.578060,0.119882,0.341855,-0.116060,0.362266,0.116060,1.006889,0,0
6d_disc_original_delay_clean,53.500000,1.715293,-1.028479,0.965973,-1.637426,0.884407,0.389178,-1.000000,0.800000,1.020180,-0.332704,0.092408,0.329507,-0.146269,0.342220,0.146269,1.051086,0,0
6d_disc_original_delay_clean,53.550000,1.726755,-1.009117,0.980598,-1.661238,0.869748,0.753502,-1.000000,0.800000,1.250189,-0.069219,0.060493,0.315181,-0.172178,0.320934,0.172178,1.076915,0,0
6d_disc_original_delay_clean,53.600000,1.737998,-0.989628,0.995836,-1.688376,0.860689,1.000000,-1.000000,0.800000,1.410207,0.106377,0.025556,0.299188,-0.192486,0.300278,0.192486,1.084085,0,0
6d_disc_original_delay_clean,53.650000,1.749021,-0.970013,1.012571,-1.717340,0.857335,1.000000,-1.000000,0.800000,1.410556,0.101647,-0.010728,0.281575,-0.207090,0.281779,0.207090,1.081315,0,0
6d_disc_original_delay_clean,53.700000,1.759823,-0.950276,1.031870,-1.746561,0.859023,1.000000,-1.000000,0.800000,1.410382,0.104027,-0.046539,0.262189,-0.216653,0.266287,0.216653,1.069713,0,0
6d_disc_original_delay_clean,53.750000,1.770402,-0.930418,1.054847,-1.774440,0.865165,1.000000,-1.000000,0.800000,1.409717,0.112688,-0.080012,0.240763,-0.221761,0.253710,0.221761,1.047228,0,0
6d_disc_original_delay_clean,53.800000,1.780757,-0.910442,1.082571,-1.799388,0.875244,1.000000,-1.000000,0.800000,1.408509,0.126890,-0.109327,0.216983,-0.222932,0.242969,0.222932,1.017004,0,0
6d_disc_original_delay_clean,53.850000,1.790886,-0.890352,1.115481,-1.820449,0.888802,1.000000,-1.000000,0.800000,1.406660,0.145975,-0.133524,0.190730,-0.220623,0.232823,0.220623,0.992184,0,0
6d_disc_original_delay_clean,53.900000,1.800789,-0.870148,1.152992,-1.837816,0.905435,1.000000,-1.000000,0.800000,1.404037,0.169351,-0.153123,0.162266,-0.215240,0.223107,0.215240,0.984389,0,0
6d_disc_original_delay_clean,53.950000,1.810464,-0.849835,1.194555,-1.851626,0.924785,1.000000,-1.000000,0.800000,1.400498,0.196486,-0.168565,0.131862,-0.207140,0.214013,0.207140,0.988296,0,0
6d_disc_original_delay_clean,54.000000,1.819910,-0.829414,1.239657,-1.861975,0.946537,1.000000,-0.719936,0.800000,1.168650,0.390596,-0.180220,0.099794,-0.196639,0.206005,0.196639,0.999674,0,0
6d_disc_original_delay_clean,54.050000,1.829126,-0.808888,1.287819,-1.868932,0.970410,1.000000,-0.375481,0.800000,0.874777,0.612985,-0.188406,0.066330,-0.184016,0.199741,0.184016,1.015406,0,0
6d_disc_original_delay_clean,54.100000,1.838110,-0.788259,1.338598,-1.872550,0.996158,1.000000,-0.013110,0.800000,0.554536,0.832263,-0.193395,0.031727,-0.169518,0.195981,0.169518,1.033332,0,0
6d_disc_original_delay_clean,54.150000,1.846861,-0.767531,1.391580,-1.872871,1.023564,1.000000,0.367101,0.800000,0.206833,1.044980,-0.195426,-0.003771,-0.153362,0.195462,0.153362,1.052040,0,0
6d_disc_original_delay_clean,54.200000,1.855379,-0.746706,1.446382,-1.869932,1.052434,1.000000,0.762067,0.800000,-0.166497,1.246204,-0.194705,-0.039937,-0.135742,0.198759,0.135742,1.070661,0,0
6d_disc_original_delay_clean,54.250000,1.863662,-0.725786,1.501232,-1.862961,1.082598,1.000000,1.000000,0.800000,-0.414144,1.352215,-0.191178,-0.074950,-0.116828,0.205345,0.116828,1.059676,0,0
6d_disc_original_delay_clean,54.300000,1.871709,-0.704774,1.554152,-1.851231,1.113906,1.000000,1.000000,0.800000,-0.456269,1.338588,-0.184819,-0.106809,-0.096770,0.213463,0.096770,1.017354,0,0
6d_disc_original_delay_clean,54.350000,1.879519,-0.683673,1.603204,-1.834222,1.146224,1.000000,1.000000,0.800000,-0.499284,1.323146,-0.175693,-0.133630,-0.075701,0.220737,0.075701,0.948690,0,0
6d_disc_original_delay_clean,54.400000,1.887091,-0.662486,1.646494,-1.811620,1.179436,1.000000,1.000000,0.800000,-0.542945,1.305837,-0.163957,-0.153628,-0.053740,0.224685,0.053740,0.860922,0,0
6d_disc_original_delay_clean,54.450000,1.894424,-0.641215,1.682188,-1.783324,1.213437,1.000000,1.000000,0.800000,-0.587023,1.286625,-0.149864,-0.165135,-0.030988,0.223000,0.030988,0.766135,0,0
6d_disc_original_delay_clean,54.500000,1.901518,-0.619862,1.709450,-1.749779,1.248136,1.000000,1.000000,0.510468,-0.631304,1.265486,-0.133806,-0.167586,-0.007540,0.214451,0.007540,0.693150,0,0
6d_disc_original_delay_clean,54.550000,1.908371,-0.598431,1.728829,-1.711959,1.283451,1.000000,1.000000,0.161420,-0.675592,1.242407,-0.116234,-0.161869,0.016525,0.199278,0.016525,0.662161,0,0
6d_disc_original_delay_clean,54.600000,1.914982,-0.576925,1.740836,-1.670730,1.319311,1.000000,1.000000,-0.264042,-0.719701,1.217387,-0.097544,-0.148778,0.041135,0.177904,0.041135,0.665984,0,0
6d_disc_original_delay_clean,54.650000,1.921352,-0.555345,1.745950,-1.626861,1.355652,1.000000,1.000000,-0.791306,-0.763457,1.190434,-0.078083,-0.129026,0.066226,0.150814,0.066226,0.694876,0,0
6d_disc_original_delay_clean,54.700000,1.927477,-0.533695,1.744619,-1.581032,1.392419,1.000000,1.000000,-0.800000,-0.806700,1.161566,-0.058154,-0.103251,0.091743,0.118502,0.091743,0.739646,0,0
6d_disc_original_delay_clean,54.750000,1.933359,-0.511978,1.737264,-1.533850,1.427878,1.000000,1.000000,-0.800000,-0.847372,1.132237,-0.038021,-0.072027,0.115952,0.081446,0.115952,0.771208,0,0
6d_disc_original_delay_clean,54.800000,1.938997,-0.490196,1.724364,-1.485828,1.460153,1.000000,1.000000,-0.800000,-0.883467,1.104303,-0.017870,-0.035941,0.136977,0.040139,0.136977,0.788726,0,0
6d_disc_original_delay_clean,54.850000,1.944389,-0.468351,1.706464,-1.437359,1.487139,0.920588,0.465297,-0.800000,-0.386746,0.956248,0.002220,0.004391,0.152714,0.004920,0.152714,0.796409,0,0
6d_disc_original_delay_clean,54.900000,1.949534,-0.446448,1.684188,-1.388690,1.506388,0.426956,-0.424830,-0.800000,0.451430,0.398727,0.022302,0.048320,0.160712,0.053219,0.160712,0.806055,0,0
6d_disc_original_delay_clean,54.950000,1.954433,-0.424488,1.658250,-1.339890,1.518746,0.008335,-1.000000,-0.800000,0.999079,-0.043703,0.042590,0.095147,0.161821,0.104245,0.161821,0.842870,0,0
6d_disc_original_delay_clean,55.000000,1.959085,-0.402474,1.629293,-1.290943,1.525017,-0.307216,-1.000000,-0.800000,0.984893,-0.352658,0.063340,0.144253,0.156841,0.157546,0.156841,0.895410,0,0
6d_disc_original_delay_clean,55.050000,1.963489,-0.380409,1.597891,-1.241775,1.525907,-0.522833,-1.000000,-0.800000,0.975531,-0.567180,0.084821,0.195088,0.146481,0.212730,0.146481,0.955443,0,0
6d_disc_original_delay_clean,55.100000,1.967644,-0.358296,1.567639,-1.192880,1.522043,-0.657448,-1.000000,-0.800000,0.966771,-0.705401,0.107258,0.244020,0.131367,0.266552,0.131367,0.966199,0,0
6d_disc_original_delay_clean,55.150000,1.971550,-0.336138,1.543660,-1.147209,1.513976,-0.756182,-1.000000,-0.800000,0.955443,-0.811752,0.128551,0.285488,0.112051,0.313096,0.112051,0.885608,0,0
6d_disc_original_delay_clean,55.200000,1.975207,-0.313938,1.528603,-1.106961,1.502197,-0.827254,-1.000000,-0.597954,0.940943,-0.893854,0.146705,0.316588,0.089021,0.348928,0.089021,0.778193,0,0
6d_disc_original_delay_clean,55.250000,1.978614,-0.291697,1.521394,-1.073418,1.487136,-0.858761,-1.000000,-0.332412,0.924742,-0.939320,0.159953,0.338318,0.062710,0.374224,0.062710,0.715979,0,0
6d_disc_original_delay_clean,55.300000,1.981770,-0.269420,1.521010,-1.047199,1.469175,-0.827816,-1.000000,-0.060096,0.910862,-0.924992,0.167241,0.351785,0.033499,0.389516,0.033499,0.709781,0,0
6d_disc_original_delay_clean,55.350000,1.984676,-0.247108,1.526484,-1.028418,1.448652,-0.734586,-1.000000,0.225031,0.903047,-0.850954,0.168065,0.358147,0.001726,0.395620,0.001726,0.754651,0,0
6d_disc_original_delay_clean,55.400000,1.987330,-0.224765,1.536895,-1.016996,1.425863,-0.579505,-1.000000,0.527214,0.905820,-0.717855,0.162167,0.358548,-0.032312,0.393516,0.032312,0.834149,0,0
6d_disc_original_delay_clean,55.450000,1.989733,-0.202394,1.551382,-1.012713,1.402248,-0.361622,-1.000000,0.800000,0.925167,-0.524248,0.149481,0.354098,-0.067177,0.384357,0.067177,0.913860,0,0
6d_disc_original_delay_clean,55.500000,1.991884,-0.179997,1.569164,-1.015129,1.379447,-0.087398,-1.000000,0.800000,0.965127,-0.275986,0.130213,0.345843,-0.101229,0.369544,0.101229,0.981728,0,0
6d_disc_original_delay_clean,55.550000,1.993783,-0.157578,1.589618,-1.023453,1.358947,0.234544,-1.000000,0.800000,1.026961,0.019032,0.104973,0.334686,-0.132979,0.350763,0.132979,1.034208,0,0
6d_disc_original_delay_clean,55.600000,1.995429,-0.135138,1.612326,-1.036575,1.342139,0.590914,-1.000000,0.800000,1.107914,0.348864,0.074737,0.321319,-0.161036,0.329896,0.161036,1.068842,0,0
6d_disc_original_delay_clean,55.650000,1.996823,-0.112682,1.637094,-1.053107,1.330351,0.964895,-1.000000,0.800000,1.201007,0.699002,0.040801,0.306174,-0.184074,0.308881,0.184074,1.084525,0,0
6d_disc_original_delay_clean,55.700000,1.997964,-0.090211,1.663954,-1.071400,1.324585,1.000000,-1.000000,0.800000,1.213574,0.726112,0.004744,0.289414,-0.201091,0.289453,0.201091,1.083962,0,0
6d_disc_original_delay_clean,55.750000,1.998853,-0.067728,1.693112,-1.089612,1.324141,1.000000,-1.000000,0.800000,1.213897,0.725572,-0.031651,0.270960,-0.212785,0.272803,0.212785,1.076918,0,0
6d_disc_original_delay_clean,55.800000,1.999488,-0.045237,1.724844,-1.105815,1.328399,1.000000,-1.000000,0.800000,1.210796,0.730735,-0.066518,0.250586,-0.219777,0.259264,0.219777,1.059030,0,0
6d_disc_original_delay_clean,55.850000,1.999871,-0.022741,1.759415,-1.118075,1.336813,1.000000,-1.000000,0.800000,1.204605,0.740897,-0.097997,0.227986,-0.222613,0.248156,0.222613,1.031196,0,0
6d_disc_original_delay_clean,55.900000,2.000000,-0.000241,1.797012,-1.124543,1.348900,1.000000,-1.000000,0.800000,1.195562,0.755402,-0.124326,0.202852,-0.221775,0.237920,0.221775,0.999442,0,0
6d_disc_original_delay_clean,55.950000,1.999876,0.022258,1.837255,-1.125465,1.364233,1.000000,-1.000000,0.800000,1.183839,0.773644,-0.145842,0.175384,-0.217693,0.228100,0.217693,0.985031,0,0
6d_disc_original_delay_clean,56.000000,1.999499,0.044755,1.879710,-1.121236,1.382434,1.000000,-1.000000,0.800000,1.169563,0.795062,-0.163019,0.145851,-0.210742,0.218741,0.210742,0.984523,0,0
6d_disc_original_delay_clean,56.050000,1.998869,0.067246,1.923954,-1.112195,1.403170,1.000000,-0.867911,0.800000,1.022589,0.841179,-0.176255,0.114529,-0.201256,0.210197,0.201256,0.993187,0,0
6d_disc_original_delay_clean,56.100000,1.997986,0.089729,1.969582,-1.098633,1.426146,1.000000,-0.531909,0.800000,0.670501,0.912883,-0.185891,0.081691,-0.189530,0.203049,0.189530,1.007425,0,0
6d_disc_original_delay_clean,56.150000,1.996850,0.112200,2.016209,-1.080810,1.451101,1.000000,-0.178584,0.800000,0.296716,0.971520,-0.192217,0.047599,-0.175825,0.198023,0.175825,1.024682,0,0
6d_disc_original_delay_clean,56.200000,1.995462,0.134657,2.063476,-1.058958,1.477806,1.000000,0.192939,0.800000,-0.099249,1.013595,-0.195486,0.012505,-0.160370,0.195885,0.160370,1.043246,0,0
6d_disc_original_delay_clean,56.250000,1.993821,0.157097,2.111044,-1.033289,1.506056,1.000000,0.581161,0.800000,-0.515249,1.035503,-0.195916,-0.023358,-0.143369,0.197304,0.143369,1.062034,0,0
6d_disc_original_delay_clean,56.300000,1.991927,0.179517,2.157835,-1.003952,1.535673,1.000000,0.980876,0.800000,-0.945155,1.033827,-0.193584,-0.059012,-0.125002,0.202378,0.125002,1.066617,0,0
6d_disc_original_delay_clean,56.350000,1.989782,0.201914,2.201695,-0.971111,1.566498,1.000000,1.000000,0.800000,-0.995692,1.004289,-0.188426,-0.092405,-0.105428,0.209864,0.105428,1.038059,0,0
6d_disc_original_delay_clean,56.400000,1.987384,0.224286,2.240604,-0.935098,1.598389,1.000000,1.000000,0.800000,-1.027208,0.972030,-0.180468,-0.121606,-0.084787,0.217616,0.084787,0.980817,0,0
6d_disc_original_delay_clean,56.450000,1.984735,0.246629,2.272676,-0.896412,1.631223,1.000000,1.000000,0.800000,-1.058565,0.937785,-0.169825,-0.144789,-0.063203,0.223169,0.063203,0.900880,0,0
6d_disc_original_delay_clean,56.500000,1.981835,0.268942,2.296157,-0.855714,1.664890,1.000000,1.000000,0.800000,-1.089532,0.901621,-0.156708,-0.160233,-0.040785,0.224125,0.040785,0.807703,0,0
6d_disc_original_delay_clean,56.550000,1.978684,0.291220,2.309461,-0.813816,1.699294,1.000000,1.000000,0.641869,-1.119900,0.863611,-0.141423,-0.166347,-0.017632,0.218339,0.017632,0.717720,0,0
6d_disc_original_delay_clean,56.600000,1.975283,0.313461,2.313427,-0.771388,1.734348,1.000000,1.000000,0.318702,-1.149479,0.823831,-0.124439,-0.163936,0.006173,0.205816,0.006173,0.669797,0,0
6d_disc_original_delay_clean,56.650000,1.971631,0.335663,2.308932,-0.729003,1.769978,1.000000,1.000000,-0.072258,-1.178096,0.782362,-0.106174,-0.153832,0.030552,0.186915,0.030552,0.660201,0,0
6d_disc_original_delay_clean,56.700000,1.967731,0.357822,2.296779,-0.687163,1.806116,1.000000,1.000000,-0.554431,-1.205593,0.739287,-0.086995,-0.136780,0.055440,0.162101,0.055440,0.679873,0,0
6d_disc_original_delay_clean,56.750000,1.963581,0.379936,2.277700,-0.646303,1.842702,1.000000,1.000000,-0.800000,-1.231829,0.694693,-0.067224,-0.113448,0.080777,0.131869,0.080777,0.719052,0,0
6d_disc_original_delay_clean,56.800000,1.959182,0.402001,2.252369,-0.606795,1.878767,1.000000,1.000000,-0.800000,-1.256076,0.649826,-0.047139,-0.084435,0.105591,0.096702,0.105591,0.757295,0,0
6d_disc_original_delay_clean,56.850000,1.954536,0.424016,2.221437,-0.568934,1.912490,1.000000,1.000000,-0.800000,-1.277272,0.607105,-0.026963,-0.050320,0.128065,0.057089,0.128065,0.781141,0,0
6d_disc_original_delay_clean,56.900000,1.949642,0.445978,2.185562,-0.532886,1.941873,1.000000,0.826023,-0.800000,-1.132420,0.632406,-0.006824,-0.011704,0.146197,0.013548,0.146197,0.792592,0,0
6d_disc_original_delay_clean,56.950000,1.944502,0.467882,2.145410,-0.498664,1.964615,0.639132,-0.093378,-0.800000,-0.159017,0.626038,0.013273,0.030781,0.157689,0.033521,0.157689,0.799722,0,0
6d_disc_original_delay_clean,57.000000,1.939115,0.489728,2.101649,-0.466099,1.980061,0.182365,-0.914432,-0.800000,0.766343,0.531189,0.033472,0.076461,0.161886,0.083467,0.161886,0.825468,0,0
6d_disc_original_delay_clean,57.050000,1.933483,0.511512,2.054889,-0.434901,1.989061,-0.177838,-1.000000,-0.800000,0.986028,0.243668,0.054014,0.124682,0.159635,0.135879,0.159635,0.871957,0,0
6d_disc_original_delay_clean,57.100000,1.927606,0.533230,2.005646,-0.404752,1.992363,-0.433516,-1.000000,-0.800000,1.089839,0.013629,0.075163,0.174866,0.151687,0.190335,0.151687,0.929271,0,0
6d_disc_original_delay_clean,57.150000,1.921485,0.554882,1.955279,-0.374913,1.990629,-0.600023,-1.000000,-0.800000,1.157731,-0.140307,0.097331,0.225496,0.138704,0.245605,0.138704,0.975472,0,0
6d_disc_original_delay_clean,57.200000,1.915122,0.576463,1.909797,-0.344852,1.984446,-0.708195,-1.000000,-0.800000,1.200322,-0.246512,0.119320,0.270651,0.121271,0.295786,0.121271,0.925864,0,0
6d_disc_original_delay_clean,57.250000,1.908515,0.597971,1.874209,-0.314931,1.974331,-0.792627,-1.000000,-0.717295,1.230921,-0.336291,0.139114,0.305681,0.099905,0.335847,0.099905,0.813984,0,0
6d_disc_original_delay_clean,57.300000,1.901667,0.619404,1.848782,-0.286840,1.960741,-0.849132,-1.000000,-0.452235,1.247717,-0.405250,0.154692,0.330950,0.075065,0.365319,0.075065,0.732400,0,0
6d_disc_original_delay_clean,57.350000,1.894579,0.640758,1.832987,-0.261833,1.944080,-0.846675,-1.000000,-0.184997,1.239896,-0.423693,0.164718,0.347517,0.047154,0.384577,0.047154,0.703327,0,0
6d_disc_original_delay_clean,57.400000,1.887251,0.662031,1.826084,-0.240633,1.924705,-0.782299,-1.000000,0.092911,1.209144,-0.387249,0.168471,0.356514,0.016529,0.394316,0.016529,0.728891,0,0
6d_disc_original_delay_clean,57.450000,1.879684,0.683220,1.827228,-0.223630,1.902932,-0.656136,-1.000000,0.386617,1.159290,-0.294214,0.165623,0.359089,-0.016494,0.395444,0.016494,0.796043,0,0
6d_disc_original_delay_clean,57.500000,1.871879,0.704323,1.835565,-0.211091,1.879520,-0.467944,-1.000000,0.699137,1.094904,-0.141978,0.156016,0.356360,-0.051155,0.389016,0.051155,0.880065,0,0
6d_disc_original_delay_clean,57.550000,1.863837,0.725336,1.850230,-0.203123,1.856202,-0.219361,-1.000000,0.800000,1.021308,0.071059,0.139687,0.349403,-0.085724,0.376291,0.085724,0.953872,0,0
6d_disc_original_delay_clean,57.600000,1.855559,0.746258,1.870314,-0.199471,1.834519,0.081573,-1.000000,0.800000,0.944162,0.339429,0.117066,0.339190,-0.118657,0.358823,0.118657,1.013679,0,0
6d_disc_original_delay_clean,57.650000,1.847046,0.767086,1.894927,-0.199505,1.815897,0.423873,-1.000000,0.800000,0.867258,0.653859,0.088967,0.326510,-0.148528,0.338413,0.148528,1.056601,0,0
6d_disc_original_delay_clean,57.700000,1.838300,0.787816,1.923240,-0.202230,1.801689,0.792143,-1.000000,0.800000,0.792183,0.999968,0.056541,0.311914,-0.173987,0.316997,0.173987,1.080886,0,0
6d_disc_original_delay_clean,57.750000,1.829321,0.808446,1.954506,-0.206312,1.793198,1.000000,-1.000000,0.800000,0.754798,1.195943,0.021238,0.295687,-0.193728,0.296448,0.193728,1.086412,0,0
6d_disc_original_delay_clean,57.800000,1.820110,0.828975,1.988057,-0.210115,1.790345,1.000000,-1.000000,0.800000,0.758207,1.193785,-0.015240,0.277848,-0.207831,0.278266,0.207831,1.082973,0,0
6d_disc_original_delay_clean,57.850000,1.810669,0.849398,2.023268,-0.211831,1.792475,1.000000,-1.000000,0.800000,0.755662,1.195397,-0.051058,0.258229,-0.216951,0.263229,0.216951,1.070131,0,0
6d_disc_original_delay_clean,57.900000,1.800999,0.869714,2.059518,-0.209599,1.799008,1.000000,-1.000000,0.800000,0.747836,1.200309,-0.084339,0.236550,-0.221667,0.251136,0.221667,1.046337,0,0
6d_disc_original_delay_clean,57.950000,1.791101,0.889920,2.096161,-0.201615,1.809433,1.000000,-1.000000,0.800000,0.735283,1.208040,-0.113264,0.212493,-0.222492,0.240795,0.222492,1.015271,0,0
6d_disc_original_delay_clean,58.000000,1.780976,0.910013,2.132742,-0.187200,1.823297,1.000000,-1.000000,0.800000,0.718464,1.218117,-0.137110,0.185996,-0.219878,0.231071,0.219878,0.992039,0,0
6d_disc_original_delay_clean,58.050000,1.770626,0.929991,2.169067,-0.166931,1.840200,1.000000,-1.000000,0.800000,0.697773,1.230087,-0.156393,0.157319,-0.214226,0.221829,0.214226,0.985347,0,0
6d_disc_original_delay_clean,58.100000,1.760052,0.949851,2.204918,-0.141328,1.859789,1.000000,-0.991763,0.800000,0.665650,1.241171,-0.171544,0.126735,-0.205887,0.213282,0.205887,0.989964,0,0
6d_disc_original_delay_clean,58.150000,1.749255,0.969591,2.240066,-0.110856,1.881751,1.000000,-0.660917,0.800000,0.323253,1.154261,-0.182932,0.094519,-0.195175,0.205908,0.195175,1.001759,0,0
6d_disc_original_delay_clean,58.200000,1.738237,0.989208,2.274285,-0.075938,1.905811,1.000000,-0.314150,0.800000,-0.032098,1.047693,-0.190870,0.060936,-0.182365,0.200361,0.182365,1.017705,0,0
6d_disc_original_delay_clean,58.250000,1.726998,1.008701,2.307354,-0.036959,1.931724,1.000000,0.049783,0.800000,-0.399717,0.917989,-0.195628,0.026242,-0.167702,0.197380,0.167702,1.035713,0,0
6d_disc_original_delay_clean,58.300000,1.715541,1.028065,2.339061,0.005726,1.959275,1.000000,0.430384,0.800000,-0.777095,0.762465,-0.197441,-0.009321,-0.151401,0.197661,0.151401,1.054422,0,0
6d_disc_original_delay_clean,58.350000,1.703867,1.047299,2.369165,0.051770,1.988273,1.000000,0.824057,0.800000,-1.158738,0.579996,-0.196508,-0.045481,-0.133652,0.201703,0.133652,1.072132,0,0
6d_disc_original_delay_clean,58.400000,1.691978,1.066401,2.395733,0.100087,2.018551,1.000000,1.000000,0.800000,-1.334364,0.468479,-0.192734,-0.080130,-0.114625,0.208728,0.114625,1.055153,0,0
6d_disc_original_delay_clean,58.450000,1.679874,1.085368,2.417038,0.149508,2.049960,1.000000,1.000000,0.800000,-1.348418,0.426344,-0.186111,-0.111295,-0.094466,0.216850,0.094466,1.007692,0,0
6d_disc_original_delay_clean,58.500000,1.667557,1.104198,2.431547,0.198778,2.082367,1.000000,1.000000,0.800000,-1.361524,0.382429,-0.176718,-0.137117,-0.073309,0.223675,0.073309,0.935051,0,0
6d_disc_original_delay_clean,58.550000,1.655030,1.122887,2.437924,0.246556,2.115657,1.000000,1.000000,0.800000,-1.373499,0.336900,-0.164728,-0.155846,-0.051269,0.226767,0.051269,0.845061,0,0
6d_disc_original_delay_clean,58.600000,1.642293,1.141435,2.435040,0.291432,2.149728,1.000000,1.000000,0.772493,-1.384178,0.289918,-0.150412,-0.165850,-0.028448,0.223897,0.028448,0.750892,0,0
6d_disc_original_delay_clean,58.650000,1.629348,1.159838,2.423095,0.332665,2.184488,1.000000,1.000000,0.474651,-1.393417,0.241639,-0.134185,-0.166951,-0.004938,0.214192,0.004938,0.684739,0,0
6d_disc_original_delay_clean,58.700000,1.616197,1.178095,2.403177,0.370120,2.219857,1.000000,1.000000,0.119857,-1.401090,0.192214,-0.116491,-0.160022,0.019181,0.197932,0.019181,0.659736,0,0
6d_disc_original_delay_clean,58.750000,1.602842,1.196202,2.376270,0.403694,2.255764,1.000000,1.000000,-0.313857,-1.407088,0.141791,-0.097720,-0.145842,0.043839,0.175554,0.043839,0.668116,0,0
6d_disc_original_delay_clean,58.800000,1.589283,1.214158,2.343261,0.433315,2.292148,1.000000,1.000000,-0.800000,-1.411314,0.090514,-0.078214,-0.125109,0.068972,0.147546,0.068972,0.700028,0,0
6d_disc_original_delay_clean,58.850000,1.575524,1.231960,2.304952,0.458941,2.328792,1.000000,1.000000,-0.800000,-1.413683,0.038748,-0.058268,-0.098451,0.094366,0.114402,0.094366,0.744334,0,0
6d_disc_original_delay_clean,58.900000,1.561565,1.249606,2.262072,0.480556,2.363935,1.000000,1.000000,-0.800000,-1.414171,-0.010947,-0.038140,-0.066438,0.118259,0.076607,0.118259,0.774701,0,0
6d_disc_original_delay_clean,58.950000,1.547408,1.267094,2.215308,0.498251,2.395688,1.000000,1.000000,-0.800000,-1.413111,-0.055838,-0.018003,-0.029658,0.138762,0.034694,0.138762,0.791231,0,0
6d_disc_original_delay_clean,59.000000,1.533056,1.284422,2.165290,0.512243,2.421924,0.912483,0.309682,-0.800000,-0.890332,0.368561,0.002076,0.011277,0.153749,0.011466,0.153749,0.798748,0,0
6d_disc_original_delay_clean,59.050000,1.518509,1.301587,2.112575,0.522905,2.440459,0.420958,-0.565066,-0.800000,0.042856,0.703326,0.022168,0.055714,0.161033,0.059963,0.161033,0.811306,0,0
6d_disc_original_delay_clean,59.100000,1.503771,1.318588,2.057630,0.530770,2.452187,0.009868,-1.000000,-0.800000,0.628464,0.777901,0.042496,0.102965,0.161511,0.111390,0.161511,0.850059,0,0
6d_disc_original_delay_clean,59.150000,1.488842,1.335422,2.000811,0.536363,2.457900,-0.297115,-1.000000,-0.800000,0.861997,0.587570,0.063317,0.152420,0.155974,0.165048,0.155974,0.903513,0,0
6d_disc_original_delay_clean,59.200000,1.473724,1.352086,1.942392,0.540184,2.458298,-0.506010,-1.000000,-0.800000,1.023761,0.456026,0.084900,0.203538,0.145122,0.220535,0.145122,0.963838,0,0
6d_disc_original_delay_clean,59.250000,1.458420,1.368580,1.885514,0.545492,2.453998,-0.636238,-1.000000,-0.800000,1.126349,0.368967,0.107541,0.251790,0.129572,0.273794,0.129572,0.960787,0,0
6d_disc_original_delay_clean,59.300000,1.442932,1.384900,1.835463,0.554492,2.445547,-0.739878,-1.000000,-0.800000,1.208959,0.292983,0.129081,0.291818,0.109871,0.319091,0.109871,0.872251,0,0
6d_disc_original_delay_clean,59.350000,1.427261,1.401045,1.794986,0.567317,2.433428,-0.816221,-1.000000,-0.567997,1.270408,0.228653,0.147427,0.321625,0.086502,0.353804,0.086502,0.771588,0,0
6d_disc_original_delay_clean,59.400000,1.411409,1.417013,1.764448,0.582376,2.418066,-0.847814,-1.000000,-0.303452,1.297447,0.188196,0.160863,0.342204,0.059891,0.378127,0.059891,0.715806,0,0
6d_disc_original_delay_clean,59.450000,1.395379,1.432801,1.743723,0.598507,2.399840,-0.818121,-1.000000,-0.031643,1.278770,0.184579,0.168367,0.354652,0.030414,0.392589,0.030414,0.714337,0,0
6d_disc_original_delay_clean,59.500000,1.379172,1.448408,1.732326,0.614881,2.379082,-0.727241,-1.000000,0.253385,1.216610,0.220770,0.169455,0.360113,-0.001594,0.397991,0.001594,0.761358,0,0
6d_disc_original_delay_clean,59.550000,1.362790,1.463832,1.729683,0.630789,2.356086,-0.575563,-1.000000,0.555735,1.114124,0.300002,0.163834,0.359718,-0.035839,0.395270,0.035839,0.841040,0,0
6d_disc_original_delay_clean,59.600000,1.346236,1.479070,1.735138,0.645653,2.332462,-0.361456,-1.000000,0.800000,0.973138,0.428547,0.151405,0.354564,-0.070713,0.385538,0.070713,0.917431,0,0
6d_disc_original_delay_clean,59.650000,1.329512,1.494121,1.747877,0.659116,2.309821,-0.091951,-1.000000,0.800000,0.801061,0.605604,0.132381,0.345689,-0.104605,0.370170,0.104605,0.982385,0,0
6d_disc_original_delay_clean,59.700000,1.312619,1.508984,1.766902,0.671156,2.289629,0.224768,-1.000000,0.800000,0.604564,0.827661,0.107373,0.333984,-0.136047,0.350819,0.136047,1.032599,0,0
6d_disc_original_delay_clean,59.750000,1.295560,1.523655,1.791086,0.682101,2.273257,0.575933,-1.000000,0.800000,0.391145,1.085681,0.077353,0.320127,-0.163668,0.329340,0.163668,1.065763,0,0
6d_disc_original_delay_clean,59.800000,1.278338,1.538133,1.819213,0.692624,2.262021,0.945391,-1.000000,0.800000,0.167797,1.365873,0.043608,0.304542,-0.186155,0.307648,0.186155,1.080907,0,0
6d_disc_original_delay_clean,59.850000,1.260953,1.552417,1.849992,0.703731,2.256742,1.000000,-1.000000,0.800000,0.140416,1.407225,0.007707,0.287382,-0.202684,0.287485,0.202684,1.081859,0,0
6d_disc_original_delay_clean,59.900000,1.243409,1.566504,1.882080,0.716672,2.256728,1.000000,-1.000000,0.800000,0.140435,1.407223,-0.028585,0.268568,-0.213948,0.270085,0.213948,1.076298,0,0
6d_disc_original_delay_clean,59.950000,1.225707,1.580393,1.914109,0.732801,2.261366,1.000000,-1.000000,0.800000,0.133906,1.407860,-0.063422,0.247874,-0.220559,0.255860,0.220559,1.059915,0,0
6d_disc_original_delay_clean,60.000000,1.207851,1.594082,1.944696,0.753471,2.270117,1.000000,-1.000000,0.800000,0.121582,1.408978,-0.094962,0.225002,-0.223059,0.244220,0.223059,1.033507,0,0
6d_disc_original_delay_clean,60.050000,1.189841,1.607569,1.972477,0.779921,2.282501,1.000000,-1.000000,0.800000,0.104124,1.410375,-0.121455,0.199644,-0.221924,0.233686,0.221924,1.002842,0,0
6d_artstein_disc_clean,0.050000,2.000000,0.000000,4.200000,-0.400000,1.570796,0.305321,0.530572,0.115194,-0.530572,0.305321,-0.400000,-1.200000,0.000000,1.264911,0.000000,1.361295,0,1
6d_artstein_disc_clean,0.100000,1.999873,0.022500,4.200000,-0.400000,1.570796,0.472555,0.746880,0.167884,-0.746880,0.472555,-0.447224,-1.195234,-0.011250,1.276164,0.011250,1.371804,0,1
6d_artstein_disc_clean,0.150000,1.999494,0.044996,4.200000,-0.400000,1.570796,0.579518,0.839182,0.196003,-0.839182,0.579518,-0.494391,-1.189938,-0.022500,1.288555,0.022500,1.383476,0,1
6d_artstein_disc_clean,0.200000,1.998861,0.067487,4.200000,-0.400000,1.570796,0.658700,0.880969,0.214149,-0.880969,0.658700,-0.541495,-1.184111,-0.033750,1.302050,0.033750,1.396281,0,1
6d_artstein_disc_clean,0.250000,1.997975,0.089970,4.200000,-0.400000,1.570796,0.724703,0.899983,0.227948,-0.899983,0.724703,-0.588531,-1.177754,-0.045000,1.316615,0.045000,1.410186,0,1
6d_artstein_disc_clean,0.300000,1.996837,0.112441,4.196915,-0.398225,1.571466,0.779377,0.907280,0.239206,-0.907801,0.778769,-0.633547,-1.167889,-0.055580,1.328663,0.055580,1.409181,0,1
6d_artstein_disc_clean,0.350000,1.995445,0.134898,4.189844,-0.393913,1.573034,0.831231,0.905764,0.249119,-0.907622,0.829202,-0.675616,-1.153734,-0.065262,1.336996,0.065262,1.404788,0,1
6d_artstein_disc_clean,0.400000,1.993802,0.157337,4.178703,-0.386755,1.575559,0.881459,0.896975,0.258076,-0.901163,0.877177,-0.714289,-1.135327,-0.073987,1.341333,0.073987,1.401427,0,1
6d_artstein_disc_clean,0.450000,1.991905,0.179757,4.163701,-0.376648,1.579036,0.929565,0.881984,0.266213,-0.889613,0.922266,-0.749351,-1.112996,-0.081761,1.341748,0.081761,1.399983,0,1
6d_artstein_disc_clean,0.500000,1.989757,0.202154,4.145145,-0.363593,1.583433,0.974891,0.861668,0.273588,-0.873919,0.963925,-0.780710,-1.087165,-0.088613,1.338445,0.088613,1.400099,0,1
6d_artstein_disc_clean,0.550000,1.987357,0.224526,4.123365,-0.347664,1.588710,1.000000,0.836774,0.280239,-0.854552,0.984850,-0.808367,-1.058269,-0.094586,1.331687,0.094586,1.401185,0,1
6d_artstein_disc_clean,0.600000,1.984705,0.246869,4.098691,-0.328951,1.594822,1.000000,0.809242,0.286197,-0.833032,0.980271,-0.832355,-1.026744,-0.099724,1.321748,0.099724,1.402488,0,1
6d_artstein_disc_clean,0.650000,1.981803,0.269181,4.071450,-0.307549,1.601724,1.000000,0.780850,0.291494,-0.811399,0.975376,-0.852729,-0.993012,-0.104073,1.308900,0.104073,1.403373,0,1
6d_artstein_disc_clean,0.700000,1.978649,0.291458,4.041953,-0.283560,1.609370,1.000000,0.750981,0.296160,-0.788987,0.970295,-0.869563,-0.957481,-0.107676,1.293410,0.107676,1.403349,0,1
6d_artstein_disc_clean,0.750000,1.975245,0.313699,4.010501,-0.257089,1.617719,1.000000,0.719617,0.300227,-0.765730,0.965146,-0.882952,-0.920536,-0.110578,1.275536,0.110578,1.402056,0,1
6d_artstein_disc_clean,0.800000,1.971591,0.335900,3.977379,-0.228350,1.626725,1.000000,0.686894,0.303724,-0.741720,0.960039,-0.893108,-0.882531,-0.112821,1.255588,0.112821,1.399068,0,1
6d_artstein_disc_clean,0.850000,1.967687,0.358059,3.942858,-0.197675,1.636349,1.000000,0.653028,0.306684,-0.717131,0.955075,-0.900369,-0.843766,-0.114447,1.233940,0.114447,1.393844,0,1
6d_artstein_disc_clean,0.900000,1.963535,0.380173,3.907181,-0.165358,1.646548,1.000000,0.618337,0.309136,-0.692243,0.950337,-0.905044,-0.804511,-0.115498,1.210926,0.115498,1.386249,0,1
6d_artstein_disc_clean,0.950000,1.959134,0.402238,3.870569,-0.131655,1.657283,1.000000,0.583089,0.311111,-0.667288,0.945896,-0.907409,-0.765003,-0.116013,1.186854,0.116013,1.376255,0,1
6d_artstein_disc_clean,1.000000,1.954485,0.424252,3.833227,-0.096789,1.668515,1.000000,0.547519,0.312637,-0.642470,0.941811,-0.907713,-0.725460,-0.116031,1.161996,0.116031,1.363924,0,1
6d_artstein_disc_clean,1.050000,1.949588,0.446213,3.795340,-0.060953,1.680208,1.000000,0.511835,0.313742,-0.617967,0.938132,-0.906181,-0.686076,-0.115589,1.136602,0.115589,1.349387,0,1
6d_artstein_disc_clean,1.100000,1.944445,0.468117,3.757082,-0.024313,1.692323,1.000000,0.476223,0.314456,-0.593938,0.934893,-0.903015,-0.647029,-0.114723,1.110893,0.114723,1.332824,0,1
6d_artstein_disc_clean,1.150000,1.939056,0.489962,3.718610,0.012989,1.704827,1.000000,0.440850,0.314805,-0.570526,0.932121,-0.898395,-0.608478,-0.113469,1.085062,0.113469,1.314447,0,1
6d_artstein_disc_clean,1.200000,1.933421,0.511745,3.680065,0.050836,1.717686,1.000000,0.405863,0.314815,-0.547854,0.929828,-0.892484,-0.570565,-0.111860,1.059279,0.111860,1.294492,0,1
6d_artstein_disc_clean,1.250000,1.927542,0.533463,3.641575,0.089126,1.730867,1.000000,0.371394,0.314511,-0.526034,0.928020,-0.885426,-0.533417,-0.109929,1.033689,0.109929,1.273200,0,1
6d_artstein_disc_clean,1.300000,1.921418,0.555114,3.603253,0.127778,1.744340,1.000000,0.337558,0.313920,-0.505162,0.926692,-0.877350,-0.497144,-0.107706,1.008412,0.107706,1.250815,0,1
6d_artstein_disc_clean,1.350000,1.915052,0.576694,3.565199,0.166724,1.758075,1.000000,0.304458,0.313063,-0.485320,0.925829,-0.868371,-0.461845,-0.105222,0.983550,0.105222,1.227572,0,1
6d_artstein_disc_clean,1.400000,1.908443,0.598201,3.527500,0.205912,1.772042,1.000000,0.272182,0.311965,-0.466579,0.925412,-0.858592,-0.427605,-0.102504,0.959179,0.102504,1.203698,0,1
6d_artstein_disc_clean,1.450000,1.901593,0.619633,3.490229,0.245300,1.786216,1.000000,0.240805,0.310648,-0.448997,0.925413,-0.848100,-0.394495,-0.099580,0.935361,0.099580,1.179406,0,1
6d_artstein_disc_clean,1.500000,1.894502,0.640986,3.453450,0.284855,1.800570,1.000000,0.210394,0.309132,-0.432622,0.925799,-0.836978,-0.362578,-0.096476,0.912138,0.096476,1.154895,0,1
6d_artstein_disc_clean,1.550000,1.887171,0.662258,3.417215,0.324555,1.815080,1.000000,0.181429,0.307478,-0.417904,0.926430,-0.825294,-0.331903,-0.093216,0.889534,0.093216,1.130347,0,1
6d_artstein_disc_clean,1.600000,1.879601,0.683447,3.381563,0.364383,1.829723,1.000000,0.156039,0.305874,-0.406881,0.926713,-0.813111,-0.302513,-0.089823,0.867562,0.089823,1.105924,0,1
6d_artstein_disc_clean,1.650000,1.871794,0.704548,3.346526,0.404330,1.844478,1.000000,0.132716,0.304170,-0.398054,0.926912,-0.800484,-0.274439,-0.086319,0.846221,0.086319,1.081773,0,1
6d_artstein_disc_clean,1.700000,1.863749,0.725561,3.312127,0.444391,1.859322,1.000000,0.110904,0.302312,-0.390860,0.927108,-0.787459,-0.247703,-0.082724,0.825499,0.082724,1.058022,0,1
6d_artstein_disc_clean,1.750000,1.855469,0.746482,3.278379,0.484564,1.874238,1.000000,0.090411,0.300291,-0.385087,0.927298,-0.774079,-0.222324,-0.079058,0.805373,0.079058,1.034780,0,1
6d_artstein_disc_clean,1.800000,1.846954,0.767308,3.245284,0.524849,1.889207,1.000000,0.071171,0.298111,-0.380652,0.927453,-0.760380,-0.198306,-0.075339,0.785814,0.075339,1.012156,0,1
6d_artstein_disc_clean,1.850000,1.838205,0.788038,3.212827,0.565247,1.904214,1.000000,0.053169,0.295782,-0.377515,0.927528,-0.746394,-0.175635,-0.071582,0.766780,0.071582,0.990318,0,1
6d_artstein_disc_clean,1.900000,1.829223,0.808667,3.180979,0.605754,1.919244,1.000000,0.036401,0.293319,-0.375653,0.927475,-0.732147,-0.154287,-0.067802,0.748227,0.067802,0.969324,0,1
6d_artstein_disc_clean,1.950000,1.820010,0.829194,3.149709,0.646368,1.934285,1.000000,0.020870,0.290736,-0.375043,0.927242,-0.717662,-0.134233,-0.064012,0.730108,0.064012,0.949190,0,1
6d_artstein_disc_clean,2.000000,1.810567,0.849616,3.118979,0.687087,1.949322,1.000000,0.006573,0.288046,-0.375659,0.926781,-0.702960,-0.115440,-0.060224,0.712375,0.060224,0.929910,0,1
6d_artstein_disc_clean,2.050000,1.800894,0.869931,3.088752,0.727908,1.964344,1.000000,-0.006491,0.285263,-0.377472,0.926044,-0.688058,-0.097873,-0.056453,0.694984,0.056453,0.911468,0,1
6d_artstein_disc_clean,2.100000,1.790994,0.890136,3.058986,0.768829,1.979339,1.000000,-0.018333,0.282402,-0.380448,0.924984,-0.672972,-0.081493,-0.052708,0.677889,0.052708,0.893838,0,1
6d_artstein_disc_clean,2.150000,1.780867,0.910228,3.029638,0.809844,1.994295,1.000000,-0.028965,0.279474,-0.384546,0.923560,-0.657718,-0.066261,-0.049001,0.661047,0.049001,0.876989,0,1
6d_artstein_disc_clean,2.200000,1.770514,0.930204,3.000663,0.850948,2.009203,1.000000,-0.038405,0.276494,-0.389725,0.921732,-0.642307,-0.052136,-0.045343,0.644419,0.045343,0.860886,0,1
6d_artstein_disc_clean,2.250000,1.759937,0.950063,2.972016,0.892135,2.024052,1.000000,-0.046675,0.273473,-0.395933,0.919465,-0.626751,-0.039073,-0.041744,0.627967,0.041744,0.845490,0,1
6d_artstein_disc_clean,2.300000,1.749138,0.969802,2.943650,0.933396,2.038833,1.000000,-0.053802,0.270423,-0.403119,0.916728,-0.611059,-0.027030,-0.038213,0.611657,0.038213,0.830758,0,1
6d_artstein_disc_clean,2.350000,1.738117,0.989418,2.915519,0.974722,2.053537,1.000000,-0.059817,0.267357,-0.411227,0.913494,-0.595243,-0.015961,-0.034759,0.595457,0.034759,0.816649,0,1
6d_artstein_disc_clean,2.400000,1.726877,1.008909,2.887575,1.016101,2.068156,1.000000,-0.064759,0.264286,-0.420194,0.909742,-0.579310,-0.005820,-0.031390,0.579339,0.031390,0.803118,0,1
6d_artstein_disc_clean,2.450000,1.715417,1.028272,2.859771,1.057519,2.082683,1.000000,-0.068666,0.261221,-0.429958,0.905456,-0.563268,0.003441,-0.028113,0.563278,0.028113,0.790123,0,1
6d_artstein_disc_clean,2.500000,1.703741,1.047505,2.832059,1.098962,2.097110,1.000000,-0.071587,0.258175,-0.440451,0.900626,-0.547124,0.011868,-0.024936,0.547253,0.024936,0.777620,0,1
6d_artstein_disc_clean,2.550000,1.691849,1.066605,2.804394,1.140414,2.111433,1.000000,-0.073572,0.255157,-0.451602,0.895248,-0.530887,0.019509,-0.021864,0.531245,0.021864,0.765570,0,1
6d_artstein_disc_clean,2.600000,1.679743,1.085571,2.776729,1.181855,2.125644,1.000000,-0.074679,0.252179,-0.463338,0.889323,-0.514562,0.026411,-0.018903,0.515239,0.018903,0.753935,0,1
6d_artstein_disc_clean,2.650000,1.667424,1.104399,2.749020,1.223267,2.139739,1.000000,-0.074972,0.249252,-0.475580,0.882861,-0.498155,0.032621,-0.016057,0.499222,0.016057,0.742680,0,1
6d_artstein_disc_clean,2.700000,1.654894,1.123087,2.721224,1.264627,2.153714,1.000000,-0.074518,0.246386,-0.488250,0.875879,-0.481674,0.038187,-0.013332,0.483185,0.013332,0.731772,0,1
6d_artstein_disc_clean,2.750000,1.642155,1.141633,2.693299,1.305915,2.167565,1.000000,-0.073395,0.243592,-0.501264,0.868402,-0.465123,0.043155,-0.010731,0.467120,0.010731,0.721186,0,1
6d_artstein_disc_clean,2.800000,1.629208,1.160035,2.665205,1.347105,2.181289,1.000000,-0.071687,0.240881,-0.514534,0.860462,-0.448508,0.047569,-0.008257,0.451023,0.008257,0.710896,0,1
6d_artstein_disc_clean,2.850000,1.616055,1.178290,2.636902,1.388175,2.194883,1.000000,-0.069487,0.238263,-0.527968,0.852102,-0.431834,0.051474,-0.005913,0.434891,0.005913,0.700885,0,1
6d_artstein_disc_clean,2.900000,1.602697,1.196395,2.608356,1.429098,2.208346,0.999522,-0.066899,0.235749,-0.541186,0.842993,-0.415107,0.054914,-0.003700,0.418723,0.003700,0.691138,0,1
6d_artstein_disc_clean,2.950000,1.589137,1.214349,2.579533,1.469850,2.221676,0.990931,-0.064011,0.233353,-0.549467,0.827119,-0.398331,0.057929,-0.001621,0.402521,0.001621,0.681644,0,1
6d_artstein_disc_clean,3.000000,1.575375,1.232150,2.550400,1.510404,2.234872,0.979839,-0.060425,0.231100,-0.556321,0.808852,-0.381511,0.060560,0.000325,0.386288,0.000325,0.672398,0,1
6d_artstein_disc_clean,3.050000,1.561414,1.249795,2.520928,1.550735,2.247934,0.967726,-0.056470,0.228993,-0.562332,0.789598,-0.364652,0.062844,0.002137,0.370027,0.002137,0.663400,0,1
6d_artstein_disc_clean,3.100000,1.547255,1.267281,2.491093,1.590817,2.260862,0.954933,-0.052424,0.227039,-0.567470,0.769820,-0.347757,0.064816,0.003816,0.353746,0.003816,0.654653,0,1
6d_artstein_disc_clean,3.150000,1.532901,1.284607,2.460871,1.630624,2.273658,0.941549,-0.048474,0.225248,-0.571635,0.749732,-0.330834,0.066508,0.005362,0.337453,0.005362,0.646118,0,1
6d_artstein_disc_clean,3.200000,1.518352,1.301771,2.430276,1.670095,2.286323,0.927512,-0.044736,0.223624,-0.574697,0.729385,-0.313935,0.067953,0.006776,0.321205,0.006776,0.637023,0,1
6d_artstein_disc_clean,3.250000,1.503611,1.318769,2.399326,1.709160,2.298858,0.912962,-0.041310,0.222181,-0.576671,0.708983,-0.297123,0.069179,0.008062,0.305070,0.008062,0.627217,0,1
6d_artstein_disc_clean,3.300000,1.488680,1.335601,2.368046,1.747756,2.311267,0.891527,-0.045266,0.221420,-0.568043,0.688620,-0.280458,0.070215,0.009221,0.289114,0.009221,0.616717,0,1
6d_artstein_disc_clean,3.350000,1.473561,1.352264,2.336462,1.785822,2.323554,0.868987,-0.049335,0.220897,-0.558082,0.667920,-0.263998,0.071089,0.010258,0.273402,0.010258,0.605571,0,1
6d_artstein_disc_clean,3.400000,1.458255,1.368756,2.304602,1.823304,2.335721,0.847399,-0.052646,0.220498,-0.548829,0.647800,-0.247798,0.071822,0.011175,0.257996,0.011175,0.593832,0,1
6d_artstein_disc_clean,3.450000,1.442765,1.385074,2.272500,1.860153,2.347774,0.826985,-0.055368,0.220204,-0.540342,0.628490,-0.231909,0.072434,0.011977,0.242958,0.011977,0.581543,0,1
6d_artstein_disc_clean,3.500000,1.427092,1.401217,2.240189,1.896326,2.359717,0.807777,-0.057539,0.220004,-0.532650,0.609998,-0.216380,0.072940,0.012670,0.228343,0.012670,0.568754,0,1
6d_artstein_disc_clean,3.550000,1.411238,1.417183,2.207763,1.931788,2.371558,0.789659,-0.059427,0.219900,-0.525515,0.592391,-0.201296,0.073312,0.013262,0.214230,0.013262,0.554894,0,1
6d_artstein_disc_clean,3.600000,1.395206,1.432969,2.175312,1.966509,2.383307,0.772731,-0.060715,0.219866,-0.519262,0.575470,-0.186735,0.073523,0.013761,0.200688,0.013761,0.540001,0,1
6d_artstein_disc_clean,3.650000,1.378997,1.448574,2.142908,2.000463,2.394972,0.757078,-0.061390,0.219889,-0.513992,0.559238,-0.172765,0.073558,0.014175,0.187772,0.014175,0.524317,0,1
6d_artstein_disc_clean,3.700000,1.362613,1.463996,2.110615,2.033635,2.406560,0.742691,-0.061513,0.219959,-0.509684,0.543688,-0.159436,0.073407,0.014514,0.175523,0.014514,0.508081,0,1
6d_artstein_disc_clean,3.750000,1.346058,1.479233,2.078479,2.066015,2.418081,0.729538,-0.061139,0.220070,-0.506303,0.528792,-0.146789,0.073066,0.014784,0.163968,0.014784,0.491507,0,1
6d_artstein_disc_clean,3.800000,1.329331,1.494282,2.046539,2.097599,2.429540,0.717573,-0.060329,0.220214,-0.503801,0.514525,-0.134851,0.072534,0.014993,0.153121,0.014993,0.474773,0,1
6d_artstein_disc_clean,3.850000,1.312437,1.509142,2.014826,2.128388,2.440945,0.706751,-0.059124,0.220384,-0.502140,0.500847,-0.123641,0.071815,0.015148,0.142984,0.015148,0.458041,0,1
6d_artstein_disc_clean,3.900000,1.295376,1.523811,1.983357,2.158386,2.452302,0.697023,-0.057575,0.220576,-0.501274,0.487730,-0.113169,0.070918,0.015256,0.133554,0.015256,0.441459,0,1
6d_artstein_disc_clean,3.950000,1.278152,1.538287,1.952143,2.187600,2.463617,0.688338,-0.055735,0.220783,-0.501150,0.475146,-0.103435,0.069854,0.015321,0.124814,0.015321,0.425157,0,1
6d_artstein_disc_clean,4.000000,1.260766,1.552569,1.921187,2.216041,2.474896,0.680638,-0.053656,0.221001,-0.501711,0.463069,-0.094434,0.068639,0.015350,0.116743,0.015350,0.409241,0,1
6d_artstein_disc_clean,4.050000,1.243220,1.566654,1.890488,2.243720,2.486144,0.673865,-0.051387,0.221227,-0.502902,0.451469,-0.086152,0.067288,0.015348,0.109315,0.015348,0.393802,0,1
6d_artstein_disc_clean,4.100000,1.225517,1.580541,1.860037,2.270651,2.497366,0.667959,-0.048972,0.221457,-0.504664,0.440320,-0.078572,0.065819,0.015319,0.102497,0.015319,0.378908,0,1
6d_artstein_disc_clean,4.150000,1.207659,1.594227,1.829822,2.296848,2.508565,0.662861,-0.046454,0.221688,-0.506943,0.429594,-0.071672,0.064251,0.015268,0.096255,0.015268,0.364618,0,1
6d_artstein_disc_clean,4.200000,1.189647,1.607712,1.799829,2.322328,2.519745,0.658512,-0.043870,0.221918,-0.509685,0.419265,-0.065428,0.062602,0.015199,0.090553,0.015199,0.350972,0,1
6d_artstein_disc_clean,4.250000,1.171486,1.620994,1.770038,2.347105,2.530910,0.654853,-0.041256,0.222145,-0.512835,0.409309,-0.059810,0.060891,0.015114,0.085352,0.015114,0.338003,0,1
6d_artstein_disc_clean,4.300000,1.153176,1.634070,1.740430,2.371198,2.542063,0.651827,-0.038643,0.222367,-0.516345,0.399699,-0.054788,0.059137,0.015017,0.080616,0.015017,0.325733,0,1
6d_artstein_disc_clean,4.350000,1.134720,1.646940,1.710983,2.394623,2.553207,0.649378,-0.036058,0.222582,-0.520164,0.390412,-0.050330,0.057357,0.014911,0.076308,0.014911,0.314172,0,1
6d_artstein_disc_clean,4.400000,1.116120,1.659601,1.681675,2.417395,2.564344,0.647453,-0.033528,0.222790,-0.524248,0.381424,-0.046403,0.055568,0.014798,0.072395,0.014798,0.303328,0,1
6d_artstein_disc_clean,4.450000,1.097380,1.672052,1.652484,2.439534,2.575476,0.646000,-0.031071,0.222988,-0.528553,0.372711,-0.042972,0.053785,0.014680,0.068844,0.014680,0.293198,0,1
6d_artstein_disc_clean,4.500000,1.078500,1.684291,1.623386,2.461054,2.586606,0.644970,-0.028707,0.223178,-0.533038,0.364253,-0.040004,0.052023,0.014559,0.065626,0.014559,0.283777,0,1
6d_artstein_disc_clean,4.550000,1.059484,1.696318,1.594359,2.481972,2.597734,0.644315,-0.026449,0.223358,-0.537666,0.356028,-0.037465,0.050294,0.014437,0.062715,0.014437,0.275055,0,1
6d_artstein_disc_clean,4.600000,1.040334,1.708129,1.565381,2.502305,2.608862,0.643991,-0.024309,0.223527,-0.542403,0.348016,-0.035321,0.048610,0.014315,0.060088,0.014315,0.267017,0,1
6d_artstein_disc_clean,4.650000,1.021052,1.719725,1.536431,2.522067,2.619991,0.643957,-0.022297,0.223686,-0.547215,0.340197,-0.033539,0.046982,0.014195,0.057725,0.014195,0.259647,0,1
6d_artstein_disc_clean,4.700000,1.001641,1.731102,1.507488,2.541273,2.631123,0.644174,-0.020420,0.223835,-0.552075,0.332552,-0.032087,0.045418,0.014076,0.055609,0.014076,0.252925,0,1
6d_artstein_disc_clean,4.750000,0.982103,1.742261,1.478532,2.559938,2.642258,0.644606,-0.018681,0.223973,-0.556955,0.325064,-0.030934,0.043925,0.013961,0.053724,0.013961,0.246828,0,1
6d_artstein_disc_clean,4.800000,0.962441,1.753199,1.449547,2.578075,2.653396,0.645218,-0.017083,0.224101,-0.561831,0.317717,-0.030050,0.042509,0.013850,0.052058,0.013850,0.241333,0,1
6d_artstein_disc_clean,4.850000,0.942657,1.763916,1.420514,2.595698,2.664540,0.645981,-0.015628,0.224220,-0.566683,0.310493,-0.029408,0.041175,0.013743,0.050598,0.013743,0.236413,0,1
6d_artstein_disc_clean,4.900000,0.922753,1.774409,1.391419,2.612819,2.675687,0.646865,-0.014313,0.224328,-0.571490,0.303379,-0.028979,0.039927,0.013641,0.049335,0.013641,0.232042,0,1
6d_artstein_disc_clean,4.950000,0.902733,1.784677,1.362248,2.629450,2.686840,0.647846,-0.013136,0.224427,-0.576236,0.296361,-0.028740,0.038767,0.013544,0.048258,0.013544,0.228191,0,1
6d_artstein_disc_clean,5.000000,0.882599,1.794720,1.332987,2.645603,2.697999,0.648900,-0.012094,0.224518,-0.580906,0.289424,-0.028665,0.037695,0.013452,0.047357,0.013452,0.224829,0,1
6d_artstein_disc_clean,5.050000,0.862353,1.804535,1.303625,2.661288,2.709163,0.650007,-0.011182,0.224599,-0.585487,0.282557,-0.028734,0.036714,0.013366,0.046621,0.013366,0.221927,0,1
6d_artstein_disc_clean,5.100000,0.841998,1.814122,1.274152,2.676515,2.720332,0.651147,-0.010396,0.224673,-0.589969,0.275748,-0.028924,0.035821,0.013285,0.046040,0.013285,0.219454,0,1
6d_artstein_disc_clean,5.150000,0.821536,1.823480,1.244560,2.691293,2.731507,0.652305,-0.009727,0.224739,-0.594341,0.268987,-0.029218,0.035015,0.013210,0.045604,0.013210,0.217377,0,1
6d_artstein_disc_clean,5.200000,0.800970,1.832606,1.214840,2.705632,2.742687,0.653465,-0.009171,0.224798,-0.598597,0.262264,-0.029597,0.034295,0.013140,0.045300,0.013140,0.215666,0,1
6d_artstein_disc_clean,5.250000,0.780303,1.841501,1.184988,2.719539,2.753872,0.654615,-0.008720,0.224850,-0.602729,0.255569,-0.030045,0.033658,0.013076,0.045118,0.013076,0.214289,0,1
6d_artstein_disc_clean,5.300000,0.759538,1.850163,1.154996,2.733022,2.765063,0.655746,-0.008366,0.224896,-0.606732,0.248895,-0.030549,0.033101,0.013016,0.045043,0.013016,0.213216,0,1
6d_artstein_disc_clean,5.350000,0.738676,1.858590,1.124862,2.746088,2.776258,0.656846,-0.008102,0.224937,-0.610603,0.242233,-0.031095,0.032619,0.012962,0.045066,0.012962,0.212416,0,1
6d_artstein_disc_clean,5.400000,0.717720,1.866783,1.094582,2.758744,2.787459,0.657910,-0.007921,0.224971,-0.614338,0.235578,-0.031671,0.032210,0.012913,0.045172,0.012913,0.211861,0,1
6d_artstein_disc_clean,5.450000,0.696674,1.874739,1.064155,2.770995,2.798664,0.658930,-0.007814,0.225002,-0.617935,0.228922,-0.032266,0.031870,0.012868,0.045352,0.012868,0.211523,0,1
6d_artstein_disc_clean,5.500000,0.675539,1.882458,1.033579,2.782847,2.809873,0.659901,-0.007775,0.225027,-0.621394,0.222261,-0.032873,0.031593,0.012827,0.045593,0.012827,0.211376,0,1
6d_artstein_disc_clean,5.550000,0.654319,1.889938,1.002854,2.794305,2.821087,0.660821,-0.007796,0.225049,-0.624713,0.215588,-0.033481,0.031375,0.012790,0.045884,0.012790,0.211393,0,1
6d_artstein_disc_clean,5.600000,0.633017,1.897179,0.971980,2.805374,2.832304,0.661685,-0.007870,0.225067,-0.627893,0.208901,-0.034086,0.031212,0.012758,0.046217,0.012758,0.211553,0,1
6d_artstein_disc_clean,5.650000,0.611634,1.904181,0.940958,2.816057,2.843525,0.662493,-0.007991,0.225081,-0.630934,0.202195,-0.034679,0.031099,0.012729,0.046581,0.012729,0.211833,0,1
6d_artstein_disc_clean,5.700000,0.590174,1.910941,0.909791,2.826357,2.854750,0.663243,-0.008151,0.225093,-0.633838,0.195466,-0.035258,0.031032,0.012703,0.046969,0.012703,0.212214,0,1
6d_artstein_disc_clean,5.750000,0.568639,1.917459,0.878480,2.836280,2.865977,0.663935,-0.008345,0.225102,-0.636606,0.188713,-0.035816,0.031006,0.012681,0.047372,0.012681,0.212676,0,1
6d_artstein_disc_clean,5.800000,0.547032,1.923735,0.847029,2.845826,2.877208,0.664570,-0.008567,0.225109,-0.639240,0.181932,-0.036351,0.031016,0.012661,0.047785,0.012661,0.213204,0,1
6d_artstein_disc_clean,5.850000,0.525355,1.929767,0.815440,2.855000,2.888441,0.665148,-0.008812,0.225113,-0.641741,0.175122,-0.036860,0.031060,0.012644,0.048201,0.012644,0.213782,0,1
6d_artstein_disc_clean,5.900000,0.503613,1.935555,0.783718,2.863802,2.899676,0.665670,-0.009074,0.225116,-0.644113,0.168280,-0.037341,0.031132,0.012630,0.048616,0.012630,0.214396,0,1
6d_artstein_disc_clean,5.950000,0.481806,1.941098,0.751867,2.872235,2.910914,0.666139,-0.009350,0.225117,-0.646357,0.161407,-0.037793,0.031228,0.012618,0.049026,0.012618,0.215036,0,1
6d_artstein_disc_clean,6.000000,0.459939,1.946396,0.719890,2.880300,2.922154,0.666557,-0.009634,0.225117,-0.648475,0.154501,-0.038214,0.031345,0.012607,0.049425,0.012607,0.215689,0,1
6d_artstein_disc_clean,6.050000,0.438013,1.951447,0.687793,2.887999,2.933395,0.666925,-0.009924,0.225116,-0.650472,0.147561,-0.038605,0.031480,0.012599,0.049813,0.012599,0.216347,0,1
6d_artstein_disc_clean,6.100000,0.416032,1.956251,0.655581,2.895333,2.944639,0.667247,-0.010216,0.225114,-0.652348,0.140587,-0.038964,0.031630,0.012592,0.050186,0.012592,0.217002,0,1
6d_artstein_disc_clean,6.150000,0.393999,1.960807,0.623258,2.902303,2.955883,0.667525,-0.010506,0.225111,-0.654108,0.133580,-0.039292,0.031790,0.012587,0.050542,0.012587,0.217648,0,1
6d_artstein_disc_clean,6.200000,0.371915,1.965116,0.590830,2.908910,2.967129,0.667762,-0.010793,0.225107,-0.655752,0.126539,-0.039590,0.031959,0.012583,0.050880,0.012583,0.218277,0,1
6d_artstein_disc_clean,6.250000,0.349784,1.969175,0.558302,2.915153,2.978376,0.667961,-0.011073,0.225103,-0.657285,0.119465,-0.039859,0.032134,0.012580,0.051199,0.012580,0.218886,0,1
6d_artstein_disc_clean,6.300000,0.327610,1.972986,0.525679,2.921034,2.989624,0.668125,-0.011346,0.225098,-0.658707,0.112358,-0.040099,0.032312,0.012578,0.051498,0.012578,0.219471,0,1
6d_artstein_disc_clean,6.350000,0.305393,1.976546,0.492967,2.926552,3.000873,0.668256,-0.011609,0.225093,-0.660023,0.105220,-0.040312,0.032493,0.012577,0.051777,0.012577,0.220028,0,1
6d_artstein_disc_clean,6.400000,0.283138,1.979857,0.460173,2.931708,3.012123,0.668358,-0.011860,0.225088,-0.661233,0.098051,-0.040498,0.032673,0.012577,0.052035,0.012577,0.220555,0,1
6d_artstein_disc_clean,6.450000,0.260847,1.982917,0.427300,2.936502,3.023374,0.668433,-0.012100,0.225083,-0.662340,0.090853,-0.040661,0.032851,0.012577,0.052273,0.012577,0.221051,0,1
6d_artstein_disc_clean,6.500000,0.238524,1.985726,0.394355,2.940933,3.034625,0.668484,-0.012326,0.225078,-0.663347,0.083626,-0.040799,0.033026,0.012578,0.052491,0.012578,0.221514,0,1
6d_artstein_disc_clean,6.550000,0.216170,1.988283,0.361343,2.945001,3.045876,0.668513,-0.012539,0.225072,-0.664255,0.076372,-0.040917,0.033196,0.012580,0.052689,0.012580,0.221944,0,1
6d_artstein_disc_clean,6.600000,0.193788,1.990589,0.328271,2.948707,3.057128,0.668524,-0.012738,0.225067,-0.665066,0.069092,-0.041014,0.033360,0.012582,0.052868,0.012582,0.222341,0,1
6d_artstein_disc_clean,6.650000,0.171382,1.992644,0.295143,2.952049,3.068380,0.668517,-0.012923,0.225062,-0.665781,0.061789,-0.041093,0.033519,0.012584,0.053029,0.012584,0.222704,0,1
6d_artstein_disc_clean,6.700000,0.148955,1.994445,0.261965,2.955027,3.079632,0.668497,-0.013093,0.225057,-0.666403,0.054462,-0.041155,0.033670,0.012586,0.053173,0.012586,0.223035,0,1
6d_artstein_disc_clean,6.750000,0.126508,1.995995,0.228742,2.957641,3.090885,0.668464,-0.013249,0.225052,-0.666933,0.047114,-0.041201,0.033813,0.012589,0.053300,0.012589,0.223333,0,1
6d_artstein_disc_clean,6.800000,0.104046,1.997292,0.195481,2.959890,3.102138,0.668420,-0.013391,0.225048,-0.667372,0.039747,-0.041234,0.033949,0.012591,0.053411,0.012591,0.223601,0,1
6d_artstein_disc_clean,6.850000,0.081570,1.998336,0.162185,2.961774,3.113390,0.668368,-0.013520,0.225043,-0.667721,0.032362,-0.041254,0.034075,0.012594,0.053508,0.012594,0.223839,0,1
6d_artstein_disc_clean,6.900000,0.059084,1.999127,0.128862,2.963293,3.124643,0.668310,-0.013635,0.225039,-0.667982,0.024960,-0.041264,0.034194,0.012597,0.053590,0.012597,0.224049,0,1
6d_artstein_disc_clean,6.950000,0.036591,1.999665,0.095515,2.964445,3.135896,0.668245,-0.013737,0.225035,-0.668156,0.017544,-0.041264,0.034303,0.012600,0.053660,0.012600,0.224232,0,1
6d_artstein_disc_clean,7.000000,0.014093,1.999950,0.062150,2.965232,-3.136037,0.668177,-0.013827,0.225031,-0.668243,0.010115,-0.041255,0.034404,0.012602,0.053718,0.012602,0.224390,0,1
6d_artstein_disc_clean,7.050000,-0.008407,1.999982,0.028773,2.965651,-3.124784,0.668106,-0.013906,0.225028,-0.668245,0.002674,-0.041239,0.034497,0.012605,0.053765,0.012605,0.224524,0,1
6d_artstein_disc_clean,7.100000,-0.030906,1.999761,-0.004613,2.965702,-3.113531,0.668033,-0.013973,0.225025,-0.668162,-0.004775,-0.041217,0.034581,0.012608,0.053802,0.012608,0.224636,0,1
6d_artstein_disc_clean,7.150000,-0.053401,1.999287,-0.038001,2.965386,-3.102279,0.667959,-0.014031,0.225022,-0.667995,-0.012233,-0.041190,0.034656,0.012610,0.053830,0.012610,0.224727,0,1
6d_artstein_disc_clean,7.200000,-0.075889,1.998560,-0.071387,2.964702,-3.091026,0.667886,-0.014079,0.225019,-0.667744,-0.019698,-0.041158,0.034724,0.012613,0.053850,0.012613,0.224801,0,1
6d_artstein_disc_clean,7.250000,-0.098368,1.997579,-0.104767,2.963649,-3.079774,0.667814,-0.014118,0.225016,-0.667410,-0.027167,-0.041124,0.034785,0.012615,0.053862,0.012615,0.224857,0,1
6d_artstein_disc_clean,7.300000,-0.120834,1.996346,-0.138134,2.962228,-3.068522,0.667743,-0.014148,0.225014,-0.666994,-0.034639,-0.041087,0.034838,0.012617,0.053868,0.012617,0.224898,0,1
6d_artstein_disc_clean,7.350000,-0.143284,1.994861,-0.171485,2.960438,-3.057269,0.667674,-0.014172,0.225012,-0.666495,-0.042112,-0.041048,0.034884,0.012620,0.053868,0.012620,0.224925,0,1
6d_artstein_disc_clean,7.400000,-0.165717,1.993123,-0.204815,2.958278,-3.046017,0.667607,-0.014188,0.225010,-0.665915,-0.049586,-0.041008,0.034924,0.012622,0.053864,0.012622,0.224939,0,1
6d_artstein_disc_clean,7.450000,-0.188129,1.991132,-0.238119,2.955749,-3.034766,0.667544,-0.014199,0.225008,-0.665253,-0.057058,-0.040967,0.034958,0.012623,0.053855,0.012623,0.224943,0,1
6d_artstein_disc_clean,7.500000,-0.210517,1.988890,-0.271393,2.952851,-3.023514,0.667484,-0.014204,0.225007,-0.664509,-0.064528,-0.040927,0.034986,0.012625,0.053842,0.012625,0.224937,0,1
6d_artstein_disc_clean,7.550000,-0.232878,1.986396,-0.304632,2.949584,-3.012262,0.667427,-0.014204,0.225005,-0.663685,-0.071993,-0.040886,0.035009,0.012627,0.053827,0.012627,0.224923,0,1
6d_artstein_disc_clean,7.600000,-0.255210,1.983650,-0.337832,2.945947,-3.001011,0.667374,-0.014200,0.225004,-0.662780,-0.079452,-0.040847,0.035027,0.012628,0.053808,0.012628,0.224902,0,1
6d_artstein_disc_clean,7.650000,-0.277509,1.980654,-0.370988,2.941941,-2.989759,0.667325,-0.014193,0.225003,-0.661794,-0.086904,-0.040808,0.035041,0.012630,0.053788,0.012630,0.224875,0,1
6d_artstein_disc_clean,7.700000,-0.299773,1.977406,-0.404096,2.937566,-2.978508,0.667279,-0.014182,0.225002,-0.660728,-0.094347,-0.040771,0.035051,0.012631,0.053767,0.012631,0.224844,0,1
6d_artstein_disc_clean,7.750000,-0.322000,1.973909,-0.437151,2.932822,-2.967257,0.667237,-0.014169,0.225001,-0.659581,-0.101781,-0.040736,0.035057,0.012632,0.053744,0.012632,0.224808,0,1
6d_artstein_disc_clean,7.800000,-0.344185,1.970162,-0.470150,2.927710,-2.956006,0.667199,-0.014153,0.225000,-0.658353,-0.109204,-0.040702,0.035060,0.012633,0.053720,0.012633,0.224769,0,1
6d_artstein_disc_clean,7.850000,-0.366327,1.966165,-0.503087,2.922229,-2.944755,0.667164,-0.014136,0.225000,-0.657046,-0.116614,-0.040670,0.035060,0.012634,0.053696,0.012634,0.224728,0,1
6d_artstein_disc_clean,7.900000,-0.388423,1.961919,-0.535959,2.916381,-2.933504,0.667133,-0.014117,0.224999,-0.655658,-0.124010,-0.040640,0.035058,0.012635,0.053672,0.012635,0.224686,0,1
6d_artstein_disc_clean,7.950000,-0.410470,1.957426,-0.568762,2.910165,-2.922253,0.667105,-0.014098,0.224999,-0.654190,-0.131392,-0.040613,0.035054,0.012636,0.053649,0.012636,0.224643,0,1
6d_artstein_disc_clean,8.000000,-0.432464,1.952684,-0.601491,2.903583,-2.911002,0.667081,-0.014078,0.224998,-0.652642,-0.138758,-0.040587,0.035048,0.012637,0.053625,0.012637,0.224599,0,1
6d_artstein_disc_clean,8.050000,-0.454404,1.947695,-0.634143,2.896635,-2.899752,0.667060,-0.014057,0.224998,-0.651014,-0.146106,-0.040563,0.035041,0.012637,0.053602,0.012637,0.224555,0,1
6d_artstein_disc_clean,8.100000,-0.476287,1.942460,-0.666712,2.889321,-2.888501,0.667041,-0.014036,0.224998,-0.649306,-0.153437,-0.040541,0.035032,0.012638,0.053580,0.012638,0.224513,0,1
6d_artstein_disc_clean,8.150000,-0.498109,1.936979,-0.699196,2.881642,-2.877251,0.667025,-0.014016,0.224998,-0.647518,-0.160748,-0.040522,0.035022,0.012638,0.053559,0.012638,0.224471,0,1
6d_artstein_disc_clean,8.200000,-0.519868,1.931253,-0.731589,2.873600,-2.866000,0.667012,-0.013995,0.224997,-0.645650,-0.168038,-0.040504,0.035011,0.012639,0.053538,0.012639,0.224430,0,1
6d_artstein_disc_clean,8.250000,-0.541561,1.925282,-0.763888,2.865194,-2.854750,0.667002,-0.013975,0.224997,-0.643703,-0.175307,-0.040488,0.035000,0.012639,0.053519,0.012639,0.224391,0,1
6d_artstein_disc_clean,8.300000,-0.563186,1.919068,-0.796089,2.856427,-2.843500,0.666993,-0.013956,0.224997,-0.641676,-0.182554,-0.040474,0.034988,0.012639,0.053501,0.012639,0.224354,0,1
6d_artstein_disc_clean,8.350000,-0.584739,1.912611,-0.828188,2.847298,-2.832249,0.666986,-0.013937,0.224997,-0.639570,-0.189777,-0.040462,0.034976,0.012640,0.053484,0.012640,0.224319,0,1
6d_artstein_disc_clean,8.400000,-0.606218,1.905912,-0.860181,2.837809,-2.820999,0.666982,-0.013920,0.224997,-0.637385,-0.196975,-0.040452,0.034965,0.012640,0.053468,0.012640,0.224286,0,1
6d_artstein_disc_clean,8.450000,-0.627621,1.898971,-0.892063,2.827961,-2.809749,0.666979,-0.013903,0.224997,-0.635120,-0.204148,-0.040443,0.034953,0.012640,0.053454,0.012640,0.224254,0,1
6d_artstein_disc_clean,8.500000,-0.648944,1.891790,-0.923832,2.817755,-2.798499,0.666977,-0.013887,0.224997,-0.632776,-0.211295,-0.040435,0.034941,0.012640,0.053440,0.012640,0.224226,0,1
6d_artstein_disc_clean,8.550000,-0.670186,1.884370,-0.955482,2.807193,-2.787249,0.666977,-0.013872,0.224998,-0.630354,-0.218414,-0.040429,0.034929,0.012640,0.053428,0.012640,0.224199,0,1
6d_artstein_disc_clean,8.600000,-0.691342,1.876712,-0.987010,2.796275,-2.775999,0.666977,-0.013858,0.224998,-0.627852,-0.225505,-0.040424,0.034918,0.012640,0.053417,0.012640,0.224175,0,1
6d_artstein_disc_clean,8.650000,-0.712411,1.868815,-1.018412,2.785003,-2.764749,0.666979,-0.013845,0.224998,-0.625272,-0.232567,-0.040421,0.034908,0.012640,0.053407,0.012640,0.224152,0,1
6d_artstein_disc_clean,8.700000,-0.733389,1.860683,-1.049685,2.773379,-2.753499,0.666982,-0.013833,0.224998,-0.622615,-0.239598,-0.040418,0.034897,0.012640,0.053399,0.012640,0.224132,0,1
6d_artstein_disc_clean,8.750000,-0.754275,1.852315,-1.080824,2.761403,-2.742249,0.666985,-0.013822,0.224998,-0.619879,-0.246598,-0.040416,0.034888,0.012640,0.053391,0.012640,0.224114,0,1
6d_artstein_disc_clean,8.800000,-0.775065,1.843712,-1.111825,2.749077,-2.730999,0.666989,-0.013813,0.224998,-0.617065,-0.253567,-0.040415,0.034878,0.012640,0.053384,0.012640,0.224098,0,1
6d_artstein_disc_clean,8.850000,-0.795758,1.834876,-1.142685,2.736403,-2.719749,0.666993,-0.013804,0.224998,-0.614173,-0.260502,-0.040415,0.034870,0.012640,0.053378,0.012640,0.224084,0,1
6d_artstein_disc_clean,8.900000,-0.816349,1.825808,-1.173399,2.723383,-2.708499,0.666998,-0.013796,0.224998,-0.611205,-0.267404,-0.040415,0.034862,0.012640,0.053373,0.012640,0.224072,0,1
6d_artstein_disc_clean,8.950000,-0.836838,1.816508,-1.203965,2.710017,-2.697249,0.667003,-0.013789,0.224998,-0.608160,-0.274272,-0.040416,0.034854,0.012640,0.053369,0.012640,0.224061,0,1
6d_artstein_disc_clean,9.000000,-0.857220,1.806979,-1.234377,2.696308,-2.685999,0.667008,-0.013783,0.224999,-0.605038,-0.281104,-0.040417,0.034847,0.012640,0.053366,0.012640,0.224053,0,1
6d_artstein_disc_clean,9.050000,-0.877494,1.797221,-1.264633,2.682257,-2.674749,0.667013,-0.013777,0.224999,-0.601839,-0.287900,-0.040419,0.034841,0.012640,0.053363,0.012640,0.224045,0,1
6d_artstein_disc_clean,9.100000,-0.897657,1.787236,-1.294728,2.667867,-2.663499,0.667019,-0.013773,0.224999,-0.598565,-0.294659,-0.040421,0.034835,0.012640,0.053361,0.012640,0.224039,0,1
6d_artstein_disc_clean,9.150000,-0.917706,1.777025,-1.324659,2.653138,-2.652249,0.667024,-0.013769,0.224999,-0.595215,-0.301380,-0.040424,0.034830,0.012640,0.053359,0.012640,0.224034,0,1
6d_artstein_disc_clean,9.200000,-0.937639,1.766588,-1.354423,2.638074,-2.640999,0.667029,-0.013766,0.224999,-0.591790,-0.308062,-0.040427,0.034825,0.012640,0.053358,0.012640,0.224031,0,1
6d_artstein_disc_clean,9.250000,-0.957453,1.755928,-1.384014,2.622675,-2.629749,0.667034,-0.013763,0.224999,-0.588290,-0.314705,-0.040429,0.034821,0.012640,0.053358,0.012640,0.224028,0,1
6d_artstein_disc_clean,9.300000,-0.977146,1.745046,-1.413430,2.606944,-2.618499,0.667039,-0.013761,0.224999,-0.584716,-0.321307,-0.040432,0.034818,0.012640,0.053358,0.012640,0.224027,0,1
6d_artstein_disc_clean,9.350000,-0.996716,1.733943,-1.442667,2.590882,-2.607249,0.667044,-0.013759,0.224999,-0.581068,-0.327868,-0.040435,0.034815,0.012640,0.053358,0.012640,0.224026,0,1
6d_artstein_disc_clean,9.400000,-1.016159,1.722620,-1.471722,2.574492,-2.595999,0.667049,-0.013758,0.224999,-0.577346,-0.334388,-0.040438,0.034812,0.012640,0.053359,0.012640,0.224026,0,1
6d_artstein_disc_clean,9.450000,-1.035474,1.711080,-1.500589,2.557776,-2.584749,0.667053,-0.013758,0.224999,-0.573551,-0.340864,-0.040441,0.034810,0.012640,0.053359,0.012640,0.224027,0,1
6d_artstein_disc_clean,9.500000,-1.054658,1.699323,-1.529267,2.540736,-2.573499,0.667057,-0.013757,0.224999,-0.569683,-0.347297,-0.040444,0.034808,0.012640,0.053360,0.012640,0.224028,0,1
6d_artstein_disc_clean,9.550000,-1.073708,1.687350,-1.557752,2.523375,-2.562249,0.667061,-0.013758,0.225000,-0.565743,-0.353686,-0.040447,0.034806,0.012640,0.053362,0.012640,0.224030,0,1
6d_artstein_disc_clean,9.600000,-1.092622,1.675165,-1.586039,2.505693,-2.551000,0.667064,-0.013758,0.225000,-0.561732,-0.360030,-0.040450,0.034805,0.012639,0.053363,0.012639,0.224032,0,1
6d_artstein_disc_clean,9.650000,-1.111398,1.662767,-1.614125,2.487694,-2.539750,0.667068,-0.013758,0.225000,-0.557649,-0.366328,-0.040453,0.034804,0.012639,0.053364,0.012639,0.224034,0,1
6d_artstein_disc_clean,9.700000,-1.130034,1.650159,-1.642007,2.469380,-2.528500,0.667071,-0.013759,0.225000,-0.553496,-0.372579,-0.040455,0.034804,0.012639,0.053366,0.012639,0.224037,0,1
6d_artstein_disc_clean,9.750000,-1.148526,1.637342,-1.669681,2.450754,-2.517250,0.667073,-0.013760,0.225000,-0.549272,-0.378783,-0.040458,0.034803,0.012639,0.053368,0.012639,0.224040,0,1
6d_artstein_disc_clean,9.800000,-1.166873,1.624317,-1.697144,2.431816,-2.506000,0.667076,-0.013761,0.225000,-0.544979,-0.384939,-0.040460,0.034803,0.012639,0.053369,0.012639,0.224043,0,1
6d_artstein_disc_clean,9.850000,-1.185072,1.611088,-1.724392,2.412571,-2.494750,0.667078,-0.013763,0.225000,-0.540616,-0.391046,-0.040462,0.034803,0.012639,0.053371,0.012639,0.224046,0,1
6d_artstein_disc_clean,9.900000,-1.203122,1.597654,-1.751422,2.393021,-2.483500,0.667080,-0.013764,0.225000,-0.536185,-0.397103,-0.040464,0.034803,0.012639,0.053372,0.012639,0.224049,0,1
6d_artstein_disc_clean,9.950000,-1.221019,1.584018,-1.778231,2.373167,-2.472250,0.667082,-0.013765,0.225000,-0.531686,-0.403110,-0.040466,0.034803,0.012639,0.053374,0.012639,0.224052,0,1
6d_artstein_disc_clean,10.000000,-1.238761,1.570182,-1.804814,2.353013,-2.461000,0.667084,-0.013767,0.225000,-0.527120,-0.409065,-0.040468,0.034804,0.012639,0.053376,0.012639,0.224055,0,1
6d_artstein_disc_clean,10.050000,-1.256347,1.556146,-1.831169,2.332561,-2.449750,0.667085,-0.013768,0.225000,-0.522487,-0.414969,-0.040469,0.034804,0.012639,0.053377,0.012639,0.224059,0,1
6d_artstein_disc_clean,10.100000,-1.273774,1.541914,-1.857293,2.311814,-2.438500,0.667086,-0.013769,0.225000,-0.517787,-0.420820,-0.040471,0.034805,0.012639,0.053379,0.012639,0.224062,0,1
6d_artstein_disc_clean,10.150000,-1.291040,1.527487,-1.883181,2.290774,-2.427250,0.667087,-0.013771,0.225000,-0.513022,-0.426618,-0.040472,0.034806,0.012639,0.053380,0.012639,0.224065,0,1
6d_artstein_disc_clean,10.200000,-1.308142,1.512867,-1.908831,2.269443,-2.416000,0.667088,-0.013772,0.225000,-0.508191,-0.432362,-0.040473,0.034806,0.012639,0.053381,0.012639,0.224067,0,1
6d_artstein_disc_clean,10.250000,-1.325078,1.498055,-1.934240,2.247826,-2.404750,0.667088,-0.013774,0.225000,-0.503297,-0.438051,-0.040474,0.034807,0.012639,0.053383,0.012639,0.224070,0,1
6d_artstein_disc_clean,10.300000,-1.341847,1.483053,-1.959404,2.225924,-2.393500,0.667089,-0.013775,0.225000,-0.498338,-0.443685,-0.040475,0.034808,0.012639,0.053384,0.012639,0.224073,0,1
6d_artstein_disc_clean,10.350000,-1.358446,1.467864,-1.984320,2.203740,-2.382250,0.667089,-0.013776,0.225000,-0.493316,-0.449262,-0.040476,0.034809,0.012639,0.053385,0.012639,0.224075,0,1
6d_artstein_disc_clean,10.400000,-1.374874,1.452489,-2.008985,2.181278,-2.371000,0.667089,-0.013777,0.225000,-0.488232,-0.454783,-0.040477,0.034810,0.012639,0.053386,0.012639,0.224077,0,1
6d_artstein_disc_clean,10.450000,-1.391127,1.436930,-2.033396,2.158539,-2.359750,0.667089,-0.013779,0.225000,-0.483086,-0.460246,-0.040477,0.034810,0.012639,0.053387,0.012639,0.224079,0,1
6d_artstein_disc_clean,10.500000,-1.407204,1.421189,-2.057549,2.135527,-2.348500,0.667090,-0.013780,0.225000,-0.477878,-0.465651,-0.040478,0.034811,0.012639,0.053388,0.012639,0.224081,0,1
6d_artstein_disc_clean,10.550000,-1.423103,1.405268,-2.081442,2.112244,-2.337250,0.667089,-0.013781,0.225000,-0.472610,-0.470996,-0.040478,0.034812,0.012639,0.053389,0.012639,0.224083,0,1
6d_artstein_disc_clean,10.600000,-1.438822,1.389170,-2.105072,2.088695,-2.326000,0.667089,-0.013782,0.225000,-0.467282,-0.476283,-0.040478,0.034813,0.012639,0.053389,0.012639,0.224085,0,1
6d_artstein_disc_clean,10.650000,-1.454358,1.372895,-2.128436,2.064881,-2.314750,0.667089,-0.013782,0.225000,-0.461895,-0.481509,-0.040479,0.034813,0.012639,0.053390,0.012639,0.224086,0,1
6d_artstein_disc_clean,10.700000,-1.469711,1.356447,-2.151530,2.040805,-2.303500,0.667089,-0.013783,0.225000,-0.456450,-0.486674,-0.040479,0.034814,0.012639,0.053390,0.012639,0.224087,0,1
6d_artstein_disc_clean,10.750000,-1.484878,1.339828,-2.174352,2.016471,-2.292250,0.667089,-0.013784,0.225000,-0.450946,-0.491777,-0.040479,0.034815,0.012639,0.053391,0.012639,0.224089,0,1
6d_artstein_disc_clean,10.800000,-1.499857,1.323038,-2.196898,1.991882,-2.281000,0.667088,-0.013784,0.225000,-0.445386,-0.496818,-0.040479,0.034815,0.012639,0.053391,0.012639,0.224090,0,1
6d_artstein_disc_clean,10.850000,-1.514646,1.306082,-2.219167,1.967041,-2.269750,0.667088,-0.013785,0.225000,-0.439769,-0.501797,-0.040479,0.034816,0.012639,0.053392,0.012639,0.224091,0,1
6d_artstein_disc_clean,10.900000,-1.529243,1.288959,-2.241155,1.941951,-2.258500,0.667088,-0.013786,0.225000,-0.434096,-0.506712,-0.040479,0.034816,0.012639,0.053392,0.012639,0.224091,0,1
6d_artstein_disc_clean,10.950000,-1.543647,1.271674,-2.262859,1.916616,-2.247250,0.667087,-0.013786,0.225000,-0.428368,-0.511563,-0.040479,0.034817,0.012639,0.053392,0.012639,0.224092,0,1
6d_artstein_disc_clean,11.000000,-1.557855,1.254228,-2.284277,1.891037,-2.236000,0.667087,-0.013786,0.225000,-0.422586,-0.516349,-0.040478,0.034817,0.012639,0.053392,0.012639,0.224093,0,1
6d_artstein_disc_clean,11.050000,-1.571866,1.236623,-2.305406,1.865220,-2.224750,0.667086,-0.013787,0.225000,-0.416751,-0.521070,-0.040478,0.034818,0.012639,0.053393,0.012639,0.224093,0,1
6d_artstein_disc_clean,11.100000,-1.585678,1.218862,-2.326244,1.839166,-2.213500,0.667086,-0.013787,0.225000,-0.410862,-0.525724,-0.040478,0.034818,0.012639,0.053393,0.012639,0.224093,0,1
6d_artstein_disc_clean,11.150000,-1.599290,1.200946,-2.346786,1.812880,-2.202250,0.667086,-0.013787,0.225000,-0.404922,-0.530313,-0.040478,0.034819,0.012639,0.053393,0.012639,0.224094,0,1
6d_artstein_disc_clean,11.200000,-1.612699,1.182879,-2.367032,1.786364,-2.191000,0.667085,-0.013787,0.225000,-0.398930,-0.534834,-0.040478,0.034819,0.012639,0.053393,0.012639,0.224094,0,1
6d_artstein_disc_clean,11.250000,-1.625904,1.164661,-2.386979,1.759622,-2.179750,0.667085,-0.013788,0.225000,-0.392888,-0.539288,-0.040477,0.034819,0.012639,0.053393,0.012639,0.224094,0,1
6d_artstein_disc_clean,11.300000,-1.638903,1.146297,-2.406623,1.732657,-2.168500,0.667085,-0.013788,0.225000,-0.386796,-0.543673,-0.040477,0.034819,0.012639,0.053393,0.012639,0.224094,0,1
6d_artstein_disc_clean,11.350000,-1.651695,1.127787,-2.425962,1.705474,-2.157250,0.667084,-0.013788,0.225000,-0.380656,-0.547990,-0.040477,0.034819,0.012639,0.053393,0.012639,0.224094,0,1
6d_artstein_disc_clean,11.400000,-1.664278,1.109134,-2.444995,1.678074,-2.146000,0.667084,-0.013788,0.225000,-0.374467,-0.552237,-0.040477,0.034820,0.012639,0.053393,0.012639,0.224094,0,1
6d_artstein_disc_clean,11.450000,-1.676650,1.090341,-2.463718,1.650462,-2.134750,0.667084,-0.013788,0.225000,-0.368230,-0.556415,-0.040477,0.034820,0.012639,0.053393,0.012639,0.224094,0,1
6d_artstein_disc_clean,11.500000,-1.688810,1.071410,-2.482130,1.622641,-2.123500,0.667083,-0.013788,0.225000,-0.361947,-0.560522,-0.040476,0.034820,0.012639,0.053393,0.012639,0.224094,0,1
6d_artstein_disc_clean,11.550000,-1.700756,1.052344,-2.500227,1.594615,-2.112250,0.667083,-0.013788,0.225000,-0.355619,-0.564558,-0.040476,0.034820,0.012639,0.053392,0.012639,0.224094,0,1
6d_artstein_disc_clean,11.600000,-1.712487,1.033144,-2.518008,1.566387,-2.101000,0.667083,-0.013788,0.225000,-0.349245,-0.568523,-0.040476,0.034820,0.012639,0.053392,0.012639,0.224093,0,1
6d_artstein_disc_clean,11.650000,-1.724002,1.013814,-2.535470,1.537960,-2.089750,0.667083,-0.013788,0.225000,-0.342827,-0.572415,-0.040476,0.034820,0.012639,0.053392,0.012639,0.224093,0,1
6d_artstein_disc_clean,11.700000,-1.735298,0.994355,-2.552611,1.509339,-2.078500,0.667083,-0.013788,0.225000,-0.336365,-0.576236,-0.040476,0.034820,0.012639,0.053392,0.012639,0.224093,0,1
6d_artstein_disc_clean,11.750000,-1.746374,0.974770,-2.569430,1.480527,-2.067250,0.667082,-0.013788,0.225000,-0.329861,-0.579983,-0.040475,0.034820,0.012639,0.053392,0.012639,0.224093,0,1
6d_artstein_disc_clean,11.800000,-1.757230,0.955062,-2.585923,1.451528,-2.056000,0.667082,-0.013788,0.225000,-0.323316,-0.583657,-0.040475,0.034820,0.012639,0.053392,0.012639,0.224092,0,1
6d_artstein_disc_clean,11.850000,-1.767863,0.935233,-2.602088,1.422345,-2.044750,0.667082,-0.013787,0.225000,-0.316729,-0.587257,-0.040475,0.034820,0.012639,0.053392,0.012639,0.224092,0,1
6d_artstein_disc_clean,11.900000,-1.778272,0.915286,-2.617925,1.392982,-2.033500,0.667082,-0.013787,0.225000,-0.310102,-0.590783,-0.040475,0.034820,0.012639,0.053392,0.012639,0.224092,0,1
6d_artstein_disc_clean,11.950000,-1.788456,0.895223,-2.633430,1.363443,-2.022250,0.667082,-0.013787,0.225000,-0.303436,-0.594234,-0.040475,0.034820,0.012639,0.053392,0.012639,0.224092,0,1
6d_artstein_disc_clean,12.000000,-1.798414,0.875047,-2.648602,1.333731,-2.011000,0.667082,-0.013787,0.225000,-0.296732,-0.597610,-0.040475,0.034820,0.012639,0.053391,0.012639,0.224092,0,1
6d_artstein_disc_clean,12.050000,-1.808144,0.854760,-2.663439,1.303850,-1.999750,0.667082,-0.013787,0.225000,-0.289990,-0.600911,-0.040475,0.034820,0.012639,0.053391,0.012639,0.224091,0,1
6d_artstein_disc_clean,12.100000,-1.817646,0.834364,-2.677938,1.273805,-1.988500,0.667082,-0.013787,0.225000,-0.283212,-0.604135,-0.040475,0.034820,0.012639,0.053391,0.012639,0.224091,0,1
6d_artstein_disc_clean,12.150000,-1.826917,0.813864,-2.692099,1.243598,-1.977250,0.667082,-0.013787,0.225000,-0.276397,-0.607283,-0.040475,0.034820,0.012639,0.053391,0.012639,0.224091,0,1
6d_artstein_disc_clean,12.200000,-1.835957,0.793260,-2.705919,1.213234,-1.966000,0.667081,-0.013787,0.225000,-0.269548,-0.610354,-0.040474,0.034820,0.012639,0.053391,0.012639,0.224091,0,1
6d_artstein_disc_clean,12.250000,-1.844765,0.772555,-2.719396,1.182716,-1.954750,0.667081,-0.013787,0.225000,-0.262664,-0.613347,-0.040474,0.034820,0.012639,0.053391,0.012639,0.224091,0,1
6d_artstein_disc_clean,12.300000,-1.853339,0.751753,-2.732529,1.152048,-1.943500,0.667081,-0.013787,0.225000,-0.255748,-0.616264,-0.040474,0.034820,0.012639,0.053391,0.012639,0.224090,0,1
6d_artstein_disc_clean,12.350000,-1.861679,0.730856,-2.745317,1.121235,-1.932250,0.667081,-0.013786,0.225000,-0.248799,-0.619102,-0.040474,0.034820,0.012639,0.053391,0.012639,0.224090,0,1
6d_artstein_disc_clean,12.400000,-1.869783,0.709866,-2.757757,1.090280,-1.921000,0.667081,-0.013786,0.225000,-0.241818,-0.621861,-0.040474,0.034820,0.012639,0.053391,0.012639,0.224090,0,1
6d_artstein_disc_clean,12.450000,-1.877651,0.688787,-2.769848,1.059187,-1.909750,0.667081,-0.013786,0.225000,-0.234807,-0.624543,-0.040474,0.034820,0.012639,0.053391,0.012639,0.224090,0,1
6d_artstein_disc_clean,12.500000,-1.885281,0.667620,-2.781588,1.027960,-1.898500,0.667081,-0.013786,0.225000,-0.227766,-0.627145,-0.040474,0.034820,0.012639,0.053391,0.012639,0.224090,0,1
6d_artstein_disc_clean,12.550000,-1.892672,0.646369,-2.792976,0.996603,-1.887250,0.667081,-0.013786,0.225000,-0.220696,-0.629667,-0.040474,0.034819,0.012639,0.053391,0.012639,0.224090,0,1
6d_artstein_disc_clean,12.600000,-1.899824,0.625036,-2.804011,0.965119,-1.876000,0.667081,-0.013786,0.225000,-0.213599,-0.632110,-0.040474,0.034819,0.012639,0.053391,0.012639,0.224090,0,1
6d_artstein_disc_clean,12.650000,-1.906735,0.603624,-2.814691,0.933514,-1.864750,0.667081,-0.013786,0.225000,-0.206474,-0.634473,-0.040474,0.034819,0.012639,0.053390,0.012639,0.224089,0,1
6d_artstein_disc_clean,12.700000,-1.913405,0.582135,-2.825015,0.901790,-1.853500,0.667081,-0.013786,0.225000,-0.199323,-0.636756,-0.040474,0.034819,0.012639,0.053390,0.012639,0.224089,0,1
6d_artstein_disc_clean,12.750000,-1.919833,0.560573,-2.834981,0.869952,-1.842250,0.667081,-0.013786,0.225000,-0.192147,-0.638958,-0.040474,0.034819,0.012639,0.053390,0.012639,0.224089,0,1
6d_artstein_disc_clean,12.800000,-1.926018,0.538940,-2.844589,0.838004,-1.831000,0.667081,-0.013786,0.225000,-0.184947,-0.641079,-0.040474,0.034819,0.012639,0.053390,0.012639,0.224089,0,1
6d_artstein_disc_clean,12.850000,-1.931959,0.517239,-2.853836,0.805950,-1.819750,0.667082,-0.013786,0.225000,-0.177723,-0.643119,-0.040474,0.034819,0.012639,0.053390,0.012639,0.224089,0,1
6d_artstein_disc_clean,12.900000,-1.937655,0.495472,-2.862722,0.773794,-1.808500,0.667082,-0.013786,0.225000,-0.170477,-0.645078,-0.040474,0.034819,0.012639,0.053390,0.012639,0.224089,0,1
6d_artstein_disc_clean,12.950000,-1.943107,0.473642,-2.871246,0.741540,-1.797250,0.667082,-0.013786,0.225000,-0.163209,-0.646955,-0.040474,0.034819,0.012639,0.053390,0.012639,0.224089,0,1
6d_artstein_disc_clean,13.000000,-1.948312,0.451753,-2.879406,0.709193,-1.786000,0.667082,-0.013786,0.225000,-0.155921,-0.648750,-0.040474,0.034819,0.012639,0.053390,0.012639,0.224089,0,1
6d_artstein_disc_clean,13.050000,-1.953271,0.429806,-2.887203,0.676755,-1.774750,0.667082,-0.013786,0.225000,-0.148613,-0.650463,-0.040474,0.034819,0.012639,0.053390,0.012639,0.224089,0,1
6d_artstein_disc_clean,13.100000,-1.957982,0.407805,-2.894633,0.644232,-1.763500,0.667082,-0.013786,0.225000,-0.141286,-0.652094,-0.040474,0.034819,0.012639,0.053390,0.012639,0.224089,0,1
6d_artstein_disc_clean,13.150000,-1.962446,0.385753,-2.901697,0.611627,-1.752250,0.667082,-0.013786,0.225000,-0.133941,-0.653642,-0.040474,0.034819,0.012639,0.053390,0.012639,0.224089,0,1
6d_artstein_disc_clean,13.200000,-1.966662,0.363651,-2.908395,0.578945,-1.741000,0.667082,-0.013786,0.225000,-0.126579,-0.655107,-0.040474,0.034819,0.012639,0.053390,0.012639,0.224089,0,1
6d_artstein_disc_clean,13.250000,-1.970628,0.341504,-2.914724,0.546190,-1.729750,0.667082,-0.013786,0.225000,-0.119201,-0.656490,-0.040474,0.034819,0.012639,0.053390,0.012639,0.224089,0,1
6d_artstein_disc_clean,13.300000,-1.974345,0.319313,-2.920684,0.513365,-1.718500,0.667082,-0.013786,0.225000,-0.111808,-0.657789,-0.040474,0.034819,0.012639,0.053390,0.012639,0.224089,0,1
6d_artstein_disc_clean,13.350000,-1.977813,0.297082,-2.926274,0.480476,-1.707250,0.667082,-0.013786,0.225000,-0.104401,-0.659006,-0.040474,0.034819,0.012639,0.053390,0.012639,0.224089,0,1
6d_artstein_disc_clean,13.400000,-1.981029,0.274813,-2.931494,0.447526,-1.696000,0.667082,-0.013786,0.225000,-0.096981,-0.660139,-0.040474,0.034819,0.012639,0.053390,0.012639,0.224089,0,1
6d_artstein_disc_clean,13.450000,-1.983996,0.252510,-2.936343,0.414519,-1.684750,0.667082,-0.013786,0.225000,-0.089548,-0.661188,-0.040474,0.034819,0.012639,0.053390,0.012639,0.224089,0,1
6d_artstein_disc_clean,13.500000,-1.986711,0.230174,-2.940821,0.381459,-1.673500,0.667082,-0.013786,0.225000,-0.082104,-0.662153,-0.040474,0.034819,0.012639,0.053390,0.012639,0.224089,0,1
6d_artstein_disc_clean,13.550000,-1.989174,0.207810,-2.944926,0.348352,-1.662250,0.667082,-0.013786,0.225000,-0.074650,-0.663035,-0.040474,0.034819,0.012639,0.053390,0.012639,0.224089,0,1
6d_artstein_disc_clean,13.600000,-1.991386,0.185419,-2.948658,0.315200,-1.651000,0.667082,-0.013786,0.225000,-0.067187,-0.663833,-0.040474,0.034819,0.012639,0.053390,0.012639,0.224089,0,1
6d_artstein_disc_clean,13.650000,-1.993346,0.163004,-2.952018,0.282008,-1.639750,0.667082,-0.013786,0.225000,-0.059714,-0.664547,-0.040474,0.034819,0.012639,0.053390,0.012639,0.224089,0,1
6d_artstein_disc_clean,13.700000,-1.995054,0.140569,-2.955003,0.248781,-1.628500,0.667082,-0.013786,0.225000,-0.052235,-0.665177,-0.040474,0.034819,0.012639,0.053390,0.012639,0.224089,0,1
6d_artstein_disc_clean,13.750000,-1.996509,0.118117,-2.957615,0.215522,-1.617250,0.667082,-0.013786,0.225000,-0.044748,-0.665722,-0.040474,0.034819,0.012639,0.053390,0.012639,0.224089,0,1
6d_artstein_disc_clean,13.800000,-1.997712,0.095649,-2.959853,0.182236,-1.606000,0.667082,-0.013786,0.225000,-0.037256,-0.666183,-0.040474,0.034819,0.012639,0.053390,0.012639,0.224089,0,1
6d_artstein_disc_clean,13.850000,-1.998661,0.073169,-2.961715,0.148927,-1.594750,0.667082,-0.013786,0.225000,-0.029759,-0.666560,-0.040474,0.034819,0.012639,0.053390,0.012639,0.224089,0,1
6d_artstein_disc_clean,13.900000,-1.999358,0.050680,-2.963203,0.115599,-1.583500,0.667082,-0.013786,0.225000,-0.022259,-0.666853,-0.040474,0.034819,0.012639,0.053390,0.012639,0.224089,0,1
6d_artstein_disc_clean,13.950000,-1.999801,0.028184,-2.964316,0.082256,-1.572250,0.667082,-0.013786,0.225000,-0.014756,-0.667061,-0.040474,0.034819,0.012639,0.053390,0.012639,0.224089,0,1
6d_artstein_disc_clean,14.000000,-1.999992,0.005685,-2.965054,0.048903,-1.561000,0.667082,-0.013786,0.225000,-0.007250,-0.667185,-0.040474,0.034819,0.012639,0.053390,0.012639,0.224089,0,1
6d_artstein_disc_clean,14.050000,-1.999929,-0.016814,-2.965417,0.015544,-1.549750,0.667082,-0.013786,0.225000,0.000256,-0.667224,-0.040474,0.034819,0.012639,0.053390,0.012639,0.224089,0,1
6d_artstein_disc_clean,14.100000,-1.999614,-0.039312,-2.965404,-0.017817,-1.538500,0.667082,-0.013786,0.225000,0.007762,-0.667179,-0.040474,0.034819,0.012639,0.053390,0.012639,0.224089,0,1
6d_artstein_disc_clean,14.150000,-1.999045,-0.061805,-2.965016,-0.051176,-1.527250,0.667082,-0.013786,0.225000,0.015267,-0.667050,-0.040474,0.034819,0.012639,0.053390,0.012639,0.224089,0,1
6d_artstein_disc_clean,14.200000,-1.998223,-0.084290,-2.964252,-0.084529,-1.516000,0.667082,-0.013786,0.225000,0.022770,-0.666836,-0.040474,0.034819,0.012639,0.053390,0.012639,0.224089,0,1
6d_artstein_disc_clean,14.250000,-1.997148,-0.106764,-2.963114,-0.117870,-1.504750,0.667082,-0.013786,0.225000,0.030270,-0.666537,-0.040474,0.034819,0.012639,0.053390,0.012639,0.224089,0,1
6d_artstein_disc_clean,14.300000,-1.995821,-0.129225,-2.961600,-0.151197,-1.493500,0.667082,-0.013786,0.225000,0.037767,-0.666155,-0.040474,0.034819,0.012639,0.053390,0.012639,0.224089,0,1
6d_artstein_disc_clean,14.350000,-1.994241,-0.151669,-2.959712,-0.184505,-1.482250,0.667082,-0.013786,0.225000,0.045259,-0.665688,-0.040474,0.034819,0.012639,0.053390,0.012639,0.224089,0,1
6d_artstein_disc_clean,14.400000,-1.992408,-0.174094,-2.957449,-0.217789,-1.471000,0.667082,-0.013786,0.225000,0.052745,-0.665136,-0.040474,0.034819,0.012639,0.053390,0.012639,0.224089,0,1
6d_artstein_disc_clean,14.450000,-1.990324,-0.196497,-2.954812,-0.251046,-1.459750,0.667082,-0.013786,0.225000,0.060224,-0.664501,-0.040474,0.034819,0.012639,0.053390,0.012639,0.224089,0,1
6d_artstein_disc_clean,14.500000,-1.987987,-0.218875,-2.951801,-0.284271,-1.448500,0.667082,-0.013786,0.225000,0.067696,-0.663781,-0.040474,0.034819,0.012639,0.053390,0.012639,0.224089,0,1
6d_artstein_disc_clean,14.550000,-1.985399,-0.241226,-2.948416,-0.317460,-1.437250,0.667082,-0.013786,0.225000,0.075159,-0.662978,-0.040474,0.034819,0.012639,0.053390,0.012639,0.224089,0,1
6d_artstein_disc_clean,14.600000,-1.982560,-0.263546,-2.944658,-0.350609,-1.426000,0.667082,-0.013786,0.225000,0.082612,-0.662090,-0.040474,0.034819,0.012639,0.053390,0.012639,0.224089,0,1
6d_artstein_disc_clean,14.650000,-1.979470,-0.285833,-2.940527,-0.383714,-1.414750,0.667082,-0.013786,0.225000,0.090055,-0.661119,-0.040474,0.034819,0.012639,0.053390,0.012639,0.224089,0,1
6d_artstein_disc_clean,14.700000,-1.976129,-0.308083,-2.936024,-0.416770,-1.403500,0.667082,-0.013786,0.225000,0.097487,-0.660064,-0.040474,0.034819,0.012639,0.053390,0.012639,0.224089,0,1
6d_artstein_disc_clean,14.750000,-1.972538,-0.330295,-2.931150,-0.449773,-1.392250,0.667082,-0.013786,0.225000,0.104906,-0.658926,-0.040474,0.034819,0.012639,0.053390,0.012639,0.224089,0,1
6d_artstein_disc_clean,14.800000,-1.968697,-0.352464,-2.925905,-0.482719,-1.381000,0.667082,-0.013786,0.225000,0.112313,-0.657704,-0.040474,0.034819,0.012639,0.053390,0.012639,0.224089,0,1
6d_artstein_disc_clean,14.850000,-1.964608,-0.374589,-2.920289,-0.515604,-1.369750,0.667082,-0.013786,0.225000,0.119704,-0.656399,-0.040474,0.034819,0.012639,0.053390,0.012639,0.224089,0,1
6d_artstein_disc_clean,14.900000,-1.960269,-0.396667,-2.914304,-0.548424,-1.358500,0.667082,-0.013786,0.225000,0.127081,-0.655010,-0.040474,0.034819,0.012639,0.053390,0.012639,0.224089,0,1
6d_artstein_disc_clean,14.950000,-1.955683,-0.418694,-2.907950,-0.581175,-1.347250,0.667082,-0.013786,0.225000,0.134442,-0.653539,-0.040474,0.034819,0.012639,0.053390,0.012639,0.224089,0,1
6d_artstein_disc_clean,15.000000,-1.950849,-0.440669,-2.901228,-0.613852,-1.336000,0.667082,-0.013786,0.225000,0.141786,-0.651986,-0.040474,0.034819,0.012639,0.053390,0.012639,0.224089,0,1
6d_artstein_disc_clean,15.050000,-1.945768,-0.462588,-2.894138,-0.646451,-1.324750,0.667082,-0.013786,0.225000,0.149111,-0.650349,-0.040474,0.034819,0.012639,0.053390,0.012639,0.224089,0,1
6d_artstein_disc_clean,15.100000,-1.940441,-0.484448,-2.886683,-0.678969,-1.313500,0.667082,-0.013786,0.225000,0.156418,-0.648631,-0.040474,0.034819,0.012639,0.053390,0.012639,0.224089,0,1
6d_artstein_disc_clean,15.150000,-1.934868,-0.506247,-2.878862,-0.711400,-1.302250,0.667082,-0.013786,0.225000,0.163705,-0.646830,-0.040474,0.034819,0.012639,0.053390,0.012639,0.224089,0,1
6d_artstein_disc_clean,15.200000,-1.929050,-0.527981,-2.870677,-0.743742,-1.291000,0.667082,-0.013786,0.225000,0.170971,-0.644947,-0.040474,0.034819,0.012639,0.053390,0.012639,0.224089,0,1
6d_artstein_disc_clean,15.250000,-1.922989,-0.549649,-2.862128,-0.775989,-1.279750,0.667082,-0.013786,0.225000,0.178216,-0.642983,-0.040474,0.034819,0.012639,0.053390,0.012639,0.224089,0,1
6d_artstein_disc_clean,15.300000,-1.916684,-0.571248,-2.853217,-0.808138,-1.268500,0.667082,-0.013786,0.225000,0.185438,-0.640938,-0.040474,0.034819,0.012639,0.053390,0.012639,0.224089,0,1
6d_artstein_disc_clean,15.350000,-1.910136,-0.592774,-2.843945,-0.840185,-1.257250,0.667082,-0.013786,0.225000,0.192637,-0.638811,-0.040474,0.034819,0.012639,0.053390,0.012639,0.224089,0,1
6d_artstein_disc_clean,15.400000,-1.903346,-0.614225,-2.834314,-0.872126,-1.246000,0.667082,-0.013786,0.225000,0.199811,-0.636603,-0.040474,0.034819,0.012639,0.053390,0.012639,0.224089,0,1
6d_artstein_disc_clean,15.450000,-1.896316,-0.635598,-2.824323,-0.903956,-1.234750,0.667082,-0.013786,0.225000,0.206960,-0.634315,-0.040474,0.034819,0.012639,0.053390,0.012639,0.224089,0,1
6d_artstein_disc_clean,15.500000,-1.889046,-0.656891,-2.813975,-0.935671,-1.223500,0.667082,-0.013786,0.225000,0.214083,-0.631947,-0.040474,0.034819,0.012639,0.053390,0.012639,0.224089,0,1
6d_artstein_disc_clean,15.550000,-1.881536,-0.678101,-2.803271,-0.967269,-1.212250,0.667082,-0.013786,0.225000,0.221179,-0.629498,-0.040474,0.034819,0.012639,0.053390,0.012639,0.224089,0,1
6d_artstein_disc_clean,15.600000,-1.873789,-0.699225,-2.792212,-0.998744,-1.201000,0.667082,-0.013786,0.225000,0.228246,-0.626970,-0.040474,0.034819,0.012639,0.053390,0.012639,0.224089,0,1
6d_artstein_disc_clean,15.650000,-1.865804,-0.720260,-2.780800,-1.030092,-1.189750,0.667082,-0.013786,0.225000,0.235285,-0.624363,-0.040474,0.034819,0.012639,0.053390,0.012639,0.224089,0,1
6d_artstein_disc_clean,15.700000,-1.857583,-0.741204,-2.769035,-1.061310,-1.178500,0.667082,-0.013786,0.225000,0.242294,-0.621677,-0.040474,0.034819,0.012639,0.053390,0.012639,0.224089,0,1
6d_artstein_disc_clean,15.750000,-1.849127,-0.762055,-2.756921,-1.092394,-1.167250,0.667082,-0.013786,0.225000,0.249273,-0.618912,-0.040474,0.034819,0.012639,0.053390,0.012639,0.224089,0,1
6d_artstein_disc_clean,15.800000,-1.840437,-0.782809,-2.744457,-1.123340,-1.156000,0.667082,-0.013786,0.225000,0.256220,-0.616068,-0.040474,0.034819,0.012639,0.053390,0.012639,0.224089,0,1
6d_artstein_disc_clean,15.850000,-1.831515,-0.803464,-2.731646,-1.154143,-1.144750,0.667082,-0.013786,0.225000,0.263134,-0.613147,-0.040474,0.034819,0.012639,0.053390,0.012639,0.224089,0,1
6d_artstein_disc_clean,15.900000,-1.822360,-0.824017,-2.718489,-1.184801,-1.133500,0.667082,-0.013786,0.225000,0.270015,-0.610148,-0.040474,0.034819,0.012639,0.053390,0.012639,0.224089,0,1
6d_artstein_disc_clean,15.950000,-1.812975,-0.844466,-2.704989,-1.215308,-1.122250,0.667082,-0.013786,0.225000,0.276862,-0.607071,-0.040474,0.034819,0.012639,0.053390,0.012639,0.224089,0,1
6d_artstein_disc_clean,16.000000,-1.803360,-0.864808,-2.691145,-1.245661,-1.111000,0.667082,-0.013786,0.225000,0.283674,-0.603918,-0.040474,0.034819,0.012639,0.053390,0.012639,0.224089,0,1
6d_artstein_disc_clean,16.050000,-1.793517,-0.885041,-2.676962,-1.275857,-1.099750,0.667082,-0.013786,0.225000,0.290450,-0.600689,-0.040474,0.034819,0.012639,0.053390,0.012639,0.224089,0,1
6d_artstein_disc_clean,16.100000,-1.783447,-0.905162,-2.662439,-1.305892,-1.088500,0.667082,-0.013786,0.225000,0.297189,-0.597383,-0.040474,0.034819,0.012639,0.053390,0.012639,0.224089,0,1
6d_artstein_disc_clean,16.150000,-1.773151,-0.925168,-2.647580,-1.335761,-1.077250,0.667082,-0.013786,0.225000,0.303891,-0.594002,-0.040474,0.034819,0.012639,0.053390,0.012639,0.224089,0,1
6d_artstein_disc_clean,16.200000,-1.762631,-0.945057,-2.632385,-1.365461,-1.066000,0.667082,-0.013786,0.225000,0.310554,-0.590546,-0.040474,0.034819,0.012639,0.053390,0.012639,0.224089,0,1
6d_artstein_disc_clean,16.250000,-1.751888,-0.964826,-2.616858,-1.394988,-1.054750,0.667082,-0.013786,0.225000,0.317178,-0.587015,-0.040474,0.034819,0.012639,0.053390,0.012639,0.224089,0,1
6d_artstein_disc_clean,16.300000,-1.740923,-0.984473,-2.600999,-1.424339,-1.043500,0.667082,-0.013786,0.225000,0.323761,-0.583410,-0.040474,0.034819,0.012639,0.053390,0.012639,0.224089,0,1
6d_artstein_disc_clean,16.350000,-1.729738,-1.003996,-2.584811,-1.453510,-1.032250,0.667082,-0.013786,0.225000,0.330304,-0.579731,-0.040474,0.034819,0.012639,0.053390,0.012639,0.224089,0,1
6d_artstein_disc_clean,16.400000,-1.718333,-1.023391,-2.568295,-1.482496,-1.021000,0.667082,-0.013786,0.225000,0.336805,-0.575978,-0.040474,0.034819,0.012639,0.053390,0.012639,0.224089,0,1
6d_artstein_disc_clean,16.450000,-1.706712,-1.042658,-2.551455,-1.511295,-1.009750,0.667082,-0.013786,0.225000,0.343263,-0.572153,-0.040474,0.034819,0.012639,0.053390,0.012639,0.224089,0,1
6d_artstein_disc_clean,16.500000,-1.694874,-1.061792,-2.534292,-1.539903,-0.998500,0.667082,-0.013786,0.225000,0.349678,-0.568255,-0.040474,0.034819,0.012639,0.053390,0.012639,0.224089,0,1
6d_artstein_disc_clean,16.550000,-1.682822,-1.080791,-2.516808,-1.568315,-0.987250,0.667082,-0.013786,0.225000,0.356049,-0.564285,-0.040474,0.034819,0.012639,0.053390,0.012639,0.224089,0,1
6d_artstein_disc_clean,16.600000,-1.670557,-1.099654,-2.499006,-1.596530,-0.976000,0.667082,-0.013786,0.225000,0.362374,-0.560244,-0.040474,0.034819,0.012639,0.053390,0.012639,0.224089,0,1
6d_artstein_disc_clean,16.650000,-1.658080,-1.118378,-2.480887,-1.624542,-0.964750,0.667082,-0.013786,0.225000,0.368654,-0.556132,-0.040474,0.034819,0.012639,0.053390,0.012639,0.224089,0,1
6d_artstein_disc_clean,16.700000,-1.645394,-1.136960,-2.462454,-1.652349,-0.953500,0.667082,-0.013786,0.225000,0.374887,-0.551949,-0.040474,0.034819,0.012639,0.053390,0.012639,0.224089,0,1
6d_artstein_disc_clean,16.750000,-1.632499,-1.155399,-2.443710,-1.679946,-0.942250,0.667082,-0.013786,0.225000,0.381073,-0.547697,-0.040474,0.034819,0.012639,0.053390,0.012639,0.224089,0,1
6d_artstein_disc_clean,16.800000,-1.619398,-1.173691,-2.424656,-1.707331,-0.931000,0.667082,-0.013786,0.225000,0.387210,-0.543375,-0.040474,0.034819,0.012639,0.053390,0.012639,0.224089,0,1
6d_artstein_disc_clean,16.850000,-1.606092,-1.191834,-2.405296,-1.734500,-0.919750,0.667082,-0.013786,0.225000,0.393298,-0.538985,-0.040474,0.034819,0.012639,0.053390,0.012639,0.224089,0,1
6d_artstein_disc_clean,16.900000,-1.592582,-1.209827,-2.385631,-1.761449,-0.908500,0.667082,-0.013786,0.225000,0.399337,-0.534526,-0.040474,0.034819,0.012639,0.053390,0.012639,0.224089,0,1
6d_artstein_disc_clean,16.950000,-1.578871,-1.227667,-2.365664,-1.788175,-0.897250,0.667082,-0.013786,0.225000,0.405325,-0.530000,-0.040474,0.034819,0.012639,0.053390,0.012639,0.224089,0,1
6d_artstein_disc_clean,17.000000,-1.564960,-1.245351,-2.345398,-1.814675,-0.886000,0.667082,-0.013786,0.225000,0.411262,-0.525407,-0.040474,0.034819,0.012639,0.053390,0.012639,0.224089,0,1
6d_artstein_disc_clean,17.050000,-1.550851,-1.262878,-2.324835,-1.840945,-0.874750,0.667082,-0.013786,0.225000,0.417146,-0.520747,-0.040474,0.034819,0.012639,0.053390,0.012639,0.224089,0,1
6d_artstein_disc_clean,17.100000,-1.536546,-1.280244,-2.303977,-1.866983,-0.863500,0.667082,-0.013786,0.225000,0.422978,-0.516021,-0.040474,0.034819,0.012639,0.053390,0.012639,0.224089,0,1
6d_artstein_disc_clean,17.150000,-1.522046,-1.297449,-2.282828,-1.892784,-0.852250,0.667082,-0.013786,0.225000,0.428757,-0.511230,-0.040474,0.034819,0.012639,0.053390,0.012639,0.224089,0,1
6d_artstein_disc_clean,17.200000,-1.507354,-1.314490,-2.261391,-1.918345,-0.841000,0.667082,-0.013786,0.225000,0.434481,-0.506374,-0.040474,0.034819,0.012639,0.053390,0.012639,0.224089,0,1
6d_artstein_disc_clean,17.250000,-1.492471,-1.331364,-2.239667,-1.943664,-0.829750,0.667082,-0.013786,0.225000,0.440150,-0.501454,-0.040474,0.034819,0.012639,0.053390,0.012639,0.224089,0,1
6d_artstein_disc_clean,17.300000,-1.477399,-1.348070,-2.217659,-1.968737,-0.818500,0.667082,-0.013786,0.225000,0.445763,-0.496471,-0.040474,0.034819,0.012639,0.053390,0.012639,0.224089,0,1
6d_artstein_disc_clean,17.350000,-1.462140,-1.364605,-2.195371,-1.993560,-0.807250,0.667082,-0.013786,0.225000,0.451320,-0.491425,-0.040474,0.034819,0.012639,0.053390,0.012639,0.224089,0,1
6d_artstein_disc_clean,17.400000,-1.446696,-1.380967,-2.172805,-2.018132,-0.796000,0.667082,-0.013786,0.225000,0.456820,-0.486317,-0.040474,0.034819,0.012639,0.053390,0.012639,0.224089,0,1
6d_artstein_disc_clean,17.450000,-1.431069,-1.397155,-2.149964,-2.042447,-0.784750,0.667082,-0.013786,0.225000,0.462262,-0.481147,-0.040474,0.034819,0.012639,0.053390,0.012639,0.224089,0,1
6d_artstein_disc_clean,17.500000,-1.415261,-1.413166,-2.126851,-2.066505,-0.773500,0.667082,-0.013786,0.225000,0.467646,-0.475916,-0.040474,0.034819,0.012639,0.053390,0.012639,0.224089,0,1
6d_artstein_disc_clean,17.550000,-1.399274,-1.428997,-2.103469,-2.090301,-0.762250,0.667082,-0.013786,0.225000,0.472970,-0.470625,-0.040474,0.034819,0.012639,0.053390,0.012639,0.224089,0,1
6d_artstein_disc_clean,17.600000,-1.383109,-1.444648,-2.079820,-2.113832,-0.751000,0.667082,-0.013786,0.225000,0.478234,-0.465274,-0.040474,0.034819,0.012639,0.053390,0.012639,0.224089,0,1
6d_artstein_disc_clean,17.650000,-1.366770,-1.460117,-2.055908,-2.137096,-0.739750,0.667082,-0.013786,0.225000,0.483438,-0.459865,-0.040474,0.034819,0.012639,0.053390,0.012639,0.224089,0,1
6d_artstein_disc_clean,17.700000,-1.350257,-1.475400,-2.031736,-2.160089,-0.728500,0.667082,-0.013786,0.225000,0.488581,-0.454397,-0.040474,0.034819,0.012639,0.053390,0.012639,0.224089,0,1
6d_artstein_disc_clean,17.750000,-1.333574,-1.490497,-2.007307,-2.182809,-0.717250,0.667082,-0.013786,0.225000,0.493662,-0.448872,-0.040474,0.034819,0.012639,0.053390,0.012639,0.224089,0,1
6d_artstein_disc_clean,17.800000,-1.316722,-1.505405,-1.982624,-2.205252,-0.706000,0.667082,-0.013786,0.225000,0.498681,-0.443290,-0.040474,0.034819,0.012639,0.053390,0.012639,0.224089,0,1
6d_artstein_disc_clean,17.850000,-1.299703,-1.520122,-1.957690,-2.227417,-0.694750,0.667082,-0.013786,0.225000,0.503636,-0.437652,-0.040474,0.034819,0.012639,0.053390,0.012639,0.224089,0,1
6d_artstein_disc_clean,17.900000,-1.282520,-1.534648,-1.932508,-2.249299,-0.683500,0.667082,-0.013786,0.225000,0.508527,-0.431958,-0.040474,0.034819,0.012639,0.053390,0.012639,0.224089,0,1
6d_artstein_disc_clean,17.950000,-1.265174,-1.548979,-1.907082,-2.270897,-0.672250,0.667082,-0.013786,0.225000,0.513355,-0.426210,-0.040474,0.034819,0.012639,0.053390,0.012639,0.224089,0,1
6d_artstein_disc_clean,18.000000,-1.247668,-1.563113,-1.881414,-2.292208,-0.661000,0.667082,-0.013786,0.225000,0.518117,-0.420408,-0.040474,0.034819,0.012639,0.053390,0.012639,0.224089,0,1
6d_artstein_disc_clean,18.050000,-1.230005,-1.577051,-1.855508,-2.313228,-0.649750,0.667082,-0.013786,0.225000,0.522814,-0.414553,-0.040474,0.034819,0.012639,0.053390,0.012639,0.224089,0,1
6d_artstein_disc_clean,18.100000,-1.212185,-1.590788,-1.829368,-2.333956,-0.638500,0.667082,-0.013786,0.225000,0.527444,-0.408645,-0.040474,0.034819,0.012639,0.053390,0.012639,0.224089,0,1
6d_artstein_disc_clean,18.150000,-1.194213,-1.604324,-1.802996,-2.354388,-0.627250,0.667082,-0.013786,0.225000,0.532008,-0.402686,-0.040474,0.034819,0.012639,0.053390,0.012639,0.224089,0,1
6d_artstein_disc_clean,18.200000,-1.176089,-1.617657,-1.776395,-2.374522,-0.616000,0.667082,-0.013786,0.225000,0.536505,-0.396675,-0.040474,0.034819,0.012639,0.053390,0.012639,0.224089,0,1
6d_artstein_disc_clean,18.250000,-1.157816,-1.630786,-1.749570,-2.394356,-0.604750,0.667082,-0.013786,0.225000,0.540933,-0.390615,-0.040474,0.034819,0.012639,0.053390,0.012639,0.224089,0,1
6d_artstein_disc_clean,18.300000,-1.139397,-1.643708,-1.722523,-2.413887,-0.593500,0.667082,-0.013786,0.225000,0.545293,-0.384505,-0.040474,0.034819,0.012639,0.053390,0.012639,0.224089,0,1
6d_artstein_disc_clean,18.350000,-1.120834,-1.656421,-1.695259,-2.433112,-0.582250,0.667082,-0.013786,0.225000,0.549584,-0.378346,-0.040474,0.034819,0.012639,0.053390,0.012639,0.224089,0,1
6d_artstein_disc_clean,18.400000,-1.102128,-1.668926,-1.667779,-2.452029,-0.571000,0.667082,-0.013786,0.225000,0.553806,-0.372139,-0.040474,0.034819,0.012639,0.053390,0.012639,0.224089,0,1
6d_artstein_disc_clean,18.450000,-1.083284,-1.681219,-1.640089,-2.470636,-0.559750,0.667082,-0.013786,0.225000,0.557957,-0.365885,-0.040474,0.034819,0.012639,0.053390,0.012639,0.224089,0,1
6d_artstein_disc_clean,18.500000,-1.064302,-1.693299,-1.612191,-2.488931,-0.548500,0.667082,-0.013786,0.225000,0.562038,-0.359585,-0.040474,0.034819,0.012639,0.053390,0.012639,0.224089,0,1
6d_artstein_disc_clean,18.550000,-1.045185,-1.705165,-1.584089,-2.506910,-0.537250,0.667082,-0.013786,0.225000,0.566048,-0.353240,-0.040474,0.034819,0.012639,0.053390,0.012639,0.224089,0,1
6d_artstein_disc_clean,18.600000,-1.025936,-1.716815,-1.555787,-2.524572,-0.526000,0.667082,-0.013786,0.225000,0.569986,-0.346850,-0.040474,0.034819,0.012639,0.053390,0.012639,0.224089,0,1
6d_artstein_disc_clean,18.650000,-1.006558,-1.728248,-1.527288,-2.541914,-0.514750,0.667082,-0.013786,0.225000,0.573852,-0.340415,-0.040474,0.034819,0.012639,0.053390,0.012639,0.224089,0,1
6d_artstein_disc_clean,18.700000,-0.987052,-1.739462,-1.498595,-2.558935,-0.503500,0.667082,-0.013786,0.225000,0.577645,-0.333938,-0.040474,0.034819,0.012639,0.053390,0.012639,0.224089,0,1
6d_artstein_disc_clean,18.750000,-0.967421,-1.750456,-1.469713,-2.575632,-0.492250,0.667082,-0.013786,0.225000,0.581365,-0.327419,-0.040474,0.034819,0.012639,0.053390,0.012639,0.224089,0,1
6d_artstein_disc_clean,18.800000,-0.947667,-1.761229,-1.440645,-2.592003,-0.481000,0.667082,-0.013786,0.225000,0.585012,-0.320858,-0.040474,0.034819,0.012639,0.053390,0.012639,0.224089,0,1
6d_artstein_disc_clean,18.850000,-0.927794,-1.771778,-1.411394,-2.608046,-0.469750,0.667082,-0.013786,0.225000,0.588584,-0.314256,-0.040474,0.034819,0.012639,0.053390,0.012639,0.224089,0,1
6d_artstein_disc_clean,18.900000,-0.907803,-1.782104,-1.381965,-2.623759,-0.458500,0.667082,-0.013786,0.225000,0.592082,-0.307615,-0.040474,0.034819,0.012639,0.053390,0.012639,0.224089,0,1
6d_artstein_disc_clean,18.950000,-0.887697,-1.792204,-1.352361,-2.639139,-0.447250,0.667082,-0.013786,0.225000,0.595505,-0.300935,-0.040474,0.034819,0.012639,0.053390,0.012639,0.224089,0,1
6d_artstein_disc_clean,19.000000,-0.867479,-1.802077,-1.322585,-2.654186,-0.436000,0.667082,-0.013786,0.225000,0.598853,-0.294216,-0.040474,0.034819,0.012639,0.053390,0.012639,0.224089,0,1
6d_artstein_disc_clean,19.050000,-0.847151,-1.811721,-1.292643,-2.668897,-0.424750,0.667082,-0.013786,0.225000,0.602125,-0.287461,-0.040474,0.034819,0.012639,0.053390,0.012639,0.224089,0,1
6d_artstein_disc_clean,19.100000,-0.826716,-1.821137,-1.262537,-2.683270,-0.413500,0.667082,-0.013786,0.225000,0.605321,-0.280669,-0.040474,0.034819,0.012639,0.053390,0.012639,0.224089,0,1
6d_artstein_disc_clean,19.150000,-0.806177,-1.830322,-1.232270,-2.697303,-0.402250,0.667082,-0.013786,0.225000,0.608440,-0.273841,-0.040474,0.034819,0.012639,0.053390,0.012639,0.224089,0,1
6d_artstein_disc_clean,19.200000,-0.785535,-1.839276,-1.201848,-2.710996,-0.391000,0.667082,-0.013786,0.225000,0.611482,-0.266979,-0.040474,0.034819,0.012639,0.053390,0.012639,0.224089,0,1
6d_artstein_disc_clean,19.250000,-0.764794,-1.847996,-1.171274,-2.724344,-0.379750,0.667082,-0.013786,0.225000,0.614447,-0.260083,-0.040474,0.034819,0.012639,0.053390,0.012639,0.224089,0,1
6d_artstein_disc_clean,19.300000,-0.743956,-1.856483,-1.140552,-2.737349,-0.368500,0.667082,-0.013786,0.225000,0.617334,-0.253154,-0.040474,0.034819,0.012639,0.053390,0.012639,0.224089,0,1
6d_artstein_disc_clean,19.350000,-0.723024,-1.864735,-1.109685,-2.750006,-0.357250,0.667082,-0.013786,0.225000,0.620143,-0.246193,-0.040474,0.034819,0.012639,0.053390,0.012639,0.224089,0,1
6d_artstein_disc_clean,19.400000,-0.702000,-1.872751,-1.078678,-2.762316,-0.346000,0.667082,-0.013786,0.225000,0.622873,-0.239201,-0.040474,0.034819,0.012639,0.053390,0.012639,0.224089,0,1
6d_artstein_disc_clean,19.450000,-0.680888,-1.880530,-1.047535,-2.774276,-0.334750,0.667082,-0.013786,0.225000,0.625525,-0.232179,-0.040474,0.034819,0.012639,0.053390,0.012639,0.224089,0,1
6d_artstein_disc_clean,19.500000,-0.659689,-1.888070,-1.016258,-2.785885,-0.323500,0.667082,-0.013786,0.225000,0.628097,-0.225127,-0.040474,0.034819,0.012639,0.053390,0.012639,0.224089,0,1
6d_artstein_disc_clean,19.550000,-0.638407,-1.895372,-0.984853,-2.797141,-0.312250,0.667082,-0.013786,0.225000,0.630590,-0.218047,-0.040474,0.034819,0.012639,0.053390,0.012639,0.224089,0,1
6d_artstein_disc_clean,19.600000,-0.617044,-1.902434,-0.953324,-2.808044,-0.301000,0.667082,-0.013786,0.225000,0.633003,-0.210939,-0.040474,0.034819,0.012639,0.053390,0.012639,0.224089,0,1
6d_artstein_disc_clean,19.650000,-0.595603,-1.909256,-0.921674,-2.818591,-0.289750,0.667082,-0.013786,0.225000,0.635336,-0.203805,-0.040474,0.034819,0.012639,0.053390,0.012639,0.224089,0,1
6d_artstein_disc_clean,19.700000,-0.574087,-1.915835,-0.889907,-2.828781,-0.278500,0.667082,-0.013786,0.225000,0.637589,-0.196645,-0.040474,0.034819,0.012639,0.053390,0.012639,0.224089,0,1
6d_artstein_disc_clean,19.750000,-0.552498,-1.922172,-0.858028,-2.838613,-0.267250,0.667082,-0.013786,0.225000,0.639760,-0.189460,-0.040474,0.034819,0.012639,0.053390,0.012639,0.224089,0,1
6d_artstein_disc_clean,19.800000,-0.530839,-1.928266,-0.826040,-2.848086,-0.256000,0.667082,-0.013786,0.225000,0.641851,-0.182250,-0.040474,0.034819,0.012639,0.053390,0.012639,0.224089,0,1
6d_artstein_disc_clean,19.850000,-0.509113,-1.934116,-0.793947,-2.857199,-0.244750,0.667082,-0.013786,0.225000,0.643861,-0.175018,-0.040474,0.034819,0.012639,0.053390,0.012639,0.224089,0,1
6d_artstein_disc_clean,19.900000,-0.487322,-1.939721,-0.761754,-2.865950,-0.233500,0.667082,-0.013786,0.225000,0.645789,-0.167764,-0.040474,0.034819,0.012639,0.053390,0.012639,0.224089,0,1
6d_artstein_disc_clean,19.950000,-0.465470,-1.945080,-0.729464,-2.874338,-0.222250,0.667082,-0.013786,0.225000,0.647636,-0.160488,-0.040474,0.034819,0.012639,0.053390,0.012639,0.224089,0,1
6d_artstein_disc_clean,20.000000,-0.443559,-1.950194,-0.697083,-2.882362,-0.211000,0.667082,-0.013786,0.225000,0.649400,-0.153192,-0.040474,0.034819,0.012639,0.053390,0.012639,0.224089,0,1
6d_artstein_disc_clean,20.050000,-0.421592,-1.955060,-0.664613,-2.890022,-0.199750,0.667082,-0.013786,0.225000,0.651082,-0.145877,-0.040474,0.034819,0.012639,0.053390,0.012639,0.224089,0,1
6d_artstein_disc_clean,20.100000,-0.399571,-1.959679,-0.632059,-2.897316,-0.188500,0.667082,-0.013786,0.225000,0.652682,-0.138543,-0.040474,0.034819,0.012639,0.053390,0.012639,0.224089,0,1
6d_artstein_disc_clean,20.150000,-0.377500,-1.964050,-0.599424,-2.904243,-0.177250,0.667082,-0.013786,0.225000,0.654200,-0.131192,-0.040474,0.034819,0.012639,0.053390,0.012639,0.224089,0,1
6d_artstein_disc_clean,20.200000,-0.355381,-1.968173,-0.566714,-2.910802,-0.166000,0.667082,-0.013786,0.225000,0.655634,-0.123824,-0.040474,0.034819,0.012639,0.053390,0.012639,0.224089,0,1
6d_artstein_disc_clean,20.250000,-0.333217,-1.972046,-0.533933,-2.916994,-0.154750,0.667082,-0.013786,0.225000,0.656985,-0.116441,-0.040474,0.034819,0.012639,0.053390,0.012639,0.224089,0,1
6d_artstein_disc_clean,20.300000,-0.311011,-1.975670,-0.501083,-2.922816,-0.143500,0.667082,-0.013786,0.225000,0.658254,-0.109042,-0.040474,0.034819,0.012639,0.053390,0.012639,0.224089,0,1
6d_artstein_disc_clean,20.350000,-0.288765,-1.979044,-0.468171,-2.928268,-0.132250,0.667082,-0.013786,0.225000,0.659439,-0.101630,-0.040474,0.034819,0.012639,0.053390,0.012639,0.224089,0,1
6d_artstein_disc_clean,20.400000,-0.266483,-1.982167,-0.435199,-2.933349,-0.121000,0.667082,-0.013786,0.225000,0.660540,-0.094205,-0.040474,0.034819,0.012639,0.053390,0.012639,0.224089,0,1
6d_artstein_disc_clean,20.450000,-0.244167,-1.985040,-0.402172,-2.938060,-0.109750,0.667082,-0.013786,0.225000,0.661558,-0.086768,-0.040474,0.034819,0.012639,0.053390,0.012639,0.224089,0,1
6d_artstein_disc_clean,20.500000,-0.221821,-1.987661,-0.369094,-2.942398,-0.098500,0.667082,-0.013786,0.225000,0.662493,-0.079320,-0.040474,0.034819,0.012639,0.053390,0.012639,0.224089,0,1
6d_artstein_disc_clean,20.550000,-0.199446,-1.990030,-0.335969,-2.946364,-0.087250,0.667082,-0.013786,0.225000,0.663343,-0.071863,-0.040474,0.034819,0.012639,0.053390,0.012639,0.224089,0,1
6d_artstein_disc_clean,20.600000,-0.177046,-1.992148,-0.302802,-2.949957,-0.076000,0.667082,-0.013786,0.225000,0.664110,-0.064396,-0.040474,0.034819,0.012639,0.053390,0.012639,0.224089,0,1
6d_artstein_disc_clean,20.650000,-0.154624,-1.994014,-0.269597,-2.953177,-0.064750,0.667082,-0.013786,0.225000,0.664792,-0.056920,-0.040474,0.034819,0.012639,0.053390,0.012639,0.224089,0,1
6d_artstein_disc_clean,20.700000,-0.132182,-1.995627,-0.236357,-2.956023,-0.053500,0.667082,-0.013786,0.225000,0.665390,-0.049438,-0.040474,0.034819,0.012639,0.053390,0.012639,0.224089,0,1
6d_artstein_disc_clean,20.750000,-0.109723,-1.996988,-0.203088,-2.958495,-0.042250,0.667082,-0.013786,0.225000,0.665904,-0.041949,-0.040474,0.034819,0.012639,0.053390,0.012639,0.224089,0,1
6d_artstein_disc_clean,20.800000,-0.087250,-1.998096,-0.169792,-2.960592,-0.031000,0.667082,-0.013786,0.225000,0.666334,-0.034456,-0.040474,0.034819,0.012639,0.053390,0.012639,0.224089,0,1
6d_artstein_disc_clean,20.850000,-0.064767,-1.998951,-0.136476,-2.962315,-0.019750,0.667082,-0.013786,0.225000,0.666680,-0.026957,-0.040474,0.034819,0.012639,0.053390,0.012639,0.224089,0,1
6d_artstein_disc_clean,20.900000,-0.042275,-1.999553,-0.103142,-2.963663,-0.008500,0.667082,-0.013786,0.225000,0.666941,-0.019456,-0.040474,0.034819,0.012639,0.053390,0.012639,0.224089,0,1
6d_artstein_disc_clean,20.950000,-0.019778,-1.999902,-0.069795,-2.964636,0.002750,0.667082,-0.013786,0.225000,0.667117,-0.011951,-0.040474,0.034819,0.012639,0.053390,0.012639,0.224089,0,1
6d_artstein_disc_clean,21.000000,0.002722,-1.999998,-0.036439,-2.965233,0.014000,0.667082,-0.013786,0.225000,0.667210,-0.004446,-0.040474,0.034819,0.012639,0.053390,0.012639,0.224089,0,1
6d_artstein_disc_clean,21.050000,0.025221,-1.999841,-0.003078,-2.965456,0.025250,0.667082,-0.013786,0.225000,0.667217,0.003061,-0.040474,0.034819,0.012639,0.053390,0.012639,0.224089,0,1
6d_artstein_disc_clean,21.100000,0.047718,-1.999431,0.030283,-2.965303,0.036500,0.667082,-0.013786,0.225000,0.667141,0.010566,-0.040474,0.034819,0.012639,0.053390,0.012639,0.224089,0,1
6d_artstein_disc_clean,21.150000,0.070208,-1.998767,0.063640,-2.964774,0.047750,0.667082,-0.013786,0.225000,0.666980,0.018071,-0.040474,0.034819,0.012639,0.053390,0.012639,0.224089,0,1
6d_artstein_disc_clean,21.200000,0.092689,-1.997851,0.096989,-2.963871,0.059000,0.667082,-0.013786,0.225000,0.666734,0.025573,-0.040474,0.034819,0.012639,0.053390,0.012639,0.224089,0,1
6d_artstein_disc_clean,21.250000,0.115158,-1.996682,0.130325,-2.962592,0.070250,0.667082,-0.013786,0.225000,0.666404,0.033072,-0.040474,0.034819,0.012639,0.053390,0.012639,0.224089,0,1
6d_artstein_disc_clean,21.300000,0.137613,-1.995260,0.163646,-2.960938,0.081500,0.667082,-0.013786,0.225000,0.665990,0.040567,-0.040474,0.034819,0.012639,0.053390,0.012639,0.224089,0,1
6d_artstein_disc_clean,21.350000,0.160051,-1.993586,0.196945,-2.958910,0.092750,0.667082,-0.013786,0.225000,0.665491,0.048057,-0.040474,0.034819,0.012639,0.053390,0.012639,0.224089,0,1
6d_artstein_disc_clean,21.400000,0.182468,-1.991659,0.230220,-2.956507,0.104000,0.667082,-0.013786,0.225000,0.664909,0.055540,-0.040474,0.034819,0.012639,0.053390,0.012639,0.224089,0,1
6d_artstein_disc_clean,21.450000,0.204862,-1.989480,0.263465,-2.953730,0.115250,0.667082,-0.013786,0.225000,0.664242,0.063017,-0.040474,0.034819,0.012639,0.053390,0.012639,0.224089,0,1
6d_artstein_disc_clean,21.500000,0.227230,-1.987050,0.296677,-2.950579,0.126500,0.667082,-0.013786,0.225000,0.663491,0.070485,-0.040474,0.034819,0.012639,0.053390,0.012639,0.224089,0,1
6d_artstein_disc_clean,21.550000,0.249570,-1.984368,0.329852,-2.947055,0.137750,0.667082,-0.013786,0.225000,0.662656,0.077945,-0.040474,0.034819,0.012639,0.053390,0.012639,0.224089,0,1
6d_artstein_disc_clean,21.600000,0.271878,-1.981434,0.362984,-2.943158,0.149000,0.667082,-0.013786,0.225000,0.661737,0.085395,-0.040474,0.034819,0.012639,0.053390,0.012639,0.224089,0,1
6d_artstein_disc_clean,21.650000,0.294151,-1.978251,0.396071,-2.938888,0.160250,0.667082,-0.013786,0.225000,0.660735,0.092834,-0.040474,0.034819,0.012639,0.053390,0.012639,0.224089,0,1
6d_artstein_disc_clean,21.700000,0.316387,-1.974816,0.429108,-2.934247,0.171500,0.667082,-0.013786,0.225000,0.659648,0.100261,-0.040474,0.034819,0.012639,0.053390,0.012639,0.224089,0,1
6d_artstein_disc_clean,21.750000,0.338584,-1.971132,0.462091,-2.929233,0.182750,0.667082,-0.013786,0.225000,0.658479,0.107675,-0.040474,0.034819,0.012639,0.053390,0.012639,0.224089,0,1
6d_artstein_disc_clean,21.800000,0.360737,-1.967198,0.495014,-2.923850,0.194000,0.667082,-0.013786,0.225000,0.657226,0.115076,-0.040474,0.034819,0.012639,0.053390,0.012639,0.224089,0,1
6d_artstein_disc_clean,21.850000,0.382845,-1.963016,0.527876,-2.918096,0.205250,0.667082,-0.013786,0.225000,0.655890,0.122463,-0.040474,0.034819,0.012639,0.053390,0.012639,0.224089,0,1
6d_artstein_disc_clean,21.900000,0.404904,-1.958584,0.560670,-2.911973,0.216500,0.667082,-0.013786,0.225000,0.654470,0.129834,-0.040474,0.034819,0.012639,0.053390,0.012639,0.224089,0,1
6d_artstein_disc_clean,21.950000,0.426912,-1.953905,0.593394,-2.905481,0.227750,0.667082,-0.013786,0.225000,0.652968,0.137188,-0.040474,0.034819,0.012639,0.053390,0.012639,0.224089,0,1
6d_artstein_disc_clean,22.000000,0.448866,-1.948979,0.626042,-2.898622,0.239000,0.667082,-0.013786,0.225000,0.651384,0.144525,-0.040474,0.034819,0.012639,0.053390,0.012639,0.224089,0,1
6d_artstein_disc_clean,22.050000,0.470763,-1.943806,0.658611,-2.891395,0.250250,0.667082,-0.013786,0.225000,0.649717,0.151844,-0.040474,0.034819,0.012639,0.053390,0.012639,0.224089,0,1
6d_artstein_disc_clean,22.100000,0.492600,-1.938387,0.691097,-2.883803,0.261500,0.667082,-0.013786,0.225000,0.647967,0.159143,-0.040474,0.034819,0.012639,0.053390,0.012639,0.224089,0,1
6d_artstein_disc_clean,22.150000,0.514376,-1.932723,0.723496,-2.875846,0.272750,0.667082,-0.013786,0.225000,0.646136,0.166423,-0.040474,0.034819,0.012639,0.053390,0.012639,0.224089,0,1
6d_artstein_disc_clean,22.200000,0.536086,-1.926814,0.755802,-2.867525,0.284000,0.667082,-0.013786,0.225000,0.644223,0.173681,-0.040474,0.034819,0.012639,0.053390,0.012639,0.224089,0,1
6d_artstein_disc_clean,22.250000,0.557728,-1.920661,0.788014,-2.858841,0.295250,0.667082,-0.013786,0.225000,0.642228,0.180917,-0.040474,0.034819,0.012639,0.053390,0.012639,0.224089,0,1
6d_artstein_disc_clean,22.300000,0.579300,-1.914265,0.820125,-2.849795,0.306500,0.667082,-0.013786,0.225000,0.640152,0.188131,-0.040474,0.034819,0.012639,0.053390,0.012639,0.224089,0,1
6d_artstein_disc_clean,22.350000,0.600798,-1.907627,0.852133,-2.840388,0.317750,0.667082,-0.013786,0.225000,0.637995,0.195321,-0.040474,0.034819,0.012639,0.053390,0.012639,0.224089,0,1
6d_artstein_disc_clean,22.400000,0.622220,-1.900748,0.884032,-2.830622,0.329000,0.667082,-0.013786,0.225000,0.635758,0.202486,-0.040474,0.034819,0.012639,0.053390,0.012639,0.224089,0,1
6d_artstein_disc_clean,22.450000,0.643564,-1.893628,0.915820,-2.820498,0.340250,0.667082,-0.013786,0.225000,0.633440,0.209625,-0.040474,0.034819,0.012639,0.053390,0.012639,0.224089,0,1
6d_artstein_disc_clean,22.500000,0.664826,-1.886268,0.947492,-2.810017,0.351500,0.667082,-0.013786,0.225000,0.631041,0.216738,-0.040474,0.034819,0.012639,0.053390,0.012639,0.224089,0,1
6d_artstein_disc_clean,22.550000,0.686004,-1.878669,0.979044,-2.799180,0.362750,0.667082,-0.013786,0.225000,0.628563,0.223823,-0.040474,0.034819,0.012639,0.053390,0.012639,0.224089,0,1
6d_artstein_disc_clean,22.600000,0.707095,-1.870833,1.010472,-2.787989,0.374000,0.667082,-0.013786,0.225000,0.626005,0.230880,-0.040474,0.034819,0.012639,0.053390,0.012639,0.224089,0,1
6d_artstein_disc_clean,22.650000,0.728097,-1.862760,1.041773,-2.776445,0.385250,0.667082,-0.013786,0.225000,0.623368,0.237908,-0.040474,0.034819,0.012639,0.053390,0.012639,0.224089,0,1
6d_artstein_disc_clean,22.700000,0.749007,-1.854451,1.072941,-2.764549,0.396500,0.667082,-0.013786,0.225000,0.620653,0.244906,-0.040474,0.034819,0.012639,0.053390,0.012639,0.224089,0,1
6d_artstein_disc_clean,22.750000,0.769821,-1.845908,1.103974,-2.752304,0.407750,0.667082,-0.013786,0.225000,0.617858,0.251872,-0.040474,0.034819,0.012639,0.053390,0.012639,0.224089,0,1
6d_artstein_disc_clean,22.800000,0.790539,-1.837131,1.134867,-2.739711,0.419000,0.667082,-0.013786,0.225000,0.614986,0.258807,-0.040474,0.034819,0.012639,0.053390,0.012639,0.224089,0,1
6d_artstein_disc_clean,22.850000,0.811156,-1.828121,1.165616,-2.726770,0.430250,0.667082,-0.013786,0.225000,0.612035,0.265709,-0.040474,0.034819,0.012639,0.053390,0.012639,0.224089,0,1
6d_artstein_disc_clean,22.900000,0.831670,-1.818880,1.196218,-2.713485,0.441500,0.667082,-0.013786,0.225000,0.609007,0.272578,-0.040474,0.034819,0.012639,0.053390,0.012639,0.224089,0,1
6d_artstein_disc_clean,22.950000,0.852080,-1.809409,1.226668,-2.699856,0.452750,0.667082,-0.013786,0.225000,0.605902,0.279411,-0.040474,0.034819,0.012639,0.053390,0.012639,0.224089,0,1
6d_artstein_disc_clean,23.000000,0.872381,-1.799709,1.256963,-2.685885,0.464000,0.667082,-0.013786,0.225000,0.602721,0.286210,-0.040474,0.034819,0.012639,0.053390,0.012639,0.224089,0,1
6d_artstein_disc_clean,23.050000,0.892572,-1.789781,1.287099,-2.671575,0.475250,0.667082,-0.013786,0.225000,0.599463,0.292972,-0.040474,0.034819,0.012639,0.053390,0.012639,0.224089,0,1
6d_artstein_disc_clean,23.100000,0.912651,-1.779626,1.317072,-2.656926,0.486500,0.667082,-0.013786,0.225000,0.596129,0.299698,-0.040474,0.034819,0.012639,0.053390,0.012639,0.224089,0,1
6d_artstein_disc_clean,23.150000,0.932613,-1.769246,1.346879,-2.641941,0.497750,0.667082,-0.013786,0.225000,0.592720,0.306385,-0.040474,0.034819,0.012639,0.053390,0.012639,0.224089,0,1
6d_artstein_disc_clean,23.200000,0.952458,-1.758643,1.376515,-2.626622,0.509000,0.667082,-0.013786,0.225000,0.589235,0.313034,-0.040474,0.034819,0.012639,0.053390,0.012639,0.224089,0,1
6d_artstein_disc_clean,23.250000,0.972182,-1.747817,1.405977,-2.610970,0.520250,0.667082,-0.013786,0.225000,0.585677,0.319643,-0.040474,0.034819,0.012639,0.053390,0.012639,0.224089,0,1
6d_artstein_disc_clean,23.300000,0.991783,-1.736769,1.435260,-2.594988,0.531500,0.667082,-0.013786,0.225000,0.582044,0.326211,-0.040474,0.034819,0.012639,0.053390,0.012639,0.224089,0,1
6d_artstein_disc_clean,23.350000,1.011258,-1.725502,1.464363,-2.578678,0.542750,0.667082,-0.013786,0.225000,0.578337,0.332738,-0.040474,0.034819,0.012639,0.053390,0.012639,0.224089,0,1
6d_artstein_disc_clean,23.400000,1.030606,-1.714016,1.493279,-2.562041,0.554000,0.667082,-0.013786,0.225000,0.574557,0.339223,-0.040474,0.034819,0.012639,0.053390,0.012639,0.224089,0,1
6d_artstein_disc_clean,23.450000,1.049823,-1.702314,1.522007,-2.545080,0.565250,0.667082,-0.013786,0.225000,0.570705,0.345665,-0.040474,0.034819,0.012639,0.053390,0.012639,0.224089,0,1
6d_artstein_disc_clean,23.500000,1.068907,-1.690396,1.550542,-2.527796,0.576500,0.667082,-0.013786,0.225000,0.566780,0.352064,-0.040474,0.034819,0.012639,0.053390,0.012639,0.224089,0,1
6d_artstein_disc_clean,23.550000,1.087856,-1.678264,1.578881,-2.510193,0.587750,0.667082,-0.013786,0.225000,0.562783,0.358418,-0.040474,0.034819,0.012639,0.053390,0.012639,0.224089,0,1
6d_artstein_disc_clean,23.600000,1.106667,-1.665920,1.607021,-2.492272,0.599000,0.667082,-0.013786,0.225000,0.558716,0.364726,-0.040474,0.034819,0.012639,0.053390,0.012639,0.224089,0,1
6d_artstein_disc_clean,23.650000,1.125338,-1.653364,1.634956,-2.474036,0.610250,0.667082,-0.013786,0.225000,0.554577,0.370989,-0.040474,0.034819,0.012639,0.053390,0.012639,0.224089,0,1
6d_artstein_disc_clean,23.700000,1.143867,-1.640600,1.662685,-2.455487,0.621500,0.667082,-0.013786,0.225000,0.550369,0.377204,-0.040474,0.034819,0.012639,0.053390,0.012639,0.224089,0,1
6d_artstein_disc_clean,23.750000,1.162251,-1.627628,1.690204,-2.436626,0.632750,0.667082,-0.013786,0.225000,0.546090,0.383372,-0.040474,0.034819,0.012639,0.053390,0.012639,0.224089,0,1
6d_artstein_disc_clean,23.800000,1.180488,-1.614450,1.717508,-2.417458,0.644000,0.667082,-0.013786,0.225000,0.541743,0.389491,-0.040474,0.034819,0.012639,0.053390,0.012639,0.224089,0,1
6d_artstein_disc_clean,23.850000,1.198575,-1.601067,1.744595,-2.397983,0.655250,0.667082,-0.013786,0.225000,0.537327,0.395561,-0.040474,0.034819,0.012639,0.053390,0.012639,0.224089,0,1
6d_artstein_disc_clean,23.900000,1.216511,-1.587482,1.771462,-2.378205,0.666500,0.667082,-0.013786,0.225000,0.532843,0.401580,-0.040474,0.034819,0.012639,0.053390,0.012639,0.224089,0,1
6d_artstein_disc_clean,23.950000,1.234293,-1.573697,1.798104,-2.358126,0.677750,0.667082,-0.013786,0.225000,0.528292,0.407549,-0.040474,0.034819,0.012639,0.053390,0.012639,0.224089,0,1
6d_artstein_disc_clean,24.000000,1.251919,-1.559711,1.824518,-2.337749,0.689000,0.667082,-0.013786,0.225000,0.523673,0.413467,-0.040474,0.034819,0.012639,0.053390,0.012639,0.224089,0,1
6d_artstein_disc_clean,24.050000,1.269386,-1.545529,1.850702,-2.317075,0.700250,0.667082,-0.013786,0.225000,0.518989,0.419332,-0.040474,0.034819,0.012639,0.053390,0.012639,0.224089,0,1
6d_artstein_disc_clean,24.100000,1.286692,-1.531151,1.876651,-2.296109,0.711500,0.667082,-0.013786,0.225000,0.514238,0.425144,-0.040474,0.034819,0.012639,0.053390,0.012639,0.224089,0,1
6d_artstein_disc_clean,24.150000,1.303836,-1.516579,1.902363,-2.274852,0.722750,0.667082,-0.013786,0.225000,0.509423,0.430902,-0.040474,0.034819,0.012639,0.053390,0.012639,0.224089,0,1
6d_artstein_disc_clean,24.200000,1.320815,-1.501815,1.927835,-2.253307,0.734000,0.667082,-0.013786,0.225000,0.504543,0.436605,-0.040474,0.034819,0.012639,0.053390,0.012639,0.224089,0,1
6d_artstein_disc_clean,24.250000,1.337626,-1.486861,1.953062,-2.231476,0.745250,0.667082,-0.013786,0.225000,0.499600,0.442254,-0.040474,0.034819,0.012639,0.053390,0.012639,0.224089,0,1
6d_artstein_disc_clean,24.300000,1.354268,-1.471719,1.978042,-2.209364,0.756500,0.667082,-0.013786,0.225000,0.494593,0.447846,-0.040474,0.034819,0.012639,0.053390,0.012639,0.224089,0,1
6d_artstein_disc_clean,24.350000,1.370739,-1.456391,2.002771,-2.186971,0.767750,0.667082,-0.013786,0.225000,0.489523,0.453382,-0.040474,0.034819,0.012639,0.053390,0.012639,0.224089,0,1
6d_artstein_disc_clean,24.400000,1.387036,-1.440878,2.027248,-2.164302,0.779000,0.667082,-0.013786,0.225000,0.484392,0.458860,-0.040474,0.034819,0.012639,0.053390,0.012639,0.224089,0,1
6d_artstein_disc_clean,24.450000,1.403158,-1.425183,2.051467,-2.141359,0.790250,0.667082,-0.013786,0.225000,0.479199,0.464280,-0.040474,0.034819,0.012639,0.053390,0.012639,0.224089,0,1
6d_artstein_disc_clean,24.500000,1.419102,-1.409308,2.075427,-2.118145,0.801500,0.667082,-0.013786,0.225000,0.473946,0.469642,-0.040474,0.034819,0.012639,0.053390,0.012639,0.224089,0,1
6d_artstein_disc_clean,24.550000,1.434867,-1.393254,2.099124,-2.094663,0.812750,0.667082,-0.013786,0.225000,0.468633,0.474944,-0.040474,0.034819,0.012639,0.053390,0.012639,0.224089,0,1
6d_artstein_disc_clean,24.600000,1.450450,-1.377024,2.122556,-2.070916,0.824000,0.667082,-0.013786,0.225000,0.463260,0.480186,-0.040474,0.034819,0.012639,0.053390,0.012639,0.224089,0,1
6d_artstein_disc_clean,24.650000,1.465849,-1.360620,2.145719,-2.046907,0.835250,0.667082,-0.013786,0.225000,0.457829,0.485367,-0.040474,0.034819,0.012639,0.053390,0.012639,0.224089,0,1
6d_artstein_disc_clean,24.700000,1.481063,-1.344043,2.168610,-2.022638,0.846500,0.667082,-0.013786,0.225000,0.452339,0.490487,-0.040474,0.034819,0.012639,0.053390,0.012639,0.224089,0,1
6d_artstein_disc_clean,24.750000,1.496090,-1.327296,2.191227,-1.998114,0.857750,0.667082,-0.013786,0.225000,0.446793,0.495545,-0.040474,0.034819,0.012639,0.053390,0.012639,0.224089,0,1
6d_artstein_disc_clean,24.800000,1.510927,-1.310382,2.213567,-1.973337,0.869000,0.667082,-0.013786,0.225000,0.441190,0.500540,-0.040474,0.034819,0.012639,0.053390,0.012639,0.224089,0,1
6d_artstein_disc_clean,24.850000,1.525573,-1.293301,2.235627,-1.948310,0.880250,0.667082,-0.013786,0.225000,0.435531,0.505471,-0.040474,0.034819,0.012639,0.053390,0.012639,0.224089,0,1
6d_artstein_disc_clean,24.900000,1.540025,-1.276057,2.257403,-1.923036,0.891500,0.667082,-0.013786,0.225000,0.429817,0.510339,-0.040474,0.034819,0.012639,0.053390,0.012639,0.224089,0,1
6d_artstein_disc_clean,24.950000,1.554283,-1.258652,2.278894,-1.897519,0.902750,0.667082,-0.013786,0.225000,0.424049,0.515142,-0.040474,0.034819,0.012639,0.053390,0.012639,0.224089,0,1
6d_artstein_disc_clean,25.000000,1.568344,-1.241087,2.300096,-1.871762,0.914000,0.667082,-0.013786,0.225000,0.418227,0.519880,-0.040474,0.034819,0.012639,0.053390,0.012639,0.224089,0,1
6d_artstein_disc_clean,25.050000,1.582207,-1.223364,2.321008,-1.845768,0.925250,0.667082,-0.013786,0.225000,0.412352,0.524552,-0.040474,0.034819,0.012639,0.053390,0.012639,0.224089,0,1
6d_artstein_disc_clean,25.100000,1.595870,-1.205488,2.341625,-1.819540,0.936500,0.667082,-0.013786,0.225000,0.406424,0.529157,-0.040474,0.034819,0.012639,0.053390,0.012639,0.224089,0,1
6d_artstein_disc_clean,25.150000,1.609330,-1.187458,2.361947,-1.793083,0.947750,0.667082,-0.013786,0.225000,0.400446,0.533696,-0.040474,0.034819,0.012639,0.053390,0.012639,0.224089,0,1
6d_artstein_disc_clean,25.200000,1.622587,-1.169278,2.381969,-1.766398,0.959000,0.667082,-0.013786,0.225000,0.394416,0.538167,-0.040474,0.034819,0.012639,0.053390,0.012639,0.224089,0,1
6d_artstein_disc_clean,25.250000,1.635638,-1.150951,2.401690,-1.739489,0.970250,0.667082,-0.013786,0.225000,0.388337,0.542570,-0.040474,0.034819,0.012639,0.053390,0.012639,0.224089,0,1
6d_artstein_disc_clean,25.300000,1.648483,-1.132477,2.421106,-1.712361,0.981500,0.667082,-0.013786,0.225000,0.382209,0.546905,-0.040474,0.034819,0.012639,0.053390,0.012639,0.224089,0,1
6d_artstein_disc_clean,25.350000,1.661118,-1.113861,2.440217,-1.685016,0.992750,0.667082,-0.013786,0.225000,0.376032,0.551170,-0.040474,0.034819,0.012639,0.053390,0.012639,0.224089,0,1
6d_artstein_disc_clean,25.400000,1.673544,-1.095103,2.459019,-1.657457,1.004000,0.667082,-0.013786,0.225000,0.369808,0.555365,-0.040474,0.034819,0.012639,0.053390,0.012639,0.224089,0,1
6d_artstein_disc_clean,25.450000,1.685758,-1.076207,2.477509,-1.629689,1.015250,0.667082,-0.013786,0.225000,0.363537,0.559490,-0.040474,0.034819,0.012639,0.053390,0.012639,0.224089,0,1
6d_artstein_disc_clean,25.500000,1.697758,-1.057174,2.495686,-1.601714,1.026500,0.667082,-0.013786,0.225000,0.357220,0.563545,-0.040474,0.034819,0.012639,0.053390,0.012639,0.224089,0,1
6d_artstein_disc_clean,25.550000,1.709544,-1.038008,2.513547,-1.573537,1.037750,0.667082,-0.013786,0.225000,0.350857,0.567528,-0.040474,0.034819,0.012639,0.053390,0.012639,0.224089,0,1
6d_artstein_disc_clean,25.600000,1.721113,-1.018710,2.531090,-1.545161,1.049000,0.667082,-0.013786,0.225000,0.344450,0.571439,-0.040474,0.034819,0.012639,0.053390,0.012639,0.224089,0,1
6d_artstein_disc_clean,25.650000,1.732464,-0.999284,2.548312,-1.516589,1.060250,0.667082,-0.013786,0.225000,0.338000,0.575278,-0.040474,0.034819,0.012639,0.053390,0.012639,0.224089,0,1
6d_artstein_disc_clean,25.700000,1.743596,-0.979731,2.565212,-1.487825,1.071500,0.667082,-0.013786,0.225000,0.331507,0.579044,-0.040474,0.034819,0.012639,0.053390,0.012639,0.224089,0,1
6d_artstein_disc_clean,25.750000,1.754508,-0.960054,2.581787,-1.458873,1.082750,0.667082,-0.013786,0.225000,0.324972,0.582736,-0.040474,0.034819,0.012639,0.053390,0.012639,0.224089,0,1
6d_artstein_disc_clean,25.800000,1.765197,-0.940255,2.598036,-1.429736,1.094000,0.667082,-0.013786,0.225000,0.318396,0.586355,-0.040474,0.034819,0.012639,0.053390,0.012639,0.224089,0,1
6d_artstein_disc_clean,25.850000,1.775663,-0.920338,2.613956,-1.400418,1.105250,0.667082,-0.013786,0.225000,0.311779,0.589900,-0.040474,0.034819,0.012639,0.053390,0.012639,0.224089,0,1
6d_artstein_disc_clean,25.900000,1.785904,-0.900304,2.629545,-1.370923,1.116500,0.667082,-0.013786,0.225000,0.305123,0.593370,-0.040474,0.034819,0.012639,0.053390,0.012639,0.224089,0,1
6d_artstein_disc_clean,25.950000,1.795919,-0.880156,2.644801,-1.341255,1.127750,0.667082,-0.013786,0.225000,0.298429,0.596765,-0.040474,0.034819,0.012639,0.053390,0.012639,0.224089,0,1
6d_artstein_disc_clean,26.000000,1.805707,-0.859896,2.659722,-1.311416,1.139000,0.667082,-0.013786,0.225000,0.291696,0.600085,-0.040474,0.034819,0.012639,0.053390,0.012639,0.224089,0,1
6d_artstein_disc_clean,26.050000,1.815267,-0.839528,2.674307,-1.281412,1.150250,0.667082,-0.013786,0.225000,0.284927,0.603328,-0.040474,0.034819,0.012639,0.053390,0.012639,0.224089,0,1
6d_artstein_disc_clean,26.100000,1.824596,-0.819054,2.688554,-1.251246,1.161500,0.667082,-0.013786,0.225000,0.278122,0.606495,-0.040474,0.034819,0.012639,0.053390,0.012639,0.224089,0,1
6d_artstein_disc_clean,26.150000,1.833695,-0.798475,2.702460,-1.220921,1.172750,0.667082,-0.013786,0.225000,0.271281,0.609586,-0.040474,0.034819,0.012639,0.053390,0.012639,0.224089,0,1
6d_artstein_disc_clean,26.200000,1.842561,-0.777796,2.716024,-1.190442,1.184000,0.667082,-0.013786,0.225000,0.264406,0.612599,-0.040474,0.034819,0.012639,0.053390,0.012639,0.224089,0,1
6d_artstein_disc_clean,26.250000,1.851195,-0.757019,2.729244,-1.159812,1.195250,0.667082,-0.013786,0.225000,0.257498,0.615535,-0.040474,0.034819,0.012639,0.053390,0.012639,0.224089,0,1
6d_artstein_disc_clean,26.300000,1.859594,-0.736145,2.742119,-1.129035,1.206500,0.667082,-0.013786,0.225000,0.250557,0.618393,-0.040474,0.034819,0.012639,0.053390,0.012639,0.224089,0,1
6d_artstein_disc_clean,26.350000,1.867758,-0.715179,2.754647,-1.098115,1.217750,0.667082,-0.013786,0.225000,0.243584,0.621172,-0.040474,0.034819,0.012639,0.053390,0.012639,0.224089,0,1
6d_artstein_disc_clean,26.400000,1.875685,-0.694122,2.766826,-1.067057,1.229000,0.667082,-0.013786,0.225000,0.236581,0.623873,-0.040474,0.034819,0.012639,0.053390,0.012639,0.224089,0,1
6d_artstein_disc_clean,26.450000,1.883375,-0.672977,2.778655,-1.035863,1.240250,0.667082,-0.013786,0.225000,0.229548,0.626495,-0.040474,0.034819,0.012639,0.053390,0.012639,0.224089,0,1
6d_artstein_disc_clean,26.500000,1.890827,-0.651747,2.790132,-1.004538,1.251500,0.667082,-0.013786,0.225000,0.222485,0.629038,-0.040474,0.034819,0.012639,0.053390,0.012639,0.224089,0,1
6d_artstein_disc_clean,26.550000,1.898039,-0.630434,2.801257,-0.973086,1.262750,0.667082,-0.013786,0.225000,0.215395,0.631501,-0.040474,0.034819,0.012639,0.053390,0.012639,0.224089,0,1
6d_artstein_disc_clean,26.600000,1.905011,-0.609042,2.812026,-0.941511,1.274000,0.667082,-0.013786,0.225000,0.208277,0.633884,-0.040474,0.034819,0.012639,0.053390,0.012639,0.224089,0,1
6d_artstein_disc_clean,26.650000,1.911742,-0.587572,2.822440,-0.909817,1.285250,0.667082,-0.013786,0.225000,0.201132,0.636187,-0.040474,0.034819,0.012639,0.053390,0.012639,0.224089,0,1
6d_artstein_disc_clean,26.700000,1.918231,-0.566028,2.832497,-0.878008,1.296500,0.667082,-0.013786,0.225000,0.193963,0.638410,-0.040474,0.034819,0.012639,0.053390,0.012639,0.224089,0,1
6d_artstein_disc_clean,26.750000,1.924478,-0.544413,2.842195,-0.846087,1.307750,0.667082,-0.013786,0.225000,0.186769,0.640551,-0.040474,0.034819,0.012639,0.053390,0.012639,0.224089,0,1
6d_artstein_disc_clean,26.800000,1.930480,-0.522728,2.851533,-0.814060,1.319000,0.667082,-0.013786,0.225000,0.179551,0.642612,-0.040474,0.034819,0.012639,0.053390,0.012639,0.224089,0,1
6d_artstein_disc_clean,26.850000,1.936239,-0.500978,2.860511,-0.781929,1.330250,0.667082,-0.013786,0.225000,0.172310,0.644591,-0.040474,0.034819,0.012639,0.053390,0.012639,0.224089,0,1
6d_artstein_disc_clean,26.900000,1.941752,-0.479164,2.869126,-0.749700,1.341500,0.667082,-0.013786,0.225000,0.165048,0.646489,-0.040474,0.034819,0.012639,0.053390,0.012639,0.224089,0,1
6d_artstein_disc_clean,26.950000,1.947020,-0.457289,2.877379,-0.717375,1.352750,0.667082,-0.013786,0.225000,0.157764,0.648305,-0.040474,0.034819,0.012639,0.053390,0.012639,0.224089,0,1
6d_artstein_disc_clean,27.000000,1.952041,-0.435357,2.885267,-0.684960,1.364000,0.667082,-0.013786,0.225000,0.150461,0.650038,-0.040474,0.034819,0.012639,0.053390,0.012639,0.224089,0,1
6d_artstein_disc_clean,27.050000,1.956815,-0.413369,2.892790,-0.652458,1.375250,0.667082,-0.013786,0.225000,0.143139,0.651690,-0.040474,0.034819,0.012639,0.053390,0.012639,0.224089,0,1
6d_artstein_disc_clean,27.100000,1.961342,-0.391330,2.899947,-0.619874,1.386500,0.667082,-0.013786,0.225000,0.135798,0.653259,-0.040474,0.034819,0.012639,0.053390,0.012639,0.224089,0,1
6d_artstein_disc_clean,27.150000,1.965620,-0.369240,2.906737,-0.587211,1.397750,0.667082,-0.013786,0.225000,0.128441,0.654745,-0.040474,0.034819,0.012639,0.053390,0.012639,0.224089,0,1
6d_artstein_disc_clean,27.200000,1.969649,-0.347104,2.913159,-0.554473,1.409000,0.667082,-0.013786,0.225000,0.121067,0.656149,-0.040474,0.034819,0.012639,0.053390,0.012639,0.224089,0,1
6d_artstein_disc_clean,27.250000,1.973430,-0.324924,2.919212,-0.521666,1.420250,0.667082,-0.013786,0.225000,0.113678,0.657469,-0.040474,0.034819,0.012639,0.053390,0.012639,0.224089,0,1
6d_artstein_disc_clean,27.300000,1.976960,-0.302703,2.924896,-0.488793,1.431500,0.667082,-0.013786,0.225000,0.106274,0.658706,-0.040474,0.034819,0.012639,0.053390,0.012639,0.224089,0,1
6d_artstein_disc_clean,27.350000,1.980240,-0.280443,2.930210,-0.455857,1.442750,0.667082,-0.013786,0.225000,0.098857,0.659860,-0.040474,0.034819,0.012639,0.053390,0.012639,0.224089,0,1
6d_artstein_disc_clean,27.400000,1.983270,-0.258148,2.935153,-0.422864,1.454000,0.667082,-0.013786,0.225000,0.091428,0.660931,-0.040474,0.034819,0.012639,0.053390,0.012639,0.224089,0,1
6d_artstein_disc_clean,27.450000,1.986048,-0.235821,2.939724,-0.389818,1.465250,0.667082,-0.013786,0.225000,0.083987,0.661917,-0.040474,0.034819,0.012639,0.053390,0.012639,0.224089,0,1
6d_artstein_disc_clean,27.500000,1.988576,-0.213463,2.943924,-0.356722,1.476500,0.667082,-0.013786,0.225000,0.076535,0.662820,-0.040474,0.034819,0.012639,0.053390,0.012639,0.224089,0,1
6d_artstein_disc_clean,27.550000,1.990851,-0.191079,2.947750,-0.323581,1.487750,0.667082,-0.013786,0.225000,0.069073,0.663639,-0.040474,0.034819,0.012639,0.053390,0.012639,0.224089,0,1
6d_artstein_disc_clean,27.600000,1.992875,-0.168670,2.951204,-0.290399,1.499000,0.667082,-0.013786,0.225000,0.061603,0.664374,-0.040474,0.034819,0.012639,0.053390,0.012639,0.224089,0,1
6d_artstein_disc_clean,27.650000,1.994646,-0.146240,2.954284,-0.257180,1.510250,0.667082,-0.013786,0.225000,0.054125,0.665025,-0.040474,0.034819,0.012639,0.053390,0.012639,0.224089,0,1
6d_artstein_disc_clean,27.700000,1.996165,-0.123791,2.956990,-0.223929,1.521500,0.667082,-0.013786,0.225000,0.046641,0.665592,-0.040474,0.034819,0.012639,0.053390,0.012639,0.224089,0,1
6d_artstein_disc_clean,27.750000,1.997432,-0.101327,2.959322,-0.190649,1.532750,0.667082,-0.013786,0.225000,0.039150,0.666075,-0.040474,0.034819,0.012639,0.053390,0.012639,0.224089,0,1
6d_artstein_disc_clean,27.800000,1.998445,-0.078850,2.961280,-0.157345,1.544000,0.667082,-0.013786,0.225000,0.031654,0.666473,-0.040474,0.034819,0.012639,0.053390,0.012639,0.224089,0,1
6d_artstein_disc_clean,27.850000,1.999206,-0.056363,2.962863,-0.124022,1.555250,0.667082,-0.013786,0.225000,0.024154,0.666787,-0.040474,0.034819,0.012639,0.053390,0.012639,0.224089,0,1
6d_artstein_disc_clean,27.900000,1.999713,-0.033869,2.964070,-0.090682,1.566500,0.667082,-0.013786,0.225000,0.016652,0.667017,-0.040474,0.034819,0.012639,0.053390,0.012639,0.224089,0,1
6d_artstein_disc_clean,27.950000,1.999968,-0.011371,2.964903,-0.057332,1.577750,0.667082,-0.013786,0.225000,0.009147,0.667162,-0.040474,0.034819,0.012639,0.053390,0.012639,0.224089,0,1
6d_artstein_disc_clean,28.000000,1.999969,0.011129,2.965360,-0.023974,1.589000,0.667082,-0.013786,0.225000,0.001641,0.667222,-0.040474,0.034819,0.012639,0.053390,0.012639,0.224089,0,1
6d_artstein_disc_clean,28.050000,1.999717,0.033628,2.965442,0.009388,1.600250,0.667082,-0.013786,0.225000,-0.005865,0.667199,-0.040474,0.034819,0.012639,0.053390,0.012639,0.224089,0,1
6d_artstein_disc_clean,28.100000,1.999212,0.056122,2.965149,0.042747,1.611500,0.667082,-0.013786,0.225000,-0.013371,0.667090,-0.040474,0.034819,0.012639,0.053390,0.012639,0.224089,0,1
6d_artstein_disc_clean,28.150000,1.998455,0.078609,2.964481,0.076102,1.622750,0.667082,-0.013786,0.225000,-0.020874,0.666898,-0.040474,0.034819,0.012639,0.053390,0.012639,0.224089,0,1
6d_artstein_disc_clean,28.200000,1.997444,0.101086,2.963437,0.109447,1.634000,0.667082,-0.013786,0.225000,-0.028376,0.666621,-0.040474,0.034819,0.012639,0.053390,0.012639,0.224089,0,1
6d_artstein_disc_clean,28.250000,1.996180,0.123551,2.962018,0.142778,1.645250,0.667082,-0.013786,0.225000,-0.035873,0.666259,-0.040474,0.034819,0.012639,0.053390,0.012639,0.224089,0,1
6d_artstein_disc_clean,28.300000,1.994664,0.145999,2.960224,0.176091,1.656500,0.667082,-0.013786,0.225000,-0.043366,0.665814,-0.040474,0.034819,0.012639,0.053390,0.012639,0.224089,0,1
6d_artstein_disc_clean,28.350000,1.992895,0.168430,2.958056,0.209382,1.667750,0.667082,-0.013786,0.225000,-0.050854,0.665284,-0.040474,0.034819,0.012639,0.053390,0.012639,0.224089,0,1
6d_artstein_disc_clean,28.400000,1.990874,0.190839,2.955513,0.242646,1.679000,0.667082,-0.013786,0.225000,-0.058335,0.664669,-0.040474,0.034819,0.012639,0.053390,0.012639,0.224089,0,1
6d_artstein_disc_clean,28.450000,1.988601,0.213223,2.952597,0.275879,1.690250,0.667082,-0.013786,0.225000,-0.065808,0.663971,-0.040474,0.034819,0.012639,0.053390,0.012639,0.224089,0,1
6d_artstein_disc_clean,28.500000,1.986077,0.235581,2.949306,0.309078,1.701500,0.667082,-0.013786,0.225000,-0.073274,0.663189,-0.040474,0.034819,0.012639,0.053390,0.012639,0.224089,0,1
6d_artstein_disc_clean,28.550000,1.983301,0.257909,2.945643,0.342237,1.712750,0.667082,-0.013786,0.225000,-0.080730,0.662322,-0.040474,0.034819,0.012639,0.053390,0.012639,0.224089,0,1
6d_artstein_disc_clean,28.600000,1.980274,0.280205,2.941606,0.375353,1.724000,0.667082,-0.013786,0.225000,-0.088176,0.661372,-0.040474,0.034819,0.012639,0.053390,0.012639,0.224089,0,1
6d_artstein_disc_clean,28.650000,1.976997,0.302464,2.937197,0.408422,1.735250,0.667082,-0.013786,0.225000,-0.095610,0.660339,-0.040474,0.034819,0.012639,0.053390,0.012639,0.224089,0,1
6d_artstein_disc_clean,28.700000,1.973469,0.324686,2.932417,0.441439,1.746500,0.667082,-0.013786,0.225000,-0.103033,0.659221,-0.040474,0.034819,0.012639,0.053390,0.012639,0.224089,0,1
6d_artstein_disc_clean,28.750000,1.969691,0.346867,2.927265,0.474400,1.757750,0.667082,-0.013786,0.225000,-0.110443,0.658020,-0.040474,0.034819,0.012639,0.053390,0.012639,0.224089,0,1
6d_artstein_disc_clean,28.800000,1.965664,0.369003,2.921743,0.507301,1.769000,0.667082,-0.013786,0.225000,-0.117838,0.656736,-0.040474,0.034819,0.012639,0.053390,0.012639,0.224089,0,1
6d_artstein_disc_clean,28.850000,1.961389,0.391093,2.915851,0.540138,1.780250,0.667082,-0.013786,0.225000,-0.125219,0.655369,-0.040474,0.034819,0.012639,0.053390,0.012639,0.224089,0,1
6d_artstein_disc_clean,28.900000,1.956865,0.413133,2.909590,0.572906,1.791500,0.667082,-0.013786,0.225000,-0.132584,0.653919,-0.040474,0.034819,0.012639,0.053390,0.012639,0.224089,0,1
6d_artstein_disc_clean,28.950000,1.952094,0.435122,2.902961,0.605602,1.802750,0.667082,-0.013786,0.225000,-0.139932,0.652386,-0.040474,0.034819,0.012639,0.053390,0.012639,0.224089,0,1
6d_artstein_disc_clean,29.000000,1.947075,0.457055,2.895964,0.638221,1.814000,0.667082,-0.013786,0.225000,-0.147262,0.650771,-0.040474,0.034819,0.012639,0.053390,0.012639,0.224089,0,1
6d_artstein_disc_clean,29.050000,1.941810,0.478930,2.888601,0.670760,1.825250,0.667082,-0.013786,0.225000,-0.154574,0.649073,-0.040474,0.034819,0.012639,0.053390,0.012639,0.224089,0,1
6d_artstein_disc_clean,29.100000,1.936299,0.500744,2.880873,0.703214,1.836500,0.667082,-0.013786,0.225000,-0.161866,0.647293,-0.040474,0.034819,0.012639,0.053390,0.012639,0.224089,0,1
6d_artstein_disc_clean,29.150000,1.930544,0.522496,2.872779,0.735578,1.847750,0.667082,-0.013786,0.225000,-0.169137,0.645431,-0.040474,0.034819,0.012639,0.053390,0.012639,0.224089,0,1
6d_artstein_disc_clean,29.200000,1.924543,0.544181,2.864322,0.767850,1.859000,0.667082,-0.013786,0.225000,-0.176388,0.643487,-0.040474,0.034819,0.012639,0.053390,0.012639,0.224089,0,1
6d_artstein_disc_clean,29.250000,1.918300,0.565797,2.855503,0.800024,1.870250,0.667082,-0.013786,0.225000,-0.183616,0.641462,-0.040474,0.034819,0.012639,0.053390,0.012639,0.224089,0,1
6d_artstein_disc_clean,29.300000,1.911813,0.587342,2.846322,0.832097,1.881500,0.667082,-0.013786,0.225000,-0.190820,0.639356,-0.040474,0.034819,0.012639,0.053390,0.012639,0.224089,0,1
6d_artstein_disc_clean,29.350000,1.905085,0.608812,2.836781,0.864065,1.892750,0.667082,-0.013786,0.225000,-0.198001,0.637169,-0.040474,0.034819,0.012639,0.053390,0.012639,0.224089,0,1
6d_artstein_disc_clean,29.400000,1.898115,0.630205,2.826881,0.895923,1.904000,0.667082,-0.013786,0.225000,-0.205156,0.634901,-0.040474,0.034819,0.012639,0.053390,0.012639,0.224089,0,1
6d_artstein_disc_clean,29.450000,1.890905,0.651519,2.816623,0.927669,1.915250,0.667082,-0.013786,0.225000,-0.212286,0.632553,-0.040474,0.034819,0.012639,0.053390,0.012639,0.224089,0,1
6d_artstein_disc_clean,29.500000,1.883456,0.672750,2.806009,0.959296,1.926500,0.667082,-0.013786,0.225000,-0.219388,0.630125,-0.040474,0.034819,0.012639,0.053390,0.012639,0.224089,0,1
6d_artstein_disc_clean,29.550000,1.875769,0.693895,2.795040,0.990802,1.937750,0.667082,-0.013786,0.225000,-0.226463,0.627617,-0.040474,0.034819,0.012639,0.053390,0.012639,0.224089,0,1
6d_artstein_disc_clean,29.600000,1.867844,0.714953,2.783717,1.022183,1.949000,0.667082,-0.013786,0.225000,-0.233509,0.625029,-0.040474,0.034819,0.012639,0.053390,0.012639,0.224089,0,1
6d_artstein_disc_clean,29.650000,1.859683,0.735921,2.772041,1.053435,1.960250,0.667082,-0.013786,0.225000,-0.240526,0.622363,-0.040474,0.034819,0.012639,0.053390,0.012639,0.224089,0,1
6d_artstein_disc_clean,29.700000,1.851286,0.756795,2.760015,1.084553,1.971500,0.667082,-0.013786,0.225000,-0.247512,0.619618,-0.040474,0.034819,0.012639,0.053390,0.012639,0.224089,0,1
6d_artstein_disc_clean,29.750000,1.842655,0.777574,2.747639,1.115534,1.982750,0.667082,-0.013786,0.225000,-0.254467,0.616794,-0.040474,0.034819,0.012639,0.053390,0.012639,0.224089,0,1
6d_artstein_disc_clean,29.800000,1.833791,0.798254,2.734916,1.146373,1.994000,0.667082,-0.013786,0.225000,-0.261390,0.613892,-0.040474,0.034819,0.012639,0.053390,0.012639,0.224089,0,1
6d_artstein_disc_clean,29.850000,1.824695,0.818834,2.721846,1.177068,2.005250,0.667082,-0.013786,0.225000,-0.268280,0.610913,-0.040474,0.034819,0.012639,0.053390,0.012639,0.224089,0,1
6d_artstein_disc_clean,29.900000,1.815368,0.839309,2.708432,1.207614,2.016500,0.667082,-0.013786,0.225000,-0.275135,0.607856,-0.040474,0.034819,0.012639,0.053390,0.012639,0.224089,0,1
6d_artstein_disc_clean,29.950000,1.805811,0.859678,2.694676,1.238006,2.027750,0.667082,-0.013786,0.225000,-0.281956,0.604722,-0.040474,0.034819,0.012639,0.053390,0.012639,0.224089,0,1
6d_artstein_disc_clean,30.000000,1.796025,0.879939,2.680578,1.268243,2.039000,0.667082,-0.013786,0.225000,-0.288741,0.601512,-0.040474,0.034819,0.012639,0.053390,0.012639,0.224089,0,1
6d_artstein_disc_clean,30.050000,1.786013,0.900088,2.666141,1.298318,2.050250,0.667082,-0.013786,0.225000,-0.295490,0.598226,-0.040474,0.034819,0.012639,0.053390,0.012639,0.224089,0,1
6d_artstein_disc_clean,30.100000,1.775774,0.920123,2.651366,1.328229,2.061500,0.667082,-0.013786,0.225000,-0.302201,0.594864,-0.040474,0.034819,0.012639,0.053390,0.012639,0.224089,0,1
6d_artstein_disc_clean,30.150000,1.765310,0.940042,2.636256,1.357973,2.072750,0.667082,-0.013786,0.225000,-0.308874,0.591426,-0.040474,0.034819,0.012639,0.053390,0.012639,0.224089,0,1
6d_artstein_disc_clean,30.200000,1.754623,0.959842,2.620812,1.387544,2.084000,0.667082,-0.013786,0.225000,-0.315508,0.587914,-0.040474,0.034819,0.012639,0.053390,0.012639,0.224089,0,1
6d_artstein_disc_clean,30.250000,1.743714,0.979520,2.605037,1.416940,2.095250,0.667082,-0.013786,0.225000,-0.322102,0.584328,-0.040474,0.034819,0.012639,0.053390,0.012639,0.224089,0,1
6d_artstein_disc_clean,30.300000,1.732585,0.999075,2.588932,1.446156,2.106500,0.667082,-0.013786,0.225000,-0.328655,0.580667,-0.040474,0.034819,0.012639,0.053390,0.012639,0.224089,0,1
6d_artstein_disc_clean,30.350000,1.721236,1.018503,2.572499,1.475189,2.117750,0.667082,-0.013786,0.225000,-0.335166,0.576933,-0.040474,0.034819,0.012639,0.053390,0.012639,0.224089,0,1
6d_artstein_disc_clean,30.400000,1.709669,1.037802,2.555741,1.504036,2.129000,0.667082,-0.013786,0.225000,-0.341636,0.573126,-0.040474,0.034819,0.012639,0.053390,0.012639,0.224089,0,1
6d_artstein_disc_clean,30.450000,1.697886,1.056969,2.538659,1.532692,2.140250,0.667082,-0.013786,0.225000,-0.348061,0.569246,-0.040474,0.034819,0.012639,0.053390,0.012639,0.224089,0,1
6d_artstein_disc_clean,30.500000,1.685888,1.076003,2.521256,1.561155,2.151500,0.667082,-0.013786,0.225000,-0.354443,0.565295,-0.040474,0.034819,0.012639,0.053390,0.012639,0.224089,0,1
6d_artstein_disc_clean,30.550000,1.673676,1.094901,2.503534,1.589419,2.162750,0.667082,-0.013786,0.225000,-0.360780,0.561272,-0.040474,0.034819,0.012639,0.053390,0.012639,0.224089,0,1
6d_artstein_disc_clean,30.600000,1.661253,1.113660,2.485495,1.617483,2.174000,0.667082,-0.013786,0.225000,-0.367072,0.557177,-0.040474,0.034819,0.012639,0.053390,0.012639,0.224089,0,1
6d_artstein_disc_clean,30.650000,1.648619,1.132279,2.467141,1.645342,2.185250,0.667082,-0.013786,0.225000,-0.373317,0.553013,-0.040474,0.034819,0.012639,0.053390,0.012639,0.224089,0,1
6d_artstein_disc_clean,30.700000,1.635777,1.150753,2.448476,1.672993,2.196500,0.667082,-0.013786,0.225000,-0.379514,0.548778,-0.040474,0.034819,0.012639,0.053390,0.012639,0.224089,0,1
6d_artstein_disc_clean,30.750000,1.622728,1.169083,2.429500,1.700431,2.207750,0.667082,-0.013786,0.225000,-0.385664,0.544474,-0.040474,0.034819,0.012639,0.053390,0.012639,0.224089,0,1
6d_artstein_disc_clean,30.800000,1.609473,1.187264,2.410217,1.727655,2.219000,0.667082,-0.013786,0.225000,-0.391765,0.540101,-0.040474,0.034819,0.012639,0.053390,0.012639,0.224089,0,1
6d_artstein_disc_clean,30.850000,1.596015,1.205295,2.390628,1.754660,2.230250,0.667082,-0.013786,0.225000,-0.397816,0.535659,-0.040474,0.034819,0.012639,0.053390,0.012639,0.224089,0,1
6d_artstein_disc_clean,30.900000,1.582355,1.223174,2.370738,1.781443,2.241500,0.667082,-0.013786,0.225000,-0.403817,0.531150,-0.040474,0.034819,0.012639,0.053390,0.012639,0.224089,0,1
6d_artstein_disc_clean,30.950000,1.568494,1.240897,2.350547,1.808001,2.252750,0.667082,-0.013786,0.225000,-0.409766,0.526574,-0.040474,0.034819,0.012639,0.053390,0.012639,0.224089,0,1
6d_artstein_disc_clean,31.000000,1.554435,1.258464,2.330058,1.834329,2.264000,0.667082,-0.013786,0.225000,-0.415664,0.521931,-0.040474,0.034819,0.012639,0.053390,0.012639,0.224089,0,1
6d_artstein_disc_clean,31.050000,1.540179,1.275871,2.309275,1.860426,2.275250,0.667082,-0.013786,0.225000,-0.421510,0.517221,-0.040474,0.034819,0.012639,0.053390,0.012639,0.224089,0,1
6d_artstein_disc_clean,31.100000,1.525729,1.293117,2.288200,1.886287,2.286500,0.667082,-0.013786,0.225000,-0.427302,0.512447,-0.040474,0.034819,0.012639,0.053390,0.012639,0.224089,0,1
6d_artstein_disc_clean,31.150000,1.511085,1.310200,2.266835,1.911909,2.297750,0.667082,-0.013786,0.225000,-0.433039,0.507607,-0.040474,0.034819,0.012639,0.053390,0.012639,0.224089,0,1
6d_artstein_disc_clean,31.200000,1.496250,1.327116,2.245183,1.937290,2.309000,0.667082,-0.013786,0.225000,-0.438723,0.502704,-0.040474,0.034819,0.012639,0.053390,0.012639,0.224089,0,1
6d_artstein_disc_clean,31.250000,1.481225,1.343864,2.223247,1.962425,2.320250,0.667082,-0.013786,0.225000,-0.444350,0.497736,-0.040474,0.034819,0.012639,0.053390,0.012639,0.224089,0,1
6d_artstein_disc_clean,31.300000,1.466013,1.360443,2.201029,1.987312,2.331500,0.667082,-0.013786,0.225000,-0.449921,0.492706,-0.040474,0.034819,0.012639,0.053390,0.012639,0.224089,0,1
6d_artstein_disc_clean,31.350000,1.450616,1.376849,2.178533,2.011947,2.342750,0.667082,-0.013786,0.225000,-0.455436,0.487613,-0.040474,0.034819,0.012639,0.053390,0.012639,0.224089,0,1
6d_artstein_disc_clean,31.400000,1.435035,1.393081,2.155761,2.036328,2.354000,0.667082,-0.013786,0.225000,-0.460892,0.482459,-0.040474,0.034819,0.012639,0.053390,0.012639,0.224089,0,1
6d_artstein_disc_clean,31.450000,1.419272,1.409137,2.132717,2.060451,2.365250,0.667082,-0.013786,0.225000,-0.466291,0.477243,-0.040474,0.034819,0.012639,0.053390,0.012639,0.224089,0,1
6d_artstein_disc_clean,31.500000,1.403330,1.425014,2.109402,2.084313,2.376500,0.667082,-0.013786,0.225000,-0.471630,0.471968,-0.040474,0.034819,0.012639,0.053390,0.012639,0.224089,0,1
6d_artstein_disc_clean,31.550000,1.387210,1.440711,2.085821,2.107911,2.387750,0.667082,-0.013786,0.225000,-0.476910,0.466632,-0.040474,0.034819,0.012639,0.053390,0.012639,0.224089,0,1
6d_artstein_disc_clean,31.600000,1.370915,1.456226,2.061975,2.131243,2.399000,0.667082,-0.013786,0.225000,-0.482129,0.461237,-0.040474,0.034819,0.012639,0.053390,0.012639,0.224089,0,1
6d_artstein_disc_clean,31.650000,1.354446,1.471556,2.037869,2.154305,2.410250,0.667082,-0.013786,0.225000,-0.487287,0.455784,-0.040474,0.034819,0.012639,0.053390,0.012639,0.224089,0,1
6d_artstein_disc_clean,31.700000,1.337805,1.486700,2.013504,2.177094,2.421500,0.667082,-0.013786,0.225000,-0.492384,0.450274,-0.040474,0.034819,0.012639,0.053390,0.012639,0.224089,0,1
6d_artstein_disc_clean,31.750000,1.320996,1.501656,1.988885,2.199607,2.432750,0.667082,-0.013786,0.225000,-0.497418,0.444706,-0.040474,0.034819,0.012639,0.053390,0.012639,0.224089,0,1
6d_artstein_disc_clean,31.800000,1.304019,1.516422,1.964014,2.221843,2.444000,0.667082,-0.013786,0.225000,-0.502390,0.439082,-0.040474,0.034819,0.012639,0.053390,0.012639,0.224089,0,1
6d_artstein_disc_clean,31.850000,1.286877,1.530996,1.938895,2.243797,2.455250,0.667082,-0.013786,0.225000,-0.507298,0.433402,-0.040474,0.034819,0.012639,0.053390,0.012639,0.224089,0,1
6d_artstein_disc_clean,31.900000,1.269572,1.545376,1.913530,2.265467,2.466500,0.667082,-0.013786,0.225000,-0.512141,0.427668,-0.040474,0.034819,0.012639,0.053390,0.012639,0.224089,0,1
6d_artstein_disc_clean,31.950000,1.252107,1.559560,1.887923,2.286850,2.477750,0.667082,-0.013786,0.225000,-0.516920,0.421879,-0.040474,0.034819,0.012639,0.053390,0.012639,0.224089,0,1
6d_artstein_disc_clean,32.000000,1.234483,1.573548,1.862077,2.307944,2.489000,0.667082,-0.013786,0.225000,-0.521633,0.416037,-0.040474,0.034819,0.012639,0.053390,0.012639,0.224089,0,1
6d_artstein_disc_clean,32.050000,1.216703,1.587336,1.835995,2.328746,2.500250,0.667082,-0.013786,0.225000,-0.526280,0.410143,-0.040474,0.034819,0.012639,0.053390,0.012639,0.224089,0,1
6d_artstein_disc_clean,32.100000,1.198768,1.600923,1.809681,2.349253,2.511500,0.667082,-0.013786,0.225000,-0.530861,0.404196,-0.040474,0.034819,0.012639,0.053390,0.012639,0.224089,0,1
6d_artstein_disc_clean,32.150000,1.180683,1.614307,1.783138,2.369463,2.522750,0.667082,-0.013786,0.225000,-0.535375,0.398199,-0.040474,0.034819,0.012639,0.053390,0.012639,0.224089,0,1
6d_artstein_disc_clean,32.200000,1.162447,1.627488,1.756369,2.389373,2.534000,0.667082,-0.013786,0.225000,-0.539820,0.392151,-0.040474,0.034819,0.012639,0.053390,0.012639,0.224089,0,1
6d_artstein_disc_clean,32.250000,1.144065,1.640462,1.729378,2.408981,2.545250,0.667082,-0.013786,0.225000,-0.544198,0.386053,-0.040474,0.034819,0.012639,0.053390,0.012639,0.224089,0,1
6d_artstein_disc_clean,32.300000,1.125538,1.653229,1.702168,2.428283,2.556500,0.667082,-0.013786,0.225000,-0.548506,0.379907,-0.040474,0.034819,0.012639,0.053390,0.012639,0.224089,0,1
6d_artstein_disc_clean,32.350000,1.106868,1.665786,1.674743,2.447279,2.567750,0.667082,-0.013786,0.225000,-0.552746,0.373712,-0.040474,0.034819,0.012639,0.053390,0.012639,0.224089,0,1
6d_artstein_disc_clean,32.400000,1.088058,1.678133,1.647106,2.465964,2.579000,0.667082,-0.013786,0.225000,-0.556915,0.367470,-0.040474,0.034819,0.012639,0.053390,0.012639,0.224089,0,1
6d_artstein_disc_clean,32.450000,1.069111,1.690267,1.619260,2.484338,2.590250,0.667082,-0.013786,0.225000,-0.561014,0.361182,-0.040474,0.034819,0.012639,0.053390,0.012639,0.224089,0,1
6d_artstein_disc_clean,32.500000,1.050028,1.702187,1.591209,2.502397,2.601500,0.667082,-0.013786,0.225000,-0.565041,0.354847,-0.040474,0.034819,0.012639,0.053390,0.012639,0.224089,0,1
6d_artstein_disc_clean,32.550000,1.030812,1.713892,1.562957,2.520139,2.612750,0.667082,-0.013786,0.225000,-0.568997,0.348468,-0.040474,0.034819,0.012639,0.053390,0.012639,0.224089,0,1
6d_artstein_disc_clean,32.600000,1.011466,1.725380,1.534507,2.537563,2.624000,0.667082,-0.013786,0.225000,-0.572882,0.342045,-0.040474,0.034819,0.012639,0.053390,0.012639,0.224089,0,1
6d_artstein_disc_clean,32.650000,0.991992,1.736649,1.505863,2.554665,2.635250,0.667082,-0.013786,0.225000,-0.576693,0.335579,-0.040474,0.034819,0.012639,0.053390,0.012639,0.224089,0,1
6d_artstein_disc_clean,32.700000,0.972393,1.747699,1.477029,2.571444,2.646500,0.667082,-0.013786,0.225000,-0.580432,0.329070,-0.040474,0.034819,0.012639,0.053390,0.012639,0.224089,0,1
6d_artstein_disc_clean,32.750000,0.952670,1.758528,1.448007,2.587897,2.657750,0.667082,-0.013786,0.225000,-0.584097,0.322519,-0.040474,0.034819,0.012639,0.053390,0.012639,0.224089,0,1
6d_artstein_disc_clean,32.800000,0.932827,1.769134,1.418802,2.604023,2.669000,0.667082,-0.013786,0.225000,-0.587689,0.315928,-0.040474,0.034819,0.012639,0.053390,0.012639,0.224089,0,1
6d_artstein_disc_clean,32.850000,0.912865,1.779516,1.389418,2.619820,2.680250,0.667082,-0.013786,0.225000,-0.591205,0.309297,-0.040474,0.034819,0.012639,0.053390,0.012639,0.224089,0,1
6d_artstein_disc_clean,32.900000,0.892788,1.789673,1.359857,2.635284,2.691500,0.667082,-0.013786,0.225000,-0.594648,0.302626,-0.040474,0.034819,0.012639,0.053390,0.012639,0.224089,0,1
6d_artstein_disc_clean,32.950000,0.872598,1.799603,1.330125,2.650416,2.702750,0.667082,-0.013786,0.225000,-0.598014,0.295917,-0.040474,0.034819,0.012639,0.053390,0.012639,0.224089,0,1
6d_artstein_disc_clean,33.000000,0.852298,1.809306,1.300224,2.665212,2.714000,0.667082,-0.013786,0.225000,-0.601306,0.289171,-0.040474,0.034819,0.012639,0.053390,0.012639,0.224089,0,1
6d_artstein_disc_clean,33.050000,0.831890,1.818780,1.270159,2.679670,2.725250,0.667082,-0.013786,0.225000,-0.604521,0.282388,-0.040474,0.034819,0.012639,0.053390,0.012639,0.224089,0,1
6d_artstein_disc_clean,33.100000,0.811376,1.828023,1.239933,2.693790,2.736500,0.667082,-0.013786,0.225000,-0.607659,0.275570,-0.040474,0.034819,0.012639,0.053390,0.012639,0.224089,0,1
6d_artstein_disc_clean,33.150000,0.790760,1.837035,1.209550,2.707568,2.747750,0.667082,-0.013786,0.225000,-0.610721,0.268716,-0.040474,0.034819,0.012639,0.053390,0.012639,0.224089,0,1
6d_artstein_disc_clean,33.200000,0.770044,1.845815,1.179014,2.721004,2.759000,0.667082,-0.013786,0.225000,-0.613705,0.261829,-0.040474,0.034819,0.012639,0.053390,0.012639,0.224089,0,1
6d_artstein_disc_clean,33.250000,0.749230,1.854361,1.148329,2.734095,2.770250,0.667082,-0.013786,0.225000,-0.616612,0.254908,-0.040474,0.034819,0.012639,0.053390,0.012639,0.224089,0,1
6d_artstein_disc_clean,33.300000,0.728322,1.862672,1.117498,2.746841,2.781500,0.667082,-0.013786,0.225000,-0.619440,0.247955,-0.040474,0.034819,0.012639,0.053390,0.012639,0.224089,0,1
6d_artstein_disc_clean,33.350000,0.707321,1.870748,1.086526,2.759239,2.792750,0.667082,-0.013786,0.225000,-0.622191,0.240971,-0.040474,0.034819,0.012639,0.053390,0.012639,0.224089,0,1
6d_artstein_disc_clean,33.400000,0.686231,1.878587,1.055417,2.771287,2.804000,0.667082,-0.013786,0.225000,-0.624862,0.233956,-0.040474,0.034819,0.012639,0.053390,0.012639,0.224089,0,1
6d_artstein_disc_clean,33.450000,0.665054,1.886188,1.024173,2.782985,2.815250,0.667082,-0.013786,0.225000,-0.627455,0.226912,-0.040474,0.034819,0.012639,0.053390,0.012639,0.224089,0,1
6d_artstein_disc_clean,33.500000,0.643792,1.893550,0.992801,2.794331,2.826500,0.667082,-0.013786,0.225000,-0.629968,0.219839,-0.040474,0.034819,0.012639,0.053390,0.012639,0.224089,0,1
6d_artstein_disc_clean,33.550000,0.622450,1.900673,0.961302,2.805322,2.837750,0.667082,-0.013786,0.225000,-0.632401,0.212738,-0.040474,0.034819,0.012639,0.053390,0.012639,0.224089,0,1
6d_artstein_disc_clean,33.600000,0.601028,1.907555,0.929682,2.815959,2.849000,0.667082,-0.013786,0.225000,-0.634754,0.205610,-0.040474,0.034819,0.012639,0.053390,0.012639,0.224089,0,1
6d_artstein_disc_clean,33.650000,0.579531,1.914195,0.897945,2.826240,2.860250,0.667082,-0.013786,0.225000,-0.637027,0.198456,-0.040474,0.034819,0.012639,0.053390,0.012639,0.224089,0,1
6d_artstein_disc_clean,33.700000,0.557960,1.920594,0.866093,2.836163,2.871500,0.667082,-0.013786,0.225000,-0.639219,0.191277,-0.040474,0.034819,0.012639,0.053390,0.012639,0.224089,0,1
6d_artstein_disc_clean,33.750000,0.536318,1.926749,0.834132,2.845727,2.882750,0.667082,-0.013786,0.225000,-0.641331,0.184074,-0.040474,0.034819,0.012639,0.053390,0.012639,0.224089,0,1
6d_artstein_disc_clean,33.800000,0.514609,1.932661,0.802066,2.854930,2.894000,0.667082,-0.013786,0.225000,-0.643361,0.176848,-0.040474,0.034819,0.012639,0.053390,0.012639,0.224089,0,1
6d_artstein_disc_clean,33.850000,0.492834,1.938328,0.769898,2.863773,2.905250,0.667082,-0.013786,0.225000,-0.645310,0.169599,-0.040474,0.034819,0.012639,0.053390,0.012639,0.224089,0,1
6d_artstein_disc_clean,33.900000,0.470997,1.943749,0.737632,2.872253,2.916500,0.667082,-0.013786,0.225000,-0.647177,0.162329,-0.040474,0.034819,0.012639,0.053390,0.012639,0.224089,0,1
6d_artstein_disc_clean,33.950000,0.449101,1.948925,0.705273,2.880369,2.927750,0.667082,-0.013786,0.225000,-0.648962,0.155038,-0.040474,0.034819,0.012639,0.053390,0.012639,0.224089,0,1
6d_artstein_disc_clean,34.000000,0.427147,1.953854,0.672825,2.888121,2.939000,0.667082,-0.013786,0.225000,-0.650665,0.147727,-0.040474,0.034819,0.012639,0.053390,0.012639,0.224089,0,1
6d_artstein_disc_clean,34.050000,0.405140,1.958536,0.640292,2.895507,2.950250,0.667082,-0.013786,0.225000,-0.652286,0.140398,-0.040474,0.034819,0.012639,0.053390,0.012639,0.224089,0,1
6d_artstein_disc_clean,34.100000,0.383081,1.962969,0.607678,2.902527,2.961500,0.667082,-0.013786,0.225000,-0.653824,0.133051,-0.040474,0.034819,0.012639,0.053390,0.012639,0.224089,0,1
6d_artstein_disc_clean,34.150000,0.360974,1.967155,0.574987,2.909180,2.972750,0.667082,-0.013786,0.225000,-0.655279,0.125687,-0.040474,0.034819,0.012639,0.053390,0.012639,0.224089,0,1
6d_artstein_disc_clean,34.200000,0.338821,1.971091,0.542223,2.915464,2.984000,0.667082,-0.013786,0.225000,-0.656652,0.118308,-0.040474,0.034819,0.012639,0.053390,0.012639,0.224089,0,1
6d_artstein_disc_clean,34.250000,0.316626,1.974778,0.509390,2.921380,2.995250,0.667082,-0.013786,0.225000,-0.657941,0.110913,-0.040474,0.034819,0.012639,0.053390,0.012639,0.224089,0,1
6d_artstein_disc_clean,34.300000,0.294390,1.978215,0.476493,2.926925,3.006500,0.667082,-0.013786,0.225000,-0.659147,0.103504,-0.040474,0.034819,0.012639,0.053390,0.012639,0.224089,0,1
6d_artstein_disc_clean,34.350000,0.272117,1.981402,0.443536,2.932100,3.017750,0.667082,-0.013786,0.225000,-0.660270,0.096083,-0.040474,0.034819,0.012639,0.053390,0.012639,0.224089,0,1
6d_artstein_disc_clean,34.400000,0.249809,1.984338,0.410522,2.936905,3.029000,0.667082,-0.013786,0.225000,-0.661309,0.088649,-0.040474,0.034819,0.012639,0.053390,0.012639,0.224089,0,1
6d_artstein_disc_clean,34.450000,0.227470,1.987022,0.377457,2.941337,3.040250,0.667082,-0.013786,0.225000,-0.662265,0.081203,-0.040474,0.034819,0.012639,0.053390,0.012639,0.224089,0,1
6d_artstein_disc_clean,34.500000,0.205102,1.989455,0.344343,2.945397,3.051500,0.667082,-0.013786,0.225000,-0.663136,0.073748,-0.040474,0.034819,0.012639,0.053390,0.012639,0.224089,0,1
6d_artstein_disc_clean,34.550000,0.182708,1.991637,0.311187,2.949084,3.062750,0.667082,-0.013786,0.225000,-0.663924,0.066283,-0.040474,0.034819,0.012639,0.053390,0.012639,0.224089,0,1
6d_artstein_disc_clean,34.600000,0.160291,1.993566,0.277990,2.952399,3.074000,0.667082,-0.013786,0.225000,-0.664628,0.058810,-0.040474,0.034819,0.012639,0.053390,0.012639,0.224089,0,1
6d_artstein_disc_clean,34.650000,0.137854,1.995243,0.244759,2.955339,3.085250,0.667082,-0.013786,0.225000,-0.665247,0.051329,-0.040474,0.034819,0.012639,0.053390,0.012639,0.224089,0,1
6d_artstein_disc_clean,34.700000,0.115399,1.996668,0.211497,2.957906,3.096500,0.667082,-0.013786,0.225000,-0.665782,0.043842,-0.040474,0.034819,0.012639,0.053390,0.012639,0.224089,0,1
6d_artstein_disc_clean,34.750000,0.092930,1.997840,0.178208,2.960098,3.107750,0.667082,-0.013786,0.225000,-0.666233,0.036350,-0.040474,0.034819,0.012639,0.053390,0.012639,0.224089,0,1
6d_artstein_disc_clean,34.800000,0.070449,1.998759,0.144896,2.961915,3.119000,0.667082,-0.013786,0.225000,-0.666600,0.028852,-0.040474,0.034819,0.012639,0.053390,0.012639,0.224089,0,1
6d_artstein_disc_clean,34.850000,0.047959,1.999425,0.111566,2.963358,3.130250,0.667082,-0.013786,0.225000,-0.666883,0.021351,-0.040474,0.034819,0.012639,0.053390,0.012639,0.224089,0,1
6d_artstein_disc_clean,34.900000,0.025463,1.999838,0.078222,2.964425,3.141500,0.667082,-0.013786,0.225000,-0.667081,0.013848,-0.040474,0.034819,0.012639,0.053390,0.012639,0.224089,0,1
6d_artstein_disc_clean,34.950000,0.002963,1.999998,0.044868,2.965118,-3.130435,0.667082,-0.013786,0.225000,-0.667194,0.006342,-0.040474,0.034819,0.012639,0.053390,0.012639,0.224089,0,1
6d_artstein_disc_clean,35.000000,-0.019536,1.999905,0.011508,2.965435,-3.119185,0.667082,-0.013786,0.225000,-0.667223,-0.001164,-0.040474,0.034819,0.012639,0.053390,0.012639,0.224089,0,1
6d_artstein_disc_clean,35.050000,-0.042034,1.999558,-0.021853,2.965377,-3.107935,0.667082,-0.013786,0.225000,-0.667168,-0.008670,-0.040474,0.034819,0.012639,0.053390,0.012639,0.224089,0,1
6d_artstein_disc_clean,35.100000,-0.064526,1.998959,-0.055212,2.964943,-3.096685,0.667082,-0.013786,0.225000,-0.667028,-0.016175,-0.040474,0.034819,0.012639,0.053390,0.012639,0.224089,0,1
6d_artstein_disc_clean,35.150000,-0.087009,1.998106,-0.088563,2.964134,-3.085435,0.667082,-0.013786,0.225000,-0.666804,-0.023678,-0.040474,0.034819,0.012639,0.053390,0.012639,0.224089,0,1
6d_artstein_disc_clean,35.200000,-0.109482,1.997001,-0.121903,2.962951,-3.074185,0.667082,-0.013786,0.225000,-0.666496,-0.031178,-0.040474,0.034819,0.012639,0.053390,0.012639,0.224089,0,1
6d_artstein_disc_clean,35.250000,-0.131941,1.995643,-0.155228,2.961392,-3.062935,0.667082,-0.013786,0.225000,-0.666103,-0.038674,-0.040474,0.034819,0.012639,0.053390,0.012639,0.224089,0,1
6d_artstein_disc_clean,35.300000,-0.154383,1.994033,-0.188533,2.959458,-3.051685,0.667082,-0.013786,0.225000,-0.665625,-0.046165,-0.040474,0.034819,0.012639,0.053390,0.012639,0.224089,0,1
6d_artstein_disc_clean,35.350000,-0.176806,1.992170,-0.221814,2.957150,-3.040435,0.667082,-0.013786,0.225000,-0.665064,-0.053650,-0.040474,0.034819,0.012639,0.053390,0.012639,0.224089,0,1
6d_artstein_disc_clean,35.400000,-0.199206,1.990055,-0.255068,2.954467,-3.029185,0.667082,-0.013786,0.225000,-0.664418,-0.061128,-0.040474,0.034819,0.012639,0.053390,0.012639,0.224089,0,1
6d_artstein_disc_clean,35.450000,-0.221581,1.987688,-0.288288,2.951411,-3.017935,0.667082,-0.013786,0.225000,-0.663689,-0.068599,-0.040474,0.034819,0.012639,0.053390,0.012639,0.224089,0,1
6d_artstein_disc_clean,35.500000,-0.243928,1.985069,-0.321473,2.947981,-3.006685,0.667082,-0.013786,0.225000,-0.662875,-0.076061,-0.040474,0.034819,0.012639,0.053390,0.012639,0.224089,0,1
6d_artstein_disc_clean,35.550000,-0.266244,1.982199,-0.354617,2.944178,-2.995435,0.667082,-0.013786,0.225000,-0.661977,-0.083513,-0.040474,0.034819,0.012639,0.053390,0.012639,0.224089,0,1
6d_artstein_disc_clean,35.600000,-0.288526,1.979079,-0.387716,2.940002,-2.984185,0.667082,-0.013786,0.225000,-0.660996,-0.090955,-0.040474,0.034819,0.012639,0.053390,0.012639,0.224089,0,1
6d_artstein_disc_clean,35.650000,-0.310772,1.975708,-0.420765,2.935454,-2.972935,0.667082,-0.013786,0.225000,-0.659931,-0.098385,-0.040474,0.034819,0.012639,0.053390,0.012639,0.224089,0,1
6d_artstein_disc_clean,35.700000,-0.332979,1.972086,-0.453762,2.930535,-2.961685,0.667082,-0.013786,0.225000,-0.658782,-0.105803,-0.040474,0.034819,0.012639,0.053390,0.012639,0.224089,0,1
6d_artstein_disc_clean,35.750000,-0.355143,1.968216,-0.486701,2.925245,-2.950435,0.667082,-0.013786,0.225000,-0.657550,-0.113208,-0.040474,0.034819,0.012639,0.053390,0.012639,0.224089,0,1
6d_artstein_disc_clean,35.800000,-0.377263,1.964096,-0.519578,2.919585,-2.939185,0.667082,-0.013786,0.225000,-0.656235,-0.120598,-0.040474,0.034819,0.012639,0.053390,0.012639,0.224089,0,1
6d_artstein_disc_clean,35.850000,-0.399335,1.959728,-0.552390,2.913555,-2.927935,0.667082,-0.013786,0.225000,-0.654837,-0.127973,-0.040474,0.034819,0.012639,0.053390,0.012639,0.224089,0,1
6d_artstein_disc_clean,35.900000,-0.421356,1.955111,-0.585132,2.907156,-2.916685,0.667082,-0.013786,0.225000,-0.653356,-0.135331,-0.040474,0.034819,0.012639,0.053390,0.012639,0.224089,0,1
6d_artstein_disc_clean,35.950000,-0.443324,1.950247,-0.617800,2.900390,-2.905435,0.667082,-0.013786,0.225000,-0.651792,-0.142673,-0.040474,0.034819,0.012639,0.053390,0.012639,0.224089,0,1
6d_artstein_disc_clean,36.000000,-0.465235,1.945136,-0.650389,2.893256,-2.894185,0.667082,-0.013786,0.225000,-0.650146,-0.149996,-0.040474,0.034819,0.012639,0.053390,0.012639,0.224089,0,1
6d_artstein_disc_clean,36.050000,-0.487088,1.939780,-0.682897,2.885756,-2.882935,0.667082,-0.013786,0.225000,-0.648417,-0.157301,-0.040474,0.034819,0.012639,0.053390,0.012639,0.224089,0,1
6d_artstein_disc_clean,36.100000,-0.508880,1.934177,-0.715318,2.877891,-2.871685,0.667082,-0.013786,0.225000,-0.646607,-0.164585,-0.040474,0.034819,0.012639,0.053390,0.012639,0.224089,0,1
6d_artstein_disc_clean,36.150000,-0.530606,1.928330,-0.747648,2.869662,-2.860435,0.667082,-0.013786,0.225000,-0.644714,-0.171849,-0.040474,0.034819,0.012639,0.053390,0.012639,0.224089,0,1
6d_artstein_disc_clean,36.200000,-0.552266,1.922239,-0.779884,2.861069,-2.849185,0.667082,-0.013786,0.225000,-0.642740,-0.179091,-0.040474,0.034819,0.012639,0.053390,0.012639,0.224089,0,1
6d_artstein_disc_clean,36.250000,-0.573856,1.915904,-0.812021,2.852115,-2.837935,0.667082,-0.013786,0.225000,-0.640685,-0.186310,-0.040474,0.034819,0.012639,0.053390,0.012639,0.224089,0,1
6d_artstein_disc_clean,36.300000,-0.595373,1.909327,-0.844055,2.842799,-2.826685,0.667082,-0.013786,0.225000,-0.638548,-0.193506,-0.040474,0.034819,0.012639,0.053390,0.012639,0.224089,0,1
6d_artstein_disc_clean,36.350000,-0.616815,1.902509,-0.875982,2.833124,-2.815435,0.667082,-0.013786,0.225000,-0.636331,-0.200677,-0.040474,0.034819,0.012639,0.053390,0.012639,0.224089,0,1
6d_artstein_disc_clean,36.400000,-0.638179,1.895449,-0.907799,2.823090,-2.804185,0.667082,-0.013786,0.225000,-0.634033,-0.207823,-0.040474,0.034819,0.012639,0.053390,0.012639,0.224089,0,1
6d_artstein_disc_clean,36.450000,-0.659462,1.888150,-0.939500,2.812699,-2.792935,0.667082,-0.013786,0.225000,-0.631655,-0.214943,-0.040474,0.034819,0.012639,0.053390,0.012639,0.224089,0,1
6d_artstein_disc_clean,36.500000,-0.680661,1.880612,-0.971083,2.801952,-2.781685,0.667082,-0.013786,0.225000,-0.629197,-0.222035,-0.040474,0.034819,0.012639,0.053390,0.012639,0.224089,0,1
6d_artstein_disc_clean,36.550000,-0.701774,1.872835,-1.002543,2.790850,-2.770435,0.667082,-0.013786,0.225000,-0.626659,-0.229100,-0.040474,0.034819,0.012639,0.053390,0.012639,0.224089,0,1
6d_artstein_disc_clean,36.600000,-0.722799,1.864822,-1.033876,2.779395,-2.759185,0.667082,-0.013786,0.225000,-0.624042,-0.236135,-0.040474,0.034819,0.012639,0.053390,0.012639,0.224089,0,1
6d_artstein_disc_clean,36.650000,-0.743732,1.856573,-1.065078,2.767588,-2.747935,0.667082,-0.013786,0.225000,-0.621346,-0.243140,-0.040474,0.034819,0.012639,0.053390,0.012639,0.224089,0,1
6d_artstein_disc_clean,36.700000,-0.764571,1.848089,-1.096145,2.755431,-2.736685,0.667082,-0.013786,0.225000,-0.618572,-0.250115,-0.040474,0.034819,0.012639,0.053390,0.012639,0.224089,0,1
6d_artstein_disc_clean,36.750000,-0.785313,1.839370,-1.127074,2.742926,-2.725435,0.667082,-0.013786,0.225000,-0.615719,-0.257058,-0.040474,0.034819,0.012639,0.053390,0.012639,0.224089,0,1
6d_artstein_disc_clean,36.800000,-0.805956,1.830419,-1.157860,2.730073,-2.714185,0.667082,-0.013786,0.225000,-0.612788,-0.263968,-0.040474,0.034819,0.012639,0.053390,0.012639,0.224089,0,1
6d_artstein_disc_clean,36.850000,-0.826497,1.821237,-1.188499,2.716874,-2.702935,0.667082,-0.013786,0.225000,-0.609780,-0.270845,-0.040474,0.034819,0.012639,0.053390,0.012639,0.224089,0,1
6d_artstein_disc_clean,36.900000,-0.846933,1.811824,-1.218988,2.703332,-2.691685,0.667082,-0.013786,0.225000,-0.606694,-0.277688,-0.040474,0.034819,0.012639,0.053390,0.012639,0.224089,0,1
6d_artstein_disc_clean,36.950000,-0.867262,1.802181,-1.249323,2.689448,-2.680435,0.667082,-0.013786,0.225000,-0.603532,-0.284496,-0.040474,0.034819,0.012639,0.053390,0.012639,0.224089,0,1
6d_artstein_disc_clean,37.000000,-0.887481,1.792311,-1.279500,2.675223,-2.669185,0.667082,-0.013786,0.225000,-0.600293,-0.291267,-0.040474,0.034819,0.012639,0.053390,0.012639,0.224089,0,1
6d_artstein_disc_clean,37.050000,-0.907588,1.782213,-1.309514,2.660659,-2.657935,0.667082,-0.013786,0.225000,-0.596978,-0.298002,-0.040474,0.034819,0.012639,0.053390,0.012639,0.224089,0,1
6d_artstein_disc_clean,37.100000,-0.927580,1.771890,-1.339363,2.645759,-2.646685,0.667082,-0.013786,0.225000,-0.593588,-0.304699,-0.040474,0.034819,0.012639,0.053390,0.012639,0.224089,0,1
6d_artstein_disc_clean,37.150000,-0.947455,1.761343,-1.369043,2.630524,-2.635435,0.667082,-0.013786,0.225000,-0.590123,-0.311357,-0.040474,0.034819,0.012639,0.053390,0.012639,0.224089,0,1
6d_artstein_disc_clean,37.200000,-0.967209,1.750573,-1.398549,2.614957,-2.624185,0.667082,-0.013786,0.225000,-0.586583,-0.317976,-0.040474,0.034819,0.012639,0.053390,0.012639,0.224089,0,1
6d_artstein_disc_clean,37.250000,-0.986842,1.739581,-1.427878,2.599058,-2.612935,0.667082,-0.013786,0.225000,-0.582969,-0.324555,-0.040474,0.034819,0.012639,0.053390,0.012639,0.224089,0,1
6d_artstein_disc_clean,37.300000,-1.006349,1.728370,-1.457026,2.582830,-2.601685,0.667082,-0.013786,0.225000,-0.579280,-0.331093,-0.040474,0.034819,0.012639,0.053390,0.012639,0.224089,0,1
6d_artstein_disc_clean,37.350000,-1.025729,1.716939,-1.485990,2.566275,-2.590435,0.667082,-0.013786,0.225000,-0.575519,-0.337589,-0.040474,0.034819,0.012639,0.053390,0.012639,0.224089,0,1
6d_artstein_disc_clean,37.400000,-1.044979,1.705291,-1.514766,2.549396,-2.579185,0.667082,-0.013786,0.225000,-0.571685,-0.344042,-0.040474,0.034819,0.012639,0.053390,0.012639,0.224089,0,1
6d_artstein_disc_clean,37.450000,-1.064097,1.693427,-1.543351,2.532194,-2.567935,0.667082,-0.013786,0.225000,-0.567778,-0.350451,-0.040474,0.034819,0.012639,0.053390,0.012639,0.224089,0,1
6d_artstein_disc_clean,37.500000,-1.083081,1.681349,-1.571739,2.514671,-2.556685,0.667082,-0.013786,0.225000,-0.563800,-0.356817,-0.040474,0.034819,0.012639,0.053390,0.012639,0.224089,0,1
6d_artstein_disc_clean,37.550000,-1.101927,1.669059,-1.599929,2.496830,-2.545435,0.667082,-0.013786,0.225000,-0.559750,-0.363137,-0.040474,0.034819,0.012639,0.053390,0.012639,0.224089,0,1
6d_artstein_disc_clean,37.600000,-1.120634,1.656557,-1.627917,2.478674,-2.534185,0.667082,-0.013786,0.225000,-0.555629,-0.369411,-0.040474,0.034819,0.012639,0.053390,0.012639,0.224089,0,1
6d_artstein_disc_clean,37.650000,-1.139199,1.643845,-1.655698,2.460203,-2.522935,0.667082,-0.013786,0.225000,-0.551439,-0.375638,-0.040474,0.034819,0.012639,0.053390,0.012639,0.224089,0,1
6d_artstein_disc_clean,37.700000,-1.157620,1.630925,-1.683270,2.441421,-2.511685,0.667082,-0.013786,0.225000,-0.547178,-0.381818,-0.040474,0.034819,0.012639,0.053390,0.012639,0.224089,0,1
6d_artstein_disc_clean,37.750000,-1.175894,1.617799,-1.710629,2.422330,-2.500435,0.667082,-0.013786,0.225000,-0.542848,-0.387949,-0.040474,0.034819,0.012639,0.053390,0.012639,0.224089,0,1
6d_artstein_disc_clean,37.800000,-1.194019,1.604468,-1.737772,2.402933,-2.489185,0.667082,-0.013786,0.225000,-0.538449,-0.394032,-0.040474,0.034819,0.012639,0.053390,0.012639,0.224089,0,1
6d_artstein_disc_clean,37.850000,-1.211994,1.590934,-1.764694,2.383231,-2.477935,0.667082,-0.013786,0.225000,-0.533982,-0.400064,-0.040474,0.034819,0.012639,0.053390,0.012639,0.224089,0,1
6d_artstein_disc_clean,37.900000,-1.229815,1.577199,-1.791393,2.363228,-2.466685,0.667082,-0.013786,0.225000,-0.529448,-0.406046,-0.040474,0.034819,0.012639,0.053390,0.012639,0.224089,0,1
6d_artstein_disc_clean,37.950000,-1.247480,1.563264,-1.817866,2.342926,-2.455435,0.667082,-0.013786,0.225000,-0.524846,-0.411976,-0.040474,0.034819,0.012639,0.053390,0.012639,0.224089,0,1
6d_artstein_disc_clean,38.000000,-1.264987,1.549131,-1.844108,2.322327,-2.444185,0.667082,-0.013786,0.225000,-0.520179,-0.417855,-0.040474,0.034819,0.012639,0.053390,0.012639,0.224089,0,1
6d_artstein_disc_clean,38.050000,-1.282335,1.534802,-1.870117,2.301434,-2.432935,0.667082,-0.013786,0.225000,-0.515445,-0.423680,-0.040474,0.034819,0.012639,0.053390,0.012639,0.224089,0,1
6d_artstein_disc_clean,38.100000,-1.299520,1.520279,-1.895889,2.280250,-2.421685,0.667082,-0.013786,0.225000,-0.510646,-0.429452,-0.040474,0.034819,0.012639,0.053390,0.012639,0.224089,0,1
6d_artstein_disc_clean,38.150000,-1.316540,1.505564,-1.921421,2.258778,-2.410435,0.667082,-0.013786,0.225000,-0.505782,-0.435169,-0.040474,0.034819,0.012639,0.053390,0.012639,0.224089,0,1
6d_artstein_disc_clean,38.200000,-1.333394,1.490658,-1.946711,2.237019,-2.399185,0.667082,-0.013786,0.225000,-0.500855,-0.440832,-0.040474,0.034819,0.012639,0.053390,0.012639,0.224089,0,1
6d_artstein_disc_clean,38.250000,-1.350079,1.475563,-1.971753,2.214978,-2.387935,0.667082,-0.013786,0.225000,-0.495864,-0.446438,-0.040474,0.034819,0.012639,0.053390,0.012639,0.224089,0,1
6d_artstein_disc_clean,38.300000,-1.366593,1.460282,-1.996546,2.192656,-2.376685,0.667082,-0.013786,0.225000,-0.490810,-0.451989,-0.040474,0.034819,0.012639,0.053390,0.012639,0.224089,0,1
6d_artstein_disc_clean,38.350000,-1.382935,1.444815,-2.021087,2.170056,-2.365435,0.667082,-0.013786,0.225000,-0.485694,-0.457481,-0.040474,0.034819,0.012639,0.053390,0.012639,0.224089,0,1
6d_artstein_disc_clean,38.400000,-1.399101,1.429166,-2.045372,2.147182,-2.354185,0.667082,-0.013786,0.225000,-0.480517,-0.462916,-0.040474,0.034819,0.012639,0.053390,0.012639,0.224089,0,1
6d_artstein_disc_clean,38.450000,-1.415090,1.413336,-2.069398,2.124036,-2.342935,0.667082,-0.013786,0.225000,-0.475279,-0.468293,-0.040474,0.034819,0.012639,0.053390,0.012639,0.224089,0,1
6d_artstein_disc_clean,38.500000,-1.430901,1.397327,-2.093162,2.100622,-2.331685,0.667082,-0.013786,0.225000,-0.469981,-0.473610,-0.040474,0.034819,0.012639,0.053390,0.012639,0.224089,0,1
6d_artstein_disc_clean,38.550000,-1.446530,1.381142,-2.116661,2.076941,-2.320435,0.667082,-0.013786,0.225000,-0.464623,-0.478867,-0.040474,0.034819,0.012639,0.053390,0.012639,0.224089,0,1
6d_artstein_disc_clean,38.600000,-1.461976,1.364781,-2.139892,2.052998,-2.309185,0.667082,-0.013786,0.225000,-0.459206,-0.484064,-0.040474,0.034819,0.012639,0.053390,0.012639,0.224089,0,1
6d_artstein_disc_clean,38.650000,-1.477237,1.348248,-2.162852,2.028795,-2.297935,0.667082,-0.013786,0.225000,-0.453732,-0.489199,-0.040474,0.034819,0.012639,0.053390,0.012639,0.224089,0,1
6d_artstein_disc_clean,38.700000,-1.492311,1.331544,-2.185539,2.004335,-2.286685,0.667082,-0.013786,0.225000,-0.448200,-0.494273,-0.040474,0.034819,0.012639,0.053390,0.012639,0.224089,0,1
6d_artstein_disc_clean,38.750000,-1.507196,1.314672,-2.207949,1.979621,-2.275435,0.667082,-0.013786,0.225000,-0.442611,-0.499283,-0.040474,0.034819,0.012639,0.053390,0.012639,0.224089,0,1
6d_artstein_disc_clean,38.800000,-1.521890,1.297633,-2.230079,1.954657,-2.264185,0.667082,-0.013786,0.225000,-0.436966,-0.504231,-0.040474,0.034819,0.012639,0.053390,0.012639,0.224089,0,1
6d_artstein_disc_clean,38.850000,-1.536392,1.280430,-2.251927,1.929445,-2.252935,0.667082,-0.013786,0.225000,-0.431266,-0.509115,-0.040474,0.034819,0.012639,0.053390,0.012639,0.224089,0,1
6d_artstein_disc_clean,38.900000,-1.550699,1.263065,-2.273491,1.903990,-2.241685,0.667082,-0.013786,0.225000,-0.425511,-0.513934,-0.040474,0.034819,0.012639,0.053390,0.012639,0.224089,0,1
6d_artstein_disc_clean,38.950000,-1.564810,1.245540,-2.294766,1.878293,-2.230435,0.667082,-0.013786,0.225000,-0.419703,-0.518689,-0.040474,0.034819,0.012639,0.053390,0.012639,0.224089,0,1
6d_artstein_disc_clean,39.000000,-1.578723,1.227857,-2.315751,1.852358,-2.219185,0.667082,-0.013786,0.225000,-0.413841,-0.523377,-0.040474,0.034819,0.012639,0.053390,0.012639,0.224089,0,1
6d_artstein_disc_clean,39.050000,-1.592436,1.210019,-2.336444,1.826190,-2.207935,0.667082,-0.013786,0.225000,-0.407927,-0.528000,-0.040474,0.034819,0.012639,0.053390,0.012639,0.224089,0,1
6d_artstein_disc_clean,39.100000,-1.605948,1.192028,-2.356840,1.799790,-2.196685,0.667082,-0.013786,0.225000,-0.401961,-0.532556,-0.040474,0.034819,0.012639,0.053390,0.012639,0.224089,0,1
6d_artstein_disc_clean,39.150000,-1.619256,1.173886,-2.376938,1.773162,-2.185435,0.667082,-0.013786,0.225000,-0.395945,-0.537044,-0.040474,0.034819,0.012639,0.053390,0.012639,0.224089,0,1
6d_artstein_disc_clean,39.200000,-1.632360,1.155596,-2.396735,1.746310,-2.174185,0.667082,-0.013786,0.225000,-0.389878,-0.541464,-0.040474,0.034819,0.012639,0.053390,0.012639,0.224089,0,1
6d_artstein_disc_clean,39.250000,-1.645257,1.137159,-2.416229,1.719236,-2.162935,0.667082,-0.013786,0.225000,-0.383762,-0.545816,-0.040474,0.034819,0.012639,0.053390,0.012639,0.224089,0,1
6d_artstein_disc_clean,39.300000,-1.657945,1.118578,-2.435417,1.691946,-2.151685,0.667082,-0.013786,0.225000,-0.377597,-0.550099,-0.040474,0.034819,0.012639,0.053390,0.012639,0.224089,0,1
6d_artstein_disc_clean,39.350000,-1.670424,1.099856,-2.454297,1.664441,-2.140435,0.667082,-0.013786,0.225000,-0.371385,-0.554312,-0.040474,0.034819,0.012639,0.053390,0.012639,0.224089,0,1
6d_artstein_disc_clean,39.400000,-1.682692,1.080994,-2.472866,1.636725,-2.129185,0.667082,-0.013786,0.225000,-0.365126,-0.558455,-0.040474,0.034819,0.012639,0.053390,0.012639,0.224089,0,1
6d_artstein_disc_clean,39.450000,-1.694746,1.061996,-2.491123,1.608802,-2.117935,0.667082,-0.013786,0.225000,-0.358820,-0.562527,-0.040474,0.034819,0.012639,0.053390,0.012639,0.224089,0,1
6d_artstein_disc_clean,39.500000,-1.706586,1.042863,-2.509064,1.580676,-2.106685,0.667082,-0.013786,0.225000,-0.352469,-0.566528,-0.040474,0.034819,0.012639,0.053390,0.012639,0.224089,0,1
6d_artstein_disc_clean,39.550000,-1.718210,1.023599,-2.526687,1.552350,-2.095435,0.667082,-0.013786,0.225000,-0.346073,-0.570457,-0.040474,0.034819,0.012639,0.053390,0.012639,0.224089,0,1
6d_artstein_disc_clean,39.600000,-1.729617,1.004205,-2.543991,1.523827,-2.084185,0.667082,-0.013786,0.225000,-0.339634,-0.574314,-0.040474,0.034819,0.012639,0.053390,0.012639,0.224089,0,1
6d_artstein_disc_clean,39.650000,-1.740804,0.984683,-2.560972,1.495111,-2.072935,0.667082,-0.013786,0.225000,-0.333152,-0.578099,-0.040474,0.034819,0.012639,0.053390,0.012639,0.224089,0,1
6d_artstein_disc_clean,39.700000,-1.751771,0.965037,-2.577630,1.466206,-2.061685,0.667082,-0.013786,0.225000,-0.326627,-0.581810,-0.040474,0.034819,0.012639,0.053390,0.012639,0.224089,0,1
6d_artstein_disc_clean,39.750000,-1.762517,0.945269,-2.593961,1.437116,-2.050435,0.667082,-0.013786,0.225000,-0.320061,-0.585448,-0.040474,0.034819,0.012639,0.053390,0.012639,0.224089,0,1
6d_artstein_disc_clean,39.800000,-1.773040,0.925381,-2.609964,1.407843,-2.039185,0.667082,-0.013786,0.225000,-0.313455,-0.589011,-0.040474,0.034819,0.012639,0.053390,0.012639,0.224089,0,1
6d_artstein_disc_clean,39.850000,-1.783338,0.905377,-2.625637,1.378393,-2.027935,0.667082,-0.013786,0.225000,-0.306809,-0.592500,-0.040474,0.034819,0.012639,0.053390,0.012639,0.224089,0,1
6d_artstein_disc_clean,39.900000,-1.793410,0.885257,-2.640978,1.348768,-2.016685,0.667082,-0.013786,0.225000,-0.300124,-0.595914,-0.040474,0.034819,0.012639,0.053390,0.012639,0.224089,0,1
6d_artstein_disc_clean,39.950000,-1.803256,0.865026,-2.655984,1.318972,-2.005435,0.667082,-0.013786,0.225000,-0.293401,-0.599253,-0.040474,0.034819,0.012639,0.053390,0.012639,0.224089,0,1
6d_artstein_disc_clean,40.000000,-1.812873,0.844685,-2.670654,1.289009,-1.994185,0.667082,-0.013786,0.225000,-0.286641,-0.602516,-0.040474,0.034819,0.012639,0.053390,0.012639,0.224089,0,1
6d_artstein_disc_clean,40.050000,-1.822261,0.824237,-2.684986,1.258883,-1.982935,0.667082,-0.013786,0.225000,-0.279845,-0.605702,-0.040474,0.034819,0.012639,0.053390,0.012639,0.224089,0,1
6d_artstein_disc_clean,40.100000,-1.831418,0.803685,-2.698978,1.228598,-1.971685,0.667082,-0.013786,0.225000,-0.273013,-0.608812,-0.040474,0.034819,0.012639,0.053390,0.012639,0.224089,0,1
6d_artstein_disc_clean,40.150000,-1.840343,0.783031,-2.712629,1.198158,-1.960435,0.667082,-0.013786,0.225000,-0.266147,-0.611845,-0.040474,0.034819,0.012639,0.053390,0.012639,0.224089,0,1
6d_artstein_disc_clean,40.200000,-1.849036,0.762278,-2.725936,1.167565,-1.949185,0.667082,-0.013786,0.225000,-0.259247,-0.614800,-0.040474,0.034819,0.012639,0.053390,0.012639,0.224089,0,1
6d_artstein_disc_clean,40.250000,-1.857494,0.741429,-2.738898,1.136825,-1.937935,0.667082,-0.013786,0.225000,-0.252314,-0.617678,-0.040474,0.034819,0.012639,0.053390,0.012639,0.224089,0,1
6d_artstein_disc_clean,40.300000,-1.865717,0.720485,-2.751514,1.105941,-1.926685,0.667082,-0.013786,0.225000,-0.245349,-0.620477,-0.040474,0.034819,0.012639,0.053390,0.012639,0.224089,0,1
6d_artstein_disc_clean,40.350000,-1.873705,0.699451,-2.763782,1.074918,-1.915435,0.667082,-0.013786,0.225000,-0.238353,-0.623198,-0.040474,0.034819,0.012639,0.053390,0.012639,0.224089,0,1
6d_artstein_disc_clean,40.400000,-1.881455,0.678328,-2.775699,1.043758,-1.904185,0.667082,-0.013786,0.225000,-0.231328,-0.625840,-0.040474,0.034819,0.012639,0.053390,0.012639,0.224089,0,1
6d_artstein_disc_clean,40.450000,-1.888967,0.657119,-2.787266,1.012466,-1.892935,0.667082,-0.013786,0.225000,-0.224272,-0.628403,-0.040474,0.034819,0.012639,0.053390,0.012639,0.224089,0,1
6d_artstein_disc_clean,40.500000,-1.896239,0.635827,-2.798479,0.981046,-1.881685,0.667082,-0.013786,0.225000,-0.217189,-0.630886,-0.040474,0.034819,0.012639,0.053390,0.012639,0.224089,0,1
6d_artstein_disc_clean,40.550000,-1.903272,0.614454,-2.809339,0.949501,-1.870435,0.667082,-0.013786,0.225000,-0.210078,-0.633290,-0.040474,0.034819,0.012639,0.053390,0.012639,0.224089,0,1
6d_artstein_disc_clean,40.600000,-1.910064,0.593004,-2.819843,0.917837,-1.859185,0.667082,-0.013786,0.225000,-0.202940,-0.635613,-0.040474,0.034819,0.012639,0.053390,0.012639,0.224089,0,1
6d_artstein_disc_clean,40.650000,-1.916615,0.571479,-2.829990,0.886056,-1.847935,0.667082,-0.013786,0.225000,-0.195777,-0.637856,-0.040474,0.034819,0.012639,0.053390,0.012639,0.224089,0,1
6d_artstein_disc_clean,40.700000,-1.922922,0.549881,-2.839778,0.854163,-1.836685,0.667082,-0.013786,0.225000,-0.188589,-0.640018,-0.040474,0.034819,0.012639,0.053390,0.012639,0.224089,0,1
6d_artstein_disc_clean,40.750000,-1.928987,0.528214,-2.849208,0.822162,-1.825435,0.667082,-0.013786,0.225000,-0.181377,-0.642099,-0.040474,0.034819,0.012639,0.053390,0.012639,0.224089,0,1
6d_artstein_disc_clean,40.800000,-1.934807,0.506480,-2.858277,0.790058,-1.814185,0.667082,-0.013786,0.225000,-0.174142,-0.644099,-0.040474,0.034819,0.012639,0.053390,0.012639,0.224089,0,1
6d_artstein_disc_clean,40.850000,-1.940382,0.484682,-2.866984,0.757853,-1.802935,0.667082,-0.013786,0.225000,-0.166885,-0.646017,-0.040474,0.034819,0.012639,0.053390,0.012639,0.224089,0,1
6d_artstein_disc_clean,40.900000,-1.945712,0.462822,-2.875328,0.725552,-1.791685,0.667082,-0.013786,0.225000,-0.159607,-0.647853,-0.040474,0.034819,0.012639,0.053390,0.012639,0.224089,0,1
6d_artstein_disc_clean,40.950000,-1.950796,0.440904,-2.883308,0.693159,-1.780435,0.667082,-0.013786,0.225000,-0.152308,-0.649608,-0.040474,0.034819,0.012639,0.053390,0.012639,0.224089,0,1
6d_artstein_disc_clean,41.000000,-1.955632,0.418930,-2.890924,0.660679,-1.769185,0.667082,-0.013786,0.225000,-0.144991,-0.651280,-0.040474,0.034819,0.012639,0.053390,0.012639,0.224089,0,1
6d_artstein_disc_clean,41.050000,-1.960221,0.396903,-2.898173,0.628115,-1.757935,0.667082,-0.013786,0.225000,-0.137655,-0.652870,-0.040474,0.034819,0.012639,0.053390,0.012639,0.224089,0,1
6d_artstein_disc_clean,41.100000,-1.964562,0.374826,-2.905056,0.595471,-1.746685,0.667082,-0.013786,0.225000,-0.130302,-0.654377,-0.040474,0.034819,0.012639,0.053390,0.012639,0.224089,0,1
6d_artstein_disc_clean,41.150000,-1.968655,0.352702,-2.911571,0.562752,-1.735435,0.667082,-0.013786,0.225000,-0.122932,-0.655802,-0.040474,0.034819,0.012639,0.053390,0.012639,0.224089,0,1
6d_artstein_disc_clean,41.200000,-1.972498,0.330532,-2.917718,0.529962,-1.724185,0.667082,-0.013786,0.225000,-0.115546,-0.657143,-0.040474,0.034819,0.012639,0.053390,0.012639,0.224089,0,1
6d_artstein_disc_clean,41.250000,-1.976092,0.308321,-2.923495,0.497105,-1.712935,0.667082,-0.013786,0.225000,-0.108146,-0.658402,-0.040474,0.034819,0.012639,0.053390,0.012639,0.224089,0,1
6d_artstein_disc_clean,41.300000,-1.979435,0.286071,-2.928902,0.464185,-1.701685,0.667082,-0.013786,0.225000,-0.100733,-0.659577,-0.040474,0.034819,0.012639,0.053390,0.012639,0.224089,0,1
6d_artstein_disc_clean,41.350000,-1.982528,0.263785,-2.933939,0.431206,-1.690435,0.667082,-0.013786,0.225000,-0.093306,-0.660668,-0.040474,0.034819,0.012639,0.053390,0.012639,0.224089,0,1
6d_artstein_disc_clean,41.400000,-1.985370,0.241465,-2.938604,0.398173,-1.679185,0.667082,-0.013786,0.225000,-0.085868,-0.661676,-0.040474,0.034819,0.012639,0.053390,0.012639,0.224089,0,1
6d_artstein_disc_clean,41.450000,-1.987961,0.219115,-2.942898,0.365089,-1.667935,0.667082,-0.013786,0.225000,-0.078419,-0.662600,-0.040474,0.034819,0.012639,0.053390,0.012639,0.224089,0,1
6d_artstein_disc_clean,41.500000,-1.990300,0.196737,-2.946819,0.331959,-1.656685,0.667082,-0.013786,0.225000,-0.070960,-0.663440,-0.040474,0.034819,0.012639,0.053390,0.012639,0.224089,0,1
6d_artstein_disc_clean,41.550000,-1.992387,0.174334,-2.950367,0.298787,-1.645435,0.667082,-0.013786,0.225000,-0.063492,-0.664197,-0.040474,0.034819,0.012639,0.053390,0.012639,0.224089,0,1
6d_artstein_disc_clean,41.600000,-1.994223,0.151909,-2.953541,0.265577,-1.634185,0.667082,-0.013786,0.225000,-0.056016,-0.664869,-0.040474,0.034819,0.012639,0.053390,0.012639,0.224089,0,1
6d_artstein_disc_clean,41.650000,-1.995805,0.129465,-2.956342,0.232334,-1.622935,0.667082,-0.013786,0.225000,-0.048532,-0.665457,-0.040474,0.034819,0.012639,0.053390,0.012639,0.224089,0,1
6d_artstein_disc_clean,41.700000,-1.997135,0.107005,-2.958769,0.199061,-1.611685,0.667082,-0.013786,0.225000,-0.041043,-0.665961,-0.040474,0.034819,0.012639,0.053390,0.012639,0.224089,0,1
6d_artstein_disc_clean,41.750000,-1.998213,0.084531,-2.960821,0.165763,-1.600435,0.667082,-0.013786,0.225000,-0.033549,-0.666380,-0.040474,0.034819,0.012639,0.053390,0.012639,0.224089,0,1
6d_artstein_disc_clean,41.800000,-1.999037,0.062046,-2.962498,0.132444,-1.589185,0.667082,-0.013786,0.225000,-0.026050,-0.666716,-0.040474,0.034819,0.012639,0.053390,0.012639,0.224089,0,1
6d_artstein_disc_clean,41.850000,-1.999609,0.039553,-2.963801,0.099108,-1.577935,0.667082,-0.013786,0.225000,-0.018548,-0.666967,-0.040474,0.034819,0.012639,0.053390,0.012639,0.224089,0,1
6d_artstein_disc_clean,41.900000,-1.999927,0.017056,-2.964728,0.065760,-1.566685,0.667082,-0.013786,0.225000,-0.011043,-0.667133,-0.040474,0.034819,0.012639,0.053390,0.012639,0.224089,0,1
6d_artstein_disc_clean,41.950000,-1.999993,-0.005444,-2.965280,0.032403,-1.555435,0.667082,-0.013786,0.225000,-0.003538,-0.667215,-0.040474,0.034819,0.012639,0.053390,0.012639,0.224089,0,1
6d_artstein_disc_clean,42.000000,-1.999805,-0.027943,-2.965457,-0.000958,-1.544185,0.667082,-0.013786,0.225000,0.003969,-0.667213,-0.040474,0.034819,0.012639,0.053390,0.012639,0.224089,0,1
6d_artstein_disc_clean,42.050000,-1.999364,-0.050439,-2.965259,-0.034318,-1.532935,0.667082,-0.013786,0.225000,0.011474,-0.667126,-0.040474,0.034819,0.012639,0.053390,0.012639,0.224089,0,1
6d_artstein_disc_clean,42.100000,-1.998670,-0.072928,-2.964685,-0.067675,-1.521685,0.667082,-0.013786,0.225000,0.018979,-0.666954,-0.040474,0.034819,0.012639,0.053390,0.012639,0.224089,0,1
6d_artstein_disc_clean,42.150000,-1.997723,-0.095408,-2.963736,-0.101022,-1.510435,0.667082,-0.013786,0.225000,0.026481,-0.666699,-0.040474,0.034819,0.012639,0.053390,0.012639,0.224089,0,1
6d_artstein_disc_clean,42.200000,-1.996523,-0.117876,-2.962412,-0.134357,-1.499185,0.667082,-0.013786,0.225000,0.033979,-0.666359,-0.040474,0.034819,0.012639,0.053390,0.012639,0.224089,0,1
6d_artstein_disc_clean,42.250000,-1.995071,-0.140329,-2.960713,-0.167675,-1.487935,0.667082,-0.013786,0.225000,0.041473,-0.665934,-0.040474,0.034819,0.012639,0.053390,0.012639,0.224089,0,1
6d_artstein_disc_clean,42.300000,-1.993366,-0.162764,-2.958639,-0.200972,-1.476685,0.667082,-0.013786,0.225000,0.048962,-0.665425,-0.040474,0.034819,0.012639,0.053390,0.012639,0.224089,0,1
6d_artstein_disc_clean,42.350000,-1.991409,-0.185178,-2.956191,-0.234243,-1.465435,0.667082,-0.013786,0.225000,0.056445,-0.664833,-0.040474,0.034819,0.012639,0.053390,0.012639,0.224089,0,1
6d_artstein_disc_clean,42.400000,-1.989200,-0.207570,-2.953369,-0.267485,-1.454185,0.667082,-0.013786,0.225000,0.063921,-0.664155,-0.040474,0.034819,0.012639,0.053390,0.012639,0.224089,0,1
6d_artstein_disc_clean,42.450000,-1.986739,-0.229935,-2.950173,-0.300693,-1.442935,0.667082,-0.013786,0.225000,0.071388,-0.663394,-0.040474,0.034819,0.012639,0.053390,0.012639,0.224089,0,1
6d_artstein_disc_clean,42.500000,-1.984026,-0.252270,-2.946604,-0.333862,-1.431685,0.667082,-0.013786,0.225000,0.078847,-0.662549,-0.040474,0.034819,0.012639,0.053390,0.012639,0.224089,0,1
6d_artstein_disc_clean,42.550000,-1.981063,-0.274574,-2.942661,-0.366990,-1.420435,0.667082,-0.013786,0.225000,0.086295,-0.661620,-0.040474,0.034819,0.012639,0.053390,0.012639,0.224089,0,1
6d_artstein_disc_clean,42.600000,-1.977848,-0.296843,-2.938346,-0.400071,-1.409185,0.667082,-0.013786,0.225000,0.093733,-0.660608,-0.040474,0.034819,0.012639,0.053390,0.012639,0.224089,0,1
6d_artstein_disc_clean,42.650000,-1.974384,-0.319075,-2.933660,-0.433101,-1.397935,0.667082,-0.013786,0.225000,0.101159,-0.659511,-0.040474,0.034819,0.012639,0.053390,0.012639,0.224089,0,1
6d_artstein_disc_clean,42.700000,-1.970669,-0.341266,-2.928602,-0.466077,-1.386685,0.667082,-0.013786,0.225000,0.108572,-0.658332,-0.040474,0.034819,0.012639,0.053390,0.012639,0.224089,0,1
6d_artstein_disc_clean,42.750000,-1.966705,-0.363414,-2.923173,-0.498993,-1.375435,0.667082,-0.013786,0.225000,0.115971,-0.657069,-0.040474,0.034819,0.012639,0.053390,0.012639,0.224089,0,1
6d_artstein_disc_clean,42.800000,-1.962493,-0.385516,-2.917375,-0.531847,-1.364185,0.667082,-0.013786,0.225000,0.123355,-0.655722,-0.040474,0.034819,0.012639,0.053390,0.012639,0.224089,0,1
6d_artstein_disc_clean,42.850000,-1.958032,-0.407569,-2.911207,-0.564633,-1.352935,0.667082,-0.013786,0.225000,0.130724,-0.654293,-0.040474,0.034819,0.012639,0.053390,0.012639,0.224089,0,1
6d_artstein_disc_clean,42.900000,-1.953323,-0.429571,-2.904671,-0.597348,-1.341685,0.667082,-0.013786,0.225000,0.138077,-0.652781,-0.040474,0.034819,0.012639,0.053390,0.012639,0.224089,0,1
6d_artstein_disc_clean,42.950000,-1.948366,-0.451518,-2.897767,-0.629987,-1.330435,0.667082,-0.013786,0.225000,0.145411,-0.651186,-0.040474,0.034819,0.012639,0.053390,0.012639,0.224089,0,1
6d_artstein_disc_clean,43.000000,-1.943164,-0.473408,-2.890496,-0.662546,-1.319185,0.667082,-0.013786,0.225000,0.152728,-0.649509,-0.040474,0.034819,0.012639,0.053390,0.012639,0.224089,0,1
6d_artstein_disc_clean,43.050000,-1.937715,-0.495238,-2.882860,-0.695021,-1.307935,0.667082,-0.013786,0.225000,0.160025,-0.647750,-0.040474,0.034819,0.012639,0.053390,0.012639,0.224089,0,1
6d_artstein_disc_clean,43.100000,-1.932021,-0.517006,-2.874859,-0.727409,-1.296685,0.667082,-0.013786,0.225000,0.167302,-0.645909,-0.040474,0.034819,0.012639,0.053390,0.012639,0.224089,0,1
6d_artstein_disc_clean,43.150000,-1.926083,-0.538708,-2.866494,-0.759704,-1.285435,0.667082,-0.013786,0.225000,0.174558,-0.643986,-0.040474,0.034819,0.012639,0.053390,0.012639,0.224089,0,1
6d_artstein_disc_clean,43.200000,-1.919900,-0.560342,-2.857766,-0.791904,-1.274185,0.667082,-0.013786,0.225000,0.181791,-0.641981,-0.040474,0.034819,0.012639,0.053390,0.012639,0.224089,0,1
6d_artstein_disc_clean,43.250000,-1.913475,-0.581905,-2.848676,-0.824003,-1.262935,0.667082,-0.013786,0.225000,0.189002,-0.639896,-0.040474,0.034819,0.012639,0.053390,0.012639,0.224089,0,1
6d_artstein_disc_clean,43.300000,-1.906808,-0.603394,-2.839226,-0.855998,-1.251685,0.667082,-0.013786,0.225000,0.196189,-0.637729,-0.040474,0.034819,0.012639,0.053390,0.012639,0.224089,0,1
6d_artstein_disc_clean,43.350000,-1.899899,-0.624807,-2.829417,-0.887884,-1.240435,0.667082,-0.013786,0.225000,0.203351,-0.635482,-0.040474,0.034819,0.012639,0.053390,0.012639,0.224089,0,1
6d_artstein_disc_clean,43.400000,-1.892750,-0.646141,-2.819249,-0.919658,-1.229185,0.667082,-0.013786,0.225000,0.210487,-0.633154,-0.040474,0.034819,0.012639,0.053390,0.012639,0.224089,0,1
6d_artstein_disc_clean,43.450000,-1.885361,-0.667393,-2.808725,-0.951316,-1.217935,0.667082,-0.013786,0.225000,0.217596,-0.630746,-0.040474,0.034819,0.012639,0.053390,0.012639,0.224089,0,1
6d_artstein_disc_clean,43.500000,-1.877734,-0.688560,-2.797845,-0.982853,-1.206685,0.667082,-0.013786,0.225000,0.224678,-0.628258,-0.040474,0.034819,0.012639,0.053390,0.012639,0.224089,0,1
6d_artstein_disc_clean,43.550000,-1.869869,-0.709641,-2.786611,-1.014266,-1.195435,0.667082,-0.013786,0.225000,0.231732,-0.625691,-0.040474,0.034819,0.012639,0.053390,0.012639,0.224089,0,1
6d_artstein_disc_clean,43.600000,-1.861767,-0.730632,-2.775024,-1.045551,-1.184185,0.667082,-0.013786,0.225000,0.238756,-0.623044,-0.040474,0.034819,0.012639,0.053390,0.012639,0.224089,0,1
6d_artstein_disc_clean,43.650000,-1.853430,-0.751530,-2.763087,-1.076703,-1.172935,0.667082,-0.013786,0.225000,0.245750,-0.620319,-0.040474,0.034819,0.012639,0.053390,0.012639,0.224089,0,1
6d_artstein_disc_clean,43.700000,-1.844858,-0.772333,-2.750799,-1.107719,-1.161685,0.667082,-0.013786,0.225000,0.252713,-0.617515,-0.040474,0.034819,0.012639,0.053390,0.012639,0.224089,0,1
6d_artstein_disc_clean,43.750000,-1.836053,-0.793038,-2.738163,-1.138594,-1.150435,0.667082,-0.013786,0.225000,0.259644,-0.614633,-0.040474,0.034819,0.012639,0.053390,0.012639,0.224089,0,1
6d_artstein_disc_clean,43.800000,-1.827015,-0.813643,-2.725181,-1.169326,-1.139185,0.667082,-0.013786,0.225000,0.266542,-0.611673,-0.040474,0.034819,0.012639,0.053390,0.012639,0.224089,0,1
6d_artstein_disc_clean,43.850000,-1.817746,-0.834145,-2.711854,-1.199910,-1.127935,0.667082,-0.013786,0.225000,0.273406,-0.608636,-0.040474,0.034819,0.012639,0.053390,0.012639,0.224089,0,1
6d_artstein_disc_clean,43.900000,-1.808247,-0.854542,-2.698184,-1.230341,-1.116685,0.667082,-0.013786,0.225000,0.280236,-0.605521,-0.040474,0.034819,0.012639,0.053390,0.012639,0.224089,0,1
6d_artstein_disc_clean,43.950000,-1.798520,-0.874830,-2.684172,-1.260618,-1.105435,0.667082,-0.013786,0.225000,0.287030,-0.602331,-0.040474,0.034819,0.012639,0.053390,0.012639,0.224089,0,1
6d_artstein_disc_clean,44.000000,-1.788564,-0.895008,-2.669821,-1.290734,-1.094185,0.667082,-0.013786,0.225000,0.293788,-0.599063,-0.040474,0.034819,0.012639,0.053390,0.012639,0.224089,0,1
6d_artstein_disc_clean,44.050000,-1.778382,-0.915072,-2.655131,-1.320687,-1.082935,0.667082,-0.013786,0.225000,0.300509,-0.595720,-0.040474,0.034819,0.012639,0.053390,0.012639,0.224089,0,1
6d_artstein_disc_clean,44.100000,-1.767975,-0.935020,-2.640106,-1.350473,-1.071685,0.667082,-0.013786,0.225000,0.307191,-0.592302,-0.040474,0.034819,0.012639,0.053390,0.012639,0.224089,0,1
6d_artstein_disc_clean,44.150000,-1.757345,-0.954850,-2.624746,-1.380088,-1.060435,0.667082,-0.013786,0.225000,0.313835,-0.588809,-0.040474,0.034819,0.012639,0.053390,0.012639,0.224089,0,1
6d_artstein_disc_clean,44.200000,-1.746492,-0.974560,-2.609054,-1.409529,-1.049185,0.667082,-0.013786,0.225000,0.320439,-0.585241,-0.040474,0.034819,0.012639,0.053390,0.012639,0.224089,0,1
6d_artstein_disc_clean,44.250000,-1.735418,-0.994146,-2.593032,-1.438791,-1.037935,0.667082,-0.013786,0.225000,0.327003,-0.581599,-0.040474,0.034819,0.012639,0.053390,0.012639,0.224089,0,1
6d_artstein_disc_clean,44.300000,-1.724124,-1.013606,-2.576682,-1.467871,-1.026685,0.667082,-0.013786,0.225000,0.333525,-0.577884,-0.040474,0.034819,0.012639,0.053390,0.012639,0.224089,0,1
6d_artstein_disc_clean,44.350000,-1.712612,-1.032938,-2.560006,-1.496765,-1.015435,0.667082,-0.013786,0.225000,0.340005,-0.574095,-0.040474,0.034819,0.012639,0.053390,0.012639,0.224089,0,1
6d_artstein_disc_clean,44.400000,-1.700883,-1.052139,-2.543006,-1.525470,-1.004185,0.667082,-0.013786,0.225000,0.346442,-0.570234,-0.040474,0.034819,0.012639,0.053390,0.012639,0.224089,0,1
6d_artstein_disc_clean,44.450000,-1.688939,-1.071207,-2.525684,-1.553981,-0.992935,0.667082,-0.013786,0.225000,0.352835,-0.566300,-0.040474,0.034819,0.012639,0.053390,0.012639,0.224089,0,1
6d_artstein_disc_clean,44.500000,-1.676782,-1.090139,-2.508042,-1.582296,-0.981685,0.667082,-0.013786,0.225000,0.359183,-0.562295,-0.040474,0.034819,0.012639,0.053390,0.012639,0.224089,0,1
6d_artstein_disc_clean,44.550000,-1.664412,-1.108933,-2.490083,-1.610411,-0.970435,0.667082,-0.013786,0.225000,0.365486,-0.558219,-0.040474,0.034819,0.012639,0.053390,0.012639,0.224089,0,1
6d_artstein_disc_clean,44.600000,-1.651831,-1.127588,-2.471808,-1.638322,-0.959185,0.667082,-0.013786,0.225000,0.371743,-0.554072,-0.040474,0.034819,0.012639,0.053390,0.012639,0.224089,0,1
6d_artstein_disc_clean,44.650000,-1.639042,-1.146099,-2.453221,-1.666026,-0.947935,0.667082,-0.013786,0.225000,0.377953,-0.549855,-0.040474,0.034819,0.012639,0.053390,0.012639,0.224089,0,1
6d_artstein_disc_clean,44.700000,-1.626045,-1.164465,-2.434324,-1.693518,-0.936685,0.667082,-0.013786,0.225000,0.384115,-0.545568,-0.040474,0.034819,0.012639,0.053390,0.012639,0.224089,0,1
6d_artstein_disc_clean,44.750000,-1.612842,-1.182684,-2.415118,-1.720797,-0.925435,0.667082,-0.013786,0.225000,0.390228,-0.541212,-0.040474,0.034819,0.012639,0.053390,0.012639,0.224089,0,1
6d_artstein_disc_clean,44.800000,-1.599435,-1.200753,-2.395607,-1.747857,-0.914185,0.667082,-0.013786,0.225000,0.396292,-0.536788,-0.040474,0.034819,0.012639,0.053390,0.012639,0.224089,0,1
6d_artstein_disc_clean,44.850000,-1.585825,-1.218671,-2.375792,-1.774697,-0.902935,0.667082,-0.013786,0.225000,0.402305,-0.532296,-0.040474,0.034819,0.012639,0.053390,0.012639,0.224089,0,1
6d_artstein_disc_clean,44.900000,-1.572015,-1.236434,-2.355677,-1.801312,-0.891685,0.667082,-0.013786,0.225000,0.408268,-0.527736,-0.040474,0.034819,0.012639,0.053390,0.012639,0.224089,0,1
6d_artstein_disc_clean,44.950000,-1.558006,-1.254040,-2.335263,-1.827698,-0.880435,0.667082,-0.013786,0.225000,0.414179,-0.523110,-0.040474,0.034819,0.012639,0.053390,0.012639,0.224089,0,1
6d_artstein_disc_clean,45.000000,-1.543800,-1.271488,-2.314554,-1.853854,-0.869185,0.667082,-0.013786,0.225000,0.420038,-0.518417,-0.040474,0.034819,0.012639,0.053390,0.012639,0.224089,0,1
6d_artstein_disc_clean,45.050000,-1.529398,-1.288775,-2.293553,-1.879775,-0.857935,0.667082,-0.013786,0.225000,0.425843,-0.513659,-0.040474,0.034819,0.012639,0.053390,0.012639,0.224089,0,1
6d_artstein_disc_clean,45.100000,-1.514803,-1.305899,-2.272260,-1.905458,-0.846685,0.667082,-0.013786,0.225000,0.431595,-0.508836,-0.040474,0.034819,0.012639,0.053390,0.012639,0.224089,0,1
6d_artstein_disc_clean,45.150000,-1.500016,-1.322857,-2.250681,-1.930900,-0.835435,0.667082,-0.013786,0.225000,0.437292,-0.503949,-0.040474,0.034819,0.012639,0.053390,0.012639,0.224089,0,1
6d_artstein_disc_clean,45.200000,-1.485039,-1.339648,-2.228816,-1.956097,-0.824185,0.667082,-0.013786,0.225000,0.442933,-0.498997,-0.040474,0.034819,0.012639,0.053390,0.012639,0.224089,0,1
6d_artstein_disc_clean,45.250000,-1.469875,-1.356270,-2.206669,-1.981047,-0.812935,0.667082,-0.013786,0.225000,0.448519,-0.493983,-0.040474,0.034819,0.012639,0.053390,0.012639,0.224089,0,1
6d_artstein_disc_clean,45.300000,-1.454524,-1.372720,-2.184243,-2.005746,-0.801685,0.667082,-0.013786,0.225000,0.454048,-0.488906,-0.040474,0.034819,0.012639,0.053390,0.012639,0.224089,0,1
6d_artstein_disc_clean,45.350000,-1.438989,-1.388996,-2.161541,-2.030191,-0.790435,0.667082,-0.013786,0.225000,0.459519,-0.483767,-0.040474,0.034819,0.012639,0.053390,0.012639,0.224089,0,1
6d_artstein_disc_clean,45.400000,-1.423272,-1.405097,-2.138565,-2.054380,-0.779185,0.667082,-0.013786,0.225000,0.464932,-0.478567,-0.040474,0.034819,0.012639,0.053390,0.012639,0.224089,0,1
6d_artstein_disc_clean,45.450000,-1.407375,-1.421019,-2.115318,-2.078308,-0.767935,0.667082,-0.013786,0.225000,0.470287,-0.473306,-0.040474,0.034819,0.012639,0.053390,0.012639,0.224089,0,1
6d_artstein_disc_clean,45.500000,-1.391300,-1.436762,-2.091804,-2.101973,-0.756685,0.667082,-0.013786,0.225000,0.475581,-0.467986,-0.040474,0.034819,0.012639,0.053390,0.012639,0.224089,0,1
6d_artstein_disc_clean,45.550000,-1.375049,-1.452323,-2.068025,-2.125373,-0.745435,0.667082,-0.013786,0.225000,0.480816,-0.462606,-0.040474,0.034819,0.012639,0.053390,0.012639,0.224089,0,1
6d_artstein_disc_clean,45.600000,-1.358623,-1.467700,-2.043984,-2.148503,-0.734185,0.667082,-0.013786,0.225000,0.485990,-0.457168,-0.040474,0.034819,0.012639,0.053390,0.012639,0.224089,0,1
6d_artstein_disc_clean,45.650000,-1.342026,-1.482891,-2.019685,-2.171361,-0.722935,0.667082,-0.013786,0.225000,0.491102,-0.451671,-0.040474,0.034819,0.012639,0.053390,0.012639,0.224089,0,1
6d_artstein_disc_clean,45.700000,-1.325259,-1.497895,-1.995130,-2.193945,-0.711685,0.667082,-0.013786,0.225000,0.496152,-0.446118,-0.040474,0.034819,0.012639,0.053390,0.012639,0.224089,0,1
6d_artstein_disc_clean,45.750000,-1.308324,-1.512709,-1.970322,-2.216251,-0.700435,0.667082,-0.013786,0.225000,0.501140,-0.440508,-0.040474,0.034819,0.012639,0.053390,0.012639,0.224089,0,1
6d_artstein_disc_clean,45.800000,-1.291224,-1.527331,-1.945265,-2.238276,-0.689185,0.667082,-0.013786,0.225000,0.506063,-0.434843,-0.040474,0.034819,0.012639,0.053390,0.012639,0.224089,0,1
6d_artstein_disc_clean,45.850000,-1.273960,-1.541761,-1.919962,-2.260018,-0.677935,0.667082,-0.013786,0.225000,0.510923,-0.429122,-0.040474,0.034819,0.012639,0.053390,0.012639,0.224089,0,1
6d_artstein_disc_clean,45.900000,-1.256535,-1.555995,-1.894416,-2.281474,-0.666685,0.667082,-0.013786,0.225000,0.515719,-0.423347,-0.040474,0.034819,0.012639,0.053390,0.012639,0.224089,0,1
6d_artstein_disc_clean,45.950000,-1.238951,-1.570032,-1.868630,-2.302642,-0.655435,0.667082,-0.013786,0.225000,0.520448,-0.417519,-0.040474,0.034819,0.012639,0.053390,0.012639,0.224089,0,1
6d_artstein_disc_clean,46.000000,-1.221210,-1.583871,-1.842607,-2.323518,-0.644185,0.667082,-0.013786,0.225000,0.525112,-0.411637,-0.040474,0.034819,0.012639,0.053390,0.012639,0.224089,0,1
6d_artstein_disc_clean,46.050000,-1.203315,-1.597509,-1.816352,-2.344100,-0.632935,0.667082,-0.013786,0.225000,0.529710,-0.405704,-0.040474,0.034819,0.012639,0.053390,0.012639,0.224089,0,1
6d_artstein_disc_clean,46.100000,-1.185267,-1.610945,-1.789866,-2.364385,-0.621685,0.667082,-0.013786,0.225000,0.534241,-0.399719,-0.040474,0.034819,0.012639,0.053390,0.012639,0.224089,0,1
6d_artstein_disc_clean,46.150000,-1.167069,-1.624177,-1.763154,-2.384371,-0.610435,0.667082,-0.013786,0.225000,0.538704,-0.393684,-0.040474,0.034819,0.012639,0.053390,0.012639,0.224089,0,1
6d_artstein_disc_clean,46.200000,-1.148724,-1.637203,-1.736219,-2.404055,-0.599185,0.667082,-0.013786,0.225000,0.543098,-0.387598,-0.040474,0.034819,0.012639,0.053390,0.012639,0.224089,0,1
6d_artstein_disc_clean,46.250000,-1.130233,-1.650022,-1.709064,-2.423435,-0.587935,0.667082,-0.013786,0.225000,0.547424,-0.381464,-0.040474,0.034819,0.012639,0.053390,0.012639,0.224089,0,1
6d_artstein_disc_clean,46.300000,-1.111599,-1.662633,-1.681693,-2.442508,-0.576685,0.667082,-0.013786,0.225000,0.551681,-0.375282,-0.040474,0.034819,0.012639,0.053390,0.012639,0.224089,0,1
6d_artstein_disc_clean,46.350000,-1.092824,-1.675033,-1.654109,-2.461272,-0.565435,0.667082,-0.013786,0.225000,0.555868,-0.369052,-0.040474,0.034819,0.012639,0.053390,0.012639,0.224089,0,1
6d_artstein_disc_clean,46.400000,-1.073911,-1.687221,-1.626315,-2.479725,-0.554185,0.667082,-0.013786,0.225000,0.559985,-0.362775,-0.040474,0.034819,0.012639,0.053390,0.012639,0.224089,0,1
6d_artstein_disc_clean,46.450000,-1.054863,-1.699195,-1.598316,-2.497863,-0.542935,0.667082,-0.013786,0.225000,0.564030,-0.356452,-0.040474,0.034819,0.012639,0.053390,0.012639,0.224089,0,1
6d_artstein_disc_clean,46.500000,-1.035680,-1.710955,-1.570115,-2.515686,-0.531685,0.667082,-0.013786,0.225000,0.568005,-0.350084,-0.040474,0.034819,0.012639,0.053390,0.012639,0.224089,0,1
6d_artstein_disc_clean,46.550000,-1.016367,-1.722498,-1.541715,-2.533190,-0.520435,0.667082,-0.013786,0.225000,0.571907,-0.343672,-0.040474,0.034819,0.012639,0.053390,0.012639,0.224089,0,1
6d_artstein_disc_clean,46.600000,-0.996925,-1.733823,-1.513119,-2.550374,-0.509185,0.667082,-0.013786,0.225000,0.575737,-0.337217,-0.040474,0.034819,0.012639,0.053390,0.012639,0.224089,0,1
6d_artstein_disc_clean,46.650000,-0.977357,-1.744928,-1.484332,-2.567235,-0.497935,0.667082,-0.013786,0.225000,0.579494,-0.330719,-0.040474,0.034819,0.012639,0.053390,0.012639,0.224089,0,1
6d_artstein_disc_clean,46.700000,-0.957665,-1.755813,-1.455358,-2.583771,-0.486685,0.667082,-0.013786,0.225000,0.583178,-0.324179,-0.040474,0.034819,0.012639,0.053390,0.012639,0.224089,0,1
6d_artstein_disc_clean,46.750000,-0.937852,-1.766475,-1.426199,-2.599980,-0.475435,0.667082,-0.013786,0.225000,0.586788,-0.317597,-0.040474,0.034819,0.012639,0.053390,0.012639,0.224089,0,1
6d_artstein_disc_clean,46.800000,-0.917920,-1.776914,-1.396859,-2.615859,-0.464185,0.667082,-0.013786,0.225000,0.590324,-0.310976,-0.040474,0.034819,0.012639,0.053390,0.012639,0.224089,0,1
6d_artstein_disc_clean,46.850000,-0.897872,-1.787128,-1.367343,-2.631408,-0.452935,0.667082,-0.013786,0.225000,0.593785,-0.304315,-0.040474,0.034819,0.012639,0.053390,0.012639,0.224089,0,1
6d_artstein_disc_clean,46.900000,-0.877710,-1.797116,-1.337654,-2.646624,-0.441685,0.667082,-0.013786,0.225000,0.597171,-0.297616,-0.040474,0.034819,0.012639,0.053390,0.012639,0.224089,0,1
6d_artstein_disc_clean,46.950000,-0.857438,-1.806876,-1.307795,-2.661505,-0.430435,0.667082,-0.013786,0.225000,0.600481,-0.290879,-0.040474,0.034819,0.012639,0.053390,0.012639,0.224089,0,1
6d_artstein_disc_clean,47.000000,-0.837057,-1.816407,-1.277771,-2.676049,-0.419185,0.667082,-0.013786,0.225000,0.603715,-0.284106,-0.040474,0.034819,0.012639,0.053390,0.012639,0.224089,0,1
6d_artstein_disc_clean,47.050000,-0.816570,-1.825709,-1.247585,-2.690254,-0.407935,0.667082,-0.013786,0.225000,0.606873,-0.277296,-0.040474,0.034819,0.012639,0.053390,0.012639,0.224089,0,1
6d_artstein_disc_clean,47.100000,-0.795979,-1.834780,-1.217242,-2.704119,-0.396685,0.667082,-0.013786,0.225000,0.609954,-0.270451,-0.040474,0.034819,0.012639,0.053390,0.012639,0.224089,0,1
6d_artstein_disc_clean,47.150000,-0.775288,-1.843618,-1.186744,-2.717641,-0.385435,0.667082,-0.013786,0.225000,0.612958,-0.263572,-0.040474,0.034819,0.012639,0.053390,0.012639,0.224089,0,1
6d_artstein_disc_clean,47.200000,-0.754499,-1.852224,-1.156096,-2.730820,-0.374185,0.667082,-0.013786,0.225000,0.615885,-0.256660,-0.040474,0.034819,0.012639,0.053390,0.012639,0.224089,0,1
6d_artstein_disc_clean,47.250000,-0.733614,-1.860594,-1.125302,-2.743653,-0.362935,0.667082,-0.013786,0.225000,0.618733,-0.249715,-0.040474,0.034819,0.012639,0.053390,0.012639,0.224089,0,1
6d_artstein_disc_clean,47.300000,-0.712636,-1.868729,-1.094365,-2.756139,-0.351685,0.667082,-0.013786,0.225000,0.621503,-0.242739,-0.040474,0.034819,0.012639,0.053390,0.012639,0.224089,0,1
6d_artstein_disc_clean,47.350000,-0.691568,-1.876628,-1.063290,-2.768276,-0.340435,0.667082,-0.013786,0.225000,0.624195,-0.235732,-0.040474,0.034819,0.012639,0.053390,0.012639,0.224089,0,1
6d_artstein_disc_clean,47.400000,-0.670413,-1.884289,-1.032080,-2.780062,-0.329185,0.667082,-0.013786,0.225000,0.626807,-0.228695,-0.040474,0.034819,0.012639,0.053390,0.012639,0.224089,0,1
6d_artstein_disc_clean,47.450000,-0.649173,-1.891712,-1.000740,-2.791497,-0.317935,0.667082,-0.013786,0.225000,0.629340,-0.221629,-0.040474,0.034819,0.012639,0.053390,0.012639,0.224089,0,1
6d_artstein_disc_clean,47.500000,-0.627850,-1.898896,-0.969273,-2.802579,-0.306685,0.667082,-0.013786,0.225000,0.631794,-0.214535,-0.040474,0.034819,0.012639,0.053390,0.012639,0.224089,0,1
6d_artstein_disc_clean,47.550000,-0.606448,-1.905839,-0.937683,-2.813305,-0.295435,0.667082,-0.013786,0.225000,0.634167,-0.207414,-0.040474,0.034819,0.012639,0.053390,0.012639,0.224089,0,1
6d_artstein_disc_clean,47.600000,-0.584970,-1.912540,-0.905975,-2.823676,-0.284185,0.667082,-0.013786,0.225000,0.636460,-0.200266,-0.040474,0.034819,0.012639,0.053390,0.012639,0.224089,0,1
6d_artstein_disc_clean,47.650000,-0.563417,-1.919000,-0.874152,-2.833689,-0.272935,0.667082,-0.013786,0.225000,0.638673,-0.193094,-0.040474,0.034819,0.012639,0.053390,0.012639,0.224089,0,1
6d_artstein_disc_clean,47.700000,-0.541793,-1.925217,-0.842218,-2.843344,-0.261685,0.667082,-0.013786,0.225000,0.640805,-0.185897,-0.040474,0.034819,0.012639,0.053390,0.012639,0.224089,0,1
6d_artstein_disc_clean,47.750000,-0.520101,-1.931190,-0.810178,-2.852639,-0.250435,0.667082,-0.013786,0.225000,0.642856,-0.178676,-0.040474,0.034819,0.012639,0.053390,0.012639,0.224089,0,1
6d_artstein_disc_clean,47.800000,-0.498342,-1.936919,-0.778035,-2.861573,-0.239185,0.667082,-0.013786,0.225000,0.644825,-0.171433,-0.040474,0.034819,0.012639,0.053390,0.012639,0.224089,0,1
6d_artstein_disc_clean,47.850000,-0.476521,-1.942403,-0.745794,-2.870144,-0.227935,0.667082,-0.013786,0.225000,0.646713,-0.164168,-0.040474,0.034819,0.012639,0.053390,0.012639,0.224089,0,1
6d_artstein_disc_clean,47.900000,-0.454639,-1.947640,-0.713458,-2.878353,-0.216685,0.667082,-0.013786,0.225000,0.648519,-0.156882,-0.040474,0.034819,0.012639,0.053390,0.012639,0.224089,0,1
6d_artstein_disc_clean,47.950000,-0.432700,-1.952632,-0.681033,-2.886197,-0.205435,0.667082,-0.013786,0.225000,0.650242,-0.149576,-0.040474,0.034819,0.012639,0.053390,0.012639,0.224089,0,1
6d_artstein_disc_clean,48.000000,-0.410706,-1.957376,-0.648520,-2.893675,-0.194185,0.667082,-0.013786,0.225000,0.651884,-0.142252,-0.040474,0.034819,0.012639,0.053390,0.012639,0.224089,0,1
6d_artstein_disc_clean,48.050000,-0.388660,-1.961872,-0.615926,-2.900788,-0.182935,0.667082,-0.013786,0.225000,0.653443,-0.134909,-0.040474,0.034819,0.012639,0.053390,0.012639,0.224089,0,1
6d_artstein_disc_clean,48.100000,-0.366565,-1.966121,-0.583254,-2.907534,-0.171685,0.667082,-0.013786,0.225000,0.654919,-0.127550,-0.040474,0.034819,0.012639,0.053390,0.012639,0.224089,0,1
6d_artstein_disc_clean,48.150000,-0.344423,-1.970120,-0.550508,-2.913911,-0.160435,0.667082,-0.013786,0.225000,0.656313,-0.120174,-0.040474,0.034819,0.012639,0.053390,0.012639,0.224089,0,1
6d_artstein_disc_clean,48.200000,-0.322238,-1.973870,-0.517692,-2.919920,-0.149185,0.667082,-0.013786,0.225000,0.657623,-0.112783,-0.040474,0.034819,0.012639,0.053390,0.012639,0.224089,0,1
6d_artstein_disc_clean,48.250000,-0.300012,-1.977370,-0.484811,-2.925559,-0.137935,0.667082,-0.013786,0.225000,0.658850,-0.105378,-0.040474,0.034819,0.012639,0.053390,0.012639,0.224089,0,1
6d_artstein_disc_clean,48.300000,-0.277748,-1.980620,-0.451869,-2.930828,-0.126685,0.667082,-0.013786,0.225000,0.659994,-0.097959,-0.040474,0.034819,0.012639,0.053390,0.012639,0.224089,0,1
6d_artstein_disc_clean,48.350000,-0.255449,-1.983619,-0.418869,-2.935726,-0.115435,0.667082,-0.013786,0.225000,0.661054,-0.090528,-0.040474,0.034819,0.012639,0.053390,0.012639,0.224089,0,1
6d_artstein_disc_clean,48.400000,-0.233117,-1.986368,-0.385816,-2.940252,-0.104185,0.667082,-0.013786,0.225000,0.662031,-0.083086,-0.040474,0.034819,0.012639,0.053390,0.012639,0.224089,0,1
6d_artstein_disc_clean,48.450000,-0.210757,-1.988864,-0.352715,-2.944406,-0.092935,0.667082,-0.013786,0.225000,0.662924,-0.075633,-0.040474,0.034819,0.012639,0.053390,0.012639,0.224089,0,1
6d_artstein_disc_clean,48.500000,-0.188369,-1.991110,-0.319569,-2.948188,-0.081685,0.667082,-0.013786,0.225000,0.663733,-0.068170,-0.040474,0.034819,0.012639,0.053390,0.012639,0.224089,0,1
6d_artstein_disc_clean,48.550000,-0.165958,-1.993103,-0.286382,-2.951596,-0.070435,0.667082,-0.013786,0.225000,0.664458,-0.060699,-0.040474,0.034819,0.012639,0.053390,0.012639,0.224089,0,1
6d_artstein_disc_clean,48.600000,-0.143525,-1.994843,-0.253159,-2.954631,-0.059185,0.667082,-0.013786,0.225000,0.665098,-0.053220,-0.040474,0.034819,0.012639,0.053390,0.012639,0.224089,0,1
6d_artstein_disc_clean,48.650000,-0.121075,-1.996332,-0.219904,-2.957292,-0.047935,0.667082,-0.013786,0.225000,0.665655,-0.045735,-0.040474,0.034819,0.012639,0.053390,0.012639,0.224089,0,1
6d_artstein_disc_clean,48.700000,-0.098609,-1.997568,-0.186621,-2.959579,-0.036685,0.667082,-0.013786,0.225000,0.666127,-0.038243,-0.040474,0.034819,0.012639,0.053390,0.012639,0.224089,0,1
6d_artstein_disc_clean,48.750000,-0.076130,-1.998551,-0.153315,-2.961491,-0.025435,0.667082,-0.013786,0.225000,0.666516,-0.030747,-0.040474,0.034819,0.012639,0.053390,0.012639,0.224089,0,1
6d_artstein_disc_clean,48.800000,-0.053642,-1.999281,-0.119989,-2.963029,-0.014185,0.667082,-0.013786,0.225000,0.666819,-0.023247,-0.040474,0.034819,0.012639,0.053390,0.012639,0.224089,0,1
6d_artstein_disc_clean,48.850000,-0.031147,-1.999757,-0.086648,-2.964191,-0.002935,0.667082,-0.013786,0.225000,0.667039,-0.015744,-0.040474,0.034819,0.012639,0.053390,0.012639,0.224089,0,1
6d_artstein_disc_clean,48.900000,-0.008649,-1.999981,-0.053296,-2.964978,0.008315,0.667082,-0.013786,0.225000,0.667173,-0.008239,-0.040474,0.034819,0.012639,0.053390,0.012639,0.224089,0,1
6d_artstein_disc_clean,48.950000,0.013851,-1.999952,-0.019938,-2.965390,0.019565,0.667082,-0.013786,0.225000,0.667224,-0.000733,-0.040474,0.034819,0.012639,0.053390,0.012639,0.224089,0,1
6d_artstein_disc_clean,49.000000,0.036349,-1.999670,0.013424,-2.965427,0.030815,0.667082,-0.013786,0.225000,0.667190,0.006773,-0.040474,0.034819,0.012639,0.053390,0.012639,0.224089,0,1
6d_artstein_disc_clean,49.050000,0.058843,-1.999134,0.046783,-2.965088,0.042065,0.667082,-0.013786,0.225000,0.667072,0.014279,-0.040474,0.034819,0.012639,0.053390,0.012639,0.224089,0,1
6d_artstein_disc_clean,49.100000,0.081329,-1.998346,0.080137,-2.964374,0.053315,0.667082,-0.013786,0.225000,0.666869,0.021782,-0.040474,0.034819,0.012639,0.053390,0.012639,0.224089,0,1
6d_artstein_disc_clean,49.150000,0.103805,-1.997304,0.113480,-2.963285,0.064565,0.667082,-0.013786,0.225000,0.666581,0.029283,-0.040474,0.034819,0.012639,0.053390,0.012639,0.224089,0,1
6d_artstein_disc_clean,49.200000,0.126267,-1.996010,0.146809,-2.961821,0.075815,0.667082,-0.013786,0.225000,0.666210,0.036780,-0.040474,0.034819,0.012639,0.053390,0.012639,0.224089,0,1
6d_artstein_disc_clean,49.250000,0.148714,-1.994463,0.180120,-2.959982,0.087065,0.667082,-0.013786,0.225000,0.665754,0.044272,-0.040474,0.034819,0.012639,0.053390,0.012639,0.224089,0,1
6d_artstein_disc_clean,49.300000,0.171142,-1.992664,0.213407,-2.957768,0.098315,0.667082,-0.013786,0.225000,0.665214,0.051759,-0.040474,0.034819,0.012639,0.053390,0.012639,0.224089,0,1
6d_artstein_disc_clean,49.350000,0.193548,-1.990613,0.246668,-2.955180,0.109565,0.667082,-0.013786,0.225000,0.664589,0.059239,-0.040474,0.034819,0.012639,0.053390,0.012639,0.224089,0,1
6d_artstein_disc_clean,49.400000,0.215930,-1.988309,0.279897,-2.952218,0.120815,0.667082,-0.013786,0.225000,0.663881,0.066712,-0.040474,0.034819,0.012639,0.053390,0.012639,0.224089,0,1
6d_artstein_disc_clean,49.450000,0.238284,-1.985754,0.313092,-2.948883,0.132065,0.667082,-0.013786,0.225000,0.663088,0.074176,-0.040474,0.034819,0.012639,0.053390,0.012639,0.224089,0,1
6d_artstein_disc_clean,49.500000,0.260608,-1.982948,0.346246,-2.945174,0.143315,0.667082,-0.013786,0.225000,0.662212,0.081631,-0.040474,0.034819,0.012639,0.053390,0.012639,0.224089,0,1
6d_artstein_disc_clean,49.550000,0.282899,-1.979891,0.379357,-2.941092,0.154565,0.667082,-0.013786,0.225000,0.661252,0.089076,-0.040474,0.034819,0.012639,0.053390,0.012639,0.224089,0,1
6d_artstein_disc_clean,49.600000,0.305155,-1.976583,0.412419,-2.936639,0.165815,0.667082,-0.013786,0.225000,0.660208,0.096509,-0.040474,0.034819,0.012639,0.053390,0.012639,0.224089,0,1
6d_artstein_disc_clean,49.650000,0.327372,-1.973025,0.445430,-2.931813,0.177065,0.667082,-0.013786,0.225000,0.659080,0.103930,-0.040474,0.034819,0.012639,0.053390,0.012639,0.224089,0,1
6d_artstein_disc_clean,49.700000,0.349547,-1.969217,0.478384,-2.926617,0.188315,0.667082,-0.013786,0.225000,0.657869,0.111338,-0.040474,0.034819,0.012639,0.053390,0.012639,0.224089,0,1
6d_artstein_disc_clean,49.750000,0.371678,-1.965160,0.511277,-2.921050,0.199565,0.667082,-0.013786,0.225000,0.656575,0.118732,-0.040474,0.034819,0.012639,0.053390,0.012639,0.224089,0,1
6d_artstein_disc_clean,49.800000,0.393762,-1.960855,0.544106,-2.915113,0.210815,0.667082,-0.013786,0.225000,0.655198,0.126111,-0.040474,0.034819,0.012639,0.053390,0.012639,0.224089,0,1
6d_artstein_disc_clean,49.850000,0.415796,-1.956301,0.576866,-2.908808,0.222065,0.667082,-0.013786,0.225000,0.653738,0.133473,-0.040474,0.034819,0.012639,0.053390,0.012639,0.224089,0,1
6d_artstein_disc_clean,49.900000,0.437778,-1.951500,0.609553,-2.902134,0.233315,0.667082,-0.013786,0.225000,0.652195,0.140819,-0.040474,0.034819,0.012639,0.053390,0.012639,0.224089,0,1
6d_artstein_disc_clean,49.950000,0.459704,-1.946451,0.642162,-2.895093,0.244565,0.667082,-0.013786,0.225000,0.650569,0.148148,-0.040474,0.034819,0.012639,0.053390,0.012639,0.224089,0,1
6d_artstein_disc_clean,50.000000,0.481572,-1.941156,0.674691,-2.887686,0.255815,0.667082,-0.013786,0.225000,0.648862,0.155457,-0.040474,0.034819,0.012639,0.053390,0.012639,0.224089,0,1
6d_artstein_disc_clean,50.050000,0.503379,-1.935616,0.707134,-2.879913,0.267065,0.667082,-0.013786,0.225000,0.647072,0.162747,-0.040474,0.034819,0.012639,0.053390,0.012639,0.224089,0,1
6d_artstein_disc_clean,50.100000,0.525123,-1.929831,0.739487,-2.871776,0.278315,0.667082,-0.013786,0.225000,0.645200,0.170016,-0.040474,0.034819,0.012639,0.053390,0.012639,0.224089,0,1
6d_artstein_disc_clean,50.150000,0.546800,-1.923801,0.771747,-2.863275,0.289565,0.667082,-0.013786,0.225000,0.643246,0.177263,-0.040474,0.034819,0.012639,0.053390,0.012639,0.224089,0,1
6d_artstein_disc_clean,50.200000,0.568407,-1.917528,0.803910,-2.854412,0.300815,0.667082,-0.013786,0.225000,0.641212,0.184488,-0.040474,0.034819,0.012639,0.053390,0.012639,0.224089,0,1
6d_artstein_disc_clean,50.250000,0.589943,-1.911012,0.835970,-2.845187,0.312065,0.667082,-0.013786,0.225000,0.639096,0.191690,-0.040474,0.034819,0.012639,0.053390,0.012639,0.224089,0,1
6d_artstein_disc_clean,50.300000,0.611404,-1.904254,0.867925,-2.835603,0.323315,0.667082,-0.013786,0.225000,0.636899,0.198868,-0.040474,0.034819,0.012639,0.053390,0.012639,0.224089,0,1
6d_artstein_disc_clean,50.350000,0.632788,-1.897256,0.899770,-2.825659,0.334565,0.667082,-0.013786,0.225000,0.634621,0.206020,-0.040474,0.034819,0.012639,0.053390,0.012639,0.224089,0,1
6d_artstein_disc_clean,50.400000,0.654091,-1.890017,0.931501,-2.815358,0.345815,0.667082,-0.013786,0.225000,0.632263,0.213146,-0.040474,0.034819,0.012639,0.053390,0.012639,0.224089,0,1
6d_artstein_disc_clean,50.450000,0.675312,-1.882539,0.963114,-2.804701,0.357065,0.667082,-0.013786,0.225000,0.629825,0.220246,-0.040474,0.034819,0.012639,0.053390,0.012639,0.224089,0,1
6d_artstein_disc_clean,50.500000,0.696448,-1.874823,0.994606,-2.793689,0.368315,0.667082,-0.013786,0.225000,0.627308,0.227317,-0.040474,0.034819,0.012639,0.053390,0.012639,0.224089,0,1
6d_artstein_disc_clean,50.550000,0.717495,-1.866869,1.025971,-2.782323,0.379565,0.667082,-0.013786,0.225000,0.624711,0.234360,-0.040474,0.034819,0.012639,0.053390,0.012639,0.224089,0,1
6d_artstein_disc_clean,50.600000,0.738451,-1.858680,1.057207,-2.770605,0.390815,0.667082,-0.013786,0.225000,0.622035,0.241373,-0.040474,0.034819,0.012639,0.053390,0.012639,0.224089,0,1
6d_artstein_disc_clean,50.650000,0.759314,-1.850254,1.088308,-2.758536,0.402065,0.667082,-0.013786,0.225000,0.619280,0.248355,-0.040474,0.034819,0.012639,0.053390,0.012639,0.224089,0,1
6d_artstein_disc_clean,50.700000,0.780081,-1.841595,1.119272,-2.746118,0.413315,0.667082,-0.013786,0.225000,0.616447,0.255306,-0.040474,0.034819,0.012639,0.053390,0.012639,0.224089,0,1
6d_artstein_disc_clean,50.750000,0.800749,-1.832703,1.150095,-2.733353,0.424565,0.667082,-0.013786,0.225000,0.613536,0.262225,-0.040474,0.034819,0.012639,0.053390,0.012639,0.224089,0,1
6d_artstein_disc_clean,50.800000,0.821316,-1.823579,1.180771,-2.720242,0.435815,0.667082,-0.013786,0.225000,0.610547,0.269111,-0.040474,0.034819,0.012639,0.053390,0.012639,0.224089,0,1
6d_artstein_disc_clean,50.850000,0.841779,-1.814224,1.211299,-2.706786,0.447065,0.667082,-0.013786,0.225000,0.607481,0.275962,-0.040474,0.034819,0.012639,0.053390,0.012639,0.224089,0,1
6d_artstein_disc_clean,50.900000,0.862135,-1.804639,1.241673,-2.692988,0.458315,0.667082,-0.013786,0.225000,0.604338,0.282779,-0.040474,0.034819,0.012639,0.053390,0.012639,0.224089,0,1
6d_artstein_disc_clean,50.950000,0.882383,-1.794826,1.271890,-2.678849,0.469565,0.667082,-0.013786,0.225000,0.601119,0.289560,-0.040474,0.034819,0.012639,0.053390,0.012639,0.224089,0,1
6d_artstein_disc_clean,51.000000,0.902518,-1.784786,1.301946,-2.664371,0.480815,0.667082,-0.013786,0.225000,0.597823,0.296304,-0.040474,0.034819,0.012639,0.053390,0.012639,0.224089,0,1
6d_artstein_disc_clean,51.050000,0.922539,-1.774520,1.331837,-2.649556,0.492065,0.667082,-0.013786,0.225000,0.594452,0.303010,-0.040474,0.034819,0.012639,0.053390,0.012639,0.224089,0,1
6d_artstein_disc_clean,51.100000,0.942444,-1.764029,1.361559,-2.634406,0.503315,0.667082,-0.013786,0.225000,0.591006,0.309679,-0.040474,0.034819,0.012639,0.053390,0.012639,0.224089,0,1
6d_artstein_disc_clean,51.150000,0.962229,-1.753315,1.391110,-2.618922,0.514565,0.667082,-0.013786,0.225000,0.587484,0.316308,-0.040474,0.034819,0.012639,0.053390,0.012639,0.224089,0,1
6d_artstein_disc_clean,51.200000,0.981893,-1.742380,1.420484,-2.603106,0.525815,0.667082,-0.013786,0.225000,0.583889,0.322897,-0.040474,0.034819,0.012639,0.053390,0.012639,0.224089,0,1
6d_artstein_disc_clean,51.250000,1.001432,-1.731223,1.449678,-2.586961,0.537065,0.667082,-0.013786,0.225000,0.580219,0.329445,-0.040474,0.034819,0.012639,0.053390,0.012639,0.224089,0,1
6d_artstein_disc_clean,51.300000,1.020844,-1.719848,1.478689,-2.570489,0.548315,0.667082,-0.013786,0.225000,0.576476,0.335951,-0.040474,0.034819,0.012639,0.053390,0.012639,0.224089,0,1
6d_artstein_disc_clean,51.350000,1.040128,-1.708255,1.507513,-2.553692,0.559565,0.667082,-0.013786,0.225000,0.572661,0.342415,-0.040474,0.034819,0.012639,0.053390,0.012639,0.224089,0,1
6d_artstein_disc_clean,51.400000,1.059279,-1.696445,1.536146,-2.536571,0.570815,0.667082,-0.013786,0.225000,0.568772,0.348836,-0.040474,0.034819,0.012639,0.053390,0.012639,0.224089,0,1
6d_artstein_disc_clean,51.450000,1.078297,-1.684421,1.564585,-2.519129,0.582065,0.667082,-0.013786,0.225000,0.564812,0.355212,-0.040474,0.034819,0.012639,0.053390,0.012639,0.224089,0,1
6d_artstein_disc_clean,51.500000,1.097178,-1.672184,1.592825,-2.501368,0.593315,0.667082,-0.013786,0.225000,0.560780,0.361544,-0.040474,0.034819,0.012639,0.053390,0.012639,0.224089,0,1
6d_artstein_disc_clean,51.550000,1.115920,-1.659735,1.620864,-2.483291,0.604565,0.667082,-0.013786,0.225000,0.556677,0.367830,-0.040474,0.034819,0.012639,0.053390,0.012639,0.224089,0,1
6d_artstein_disc_clean,51.600000,1.134521,-1.647077,1.648698,-2.464900,0.615815,0.667082,-0.013786,0.225000,0.552504,0.374069,-0.040474,0.034819,0.012639,0.053390,0.012639,0.224089,0,1
6d_artstein_disc_clean,51.650000,1.152979,-1.634209,1.676323,-2.446196,0.627065,0.667082,-0.013786,0.225000,0.548261,0.380261,-0.040474,0.034819,0.012639,0.053390,0.012639,0.224089,0,1
6d_artstein_disc_clean,51.700000,1.171290,-1.621135,1.703737,-2.427183,0.638315,0.667082,-0.013786,0.225000,0.543948,0.386404,-0.040474,0.034819,0.012639,0.053390,0.012639,0.224089,0,1
6d_artstein_disc_clean,51.750000,1.189454,-1.607856,1.730934,-2.407863,0.649565,0.667082,-0.013786,0.225000,0.539567,0.392499,-0.040474,0.034819,0.012639,0.053390,0.012639,0.224089,0,1
6d_artstein_disc_clean,51.800000,1.207466,-1.594373,1.757912,-2.388238,0.660815,0.667082,-0.013786,0.225000,0.535117,0.398545,-0.040474,0.034819,0.012639,0.053390,0.012639,0.224089,0,1
6d_artstein_disc_clean,51.850000,1.225326,-1.580688,1.784668,-2.368311,0.672065,0.667082,-0.013786,0.225000,0.530600,0.404539,-0.040474,0.034819,0.012639,0.053390,0.012639,0.224089,0,1
6d_artstein_disc_clean,51.900000,1.243031,-1.566804,1.811198,-2.348084,0.683315,0.667082,-0.013786,0.225000,0.526015,0.410483,-0.040474,0.034819,0.012639,0.053390,0.012639,0.224089,0,1
6d_artstein_disc_clean,51.950000,1.260578,-1.552721,1.837499,-2.327560,0.694565,0.667082,-0.013786,0.225000,0.521364,0.416374,-0.040474,0.034819,0.012639,0.053390,0.012639,0.224089,0,1
6d_artstein_disc_clean,52.000000,1.277966,-1.538441,1.863567,-2.306741,0.705815,0.667082,-0.013786,0.225000,0.516647,0.422213,-0.040474,0.034819,0.012639,0.053390,0.012639,0.224089,0,1
6d_artstein_disc_clean,52.050000,1.295193,-1.523967,1.889399,-2.285630,0.717065,0.667082,-0.013786,0.225000,0.511865,0.427999,-0.040474,0.034819,0.012639,0.053390,0.012639,0.224089,0,1
6d_artstein_disc_clean,52.100000,1.312255,-1.509300,1.914993,-2.264230,0.728315,0.667082,-0.013786,0.225000,0.507017,0.433730,-0.040474,0.034819,0.012639,0.053390,0.012639,0.224089,0,1
6d_artstein_disc_clean,52.150000,1.329151,-1.494442,1.940344,-2.242544,0.739565,0.667082,-0.013786,0.225000,0.502106,0.439406,-0.040474,0.034819,0.012639,0.053390,0.012639,0.224089,0,1
6d_artstein_disc_clean,52.200000,1.345879,-1.479395,1.965449,-2.220574,0.750815,0.667082,-0.013786,0.225000,0.497131,0.445027,-0.040474,0.034819,0.012639,0.053390,0.012639,0.224089,0,1
6d_artstein_disc_clean,52.250000,1.362437,-1.464160,1.990305,-2.198322,0.762065,0.667082,-0.013786,0.225000,0.492093,0.450592,-0.040474,0.034819,0.012639,0.053390,0.012639,0.224089,0,1
6d_artstein_disc_clean,52.300000,1.378822,-1.448741,2.014910,-2.175793,0.773315,0.667082,-0.013786,0.225000,0.486993,0.456099,-0.040474,0.034819,0.012639,0.053390,0.012639,0.224089,0,1
6d_artstein_disc_clean,52.350000,1.395033,-1.433138,2.039260,-2.152988,0.784565,0.667082,-0.013786,0.225000,0.481831,0.461549,-0.040474,0.034819,0.012639,0.053390,0.012639,0.224089,0,1
6d_artstein_disc_clean,52.400000,1.411067,-1.417353,2.063351,-2.129910,0.795815,0.667082,-0.013786,0.225000,0.476608,0.466940,-0.040474,0.034819,0.012639,0.053390,0.012639,0.224089,0,1
6d_artstein_disc_clean,52.450000,1.426923,-1.401389,2.087182,-2.106563,0.807065,0.667082,-0.013786,0.225000,0.471325,0.472272,-0.040474,0.034819,0.012639,0.053390,0.012639,0.224089,0,1
6d_artstein_disc_clean,52.500000,1.442598,-1.385248,2.110748,-2.082950,0.818315,0.667082,-0.013786,0.225000,0.465982,0.477544,-0.040474,0.034819,0.012639,0.053390,0.012639,0.224089,0,1
6d_artstein_disc_clean,52.550000,1.458090,-1.368931,2.134047,-2.059072,0.829565,0.667082,-0.013786,0.225000,0.460581,0.482756,-0.040474,0.034819,0.012639,0.053390,0.012639,0.224089,0,1
6d_artstein_disc_clean,52.600000,1.473398,-1.352442,2.157076,-2.034935,0.840815,0.667082,-0.013786,0.225000,0.455121,0.487907,-0.040474,0.034819,0.012639,0.053390,0.012639,0.224089,0,1
6d_artstein_disc_clean,52.650000,1.488519,-1.335781,2.179832,-2.010539,0.852065,0.667082,-0.013786,0.225000,0.449603,0.492996,-0.040474,0.034819,0.012639,0.053390,0.012639,0.224089,0,1
6d_artstein_disc_clean,52.700000,1.503452,-1.318951,2.202312,-1.985889,0.863315,0.667082,-0.013786,0.225000,0.444028,0.498023,-0.040474,0.034819,0.012639,0.053390,0.012639,0.224089,0,1
6d_artstein_disc_clean,52.750000,1.518195,-1.301954,2.224514,-1.960988,0.874565,0.667082,-0.013786,0.225000,0.438398,0.502987,-0.040474,0.034819,0.012639,0.053390,0.012639,0.224089,0,1
6d_artstein_disc_clean,52.800000,1.532746,-1.284792,2.246434,-1.935839,0.885815,0.667082,-0.013786,0.225000,0.432711,0.507887,-0.040474,0.034819,0.012639,0.053390,0.012639,0.224089,0,1
6d_artstein_disc_clean,52.850000,1.547102,-1.267468,2.268069,-1.910445,0.897065,0.667082,-0.013786,0.225000,0.426970,0.512723,-0.040474,0.034819,0.012639,0.053390,0.012639,0.224089,0,1
6d_artstein_disc_clean,52.900000,1.561263,-1.249983,2.289418,-1.884808,0.908315,0.667082,-0.013786,0.225000,0.421175,0.517494,-0.040474,0.034819,0.012639,0.053390,0.012639,0.224089,0,1
6d_artstein_disc_clean,52.950000,1.575226,-1.232340,2.310476,-1.858934,0.919565,0.667082,-0.013786,0.225000,0.415327,0.522199,-0.040474,0.034819,0.012639,0.053390,0.012639,0.224089,0,1
6d_artstein_disc_clean,53.000000,1.588990,-1.214541,2.331243,-1.832824,0.930815,0.667082,-0.013786,0.225000,0.409426,0.526838,-0.040474,0.034819,0.012639,0.053390,0.012639,0.224089,0,1
6d_artstein_disc_clean,53.050000,1.602553,-1.196588,2.351714,-1.806482,0.942065,0.667082,-0.013786,0.225000,0.403474,0.531411,-0.040474,0.034819,0.012639,0.053390,0.012639,0.224089,0,1
6d_artstein_disc_clean,53.100000,1.615913,-1.178484,2.371888,-1.779911,0.953315,0.667082,-0.013786,0.225000,0.397470,0.535916,-0.040474,0.034819,0.012639,0.053390,0.012639,0.224089,0,1
6d_artstein_disc_clean,53.150000,1.629068,-1.160231,2.391761,-1.753116,0.964565,0.667082,-0.013786,0.225000,0.391416,0.540354,-0.040474,0.034819,0.012639,0.053390,0.012639,0.224089,0,1
6d_artstein_disc_clean,53.200000,1.642018,-1.141831,2.411332,-1.726098,0.975815,0.667082,-0.013786,0.225000,0.385312,0.544723,-0.040474,0.034819,0.012639,0.053390,0.012639,0.224089,0,1
6d_artstein_disc_clean,53.250000,1.654759,-1.123287,2.430598,-1.698862,0.987065,0.667082,-0.013786,0.225000,0.379160,0.549023,-0.040474,0.034819,0.012639,0.053390,0.012639,0.224089,0,1
6d_artstein_disc_clean,53.300000,1.667291,-1.104600,2.449556,-1.671411,0.998315,0.667082,-0.013786,0.225000,0.372959,0.553254,-0.040474,0.034819,0.012639,0.053390,0.012639,0.224089,0,1
6d_artstein_disc_clean,53.350000,1.679612,-1.085773,2.468204,-1.643748,1.009565,0.667082,-0.013786,0.225000,0.366712,0.557414,-0.040474,0.034819,0.012639,0.053390,0.012639,0.224089,0,1
6d_artstein_disc_clean,53.400000,1.691720,-1.066809,2.486539,-1.615877,1.020815,0.667082,-0.013786,0.225000,0.360418,0.561505,-0.040474,0.034819,0.012639,0.053390,0.012639,0.224089,0,1
6d_artstein_disc_clean,53.450000,1.703615,-1.047710,2.504560,-1.587802,1.032065,0.667082,-0.013786,0.225000,0.354078,0.565524,-0.040474,0.034819,0.012639,0.053390,0.012639,0.224089,0,1
6d_artstein_disc_clean,53.500000,1.715293,-1.028479,2.522264,-1.559526,1.043315,0.667082,-0.013786,0.225000,0.347694,0.569471,-0.040474,0.034819,0.012639,0.053390,0.012639,0.224089,0,1
6d_artstein_disc_clean,53.550000,1.726755,-1.009117,2.539649,-1.531052,1.054565,0.667082,-0.013786,0.225000,0.341265,0.573347,-0.040474,0.034819,0.012639,0.053390,0.012639,0.224089,0,1
6d_artstein_disc_clean,53.600000,1.737998,-0.989628,2.556712,-1.502385,1.065815,0.667082,-0.013786,0.225000,0.334794,0.577149,-0.040474,0.034819,0.012639,0.053390,0.012639,0.224089,0,1
6d_artstein_disc_clean,53.650000,1.749021,-0.970013,2.573452,-1.473527,1.077065,0.667082,-0.013786,0.225000,0.328280,0.580879,-0.040474,0.034819,0.012639,0.053390,0.012639,0.224089,0,1
6d_artstein_disc_clean,53.700000,1.759823,-0.950276,2.589866,-1.444483,1.088315,0.667082,-0.013786,0.225000,0.321724,0.584536,-0.040474,0.034819,0.012639,0.053390,0.012639,0.224089,0,1
6d_artstein_disc_clean,53.750000,1.770402,-0.930418,2.605952,-1.415257,1.099565,0.667082,-0.013786,0.225000,0.315128,0.588118,-0.040474,0.034819,0.012639,0.053390,0.012639,0.224089,0,1
6d_artstein_disc_clean,53.800000,1.780757,-0.910442,2.621708,-1.385851,1.110815,0.667082,-0.013786,0.225000,0.308492,0.591626,-0.040474,0.034819,0.012639,0.053390,0.012639,0.224089,0,1
6d_artstein_disc_clean,53.850000,1.790886,-0.890352,2.637133,-1.356269,1.122065,0.667082,-0.013786,0.225000,0.301817,0.595059,-0.040474,0.034819,0.012639,0.053390,0.012639,0.224089,0,1
6d_artstein_disc_clean,53.900000,1.800789,-0.870148,2.652224,-1.326517,1.133315,0.667082,-0.013786,0.225000,0.295103,0.598417,-0.040474,0.034819,0.012639,0.053390,0.012639,0.224089,0,1
6d_artstein_disc_clean,53.950000,1.810464,-0.849835,2.666979,-1.296596,1.144565,0.667082,-0.013786,0.225000,0.288353,0.601699,-0.040474,0.034819,0.012639,0.053390,0.012639,0.224089,0,1
6d_artstein_disc_clean,54.000000,1.819910,-0.829414,2.681396,-1.266511,1.155815,0.667082,-0.013786,0.225000,0.281565,0.604904,-0.040474,0.034819,0.012639,0.053390,0.012639,0.224089,0,1
6d_artstein_disc_clean,54.050000,1.829126,-0.808888,2.695475,-1.236266,1.167065,0.667082,-0.013786,0.225000,0.274742,0.608034,-0.040474,0.034819,0.012639,0.053390,0.012639,0.224089,0,1
6d_artstein_disc_clean,54.100000,1.838110,-0.788259,2.709212,-1.205864,1.178315,0.667082,-0.013786,0.225000,0.267885,0.611086,-0.040474,0.034819,0.012639,0.053390,0.012639,0.224089,0,1
6d_artstein_disc_clean,54.150000,1.846861,-0.767531,2.722606,-1.175310,1.189565,0.667082,-0.013786,0.225000,0.260993,0.614061,-0.040474,0.034819,0.012639,0.053390,0.012639,0.224089,0,1
6d_artstein_disc_clean,54.200000,1.855379,-0.746706,2.735656,-1.144607,1.200815,0.667082,-0.013786,0.225000,0.254069,0.616958,-0.040474,0.034819,0.012639,0.053390,0.012639,0.224089,0,1
6d_artstein_disc_clean,54.250000,1.863662,-0.725786,2.748359,-1.113759,1.212065,0.667082,-0.013786,0.225000,0.247112,0.619777,-0.040474,0.034819,0.012639,0.053390,0.012639,0.224089,0,1
6d_artstein_disc_clean,54.300000,1.871709,-0.704774,2.760715,-1.082770,1.223315,0.667082,-0.013786,0.225000,0.240124,0.622518,-0.040474,0.034819,0.012639,0.053390,0.012639,0.224089,0,1
6d_artstein_disc_clean,54.350000,1.879519,-0.683673,2.772721,-1.051644,1.234565,0.667082,-0.013786,0.225000,0.233106,0.625180,-0.040474,0.034819,0.012639,0.053390,0.012639,0.224089,0,1
6d_artstein_disc_clean,54.400000,1.887091,-0.662486,2.784376,-1.020385,1.245815,0.667082,-0.013786,0.225000,0.226058,0.627763,-0.040474,0.034819,0.012639,0.053390,0.012639,0.224089,0,1
6d_artstein_disc_clean,54.450000,1.894424,-0.641215,2.795679,-0.988997,1.257065,0.667082,-0.013786,0.225000,0.218981,0.630266,-0.040474,0.034819,0.012639,0.053390,0.012639,0.224089,0,1
6d_artstein_disc_clean,54.500000,1.901518,-0.619862,2.806628,-0.957483,1.268315,0.667082,-0.013786,0.225000,0.211877,0.632690,-0.040474,0.034819,0.012639,0.053390,0.012639,0.224089,0,1
6d_artstein_disc_clean,54.550000,1.908371,-0.598431,2.817222,-0.925849,1.279565,0.667082,-0.013786,0.225000,0.204746,0.635033,-0.040474,0.034819,0.012639,0.053390,0.012639,0.224089,0,1
6d_artstein_disc_clean,54.600000,1.914982,-0.576925,2.827459,-0.894097,1.290815,0.667082,-0.013786,0.225000,0.197589,0.637297,-0.040474,0.034819,0.012639,0.053390,0.012639,0.224089,0,1
6d_artstein_disc_clean,54.650000,1.921352,-0.555345,2.837339,-0.862232,1.302065,0.667082,-0.013786,0.225000,0.190407,0.639479,-0.040474,0.034819,0.012639,0.053390,0.012639,0.224089,0,1
6d_artstein_disc_clean,54.700000,1.927477,-0.533695,2.846859,-0.830258,1.313315,0.667082,-0.013786,0.225000,0.183201,0.641581,-0.040474,0.034819,0.012639,0.053390,0.012639,0.224089,0,1
6d_artstein_disc_clean,54.750000,1.933359,-0.511978,2.856019,-0.798179,1.324565,0.667082,-0.013786,0.225000,0.175972,0.643601,-0.040474,0.034819,0.012639,0.053390,0.012639,0.224089,0,1
6d_artstein_disc_clean,54.800000,1.938997,-0.490196,2.864818,-0.765999,1.335815,0.667082,-0.013786,0.225000,0.168720,0.645540,-0.040474,0.034819,0.012639,0.053390,0.012639,0.224089,0,1
6d_artstein_disc_clean,54.850000,1.944389,-0.468351,2.873254,-0.733722,1.347065,0.667082,-0.013786,0.225000,0.161448,0.647397,-0.040474,0.034819,0.012639,0.053390,0.012639,0.224089,0,1
6d_artstein_disc_clean,54.900000,1.949534,-0.446448,2.881326,-0.701353,1.358315,0.667082,-0.013786,0.225000,0.154154,0.649172,-0.040474,0.034819,0.012639,0.053390,0.012639,0.224089,0,1
6d_artstein_disc_clean,54.950000,1.954433,-0.424488,2.889034,-0.668894,1.369565,0.667082,-0.013786,0.225000,0.146842,0.650865,-0.040474,0.034819,0.012639,0.053390,0.012639,0.224089,0,1
6d_artstein_disc_clean,55.000000,1.959085,-0.402474,2.896376,-0.636351,1.380815,0.667082,-0.013786,0.225000,0.139510,0.652476,-0.040474,0.034819,0.012639,0.053390,0.012639,0.224089,0,1
6d_artstein_disc_clean,55.050000,1.963489,-0.380409,2.903352,-0.603727,1.392065,0.667082,-0.013786,0.225000,0.132161,0.654004,-0.040474,0.034819,0.012639,0.053390,0.012639,0.224089,0,1
6d_artstein_disc_clean,55.100000,1.967644,-0.358296,2.909960,-0.571027,1.403315,0.667082,-0.013786,0.225000,0.124795,0.655450,-0.040474,0.034819,0.012639,0.053390,0.012639,0.224089,0,1
6d_artstein_disc_clean,55.150000,1.971550,-0.336138,2.916199,-0.538254,1.414565,0.667082,-0.013786,0.225000,0.117414,0.656812,-0.040474,0.034819,0.012639,0.053390,0.012639,0.224089,0,1
6d_artstein_disc_clean,55.200000,1.975207,-0.313938,2.922070,-0.505413,1.425815,0.667082,-0.013786,0.225000,0.110017,0.658092,-0.040474,0.034819,0.012639,0.053390,0.012639,0.224089,0,1
6d_artstein_disc_clean,55.250000,1.978614,-0.291697,2.927571,-0.472509,1.437065,0.667082,-0.013786,0.225000,0.102607,0.659288,-0.040474,0.034819,0.012639,0.053390,0.012639,0.224089,0,1
6d_artstein_disc_clean,55.300000,1.981770,-0.269420,2.932701,-0.439545,1.448315,0.667082,-0.013786,0.225000,0.095184,0.660400,-0.040474,0.034819,0.012639,0.053390,0.012639,0.224089,0,1
6d_artstein_disc_clean,55.350000,1.984676,-0.247108,2.937461,-0.406525,1.459565,0.667082,-0.013786,0.225000,0.087748,0.661429,-0.040474,0.034819,0.012639,0.053390,0.012639,0.224089,0,1
6d_artstein_disc_clean,55.400000,1.987330,-0.224765,2.941848,-0.373453,1.470815,0.667082,-0.013786,0.225000,0.080302,0.662374,-0.040474,0.034819,0.012639,0.053390,0.012639,0.224089,0,1
6d_artstein_disc_clean,55.450000,1.989733,-0.202394,2.945863,-0.340334,1.482065,0.667082,-0.013786,0.225000,0.072845,0.663236,-0.040474,0.034819,0.012639,0.053390,0.012639,0.224089,0,1
6d_artstein_disc_clean,55.500000,1.991884,-0.179997,2.949505,-0.307173,1.493315,0.667082,-0.013786,0.225000,0.065379,0.664013,-0.040474,0.034819,0.012639,0.053390,0.012639,0.224089,0,1
6d_artstein_disc_clean,55.550000,1.993783,-0.157578,2.952774,-0.273972,1.504565,0.667082,-0.013786,0.225000,0.057905,0.664707,-0.040474,0.034819,0.012639,0.053390,0.012639,0.224089,0,1
6d_artstein_disc_clean,55.600000,1.995429,-0.135138,2.955670,-0.240737,1.515815,0.667082,-0.013786,0.225000,0.050424,0.665316,-0.040474,0.034819,0.012639,0.053390,0.012639,0.224089,0,1
6d_artstein_disc_clean,55.650000,1.996823,-0.112682,2.958191,-0.207471,1.527065,0.667082,-0.013786,0.225000,0.042936,0.665841,-0.040474,0.034819,0.012639,0.053390,0.012639,0.224089,0,1
6d_artstein_disc_clean,55.700000,1.997964,-0.090211,2.960338,-0.174179,1.538315,0.667082,-0.013786,0.225000,0.035443,0.666282,-0.040474,0.034819,0.012639,0.053390,0.012639,0.224089,0,1
6d_artstein_disc_clean,55.750000,1.998853,-0.067728,2.962110,-0.140865,1.549565,0.667082,-0.013786,0.225000,0.027945,0.666639,-0.040474,0.034819,0.012639,0.053390,0.012639,0.224089,0,1
6d_artstein_disc_clean,55.800000,1.999488,-0.045237,2.963507,-0.107533,1.560815,0.667082,-0.013786,0.225000,0.020444,0.666911,-0.040474,0.034819,0.012639,0.053390,0.012639,0.224089,0,1
6d_artstein_disc_clean,55.850000,1.999871,-0.022741,2.964529,-0.074187,1.572065,0.667082,-0.013786,0.225000,0.012940,0.667099,-0.040474,0.034819,0.012639,0.053390,0.012639,0.224089,0,1
6d_artstein_disc_clean,55.900000,2.000000,-0.000241,2.965176,-0.040832,1.583315,0.667082,-0.013786,0.225000,0.005434,0.667202,-0.040474,0.034819,0.012639,0.053390,0.012639,0.224089,0,1
6d_artstein_disc_clean,55.950000,1.999876,0.022258,2.965448,-0.007472,1.594565,0.667082,-0.013786,0.225000,-0.002072,0.667221,-0.040474,0.034819,0.012639,0.053390,0.012639,0.224089,0,1
6d_artstein_disc_clean,56.000000,1.999499,0.044755,2.965344,0.025889,1.605815,0.667082,-0.013786,0.225000,-0.009578,0.667156,-0.040474,0.034819,0.012639,0.053390,0.012639,0.224089,0,1
6d_artstein_disc_clean,56.050000,1.998869,0.067246,2.964865,0.059247,1.617065,0.667082,-0.013786,0.225000,-0.017083,0.667006,-0.040474,0.034819,0.012639,0.053390,0.012639,0.224089,0,1
6d_artstein_disc_clean,56.100000,1.997986,0.089729,2.964011,0.092597,1.628315,0.667082,-0.013786,0.225000,-0.024585,0.666771,-0.040474,0.034819,0.012639,0.053390,0.012639,0.224089,0,1
6d_artstein_disc_clean,56.150000,1.996850,0.112200,2.962782,0.125936,1.639565,0.667082,-0.013786,0.225000,-0.032085,0.666452,-0.040474,0.034819,0.012639,0.053390,0.012639,0.224089,0,1
6d_artstein_disc_clean,56.200000,1.995462,0.134657,2.961178,0.159258,1.650815,0.667082,-0.013786,0.225000,-0.039580,0.666049,-0.040474,0.034819,0.012639,0.053390,0.012639,0.224089,0,1
6d_artstein_disc_clean,56.250000,1.993821,0.157097,2.959199,0.192561,1.662065,0.667082,-0.013786,0.225000,-0.047070,0.665562,-0.040474,0.034819,0.012639,0.053390,0.012639,0.224089,0,1
6d_artstein_disc_clean,56.300000,1.991927,0.179517,2.956845,0.225839,1.673315,0.667082,-0.013786,0.225000,-0.054555,0.664990,-0.040474,0.034819,0.012639,0.053390,0.012639,0.224089,0,1
6d_artstein_disc_clean,56.350000,1.989782,0.201914,2.954117,0.259088,1.684565,0.667082,-0.013786,0.225000,-0.062032,0.664334,-0.040474,0.034819,0.012639,0.053390,0.012639,0.224089,0,1
6d_artstein_disc_clean,56.400000,1.987384,0.224286,2.951016,0.292305,1.695815,0.667082,-0.013786,0.225000,-0.069502,0.663595,-0.040474,0.034819,0.012639,0.053390,0.012639,0.224089,0,1
6d_artstein_disc_clean,56.450000,1.984735,0.246629,2.947541,0.325485,1.707065,0.667082,-0.013786,0.225000,-0.076963,0.662771,-0.040474,0.034819,0.012639,0.053390,0.012639,0.224089,0,1
6d_artstein_disc_clean,56.500000,1.981835,0.268942,2.943693,0.358623,1.718315,0.667082,-0.013786,0.225000,-0.084414,0.661863,-0.040474,0.034819,0.012639,0.053390,0.012639,0.224089,0,1
6d_artstein_disc_clean,56.550000,1.978684,0.291220,2.939472,0.391717,1.729565,0.667082,-0.013786,0.225000,-0.091855,0.660871,-0.040474,0.034819,0.012639,0.053390,0.012639,0.224089,0,1
6d_artstein_disc_clean,56.600000,1.975283,0.313461,2.934879,0.424760,1.740815,0.667082,-0.013786,0.225000,-0.099283,0.659796,-0.040474,0.034819,0.012639,0.053390,0.012639,0.224089,0,1
6d_artstein_disc_clean,56.650000,1.971631,0.335663,2.929915,0.457750,1.752065,0.667082,-0.013786,0.225000,-0.106700,0.658638,-0.040474,0.034819,0.012639,0.053390,0.012639,0.224089,0,1
6d_artstein_disc_clean,56.700000,1.967731,0.357822,2.924580,0.490682,1.763315,0.667082,-0.013786,0.225000,-0.114102,0.657396,-0.040474,0.034819,0.012639,0.053390,0.012639,0.224089,0,1
6d_artstein_disc_clean,56.750000,1.963581,0.379936,2.918875,0.523552,1.774565,0.667082,-0.013786,0.225000,-0.121491,0.656070,-0.040474,0.034819,0.012639,0.053390,0.012639,0.224089,0,1
6d_artstein_disc_clean,56.800000,1.959182,0.402001,2.912800,0.556355,1.785815,0.667082,-0.013786,0.225000,-0.128864,0.654662,-0.040474,0.034819,0.012639,0.053390,0.012639,0.224089,0,1
6d_artstein_disc_clean,56.850000,1.954536,0.424016,2.906357,0.589088,1.797065,0.667082,-0.013786,0.225000,-0.136220,0.653171,-0.040474,0.034819,0.012639,0.053390,0.012639,0.224089,0,1
6d_artstein_disc_clean,56.900000,1.949642,0.445978,2.899546,0.621747,1.808315,0.667082,-0.013786,0.225000,-0.143560,0.651597,-0.040474,0.034819,0.012639,0.053390,0.012639,0.224089,0,1
6d_artstein_disc_clean,56.950000,1.944502,0.467882,2.892368,0.654327,1.819565,0.667082,-0.013786,0.225000,-0.150881,0.649941,-0.040474,0.034819,0.012639,0.053390,0.012639,0.224089,0,1
6d_artstein_disc_clean,57.000000,1.939115,0.489728,2.884824,0.686824,1.830815,0.667082,-0.013786,0.225000,-0.158183,0.648202,-0.040474,0.034819,0.012639,0.053390,0.012639,0.224089,0,1
6d_artstein_disc_clean,57.050000,1.933483,0.511512,2.876915,0.719234,1.842065,0.667082,-0.013786,0.225000,-0.165465,0.646382,-0.040474,0.034819,0.012639,0.053390,0.012639,0.224089,0,1
6d_artstein_disc_clean,57.100000,1.927606,0.533230,2.868642,0.751553,1.853315,0.667082,-0.013786,0.225000,-0.172726,0.644480,-0.040474,0.034819,0.012639,0.053390,0.012639,0.224089,0,1
6d_artstein_disc_clean,57.150000,1.921485,0.554882,2.860005,0.783777,1.864565,0.667082,-0.013786,0.225000,-0.179966,0.642496,-0.040474,0.034819,0.012639,0.053390,0.012639,0.224089,0,1
6d_artstein_disc_clean,57.200000,1.915122,0.576463,2.851007,0.815902,1.875815,0.667082,-0.013786,0.225000,-0.187182,0.640430,-0.040474,0.034819,0.012639,0.053390,0.012639,0.224089,0,1
6d_artstein_disc_clean,57.250000,1.908515,0.597971,2.841648,0.847923,1.887065,0.667082,-0.013786,0.225000,-0.194375,0.638284,-0.040474,0.034819,0.012639,0.053390,0.012639,0.224089,0,1
6d_artstein_disc_clean,57.300000,1.901667,0.619404,2.831929,0.879837,1.898315,0.667082,-0.013786,0.225000,-0.201543,0.636057,-0.040474,0.034819,0.012639,0.053390,0.012639,0.224089,0,1
6d_artstein_disc_clean,57.350000,1.894579,0.640758,2.821852,0.911640,1.909565,0.667082,-0.013786,0.225000,-0.208686,0.633750,-0.040474,0.034819,0.012639,0.053390,0.012639,0.224089,0,1
6d_artstein_disc_clean,57.400000,1.887251,0.662031,2.811418,0.943328,1.920815,0.667082,-0.013786,0.225000,-0.215802,0.631362,-0.040474,0.034819,0.012639,0.053390,0.012639,0.224089,0,1
6d_artstein_disc_clean,57.450000,1.879684,0.683220,2.800628,0.974896,1.932065,0.667082,-0.013786,0.225000,-0.222891,0.628894,-0.040474,0.034819,0.012639,0.053390,0.012639,0.224089,0,1
6d_artstein_disc_clean,57.500000,1.871879,0.704323,2.789483,1.006341,1.943315,0.667082,-0.013786,0.225000,-0.229952,0.626347,-0.040474,0.034819,0.012639,0.053390,0.012639,0.224089,0,1
6d_artstein_disc_clean,57.550000,1.863837,0.725336,2.777985,1.037658,1.954565,0.667082,-0.013786,0.225000,-0.236984,0.623720,-0.040474,0.034819,0.012639,0.053390,0.012639,0.224089,0,1
6d_artstein_disc_clean,57.600000,1.855559,0.746258,2.766136,1.068844,1.965815,0.667082,-0.013786,0.225000,-0.243986,0.621015,-0.040474,0.034819,0.012639,0.053390,0.012639,0.224089,0,1
6d_artstein_disc_clean,57.650000,1.847046,0.767086,2.753937,1.099895,1.977065,0.667082,-0.013786,0.225000,-0.250956,0.618231,-0.040474,0.034819,0.012639,0.053390,0.012639,0.224089,0,1
6d_artstein_disc_clean,57.700000,1.838300,0.787816,2.741389,1.130806,1.988315,0.667082,-0.013786,0.225000,-0.257896,0.615368,-0.040474,0.034819,0.012639,0.053390,0.012639,0.224089,0,1
6d_artstein_disc_clean,57.750000,1.829321,0.808446,2.728494,1.161575,1.999565,0.667082,-0.013786,0.225000,-0.264802,0.612428,-0.040474,0.034819,0.012639,0.053390,0.012639,0.224089,0,1
6d_artstein_disc_clean,57.800000,1.820110,0.828975,2.715254,1.192196,2.010815,0.667082,-0.013786,0.225000,-0.271675,0.609410,-0.040474,0.034819,0.012639,0.053390,0.012639,0.224089,0,1
6d_artstein_disc_clean,57.850000,1.810669,0.849398,2.701670,1.222666,2.022065,0.667082,-0.013786,0.225000,-0.278513,0.606316,-0.040474,0.034819,0.012639,0.053390,0.012639,0.224089,0,1
6d_artstein_disc_clean,57.900000,1.800999,0.869714,2.687745,1.252982,2.033315,0.667082,-0.013786,0.225000,-0.285317,0.603144,-0.040474,0.034819,0.012639,0.053390,0.012639,0.224089,0,1
6d_artstein_disc_clean,57.950000,1.791101,0.889920,2.673479,1.283139,2.044565,0.667082,-0.013786,0.225000,-0.292084,0.599896,-0.040474,0.034819,0.012639,0.053390,0.012639,0.224089,0,1
6d_artstein_disc_clean,58.000000,1.780976,0.910013,2.658875,1.313134,2.055815,0.667082,-0.013786,0.225000,-0.298814,0.596572,-0.040474,0.034819,0.012639,0.053390,0.012639,0.224089,0,1
6d_artstein_disc_clean,58.050000,1.770626,0.929991,2.643934,1.342963,2.067065,0.667082,-0.013786,0.225000,-0.305506,0.593173,-0.040474,0.034819,0.012639,0.053390,0.012639,0.224089,0,1
6d_artstein_disc_clean,58.100000,1.760052,0.949851,2.628659,1.372622,2.078315,0.667082,-0.013786,0.225000,-0.312160,0.589699,-0.040474,0.034819,0.012639,0.053390,0.012639,0.224089,0,1
6d_artstein_disc_clean,58.150000,1.749255,0.969591,2.613051,1.402106,2.089565,0.667082,-0.013786,0.225000,-0.318774,0.586149,-0.040474,0.034819,0.012639,0.053390,0.012639,0.224089,0,1
6d_artstein_disc_clean,58.200000,1.738237,0.989208,2.597112,1.431414,2.100815,0.667082,-0.013786,0.225000,-0.325348,0.582526,-0.040474,0.034819,0.012639,0.053390,0.012639,0.224089,0,1
6d_artstein_disc_clean,58.250000,1.726998,1.008701,2.580845,1.460540,2.112065,0.667082,-0.013786,0.225000,-0.331881,0.578829,-0.040474,0.034819,0.012639,0.053390,0.012639,0.224089,0,1
6d_artstein_disc_clean,58.300000,1.715541,1.028065,2.564251,1.489482,2.123315,0.667082,-0.013786,0.225000,-0.338372,0.575059,-0.040474,0.034819,0.012639,0.053390,0.012639,0.224089,0,1
6d_artstein_disc_clean,58.350000,1.703867,1.047299,2.547332,1.518235,2.134565,0.667082,-0.013786,0.225000,-0.344820,0.571216,-0.040474,0.034819,0.012639,0.053390,0.012639,0.224089,0,1
6d_artstein_disc_clean,58.400000,1.691978,1.066401,2.530091,1.546795,2.145815,0.667082,-0.013786,0.225000,-0.351224,0.567301,-0.040474,0.034819,0.012639,0.053390,0.012639,0.224089,0,1
6d_artstein_disc_clean,58.450000,1.679874,1.085368,2.512530,1.575161,2.157065,0.667082,-0.013786,0.225000,-0.357584,0.563314,-0.040474,0.034819,0.012639,0.053390,0.012639,0.224089,0,1
6d_artstein_disc_clean,58.500000,1.667557,1.104198,2.494651,1.603326,2.168315,0.667082,-0.013786,0.225000,-0.363898,0.559255,-0.040474,0.034819,0.012639,0.053390,0.012639,0.224089,0,1
6d_artstein_disc_clean,58.550000,1.655030,1.122887,2.476456,1.631289,2.179565,0.667082,-0.013786,0.225000,-0.370167,0.555126,-0.040474,0.034819,0.012639,0.053390,0.012639,0.224089,0,1
6d_artstein_disc_clean,58.600000,1.642293,1.141435,2.457947,1.659045,2.190815,0.667082,-0.013786,0.225000,-0.376388,0.550927,-0.040474,0.034819,0.012639,0.053390,0.012639,0.224089,0,1
6d_artstein_disc_clean,58.650000,1.629348,1.159838,2.439128,1.686592,2.202065,0.667082,-0.013786,0.225000,-0.382562,0.546658,-0.040474,0.034819,0.012639,0.053390,0.012639,0.224089,0,1
6d_artstein_disc_clean,58.700000,1.616197,1.178095,2.420000,1.713925,2.213315,0.667082,-0.013786,0.225000,-0.388688,0.542319,-0.040474,0.034819,0.012639,0.053390,0.012639,0.224089,0,1
6d_artstein_disc_clean,58.750000,1.602842,1.196202,2.400565,1.741040,2.224565,0.667082,-0.013786,0.225000,-0.394764,0.537912,-0.040474,0.034819,0.012639,0.053390,0.012639,0.224089,0,1
6d_artstein_disc_clean,58.800000,1.589283,1.214158,2.380827,1.767936,2.235815,0.667082,-0.013786,0.225000,-0.400790,0.533437,-0.040474,0.034819,0.012639,0.053390,0.012639,0.224089,0,1
6d_artstein_disc_clean,58.850000,1.575524,1.231960,2.360788,1.794608,2.247065,0.667082,-0.013786,0.225000,-0.406766,0.528895,-0.040474,0.034819,0.012639,0.053390,0.012639,0.224089,0,1
6d_artstein_disc_clean,58.900000,1.561565,1.249606,2.340449,1.821053,2.258315,0.667082,-0.013786,0.225000,-0.412690,0.524285,-0.040474,0.034819,0.012639,0.053390,0.012639,0.224089,0,1
6d_artstein_disc_clean,58.950000,1.547408,1.267094,2.319815,1.847267,2.269565,0.667082,-0.013786,0.225000,-0.418562,0.519609,-0.040474,0.034819,0.012639,0.053390,0.012639,0.224089,0,1
6d_artstein_disc_clean,59.000000,1.533056,1.284422,2.298887,1.873247,2.280815,0.667082,-0.013786,0.225000,-0.424381,0.514868,-0.040474,0.034819,0.012639,0.053390,0.012639,0.224089,0,1
6d_artstein_disc_clean,59.050000,1.518509,1.301587,2.277668,1.898991,2.292065,0.667082,-0.013786,0.225000,-0.430147,0.510061,-0.040474,0.034819,0.012639,0.053390,0.012639,0.224089,0,1
6d_artstein_disc_clean,59.100000,1.503771,1.318588,2.256160,1.924494,2.303315,0.667082,-0.013786,0.225000,-0.435857,0.505190,-0.040474,0.034819,0.012639,0.053390,0.012639,0.224089,0,1
6d_artstein_disc_clean,59.150000,1.488842,1.335422,2.234368,1.949753,2.314565,0.667082,-0.013786,0.225000,-0.441513,0.500254,-0.040474,0.034819,0.012639,0.053390,0.012639,0.224089,0,1
6d_artstein_disc_clean,59.200000,1.473724,1.352086,2.212292,1.974766,2.325815,0.667082,-0.013786,0.225000,-0.447113,0.495256,-0.040474,0.034819,0.012639,0.053390,0.012639,0.224089,0,1
6d_artstein_disc_clean,59.250000,1.458420,1.368580,2.189936,1.999529,2.337065,0.667082,-0.013786,0.225000,-0.452656,0.490195,-0.040474,0.034819,0.012639,0.053390,0.012639,0.224089,0,1
6d_artstein_disc_clean,59.300000,1.442932,1.384900,2.167303,2.024039,2.348315,0.667082,-0.013786,0.225000,-0.458142,0.485071,-0.040474,0.034819,0.012639,0.053390,0.012639,0.224089,0,1
6d_artstein_disc_clean,59.350000,1.427261,1.401045,2.144396,2.048292,2.359565,0.667082,-0.013786,0.225000,-0.463570,0.479887,-0.040474,0.034819,0.012639,0.053390,0.012639,0.224089,0,1
6d_artstein_disc_clean,59.400000,1.411409,1.417013,2.121218,2.072287,2.370815,0.667082,-0.013786,0.225000,-0.468939,0.474641,-0.040474,0.034819,0.012639,0.053390,0.012639,0.224089,0,1
6d_artstein_disc_clean,59.450000,1.395379,1.432801,2.097771,2.096019,2.382065,0.667082,-0.013786,0.225000,-0.474249,0.469336,-0.040474,0.034819,0.012639,0.053390,0.012639,0.224089,0,1
6d_artstein_disc_clean,59.500000,1.379172,1.448408,2.074058,2.119485,2.393315,0.667082,-0.013786,0.225000,-0.479499,0.463971,-0.040474,0.034819,0.012639,0.053390,0.012639,0.224089,0,1
6d_artstein_disc_clean,59.550000,1.362790,1.463832,2.050083,2.142684,2.404565,0.667082,-0.013786,0.225000,-0.484688,0.458547,-0.040474,0.034819,0.012639,0.053390,0.012639,0.224089,0,1
6d_artstein_disc_clean,59.600000,1.346236,1.479070,2.025849,2.165611,2.415815,0.667082,-0.013786,0.225000,-0.489816,0.453066,-0.040474,0.034819,0.012639,0.053390,0.012639,0.224089,0,1
6d_artstein_disc_clean,59.650000,1.329512,1.494121,2.001358,2.188265,2.427065,0.667082,-0.013786,0.225000,-0.494882,0.447527,-0.040474,0.034819,0.012639,0.053390,0.012639,0.224089,0,1
6d_artstein_disc_clean,59.700000,1.312619,1.508984,1.976614,2.210641,2.438315,0.667082,-0.013786,0.225000,-0.499885,0.441931,-0.040474,0.034819,0.012639,0.053390,0.012639,0.224089,0,1
6d_artstein_disc_clean,59.750000,1.295560,1.523655,1.951620,2.232737,2.449565,0.667082,-0.013786,0.225000,-0.504825,0.436279,-0.040474,0.034819,0.012639,0.053390,0.012639,0.224089,0,1
6d_artstein_disc_clean,59.800000,1.278338,1.538133,1.926379,2.254551,2.460815,0.667082,-0.013786,0.225000,-0.509701,0.430573,-0.040474,0.034819,0.012639,0.053390,0.012639,0.224089,0,1
6d_artstein_disc_clean,59.850000,1.260953,1.552417,1.900894,2.276080,2.472065,0.667082,-0.013786,0.225000,-0.514513,0.424811,-0.040474,0.034819,0.012639,0.053390,0.012639,0.224089,0,1
6d_artstein_disc_clean,59.900000,1.243409,1.566504,1.875168,2.297321,2.483315,0.667082,-0.013786,0.225000,-0.519259,0.418996,-0.040474,0.034819,0.012639,0.053390,0.012639,0.224089,0,1
6d_artstein_disc_clean,59.950000,1.225707,1.580393,1.849205,2.318270,2.494565,0.667082,-0.013786,0.225000,-0.523940,0.413128,-0.040474,0.034819,0.012639,0.053390,0.012639,0.224089,0,1
6d_artstein_disc_clean,60.000000,1.207851,1.594082,1.823008,2.338927,2.505815,0.667082,-0.013786,0.225000,-0.528555,0.407208,-0.040474,0.034819,0.012639,0.053390,0.012639,0.224089,0,1
6d_artstein_disc_clean,60.050000,1.189841,1.607569,1.796580,2.359287,2.517065,0.667082,-0.013786,0.225000,-0.533102,0.401236,-0.040474,0.034819,0.012639,0.053390,0.012639,0.224089,0,1
